{"type":"FeatureCollection","features":[{"type":"Feature","geometry":{"type":"MultiPolygon","coordinates":[[[[-119.02395,33.48817],[-119.0243,33.48791],[-119.02424,33.48764],[-119.02418,33.48778],[-119.02383,33.48778],[-119.02394,33.48761],[-119.02391,33.48776],[-119.02406,33.48774],[-119.02391,33.48756],[-119.02415,33.48757],[-119.02407,33.48747],[-119.02436,33.48759],[-119.02435,33.48739],[-119.02395,33.48747],[-119.02391,33.48755],[-119.02373,33.48724],[-119.02394,33.48736],[-119.02402,33.48719],[-119.02432,33.48712],[-119.02433,33.48691],[-119.02464,33.4868],[-119.02485,33.48686],[-119.02491,33.48703],[-119.02449,33.48709],[-119.02456,33.48729],[-119.02486,33.48729],[-119.02487,33.48751],[-119.02441,33.48764],[-119.02433,33.48781],[-119.02472,33.48784],[-119.02496,33.48765],[-119.02503,33.48791],[-119.02486,33.48779],[-119.02494,33.48805],[-119.02395,33.48817]],[[-119.0239,33.48737],[-119.02391,33.48735],[-119.02388,33.48735],[-119.0239,33.48737]],[[-119.0241,33.48735],[-119.02411,33.48723],[-119.02406,33.48726],[-119.0241,33.48735]],[[-119.02435,33.48737],[-119.02439,33.48726],[-119.02436,33.48716],[-119.02413,33.48728],[-119.02435,33.48737]],[[-119.02484,33.48792],[-119.02487,33.48793],[-119.02486,33.48791],[-119.02484,33.48792]],[[-119.02498,33.48784],[-119.02495,33.48784],[-119.02496,33.48786],[-119.02498,33.48784]]],[[[-119.02654,33.4788],[-119.02675,33.47875],[-119.02684,33.47888],[-119.02662,33.47913],[-119.02649,33.47914],[-119.02634,33.47905],[-119.02643,33.47887],[-119.02626,33.47898],[-119.02596,33.47887],[-119.02587,33.4787],[-119.02609,33.47867],[-119.02609,33.47863],[-119.02585,33.47861],[-119.02577,33.47836],[-119.02596,33.47829],[-119.02633,33.47856],[-119.02637,33.4784],[-119.02661,33.47835],[-119.02654,33.4788]],[[-119.0259,33.47856],[-119.02594,33.47856],[-119.02594,33.47853],[-119.0259,33.47856]],[[-119.02594,33.47851],[-119.02596,33.47858],[-119.02607,33.47858],[-119.02594,33.47851]],[[-119.02603,33.4784],[-119.02603,33.47842],[-119.02605,33.47842],[-119.02603,33.4784]],[[-119.02609,33.47872],[-119.02604,33.47872],[-119.02604,33.47874],[-119.02609,33.47872]],[[-119.02604,33.47885],[-119.02604,33.47887],[-119.02609,33.47887],[-119.02604,33.47885]],[[-119.02611,33.47873],[-119.02611,33.47874],[-119.02613,33.47874],[-119.02611,33.47873]],[[-119.02617,33.47882],[-119.02617,33.47878],[-119.02611,33.47878],[-119.02617,33.47882]],[[-119.02615,33.47869],[-119.02615,33.47871],[-119.02617,33.47871],[-119.02615,33.47869]],[[-119.02622,33.47874],[-119.02624,33.47873],[-119.02622,33.47873],[-119.02622,33.47874]],[[-119.02615,33.47874],[-119.02622,33.47876],[-119.02622,33.47874],[-119.02615,33.47874]],[[-119.0262,33.47871],[-119.0262,33.47873],[-119.02622,33.47873],[-119.0262,33.47871]],[[-119.02637,33.47858],[-119.02637,33.47855],[-119.02635,33.47855],[-119.02637,33.47858]],[[-119.02644,33.47844],[-119.02644,33.4784],[-119.02641,33.4784],[-119.02644,33.47844]],[[-119.02643,33.47878],[-119.02645,33.47878],[-119.02645,33.47876],[-119.02643,33.47878]],[[-119.02647,33.47882],[-119.02647,33.47878],[-119.02645,33.47878],[-119.02647,33.47882]],[[-119.02651,33.47902],[-119.02645,33.479],[-119.02643,33.47905],[-119.02651,33.47902]],[[-119.02648,33.47844],[-119.02654,33.47842],[-119.02654,33.4784],[-119.02648,33.47844]],[[-119.02646,33.47846],[-119.02648,33.47846],[-119.02648,33.47844],[-119.02646,33.47846]],[[-119.0265,33.47848],[-119.0265,33.47846],[-119.02648,33.47846],[-119.0265,33.47848]],[[-119.02648,33.47849],[-119.02646,33.47849],[-119.02646,33.47853],[-119.02648,33.47849]],[[-119.0265,33.47876],[-119.0265,33.4788],[-119.02652,33.4788],[-119.0265,33.47876]],[[-119.02656,33.47844],[-119.02652,33.47844],[-119.02652,33.47846],[-119.02656,33.47844]],[[-119.02659,33.47839],[-119.02659,33.47837],[-119.02654,33.47837],[-119.02659,33.47839]],[[-119.02656,33.4784],[-119.02656,33.47842],[-119.02659,33.47842],[-119.02656,33.4784]],[[-119.02666,33.47904],[-119.02669,33.47904],[-119.02669,33.47902],[-119.02666,33.47904]]],[[[-119.02734,33.46414],[-119.02692,33.46381],[-119.02693,33.46405],[-119.02668,33.46397],[-119.02672,33.46413],[-119.02661,33.46419],[-119.02653,33.46399],[-119.02661,33.46381],[-119.02681,33.46383],[-119.02662,33.46368],[-119.02692,33.46347],[-119.02684,33.46334],[-119.02722,33.46333],[-119.02734,33.46414]],[[-119.02678,33.46397],[-119.02681,33.46394],[-119.02668,33.46393],[-119.02678,33.46397]],[[-119.02663,33.4639],[-119.02663,33.46393],[-119.02668,33.46393],[-119.02663,33.4639]],[[-119.02694,33.46358],[-119.02698,33.46359],[-119.02701,33.4635],[-119.02694,33.46358]],[[-119.02698,33.4637],[-119.02694,33.46367],[-119.02694,33.46379],[-119.02698,33.4637]],[[-119.02707,33.46356],[-119.02705,33.46365],[-119.02709,33.46367],[-119.02707,33.46356]],[[-119.02707,33.46351],[-119.02709,33.46351],[-119.02709,33.46343],[-119.02707,33.46351]],[[-119.02713,33.46394],[-119.02715,33.46394],[-119.02715,33.46392],[-119.02713,33.46394]]],[[[-119.02771,33.46189],[-119.02752,33.46214],[-119.02773,33.46201],[-119.0278,33.46212],[-119.02777,33.46223],[-119.02788,33.46241],[-119.02784,33.46245],[-119.02805,33.46256],[-119.02788,33.46272],[-119.02839,33.46256],[-119.02843,33.46287],[-119.02789,33.46288],[-119.02817,33.46319],[-119.02843,33.46316],[-119.02832,33.46346],[-119.02774,33.46317],[-119.02771,33.46245],[-119.02758,33.46254],[-119.02743,33.46221],[-119.02745,33.46243],[-119.02721,33.46248],[-119.0274,33.4625],[-119.0274,33.46277],[-119.02727,33.46298],[-119.02732,33.46271],[-119.02708,33.46293],[-119.02717,33.46259],[-119.0268,33.46271],[-119.02704,33.4626],[-119.02678,33.4626],[-119.0268,33.46238],[-119.02663,33.46251],[-119.02653,33.46231],[-119.02672,33.46226],[-119.02666,33.46211],[-119.02683,33.46217],[-119.02677,33.46202],[-119.02716,33.46141],[-119.02757,33.4616],[-119.02771,33.46189]],[[-119.02681,33.46204],[-119.02679,33.46204],[-119.02679,33.46206],[-119.02681,33.46204]],[[-119.02687,33.46251],[-119.02687,33.46253],[-119.02689,33.46253],[-119.02689,33.46251],[-119.02687,33.46251]],[[-119.02691,33.46249],[-119.02689,33.46249],[-119.02689,33.46251],[-119.02691,33.46249]],[[-119.02702,33.46255],[-119.02702,33.46253],[-119.02693,33.46251],[-119.02691,33.46257],[-119.02702,33.46255]],[[-119.02712,33.46251],[-119.02717,33.46244],[-119.02702,33.4624],[-119.02712,33.46251]],[[-119.02717,33.46255],[-119.02719,33.46259],[-119.02723,33.46257],[-119.02717,33.46255]],[[-119.02719,33.46264],[-119.02719,33.46262],[-119.02717,33.46262],[-119.02719,33.46264]],[[-119.02719,33.46251],[-119.02721,33.46251],[-119.02721,33.4625],[-119.02719,33.46251]],[[-119.02735,33.46178],[-119.02728,33.46177],[-119.02726,33.46186],[-119.02735,33.46178]],[[-119.02726,33.46194],[-119.02728,33.46194],[-119.02728,33.46188],[-119.02726,33.46194]],[[-119.02726,33.46221],[-119.02726,33.46226],[-119.02734,33.46224],[-119.02726,33.46221]],[[-119.0273,33.46233],[-119.0273,33.46232],[-119.02728,33.46232],[-119.0273,33.46233]],[[-119.02728,33.46197],[-119.0273,33.46197],[-119.0273,33.46196],[-119.02728,33.46197]],[[-119.02732,33.46199],[-119.0273,33.46199],[-119.0273,33.46203],[-119.02732,33.46199]],[[-119.0273,33.46217],[-119.02737,33.46217],[-119.02737,33.46214],[-119.0273,33.46217]],[[-119.02733,33.46165],[-119.02733,33.46159],[-119.02731,33.46159],[-119.02733,33.46165]],[[-119.02744,33.46161],[-119.02744,33.46158],[-119.02739,33.46158],[-119.02744,33.46161]],[[-119.02741,33.46178],[-119.02739,33.46178],[-119.02739,33.46183],[-119.02741,33.46178]],[[-119.02762,33.46232],[-119.0276,33.46232],[-119.0276,33.46234],[-119.02762,33.46232]],[[-119.02773,33.46221],[-119.02775,33.46216],[-119.02769,33.46216],[-119.02773,33.46221]],[[-119.02775,33.46214],[-119.02777,33.46214],[-119.02777,33.46212],[-119.02775,33.46214]],[[-119.02779,33.4627],[-119.02775,33.46272],[-119.02775,33.46274],[-119.02779,33.4627]],[[-119.02783,33.46295],[-119.02785,33.46292],[-119.02779,33.46293],[-119.02783,33.46295]],[[-119.02785,33.46284],[-119.02781,33.46288],[-119.02792,33.46283],[-119.02785,33.46284]],[[-119.02781,33.46252],[-119.02781,33.46259],[-119.02792,33.46259],[-119.02781,33.46252]],[[-119.02794,33.46279],[-119.02792,33.46279],[-119.02792,33.46281],[-119.02794,33.46279]],[[-119.02807,33.4627],[-119.02807,33.46268],[-119.02805,33.46268],[-119.02807,33.4627]],[[-119.02808,33.46317],[-119.02808,33.46323],[-119.02815,33.46323],[-119.02808,33.46317]],[[-119.02819,33.46332],[-119.0283,33.46328],[-119.0283,33.46326],[-119.02819,33.46332]],[[-119.02817,33.46333],[-119.02819,33.46333],[-119.02819,33.46332],[-119.02817,33.46333]],[[-119.02819,33.46324],[-119.02819,33.46326],[-119.02821,33.46326],[-119.02819,33.46324]],[[-119.02826,33.46283],[-119.02824,33.46283],[-119.02824,33.46285],[-119.02826,33.46283]]],[[[-119.0342,33.45998],[-119.03401,33.46004],[-119.03407,33.46035],[-119.0337,33.46082],[-119.03341,33.46095],[-119.03319,33.46074],[-119.03322,33.46088],[-119.03217,33.46115],[-119.03197,33.4613],[-119.03209,33.46146],[-119.03178,33.46141],[-119.03191,33.46156],[-119.03161,33.46156],[-119.03174,33.46205],[-119.03189,33.46204],[-119.03212,33.46237],[-119.03186,33.4625],[-119.03252,33.46265],[-119.03229,33.46292],[-119.03255,33.4632],[-119.0325388888889,33.46320777777778],[-119.03253,33.46319],[-119.03251,33.4632],[-119.03253709677419,33.463209032258064],[-119.03215,33.46348],[-119.03231,33.46369],[-119.03216,33.46382],[-119.03218,33.46422],[-119.03238,33.46448],[-119.0322,33.46458],[-119.03254,33.46511],[-119.03239,33.46534],[-119.03283,33.46528],[-119.0329,33.46553],[-119.03258,33.46566],[-119.03231,33.46571],[-119.03202,33.46604],[-119.03181,33.46591],[-119.03174,33.46613],[-119.03147,33.46588],[-119.0313,33.46617],[-119.0315,33.46672],[-119.03117,33.46702],[-119.03092,33.46676],[-119.03096,33.46709],[-119.03086,33.46716],[-119.03059,33.4668],[-119.03071,33.46677],[-119.03069,33.46672],[-119.03046,33.46687],[-119.0302,33.46627],[-119.03003,33.46627],[-119.03011,33.46656],[-119.02989,33.4665],[-119.02978,33.46692],[-119.0301,33.46694],[-119.02993,33.46707],[-119.0298,33.46699],[-119.0298,33.46708],[-119.02974,33.46703],[-119.02954,33.46721],[-119.02943,33.46719],[-119.02923,33.46766],[-119.02895,33.46785],[-119.02908,33.4683],[-119.02881,33.46857],[-119.02897,33.46886],[-119.02855,33.46933],[-119.02868,33.4694],[-119.02843,33.47005],[-119.02866,33.47028],[-119.02893,33.47],[-119.02905,33.4702],[-119.02899,33.47038],[-119.02877,33.47039],[-119.02903,33.47056],[-119.02894,33.47063],[-119.02864,33.47066],[-119.02883,33.47116],[-119.02872,33.4713],[-119.02919,33.47134],[-119.0293,33.47145],[-119.02927,33.47137],[-119.02936,33.47134],[-119.02953,33.47141],[-119.02931,33.47161],[-119.02951,33.47174],[-119.02925,33.47186],[-119.02948,33.47184],[-119.02955,33.47199],[-119.02952,33.47213],[-119.02946,33.47211],[-119.02948,33.47222],[-119.02937,33.4722],[-119.02941,33.47226],[-119.02936,33.47236],[-119.0295,33.47229],[-119.0295,33.47251],[-119.02986,33.47257],[-119.02973,33.47277],[-119.03005,33.47286],[-119.03001,33.47306],[-119.02979,33.47311],[-119.02994,33.47333],[-119.02977,33.47331],[-119.02962,33.47316],[-119.0297,33.47333],[-119.02955,33.47329],[-119.02953,33.4734],[-119.02981,33.4736],[-119.02984,33.47411],[-119.03012,33.47418],[-119.02991,33.47443],[-119.02972,33.47437],[-119.02978,33.4746],[-119.02965,33.47457],[-119.02967,33.47449],[-119.02965,33.47449],[-119.02963,33.47444],[-119.02961,33.47444],[-119.0296,33.47459],[-119.02937,33.47461],[-119.0295,33.47479],[-119.02886,33.47523],[-119.02866,33.47526],[-119.02854,33.47505],[-119.0285,33.47526],[-119.02852,33.47497],[-119.02868,33.47508],[-119.02878,33.47492],[-119.02842,33.47458],[-119.02863,33.47456],[-119.02863,33.47421],[-119.02877,33.47426],[-119.02901,33.47384],[-119.02911,33.47393],[-119.02901,33.47429],[-119.0292,33.47419],[-119.02936,33.47432],[-119.0295,33.47416],[-119.0292,33.47417],[-119.02918,33.47393],[-119.02927,33.4739],[-119.02895,33.4737],[-119.02901,33.47361],[-119.0289,33.47361],[-119.02908,33.47341],[-119.02876,33.47317],[-119.02904,33.4731],[-119.02889,33.47305],[-119.02885,33.47293],[-119.02852,33.4731],[-119.02852,33.47264],[-119.02872,33.47287],[-119.02871,33.47249],[-119.02885,33.4724],[-119.02864,33.47238],[-119.02856,33.47147],[-119.02833,33.47138],[-119.02815,33.47173],[-119.02801,33.47164],[-119.02792,33.47102],[-119.02751,33.4706],[-119.02774,33.47053],[-119.02746,33.47038],[-119.0275,33.4695],[-119.02726,33.46939],[-119.02738,33.46916],[-119.02717,33.46929],[-119.02713,33.46885],[-119.02698,33.46882],[-119.02719,33.46845],[-119.027,33.46846],[-119.02696,33.46829],[-119.02731,33.46826],[-119.02706,33.46821],[-119.02692,33.4681],[-119.02727,33.46805],[-119.02706,33.46803],[-119.027,33.46769],[-119.02729,33.46758],[-119.02719,33.46746],[-119.02734111111111,33.467402222222226],[-119.02735,33.46742],[-119.02736,33.4674],[-119.02734692307693,33.4674],[-119.02753,33.46733],[-119.02745,33.46726],[-119.02746,33.46717],[-119.02756,33.46713],[-119.02754,33.46703],[-119.02777,33.46702],[-119.02759,33.46674],[-119.02789,33.46671],[-119.02783,33.46671],[-119.02781,33.4666],[-119.02792,33.46644],[-119.02774,33.46645],[-119.02783,33.46631],[-119.02802,33.4663],[-119.02801,33.46611],[-119.02833,33.46628],[-119.02827,33.46601],[-119.02839,33.46595],[-119.02844,33.46583],[-119.028,33.4661],[-119.02807,33.46582],[-119.02836,33.46564],[-119.02848,33.46579],[-119.02872,33.46546],[-119.029,33.46564],[-119.02902,33.46614],[-119.02832,33.46644],[-119.02888,33.46635],[-119.02905,33.46657],[-119.02949,33.46594],[-119.02929,33.46601],[-119.02928,33.46576],[-119.02939,33.46574],[-119.02938,33.46566],[-119.02928,33.46573],[-119.02892,33.46545],[-119.02898,33.46464],[-119.02867,33.46484],[-119.02824,33.46463],[-119.02853,33.46465],[-119.0285,33.46433],[-119.02874,33.46434],[-119.02842,33.46419],[-119.0286,33.46352],[-119.02908,33.46353],[-119.02909,33.46332],[-119.02907555555555,33.46331],[-119.02909,33.46331],[-119.02908,33.46328],[-119.02907104166667,33.46330687500001],[-119.02883,33.46314],[-119.02904,33.46305],[-119.02891,33.46279],[-119.02914,33.46273],[-119.02921,33.46231],[-119.02973,33.46234],[-119.02969,33.46203],[-119.03016,33.46193],[-119.0303,33.46205],[-119.03011,33.46254],[-119.0303,33.46268],[-119.03055,33.46169],[-119.03035,33.46117],[-119.03021,33.46146],[-119.03002,33.46139],[-119.0302,33.46154],[-119.02973,33.46178],[-119.0297,33.4615],[-119.02991,33.46138],[-119.02963,33.46109],[-119.02987,33.46088],[-119.02968,33.46075],[-119.02957,33.46087],[-119.02917,33.46087],[-119.02904,33.46076],[-119.02964,33.46064],[-119.02947,33.46055],[-119.02962,33.46044],[-119.02992,33.46066],[-119.02969,33.46042],[-119.02999,33.46052],[-119.02996,33.46066],[-119.03011,33.46046],[-119.03,33.46025],[-119.03022,33.46008],[-119.03048,33.45995],[-119.03088,33.46002],[-119.03071,33.45973],[-119.03023,33.45974],[-119.03017,33.45945],[-119.03058,33.45946],[-119.03067,33.45919],[-119.03084,33.4593],[-119.03076,33.45903],[-119.03093,33.45887],[-119.03108,33.45905],[-119.03109,33.45979],[-119.03125,33.45978],[-119.03137,33.4599],[-119.03132,33.45999],[-119.03147,33.45989],[-119.03142,33.45989],[-119.03143,33.4597],[-119.03155,33.45963],[-119.03146,33.45948],[-119.03168,33.4594],[-119.03158,33.45939],[-119.03134,33.45898],[-119.03147,33.45897],[-119.0316,33.45914],[-119.0317,33.45879],[-119.03126,33.45867],[-119.03168,33.45859],[-119.03179,33.45876],[-119.03176,33.45858],[-119.03228,33.45852],[-119.03247,33.45831],[-119.03281,33.45826],[-119.03291,33.45829],[-119.03291,33.45845],[-119.03312,33.45818],[-119.03348,33.45812],[-119.0336,33.45823],[-119.03358,33.4581],[-119.03421,33.45794],[-119.03485,33.45805],[-119.03494,33.45829],[-119.03459,33.45849],[-119.0342,33.45998]],[[-119.03215,33.46422],[-119.03217,33.46424],[-119.03218,33.46422],[-119.03215,33.46422]],[[-119.0318,33.46589],[-119.03179,33.4659],[-119.03181,33.46591],[-119.0318,33.46589]],[[-119.02929,33.47159],[-119.02929,33.47161],[-119.02931,33.47161],[-119.02929,33.47159]],[[-119.0296,33.47314],[-119.0296,33.47316],[-119.02962,33.47316],[-119.0296,33.47314]],[[-119.02958,33.47311],[-119.02958,33.47316],[-119.0296,33.47314],[-119.02958,33.47311]],[[-119.02729,33.46807],[-119.02729,33.46805],[-119.02727,33.46805],[-119.02729,33.46807]],[[-119.02731,33.46811],[-119.02732,33.46807],[-119.02729,33.46807],[-119.02731,33.46811]],[[-119.02734,33.46805],[-119.02732,33.46805],[-119.02732,33.46807],[-119.02734,33.46805]],[[-119.03073,33.45969],[-119.03071,33.45969],[-119.03071,33.45973],[-119.03073,33.45969]],[[-119.03086,33.45933],[-119.03086,33.4593],[-119.03084,33.4593],[-119.03086,33.45933]],[[-119.02705,33.46845],[-119.02707,33.46845],[-119.02706,33.46843],[-119.02705,33.46845]],[[-119.0271,33.46767],[-119.02705,33.46776],[-119.02725,33.4678],[-119.0271,33.46767]],[[-119.02712,33.46811],[-119.0271,33.46817],[-119.02718,33.46813],[-119.02712,33.46811]],[[-119.02715,33.4678],[-119.02715,33.46783],[-119.02717,33.46782],[-119.02715,33.4678]],[[-119.02725,33.46828],[-119.02725,33.46829],[-119.02727,33.46829],[-119.02725,33.46828]],[[-119.02728,33.46764],[-119.02728,33.46762],[-119.02726,33.46762],[-119.02728,33.46764]],[[-119.02726,33.46768],[-119.02728,33.46767],[-119.02726,33.46767],[-119.02726,33.46768]],[[-119.02733,33.46748],[-119.02732,33.46748],[-119.02732,33.46749],[-119.02733,33.46748]],[[-119.02749,33.46941],[-119.02745,33.46939],[-119.02753,33.46947],[-119.02749,33.46941]],[[-119.02747,33.46737],[-119.0275,33.46739],[-119.0275,33.46737],[-119.02747,33.46737]],[[-119.02748,33.46719],[-119.02748,33.46721],[-119.02753,33.4672],[-119.02748,33.46719]],[[-119.02754,33.46741],[-119.02753,33.46739],[-119.02752,33.46739],[-119.02754,33.46741]],[[-119.02757,33.47038],[-119.02754,33.47038],[-119.02754,33.4704],[-119.02757,33.47038]],[[-119.02758,33.46947],[-119.02756,33.46946],[-119.02756,33.46948],[-119.02758,33.46947]],[[-119.02763,33.47032],[-119.0276,33.47033],[-119.02763,33.4704],[-119.02763,33.47032]],[[-119.02763,33.4706],[-119.02762,33.4706],[-119.02763,33.47062],[-119.02763,33.4706]],[[-119.02768,33.47038],[-119.02767,33.47038],[-119.02767,33.4704],[-119.02768,33.47038]],[[-119.02783,33.46665],[-119.02785,33.46665],[-119.02785,33.46663],[-119.02783,33.46665]],[[-119.0279,33.46633],[-119.0279,33.46631],[-119.02789,33.4664],[-119.02796,33.46636],[-119.02794,33.46633],[-119.02792,33.46633],[-119.0279,33.46633]],[[-119.02805,33.4716],[-119.02805,33.47158],[-119.02802,33.47158],[-119.02805,33.4716]],[[-119.02809,33.47167],[-119.02807,33.47162],[-119.02806,33.47163],[-119.02807,33.47163],[-119.02807,33.47165],[-119.02809,33.47167]],[[-119.02816,33.46652],[-119.02813,33.46656],[-119.0283,33.46653],[-119.02816,33.46652]],[[-119.02816,33.46591],[-119.02814,33.46591],[-119.02814,33.46595],[-119.02816,33.46591]],[[-119.02854,33.47054],[-119.02849,33.47039],[-119.0284,33.47059],[-119.02877,33.47056],[-119.02854,33.47054]],[[-119.02845,33.47008],[-119.02841,33.47007],[-119.02841,33.4701],[-119.02845,33.47008]],[[-119.02849,33.47085],[-119.02861,33.47085],[-119.02866,33.47072],[-119.02849,33.47085]],[[-119.02849,33.47068],[-119.02855,33.47068],[-119.02855,33.47066],[-119.02849,33.47068]],[[-119.02851,33.47021],[-119.02854,33.47021],[-119.02854,33.47018],[-119.02851,33.47021]],[[-119.02855,33.46472],[-119.02854,33.46474],[-119.02856,33.46474],[-119.02855,33.46472]],[[-119.02862,33.47066],[-119.02864,33.47063],[-119.02857,33.47061],[-119.02862,33.47066]],[[-119.02859,33.4696],[-119.0286,33.4696],[-119.02857,33.46958],[-119.02859,33.4696]],[[-119.02859,33.47119],[-119.02861,33.47122],[-119.02863,33.47113],[-119.02859,33.47119]],[[-119.02857,33.4712],[-119.02859,33.4712],[-119.02859,33.47119],[-119.02857,33.4712]],[[-119.02859,33.47122],[-119.02859,33.47124],[-119.02861,33.47124],[-119.02861,33.47122],[-119.02859,33.47122]],[[-119.02865,33.47111],[-119.02863,33.47111],[-119.02863,33.47113],[-119.02865,33.47111]],[[-119.02858,33.46626],[-119.02858,33.46628],[-119.02863,33.4663],[-119.02858,33.46626]],[[-119.0286,33.47046],[-119.0286,33.47048],[-119.02862,33.47048],[-119.0286,33.47046]],[[-119.0286,33.4703],[-119.02864,33.4703],[-119.02864,33.47028],[-119.0286,33.4703]],[[-119.02869,33.47148],[-119.02871,33.47144],[-119.02865,33.47146],[-119.02869,33.47148]],[[-119.02875,33.47036],[-119.02875,33.47034],[-119.02873,33.47034],[-119.02875,33.47036]],[[-119.02869,33.47032],[-119.02868,33.47036],[-119.02873,33.47034],[-119.02869,33.47032]],[[-119.02866,33.4703],[-119.02866,33.47032],[-119.02869,33.47032],[-119.02866,33.4703]],[[-119.0287,33.47122],[-119.0287,33.47124],[-119.02872,33.47124],[-119.0287,33.47122]],[[-119.02867,33.47126],[-119.0287,33.47126],[-119.0287,33.47124],[-119.02867,33.47126]],[[-119.0288,33.46384],[-119.0288,33.46377],[-119.02868,33.46377],[-119.0288,33.46384]],[[-119.02869,33.46621],[-119.02884,33.46619],[-119.02884,33.46617],[-119.02869,33.46621]],[[-119.0287,33.47512],[-119.02873,33.47509],[-119.0287,33.47508],[-119.0287,33.47512]],[[-119.02876,33.46369],[-119.02872,33.46369],[-119.02872,33.46372],[-119.02876,33.46369]],[[-119.02875,33.47027],[-119.02875,33.47025],[-119.02873,33.47025],[-119.02875,33.47027]],[[-119.02873,33.47038],[-119.02873,33.47039],[-119.02875,33.47039],[-119.02873,33.47038]],[[-119.02876,33.47146],[-119.02876,33.47149],[-119.0288,33.47148],[-119.02876,33.47146]],[[-119.02874,33.47144],[-119.02874,33.47146],[-119.02876,33.47146],[-119.02874,33.47144]],[[-119.02878,33.47137],[-119.02878,33.47133],[-119.02874,33.47134],[-119.02878,33.47137]],[[-119.02876,33.47142],[-119.02876,33.4714],[-119.02874,33.4714],[-119.02876,33.47142]],[[-119.02875,33.47291],[-119.02874,33.47294],[-119.02879,33.47293],[-119.02875,33.47291]],[[-119.02876,33.47115],[-119.02876,33.47117],[-119.02878,33.47117],[-119.02876,33.47115]],[[-119.02895,33.47272],[-119.02891,33.47268],[-119.02882,33.47269],[-119.02876,33.47285],[-119.02895,33.47272]],[[-119.02879,33.4725],[-119.02878,33.47251],[-119.02879,33.47251],[-119.02879,33.4725]],[[-119.02881,33.47264],[-119.02881,33.47263],[-119.02879,33.47263],[-119.02881,33.47264]],[[-119.02887,33.4726],[-119.02887,33.47261],[-119.02888,33.47261],[-119.02887,33.4726]],[[-119.0289,33.47014],[-119.02888,33.47014],[-119.02888,33.47016],[-119.0289,33.47014]],[[-119.02895,33.47148],[-119.02895,33.47144],[-119.02889,33.47146],[-119.02895,33.47148]],[[-119.02889,33.47151],[-119.02889,33.47153],[-119.0289,33.47151],[-119.02889,33.47151]],[[-119.02889,33.46462],[-119.02898,33.4646],[-119.02893,33.46447],[-119.02889,33.46462]],[[-119.02892,33.47018],[-119.02892,33.47016],[-119.0289,33.47016],[-119.02892,33.47018]],[[-119.0289,33.47032],[-119.0289,33.47036],[-119.02892,33.47036],[-119.0289,33.47032]],[[-119.02894,33.47023],[-119.02894,33.47022],[-119.02892,33.47022],[-119.02894,33.47023]],[[-119.02892,33.4702],[-119.0289,33.4702],[-119.02892,33.47022],[-119.02892,33.4702]],[[-119.02891,33.47301],[-119.02893,33.47301],[-119.02893,33.47299],[-119.02891,33.47301]],[[-119.02891,33.47135],[-119.02893,33.47135],[-119.02893,33.47133],[-119.02891,33.47135]],[[-119.02894,33.47031],[-119.02892,33.47031],[-119.02892,33.47032],[-119.02894,33.47031]],[[-119.02894,33.47056],[-119.02894,33.47058],[-119.02896,33.47058],[-119.02894,33.47056]],[[-119.02906,33.47155],[-119.02904,33.47146],[-119.02895,33.47151],[-119.02906,33.47155]],[[-119.02895,33.47011],[-119.02897,33.47011],[-119.02897,33.47009],[-119.02895,33.47011]],[[-119.02898,33.46356],[-119.02898,33.46354],[-119.02896,33.46355],[-119.02898,33.46356]],[[-119.02899,33.47144],[-119.02899,33.47146],[-119.02902,33.47146],[-119.02899,33.47144]],[[-119.02897,33.47142],[-119.02897,33.47144],[-119.02899,33.47144],[-119.02897,33.47142]],[[-119.02905,33.47262],[-119.029,33.47263],[-119.02899,33.47267],[-119.02915,33.47262],[-119.02905,33.47262]],[[-119.02902,33.47139],[-119.02899,33.47139],[-119.02899,33.47141],[-119.02902,33.47139]],[[-119.029,33.47276],[-119.02899,33.47276],[-119.02899,33.47278],[-119.029,33.47276]],[[-119.02904,33.47478],[-119.02904,33.47477],[-119.029,33.47474],[-119.02904,33.47478]],[[-119.02902,33.47487],[-119.02903,33.47483],[-119.029,33.47485],[-119.02902,33.47487]],[[-119.02903,33.47164],[-119.02903,33.47166],[-119.02905,33.47164],[-119.02903,33.47164]],[[-119.02903,33.47397],[-119.02903,33.47395],[-119.02901,33.47395],[-119.02903,33.47397]],[[-119.02903,33.47366],[-119.02903,33.47364],[-119.02901,33.47364],[-119.02903,33.47366]],[[-119.02902,33.47277],[-119.02902,33.47278],[-119.02905,33.47278],[-119.02902,33.47277]],[[-119.02902,33.47298],[-119.02902,33.47299],[-119.02906,33.47299],[-119.02902,33.47298]],[[-119.02902,33.46769],[-119.02906,33.46773],[-119.02908,33.4677],[-119.02902,33.46769]],[[-119.02904,33.47305],[-119.02902,33.47305],[-119.02902,33.47308],[-119.02904,33.47305]],[[-119.02904,33.47323],[-119.02904,33.47321],[-119.02902,33.47321],[-119.02904,33.47323]],[[-119.02906,33.4733],[-119.02906,33.47327],[-119.02902,33.47327],[-119.02906,33.4733]],[[-119.02904,33.46325],[-119.02903,33.46327],[-119.02905,33.46326],[-119.02904,33.46325]],[[-119.02903,33.47359],[-119.02903,33.47363],[-119.02908,33.47361],[-119.02908,33.47359],[-119.02903,33.47359]],[[-119.02916,33.47357],[-119.02908,33.47352],[-119.02908,33.47359],[-119.02916,33.47357]],[[-119.0291,33.47305],[-119.0291,33.47301],[-119.02904,33.47303],[-119.0291,33.47305]],[[-119.02904,33.47276],[-119.02906,33.47276],[-119.02906,33.47274],[-119.02904,33.47276]],[[-119.02907,33.47395],[-119.02905,33.47395],[-119.02905,33.47397],[-119.02907,33.47395]],[[-119.02912,33.47364],[-119.02914,33.47363],[-119.02912,33.47363],[-119.02912,33.47364]],[[-119.02905,33.47364],[-119.02907,33.47368],[-119.02912,33.47364],[-119.02905,33.47364]],[[-119.0291,33.47361],[-119.0291,33.47363],[-119.02912,33.47363],[-119.0291,33.47361]],[[-119.02906,33.47488],[-119.02908,33.47488],[-119.02908,33.47486],[-119.02906,33.47488]],[[-119.02906,33.47143],[-119.02906,33.47144],[-119.02908,33.47144],[-119.02906,33.47143]],[[-119.02906,33.46313],[-119.02911,33.46314],[-119.02918,33.46308],[-119.02906,33.46313]],[[-119.02908,33.47152],[-119.02908,33.4715],[-119.02906,33.4715],[-119.02908,33.47152]],[[-119.02906,33.47162],[-119.02908,33.47163],[-119.02913,33.47162],[-119.0291,33.47157],[-119.02919,33.47148],[-119.02908,33.47157],[-119.02906,33.47162]],[[-119.02909,33.47281],[-119.02908,33.47282],[-119.02911,33.47281],[-119.02909,33.47281]],[[-119.0291,33.47283],[-119.02911,33.47283],[-119.02911,33.47281],[-119.0291,33.47283]],[[-119.02915,33.47285],[-119.02915,33.47283],[-119.02911,33.47283],[-119.02915,33.47285]],[[-119.0291,33.47492],[-119.02908,33.47491],[-119.02908,33.47496],[-119.0291,33.47492]],[[-119.0291,33.4735],[-119.0291,33.47348],[-119.02908,33.47348],[-119.0291,33.4735]],[[-119.02912,33.46661],[-119.02912,33.46657],[-119.02908,33.46659],[-119.02912,33.46661]],[[-119.0291,33.47332],[-119.02921,33.47318],[-119.0291,33.47314],[-119.0291,33.47332]],[[-119.02908,33.47312],[-119.02908,33.47314],[-119.0291,33.47314],[-119.02908,33.47312]],[[-119.02908,33.46765],[-119.02908,33.46767],[-119.0291,33.46767],[-119.02908,33.46765]],[[-119.0291,33.47341],[-119.02912,33.4735],[-119.02921,33.47347],[-119.0291,33.47341]],[[-119.02912,33.46655],[-119.02912,33.46654],[-119.0291,33.46654],[-119.02912,33.46655]],[[-119.0292,33.47254],[-119.0292,33.47251],[-119.02911,33.47251],[-119.0292,33.47254]],[[-119.02912,33.46678],[-119.02925,33.4667],[-119.02917,33.46658],[-119.02912,33.46678]],[[-119.02912,33.47139],[-119.02912,33.47143],[-119.02915,33.47143],[-119.02912,33.47139]],[[-119.02918,33.46296],[-119.02927,33.46293],[-119.02927,33.46284],[-119.02912,33.46281],[-119.02918,33.46296]],[[-119.02916,33.47157],[-119.02917,33.47155],[-119.02914,33.47155],[-119.02916,33.47157]],[[-119.02914,33.47332],[-119.02916,33.47332],[-119.02917,33.4733],[-119.02914,33.47332]],[[-119.02914,33.47161],[-119.02914,33.47162],[-119.02916,33.47162],[-119.02914,33.47161]],[[-119.02914,33.4737],[-119.02918,33.4737],[-119.02916,33.47366],[-119.02914,33.4737]],[[-119.02914,33.47374],[-119.02914,33.47375],[-119.02916,33.47375],[-119.02914,33.47374]],[[-119.02917,33.46078],[-119.02915,33.46078],[-119.02915,33.4608],[-119.02917,33.46078]],[[-119.02915,33.47291],[-119.02915,33.47292],[-119.02917,33.47292],[-119.02915,33.47291]],[[-119.02919,33.4728],[-119.02919,33.47278],[-119.02917,33.47278],[-119.02919,33.4728]],[[-119.02917,33.47301],[-119.02919,33.47301],[-119.02919,33.47298],[-119.02917,33.47301]],[[-119.02917,33.47265],[-119.02919,33.47265],[-119.02919,33.47264],[-119.02917,33.47265]],[[-119.02917,33.46745],[-119.02919,33.46748],[-119.02924,33.46748],[-119.02917,33.46745]],[[-119.02919,33.47337],[-119.02919,33.47339],[-119.02921,33.47337],[-119.02919,33.47337]],[[-119.02923,33.47328],[-119.02917,33.47328],[-119.02921,33.47337],[-119.02923,33.47328]],[[-119.02917,33.4731],[-119.02919,33.4731],[-119.02919,33.47309],[-119.02917,33.4731]],[[-119.02919,33.47294],[-119.02917,33.47294],[-119.02917,33.47296],[-119.02919,33.47294]],[[-119.0292,33.47486],[-119.02922,33.47483],[-119.02919,33.47484],[-119.0292,33.47486]],[[-119.02921,33.47152],[-119.02919,33.47152],[-119.02919,33.47153],[-119.02921,33.47152]],[[-119.02928,33.47296],[-119.02928,33.47292],[-119.02926,33.47292],[-119.02928,33.47296]],[[-119.02919,33.47289],[-119.02919,33.47292],[-119.02926,33.47292],[-119.02919,33.47289]],[[-119.0292,33.46276],[-119.02919,33.46278],[-119.02921,33.46278],[-119.0292,33.46276]],[[-119.02919,33.47285],[-119.02919,33.47287],[-119.02921,33.47287],[-119.02919,33.47285]],[[-119.02922,33.47427],[-119.02923,33.47423],[-119.0292,33.47424],[-119.02922,33.47427]],[[-119.02923,33.47164],[-119.02921,33.47164],[-119.02921,33.47175],[-119.02923,33.47164]],[[-119.02923,33.47157],[-119.02923,33.47155],[-119.02921,33.47155],[-119.02923,33.47157]],[[-119.02925,33.47307],[-119.02925,33.47309],[-119.02928,33.47309],[-119.02925,33.47307]],[[-119.02921,33.47301],[-119.02921,33.47305],[-119.02925,33.47307],[-119.02921,33.47301]],[[-119.02923,33.46663],[-119.02922,33.46665],[-119.02925,33.46663],[-119.02923,33.46663]],[[-119.02929,33.46657],[-119.02923,33.46657],[-119.02925,33.46663],[-119.02929,33.46657]],[[-119.0293,33.47258],[-119.02924,33.47256],[-119.02922,33.47265],[-119.0293,33.47258]],[[-119.02923,33.47144],[-119.02923,33.47146],[-119.02925,33.47146],[-119.02923,33.47144]],[[-119.02956,33.47298],[-119.02936,33.47294],[-119.02953,33.47305],[-119.0294,33.47312],[-119.02936,33.47303],[-119.02936,33.47311],[-119.02927,33.47312],[-119.02923,33.47319],[-119.02938,33.47327],[-119.02938,33.47339],[-119.02945,33.47321],[-119.02936,33.47318],[-119.02955,33.47314],[-119.02956,33.47298]],[[-119.02927,33.47184],[-119.02927,33.47182],[-119.02923,33.47183],[-119.02923,33.47186],[-119.02927,33.47184]],[[-119.02927,33.47377],[-119.02938,33.47372],[-119.02929,33.47359],[-119.02942,33.47345],[-119.02923,33.47341],[-119.02927,33.4737],[-119.02927,33.47377]],[[-119.02924,33.47481],[-119.0293,33.47478],[-119.0293,33.47477],[-119.02924,33.47481]],[[-119.02927,33.47159],[-119.02927,33.47157],[-119.02925,33.47157],[-119.02927,33.47159]],[[-119.02927,33.46666],[-119.02925,33.46666],[-119.02925,33.46668],[-119.02927,33.46666]],[[-119.02927,33.47164],[-119.02925,33.47164],[-119.02925,33.47168],[-119.02927,33.47164]],[[-119.02928,33.47247],[-119.02926,33.47247],[-119.02926,33.47251],[-119.02928,33.47247]],[[-119.02935,33.4741],[-119.02935,33.47409],[-119.02933,33.47409],[-119.02935,33.4741]],[[-119.02931,33.47404],[-119.02926,33.47412],[-119.02933,33.47409],[-119.02931,33.47404]],[[-119.02927,33.47338],[-119.02929,33.47338],[-119.02929,33.47336],[-119.02927,33.47338]],[[-119.02935,33.47383],[-119.02935,33.47381],[-119.02927,33.47379],[-119.02935,33.47383]],[[-119.0293,33.47146],[-119.02927,33.47146],[-119.02927,33.47148],[-119.0293,33.47146]],[[-119.02934,33.47305],[-119.02928,33.4731],[-119.02932,33.47311],[-119.02934,33.47305]],[[-119.02934,33.47152],[-119.02934,33.4715],[-119.02929,33.47148],[-119.02934,33.47152]],[[-119.02931,33.47401],[-119.02929,33.47402],[-119.02931,33.47402],[-119.02931,33.47401]],[[-119.02932,33.47332],[-119.02932,33.4733],[-119.02929,33.4733],[-119.02932,33.47332]],[[-119.02943,33.47276],[-119.02942,33.47269],[-119.02932,33.47269],[-119.0293,33.47285],[-119.02949,33.47276],[-119.02945,33.47276],[-119.02943,33.47276]],[[-119.02933,33.46556],[-119.02932,33.46558],[-119.02935,33.46558],[-119.02933,33.46556]],[[-119.0293,33.46558],[-119.0293,33.4656],[-119.02932,33.46558],[-119.0293,33.46558]],[[-119.02931,33.47247],[-119.02932,33.47246],[-119.0293,33.47246],[-119.02931,33.47247]],[[-119.02932,33.47298],[-119.02936,33.47298],[-119.02936,33.47296],[-119.02932,33.47298]],[[-119.02938,33.47145],[-119.02938,33.47143],[-119.02936,33.47143],[-119.02938,33.47145]],[[-119.02936,33.47139],[-119.02934,33.47139],[-119.02936,33.47143],[-119.02936,33.47139]],[[-119.02934,33.47137],[-119.02932,33.47137],[-119.02934,33.47139],[-119.02934,33.47137]],[[-119.02935,33.47365],[-119.02935,33.47361],[-119.02933,33.47361],[-119.02935,33.47365]],[[-119.02933,33.47388],[-119.02933,33.4739],[-119.02935,33.4739],[-119.02933,33.47388]],[[-119.02933,33.47242],[-119.02933,33.47244],[-119.02935,33.47242],[-119.02933,33.47242]],[[-119.02939,33.47251],[-119.02937,33.47251],[-119.02939,33.47252],[-119.02939,33.47251]],[[-119.02935,33.47251],[-119.02937,33.47253],[-119.02937,33.47251],[-119.02935,33.47251]],[[-119.02935,33.47249],[-119.02933,33.47249],[-119.02933,33.47252],[-119.02935,33.47251],[-119.02935,33.47249]],[[-119.02936,33.46579],[-119.02936,33.46578],[-119.02934,33.46578],[-119.02936,33.46579]],[[-119.02934,33.47146],[-119.02936,33.47146],[-119.02936,33.47145],[-119.02934,33.47146]],[[-119.02937,33.47246],[-119.02935,33.47246],[-119.02935,33.47247],[-119.02937,33.47246]],[[-119.02943,33.46563],[-119.02941,33.4656],[-119.02935,33.46562],[-119.02943,33.46563]],[[-119.02935,33.47224],[-119.02935,33.47226],[-119.02937,33.47226],[-119.02935,33.47224]],[[-119.02938,33.47404],[-119.02938,33.47403],[-119.02937,33.47403],[-119.02938,33.47404]],[[-119.02941,33.47406],[-119.02937,33.4741],[-119.02939,33.4741],[-119.02941,33.47406]],[[-119.02938,33.47363],[-119.02938,33.47367],[-119.0294,33.47367],[-119.02938,33.47363]],[[-119.0294,33.47186],[-119.02938,33.47188],[-119.02942,33.47191],[-119.0294,33.47186]],[[-119.02941,33.47265],[-119.02939,33.47265],[-119.02939,33.47267],[-119.02941,33.47265]],[[-119.02946,33.47403],[-119.02939,33.47404],[-119.02944,33.47404],[-119.02946,33.47403]],[[-119.0294,33.47352],[-119.0294,33.47359],[-119.02942,33.47359],[-119.0294,33.47352]],[[-119.0294,33.47339],[-119.0294,33.47341],[-119.02942,33.47341],[-119.0294,33.47339]],[[-119.02941,33.47252],[-119.02943,33.47251],[-119.02941,33.47251],[-119.02941,33.47252]],[[-119.02941,33.47264],[-119.02945,33.47264],[-119.02948,33.47257],[-119.02941,33.47264]],[[-119.02946,33.47303],[-119.02943,33.47303],[-119.02943,33.47305],[-119.02946,33.47303]],[[-119.02944,33.4735],[-119.02944,33.47352],[-119.02946,33.47352],[-119.02944,33.4735]],[[-119.02944,33.47345],[-119.02949,33.47343],[-119.02949,33.47341],[-119.02944,33.47345]],[[-119.02946,33.47361],[-119.02946,33.47358],[-119.02944,33.47358],[-119.02946,33.47361]],[[-119.02945,33.47235],[-119.02946,33.47235],[-119.02946,33.47234],[-119.02945,33.47235]],[[-119.02949,33.46077],[-119.02949,33.46075],[-119.02947,33.46075],[-119.02949,33.46077]],[[-119.02947,33.46069],[-119.02945,33.46069],[-119.02947,33.46075],[-119.02947,33.46069]],[[-119.02945,33.46573],[-119.02947,33.46575],[-119.02946,33.46572],[-119.02945,33.46573]],[[-119.02947,33.47321],[-119.02949,33.47321],[-119.02949,33.4732],[-119.02947,33.47321]],[[-119.02952,33.46715],[-119.02952,33.46717],[-119.02954,33.46717],[-119.02952,33.46715]],[[-119.02951,33.46713],[-119.02948,33.46713],[-119.02952,33.46715],[-119.02951,33.46713]],[[-119.02948,33.46712],[-119.02947,33.46712],[-119.02948,33.46713],[-119.02948,33.46712]],[[-119.02949,33.46587],[-119.0295,33.46587],[-119.02949,33.46585],[-119.02949,33.46587]],[[-119.02951,33.46584],[-119.02949,33.46584],[-119.02949,33.46585],[-119.02951,33.46584]],[[-119.02951,33.4608],[-119.02949,33.4608],[-119.02949,33.46082],[-119.02951,33.4608]],[[-119.02952,33.46712],[-119.02955,33.4671],[-119.0295,33.46707],[-119.02952,33.46712]],[[-119.0296,33.47258],[-119.0295,33.47257],[-119.02952,33.47262],[-119.0296,33.47258]],[[-119.0295,33.4721],[-119.02952,33.4721],[-119.02952,33.47209],[-119.0295,33.4721]],[[-119.02952,33.47208],[-119.0295,33.47208],[-119.02952,33.47209],[-119.02952,33.47208]],[[-119.02954,33.47293],[-119.02956,33.47293],[-119.02956,33.47289],[-119.02954,33.47293]],[[-119.02951,33.47294],[-119.02954,33.47294],[-119.02954,33.47293],[-119.02951,33.47294]],[[-119.02951,33.47332],[-119.02951,33.47334],[-119.02953,33.47334],[-119.02951,33.47332]],[[-119.02952,33.46591],[-119.02951,33.46589],[-119.02951,33.46591],[-119.02952,33.46591]],[[-119.02952,33.47454],[-119.02953,33.47457],[-119.02955,33.47457],[-119.02952,33.47454]],[[-119.02952,33.47278],[-119.02954,33.47278],[-119.02956,33.47271],[-119.02952,33.47278]],[[-119.02953,33.47358],[-119.02953,33.47359],[-119.02959,33.47359],[-119.02953,33.47358]],[[-119.02955,33.47323],[-119.02955,33.4732],[-119.02953,33.4732],[-119.02955,33.47323]],[[-119.02953,33.47365],[-119.02957,33.47367],[-119.02957,33.47365],[-119.02953,33.47365]],[[-119.02959,33.47368],[-119.02959,33.47367],[-119.02957,33.47367],[-119.02959,33.47368]],[[-119.02961,33.47361],[-119.02957,33.47361],[-119.02957,33.47365],[-119.02961,33.47361]],[[-119.02958,33.46055],[-119.02956,33.46055],[-119.02956,33.46057],[-119.02958,33.46055]],[[-119.02957,33.47356],[-119.02959,33.47356],[-119.02959,33.47354],[-119.02957,33.47356]],[[-119.02957,33.47432],[-119.02957,33.4744],[-119.02961,33.47438],[-119.02961,33.47433],[-119.02957,33.47432]],[[-119.02957,33.4745],[-119.0296,33.47452],[-119.0296,33.47447],[-119.02957,33.4745]],[[-119.02964,33.47428],[-119.02959,33.47423],[-119.02958,33.47432],[-119.02964,33.47428]],[[-119.02963,33.47262],[-119.02965,33.47266],[-119.02965,33.47262],[-119.02963,33.47262]],[[-119.02963,33.4726],[-119.0296,33.4726],[-119.02963,33.47262],[-119.02963,33.4726]],[[-119.02964,33.47282],[-119.02964,33.4728],[-119.02962,33.4728],[-119.02964,33.47282]],[[-119.02963,33.47383],[-119.02968,33.47383],[-119.02968,33.47381],[-119.02963,33.47383]],[[-119.02966,33.47298],[-119.02964,33.47298],[-119.02964,33.473],[-119.02966,33.47298]],[[-119.02966,33.46699],[-119.02974,33.46695],[-119.02969,33.46697],[-119.02966,33.46699]],[[-119.02967,33.47269],[-119.02969,33.47269],[-119.02969,33.47268],[-119.02967,33.47269]],[[-119.0297,33.47318],[-119.02968,33.47318],[-119.02968,33.4732],[-119.0297,33.47318]],[[-119.02969,33.47275],[-119.02971,33.47275],[-119.02971,33.47273],[-119.02969,33.47275]],[[-119.02973,33.47295],[-119.02973,33.47293],[-119.02971,33.47293],[-119.02973,33.47295]],[[-119.02969,33.47291],[-119.02969,33.47293],[-119.02971,33.47293],[-119.02969,33.47291]],[[-119.02973,33.473],[-119.02971,33.473],[-119.02971,33.47302],[-119.02973,33.473]],[[-119.02981,33.46066],[-119.02971,33.46066],[-119.02986,33.46081],[-119.02981,33.46066]],[[-119.02973,33.47296],[-119.02971,33.47296],[-119.02971,33.47298],[-119.02973,33.47296]],[[-119.02972,33.46699],[-119.02974,33.46699],[-119.02974,33.46698],[-119.02972,33.46699]],[[-119.02975,33.47262],[-119.02973,33.47266],[-119.0298,33.47266],[-119.02975,33.47262]],[[-119.02978,33.46699],[-119.02976,33.46699],[-119.02976,33.46703],[-119.02978,33.46699]],[[-119.02977,33.47284],[-119.02979,33.47284],[-119.02979,33.47282],[-119.02977,33.47284]],[[-119.03002,33.46145],[-119.02982,33.46154],[-119.02984,33.4616],[-119.03002,33.46145]],[[-119.02982,33.46152],[-119.0298,33.46154],[-119.02982,33.46154],[-119.02982,33.46152]],[[-119.02984,33.47298],[-119.02981,33.47298],[-119.02981,33.47302],[-119.02984,33.47298]],[[-119.02983,33.47307],[-119.02983,33.47309],[-119.02986,33.47309],[-119.02983,33.47307]],[[-119.0299,33.47291],[-119.0299,33.47289],[-119.02988,33.47289],[-119.0299,33.47291]],[[-119.02997,33.47295],[-119.02999,33.47295],[-119.02999,33.47293],[-119.02997,33.47295]],[[-119.02994,33.47297],[-119.02996,33.47297],[-119.02997,33.47295],[-119.02994,33.47297]],[[-119.02999,33.47298],[-119.02999,33.47297],[-119.02996,33.47297],[-119.02999,33.47298]],[[-119.02994,33.47291],[-119.02994,33.47293],[-119.02997,33.47293],[-119.02994,33.47291]],[[-119.03003,33.46144],[-119.03004,33.46142],[-119.03001,33.46143],[-119.03003,33.46144]],[[-119.03004,33.46024],[-119.03003,33.46026],[-119.03006,33.46026],[-119.03004,33.46024]],[[-119.03008,33.46034],[-119.03008,33.46036],[-119.0301,33.46034],[-119.03008,33.46034]],[[-119.0301,33.46036],[-119.03012,33.46034],[-119.0301,33.46034],[-119.0301,33.46036]],[[-119.03028,33.46023],[-119.03033,33.46036],[-119.03052,33.46018],[-119.03028,33.46023]],[[-119.0303,33.45958],[-119.0303,33.4596],[-119.03032,33.4596],[-119.0303,33.45958]],[[-119.03034,33.45958],[-119.03032,33.45962],[-119.03036,33.45962],[-119.03034,33.45958]],[[-119.03042,33.46016],[-119.03034,33.46011],[-119.03035,33.46014],[-119.03042,33.46016]],[[-119.03043,33.45956],[-119.03045,33.45956],[-119.03045,33.45955],[-119.03043,33.45956]],[[-119.03044,33.46249],[-119.03054,33.46249],[-119.0305,33.4624],[-119.03044,33.46249]],[[-119.03049,33.46009],[-119.03051,33.46008],[-119.03049,33.46007],[-119.03049,33.46009]],[[-119.03051,33.45999],[-119.03048,33.46001],[-119.03049,33.46007],[-119.03051,33.45999]],[[-119.03062,33.46004],[-119.03064,33.46004],[-119.03064,33.46002],[-119.03062,33.46004]],[[-119.03055,33.46005],[-119.03062,33.46005],[-119.03062,33.46004],[-119.03055,33.46005]],[[-119.03053,33.46006],[-119.03054,33.46007],[-119.03055,33.46005],[-119.03053,33.46006]],[[-119.03053,33.45999],[-119.03055,33.46],[-119.03055,33.45998],[-119.03053,33.45999]],[[-119.0306,33.4667],[-119.03058,33.46671],[-119.03063,33.46673],[-119.0306,33.4667]],[[-119.03067,33.45951],[-119.03067,33.45949],[-119.03062,33.45948],[-119.03067,33.45951]],[[-119.03065,33.4666],[-119.03064,33.46657],[-119.03063,33.46657],[-119.03065,33.4666]],[[-119.03063,33.46007],[-119.03071,33.4601],[-119.03069,33.46005],[-119.03063,33.46007]],[[-119.03065,33.46666],[-119.03067,33.46666],[-119.03066,33.46662],[-119.03065,33.46666]],[[-119.03066,33.4667],[-119.03068,33.46672],[-119.03068,33.46669],[-119.03066,33.4667]],[[-119.03069,33.45962],[-119.03066,33.45967],[-119.03069,33.45968],[-119.03069,33.45962]],[[-119.03075,33.4594],[-119.03071,33.45939],[-119.03071,33.45944],[-119.03075,33.4594]],[[-119.03074,33.46687],[-119.03072,33.46687],[-119.03072,33.46689],[-119.03074,33.46687]],[[-119.03073,33.45944],[-119.03073,33.45955],[-119.03077,33.45953],[-119.03073,33.45944]],[[-119.03086,33.45966],[-119.03086,33.45948],[-119.03077,33.45948],[-119.03086,33.45966]],[[-119.03078,33.45942],[-119.0308,33.45942],[-119.0308,33.45941],[-119.03078,33.45942]],[[-119.03091,33.46005],[-119.03083,33.46004],[-119.03087,33.46008],[-119.03091,33.46005]],[[-119.03089,33.45903],[-119.03087,33.45903],[-119.03087,33.4591],[-119.03089,33.45903]],[[-119.03097,33.45946],[-119.03097,33.45944],[-119.03095,33.45944],[-119.03097,33.45946]],[[-119.0309,33.45939],[-119.03088,33.45944],[-119.03095,33.45944],[-119.0309,33.45939]],[[-119.03089,33.46707],[-119.03088,33.46707],[-119.03088,33.46708],[-119.03089,33.46707]],[[-119.03091,33.45932],[-119.03091,33.45933],[-119.03093,33.45933],[-119.03091,33.45932]],[[-119.03088,33.45937],[-119.0309,33.45937],[-119.03091,33.45933],[-119.03088,33.45937]],[[-119.0309,33.45968],[-119.0309,33.45971],[-119.03092,33.45971],[-119.0309,33.45968]],[[-119.03093,33.45948],[-119.0309,33.45948],[-119.0309,33.4595],[-119.03093,33.45948]],[[-119.03099,33.46006],[-119.03096,33.46006],[-119.03097,33.46008],[-119.03099,33.46006]],[[-119.03096,33.46004],[-119.03092,33.46004],[-119.03096,33.46006],[-119.03096,33.46004]],[[-119.0311,33.45987],[-119.03107,33.45986],[-119.03108,33.4599],[-119.0311,33.45987]],[[-119.03103,33.45971],[-119.03094,33.45982],[-119.03098,33.45991],[-119.03107,33.45986],[-119.03103,33.45971]],[[-119.03099,33.45926],[-119.03101,33.45926],[-119.03101,33.45924],[-119.03099,33.45926]],[[-119.03101,33.45934],[-119.03101,33.45935],[-119.03103,33.45935],[-119.03101,33.45934]],[[-119.03099,33.4593],[-119.03099,33.45933],[-119.03101,33.45934],[-119.03099,33.4593]],[[-119.03101,33.45955],[-119.03101,33.45961],[-119.03103,33.45961],[-119.03101,33.45955]],[[-119.03105,33.45964],[-119.03101,33.45964],[-119.03103,33.45968],[-119.03105,33.45964]],[[-119.03103,33.45937],[-119.03106,33.45937],[-119.03106,33.45935],[-119.03103,33.45937]],[[-119.03111,33.45995],[-119.0311,33.45992],[-119.03108,33.45995],[-119.03111,33.45995]],[[-119.03111,33.45985],[-119.03113,33.45986],[-119.03114,33.45984],[-119.03111,33.45985]],[[-119.03116,33.45982],[-119.03116,33.45985],[-119.03124,33.45985],[-119.03116,33.45982]],[[-119.0312,33.45997],[-119.0312,33.45998],[-119.03121,33.45997],[-119.0312,33.45997]],[[-119.03118,33.45996],[-119.03118,33.45997],[-119.0312,33.45997],[-119.03118,33.45996]],[[-119.03132,33.45992],[-119.03133,33.45992],[-119.03133,33.4599],[-119.03132,33.45992]],[[-119.03145,33.45983],[-119.03147,33.45985],[-119.03148,33.45983],[-119.03145,33.45983]],[[-119.03154,33.46204],[-119.03155,33.46193],[-119.0315,33.46207],[-119.03154,33.46204]],[[-119.03157,33.4593],[-119.03154,33.45929],[-119.03155,33.45931],[-119.03157,33.4593]],[[-119.03167,33.45984],[-119.03155,33.45984],[-119.03156,33.45993],[-119.03166,33.45986],[-119.03167,33.45984]],[[-119.03235,33.45939],[-119.03222,33.4594],[-119.03232871720117,33.45951860058309],[-119.03237,33.45951],[-119.03235,33.45939]],[[-119.03213,33.45947],[-119.03205,33.45961],[-119.03195,33.45947],[-119.03193,33.45969],[-119.03175,33.45959],[-119.03168,33.4596],[-119.03185,33.45976],[-119.03165,33.45964],[-119.03156,33.45975],[-119.03223,33.45999],[-119.03209,33.4598],[-119.03242,33.45972],[-119.03213,33.45963],[-119.03213,33.45956],[-119.03232636363637,33.45951909090909],[-119.03213,33.45947]],[[-119.03157,33.45964],[-119.03159,33.45965],[-119.03159,33.45963],[-119.03157,33.45964]],[[-119.03163,33.45992],[-119.03163,33.45994],[-119.03165,33.45994],[-119.03163,33.45992]],[[-119.0316,33.45994],[-119.03162,33.45996],[-119.03163,33.45994],[-119.0316,33.45994]],[[-119.03162,33.4618],[-119.03164,33.46179],[-119.03162,33.46174],[-119.03162,33.4618]],[[-119.03165,33.46218],[-119.0317,33.46221],[-119.03178,33.46214],[-119.03165,33.46218]],[[-119.03175,33.45994],[-119.03176,33.45992],[-119.03174,33.45992],[-119.03175,33.45994]],[[-119.03177,33.46206],[-119.03176,33.4621],[-119.03181,33.46208],[-119.03177,33.46206]],[[-119.03181,33.4625],[-119.03177,33.4625],[-119.0318,33.46251],[-119.03181,33.4625]],[[-119.03183,33.46236],[-119.03183,33.46237],[-119.03184,33.46237],[-119.03183,33.46236]],[[-119.03194,33.45945],[-119.03195,33.45945],[-119.03195,33.45944],[-119.03194,33.45945]],[[-119.03193,33.45946],[-119.03194,33.45946],[-119.03194,33.45945],[-119.03193,33.45946]],[[-119.032,33.46298],[-119.0322,33.46276],[-119.03211,33.46279],[-119.032,33.46298]],[[-119.03204,33.46284],[-119.03207,33.46284],[-119.03206,33.46281],[-119.03204,33.46284]],[[-119.03211,33.45947],[-119.03211,33.45945],[-119.03209,33.45945],[-119.03211,33.45947]],[[-119.03209,33.45944],[-119.03204,33.45945],[-119.03209,33.45945],[-119.03209,33.45944]],[[-119.03213,33.46004],[-119.0321,33.46003],[-119.03211,33.46005],[-119.03213,33.46004]],[[-119.03217,33.4631],[-119.03211,33.46314],[-119.03236,33.46316],[-119.03226,33.46313],[-119.03217,33.4631]],[[-119.03216,33.46301],[-119.03216,33.46303],[-119.0322,33.46303],[-119.03216,33.46301]],[[-119.03217,33.46306],[-119.03217,33.46308],[-119.03219,33.46308],[-119.03217,33.46306]],[[-119.03223,33.46303],[-119.03224,33.46303],[-119.03224,33.46302],[-119.03223,33.46303]],[[-119.03225,33.45977],[-119.03228,33.45978],[-119.03227,33.45976],[-119.03225,33.45977]],[[-119.03232,33.45987],[-119.03235,33.45986],[-119.03232,33.45985],[-119.03232,33.45987]],[[-119.03229,33.45988],[-119.03231,33.45989],[-119.03232,33.45987],[-119.03229,33.45988]],[[-119.03232,33.45983],[-119.0323,33.45983],[-119.03232,33.45985],[-119.03232,33.45983]],[[-119.03235,33.45962],[-119.03234,33.45961],[-119.03234,33.45964],[-119.03235,33.45962]],[[-119.0324,33.46312],[-119.03236,33.46312],[-119.03236,33.46314],[-119.0324,33.46312]],[[-119.0324,33.46511],[-119.03238,33.46514],[-119.03244,33.46512],[-119.0324,33.46511]],[[-119.03239,33.46315],[-119.0324,33.46315],[-119.03239,33.46314],[-119.03239,33.46315]],[[-119.03243,33.4598],[-119.0324,33.4598],[-119.03241,33.45982],[-119.03243,33.4598]],[[-119.03288,33.45969],[-119.0329,33.4597],[-119.03291,33.45968],[-119.03288,33.45969]],[[-119.03297,33.45964],[-119.03269,33.45905],[-119.03258,33.45946],[-119.03241,33.45942],[-119.03256,33.45975],[-119.03277,33.45975],[-119.03286,33.45953],[-119.03291,33.45968],[-119.03297,33.45964]],[[-119.03241,33.4594],[-119.0324,33.45942],[-119.03241,33.45942],[-119.03241,33.4594]],[[-119.03248,33.46321],[-119.0325,33.4632],[-119.03247,33.46319],[-119.03248,33.46321]],[[-119.03249,33.46509],[-119.03251,33.46509],[-119.03251,33.46507],[-119.03249,33.46509]],[[-119.03258,33.46562],[-119.03256,33.46562],[-119.03256,33.46564],[-119.03258,33.46562]],[[-119.03263,33.46002],[-119.03266,33.46003],[-119.03265,33.46001],[-119.03263,33.46002]],[[-119.03267,33.45904],[-119.03269,33.45904],[-119.03268,33.45903],[-119.03267,33.45904]],[[-119.03279,33.45989],[-119.03272,33.45998],[-119.03288,33.46],[-119.03279,33.45989]],[[-119.03282,33.4583],[-119.03283,33.45828],[-119.0328,33.45828],[-119.03282,33.4583]],[[-119.03295,33.46001],[-119.03291,33.46001],[-119.03295,33.46003],[-119.03295,33.46001]],[[-119.03298,33.45969],[-119.03295,33.45968],[-119.03296,33.4597],[-119.03298,33.45969]],[[-119.03308,33.4608],[-119.03307,33.46084],[-119.03314,33.46083],[-119.03308,33.4608]],[[-119.03314,33.45822],[-119.03311,33.45822],[-119.03312,33.45824],[-119.03314,33.45822]],[[-119.03318,33.46019],[-119.0332,33.4602],[-119.03325,33.46017],[-119.03318,33.46019]],[[-119.03324,33.46003],[-119.03324,33.46004],[-119.03326,33.46003],[-119.03324,33.46003]],[[-119.03318,33.46005],[-119.03319,33.46009],[-119.03324,33.46004],[-119.03318,33.46005]],[[-119.03324,33.46013],[-119.03328,33.46013],[-119.03326,33.4601],[-119.03324,33.46013]],[[-119.03339,33.45999],[-119.03341,33.46],[-119.03341,33.45999],[-119.03339,33.45999]],[[-119.03352,33.46008],[-119.03328,33.46015],[-119.03369,33.46014],[-119.03379,33.46001],[-119.03361,33.45997],[-119.03374,33.45985],[-119.03361,33.45977],[-119.03391,33.45969],[-119.03365,33.4596],[-119.03354,33.45991],[-119.03341,33.45989],[-119.03348,33.45994],[-119.03341,33.45999],[-119.03352,33.46008]],[[-119.03329,33.46009],[-119.03328,33.46011],[-119.03331,33.46011],[-119.03329,33.46009]],[[-119.03335,33.46016],[-119.03335,33.46015],[-119.03333,33.46015],[-119.03335,33.46016]],[[-119.03337,33.46002],[-119.03336,33.46003],[-119.03339,33.46003],[-119.03337,33.46002]],[[-119.03337,33.45995],[-119.03337,33.45996],[-119.03341,33.45996],[-119.03337,33.45995]],[[-119.03339,33.46086],[-119.03339,33.46088],[-119.03341,33.46088],[-119.03339,33.46086]],[[-119.03348,33.4602],[-119.03343,33.46024],[-119.03347,33.46026],[-119.03348,33.4602]],[[-119.03348,33.45818],[-119.0335,33.45816],[-119.03345,33.45817],[-119.03348,33.45818]],[[-119.03349,33.45986],[-119.03351,33.45987],[-119.03351,33.45985],[-119.03349,33.45986]],[[-119.03365,33.45813],[-119.03362,33.45817],[-119.03367,33.45816],[-119.03365,33.45813]],[[-119.03373,33.45995],[-119.03371,33.45994],[-119.03371,33.45995],[-119.03373,33.45995]],[[-119.03399,33.45999],[-119.03381,33.46003],[-119.03391,33.46008],[-119.03399,33.45999]],[[-119.03384,33.45998],[-119.03384,33.45995],[-119.03382,33.45996],[-119.03384,33.45998]],[[-119.03395,33.45992],[-119.03397,33.45997],[-119.03405,33.45998],[-119.03395,33.45992]],[[-119.03402,33.45991],[-119.03401,33.45985],[-119.03399,33.4599],[-119.03402,33.45991]],[[-119.03411,33.4581],[-119.03412,33.45806],[-119.03409,33.45807],[-119.03411,33.4581]],[[-119.03466,33.4584],[-119.03468,33.45841],[-119.03468,33.45839],[-119.03466,33.4584]],[[-119.03468,33.45837],[-119.03471,33.45837],[-119.0347,33.45835],[-119.03468,33.45837]]],[[[-119.02722,33.47653],[-119.02712,33.47701],[-119.02693,33.47623],[-119.02708,33.47564],[-119.02751,33.47558],[-119.02749,33.47532],[-119.02766,33.47531],[-119.02744,33.47524],[-119.02752,33.47509],[-119.02777,33.47526],[-119.02786,33.47514],[-119.02776,33.47553],[-119.02708,33.47633],[-119.02722,33.47653]],[[-119.02706,33.47634],[-119.02708,33.47636],[-119.02708,33.47633],[-119.02706,33.47634]],[[-119.02701,33.47635],[-119.027,33.47637],[-119.02702,33.47636],[-119.02701,33.47635]],[[-119.02751,33.47534],[-119.02751,33.47536],[-119.02753,33.47536],[-119.02751,33.47534]],[[-119.02766,33.47524],[-119.02764,33.47524],[-119.02764,33.47526],[-119.02766,33.47524]]],[[[-119.02797,33.46054],[-119.0279,33.46054],[-119.0279,33.46045],[-119.02786,33.46043],[-119.02788,33.46035],[-119.02782,33.4603],[-119.02788,33.46054],[-119.02771,33.46057],[-119.02788,33.46057],[-119.02786,33.46079],[-119.02749,33.461],[-119.02693,33.4608],[-119.02704,33.46031],[-119.0272,33.46028],[-119.02749,33.46048],[-119.02762,33.46042],[-119.02735,33.46019],[-119.02735,33.45995],[-119.02754,33.46021],[-119.0278,33.45996],[-119.02802,33.45999],[-119.02797,33.46054]],[[-119.02704,33.46067],[-119.02704,33.46065],[-119.02702,33.46065],[-119.02704,33.46067]],[[-119.02708,33.46073],[-119.02704,33.46073],[-119.0271,33.4608],[-119.02708,33.46073]],[[-119.02713,33.46062],[-119.02706,33.4606],[-119.02708,33.46064],[-119.02713,33.46062]],[[-119.02715,33.46046],[-119.02711,33.46046],[-119.02711,33.46047],[-119.02715,33.46046]],[[-119.02715,33.4604],[-119.02722,33.4604],[-119.02719,33.46037],[-119.02715,33.4604]],[[-119.02717,33.46035],[-119.02717,33.46033],[-119.02715,33.46033],[-119.02717,33.46035]],[[-119.02726,33.46042],[-119.02726,33.4604],[-119.02724,33.4604],[-119.02726,33.46042]],[[-119.02726,33.46058],[-119.02726,33.4606],[-119.02728,33.4606],[-119.02726,33.46058]],[[-119.02726,33.46037],[-119.02726,33.46039],[-119.02728,33.46039],[-119.02726,33.46037]],[[-119.02736,33.46048],[-119.0273,33.46069],[-119.02755,33.46082],[-119.02736,33.46048]],[[-119.02738,33.46087],[-119.02745,33.46087],[-119.02745,33.46084],[-119.02738,33.46087]],[[-119.02758,33.46059],[-119.02756,33.46059],[-119.02751,33.46066],[-119.02758,33.46059]],[[-119.02758,33.46024],[-119.0276,33.46024],[-119.0276,33.46023],[-119.02758,33.46024]],[[-119.02758,33.46046],[-119.02758,33.46048],[-119.0276,33.46048],[-119.02758,33.46046]],[[-119.02775,33.46046],[-119.02771,33.46037],[-119.02765,33.46037],[-119.02762,33.46053],[-119.02775,33.46046]],[[-119.02763,33.46028],[-119.02765,33.46028],[-119.02765,33.46024],[-119.02763,33.46028]],[[-119.02773,33.46073],[-119.02779,33.46073],[-119.02779,33.46071],[-119.02773,33.46073]],[[-119.02776,33.4601],[-119.02774,33.4601],[-119.02773,33.46017],[-119.02776,33.4601]],[[-119.02778,33.46017],[-119.02775,33.46035],[-119.0278,33.4603],[-119.02778,33.46017]],[[-119.02779,33.46068],[-119.02777,33.46068],[-119.02777,33.4607],[-119.02779,33.46068]],[[-119.02789,33.46005],[-119.02784,33.46005],[-119.02784,33.46007],[-119.02789,33.46005]],[[-119.0279,33.46041],[-119.02788,33.46041],[-119.02788,33.46043],[-119.0279,33.46041]]],[[[-119.02944,33.48945],[-119.02931,33.48947],[-119.02918,33.48945],[-119.02863,33.48903],[-119.02861,33.48872],[-119.02889,33.48871],[-119.02908,33.48909],[-119.02923,33.48909],[-119.02925,33.48911],[-119.02925,33.48909],[-119.02934,33.48909],[-119.02927,33.48905],[-119.0293,33.48895],[-119.02979,33.48929],[-119.02944,33.48945]],[[-119.02872,33.48898],[-119.02874,33.48898],[-119.02874,33.48892],[-119.02872,33.48898]],[[-119.02869,33.489],[-119.02872,33.489],[-119.02872,33.48898],[-119.02869,33.489]],[[-119.02871,33.48903],[-119.02876,33.48905],[-119.02876,33.48901],[-119.02871,33.48903]],[[-119.0288,33.48907],[-119.0288,33.48903],[-119.02876,33.48905],[-119.0288,33.48907]],[[-119.02878,33.489],[-119.02876,33.489],[-119.02876,33.48901],[-119.02878,33.489]],[[-119.02885,33.48874],[-119.02885,33.48873],[-119.0288,33.48873],[-119.02885,33.48874]],[[-119.02891,33.48894],[-119.02897,33.48894],[-119.02897,33.48893],[-119.02891,33.48894]],[[-119.02912,33.48922],[-119.02912,33.4892],[-119.02908,33.4892],[-119.02912,33.48922]],[[-119.02906,33.48918],[-119.02906,33.4892],[-119.02908,33.4892],[-119.02906,33.48918]],[[-119.02912,33.48925],[-119.02912,33.48923],[-119.0291,33.48923],[-119.02912,33.48925]],[[-119.02919,33.48916],[-119.02917,33.48916],[-119.02916,33.48918],[-119.02919,33.48916]],[[-119.02916,33.48934],[-119.02918,33.48934],[-119.02918,33.48932],[-119.02916,33.48934]],[[-119.02932,33.48922],[-119.02927,33.48914],[-119.02921,33.48916],[-119.02932,33.48922]],[[-119.02921,33.48913],[-119.02921,33.48914],[-119.02923,33.48914],[-119.02921,33.48913]],[[-119.02929,33.48943],[-119.02929,33.48945],[-119.02931,33.48945],[-119.02929,33.48943]],[[-119.02936,33.48942],[-119.02933,33.48942],[-119.02933,33.48943],[-119.02936,33.48942]],[[-119.02938,33.48906],[-119.02934,33.48906],[-119.02934,33.48907],[-119.02938,33.48906]],[[-119.02938,33.48911],[-119.02938,33.48909],[-119.02936,33.48909],[-119.02938,33.48911]],[[-119.02942,33.4894],[-119.0294,33.4894],[-119.0294,33.48942],[-119.02942,33.4894]],[[-119.02953,33.48915],[-119.02955,33.48915],[-119.02955,33.48913],[-119.02953,33.48915]]],[[[-119.03079,33.47213],[-119.03077,33.47226],[-119.03057,33.4722],[-119.03037,33.4725],[-119.0303,33.4722],[-119.02991,33.47251],[-119.0298,33.47246],[-119.02991,33.47228],[-119.02963,33.47222],[-119.03044,33.47209],[-119.03004,33.47181],[-119.03008,33.47209],[-119.02976,33.47212],[-119.02989,33.47168],[-119.0297,33.47172],[-119.0297,33.47159],[-119.02981,33.47158],[-119.02979,33.47151],[-119.02962,33.4715],[-119.02958,33.47139],[-119.02973,33.47139],[-119.02973,33.47136],[-119.02953,33.47138],[-119.02973,33.47127],[-119.02912,33.47132],[-119.02891,33.47099],[-119.02921,33.4711],[-119.02932,33.47096],[-119.02947,33.47096],[-119.02954,33.47107],[-119.02939,33.47074],[-119.0296,33.47074],[-119.02967,33.47035],[-119.02989,33.47037],[-119.02983,33.47024],[-119.02996,33.47017],[-119.03,33.47031],[-119.03011,33.47026],[-119.03008,33.47033],[-119.03028,33.47033],[-119.03032,33.47043],[-119.03013,33.47042],[-119.03017,33.47057],[-119.0301,33.4706],[-119.02982,33.47064],[-119.03004,33.47073],[-119.02997,33.4708],[-119.03021,33.47086],[-119.03007,33.47093],[-119.02995,33.47082],[-119.0299,33.47089],[-119.02984,33.4708],[-119.02975,33.47082],[-119.02993,33.47093],[-119.02986,33.47116],[-119.0303,33.47144],[-119.03033,33.47117],[-119.03061,33.47123],[-119.03031,33.47086],[-119.03045,33.47057],[-119.03063,33.47068],[-119.03053,33.47044],[-119.0306,33.47011],[-119.03077,33.47022],[-119.03069,33.4708],[-119.03093,33.47092],[-119.03065,33.47095],[-119.03066,33.4713],[-119.03093,33.47136],[-119.03087,33.47166],[-119.03078,33.47166],[-119.03078,33.47158],[-119.03066,33.47151],[-119.03066,33.47154],[-119.0309,33.47197],[-119.03071,33.47205],[-119.03079,33.47213]],[[-119.0307,33.47202],[-119.03069,33.47205],[-119.03071,33.47205],[-119.0307,33.47202]],[[-119.02898,33.47108],[-119.029,33.47108],[-119.029,33.47106],[-119.02898,33.47108]],[[-119.02908,33.4711],[-119.02911,33.4711],[-119.02911,33.47108],[-119.02908,33.4711]],[[-119.02911,33.47117],[-119.02911,33.47115],[-119.02908,33.47115],[-119.02911,33.47117]],[[-119.02913,33.47108],[-119.02913,33.4711],[-119.02915,33.4711],[-119.02913,33.47108]],[[-119.02913,33.47116],[-119.02919,33.47119],[-119.02919,33.4711],[-119.02913,33.47116]],[[-119.02936,33.47103],[-119.02937,33.47101],[-119.02934,33.47101],[-119.02936,33.47103]],[[-119.02949,33.47107],[-119.02941,33.47107],[-119.02943,33.47114],[-119.02958,33.47114],[-119.02949,33.47107]],[[-119.02936,33.47105],[-119.02936,33.47107],[-119.02941,33.47107],[-119.02936,33.47105]],[[-119.02941,33.471],[-119.02941,33.47101],[-119.02943,33.47101],[-119.02941,33.471]],[[-119.02943,33.47103],[-119.02941,33.47103],[-119.02941,33.47105],[-119.02943,33.47103]],[[-119.02952,33.47091],[-119.02952,33.47087],[-119.0295,33.47087],[-119.02952,33.47091]],[[-119.0295,33.47085],[-119.02947,33.47085],[-119.0295,33.47087],[-119.0295,33.47085]],[[-119.02956,33.47087],[-119.02956,33.47085],[-119.02954,33.47085],[-119.02956,33.47087]],[[-119.02954,33.47083],[-119.02952,33.47083],[-119.02954,33.47085],[-119.02954,33.47083]],[[-119.02952,33.47082],[-119.0295,33.47082],[-119.02952,33.47083],[-119.02952,33.47082]],[[-119.02954,33.4708],[-119.02954,33.47082],[-119.02956,33.47082],[-119.02954,33.4708]],[[-119.02958,33.47116],[-119.02956,33.47116],[-119.02956,33.47118],[-119.02958,33.47116]],[[-119.0296,33.47105],[-119.0296,33.47103],[-119.02958,33.47103],[-119.0296,33.47105]],[[-119.0296,33.47107],[-119.0296,33.47109],[-119.02962,33.47109],[-119.0296,33.47107]],[[-119.02967,33.47087],[-119.02962,33.47091],[-119.02965,33.47091],[-119.02967,33.47087]],[[-119.02962,33.47141],[-119.02962,33.47143],[-119.02964,33.47143],[-119.02962,33.47141]],[[-119.02969,33.47109],[-119.02969,33.47107],[-119.02967,33.47107],[-119.02969,33.47109]],[[-119.02967,33.47105],[-119.02964,33.47105],[-119.02967,33.47107],[-119.02967,33.47105]],[[-119.02962,33.47103],[-119.02962,33.47105],[-119.02964,33.47105],[-119.02962,33.47103]],[[-119.02964,33.471],[-119.02964,33.47102],[-119.02969,33.47102],[-119.02964,33.471]],[[-119.02969,33.47121],[-119.02969,33.4712],[-119.02966,33.4712],[-119.02969,33.47121]],[[-119.02967,33.47074],[-119.02973,33.47076],[-119.02976,33.47064],[-119.02967,33.47074]],[[-119.02968,33.47143],[-119.02968,33.47145],[-119.0297,33.47145],[-119.02968,33.47143]],[[-119.02973,33.47082],[-119.02973,33.4708],[-119.02969,33.47078],[-119.02973,33.47082]],[[-119.02973,33.47114],[-119.02973,33.47111],[-119.02971,33.47111],[-119.02973,33.47114]],[[-119.02973,33.47093],[-119.02975,33.47093],[-119.02975,33.47091],[-119.02973,33.47093]],[[-119.02973,33.47094],[-119.02973,33.47096],[-119.02975,33.47096],[-119.02973,33.47094]],[[-119.02977,33.471],[-119.02977,33.47098],[-119.02973,33.47098],[-119.02977,33.471]],[[-119.02975,33.47112],[-119.02975,33.47114],[-119.02977,33.47114],[-119.02975,33.47112]],[[-119.02979,33.4712],[-119.02977,33.4712],[-119.02977,33.47121],[-119.02979,33.4712]],[[-119.02978,33.47046],[-119.02978,33.47047],[-119.0298,33.47048],[-119.02978,33.47046]],[[-119.02984,33.4706],[-119.02984,33.47058],[-119.02982,33.47058],[-119.02984,33.4706]],[[-119.0298,33.47057],[-119.0298,33.47058],[-119.02982,33.47058],[-119.0298,33.47057]],[[-119.02982,33.47094],[-119.02982,33.47093],[-119.0298,33.47093],[-119.02982,33.47094]],[[-119.0298,33.47038],[-119.02982,33.47039],[-119.02982,33.47037],[-119.0298,33.47038]],[[-119.02987,33.47048],[-119.02984,33.47048],[-119.02984,33.47049],[-119.02987,33.47048]],[[-119.02985,33.47194],[-119.02991,33.47195],[-119.02989,33.47188],[-119.02985,33.47194]],[[-119.02987,33.47026],[-119.02987,33.47024],[-119.02985,33.47024],[-119.02987,33.47026]],[[-119.02989,33.47201],[-119.0299,33.47201],[-119.02991,33.47196],[-119.02989,33.47201]],[[-119.02989,33.47244],[-119.0299,33.47246],[-119.02991,33.47244],[-119.02989,33.47244]],[[-119.02992,33.47242],[-119.02991,33.47242],[-119.02991,33.47244],[-119.02992,33.47242]],[[-119.02991,33.47028],[-119.02991,33.4703],[-119.02993,33.4703],[-119.02991,33.47028]],[[-119.02991,33.4708],[-119.02991,33.47082],[-119.02993,33.47082],[-119.02991,33.4708]],[[-119.02993,33.47031],[-119.02998,33.47031],[-119.02998,33.4703],[-119.02993,33.47031]],[[-119.02993,33.47073],[-119.02995,33.47073],[-119.02996,33.47071],[-119.02993,33.47073]],[[-119.02993,33.47076],[-119.02995,33.47077],[-119.02995,33.47075],[-119.02993,33.47076]],[[-119.02993,33.47071],[-119.02993,33.47072],[-119.02994,33.47071],[-119.02993,33.47071]],[[-119.02995,33.47033],[-119.02993,33.47033],[-119.02993,33.47035],[-119.02995,33.47033]],[[-119.03,33.47196],[-119.03001,33.47194],[-119.02998,33.47194],[-119.03,33.47196]],[[-119.03,33.47033],[-119.03004,33.47042],[-119.03008,33.47041],[-119.03,33.47033]],[[-119.03008,33.47048],[-119.03002,33.4705],[-119.0301,33.4705],[-119.03008,33.47048]],[[-119.03006,33.47053],[-119.03004,33.47057],[-119.03012,33.47057],[-119.03006,33.47053]],[[-119.03015,33.47185],[-119.0302,33.47188],[-119.03018,33.47185],[-119.03015,33.47185]],[[-119.03015,33.47037],[-119.03019,33.47037],[-119.03019,33.47035],[-119.03015,33.47037]],[[-119.03018,33.4715],[-119.03027,33.47157],[-119.0303,33.47146],[-119.03018,33.4715]],[[-119.0302,33.47177],[-119.03024,33.47175],[-119.03022,33.47172],[-119.0302,33.47177]],[[-119.03023,33.47171],[-119.03021,33.47168],[-119.03022,33.47172],[-119.03023,33.47171]],[[-119.03021,33.47039],[-119.03023,33.47039],[-119.03023,33.47037],[-119.03021,33.47039]],[[-119.03051,33.47101],[-119.03051,33.47103],[-119.03053,33.47103],[-119.03051,33.47101]],[[-119.0306,33.47093],[-119.03061,33.47091],[-119.03056,33.47091],[-119.0306,33.47093]],[[-119.0306,33.47068],[-119.0306,33.47067],[-119.03057,33.47068],[-119.0306,33.47068]],[[-119.03058,33.47027],[-119.03058,33.47031],[-119.0306,33.4703],[-119.03058,33.47027]],[[-119.03062,33.47218],[-119.03062,33.47219],[-119.03063,33.47219],[-119.03062,33.47218]],[[-119.03069,33.47138],[-119.03065,33.47134],[-119.03067,33.4714],[-119.03069,33.47138]],[[-119.03066,33.47215],[-119.03072,33.47214],[-119.03066,33.47213],[-119.03066,33.47215]],[[-119.03067,33.47218],[-119.03071,33.47219],[-119.03074,33.47216],[-119.03067,33.47218]],[[-119.03069,33.47085],[-119.03068,33.47086],[-119.0307,33.47086],[-119.03069,33.47085]],[[-119.03073,33.4721],[-119.0307,33.4721],[-119.03072,33.47212],[-119.03073,33.4721]],[[-119.03074,33.47024],[-119.03075,33.47022],[-119.03072,33.47023],[-119.03074,33.47024]]],[[[-119.03137,33.46731],[-119.03164,33.46735],[-119.03164,33.4669],[-119.03213,33.46695],[-119.03182,33.46742],[-119.03154,33.46769],[-119.03132,33.46777],[-119.03137,33.46731]],[[-119.03179,33.46741],[-119.0318,33.46739],[-119.03177,33.4674],[-119.03179,33.46741]]],[[[-119.03322,33.46586],[-119.03251,33.46639],[-119.03236,33.46637],[-119.03231,33.46625],[-119.03215,33.46644],[-119.03231,33.46646],[-119.0322,33.4669],[-119.03191,33.46665],[-119.03202,33.46636],[-119.0322,33.46606],[-119.03231,33.46605],[-119.03236,33.46612],[-119.03226,33.46619],[-119.03232,33.46624],[-119.03247,33.46621],[-119.03236,33.46614],[-119.03264,33.46608],[-119.03268,33.46587],[-119.03322,33.46586]],[[-119.03219,33.46623],[-119.03217,33.46625],[-119.0322,33.46626],[-119.03219,33.46623]],[[-119.03228,33.4665],[-119.03229,33.46646],[-119.03227,33.46647],[-119.03228,33.4665]],[[-119.03232,33.46614],[-119.03231,33.46613],[-119.03231,33.46614],[-119.03232,33.46614]],[[-119.03242,33.46627],[-119.0324,33.46626],[-119.0324,33.46628],[-119.03242,33.46627]],[[-119.03245,33.46636],[-119.03251,33.46637],[-119.03249,33.46631],[-119.03245,33.46636]],[[-119.03275,33.46605],[-119.0328,33.46606],[-119.03279,33.46603],[-119.03275,33.46605]]],[[[-119.03453,33.48661],[-119.03431,33.48684],[-119.03435,33.48691],[-119.03448,33.48701],[-119.03392,33.48704],[-119.03361,33.48657],[-119.0336,33.48676],[-119.03345,33.48667],[-119.03334,33.48689],[-119.03315,33.48669],[-119.03315,33.48659],[-119.03266,33.48692],[-119.03319,33.4863],[-119.03355,33.48626],[-119.03344,33.4861],[-119.03359,33.48595],[-119.03389,33.48608],[-119.03393,33.48628],[-119.03404,33.48617],[-119.0343,33.48628],[-119.03419,33.48635],[-119.03446,33.48646],[-119.03453,33.48661]],[[-119.03303,33.48656],[-119.03298,33.48658],[-119.033,33.4866],[-119.03303,33.48656]],[[-119.03316,33.48658],[-119.03318,33.48658],[-119.03318,33.48657],[-119.03316,33.48658]],[[-119.03322,33.48642],[-119.03324,33.48642],[-119.03324,33.48638],[-119.03322,33.48642]],[[-119.03318,33.48651],[-119.03318,33.48653],[-119.03322,33.48642],[-119.03318,33.48651]],[[-119.03322,33.48649],[-119.03322,33.48651],[-119.03324,33.48651],[-119.03322,33.48649]],[[-119.03359,33.48624],[-119.03359,33.48622],[-119.03357,33.48622],[-119.03359,33.48624]],[[-119.03365,33.4866],[-119.03365,33.48662],[-119.03367,33.48662],[-119.03365,33.4866]],[[-119.0337,33.48613],[-119.03372,33.48613],[-119.03372,33.48612],[-119.0337,33.48613]],[[-119.03378,33.48673],[-119.03375,33.48673],[-119.03375,33.48675],[-119.03378,33.48673]],[[-119.03383,33.48626],[-119.0338,33.48626],[-119.0338,33.4863],[-119.03383,33.48626]],[[-119.03382,33.48678],[-119.03384,33.48678],[-119.03384,33.48677],[-119.03382,33.48678]],[[-119.03382,33.48634],[-119.03385,33.48635],[-119.03385,33.48633],[-119.03382,33.48634]],[[-119.03382,33.48684],[-119.03382,33.48687],[-119.03386,33.48687],[-119.03382,33.48684]],[[-119.03383,33.48613],[-119.03383,33.48615],[-119.03385,33.48615],[-119.03383,33.48613]],[[-119.03389,33.48632],[-119.03385,33.48632],[-119.03389,33.48635],[-119.03389,33.48633],[-119.03389,33.48632]],[[-119.03386,33.48689],[-119.03388,33.48689],[-119.03388,33.48687],[-119.03386,33.48689]],[[-119.03408,33.4863],[-119.03398,33.48628],[-119.03389,33.48639],[-119.03412,33.48639],[-119.03419,33.48639],[-119.03408,33.4863]],[[-119.03412,33.48641],[-119.03415,33.48641],[-119.03412,33.48639],[-119.03412,33.48641]],[[-119.03395,33.48691],[-119.03395,33.48695],[-119.03397,33.48695],[-119.03395,33.48691]],[[-119.03408,33.48693],[-119.03405,33.48693],[-119.03405,33.48695],[-119.03408,33.48693]],[[-119.03408,33.48657],[-119.03406,33.48661],[-119.03417,33.48661],[-119.03408,33.48657]],[[-119.03418,33.48697],[-119.0342,33.48691],[-119.03412,33.48693],[-119.03418,33.48697]],[[-119.03417,33.48653],[-119.03417,33.48659],[-119.03425,33.48657],[-119.03417,33.48653]],[[-119.03412,33.4865],[-119.03412,33.48653],[-119.03417,33.48653],[-119.03412,33.4865]],[[-119.03415,33.48643],[-119.03417,33.48643],[-119.03417,33.48641],[-119.03415,33.48643]],[[-119.03418,33.4869],[-119.0342,33.4869],[-119.0342,33.48688],[-119.03418,33.4869]],[[-119.03423,33.48688],[-119.03423,33.48686],[-119.03421,33.48686],[-119.03423,33.48688]],[[-119.03423,33.48644],[-119.03425,33.48644],[-119.03425,33.48643],[-119.03423,33.48644]],[[-119.03429,33.48699],[-119.03431,33.48699],[-119.03431,33.48697],[-119.03429,33.48699]],[[-119.03432,33.48652],[-119.03434,33.48652],[-119.03434,33.48648],[-119.03432,33.48652]],[[-119.0343,33.48654],[-119.03432,33.48654],[-119.03432,33.48652],[-119.0343,33.48654]],[[-119.03436,33.48652],[-119.03436,33.48654],[-119.03438,33.48654],[-119.03436,33.48652]],[[-119.03442,33.4865],[-119.03442,33.48648],[-119.0344,33.48648],[-119.03442,33.4865]]],[[[-119.03627,33.46395],[-119.03602,33.46417],[-119.03623,33.46431],[-119.03588,33.46436],[-119.0358,33.46458],[-119.0356,33.46463],[-119.03569,33.46474],[-119.03548,33.46472],[-119.03561,33.46499],[-119.03529,33.4651],[-119.03534,33.46521],[-119.03527,33.46528],[-119.03558,33.46533],[-119.03552,33.46556],[-119.03516,33.46539],[-119.03525,33.46559],[-119.035,33.46542],[-119.03497,33.46563],[-119.0345,33.46514],[-119.03391,33.46534],[-119.03372,33.46519],[-119.03375,33.46531],[-119.03363,33.46544],[-119.03327,33.4655],[-119.03373,33.4643],[-119.03464,33.46344],[-119.03476,33.46356],[-119.03536,33.46324],[-119.0355,33.46338],[-119.03559,33.46321],[-119.03578,33.46326],[-119.03572,33.46341],[-119.03624,33.46343],[-119.03588,33.46367],[-119.03627,33.46395]],[[-119.03374,33.46517],[-119.03374,33.46519],[-119.03376,33.46518],[-119.03374,33.46517]],[[-119.0339,33.4642],[-119.03388,33.4642],[-119.03389,33.46422],[-119.0339,33.4642]],[[-119.03489,33.46517],[-119.03499,33.46516],[-119.0349,33.46514],[-119.03489,33.46517]],[[-119.03505,33.46511],[-119.03507,33.46512],[-119.03507,33.46509],[-119.03505,33.46511]],[[-119.03505,33.46506],[-119.03502,33.46509],[-119.03507,33.46509],[-119.03505,33.46506]],[[-119.03515,33.46515],[-119.03516,33.46512],[-119.03515,33.46512],[-119.03515,33.46515]],[[-119.03514,33.46511],[-119.03514,33.46512],[-119.03515,33.46512],[-119.03514,33.46511]],[[-119.0353,33.46522],[-119.03531,33.4652],[-119.03528,33.46521],[-119.0353,33.46522]],[[-119.03563,33.46342],[-119.03559,33.46342],[-119.0356,33.46343],[-119.03563,33.46342]],[[-119.03572,33.46331],[-119.03572,33.46329],[-119.0357,33.46329],[-119.03572,33.46331]],[[-119.03573,33.46456],[-119.03576,33.46456],[-119.03574,33.46455],[-119.03573,33.46456]]],[[[-119.04081,33.48346],[-119.0408,33.48346],[-119.0408,33.48346636363636],[-119.04062,33.48354],[-119.04069,33.48388],[-119.04084,33.48388],[-119.04067,33.48402],[-119.04114,33.48463],[-119.04097,33.48479],[-119.0409,33.4845],[-119.04071,33.48453],[-119.04062,33.48448],[-119.0406,33.48485],[-119.04046,33.48459],[-119.03982,33.48438],[-119.03984,33.48458],[-119.03993,33.48453],[-119.04,33.48469],[-119.03987,33.48461],[-119.03985,33.48467],[-119.04004,33.48487],[-119.03982,33.48518],[-119.03967,33.48501],[-119.03984,33.48481],[-119.03941,33.48433],[-119.0388,33.48432],[-119.03824,33.48408],[-119.03813,33.48366],[-119.03807,33.48392],[-119.03766,33.48419],[-119.03753,33.48477],[-119.03777,33.4848],[-119.03736,33.48483],[-119.03719,33.48508],[-119.03741,33.48513],[-119.03745,33.48561],[-119.03785,33.48563],[-119.03773,33.48597],[-119.0374,33.4858],[-119.03738,33.48598],[-119.037,33.48608],[-119.03711,33.48595],[-119.03695,33.48575],[-119.03631,33.48549],[-119.03633,33.48565],[-119.03618,33.4856],[-119.03616,33.48534],[-119.03646,33.48512],[-119.03711,33.48512],[-119.03685,33.48484],[-119.03671,33.48486],[-119.03684,33.485],[-119.03677,33.48506],[-119.03666,33.48489],[-119.03576,33.48509],[-119.03578,33.48567],[-119.03663,33.48613],[-119.036,33.4861],[-119.03595,33.48646],[-119.0358,33.4865],[-119.03601,33.48663],[-119.03567,33.48688],[-119.03522,33.48695],[-119.03521,33.48687],[-119.03526,33.48677],[-119.03524,33.48674],[-119.03507,33.4867],[-119.03515,33.48687],[-119.03491,33.48697],[-119.03442,33.48695],[-119.03455,33.48683],[-119.03496,33.48679],[-119.03468,33.48672],[-119.03462,33.48663],[-119.03473,33.48654],[-119.03435,33.48636],[-119.03437,33.48624],[-119.03416,33.48608],[-119.0347,33.48553],[-119.03466,33.48551],[-119.03464,33.48496],[-119.03469,33.48495],[-119.03462,33.48487],[-119.03498,33.48461],[-119.03498,33.48475],[-119.03479,33.48481],[-119.03487,33.48509],[-119.03515,33.48513],[-119.03493,33.48514],[-119.03481,33.48545],[-119.03487,33.48559],[-119.03512,33.48569],[-119.03491,33.48558],[-119.03492,33.4854],[-119.03513,33.48541],[-119.03527,33.4857],[-119.03541,33.48528],[-119.03534,33.48503],[-119.03522,33.48517],[-119.03509,33.48497],[-119.03565,33.48494],[-119.03565,33.4848],[-119.03578,33.48474],[-119.03554,33.48479],[-119.03554,33.48469],[-119.03578,33.48458],[-119.03524,33.48433],[-119.03522,33.48418],[-119.03556,33.48409018867925],[-119.03575,33.48404],[-119.03576,33.4839],[-119.03545,33.4839],[-119.03575,33.48378],[-119.03628,33.48412],[-119.03649636363637,33.48402727272727],[-119.03649,33.48404],[-119.03652,33.48404],[-119.036504,33.484024],[-119.03656,33.484],[-119.03644,33.484],[-119.03662,33.48378],[-119.03634,33.48371],[-119.03636,33.48343],[-119.03679,33.48307],[-119.03709,33.48305],[-119.03696,33.48308],[-119.03691,33.48319],[-119.03675,33.48323],[-119.03664,33.48334],[-119.03685,33.4833],[-119.03717335894622,33.48309279912184],[-119.03723,33.48314],[-119.03734,33.48306],[-119.03718066420664,33.48308811808118],[-119.03788,33.48264],[-119.03842,33.48289],[-119.0384,33.48257],[-119.03888,33.48255],[-119.03912,33.48231],[-119.03937,33.48242],[-119.03929,33.48229],[-119.03994,33.48235],[-119.04087,33.48278],[-119.04059,33.48301],[-119.04076,33.48299],[-119.04069,33.48337],[-119.04082,33.4834],[-119.04084,33.48345],[-119.04080615384615,33.483463846153846],[-119.04081,33.48346]],[[-119.04076,33.48345],[-119.04068,33.4835],[-119.0408,33.48346],[-119.04076,33.48345]],[[-119.04074,33.48343],[-119.04069,33.48345],[-119.04076,33.48345],[-119.04074,33.48343]],[[-119.03578,33.4865],[-119.03578,33.48651],[-119.0358,33.4865],[-119.03578,33.4865]],[[-119.03566,33.48495],[-119.03567,33.48494],[-119.03565,33.48494],[-119.03566,33.48495]],[[-119.04057,33.48296],[-119.04036,33.48305],[-119.04038,33.48316],[-119.0405,33.48301],[-119.04059,33.48301],[-119.04057,33.48296]],[[-119.03426,33.48609],[-119.03425,33.48612],[-119.03428,33.48611],[-119.03426,33.48609]],[[-119.03435,33.48599],[-119.03439,33.48604],[-119.03444,33.48593],[-119.03435,33.48599]],[[-119.03446,33.48633],[-119.03446,33.48638],[-119.03451,33.48631],[-119.03446,33.48633]],[[-119.03449,33.48629],[-119.03449,33.4863],[-119.03451,33.48631],[-119.03449,33.48629]],[[-119.03451,33.48589],[-119.03455,33.48598],[-119.03464,33.48596],[-119.03451,33.48589]],[[-119.03458,33.48628],[-119.03456,33.48633],[-119.03463,33.4863],[-119.03458,33.48628]],[[-119.03464,33.48612],[-119.03466,33.48597],[-119.03457,33.48601],[-119.03464,33.48612]],[[-119.03457,33.48688],[-119.03457,33.48692],[-119.03459,33.48692],[-119.03457,33.48688]],[[-119.03464,33.4862],[-119.03461,33.48618],[-119.0346,33.4862],[-119.03464,33.4862]],[[-119.0347,33.48596],[-119.03469,33.48597],[-119.03472,33.48597],[-119.0347,33.48596]],[[-119.03467,33.48599],[-119.03469,33.48599],[-119.03469,33.48597],[-119.03467,33.48599]],[[-119.0347,33.48602],[-119.03467,33.48602],[-119.03467,33.48603],[-119.0347,33.48602]],[[-119.0347,33.48547],[-119.03468,33.48548],[-119.03468,33.4855],[-119.03472,33.48549],[-119.0347,33.48547]],[[-119.03468,33.48692],[-119.0347,33.48692],[-119.0347,33.4869],[-119.03468,33.48692]],[[-119.0347,33.48663],[-119.03468,33.48663],[-119.03468,33.48665],[-119.0347,33.48663]],[[-119.03474,33.48685],[-119.03474,33.48686],[-119.03476,33.48686],[-119.03474,33.48685]],[[-119.03481,33.48658],[-119.03475,33.48658],[-119.03475,33.48659],[-119.03481,33.48658]],[[-119.03479,33.48547],[-119.03477,33.48547],[-119.03479,33.48548],[-119.03479,33.48547]],[[-119.03477,33.48665],[-119.03477,33.48667],[-119.03481,33.48667],[-119.03477,33.48665]],[[-119.0348,33.48614],[-119.03479,33.48613],[-119.03479,33.48614],[-119.0348,33.48614]],[[-119.03481,33.48573],[-119.03481,33.48572],[-119.03479,33.48572],[-119.03481,33.48573]],[[-119.03482,33.48478],[-119.03483,33.48476],[-119.0348,33.48477],[-119.03482,33.48478]],[[-119.03483,33.48612],[-119.03482,33.48612],[-119.03483,33.48613],[-119.03483,33.48612]],[[-119.03485,33.48696],[-119.03485,33.48692],[-119.03483,33.48692],[-119.03485,33.48696]],[[-119.03487,33.48663],[-119.03488,33.48659],[-119.03485,33.48661],[-119.03487,33.48663]],[[-119.03487,33.48513],[-119.03488,33.48513],[-119.03488,33.48512],[-119.03487,33.48513]],[[-119.03485,33.48513],[-119.03487,33.48515],[-119.03487,33.48513],[-119.03485,33.48513]],[[-119.03486,33.48568],[-119.03486,33.48569],[-119.03492,33.48569],[-119.03486,33.48568]],[[-119.03494,33.48669],[-119.03494,33.48665],[-119.0349,33.48665],[-119.03494,33.48669]],[[-119.03494,33.48661],[-119.03494,33.48663],[-119.03496,33.48663],[-119.03494,33.48661]],[[-119.03505,33.48603],[-119.03505,33.48588],[-119.03499,33.48592],[-119.03505,33.48603]],[[-119.03503,33.48583],[-119.03501,33.48585],[-119.03505,33.48586],[-119.03503,33.48583]],[[-119.03509,33.48679],[-119.03509,33.48678],[-119.03507,33.48678],[-119.03509,33.48679]],[[-119.03516,33.4859],[-119.03516,33.48587],[-119.0351,33.48587],[-119.03516,33.4859]],[[-119.03517,33.48568],[-119.03514,33.48568],[-119.03514,33.48569],[-119.03517,33.48568]],[[-119.0352,33.48595],[-119.0352,33.48593],[-119.03517,33.48595],[-119.0352,33.48595]],[[-119.03518,33.48583],[-119.03521,33.48583],[-119.03521,33.48579],[-119.03518,33.48583]],[[-119.0352,33.48672],[-119.03523,33.48672],[-119.03522,33.48671],[-119.0352,33.48672]],[[-119.03523,33.48575],[-119.03527,33.48573],[-119.03521,33.4857],[-119.03523,33.48575]],[[-119.03527,33.48577],[-119.03527,33.48575],[-119.03525,33.48575],[-119.03527,33.48577]],[[-119.03531,33.48428],[-119.03531,33.48427],[-119.03526,33.48428],[-119.03531,33.48428]],[[-119.0353,33.48581],[-119.03529,33.48579],[-119.03528,33.4858],[-119.0353,33.48581]],[[-119.03528,33.48687],[-119.03542,33.48682],[-119.03529,33.48677],[-119.03528,33.48687]],[[-119.03529,33.48588],[-119.0353,33.48588],[-119.0353,33.48582],[-119.03529,33.48588]],[[-119.03537,33.48419],[-119.03533,33.4842],[-119.03534,33.48422],[-119.03537,33.48419]],[[-119.03539,33.48415],[-119.03537,33.48417],[-119.03539,33.48417],[-119.03539,33.48415]],[[-119.03538,33.48419],[-119.0354,33.48419],[-119.03539,33.48418],[-119.03538,33.48419]],[[-119.0357,33.48634],[-119.03563,33.48631],[-119.03561,33.48634],[-119.0357,33.48634]],[[-119.03572,33.48563],[-119.03573,33.4856],[-119.0357,33.48561],[-119.03572,33.48563]],[[-119.0357,33.48651],[-119.03572,33.48651],[-119.03572,33.4865],[-119.0357,33.48651]],[[-119.03572,33.48479],[-119.03574,33.4848],[-119.03574,33.48479],[-119.03572,33.48479]],[[-119.03577,33.48502],[-119.03574,33.48502],[-119.03575,33.48504],[-119.03577,33.48502]],[[-119.0358,33.48635],[-119.03575,33.48636],[-119.03578,33.48636],[-119.0358,33.48635]],[[-119.03589,33.48633],[-119.03589,33.48635],[-119.03591,33.48635],[-119.03589,33.48633]],[[-119.03625,33.48548],[-119.03622,33.48547],[-119.03623,33.48549],[-119.03625,33.48548]],[[-119.03634,33.48547],[-119.03634,33.48545],[-119.0363,33.48546],[-119.03634,33.48547]],[[-119.03638,33.48548],[-119.03637,33.48548],[-119.03637,33.48549],[-119.03638,33.48548]],[[-119.03653,33.48526],[-119.0365,33.48526],[-119.0365,33.48527],[-119.03653,33.48526]],[[-119.03655,33.48529],[-119.03657,33.48529],[-119.03657,33.48527],[-119.03655,33.48529]],[[-119.03655,33.48518],[-119.03657,33.48518],[-119.03657,33.48517],[-119.03655,33.48518]],[[-119.03655,33.48538],[-119.03659,33.48538],[-119.03659,33.48535],[-119.03655,33.48538]],[[-119.03655,33.48531],[-119.03655,33.48533],[-119.03659,33.48531],[-119.03655,33.48531]],[[-119.03667,33.48529],[-119.03659,33.48529],[-119.03659,33.48531],[-119.03667,33.48529]],[[-119.03673,33.48417],[-119.03658,33.48439],[-119.03674,33.4844],[-119.03673,33.48417]],[[-119.03661,33.48535],[-119.03661,33.48533],[-119.03659,33.48533],[-119.03661,33.48535]],[[-119.03661,33.48538],[-119.03666,33.48536],[-119.03665,33.48536],[-119.03661,33.48538]],[[-119.03666,33.48522],[-119.03663,33.48522],[-119.03663,33.48524],[-119.03666,33.48522]],[[-119.0367,33.48406],[-119.03667,33.48407],[-119.03668,33.48408],[-119.0367,33.48406]],[[-119.0367,33.48522],[-119.03668,33.48522],[-119.03668,33.48524],[-119.0367,33.48522]],[[-119.03671,33.48381],[-119.03669,33.48381],[-119.0367,33.48385],[-119.03671,33.48381]],[[-119.03673,33.48385],[-119.03671,33.48385],[-119.03672,33.4839],[-119.03676,33.48389],[-119.03673,33.48385]],[[-119.03674,33.48524],[-119.03674,33.48525],[-119.03676,33.48525],[-119.03676,33.48524],[-119.03674,33.48524]],[[-119.03674,33.48523],[-119.03673,33.48524],[-119.03674,33.48524],[-119.03674,33.48523]],[[-119.03678,33.48522],[-119.03676,33.48522],[-119.03676,33.48524],[-119.03678,33.48522]],[[-119.03676,33.48396],[-119.03675,33.48397],[-119.03676,33.48397],[-119.03676,33.48396]],[[-119.03713,33.48431],[-119.03681,33.48413],[-119.03683,33.48448],[-119.03708,33.48454],[-119.03713,33.48431]],[[-119.03689,33.4852],[-119.03689,33.48519],[-119.03687,33.48519],[-119.03689,33.4852]],[[-119.03689,33.48523],[-119.0369,33.48522],[-119.03688,33.48522],[-119.03689,33.48523]],[[-119.03691,33.48517],[-119.03691,33.48519],[-119.03693,33.48519],[-119.03691,33.48517]],[[-119.03704,33.48328],[-119.03704,33.48323],[-119.03695,33.48325],[-119.03704,33.48328]],[[-119.03718,33.48348],[-119.03702,33.48335],[-119.03713,33.4835],[-119.03718,33.48348]],[[-119.03709,33.48323],[-119.03706,33.48323],[-119.03706,33.48325],[-119.03709,33.48323]],[[-119.03714,33.48508],[-119.03712,33.48508],[-119.03712,33.4851],[-119.03714,33.48508]],[[-119.03713,33.48319],[-119.03713,33.48318],[-119.03712,33.48319],[-119.03713,33.48319]],[[-119.03719,33.48314],[-119.03718,33.48315],[-119.03719,33.48315],[-119.03719,33.48314]],[[-119.03728,33.48417],[-119.03728,33.48433],[-119.03732,33.48414],[-119.03728,33.48417]],[[-119.03734,33.48346],[-119.03733,33.48346],[-119.03733,33.48347],[-119.03734,33.48346]],[[-119.03738,33.48513],[-119.03735,33.48513],[-119.03736,33.48515],[-119.03738,33.48513]],[[-119.03747,33.48364],[-119.03748,33.48364],[-119.03748,33.48362],[-119.03747,33.48364]],[[-119.0375,33.48302],[-119.03751,33.48302],[-119.0375,33.48301],[-119.0375,33.48302]],[[-119.03773,33.48354],[-119.03775,33.48349],[-119.03766,33.48348],[-119.03773,33.48354]],[[-119.03756,33.48344],[-119.03754,33.48347],[-119.03757,33.48349],[-119.03766,33.48348],[-119.03756,33.48344]],[[-119.03757,33.48298],[-119.03757,33.48297],[-119.03755,33.48297],[-119.03757,33.48298]],[[-119.03766,33.48335],[-119.03758,33.48337],[-119.0376,33.4834],[-119.03766,33.48335]],[[-119.0376,33.48297],[-119.0376,33.48296],[-119.03758,33.48297],[-119.0376,33.48297]],[[-119.03768,33.48293],[-119.03768,33.48291],[-119.03765,33.48292],[-119.03768,33.48293]],[[-119.03776,33.48301],[-119.03775,33.48298],[-119.0377,33.483],[-119.03776,33.48301]],[[-119.03773,33.48306],[-119.03774,33.48304],[-119.03773,33.48305],[-119.03773,33.48306]],[[-119.03778,33.48289],[-119.03777,33.48288],[-119.03777,33.48289],[-119.03778,33.48289]],[[-119.03781,33.48269],[-119.03781,33.4827],[-119.03782,33.48269],[-119.03781,33.48269]],[[-119.03782,33.48283],[-119.03781,33.48284],[-119.03782,33.48285],[-119.03782,33.48283]],[[-119.03787,33.48319],[-119.03802,33.48331],[-119.03808,33.4831],[-119.03787,33.48319]],[[-119.03801,33.48279],[-119.03801,33.48278],[-119.038,33.48278],[-119.03801,33.48279]],[[-119.0381,33.48279],[-119.0381,33.48278],[-119.03805,33.48279],[-119.0381,33.48279]],[[-119.03809,33.48325],[-119.03807,33.48323],[-119.03807,33.48326],[-119.03809,33.48325]],[[-119.03822931623931,33.483180854700855],[-119.03807,33.48338],[-119.03827,33.4832],[-119.03822931623931,33.483180854700855]],[[-119.03813,33.48319],[-119.03812,33.48319],[-119.03812,33.48321],[-119.03813,33.48319]],[[-119.03821,33.48365],[-119.03821,33.48364],[-119.03818,33.48364],[-119.03821,33.48365]],[[-119.03819,33.48295],[-119.03822,33.48295],[-119.03823,33.48291],[-119.03819,33.48295]],[[-119.03823,33.48356],[-119.03828,33.48354],[-119.03828,33.48351],[-119.03823,33.48356]],[[-119.0382,33.48357],[-119.03822,33.48358],[-119.03823,33.48356],[-119.0382,33.48357]],[[-119.03853,33.48278],[-119.03854,33.48276],[-119.03849,33.48276],[-119.03853,33.48278]],[[-119.03912,33.48426],[-119.03912,33.48428],[-119.03915,33.48428],[-119.03912,33.48426]],[[-119.03932,33.4823],[-119.03931,33.48232],[-119.03934,33.48232],[-119.03932,33.4823]],[[-119.03941,33.48243],[-119.03943,33.48242],[-119.03938,33.48241],[-119.03941,33.48243]],[[-119.03982,33.4849],[-119.0398,33.4849],[-119.0398,33.48492],[-119.03982,33.4849]],[[-119.03986,33.48436],[-119.03987,33.48436],[-119.03987,33.48435],[-119.03986,33.48436]],[[-119.03989,33.48489],[-119.03991,33.48489],[-119.03991,33.48487],[-119.03989,33.48489]],[[-119.03989,33.48483],[-119.03989,33.48485],[-119.03991,33.48485],[-119.03989,33.48483]],[[-119.03991,33.48458],[-119.03991,33.4846],[-119.03993,33.4846],[-119.03991,33.48458]],[[-119.03989,33.48456],[-119.03989,33.48458],[-119.03991,33.48458],[-119.03989,33.48456]],[[-119.03995,33.48482],[-119.03991,33.48482],[-119.03991,33.48483],[-119.03995,33.48482]],[[-119.04014,33.48268],[-119.04003,33.4827],[-119.0401,33.48278],[-119.04014,33.48268]],[[-119.04025,33.48443],[-119.04027,33.48435],[-119.0401,33.48439],[-119.04025,33.48443]],[[-119.04011,33.4828],[-119.04016,33.48281],[-119.04014,33.48279],[-119.04011,33.4828]],[[-119.04044,33.48285],[-119.04017,33.48281],[-119.04033,33.48296],[-119.04044,33.48285]],[[-119.04025,33.48445],[-119.04024,33.48448],[-119.04025,33.48448],[-119.04025,33.48445]],[[-119.04029,33.48453],[-119.04029,33.48451],[-119.04028,33.48451],[-119.04029,33.48453]],[[-119.04026,33.4845],[-119.04026,33.48451],[-119.04028,33.48451],[-119.04026,33.4845]],[[-119.04038,33.48337],[-119.04037,33.48329],[-119.04027,33.48342],[-119.04027282051283,33.48342846153846],[-119.04038,33.48337]],[[-119.04036,33.48298],[-119.04034,33.48298],[-119.04035,33.48301],[-119.04036,33.48298]],[[-119.04039,33.48421],[-119.0404,33.48418],[-119.04039,33.48418],[-119.04039,33.48421]],[[-119.0405,33.4833],[-119.04048,33.48321],[-119.04042,33.48321],[-119.0405,33.4833]],[[-119.04046,33.48442],[-119.04046,33.48441],[-119.04042,33.48444],[-119.04046,33.48442]],[[-119.04047,33.4845],[-119.04045,33.4845],[-119.04046,33.48452],[-119.04049,33.48452],[-119.04047,33.4845]],[[-119.04054,33.48317],[-119.04046,33.48314],[-119.04054,33.48324],[-119.04054,33.48317]],[[-119.04048,33.48437],[-119.04047,33.48442],[-119.04052,33.48442],[-119.04048,33.48437]],[[-119.04049,33.48283],[-119.04051,33.48283],[-119.04051,33.48281],[-119.04049,33.48283]],[[-119.04049,33.48451],[-119.04051,33.48451],[-119.04052,33.4845],[-119.04049,33.48451]],[[-119.04052,33.48306],[-119.0405,33.48306],[-119.04051,33.48308],[-119.04052,33.48306]],[[-119.0405,33.48415],[-119.04052,33.48415],[-119.04052,33.48412],[-119.0405,33.48415]],[[-119.0406,33.48397],[-119.04058,33.48393],[-119.0405,33.48402],[-119.0406,33.48397]],[[-119.04051,33.48293],[-119.04054,33.48293],[-119.04054,33.48292],[-119.04051,33.48293]],[[-119.04054,33.48435],[-119.04052,33.48435],[-119.04052,33.48437],[-119.04054,33.48435]],[[-119.04061,33.48335],[-119.04055,33.48334],[-119.04052,33.48349],[-119.04061,33.48335]],[[-119.04052,33.48428],[-119.04052,33.48432],[-119.04058,33.4843],[-119.04052,33.48428]],[[-119.04054,33.48303],[-119.04052,33.48304],[-119.04052,33.48305],[-119.04054,33.48303]],[[-119.04052,33.48329],[-119.04053,33.48329],[-119.04052,33.48328],[-119.04052,33.48329]],[[-119.0406,33.48453],[-119.0406,33.48448],[-119.04053,33.4845],[-119.0406,33.48453]],[[-119.04061,33.48411],[-119.04056,33.4841],[-119.04059,33.48419],[-119.04061,33.48411]],[[-119.04056,33.48419],[-119.04056,33.48421],[-119.04058,33.48421],[-119.04056,33.48419]],[[-119.04056,33.48424],[-119.04058,33.48426],[-119.04058,33.48423],[-119.04056,33.48424]],[[-119.04058,33.48432],[-119.04058,33.48433],[-119.04062,33.48433],[-119.04058,33.48432]],[[-119.04061,33.48296],[-119.04061,33.48297],[-119.04062,33.48297],[-119.04061,33.48296]],[[-119.04067,33.48439],[-119.04062,33.48437],[-119.04062,33.48444],[-119.04067,33.48439]],[[-119.04063,33.48404],[-119.04063,33.48406],[-119.04065,33.48406],[-119.04063,33.48404]],[[-119.04066,33.48314],[-119.04067,33.48313],[-119.04063,33.48313],[-119.04066,33.48314]],[[-119.04067,33.4829],[-119.04065,33.4829],[-119.04065,33.48291],[-119.04067,33.4829]],[[-119.04067,33.4833],[-119.04069,33.48331],[-119.04068,33.48329],[-119.04067,33.4833]],[[-119.04081,33.48342],[-119.04078,33.48342],[-119.04079,33.48344],[-119.04081,33.48342]],[[-119.04078,33.4834],[-119.04069,33.48341],[-119.04078,33.48342],[-119.04078,33.4834]],[[-119.04071,33.48413],[-119.04071,33.48411],[-119.04069,33.48411],[-119.04071,33.48413]],[[-119.04075,33.48393],[-119.04077,33.48393],[-119.04077,33.48391],[-119.04075,33.48393]],[[-119.04073,33.48395],[-119.04075,33.48395],[-119.04075,33.48393],[-119.04073,33.48395]],[[-119.04077,33.48448],[-119.04077,33.4845],[-119.04079,33.4845],[-119.04077,33.48448]],[[-119.04094,33.48461],[-119.04096,33.48461],[-119.04097,33.48459],[-119.04094,33.48461]],[[-119.04099,33.48463],[-119.04095,33.48463],[-119.04098,33.48466],[-119.04099,33.48463]]],[[[-119.03747,33.46445],[-119.03774,33.46464],[-119.0377,33.46452],[-119.03794,33.46455],[-119.03802,33.46485],[-119.03737,33.46495],[-119.03734,33.4651],[-119.03713,33.46494],[-119.037,33.46514],[-119.03649,33.46461],[-119.03689,33.46438],[-119.0364,33.4643],[-119.03635,33.46408],[-119.03656,33.46414],[-119.03648,33.46391],[-119.03672,33.46376],[-119.03695,33.46384],[-119.03691,33.46372],[-119.03703,33.4637],[-119.03702,33.46388],[-119.03682,33.46398],[-119.03701,33.46404],[-119.037,33.46437],[-119.03737,33.46395],[-119.03742,33.46433],[-119.03767,33.46432],[-119.03772,33.46444],[-119.03747,33.46445]],[[-119.03673,33.46383],[-119.03674,33.46379],[-119.03669,33.46381],[-119.03673,33.46383]],[[-119.0372,33.46481],[-119.03697,33.46482],[-119.03689,33.46492],[-119.03713,33.46485],[-119.03726,33.46495],[-119.0372,33.46481]],[[-119.03725,33.4648],[-119.03725,33.46479],[-119.0372,33.46481],[-119.03725,33.4648]],[[-119.03698,33.46375],[-119.037,33.46375],[-119.03699,33.46373],[-119.03698,33.46375]],[[-119.03707,33.46478],[-119.03705,33.46478],[-119.03705,33.46479],[-119.03707,33.46478]],[[-119.03716,33.46492],[-119.03717,33.4649],[-119.03714,33.46491],[-119.03716,33.46492]],[[-119.03723,33.46495],[-119.03721,33.46495],[-119.03721,33.46497],[-119.03723,33.46495]],[[-119.03726,33.46477],[-119.03729,33.46477],[-119.03729,33.46475],[-119.03726,33.46477]],[[-119.03768,33.46444],[-119.0377,33.46444],[-119.03769,33.46442],[-119.03768,33.46444]],[[-119.03775,33.46469],[-119.03774,33.4647],[-119.03776,33.4647],[-119.03776,33.46464],[-119.03775,33.46469]]],[[[-119.03922,33.46429],[-119.0389,33.4644],[-119.0389,33.46461],[-119.03853,33.46457],[-119.03865,33.46476],[-119.03839,33.46487],[-119.03824,33.46477],[-119.03794,33.46503],[-119.03792,33.46495],[-119.03806,33.46483],[-119.03811,33.46483],[-119.0381,33.46458],[-119.03832,33.46444],[-119.03837,33.46452],[-119.03852,33.46454],[-119.03841,33.46441],[-119.03865,33.46445],[-119.03858,33.46432],[-119.03879,33.46411],[-119.03857,33.46416],[-119.03846,33.46405],[-119.03882,33.46396],[-119.03895,33.46415],[-119.03909,33.46395],[-119.03923,33.46402],[-119.03922,33.46429]],[[-119.03809,33.46484],[-119.03806,33.46484],[-119.03807,33.46487],[-119.03809,33.46484]],[[-119.03828,33.46476],[-119.03826,33.46476],[-119.03826,33.46477],[-119.03828,33.46476]],[[-119.03835,33.4645],[-119.03833,33.4645],[-119.03835,33.46452],[-119.03835,33.4645]],[[-119.0385,33.46458],[-119.0385,33.46456],[-119.03848,33.46456],[-119.0385,33.46458]],[[-119.0385,33.46467],[-119.03852,33.46467],[-119.03852,33.46465],[-119.0385,33.46467]],[[-119.03873,33.46436],[-119.03876,33.4644],[-119.03889,33.46436],[-119.03865,33.46434],[-119.03873,33.46436]],[[-119.03863,33.46433],[-119.03863,33.46434],[-119.03865,33.46434],[-119.03863,33.46433]],[[-119.03871,33.46442],[-119.03871,33.4644],[-119.03869,33.4644],[-119.03871,33.46442]]],[[[-119.04343,33.46713],[-119.04356,33.46749],[-119.04343,33.46767],[-119.04284,33.4676],[-119.04305,33.46747],[-119.04291,33.46734],[-119.04259,33.46746],[-119.04275,33.46714],[-119.04268,33.46712],[-119.04255,33.46734],[-119.04242,33.4673],[-119.04238,33.46717],[-119.04231,33.46715],[-119.04234,33.46747],[-119.0425,33.4675],[-119.04206,33.46771],[-119.04235,33.46802],[-119.04259,33.46793],[-119.04285,33.46829],[-119.04258,33.46862],[-119.04242,33.46856],[-119.04223,33.46868],[-119.04345,33.4686],[-119.04332,33.46905],[-119.0436,33.46949],[-119.04367,33.46974],[-119.04329,33.46989],[-119.04332,33.47006],[-119.04315,33.47033],[-119.04298,33.4703],[-119.04309,33.47037],[-119.04288,33.47064],[-119.04204,33.4702],[-119.04194,33.47033],[-119.04185,33.47033],[-119.04191,33.47002],[-119.04171,33.47024],[-119.04141,33.47016],[-119.04133,33.46991],[-119.04148,33.46982],[-119.04122,33.46977],[-119.04102,33.46889],[-119.04089,33.46896],[-119.04088,33.46877],[-119.04048,33.46852],[-119.0406,33.46754],[-119.04046,33.46767],[-119.0404,33.46744],[-119.04015,33.46747],[-119.0402,33.46731],[-119.04044,33.46745],[-119.04046,33.46741],[-119.0401,33.46705],[-119.04028,33.46697],[-119.04001,33.46682],[-119.03997,33.46703],[-119.03989,33.46687],[-119.03994,33.46658],[-119.0398,33.4666],[-119.03972,33.46655],[-119.03987,33.46642],[-119.04021,33.46664],[-119.04003,33.46639],[-119.04024,33.46644],[-119.04029,33.46641],[-119.04004,33.46635],[-119.03989,33.46608],[-119.03964,33.46618],[-119.0396,33.46614],[-119.03978,33.46611],[-119.03962,33.46605],[-119.03958,33.46586],[-119.03983,33.4659],[-119.03974,33.46594],[-119.03979,33.46602],[-119.03997,33.46587],[-119.03979,33.46526],[-119.03995,33.46517],[-119.03961,33.46484],[-119.0395,33.46536],[-119.03933,33.46558],[-119.039,33.46567],[-119.03879,33.46558],[-119.03899,33.46555],[-119.03899,33.46533],[-119.03931,33.46504],[-119.03899,33.46483],[-119.03916,33.46489],[-119.03916,33.46455],[-119.0394,33.46435],[-119.03978,33.46458],[-119.0397,33.4648],[-119.0403,33.46465],[-119.04056,33.46497],[-119.04109,33.46496],[-119.04107,33.46519],[-119.04147,33.4655],[-119.04236,33.46544],[-119.0429,33.46601],[-119.04269,33.4662],[-119.043,33.46645],[-119.04298,33.46665],[-119.04282,33.46644],[-119.04261,33.46667],[-119.04294,33.467],[-119.0428,33.46709],[-119.04355,33.46675],[-119.04343,33.46713]],[[-119.03915,33.46561],[-119.03914,33.46562],[-119.03916,33.46562],[-119.03915,33.46561]],[[-119.03937,33.46538],[-119.03939,33.46538],[-119.03938,33.46536],[-119.03937,33.46538]],[[-119.03977,33.46655],[-119.03976,33.46657],[-119.03979,33.46656],[-119.03977,33.46655]],[[-119.03978,33.46495],[-119.03989,33.46504],[-119.03991,33.46491],[-119.03978,33.46495]],[[-119.03986,33.46656],[-119.03986,33.46654],[-119.03984,33.46654],[-119.03986,33.46656]],[[-119.0399,33.46548],[-119.0399,33.46546],[-119.03987,33.46546],[-119.0399,33.46548]],[[-119.03989,33.46488],[-119.03991,33.46488],[-119.03991,33.46486],[-119.03989,33.46488]],[[-119.03993,33.46486],[-119.03993,33.46484],[-119.03991,33.46484],[-119.03993,33.46486]],[[-119.03991,33.46687],[-119.03994,33.46693],[-119.03997,33.46691],[-119.03991,33.46687]],[[-119.04009,33.46678],[-119.04009,33.46681],[-119.04011,33.4668],[-119.04009,33.46678]],[[-119.04002,33.46676],[-119.04004,33.4668],[-119.04009,33.46678],[-119.04002,33.46676]],[[-119.03997,33.46678],[-119.04,33.46679],[-119.04002,33.46676],[-119.03997,33.46678]],[[-119.04001,33.46671],[-119.04001,33.46672],[-119.04005,33.46674],[-119.04001,33.46671]],[[-119.04002,33.46621],[-119.04003,33.46623],[-119.04004,33.46623],[-119.04002,33.46621]],[[-119.04006,33.46658],[-119.04007,33.46656],[-119.04004,33.46656],[-119.04006,33.46658]],[[-119.04005,33.46623],[-119.04005,33.46625],[-119.04006,33.46625],[-119.04005,33.46623]],[[-119.04064,33.46693],[-119.04054,33.46678],[-119.04041,33.4669],[-119.0401,33.46673],[-119.04025,33.46688],[-119.04042,33.46705],[-119.0405,33.46696],[-119.04064,33.46693]],[[-119.04023,33.46693],[-119.04027,33.46694],[-119.04025,33.46688],[-119.04023,33.46693]],[[-119.04026,33.46634],[-119.04024,33.46637],[-119.04025,33.46637],[-119.04026,33.46634]],[[-119.04027,33.46663],[-119.04027,33.46661],[-119.04025,33.46661],[-119.04027,33.46663]],[[-119.04035,33.46641],[-119.04035,33.46639],[-119.04034,33.4664],[-119.04035,33.46641]],[[-119.04039,33.46648],[-119.04037,33.46649],[-119.04039,33.46649],[-119.04039,33.46648]],[[-119.0404,33.46647],[-119.04041,33.46646],[-119.04039,33.46646],[-119.0404,33.46647]],[[-119.04041,33.46686],[-119.04043,33.46687],[-119.04043,33.46685],[-119.04041,33.46686]],[[-119.0405,33.46701],[-119.04047,33.46701],[-119.04047,33.46702],[-119.0405,33.46701]],[[-119.04054,33.46751],[-119.04053,33.46752],[-119.04055,33.46753],[-119.04054,33.46751]],[[-119.04059,33.46834],[-119.04061,33.46836],[-119.04061,33.46834],[-119.04059,33.46834]],[[-119.04063,33.46832],[-119.04061,33.46832],[-119.04061,33.46834],[-119.04063,33.46832]],[[-119.04069,33.46769],[-119.04065,33.46768],[-119.04062,33.46771],[-119.04069,33.46769]],[[-119.04063,33.46654],[-119.04067,33.46655],[-119.04067,33.46654],[-119.04063,33.46654]],[[-119.04075,33.46664],[-119.04065,33.46662],[-119.04066,33.46689],[-119.04075,33.46664]],[[-119.04068,33.46656],[-119.04069,33.46657],[-119.04069,33.46656],[-119.04068,33.46656]],[[-119.04075,33.46695],[-119.04073,33.467],[-119.0408,33.46694],[-119.04075,33.46695]],[[-119.04083,33.46691],[-119.0408,33.46688],[-119.0408,33.46694],[-119.04083,33.46691]],[[-119.04075,33.46658],[-119.04074,33.46658],[-119.04075,33.4666],[-119.04075,33.46658]],[[-119.04092,33.46653],[-119.04093,33.46652],[-119.04092,33.46652],[-119.04092,33.46653]],[[-119.04165,33.46796],[-119.04151,33.46745],[-119.04132,33.46727],[-119.04107,33.46777],[-119.04138,33.46805],[-119.04165,33.46796]],[[-119.04111,33.46548],[-119.04111,33.46547],[-119.0411,33.46547],[-119.04111,33.46548]],[[-119.04121,33.4657],[-119.04121,33.46569],[-119.04119,33.46569],[-119.04121,33.4657]],[[-119.04121,33.46683],[-119.04124,33.46683],[-119.04124,33.46681],[-119.04121,33.46683]],[[-119.04137,33.4669],[-119.04143,33.46689],[-119.04121,33.46688],[-119.04137,33.4669]],[[-119.04123,33.46565],[-119.04123,33.46569],[-119.04126,33.46568],[-119.04123,33.46565]],[[-119.04146,33.46641],[-119.04135,33.46681],[-119.04145,33.46673],[-119.04163,33.46683],[-119.04148,33.46659],[-119.04186,33.4666],[-119.04146,33.46641]],[[-119.04137,33.46684],[-119.04137,33.46685],[-119.04138,33.46685],[-119.04137,33.46684]],[[-119.04138,33.46729],[-119.04147,33.46729],[-119.04143,33.46726],[-119.0414,33.46727],[-119.04137,33.4673],[-119.04138,33.46729]],[[-119.04138,33.46687],[-119.04144,33.46687],[-119.04141,33.46686],[-119.04138,33.46687]],[[-119.04148,33.46725],[-119.04149,33.46726],[-119.04147,33.46722],[-119.04148,33.46725]],[[-119.04153,33.46803],[-119.04153,33.46806],[-119.04157,33.46806],[-119.04153,33.46803]],[[-119.04171,33.46565],[-119.04156,33.46579],[-119.04172,33.46584],[-119.04171,33.46565]],[[-119.04162,33.46756],[-119.04157,33.46758],[-119.04164,33.46758],[-119.04162,33.46756]],[[-119.04211,33.46988],[-119.04195,33.46985],[-119.04185,33.46956],[-119.04192,33.46956],[-119.04188,33.4695],[-119.04157,33.46976],[-119.04173,33.46968],[-119.04177,33.46998],[-119.04211,33.46988]],[[-119.0416,33.46558],[-119.04164,33.46557],[-119.04163,33.46552],[-119.0416,33.46558]],[[-119.04169,33.46841],[-119.0417,33.4684],[-119.04167,33.4684],[-119.04169,33.46841]],[[-119.04167,33.46847],[-119.04182,33.46849],[-119.04174,33.46841],[-119.04167,33.46847]],[[-119.04172,33.4684],[-119.04172,33.46841],[-119.04174,33.46841],[-119.04172,33.4684]],[[-119.04168,33.47008],[-119.04169,33.47011],[-119.0417,33.47008],[-119.04168,33.47008]],[[-119.04183,33.46788],[-119.04172,33.46791],[-119.04172,33.46803],[-119.04183,33.46788]],[[-119.04173,33.46958],[-119.04175,33.46958],[-119.04175,33.46957],[-119.04173,33.46958]],[[-119.04177,33.46855],[-119.04174,33.46869],[-119.04182,33.46871],[-119.04177,33.46855]],[[-119.04181,33.46826],[-119.04179,33.46824],[-119.04178,33.46826],[-119.04181,33.46826]],[[-119.04182,33.46565],[-119.0418,33.46565],[-119.0418,33.46567],[-119.04182,33.46565]],[[-119.0418,33.46949],[-119.04181,33.46949],[-119.04181,33.46948],[-119.0418,33.46949]],[[-119.04184,33.46831],[-119.04182,33.4683],[-119.04182,33.46831],[-119.04184,33.46831]],[[-119.04239,33.4659],[-119.04184,33.4659],[-119.04215,33.46618],[-119.04239,33.4659]],[[-119.04191,33.46961],[-119.0419,33.46965],[-119.04193,33.46964],[-119.04191,33.46961]],[[-119.04191,33.46799],[-119.0419,33.46799],[-119.04191,33.468],[-119.04191,33.46799]],[[-119.04193,33.46771],[-119.04191,33.46781],[-119.04195,33.46782],[-119.04192,33.46754],[-119.04193,33.46771]],[[-119.042,33.46663],[-119.04192,33.46656],[-119.04192,33.46661],[-119.042,33.46663]],[[-119.04196,33.46969],[-119.04192,33.4697],[-119.04192,33.46973],[-119.04196,33.46969]],[[-119.04193,33.47015],[-119.04193,33.47016],[-119.04196,33.47015],[-119.04193,33.47015]],[[-119.04194,33.47026],[-119.04194,33.47027],[-119.04195,33.47027],[-119.04194,33.47026]],[[-119.04204,33.46668],[-119.04208,33.46666],[-119.04206,33.46652],[-119.04204,33.46663],[-119.04196,33.46664],[-119.04204,33.46668]],[[-119.04201,33.46778],[-119.04199,33.46778],[-119.04199,33.46779],[-119.04201,33.46778]],[[-119.04201,33.46973],[-119.04199,33.46972],[-119.042,33.46974],[-119.04201,33.46973]],[[-119.04201,33.4658],[-119.0421,33.46567],[-119.04205,33.46567],[-119.04201,33.4658]],[[-119.04203,33.46564],[-119.04202,33.46566],[-119.04205,33.46567],[-119.04203,33.46564]],[[-119.04203,33.4656],[-119.04201,33.4656],[-119.04202,33.46564],[-119.04203,33.4656]],[[-119.04208,33.46783],[-119.04205,33.46785],[-119.04207,33.46789],[-119.04208,33.46783]],[[-119.04221,33.468],[-119.0422,33.46807],[-119.04224,33.46805],[-119.04221,33.468]],[[-119.04217,33.46807],[-119.04219,33.4681],[-119.0422,33.46807],[-119.04217,33.46807]],[[-119.04211,33.46793],[-119.04207,33.46807],[-119.04217,33.46807],[-119.04211,33.46793]],[[-119.04213,33.46813],[-119.04208,33.46819],[-119.042125,33.468185],[-119.04212,33.46819],[-119.04213,33.46821],[-119.04213,33.46818444444444],[-119.04217,33.46818],[-119.04213,33.46813]],[[-119.0421,33.46669],[-119.04208,33.46669],[-119.04208,33.4667],[-119.0421,33.46669]],[[-119.04241,33.46816],[-119.04213,33.46824],[-119.0426,33.46843],[-119.04241,33.46816]],[[-119.04262,33.46701],[-119.04258,33.46696],[-119.04264,33.46681],[-119.04251,33.46696],[-119.04253,33.46675],[-119.04239,33.46677],[-119.04225,33.46668],[-119.04229,33.46678],[-119.04216,33.46698],[-119.04238,33.46714],[-119.04243,33.467112916666665],[-119.04243,33.46713],[-119.04244,33.46711],[-119.04243538461539,33.46711],[-119.04262,33.46701]],[[-119.04213,33.46698],[-119.04215,33.467],[-119.04216,33.46698],[-119.04213,33.46698]],[[-119.04218,33.4658],[-119.04219,33.46581],[-119.0422,33.4658],[-119.04218,33.4658]],[[-119.04223,33.46665],[-119.04224,33.46663],[-119.04221,33.46656],[-119.04223,33.46665]],[[-119.04223,33.4688],[-119.04222,33.46883],[-119.04225,33.46883],[-119.04223,33.4688]],[[-119.04223,33.46739],[-119.04225,33.46729],[-119.04222,33.46729],[-119.04223,33.46739]],[[-119.04228,33.47015],[-119.04228,33.47008],[-119.04224,33.47009],[-119.04228,33.47015]],[[-119.04225,33.4689],[-119.04224,33.46889],[-119.04224,33.46891],[-119.04225,33.4689]],[[-119.04231,33.46905],[-119.04238,33.46896],[-119.04226,33.46891],[-119.04231,33.46905]],[[-119.04228,33.4673],[-119.04227,33.46729],[-119.04227,33.4673],[-119.04228,33.4673]],[[-119.04239,33.46751],[-119.04231,33.46746],[-119.04227,33.46753],[-119.04239,33.46751]],[[-119.04228,33.47002],[-119.0423,33.47006],[-119.04237,33.47002],[-119.04228,33.47002]],[[-119.04267,33.46987],[-119.04254,33.47],[-119.04245,33.46988],[-119.04259,33.46979],[-119.04244,33.46967],[-119.04253,33.46982],[-119.04239,33.46987],[-119.04232,33.4699],[-119.04232,33.46993],[-119.04237,33.46993],[-119.04241,33.46993],[-119.04241,33.46999],[-119.04241,33.47],[-119.0425,33.46999],[-119.04254,33.47012],[-119.04231,33.47015],[-119.04253,33.47045],[-119.04263,33.47033],[-119.04279,33.47043],[-119.04269,33.47027],[-119.04267,33.46987]],[[-119.04235,33.46997],[-119.04237,33.46997],[-119.04237,33.46993],[-119.04235,33.46997]],[[-119.04246,33.46675],[-119.04257,33.46662],[-119.04235,33.46645],[-119.0425,33.4663],[-119.04232,33.46634],[-119.04238,33.46664],[-119.04246,33.46675]],[[-119.04233,33.46632],[-119.04235,33.46632],[-119.04234,33.4663],[-119.04233,33.46632]],[[-119.04238,33.46669],[-119.04239,33.46667],[-119.04236,33.46667],[-119.04238,33.46669]],[[-119.04242,33.46872],[-119.04244,33.4687],[-119.04239,33.4687],[-119.04242,33.46872]],[[-119.0424,33.47037],[-119.0424,33.47038],[-119.04246,33.4704],[-119.0424,33.47037]],[[-119.04251,33.46723],[-119.04241,33.46719],[-119.04241,33.46724],[-119.04251,33.46723]],[[-119.04242,33.46893],[-119.04241,33.46893],[-119.04243,33.46894],[-119.04242,33.46893]],[[-119.04246,33.46885],[-119.04251,33.46887],[-119.04255,33.46881],[-119.04246,33.46885]],[[-119.0425,33.46989],[-119.0425,33.46991],[-119.04252,33.46991],[-119.0425,33.46989]],[[-119.04253,33.46626],[-119.04253,33.46625],[-119.04251,33.4663],[-119.04253,33.46626]],[[-119.04252,33.46632],[-119.04252,33.46634],[-119.04254,33.46633],[-119.04252,33.46632]],[[-119.04254,33.4673],[-119.04253,33.46728],[-119.04253,33.4673],[-119.04254,33.4673]],[[-119.04257,33.46659],[-119.04257,33.46658],[-119.04255,33.46658],[-119.04257,33.46659]],[[-119.04255,33.4663],[-119.04255,33.46632],[-119.04256,33.46631],[-119.04255,33.4663]],[[-119.04256,33.46637],[-119.04259,33.46637],[-119.04256,33.46636],[-119.04256,33.46637]],[[-119.04259,33.47044],[-119.04258,33.47044],[-119.04258,33.47045],[-119.04259,33.47044]],[[-119.04268,33.46703],[-119.04266,33.46705],[-119.04264,33.46705],[-119.0426,33.46705],[-119.04273,33.46709],[-119.04273,33.46698],[-119.04268,33.46703]],[[-119.04261,33.46639],[-119.04263,33.46639],[-119.04263,33.46636],[-119.04261,33.46639]],[[-119.04264,33.46632],[-119.04263,33.46632],[-119.04263,33.46633],[-119.04264,33.46632]],[[-119.04265,33.4663],[-119.04265,33.46627],[-119.04263,33.46627],[-119.04265,33.4663]],[[-119.04263,33.46642],[-119.04264,33.4664],[-119.04263,33.4664],[-119.04263,33.46642]],[[-119.0427,33.46636],[-119.04267,33.46636],[-119.04267,33.46638],[-119.0427,33.46636]],[[-119.04272,33.46739],[-119.0427,33.46739],[-119.04272,33.4674],[-119.04272,33.46739]],[[-119.04278,33.46639],[-119.04273,33.46639],[-119.04275,33.46644],[-119.0428,33.46644],[-119.04278,33.46639]],[[-119.04271,33.46647],[-119.04275,33.46647],[-119.04275,33.46644],[-119.04271,33.46647]],[[-119.04273,33.46981],[-119.04273,33.46982],[-119.04275,33.46983],[-119.04273,33.46981]],[[-119.04277,33.46705],[-119.04277,33.46707],[-119.04279,33.46707],[-119.04277,33.46705]],[[-119.04284,33.47044],[-119.04281,33.47042],[-119.04281,33.47044],[-119.04284,33.47044]],[[-119.04284,33.47029],[-119.04284,33.47032],[-119.04285,33.47032],[-119.04284,33.47029]],[[-119.04309,33.46698],[-119.04307,33.46698],[-119.04308,33.467],[-119.04309,33.46698]],[[-119.04312,33.47024],[-119.04312,33.4702],[-119.04311,33.4702],[-119.04312,33.47024]],[[-119.04324,33.46875],[-119.04325,33.46873],[-119.04323,33.46873],[-119.04324,33.46875]],[[-119.04325,33.46894],[-119.0433,33.46894],[-119.04329,33.46892],[-119.04325,33.46894]],[[-119.04355,33.46964],[-119.0436,33.46958],[-119.04355,33.46958],[-119.04355,33.46964]],[[-119.04352,33.4697],[-119.04354,33.46972],[-119.04355,33.46964],[-119.04352,33.4697]]],[[[-119.0481,33.49065],[-119.0481,33.49088],[-119.04796,33.49089],[-119.04781,33.49068],[-119.04773,33.49066],[-119.04769,33.49078],[-119.04745,33.49088],[-119.04761,33.49093],[-119.04749,33.49114],[-119.0476,33.49115],[-119.04766,33.49134],[-119.04756,33.49135],[-119.04771,33.49138],[-119.04756,33.49166],[-119.04788,33.49169],[-119.04806,33.49217],[-119.04833,33.49214],[-119.04825,33.49224],[-119.04757,33.49232],[-119.04772,33.49234],[-119.0477,33.49245],[-119.04765,33.49247],[-119.0479,33.49253],[-119.04819,33.49239],[-119.04822,33.49256],[-119.04836,33.4924],[-119.04835,33.49255],[-119.04772,33.49282],[-119.0476,33.49279],[-119.04755,33.49274],[-119.04752,33.49268],[-119.04726,33.49264],[-119.04781,33.49291],[-119.0476,33.49296],[-119.04769,33.49318],[-119.04749,33.49331],[-119.04663,33.49323],[-119.04621,33.4935],[-119.04563,33.49339],[-119.04548,33.49363],[-119.04463,33.49351],[-119.04484,33.49317],[-119.04473,33.49313],[-119.04471,33.49293],[-119.04448,33.49295],[-119.04448,33.49292],[-119.04476,33.49281],[-119.0447,33.49257],[-119.0442,33.49264],[-119.04411,33.49249],[-119.04405,33.49273],[-119.0442,33.49269],[-119.04404,33.49283],[-119.04415,33.49285],[-119.04424,33.49293],[-119.04401,33.49287],[-119.04386,33.4931],[-119.0437,33.49303],[-119.0438,33.49284],[-119.04343,33.49287],[-119.0434,33.49268],[-119.04325,33.49287],[-119.04283,33.49293],[-119.04267,33.49268],[-119.04278,33.49269],[-119.0427,33.49265],[-119.04271,33.49258],[-119.04284,33.49257],[-119.04263,33.49247],[-119.04244,33.49259],[-119.04224,33.49249],[-119.04225,33.49267],[-119.04188,33.49272],[-119.04210072289158,33.49241650602409],[-119.04211,33.4925],[-119.04218,33.49245],[-119.042104,33.492411999999995],[-119.04212,33.49239],[-119.04189,33.49223],[-119.04186,33.49243],[-119.04175,33.49241],[-119.04187,33.49249],[-119.04164,33.49263],[-119.041,33.4925],[-119.04084,33.49223],[-119.04103,33.49224],[-119.04094,33.49203],[-119.04077,33.49214],[-119.0408,33.49191],[-119.04065,33.49183],[-119.04064,33.49201],[-119.04045,33.49158],[-119.04028,33.49164],[-119.04022,33.49161],[-119.04024,33.49152],[-119.04011,33.49145],[-119.04017,33.49126],[-119.04002,33.49127],[-119.03997,33.49094],[-119.03967,33.4906],[-119.03951,33.49022],[-119.03957,33.48982],[-119.03933,33.48985],[-119.03928,33.49022],[-119.03894,33.48992],[-119.03908,33.48991],[-119.0389,33.4897],[-119.039,33.48917],[-119.03911,33.48908],[-119.03942,33.48907],[-119.03968,33.48891],[-119.04006,33.48894],[-119.04012,33.48912],[-119.03995,33.4891],[-119.03993,33.48905],[-119.03996,33.48919],[-119.03982,33.48918],[-119.03993,33.4893],[-119.04025,33.48917],[-119.04019,33.48906],[-119.04024,33.48892],[-119.04047,33.48921],[-119.04071,33.48901],[-119.04182,33.48885],[-119.04209,33.48904],[-119.04203,33.48915],[-119.0424,33.48921],[-119.0425,33.48934],[-119.04237,33.48938],[-119.0428,33.48942],[-119.04295,33.48959],[-119.04294,33.48977],[-119.04321,33.48948],[-119.0437,33.48941],[-119.04361,33.48939],[-119.04365,33.48922],[-119.04374,33.48929],[-119.04368,33.48938],[-119.04376,33.48938],[-119.04375,33.48934],[-119.04379,33.48924],[-119.04387,33.48922],[-119.044,33.48934],[-119.04393,33.48935],[-119.04396,33.48941],[-119.04401,33.48937],[-119.04422,33.48938],[-119.04463,33.48963],[-119.04466,33.48959],[-119.0447,33.48956],[-119.045,33.48961],[-119.04516,33.48946],[-119.04538,33.48944],[-119.04543,33.48953],[-119.04554,33.48936],[-119.04594,33.4894],[-119.04619,33.48972],[-119.04596,33.48975],[-119.0458,33.49037],[-119.04534,33.49042],[-119.04535,33.4907],[-119.04492,33.49108],[-119.04537,33.49094],[-119.04533,33.49085],[-119.04539,33.49076],[-119.04561,33.49079],[-119.04567,33.49106],[-119.04535,33.49125],[-119.04572,33.4914],[-119.0457,33.49102],[-119.04581,33.49083],[-119.04594,33.49082],[-119.04583,33.49053],[-119.04622,33.49044],[-119.0461,33.49066],[-119.04623,33.49071],[-119.04611,33.4908],[-119.04607,33.49079],[-119.04632,33.49089],[-119.04671,33.49064],[-119.04682,33.49064],[-119.04683,33.49074],[-119.04695,33.49066],[-119.04706,33.49072],[-119.04712,33.4901],[-119.04720020833334,33.489990625],[-119.04721,33.49002],[-119.04723,33.49],[-119.04720053571428,33.489990178571425],[-119.04723,33.48995],[-119.04749,33.48996],[-119.04712,33.48972],[-119.04739,33.48953],[-119.04746,33.48964],[-119.0479,33.48957],[-119.04843,33.48977],[-119.0483,33.4898],[-119.04843,33.48988],[-119.04838,33.49048],[-119.04814,33.4904],[-119.04831,33.49059],[-119.04825,33.49064],[-119.0481,33.49065]],[[-119.04808,33.49065],[-119.04809,33.49066],[-119.0481,33.49065],[-119.04808,33.49065]],[[-119.04757,33.49267],[-119.04753,33.49265],[-119.04752,33.49268],[-119.04757,33.49267]],[[-119.04668,33.4932],[-119.04658,33.49323],[-119.04663,33.49323],[-119.04668,33.4932]],[[-119.04272,33.49251],[-119.04264,33.49239],[-119.04263,33.49247],[-119.04272,33.49251]],[[-119.04186,33.49218],[-119.04183,33.49223],[-119.04189,33.49223],[-119.04186,33.49218]],[[-119.0402,33.49125],[-119.04018,33.49122],[-119.04017,33.49126],[-119.0402,33.49125]],[[-119.04531,33.49038],[-119.04529,33.49041],[-119.04534,33.49042],[-119.04531,33.49038]],[[-119.04489,33.49109],[-119.04491,33.49114],[-119.04492,33.49108],[-119.04489,33.49109]],[[-119.04607,33.49067],[-119.04609,33.49068],[-119.0461,33.49066],[-119.04607,33.49067]],[[-119.03904,33.4898],[-119.03904,33.48984],[-119.03906,33.48983],[-119.03904,33.4898]],[[-119.03918,33.48992],[-119.03917,33.48995],[-119.03919,33.48994],[-119.03918,33.48992]],[[-119.03909,33.48994],[-119.03908,33.49002],[-119.03917,33.48995],[-119.03909,33.48994]],[[-119.03916,33.49003],[-119.03915,33.49006],[-119.0392,33.49005],[-119.03916,33.49003]],[[-119.0392,33.48909],[-119.03917,33.48908],[-119.03918,33.4891],[-119.0392,33.48909]],[[-119.03965,33.49017],[-119.03965,33.49019],[-119.03967,33.49018],[-119.03965,33.49017]],[[-119.0396,33.49019],[-119.03961,33.49023],[-119.03965,33.49019],[-119.0396,33.49019]],[[-119.03959,33.49017],[-119.03955,33.49019],[-119.0396,33.49019],[-119.03959,33.49017]],[[-119.03987,33.48969],[-119.03983,33.48976],[-119.0399,33.48974],[-119.03987,33.48969]],[[-119.03976,33.4897],[-119.03982,33.48967],[-119.03974,33.48963],[-119.03956,33.48968],[-119.03961,33.48995],[-119.03988,33.49005],[-119.0398,33.48993],[-119.03983,33.48976],[-119.03976,33.4897]],[[-119.03966,33.49004],[-119.03973,33.49001],[-119.03965,33.48999],[-119.03966,33.49004]],[[-119.03979,33.49034],[-119.03971,33.49037],[-119.03973,33.49042],[-119.03991,33.49048],[-119.03983,33.49023],[-119.03968,33.49021],[-119.03979,33.49034]],[[-119.03977,33.49063],[-119.03972,33.49062],[-119.03973,33.49065],[-119.03977,33.49063]],[[-119.03971,33.4906],[-119.0397,33.49062],[-119.03972,33.49062],[-119.03971,33.4906]],[[-119.03975,33.49034],[-119.03976,33.49032],[-119.03973,33.49032],[-119.03975,33.49034]],[[-119.03976,33.49014],[-119.03973,33.49012],[-119.03978,33.49019],[-119.03976,33.49014]],[[-119.03977,33.48921],[-119.0398,33.48922],[-119.03979,33.48917],[-119.03977,33.48921]],[[-119.0398,33.48923],[-119.03982,33.48923],[-119.03982,33.48921],[-119.0398,33.48923]],[[-119.03977,33.48924],[-119.03979,33.48926],[-119.0398,33.48923],[-119.03977,33.48924]],[[-119.03984,33.48996],[-119.03986,33.49001],[-119.03991,33.49],[-119.03984,33.48996]],[[-119.03989,33.48916],[-119.03988,33.48918],[-119.03991,33.48917],[-119.03989,33.48916]],[[-119.04001,33.48909],[-119.04001,33.4891],[-119.04004,33.48909],[-119.04001,33.48909]],[[-119.04001,33.48905],[-119.03998,33.48907],[-119.04001,33.48909],[-119.04001,33.48905]],[[-119.04003,33.48904],[-119.04002,33.48903],[-119.04001,33.48905],[-119.04003,33.48904]],[[-119.04,33.49103],[-119.03999,33.49105],[-119.04002,33.49104],[-119.04,33.49103]],[[-119.04027,33.49145],[-119.04022,33.49146],[-119.04024,33.49149],[-119.04027,33.49145]],[[-119.04022,33.48907],[-119.04024,33.48909],[-119.04025,33.48906],[-119.04022,33.48907]],[[-119.04027,33.48905],[-119.04025,33.48905],[-119.04025,33.48906],[-119.04027,33.48905]],[[-119.04025,33.49158],[-119.04024,33.49161],[-119.04027,33.4916],[-119.04025,33.49158]],[[-119.04036,33.48914],[-119.04033,33.48913],[-119.04034,33.48916],[-119.04036,33.48914]],[[-119.04033,33.4891],[-119.04027,33.4891],[-119.04033,33.48913],[-119.04033,33.4891]],[[-119.04038,33.49151],[-119.04037,33.49153],[-119.04042,33.49152],[-119.04038,33.49151]],[[-119.04064,33.48914],[-119.04061,33.48913],[-119.04062,33.48915],[-119.04064,33.48914]],[[-119.04083,33.49206],[-119.04085,33.49207],[-119.04085,33.49204],[-119.04083,33.49206]],[[-119.04089,33.49199],[-119.04087,33.49202],[-119.04092,33.49203],[-119.04089,33.49199]],[[-119.04093,33.49227],[-119.04089,33.4923],[-119.04093,33.49233],[-119.04093,33.49227]],[[-119.04154,33.49257],[-119.04153,33.49259],[-119.04156,33.49259],[-119.04154,33.49257]],[[-119.04175,33.49224],[-119.04174,33.49227],[-119.04179,33.49226],[-119.04175,33.49224]],[[-119.04172,33.49227],[-119.04172,33.49229],[-119.04174,33.49227],[-119.04172,33.49227]],[[-119.04171,33.49224],[-119.04167,33.49226],[-119.04172,33.49227],[-119.04171,33.49224]],[[-119.04173,33.48892],[-119.04175,33.48892],[-119.04175,33.48891],[-119.04173,33.48892]],[[-119.04175,33.49239],[-119.04182,33.4924],[-119.04179,33.49232],[-119.04175,33.49239]],[[-119.0418,33.4922],[-119.04183,33.49221],[-119.04182,33.49217],[-119.0418,33.4922]],[[-119.04187,33.48902],[-119.04189,33.48924],[-119.04198,33.4892],[-119.04187,33.48902]],[[-119.04184,33.48924],[-119.04187,33.48926],[-119.04189,33.48924],[-119.04184,33.48924]],[[-119.04196,33.49268],[-119.04196,33.4927],[-119.04197,33.4927],[-119.04196,33.49268]],[[-119.0424,33.48934],[-119.0424,33.4893],[-119.04236,33.48931],[-119.0424,33.48934]],[[-119.04242,33.49254],[-119.04242,33.49256],[-119.04244,33.49256],[-119.04242,33.49254]],[[-119.04277,33.49263],[-119.04274,33.49263],[-119.04275,33.49265],[-119.04277,33.49263]],[[-119.04284,33.49282],[-119.04277,33.49281],[-119.04278,33.49283],[-119.04284,33.49282]],[[-119.04285,33.48959],[-119.04286,33.48956],[-119.04279,33.48957],[-119.04285,33.48959]],[[-119.04282,33.49269],[-119.04296,33.49265],[-119.04285,33.49265],[-119.04282,33.49269]],[[-119.04302,33.48975],[-119.04302,33.48978],[-119.04304,33.48977],[-119.04302,33.48975]],[[-119.043,33.48978],[-119.04301,33.4898],[-119.04302,33.48978],[-119.043,33.48978]],[[-119.04317,33.4897],[-119.04312,33.48972],[-119.04315,33.48975],[-119.04317,33.4897]],[[-119.04312,33.4897],[-119.0431,33.4897],[-119.04312,33.48972],[-119.04312,33.4897]],[[-119.04311,33.49287],[-119.04316,33.49287],[-119.04314,33.49285],[-119.04311,33.49287]],[[-119.04322,33.49269],[-119.04315,33.49269],[-119.04317,33.49273],[-119.04322,33.49269]],[[-119.04314,33.49267],[-119.04312,33.49269],[-119.04315,33.49269],[-119.04314,33.49267]],[[-119.04327,33.49277],[-119.04317,33.49278],[-119.04322,33.49284],[-119.04327,33.49277]],[[-119.04315,33.49273],[-119.04315,33.49278],[-119.04317,33.49278],[-119.04315,33.49273]],[[-119.04313,33.49279],[-119.04315,33.49281],[-119.04315,33.49278],[-119.04313,33.49279]],[[-119.04333,33.48954],[-119.04333,33.48952],[-119.04331,33.48952],[-119.04333,33.48954]],[[-119.04351,33.4926],[-119.04353,33.49262],[-119.04354,33.4926],[-119.04351,33.4926]],[[-119.04364,33.49261],[-119.04355,33.49258],[-119.04354,33.4926],[-119.04364,33.49261]],[[-119.04378,33.49266],[-119.04353,33.4927],[-119.04373,33.49272],[-119.04378,33.49266]],[[-119.0437,33.48929],[-119.04365,33.48929],[-119.04365,33.48933],[-119.0437,33.48929]],[[-119.04371,33.48945],[-119.04366,33.48944],[-119.04367,33.48946],[-119.04371,33.48945]],[[-119.04375,33.49282],[-119.04377,33.49282],[-119.04377,33.4928],[-119.04375,33.49282]],[[-119.04381,33.48933],[-119.04383,33.48929],[-119.04378,33.48928],[-119.04381,33.48933]],[[-119.04381,33.49266],[-119.04384,33.49267],[-119.04383,33.49264],[-119.04381,33.49266]],[[-119.04386,33.48927],[-119.0439,33.48938],[-119.04392,33.48928],[-119.04382,33.48926],[-119.04386,33.48927]],[[-119.04394,33.49274],[-119.04391,33.49274],[-119.04388,33.49266],[-119.04384,33.49278],[-119.04394,33.49274]],[[-119.04392,33.49268],[-119.0439,33.4927],[-119.04395,33.49269],[-119.04392,33.49268]],[[-119.04405,33.48939],[-119.04404,33.48942],[-119.04407,33.48941],[-119.04405,33.48939]],[[-119.044,33.48942],[-119.04402,33.48944],[-119.04404,33.48942],[-119.044,33.48942]],[[-119.04462,33.49291],[-119.0446,33.49291],[-119.04461,33.49293],[-119.04462,33.49291]],[[-119.0447,33.48959],[-119.04467,33.48959],[-119.04468,33.48961],[-119.0447,33.48959]],[[-119.04493,33.49257],[-119.04495,33.49242],[-119.04474,33.49252],[-119.04493,33.49257]],[[-119.04473,33.4925],[-119.04471,33.49252],[-119.04474,33.49252],[-119.04473,33.4925]],[[-119.04476,33.49266],[-119.0448,33.49267],[-119.04481,33.49265],[-119.04476,33.49266]],[[-119.04483,33.49264],[-119.04481,33.49263],[-119.04481,33.49265],[-119.04483,33.49264]],[[-119.0448,33.49311],[-119.04478,33.4931],[-119.04478,33.49312],[-119.0448,33.49311]],[[-119.04487,33.49325],[-119.04484,33.49324],[-119.04485,33.49327],[-119.04487,33.49325]],[[-119.04484,33.49323],[-119.04482,33.49323],[-119.04484,33.49324],[-119.04484,33.49323]],[[-119.04533,33.49097],[-119.04531,33.49096],[-119.04531,33.49099],[-119.04533,33.49097]],[[-119.04532,33.48953],[-119.04535,33.48954],[-119.04536,33.48948],[-119.04532,33.48953]],[[-119.04536,33.49085],[-119.04539,33.49085],[-119.04538,33.49083],[-119.04536,33.49085]],[[-119.04546,33.49356],[-119.0455,33.49355],[-119.04542,33.49354],[-119.04546,33.49356]],[[-119.04545,33.49103],[-119.04548,33.49103],[-119.04547,33.49101],[-119.04545,33.49103]],[[-119.04584,33.49002],[-119.04585,33.49002],[-119.04585,33.49001],[-119.04584,33.49002]],[[-119.04578,33.49005],[-119.0458,33.49008],[-119.04584,33.49002],[-119.04578,33.49005]],[[-119.04577,33.49003],[-119.04576,33.49005],[-119.04578,33.49005],[-119.04577,33.49003]],[[-119.04573,33.49006],[-119.04575,33.49008],[-119.04576,33.49005],[-119.04573,33.49006]],[[-119.04592,33.49114],[-119.04593,33.49096],[-119.04583,33.49098],[-119.04578,33.49117],[-119.04592,33.49114]],[[-119.04579,33.4901],[-119.04579,33.49012],[-119.0458,33.49012],[-119.04579,33.4901]],[[-119.04587,33.49089],[-119.04584,33.49088],[-119.04585,33.4909],[-119.04587,33.49089]],[[-119.04608,33.49073],[-119.04608,33.49077],[-119.04612,33.49077],[-119.04608,33.49073]],[[-119.04608,33.49072],[-119.04605,33.49073],[-119.04608,33.49073],[-119.04608,33.49072]],[[-119.0461,33.49071],[-119.04608,33.49069],[-119.04608,33.49072],[-119.0461,33.49071]],[[-119.04665,33.49074],[-119.04667,33.49077],[-119.04668,33.49072],[-119.04665,33.49074]],[[-119.04671,33.49072],[-119.04668,33.49071],[-119.04668,33.49072],[-119.04671,33.49072]],[[-119.04674,33.49074],[-119.04681,33.49074],[-119.04681,33.4907],[-119.04674,33.49074]],[[-119.04698,33.49076],[-119.04698,33.49068],[-119.04694,33.49068],[-119.04698,33.49076]],[[-119.04711,33.49274],[-119.04717,33.49287],[-119.04731,33.49273],[-119.04711,33.49274]],[[-119.0472,33.49036],[-119.04718,33.49038],[-119.04718,33.4904],[-119.0472,33.49036]],[[-119.04727,33.49307],[-119.04722,33.49305],[-119.0472,33.49319],[-119.04727,33.49307]],[[-119.04725,33.49322],[-119.04721,33.49322],[-119.04721,33.49328],[-119.04725,33.49322]],[[-119.04725,33.49143],[-119.04723,33.49151],[-119.04725,33.49146],[-119.04725,33.49143]],[[-119.04727,33.4929],[-119.0474,33.49284],[-119.04726,33.49279],[-119.04727,33.4929]],[[-119.04729,33.49134],[-119.04727,33.49135],[-119.04729,33.49135],[-119.04729,33.49134]],[[-119.04735,33.49146],[-119.04729,33.49151],[-119.04742,33.49153],[-119.04735,33.49146]],[[-119.04738,33.49288],[-119.04733,33.49288],[-119.04734,33.4929],[-119.04738,33.49288]],[[-119.04735,33.49136],[-119.04734,33.49138],[-119.04736,33.49138],[-119.04735,33.49136]],[[-119.04742,33.48999],[-119.04742,33.49001],[-119.04744,33.49],[-119.04742,33.48999]],[[-119.04739,33.49001],[-119.04741,33.49005],[-119.04742,33.49001],[-119.04739,33.49001]],[[-119.04742,33.49139],[-119.0474,33.4914],[-119.04746,33.49141],[-119.04742,33.49139]],[[-119.04749,33.49125],[-119.04746,33.49135],[-119.04758,33.49132],[-119.04749,33.49125]],[[-119.04748,33.49123],[-119.04746,33.49125],[-119.04749,33.49125],[-119.04748,33.49123]],[[-119.04749,33.4914],[-119.04754,33.49139],[-119.04751,33.49137],[-119.04749,33.4914]],[[-119.04759,33.49308],[-119.04759,33.49302],[-119.04755,33.49303],[-119.04759,33.49308]],[[-119.04757,33.49271],[-119.04757,33.49275],[-119.04759,33.49274],[-119.04757,33.49271]],[[-119.04764,33.4917],[-119.04765,33.49168],[-119.04762,33.49169],[-119.04764,33.4917]],[[-119.04763,33.4913],[-119.04762,33.49132],[-119.04764,33.49132],[-119.04763,33.4913]],[[-119.04767,33.49075],[-119.04765,33.49076],[-119.04767,33.49076],[-119.04767,33.49075]],[[-119.04766,33.49238],[-119.04771,33.49238],[-119.0477,33.49236],[-119.04766,33.49238]],[[-119.04785,33.48963],[-119.04786,33.48961],[-119.04783,33.48961],[-119.04785,33.48963]],[[-119.04784,33.49178],[-119.04789,33.49179],[-119.04788,33.49176],[-119.04784,33.49178]],[[-119.04798,33.4921],[-119.048,33.49211],[-119.04799,33.49209],[-119.04798,33.4921]],[[-119.04815,33.49247],[-119.0481,33.49247],[-119.0481,33.49251],[-119.04815,33.49247]],[[-119.04818,33.49061],[-119.04817,33.49057],[-119.04816,33.49059],[-119.04818,33.49061]],[[-119.04823,33.49064],[-119.04821,33.49061],[-119.04819,33.49062],[-119.04823,33.49064]],[[-119.04821,33.49221],[-119.04826,33.49221],[-119.04825,33.49219],[-119.04821,33.49221]],[[-119.04822,33.49057],[-119.04825,33.49057],[-119.04825,33.49055],[-119.04822,33.49057]],[[-119.04832,33.49039],[-119.04831,33.49043],[-119.04833,33.49042],[-119.04832,33.49039]],[[-119.04834,33.49019],[-119.04837,33.49019],[-119.04836,33.49017],[-119.04834,33.49019]]],[[[-119.04188,33.4857],[-119.04164,33.486],[-119.04198,33.48597],[-119.04181,33.48618],[-119.0411,33.48614],[-119.04116,33.48634],[-119.04053,33.48653],[-119.04071,33.4863],[-119.04053,33.48604],[-119.04062,33.48562],[-119.04054,33.48565],[-119.04044,33.48532],[-119.04068,33.48531],[-119.04063,33.48503],[-119.04088,33.48514],[-119.04085,33.48535],[-119.04144,33.48526],[-119.04153,33.48551],[-119.04176,33.48545],[-119.04188,33.4857]],[[-119.04161,33.48602],[-119.04164,33.48602],[-119.04164,33.486],[-119.04161,33.48602]],[[-119.04059,33.4856],[-119.04059,33.48561],[-119.04061,33.48562],[-119.04059,33.4856]],[[-119.04069,33.48614],[-119.04067,33.48614],[-119.04067,33.48616],[-119.04069,33.48614]],[[-119.04068,33.48538],[-119.04074,33.4854],[-119.04074,33.48531],[-119.04068,33.48538]],[[-119.04072,33.48518],[-119.04072,33.48516],[-119.0407,33.48516],[-119.04072,33.48518]],[[-119.04073,33.48636],[-119.04073,33.48634],[-119.04071,33.48634],[-119.04073,33.48636]],[[-119.04076,33.48522],[-119.04076,33.4852],[-119.04074,33.48521],[-119.04076,33.48522]],[[-119.04101,33.48632],[-119.04101,33.48634],[-119.04104,33.48633],[-119.04101,33.48632]],[[-119.04159,33.48599],[-119.04161,33.486],[-119.04162,33.48598],[-119.04159,33.48599]],[[-119.04177,33.48581],[-119.04179,33.48581],[-119.04178,33.48578],[-119.04177,33.48581]]],[[[-119.0508,33.48096],[-119.05054,33.48106],[-119.05066,33.48115],[-119.05053,33.48133],[-119.05075,33.48151],[-119.05005,33.481],[-119.04998,33.48117],[-119.05027,33.48142],[-119.05029,33.48153],[-119.04993,33.48151],[-119.04999,33.48189],[-119.04943,33.48195],[-119.04949,33.48208],[-119.04934,33.48221],[-119.04904,33.4821],[-119.04947,33.48242],[-119.04923,33.48253],[-119.04959,33.48262],[-119.04933,33.48287],[-119.04965,33.48336],[-119.04913,33.48323],[-119.04958,33.48371],[-119.04938,33.48392],[-119.04904,33.48368],[-119.04913,33.48388],[-119.049,33.4839],[-119.04923,33.48394],[-119.04906,33.48401],[-119.04911971428571,33.484060285714285],[-119.0491,33.48408],[-119.04912,33.48408],[-119.04912,33.484060526315794],[-119.04925,33.48417],[-119.04923,33.48426],[-119.04893,33.48426],[-119.04901,33.48428],[-119.0491,33.48439],[-119.04876,33.48426],[-119.04889,33.48415],[-119.04899,33.48419],[-119.04895,33.48404],[-119.04882,33.48415],[-119.04854,33.48415],[-119.04884,33.4844],[-119.04875,33.48457],[-119.04851,33.48464],[-119.04866,33.48474],[-119.04858,33.48483],[-119.04828,33.48469],[-119.04825,33.48487],[-119.0481,33.48499],[-119.04795,33.48499],[-119.04787,33.48495],[-119.04791,33.48515],[-119.04776,33.48503],[-119.04782,33.48528],[-119.04732,33.48544],[-119.04741,33.48551],[-119.04734,33.48558],[-119.04689,33.48563],[-119.04678,33.48585],[-119.04659,33.4857],[-119.04629,33.48574],[-119.04594,33.48566],[-119.04592,33.48559],[-119.04586,33.48573],[-119.04577,33.48573],[-119.04586,33.48544],[-119.04554,33.48533],[-119.04552,33.48515],[-119.04541,33.48533],[-119.04512,33.48529],[-119.04528,33.48537],[-119.04506,33.48553],[-119.04496,33.48527],[-119.04457,33.48528],[-119.04429,33.48505],[-119.04456,33.48553],[-119.04409,33.48586],[-119.04479,33.48577],[-119.04437,33.48603],[-119.04446,33.48645],[-119.04398,33.48646],[-119.04378,33.48672],[-119.04402,33.48673],[-119.04372,33.4868],[-119.04373,33.48697],[-119.04352,33.48692],[-119.04366,33.48701],[-119.04348,33.48711],[-119.04339,33.48697],[-119.04328,33.48718],[-119.04308,33.48716],[-119.04312,33.48696],[-119.04334,33.48679],[-119.04368,33.48683],[-119.0436,33.48668],[-119.044,33.48628],[-119.04351,33.4862],[-119.0435,33.48643],[-119.04327,33.4865],[-119.04314,33.48632],[-119.04333,33.48641],[-119.04333,33.48616],[-119.04315,33.48606],[-119.04323,33.48593],[-119.04366,33.48586],[-119.04374,33.48598],[-119.0437,33.48605],[-119.04407,33.48608],[-119.04415,33.48595],[-119.04399,33.48599],[-119.04377,33.48586],[-119.04396,33.48566],[-119.04388,33.48552],[-119.04297,33.486],[-119.04282,33.48592],[-119.04267,33.48614],[-119.04205,33.4859],[-119.04225,33.48563],[-119.04237,33.48572],[-119.04283,33.48547],[-119.04263,33.48542],[-119.04283,33.48533],[-119.04281,33.48515],[-119.04262,33.48529],[-119.04255,33.48556],[-119.04242,33.48558],[-119.04232,33.4855],[-119.04253,33.4854],[-119.04238,33.48532],[-119.04235,33.48527],[-119.0424,33.48505],[-119.04264,33.48493],[-119.04255,33.48477],[-119.0428,33.48474],[-119.04309,33.48526],[-119.04318,33.48492],[-119.04297,33.48498],[-119.04288,33.48477],[-119.04292,33.48443],[-119.04284,33.48437],[-119.04271,33.48457],[-119.04239,33.48455],[-119.04246,33.48473],[-119.04185,33.48523],[-119.04184,33.48481],[-119.04206,33.4847],[-119.04191,33.4844],[-119.04202,33.48427],[-119.04177,33.48422],[-119.04181,33.48403],[-119.04156,33.48406],[-119.04155,33.48385],[-119.04201,33.48348],[-119.0419,33.48327],[-119.04214,33.48328],[-119.04221,33.48337],[-119.04236,33.48319],[-119.04239,33.48333],[-119.04244,33.48335],[-119.0424,33.48321],[-119.0425,33.48309],[-119.04268,33.48324],[-119.04272,33.48278],[-119.04311,33.48265],[-119.04303,33.48253],[-119.04328,33.48263],[-119.0434,33.48244],[-119.04366,33.48253],[-119.04374,33.48244],[-119.0436,33.48245],[-119.04366,33.48229],[-119.04327,33.48239],[-119.04302,33.48236],[-119.04263,33.48258],[-119.0425,33.48236],[-119.04404,33.48217],[-119.0438,33.48244],[-119.04426,33.48249],[-119.04434,33.48231],[-119.04482,33.48276],[-119.04496,33.48262],[-119.04551,33.48268],[-119.0457,33.48312],[-119.0456,33.48335],[-119.04595,33.48353],[-119.04607,33.48388],[-119.04625,33.48361],[-119.04604,33.48366],[-119.04603,33.48338],[-119.04629,33.4835],[-119.04645,33.48366],[-119.0463,33.48366],[-119.04622,33.48386],[-119.04639,33.48374],[-119.04637,33.48395],[-119.04682,33.48421],[-119.04723,33.48426],[-119.04755,33.48407],[-119.04772,33.48428],[-119.04773,33.48407],[-119.04788,33.48393],[-119.04773,33.48384],[-119.04791,33.48353],[-119.0481,33.48369],[-119.04808,33.48353],[-119.04816,33.48351],[-119.04826,33.48375],[-119.04857,33.48341],[-119.04833,33.48317],[-119.04863,33.48282],[-119.04841,33.48263],[-119.04848,33.48233],[-119.04831,33.48234],[-119.04844,33.48224],[-119.04842,33.4821],[-119.0482,33.48218],[-119.04805,33.48191],[-119.04747,33.48203],[-119.04699,33.4819],[-119.0467,33.4817],[-119.04698,33.48126],[-119.04706,33.48121],[-119.04709,33.4813],[-119.04722,33.4813],[-119.04725,33.48129],[-119.04713,33.48103],[-119.0474,33.48117],[-119.04747,33.48099],[-119.0468,33.48062],[-119.0466,33.48079],[-119.04655,33.48039],[-119.04634,33.48056],[-119.04599,33.48049],[-119.04581,33.48022],[-119.04611,33.47986],[-119.04594,33.47991],[-119.04585,33.4797],[-119.04559,33.47978],[-119.04532,33.47949],[-119.04545,33.47938],[-119.04563,33.47958],[-119.04554,33.47895],[-119.04542,33.47903],[-119.04525,33.47885],[-119.0452,33.47892],[-119.04497,33.4789],[-119.04501,33.47912],[-119.04528,33.4791],[-119.04485,33.47925],[-119.04455,33.47869],[-119.04437,33.47877],[-119.04427,33.47827],[-119.04382,33.47826],[-119.04354,33.47805],[-119.04334,33.47758],[-119.04342,33.47732],[-119.0436,33.47741],[-119.04346,33.47757],[-119.04356,33.47767],[-119.04356,33.47774],[-119.04357,33.47774],[-119.04372,33.47742],[-119.04407,33.4773],[-119.04414,33.47744],[-119.04439,33.47713],[-119.04463,33.47721],[-119.04476,33.47755],[-119.04461,33.47766],[-119.04505,33.47769],[-119.04533,33.47798],[-119.04501,33.47789],[-119.04506,33.47811],[-119.0454,33.47805],[-119.04593,33.47853],[-119.04592,33.47833],[-119.04605,33.47825],[-119.04605,33.47845],[-119.04669,33.4788],[-119.04663,33.4792],[-119.04684,33.47909],[-119.04689,33.47939],[-119.04706,33.47932],[-119.04712,33.47952],[-119.04721,33.47935],[-119.04748,33.47938],[-119.04733,33.47957],[-119.04791,33.47965],[-119.04803,33.4798],[-119.04797,33.47992],[-119.04804,33.47997],[-119.0483,33.47959],[-119.04779,33.47944],[-119.04774,33.47929],[-119.04797,33.47934],[-119.04778,33.47926],[-119.04792,33.47904],[-119.04736,33.47929],[-119.0469,33.47876],[-119.04733,33.47892],[-119.04795,33.47842],[-119.04837,33.47848],[-119.04831,33.47862],[-119.0486,33.47888],[-119.04824,33.47895],[-119.04825,33.47867],[-119.04805,33.47874],[-119.04817,33.47914],[-119.04801,33.47934],[-119.04819,33.4794],[-119.0486,33.47928],[-119.04829,33.4793],[-119.04855,33.4791],[-119.04837,33.47904],[-119.04875,33.47884],[-119.04852,33.47877],[-119.04858,33.47857],[-119.04881,33.47857],[-119.04872,33.47873],[-119.04904,33.47865],[-119.04884,33.47889],[-119.04892,33.47889],[-119.04903,33.47905],[-119.04906,33.47943],[-119.04867,33.47943],[-119.04907,33.47972],[-119.04923,33.4801],[-119.04869,33.47989],[-119.0487,33.47958],[-119.04849,33.47948],[-119.04868,33.48006],[-119.04856,33.48005],[-119.04855,33.47993],[-119.04852,33.47991],[-119.04829,33.48007],[-119.04844,33.48021],[-119.04825,33.48009],[-119.04839,33.48027],[-119.04826,33.48021],[-119.04839,33.4805],[-119.04865,33.48043],[-119.04861,33.48052],[-119.04853,33.4807],[-119.04893,33.48085],[-119.04916,33.48076],[-119.04929,33.48094],[-119.04929,33.48083],[-119.04951,33.48058],[-119.04925,33.48065],[-119.04912,33.4804],[-119.04952,33.48047],[-119.04961,33.48055],[-119.04962,33.48026],[-119.04981,33.48028],[-119.04956,33.48008],[-119.04941,33.47977],[-119.04986,33.48017],[-119.04982,33.47997],[-119.05057,33.48002],[-119.05078,33.48043],[-119.05035,33.48023],[-119.05065,33.4805],[-119.05052,33.4809],[-119.05073120689656,33.48077327586207],[-119.0508,33.48096]],[[-119.04852,33.48413],[-119.04852,33.48415],[-119.04854,33.48415],[-119.04852,33.48413]],[[-119.04409,33.48611],[-119.04411,33.48608],[-119.04407,33.48608],[-119.04409,33.48611]],[[-119.0471,33.47954],[-119.04712,33.47954],[-119.04712,33.47952],[-119.0471,33.47954]],[[-119.04793,33.47986],[-119.04791,33.47988],[-119.04797,33.47992],[-119.04793,33.47986]],[[-119.04877,33.47874],[-119.04874,33.47873],[-119.04872,33.47873],[-119.04877,33.47874]],[[-119.04861,33.4805],[-119.04859,33.48052],[-119.04861,33.48052],[-119.04861,33.4805]],[[-119.04168,33.48386],[-119.04164,33.48386],[-119.04166,33.48389],[-119.04168,33.48386]],[[-119.04164,33.48383],[-119.0416,33.48385],[-119.04164,33.48386],[-119.04164,33.48383]],[[-119.04171,33.48379],[-119.04167,33.48381],[-119.0417,33.48383],[-119.04171,33.48379]],[[-119.04172,33.48388],[-119.04173,33.48388],[-119.04173,33.48387],[-119.04172,33.48388]],[[-119.04182,33.48372],[-119.04185,33.48371],[-119.04185,33.4837],[-119.0418,33.48371],[-119.04182,33.48372]],[[-119.04195,33.48499],[-119.04193,33.48505],[-119.04201,33.48501],[-119.04195,33.48499]],[[-119.04194,33.4842],[-119.04194,33.48422],[-119.04198,33.48422],[-119.04194,33.4842]],[[-119.04196,33.48383],[-119.04195,33.48384],[-119.04197,33.48384],[-119.04196,33.48383]],[[-119.04202,33.48431],[-119.042,33.48431],[-119.042,33.48433],[-119.04202,33.48431]],[[-119.04206,33.48449],[-119.04204,33.48449],[-119.04204,33.48451],[-119.04206,33.48449]],[[-119.04204,33.48433],[-119.04204,33.48435],[-119.04206,33.48435],[-119.04207,33.48433],[-119.04204,33.48433]],[[-119.04211,33.48431],[-119.04207,33.48431],[-119.04207,33.48433],[-119.04211,33.48431]],[[-119.04205,33.48503],[-119.04206,33.48503],[-119.04206,33.48501],[-119.04205,33.48503]],[[-119.04211,33.48458],[-119.04211,33.48456],[-119.04208,33.48456],[-119.04211,33.48458]],[[-119.04212,33.48339],[-119.04217,33.48339],[-119.04216,33.48337],[-119.04212,33.48339]],[[-119.04217,33.48348],[-119.04216,33.48343],[-119.04216,33.48346],[-119.04217,33.48348]],[[-119.04225,33.48352],[-119.04226,33.4835],[-119.04225,33.4835],[-119.04225,33.48352]],[[-119.04227,33.48349],[-119.04228,33.48349],[-119.04226,33.48347],[-119.04227,33.48349]],[[-119.0423,33.48347],[-119.04229,33.48349],[-119.04232,33.48347],[-119.0423,33.48347]],[[-119.04231,33.48331],[-119.04231,33.4833],[-119.04229,33.4833],[-119.04231,33.48331]],[[-119.04235,33.48372],[-119.04231,33.48372],[-119.04232,33.48374],[-119.04235,33.48372]],[[-119.04235,33.48346],[-119.04236,33.48346],[-119.04236,33.48345],[-119.04235,33.48346]],[[-119.04244,33.48552],[-119.04245,33.48549],[-119.04238,33.48549],[-119.04244,33.48552]],[[-119.04239,33.48473],[-119.04239,33.48475],[-119.04241,33.48475],[-119.04239,33.48473]],[[-119.04241,33.48419],[-119.04245,33.48419],[-119.04245,33.48417],[-119.04241,33.48419]],[[-119.04244,33.48531],[-119.04242,33.48531],[-119.04242,33.48532],[-119.04244,33.48531]],[[-119.04247,33.48439],[-119.04247,33.48435],[-119.04243,33.48435],[-119.04247,33.48439]],[[-119.04243,33.48422],[-119.04243,33.48433],[-119.04257,33.48428],[-119.04243,33.48422]],[[-119.04248,33.48516],[-119.04244,33.48516],[-119.04244,33.4852],[-119.04248,33.48516]],[[-119.04244,33.48514],[-119.04249,33.48515],[-119.04249,33.48511],[-119.04244,33.48514]],[[-119.04248,33.48522],[-119.04246,33.48522],[-119.04246,33.48523],[-119.04248,33.48522]],[[-119.04251,33.48321],[-119.04252,33.48319],[-119.04248,33.48319],[-119.04251,33.48321]],[[-119.04257,33.4834],[-119.04249,33.48337],[-119.0425,33.48342],[-119.04257,33.4834]],[[-119.04252,33.48532],[-119.0425,33.48532],[-119.0425,33.48534],[-119.04252,33.48532]],[[-119.04251,33.4852],[-119.04251,33.48522],[-119.04253,33.48522],[-119.04251,33.4852]],[[-119.04252,33.48446],[-119.04256,33.48447],[-119.04265,33.48441],[-119.04252,33.48446]],[[-119.04254,33.48448],[-119.04254,33.4845],[-119.04256,33.4845],[-119.04254,33.48448]],[[-119.04256,33.48438],[-119.04257,33.48435],[-119.04256,33.48435],[-119.04256,33.48438]],[[-119.04255,33.48432],[-119.04254,33.48432],[-119.04256,33.48435],[-119.04255,33.48432]],[[-119.04259,33.48432],[-119.04258,33.4843],[-119.04258,33.48433],[-119.04259,33.48432]],[[-119.04264,33.48453],[-119.0426,33.4845],[-119.0426,33.48453],[-119.04264,33.48453]],[[-119.04273,33.48478],[-119.04273,33.48477],[-119.04271,33.48477],[-119.04273,33.48478]],[[-119.04275,33.48448],[-119.04275,33.48444],[-119.04273,33.48447],[-119.04275,33.48448]],[[-119.04286,33.4828],[-119.04284,33.48282],[-119.04286,33.48282],[-119.04286,33.4828]],[[-119.0429,33.48589],[-119.04289,33.48589],[-119.04289,33.4859],[-119.0429,33.48589]],[[-119.04285,33.48589],[-119.04284,33.48592],[-119.04289,33.4859],[-119.04285,33.48589]],[[-119.04288,33.48436],[-119.0429,33.48435],[-119.04288,33.48435],[-119.04288,33.48436]],[[-119.0429,33.48434],[-119.0429,33.48431],[-119.04288,33.48434],[-119.04288,33.48435],[-119.0429,33.48434]],[[-119.04291,33.48463],[-119.04291,33.48462],[-119.0429,33.48462],[-119.04291,33.48463]],[[-119.04295,33.4843],[-119.04295,33.48428],[-119.04292,33.48427],[-119.04295,33.4843]],[[-119.04295,33.48596],[-119.04295,33.48598],[-119.04297,33.48598],[-119.04295,33.48596]],[[-119.04297,33.48435],[-119.04297,33.48437],[-119.04299,33.48437],[-119.04297,33.48435]],[[-119.04303,33.48448],[-119.04304,33.48448],[-119.04305,33.48447],[-119.04303,33.48448]],[[-119.04305,33.48449],[-119.04305,33.4845],[-119.04307,33.4845],[-119.04305,33.48449]],[[-119.04312,33.48454],[-119.04314,33.48452],[-119.0431,33.48452],[-119.04312,33.48454]],[[-119.04312,33.48427],[-119.0431,33.48426],[-119.0431,33.48428],[-119.04312,33.48427]],[[-119.04312,33.48234],[-119.04314,33.48235],[-119.04314,33.48233],[-119.04312,33.48234]],[[-119.04312,33.48417],[-119.04314,33.48418],[-119.04314,33.48416],[-119.04312,33.48417]],[[-119.04327,33.48436],[-119.04329,33.48436],[-119.04329,33.48434],[-119.04327,33.48436]],[[-119.04329,33.48647],[-119.04327,33.48647],[-119.04327,33.48649],[-119.04329,33.48647]],[[-119.04329,33.48459],[-119.04328,33.48459],[-119.04329,33.48461],[-119.04329,33.48459]],[[-119.04333,33.48459],[-119.04333,33.48454],[-119.04331,33.48454],[-119.04333,33.48459]],[[-119.04334,33.4827],[-119.04344,33.48275],[-119.04348,33.48264],[-119.04334,33.4827]],[[-119.0434,33.48439],[-119.04335,33.48445],[-119.04346,33.48445],[-119.0434,33.48439]],[[-119.04352,33.48461],[-119.04353,33.48447],[-119.04335,33.48456],[-119.04352,33.48461]],[[-119.04335,33.48439],[-119.04338,33.48439],[-119.04338,33.48438],[-119.04335,33.48439]],[[-119.04339,33.4869],[-119.04339,33.48688],[-119.04336,33.48687],[-119.04339,33.4869]],[[-119.0434,33.48438],[-119.0434,33.48436],[-119.04338,33.48436],[-119.0434,33.48438]],[[-119.0434,33.48434],[-119.04342,33.48434],[-119.0434,33.48432],[-119.0434,33.48434]],[[-119.04342,33.48423],[-119.04344,33.48423],[-119.04344,33.48421],[-119.04342,33.48423]],[[-119.04347,33.48613],[-119.04346,33.48614],[-119.04359,33.48615],[-119.04347,33.48613]],[[-119.04349,33.48596],[-119.04349,33.48595],[-119.04347,33.48595],[-119.04349,33.48596]],[[-119.04353,33.48425],[-119.04351,33.48421],[-119.04351,33.48427],[-119.04353,33.48425]],[[-119.04352,33.4849],[-119.04352,33.48492],[-119.04354,33.48492],[-119.04352,33.4849]],[[-119.04359,33.48427],[-119.04359,33.48423],[-119.04355,33.48423],[-119.04359,33.48427]],[[-119.04357,33.48437],[-119.04357,33.48433],[-119.04356,33.48437],[-119.04357,33.48437]],[[-119.04359,33.48414],[-119.04359,33.48412],[-119.04358,33.48412],[-119.04359,33.48414]],[[-119.04367,33.48492],[-119.04367,33.48488],[-119.04359,33.48488],[-119.04367,33.48492]],[[-119.04364,33.48434],[-119.04361,33.48435],[-119.04361,33.48436],[-119.04364,33.48434]],[[-119.04368,33.48438],[-119.04363,33.48438],[-119.04363,33.48441],[-119.04368,33.48438]],[[-119.04364,33.48496],[-119.04365,33.48496],[-119.04363,33.48495],[-119.04364,33.48496]],[[-119.04364,33.48423],[-119.04366,33.48423],[-119.04366,33.48422],[-119.04364,33.48423]],[[-119.0437,33.48431],[-119.04366,33.48429],[-119.04368,33.48434],[-119.0437,33.48431]],[[-119.04367,33.48495],[-119.04369,33.48494],[-119.04367,33.48494],[-119.04367,33.48495]],[[-119.04368,33.486],[-119.0437,33.486],[-119.0437,33.48595],[-119.04368,33.486]],[[-119.0437,33.48449],[-119.04372,33.48449],[-119.04372,33.48445],[-119.0437,33.48449]],[[-119.04376,33.48434],[-119.04379,33.48435],[-119.04381,33.48434],[-119.04381,33.48433],[-119.04372,33.48429],[-119.04376,33.48434]],[[-119.04379,33.48423],[-119.04372,33.48422],[-119.04372,33.48425],[-119.04379,33.48423]],[[-119.04372,33.48478],[-119.04373,33.48478],[-119.04372,33.48476],[-119.04372,33.48478]],[[-119.04372,33.48439],[-119.04374,33.48447],[-119.04387,33.48447],[-119.04378,33.48445],[-119.04372,33.48439]],[[-119.04374,33.48454],[-119.04378,33.48454],[-119.04376,33.48449],[-119.04374,33.48454]],[[-119.04372,33.48456],[-119.04374,33.48456],[-119.04374,33.48454],[-119.04372,33.48456]],[[-119.04379,33.47811],[-119.04375,33.47811],[-119.04373,33.47814],[-119.04379,33.47811]],[[-119.04373,33.48438],[-119.04374,33.4844],[-119.04374,33.48438],[-119.04373,33.48438]],[[-119.04374,33.48458],[-119.04374,33.4846],[-119.04376,33.4846],[-119.04374,33.48458]],[[-119.04378,33.48469],[-119.04376,33.48469],[-119.04376,33.4847],[-119.04378,33.48469]],[[-119.04378,33.48442],[-119.04379,33.4844],[-119.04376,33.4844],[-119.04378,33.48442]],[[-119.04381,33.48422],[-119.04381,33.48421],[-119.04377,33.4842],[-119.04381,33.48422]],[[-119.04378,33.47801],[-119.04378,33.478],[-119.04377,33.478],[-119.04378,33.47801]],[[-119.04379,33.47809],[-119.04381,33.47809],[-119.04381,33.47805],[-119.04379,33.47809]],[[-119.0438,33.48429],[-119.04383,33.48429],[-119.04381,33.48425],[-119.0438,33.48429]],[[-119.04383,33.48454],[-119.04382,33.48449],[-119.04381,33.48449],[-119.04383,33.48454]],[[-119.04385,33.4844],[-119.04385,33.48438],[-119.04381,33.48438],[-119.04385,33.4844]],[[-119.04385,33.48425],[-119.04385,33.48427],[-119.04387,33.48427],[-119.04385,33.48425]],[[-119.04394,33.48427],[-119.04396,33.48425],[-119.04394,33.48425],[-119.04394,33.48427]],[[-119.04392,33.48427],[-119.04392,33.48429],[-119.04394,33.48427],[-119.04392,33.48427]],[[-119.04392,33.48426],[-119.04391,33.48427],[-119.04392,33.48427],[-119.04392,33.48426]],[[-119.04389,33.48429],[-119.04389,33.48431],[-119.04392,33.48429],[-119.04389,33.48429]],[[-119.0439,33.48424],[-119.04389,33.48425],[-119.04394,33.48425],[-119.0439,33.48424]],[[-119.04389,33.48427],[-119.0439,33.48427],[-119.04389,33.48425],[-119.04389,33.48427]],[[-119.04455,33.48482],[-119.04436,33.48482],[-119.04415,33.48469],[-119.04404,33.48433],[-119.0439,33.48449],[-119.044,33.48449],[-119.04411,33.48488],[-119.04402,33.48493],[-119.04429,33.48501],[-119.04455,33.48482]],[[-119.04389,33.48447],[-119.04389,33.48449],[-119.0439,33.48449],[-119.04389,33.48447]],[[-119.04396,33.48456],[-119.04395,33.48458],[-119.04398,33.48458],[-119.04396,33.48456]],[[-119.04393,33.4846],[-119.04395,33.4846],[-119.04395,33.48458],[-119.04393,33.4846]],[[-119.04393,33.48445],[-119.04394,33.48443],[-119.04393,33.48443],[-119.04393,33.48445]],[[-119.04396,33.48431],[-119.04396,33.48429],[-119.04394,33.48429],[-119.04396,33.48431]],[[-119.04395,33.48413],[-119.04396,33.48414],[-119.04396,33.48413],[-119.04395,33.48413]],[[-119.04397,33.48416],[-119.04398,33.48418],[-119.04398,33.48416],[-119.04397,33.48416]],[[-119.044,33.48415],[-119.04398,33.48415],[-119.04398,33.48416],[-119.044,33.48415]],[[-119.04397,33.4849],[-119.04399,33.4849],[-119.04399,33.48487],[-119.04397,33.4849]],[[-119.04402,33.48416],[-119.044,33.48431],[-119.04407,33.48429],[-119.04402,33.48416]],[[-119.04402,33.48489],[-119.04402,33.4849],[-119.04404,33.4849],[-119.04402,33.48489]],[[-119.04409,33.48593],[-119.04407,33.48582],[-119.04403,33.48582],[-119.04409,33.48593]],[[-119.04406,33.48487],[-119.04404,33.48487],[-119.04404,33.48489],[-119.04406,33.48487]],[[-119.04406,33.48485],[-119.04406,33.48483],[-119.04405,33.48483],[-119.04406,33.48485]],[[-119.04411,33.48424],[-119.04411,33.48426],[-119.04413,33.48426],[-119.04411,33.48424]],[[-119.04423,33.48464],[-119.04421,33.48464],[-119.04421,33.48465],[-119.04423,33.48464]],[[-119.0443,33.48455],[-119.04428,33.48456],[-119.04428,33.4846],[-119.04432,33.48458],[-119.04432,33.48455],[-119.0443,33.48455]],[[-119.04426,33.48462],[-119.04428,33.48462],[-119.04428,33.4846],[-119.04426,33.48462]],[[-119.04433,33.48455],[-119.04432,33.48453],[-119.04432,33.48455],[-119.04433,33.48455]],[[-119.04432,33.48469],[-119.04432,33.48473],[-119.04436,33.48473],[-119.04432,33.48469]],[[-119.04435,33.48456],[-119.04436,33.48453],[-119.04434,33.48453],[-119.04435,33.48456]],[[-119.04434,33.48476],[-119.04434,33.48478],[-119.04436,33.48476],[-119.04434,33.48476]],[[-119.04439,33.48475],[-119.04436,33.48474],[-119.04436,33.48476],[-119.04439,33.48475]],[[-119.04438,33.48464],[-119.04438,33.48465],[-119.04439,33.48465],[-119.04438,33.48464]],[[-119.04441,33.48438],[-119.04439,33.48438],[-119.04439,33.4844],[-119.04441,33.48438]],[[-119.04443,33.48445],[-119.04439,33.48446],[-119.04439,33.48447],[-119.04443,33.48445]],[[-119.04446,33.4847],[-119.04441,33.4847],[-119.04442,33.48474],[-119.04446,33.4847]],[[-119.04446,33.4786],[-119.04444,33.47859],[-119.04445,33.47861],[-119.04446,33.4786]],[[-119.04444,33.47857],[-119.04442,33.47857],[-119.04444,33.47859],[-119.04444,33.47857]],[[-119.04448,33.48472],[-119.04447,33.48472],[-119.04447,33.48473],[-119.04448,33.48472]],[[-119.04455,33.48487],[-119.04454,33.48487],[-119.04455,33.48488],[-119.04455,33.48487]],[[-119.04457,33.4848],[-119.04458,33.48478],[-119.04455,33.48478],[-119.04457,33.4848]],[[-119.04458,33.48482],[-119.04458,33.48484],[-119.0446,33.48484],[-119.04458,33.48482]],[[-119.0446,33.48475],[-119.0446,33.48473],[-119.04459,33.48473],[-119.0446,33.48475]],[[-119.04465,33.48473],[-119.04462,33.48473],[-119.04462,33.48475],[-119.04465,33.48473]],[[-119.04466,33.48477],[-119.04464,33.48477],[-119.04464,33.48478],[-119.04466,33.48477]],[[-119.04468,33.4848],[-119.04468,33.48478],[-119.04466,33.48478],[-119.04468,33.4848]],[[-119.04467,33.48474],[-119.04468,33.48473],[-119.04467,33.48473],[-119.04467,33.48474]],[[-119.04471,33.48478],[-119.04471,33.48479],[-119.04472,33.48479],[-119.04471,33.48478]],[[-119.04476,33.48477],[-119.04476,33.48473],[-119.04472,33.48475],[-119.04476,33.48477]],[[-119.04476,33.48422],[-119.04476,33.48421],[-119.04475,33.48421],[-119.04476,33.48422]],[[-119.04484,33.48421],[-119.04482,33.48419],[-119.04482,33.48422],[-119.04484,33.48421]],[[-119.04486,33.48417],[-119.04484,33.48417],[-119.04484,33.48419],[-119.04486,33.48417]],[[-119.04484,33.48428],[-119.04484,33.4843],[-119.04486,33.4843],[-119.04484,33.48428]],[[-119.04488,33.48423],[-119.04486,33.48423],[-119.04486,33.48424],[-119.04488,33.48423]],[[-119.04498,33.47881],[-119.04501,33.47879],[-119.04496,33.47879],[-119.04498,33.47881]],[[-119.04494,33.47877],[-119.04494,33.47878],[-119.04495,33.47878],[-119.04494,33.47877]],[[-119.04496,33.48498],[-119.04513,33.48508],[-119.04516,33.48486],[-119.04496,33.48498]],[[-119.04513,33.48484],[-119.04513,33.48486],[-119.04516,33.48486],[-119.04513,33.48484]],[[-119.04502,33.4836],[-119.04498,33.4836],[-119.04498,33.48361],[-119.04502,33.4836]],[[-119.04504,33.48363],[-119.04511,33.48361],[-119.04511,33.4836],[-119.04504,33.48363]],[[-119.04515,33.48354],[-119.04507,33.48351],[-119.04506,33.48354],[-119.04515,33.48354]],[[-119.04508,33.48365],[-119.04508,33.48367],[-119.04521,33.48367],[-119.04523,33.48376],[-119.04547,33.48389],[-119.04544,33.48364],[-119.04508,33.48365]],[[-119.0451,33.47812],[-119.0451,33.47811],[-119.04508,33.47811],[-119.0451,33.47812]],[[-119.04515,33.4787],[-119.04515,33.47866],[-119.04513,33.47867],[-119.04515,33.4787]],[[-119.04515,33.48318],[-119.04518,33.48318],[-119.04518,33.48315],[-119.04515,33.48318]],[[-119.04515,33.48528],[-119.04516,33.48527],[-119.04515,33.48527],[-119.04515,33.48528]],[[-119.04519,33.48347],[-119.04517,33.48338],[-119.04515,33.48338],[-119.04519,33.48347]],[[-119.04518,33.47868],[-119.04517,33.4787],[-119.04524,33.47873],[-119.04518,33.47868]],[[-119.04516,33.47871],[-119.04516,33.47872],[-119.04517,33.4787],[-119.04516,33.47871]],[[-119.04519,33.48358],[-119.04519,33.48356],[-119.04517,33.48356],[-119.04519,33.48358]],[[-119.04521,33.48374],[-119.04521,33.48371],[-119.04519,33.48371],[-119.04521,33.48374]],[[-119.04521,33.48362],[-119.04538,33.4836],[-119.04531,33.48342],[-119.04521,33.48362]],[[-119.04524,33.48309],[-119.04522,33.48308],[-119.04522,33.48309],[-119.04524,33.48309]],[[-119.04524,33.48349],[-119.04522,33.48349],[-119.04522,33.48351],[-119.04524,33.48349]],[[-119.04526,33.48317],[-119.04522,33.48316],[-119.04522,33.48318],[-119.04526,33.48317]],[[-119.04525,33.47821],[-119.0453,33.47827],[-119.04534,33.47814],[-119.04525,33.47821]],[[-119.0453,33.48309],[-119.04528,33.48311],[-119.04528,33.48313],[-119.0453,33.48309]],[[-119.04531,33.48481],[-119.04529,33.48481],[-119.04531,33.48493],[-119.04531,33.48481]],[[-119.0453,33.48336],[-119.0453,33.48338],[-119.04531,33.48338],[-119.0453,33.48336]],[[-119.04533,33.48499],[-119.04532,33.48495],[-119.04531,33.48495],[-119.04533,33.48499]],[[-119.04544,33.47889],[-119.04544,33.47879],[-119.04533,33.47889],[-119.04544,33.47889]],[[-119.04581,33.47889],[-119.0458,33.47862],[-119.04562,33.47846],[-119.04535,33.47857],[-119.04581,33.47889]],[[-119.04543,33.47837],[-119.04536,33.47825],[-119.04539,33.47843],[-119.0456,33.47844],[-119.04543,33.47837]],[[-119.04536,33.47844],[-119.04539,33.47844],[-119.04539,33.47843],[-119.04536,33.47844]],[[-119.04541,33.48485],[-119.04537,33.48484],[-119.04537,33.48486],[-119.04541,33.48485]],[[-119.04558,33.48338],[-119.04553,33.48351],[-119.04537,33.48339],[-119.04551,33.48369],[-119.04551,33.48357],[-119.04568,33.48352],[-119.04558,33.48338]],[[-119.0454,33.48528],[-119.0454,33.48526],[-119.04537,33.48526],[-119.0454,33.48528]],[[-119.04541,33.48511],[-119.04539,33.48511],[-119.04539,33.48512],[-119.04541,33.48511]],[[-119.04543,33.48476],[-119.04543,33.48474],[-119.04539,33.48475],[-119.04543,33.48476]],[[-119.04539,33.48474],[-119.04541,33.48474],[-119.0454,33.48472],[-119.04539,33.48474]],[[-119.04542,33.47897],[-119.0454,33.47897],[-119.0454,33.479],[-119.04542,33.47897]],[[-119.04542,33.48524],[-119.04543,33.48524],[-119.04543,33.48522],[-119.04542,33.48524]],[[-119.04543,33.48508],[-119.04543,33.4851],[-119.04545,33.4851],[-119.04543,33.48508]],[[-119.04544,33.48488],[-119.04545,33.48488],[-119.04545,33.48486],[-119.04544,33.48488]],[[-119.04545,33.48513],[-119.0458,33.4851],[-119.04571,33.48503],[-119.0456,33.4851],[-119.04545,33.48513]],[[-119.0455,33.48504],[-119.0455,33.48501],[-119.04546,33.48503],[-119.0455,33.48504]],[[-119.04547,33.48286],[-119.04554,33.48288],[-119.04552,33.48285],[-119.04547,33.48286]],[[-119.04557,33.48457],[-119.0455,33.48466],[-119.04555,33.48466],[-119.04557,33.48457]],[[-119.04554,33.48492],[-119.0455,33.48492],[-119.0455,33.48493],[-119.04554,33.48492]],[[-119.04554,33.48499],[-119.04552,33.48506],[-119.04554,33.48506],[-119.04554,33.48499]],[[-119.04555,33.4847],[-119.04553,33.4847],[-119.04553,33.48472],[-119.04555,33.4847]],[[-119.04558,33.48531],[-119.04558,33.4853],[-119.04556,33.4853],[-119.04558,33.48531]],[[-119.04557,33.48472],[-119.04556,33.48472],[-119.04556,33.48474],[-119.04557,33.48472]],[[-119.0456,33.48311],[-119.04564,33.48316],[-119.04563,33.48309],[-119.0456,33.48311]],[[-119.04561,33.48362],[-119.04567,33.48363],[-119.04567,33.48356],[-119.04561,33.48362]],[[-119.04565,33.48501],[-119.04565,33.48503],[-119.04569,33.48503],[-119.04565,33.48501]],[[-119.04571,33.47966],[-119.04569,33.47966],[-119.04569,33.47967],[-119.04571,33.47966]],[[-119.04571,33.47953],[-119.04571,33.47949],[-119.04569,33.47949],[-119.04571,33.47953]],[[-119.04572,33.47972],[-119.04576,33.47972],[-119.04574,33.47967],[-119.04572,33.47972]],[[-119.04575,33.48523],[-119.04578,33.48523],[-119.04578,33.48521],[-119.04575,33.48523]],[[-119.04586,33.48539],[-119.04601,33.4855],[-119.046,33.48521],[-119.0458,33.48519],[-119.04586,33.48539]],[[-119.0458,33.48514],[-119.0458,33.48515],[-119.04582,33.48515],[-119.0458,33.48514]],[[-119.04583,33.47897],[-119.0458,33.47897],[-119.04583,33.47898],[-119.04583,33.47897]],[[-119.04582,33.4851],[-119.04588,33.4851],[-119.04586,33.48506],[-119.04582,33.4851]],[[-119.04584,33.48564],[-119.04583,33.48566],[-119.04586,33.48566],[-119.04584,33.48564]],[[-119.04584,33.47896],[-119.04585,33.47896],[-119.04585,33.47894],[-119.04584,33.47896]],[[-119.0459,33.48555],[-119.04594,33.48557],[-119.04597,33.48553],[-119.0459,33.48555]],[[-119.04591,33.48508],[-119.04591,33.4851],[-119.04593,33.4851],[-119.04591,33.48508]],[[-119.04597,33.48508],[-119.04599,33.48507],[-119.04595,33.48506],[-119.04597,33.48508]],[[-119.04593,33.48505],[-119.04593,33.48506],[-119.04595,33.48506],[-119.04593,33.48505]],[[-119.04599,33.48557],[-119.04594,33.48559],[-119.04594,33.48561],[-119.04599,33.48557]],[[-119.04595,33.48513],[-119.04595,33.48514],[-119.04596,33.48514],[-119.04595,33.48513]],[[-119.04603,33.48562],[-119.04601,33.48562],[-119.04601,33.48564],[-119.04603,33.48562]],[[-119.04601,33.48559],[-119.04603,33.48559],[-119.04603,33.48557],[-119.04601,33.48559]],[[-119.04601,33.48398],[-119.04604,33.484],[-119.04604,33.48395],[-119.04601,33.48398]],[[-119.04611,33.4798],[-119.04604,33.4798],[-119.04604,33.47981],[-119.04611,33.4798]],[[-119.04607,33.48541],[-119.04607,33.48539],[-119.04605,33.48541],[-119.04607,33.48541]],[[-119.04608,33.48546],[-119.04635,33.48563],[-119.04644,33.48541],[-119.04608,33.48546]],[[-119.04613,33.4798],[-119.04613,33.47978],[-119.04611,33.47978],[-119.04613,33.4798]],[[-119.04612,33.48394],[-119.04612,33.48391],[-119.04611,33.48391],[-119.04612,33.48394]],[[-119.04612,33.48555],[-119.04612,33.48557],[-119.04614,33.48557],[-119.04612,33.48555]],[[-119.04612,33.4855],[-119.04612,33.48554],[-119.04616,33.48554],[-119.04612,33.4855]],[[-119.04618,33.48557],[-119.04614,33.48559],[-119.0462,33.48559],[-119.04618,33.48557]],[[-119.04624,33.48564],[-119.04624,33.48563],[-119.0462,33.48561],[-119.04624,33.48564]],[[-119.04625,33.48007],[-119.04634,33.47991],[-119.04628,33.47985],[-119.04625,33.48007]],[[-119.04638,33.48039],[-119.04631,33.48039],[-119.04627,33.48043],[-119.04638,33.48039]],[[-119.04635,33.48002],[-119.04635,33.48],[-119.04632,33.48],[-119.04635,33.48002]],[[-119.04639,33.47979],[-119.04635,33.47987],[-119.04647,33.4799],[-119.04639,33.47979]],[[-119.04638,33.47994],[-119.04638,33.47996],[-119.0464,33.47995],[-119.04638,33.47994]],[[-119.04642,33.48568],[-119.04644,33.48568],[-119.04644,33.48566],[-119.04642,33.48568]],[[-119.0465,33.48557],[-119.04648,33.48557],[-119.04648,33.48559],[-119.0465,33.48557]],[[-119.04656,33.47965],[-119.04653,33.47969],[-119.0466,33.47969],[-119.04656,33.47965]],[[-119.04656,33.47972],[-119.04654,33.47972],[-119.04654,33.47973],[-119.04656,33.47972]],[[-119.04681,33.48002],[-119.04681,33.47991],[-119.04672,33.4798],[-119.04696,33.47999],[-119.04694,33.47978],[-119.04704,33.47988],[-119.04717,33.47986],[-119.04675,33.47949],[-119.04654,33.47983],[-119.04668,33.47978],[-119.04681,33.48002]],[[-119.04657,33.48559],[-119.04655,33.48559],[-119.04655,33.48561],[-119.04657,33.48559]],[[-119.04657,33.48567],[-119.04674,33.48574],[-119.04674,33.48561],[-119.04657,33.48567]],[[-119.04658,33.48523],[-119.04659,33.48523],[-119.04659,33.48522],[-119.04658,33.48523]],[[-119.04668,33.48518],[-119.04664,33.48518],[-119.04664,33.4852],[-119.04668,33.48518]],[[-119.04659,33.48518],[-119.04659,33.48521],[-119.04664,33.4852],[-119.04659,33.48518]],[[-119.04663,33.4801],[-119.04661,33.48007],[-119.0466,33.48007],[-119.04663,33.4801]],[[-119.04664,33.47882],[-119.04666,33.47882],[-119.04666,33.4788],[-119.04664,33.47882]],[[-119.04666,33.47994],[-119.04665,33.47995],[-119.04666,33.47996],[-119.04666,33.47994]],[[-119.04668,33.47984],[-119.04667,33.47984],[-119.04667,33.47985],[-119.04668,33.47984]],[[-119.04668,33.48012],[-119.04683,33.48011],[-119.04676,33.48008],[-119.04668,33.48012]],[[-119.04668,33.4806],[-119.04669,33.4806],[-119.04669,33.48059],[-119.04668,33.4806]],[[-119.04668,33.48514],[-119.04668,33.48516],[-119.0467,33.48516],[-119.04668,33.48514]],[[-119.04674,33.48525],[-119.04674,33.48523],[-119.04672,33.48523],[-119.04674,33.48525]],[[-119.0467,33.48522],[-119.0467,33.48523],[-119.04672,33.48523],[-119.0467,33.48522]],[[-119.04672,33.48516],[-119.04677,33.48516],[-119.0467,33.48511],[-119.04672,33.48516]],[[-119.04672,33.48532],[-119.04672,33.48534],[-119.04674,33.48534],[-119.04672,33.48532]],[[-119.04676,33.48423],[-119.04675,33.48423],[-119.04675,33.48425],[-119.04676,33.48423]],[[-119.04683,33.48531],[-119.04676,33.48531],[-119.04683,33.48538],[-119.04696,33.48506],[-119.04679,33.48513],[-119.04683,33.48531]],[[-119.04677,33.48498],[-119.04679,33.48498],[-119.04679,33.48496],[-119.04677,33.48498]],[[-119.04686,33.48015],[-119.04685,33.48014],[-119.04685,33.48015],[-119.04686,33.48015]],[[-119.04685,33.48565],[-119.04685,33.48567],[-119.04687,33.48567],[-119.04685,33.48565]],[[-119.04689,33.48536],[-119.04689,33.48533],[-119.04687,33.48533],[-119.04689,33.48536]],[[-119.0469,33.48001],[-119.04692,33.48001],[-119.04691,33.47999],[-119.0469,33.48001]],[[-119.04688,33.48002],[-119.0469,33.48003],[-119.0469,33.48001],[-119.04688,33.48002]],[[-119.04691,33.48558],[-119.04691,33.4856],[-119.04693,33.4856],[-119.04691,33.48558]],[[-119.04703,33.48137],[-119.04693,33.48135],[-119.04697,33.48139],[-119.04703,33.48137]],[[-119.04694,33.48003],[-119.04695,33.48003],[-119.04695,33.48001],[-119.04694,33.48003]],[[-119.04719,33.48545],[-119.04706,33.48542],[-119.04694,33.48533],[-119.04715,33.48551],[-119.04719,33.48545]],[[-119.04698,33.48511],[-119.04698,33.48507],[-119.04696,33.48507],[-119.04698,33.48511]],[[-119.04696,33.48515],[-119.04696,33.48516],[-119.047,33.48515],[-119.04696,33.48515]],[[-119.04702,33.48513],[-119.047,33.48513],[-119.047,33.48515],[-119.04702,33.48513]],[[-119.047,33.48524],[-119.047,33.48522],[-119.04698,33.48522],[-119.047,33.48524]],[[-119.04702,33.47993],[-119.04699,33.47993],[-119.04699,33.47997],[-119.04702,33.47993]],[[-119.04703,33.48502],[-119.047,33.48502],[-119.047,33.48504],[-119.04703,33.48502]],[[-119.04702,33.48531],[-119.04702,33.48533],[-119.04704,33.48533],[-119.04704,33.48531],[-119.04702,33.48531]],[[-119.04707,33.48529],[-119.04704,33.48529],[-119.04704,33.48531],[-119.04707,33.48529]],[[-119.04713,33.48493],[-119.04713,33.48491],[-119.04711,33.48491],[-119.04713,33.48493]],[[-119.04711,33.48489],[-119.04709,33.48489],[-119.04711,33.48491],[-119.04711,33.48489]],[[-119.04709,33.48488],[-119.04703,33.48489],[-119.04709,33.48489],[-119.04709,33.48488]],[[-119.04709,33.48515],[-119.04705,33.48515],[-119.04705,33.48518],[-119.04709,33.48515]],[[-119.04706,33.47996],[-119.04706,33.47995],[-119.04705,33.47995],[-119.04706,33.47996]],[[-119.04706,33.48187],[-119.04705,33.48187],[-119.04707,33.48189],[-119.04706,33.48187]],[[-119.04708,33.47953],[-119.04706,33.47955],[-119.04707,33.47957],[-119.04708,33.47953]],[[-119.04706,33.48554],[-119.04706,33.48556],[-119.04708,33.48556],[-119.04706,33.48554]],[[-119.04708,33.47993],[-119.04715,33.47988],[-119.04709,33.47989],[-119.04708,33.47993]],[[-119.04711,33.48526],[-119.04709,33.48531],[-119.04711,33.48531],[-119.04711,33.48526]],[[-119.04709,33.48497],[-119.04711,33.48497],[-119.04711,33.48493],[-119.04709,33.48497]],[[-119.04713,33.4854],[-119.04711,33.4854],[-119.04711,33.48542],[-119.04713,33.4854]],[[-119.04716,33.47955],[-119.04714,33.47954],[-119.04714,33.47955],[-119.04716,33.47955]],[[-119.04724,33.47973],[-119.04724,33.47972],[-119.04722,33.47972],[-119.04724,33.47973]],[[-119.04722,33.47968],[-119.04715,33.4797],[-119.04722,33.47972],[-119.04722,33.47968]],[[-119.04715,33.47973],[-119.04715,33.47975],[-119.04717,33.47975],[-119.04715,33.47973]],[[-119.04715,33.48517],[-119.04715,33.48518],[-119.04717,33.48518],[-119.04715,33.48517]],[[-119.0472,33.48504],[-119.04718,33.48504],[-119.04718,33.48506],[-119.0472,33.48504]],[[-119.04721,33.48439],[-119.04729,33.48441],[-119.04727,33.48437],[-119.04721,33.48439]],[[-119.04726,33.48493],[-119.04724,33.48493],[-119.04724,33.48495],[-119.04726,33.48493]],[[-119.0473,33.48551],[-119.04726,33.48549],[-119.04726,33.48553],[-119.0473,33.48551]],[[-119.04726,33.48504],[-119.04728,33.48504],[-119.04728,33.485],[-119.04726,33.48504]],[[-119.04735,33.48522],[-119.04735,33.48524],[-119.04737,33.48524],[-119.04735,33.48522]],[[-119.04732,33.48517],[-119.04726,33.4852],[-119.04735,33.48522],[-119.04732,33.48517]],[[-119.04731,33.47956],[-119.04731,33.47954],[-119.04728,33.47955],[-119.04731,33.47956]],[[-119.04758,33.4853],[-119.04743,33.48504],[-119.04728,33.48508],[-119.04745,33.48513],[-119.0473,33.48535],[-119.0474103030303,33.4853303030303],[-119.04743,33.48535],[-119.04743,33.48533],[-119.04741200000001,33.48533],[-119.04758,33.4853]],[[-119.0473,33.48524],[-119.04732,33.48524],[-119.04732,33.48522],[-119.0473,33.48524]],[[-119.04728,33.48527],[-119.0473,33.48527],[-119.0473,33.48524],[-119.04728,33.48527]],[[-119.0473,33.48553],[-119.04732,33.48555],[-119.04732,33.48553],[-119.0473,33.48553]],[[-119.04734,33.48551],[-119.04732,33.48551],[-119.04732,33.48553],[-119.04734,33.48551]],[[-119.04741,33.48517],[-119.04741,33.48515],[-119.04737,33.48515],[-119.04741,33.48517]],[[-119.04737,33.48537],[-119.04737,33.48538],[-119.04739,33.48538],[-119.04737,33.48537]],[[-119.04737,33.47964],[-119.04737,33.47968],[-119.04742,33.47968],[-119.04737,33.47964]],[[-119.04737,33.48038],[-119.04764,33.48037],[-119.04746,33.4803],[-119.04737,33.48038]],[[-119.04782,33.48063],[-119.04796,33.48054],[-119.04771,33.48039],[-119.04774,33.48064],[-119.04742,33.48065],[-119.04753,33.48083],[-119.04785,33.48076],[-119.04782,33.48063]],[[-119.04742,33.48063],[-119.04744,33.48063],[-119.04742,33.48062],[-119.04742,33.48063]],[[-119.04789,33.48114],[-119.0478,33.48124],[-119.04763,33.48099],[-119.0476,33.48129],[-119.04745,33.48126],[-119.04767,33.48137],[-119.04768,33.48145],[-119.04754,33.48146],[-119.04798,33.48152],[-119.04789,33.48114]],[[-119.04747,33.48063],[-119.04747,33.48062],[-119.04746,33.48062],[-119.04747,33.48063]],[[-119.0475,33.4805],[-119.04751,33.4805],[-119.04747,33.48048],[-119.0475,33.4805]],[[-119.04754,33.48506],[-119.04748,33.48502],[-119.04748,33.48508],[-119.04754,33.48506]],[[-119.04751,33.4803],[-119.0475,33.48031],[-119.04773,33.4803],[-119.04751,33.4803]],[[-119.04756,33.48506],[-119.04756,33.48508],[-119.04758,33.48506],[-119.04756,33.48506]],[[-119.04754,33.48508],[-119.04756,33.4851],[-119.04756,33.48508],[-119.04754,33.48508]],[[-119.04761,33.48504],[-119.04758,33.48504],[-119.04758,33.48506],[-119.04761,33.48504]],[[-119.04756,33.48501],[-119.04756,33.48502],[-119.04758,33.48502],[-119.04756,33.48501]],[[-119.04763,33.48502],[-119.04763,33.48508],[-119.04765,33.48508],[-119.04763,33.48502]],[[-119.04763,33.48515],[-119.04765,33.48515],[-119.04765,33.48512],[-119.04763,33.48515]],[[-119.04771,33.48508],[-119.04771,33.4851],[-119.04773,33.4851],[-119.04771,33.48508]],[[-119.04776,33.48098],[-119.04776,33.48097],[-119.04772,33.48093],[-119.04776,33.48098]],[[-119.04775,33.47978],[-119.04775,33.47979],[-119.04776,33.47978],[-119.04775,33.47978]],[[-119.04775,33.48524],[-119.04778,33.48524],[-119.04778,33.48522],[-119.04775,33.48524]],[[-119.04779,33.48098],[-119.04779,33.48096],[-119.04776,33.48094],[-119.04779,33.48098]],[[-119.04777,33.47981],[-119.04778,33.47982],[-119.04778,33.47981],[-119.04777,33.47981]],[[-119.04778,33.48407],[-119.04779,33.48407],[-119.04779,33.48406],[-119.04778,33.48407]],[[-119.04783,33.48409],[-119.04783,33.48407],[-119.04779,33.48407],[-119.04783,33.48409]],[[-119.04805,33.47869],[-119.04779,33.47895],[-119.04786,33.479],[-119.04805,33.47869]],[[-119.04783,33.48381],[-119.0478,33.48381],[-119.04781,33.48383],[-119.04783,33.48381]],[[-119.04782,33.47983],[-119.0478,33.47983],[-119.04785,33.47984],[-119.04782,33.47983]],[[-119.04788,33.48163],[-119.04783,33.48163],[-119.04783,33.48168],[-119.04788,33.48163]],[[-119.04814,33.48371],[-119.04787,33.48375],[-119.04801,33.48389],[-119.04814,33.48371]],[[-119.0479,33.48387],[-119.0479,33.48385],[-119.04788,33.48385],[-119.0479,33.48387]],[[-119.04796,33.4807],[-119.04801,33.48066],[-119.04791,33.48064],[-119.04796,33.4807]],[[-119.04801,33.48402],[-119.04792,33.48403],[-119.04792,33.48407],[-119.04801,33.48402]],[[-119.04795,33.47971],[-119.04793,33.4797],[-119.04793,33.47972],[-119.04795,33.47971]],[[-119.04794,33.484],[-119.04794,33.48402],[-119.04796,33.48402],[-119.04794,33.484]],[[-119.04798,33.47922],[-119.04796,33.47924],[-119.048,33.47924],[-119.04798,33.47922]],[[-119.04798,33.47908],[-119.04797,33.47914],[-119.04806,33.47914],[-119.04798,33.47908]],[[-119.04797,33.48496],[-119.04797,33.48497],[-119.04799,33.48497],[-119.04797,33.48496]],[[-119.04803,33.48418],[-119.04798,33.48418],[-119.04798,33.4842],[-119.04803,33.48418]],[[-119.04799,33.48492],[-119.04802,33.48492],[-119.04802,33.4849],[-119.04799,33.48492]],[[-119.04804,33.48494],[-119.04804,33.48492],[-119.04802,33.48492],[-119.04804,33.48494]],[[-119.04804,33.48488],[-119.04804,33.48487],[-119.04802,33.48487],[-119.04804,33.48488]],[[-119.04806,33.47867],[-119.04807,33.47865],[-119.04804,33.47865],[-119.04806,33.47867]],[[-119.04817,33.48469],[-119.04811,33.48469],[-119.04808,33.48478],[-119.04817,33.48469]],[[-119.04811,33.48456],[-119.04809,33.48456],[-119.04808,33.48458],[-119.04811,33.48456]],[[-119.04808,33.47865],[-119.0481,33.47863],[-119.04808,33.47863],[-119.04808,33.47865]],[[-119.04811,33.47863],[-119.04811,33.4786],[-119.0481,33.4786],[-119.04811,33.47863]],[[-119.04816,33.47994],[-119.04816,33.47992],[-119.04812,33.47992],[-119.04816,33.47994]],[[-119.04817,33.48485],[-119.04817,33.48487],[-119.04821,33.48487],[-119.04817,33.48485]],[[-119.04812,33.4849],[-119.04817,33.4849],[-119.04817,33.48487],[-119.04812,33.4849]],[[-119.04813,33.48458],[-119.04819,33.48458],[-119.04819,33.48456],[-119.04813,33.48458]],[[-119.04814,33.47855],[-119.04816,33.47854],[-119.04814,33.47854],[-119.04814,33.47855]],[[-119.04822,33.4844],[-119.04822,33.48438],[-119.04819,33.48438],[-119.04822,33.4844]],[[-119.04819,33.47992],[-119.04824,33.47993],[-119.04823,33.4799],[-119.04819,33.47992]],[[-119.04823,33.48472],[-119.04823,33.48471],[-119.04821,33.48471],[-119.04823,33.48472]],[[-119.04828,33.48433],[-119.04828,33.48436],[-119.0483,33.48436],[-119.04828,33.48433]],[[-119.04826,33.48431],[-119.04826,33.48433],[-119.04828,33.48433],[-119.04826,33.48431]],[[-119.04822,33.48436],[-119.04826,33.48438],[-119.04826,33.48433],[-119.04822,33.48436]],[[-119.04823,33.48474],[-119.04823,33.48476],[-119.04825,33.48476],[-119.04823,33.48474]],[[-119.04825,33.48017],[-119.04825,33.48016],[-119.04824,33.48016],[-119.04825,33.48017]],[[-119.04824,33.48456],[-119.04828,33.48454],[-119.04828,33.48453],[-119.04824,33.48456]],[[-119.04826,33.4844],[-119.04826,33.48442],[-119.04828,33.48442],[-119.04826,33.4844]],[[-119.04826,33.4846],[-119.04826,33.48465],[-119.04832,33.48462],[-119.0483,33.48454],[-119.04826,33.4846]],[[-119.04834,33.48451],[-119.04834,33.48453],[-119.04837,33.48453],[-119.04837,33.48451],[-119.04834,33.48451]],[[-119.04841,33.48438],[-119.04828,33.48445],[-119.04837,33.48451],[-119.04841,33.48438]],[[-119.04831,33.4802],[-119.04829,33.4802],[-119.04829,33.48021],[-119.04831,33.4802]],[[-119.0483,33.47886],[-119.0483,33.47888],[-119.04831,33.47886],[-119.0483,33.47886]],[[-119.04834,33.47954],[-119.04831,33.47958],[-119.04832,33.4796],[-119.04834,33.47954]],[[-119.04836,33.47964],[-119.0484,33.47965],[-119.0484,33.47964],[-119.04837,33.47962],[-119.04831,33.47965],[-119.04836,33.47964]],[[-119.04835,33.48435],[-119.04832,33.48438],[-119.04839,33.48438],[-119.04835,33.48435]],[[-119.04836,33.48462],[-119.04836,33.4846],[-119.04834,33.4846],[-119.04836,33.48462]],[[-119.04835,33.47957],[-119.0484,33.4796],[-119.04839,33.47956],[-119.04835,33.47957]],[[-119.04836,33.48205],[-119.04842,33.48209],[-119.0484,33.482],[-119.04836,33.48205]],[[-119.04852,33.48445],[-119.04843,33.48451],[-119.04851,33.48462],[-119.04852,33.48445]],[[-119.04845,33.47957],[-119.04847,33.47958],[-119.04847,33.47953],[-119.04845,33.47957]],[[-119.04846,33.4805],[-119.04846,33.48052],[-119.04848,33.48052],[-119.04846,33.4805]],[[-119.0485,33.48057],[-119.0485,33.48056],[-119.04848,33.48056],[-119.0485,33.48057]],[[-119.0486,33.47936],[-119.04849,33.47938],[-119.04862,33.47944],[-119.0486,33.47936]],[[-119.04849,33.48325],[-119.0485,33.48325],[-119.04849,33.48324],[-119.04849,33.48325]],[[-119.04852,33.48254],[-119.0485,33.48254],[-119.0485,33.48256],[-119.04852,33.48254]],[[-119.04852,33.48435],[-119.04854,33.48435],[-119.04854,33.48433],[-119.04852,33.48435]],[[-119.04854,33.48263],[-119.04854,33.48258],[-119.04852,33.48258],[-119.04854,33.48263]],[[-119.04859,33.48411],[-119.04854,33.48411],[-119.04854,33.48413],[-119.04859,33.48411]],[[-119.04854,33.48052],[-119.04854,33.48054],[-119.04856,33.48054],[-119.04854,33.48052]],[[-119.0486,33.48437],[-119.04863,33.48437],[-119.04863,33.48435],[-119.0486,33.48437]],[[-119.04858,33.48438],[-119.0486,33.48438],[-119.0486,33.48437],[-119.04858,33.48438]],[[-119.04856,33.4844],[-119.04858,33.4844],[-119.04858,33.48438],[-119.04856,33.4844]],[[-119.04854,33.48442],[-119.04856,33.48442],[-119.04856,33.4844],[-119.04854,33.48442]],[[-119.04856,33.48435],[-119.04856,33.48437],[-119.04858,33.48437],[-119.04856,33.48435]],[[-119.04858,33.48252],[-119.04865,33.48253],[-119.04865,33.48251],[-119.04858,33.48252]],[[-119.04867,33.48453],[-119.04867,33.48449],[-119.04862,33.48451],[-119.04867,33.48453]],[[-119.04862,33.48449],[-119.0486,33.48449],[-119.04862,33.48451],[-119.04862,33.48449]],[[-119.04862,33.48294],[-119.04862,33.48295],[-119.04865,33.48295],[-119.04862,33.48294]],[[-119.04862,33.48001],[-119.04866,33.48002],[-119.04865,33.48],[-119.04862,33.48001]],[[-119.04893,33.47916],[-119.04886,33.47899],[-119.04864,33.4793],[-119.04893,33.47916]],[[-119.04864,33.48287],[-119.04865,33.48286],[-119.04864,33.48286],[-119.04864,33.48287]],[[-119.04874,33.48411],[-119.04874,33.4841],[-119.04871,33.4841],[-119.04874,33.48411]],[[-119.04888,33.48292],[-119.04884,33.48292],[-119.04882,33.48296],[-119.04888,33.48292]],[[-119.04893,33.47876],[-119.04892,33.47877],[-119.04893,33.47878],[-119.04893,33.47876]],[[-119.04884,33.47874],[-119.04885,33.4788],[-119.04892,33.47877],[-119.04884,33.47874]],[[-119.04891,33.48422],[-119.04891,33.48421],[-119.04889,33.48421],[-119.04891,33.48422]],[[-119.04892,33.48296],[-119.04892,33.48292],[-119.0489,33.48292],[-119.04892,33.48296]],[[-119.0489,33.47935],[-119.04895,33.47937],[-119.04894,33.47934],[-119.0489,33.47935]],[[-119.04891,33.483],[-119.04893,33.48301],[-119.04894,33.48298],[-119.04891,33.483]],[[-119.04893,33.48381],[-119.04891,33.48388],[-119.049,33.48386],[-119.04893,33.48381]],[[-119.04892,33.47896],[-119.04894,33.47896],[-119.04894,33.47895],[-119.04892,33.47896]],[[-119.04892,33.48289],[-119.04892,33.48291],[-119.04894,33.48291],[-119.04892,33.48289]],[[-119.04894,33.479],[-119.04895,33.47898],[-119.04894,33.47898],[-119.04894,33.479]],[[-119.04893,33.47901],[-119.04894,33.47901],[-119.04894,33.479],[-119.04893,33.47901]],[[-119.04896,33.48303],[-119.04896,33.48301],[-119.04894,33.48302],[-119.04896,33.48303]],[[-119.04895,33.47902],[-119.04895,33.47903],[-119.04897,33.47901],[-119.04895,33.47902]],[[-119.04897,33.48087],[-119.04897,33.48085],[-119.04895,33.48085],[-119.04897,33.48087]],[[-119.049,33.48361],[-119.049,33.48359],[-119.04898,33.48359],[-119.049,33.48361]],[[-119.04898,33.48357],[-119.04896,33.48357],[-119.04898,33.48359],[-119.04898,33.48357]],[[-119.04899,33.4843],[-119.04897,33.4843],[-119.04897,33.48431],[-119.04899,33.4843]],[[-119.04899,33.47973],[-119.049,33.47971],[-119.04897,33.47972],[-119.04899,33.47973]],[[-119.04902,33.48358],[-119.04902,33.48361],[-119.04904,33.48361],[-119.04902,33.48358]],[[-119.04905,33.48085],[-119.04905,33.48083],[-119.04903,33.48083],[-119.04905,33.48085]],[[-119.04906,33.48404],[-119.04904,33.48406],[-119.04908,33.48406],[-119.04906,33.48404]],[[-119.04906,33.48415],[-119.04908,33.48415],[-119.04908,33.48413],[-119.04906,33.48415]],[[-119.04909,33.48296],[-119.04912,33.48295],[-119.04912,33.48294],[-119.04909,33.48296]],[[-119.04913,33.48356],[-119.04912,33.48354],[-119.04911,33.48354],[-119.04913,33.48356]],[[-119.04913,33.48358],[-119.04911,33.48358],[-119.04911,33.48359],[-119.04913,33.48358]],[[-119.0492,33.48313],[-119.0492,33.48311],[-119.04918,33.48311],[-119.0492,33.48313]],[[-119.04918,33.48305],[-119.04912,33.4831],[-119.04918,33.48311],[-119.04918,33.48305]],[[-119.0492,33.4828],[-119.04912,33.48282],[-119.04912,33.48289],[-119.04929,33.48291],[-119.0492,33.4828]],[[-119.04912,33.48412],[-119.04912,33.48414],[-119.04914,33.48414],[-119.04912,33.48412]],[[-119.04914,33.48421],[-119.04916,33.48421],[-119.04916,33.48419],[-119.04914,33.48421]],[[-119.04915,33.48202],[-119.04917,33.48202],[-119.04917,33.48199],[-119.04915,33.48202]],[[-119.04917,33.48361],[-119.04917,33.48363],[-119.04921,33.48363],[-119.04922,33.48359],[-119.04917,33.48361]],[[-119.04919,33.48179],[-119.04924,33.48179],[-119.04919,33.48177],[-119.04919,33.48179]],[[-119.0492,33.48316],[-119.0492,33.4832],[-119.04922,33.4832],[-119.0492,33.48316]],[[-119.04927,33.48248],[-119.04927,33.48246],[-119.04925,33.48246],[-119.04927,33.48248]],[[-119.04925,33.48244],[-119.04921,33.48244],[-119.04925,33.48246],[-119.04925,33.48244]],[[-119.04928,33.4837],[-119.04928,33.48369],[-119.04926,33.48369],[-119.04928,33.4837]],[[-119.04926,33.48367],[-119.04924,33.48367],[-119.04926,33.48369],[-119.04926,33.48367]],[[-119.04924,33.48354],[-119.04924,33.48356],[-119.04926,33.48356],[-119.04924,33.48354]],[[-119.04924,33.48318],[-119.04924,33.48322],[-119.04926,33.48322],[-119.04924,33.48318]],[[-119.04927,33.4824],[-119.04927,33.48239],[-119.04925,33.48239],[-119.04927,33.4824]],[[-119.04931,33.48257],[-119.04925,33.48257],[-119.04929,33.48262],[-119.04931,33.48257]],[[-119.04927,33.48278],[-119.04927,33.4828],[-119.04929,33.4828],[-119.04927,33.48278]],[[-119.04935,33.48318],[-119.04935,33.48314],[-119.04928,33.48316],[-119.04935,33.48318]],[[-119.0493,33.48356],[-119.0493,33.48354],[-119.04928,33.48354],[-119.0493,33.48356]],[[-119.0493,33.48376],[-119.04934,33.48376],[-119.04934,33.48374],[-119.0493,33.48376]],[[-119.04932,33.48217],[-119.04932,33.48219],[-119.04934,33.48219],[-119.04932,33.48217]],[[-119.04933,33.4826],[-119.04944,33.48275],[-119.04951,33.48264],[-119.04933,33.4826]],[[-119.04933,33.48123],[-119.04935,33.48123],[-119.04935,33.48121],[-119.04933,33.48123]],[[-119.04935,33.48116],[-119.04939,33.4812],[-119.04942,33.48112],[-119.04935,33.48116]],[[-119.04935,33.48111],[-119.04935,33.48112],[-119.04937,33.48112],[-119.04935,33.48111]],[[-119.04937,33.48135],[-119.04937,33.48134],[-119.04936,33.48134],[-119.04937,33.48135]],[[-119.04937,33.48313],[-119.04939,33.48313],[-119.04939,33.48311],[-119.04937,33.48313]],[[-119.04963,33.4814],[-119.04937,33.4813],[-119.04941,33.48138],[-119.04963,33.4814]],[[-119.04938,33.48082],[-119.0494,33.48082],[-119.0494,33.48078],[-119.04938,33.48082]],[[-119.04942,33.48084],[-119.04942,33.48082],[-119.0494,33.48082],[-119.04942,33.48084]],[[-119.04943,33.4838],[-119.04938,33.48379],[-119.04938,33.48381],[-119.04943,33.4838]],[[-119.04939,33.48137],[-119.04939,33.48136],[-119.04938,33.48136],[-119.04939,33.48137]],[[-119.04941,33.48181],[-119.04939,33.48181],[-119.04939,33.48183],[-119.04941,33.48181]],[[-119.04945,33.48055],[-119.0494,33.48055],[-119.04942,33.48057],[-119.04945,33.48055]],[[-119.04945,33.48367],[-119.04945,33.48365],[-119.04943,33.48365],[-119.04945,33.48367]],[[-119.04943,33.48361],[-119.04941,33.48361],[-119.04943,33.48365],[-119.04943,33.48361]],[[-119.04942,33.48087],[-119.04942,33.48091],[-119.04946,33.48091],[-119.04942,33.48087]],[[-119.04956,33.48174],[-119.04956,33.48176],[-119.04943,33.48176],[-119.0496,33.48183],[-119.0496,33.48176],[-119.04958,33.48176],[-119.04956,33.48174]],[[-119.04945,33.48376],[-119.04945,33.48378],[-119.04947,33.48378],[-119.04945,33.48376]],[[-119.04943,33.48374],[-119.04943,33.48376],[-119.04945,33.48376],[-119.04943,33.48374]],[[-119.04943,33.48206],[-119.04943,33.48208],[-119.04945,33.48208],[-119.04943,33.48206]],[[-119.04945,33.48381],[-119.04947,33.48381],[-119.04947,33.4838],[-119.04945,33.48381]],[[-119.04947,33.48185],[-119.04945,33.48185],[-119.04945,33.48186],[-119.04947,33.48185]],[[-119.04948,33.48127],[-119.04946,33.48127],[-119.04946,33.48129],[-119.04948,33.48127]],[[-119.04948,33.48114],[-119.0495,33.48114],[-119.0495,33.48113],[-119.04948,33.48114]],[[-119.04952,33.4806],[-119.04949,33.48069],[-119.04963,33.48065],[-119.04968,33.48071],[-119.0496,33.48057],[-119.04952,33.4806]],[[-119.04949,33.48187],[-119.04964,33.48192],[-119.04973,33.48183],[-119.04949,33.48187]],[[-119.04975,33.48181],[-119.04973,33.48181],[-119.04973,33.48183],[-119.04975,33.48181]],[[-119.04949,33.48172],[-119.04949,33.48174],[-119.0495,33.48174],[-119.04949,33.48172]],[[-119.04954,33.48167],[-119.04956,33.48163],[-119.04954,33.48163],[-119.04954,33.48167]],[[-119.04961,33.48069],[-119.04961,33.48068],[-119.04959,33.48068],[-119.04961,33.48069]],[[-119.04965,33.4812],[-119.04959,33.4812],[-119.04967,33.48127],[-119.04965,33.4812]],[[-119.04974,33.48125],[-119.04963,33.48131],[-119.04969,33.48138],[-119.04982,33.4814],[-119.04974,33.48125]],[[-119.04965,33.4817],[-119.04965,33.48172],[-119.04967,33.48172],[-119.04965,33.4817]],[[-119.04976,33.48154],[-119.04967,33.48151],[-119.04969,33.48158],[-119.04976,33.48154]],[[-119.04967,33.48174],[-119.04975,33.48176],[-119.04975,33.4817],[-119.04967,33.48174]],[[-119.04969,33.48147],[-119.04978,33.48152],[-119.04978,33.4816],[-119.0498,33.48149],[-119.04969,33.48147]],[[-119.04973,33.48169],[-119.04982,33.48167],[-119.04978,33.4816],[-119.04973,33.48169]],[[-119.04969,33.48167],[-119.04969,33.48169],[-119.04971,33.48169],[-119.04969,33.48167]],[[-119.04974,33.48116],[-119.04974,33.4812],[-119.04976,33.4812],[-119.04974,33.48116]],[[-119.04974,33.48073],[-119.04977,33.48072],[-119.04977,33.48071],[-119.04974,33.48073]],[[-119.04981,33.48057],[-119.04982907335908,33.480693976833976],[-119.05,33.48064],[-119.04981,33.48057]],[[-119.04979,33.48055],[-119.04979,33.48057],[-119.04981,33.48057],[-119.04979,33.48055]],[[-119.04974,33.48055],[-119.04977,33.48057],[-119.04977,33.48055],[-119.04974,33.48055]],[[-119.04977,33.48178],[-119.04975,33.48178],[-119.04975,33.4818],[-119.04977,33.48178]],[[-119.04978,33.48125],[-119.04976,33.48125],[-119.04976,33.48127],[-119.04978,33.48125]],[[-119.0498,33.48181],[-119.04977,33.48181],[-119.04977,33.48185],[-119.0498,33.48181]],[[-119.04977,33.48044],[-119.04979,33.48044],[-119.04979,33.48042],[-119.04977,33.48044]],[[-119.04979,33.48068],[-119.04981,33.48068],[-119.04981,33.48066],[-119.04979,33.48068]],[[-119.04982,33.48122],[-119.0498,33.48122],[-119.0498,33.48124],[-119.04982,33.48122]],[[-119.04981,33.48039],[-119.04983,33.48039],[-119.04983,33.48038],[-119.04981,33.48039]],[[-119.04993,33.48048],[-119.05009,33.48044],[-119.05007,33.48037],[-119.04983,33.48041],[-119.04993,33.48048]],[[-119.04988,33.48028],[-119.04988,33.48024],[-119.04984,33.48024],[-119.04988,33.48028]],[[-119.04987,33.4814],[-119.04986,33.48142],[-119.04989,33.48142],[-119.04987,33.4814]],[[-119.04988,33.48187],[-119.04988,33.48189],[-119.0499,33.48189],[-119.04988,33.48187]],[[-119.04997,33.48012],[-119.0499,33.48012],[-119.0499,33.48014],[-119.04997,33.48012]],[[-119.04992,33.48183],[-119.04992,33.48185],[-119.04995,33.48185],[-119.04992,33.48183]],[[-119.04993,33.48147],[-119.04993,33.48149],[-119.04995,33.48149],[-119.04993,33.48147]],[[-119.04995,33.48114],[-119.04995,33.48115],[-119.04998,33.48115],[-119.04995,33.48114]],[[-119.04997,33.48104],[-119.04998,33.48105],[-119.04998,33.48104],[-119.04997,33.48104]],[[-119.04999,33.48135],[-119.04999,33.48136],[-119.05002,33.48136],[-119.04999,33.48135]],[[-119.05004,33.48142],[-119.05002,33.48142],[-119.05002,33.48144],[-119.05004,33.48142]],[[-119.05004,33.48136],[-119.05004,33.4814],[-119.05017,33.4814],[-119.05004,33.48136]],[[-119.05012,33.48135],[-119.05015,33.48135],[-119.05015,33.48133],[-119.05012,33.48135]],[[-119.05015,33.48086],[-119.05024,33.48086],[-119.05024,33.48079],[-119.05015,33.48086]],[[-119.05047,33.4809],[-119.05045,33.48091],[-119.05045,33.48092],[-119.05047,33.4809]],[[-119.05026,33.48084],[-119.05024,33.48095],[-119.05047,33.48095],[-119.05045,33.48092],[-119.05026,33.48084]],[[-119.05024,33.4803],[-119.05027,33.4803],[-119.05027,33.48028],[-119.05024,33.4803]],[[-119.0503,33.48104],[-119.0503,33.48108],[-119.05034,33.48108],[-119.0503,33.48104]],[[-119.05043,33.48106],[-119.05045,33.48108],[-119.05045,33.48106],[-119.05043,33.48106]],[[-119.05041,33.48101],[-119.05036,33.48102],[-119.05043,33.48106],[-119.05041,33.48101]],[[-119.05032,33.48101],[-119.05032,33.48102],[-119.05036,33.48102],[-119.05032,33.48101]],[[-119.05047,33.48104],[-119.05045,33.48104],[-119.05045,33.48106],[-119.05047,33.48104]],[[-119.05039,33.48047],[-119.05037,33.48049],[-119.05043,33.48052],[-119.05039,33.48047]],[[-119.05043,33.48117],[-119.05043,33.48115],[-119.05041,33.48115],[-119.05043,33.48117]],[[-119.05046,33.48055],[-119.0505,33.48057],[-119.0505,33.48052],[-119.05046,33.48055]],[[-119.05049,33.48089],[-119.05048,33.4809],[-119.05049,33.4809],[-119.05049,33.48089]],[[-119.05049,33.48106],[-119.05051,33.48106],[-119.05051,33.48104],[-119.05049,33.48106]],[[-119.05052,33.48056],[-119.05052,33.48057],[-119.05054,33.48057],[-119.05052,33.48056]],[[-119.05058,33.48064],[-119.05058,33.48061],[-119.05057,33.48061],[-119.05058,33.48064]],[[-119.0506,33.48113],[-119.05058,33.48113],[-119.05058,33.48115],[-119.0506,33.48113]],[[-119.05063,33.4803],[-119.05061,33.48032],[-119.05065,33.48032],[-119.05063,33.4803]],[[-119.05067,33.48095],[-119.05071,33.48096],[-119.05071,33.48094],[-119.05067,33.48095]],[[-119.05075,33.48094],[-119.05075,33.48092],[-119.05071,33.48092],[-119.05075,33.48094]],[[-119.05071,33.4809],[-119.05069,33.4809],[-119.05071,33.48092],[-119.05071,33.4809]]],[[[-119.05097,33.48063],[-119.05112,33.48074],[-119.0509,33.48083],[-119.05073419753087,33.48077148148148],[-119.05097,33.48063]],[[-119.05088,33.48076],[-119.05088,33.48079],[-119.0509,33.48079],[-119.05088,33.48076]]],[[[-119.04502,33.4728],[-119.0451,33.47301],[-119.04498,33.47297],[-119.04523,33.47308],[-119.04508,33.47349],[-119.04533,33.4738],[-119.04516,33.47414],[-119.0453,33.47409],[-119.04535,33.47432],[-119.04515,33.47447],[-119.04524,33.47456],[-119.04522,33.47466],[-119.04495,33.47523],[-119.04469,33.4754],[-119.04441,33.47521],[-119.04401,33.47562],[-119.04406,33.47583],[-119.04399,33.47585],[-119.04416,33.47591],[-119.04395,33.47593],[-119.04404,33.47627],[-119.04357,33.47625],[-119.04355,33.47642],[-119.04326,33.47635],[-119.0431,33.4765],[-119.04326,33.47597],[-119.04309,33.47585],[-119.0431,33.47548],[-119.04297,33.47561],[-119.04283,33.47552],[-119.04301,33.47544],[-119.04282,33.47539],[-119.04303,33.47527],[-119.04298,33.47475],[-119.04324,33.4746],[-119.04309,33.47427],[-119.04338,33.47421],[-119.04333,33.47406],[-119.0435,33.47413],[-119.04352,33.47415],[-119.04356,33.47362],[-119.04387,33.47359],[-119.0439,33.47336],[-119.04406,33.47333],[-119.04409,33.47316],[-119.0443,33.47309],[-119.04405,33.473],[-119.04422,33.473],[-119.04416,33.47288],[-119.04431,33.47285],[-119.044,33.47258],[-119.04424,33.47245],[-119.04441,33.47257],[-119.04476,33.47233],[-119.0449,33.47219],[-119.04466,33.47197],[-119.04489,33.47186],[-119.04507,33.47213],[-119.04546,33.47213],[-119.04528,33.47279],[-119.04502,33.4728]],[[-119.04314,33.47542],[-119.0431,33.47542],[-119.0431,33.47543],[-119.04314,33.47542]],[[-119.04324,33.47453],[-119.04324,33.47452],[-119.04323,33.47452],[-119.04324,33.47453]],[[-119.0434,33.47412],[-119.04342,33.47412],[-119.04342,33.4741],[-119.0434,33.47412]],[[-119.04338,33.47413],[-119.0434,33.47415],[-119.0434,33.47412],[-119.04338,33.47413]],[[-119.04346,33.47633],[-119.04346,33.47631],[-119.04344,33.47633],[-119.04346,33.47633]],[[-119.04383,33.47621],[-119.04376,33.47621],[-119.04378,33.47622],[-119.04383,33.47621]],[[-119.04395,33.47558],[-119.04395,33.47562],[-119.044,33.47561],[-119.04395,33.47558]],[[-119.04407,33.47359],[-119.04407,33.47358],[-119.04405,33.47359],[-119.04407,33.47359]],[[-119.04412,33.47257],[-119.04411,33.47259],[-119.04414,33.47258],[-119.04412,33.47257]],[[-119.04415,33.47331],[-119.04415,33.47328],[-119.04413,33.47328],[-119.04415,33.47331]],[[-119.04424,33.47252],[-119.04415,33.47252],[-119.04415,33.47254],[-119.04424,33.47252]],[[-119.04421,33.47258],[-119.04422,33.47256],[-119.04419,33.47256],[-119.04421,33.47258]],[[-119.04422,33.47289],[-119.0442,33.47292],[-119.04424,33.47294],[-119.04422,33.47289]],[[-119.04423,33.47267],[-119.04422,33.47268],[-119.04425,33.47267],[-119.04423,33.47267]],[[-119.04425,33.4726],[-119.04424,33.47257],[-119.04423,33.4726],[-119.04425,33.4726]],[[-119.04428,33.47343],[-119.04427,33.47345],[-119.04433,33.47343],[-119.04428,33.47343]],[[-119.0443,33.47261],[-119.04428,33.47265],[-119.04432,33.47261],[-119.0443,33.47261]],[[-119.04435,33.47304],[-119.04434,33.47306],[-119.04437,33.47309],[-119.04435,33.47304]],[[-119.04484,33.47194],[-119.04487,33.47195],[-119.04486,33.47193],[-119.04484,33.47194]],[[-119.04494,33.4721],[-119.04499,33.47214],[-119.04501,33.4721],[-119.04494,33.4721]],[[-119.04517,33.47454],[-119.04517,33.47458],[-119.04519,33.47458],[-119.04517,33.47454]]],[[[-119.04422,33.47175],[-119.0443,33.47175],[-119.04432,33.47181],[-119.04429,33.47191],[-119.0442,33.47192],[-119.04428,33.47202],[-119.04418,33.47209],[-119.04423,33.47211],[-119.04399,33.47229],[-119.0437,33.47187],[-119.04378,33.47184],[-119.04339,33.47156],[-119.04379,33.47144],[-119.04405,33.47168],[-119.04429,33.47162],[-119.04422,33.47175]],[[-119.04418,33.47181],[-119.04425,33.47182],[-119.04422,33.47175],[-119.04418,33.47181]],[[-119.04427,33.47186],[-119.0443,33.47183],[-119.04425,33.47182],[-119.04427,33.47186]],[[-119.04417,33.47206],[-119.04415,33.47208],[-119.04418,33.47209],[-119.04417,33.47206]],[[-119.04366,33.47152],[-119.04365,33.47152],[-119.04366,33.47154],[-119.04366,33.47152]],[[-119.04372,33.47156],[-119.04372,33.47153],[-119.0437,33.47155],[-119.04372,33.47156]],[[-119.04374,33.47189],[-119.04375,33.47187],[-119.04373,33.47187],[-119.04374,33.47189]],[[-119.04399,33.47224],[-119.04396,33.47223],[-119.04397,33.47225],[-119.04399,33.47224]],[[-119.04408,33.47183],[-119.04411,33.47172],[-119.04407,33.47171],[-119.04408,33.47183]],[[-119.04418,33.47201],[-119.0442,33.47201],[-119.0442,33.47199],[-119.04418,33.47201]]],[[[-119.04535,33.4709],[-119.04528,33.47099],[-119.04516,33.47082],[-119.04496,33.47089],[-119.04504,33.47093],[-119.04508,33.4711],[-119.045,33.47118],[-119.04526,33.47124],[-119.04532,33.47146],[-119.04493,33.47134],[-119.04489,33.47115],[-119.04451,33.47118],[-119.04454,33.47125],[-119.04442,33.47126],[-119.04437,33.47128],[-119.04437,33.47132],[-119.04476,33.47152],[-119.04452,33.4716],[-119.04465,33.4717],[-119.04438,33.47179],[-119.04429,33.47112],[-119.04402,33.4712],[-119.04397,33.47107],[-119.04423,33.471],[-119.04418,33.47083],[-119.04402,33.47093],[-119.04369,33.47052],[-119.04412,33.47033],[-119.04397,33.47017],[-119.04433,33.47017],[-119.04451,33.47027],[-119.04426,33.47052],[-119.0443,33.4706],[-119.04449,33.47046],[-119.04455,33.47054],[-119.04468,33.47056],[-119.04472,33.4703],[-119.0449,33.47046],[-119.04475,33.4705],[-119.04483,33.47064],[-119.04503,33.4705],[-119.04511,33.47055],[-119.04497,33.47069],[-119.0453,33.47075],[-119.04535,33.4709]],[[-119.04427,33.47063],[-119.04429,33.47063],[-119.0443,33.4706],[-119.04427,33.47063]],[[-119.04416,33.47106],[-119.04417,33.47104],[-119.04414,33.47104],[-119.04416,33.47106]],[[-119.04415,33.47072],[-119.04416,33.47072],[-119.04416,33.47071],[-119.04415,33.47072]],[[-119.04429,33.47078],[-119.04429,33.47076],[-119.04427,33.47076],[-119.04429,33.47078]],[[-119.04444,33.47069],[-119.04427,33.47069],[-119.04421,33.4706],[-119.04427,33.47076],[-119.04444,33.47069]],[[-119.04431,33.47076],[-119.04434,33.47076],[-119.04434,33.47074],[-119.04431,33.47076]],[[-119.04437,33.47125],[-119.04439,33.47125],[-119.04439,33.47123],[-119.04437,33.47125]],[[-119.04437,33.47127],[-119.04438,33.47127],[-119.04437,33.47125],[-119.04437,33.47127]],[[-119.04438,33.47121],[-119.04439,33.47119],[-119.04437,33.47119],[-119.04438,33.47121]],[[-119.0445,33.47174],[-119.04448,33.47174],[-119.04448,33.47175],[-119.0445,33.47174]],[[-119.04451,33.47065],[-119.04451,33.47067],[-119.04453,33.47067],[-119.04451,33.47065]],[[-119.04457,33.47077],[-119.04459,33.47076],[-119.04457,33.47076],[-119.04457,33.47077]],[[-119.04455,33.47075],[-119.04455,33.47076],[-119.04457,33.47076],[-119.04455,33.47075]],[[-119.04453,33.4708],[-119.04456,33.4708],[-119.04455,33.47076],[-119.04453,33.4708]],[[-119.04453,33.47059],[-119.04459,33.47073],[-119.0447,33.47063],[-119.04453,33.47059]],[[-119.04455,33.47073],[-119.04457,33.47073],[-119.04457,33.47071],[-119.04455,33.47073]],[[-119.04479,33.47082],[-119.04473,33.47079],[-119.0447,33.47089],[-119.04479,33.47082]],[[-119.04471,33.47058],[-119.04473,33.47058],[-119.04473,33.47057],[-119.04471,33.47058]],[[-119.04471,33.47065],[-119.04472,33.47065],[-119.04472,33.47064],[-119.04471,33.47065]],[[-119.04479,33.47075],[-119.04479,33.47073],[-119.04477,33.47073],[-119.04479,33.47075]],[[-119.04481,33.47066],[-119.04479,33.47069],[-119.04482,33.47066],[-119.04481,33.47066]],[[-119.04487,33.47105],[-119.04489,33.47105],[-119.04489,33.47104],[-119.04487,33.47105]],[[-119.04494,33.47066],[-119.0449,33.47066],[-119.0449,33.47068],[-119.04494,33.47066]],[[-119.04492,33.47089],[-119.04491,33.47091],[-119.04494,33.47091],[-119.04492,33.47089]],[[-119.04493,33.47075],[-119.04493,33.47077],[-119.04494,33.47077],[-119.04493,33.47075]],[[-119.04499,33.47064],[-119.04496,33.47059],[-119.04494,33.47059],[-119.04499,33.47064]],[[-119.04494,33.47078],[-119.04496,33.47078],[-119.04496,33.47077],[-119.04494,33.47078]],[[-119.04497,33.4708],[-119.04498,33.47078],[-119.04496,33.47078],[-119.04497,33.4708]],[[-119.04498,33.47104],[-119.04498,33.47102],[-119.04496,33.47102],[-119.04498,33.47104]],[[-119.04494,33.471],[-119.04494,33.47102],[-119.04496,33.47102],[-119.04494,33.471]],[[-119.04496,33.47095],[-119.045,33.47095],[-119.04498,33.47091],[-119.04496,33.47095]],[[-119.04502,33.47073],[-119.04497,33.47071],[-119.045,33.47075],[-119.04502,33.47073]],[[-119.04508,33.47133],[-119.0451,33.47133],[-119.04505,33.47127],[-119.04508,33.47133]],[[-119.04506,33.47077],[-119.04507,33.47077],[-119.04507,33.47073],[-119.04506,33.47077]],[[-119.04512,33.4708],[-119.04514,33.47075],[-119.04508,33.47077],[-119.04512,33.4708]],[[-119.04513,33.47127],[-119.0451,33.47127],[-119.0451,33.47131],[-119.04513,33.47127]],[[-119.04522,33.47075],[-119.04521,33.47075],[-119.04521,33.47076],[-119.04522,33.47075]],[[-119.04525,33.47136],[-119.04525,33.47135],[-119.04523,33.47135],[-119.04525,33.47136]],[[-119.04527,33.47082],[-119.04528,33.47082],[-119.04528,33.47081],[-119.04527,33.47082]],[[-119.04532,33.47089],[-119.04532,33.47088],[-119.0453,33.47088],[-119.04532,33.47089]],[[-119.0453,33.47086],[-119.04529,33.47086],[-119.0453,33.47088],[-119.0453,33.47086]]],[[[-119.04679,33.46353],[-119.04672,33.46369],[-119.04708,33.46356],[-119.04664,33.46385],[-119.04662,33.4642],[-119.04624,33.46441],[-119.04635,33.46447],[-119.04628,33.4649],[-119.04582,33.46522],[-119.04599,33.46523],[-119.04625,33.46569],[-119.04569,33.46554],[-119.04541,33.46556],[-119.04556,33.46565],[-119.04543,33.46568],[-119.04535,33.46539],[-119.04515,33.46539],[-119.04513,33.46527],[-119.04526,33.46514],[-119.04546,33.46523],[-119.04604,33.46498],[-119.04597,33.46486],[-119.0462,33.46462],[-119.04609,33.46461],[-119.0461,33.46432],[-119.04645,33.46407],[-119.04629,33.46392],[-119.04641,33.46362],[-119.04677,33.46337],[-119.04715,33.46316],[-119.04858,33.46308],[-119.04863,33.46317],[-119.04855,33.46338],[-119.04679,33.46353]],[[-119.0452,33.46528],[-119.0452,33.46527],[-119.04515,33.46527],[-119.0452,33.46528]],[[-119.0453,33.4653],[-119.04528,33.4653],[-119.04528,33.46532],[-119.0453,33.4653]],[[-119.04545,33.46539],[-119.04537,33.46538],[-119.04537,33.46543],[-119.04545,33.46539]],[[-119.04547,33.46552],[-119.04547,33.4655],[-119.04545,33.4655],[-119.04547,33.46552]],[[-119.04545,33.46547],[-119.04543,33.46547],[-119.04545,33.4655],[-119.04545,33.46547]],[[-119.04552,33.46539],[-119.04548,33.46541],[-119.0455,33.46552],[-119.04552,33.46539]],[[-119.0456,33.4655],[-119.04556,33.4655],[-119.04558,33.46554],[-119.0456,33.4655]],[[-119.04554,33.46549],[-119.04554,33.4655],[-119.04556,33.4655],[-119.04554,33.46549]],[[-119.04569,33.46518],[-119.04567,33.46518],[-119.04567,33.4652],[-119.04569,33.46518]],[[-119.04591,33.4654],[-119.04595,33.4654],[-119.04593,33.46529],[-119.04591,33.4654]],[[-119.04605,33.46553],[-119.04608,33.46553],[-119.04608,33.46551],[-119.04605,33.46553]],[[-119.0461,33.4656],[-119.04608,33.46559],[-119.04608,33.46562],[-119.0461,33.4656]],[[-119.04608,33.46486],[-119.04608,33.46488],[-119.04611,33.46488],[-119.04608,33.46486]],[[-119.04615,33.46455],[-119.04615,33.46454],[-119.04613,33.46453],[-119.04615,33.46455]],[[-119.04619,33.46493],[-119.04617,33.46482],[-119.04613,33.46482],[-119.04619,33.46493]],[[-119.04618,33.46455],[-119.04617,33.46455],[-119.04617,33.46456],[-119.04618,33.46455]],[[-119.04621,33.46491],[-119.04623,33.46491],[-119.04623,33.4649],[-119.04621,33.46491]],[[-119.04635,33.46428],[-119.04633,33.46428],[-119.04633,33.4643],[-119.04635,33.46428]],[[-119.04644,33.46383],[-119.04645,33.46381],[-119.04644,33.46381],[-119.04644,33.46383]],[[-119.04646,33.46412],[-119.04647,33.46411],[-119.04645,33.46411],[-119.04646,33.46412]],[[-119.04648,33.46393],[-119.04647,33.46394],[-119.04648,33.46394],[-119.04648,33.46393]],[[-119.04854,33.46321],[-119.04857,33.46322],[-119.04856,33.4632],[-119.04854,33.46321]]],[[[-119.04597,33.48935],[-119.04577,33.4892],[-119.04567,33.48879],[-119.04585,33.48861],[-119.04641,33.48885],[-119.04663,33.48877],[-119.04649,33.48901],[-119.04682,33.48903],[-119.04597,33.48935]],[[-119.04597,33.48932],[-119.04597,33.48931],[-119.04596,33.48933],[-119.04597,33.48932]],[[-119.04601,33.48876],[-119.04599,33.48875],[-119.046,33.48879],[-119.04601,33.48876]]],[[[-119.04983,33.465],[-119.04971,33.46494],[-119.04997,33.46514],[-119.05015,33.46491],[-119.05045,33.46482],[-119.05017,33.46498],[-119.05023,33.46522],[-119.04988,33.46538],[-119.04944,33.46516],[-119.04947,33.46548],[-119.04935,33.46526],[-119.04915,33.46535],[-119.04926,33.46557],[-119.04908,33.46573],[-119.04879,33.46552],[-119.0486,33.46556],[-119.0487,33.46557],[-119.04865,33.46575],[-119.04872,33.4658],[-119.04871,33.46567],[-119.04898,33.46573],[-119.04846,33.46603],[-119.04859,33.46558],[-119.04803,33.46569],[-119.04786,33.46592],[-119.04689,33.46604],[-119.04664,33.46553],[-119.04666,33.46548],[-119.04689,33.46553],[-119.04673,33.46526],[-119.04661,33.46552],[-119.0464,33.46529],[-119.0474,33.46469],[-119.04774,33.46519],[-119.04807,33.46528],[-119.04786,33.46536],[-119.04796,33.46534],[-119.04808,33.46538],[-119.04878,33.4649],[-119.04949,33.46468],[-119.04965,33.4647],[-119.04956,33.46488],[-119.04974,33.46467],[-119.04991,33.46477],[-119.04983,33.465]],[[-119.04677,33.46525],[-119.04674,33.46524],[-119.04673,33.46526],[-119.04677,33.46525]],[[-119.04672,33.46551],[-119.04672,33.46554],[-119.04674,33.46555],[-119.04672,33.46551]],[[-119.04702,33.46571],[-119.04696,33.46564],[-119.04678,33.46568],[-119.04704,33.46575],[-119.04739,33.46563],[-119.04702,33.46571]],[[-119.04687,33.46556],[-119.04687,33.46555],[-119.04685,33.46555],[-119.04687,33.46556]],[[-119.0469,33.46562],[-119.04696,33.46562],[-119.04696,33.46555],[-119.0469,33.46562]],[[-119.04743,33.46561],[-119.04744,33.46561],[-119.04743,33.46557],[-119.04743,33.46561]],[[-119.04745,33.46563],[-119.04745,33.46565],[-119.04746,33.46564],[-119.04745,33.46563]],[[-119.04793,33.46541],[-119.04793,33.46537],[-119.04791,33.46538],[-119.04793,33.46541]],[[-119.04859,33.46589],[-119.04857,33.46588],[-119.04857,33.46589],[-119.04859,33.46589]],[[-119.04881,33.4655],[-119.04881,33.46549],[-119.0488,33.46549],[-119.04881,33.4655]],[[-119.04887,33.4655],[-119.04887,33.46551],[-119.04892,33.46551],[-119.04887,33.4655]],[[-119.04901,33.4655],[-119.049,33.46551],[-119.04902,33.46551],[-119.04901,33.4655]],[[-119.04911,33.46542],[-119.04906,33.46551],[-119.04915,33.46548],[-119.04911,33.46542]],[[-119.04909,33.46557],[-119.04909,33.46564],[-119.04911,33.46564],[-119.04909,33.46557]],[[-119.04959,33.46506],[-119.04959,33.4651],[-119.04961,33.4651],[-119.04959,33.46506]],[[-119.05012,33.46513],[-119.05015,33.46513],[-119.05015,33.46509],[-119.05012,33.46513]]],[[[-119.05276,33.47639],[-119.05283,33.47659],[-119.05276,33.47671],[-119.05293,33.47663],[-119.05306,33.47683],[-119.05278,33.47695],[-119.05275,33.47718],[-119.05256,33.47715],[-119.05254,33.47736],[-119.05219,33.47721],[-119.05233,33.47687],[-119.05274,33.47689],[-119.05248,33.47677],[-119.05272,33.4763],[-119.05242,33.47637],[-119.05232,33.47604],[-119.0524,33.4763],[-119.05296,33.47616],[-119.05294,33.47639],[-119.05276,33.47639]],[[-119.05241,33.47714],[-119.0525,33.47709],[-119.05239,33.47704],[-119.05241,33.47714]],[[-119.05248,33.47695],[-119.05243,33.47695],[-119.05243,33.47696],[-119.05248,33.47695]],[[-119.05245,33.47723],[-119.05245,33.47722],[-119.05243,33.47722],[-119.05245,33.47723]],[[-119.05254,33.477],[-119.05254,33.47697],[-119.05252,33.47696],[-119.05254,33.477]],[[-119.05254,33.47704],[-119.05256,33.47704],[-119.05256,33.47702],[-119.05254,33.47704]],[[-119.05263,33.47693],[-119.05263,33.47695],[-119.05265,33.47695],[-119.05263,33.47693]],[[-119.05261,33.47697],[-119.05263,33.47697],[-119.05263,33.47695],[-119.05261,33.47697]],[[-119.05272,33.47675],[-119.05272,33.47673],[-119.0527,33.47673],[-119.05272,33.47675]],[[-119.05265,33.47668],[-119.05265,33.47671],[-119.0527,33.47673],[-119.05265,33.47668]],[[-119.05267,33.477],[-119.05269,33.477],[-119.05269,33.47697],[-119.05267,33.477]],[[-119.05269,33.47709],[-119.05271,33.47709],[-119.05271,33.47707],[-119.05269,33.47709]],[[-119.05272,33.47646],[-119.05276,33.47646],[-119.05276,33.47644],[-119.05272,33.47646]],[[-119.05287,33.4763],[-119.05287,33.47632],[-119.05289,33.47632],[-119.05287,33.4763]]],[[[-119.05279,33.48773],[-119.05256,33.48765],[-119.05277,33.48735],[-119.05254,33.48731],[-119.05265,33.48708],[-119.05321,33.48713],[-119.05362,33.48692],[-119.05349,33.48707],[-119.05364,33.48706],[-119.05361,33.48713],[-119.05336,33.48727],[-119.05345,33.48731],[-119.05343,33.48748],[-119.05279,33.48773]],[[-119.05336,33.48733],[-119.05338,33.48733],[-119.05338,33.48731],[-119.05336,33.48733]],[[-119.05333,33.48734],[-119.05335,33.48739],[-119.05336,33.48733],[-119.05333,33.48734]],[[-119.05339,33.48725],[-119.0534,33.48722],[-119.05337,33.48723],[-119.05339,33.48725]],[[-119.05337,33.4872],[-119.0534,33.48721],[-119.05339,33.48718],[-119.05337,33.4872]],[[-119.05346,33.48714],[-119.05348,33.48715],[-119.05348,33.48713],[-119.05346,33.48714]],[[-119.05358,33.48712],[-119.05359,33.48709],[-119.05356,33.4871],[-119.05358,33.48712]]],[[[-119.05381,33.47708],[-119.05375,33.47663],[-119.05325,33.47674],[-119.05347,33.47697],[-119.05331,33.47715],[-119.05376,33.47721],[-119.05396,33.47703],[-119.05426,33.47714],[-119.05385,33.47714],[-119.054,33.47737],[-119.05393,33.47754],[-119.0538,33.47753],[-119.05363,33.47739],[-119.0538,33.47773],[-119.0536,33.47802],[-119.0532,33.47791],[-119.05303,33.47765],[-119.05322,33.47757],[-119.05305,33.47733],[-119.05321,33.47717],[-119.05295,33.47699],[-119.05339,33.47652],[-119.05353,33.47665],[-119.05365,33.47643],[-119.05377,33.47638],[-119.05395,33.4764],[-119.05381,33.47708]],[[-119.05301,33.47699],[-119.05299,33.47699],[-119.05299,33.477],[-119.05301,33.47699]],[[-119.05319,33.4769],[-119.05314,33.4769],[-119.05314,33.47692],[-119.05319,33.4769]],[[-119.05325,33.47695],[-119.05319,33.47699],[-119.05329,33.47699],[-119.05325,33.47695]],[[-119.05329,33.47722],[-119.05329,33.47719],[-119.05327,33.47719],[-119.05329,33.47722]],[[-119.05323,33.47712],[-119.05323,33.47719],[-119.05327,33.47719],[-119.05323,33.47712]],[[-119.05336,33.47701],[-119.05336,33.47703],[-119.05338,33.47703],[-119.05336,33.47701]],[[-119.05338,33.47665],[-119.05338,33.47661],[-119.05336,33.47661],[-119.05338,33.47665]],[[-119.05348,33.47724],[-119.05348,33.47728],[-119.05353,33.4773],[-119.05348,33.47724]],[[-119.05353,33.47723],[-119.05351,33.47723],[-119.05351,33.47724],[-119.05353,33.47723]],[[-119.05354,33.47798],[-119.05354,33.47795],[-119.05352,33.47795],[-119.05354,33.47798]],[[-119.05373,33.47661],[-119.05382,33.47652],[-119.05369,33.47647],[-119.05373,33.47661]],[[-119.05381,33.47661],[-119.05382,33.47658],[-119.05379,33.47658],[-119.05381,33.47661]],[[-119.05385,33.47723],[-119.05383,33.47725],[-119.05387,33.47725],[-119.05385,33.47723]],[[-119.05384,33.47654],[-119.05384,33.47658],[-119.05388,33.47658],[-119.05384,33.47654]],[[-119.05391,33.47743],[-119.05391,33.47736],[-119.05387,33.47737],[-119.05391,33.47743]],[[-119.05387,33.4775],[-119.05387,33.47752],[-119.05389,33.4775],[-119.05387,33.4775]],[[-119.05391,33.47748],[-119.05389,33.47748],[-119.05389,33.4775],[-119.05391,33.47748]]],[[[-119.05485,33.47855],[-119.05513,33.47836],[-119.05482,33.47897],[-119.05523,33.47881],[-119.05523,33.47901],[-119.05454,33.47915],[-119.05467,33.47897],[-119.05452,33.47897],[-119.05432,33.47913],[-119.05428,33.47882],[-119.05377,33.47885],[-119.05384,33.47851],[-119.05462,33.47803],[-119.05485,33.47855]],[[-119.05448,33.47821],[-119.05448,33.47819],[-119.05446,33.47819],[-119.05448,33.47821]],[[-119.05486,33.47902],[-119.05484,33.47904],[-119.05488,33.47904],[-119.05486,33.47902]],[[-119.05493,33.47901],[-119.05493,33.47902],[-119.05495,33.47902],[-119.05493,33.47901]],[[-119.0551,33.47899],[-119.0551,33.47888],[-119.05508,33.47888],[-119.0551,33.47899]],[[-119.05519,33.47892],[-119.05516,33.47892],[-119.05516,33.47895],[-119.05519,33.47892]],[[-119.05519,33.47888],[-119.05519,33.47885],[-119.05516,33.47885],[-119.05519,33.47888]]],[[[-119.05726,33.48732],[-119.05707,33.48725],[-119.05706,33.48769],[-119.05683,33.48732],[-119.05661,33.48746],[-119.05651,33.48728],[-119.05646,33.48748],[-119.05629,33.48737],[-119.0562,33.48766],[-119.05588,33.48775],[-119.05563,33.48751],[-119.05522,33.48761],[-119.05525,33.48742],[-119.05507,33.4874],[-119.05499,33.48763],[-119.05539,33.48767],[-119.05501,33.48769],[-119.0551,33.48776],[-119.05505,33.48785],[-119.05468,33.4874],[-119.05473,33.48752],[-119.05452,33.48793],[-119.05436,33.48785],[-119.05459,33.48764],[-119.05428,33.48742],[-119.05466,33.48723],[-119.05463,33.48704],[-119.05496,33.48703],[-119.05505,33.48643],[-119.05544,33.48647],[-119.05526,33.48657],[-119.05538,33.48655],[-119.05548,33.4868],[-119.05568,33.48646],[-119.05605,33.48668],[-119.0557,33.48689],[-119.05583,33.48702],[-119.05579,33.4874],[-119.05603,33.4871],[-119.05612,33.48724],[-119.05644,33.4871],[-119.05644,33.48717],[-119.05623,33.48723],[-119.0564,33.48737],[-119.05638,33.48723],[-119.05655,33.48721],[-119.05646,33.48714],[-119.05683,33.48725],[-119.05681,33.4871],[-119.05697,33.48702],[-119.05717,33.48723],[-119.05707,33.48696],[-119.05726,33.48732]],[[-119.05442,33.48781],[-119.05445,33.48786],[-119.05452,33.48785],[-119.05442,33.48781]],[[-119.05451,33.4878],[-119.05453,33.4878],[-119.05452,33.48778],[-119.05451,33.4878]],[[-119.05448,33.48781],[-119.0545,33.48782],[-119.05451,33.4878],[-119.05448,33.48781]],[[-119.05461,33.48761],[-119.05463,33.48762],[-119.05463,33.4876],[-119.05461,33.48761]],[[-119.05499,33.48744],[-119.05498,33.48749],[-119.05502,33.48746],[-119.05499,33.48744]],[[-119.05487,33.48744],[-119.0548,33.48753],[-119.05498,33.48749],[-119.05487,33.48744]],[[-119.05503,33.48778],[-119.055,33.48777],[-119.05501,33.4878],[-119.05503,33.48778]],[[-119.05529,33.48662],[-119.0553,33.4866],[-119.05525,33.4866],[-119.05529,33.48662]],[[-119.05539,33.4866],[-119.05536,33.4866],[-119.05537,33.48662],[-119.05539,33.4866]],[[-119.05565,33.48737],[-119.05566,33.48735],[-119.05559,33.48736],[-119.05565,33.48737]],[[-119.0559,33.48765],[-119.05601,33.48744],[-119.05584,33.48749],[-119.05575,33.48738],[-119.0558,33.48729],[-119.05574,33.48726],[-119.05567,33.48745],[-119.05581,33.48751],[-119.0559,33.48765]],[[-119.05569,33.48659],[-119.05575,33.48658],[-119.05572,33.48653],[-119.05569,33.48659]],[[-119.05573,33.48751],[-119.05573,33.48753],[-119.05577,33.48753],[-119.05573,33.48751]],[[-119.05599,33.48737],[-119.05599,33.48735],[-119.05597,33.48735],[-119.05599,33.48737]],[[-119.05607,33.48751],[-119.05614,33.48737],[-119.05603,33.48739],[-119.05607,33.48751]],[[-119.05608,33.48733],[-119.05606,33.48728],[-119.05603,33.48735],[-119.05608,33.48733]],[[-119.05617,33.48742],[-119.05618,33.48742],[-119.05618,33.48739],[-119.05617,33.48742]],[[-119.05625,33.48741],[-119.05622,33.48741],[-119.05622,33.48743],[-119.05625,33.48741]],[[-119.05623,33.4873],[-119.05623,33.48733],[-119.05627,33.48732],[-119.05623,33.4873]],[[-119.05642,33.48716],[-119.05642,33.48714],[-119.0564,33.48714],[-119.05642,33.48716]],[[-119.05644,33.48728],[-119.05642,33.48728],[-119.05642,33.4873],[-119.05644,33.48728]],[[-119.05655,33.48718],[-119.05655,33.48717],[-119.05653,33.48717],[-119.05655,33.48718]],[[-119.05661,33.48732],[-119.05661,33.4873],[-119.05659,33.4873],[-119.05661,33.48732]],[[-119.05663,33.48728],[-119.05666,33.48728],[-119.05665,33.48727],[-119.05663,33.48728]],[[-119.05668,33.48741],[-119.05668,33.48737],[-119.05666,33.48737],[-119.05668,33.48741]],[[-119.05687,33.48716],[-119.05683,33.48714],[-119.05683,33.48718],[-119.05687,33.48716]],[[-119.05687,33.48736],[-119.05698,33.48736],[-119.05696,33.48732],[-119.05687,33.48736]],[[-119.057,33.48745],[-119.05702,33.48745],[-119.05702,33.48741],[-119.057,33.48745]]],[[[-119.05625,33.48878],[-119.05595,33.48891],[-119.05616,33.48911],[-119.05556,33.48905],[-119.05571,33.48922],[-119.05545,33.48928],[-119.05517,33.48915],[-119.05542,33.4891],[-119.05522,33.48893],[-119.05544,33.48893],[-119.05544,33.48882],[-119.05535,33.48891],[-119.0552,33.48888],[-119.05519,33.48866],[-119.05548,33.48844],[-119.05536,33.48827],[-119.05563,33.48827],[-119.05556,33.48851],[-119.05609,33.48861],[-119.05625,33.48878]],[[-119.05524,33.48876],[-119.05525,33.48878],[-119.05526,33.48876],[-119.05524,33.48876]],[[-119.05529,33.48875],[-119.05527,33.48874],[-119.05526,33.48876],[-119.05529,33.48875]],[[-119.05535,33.48884],[-119.05535,33.48881],[-119.05529,33.48882],[-119.05535,33.48884]],[[-119.05544,33.48911],[-119.05543,33.4891],[-119.05543,33.48915],[-119.05544,33.48911]],[[-119.05545,33.48916],[-119.05545,33.48917],[-119.05547,33.48917],[-119.05545,33.48916]],[[-119.05554,33.48916],[-119.05552,33.48916],[-119.05552,33.48917],[-119.05554,33.48916]],[[-119.05558,33.48919],[-119.05563,33.48919],[-119.05556,33.48917],[-119.05558,33.48919]],[[-119.05579,33.48859],[-119.0558,33.48857],[-119.05577,33.48858],[-119.05579,33.48859]],[[-119.05593,33.48903],[-119.05581,33.48902],[-119.05593,33.48908],[-119.05593,33.48903]]],[[[-119.05993,33.48776],[-119.06022,33.48769],[-119.06025,33.48789],[-119.0601,33.48789],[-119.06038,33.48807],[-119.05981,33.4884],[-119.05967,33.48819],[-119.0597,33.48839],[-119.05942,33.48844],[-119.05957,33.48846],[-119.05955,33.48862],[-119.05946,33.48859],[-119.05942,33.4885],[-119.0592,33.48866],[-119.05928,33.48886],[-119.05948,33.48864],[-119.05981,33.48878],[-119.05935,33.48914],[-119.05926,33.489],[-119.05915,33.48919],[-119.0594,33.48926],[-119.05889,33.48927],[-119.05897,33.48894],[-119.05923,33.48898],[-119.05897,33.48873],[-119.05892,33.48883],[-119.0589,33.48879],[-119.05877,33.48878],[-119.05876,33.48882],[-119.05894,33.48891],[-119.05864,33.48884],[-119.05831,33.48901],[-119.05806,33.4893],[-119.05813,33.48948],[-119.05804,33.48948],[-119.05799,33.48936],[-119.05739,33.48962],[-119.05737,33.48983],[-119.05717,33.48982],[-119.05689,33.48938],[-119.05703,33.48925],[-119.05701,33.48918],[-119.05664,33.48932],[-119.057,33.48906],[-119.05671,33.48901],[-119.05704,33.48874],[-119.05688,33.48844],[-119.05791,33.48788],[-119.05836,33.48717],[-119.05864,33.48706],[-119.05872,33.48687],[-119.05839,33.48692],[-119.05868,33.48666],[-119.05893,33.48695],[-119.05878,33.48675],[-119.0588,33.48656],[-119.05933,33.48617],[-119.05963,33.4861],[-119.05954,33.48624],[-119.05961,33.48631],[-119.0597,33.48616],[-119.06008,33.48628],[-119.0599,33.48658],[-119.05977,33.4866],[-119.0597,33.48669],[-119.0596,33.48665],[-119.0596,33.48677],[-119.05983,33.48664],[-119.05994,33.48669],[-119.05974,33.4869],[-119.05995,33.48696],[-119.05981,33.4872],[-119.05988,33.48721],[-119.05994,33.48712],[-119.06003,33.48711],[-119.05993,33.48776]],[[-119.05715,33.48963],[-119.05714,33.48965],[-119.05719,33.48964],[-119.05715,33.48963]],[[-119.05805,33.48944],[-119.05806,33.48942],[-119.05803,33.48942],[-119.05805,33.48944]],[[-119.05837,33.48736],[-119.05837,33.48734],[-119.05835,33.48735],[-119.05837,33.48736]],[[-119.05858,33.48684],[-119.05856,33.48683],[-119.05857,33.48687],[-119.05858,33.48684]],[[-119.05891,33.48677],[-119.0589,33.48679],[-119.05893,33.48678],[-119.05891,33.48677]],[[-119.05886,33.48679],[-119.05886,33.48681],[-119.0589,33.48679],[-119.05886,33.48679]],[[-119.05905,33.48875],[-119.05908,33.48874],[-119.05909,33.48873],[-119.05905,33.48875]],[[-119.05914,33.48869],[-119.05918,33.48869],[-119.05916,33.48864],[-119.05909,33.48868],[-119.05914,33.48869]],[[-119.05913,33.48872],[-119.0591,33.48879],[-119.05918,33.48879],[-119.05913,33.48872]],[[-119.0592,33.48864],[-119.0592,33.48862],[-119.05917,33.48863],[-119.0592,33.48864]],[[-119.05926,33.48888],[-119.05922,33.48887],[-119.05921,33.4889],[-119.05926,33.48888]],[[-119.05946,33.48893],[-119.05956,33.48889],[-119.05936,33.48894],[-119.05946,33.48893]],[[-119.0595,33.48855],[-119.0595,33.48858],[-119.05951,33.48856],[-119.0595,33.48855]],[[-119.05966,33.48834],[-119.05963,33.48834],[-119.05963,33.48835],[-119.05966,33.48834]],[[-119.05968,33.48665],[-119.05967,33.48667],[-119.0597,33.48666],[-119.05968,33.48665]],[[-119.05972,33.48673],[-119.05975,33.48678],[-119.05976,33.48672],[-119.05972,33.48673]],[[-119.05979,33.48671],[-119.05976,33.4867],[-119.05976,33.48672],[-119.05979,33.48671]],[[-119.05982,33.48624],[-119.05975,33.48623],[-119.05976,33.48626],[-119.05982,33.48624]],[[-119.05995,33.48797],[-119.05976,33.48826],[-119.0602,33.48805],[-119.05995,33.48797]],[[-119.05979,33.48819],[-119.05979,33.48818],[-119.05976,33.48818],[-119.05979,33.48819]],[[-119.05977,33.48814],[-119.05977,33.48812],[-119.05976,33.48814],[-119.05977,33.48814]],[[-119.05979,33.48828],[-119.05979,33.48827],[-119.05976,33.48827],[-119.05979,33.48828]],[[-119.05996,33.48823],[-119.05996,33.48821],[-119.05994,33.48821],[-119.05996,33.48823]],[[-119.05998,33.48818],[-119.05996,33.48818],[-119.05996,33.4882],[-119.05998,33.48818]],[[-119.05996,33.48714],[-119.05998,33.48715],[-119.05998,33.48713],[-119.05996,33.48714]]],[[[-119.05961,33.49011],[-119.05977,33.48986],[-119.05958,33.48995],[-119.05952,33.48977],[-119.06013,33.48928],[-119.06076,33.48922],[-119.06039,33.48968],[-119.06035,33.48984],[-119.06049,33.48978],[-119.0605,33.48991],[-119.05992,33.49023],[-119.05961,33.49011]],[[-119.05972,33.49009],[-119.05971,33.49011],[-119.05974,33.49011],[-119.05972,33.49009]],[[-119.05996,33.49012],[-119.05999,33.49013],[-119.05998,33.4901],[-119.05996,33.49012]],[[-119.06041,33.48989],[-119.06045,33.48991],[-119.06046,33.48988],[-119.06041,33.48989]],[[-119.06049,33.48986],[-119.06044,33.48985],[-119.06046,33.48988],[-119.06049,33.48986]]],[[[-119.06066,33.47642],[-119.06055,33.47653],[-119.06063,33.47653],[-119.06046,33.47671],[-119.06005,33.47643],[-119.06003,33.47668],[-119.06022,33.47665],[-119.06016,33.47688],[-119.06033,33.47698],[-119.06024,33.47707],[-119.06018,33.47703],[-119.06024,33.47716],[-119.06033,33.47708],[-119.06024,33.47746],[-119.05987,33.4771],[-119.06015,33.47701],[-119.05988,33.47681],[-119.05997,33.47629],[-119.0601,33.4764],[-119.06021,33.47614],[-119.06066,33.47642]],[[-119.06007,33.4769],[-119.06011,33.47692],[-119.06011,33.47688],[-119.06007,33.4769]],[[-119.06003,33.47687],[-119.06003,33.4769],[-119.06007,33.4769],[-119.06003,33.47687]],[[-119.06014,33.47687],[-119.06011,33.47687],[-119.06011,33.47688],[-119.06014,33.47687]],[[-119.06007,33.47685],[-119.06005,33.47685],[-119.06005,33.47687],[-119.06007,33.47685]],[[-119.06017,33.47721],[-119.06017,33.47723],[-119.0602,33.47723],[-119.06017,33.47721]],[[-119.06015,33.47725],[-119.06017,33.47725],[-119.06017,33.47723],[-119.06015,33.47725]],[[-119.06026,33.47699],[-119.06026,33.47701],[-119.06028,33.47701],[-119.06026,33.47699]],[[-119.06048,33.47638],[-119.0604,33.47651],[-119.0605,33.47651],[-119.06048,33.47638]],[[-119.06044,33.47663],[-119.06046,33.47663],[-119.06046,33.47662],[-119.06044,33.47663]]],[[[-119.06284,33.47929],[-119.06295,33.47907],[-119.06271,33.47905],[-119.06275,33.47903],[-119.06271,33.47882],[-119.06262,33.47921],[-119.06273,33.47918],[-119.06284,33.4794],[-119.06275,33.47945],[-119.0626,33.47938],[-119.06257,33.47972],[-119.06247,33.4799],[-119.06199,33.47988],[-119.06219,33.47941],[-119.06198,33.47939],[-119.06198,33.4793],[-119.06209,33.47919],[-119.0617,33.47951],[-119.06185,33.47959],[-119.06176,33.47975],[-119.06146,33.4796],[-119.06155,33.47937],[-119.0612,33.47946],[-119.06131,33.47962],[-119.06122,33.47989],[-119.06111,33.47958],[-119.06127,33.47913],[-119.06161,33.47924],[-119.06153,33.47917],[-119.06162,33.4789],[-119.06172,33.47939],[-119.06193,33.47926],[-119.06181,33.47912],[-119.06185,33.47896],[-119.06168,33.47881],[-119.06153,33.47888],[-119.0614,33.47861],[-119.06179,33.47858],[-119.06222,33.47883],[-119.0624,33.47849],[-119.06222,33.47847],[-119.0622,33.47836],[-119.06251,33.47822],[-119.06255,33.47837],[-119.06266,33.47838],[-119.06262,33.4781],[-119.06294,33.47828],[-119.06281,33.4784],[-119.06317,33.47852],[-119.06315,33.4787],[-119.06334,33.4787],[-119.06336,33.47893],[-119.06319,33.47895],[-119.06329,33.47908],[-119.06297,33.479],[-119.06344,33.47928],[-119.06327,33.47938],[-119.06284,33.47929]],[[-119.06253,33.4784],[-119.06255,33.4784],[-119.06255,33.47837],[-119.06253,33.4784]],[[-119.06146,33.47937],[-119.06146,33.47935],[-119.06144,33.47935],[-119.06146,33.47937]],[[-119.06158,33.47875],[-119.06158,33.47872],[-119.06155,33.47872],[-119.06158,33.47875]],[[-119.06158,33.47877],[-119.06155,33.47881],[-119.06164,33.47881],[-119.06158,33.47877]],[[-119.06161,33.47915],[-119.06161,33.47913],[-119.06159,33.47913],[-119.06161,33.47915]],[[-119.06168,33.47868],[-119.06168,33.47865],[-119.06164,33.47865],[-119.06168,33.47868]],[[-119.06167,33.47964],[-119.06178,33.47966],[-119.06178,33.47957],[-119.06167,33.47964]],[[-119.06185,33.4789],[-119.06187,33.4789],[-119.06187,33.47888],[-119.06185,33.4789]],[[-119.06192,33.47876],[-119.06188,33.47876],[-119.06188,33.47878],[-119.06192,33.47876]],[[-119.06185,33.47877],[-119.06185,33.47879],[-119.06188,33.47879],[-119.06188,33.47878],[-119.06185,33.47877]],[[-119.06198,33.47914],[-119.062,33.47906],[-119.06187,33.47914],[-119.06198,33.47914]],[[-119.062,33.47897],[-119.062,33.47885],[-119.06188,33.47887],[-119.06194,33.47892],[-119.062,33.47897]],[[-119.06192,33.4787],[-119.06194,33.4787],[-119.06194,33.47869],[-119.06192,33.4787]],[[-119.06194,33.47874],[-119.06196,33.47874],[-119.06196,33.47872],[-119.06194,33.47874]],[[-119.06196,33.47879],[-119.06196,33.47883],[-119.06198,33.47883],[-119.06196,33.47879]],[[-119.06204,33.47932],[-119.06204,33.4793],[-119.06202,33.4793],[-119.06204,33.47932]],[[-119.06207,33.47885],[-119.06203,33.47885],[-119.06203,33.47887],[-119.06207,33.47885]],[[-119.06205,33.47892],[-119.06207,33.47892],[-119.06207,33.4789],[-119.06205,33.47892]],[[-119.06209,33.47889],[-119.06207,33.47888],[-119.06207,33.4789],[-119.06209,33.47889]],[[-119.06212,33.47966],[-119.06208,33.47968],[-119.06208,33.4797],[-119.06212,33.47966]],[[-119.06243,33.47916],[-119.06217,33.47916],[-119.06219,33.47923],[-119.06211,33.47935],[-119.06243,33.47916]],[[-119.06214,33.47972],[-119.06214,33.4797],[-119.06212,33.4797],[-119.06214,33.47972]],[[-119.06215,33.47921],[-119.06217,33.47921],[-119.06217,33.47919],[-119.06215,33.47921]],[[-119.06236,33.47954],[-119.0623,33.47946],[-119.06219,33.4795],[-119.06227,33.47964],[-119.06236,33.47954]],[[-119.06221,33.47946],[-119.06221,33.47943],[-119.06219,33.47943],[-119.06221,33.47946]],[[-119.06221,33.47937],[-119.06223,33.47937],[-119.06223,33.47936],[-119.06221,33.47937]],[[-119.06229,33.47844],[-119.06231,33.47844],[-119.06231,33.4784],[-119.06229,33.47844]],[[-119.06231,33.47838],[-119.06233,33.47838],[-119.06233,33.47836],[-119.06231,33.47838]],[[-119.0624,33.47966],[-119.06236,33.47974],[-119.06242,33.47977],[-119.0624,33.47966]],[[-119.06238,33.47965],[-119.06238,33.47966],[-119.0624,33.47966],[-119.06238,33.47965]],[[-119.06239,33.47939],[-119.06236,33.47939],[-119.06236,33.47941],[-119.06239,33.47939]],[[-119.06247,33.47939],[-119.06247,33.47938],[-119.06243,33.47937],[-119.06247,33.47939]],[[-119.06249,33.47948],[-119.06245,33.47954],[-119.06258,33.47943],[-119.06249,33.47948]],[[-119.06251,33.47954],[-119.06249,33.47961],[-119.06255,33.47961],[-119.06251,33.47954]],[[-119.06254,33.47934],[-119.06254,33.47938],[-119.06258,33.47939],[-119.06254,33.47934]],[[-119.0626,33.47923],[-119.0626,33.47921],[-119.06254,33.47923],[-119.0626,33.47923]],[[-119.06255,33.47844],[-119.06257,33.47844],[-119.06257,33.47842],[-119.06255,33.47844]],[[-119.06263,33.47849],[-119.06263,33.47846],[-119.06261,33.47846],[-119.06263,33.47849]],[[-119.06267,33.4793],[-119.06269,33.4793],[-119.06269,33.47929],[-119.06267,33.4793]],[[-119.06271,33.47923],[-119.06271,33.47921],[-119.06269,33.47921],[-119.06271,33.47923]],[[-119.06274,33.47858],[-119.06274,33.47857],[-119.0627,33.47857],[-119.06274,33.47858]],[[-119.06274,33.4788],[-119.06284,33.47875],[-119.06272,33.47875],[-119.06274,33.4788]],[[-119.06272,33.47833],[-119.06274,33.47833],[-119.06276,33.47826],[-119.06272,33.47833]],[[-119.06276,33.47866],[-119.06276,33.47869],[-119.06278,33.47869],[-119.06276,33.47866]],[[-119.06277,33.4794],[-119.06277,33.47941],[-119.06279,33.47941],[-119.06277,33.4794]],[[-119.0628,33.47857],[-119.0628,33.47864],[-119.06293,33.47853],[-119.0628,33.47857]],[[-119.06282,33.47882],[-119.06284,33.47882],[-119.06284,33.4788],[-119.06282,33.47882]],[[-119.06289,33.47882],[-119.06291,33.47878],[-119.06284,33.47876],[-119.06289,33.47882]],[[-119.06287,33.47846],[-119.06287,33.47848],[-119.06291,33.47849],[-119.06287,33.47846]],[[-119.06293,33.47916],[-119.06295,33.47916],[-119.06295,33.47914],[-119.06293,33.47916]],[[-119.06298,33.47859],[-119.06297,33.47862],[-119.06306,33.47868],[-119.06315,33.47859],[-119.06298,33.47859]],[[-119.06293,33.47864],[-119.06297,33.47864],[-119.06297,33.47862],[-119.06293,33.47864]],[[-119.06297,33.47914],[-119.06297,33.47913],[-119.06295,33.47913],[-119.06297,33.47914]],[[-119.06314,33.47933],[-119.06314,33.47925],[-119.06299,33.47929],[-119.06314,33.47933]],[[-119.06306,33.47853],[-119.06308,33.47853],[-119.06308,33.47851],[-119.06306,33.47853]],[[-119.0631,33.47871],[-119.0631,33.47873],[-119.06312,33.47873],[-119.0631,33.47871]],[[-119.0631,33.47884],[-119.06314,33.47893],[-119.06327,33.47873],[-119.0631,33.47884]],[[-119.06318,33.4792],[-119.06318,33.47916],[-119.06316,33.47916],[-119.06318,33.4792]],[[-119.06318,33.47927],[-119.0632,33.47927],[-119.0632,33.47926],[-119.06318,33.47927]],[[-119.06327,33.47886],[-119.06327,33.47882],[-119.06325,33.47882],[-119.06327,33.47886]]],[[[-119.06438,33.47604],[-119.06431,33.47634],[-119.0638,33.47639],[-119.06401,33.47693],[-119.06435,33.47688],[-119.06396,33.47708],[-119.06411,33.4774],[-119.0637,33.47751],[-119.06363,33.47744],[-119.06365,33.47754],[-119.06372,33.47753],[-119.06385,33.47762],[-119.06365,33.47773],[-119.06384,33.47809],[-119.06348,33.47799],[-119.06352,33.4779],[-119.06335,33.47801],[-119.06316,33.47785],[-119.06309,33.47799],[-119.06328,33.47808],[-119.063,33.47808],[-119.06303,33.4779],[-119.06283,33.47784],[-119.06297,33.47758],[-119.06273,33.47761],[-119.0626,33.47732],[-119.06252,33.47746],[-119.06222,33.47737],[-119.06252,33.47728],[-119.0623,33.4773],[-119.06241,33.4769],[-119.06282,33.47716],[-119.06286,33.47709],[-119.06225,33.4764],[-119.06236,33.47629],[-119.06234,33.47614],[-119.06218,33.47632],[-119.06187,33.47589],[-119.06198,33.47571],[-119.06236,33.47587],[-119.06227,33.47604],[-119.06232,33.47609],[-119.06236,33.47596],[-119.06258,33.47595],[-119.06245,33.47568],[-119.06269,33.47546],[-119.0626,33.47535],[-119.06325,33.47524],[-119.06325,33.47547],[-119.06346,33.47552],[-119.06335,33.47576],[-119.06374,33.47598],[-119.06361,33.4761],[-119.06341,33.47606],[-119.06348,33.4763],[-119.06382,33.47619],[-119.06367,33.47612],[-119.06378,33.47596],[-119.06404,33.47589],[-119.06406,33.47578],[-119.0643,33.47578],[-119.0643,33.47594],[-119.06438,33.47604]],[[-119.06361,33.47742],[-119.06361,33.47744],[-119.06363,33.47744],[-119.06361,33.47742]],[[-119.06337,33.47604],[-119.06337,33.47606],[-119.06341,33.47606],[-119.06337,33.47604]],[[-119.06204,33.47598],[-119.06204,33.476],[-119.06208,33.476],[-119.06204,33.47598]],[[-119.06204,33.47584],[-119.06208,33.47584],[-119.06206,33.47576],[-119.06204,33.47584]],[[-119.06214,33.47607],[-119.0621,33.47603],[-119.0621,33.47609],[-119.06214,33.47607]],[[-119.06212,33.476],[-119.06223,33.476],[-119.06223,33.47596],[-119.06212,33.476]],[[-119.06213,33.47582],[-119.06213,33.47584],[-119.06215,33.47584],[-119.06213,33.47582]],[[-119.06219,33.47611],[-119.06219,33.47609],[-119.06217,33.47609],[-119.06219,33.47611]],[[-119.06279,33.47626],[-119.06253,33.47602],[-119.06236,33.47611],[-119.06268,33.47644],[-119.06264,33.47629],[-119.06287,33.47629],[-119.06305,33.47619],[-119.06279,33.47626]],[[-119.06307,33.4762],[-119.06307,33.47619],[-119.06305,33.47619],[-119.06307,33.4762]],[[-119.06252,33.4771],[-119.06252,33.47707],[-119.0625,33.47707],[-119.06252,33.4771]],[[-119.06241,33.47705],[-119.06241,33.47707],[-119.0625,33.47707],[-119.06241,33.47705]],[[-119.0625,33.47652],[-119.06251,33.47651],[-119.06248,33.47651],[-119.0625,33.47652]],[[-119.0625,33.47701],[-119.06252,33.47701],[-119.06252,33.47699],[-119.0625,33.47701]],[[-119.06254,33.47728],[-119.06256,33.47728],[-119.06256,33.47727],[-119.06254,33.47728]],[[-119.06277,33.47613],[-119.06277,33.47611],[-119.0627,33.47611],[-119.06277,33.47613]],[[-119.06279,33.47586],[-119.06271,33.47586],[-119.06277,33.47608],[-119.0629,33.47611],[-119.06279,33.47586]],[[-119.06279,33.47615],[-119.06275,33.47615],[-119.06275,33.47617],[-119.06279,33.47615]],[[-119.06283,33.4762],[-119.06281,33.4762],[-119.06281,33.47622],[-119.06283,33.4762]],[[-119.06293,33.47716],[-119.06295,33.47712],[-119.06289,33.47711],[-119.06293,33.47716]],[[-119.06316,33.47767],[-119.06294,33.4777],[-119.06296,33.47779],[-119.06316,33.47767]],[[-119.06297,33.47763],[-119.06296,33.47767],[-119.06299,33.47767],[-119.06297,33.47763]],[[-119.06298,33.47633],[-119.06298,33.47631],[-119.06296,33.47631],[-119.06298,33.47633]],[[-119.06299,33.47534],[-119.06299,33.47536],[-119.06303,33.47536],[-119.06299,33.47534]],[[-119.06301,33.47759],[-119.06305,33.47759],[-119.06305,33.47758],[-119.06301,33.47759]],[[-119.06309,33.47756],[-119.06305,33.47756],[-119.06305,33.47758],[-119.06309,33.47756]],[[-119.06304,33.47716],[-119.06304,33.47714],[-119.06301,33.47714],[-119.06304,33.47716]],[[-119.06308,33.47548],[-119.06308,33.47545],[-119.06303,33.47546],[-119.06308,33.47548]],[[-119.06305,33.4775],[-119.0632,33.47747],[-119.06305,33.47743],[-119.06305,33.4775]],[[-119.06308,33.47539],[-119.06306,33.47539],[-119.06306,33.47541],[-119.06308,33.47539]],[[-119.06313,33.47785],[-119.06314,33.47779],[-119.06311,33.47779],[-119.06313,33.47785]],[[-119.06312,33.47754],[-119.06316,33.47754],[-119.06316,33.47752],[-119.06312,33.47754]],[[-119.06318,33.47783],[-119.06322,33.47781],[-119.06322,33.47779],[-119.06318,33.47783]],[[-119.06326,33.47778],[-119.06322,33.47778],[-119.06324,33.47781],[-119.06326,33.47778]],[[-119.06333,33.47626],[-119.06335,33.47623],[-119.06328,33.47622],[-119.06333,33.47626]],[[-119.06331,33.47778],[-119.06329,33.47785],[-119.06357,33.47781],[-119.06331,33.47778]],[[-119.06331,33.47597],[-119.06335,33.47595],[-119.06335,33.47594],[-119.06331,33.47597]],[[-119.06339,33.47794],[-119.06337,33.47789],[-119.06335,33.47789],[-119.06339,33.47794]],[[-119.06335,33.47599],[-119.06339,33.47599],[-119.06339,33.47597],[-119.06335,33.47599]],[[-119.06349,33.47648],[-119.06371,33.47641],[-119.0636,33.4763],[-119.06349,33.47648]],[[-119.06352,33.47771],[-119.06359,33.47772],[-119.06359,33.47767],[-119.06352,33.47771]],[[-119.06354,33.47794],[-119.06354,33.47796],[-119.06358,33.47798],[-119.06354,33.47794]],[[-119.06356,33.47606],[-119.06361,33.47606],[-119.06361,33.47605],[-119.06356,33.47606]],[[-119.06363,33.47603],[-119.06361,33.47603],[-119.06361,33.47605],[-119.06363,33.47603]],[[-119.06361,33.4778],[-119.06359,33.47783],[-119.06365,33.47783],[-119.06361,33.4778]],[[-119.06363,33.47789],[-119.06361,33.47789],[-119.06361,33.47794],[-119.06363,33.47789]],[[-119.06408,33.47629],[-119.06408,33.47627],[-119.06406,33.47627],[-119.06408,33.47629]],[[-119.06393,33.47618],[-119.06367,33.47634],[-119.06406,33.47627],[-119.06393,33.47618]],[[-119.06373,33.47803],[-119.06371,33.47803],[-119.06371,33.47805],[-119.06373,33.47803]],[[-119.06373,33.47643],[-119.06373,33.47644],[-119.06375,33.47645],[-119.06373,33.47643]],[[-119.0638,33.47607],[-119.06374,33.4761],[-119.06395,33.47612],[-119.0638,33.47607]],[[-119.06375,33.47657],[-119.06379,33.47659],[-119.06382,33.47655],[-119.06375,33.47657]],[[-119.06377,33.4765],[-119.06375,33.4765],[-119.06375,33.47652],[-119.06377,33.4765]],[[-119.06376,33.47733],[-119.06379,33.47738],[-119.06389,33.47735],[-119.06376,33.47733]],[[-119.06378,33.47744],[-119.06378,33.47746],[-119.06381,33.47744],[-119.06378,33.47744]],[[-119.06383,33.47742],[-119.06381,33.47742],[-119.06381,33.47744],[-119.06383,33.47742]],[[-119.06379,33.47679],[-119.0639,33.47681],[-119.0639,33.47677],[-119.06379,33.47679]],[[-119.06385,33.47746],[-119.06385,33.47744],[-119.06383,33.47744],[-119.06385,33.47746]],[[-119.06387,33.47603],[-119.06387,33.47596],[-119.06385,33.47596],[-119.06387,33.47603]],[[-119.06396,33.47742],[-119.064,33.4774],[-119.06396,33.47738],[-119.06396,33.47742]],[[-119.06389,33.47737],[-119.06389,33.4774],[-119.06396,33.47738],[-119.06389,33.47737]],[[-119.0639,33.47704],[-119.0639,33.47706],[-119.06394,33.47706],[-119.0639,33.47704]],[[-119.06394,33.47686],[-119.06392,33.4769],[-119.06396,33.4769],[-119.06394,33.47686]],[[-119.06399,33.47605],[-119.06399,33.47603],[-119.06393,33.47603],[-119.06399,33.47605]],[[-119.06394,33.47693],[-119.06394,33.47697],[-119.06398,33.47697],[-119.06394,33.47693]],[[-119.0641,33.47598],[-119.06413,33.47592],[-119.06402,33.47594],[-119.0641,33.47598]],[[-119.06403,33.4763],[-119.06406,33.4763],[-119.06406,33.47629],[-119.06403,33.4763]],[[-119.06404,33.47603],[-119.06406,33.47609],[-119.06414,33.47607],[-119.06404,33.47603]],[[-119.06423,33.47625],[-119.06423,33.47623],[-119.06419,33.47623],[-119.06423,33.47625]],[[-119.06421,33.47607],[-119.06423,33.47607],[-119.06423,33.47605],[-119.06421,33.47607]],[[-119.06423,33.47589],[-119.06425,33.47589],[-119.06425,33.47587],[-119.06423,33.47589]]],[[[-119.06349,33.48048],[-119.06368,33.4809],[-119.06334,33.4807],[-119.06334,33.4809],[-119.06316,33.48097],[-119.06308,33.48075],[-119.06334,33.48037],[-119.0631,33.48048],[-119.06274,33.48012],[-119.06298,33.48012],[-119.06287,33.48001],[-119.0629,33.4799],[-119.06326,33.47992],[-119.06304,33.48008],[-119.06358,33.48012],[-119.06328,33.4803],[-119.06347,33.48038],[-119.06373,33.4802],[-119.06371,33.48041],[-119.06349,33.48048]],[[-119.06292,33.47997],[-119.06298,33.48001],[-119.063,33.47994],[-119.06292,33.47997]],[[-119.06302,33.48014],[-119.06304,33.48014],[-119.06304,33.4801],[-119.06302,33.48014]],[[-119.06308,33.48032],[-119.06321,33.48023],[-119.06315,33.48014],[-119.06308,33.48032]],[[-119.06315,33.48041],[-119.06313,33.48041],[-119.06313,33.48045],[-119.06315,33.48041]],[[-119.06321,33.48028],[-119.06319,33.48028],[-119.06319,33.4803],[-119.06321,33.48028]],[[-119.06329,33.48086],[-119.06329,33.48084],[-119.06325,33.48084],[-119.06329,33.48086]],[[-119.06325,33.48083],[-119.06323,33.48083],[-119.06325,33.48084],[-119.06325,33.48083]],[[-119.06326,33.48025],[-119.06324,33.48025],[-119.06324,33.48027],[-119.06326,33.48025]],[[-119.0633,33.48018],[-119.0633,33.48021],[-119.06332,33.48021],[-119.0633,33.48018]],[[-119.06336,33.48065],[-119.06334,33.48065],[-119.06334,33.48066],[-119.06336,33.48065]],[[-119.06353,33.48065],[-119.06355,33.48063],[-119.06353,33.48063],[-119.06353,33.48065]],[[-119.06351,33.48061],[-119.06351,33.48063],[-119.06353,33.48063],[-119.06351,33.48061]],[[-119.06349,33.48059],[-119.06349,33.48061],[-119.06351,33.48061],[-119.06349,33.48059]],[[-119.06364,33.48041],[-119.06366,33.48036],[-119.0636,33.48036],[-119.06364,33.48041]]],[[[-119.06761,33.49205],[-119.06739,33.49244],[-119.0677,33.49239],[-119.06754,33.49268],[-119.06718,33.49264],[-119.06731,33.4925],[-119.06697,33.49226],[-119.06683,33.49251],[-119.06662,33.49247],[-119.06677,33.49224],[-119.0671,33.49219],[-119.06688,33.49217],[-119.06675,33.49222],[-119.06673,33.49229],[-119.0666,33.49236],[-119.06662,33.49206],[-119.06693,33.49193],[-119.06675,33.49199],[-119.06673,33.4919],[-119.06744,33.49178],[-119.06761,33.49205]],[[-119.06684,33.49208],[-119.06684,33.49211],[-119.06688,33.49211],[-119.06684,33.49208]],[[-119.06695,33.4921],[-119.06688,33.49215],[-119.0669,33.49215],[-119.06695,33.4921]],[[-119.06699,33.49213],[-119.06699,33.49211],[-119.06697,33.49211],[-119.06699,33.49213]],[[-119.06701,33.49211],[-119.06703,33.49211],[-119.06703,33.4921],[-119.06701,33.49211]],[[-119.06705,33.4921],[-119.06705,33.49208],[-119.06703,33.49208],[-119.06705,33.4921]],[[-119.0671,33.49206],[-119.0671,33.49208],[-119.06712,33.49208],[-119.0671,33.49206]],[[-119.06722,33.49231],[-119.06722,33.49235],[-119.06724,33.49235],[-119.06722,33.49231]],[[-119.06737,33.49239],[-119.0674,33.4923],[-119.06729,33.49241],[-119.06737,33.49239]],[[-119.06724,33.49239],[-119.06724,33.49241],[-119.06729,33.49241],[-119.06724,33.49239]],[[-119.06733,33.49223],[-119.06735,33.49223],[-119.06735,33.49221],[-119.06733,33.49223]],[[-119.06735,33.49228],[-119.06735,33.49224],[-119.06733,33.49224],[-119.06735,33.49228]],[[-119.06735,33.49244],[-119.06737,33.49244],[-119.06737,33.49242],[-119.06735,33.49244]],[[-119.06737,33.49248],[-119.06737,33.4925],[-119.06739,33.4925],[-119.06737,33.49248]],[[-119.06742,33.49188],[-119.0674,33.49188],[-119.0674,33.4919],[-119.06742,33.49188]],[[-119.06746,33.49264],[-119.06743,33.49264],[-119.06743,33.49266],[-119.06746,33.49264]],[[-119.0675,33.49257],[-119.0675,33.49255],[-119.06746,33.49253],[-119.0675,33.49257]],[[-119.06761,33.49246],[-119.06761,33.49243],[-119.06759,33.49243],[-119.06761,33.49246]]]]},"properties":{"id":"sbisland-kelp-extent","name":"Santa Barbara Is. surveyed kelp extent","className":"Kelp Subsurface","years":"2003-2016","areaKm2":1.67}},{"type":"Feature","geometry":{"type":"MultiPolygon","coordinates":[[[[-119.02669,33.47857],[-119.02654,33.4788],[-119.02675,33.47875],[-119.02684,33.47888],[-119.02667,33.47898],[-119.02671,33.47905],[-119.02664,33.47905],[-119.0266,33.479],[-119.02662,33.47913],[-119.02649,33.47914],[-119.02656,33.47909],[-119.02634,33.47905],[-119.02645,33.47898],[-119.02643,33.47887],[-119.0263,33.47885],[-119.02626,33.47898],[-119.02613,33.47885],[-119.02604,33.4789],[-119.02596,33.47887],[-119.02598,33.47878],[-119.02587,33.4787],[-119.02609,33.47867],[-119.02609,33.47863],[-119.02585,33.47861],[-119.02577,33.47836],[-119.02581,33.47825],[-119.02592,33.47836],[-119.02596,33.47829],[-119.02613,33.47847],[-119.02609,33.47851],[-119.0263,33.47856],[-119.02637,33.4784],[-119.02646,33.47835],[-119.02661,33.47835],[-119.02669,33.47857]],[[-119.0259,33.47856],[-119.02594,33.47856],[-119.02594,33.47853],[-119.0259,33.47856]],[[-119.02594,33.47851],[-119.02596,33.47858],[-119.02607,33.47858],[-119.02609,33.47847],[-119.02594,33.47851]],[[-119.02603,33.4784],[-119.02603,33.47842],[-119.02605,33.47842],[-119.02603,33.4784]],[[-119.02604,33.47885],[-119.02604,33.47887],[-119.02609,33.47887],[-119.02604,33.47885]],[[-119.02604,33.47872],[-119.02604,33.47874],[-119.02609,33.47874],[-119.02604,33.47872]],[[-119.02613,33.47874],[-119.02613,33.47873],[-119.02611,33.47873],[-119.02613,33.47874]],[[-119.02617,33.47878],[-119.02611,33.47878],[-119.02613,33.47883],[-119.02617,33.47878]],[[-119.02617,33.47871],[-119.02617,33.47869],[-119.02615,33.47869],[-119.02617,33.47871]],[[-119.02622,33.47874],[-119.02624,33.47873],[-119.02622,33.47873],[-119.02622,33.47874]],[[-119.02615,33.47874],[-119.02615,33.47876],[-119.02622,33.47874],[-119.02615,33.47874]],[[-119.0262,33.47871],[-119.0262,33.47873],[-119.02622,33.47873],[-119.0262,33.47871]],[[-119.02637,33.47858],[-119.02637,33.47855],[-119.02635,33.47855],[-119.02637,33.47858]],[[-119.02644,33.47844],[-119.02644,33.4784],[-119.02641,33.4784],[-119.02644,33.47844]],[[-119.02645,33.47876],[-119.02643,33.47876],[-119.02643,33.47878],[-119.02645,33.47876]],[[-119.02651,33.47902],[-119.02645,33.479],[-119.02643,33.47905],[-119.02651,33.47902]],[[-119.02647,33.47882],[-119.02647,33.47878],[-119.02645,33.47878],[-119.02647,33.47882]],[[-119.02648,33.47844],[-119.02654,33.47842],[-119.02654,33.4784],[-119.02648,33.47844]],[[-119.02646,33.47846],[-119.02648,33.47846],[-119.02648,33.47844],[-119.02646,33.47846]],[[-119.0265,33.47848],[-119.0265,33.47846],[-119.02648,33.47846],[-119.0265,33.47848]],[[-119.02646,33.47849],[-119.02646,33.47853],[-119.02648,33.47853],[-119.02646,33.47849]],[[-119.0265,33.47876],[-119.0265,33.4788],[-119.02652,33.4788],[-119.0265,33.47876]],[[-119.02652,33.47844],[-119.02652,33.47846],[-119.02656,33.47846],[-119.02652,33.47844]],[[-119.02659,33.47839],[-119.02659,33.47837],[-119.02654,33.47837],[-119.02659,33.47839]],[[-119.02659,33.47842],[-119.02659,33.4784],[-119.02656,33.4784],[-119.02659,33.47842]],[[-119.02666,33.47904],[-119.02669,33.47904],[-119.02669,33.47902],[-119.02666,33.47904]]],[[[-119.02637,33.47517],[-119.02645,33.47526],[-119.02632,33.47526],[-119.02632,33.47533],[-119.02641,33.4753],[-119.02639,33.47541],[-119.02628,33.47539],[-119.02621,33.47553],[-119.02628,33.47559],[-119.02615,33.47575],[-119.02623,33.47582],[-119.02608,33.4758],[-119.02617,33.47587],[-119.0261,33.47591],[-119.02604,33.47568],[-119.02589,33.47555],[-119.026,33.47549],[-119.02594,33.47535],[-119.02604,33.47537],[-119.02609,33.47526],[-119.02589,33.4752],[-119.02609,33.47522],[-119.026,33.47512],[-119.02615,33.47515],[-119.02622,33.47508],[-119.02617,33.47519],[-119.02626,33.47524],[-119.02639,33.47508],[-119.02654,33.47507],[-119.0265,33.47516],[-119.02637,33.47517]],[[-119.02628,33.47535],[-119.02632,33.47535],[-119.02632,33.47533],[-119.02628,33.47535]],[[-119.02609,33.4754],[-119.02609,33.47537],[-119.02604,33.47537],[-119.02609,33.4754]],[[-119.02611,33.47521],[-119.02617,33.47521],[-119.02617,33.47519],[-119.02611,33.47521]],[[-119.02602,33.4756],[-119.02604,33.4756],[-119.02604,33.47559],[-119.02602,33.4756]],[[-119.02608,33.47569],[-119.02608,33.47571],[-119.02612,33.47571],[-119.02608,33.47569]],[[-119.02611,33.47528],[-119.02611,33.4753],[-119.02615,33.4753],[-119.02611,33.47528]],[[-119.02615,33.47523],[-119.02615,33.47524],[-119.02617,33.47524],[-119.02615,33.47523]],[[-119.02617,33.47544],[-119.02624,33.47544],[-119.02619,33.47542],[-119.02617,33.47544]],[[-119.02617,33.47526],[-119.02619,33.47526],[-119.0262,33.47524],[-119.02617,33.47526]],[[-119.02635,33.47524],[-119.02635,33.47523],[-119.02632,33.47523],[-119.02635,33.47524]],[[-119.02643,33.47516],[-119.02643,33.47514],[-119.02641,33.47514],[-119.02643,33.47516]],[[-119.02648,33.4751],[-119.02648,33.47508],[-119.02646,33.47508],[-119.02648,33.4751]]],[[[-119.02651,33.47602],[-119.02651,33.47613],[-119.02644,33.47615],[-119.02653,33.47618],[-119.02653,33.47624],[-119.02648,33.47635],[-119.02622,33.47636],[-119.0262,33.47652],[-119.02631,33.47656],[-119.02616,33.4766],[-119.02614,33.47647],[-119.02618,33.4764],[-119.02605,33.47636],[-119.02621,33.47613],[-119.02591,33.47607],[-119.0261,33.47605],[-119.02627,33.47591],[-119.02651,33.47602]],[[-119.0262,33.47634],[-119.02618,33.47634],[-119.02618,33.4764],[-119.0262,33.47634]],[[-119.02614,33.47633],[-119.02616,33.47633],[-119.02616,33.47629],[-119.02614,33.47633]],[[-119.02618,33.47651],[-119.02616,33.47651],[-119.02616,33.47652],[-119.02618,33.47651]],[[-119.02621,33.47606],[-119.02621,33.47604],[-119.02619,33.47604],[-119.02621,33.47606]],[[-119.02616,33.47602],[-119.02616,33.47604],[-119.02619,33.47604],[-119.02616,33.47602]],[[-119.0262,33.47631],[-119.0262,33.47627],[-119.02618,33.47627],[-119.0262,33.47631]],[[-119.0262,33.47625],[-119.0262,33.47624],[-119.02618,33.47624],[-119.0262,33.47625]],[[-119.02623,33.47615],[-119.02623,33.47618],[-119.02633,33.47624],[-119.02623,33.47615]],[[-119.02629,33.47597],[-119.02632,33.47597],[-119.02632,33.47595],[-119.02629,33.47597]],[[-119.02646,33.47627],[-119.02642,33.47627],[-119.02644,33.47631],[-119.02646,33.47627]],[[-119.02642,33.47602],[-119.02644,33.47602],[-119.02644,33.476],[-119.02642,33.47602]],[[-119.02644,33.47611],[-119.02649,33.47609],[-119.02649,33.47608],[-119.02644,33.47611]],[[-119.02651,33.47622],[-119.02651,33.4762],[-119.02648,33.4762],[-119.02651,33.47622]]],[[[-119.02771,33.46766],[-119.02773,33.46761],[-119.02784,33.46764],[-119.02775,33.4677],[-119.02781,33.46799],[-119.02766,33.46822],[-119.02755,33.46816],[-119.02753,33.468],[-119.02734,33.468],[-119.0274,33.46805],[-119.02738,33.46809],[-119.02721,33.46798],[-119.02751,33.46791],[-119.02755,33.46798],[-119.02773,33.46788],[-119.02771,33.46782],[-119.02764,33.46789],[-119.02727,33.46789],[-119.02715,33.4678],[-119.02699,33.46793],[-119.02704,33.46776],[-119.02728,33.4678],[-119.0274,33.46782],[-119.02734,33.46768],[-119.02754,33.46762],[-119.02751,33.46755],[-119.02762,33.46761],[-119.02764,33.46752],[-119.02775,33.46753],[-119.02771,33.46766]],[[-119.02725,33.4678],[-119.02728,33.46782],[-119.02728,33.4678],[-119.02725,33.4678]],[[-119.02747,33.46784],[-119.02743,33.46784],[-119.02745,33.46787],[-119.02747,33.46784]],[[-119.02747,33.4678],[-119.02751,33.46779],[-119.02747,33.46778],[-119.02747,33.4678]],[[-119.02743,33.46777],[-119.02743,33.46778],[-119.02747,33.46778],[-119.02743,33.46777]],[[-119.02751,33.46766],[-119.02751,33.46764],[-119.02749,33.46764],[-119.02751,33.46766]],[[-119.02757,33.46804],[-119.0276,33.46804],[-119.0276,33.46798],[-119.02757,33.46804]],[[-119.02762,33.46797],[-119.0276,33.46797],[-119.0276,33.46798],[-119.02762,33.46797]],[[-119.02757,33.46811],[-119.02757,33.46815],[-119.02764,33.46813],[-119.02757,33.46811]],[[-119.0276,33.46775],[-119.02758,33.46775],[-119.02758,33.46784],[-119.0276,33.46775]],[[-119.0276,33.46773],[-119.02764,33.46768],[-119.02758,33.46766],[-119.0276,33.46773]],[[-119.02764,33.46773],[-119.02766,33.46773],[-119.02766,33.46771],[-119.02764,33.46773]],[[-119.02762,33.46775],[-119.02764,33.46775],[-119.02764,33.46773],[-119.02762,33.46775]],[[-119.02764,33.46797],[-119.02764,33.46798],[-119.0277,33.468],[-119.02777,33.46793],[-119.02764,33.46797]],[[-119.02769,33.46766],[-119.02766,33.46766],[-119.02766,33.46768],[-119.02769,33.46766]],[[-119.02775,33.46781],[-119.02773,33.46781],[-119.02773,33.46786],[-119.02775,33.46781]],[[-119.02773,33.46791],[-119.02775,33.46791],[-119.02775,33.4679],[-119.02773,33.46791]],[[-119.02777,33.46797],[-119.02777,33.46799],[-119.02779,33.46799],[-119.02777,33.46797]]],[[[-119.02805,33.47968],[-119.02814,33.47983],[-119.02805,33.48004],[-119.02813,33.48022],[-119.02811,33.48056],[-119.02798,33.48051],[-119.028,33.48038],[-119.02792,33.48033],[-119.02801,33.48017],[-119.02777,33.48013],[-119.02784,33.47997],[-119.02762,33.47986],[-119.02767,33.47977],[-119.02784,33.47979],[-119.02776,33.47957],[-119.02782,33.4795],[-119.02799,33.47955],[-119.02797,33.47966],[-119.02805,33.47968]],[[-119.02786,33.47995],[-119.02784,33.47995],[-119.02784,33.47997],[-119.02786,33.47995]],[[-119.02779,33.47989],[-119.02786,33.47989],[-119.02786,33.47986],[-119.02779,33.47989]],[[-119.02782,33.47984],[-119.02788,33.47982],[-119.02788,33.4798],[-119.02782,33.47984]],[[-119.02788,33.47968],[-119.02788,33.47971],[-119.02795,33.47972],[-119.02788,33.47968]],[[-119.02786,33.47966],[-119.02786,33.47968],[-119.02788,33.47968],[-119.02786,33.47966]],[[-119.0279,33.4798],[-119.0279,33.47979],[-119.02788,33.47979],[-119.0279,33.4798]],[[-119.02788,33.4799],[-119.0279,33.4799],[-119.0279,33.47988],[-119.02788,33.4799]],[[-119.02792,33.47986],[-119.0279,33.47986],[-119.0279,33.47988],[-119.02792,33.47986]],[[-119.02792,33.47982],[-119.0279,33.47982],[-119.0279,33.47984],[-119.02792,33.47982]],[[-119.02793,33.47962],[-119.02797,33.47963],[-119.02797,33.47961],[-119.02793,33.47962]],[[-119.02795,33.47973],[-119.02797,33.47973],[-119.02797,33.47972],[-119.02795,33.47973]],[[-119.02799,33.47995],[-119.02799,33.47993],[-119.02797,33.47993],[-119.02799,33.47995]],[[-119.02799,33.4797],[-119.02799,33.47973],[-119.02803,33.47973],[-119.02799,33.4797]],[[-119.02802,33.48042],[-119.02802,33.4804],[-119.028,33.4804],[-119.02802,33.48042]],[[-119.02803,33.47991],[-119.02801,33.47991],[-119.02801,33.47995],[-119.02803,33.47991]],[[-119.02807,33.4804],[-119.02805,33.4804],[-119.02805,33.48044],[-119.02807,33.4804]],[[-119.02807,33.48035],[-119.02807,33.48037],[-119.02809,33.48037],[-119.02807,33.48035]],[[-119.02811,33.48031],[-119.02811,33.48029],[-119.02809,33.48029],[-119.02811,33.48031]],[[-119.02811,33.48024],[-119.02809,33.48024],[-119.02809,33.48028],[-119.02811,33.48024]],[[-119.02809,33.48051],[-119.02809,33.48053],[-119.02811,33.48053],[-119.02809,33.48051]]],[[[-119.02865,33.46765],[-119.02865,33.46774],[-119.02846,33.46783],[-119.0285,33.46783],[-119.02859,33.46796],[-119.02835,33.46795],[-119.02854,33.46805],[-119.02822,33.4681],[-119.02811,33.46795],[-119.0282,33.4679],[-119.02816,33.46781],[-119.02841,33.46787],[-119.02842,33.46779],[-119.02822,33.46779],[-119.02833,33.46772],[-119.02822,33.46766],[-119.0282,33.46774],[-119.02816,33.46774],[-119.02807,33.46765],[-119.02811,33.46777],[-119.02792,33.46786],[-119.02798,33.46792],[-119.02792,33.46793],[-119.02794,33.46797],[-119.02796,33.46801],[-119.02792,33.46802],[-119.02781,33.46791],[-119.02788,33.46759],[-119.02779,33.46759],[-119.02777,33.46753],[-119.02827,33.46761],[-119.02837,33.46772],[-119.02844,33.4677],[-119.02837,33.46759],[-119.02859,33.4676],[-119.02857,33.46769],[-119.02865,33.46765]],[[-119.02792,33.46799],[-119.02794,33.46799],[-119.02794,33.46797],[-119.02792,33.46799]],[[-119.02788,33.46788],[-119.02788,33.46786],[-119.02786,33.46786],[-119.02788,33.46788]],[[-119.02794,33.4679],[-119.02792,33.4679],[-119.02792,33.46791],[-119.02794,33.4679]],[[-119.02797,33.46763],[-119.02799,33.46763],[-119.02799,33.46761],[-119.02797,33.46763]],[[-119.0282,33.46794],[-119.02818,33.46794],[-119.02818,33.46799],[-119.0282,33.46794]],[[-119.02818,33.46766],[-119.02818,33.4677],[-119.0282,33.4677],[-119.02818,33.46766]],[[-119.02824,33.46794],[-119.02824,33.4679],[-119.02822,33.4679],[-119.02824,33.46794]],[[-119.02822,33.46804],[-119.02822,33.46806],[-119.02824,33.46806],[-119.02822,33.46804]],[[-119.02828,33.46792],[-119.02828,33.46797],[-119.02833,33.46797],[-119.02828,33.46792]],[[-119.02826,33.4679],[-119.02826,33.46792],[-119.02828,33.46792],[-119.02826,33.4679]],[[-119.02833,33.46799],[-119.02831,33.46799],[-119.02831,33.46801],[-119.02833,33.46799]],[[-119.02833,33.46788],[-119.02831,33.46788],[-119.02831,33.4679],[-119.02833,33.46788]],[[-119.02835,33.46803],[-119.02833,33.46803],[-119.02833,33.46804],[-119.02835,33.46803]],[[-119.02835,33.4679],[-119.02835,33.46792],[-119.02837,33.46792],[-119.02835,33.4679]],[[-119.02844,33.46774],[-119.02844,33.46772],[-119.02839,33.46772],[-119.02844,33.46774]],[[-119.02848,33.46785],[-119.02846,33.46785],[-119.02846,33.46787],[-119.02848,33.46785]],[[-119.02848,33.46767],[-119.0285,33.46767],[-119.0285,33.46765],[-119.02848,33.46767]],[[-119.02846,33.46769],[-119.02848,33.46769],[-119.02848,33.46767],[-119.02846,33.46769]],[[-119.02852,33.46769],[-119.02852,33.46767],[-119.0285,33.46767],[-119.02852,33.46769]],[[-119.0285,33.4679],[-119.0285,33.46788],[-119.02848,33.46788],[-119.0285,33.4679]]],[[[-119.02899,33.47038],[-119.02877,33.47039],[-119.02901,33.47047],[-119.02903,33.47056],[-119.02894,33.47063],[-119.02885,33.47058],[-119.02864,33.47066],[-119.02877,33.47085],[-119.02848,33.47101],[-119.02844,33.47095],[-119.02861,33.47086],[-119.02866,33.47072],[-119.02847,33.4707],[-119.02845,33.47061],[-119.02877,33.47052],[-119.02853,33.47034],[-119.02838,33.47035],[-119.02834,33.47023],[-119.02823,33.4703],[-119.02826,33.47016],[-119.02813,33.47015],[-119.02821,33.47025],[-119.02813,33.47026],[-119.02798,33.47008],[-119.02804,33.47006],[-119.02819,33.47001],[-119.0282,33.46985],[-119.02811,33.46985],[-119.02809,33.46979],[-119.02833,33.46985],[-119.02835,33.46969],[-119.02826,33.46969],[-119.02824,33.46956],[-119.02842,33.46954],[-119.02816,33.46949],[-119.02844,33.46931],[-119.02833,33.46924],[-119.02857,33.46931],[-119.02844,33.46945],[-119.02861,33.4696],[-119.02841,33.46969],[-119.02843,33.47005],[-119.02854,33.47005],[-119.02856,33.47019],[-119.02867,33.47018],[-119.02866,33.47028],[-119.02893,33.47],[-119.02901,33.47011],[-119.02895,33.47018],[-119.02905,33.4702],[-119.02899,33.47038]],[[-119.02806,33.47008],[-119.02806,33.47006],[-119.02804,33.47006],[-119.02806,33.47008]],[[-119.02811,33.47014],[-119.02811,33.47012],[-119.02809,33.47012],[-119.02811,33.47014]],[[-119.02813,33.4701],[-119.02813,33.47008],[-119.02811,33.47008],[-119.02813,33.4701]],[[-119.02813,33.46981],[-119.02813,33.46983],[-119.02815,33.46983],[-119.02813,33.46981]],[[-119.02822,33.47008],[-119.02817,33.47008],[-119.02819,33.47014],[-119.02822,33.47008]],[[-119.02815,33.47006],[-119.02815,33.47008],[-119.02817,33.47008],[-119.02815,33.47006]],[[-119.0282,33.46996],[-119.02822,33.46996],[-119.02822,33.46994],[-119.0282,33.46996]],[[-119.02824,33.46994],[-119.02824,33.46992],[-119.02822,33.46992],[-119.02824,33.46994]],[[-119.02822,33.4699],[-119.0282,33.4699],[-119.02822,33.46992],[-119.02822,33.4699]],[[-119.02826,33.46997],[-119.02826,33.46996],[-119.02824,33.46996],[-119.02826,33.46997]],[[-119.02826,33.4699],[-119.02826,33.46987],[-119.02824,33.46987],[-119.02826,33.4699]],[[-119.02833,33.46947],[-119.02827,33.46947],[-119.02829,33.46951],[-119.02833,33.46947]],[[-119.0283,33.47021],[-119.0283,33.47019],[-119.02828,33.47019],[-119.0283,33.47021]],[[-119.02828,33.46996],[-119.0283,33.46996],[-119.0283,33.46994],[-119.02828,33.46996]],[[-119.02832,33.46998],[-119.02841,33.46996],[-119.02841,33.46994],[-119.02832,33.46994],[-119.02832,33.46998]],[[-119.02828,33.4699],[-119.02828,33.46992],[-119.02832,33.46994],[-119.02828,33.4699]],[[-119.02833,33.46945],[-119.02833,33.46943],[-119.02831,33.46943],[-119.02833,33.46945]],[[-119.02834,33.47007],[-119.02832,33.47012],[-119.02839,33.47012],[-119.02845,33.47008],[-119.02834,33.47007]],[[-119.02837,33.47014],[-119.02834,33.47014],[-119.02834,33.47017],[-119.02837,33.47014]],[[-119.02839,33.46978],[-119.02839,33.46974],[-119.02835,33.46972],[-119.02839,33.46978]],[[-119.02845,33.47019],[-119.02841,33.47019],[-119.02839,33.47025],[-119.02845,33.47019]],[[-119.02844,33.4696],[-119.02844,33.46958],[-119.02841,33.46958],[-119.02844,33.4696]],[[-119.02843,33.47028],[-119.02841,33.47028],[-119.02841,33.4703],[-119.02843,33.47028]],[[-119.02855,33.47068],[-119.02855,33.47066],[-119.02849,33.47066],[-119.02855,33.47068]],[[-119.02854,33.47021],[-119.02854,33.47018],[-119.02849,33.47018],[-119.02854,33.47021]],[[-119.02851,33.47028],[-119.02854,33.4703],[-119.02854,33.47028],[-119.02851,33.47028]],[[-119.02849,33.47027],[-119.02849,33.47028],[-119.02851,33.47028],[-119.02849,33.47027]],[[-119.02856,33.47027],[-119.02854,33.47027],[-119.02854,33.47028],[-119.02856,33.47027]],[[-119.02862,33.47066],[-119.02864,33.47063],[-119.02857,33.47061],[-119.02862,33.47066]],[[-119.0286,33.4703],[-119.02864,33.4703],[-119.02864,33.47028],[-119.0286,33.4703]],[[-119.02869,33.47032],[-119.02868,33.47036],[-119.02873,33.4703],[-119.02869,33.47032]],[[-119.02866,33.4703],[-119.02866,33.47032],[-119.02869,33.47032],[-119.02866,33.4703]],[[-119.02875,33.47036],[-119.02875,33.47034],[-119.02873,33.47034],[-119.02875,33.47036]],[[-119.02873,33.47039],[-119.02875,33.47039],[-119.02875,33.47038],[-119.02873,33.47039]],[[-119.02875,33.47027],[-119.02875,33.47025],[-119.02873,33.47025],[-119.02875,33.47027]],[[-119.02892,33.47018],[-119.02892,33.47016],[-119.0289,33.47016],[-119.02892,33.47018]],[[-119.02888,33.47014],[-119.02888,33.47016],[-119.0289,33.47016],[-119.02888,33.47014]],[[-119.02892,33.4702],[-119.0289,33.4702],[-119.0289,33.47021],[-119.02892,33.4702]],[[-119.0289,33.47032],[-119.0289,33.47036],[-119.02892,33.47036],[-119.0289,33.47032]],[[-119.02894,33.47031],[-119.02892,33.47031],[-119.02892,33.47032],[-119.02894,33.47031]],[[-119.02894,33.47023],[-119.02894,33.47022],[-119.02892,33.47022],[-119.02894,33.47023]],[[-119.02894,33.47056],[-119.02894,33.47058],[-119.02896,33.47058],[-119.02894,33.47056]],[[-119.02895,33.47011],[-119.02897,33.47011],[-119.02897,33.47009],[-119.02895,33.47011]]],[[[-119.0286,33.46675],[-119.02849,33.46669],[-119.02849,33.46677],[-119.0283,33.46669],[-119.02834,33.46678],[-119.02828,33.46682],[-119.02832,33.46691],[-119.02838,33.46678],[-119.02871,33.46686],[-119.02873,33.46679],[-119.0289,33.46684],[-119.02901,33.46677],[-119.02899,33.46688],[-119.02883,33.46691],[-119.02888,33.46698],[-119.02879,33.46711],[-119.02862,33.4672],[-119.02853,33.46702],[-119.02862,33.46693],[-119.02849,33.46689],[-119.02851,33.46702],[-119.02843,33.46698],[-119.02842,33.46709],[-119.02829,33.46709],[-119.02831,33.46725],[-119.02803,33.46728],[-119.02804,33.46719],[-119.02825,33.46725],[-119.02812,33.46718],[-119.02821,33.46711],[-119.02808,33.46705],[-119.02806,33.46694],[-119.02808,33.46682],[-119.02826,33.46678],[-119.02819,33.46662],[-119.02886,33.46659],[-119.02886,33.46666],[-119.0286,33.46675]],[[-119.0283,33.4668],[-119.0283,33.46678],[-119.02826,33.46678],[-119.0283,33.4668]],[[-119.02814,33.46703],[-119.02812,33.46703],[-119.02812,33.46705],[-119.02814,33.46703]],[[-119.02821,33.46687],[-119.02815,33.46689],[-119.02819,33.46702],[-119.0283,33.46693],[-119.02821,33.46687]],[[-119.02821,33.46718],[-119.02821,33.46716],[-119.02819,33.46716],[-119.02821,33.46718]],[[-119.02825,33.4672],[-119.02823,33.4672],[-119.02823,33.46721],[-119.02825,33.4672]],[[-119.0283,33.46696],[-119.02827,33.46702],[-119.02838,33.46703],[-119.0283,33.46696]],[[-119.02825,33.46703],[-119.02827,33.46703],[-119.02827,33.46702],[-119.02825,33.46703]],[[-119.02832,33.46703],[-119.0283,33.46703],[-119.0283,33.46705],[-119.02832,33.46703]],[[-119.0284,33.46696],[-119.0284,33.46694],[-119.02836,33.46694],[-119.0284,33.46696]],[[-119.02834,33.46693],[-119.02834,33.46694],[-119.02836,33.46694],[-119.02834,33.46693]],[[-119.02838,33.46689],[-119.02834,33.46689],[-119.02836,33.46693],[-119.02838,33.46689]],[[-119.02836,33.46669],[-119.02836,33.46671],[-119.02839,33.46671],[-119.02836,33.46669]],[[-119.02843,33.46685],[-119.02843,33.46684],[-119.02841,33.46684],[-119.02843,33.46685]],[[-119.02849,33.46667],[-119.02849,33.46664],[-119.02845,33.46666],[-119.02849,33.46667]],[[-119.02845,33.46687],[-119.02845,33.46691],[-119.02847,33.46691],[-119.02845,33.46687]],[[-119.02845,33.46673],[-119.02847,33.46673],[-119.02847,33.46669],[-119.02845,33.46673]],[[-119.02854,33.46668],[-119.02851,33.46668],[-119.02851,33.46669],[-119.02854,33.46668]],[[-119.02858,33.46671],[-119.02862,33.46669],[-119.02858,33.46669],[-119.02858,33.46671]],[[-119.02856,33.46668],[-119.02856,33.46669],[-119.02858,33.46669],[-119.02856,33.46668]],[[-119.02864,33.46709],[-119.02866,33.46706],[-119.02862,33.46704],[-119.02864,33.46709]],[[-119.02864,33.46693],[-119.02871,33.46695],[-119.02871,33.46691],[-119.02864,33.46693]],[[-119.02875,33.46689],[-119.02871,33.46689],[-119.02871,33.46691],[-119.02875,33.46689]],[[-119.02868,33.467],[-119.02868,33.46702],[-119.02873,33.46702],[-119.02873,33.46698],[-119.02868,33.467]],[[-119.02866,33.46704],[-119.02868,33.46704],[-119.02868,33.46702],[-119.02866,33.46704]],[[-119.02877,33.46704],[-119.02877,33.46706],[-119.02879,33.46706],[-119.02877,33.46704]],[[-119.02877,33.46666],[-119.02879,33.46666],[-119.02879,33.46664],[-119.02877,33.46666]],[[-119.02879,33.46695],[-119.02883,33.46695],[-119.02883,33.46693],[-119.02879,33.46695]]],[[[-119.02936,33.46094],[-119.02934,33.46105],[-119.02921,33.46096],[-119.02919,33.46107],[-119.02912,33.46098],[-119.02908,33.46107],[-119.02897,33.46103],[-119.02895,33.46136],[-119.02877,33.46137],[-119.02858,33.46112],[-119.0283,33.46113],[-119.02848,33.46101],[-119.02835,33.46081],[-119.0285,33.46083],[-119.02843,33.4609],[-119.02863,33.46097],[-119.02878,33.46094],[-119.02865,33.46088],[-119.02869,33.46074],[-119.02887,33.46081],[-119.029,33.46074],[-119.02901,33.46096],[-119.02912,33.46085],[-119.02929,33.46094],[-119.02936,33.46094]],[[-119.02848,33.46108],[-119.02845,33.46108],[-119.02845,33.4611],[-119.02848,33.46108]],[[-119.02863,33.46115],[-119.02865,33.46114],[-119.02863,33.46114],[-119.02863,33.46115]],[[-119.0286,33.46112],[-119.0286,33.46114],[-119.02863,33.46114],[-119.0286,33.46112]],[[-119.02875,33.46128],[-119.02892,33.4613],[-119.0288,33.4611],[-119.02889,33.46098],[-119.02878,33.46098],[-119.02878,33.46112],[-119.02861,33.46099],[-119.02875,33.46119],[-119.02875,33.46128]],[[-119.02873,33.46119],[-119.02871,33.46119],[-119.02871,33.46121],[-119.02873,33.46119]],[[-119.02874,33.46083],[-119.02874,33.46085],[-119.02876,33.46085],[-119.02874,33.46083]],[[-119.0288,33.4613],[-119.02877,33.4613],[-119.02877,33.46132],[-119.0288,33.4613]],[[-119.02891,33.46114],[-119.02888,33.46118],[-119.02895,33.46119],[-119.02891,33.46114]],[[-119.0289,33.46121],[-119.02893,33.46121],[-119.02893,33.46119],[-119.0289,33.46121]],[[-119.02895,33.46083],[-119.029,33.46082],[-119.029,33.4608],[-119.02895,33.46083]]],[[[-119.02966,33.48938],[-119.02955,33.48931],[-119.02944,33.48945],[-119.02931,33.48947],[-119.02918,33.48945],[-119.02886,33.48911],[-119.02863,33.48903],[-119.02863,33.48885],[-119.02872,33.48891],[-119.02874,33.48887],[-119.02861,33.48872],[-119.02889,33.48871],[-119.029,33.48896],[-119.02912,33.489],[-119.02904,33.48903],[-119.02908,33.48909],[-119.02923,33.48902],[-119.02955,33.48911],[-119.02957,33.48922],[-119.0297,33.48922],[-119.02983,33.48922],[-119.02966,33.48938]],[[-119.0297,33.48924],[-119.02972,33.48924],[-119.0297,33.48922],[-119.0297,33.48924]],[[-119.02872,33.48898],[-119.02874,33.48898],[-119.02874,33.48892],[-119.02872,33.48898]],[[-119.02869,33.489],[-119.02872,33.489],[-119.02872,33.48898],[-119.02869,33.489]],[[-119.02871,33.48903],[-119.02876,33.48905],[-119.02876,33.48901],[-119.02871,33.48903]],[[-119.0288,33.48907],[-119.0288,33.48903],[-119.02876,33.48905],[-119.0288,33.48907]],[[-119.02878,33.489],[-119.02876,33.489],[-119.02876,33.48901],[-119.02878,33.489]],[[-119.02885,33.48874],[-119.02885,33.48873],[-119.0288,33.48873],[-119.02885,33.48874]],[[-119.02891,33.48894],[-119.02897,33.48894],[-119.02897,33.48893],[-119.02891,33.48894]],[[-119.02908,33.4892],[-119.02908,33.48922],[-119.02912,33.48922],[-119.02908,33.4892]],[[-119.02906,33.48918],[-119.02906,33.4892],[-119.02908,33.4892],[-119.02906,33.48918]],[[-119.0291,33.48923],[-119.0291,33.48925],[-119.02912,33.48925],[-119.0291,33.48923]],[[-119.02916,33.48918],[-119.02919,33.48918],[-119.02919,33.48916],[-119.02916,33.48918]],[[-119.02918,33.48932],[-119.02916,33.48932],[-119.02916,33.48934],[-119.02918,33.48932]],[[-119.02921,33.48913],[-119.02921,33.48914],[-119.02923,33.48914],[-119.02921,33.48913]],[[-119.02927,33.48914],[-119.02921,33.48916],[-119.02925,33.48923],[-119.02927,33.48914]],[[-119.02923,33.48909],[-119.02923,33.48911],[-119.02925,33.48911],[-119.02923,33.48909]],[[-119.02929,33.48943],[-119.02929,33.48945],[-119.02931,33.48945],[-119.02929,33.48943]],[[-119.02933,33.48943],[-119.02936,33.48943],[-119.02936,33.48942],[-119.02933,33.48943]],[[-119.02936,33.48911],[-119.02938,33.48911],[-119.02938,33.48909],[-119.02936,33.48911]],[[-119.02942,33.48911],[-119.02942,33.48909],[-119.0294,33.48909],[-119.02942,33.48911]],[[-119.0294,33.48942],[-119.02942,33.48942],[-119.02942,33.4894],[-119.0294,33.48942]],[[-119.02951,33.4892],[-119.02953,33.4892],[-119.02953,33.48918],[-119.02951,33.4892]],[[-119.02953,33.48915],[-119.02955,33.48915],[-119.02955,33.48913],[-119.02953,33.48915]]],[[[-119.02988,33.47309],[-119.0297,33.47323],[-119.02951,33.47311],[-119.0296,33.47305],[-119.029582273,33.473037727],[-119.0296,33.47302],[-119.02958,33.47302],[-119.02958,33.473036154],[-119.02947,33.47296],[-119.02954,33.47285],[-119.02941,33.47273],[-119.02945,33.47267],[-119.02932,33.47269],[-119.02941,33.47276],[-119.02928,33.47282],[-119.02947,33.47303],[-119.02923,33.47316],[-119.02927,33.4733],[-119.02938,33.47327],[-119.02938,33.47339],[-119.02945,33.47321],[-119.02936,33.47318],[-119.02955,33.47323],[-119.02958,33.47316],[-119.0296,33.47329],[-119.0297,33.47333],[-119.02947,33.47329],[-119.02959,33.47341],[-119.0295,33.47376],[-119.02961,33.47392],[-119.02948,33.47394],[-119.02959,33.47397],[-119.02952,33.47405],[-119.02937,33.47403],[-119.02946,33.47406],[-119.02946,33.47412],[-119.02928,33.47412],[-119.02931,33.47401],[-119.02918,33.47401],[-119.02927,33.4739],[-119.02903,33.4737],[-119.02933,33.47375],[-119.02938,33.47368],[-119.02929,33.47366],[-119.02929,33.47359],[-119.02942,33.47345],[-119.02921,33.47347],[-119.02925,33.47334],[-119.02915,33.47314],[-119.0291,33.4733],[-119.02876,33.47326],[-119.02876,33.47317],[-119.02897,33.47323],[-119.02906,33.47316],[-119.02889,33.47305],[-119.02883,33.47292],[-119.02895,33.47292],[-119.02892,33.47265],[-119.02881,33.47267],[-119.02878,33.4729],[-119.02868,33.47288],[-119.02877,33.47241],[-119.02885,33.4724],[-119.02877,33.47238],[-119.02881,33.47231],[-119.02866,33.47238],[-119.02868,33.47227],[-119.02877,33.47223],[-119.02896,33.47231],[-119.02888,33.4722],[-119.02877,33.47222],[-119.02884,33.47209],[-119.02875,33.47211],[-119.02873,33.47204],[-119.02894,33.47204],[-119.02901,33.47193],[-119.02892,33.47191],[-119.02892,33.47184],[-119.02905,33.47188],[-119.02901,33.47173],[-119.02899,33.47182],[-119.02888,33.4718],[-119.02888,33.47191],[-119.02882,33.47187],[-119.02882,33.47171],[-119.02871,33.47162],[-119.02884,33.47151],[-119.02869,33.47151],[-119.02874,33.47128],[-119.02885,33.47126],[-119.02895,33.47133],[-119.02893,33.47139],[-119.02902,33.4713],[-119.0293,33.47145],[-119.02927,33.47137],[-119.02936,33.47134],[-119.02953,33.47141],[-119.02953,33.4715],[-119.02936,33.47152],[-119.02931,33.47161],[-119.02951,33.4717],[-119.02936,33.47175],[-119.02933,33.47186],[-119.02914,33.47177],[-119.0291,33.47157],[-119.02919,33.47148],[-119.02908,33.47144],[-119.0291,33.47166],[-119.02899,33.4717],[-119.0291,33.4717],[-119.02914,33.47189],[-119.02903,33.47227],[-119.02916,33.47218],[-119.02922,33.47231],[-119.02937,33.47231],[-119.02928,33.47242],[-119.02948,33.47244],[-119.02952,33.47262],[-119.0296,33.4726],[-119.02954,33.47255],[-119.0298,33.47255],[-119.02982,33.47262],[-119.02971,33.47266],[-119.0298,33.47268],[-119.02967,33.47269],[-119.02992,33.47289],[-119.02995,33.47279],[-119.03005,33.47286],[-119.02992,33.47298],[-119.02981,33.47298],[-119.02988,33.47309]],[[-119.02929,33.47159],[-119.02929,33.47161],[-119.02931,33.47161],[-119.02929,33.47159]],[[-119.02906,33.47143],[-119.02906,33.47144],[-119.02908,33.47144],[-119.02906,33.47143]],[[-119.02963,33.47262],[-119.02963,33.4726],[-119.0296,33.4726],[-119.02963,33.47262]],[[-119.02965,33.47266],[-119.02965,33.47262],[-119.02963,33.47262],[-119.02965,33.47266]],[[-119.02967,33.4726],[-119.02965,33.4726],[-119.02965,33.47262],[-119.02967,33.4726]],[[-119.02875,33.47229],[-119.02875,33.47227],[-119.02873,33.47227],[-119.02875,33.47229]],[[-119.02876,33.47142],[-119.02876,33.4714],[-119.02874,33.4714],[-119.02876,33.47142]],[[-119.02874,33.47144],[-119.02874,33.47146],[-119.02876,33.47146],[-119.02874,33.47144]],[[-119.02883,33.47254],[-119.02883,33.47251],[-119.02879,33.47251],[-119.02883,33.47254]],[[-119.02879,33.47263],[-119.02879,33.47265],[-119.02881,33.47265],[-119.02879,33.47263]],[[-119.0288,33.4716],[-119.0288,33.47162],[-119.02882,33.47162],[-119.0288,33.4716]],[[-119.02884,33.47173],[-119.02886,33.47173],[-119.02886,33.47171],[-119.02884,33.47173]],[[-119.02888,33.47175],[-119.02888,33.47173],[-119.02886,33.47173],[-119.02888,33.47175]],[[-119.02884,33.47162],[-119.02884,33.47166],[-119.02888,33.47166],[-119.02884,33.47162]],[[-119.02891,33.47162],[-119.02891,33.4716],[-119.02888,33.4716],[-119.02891,33.47162]],[[-119.02886,33.47159],[-119.02886,33.4716],[-119.02888,33.4716],[-119.02886,33.47159]],[[-119.02886,33.47323],[-119.02889,33.47323],[-119.02889,33.47321],[-119.02886,33.47323]],[[-119.0289,33.4724],[-119.02888,33.4724],[-119.02887,33.47242],[-119.0289,33.4724]],[[-119.02915,33.4726],[-119.02898,33.47253],[-119.02896,33.47242],[-119.02887,33.47261],[-119.02898,33.47258],[-119.02896,33.47269],[-119.02915,33.4726]],[[-119.02888,33.47238],[-119.0289,33.47238],[-119.0289,33.47236],[-119.02888,33.47238]],[[-119.02893,33.47146],[-119.02889,33.47148],[-119.02895,33.47148],[-119.02893,33.47146]],[[-119.02891,33.47153],[-119.02891,33.47151],[-119.02889,33.47151],[-119.02891,33.47153]],[[-119.02899,33.47216],[-119.02892,33.47216],[-119.02896,33.47222],[-119.02899,33.47216]],[[-119.0289,33.47215],[-119.0289,33.47216],[-119.02892,33.47216],[-119.0289,33.47215]],[[-119.0289,33.47175],[-119.02893,33.47175],[-119.02893,33.47169],[-119.0289,33.47175]],[[-119.02891,33.47135],[-119.02893,33.47135],[-119.02893,33.47133],[-119.02891,33.47135]],[[-119.02893,33.47301],[-119.02893,33.47299],[-119.02891,33.47299],[-119.02893,33.47301]],[[-119.02893,33.47162],[-119.02895,33.47162],[-119.02895,33.4716],[-119.02893,33.47162]],[[-119.02893,33.47159],[-119.02901,33.47161],[-119.02902,33.47146],[-119.02893,33.47159]],[[-119.02899,33.47144],[-119.02899,33.47146],[-119.02902,33.47146],[-119.02899,33.47144]],[[-119.02897,33.47142],[-119.02897,33.47144],[-119.02899,33.47144],[-119.02897,33.47142]],[[-119.02896,33.47238],[-119.02898,33.47238],[-119.02898,33.47236],[-119.02896,33.47238]],[[-119.029,33.47276],[-119.02898,33.47276],[-119.02898,33.47278],[-119.029,33.47276]],[[-119.02898,33.47231],[-119.029,33.47238],[-119.02905,33.47238],[-119.02898,33.47231]],[[-119.02901,33.47189],[-119.02899,33.47189],[-119.02899,33.47191],[-119.02901,33.47189]],[[-119.02899,33.47139],[-119.02899,33.47141],[-119.02902,33.47141],[-119.02899,33.47139]],[[-119.02901,33.47211],[-119.02901,33.47207],[-119.02899,33.47207],[-119.02901,33.47211]],[[-119.02904,33.47321],[-119.02902,33.47321],[-119.02902,33.47323],[-119.02904,33.47321]],[[-119.02906,33.47278],[-119.02906,33.47274],[-119.02902,33.47276],[-119.02906,33.47278]],[[-119.02904,33.47305],[-119.02902,33.47305],[-119.02902,33.47308],[-119.02904,33.47305]],[[-119.02902,33.47298],[-119.02902,33.47299],[-119.02906,33.47299],[-119.02902,33.47298]],[[-119.02905,33.47197],[-119.02903,33.47198],[-119.02907,33.47198],[-119.02905,33.47197]],[[-119.0291,33.47305],[-119.0291,33.47301],[-119.02904,33.47303],[-119.0291,33.47305]],[[-119.02905,33.4718],[-119.02905,33.47182],[-119.02908,33.4718],[-119.02905,33.4718]],[[-119.0291,33.47179],[-119.02908,33.47179],[-119.02908,33.4718],[-119.0291,33.47179]],[[-119.02906,33.4715],[-119.02906,33.47152],[-119.02908,33.47152],[-119.02906,33.4715]],[[-119.02908,33.47312],[-119.02908,33.47314],[-119.0291,33.47314],[-119.02908,33.47312]],[[-119.02911,33.4728],[-119.02911,33.47281],[-119.02913,33.47281],[-119.02911,33.4728]],[[-119.02908,33.47283],[-119.02911,33.47283],[-119.02911,33.47281],[-119.02908,33.47283]],[[-119.02915,33.47285],[-119.02915,33.47283],[-119.02911,33.47283],[-119.02915,33.47285]],[[-119.0292,33.47254],[-119.0292,33.47251],[-119.02911,33.47251],[-119.0292,33.47254]],[[-119.02912,33.47143],[-119.02915,33.47143],[-119.02915,33.47139],[-119.02912,33.47143]],[[-119.02914,33.47375],[-119.02916,33.47375],[-119.02916,33.47374],[-119.02914,33.47375]],[[-119.02916,33.47157],[-119.02917,33.47155],[-119.02914,33.47155],[-119.02916,33.47157]],[[-119.02916,33.47161],[-119.02914,33.47161],[-119.02914,33.47162],[-119.02916,33.47161]],[[-119.02915,33.47292],[-119.02917,33.47292],[-119.02917,33.47291],[-119.02915,33.47292]],[[-119.02919,33.47301],[-119.02919,33.47298],[-119.02915,33.47298],[-119.02919,33.47301]],[[-119.02919,33.4731],[-119.02919,33.47309],[-119.02917,33.47309],[-119.02919,33.4731]],[[-119.02919,33.47278],[-119.02917,33.47278],[-119.02917,33.4728],[-119.02919,33.47278]],[[-119.02917,33.47294],[-119.02917,33.47296],[-119.02919,33.47296],[-119.02917,33.47294]],[[-119.02917,33.47262],[-119.02917,33.47265],[-119.02919,33.47265],[-119.02917,33.47262]],[[-119.02919,33.47287],[-119.02921,33.47287],[-119.02921,33.47285],[-119.02919,33.47287]],[[-119.02919,33.47152],[-119.02919,33.47153],[-119.02921,33.47153],[-119.02919,33.47152]],[[-119.02925,33.47173],[-119.02923,33.47164],[-119.02919,33.47166],[-119.02923,33.47179],[-119.02925,33.47173]],[[-119.02928,33.47296],[-119.02928,33.47292],[-119.02926,33.47292],[-119.02928,33.47296]],[[-119.02919,33.47289],[-119.02919,33.47292],[-119.02926,33.47292],[-119.02919,33.47289]],[[-119.02923,33.47155],[-119.02921,33.47155],[-119.02921,33.47157],[-119.02923,33.47155]],[[-119.02925,33.47307],[-119.02925,33.47309],[-119.02928,33.47309],[-119.02925,33.47307]],[[-119.02921,33.47301],[-119.02921,33.47305],[-119.02925,33.47307],[-119.02921,33.47301]],[[-119.02924,33.47256],[-119.02922,33.47265],[-119.02928,33.47265],[-119.02924,33.47256]],[[-119.02923,33.47146],[-119.02925,33.47146],[-119.02925,33.47144],[-119.02923,33.47146]],[[-119.02927,33.47164],[-119.02925,33.47164],[-119.02925,33.47168],[-119.02927,33.47164]],[[-119.02927,33.47157],[-119.02925,33.47157],[-119.02925,33.47159],[-119.02927,33.47157]],[[-119.02928,33.47253],[-119.0293,33.47251],[-119.02928,33.47251],[-119.02928,33.47253]],[[-119.02926,33.47247],[-119.02926,33.47251],[-119.02928,33.47251],[-119.02926,33.47247]],[[-119.02929,33.47338],[-119.02929,33.47336],[-119.02927,33.47336],[-119.02929,33.47338]],[[-119.02929,33.47179],[-119.02929,33.47177],[-119.02927,33.47177],[-119.02929,33.47179]],[[-119.02927,33.47384],[-119.02935,33.47383],[-119.02929,33.47379],[-119.02927,33.47384]],[[-119.02934,33.47152],[-119.02934,33.4715],[-119.02929,33.47148],[-119.02934,33.47152]],[[-119.02927,33.47146],[-119.02927,33.47148],[-119.02929,33.47148],[-119.02927,33.47146]],[[-119.02934,33.47305],[-119.02928,33.4731],[-119.02932,33.47311],[-119.02934,33.47305]],[[-119.02932,33.47332],[-119.02932,33.4733],[-119.02929,33.4733],[-119.02932,33.47332]],[[-119.0293,33.47247],[-119.02933,33.47247],[-119.02933,33.47246],[-119.0293,33.47247]],[[-119.02938,33.47145],[-119.02938,33.47143],[-119.02936,33.47143],[-119.02938,33.47145]],[[-119.02936,33.47139],[-119.02934,33.47139],[-119.02936,33.47143],[-119.02936,33.47139]],[[-119.02934,33.47137],[-119.02932,33.47137],[-119.02934,33.47139],[-119.02934,33.47137]],[[-119.02932,33.47298],[-119.02936,33.47298],[-119.02936,33.47296],[-119.02932,33.47298]],[[-119.02935,33.47404],[-119.02935,33.47403],[-119.02933,33.47403],[-119.02935,33.47404]],[[-119.02933,33.47253],[-119.02941,33.47264],[-119.02945,33.47264],[-119.02933,33.47253]],[[-119.02935,33.47388],[-119.02933,33.47388],[-119.02933,33.4739],[-119.02935,33.47388]],[[-119.02935,33.47365],[-119.02935,33.47361],[-119.02933,33.47361],[-119.02935,33.47365]],[[-119.02934,33.47146],[-119.02936,33.47146],[-119.02936,33.47145],[-119.02934,33.47146]],[[-119.02937,33.47379],[-119.02937,33.47381],[-119.0294,33.47379],[-119.02937,33.47379]],[[-119.02935,33.47377],[-119.02935,33.47379],[-119.02937,33.47379],[-119.02935,33.47377]],[[-119.02942,33.47377],[-119.0294,33.47377],[-119.0294,33.47379],[-119.02942,33.47377]],[[-119.02941,33.47406],[-119.02937,33.4741],[-119.02939,33.4741],[-119.02941,33.47406]],[[-119.02938,33.47367],[-119.0294,33.47367],[-119.0294,33.47363],[-119.02938,33.47367]],[[-119.02942,33.47352],[-119.0294,33.47352],[-119.0294,33.47359],[-119.02942,33.47352]],[[-119.02949,33.47341],[-119.0294,33.47339],[-119.0294,33.47343],[-119.02949,33.47341]],[[-119.02946,33.47358],[-119.02944,33.47358],[-119.02944,33.47361],[-119.02946,33.47358]],[[-119.02947,33.47336],[-119.02944,33.47336],[-119.02944,33.47338],[-119.02947,33.47336]],[[-119.02944,33.47352],[-119.02946,33.47352],[-119.02946,33.4735],[-119.02944,33.47352]],[[-119.02944,33.47334],[-119.02947,33.47334],[-119.02947,33.47332],[-119.02944,33.47334]],[[-119.02948,33.47399],[-119.02946,33.47399],[-119.02946,33.47403],[-119.02948,33.47399]],[[-119.02953,33.47349],[-119.02953,33.47347],[-119.02949,33.47347],[-119.02953,33.47349]],[[-119.02956,33.47276],[-119.02956,33.47271],[-119.02949,33.47273],[-119.02956,33.47276]],[[-119.02951,33.47294],[-119.02954,33.47294],[-119.02954,33.47293],[-119.02951,33.47294]],[[-119.02956,33.47293],[-119.02956,33.47289],[-119.02954,33.47289],[-119.02956,33.47293]],[[-119.02958,33.47298],[-119.0296,33.47298],[-119.0296,33.47296],[-119.02958,33.47298]],[[-119.02964,33.4728],[-119.02962,33.4728],[-119.02962,33.47282],[-119.02964,33.4728]],[[-119.02962,33.473],[-119.02964,33.47302],[-119.02964,33.473],[-119.02962,33.473]],[[-119.02966,33.47298],[-119.02964,33.47298],[-119.02964,33.473],[-119.02966,33.47298]],[[-119.02977,33.47304],[-119.02964,33.47304],[-119.02968,33.47314],[-119.02977,33.47304]],[[-119.0297,33.47318],[-119.02968,33.47318],[-119.02968,33.4732],[-119.0297,33.47318]],[[-119.02973,33.47295],[-119.02973,33.47293],[-119.02971,33.47293],[-119.02973,33.47295]],[[-119.02969,33.47291],[-119.02969,33.47293],[-119.02971,33.47293],[-119.02969,33.47291]],[[-119.02969,33.47275],[-119.02971,33.47275],[-119.02971,33.47273],[-119.02969,33.47275]],[[-119.02971,33.47296],[-119.02971,33.47298],[-119.02973,33.47298],[-119.02971,33.47296]],[[-119.02977,33.47284],[-119.02979,33.47284],[-119.02979,33.47282],[-119.02977,33.47284]],[[-119.02982,33.47286],[-119.02982,33.47284],[-119.02979,33.47284],[-119.02982,33.47286]],[[-119.0299,33.47297],[-119.0299,33.47295],[-119.02988,33.47295],[-119.0299,33.47297]],[[-119.02986,33.47291],[-119.02984,33.47295],[-119.02988,33.47295],[-119.02986,33.47291]],[[-119.0299,33.47289],[-119.02986,33.47288],[-119.02986,33.47291],[-119.0299,33.47289]],[[-119.02994,33.47291],[-119.02994,33.47293],[-119.02997,33.47293],[-119.02994,33.47291]]],[[[-119.03006,33.47032],[-119.03004,33.47042],[-119.03013,33.47032],[-119.03032,33.47039],[-119.03013,33.47042],[-119.03017,33.47057],[-119.0301,33.4706],[-119.02982,33.47062],[-119.03004,33.47073],[-119.03001,33.47091],[-119.02976,33.47078],[-119.0298,33.47091],[-119.02993,33.47093],[-119.02984,33.47103],[-119.02999,33.47127],[-119.02992,33.47134],[-119.03003,33.47125],[-119.03018,33.47133],[-119.03018,33.47145],[-119.0299,33.47158],[-119.02994,33.4715],[-119.02985,33.47156],[-119.02957,33.47145],[-119.02958,33.47139],[-119.02973,33.47139],[-119.02953,33.47138],[-119.02975,33.47132],[-119.02969,33.47123],[-119.02956,33.47128],[-119.02928,33.47119],[-119.02912,33.47132],[-119.02915,33.47125],[-119.02895,33.47117],[-119.02891,33.47099],[-119.02906,33.47099],[-119.02919,33.4711],[-119.02932,33.47105],[-119.02932,33.47096],[-119.02947,33.47096],[-119.02952,33.47107],[-119.0296,33.47101],[-119.02939,33.4709],[-119.02937,33.4708],[-119.0295,33.47082],[-119.02939,33.47074],[-119.0296,33.47074],[-119.02965,33.47046],[-119.02976,33.47044],[-119.02967,33.47035],[-119.02974,33.47028],[-119.02982,33.47037],[-119.02991,33.47035],[-119.02983,33.47031],[-119.02989,33.4703],[-119.02983,33.47028],[-119.02985,33.47019],[-119.02996,33.47017],[-119.03006,33.47032]],[[-119.02913,33.47116],[-119.02919,33.47119],[-119.02919,33.4711],[-119.02913,33.47116]],[[-119.02952,33.47083],[-119.02952,33.47082],[-119.0295,33.47082],[-119.02952,33.47083]],[[-119.02954,33.47085],[-119.02954,33.47083],[-119.02952,33.47083],[-119.02954,33.47085]],[[-119.02956,33.47087],[-119.02956,33.47085],[-119.02954,33.47085],[-119.02956,33.47087]],[[-119.0298,33.47038],[-119.02982,33.47039],[-119.02982,33.47037],[-119.0298,33.47038]],[[-119.029,33.47106],[-119.02898,33.47106],[-119.02898,33.47108],[-119.029,33.47106]],[[-119.02908,33.47115],[-119.02908,33.47117],[-119.02911,33.47117],[-119.02908,33.47115]],[[-119.02911,33.47108],[-119.02908,33.47108],[-119.02908,33.4711],[-119.02911,33.47108]],[[-119.02913,33.47108],[-119.02913,33.4711],[-119.02915,33.4711],[-119.02913,33.47108]],[[-119.02936,33.47103],[-119.02937,33.47101],[-119.02934,33.47101],[-119.02936,33.47103]],[[-119.02954,33.47116],[-119.02958,33.4711],[-119.02941,33.47107],[-119.02954,33.47116]],[[-119.02936,33.47105],[-119.02936,33.47107],[-119.02941,33.47107],[-119.02936,33.47105]],[[-119.02943,33.47103],[-119.02941,33.47103],[-119.02941,33.47105],[-119.02943,33.47103]],[[-119.02943,33.47101],[-119.02943,33.471],[-119.02941,33.471],[-119.02943,33.47101]],[[-119.02952,33.47091],[-119.02952,33.47087],[-119.0295,33.47087],[-119.02952,33.47091]],[[-119.0295,33.47085],[-119.02947,33.47085],[-119.0295,33.47087],[-119.0295,33.47085]],[[-119.02956,33.47082],[-119.02956,33.4708],[-119.02954,33.4708],[-119.02956,33.47082]],[[-119.02956,33.47118],[-119.02958,33.47118],[-119.02958,33.47116],[-119.02956,33.47118]],[[-119.0296,33.47105],[-119.0296,33.47103],[-119.02958,33.47103],[-119.0296,33.47105]],[[-119.02962,33.47109],[-119.02962,33.47107],[-119.0296,33.47107],[-119.02962,33.47109]],[[-119.02965,33.47091],[-119.02967,33.47087],[-119.02962,33.47087],[-119.02965,33.47091]],[[-119.02969,33.47109],[-119.02969,33.47107],[-119.02967,33.47107],[-119.02969,33.47109]],[[-119.02964,33.47105],[-119.02964,33.47107],[-119.02967,33.47107],[-119.02964,33.47105]],[[-119.02962,33.47103],[-119.02962,33.47105],[-119.02964,33.47105],[-119.02962,33.47103]],[[-119.02964,33.47143],[-119.02964,33.47141],[-119.02962,33.47141],[-119.02964,33.47143]],[[-119.02964,33.47102],[-119.02969,33.47102],[-119.02969,33.471],[-119.02964,33.47102]],[[-119.02966,33.4712],[-119.02966,33.47121],[-119.02969,33.47121],[-119.02966,33.4712]],[[-119.02976,33.47064],[-119.02967,33.47062],[-119.02967,33.47074],[-119.02976,33.47064]],[[-119.0297,33.47145],[-119.0297,33.47143],[-119.02968,33.47143],[-119.0297,33.47145]],[[-119.02973,33.47082],[-119.02973,33.4708],[-119.02969,33.47078],[-119.02973,33.47082]],[[-119.02971,33.47111],[-119.02971,33.47114],[-119.02973,33.47114],[-119.02971,33.47111]],[[-119.02977,33.47098],[-119.02973,33.47098],[-119.02973,33.471],[-119.02977,33.47098]],[[-119.02975,33.47096],[-119.02975,33.47094],[-119.02973,33.47094],[-119.02975,33.47096]],[[-119.02975,33.47091],[-119.02973,33.47091],[-119.02973,33.47093],[-119.02975,33.47091]],[[-119.02977,33.47114],[-119.02977,33.47112],[-119.02975,33.47112],[-119.02977,33.47114]],[[-119.02977,33.47121],[-119.02979,33.47121],[-119.02979,33.4712],[-119.02977,33.47121]],[[-119.0298,33.47048],[-119.0298,33.47046],[-119.02978,33.47046],[-119.0298,33.47048]],[[-119.0298,33.47093],[-119.0298,33.47094],[-119.02982,33.47094],[-119.0298,33.47093]],[[-119.02982,33.47058],[-119.02982,33.4706],[-119.02984,33.4706],[-119.02982,33.47058]],[[-119.0298,33.47057],[-119.0298,33.47058],[-119.02982,33.47058],[-119.0298,33.47057]],[[-119.02984,33.47049],[-119.02987,33.47049],[-119.02987,33.47048],[-119.02984,33.47049]],[[-119.02987,33.47026],[-119.02987,33.47024],[-119.02985,33.47024],[-119.02987,33.47026]],[[-119.02991,33.4708],[-119.02991,33.47082],[-119.02993,33.47082],[-119.02991,33.4708]],[[-119.02991,33.47028],[-119.02991,33.4703],[-119.02993,33.4703],[-119.02991,33.47028]],[[-119.02993,33.47031],[-119.02998,33.47031],[-119.02998,33.4703],[-119.02993,33.47031]],[[-119.02993,33.47076],[-119.02999,33.47077],[-119.02999,33.47075],[-119.02993,33.47076]],[[-119.02993,33.47033],[-119.02993,33.47035],[-119.02995,33.47035],[-119.02993,33.47033]],[[-119.03003,33.47138],[-119.03003,33.47136],[-119.03001,33.47136],[-119.03003,33.47138]],[[-119.03008,33.47048],[-119.03002,33.4705],[-119.0301,33.4705],[-119.03008,33.47048]],[[-119.03006,33.47053],[-119.03004,33.47057],[-119.03012,33.47057],[-119.03006,33.47053]],[[-119.03009,33.47142],[-119.03009,33.4714],[-119.03007,33.4714],[-119.03009,33.47142]],[[-119.03011,33.47143],[-119.03009,33.47143],[-119.03009,33.47145],[-119.03011,33.47143]],[[-119.03015,33.47037],[-119.03019,33.47037],[-119.03019,33.47035],[-119.03015,33.47037]],[[-119.03021,33.47039],[-119.03023,33.47039],[-119.03023,33.47037],[-119.03021,33.47039]]],[[[-119.02992,33.46071],[-119.02971,33.46066],[-119.02979,33.46077],[-119.0297,33.46082],[-119.02966,33.46075],[-119.02957,33.46087],[-119.02945,33.46087],[-119.02943,33.46078],[-119.02917,33.46087],[-119.02917,33.46083],[-119.02904,33.46078],[-119.02917,33.46076],[-119.02915,33.46064],[-119.02932,33.46064],[-119.02936,33.46078],[-119.02943,33.46057],[-119.02964,33.46064],[-119.02947,33.46055],[-119.02962,33.46044],[-119.02979,33.46059],[-119.02962,33.46059],[-119.02992,33.46066],[-119.02969,33.46042],[-119.02999,33.46057],[-119.02992,33.46071]],[[-119.02915,33.46078],[-119.02915,33.4608],[-119.02917,33.4608],[-119.02915,33.46078]],[[-119.02949,33.46077],[-119.02949,33.46075],[-119.02947,33.46075],[-119.02949,33.46077]],[[-119.02947,33.46069],[-119.02945,33.46069],[-119.02947,33.46075],[-119.02947,33.46069]],[[-119.02949,33.4608],[-119.02949,33.46082],[-119.02951,33.46082],[-119.02949,33.4608]],[[-119.02958,33.46055],[-119.02956,33.46055],[-119.02956,33.46057],[-119.02958,33.46055]]],[[[-119.03436,33.48663],[-119.03444,33.48674],[-119.03431,33.48684],[-119.03435,33.48691],[-119.03448,33.48701],[-119.03414,33.48706],[-119.0338,33.48693],[-119.03373,33.48686],[-119.0338,33.4868],[-119.03367,33.48676],[-119.03378,33.48668],[-119.03363,33.48664],[-119.03361,33.48657],[-119.03354,33.48667],[-119.0336,33.48676],[-119.03345,33.48667],[-119.03334,33.48689],[-119.03313,33.48665],[-119.03324,33.48636],[-119.03355,33.48626],[-119.03344,33.48611],[-119.03351,33.48601],[-119.03363,33.48613],[-119.03389,33.48608],[-119.03393,33.48633],[-119.0338,33.48637],[-119.03393,33.48648],[-119.03406,33.48648],[-119.03408,33.48639],[-119.03445,33.48646],[-119.03445,33.48652],[-119.03438,33.48655],[-119.03453,33.48661],[-119.03436,33.48663]],[[-119.03322,33.48669],[-119.0332,33.48669],[-119.0332,33.48671],[-119.03322,33.48669]],[[-119.03324,33.48651],[-119.03324,33.48649],[-119.03322,33.48649],[-119.03324,33.48651]],[[-119.03332,33.48682],[-119.0333,33.48682],[-119.0333,33.48683],[-119.03332,33.48682]],[[-119.03357,33.48622],[-119.03357,33.48624],[-119.03359,33.48624],[-119.03357,33.48622]],[[-119.03365,33.4866],[-119.03365,33.48662],[-119.03367,33.48662],[-119.03365,33.4866]],[[-119.03378,33.48673],[-119.03375,33.48673],[-119.03375,33.48675],[-119.03378,33.48673]],[[-119.0338,33.4863],[-119.03382,33.4863],[-119.03383,33.48626],[-119.0338,33.4863]],[[-119.03384,33.48677],[-119.03382,33.48677],[-119.03382,33.48678],[-119.03384,33.48677]],[[-119.03386,33.48689],[-119.03388,33.48687],[-119.03386,33.48687],[-119.03386,33.48689]],[[-119.03382,33.48684],[-119.03382,33.48687],[-119.03386,33.48687],[-119.03382,33.48684]],[[-119.03385,33.48615],[-119.03385,33.48613],[-119.03383,33.48613],[-119.03385,33.48615]],[[-119.03395,33.48691],[-119.03395,33.48695],[-119.03397,33.48695],[-119.03395,33.48691]],[[-119.03405,33.48695],[-119.03407,33.48695],[-119.03408,33.48693],[-119.03405,33.48695]],[[-119.03417,33.48659],[-119.03427,33.48652],[-119.03417,33.48653],[-119.03417,33.48659]],[[-119.03408,33.48657],[-119.03406,33.48661],[-119.03417,33.48661],[-119.03417,33.48659],[-119.03408,33.48657]],[[-119.03412,33.4865],[-119.03412,33.48653],[-119.03417,33.48653],[-119.03412,33.4865]],[[-119.03418,33.48697],[-119.0342,33.48691],[-119.03416,33.48693],[-119.03418,33.48697]],[[-119.03421,33.48686],[-119.0342,33.48688],[-119.03423,33.48688],[-119.03421,33.48686]],[[-119.03418,33.4869],[-119.0342,33.4869],[-119.0342,33.48688],[-119.03418,33.4869]],[[-119.03423,33.48644],[-119.03425,33.48644],[-119.03425,33.48643],[-119.03423,33.48644]],[[-119.03431,33.48697],[-119.03429,33.48697],[-119.03429,33.48699],[-119.03431,33.48697]],[[-119.03432,33.48652],[-119.03434,33.48652],[-119.03434,33.48648],[-119.03432,33.48652]],[[-119.0343,33.48654],[-119.03432,33.48654],[-119.03432,33.48652],[-119.0343,33.48654]],[[-119.03436,33.48652],[-119.03436,33.48654],[-119.03438,33.48654],[-119.03436,33.48652]],[[-119.03442,33.4865],[-119.03442,33.48648],[-119.0344,33.48648],[-119.03442,33.4865]]],[[[-119.0345,33.48776],[-119.03452,33.48767],[-119.0346,33.48764],[-119.03443,33.4876],[-119.03448,33.48753],[-119.03439,33.48749],[-119.03439,33.48737],[-119.0345,33.4872],[-119.03427,33.48717],[-119.03407,33.48727],[-119.03399,33.48716],[-119.03394,33.48731],[-119.03389,33.48713],[-119.03409,33.48711],[-119.03459,33.48714],[-119.03465,33.48719],[-119.03467,33.48735],[-119.03469,33.48735],[-119.03472,33.48753],[-119.03469,33.48755],[-119.03473,33.4876],[-119.03467,33.48768],[-119.03473,33.48769],[-119.03465,33.48769],[-119.03462,33.48777],[-119.03484,33.4878],[-119.03475,33.48795],[-119.03479,33.48809],[-119.03464,33.48813],[-119.03451,33.48798],[-119.03458,33.48786],[-119.03449,33.48787],[-119.03447,33.48782],[-119.03458,33.48782],[-119.0345,33.48776]],[[-119.0346,33.48784],[-119.0346,33.48782],[-119.03458,33.48782],[-119.0346,33.48784]],[[-119.03462,33.4878],[-119.0346,33.4878],[-119.0346,33.48782],[-119.03462,33.4878]],[[-119.03394,33.4872],[-119.03394,33.48722],[-119.03396,33.48722],[-119.03394,33.4872]],[[-119.03446,33.48748],[-119.03443,33.48747],[-119.03443,33.48749],[-119.03446,33.48748]],[[-119.03454,33.48742],[-119.03454,33.48739],[-119.0345,33.48739],[-119.03454,33.48742]],[[-119.03452,33.48733],[-119.03444,33.48735],[-119.0345,33.48739],[-119.03452,33.48733]],[[-119.03459,33.48739],[-119.03459,33.48737],[-119.03454,33.48737],[-119.03459,33.48739]],[[-119.03457,33.48717],[-119.03457,33.48715],[-119.03455,33.48715],[-119.03457,33.48717]],[[-119.03458,33.48771],[-119.03458,33.48767],[-119.03456,33.48767],[-119.03458,33.48771]],[[-119.03465,33.4878],[-119.03467,33.4878],[-119.03467,33.48778],[-119.03465,33.4878]],[[-119.03471,33.48802],[-119.03466,33.48809],[-119.03473,33.48807],[-119.03471,33.48802]],[[-119.03467,33.48739],[-119.03469,33.48739],[-119.03469,33.48737],[-119.03467,33.48739]],[[-119.03473,33.488],[-119.03475,33.488],[-119.03475,33.48796],[-119.03473,33.488]]],[[[-119.0347,33.46353],[-119.03481,33.46366],[-119.03485,33.46397],[-119.03504,33.46392],[-119.03511,33.46399],[-119.03498,33.46397],[-119.03502,33.46402],[-119.03485,33.46413],[-119.03487,33.46431],[-119.03476,33.46436],[-119.0348,33.46455],[-119.03463,33.46454],[-119.03473,33.46462],[-119.03445,33.46469],[-119.03441,33.46461],[-119.03465,33.46453],[-119.03467,33.4644],[-119.03454,33.46425],[-119.03451,33.46388],[-119.03433,33.46396],[-119.03429,33.4638],[-119.03438,33.4638],[-119.03436,33.46369],[-119.03455,33.46353],[-119.0347,33.46353]],[[-119.03438,33.46384],[-119.03435,33.46389],[-119.03442,33.46389],[-119.03438,33.46384]],[[-119.03455,33.46397],[-119.03459,33.46397],[-119.03459,33.46393],[-119.03455,33.46397]],[[-119.03457,33.464],[-119.03459,33.464],[-119.03459,33.46398],[-119.03457,33.464]],[[-119.03472,33.46409],[-119.03472,33.46406],[-119.03463,33.46409],[-119.03472,33.46409]],[[-119.03463,33.4642],[-119.03463,33.46422],[-119.03467,33.46422],[-119.03463,33.4642]],[[-119.0347,33.46391],[-119.03468,33.46386],[-119.03466,33.46386],[-119.0347,33.46391]],[[-119.03471,33.46447],[-119.03476,33.46446],[-119.03476,33.46444],[-119.03471,33.46447]],[[-119.03474,33.46408],[-119.03487,33.46408],[-119.03485,33.464],[-119.03476,33.46399],[-119.03474,33.46408]]],[[[-119.03542,33.48573],[-119.03529,33.48573],[-119.03529,33.48588],[-119.03553,33.48606],[-119.03578,33.48612],[-119.03576,33.48621],[-119.03587,33.48617],[-119.03595,33.48644],[-119.03567,33.48629],[-119.03548,33.48635],[-119.03548,33.48655],[-119.03513,33.48656],[-119.03494,33.48643],[-119.03496,33.48658],[-119.03524,33.4866],[-119.03522,33.48667],[-119.03505,33.48661],[-119.03502,33.48672],[-119.03511,33.48674],[-119.03515,33.48687],[-119.03487,33.4869],[-119.03494,33.48696],[-119.03485,33.48699],[-119.03442,33.48695],[-119.03455,33.48683],[-119.03479,33.48681],[-119.03489,33.48687],[-119.03496,33.48679],[-119.03462,33.48665],[-119.03472,33.48656],[-119.03466,33.48652],[-119.03475,33.48636],[-119.03458,33.48627],[-119.03467,33.48603],[-119.03482,33.48614],[-119.0349,33.48604],[-119.03505,33.48605],[-119.03512,33.48591],[-119.03523,33.48593],[-119.03514,33.48589],[-119.03517,33.48573],[-119.03527,33.48571],[-119.03512,33.48568],[-119.0351,33.48559],[-119.03491,33.48558],[-119.03498,33.48542],[-119.03525,33.4855],[-119.03517,33.48555],[-119.03525,33.4857],[-119.03542,33.48573]],[[-119.03459,33.48692],[-119.03459,33.48688],[-119.03457,33.48688],[-119.03459,33.48692]],[[-119.03466,33.48627],[-119.03466,33.48629],[-119.03469,33.48629],[-119.03466,33.48627]],[[-119.0347,33.4869],[-119.03468,33.4869],[-119.03468,33.48692],[-119.0347,33.4869]],[[-119.0347,33.48663],[-119.03468,33.48663],[-119.03468,33.48665],[-119.0347,33.48663]],[[-119.03475,33.48649],[-119.03475,33.48647],[-119.03473,33.48647],[-119.03475,33.48649]],[[-119.03476,33.48686],[-119.03476,33.48685],[-119.03474,33.48685],[-119.03476,33.48686]],[[-119.03481,33.48658],[-119.03485,33.48658],[-119.03485,33.48656],[-119.03481,33.48658]],[[-119.03475,33.48659],[-119.03481,33.48659],[-119.03481,33.48658],[-119.03475,33.48659]],[[-119.03483,33.48661],[-119.03483,33.48663],[-119.03487,33.48663],[-119.03488,33.48659],[-119.03483,33.48661]],[[-119.03477,33.48667],[-119.03483,33.48665],[-119.03483,33.48663],[-119.03477,33.48667]],[[-119.03486,33.48647],[-119.03481,33.48649],[-119.03481,33.48654],[-119.03486,33.48647]],[[-119.03483,33.48692],[-119.03483,33.48696],[-119.03485,33.48696],[-119.03483,33.48692]],[[-119.0349,33.48652],[-119.03492,33.48652],[-119.03492,33.4865],[-119.0349,33.48652]],[[-119.0349,33.4864],[-119.03492,33.4864],[-119.03492,33.48638],[-119.0349,33.4864]],[[-119.03494,33.48641],[-119.03494,33.4864],[-119.03492,33.4864],[-119.03494,33.48641]],[[-119.0349,33.48665],[-119.0349,33.48669],[-119.03494,33.48669],[-119.0349,33.48665]],[[-119.03496,33.48663],[-119.03496,33.48661],[-119.03494,33.48661],[-119.03496,33.48663]],[[-119.03499,33.4864],[-119.03498,33.48643],[-119.03501,33.48643],[-119.03499,33.4864]],[[-119.03503,33.4864],[-119.03505,33.4864],[-119.03505,33.48638],[-119.03503,33.4864]],[[-119.03507,33.48679],[-119.03509,33.48679],[-119.03509,33.48678],[-119.03507,33.48679]],[[-119.03507,33.48647],[-119.03509,33.48647],[-119.03509,33.48645],[-119.03507,33.48647]],[[-119.03513,33.48661],[-119.03515,33.48662],[-119.03515,33.4866],[-119.03513,33.48661]],[[-119.03522,33.48645],[-119.03522,33.48642],[-119.03516,33.48643],[-119.03522,33.48645]],[[-119.03522,33.48651],[-119.03522,33.48649],[-119.0352,33.48649],[-119.03522,33.48651]],[[-119.03527,33.48577],[-119.03527,33.48575],[-119.03525,33.48575],[-119.03527,33.48577]],[[-119.03576,33.48628],[-119.03574,33.48628],[-119.03574,33.4863],[-119.03576,33.48628]],[[-119.03589,33.48633],[-119.03589,33.48635],[-119.03591,33.48635],[-119.03589,33.48633]]],[[[-119.04103,33.48428],[-119.04095,33.48443],[-119.04118,33.48448],[-119.04098,33.48479],[-119.04086,33.48459],[-119.0409,33.4845],[-119.0406,33.48453],[-119.04045,33.48448],[-119.04049,33.48435],[-119.04034,33.48435],[-119.04043,33.48421],[-119.04058,33.48426],[-119.04071,33.48408],[-119.04103,33.48428]],[[-119.04045,33.48426],[-119.04045,33.48428],[-119.04047,33.48428],[-119.04045,33.48426]],[[-119.04058,33.48428],[-119.0405,33.48426],[-119.0405,33.4843],[-119.04058,33.48428]],[[-119.04054,33.48435],[-119.04052,33.48435],[-119.04052,33.48437],[-119.04054,33.48435]],[[-119.04062,33.48433],[-119.04062,33.4843],[-119.0406,33.48432],[-119.04062,33.48433]],[[-119.04067,33.48439],[-119.04062,33.48437],[-119.04062,33.48444],[-119.04067,33.48439]],[[-119.04077,33.48448],[-119.04077,33.4845],[-119.04079,33.4845],[-119.04077,33.48448]],[[-119.04096,33.48468],[-119.04099,33.48463],[-119.04094,33.48463],[-119.04096,33.48468]],[[-119.04096,33.48461],[-119.04097,33.48459],[-119.04094,33.48459],[-119.04096,33.48461]]],[[[-119.0509,33.48083],[-119.05073,33.48077],[-119.0508,33.48096],[-119.05067,33.48099],[-119.05062,33.48094],[-119.05054,33.48106],[-119.05066,33.48115],[-119.05058,33.48117],[-119.05053,33.48115],[-119.0506,33.48124],[-119.05051,33.48124],[-119.05053,33.48133],[-119.05075,33.48151],[-119.05036,33.48137],[-119.0504,33.48122],[-119.05013,33.48111],[-119.05006,33.48095],[-119.04985,33.48097],[-119.04995,33.48111],[-119.05002,33.48104],[-119.04998,33.48117],[-119.05027,33.48142],[-119.05029,33.48153],[-119.05021,33.48153],[-119.05019,33.48142],[-119.05008,33.48153],[-119.04997,33.48147],[-119.04991,33.48165],[-119.05003,33.48171],[-119.0499,33.48176],[-119.049948947,33.481830702],[-119.04992,33.48185],[-119.04995,33.48185],[-119.04995,33.481832222],[-119.04999,33.48189],[-119.04986,33.48196],[-119.04975,33.48189],[-119.04973,33.48203],[-119.04943,33.48195],[-119.04938,33.48204],[-119.04949,33.48203],[-119.04949,33.48208],[-119.04934,33.4821],[-119.04938,33.48219],[-119.0493,33.48221],[-119.04915,33.48206],[-119.04904,33.4821],[-119.04906,33.48224],[-119.04923,33.48221],[-119.04925,33.48237],[-119.04947,33.48242],[-119.04923,33.48253],[-119.04959,33.48262],[-119.04948,33.4828],[-119.04933,33.48277],[-119.04933,33.48287],[-119.04944,33.48286],[-119.04954,33.48306],[-119.04941,33.48315],[-119.04965,33.48327],[-119.04965,33.48336],[-119.04935,33.4834],[-119.04935,33.48329],[-119.04913,33.48323],[-119.049427391,33.48361],[-119.04941,33.48361],[-119.04941,33.48365],[-119.049428983,33.483612034],[-119.04949,33.48369],[-119.04958,33.48369],[-119.04947,33.48371],[-119.04949,33.4839],[-119.04938,33.48392],[-119.04936,33.48379],[-119.04926,33.48383],[-119.04904,33.48368],[-119.04913,33.48388],[-119.049,33.4839],[-119.04923,33.48394],[-119.04906,33.48401],[-119.04917,33.48406],[-119.04914,33.48417],[-119.04925,33.48417],[-119.04923,33.48426],[-119.04901,33.48417],[-119.04893,33.4843],[-119.04901,33.48428],[-119.0491,33.48439],[-119.0488,33.48431],[-119.04876,33.48424],[-119.04889,33.48415],[-119.04899,33.48419],[-119.04895,33.48404],[-119.04882,33.48415],[-119.04854,33.48415],[-119.04884,33.4844],[-119.04871,33.48446],[-119.04875,33.48457],[-119.04851,33.48464],[-119.04866,33.48476],[-119.04845,33.48482],[-119.04856,33.48473],[-119.04828,33.48469],[-119.04828,33.48476],[-119.04819,33.4848],[-119.04825,33.48487],[-119.0481,33.48499],[-119.04795,33.48499],[-119.04787,33.48495],[-119.04791,33.48515],[-119.04776,33.48503],[-119.04782,33.48528],[-119.04747,33.48537],[-119.04754,33.48549],[-119.04732,33.48544],[-119.04741,33.48551],[-119.04734,33.48558],[-119.04689,33.48563],[-119.04687,33.48567],[-119.04678,33.48585],[-119.04667,33.48577],[-119.04661,33.48583],[-119.04659,33.4857],[-119.04639,33.48572],[-119.04631,33.48566],[-119.04629,33.48574],[-119.04594,33.48566],[-119.04592,33.48559],[-119.04586,33.48573],[-119.04577,33.48573],[-119.04586,33.48544],[-119.04575,33.48533],[-119.04554,33.48533],[-119.04552,33.48515],[-119.04526,33.48515],[-119.04526,33.48502],[-119.0455,33.48504],[-119.04531,33.48495],[-119.04531,33.48481],[-119.04513,33.48491],[-119.04505,33.48489],[-119.04505,33.48484],[-119.04481,33.48477],[-119.04488,33.48471],[-119.04469,33.48466],[-119.044492105,33.484478596],[-119.04452,33.48446],[-119.04449,33.48446],[-119.04449,33.484476667],[-119.04445,33.48444],[-119.04439,33.48447],[-119.04445,33.48447],[-119.04447,33.48462],[-119.04432,33.48469],[-119.04438,33.48474],[-119.0443,33.48478],[-119.04415,33.48469],[-119.04409,33.48433],[-119.04402,33.48445],[-119.04391,33.48447],[-119.04374,33.48443],[-119.04385,33.4844],[-119.04387,33.48433],[-119.04372,33.48429],[-119.04374,33.48447],[-119.044,33.48449],[-119.04401,33.48505],[-119.04391,33.48512],[-119.04376,33.4851],[-119.04369,33.48494],[-119.04361,33.48497],[-119.04346,33.48488],[-119.04348,33.48501],[-119.04363,33.4851],[-119.04343,33.4853],[-119.0435,33.48512],[-119.04335,33.48504],[-119.04343,33.48506],[-119.04337,33.48484],[-119.04348,33.48483],[-119.04339,33.4847],[-119.04342,33.48463],[-119.04352,33.48461],[-119.04346,33.48439],[-119.04331,33.48445],[-119.0434,33.4845],[-119.04335,33.48461],[-119.04322,33.48463],[-119.04326,33.48474],[-119.04309,33.48475],[-119.04311,33.48486],[-119.043,33.48488],[-119.04288,33.48477],[-119.04295,33.48428],[-119.04278,33.48419],[-119.04278,33.48424],[-119.04273,33.48428],[-119.04269,33.48428],[-119.04265,33.48422],[-119.04276,33.48414],[-119.04254,33.48413],[-119.04261,33.48399],[-119.04237,33.48401],[-119.0425,33.4841],[-119.0425,33.48417],[-119.04241,33.48431],[-119.0425,33.48424],[-119.04256,33.48439],[-119.04241,33.48451],[-119.04245,33.48458],[-119.04236,33.48458],[-119.04238,33.48473],[-119.04225,33.48485],[-119.0421,33.48489],[-119.04204,33.48451],[-119.04191,33.4844],[-119.04207,33.48422],[-119.04189,33.48425],[-119.04177,33.48422],[-119.04198,33.48411],[-119.04203,33.48395],[-119.04224,33.48402],[-119.04213,33.48391],[-119.04194,33.48393],[-119.04205,33.48386],[-119.04181,33.48378],[-119.04195,33.4835],[-119.0421,33.48343],[-119.04214,33.48355],[-119.04214,33.48339],[-119.04231,33.48337],[-119.04229,33.48319],[-119.04236,33.48319],[-119.04242,33.48345],[-119.04227,33.48345],[-119.04225,33.48354],[-119.0424,33.48354],[-119.04248,33.48366],[-119.04246,33.4835],[-119.0427,33.48331],[-119.04268,33.483],[-119.04285,33.48305],[-119.04279,33.4828],[-119.04299,33.48268],[-119.04331,33.48275],[-119.04367,33.48321],[-119.04382,33.48317],[-119.0434,33.4825],[-119.04361,33.4825],[-119.04355,33.48257],[-119.04363,33.48257],[-119.04365,33.4827],[-119.04385,33.4827],[-119.04395,33.48294],[-119.04406,33.4829],[-119.04406,33.48287],[-119.04385,33.48256],[-119.04396,33.48258],[-119.04408,33.48278],[-119.04406,33.48263],[-119.04419,33.48263],[-119.04433,33.48231],[-119.04437,33.48242],[-119.0445,33.48242],[-119.04455,33.48258],[-119.04467,33.48258],[-119.04488,33.48291],[-119.04516,33.48287],[-119.04532,33.48342],[-119.04521,33.4836],[-119.04528,33.48363],[-119.04504,33.48369],[-119.04521,33.48367],[-119.04538,33.48385],[-119.04556,33.48387],[-119.0456,33.48405],[-119.04564,33.48394],[-119.04596,33.48413],[-119.04598,33.48404],[-119.0462,33.48407],[-119.04635,33.48417],[-119.04628,33.48426],[-119.0465,33.48408],[-119.0465,33.48417],[-119.04667,33.48415],[-119.04663,33.48431],[-119.04682,33.48422],[-119.04701,33.4843],[-119.04703,33.48444],[-119.04729,33.48444],[-119.04734,33.48426],[-119.04746,33.48434],[-119.04744,33.48421],[-119.04759,33.48427],[-119.04764,33.48418],[-119.04762,33.48425],[-119.04772,33.48429],[-119.04775,33.48409],[-119.04788,33.48409],[-119.04781,33.484],[-119.0479,33.48385],[-119.04824,33.48386],[-119.04814,33.48373],[-119.04833,33.48373],[-119.04831,33.48359],[-119.04846,33.48371],[-119.0485,33.4837],[-119.04844,33.48357],[-119.04853,33.48353],[-119.04853,33.4835],[-119.04844,33.48344],[-119.04857,33.48337],[-119.048617273,33.483391818],[-119.04859,33.48341],[-119.04861,33.48341],[-119.04861875,33.4833925],[-119.048656667,33.48341],[-119.04864,33.48341],[-119.04866,33.48343],[-119.04866,33.483411538],[-119.0487,33.48343],[-119.04877,33.48328],[-119.04885,33.48332],[-119.04896,33.48298],[-119.0489,33.483],[-119.04888,33.48292],[-119.04881,33.48298],[-119.04869,33.48294],[-119.04869,33.48283],[-119.04849,33.48272],[-119.0485,33.48251],[-119.04875,33.48253],[-119.04876,33.48244],[-119.04839,33.48232],[-119.04846,33.48202],[-119.04818,33.4818],[-119.04827,33.48176],[-119.04827,33.48173],[-119.04814,33.48175],[-119.04819,33.48151],[-119.04787,33.48124],[-119.04793,33.48104],[-119.04783,33.48111],[-119.04785,33.48097],[-119.04768,33.48093],[-119.04787,33.4808],[-119.04785,33.4807],[-119.04809,33.4807],[-119.04787,33.48062],[-119.04796,33.48054],[-119.04779,33.48039],[-119.04777,33.48019],[-119.04756,33.48017],[-119.04766,33.48017],[-119.04775,33.47999],[-119.04767,33.47996],[-119.04756,33.48006],[-119.04752,33.47994],[-119.04739,33.47999],[-119.04739,33.47988],[-119.0472,33.47984],[-119.04724,33.47977],[-119.04709,33.47975],[-119.04709,33.47966],[-119.04702,33.47975],[-119.04687,33.47966],[-119.047,33.47957],[-119.04733,33.47954],[-119.04737,33.47968],[-119.04752,33.47972],[-119.0475,33.47986],[-119.0476,33.47979],[-119.0476,33.47986],[-119.04803,33.47999],[-119.04812,33.47978],[-119.04825,33.47985],[-119.04818,33.47992],[-119.04825,33.48],[-119.04814,33.48],[-119.04827,33.48005],[-119.04839,33.48029],[-119.04818,33.48018],[-119.04822,33.48039],[-119.04811,33.48043],[-119.04828,33.48048],[-119.04822,33.48054],[-119.04824,33.48065],[-119.04839,33.48047],[-119.04865,33.48049],[-119.04845,33.48067],[-119.04837,33.48066],[-119.04835,33.48079],[-119.04815,33.4809],[-119.04815,33.48108],[-119.04843,33.4811],[-119.04839,33.48097],[-119.04869,33.48081],[-119.04918,33.4808],[-119.04929,33.48094],[-119.04931,33.48082],[-119.04949,33.48075],[-119.04944,33.48067],[-119.04968,33.48087],[-119.04987,33.48073],[-119.04998,33.48089],[-119.0503,33.48081],[-119.05028,33.48099],[-119.05062,33.4809],[-119.05073,33.4807],[-119.05099,33.48063],[-119.05108,33.48071],[-119.0509,33.48083]],[[-119.04852,33.48413],[-119.04852,33.48415],[-119.04854,33.48415],[-119.04852,33.48413]],[[-119.04685,33.48565],[-119.04685,33.48567],[-119.04687,33.48567],[-119.04685,33.48565]],[[-119.04389,33.48431],[-119.04387,33.48431],[-119.04387,33.48433],[-119.04389,33.48431]],[[-119.04392,33.48429],[-119.04389,33.48429],[-119.04389,33.48431],[-119.04392,33.48429]],[[-119.0432,33.48461],[-119.0432,33.48463],[-119.04322,33.48463],[-119.0432,33.48461]],[[-119.04316,33.48459],[-119.04316,33.48461],[-119.0432,33.48461],[-119.04316,33.48459]],[[-119.04318,33.48464],[-119.0432,33.48464],[-119.0432,33.48463],[-119.04318,33.48464]],[[-119.04206,33.48449],[-119.04204,33.48449],[-119.04204,33.48451],[-119.04206,33.48449]],[[-119.04216,33.4839],[-119.04213,33.4839],[-119.04213,33.48391],[-119.04216,33.4839]],[[-119.04624,33.48431],[-119.04626,33.48431],[-119.04628,33.48426],[-119.04624,33.48431]],[[-119.04855,33.48355],[-119.04855,33.48354],[-119.04853,33.48353],[-119.04855,33.48355]],[[-119.04789,33.48082],[-119.04789,33.48081],[-119.04787,33.4808],[-119.04789,33.48082]],[[-119.0482,33.48052],[-119.0482,33.48054],[-119.04822,33.48054],[-119.0482,33.48052]],[[-119.04194,33.4842],[-119.04194,33.48422],[-119.04198,33.48422],[-119.04194,33.4842]],[[-119.04198,33.48417],[-119.04198,33.48418],[-119.042,33.48418],[-119.04198,33.48417]],[[-119.04202,33.48431],[-119.042,33.48431],[-119.042,33.48433],[-119.04202,33.48431]],[[-119.04204,33.48433],[-119.04204,33.48435],[-119.04206,33.48435],[-119.04207,33.48433],[-119.04204,33.48433]],[[-119.04211,33.48431],[-119.04207,33.48431],[-119.04207,33.48433],[-119.04211,33.48431]],[[-119.04211,33.48456],[-119.04208,33.48456],[-119.04208,33.48458],[-119.04211,33.48456]],[[-119.04209,33.48402],[-119.04211,33.48402],[-119.04211,33.484],[-119.04209,33.48402]],[[-119.04213,33.48404],[-119.04213,33.48402],[-119.04211,33.48402],[-119.04213,33.48404]],[[-119.04216,33.48388],[-119.04218,33.48388],[-119.04218,33.48386],[-119.04216,33.48388]],[[-119.0422,33.48386],[-119.0422,33.48384],[-119.04218,33.48384],[-119.0422,33.48386]],[[-119.04222,33.48375],[-119.04222,33.48377],[-119.04224,33.48377],[-119.04222,33.48375]],[[-119.04229,33.48375],[-119.04229,33.48372],[-119.04224,33.48372],[-119.04229,33.48375]],[[-119.04225,33.48478],[-119.04225,33.4848],[-119.04227,33.4848],[-119.04225,33.48478]],[[-119.04231,33.4839],[-119.04229,33.4839],[-119.04229,33.48392],[-119.04231,33.4839]],[[-119.04231,33.48372],[-119.04231,33.48373],[-119.04235,33.48374],[-119.04231,33.48372]],[[-119.04235,33.48375],[-119.04235,33.48377],[-119.04237,33.48377],[-119.04235,33.48375]],[[-119.04239,33.48406],[-119.04237,33.48406],[-119.04237,33.48408],[-119.04239,33.48406]],[[-119.04239,33.48374],[-119.04239,33.48375],[-119.04242,33.48375],[-119.04239,33.48374]],[[-119.04241,33.48417],[-119.04241,33.48419],[-119.04245,33.48421],[-119.04241,33.48417]],[[-119.04239,33.4842],[-119.04241,33.4842],[-119.04241,33.48419],[-119.04239,33.4842]],[[-119.04242,33.48372],[-119.04244,33.48372],[-119.04246,33.48366],[-119.04242,33.48372]],[[-119.04245,33.48439],[-119.04247,33.48439],[-119.04247,33.48435],[-119.04245,33.48439]],[[-119.04248,33.48393],[-119.04248,33.48395],[-119.0425,33.48395],[-119.04248,33.48393]],[[-119.04252,33.48392],[-119.04252,33.48394],[-119.04254,33.48394],[-119.04252,33.48392]],[[-119.04257,33.48347],[-119.04259,33.48347],[-119.04259,33.48345],[-119.04257,33.48347]],[[-119.04253,33.48348],[-119.04257,33.48348],[-119.04257,33.48347],[-119.04253,33.48348]],[[-119.04263,33.48356],[-119.04263,33.48358],[-119.04265,33.48358],[-119.04263,33.48356]],[[-119.04261,33.48354],[-119.04261,33.48356],[-119.04263,33.48356],[-119.04261,33.48354]],[[-119.04266,33.48347],[-119.04266,33.4835],[-119.04272,33.48349],[-119.04266,33.48347]],[[-119.04263,33.48352],[-119.04266,33.48352],[-119.04266,33.4835],[-119.04263,33.48352]],[[-119.04271,33.48424],[-119.04271,33.48426],[-119.04273,33.48426],[-119.04271,33.48424]],[[-119.0429,33.48298],[-119.04294,33.483],[-119.04294,33.48293],[-119.0429,33.48298]],[[-119.04296,33.48304],[-119.04298,33.48304],[-119.04298,33.48302],[-119.04296,33.48304]],[[-119.04297,33.48437],[-119.04299,33.48437],[-119.04299,33.48435],[-119.04297,33.48437]],[[-119.04305,33.48446],[-119.04303,33.48446],[-119.04303,33.48448],[-119.04305,33.48446]],[[-119.04305,33.48448],[-119.0431,33.48452],[-119.04312,33.48448],[-119.04305,33.48448]],[[-119.04312,33.48457],[-119.04314,33.48452],[-119.0431,33.48452],[-119.04312,33.48457]],[[-119.04314,33.48446],[-119.04312,33.48446],[-119.04312,33.48448],[-119.04314,33.48446]],[[-119.0431,33.48426],[-119.0431,33.48428],[-119.04312,33.48428],[-119.0431,33.48426]],[[-119.04314,33.48418],[-119.04314,33.48416],[-119.04312,33.48416],[-119.04314,33.48418]],[[-119.04312,33.48441],[-119.04312,33.48443],[-119.04314,33.48443],[-119.04312,33.48441]],[[-119.0432,33.48472],[-119.0432,33.48473],[-119.04322,33.48474],[-119.0432,33.48472]],[[-119.04325,33.48459],[-119.04324,33.48461],[-119.04329,33.48461],[-119.04325,33.48459]],[[-119.04322,33.48455],[-119.04322,33.48459],[-119.04325,33.48459],[-119.04322,33.48455]],[[-119.04331,33.48437],[-119.04331,33.48432],[-119.04327,33.48434],[-119.04331,33.48437]],[[-119.04333,33.48454],[-119.04331,33.48454],[-119.04331,33.48459],[-119.04333,33.48454]],[[-119.04333,33.48441],[-119.04331,33.48441],[-119.04331,33.48443],[-119.04333,33.48441]],[[-119.04333,33.4845],[-119.04333,33.48452],[-119.04335,33.48452],[-119.04333,33.4845]],[[-119.04336,33.48438],[-119.04335,33.48439],[-119.04338,33.48439],[-119.04338,33.48438],[-119.04336,33.48438]],[[-119.0434,33.48436],[-119.04338,33.48436],[-119.04338,33.48438],[-119.0434,33.48436]],[[-119.04338,33.4843],[-119.04338,33.48432],[-119.0434,33.48432],[-119.04338,33.4843]],[[-119.04342,33.48432],[-119.04346,33.48432],[-119.04346,33.4843],[-119.04342,33.48432]],[[-119.0434,33.48434],[-119.04342,33.48434],[-119.04342,33.48432],[-119.0434,33.48434]],[[-119.04344,33.48488],[-119.04341,33.48488],[-119.04341,33.4849],[-119.04344,33.48488]],[[-119.04344,33.48423],[-119.04344,33.48421],[-119.04342,33.48421],[-119.04344,33.48423]],[[-119.04344,33.48474],[-119.04346,33.48474],[-119.04348,33.4847],[-119.04344,33.48474]],[[-119.0435,33.48467],[-119.04348,33.48467],[-119.04348,33.4847],[-119.0435,33.48467]],[[-119.04348,33.48503],[-119.04345,33.48503],[-119.04345,33.48504],[-119.04348,33.48503]],[[-119.04355,33.4843],[-119.04353,33.48421],[-119.04351,33.48421],[-119.04346,33.48434],[-119.04355,33.4843]],[[-119.0435,33.48485],[-119.04348,33.48485],[-119.04348,33.48488],[-119.0435,33.48485]],[[-119.0435,33.48483],[-119.04356,33.48483],[-119.04357,33.48481],[-119.0435,33.48483]],[[-119.04353,33.48443],[-119.04351,33.48443],[-119.0435,33.48445],[-119.04353,33.48443]],[[-119.04357,33.48438],[-119.04364,33.48434],[-119.04359,33.48431],[-119.04351,33.48436],[-119.04357,33.48438]],[[-119.04355,33.48468],[-119.04355,33.48467],[-119.04352,33.48467],[-119.04355,33.48468]],[[-119.04352,33.4851],[-119.04354,33.4851],[-119.04354,33.48508],[-119.04352,33.4851]],[[-119.04355,33.48411],[-119.04355,33.48409],[-119.04353,33.48409],[-119.04355,33.48411]],[[-119.04359,33.48427],[-119.04359,33.48423],[-119.04355,33.48423],[-119.04359,33.48427]],[[-119.04359,33.48412],[-119.04357,33.48412],[-119.04357,33.48414],[-119.04359,33.48412]],[[-119.04367,33.48492],[-119.04367,33.48488],[-119.04359,33.48488],[-119.04367,33.48492]],[[-119.04368,33.48438],[-119.04363,33.48438],[-119.04363,33.48441],[-119.04368,33.48438]],[[-119.04366,33.48423],[-119.04366,33.48422],[-119.04364,33.48422],[-119.04366,33.48423]],[[-119.0437,33.48431],[-119.04366,33.48429],[-119.04366,33.48434],[-119.0437,33.48431]],[[-119.0437,33.48449],[-119.04372,33.48449],[-119.04372,33.48445],[-119.0437,33.48449]],[[-119.04377,33.48427],[-119.04379,33.48423],[-119.04372,33.48422],[-119.04377,33.48427]],[[-119.04372,33.48476],[-119.04372,33.48478],[-119.04374,33.48478],[-119.04372,33.48476]],[[-119.04372,33.48454],[-119.04372,33.48456],[-119.04374,33.48456],[-119.04374,33.48454],[-119.04372,33.48454]],[[-119.04376,33.48452],[-119.04374,33.48449],[-119.04374,33.48454],[-119.04376,33.48452]],[[-119.04374,33.48472],[-119.04374,33.4847],[-119.04372,33.4847],[-119.04374,33.48472]],[[-119.04376,33.48496],[-119.04374,33.48496],[-119.04374,33.48497],[-119.04376,33.48496]],[[-119.04374,33.4846],[-119.04376,33.4846],[-119.04376,33.48458],[-119.04374,33.4846]],[[-119.04378,33.4847],[-119.04378,33.48469],[-119.04376,33.48469],[-119.04378,33.4847]],[[-119.04377,33.4842],[-119.04377,33.48422],[-119.04381,33.48422],[-119.04377,33.4842]],[[-119.04383,33.48429],[-119.04383,33.48427],[-119.04379,33.48425],[-119.04383,33.48429]],[[-119.04383,33.48454],[-119.04383,33.48449],[-119.04381,33.48449],[-119.04383,33.48454]],[[-119.04383,33.48285],[-119.04387,33.48285],[-119.04387,33.48283],[-119.04383,33.48285]],[[-119.04386,33.48499],[-119.04386,33.48498],[-119.04384,33.48497],[-119.04386,33.48499]],[[-119.04385,33.48427],[-119.04387,33.48427],[-119.04387,33.48425],[-119.04385,33.48427]],[[-119.04388,33.48507],[-119.04386,33.48507],[-119.04386,33.48508],[-119.04388,33.48507]],[[-119.04396,33.48425],[-119.04389,33.48424],[-119.04389,33.48427],[-119.04396,33.48425]],[[-119.04389,33.4844],[-119.04391,33.4844],[-119.04391,33.48436],[-119.04389,33.4844]],[[-119.04389,33.48261],[-119.04394,33.48261],[-119.04394,33.48259],[-119.04389,33.48261]],[[-119.04394,33.48436],[-119.04396,33.48433],[-119.04389,33.48433],[-119.04394,33.48436]],[[-119.04394,33.48443],[-119.04391,33.48443],[-119.04391,33.48445],[-119.04394,33.48443]],[[-119.04396,33.48416],[-119.04398,33.48418],[-119.04398,33.48416],[-119.04396,33.48416]],[[-119.04396,33.48413],[-119.04392,33.48418],[-119.04396,33.48416],[-119.04396,33.48413]],[[-119.044,33.48415],[-119.04398,33.48415],[-119.04398,33.48416],[-119.044,33.48415]],[[-119.04396,33.48456],[-119.04395,33.48458],[-119.04398,33.48458],[-119.04396,33.48456]],[[-119.04393,33.4846],[-119.04395,33.4846],[-119.04395,33.48458],[-119.04393,33.4846]],[[-119.04396,33.48431],[-119.04396,33.48429],[-119.04394,33.48429],[-119.04396,33.48431]],[[-119.04399,33.4849],[-119.04399,33.48487],[-119.04397,33.48487],[-119.04399,33.4849]],[[-119.04402,33.48416],[-119.044,33.48431],[-119.04407,33.48429],[-119.04411,33.48422],[-119.04402,33.48416]],[[-119.04411,33.48426],[-119.04413,33.48426],[-119.04413,33.48424],[-119.04411,33.48426]],[[-119.04421,33.48464],[-119.04421,33.48465],[-119.04423,33.48465],[-119.04421,33.48464]],[[-119.04421,33.48269],[-119.04424,33.48269],[-119.04424,33.48265],[-119.04421,33.48269]],[[-119.04428,33.48456],[-119.04428,33.4846],[-119.04432,33.48458],[-119.04428,33.48456]],[[-119.04426,33.48462],[-119.04428,33.48462],[-119.04428,33.4846],[-119.04426,33.48462]],[[-119.04439,33.48458],[-119.04439,33.48455],[-119.04432,33.48453],[-119.04439,33.48458]],[[-119.04439,33.4844],[-119.04441,33.4844],[-119.04441,33.48438],[-119.04439,33.4844]],[[-119.04441,33.48451],[-119.04441,33.48453],[-119.04443,33.48453],[-119.04441,33.48451]],[[-119.04454,33.48433],[-119.04456,33.48435],[-119.04456,33.48433],[-119.04454,33.48433]],[[-119.04454,33.48431],[-119.04452,33.48431],[-119.04454,33.48433],[-119.04454,33.48431]],[[-119.04452,33.48429],[-119.0445,33.48429],[-119.04452,33.48431],[-119.04452,33.48429]],[[-119.04458,33.48431],[-119.04456,33.48431],[-119.04456,33.48433],[-119.04458,33.48431]],[[-119.04452,33.48437],[-119.04454,33.48437],[-119.04454,33.48435],[-119.04452,33.48437]],[[-119.04462,33.48442],[-119.04456,33.48442],[-119.04456,33.48448],[-119.04467,33.48448],[-119.04462,33.48442]],[[-119.04454,33.4844],[-119.04454,33.48442],[-119.04456,33.48442],[-119.04454,33.4844]],[[-119.04454,33.48449],[-119.04456,33.48449],[-119.04456,33.48448],[-119.04454,33.48449]],[[-119.04462,33.48265],[-119.04464,33.48265],[-119.04465,33.48264],[-119.04462,33.48265]],[[-119.0446,33.48269],[-119.04462,33.48269],[-119.04462,33.48265],[-119.0446,33.48269]],[[-119.04467,33.48449],[-119.04467,33.48451],[-119.04469,33.48451],[-119.04467,33.48449]],[[-119.04464,33.48453],[-119.04467,33.48453],[-119.04467,33.48451],[-119.04464,33.48453]],[[-119.04473,33.48457],[-119.04469,33.48455],[-119.04469,33.48459],[-119.04473,33.48457]],[[-119.04471,33.4845],[-119.04471,33.48451],[-119.04482,33.48446],[-119.04471,33.4845]],[[-119.04469,33.48453],[-119.04471,33.48453],[-119.04471,33.48451],[-119.04469,33.48453]],[[-119.04476,33.48421],[-119.04471,33.48421],[-119.04471,33.48422],[-119.04476,33.48421]],[[-119.04479,33.48466],[-119.04477,33.48466],[-119.04477,33.48468],[-119.04479,33.48466]],[[-119.04479,33.48455],[-119.04479,33.48451],[-119.04477,33.48451],[-119.04479,33.48455]],[[-119.04477,33.48459],[-119.04477,33.4846],[-119.04479,33.4846],[-119.04477,33.48459]],[[-119.0448,33.48419],[-119.0448,33.48415],[-119.04478,33.48415],[-119.0448,33.48419]],[[-119.04479,33.48284],[-119.04481,33.48284],[-119.04482,33.48282],[-119.04479,33.48284]],[[-119.04486,33.48423],[-119.04486,33.48424],[-119.04488,33.48424],[-119.04486,33.48423]],[[-119.04482,33.48419],[-119.04482,33.48423],[-119.04486,33.48423],[-119.04482,33.48419]],[[-119.04484,33.4843],[-119.04486,33.4843],[-119.04486,33.48428],[-119.04484,33.4843]],[[-119.04486,33.48417],[-119.04484,33.48417],[-119.04484,33.48419],[-119.04486,33.48417]],[[-119.04484,33.48457],[-119.04484,33.48459],[-119.04486,33.48459],[-119.04484,33.48457]],[[-119.0449,33.48477],[-119.04488,33.48477],[-119.04488,33.48479],[-119.0449,33.48477]],[[-119.04492,33.4847],[-119.04492,33.48468],[-119.0449,33.48468],[-119.04492,33.4847]],[[-119.04494,33.48293],[-119.04494,33.48291],[-119.04492,33.48291],[-119.04494,33.48293]],[[-119.04498,33.4836],[-119.04498,33.48361],[-119.04502,33.48361],[-119.04498,33.4836]],[[-119.04503,33.48477],[-119.04503,33.48475],[-119.04501,33.48475],[-119.04503,33.48477]],[[-119.04504,33.48372],[-119.04506,33.48372],[-119.04506,33.4837],[-119.04504,33.48372]],[[-119.04504,33.4836],[-119.04504,33.48363],[-119.04511,33.48361],[-119.04511,33.4836],[-119.04504,33.4836]],[[-119.04515,33.48354],[-119.04504,33.48351],[-119.04511,33.4836],[-119.04515,33.48354]],[[-119.04513,33.48484],[-119.04513,33.48486],[-119.04516,33.48486],[-119.04513,33.48484]],[[-119.04515,33.48347],[-119.04519,33.48347],[-119.04517,33.48338],[-119.04515,33.48347]],[[-119.04518,33.48318],[-119.04518,33.48315],[-119.04516,33.48315],[-119.04518,33.48318]],[[-119.04519,33.48356],[-119.04517,33.48356],[-119.04517,33.48358],[-119.04519,33.48356]],[[-119.04521,33.48374],[-119.04521,33.48371],[-119.04519,33.48371],[-119.04521,33.48374]],[[-119.04522,33.48349],[-119.04522,33.48351],[-119.04524,33.48351],[-119.04522,33.48349]],[[-119.04539,33.48508],[-119.04533,33.48511],[-119.04537,33.48511],[-119.04539,33.48508]],[[-119.04537,33.48495],[-119.04537,33.48493],[-119.04535,33.48493],[-119.04537,33.48495]],[[-119.04548,33.48481],[-119.04537,33.48486],[-119.04556,33.48494],[-119.04552,33.48477],[-119.04542,33.48475],[-119.04548,33.48481]],[[-119.04539,33.48483],[-119.04541,33.48483],[-119.04541,33.48481],[-119.04539,33.48483]],[[-119.04539,33.48472],[-119.04539,33.48474],[-119.04542,33.48474],[-119.04539,33.48472]],[[-119.04543,33.48508],[-119.04543,33.4851],[-119.04545,33.4851],[-119.04543,33.48508]],[[-119.04545,33.48513],[-119.0458,33.4851],[-119.04571,33.48503],[-119.04545,33.48513]],[[-119.0455,33.48474],[-119.0455,33.48475],[-119.04552,33.48474],[-119.0455,33.48474]],[[-119.04557,33.48472],[-119.04552,33.4847],[-119.04552,33.48474],[-119.04557,33.48472]],[[-119.0455,33.48461],[-119.0455,33.48466],[-119.04561,33.48463],[-119.04563,33.48456],[-119.0455,33.48461]],[[-119.04558,33.48503],[-119.04556,33.48499],[-119.04552,33.48501],[-119.04558,33.48503]],[[-119.04558,33.4853],[-119.04556,33.4853],[-119.04556,33.48531],[-119.04558,33.4853]],[[-119.04565,33.48501],[-119.04565,33.48503],[-119.04569,33.48503],[-119.04565,33.48501]],[[-119.04578,33.48523],[-119.04578,33.48521],[-119.04575,33.48521],[-119.04578,33.48523]],[[-119.04644,33.48538],[-119.04625,33.48536],[-119.04631,33.48527],[-119.04599,33.48507],[-119.04597,33.48516],[-119.0458,33.48517],[-119.04597,33.4855],[-119.04612,33.4855],[-119.04627,33.4855],[-119.04622,33.48559],[-119.04635,33.48563],[-119.04644,33.48538]],[[-119.04612,33.48554],[-119.04616,33.48554],[-119.04612,33.4855],[-119.04612,33.48554]],[[-119.0458,33.48515],[-119.04582,33.48515],[-119.04582,33.48514],[-119.0458,33.48515]],[[-119.04586,33.48506],[-119.04582,33.48508],[-119.04582,33.4851],[-119.04586,33.48506]],[[-119.04584,33.48564],[-119.04583,33.48566],[-119.04586,33.48566],[-119.04584,33.48564]],[[-119.04592,33.4855],[-119.0459,33.48555],[-119.04594,33.48557],[-119.04592,33.4855]],[[-119.04591,33.48508],[-119.04591,33.4851],[-119.04593,33.4851],[-119.04591,33.48508]],[[-119.04593,33.48505],[-119.04593,33.48506],[-119.04595,33.48506],[-119.04593,33.48505]],[[-119.04599,33.48557],[-119.04594,33.48559],[-119.04594,33.48561],[-119.04599,33.48557]],[[-119.04605,33.48413],[-119.04605,33.48411],[-119.046,33.48411],[-119.04605,33.48413]],[[-119.04603,33.48559],[-119.04603,33.48557],[-119.04601,33.48557],[-119.04603,33.48559]],[[-119.04601,33.48562],[-119.04601,33.48564],[-119.04603,33.48564],[-119.04601,33.48562]],[[-119.04612,33.48555],[-119.04612,33.48557],[-119.04614,33.48557],[-119.04612,33.48555]],[[-119.04618,33.48557],[-119.04614,33.48559],[-119.0462,33.48559],[-119.04618,33.48557]],[[-119.04615,33.48415],[-119.04615,33.48416],[-119.04618,33.48416],[-119.04615,33.48415]],[[-119.0462,33.48425],[-119.0462,33.48424],[-119.04617,33.48424],[-119.0462,33.48425]],[[-119.0462,33.48561],[-119.04618,33.48564],[-119.04624,33.48564],[-119.0462,33.48561]],[[-119.04624,33.48415],[-119.04624,33.48418],[-119.04628,33.48418],[-119.04624,33.48415]],[[-119.04626,33.4842],[-119.04626,33.48422],[-119.04628,33.48422],[-119.04626,33.4842]],[[-119.04629,33.48521],[-119.04629,33.48519],[-119.04627,33.48519],[-119.04629,33.48521]],[[-119.0464,33.48527],[-119.0464,33.48521],[-119.04636,33.48523],[-119.0464,33.48527]],[[-119.04636,33.48474],[-119.04636,33.48476],[-119.04638,33.48476],[-119.04636,33.48474]],[[-119.04643,33.48478],[-119.0464,33.48478],[-119.0464,33.4848],[-119.04643,33.48478]],[[-119.04641,33.48435],[-119.04645,33.48437],[-119.04645,33.48426],[-119.04641,33.48435]],[[-119.04644,33.48518],[-119.04644,33.48516],[-119.04642,33.48516],[-119.04644,33.48518]],[[-119.04644,33.48568],[-119.04644,33.48566],[-119.04642,33.48566],[-119.04644,33.48568]],[[-119.04643,33.4844],[-119.04643,33.48444],[-119.04645,33.48444],[-119.04643,33.4844]],[[-119.04643,33.48474],[-119.04651,33.48476],[-119.04651,33.4846],[-119.04643,33.48474]],[[-119.04647,33.48483],[-119.04645,33.48483],[-119.04645,33.48485],[-119.04647,33.48483]],[[-119.04648,33.48557],[-119.04648,33.48559],[-119.0465,33.48559],[-119.04648,33.48557]],[[-119.04649,33.48487],[-119.04649,33.48489],[-119.04651,33.48489],[-119.04649,33.48487]],[[-119.04653,33.48491],[-119.04651,33.48491],[-119.04651,33.48493],[-119.04653,33.48491]],[[-119.04653,33.48482],[-119.04653,33.48484],[-119.04655,33.48484],[-119.04653,33.48482]],[[-119.04657,33.48529],[-119.04657,33.48527],[-119.04655,33.48527],[-119.04657,33.48529]],[[-119.04653,33.48521],[-119.04653,33.48527],[-119.04655,33.48527],[-119.04653,33.48521]],[[-119.04655,33.48559],[-119.04655,33.48561],[-119.04657,33.48561],[-119.04655,33.48559]],[[-119.04655,33.48485],[-119.04666,33.48494],[-119.0467,33.48489],[-119.04655,33.48485]],[[-119.04668,33.48496],[-119.04668,33.48494],[-119.04666,33.48494],[-119.04668,33.48496]],[[-119.04657,33.485],[-119.04657,33.48494],[-119.04655,33.48494],[-119.04657,33.485]],[[-119.04669,33.48572],[-119.04674,33.48574],[-119.04674,33.48561],[-119.04657,33.48565],[-119.04669,33.48572]],[[-119.04668,33.48518],[-119.04664,33.48518],[-119.04664,33.4852],[-119.04668,33.48518]],[[-119.04659,33.48518],[-119.04659,33.48521],[-119.04664,33.4852],[-119.04659,33.48518]],[[-119.04657,33.48521],[-119.04659,33.48523],[-119.04659,33.48521],[-119.04657,33.48521]],[[-119.04658,33.48475],[-119.04664,33.48476],[-119.04664,33.48473],[-119.04658,33.48475]],[[-119.04666,33.48471],[-119.04664,33.48471],[-119.04664,33.48473],[-119.04666,33.48471]],[[-119.0466,33.485],[-119.04664,33.48502],[-119.04666,33.48496],[-119.0466,33.485]],[[-119.04668,33.48516],[-119.0467,33.48516],[-119.0467,33.48514],[-119.04668,33.48516]],[[-119.04672,33.485],[-119.0467,33.485],[-119.0467,33.48502],[-119.04672,33.485]],[[-119.04672,33.48525],[-119.04674,33.48523],[-119.04672,33.48523],[-119.04672,33.48525]],[[-119.0467,33.48522],[-119.0467,33.48523],[-119.04672,33.48523],[-119.0467,33.48522]],[[-119.04674,33.48511],[-119.0467,33.48511],[-119.04672,33.48516],[-119.04674,33.48511]],[[-119.04672,33.48534],[-119.04674,33.48534],[-119.04674,33.48532],[-119.04672,33.48534]],[[-119.04675,33.48493],[-119.04675,33.48495],[-119.04677,33.48493],[-119.04675,33.48493]],[[-119.04673,33.48491],[-119.04673,33.48493],[-119.04675,33.48493],[-119.04673,33.48491]],[[-119.04679,33.48491],[-119.04677,33.48491],[-119.04677,33.48493],[-119.04679,33.48491]],[[-119.047,33.48524],[-119.047,33.48522],[-119.04698,33.48522],[-119.047,33.48524]],[[-119.04687,33.48509],[-119.04696,33.48506],[-119.04675,33.48502],[-119.04683,33.48531],[-119.04676,33.48531],[-119.04683,33.48538],[-119.04689,33.48522],[-119.04698,33.48522],[-119.04687,33.48509]],[[-119.04679,33.48495],[-119.04679,33.48496],[-119.04681,33.48496],[-119.04679,33.48495]],[[-119.04677,33.48498],[-119.04679,33.48498],[-119.04679,33.48496],[-119.04677,33.48498]],[[-119.04682,33.48428],[-119.04682,33.48426],[-119.0468,33.48426],[-119.04682,33.48428]],[[-119.04689,33.48536],[-119.04689,33.48533],[-119.04687,33.48533],[-119.04689,33.48536]],[[-119.04691,33.4856],[-119.04693,33.4856],[-119.04693,33.48558],[-119.04691,33.4856]],[[-119.04719,33.48545],[-119.04706,33.48542],[-119.04694,33.48533],[-119.04713,33.48558],[-119.04719,33.48545]],[[-119.04698,33.48511],[-119.04698,33.48507],[-119.04696,33.48507],[-119.04698,33.48511]],[[-119.04696,33.48515],[-119.04696,33.48516],[-119.047,33.48515],[-119.04696,33.48515]],[[-119.04702,33.48513],[-119.047,33.48513],[-119.047,33.48515],[-119.04702,33.48513]],[[-119.047,33.48502],[-119.047,33.48504],[-119.04703,33.48504],[-119.047,33.48502]],[[-119.04704,33.48529],[-119.04704,33.48531],[-119.04707,33.48531],[-119.04704,33.48529]],[[-119.04702,33.48533],[-119.04704,33.48533],[-119.04704,33.48531],[-119.04702,33.48533]],[[-119.04709,33.48488],[-119.04703,33.48488],[-119.04703,33.48489],[-119.04709,33.48488]],[[-119.04709,33.48518],[-119.04709,33.48515],[-119.04705,33.48515],[-119.04709,33.48518]],[[-119.04706,33.48556],[-119.04708,33.48556],[-119.04708,33.48554],[-119.04706,33.48556]],[[-119.04709,33.48497],[-119.04711,33.48497],[-119.04711,33.48493],[-119.04709,33.48497]],[[-119.04713,33.48493],[-119.04713,33.48491],[-119.04711,33.48491],[-119.04713,33.48493]],[[-119.04711,33.48489],[-119.04709,33.48489],[-119.04711,33.48491],[-119.04711,33.48489]],[[-119.04709,33.48527],[-119.04709,33.48531],[-119.04713,33.48529],[-119.04709,33.48527]],[[-119.04713,33.4854],[-119.04711,33.4854],[-119.04711,33.48542],[-119.04713,33.4854]],[[-119.04715,33.48518],[-119.04717,33.48518],[-119.04717,33.48517],[-119.04715,33.48518]],[[-119.04715,33.47972],[-119.04722,33.47972],[-119.04722,33.47966],[-119.04715,33.47972]],[[-119.04724,33.47974],[-119.04724,33.47972],[-119.04722,33.47972],[-119.04724,33.47974]],[[-119.04718,33.4845],[-119.04716,33.4845],[-119.04716,33.48452],[-119.04718,33.4845]],[[-119.04718,33.48504],[-119.04718,33.48506],[-119.0472,33.48506],[-119.04718,33.48504]],[[-119.04725,33.48448],[-119.04723,33.48448],[-119.04723,33.4845],[-119.04725,33.48448]],[[-119.04728,33.48504],[-119.04728,33.485],[-119.04724,33.485],[-119.04728,33.48504]],[[-119.04724,33.48493],[-119.04724,33.48495],[-119.04726,33.48495],[-119.04724,33.48493]],[[-119.04735,33.48522],[-119.04735,33.48524],[-119.04737,33.48524],[-119.04735,33.48522]],[[-119.04732,33.48517],[-119.04726,33.4852],[-119.04735,33.48522],[-119.04732,33.48517]],[[-119.0473,33.48553],[-119.04732,33.48555],[-119.04732,33.48553],[-119.0473,33.48553]],[[-119.04726,33.48549],[-119.04726,33.48553],[-119.0473,33.48553],[-119.04726,33.48549]],[[-119.04734,33.48551],[-119.04732,33.48551],[-119.04732,33.48553],[-119.04734,33.48551]],[[-119.04743,33.48522],[-119.04728,33.48529],[-119.04732,33.48538],[-119.0475,33.48526],[-119.04758,33.4853],[-119.04743,33.48504],[-119.04728,33.48508],[-119.04743,33.48511],[-119.04743,33.48522]],[[-119.04733,33.47977],[-119.04728,33.47977],[-119.04728,33.47979],[-119.04733,33.47977]],[[-119.0473,33.48524],[-119.04732,33.48524],[-119.04732,33.48522],[-119.0473,33.48524]],[[-119.04728,33.48527],[-119.0473,33.48527],[-119.0473,33.48524],[-119.04728,33.48527]],[[-119.04737,33.48538],[-119.04739,33.48538],[-119.04739,33.48537],[-119.04737,33.48538]],[[-119.04737,33.48515],[-119.04737,33.48517],[-119.04741,33.48517],[-119.04737,33.48515]],[[-119.0474,33.48436],[-119.04742,33.48436],[-119.04742,33.48434],[-119.0474,33.48436]],[[-119.04743,33.48535],[-119.04743,33.48533],[-119.04741,33.48533],[-119.04743,33.48535]],[[-119.04754,33.48506],[-119.04748,33.48502],[-119.04748,33.48508],[-119.04754,33.48506]],[[-119.04756,33.48506],[-119.04756,33.48508],[-119.04758,33.48506],[-119.04756,33.48506]],[[-119.04754,33.48508],[-119.04756,33.4851],[-119.04756,33.48508],[-119.04754,33.48508]],[[-119.04761,33.48504],[-119.04758,33.48504],[-119.04758,33.48506],[-119.04761,33.48504]],[[-119.04756,33.48502],[-119.04758,33.48502],[-119.04758,33.48501],[-119.04756,33.48502]],[[-119.04763,33.48508],[-119.04765,33.48508],[-119.04765,33.48503],[-119.04763,33.48508]],[[-119.04765,33.48515],[-119.04765,33.48512],[-119.04763,33.48512],[-119.04765,33.48515]],[[-119.04771,33.4851],[-119.04773,33.4851],[-119.04773,33.48508],[-119.04771,33.4851]],[[-119.04778,33.48524],[-119.04778,33.48522],[-119.04775,33.48522],[-119.04778,33.48524]],[[-119.04778,33.48091],[-119.04778,33.48089],[-119.04776,33.48089],[-119.04778,33.48091]],[[-119.0479,33.48403],[-119.0479,33.48407],[-119.04803,33.48411],[-119.04801,33.48402],[-119.0479,33.48403]],[[-119.04792,33.48005],[-119.04792,33.48007],[-119.04795,33.48007],[-119.04792,33.48005]],[[-119.04796,33.48044],[-119.04796,33.48041],[-119.04792,33.48043],[-119.04796,33.48044]],[[-119.04794,33.48402],[-119.04796,33.48402],[-119.04796,33.484],[-119.04794,33.48402]],[[-119.04797,33.48496],[-119.04797,33.48497],[-119.04799,33.48497],[-119.04797,33.48496]],[[-119.04798,33.48418],[-119.04798,33.4842],[-119.04802,33.4842],[-119.04798,33.48418]],[[-119.04804,33.48494],[-119.04804,33.48492],[-119.04802,33.48492],[-119.04804,33.48494]],[[-119.04802,33.4849],[-119.04799,33.4849],[-119.04802,33.48492],[-119.04802,33.4849]],[[-119.04801,33.48014],[-119.04803,33.48014],[-119.04803,33.48012],[-119.04801,33.48014]],[[-119.04804,33.48487],[-119.04802,33.48487],[-119.04802,33.48488],[-119.04804,33.48487]],[[-119.04805,33.48008],[-119.04805,33.4801],[-119.0481,33.48012],[-119.04805,33.48008]],[[-119.04816,33.48019],[-119.04816,33.48018],[-119.04814,33.48018],[-119.04816,33.48019]],[[-119.04805,33.48014],[-119.04805,33.48017],[-119.04814,33.48018],[-119.04805,33.48014]],[[-119.04818,33.48054],[-119.04818,33.48052],[-119.04815,33.48052],[-119.04818,33.48054]],[[-119.04809,33.48043],[-119.04809,33.4805],[-119.04805,33.48055],[-119.04815,33.48052],[-119.04809,33.48043]],[[-119.04817,33.48469],[-119.04811,33.48469],[-119.04808,33.48478],[-119.04817,33.48469]],[[-119.04809,33.48456],[-119.04808,33.48458],[-119.04811,33.48458],[-119.04809,33.48456]],[[-119.04818,33.48061],[-119.0482,33.48057],[-119.04809,33.48055],[-119.04818,33.48061]],[[-119.04822,33.48068],[-119.04822,33.48065],[-119.04811,33.48064],[-119.04811,33.48068],[-119.04822,33.48068]],[[-119.04816,33.47994],[-119.04816,33.47992],[-119.04812,33.47992],[-119.04816,33.47994]],[[-119.04814,33.47989],[-119.04812,33.47989],[-119.04812,33.4799],[-119.04814,33.47989]],[[-119.04817,33.48485],[-119.04817,33.48487],[-119.04821,33.48487],[-119.04817,33.48485]],[[-119.04812,33.4849],[-119.04817,33.4849],[-119.04817,33.48487],[-119.04812,33.4849]],[[-119.04819,33.48458],[-119.04819,33.48456],[-119.04813,33.48456],[-119.04819,33.48458]],[[-119.04822,33.48438],[-119.04819,33.48438],[-119.04819,33.4844],[-119.04822,33.48438]],[[-119.04824,33.48425],[-119.04826,33.4842],[-119.0482,33.4842],[-119.04824,33.48425]],[[-119.04823,33.48471],[-119.04821,33.48471],[-119.04821,33.48472],[-119.04823,33.48471]],[[-119.04832,33.48435],[-119.04832,33.48433],[-119.04828,33.48433],[-119.04832,33.48435]],[[-119.04826,33.48431],[-119.04826,33.48433],[-119.04828,33.48433],[-119.04826,33.48431]],[[-119.04822,33.48436],[-119.04826,33.48438],[-119.04826,33.48433],[-119.04822,33.48436]],[[-119.04823,33.48474],[-119.04823,33.48476],[-119.04825,33.48476],[-119.04823,33.48474]],[[-119.04828,33.48453],[-119.04824,33.48456],[-119.04826,33.48456],[-119.04828,33.48453]],[[-119.04826,33.48442],[-119.04828,33.48442],[-119.04828,33.4844],[-119.04826,33.48442]],[[-119.04826,33.4846],[-119.04826,33.48465],[-119.04832,33.48462],[-119.0483,33.48454],[-119.04826,33.4846]],[[-119.04834,33.48451],[-119.04834,33.48453],[-119.04837,33.48453],[-119.04837,33.48451],[-119.04834,33.48451]],[[-119.04841,33.48438],[-119.04828,33.48445],[-119.04837,33.48451],[-119.04841,33.48438]],[[-119.04831,33.4802],[-119.04829,33.4802],[-119.04829,33.48021],[-119.04831,33.4802]],[[-119.04835,33.48435],[-119.04832,33.48438],[-119.04839,33.48438],[-119.04835,33.48435]],[[-119.04836,33.4846],[-119.04834,33.4846],[-119.04834,33.48462],[-119.04836,33.4846]],[[-119.04837,33.48057],[-119.04837,33.48059],[-119.04843,33.48059],[-119.04837,33.48057]],[[-119.04852,33.48445],[-119.04843,33.48451],[-119.04851,33.48462],[-119.0486,33.48456],[-119.04852,33.48445]],[[-119.04846,33.48052],[-119.04848,33.48052],[-119.04848,33.4805],[-119.04846,33.48052]],[[-119.04849,33.48119],[-119.04849,33.48115],[-119.04847,33.48115],[-119.04849,33.48119]],[[-119.0485,33.48213],[-119.04848,33.48213],[-119.04848,33.48215],[-119.0485,33.48213]],[[-119.0485,33.48056],[-119.04848,33.48056],[-119.04848,33.48058],[-119.0485,33.48056]],[[-119.04854,33.48435],[-119.04854,33.48433],[-119.04852,33.48433],[-119.04854,33.48435]],[[-119.04859,33.48411],[-119.04854,33.48411],[-119.04854,33.48413],[-119.04859,33.48411]],[[-119.04854,33.48052],[-119.04854,33.48054],[-119.04856,33.48054],[-119.04854,33.48052]],[[-119.04858,33.48438],[-119.0486,33.48438],[-119.0486,33.48437],[-119.04858,33.48438]],[[-119.04856,33.4844],[-119.04858,33.4844],[-119.04858,33.48438],[-119.04856,33.4844]],[[-119.04854,33.48442],[-119.04856,33.48442],[-119.04856,33.4844],[-119.04854,33.48442]],[[-119.04856,33.48435],[-119.04856,33.48437],[-119.04858,33.48437],[-119.04856,33.48435]],[[-119.04871,33.48103],[-119.04856,33.48097],[-119.04856,33.48103],[-119.04864,33.48105],[-119.04871,33.48103]],[[-119.04859,33.48052],[-119.04861,33.48052],[-119.04861,33.4805],[-119.04859,33.48052]],[[-119.04862,33.48449],[-119.0486,33.48449],[-119.0486,33.48451],[-119.04862,33.48449]],[[-119.04863,33.48437],[-119.04863,33.48435],[-119.0486,33.48435],[-119.04863,33.48437]],[[-119.04862,33.48117],[-119.04862,33.48115],[-119.0486,33.48115],[-119.04862,33.48117]],[[-119.04867,33.48453],[-119.04867,33.48449],[-119.04862,33.48451],[-119.04867,33.48453]],[[-119.04874,33.4841],[-119.04871,33.4841],[-119.04871,33.48411],[-119.04874,33.4841]],[[-119.04875,33.48292],[-119.04875,33.48294],[-119.04877,33.48292],[-119.04875,33.48292]],[[-119.04879,33.48291],[-119.04877,33.48291],[-119.04877,33.48292],[-119.04879,33.48291]],[[-119.04937,33.4813],[-119.04941,33.4814],[-119.0492,33.48138],[-119.04901,33.48121],[-119.04888,33.48123],[-119.04892,33.48136],[-119.04877,33.48132],[-119.04896,33.48157],[-119.0492,33.48152],[-119.04909,33.48137],[-119.04922,33.48147],[-119.04933,33.48141],[-119.04965,33.48151],[-119.04946,33.48129],[-119.04937,33.4813]],[[-119.04948,33.48127],[-119.04946,33.48127],[-119.04946,33.48129],[-119.04948,33.48127]],[[-119.04879,33.48294],[-119.04879,33.48296],[-119.04881,33.48296],[-119.04879,33.48294]],[[-119.04891,33.48421],[-119.04889,33.48421],[-119.04888,33.48422],[-119.04891,33.48421]],[[-119.04892,33.48292],[-119.0489,33.48292],[-119.0489,33.48296],[-119.04892,33.48292]],[[-119.04893,33.48381],[-119.04891,33.48388],[-119.049,33.48386],[-119.04893,33.48381]],[[-119.04894,33.48341],[-119.04894,33.48339],[-119.04892,33.48339],[-119.04894,33.48341]],[[-119.04894,33.48289],[-119.04892,33.48289],[-119.04892,33.48291],[-119.04894,33.48289]],[[-119.04896,33.48352],[-119.049,33.48352],[-119.04894,33.48347],[-119.04896,33.48352]],[[-119.04894,33.48294],[-119.04896,33.48294],[-119.04896,33.48293],[-119.04894,33.48294]],[[-119.04897,33.48087],[-119.04897,33.48085],[-119.04895,33.48085],[-119.04897,33.48087]],[[-119.04898,33.48357],[-119.04896,33.48357],[-119.04896,33.48359],[-119.04898,33.48357]],[[-119.04898,33.48321],[-119.04898,33.4832],[-119.04896,33.4832],[-119.04898,33.48321]],[[-119.04898,33.48312],[-119.04896,33.48312],[-119.04896,33.48316],[-119.04898,33.48312]],[[-119.04899,33.4843],[-119.04897,33.4843],[-119.04897,33.48431],[-119.04899,33.4843]],[[-119.049,33.48361],[-119.049,33.48359],[-119.04898,33.48359],[-119.049,33.48361]],[[-119.04902,33.48361],[-119.04904,33.48361],[-119.04904,33.48358],[-119.04902,33.48361]],[[-119.04905,33.48085],[-119.04905,33.48083],[-119.04903,33.48083],[-119.04905,33.48085]],[[-119.04908,33.48406],[-119.04908,33.48403],[-119.04904,33.48404],[-119.04908,33.48406]],[[-119.04908,33.48415],[-119.04908,33.48413],[-119.04906,33.48413],[-119.04908,33.48415]],[[-119.04912,33.48114],[-119.04907,33.48114],[-119.04907,33.48116],[-119.04912,33.48114]],[[-119.04912,33.48294],[-119.04909,33.48294],[-119.04909,33.48296],[-119.04912,33.48294]],[[-119.04909,33.48166],[-119.04909,33.48168],[-119.04911,33.48168],[-119.04909,33.48166]],[[-119.04909,33.48309],[-119.04909,33.48311],[-119.04918,33.48311],[-119.04918,33.48304],[-119.04909,33.48309]],[[-119.0492,33.48313],[-119.0492,33.48311],[-119.04918,33.48311],[-119.0492,33.48313]],[[-119.0491,33.48408],[-119.04912,33.48408],[-119.04912,33.48406],[-119.0491,33.48408]],[[-119.04915,33.48358],[-119.04911,33.48358],[-119.04911,33.48359],[-119.04915,33.48358]],[[-119.04913,33.48356],[-119.04913,33.48354],[-119.04911,33.48354],[-119.04913,33.48356]],[[-119.04911,33.4817],[-119.04917,33.48172],[-119.04917,33.4817],[-119.04911,33.4817]],[[-119.04912,33.48412],[-119.04912,33.48414],[-119.04914,33.48414],[-119.04912,33.48412]],[[-119.04914,33.4828],[-119.04912,33.48289],[-119.04931,33.48291],[-119.04914,33.4828]],[[-119.04913,33.48159],[-119.04915,33.48168],[-119.04932,33.48165],[-119.04913,33.48159]],[[-119.04914,33.48421],[-119.04916,33.48421],[-119.04916,33.48419],[-119.04914,33.48421]],[[-119.04915,33.48202],[-119.04917,33.48202],[-119.04917,33.48199],[-119.04915,33.48202]],[[-119.04916,33.48125],[-119.0492,33.48125],[-119.04916,33.48118],[-119.04916,33.48125]],[[-119.04924,33.48179],[-119.04924,33.48175],[-119.04917,33.48175],[-119.04924,33.48179]],[[-119.04922,33.48359],[-119.04917,33.48361],[-119.04917,33.48363],[-119.04922,33.48359]],[[-119.0492,33.48316],[-119.0492,33.4832],[-119.04922,33.4832],[-119.0492,33.48316]],[[-119.04925,33.48244],[-119.04921,33.48244],[-119.04921,33.48246],[-119.04925,33.48244]],[[-119.04924,33.48356],[-119.04926,33.48356],[-119.04926,33.48354],[-119.04924,33.48356]],[[-119.04924,33.48318],[-119.04924,33.48322],[-119.04926,33.48322],[-119.04924,33.48318]],[[-119.04926,33.48367],[-119.04924,33.48367],[-119.04924,33.48369],[-119.04926,33.48367]],[[-119.04931,33.48257],[-119.04925,33.48257],[-119.04929,33.48262],[-119.04931,33.48257]],[[-119.04927,33.48248],[-119.04927,33.48246],[-119.04925,33.48246],[-119.04927,33.48248]],[[-119.04927,33.48239],[-119.04925,33.48239],[-119.04925,33.4824],[-119.04927,33.48239]],[[-119.04928,33.4837],[-119.04928,33.48369],[-119.04926,33.48369],[-119.04928,33.4837]],[[-119.04927,33.4828],[-119.04929,33.4828],[-119.04929,33.48278],[-119.04927,33.4828]],[[-119.0493,33.48354],[-119.04928,33.48354],[-119.04928,33.48356],[-119.0493,33.48354]],[[-119.0493,33.48376],[-119.04934,33.48376],[-119.04934,33.48374],[-119.0493,33.48376]],[[-119.04933,33.4832],[-119.04935,33.48314],[-119.04931,33.48314],[-119.04933,33.4832]],[[-119.04932,33.48217],[-119.04932,33.48219],[-119.04934,33.48219],[-119.04932,33.48217]],[[-119.04932,33.48172],[-119.04932,33.48174],[-119.04934,33.48174],[-119.04932,33.48172]],[[-119.04935,33.48123],[-119.04935,33.48121],[-119.04933,33.48121],[-119.04935,33.48123]],[[-119.04933,33.4826],[-119.04944,33.48275],[-119.04951,33.48264],[-119.04933,33.4826]],[[-119.04935,33.48112],[-119.04937,33.48112],[-119.04937,33.48111],[-119.04935,33.48112]],[[-119.04935,33.48116],[-119.04939,33.4812],[-119.04942,33.48112],[-119.04935,33.48116]],[[-119.04939,33.48138],[-119.04939,33.48136],[-119.04937,33.48136],[-119.04939,33.48138]],[[-119.04935,33.48134],[-119.04935,33.48136],[-119.04937,33.48136],[-119.04935,33.48134]],[[-119.04939,33.48313],[-119.04939,33.48311],[-119.04937,33.48311],[-119.04939,33.48313]],[[-119.0495,33.48149],[-119.04948,33.48149],[-119.04948,33.4815],[-119.0495,33.48149]],[[-119.04937,33.48147],[-119.04939,33.48152],[-119.04948,33.4815],[-119.04937,33.48147]],[[-119.04943,33.4838],[-119.04938,33.48379],[-119.04938,33.48381],[-119.04943,33.4838]],[[-119.04939,33.48181],[-119.04939,33.48183],[-119.04941,33.48183],[-119.04939,33.48181]],[[-119.04947,33.48181],[-119.0496,33.48183],[-119.04939,33.48165],[-119.04947,33.48181]],[[-119.04942,33.48084],[-119.04942,33.48082],[-119.0494,33.48082],[-119.04942,33.48084]],[[-119.04946,33.48089],[-119.04942,33.48087],[-119.04942,33.48091],[-119.04946,33.48089]],[[-119.0495,33.48159],[-119.04943,33.48161],[-119.04943,33.48167],[-119.04956,33.48165],[-119.0495,33.48159]],[[-119.04945,33.48376],[-119.04945,33.48378],[-119.04947,33.48378],[-119.04945,33.48376]],[[-119.04943,33.48374],[-119.04943,33.48376],[-119.04945,33.48376],[-119.04943,33.48374]],[[-119.04945,33.48367],[-119.04945,33.48365],[-119.04943,33.48365],[-119.04945,33.48367]],[[-119.04943,33.48206],[-119.04943,33.48208],[-119.04945,33.48208],[-119.04943,33.48206]],[[-119.04945,33.48185],[-119.04945,33.48186],[-119.04947,33.48186],[-119.04945,33.48185]],[[-119.04945,33.48381],[-119.04947,33.48381],[-119.04947,33.4838],[-119.04945,33.48381]],[[-119.0495,33.48114],[-119.0495,33.48113],[-119.04948,33.48113],[-119.0495,33.48114]],[[-119.04969,33.48183],[-119.04949,33.48188],[-119.04964,33.48192],[-119.04969,33.48183]],[[-119.04956,33.48174],[-119.04956,33.48176],[-119.04958,33.48176],[-119.04956,33.48174]],[[-119.04965,33.4812],[-119.04959,33.4812],[-119.04967,33.48127],[-119.04965,33.4812]],[[-119.04963,33.48132],[-119.04969,33.48138],[-119.04984,33.48138],[-119.04969,33.48127],[-119.04963,33.48132]],[[-119.04965,33.4817],[-119.04965,33.48172],[-119.04967,33.48172],[-119.04965,33.4817]],[[-119.04967,33.48174],[-119.04975,33.48176],[-119.04975,33.4817],[-119.04967,33.48174]],[[-119.04969,33.4816],[-119.04973,33.48169],[-119.04982,33.48167],[-119.04978,33.4816],[-119.04969,33.4816]],[[-119.04984,33.48158],[-119.0498,33.48149],[-119.04969,33.48147],[-119.04973,33.48149],[-119.049751429,33.481537143],[-119.04967,33.48151],[-119.04969,33.48158],[-119.049754227,33.481543299],[-119.04978,33.4816],[-119.04984,33.48158]],[[-119.04969,33.48167],[-119.04969,33.48169],[-119.04971,33.48169],[-119.04969,33.48167]],[[-119.04975,33.48181],[-119.04973,33.48181],[-119.04973,33.48183],[-119.04975,33.48181]],[[-119.04974,33.4812],[-119.04976,33.4812],[-119.04976,33.48116],[-119.04974,33.4812]],[[-119.04975,33.48178],[-119.04975,33.4818],[-119.04977,33.4818],[-119.04975,33.48178]],[[-119.04978,33.48125],[-119.04976,33.48125],[-119.04976,33.48127],[-119.04978,33.48125]],[[-119.04977,33.48181],[-119.04977,33.48185],[-119.0498,33.48185],[-119.04977,33.48181]],[[-119.0498,33.48122],[-119.0498,33.48124],[-119.04982,33.48124],[-119.0498,33.48122]],[[-119.04986,33.48142],[-119.04989,33.48142],[-119.04989,33.4814],[-119.04986,33.48142]],[[-119.04988,33.48187],[-119.04988,33.48189],[-119.0499,33.48189],[-119.04988,33.48187]],[[-119.04993,33.48147],[-119.04993,33.48149],[-119.04995,33.48149],[-119.04993,33.48147]],[[-119.04995,33.48113],[-119.04995,33.48115],[-119.04998,33.48115],[-119.04995,33.48113]],[[-119.05,33.48093],[-119.05,33.48091],[-119.04998,33.48091],[-119.05,33.48093]],[[-119.04999,33.48136],[-119.05002,33.48136],[-119.05002,33.48135],[-119.04999,33.48136]],[[-119.05002,33.48142],[-119.05002,33.48144],[-119.05004,33.48144],[-119.05002,33.48142]],[[-119.05004,33.48136],[-119.05004,33.4814],[-119.05017,33.4814],[-119.05004,33.48136]],[[-119.05012,33.48135],[-119.05015,33.48135],[-119.05015,33.48133],[-119.05012,33.48135]],[[-119.0503,33.48108],[-119.05034,33.48108],[-119.05034,33.48106],[-119.0503,33.48108]],[[-119.05032,33.48101],[-119.05032,33.48102],[-119.05036,33.48102],[-119.05032,33.48101]],[[-119.05043,33.48106],[-119.05045,33.48108],[-119.05045,33.48106],[-119.05043,33.48106]],[[-119.05039,33.48101],[-119.05036,33.48108],[-119.05043,33.48106],[-119.05039,33.48101]],[[-119.05047,33.48104],[-119.05045,33.48104],[-119.05045,33.48106],[-119.05047,33.48104]],[[-119.05043,33.48115],[-119.05041,33.48115],[-119.05041,33.48117],[-119.05043,33.48115]],[[-119.05051,33.48106],[-119.05051,33.48104],[-119.05049,33.48104],[-119.05051,33.48106]],[[-119.0506,33.48113],[-119.05058,33.48113],[-119.05058,33.48115],[-119.0506,33.48113]],[[-119.05067,33.48095],[-119.05071,33.48096],[-119.05071,33.48094],[-119.05067,33.48095]],[[-119.05071,33.4809],[-119.05069,33.4809],[-119.05069,33.48092],[-119.05071,33.4809]],[[-119.05075,33.48094],[-119.05075,33.48092],[-119.05071,33.48092],[-119.05075,33.48094]],[[-119.05088,33.48076],[-119.05088,33.48079],[-119.0509,33.48079],[-119.05088,33.48076]]],[[[-119.04526,33.47124],[-119.04532,33.47146],[-119.04517,33.47142],[-119.04519,33.47131],[-119.04508,33.47136],[-119.04504,33.47125],[-119.04487,33.47124],[-119.04489,33.47115],[-119.04444,33.47114],[-119.04435,33.47123],[-119.04441,33.47145],[-119.04426,33.47148],[-119.04422,33.47141],[-119.04433,33.47141],[-119.04424,33.4713],[-119.04429,33.47112],[-119.04412,33.47074],[-119.04414,33.47065],[-119.04425,33.47076],[-119.04444,33.47069],[-119.04434,33.47062],[-119.04427,33.47069],[-119.04417,33.47051],[-119.0443,33.4706],[-119.04451,33.47056],[-119.04459,33.47073],[-119.04472,33.47066],[-119.04468,33.47048],[-119.04483,33.47064],[-119.04494,33.47059],[-119.045,33.47066],[-119.0449,33.47066],[-119.04487,33.47075],[-119.045,33.47077],[-119.04496,33.47089],[-119.04504,33.47093],[-119.04498,33.47116],[-119.04526,33.47124]],[[-119.04427,33.47063],[-119.04429,33.47063],[-119.0443,33.4706],[-119.04427,33.47063]],[[-119.04485,33.47077],[-119.04487,33.47077],[-119.04487,33.47075],[-119.04485,33.47077]],[[-119.04429,33.47078],[-119.04429,33.47076],[-119.04427,33.47076],[-119.04429,33.47078]],[[-119.04431,33.47076],[-119.04434,33.47076],[-119.04434,33.47074],[-119.04431,33.47076]],[[-119.04447,33.4706],[-119.04449,33.4706],[-119.04449,33.47058],[-119.04447,33.4706]],[[-119.04453,33.47067],[-119.04453,33.47065],[-119.04451,33.47065],[-119.04453,33.47067]],[[-119.04455,33.47075],[-119.04453,33.4708],[-119.04457,33.4708],[-119.04455,33.47075]],[[-119.04455,33.47073],[-119.04457,33.47073],[-119.04457,33.47071],[-119.04455,33.47073]],[[-119.04477,33.47077],[-119.0447,33.47078],[-119.0447,33.47089],[-119.04483,33.47095],[-119.04477,33.47077]],[[-119.04477,33.47073],[-119.04477,33.47075],[-119.04479,33.47075],[-119.04477,33.47073]],[[-119.04479,33.47077],[-119.04479,33.47078],[-119.04481,33.47078],[-119.04479,33.47077]],[[-119.04479,33.47071],[-119.04483,33.47071],[-119.04485,33.47066],[-119.04479,33.47071]],[[-119.04483,33.47078],[-119.04481,33.4708],[-119.04485,33.4708],[-119.04483,33.47078]],[[-119.04483,33.471],[-119.04485,33.471],[-119.04485,33.47096],[-119.04483,33.471]],[[-119.04489,33.47104],[-119.04487,33.47104],[-119.04487,33.47105],[-119.04489,33.47104]],[[-119.04492,33.47089],[-119.04491,33.47091],[-119.04494,33.47091],[-119.04492,33.47089]],[[-119.04496,33.47115],[-119.04493,33.47115],[-119.04493,33.47116],[-119.04496,33.47115]],[[-119.04496,33.47102],[-119.04496,33.47104],[-119.04498,33.47104],[-119.04496,33.47102]],[[-119.04494,33.471],[-119.04494,33.47102],[-119.04496,33.47102],[-119.04494,33.471]],[[-119.04498,33.4708],[-119.04498,33.47078],[-119.04496,33.47078],[-119.04498,33.4708]],[[-119.04496,33.47095],[-119.045,33.47095],[-119.04498,33.47091],[-119.04496,33.47095]],[[-119.04513,33.47127],[-119.0451,33.47127],[-119.0451,33.47131],[-119.04513,33.47127]],[[-119.04523,33.47135],[-119.04523,33.47136],[-119.04525,33.47136],[-119.04523,33.47135]]],[[[-119.0447,33.48489],[-119.04492,33.48491],[-119.04492,33.48502],[-119.0447,33.48502],[-119.04477,33.48509],[-119.04492,33.48504],[-119.04489,33.48515],[-119.04498,33.4852],[-119.04481,33.48518],[-119.04487,33.48531],[-119.04442,33.48512],[-119.04449,33.48498],[-119.04459,33.48505],[-119.04468,33.48502],[-119.0444,33.48475],[-119.04471,33.48477],[-119.0447,33.48489]],[[-119.04458,33.48478],[-119.04455,33.48478],[-119.04455,33.4848],[-119.04458,33.48478]],[[-119.04455,33.48513],[-119.04457,33.48513],[-119.04457,33.48511],[-119.04455,33.48513]],[[-119.04458,33.48482],[-119.04458,33.48484],[-119.0446,33.48484],[-119.04458,33.48482]],[[-119.0446,33.48487],[-119.04466,33.48487],[-119.04466,33.48484],[-119.0446,33.48487]],[[-119.04464,33.48478],[-119.04466,33.48478],[-119.04466,33.48477],[-119.04464,33.48478]],[[-119.04468,33.4848],[-119.04468,33.48478],[-119.04466,33.48478],[-119.04468,33.4848]],[[-119.0447,33.48493],[-119.04466,33.48493],[-119.04466,33.48495],[-119.0447,33.48493]],[[-119.04483,33.48509],[-119.04483,33.48511],[-119.04487,33.48511],[-119.04487,33.48507],[-119.04483,33.48509]],[[-119.04485,33.48516],[-119.04487,33.48516],[-119.04487,33.48515],[-119.04485,33.48516]],[[-119.04485,33.48493],[-119.04485,33.48495],[-119.04488,33.48495],[-119.04485,33.48493]]],[[[-119.04626,33.46493],[-119.04591,33.46507],[-119.04582,33.46522],[-119.04599,33.46524],[-119.04608,33.46562],[-119.04584,33.4657],[-119.04571,33.46554],[-119.04541,33.46556],[-119.04556,33.46565],[-119.04543,33.46568],[-119.0453,33.46559],[-119.04541,33.46554],[-119.04541,33.46547],[-119.0453,33.4655],[-119.04535,33.46539],[-119.04524,33.46546],[-119.04515,33.46539],[-119.04513,33.46527],[-119.04524,33.46525],[-119.04526,33.46514],[-119.04546,33.46523],[-119.04557,33.46509],[-119.04574,33.46513],[-119.04582,33.465],[-119.04602,33.465],[-119.04608,33.46491],[-119.04602,33.46484],[-119.04617,33.46477],[-119.04619,33.46462],[-119.04626,33.46493]],[[-119.0452,33.46528],[-119.0452,33.46527],[-119.04515,33.46527],[-119.0452,33.46528]],[[-119.04528,33.4653],[-119.04528,33.46532],[-119.0453,33.46532],[-119.04528,33.4653]],[[-119.04545,33.46539],[-119.04537,33.46538],[-119.04537,33.46543],[-119.04545,33.46539]],[[-119.04547,33.46552],[-119.04547,33.4655],[-119.04545,33.4655],[-119.04547,33.46552]],[[-119.04545,33.46547],[-119.04543,33.46547],[-119.04545,33.4655],[-119.04545,33.46547]],[[-119.04552,33.46539],[-119.04548,33.46541],[-119.0455,33.46552],[-119.04552,33.46539]],[[-119.04556,33.4655],[-119.04556,33.46552],[-119.0456,33.46554],[-119.04556,33.4655]],[[-119.04554,33.46549],[-119.04554,33.4655],[-119.04556,33.4655],[-119.04554,33.46549]],[[-119.04567,33.46518],[-119.04567,33.4652],[-119.04569,33.4652],[-119.04567,33.46518]],[[-119.04589,33.46529],[-119.04591,33.4654],[-119.04595,33.4654],[-119.04589,33.46529]],[[-119.04608,33.46486],[-119.04608,33.46488],[-119.046106923,33.46488],[-119.04608,33.46495],[-119.04619,33.46493],[-119.04617,33.46482],[-119.04613,33.46482],[-119.046107551,33.464878367],[-119.04608,33.46486]],[[-119.04623,33.46491],[-119.04623,33.4649],[-119.04621,33.4649],[-119.04623,33.46491]]],[[[-119.05076,33.48045],[-119.05054,33.48034],[-119.05055,33.48025],[-119.05035,33.48023],[-119.05048,33.48045],[-119.05033,33.48052],[-119.05041,33.48063],[-119.05017,33.48072],[-119.05002,33.48068],[-119.05007,33.48055],[-119.04979,33.48055],[-119.04983,33.4807],[-119.04966,33.48075],[-119.04962,33.48053],[-119.04981,33.48023],[-119.04956,33.48008],[-119.04941,33.47977],[-119.04958,33.47986],[-119.0496,33.48004],[-119.04984,33.48006],[-119.04986,33.48017],[-119.0499,33.48014],[-119.04982,33.47997],[-119.05005,33.4801],[-119.05048,33.47998],[-119.05076,33.48045]],[[-119.05031,33.4805],[-119.05031,33.48052],[-119.05033,33.48052],[-119.05031,33.4805]],[[-119.04977,33.48053],[-119.04977,33.48055],[-119.04979,33.48055],[-119.04977,33.48053]],[[-119.04997,33.48012],[-119.0499,33.48012],[-119.0499,33.48014],[-119.04997,33.48012]],[[-119.04972,33.48055],[-119.04972,33.48057],[-119.04977,33.48057],[-119.04972,33.48055]],[[-119.0497,33.48059],[-119.04972,33.48059],[-119.04972,33.48057],[-119.0497,33.48059]],[[-119.04977,33.48042],[-119.04977,33.48044],[-119.04979,33.48044],[-119.04977,33.48042]],[[-119.04983,33.48039],[-119.04983,33.48037],[-119.04979,33.48037],[-119.04983,33.48039]],[[-119.04979,33.48068],[-119.04981,33.48068],[-119.04981,33.48066],[-119.04979,33.48068]],[[-119.04992,33.48048],[-119.05009,33.48044],[-119.05007,33.48037],[-119.04983,33.48041],[-119.04992,33.48048]],[[-119.04988,33.48024],[-119.04984,33.48024],[-119.04986,33.48028],[-119.04988,33.48024]],[[-119.05016,33.48039],[-119.05016,33.48041],[-119.0502,33.48041],[-119.05016,33.48039]],[[-119.05027,33.4803],[-119.05027,33.48028],[-119.05024,33.48028],[-119.05027,33.4803]],[[-119.05024,33.48064],[-119.05024,33.48066],[-119.05026,33.48066],[-119.05024,33.48064]],[[-119.05026,33.48046],[-119.05026,33.48048],[-119.05028,33.48048],[-119.05026,33.48046]],[[-119.05033,33.48046],[-119.05031,33.48046],[-119.05031,33.48048],[-119.05033,33.48046]],[[-119.05065,33.48032],[-119.05065,33.48029],[-119.05061,33.4803],[-119.05065,33.48032]]]]},"properties":{"id":"sbisland-kelp-canopy-2016","name":"Santa Barbara Is. kelp canopy (2016 survey)","className":"Kelp Canopy","year":2016,"areaKm2":0.24}}]}