{"type":"FeatureCollection","features":[{"type":"Feature","properties":{"id":"sannicolas-kelp-canopy","name":"San Nicolas Is. recent kelp canopy","className":"Kelp Canopy"},"geometry":{"type":"MultiPolygon","coordinates":[[[[-119.60836,33.26107],[-119.60868,33.26134],[-119.60836,33.26134],[-119.60836,33.26107]]],[[[-119.61705,33.26116],[-119.61737,33.26143],[-119.61705,33.26143],[-119.61705,33.26116]]],[[[-119.60282,33.25902],[-119.60443,33.259],[-119.60508,33.25925],[-119.60509,33.26006],[-119.60542,33.25951],[-119.60543,33.26033],[-119.60477,33.26007],[-119.6048,33.26088],[-119.60513,33.2606],[-119.60577,33.26086],[-119.60639,33.26004],[-119.60673,33.26084],[-119.60706,33.26056],[-119.60802,33.26081],[-119.60772,33.26163],[-119.60806,33.26217],[-119.60741,33.26163],[-119.60708,33.26164],[-119.6071,33.26245],[-119.60776,33.26299],[-119.6068,33.263],[-119.60615,33.26247],[-119.60616,33.26329],[-119.60584,33.26329],[-119.60582,33.26248],[-119.60553,33.26384],[-119.60393,33.26387],[-119.6039,33.26279],[-119.60454,33.26278],[-119.60485,33.26223],[-119.6045,33.26115],[-119.60419,33.26225],[-119.60258,33.26201],[-119.6026,33.26255],[-119.60195,33.26256],[-119.60162,33.26203],[-119.60069,33.26313],[-119.60035,33.2626],[-119.60036,33.26314],[-119.59938,33.26262],[-119.59903,33.26126],[-119.6003,33.26097],[-119.60095,33.26123],[-119.60222,33.2604],[-119.60282,33.25902]],[[-119.60481,33.26115],[-119.60481,33.26088],[-119.6048,33.26088],[-119.60481,33.26115]],[[-119.60096,33.2615],[-119.60096,33.26123],[-119.60095,33.26123],[-119.60096,33.2615]],[[-119.60258,33.26174],[-119.60257,33.26147],[-119.60257,33.26174],[-119.60258,33.26174]],[[-119.60255,33.2612],[-119.60256,33.26147],[-119.60257,33.26147],[-119.60255,33.2612]],[[-119.60347,33.25928],[-119.60349,33.25956],[-119.60348,33.25928],[-119.60347,33.25928]],[[-119.60254,33.26065],[-119.60255,33.26066],[-119.60255,33.26065],[-119.60254,33.26065]],[[-119.60253,33.26038],[-119.60254,33.26039],[-119.60254,33.26038],[-119.60253,33.26038]],[[-119.60252,33.26011],[-119.60253,33.26012],[-119.60253,33.26011],[-119.60252,33.26011]],[[-119.60739,33.26137],[-119.6074,33.26136],[-119.60739,33.26136],[-119.60739,33.26137]],[[-119.60738,33.2611],[-119.60739,33.26109],[-119.60738,33.26109],[-119.60738,33.2611]],[[-119.60518,33.26277],[-119.60519,33.26276],[-119.60518,33.26276],[-119.60518,33.26277]],[[-119.60643,33.26139],[-119.60645,33.26166],[-119.60644,33.26139],[-119.60643,33.26139]],[[-119.60642,33.26112],[-119.60642,33.26139],[-119.60643,33.26139],[-119.60642,33.26112]],[[-119.60641,33.26085],[-119.60641,33.26112],[-119.60642,33.26112],[-119.60641,33.26085]],[[-119.6064,33.26058],[-119.60641,33.26057],[-119.6064,33.26057],[-119.6064,33.26058]],[[-119.60707,33.26138],[-119.60708,33.26137],[-119.60707,33.26137],[-119.60707,33.26138]],[[-119.60614,33.26247],[-119.60612,33.26166],[-119.60611,33.26166],[-119.60612,33.26221],[-119.60614,33.26247]],[[-119.60549,33.26221],[-119.60548,33.26222],[-119.60549,33.26222],[-119.60549,33.26221]],[[-119.60517,33.26222],[-119.60516,33.26223],[-119.60517,33.26223],[-119.60517,33.26222]],[[-119.60517,33.26249],[-119.60518,33.2625],[-119.60518,33.26249],[-119.60517,33.26249]],[[-119.60711,33.26272],[-119.60712,33.26273],[-119.60712,33.26272],[-119.60711,33.26272]],[[-119.60351,33.26037],[-119.6035,33.26036],[-119.6035,33.26037],[-119.60351,33.26037]],[[-119.60316,33.25956],[-119.60316,33.26011],[-119.60318,33.26037],[-119.60316,33.25956]],[[-119.60287,33.26119],[-119.60288,33.26119],[-119.60286,33.26038],[-119.60287,33.26119]],[[-119.60444,33.25953],[-119.60445,33.25954],[-119.60445,33.25953],[-119.60444,33.25953]],[[-119.60445,33.26007],[-119.60446,33.26008],[-119.60446,33.26007],[-119.60445,33.26007]],[[-119.60349,33.26009],[-119.6035,33.2601],[-119.6035,33.26009],[-119.60349,33.26009]],[[-119.60417,33.26116],[-119.60416,33.26117],[-119.60417,33.26117],[-119.60417,33.26116]],[[-119.60321,33.26145],[-119.60322,33.26146],[-119.60322,33.26145],[-119.60321,33.26145]],[[-119.60417,33.26144],[-119.60418,33.26143],[-119.60417,33.26143],[-119.60417,33.26144]],[[-119.60354,33.26172],[-119.60355,33.26171],[-119.60354,33.26171],[-119.60354,33.26172]],[[-119.60322,33.26173],[-119.60323,33.26172],[-119.60322,33.26172],[-119.60322,33.26173]],[[-119.60423,33.26333],[-119.60424,33.26332],[-119.60423,33.26332],[-119.60423,33.26333]],[[-119.60067,33.26259],[-119.60065,33.26151],[-119.60063,33.26151],[-119.60067,33.26259]],[[-119.60128,33.26122],[-119.60127,33.26123],[-119.60128,33.26123],[-119.60128,33.26122]],[[-119.60223,33.26067],[-119.60222,33.26066],[-119.60222,33.26067],[-119.60223,33.26067]],[[-119.60225,33.26175],[-119.60226,33.26174],[-119.60225,33.26174],[-119.60225,33.26175]],[[-119.60033,33.26178],[-119.60032,33.26179],[-119.60033,33.26179],[-119.60033,33.26178]],[[-119.59936,33.26153],[-119.59935,33.26154],[-119.59936,33.26154],[-119.59936,33.26153]],[[-119.6003,33.26124],[-119.60031,33.26125],[-119.60031,33.26124],[-119.6003,33.26124]],[[-119.60031,33.26152],[-119.60032,33.26151],[-119.60031,33.26151],[-119.60031,33.26152]],[[-119.59936,33.26181],[-119.59937,33.2618],[-119.59936,33.2618],[-119.59936,33.26181]]],[[[-119.61513,33.26147],[-119.61545,33.26174],[-119.61513,33.26174],[-119.61513,33.26147]]],[[[-119.61158,33.26127],[-119.6119,33.26127],[-119.61191,33.26181],[-119.61192,33.26181],[-119.61191,33.26126],[-119.61287,33.26125],[-119.61161,33.26236],[-119.60969,33.26267],[-119.60966,33.26185],[-119.61158,33.26127]],[[-119.6116,33.26209],[-119.6116,33.26236],[-119.61161,33.26236],[-119.6116,33.26209]],[[-119.61128,33.26237],[-119.61129,33.26236],[-119.61128,33.26236],[-119.61128,33.26237]]],[[[-119.60806,33.26162],[-119.60902,33.2616],[-119.60902,33.26215],[-119.60807,33.26243],[-119.60806,33.26162]]],[[[-119.61481,33.26203],[-119.61386,33.26231],[-119.61417,33.26176],[-119.61481,33.26175],[-119.61481,33.26203]]],[[[-119.60841,33.26269],[-119.60967,33.26213],[-119.60969,33.26295],[-119.60841,33.26324],[-119.60841,33.26269]]],[[[-119.61389,33.26339],[-119.6142,33.26257],[-119.61581,33.26254],[-119.61645,33.26281],[-119.61389,33.26339]],[[-119.6142,33.26312],[-119.61421,33.26311],[-119.6142,33.26311],[-119.6142,33.26312]]],[[[-119.60681,33.26327],[-119.60713,33.26354],[-119.60681,33.26354],[-119.60681,33.26327]]],[[[-119.60909,33.26376],[-119.61002,33.26293],[-119.61066,33.26292],[-119.61035,33.2632],[-119.61133,33.26345],[-119.61164,33.26317],[-119.61198,33.26425],[-119.61134,33.26426],[-119.61101,33.26373],[-119.61102,33.26427],[-119.60909,33.26431],[-119.60909,33.26376]],[[-119.611,33.26345],[-119.611,33.26373],[-119.61101,33.26373],[-119.611,33.26345]],[[-119.61005,33.26375],[-119.61004,33.26374],[-119.61004,33.26375],[-119.61005,33.26375]],[[-119.61004,33.26348],[-119.61003,33.26347],[-119.61003,33.26348],[-119.61004,33.26348]]],[[[-119.6036,33.2636],[-119.60392,33.26388],[-119.6036,33.26388],[-119.6036,33.2636]]],[[[-119.60812,33.26379],[-119.60908,33.26377],[-119.60909,33.26431],[-119.6078,33.26433],[-119.60778,33.26324],[-119.60812,33.26379]]],[[[-119.61359,33.26394],[-119.61327,33.26422],[-119.61327,33.26394],[-119.61359,33.26394]]],[[[-119.61585,33.26416],[-119.61617,33.26443],[-119.61585,33.26443],[-119.61585,33.26416]]],[[[-119.60652,33.26436],[-119.60651,33.26381],[-119.60747,33.2638],[-119.60621,33.26491],[-119.60525,33.26493],[-119.60524,33.26438],[-119.60652,33.26436]]],[[[-119.60362,33.26442],[-119.6033,33.2647],[-119.6033,33.26442],[-119.60362,33.26442]]],[[[-119.61651,33.26442],[-119.6162,33.26497],[-119.61619,33.26442],[-119.61651,33.26442]]],[[[-119.6046,33.26494],[-119.60524,33.26466],[-119.60524,33.26493],[-119.6046,33.26494]]],[[[-119.60815,33.26514],[-119.60751,33.26542],[-119.60751,33.26514],[-119.60815,33.26514]]],[[[-119.61046,33.2667],[-119.61046,33.26670225806451],[-119.61045,33.26672],[-119.61013,33.26645],[-119.61043,33.26562],[-119.61107,33.26562],[-119.61046085235921,33.266700745814305],[-119.61046,33.2667]]],[[[-119.60851,33.26621],[-119.60851,33.2662],[-119.60883,33.2662],[-119.60851,33.26648],[-119.60851,33.26621]]],[[[-119.60786,33.26595],[-119.60851,33.26621],[-119.6082,33.26676],[-119.60786,33.26649],[-119.60786,33.26595]]],[[[-119.60979,33.26618],[-119.61012,33.26672],[-119.6098,33.26672],[-119.60979,33.26618]]],[[[-119.61046,33.26698],[-119.61046,33.26670225806451],[-119.61046085235921,33.266700745814305],[-119.61078,33.26698],[-119.61046,33.26698]]],[[[-119.61174,33.26669],[-119.61176,33.2675],[-119.61111,33.26751],[-119.61111,33.26696],[-119.61174,33.26669]]],[[[-119.61209,33.26777],[-119.61176,33.26695],[-119.6124,33.26694],[-119.61209,33.26777]]],[[[-119.61852,33.26735],[-119.61884,33.26762],[-119.61852,33.26762],[-119.61852,33.26735]]],[[[-119.60372,33.26794],[-119.60339,33.2674],[-119.60371,33.2674],[-119.60372,33.26794]]],[[[-119.60276,33.26768],[-119.60308,33.26768],[-119.60277,33.26823],[-119.60245,33.26823],[-119.60276,33.26768]]],[[[-119.60853,33.26675],[-119.60917,33.26674],[-119.60887,33.26755],[-119.60952,33.26781],[-119.60954,33.26863],[-119.60891,33.26918],[-119.60763,33.2692],[-119.60794,33.26866],[-119.6076,33.26812],[-119.60856,33.2681],[-119.60853,33.26675]],[[-119.60886,33.26701],[-119.60885,33.26701],[-119.60885,33.26702],[-119.60886,33.26701]],[[-119.60889,33.26864],[-119.6089,33.26864],[-119.6089,33.26863],[-119.60889,33.26864]],[[-119.60858,33.26865],[-119.60858,33.26864],[-119.60857,33.26864],[-119.60858,33.26865]],[[-119.60859,33.26892],[-119.60859,33.26891],[-119.60858,33.26891],[-119.60859,33.26892]]],[[[-119.60954,33.26835],[-119.60987,33.26889],[-119.60955,33.26889],[-119.60954,33.26835]]],[[[-119.60696,33.26841],[-119.60665,33.26896],[-119.60601,33.26869],[-119.60632,33.26842],[-119.60696,33.26841]]],[[[-119.60761,33.26867],[-119.60762,33.26921],[-119.60698,33.26922],[-119.60697,33.26867],[-119.60761,33.26867]]],[[[-119.60602,33.26897],[-119.6057,33.26925],[-119.6057,33.26897],[-119.60602,33.26897]]],[[[-119.60441,33.269],[-119.60442,33.26955],[-119.60377,33.26929],[-119.60375,33.26874],[-119.60441,33.269]]],[[[-119.60536,33.26871],[-119.60571,33.26979],[-119.60474,33.26981],[-119.60536,33.26871]]],[[[-119.61279,33.26964],[-119.61214,33.26937],[-119.61279,33.26937],[-119.61279,33.26964]]],[[[-119.60413,33.27063],[-119.60445,33.2709],[-119.60413,33.2709],[-119.60413,33.27063]]],[[[-119.60349,33.27092],[-119.60284,33.27065],[-119.60349,33.27065],[-119.60349,33.27092]]],[[[-119.60382,33.2709],[-119.60414,33.27118],[-119.60382,33.27118],[-119.60382,33.2709]]],[[[-119.60127,33.27204],[-119.60126,33.27123],[-119.60287,33.27147],[-119.60192,33.2723],[-119.60127,33.27204]]],[[[-119.60583,33.27384],[-119.60552,33.27439],[-119.60551,33.27384],[-119.60583,33.27384]]],[[[-119.60585,33.27411],[-119.60617,33.27438],[-119.60585,33.27438],[-119.60585,33.27411]]],[[[-119.61101,33.27427],[-119.61133,33.27454],[-119.61101,33.27454],[-119.61101,33.27427]]],[[[-119.60619,33.27519],[-119.60556,33.27547],[-119.60555,33.27493],[-119.60619,33.27519]]],[[[-119.60724,33.27759],[-119.60821,33.27785],[-119.60821,33.27812],[-119.60822,33.27812],[-119.6082,33.27731],[-119.60786,33.27731],[-119.60784,33.27623],[-119.60717,33.27544],[-119.60749,33.27516],[-119.60746,33.27408],[-119.60747,33.27489],[-119.60714,33.27435],[-119.60649,33.27437],[-119.6068,33.27355],[-119.60645,33.27248],[-119.60549,33.27304],[-119.60551,33.27385],[-119.60486,33.27359],[-119.60452,33.27306],[-119.60484,33.27251],[-119.60417,33.27225],[-119.60447,33.27116],[-119.60604,33.26978],[-119.6067,33.27031],[-119.60674,33.27193],[-119.60673,33.27111],[-119.60771,33.27191],[-119.60741,33.27273],[-119.60838,33.27244],[-119.60967,33.27295],[-119.60903,33.27323],[-119.60904,33.27351],[-119.6097,33.27376],[-119.61001,33.27321],[-119.61002,33.27402],[-119.61099,33.27401],[-119.61102,33.27509],[-119.61168,33.27561],[-119.61233,33.2756],[-119.61234,33.27641],[-119.61267,33.27613],[-119.61269,33.27694],[-119.61334,33.2772],[-119.61337,33.27817800000028],[-119.61337,33.27828],[-119.61337304705003,33.27827733383123],[-119.61339,33.27883],[-119.61307,33.27883],[-119.61307,33.27856],[-119.61305,33.27856],[-119.61275,33.27911],[-119.61278,33.28019],[-119.61311,33.27991],[-119.61345,33.28099],[-119.6125,33.28127],[-119.61247,33.28046],[-119.61185,33.2813],[-119.61057,33.28159],[-119.60992,33.28106],[-119.60929,33.28188],[-119.60925,33.28026],[-119.60828,33.28055],[-119.60792,33.27893],[-119.60823,33.27839],[-119.60725,33.27814],[-119.60724,33.27759]],[[-119.61242,33.27857],[-119.61274,33.27857],[-119.61304,33.27802],[-119.61208,33.27804],[-119.61239,33.27749],[-119.61206,33.2775],[-119.61203,33.27669],[-119.61142,33.27778],[-119.61211,33.27912],[-119.61275,33.27911],[-119.61242,33.27857]],[[-119.61246,33.28019],[-119.61246,33.28046],[-119.61247,33.28046],[-119.61246,33.28019]],[[-119.61056,33.28077],[-119.61054,33.28077],[-119.61057,33.28159],[-119.61056,33.28077]],[[-119.60924,33.27999],[-119.60924,33.28026],[-119.60925,33.28026],[-119.60924,33.27999]],[[-119.60923,33.27972],[-119.60923,33.27999],[-119.60924,33.27999],[-119.60923,33.27972]],[[-119.60921,33.27945],[-119.60922,33.27972],[-119.60923,33.27972],[-119.60921,33.27945]],[[-119.60644,33.27248],[-119.60643,33.27221],[-119.60643,33.27248],[-119.60644,33.27248]],[[-119.60641,33.27193],[-119.60642,33.27221],[-119.60643,33.27221],[-119.60641,33.27193]],[[-119.60511,33.27088],[-119.60511,33.27142],[-119.60513,33.27142],[-119.60511,33.27088]],[[-119.60806,33.27298],[-119.60808,33.27325],[-119.60807,33.27298],[-119.60806,33.27298]],[[-119.60741,33.273],[-119.60742,33.27299],[-119.60741,33.27299],[-119.60741,33.273]],[[-119.61013,33.27754],[-119.61015,33.27781],[-119.61014,33.27754],[-119.61013,33.27754]],[[-119.61012,33.27727],[-119.61012,33.27754],[-119.61013,33.27754],[-119.61012,33.27727]],[[-119.61012,33.27673],[-119.6101,33.27673],[-119.61012,33.27727],[-119.61012,33.27673]],[[-119.6101,33.27646],[-119.61009,33.27645],[-119.61009,33.27646],[-119.6101,33.27646]],[[-119.61009,33.27619],[-119.61008,33.27618],[-119.61008,33.27619],[-119.61009,33.27619]],[[-119.61038,33.2751],[-119.60941,33.27485],[-119.60941,33.27512],[-119.61038,33.2751]],[[-119.61005,33.27457],[-119.61004,33.27456],[-119.61004,33.27457],[-119.61005,33.27457]],[[-119.61004,33.2743],[-119.61003,33.27429],[-119.61003,33.2743],[-119.61004,33.2743]],[[-119.61072,33.27591],[-119.6104,33.27591],[-119.61042,33.27672],[-119.61106,33.27617],[-119.61105,33.27589],[-119.61073,33.2759],[-119.61071,33.27509],[-119.61069,33.27509],[-119.61072,33.27591]],[[-119.61105,33.27563],[-119.61104,33.27562],[-119.61104,33.27563],[-119.61105,33.27563]],[[-119.61103,33.27536],[-119.61104,33.27535],[-119.61103,33.27535],[-119.61103,33.27536]],[[-119.61035,33.27429],[-119.61036,33.27428],[-119.61035,33.27428],[-119.61035,33.27429]],[[-119.61171,33.27669],[-119.61172,33.2767],[-119.61172,33.27669],[-119.61171,33.27669]],[[-119.61244,33.27966],[-119.61245,33.27965],[-119.61244,33.27965],[-119.61244,33.27966]],[[-119.61118,33.27995],[-119.61115,33.27914],[-119.61114,33.27914],[-119.61116,33.27995],[-119.61118,33.27995]],[[-119.6105,33.27943],[-119.61051,33.27942],[-119.6105,33.27942],[-119.6105,33.27943]],[[-119.61143,33.27805],[-119.61146,33.27859],[-119.61144,33.27805],[-119.61143,33.27805]],[[-119.61146,33.27886],[-119.61147,33.27913],[-119.61147,33.27886],[-119.61146,33.27886]],[[-119.61078,33.27752],[-119.61077,33.27753],[-119.61078,33.27753],[-119.61078,33.27752]],[[-119.61108,33.27724],[-119.61109,33.27725],[-119.61109,33.27724],[-119.61108,33.27724]],[[-119.61076,33.27725],[-119.61077,33.27726],[-119.61077,33.27725],[-119.61076,33.27725]],[[-119.61078,33.27779],[-119.61079,33.2778],[-119.61079,33.27779],[-119.61078,33.27779]],[[-119.61271,33.27775],[-119.61272,33.27776],[-119.61272,33.27775],[-119.61271,33.27775]],[[-119.61179,33.27885],[-119.61178,33.27886],[-119.61179,33.27886],[-119.61179,33.27885]],[[-119.6105,33.27916],[-119.61082,33.27887],[-119.61049,33.27888],[-119.6105,33.27916]],[[-119.61151,33.28049],[-119.6115,33.28048],[-119.6115,33.28049],[-119.61151,33.28049]],[[-119.61086,33.2805],[-119.61088,33.28077],[-119.61087,33.2805],[-119.61086,33.2805]],[[-119.61086,33.28023],[-119.61085,33.27996],[-119.61085,33.28023],[-119.61086,33.28023]],[[-119.61054,33.28051],[-119.61053,33.2805],[-119.61053,33.28051],[-119.61054,33.28051]],[[-119.6115,33.27995],[-119.61149,33.27994],[-119.61149,33.27995],[-119.6115,33.27995]],[[-119.61245,33.27992],[-119.61246,33.27993],[-119.61246,33.27992],[-119.61245,33.27992]],[[-119.61151,33.28075],[-119.61152,33.28076],[-119.61152,33.28075],[-119.61151,33.28075]],[[-119.60909,33.27458],[-119.60909,33.2754],[-119.60911,33.2754],[-119.60909,33.27458]],[[-119.60809,33.27379],[-119.60874,33.27405],[-119.60873,33.27351],[-119.60809,33.27379]],[[-119.60809,33.27353],[-119.60808,33.27352],[-119.60808,33.27353],[-119.60809,33.27353]],[[-119.60774,33.27326],[-119.60777,33.27407],[-119.60776,33.27326],[-119.60774,33.27326]],[[-119.6094,33.27431],[-119.60939,33.27458],[-119.6094,33.27458],[-119.6094,33.27431]],[[-119.60938,33.27431],[-119.60938,33.27377],[-119.60937,33.27377],[-119.60938,33.27431]],[[-119.60811,33.27433],[-119.6081,33.27434],[-119.60811,33.27434],[-119.60811,33.27433]],[[-119.60984,33.27863],[-119.60983,33.27781],[-119.60981,33.27781],[-119.60983,33.27836],[-119.60984,33.27863]],[[-119.60978,33.27647],[-119.60977,33.27646],[-119.60977,33.27647],[-119.60978,33.27647]],[[-119.60976,33.2762],[-119.60977,33.27619],[-119.60976,33.27619],[-119.60976,33.2762]],[[-119.6088,33.27621],[-119.60882,33.27676],[-119.60947,33.27701],[-119.60914,33.27674],[-119.60944,33.27593],[-119.6088,33.27621]],[[-119.6088,33.27594],[-119.60879,33.27567],[-119.60879,33.27594],[-119.6088,33.27594]],[[-119.60878,33.2754],[-119.60878,33.27567],[-119.60879,33.27567],[-119.60878,33.2754]],[[-119.60814,33.27541],[-119.60813,33.27542],[-119.60814,33.27542],[-119.60814,33.27541]],[[-119.60876,33.27514],[-119.60877,33.27513],[-119.60876,33.27513],[-119.60876,33.27514]],[[-119.60812,33.27514],[-119.60813,33.27515],[-119.60813,33.27514],[-119.60812,33.27514]],[[-119.60814,33.27568],[-119.60815,33.27569],[-119.60815,33.27568],[-119.60814,33.27568]],[[-119.60782,33.27569],[-119.60783,33.2757],[-119.60783,33.27569],[-119.60782,33.27569]],[[-119.6085,33.27703],[-119.6085,33.27649],[-119.60848,33.27649],[-119.6085,33.27703]],[[-119.6098,33.27754],[-119.60981,33.27755],[-119.60981,33.27754],[-119.6098,33.27754]],[[-119.60987,33.27944],[-119.60986,33.27943],[-119.60986,33.27944],[-119.60987,33.27944]],[[-119.60953,33.27863],[-119.60954,33.27945],[-119.60955,33.27945],[-119.60953,33.27863]],[[-119.60888,33.27864],[-119.60887,33.27865],[-119.60888,33.27865],[-119.60888,33.27864]],[[-119.60856,33.27865],[-119.60855,33.27866],[-119.60856,33.27866],[-119.60856,33.27865]],[[-119.60855,33.27839],[-119.60854,33.27838],[-119.60854,33.27839],[-119.60855,33.27839]],[[-119.60886,33.27838],[-119.60887,33.27837],[-119.60886,33.27837],[-119.60886,33.27838]],[[-119.60858,33.27973],[-119.60859,33.27974],[-119.60859,33.27973],[-119.60858,33.27973]],[[-119.60891,33.28],[-119.60892,33.27999],[-119.60891,33.27999],[-119.60891,33.28]],[[-119.60859,33.28001],[-119.6086,33.28],[-119.60859,33.28],[-119.60859,33.28001]],[[-119.60955,33.27971],[-119.60956,33.27972],[-119.60956,33.27971],[-119.60955,33.27971]],[[-119.60956,33.27999],[-119.60957,33.27998],[-119.60956,33.27998],[-119.60956,33.27999]],[[-119.6096,33.28106],[-119.60959,33.28107],[-119.6096,33.28107],[-119.6096,33.28106]],[[-119.60482,33.27224],[-119.60481,33.27197],[-119.60481,33.27224],[-119.60482,33.27224]],[[-119.6048,33.27197],[-119.6048,33.27143],[-119.60479,33.27143],[-119.6048,33.27197]],[[-119.60573,33.27032],[-119.60574,33.27033],[-119.60574,33.27032],[-119.60573,33.27032]],[[-119.6064,33.27139],[-119.60641,33.2714],[-119.60641,33.27139],[-119.6064,33.27139]],[[-119.6064,33.27112],[-119.60639,33.27113],[-119.6064,33.27113],[-119.6064,33.27112]],[[-119.6071,33.27301],[-119.60709,33.273],[-119.60709,33.27301],[-119.6071,33.27301]],[[-119.60545,33.27168],[-119.60514,33.27224],[-119.60547,33.27223],[-119.60545,33.27168]],[[-119.60518,33.27331],[-119.60517,33.27332],[-119.60518,33.27332],[-119.60518,33.27331]],[[-119.60713,33.27409],[-119.60712,33.27408],[-119.60712,33.27409],[-119.60713,33.27409]]],[[[-119.60659,33.27761],[-119.60627,33.27789],[-119.60627,33.27761],[-119.60659,33.27761]]],[[[-119.60563,33.27763],[-119.60595,33.2779],[-119.60563,33.2779],[-119.60563,33.27763]]],[[[-119.60692,33.27761],[-119.60661,33.27815],[-119.6066,33.27761],[-119.60692,33.27761]]],[[[-119.61337,33.27817800000028],[-119.61337,33.278],[-119.61369,33.278],[-119.61337304705003,33.27827733383123],[-119.61337,33.27817800000028]]],[[[-119.60726,33.2784],[-119.60758,33.27868],[-119.60726,33.27868],[-119.60726,33.2784]]],[[[-119.60565,33.27844],[-119.60597,33.27871],[-119.60565,33.27871],[-119.60565,33.27844]]],[[[-119.60863,33.28163],[-119.60831,33.28109],[-119.60863,33.28109],[-119.60863,33.28163]]],[[[-119.60896,33.28135],[-119.60864,33.28162],[-119.60864,33.28135],[-119.60896,33.28135]]],[[[-119.61412,33.28151],[-119.61443,33.28123],[-119.61445,33.28205],[-119.61346,33.28152],[-119.61346,33.28098],[-119.6141,33.28097],[-119.61412,33.28151]]],[[[-119.61186,33.28183],[-119.61122,33.28157],[-119.61186,33.28156],[-119.61186,33.28183]]],[[[-119.60639,33.28167],[-119.60607,33.28195],[-119.60607,33.28167],[-119.60639,33.28167]]],[[[-119.60673,33.28193],[-119.60704,33.28193],[-119.60705,33.28193],[-119.60673,33.28221],[-119.60673,33.28193]]],[[[-119.60672,33.28194],[-119.6064,33.28222],[-119.6064,33.28194],[-119.60672,33.28194]]],[[[-119.61414,33.2826],[-119.6135,33.28233],[-119.61414,33.28232],[-119.61414,33.2826]]],[[[-119.61317,33.28234],[-119.61349,33.28261],[-119.61317,33.28261],[-119.61317,33.28234]]],[[[-119.60835,33.28244],[-119.60867,33.28271],[-119.60835,33.28271],[-119.60835,33.28244]]],[[[-119.60706,33.2822],[-119.60835,33.28299],[-119.60707,33.28301],[-119.60706,33.2822]]],[[[-119.60417,33.28307],[-119.60384,33.28281],[-119.60384,33.28254],[-119.60384,33.28253],[-119.60448,33.28253],[-119.60417,33.28307]]],[[[-119.60579,33.28304],[-119.60547,33.28331],[-119.60547,33.28304],[-119.60579,33.28304]]],[[[-119.60452,33.28333],[-119.60516,33.28333],[-119.60517,33.28413],[-119.60453,33.28415],[-119.60452,33.28333]]],[[[-119.60421,33.28442],[-119.60358,33.28471],[-119.60324,33.28417],[-119.60355,33.28335],[-119.60451,33.28334],[-119.60421,33.28442]],[[-119.60419,33.28388],[-119.6042,33.28389],[-119.6042,33.28388],[-119.60419,33.28388]]],[[[-119.60455,33.28442],[-119.60423,33.28497],[-119.60423,33.28442],[-119.60455,33.28442]]],[[[-119.58253,33.24754],[-119.58285,33.24782],[-119.58253,33.24782],[-119.58253,33.24754]]],[[[-119.58045,33.25408],[-119.58012,33.25355],[-119.57917,33.25412],[-119.57885,33.25412],[-119.57885,33.25385],[-119.57883,33.25385],[-119.57885,33.25439],[-119.57789,33.25441],[-119.5779,33.25496],[-119.57694,33.25497],[-119.57693,33.25416],[-119.57693,33.2547],[-119.5766,33.25416],[-119.57596,33.25445],[-119.57595,33.2539],[-119.57658,33.25362],[-119.5756,33.2531],[-119.57559,33.25256],[-119.57656,33.25282],[-119.57653,33.25173],[-119.57587,33.25147],[-119.57587,33.25093],[-119.57457,33.25096],[-119.57459,33.25178],[-119.57394,33.25124],[-119.5733,33.25153],[-119.57231,33.25074],[-119.5723,33.24992],[-119.57132,33.24968],[-119.57133,33.25022],[-119.57069,33.25023],[-119.57066,33.24888],[-119.57067,33.24997],[-119.57035,33.24997],[-119.57002,33.24943],[-119.56937,33.24944],[-119.56902,33.24837],[-119.5687,33.24865],[-119.56873,33.24946],[-119.56808,33.2492],[-119.56809,33.24974],[-119.56875,33.25027],[-119.56908,33.24999],[-119.56941,33.2508],[-119.56879,33.25136],[-119.56685,33.25112],[-119.56652,33.25058],[-119.56779,33.25029],[-119.56778,33.24975],[-119.56712,33.24949],[-119.56712,33.24895],[-119.56646,33.24896],[-119.56644,33.24815],[-119.56547,33.24763],[-119.56674,33.24734],[-119.56705,33.24679],[-119.56672,33.2468],[-119.56672,33.24652],[-119.56639,33.24653],[-119.56639,33.24626],[-119.56606,33.24627],[-119.56606,33.24599],[-119.56573,33.246],[-119.56573,33.24573],[-119.56572,33.24573],[-119.56573,33.24628],[-119.5651,33.24629],[-119.5651,33.24656],[-119.56575,33.24682],[-119.56447,33.24684],[-119.56445,33.24603],[-119.56282,33.24552],[-119.56282,33.24525],[-119.56345,33.24524],[-119.56345,33.24497],[-119.56153,33.24555],[-119.56181,33.24365],[-119.56116,33.24366],[-119.56049,33.2426],[-119.55887,33.24236],[-119.55853,33.24155],[-119.55915,33.241],[-119.55917,33.24181],[-119.55918,33.24181],[-119.55917,33.24126],[-119.56011,33.24071],[-119.56044,33.24125],[-119.56207,33.24148],[-119.56272,33.24228],[-119.56305,33.242],[-119.56435,33.24252],[-119.56467,33.24305],[-119.56532,33.24277],[-119.56567,33.24384],[-119.56631,33.24383],[-119.56632,33.24437],[-119.56665,33.24409],[-119.56699,33.24517],[-119.56827,33.24432],[-119.56987,33.2443],[-119.5699,33.24538],[-119.56988,33.24429],[-119.5702,33.24429],[-119.57117,33.24508],[-119.57182,33.2448],[-119.57182,33.24534],[-119.57344,33.2453],[-119.57346,33.24639],[-119.57345,33.2453],[-119.57409,33.24529],[-119.57442,33.2461],[-119.57636,33.24606],[-119.57702,33.24685],[-119.57864,33.24682],[-119.57867,33.24844],[-119.57866,33.24735],[-119.5806,33.24786],[-119.58061,33.2484],[-119.58157,33.24811],[-119.58124,33.24757],[-119.58252,33.24755],[-119.58189,33.2481],[-119.58222,33.24864],[-119.58254,33.24809],[-119.58446,33.24778],[-119.58382,33.24806],[-119.58418,33.24914],[-119.58447,33.24804],[-119.58607,33.24775],[-119.58607,33.24829],[-119.58704,33.248],[-119.58801,33.24825],[-119.58802,33.24879],[-119.58867,33.2485],[-119.58964,33.24876],[-119.58966,33.24984],[-119.58999,33.24956],[-119.58962,33.24821],[-119.58995,33.24875],[-119.59027,33.2482],[-119.59222,33.2487],[-119.59223,33.24952],[-119.59159,33.24952],[-119.59157,33.24871],[-119.59158,33.24953],[-119.5903,33.24955],[-119.59032,33.25037],[-119.58936,33.25038],[-119.58936,33.24984],[-119.58934,33.24984],[-119.58873,33.25094],[-119.58942,33.25228],[-119.58845,33.25229],[-119.58753,33.25394],[-119.58657,33.25396],[-119.58655,33.25288],[-119.58625,33.25424],[-119.58495,33.25372],[-119.58437,33.2559],[-119.58405,33.2559],[-119.58405,33.25536],[-119.58403,33.25536],[-119.58405,33.25618],[-119.58244,33.25566],[-119.58241,33.25459],[-119.5821,33.2554],[-119.58209,33.25486],[-119.58112,33.25461],[-119.58078,33.25381],[-119.58045,33.25408]],[[-119.57392,33.25097],[-119.57393,33.25124],[-119.57394,33.25124],[-119.57392,33.25097]],[[-119.5824,33.25431],[-119.5824,33.25459],[-119.58241,33.25459],[-119.5824,33.25431]],[[-119.58877,33.25202],[-119.58876,33.25175],[-119.58876,33.25202],[-119.58877,33.25202]],[[-119.58464,33.254],[-119.58463,33.25373],[-119.58463,33.254],[-119.58464,33.254]],[[-119.58463,33.25319],[-119.58459,33.25237],[-119.58331,33.25268],[-119.58266,33.25241],[-119.58301,33.25349],[-119.58463,33.25319]],[[-119.58434,33.25508],[-119.58434,33.25427],[-119.58432,33.25427],[-119.58434,33.25508]],[[-119.58077,33.25381],[-119.58076,33.25354],[-119.58076,33.25381],[-119.58077,33.25381]],[[-119.56931,33.24674],[-119.56932,33.24783],[-119.56869,33.24784],[-119.56934,33.2481],[-119.56931,33.24674]],[[-119.56846,33.25109],[-119.56845,33.25082],[-119.56845,33.25109],[-119.56846,33.25109]],[[-119.56844,33.25082],[-119.56844,33.25027],[-119.56843,33.25027],[-119.56844,33.25082]],[[-119.56711,33.24895],[-119.5671,33.24868],[-119.5671,33.24895],[-119.56711,33.24895]],[[-119.56709,33.24868],[-119.56709,33.24814],[-119.56708,33.24814],[-119.56709,33.24868]],[[-119.56217,33.24527],[-119.56216,33.245],[-119.56216,33.24527],[-119.56217,33.24527]],[[-119.56216,33.24445],[-119.56214,33.24445],[-119.56216,33.245],[-119.56216,33.24445]],[[-119.56081,33.24286],[-119.56079,33.24178],[-119.56078,33.24178],[-119.56081,33.24286]],[[-119.56273,33.24228],[-119.56274,33.24255],[-119.56274,33.24228],[-119.56273,33.24228]],[[-119.56274,33.24309],[-119.56276,33.24309],[-119.56274,33.24255],[-119.56274,33.24309]],[[-119.56796,33.24488],[-119.56796,33.24542],[-119.56798,33.24542],[-119.56796,33.24488]],[[-119.57703,33.24685],[-119.57703,33.24739],[-119.57705,33.24739],[-119.57703,33.24685]],[[-119.58224,33.24864],[-119.58224,33.24918],[-119.58225,33.24918],[-119.58224,33.24864]],[[-119.58608,33.24829],[-119.58609,33.24856],[-119.58609,33.24829],[-119.58608,33.24829]],[[-119.58611,33.24883],[-119.5861,33.24856],[-119.58609,33.24856],[-119.58611,33.24883]],[[-119.56837,33.24839],[-119.56838,33.24838],[-119.56837,33.24838],[-119.56837,33.24839]],[[-119.56736,33.24678],[-119.56739,33.24786],[-119.56837,33.24784],[-119.56866,33.24702],[-119.56736,33.24678]],[[-119.5674,33.24786],[-119.56741,33.24813],[-119.56741,33.24786],[-119.5674,33.24786]],[[-119.58809,33.25095],[-119.58777,33.25069],[-119.58777,33.25096],[-119.58809,33.25095]],[[-119.58841,33.25068],[-119.5884,33.25067],[-119.5884,33.25068],[-119.58841,33.25068]],[[-119.59059,33.24846],[-119.5906,33.24847],[-119.5906,33.24846],[-119.59059,33.24846]],[[-119.58868,33.24877],[-119.58867,33.24878],[-119.58868,33.24878],[-119.58868,33.24877]],[[-119.5887,33.24958],[-119.58869,33.24959],[-119.5887,33.24959],[-119.5887,33.24958]],[[-119.58868,33.24931],[-119.58869,33.24932],[-119.58869,33.24931],[-119.58868,33.24931]],[[-119.58845,33.25202],[-119.58844,33.25203],[-119.58845,33.25203],[-119.58845,33.25202]],[[-119.58842,33.25094],[-119.58841,33.25095],[-119.58842,33.25095],[-119.58842,33.25094]],[[-119.57784,33.25278],[-119.57785,33.25279],[-119.57785,33.25278],[-119.57784,33.25278]],[[-119.57783,33.25224],[-119.57784,33.25225],[-119.57784,33.25224],[-119.57783,33.25224]],[[-119.57782,33.25197],[-119.57783,33.25198],[-119.57783,33.25197],[-119.57782,33.25197]],[[-119.5778,33.25143],[-119.57781,33.25171],[-119.57781,33.25143],[-119.5778,33.25143]],[[-119.57779,33.25116],[-119.57779,33.25062],[-119.57745,33.25063],[-119.57779,33.25116]],[[-119.57801,33.24764],[-119.57802,33.24765],[-119.57802,33.24764],[-119.57801,33.24764]],[[-119.578,33.24737],[-119.57801,33.24738],[-119.57801,33.24737],[-119.578,33.24737]],[[-119.5817,33.25271],[-119.58171,33.2527],[-119.5817,33.2527],[-119.5817,33.25271]],[[-119.58169,33.25217],[-119.5817,33.25216],[-119.58169,33.25216],[-119.58169,33.25217]],[[-119.58168,33.2519],[-119.58169,33.25189],[-119.58168,33.25189],[-119.58168,33.2519]],[[-119.58166,33.25135],[-119.58167,33.25108],[-119.58166,33.25108],[-119.58166,33.25135]],[[-119.58165,33.25108],[-119.58164,33.25027],[-119.58163,33.25027],[-119.58165,33.25108]],[[-119.58424,33.25157],[-119.58392,33.2513],[-119.58392,33.25158],[-119.58424,33.25157]],[[-119.58389,33.25023],[-119.58385,33.24915],[-119.58388,33.25023],[-119.58389,33.25023]],[[-119.58744,33.25042],[-119.58744,33.25097],[-119.58746,33.25097],[-119.58744,33.25042]],[[-119.58743,33.25015],[-119.58742,33.24988],[-119.58742,33.25015],[-119.58743,33.25015]],[[-119.58712,33.25097],[-119.58714,33.25124],[-119.58714,33.25097],[-119.58712,33.25097]],[[-119.58714,33.25151],[-119.58715,33.25178],[-119.58715,33.25151],[-119.58714,33.25151]],[[-119.58716,33.25205],[-119.58716,33.25178],[-119.58715,33.25178],[-119.58716,33.25205]],[[-119.58552,33.251],[-119.58549,33.24992],[-119.58548,33.24992],[-119.58552,33.251]],[[-119.58523176362523,33.25208996325781],[-119.5852,33.25101],[-119.58523,33.25209],[-119.58523176362523,33.25208996325781]],[[-119.58524,33.25237],[-119.58619,33.25207],[-119.58523176362523,33.25208996325781],[-119.58524,33.25237]],[[-119.58486,33.25074],[-119.58487,33.25075],[-119.58487,33.25074],[-119.58486,33.25074]],[[-119.58454,33.25075],[-119.58455,33.25076],[-119.58455,33.25075],[-119.58454,33.25075]],[[-119.58772,33.24879],[-119.58773,33.24988],[-119.58775,33.24988],[-119.58772,33.24879]],[[-119.58578,33.24883],[-119.58578,33.24938],[-119.5858,33.24965],[-119.58578,33.24883]],[[-119.58581,33.24992],[-119.58581,33.24965],[-119.5858,33.24965],[-119.58581,33.24992]],[[-119.58482,33.2494],[-119.58483,33.24939],[-119.58482,33.24939],[-119.58482,33.2494]],[[-119.58577,33.24857],[-119.58576,33.24856],[-119.58576,33.24857],[-119.58577,33.24857]],[[-119.58675,33.24882],[-119.58674,33.24881],[-119.58674,33.24882],[-119.58675,33.24882]],[[-119.58672,33.24827],[-119.58673,33.24828],[-119.58673,33.24827],[-119.58672,33.24827]],[[-119.58673,33.24854],[-119.58674,33.24855],[-119.58674,33.24854],[-119.58673,33.24854]],[[-119.58481,33.24885],[-119.58482,33.24886],[-119.58482,33.24885],[-119.58481,33.24885]],[[-119.58678,33.24989],[-119.58677,33.2499],[-119.58678,33.2499],[-119.58678,33.24989]],[[-119.58676,33.24962],[-119.58677,33.24963],[-119.58677,33.24962],[-119.58676,33.24962]],[[-119.58484,33.24966],[-119.58483,33.24967],[-119.58484,33.24967],[-119.58484,33.24966]],[[-119.58679,33.25043],[-119.58678,33.25044],[-119.58679,33.25044],[-119.58679,33.25043]],[[-119.58583,33.25045],[-119.58582,33.25046],[-119.58583,33.25046],[-119.58583,33.25045]],[[-119.58583,33.25072],[-119.58584,33.25073],[-119.58584,33.25072],[-119.58583,33.25072]],[[-119.58749,33.25259],[-119.5875,33.25258],[-119.58749,33.25258],[-119.58749,33.25259]],[[-119.58685,33.25206],[-119.58685,33.2526],[-119.58686,33.25287],[-119.58685,33.25206]],[[-119.58556,33.25263],[-119.58557,33.25262],[-119.58556,33.25262],[-119.58556,33.25263]],[[-119.58493,33.25318],[-119.58494,33.25291],[-119.58492,33.25264],[-119.58493,33.25318]],[[-119.58492,33.25237],[-119.58491,33.2521],[-119.58491,33.25237],[-119.58492,33.25237]],[[-119.58487,33.25101],[-119.58488,33.25102],[-119.58488,33.25101],[-119.58487,33.25101]],[[-119.58455,33.25102],[-119.58456,33.25103],[-119.58456,33.25102],[-119.58455,33.25102]],[[-119.58748,33.25178],[-119.58747,33.25177],[-119.58747,33.25178],[-119.58748,33.25178]],[[-119.58746,33.2515],[-119.58747,33.25151],[-119.58747,33.2515],[-119.58746,33.2515]],[[-119.58651,33.2518],[-119.5865,33.25179],[-119.5865,33.2518],[-119.58651,33.2518]],[[-119.58649,33.25152],[-119.5865,33.25153],[-119.5865,33.25152],[-119.58649,33.25152]],[[-119.58652,33.25206],[-119.58651,33.25207],[-119.58652,33.25207],[-119.58652,33.25206]],[[-119.58624,33.25343],[-119.58623,33.25342],[-119.58623,33.25343],[-119.58624,33.25343]],[[-119.58752,33.25312],[-119.58751,33.25313],[-119.58752,33.25313],[-119.58752,33.25312]],[[-119.5872,33.25313],[-119.58719,33.25314],[-119.5872,33.25314],[-119.5872,33.25313]],[[-119.5875,33.25285],[-119.58751,33.25286],[-119.58751,33.25285],[-119.5875,33.25285]],[[-119.58559,33.2537],[-119.5856,33.25371],[-119.5856,33.2537],[-119.58559,33.2537]],[[-119.58432,33.254],[-119.58431,33.25401],[-119.58432,33.25401],[-119.58432,33.254]],[[-119.5827,33.25349],[-119.58271,33.25431],[-119.58273,33.25431],[-119.5827,33.25349]],[[-119.58357,33.2505],[-119.58359,33.25132],[-119.5836,33.25132],[-119.58357,33.2505]],[[-119.58356,33.25023],[-119.58356,33.2505],[-119.58357,33.2505],[-119.58356,33.25023]],[[-119.58196,33.25054],[-119.58197,33.25053],[-119.58196,33.25053],[-119.58196,33.25054]],[[-119.58193,33.24973],[-119.58193,33.24918],[-119.58192,33.24918],[-119.58193,33.24973]],[[-119.58225,33.24945],[-119.58195,33.25027],[-119.58258,33.24944],[-119.58225,33.24945]],[[-119.5819,33.24865],[-119.58191,33.24864],[-119.5819,33.24864],[-119.5819,33.24865]],[[-119.58191,33.24892],[-119.58192,33.24891],[-119.58191,33.24891],[-119.58191,33.24892]],[[-119.58319,33.24834],[-119.58318,33.24835],[-119.58319,33.24835],[-119.58319,33.24834]],[[-119.58287,33.24835],[-119.58286,33.24836],[-119.58287,33.24836],[-119.58287,33.24835]],[[-119.58287,33.24862],[-119.58353,33.24888],[-119.58352,33.24861],[-119.58287,33.24862]],[[-119.58356,33.24996],[-119.58355,33.24997],[-119.58356,33.24997],[-119.58356,33.24996]],[[-119.58292,33.24997],[-119.58291,33.24998],[-119.58292,33.24998],[-119.58292,33.24997]],[[-119.58292,33.25052],[-119.58293,33.25051],[-119.58292,33.25051],[-119.58292,33.25052]],[[-119.5826,33.25053],[-119.58261,33.25052],[-119.5826,33.25052],[-119.5826,33.25053]],[[-119.5833,33.25213],[-119.58331,33.2524],[-119.58331,33.25213],[-119.5833,33.25213]],[[-119.58329,33.25186],[-119.58329,33.25213],[-119.5833,33.25213],[-119.58329,33.25186]],[[-119.58328,33.25159],[-119.58328,33.25186],[-119.58329,33.25186],[-119.58328,33.25159]],[[-119.58327,33.25132],[-119.58327,33.25159],[-119.58328,33.25159],[-119.58327,33.25132]],[[-119.58266,33.25215],[-119.58265,33.25214],[-119.58265,33.25215],[-119.58266,33.25215]],[[-119.58361,33.25158],[-119.5836,33.25159],[-119.58361,33.25159],[-119.58361,33.25158]],[[-119.58197,33.25081],[-119.58198,33.2508],[-119.58197,33.2508],[-119.58197,33.25081]],[[-119.58264,33.25187],[-119.58265,33.25188],[-119.58265,33.25187],[-119.58264,33.25187]],[[-119.58263,33.25161],[-119.58264,33.2516],[-119.58263,33.2516],[-119.58263,33.25161]],[[-119.58361,33.25185],[-119.58362,33.25186],[-119.58362,33.25185],[-119.58361,33.25185]],[[-119.58237,33.25378],[-119.58238,33.25377],[-119.58237,33.25377],[-119.58237,33.25378]],[[-119.58338,33.25483],[-119.58337,33.25484],[-119.58338,33.25484],[-119.58338,33.25483]],[[-119.58336,33.25429],[-119.58337,33.2543],[-119.58337,33.25429],[-119.58336,33.25429]],[[-119.58338,33.2551],[-119.58339,33.25511],[-119.58339,33.2551],[-119.58338,33.2551]],[[-119.58339,33.25538],[-119.5834,33.25537],[-119.58339,33.25537],[-119.58339,33.25538]],[[-119.5798,33.25329],[-119.57979,33.25328],[-119.57979,33.25329],[-119.5798,33.25329]],[[-119.57979,33.25302],[-119.57978,33.25301],[-119.57978,33.25302],[-119.57979,33.25302]],[[-119.57976,33.25194],[-119.57975,33.25193],[-119.57975,33.25194],[-119.57976,33.25194]],[[-119.57975,33.25167],[-119.57972,33.25085],[-119.57973,33.25167],[-119.57975,33.25167]],[[-119.57971,33.25058],[-119.57971,33.25085],[-119.57972,33.25085],[-119.57971,33.25058]],[[-119.5797,33.25005],[-119.57969,33.25004],[-119.57969,33.25005],[-119.5797,33.25005]],[[-119.58138,33.25245],[-119.58135,33.25136],[-119.58134,33.25136],[-119.58137,33.25245],[-119.58138,33.25245]],[[-119.58101,33.2511],[-119.58102,33.25109],[-119.58101,33.25109],[-119.58101,33.2511]],[[-119.58069,33.25111],[-119.5807,33.2511],[-119.58069,33.2511],[-119.58069,33.25111]],[[-119.58097,33.24948],[-119.58096,33.24947],[-119.58096,33.24948],[-119.58097,33.24948]],[[-119.58065,33.24949],[-119.58064,33.24948],[-119.58064,33.24949],[-119.58065,33.24949]],[[-119.57999,33.24923],[-119.58002,33.25058],[-119.58004,33.25058],[-119.57999,33.24923]],[[-119.58031,33.24922],[-119.58029,33.24813],[-119.58028,33.24813],[-119.58031,33.24922]],[[-119.57997,33.24841],[-119.57996,33.24842],[-119.57997,33.24842],[-119.57997,33.24841]],[[-119.58095,33.24893],[-119.58096,33.24894],[-119.58096,33.24893],[-119.58095,33.24893]],[[-119.58097,33.24975],[-119.58098,33.24974],[-119.58097,33.24974],[-119.58097,33.24975]],[[-119.58068,33.25083],[-119.58069,33.25084],[-119.58069,33.25083],[-119.58068,33.25083]],[[-119.58106,33.25299],[-119.58109,33.25353],[-119.58106,33.25272],[-119.58106,33.25299]],[[-119.58105,33.25245],[-119.58105,33.25272],[-119.58106,33.25272],[-119.58105,33.25245]],[[-119.58074,33.25273],[-119.58073,33.25272],[-119.58073,33.25273],[-119.58074,33.25273]],[[-119.58042,33.25274],[-119.58041,33.25273],[-119.58041,33.25274],[-119.58042,33.25274]],[[-119.58142,33.25379],[-119.58141,33.2538],[-119.58142,33.2538],[-119.58142,33.25379]],[[-119.58074,33.253],[-119.58075,33.25299],[-119.58074,33.25299],[-119.58074,33.253]],[[-119.58042,33.25301],[-119.58043,33.253],[-119.58042,33.253],[-119.58042,33.25301]],[[-119.58143,33.25433],[-119.58144,33.25434],[-119.58144,33.25433],[-119.58143,33.25433]],[[-119.58142,33.25407],[-119.58143,33.25406],[-119.58142,33.25406],[-119.58142,33.25407]],[[-119.57916,33.25357],[-119.57915,33.25384],[-119.57916,33.25384],[-119.57916,33.25357]],[[-119.57914,33.2533],[-119.57914,33.25276],[-119.57912,33.25276],[-119.57914,33.2533]],[[-119.57851,33.25385],[-119.57852,33.25386],[-119.57852,33.25385],[-119.57851,33.25385]],[[-119.57841,33.25007],[-119.57809,33.25008],[-119.57809,33.25062],[-119.57841,33.25034],[-119.57841,33.25007]],[[-119.57808,33.24981],[-119.57808,33.25008],[-119.57809,33.25008],[-119.57808,33.24981]],[[-119.57806,33.24953],[-119.57807,33.24981],[-119.57808,33.24981],[-119.57806,33.24953]],[[-119.57902,33.24871],[-119.57901,33.2487],[-119.57901,33.24871],[-119.57902,33.24871]],[[-119.57838,33.24953],[-119.57839,33.24953],[-119.57837,33.24872],[-119.57838,33.24953]],[[-119.57836,33.24845],[-119.57836,33.24872],[-119.57837,33.24872],[-119.57836,33.24845]],[[-119.57804,33.24846],[-119.57803,33.24845],[-119.57803,33.24846],[-119.57804,33.24846]],[[-119.57834,33.24763],[-119.57833,33.24764],[-119.57834,33.24764],[-119.57834,33.24763]],[[-119.57832,33.24737],[-119.57833,33.24736],[-119.57832,33.24736],[-119.57832,33.24737]],[[-119.57899,33.24816],[-119.579,33.24817],[-119.579,33.24816],[-119.57899,33.24816]],[[-119.57932,33.24843],[-119.57933,33.24842],[-119.57932,33.24842],[-119.57932,33.24843]],[[-119.579,33.24844],[-119.57901,33.24843],[-119.579,33.24843],[-119.579,33.24844]],[[-119.57805,33.24899],[-119.57806,33.249],[-119.57806,33.24899],[-119.57805,33.24899]],[[-119.57804,33.24873],[-119.57805,33.24872],[-119.57804,33.24872],[-119.57804,33.24873]],[[-119.57902,33.24897],[-119.57903,33.24898],[-119.57903,33.24897],[-119.57902,33.24897]],[[-119.57905,33.25005],[-119.57906,33.25006],[-119.57906,33.25005],[-119.57905,33.25005]],[[-119.57946,33.25275],[-119.57944,33.25221],[-119.57944,33.25275],[-119.57946,33.25275]],[[-119.57943,33.25194],[-119.57943,33.25221],[-119.57944,33.25221],[-119.57943,33.25194]],[[-119.57942,33.25167],[-119.57942,33.25194],[-119.57943,33.25194],[-119.57942,33.25167]],[[-119.5788,33.25223],[-119.57879,33.25222],[-119.57879,33.25223],[-119.5788,33.25223]],[[-119.57878,33.25196],[-119.57879,33.25195],[-119.57878,33.25195],[-119.57878,33.25196]],[[-119.57874,33.25061],[-119.57875,33.2506],[-119.57874,33.2506],[-119.57874,33.25061]],[[-119.57877,33.25168],[-119.57878,33.25169],[-119.57878,33.25168],[-119.57877,33.25168]],[[-119.57947,33.25302],[-119.57946,33.25303],[-119.57947,33.25303],[-119.57947,33.25302]],[[-119.57948,33.25329],[-119.57947,33.2533],[-119.57948,33.2533],[-119.57948,33.25329]],[[-119.57453,33.24989],[-119.57421,33.24989],[-119.57387,33.24881],[-119.5729,33.24883],[-119.57288,33.24829],[-119.57291,33.2491],[-119.57355,33.24909],[-119.57358,33.25017],[-119.57423,33.25016],[-119.57424,33.25069],[-119.57519,33.24987],[-119.57453,33.24961],[-119.57451,33.2488],[-119.57453,33.24989]],[[-119.5745,33.24853],[-119.5745,33.2488],[-119.57451,33.2488],[-119.5745,33.24853]],[[-119.57288,33.24802],[-119.57287,33.24775],[-119.57287,33.24802],[-119.57288,33.24802]],[[-119.57419,33.24908],[-119.5742,33.24907],[-119.57419,33.24907],[-119.57419,33.24908]],[[-119.57418,33.24881],[-119.57419,33.2488],[-119.57418,33.2488],[-119.57418,33.24881]],[[-119.57417,33.24854],[-119.57418,33.24853],[-119.57417,33.24853],[-119.57417,33.24854]],[[-119.57414,33.24746],[-119.57415,33.24745],[-119.57414,33.24745],[-119.57414,33.24746]],[[-119.57584,33.25013],[-119.57583,33.25012],[-119.57583,33.25013],[-119.57584,33.25013]],[[-119.57583,33.24986],[-119.57582,33.24985],[-119.57582,33.24986],[-119.57583,33.24986]],[[-119.57748,33.25171],[-119.57719,33.25253],[-119.57723,33.25415],[-119.5775,33.25171],[-119.57748,33.25171]],[[-119.57688,33.25307],[-119.57689,33.25308],[-119.57689,33.25307],[-119.57688,33.25307]],[[-119.57656,33.25308],[-119.57657,33.25309],[-119.57657,33.25308],[-119.57656,33.25308]],[[-119.57645,33.24957],[-119.57646,33.2493],[-119.57645,33.2493],[-119.57645,33.24957]],[[-119.57644,33.24849],[-119.57642,33.24849],[-119.57645,33.2493],[-119.57644,33.24849]],[[-119.57738,33.24766],[-119.57737,33.24765],[-119.57737,33.24766],[-119.57738,33.24766]],[[-119.57706,33.24767],[-119.57705,33.24766],[-119.57705,33.24767],[-119.57706,33.24767]],[[-119.57671,33.2474],[-119.57674,33.24767],[-119.57673,33.2474],[-119.57671,33.2474]],[[-119.57674,33.24821],[-119.57676,33.24848],[-119.57675,33.24821],[-119.57674,33.24821]],[[-119.57639,33.24686],[-119.57638,33.24687],[-119.57639,33.24687],[-119.57639,33.24686]],[[-119.57637,33.2466],[-119.57638,33.24659],[-119.57637,33.24659],[-119.57637,33.2466]],[[-119.57609,33.24795],[-119.5761,33.24796],[-119.5761,33.24795],[-119.57609,33.24795]],[[-119.5761,33.2485],[-119.57611,33.24849],[-119.5761,33.24849],[-119.5761,33.2485]],[[-119.57709,33.24902],[-119.5771,33.24901],[-119.57709,33.24901],[-119.57709,33.24902]],[[-119.57683,33.25092],[-119.57682,33.25091],[-119.57682,33.25092],[-119.57683,33.25092]],[[-119.57618,33.25093],[-119.57615,33.24957],[-119.57613,33.24957],[-119.57618,33.25093]],[[-119.5771,33.24956],[-119.57711,33.24955],[-119.5771,33.24955],[-119.5771,33.24956]],[[-119.57678,33.24956],[-119.57679,33.24957],[-119.57679,33.24956],[-119.57678,33.24956]],[[-119.57711,33.24982],[-119.57712,33.24983],[-119.57712,33.24982],[-119.57711,33.24982]],[[-119.57715,33.25118],[-119.57716,33.25117],[-119.57715,33.25117],[-119.57715,33.25118]],[[-119.57683,33.25119],[-119.57684,33.25118],[-119.57683,33.25118],[-119.57683,33.25119]],[[-119.57687,33.25281],[-119.57688,33.2528],[-119.57687,33.2528],[-119.57687,33.25281]],[[-119.57757,33.25414],[-119.57756,33.25415],[-119.57757,33.25415],[-119.57757,33.25414]],[[-119.57755,33.25388],[-119.57756,33.25387],[-119.57755,33.25387],[-119.57755,33.25388]],[[-119.57757,33.25441],[-119.57758,33.25442],[-119.57758,33.25441],[-119.57757,33.25441]],[[-119.57509,33.24635],[-119.5751,33.24743],[-119.57511,33.24743],[-119.57509,33.24635]],[[-119.57479,33.24771],[-119.57483,33.24852],[-119.57479,33.24744],[-119.57479,33.24771]],[[-119.57447,33.24745],[-119.57446,33.24744],[-119.57446,33.24745],[-119.57447,33.24745]],[[-119.57542,33.24661],[-119.57541,33.24662],[-119.57542,33.24662],[-119.57542,33.24661]],[[-119.57542,33.24715],[-119.57543,33.24716],[-119.57543,33.24715],[-119.57542,33.24715]],[[-119.57547,33.24851],[-119.57546,33.2485],[-119.57546,33.24851],[-119.57547,33.24851]],[[-119.57515,33.24851],[-119.57514,33.24852],[-119.57515,33.24852],[-119.57515,33.24851]],[[-119.57513,33.24825],[-119.57514,33.24824],[-119.57513,33.24824],[-119.57513,33.24825]],[[-119.57447,33.24772],[-119.57448,33.24771],[-119.57447,33.24771],[-119.57447,33.24772]],[[-119.57515,33.24879],[-119.57516,33.24878],[-119.57515,33.24878],[-119.57515,33.24879]],[[-119.57161,33.24859],[-119.5716,33.24858],[-119.5716,33.24859],[-119.57161,33.24859]],[[-119.57157,33.24724],[-119.57156,33.24723],[-119.57156,33.24724],[-119.57157,33.24724]],[[-119.57156,33.2467],[-119.57155,33.24669],[-119.57155,33.2467],[-119.57156,33.2467]],[[-119.57154,33.24643],[-119.57153,33.24615],[-119.57153,33.24643],[-119.57154,33.24643]],[[-119.57152,33.24588],[-119.57152,33.24534],[-119.5715,33.24534],[-119.57152,33.24588]],[[-119.57391,33.2507],[-119.57392,33.25071],[-119.57392,33.2507],[-119.57391,33.2507]],[[-119.5735,33.24747],[-119.57351,33.24746],[-119.5735,33.24746],[-119.5735,33.24747]],[[-119.57317,33.24693],[-119.57318,33.24775],[-119.5732,33.24775],[-119.57317,33.24693]],[[-119.57316,33.24666],[-119.57316,33.24693],[-119.57317,33.24693],[-119.57316,33.24666]],[[-119.57315,33.24639],[-119.57315,33.24666],[-119.57316,33.24666],[-119.57315,33.24639]],[[-119.5725,33.24614],[-119.57249,33.24613],[-119.57249,33.24614],[-119.5725,33.24614]],[[-119.57253,33.24694],[-119.57252,33.24695],[-119.57253,33.24695],[-119.57253,33.24694]],[[-119.5725,33.2464],[-119.57251,33.24641],[-119.57251,33.2464],[-119.5725,33.2464]],[[-119.57251,33.24668],[-119.57252,33.24667],[-119.57251,33.24667],[-119.57251,33.24668]],[[-119.57348,33.24665],[-119.57349,33.24666],[-119.57349,33.24665],[-119.57348,33.24665]],[[-119.57259,33.24938],[-119.57259,33.24884],[-119.57257,33.24884],[-119.57259,33.24938]],[[-119.5726,33.24965],[-119.5726,33.24938],[-119.57259,33.24938],[-119.5726,33.24965]],[[-119.57261,33.24992],[-119.57261,33.24965],[-119.5726,33.24965],[-119.57261,33.24992]],[[-119.57256,33.24802],[-119.57255,33.24803],[-119.57256,33.24803],[-119.57256,33.24802]],[[-119.57224,33.24803],[-119.57223,33.24804],[-119.57224,33.24804],[-119.57224,33.24803]],[[-119.57352,33.24773],[-119.57351,33.24774],[-119.57352,33.24774],[-119.57352,33.24773]],[[-119.57224,33.24858],[-119.57225,33.24857],[-119.57224,33.24857],[-119.57224,33.24858]],[[-119.57228,33.24965],[-119.57227,33.24966],[-119.57228,33.24966],[-119.57228,33.24965]],[[-119.57325,33.24963],[-119.57324,33.24964],[-119.57325,33.24964],[-119.57325,33.24963]],[[-119.57293,33.24964],[-119.57292,33.24965],[-119.57293,33.24965],[-119.57293,33.24964]],[[-119.57323,33.24937],[-119.57324,33.24936],[-119.57323,33.24936],[-119.57323,33.24937]],[[-119.57325,33.24991],[-119.57326,33.2499],[-119.57325,33.2499],[-119.57325,33.24991]],[[-119.57328,33.25098],[-119.57329,33.25099],[-119.57329,33.25098],[-119.57328,33.25098]],[[-119.57128,33.24859],[-119.57129,33.2486],[-119.57129,33.24859],[-119.57128,33.24859]],[[-119.57097,33.2486],[-119.57093,33.24779],[-119.57097,33.24887],[-119.57097,33.2486]],[[-119.57121,33.24643],[-119.57124,33.24724],[-119.57123,33.24643],[-119.57121,33.24643]],[[-119.57125,33.24751],[-119.57125,33.24724],[-119.57124,33.24724],[-119.57125,33.24751]],[[-119.57126,33.24778],[-119.57126,33.24751],[-119.57125,33.24751],[-119.57126,33.24778]],[[-119.5696,33.24565],[-119.5696,33.24647],[-119.56962,33.24673],[-119.5696,33.24565]],[[-119.56863,33.24622],[-119.56864,33.24621],[-119.56863,33.24621],[-119.56863,33.24622]],[[-119.57055,33.24537],[-119.57054,33.24536],[-119.57054,33.24537],[-119.57055,33.24537]],[[-119.56893,33.24513],[-119.56892,33.24512],[-119.56892,33.24513],[-119.56893,33.24513]],[[-119.56955,33.24458],[-119.56956,33.24457],[-119.56955,33.24457],[-119.56955,33.24458]],[[-119.57087,33.24562],[-119.57088,33.24563],[-119.57088,33.24562],[-119.57087,33.24562]],[[-119.57055,33.24563],[-119.57056,33.24564],[-119.57056,33.24563],[-119.57055,33.24563]],[[-119.5706,33.24726],[-119.57059,33.24725],[-119.57059,33.24726],[-119.5706,33.24726]],[[-119.56866,33.24675],[-119.56865,33.24676],[-119.56866,33.24676],[-119.56866,33.24675]],[[-119.56864,33.24648],[-119.56865,33.24649],[-119.56865,33.24648],[-119.56864,33.24648]],[[-119.56966,33.24781],[-119.56965,33.24782],[-119.56966,33.24782],[-119.56966,33.24781]],[[-119.5706,33.24752],[-119.57061,33.24753],[-119.57061,33.24752],[-119.5706,33.24752]],[[-119.57028,33.24753],[-119.57029,33.24754],[-119.57029,33.24753],[-119.57028,33.24753]],[[-119.56964,33.24754],[-119.56965,33.24755],[-119.56965,33.24754],[-119.56964,33.24754]],[[-119.57127,33.24832],[-119.57128,33.24833],[-119.57128,33.24832],[-119.57127,33.24832]],[[-119.57033,33.24888],[-119.57032,33.24889],[-119.57033,33.24889],[-119.57033,33.24888]],[[-119.57031,33.24861],[-119.57032,33.24862],[-119.57032,33.24861],[-119.57031,33.24861]],[[-119.5713,33.24886],[-119.57129,33.24887],[-119.5713,33.24887],[-119.5713,33.24886]],[[-119.57033,33.24916],[-119.57034,33.24915],[-119.57033,33.24915],[-119.57033,33.24916]],[[-119.56811,33.25002],[-119.5681,33.25001],[-119.5681,33.25002],[-119.56811,33.25002]],[[-119.56046,33.24206],[-119.56047,33.24205],[-119.56046,33.24205],[-119.56046,33.24206]],[[-119.56045,33.24152],[-119.56046,33.24151],[-119.56045,33.24151],[-119.56045,33.24152]],[[-119.56436,33.24306],[-119.56439,33.24441],[-119.56441,33.24441],[-119.56438,33.24387],[-119.56436,33.24306]],[[-119.56766,33.24542],[-119.56765,33.24569],[-119.56766,33.24569],[-119.56766,33.24542]],[[-119.56767,33.24596],[-119.56767,33.24569],[-119.56766,33.24569],[-119.56767,33.24596]],[[-119.56768,33.24623],[-119.56768,33.24678],[-119.5677,33.24678],[-119.56768,33.24623]],[[-119.567,33.24544],[-119.56701,33.24543],[-119.567,33.24543],[-119.567,33.24544]],[[-119.56668,33.24545],[-119.56669,33.24544],[-119.56668,33.24544],[-119.56668,33.24545]],[[-119.56604,33.24573],[-119.56605,33.24546],[-119.56604,33.24546],[-119.56604,33.24573]],[[-119.56603,33.24519],[-119.56603,33.24546],[-119.56604,33.24546],[-119.56603,33.24519]],[[-119.56602,33.24519],[-119.56602,33.24437],[-119.566,33.24437],[-119.56602,33.24519]],[[-119.56505,33.2444],[-119.56504,33.24439],[-119.56504,33.2444],[-119.56505,33.2444]],[[-119.56501,33.24332],[-119.56502,33.24331],[-119.56501,33.24331],[-119.56501,33.24332]],[[-119.565,33.24304],[-119.56501,33.24305],[-119.56501,33.24304],[-119.565,33.24304]],[[-119.56599,33.2441],[-119.566,33.24411],[-119.566,33.2441],[-119.56599,33.2441]],[[-119.56764,33.24515],[-119.56763,33.24516],[-119.56764,33.24516],[-119.56764,33.24515]],[[-119.56505,33.24466],[-119.56506,33.24467],[-119.56506,33.24466],[-119.56505,33.24466]],[[-119.56506,33.2452],[-119.56507,33.24521],[-119.56507,33.2452],[-119.56506,33.2452]],[[-119.56478,33.2463],[-119.56477,33.24629],[-119.56477,33.2463],[-119.56478,33.2463]],[[-119.56701,33.2457],[-119.56702,33.24571],[-119.56702,33.2457],[-119.56701,33.2457]],[[-119.56669,33.24571],[-119.5667,33.24572],[-119.5667,33.24571],[-119.56669,33.24571]],[[-119.56674,33.2476],[-119.56675,33.24761],[-119.56675,33.2476],[-119.56674,33.2476]],[[-119.56478,33.24656],[-119.56479,33.24657],[-119.56479,33.24656],[-119.56478,33.24656]],[[-119.56748,33.25057],[-119.56747,33.25056],[-119.56747,33.25057],[-119.56748,33.25057]],[[-119.56716,33.25058],[-119.56715,33.25057],[-119.56715,33.25058],[-119.56716,33.25058]],[[-119.56744,33.24894],[-119.56743,33.24895],[-119.56744,33.24895],[-119.56744,33.24894]],[[-119.56774,33.24866],[-119.56775,33.24867],[-119.56775,33.24866],[-119.56774,33.24866]],[[-119.56742,33.24867],[-119.56743,33.24868],[-119.56743,33.24867],[-119.56742,33.24867]],[[-119.56742,33.2484],[-119.56741,33.24841],[-119.56742,33.24841],[-119.56742,33.2484]],[[-119.56773,33.2484],[-119.56774,33.24839],[-119.56773,33.24839],[-119.56773,33.2484]],[[-119.56404,33.24334],[-119.56405,33.24333],[-119.56404,33.24333],[-119.56404,33.24334]],[[-119.56242,33.2431],[-119.56245,33.24364],[-119.56244,33.2431],[-119.56242,33.2431]],[[-119.56245,33.24391],[-119.56246,33.24418],[-119.56246,33.24391],[-119.56245,33.24391]],[[-119.56248,33.24445],[-119.56247,33.24418],[-119.56246,33.24418],[-119.56248,33.24445]],[[-119.56146,33.24311],[-119.56147,33.24312],[-119.56147,33.24311],[-119.56146,33.24311]],[[-119.56114,33.24313],[-119.56115,33.24312],[-119.56114,33.24312],[-119.56114,33.24313]],[[-119.56242,33.24256],[-119.56241,33.24255],[-119.56241,33.24256],[-119.56242,33.24256]],[[-119.5621,33.24257],[-119.56209,33.24256],[-119.56209,33.24257],[-119.5621,33.24257]],[[-119.56143,33.24176],[-119.56142,33.24177],[-119.56143,33.24177],[-119.56143,33.24176]],[[-119.5624,33.24228],[-119.56241,33.24229],[-119.56241,33.24228],[-119.5624,33.24228]],[[-119.56339,33.24254],[-119.56338,33.24253],[-119.56338,33.24254],[-119.56339,33.24254]],[[-119.56146,33.24284],[-119.56145,33.24285],[-119.56146,33.24285],[-119.56146,33.24284]],[[-119.56114,33.24285],[-119.56113,33.24286],[-119.56114,33.24286],[-119.56114,33.24285]],[[-119.56213,33.24418],[-119.56214,33.24419],[-119.56214,33.24418],[-119.56213,33.24418]],[[-119.56409,33.24469],[-119.56408,33.24442],[-119.56408,33.24469],[-119.56409,33.24469]],[[-119.56409,33.24496],[-119.56378,33.2455],[-119.56411,33.2455],[-119.56411,33.24577],[-119.56413,33.24577],[-119.56409,33.24496]],[[-119.56405,33.2436],[-119.56406,33.24361],[-119.56406,33.2436],[-119.56405,33.2436]],[[-119.56309,33.24362],[-119.5631,33.24363],[-119.5631,33.24362],[-119.56309,33.24362]],[[-119.5631,33.24416],[-119.56311,33.24417],[-119.56311,33.24416],[-119.5631,33.24416]],[[-119.5595,33.2418],[-119.55949,33.24181],[-119.5595,33.24181],[-119.5595,33.2418]],[[-119.5595,33.24208],[-119.55951,33.24207],[-119.5595,33.24207],[-119.5595,33.24208]]],[[[-119.59513,33.24945],[-119.59321,33.24976],[-119.59321,33.24949],[-119.59513,33.24945]]],[[[-119.59096,33.24981],[-119.59064,33.25008],[-119.59064,33.24981],[-119.59096,33.24981]]],[[[-119.59451,33.25027],[-119.59483,33.25055],[-119.59451,33.25055],[-119.59451,33.25027]]],[[[-119.57527,33.25283],[-119.57559,33.25311],[-119.57527,33.25311],[-119.57527,33.25283]]],[[[-119.57375,33.25584],[-119.57471,33.25583],[-119.57472,33.25637],[-119.57376,33.25639],[-119.57375,33.25584]]],[[[-119.57185,33.25697],[-119.57215,33.25615],[-119.5728,33.25641],[-119.57249,33.25696],[-119.57185,33.25697]]],[[[-119.58088,33.25732],[-119.57992,33.25761],[-119.5799,33.25679],[-119.58086,33.25651],[-119.58118,33.25677],[-119.58088,33.25732]]],[[[-119.5799,33.25707],[-119.57959,33.25762],[-119.57958,33.25707],[-119.5799,33.25707]]],[[[-119.59924,33.25774],[-119.59956,33.25802],[-119.59924,33.25802],[-119.59924,33.25774]]],[[[-119.57349,33.25775],[-119.57317,33.25802],[-119.57317,33.25775],[-119.57349,33.25775]]],[[[-119.57995,33.25842],[-119.58027,33.25869],[-119.57995,33.25869],[-119.57995,33.25842]]],[[[-119.5758,33.25959],[-119.57612,33.25986],[-119.5758,33.25986],[-119.5758,33.25959]]],[[[-119.57613,33.25985],[-119.57645,33.26012],[-119.57613,33.26012],[-119.57613,33.25985]]],[[[-119.57645,33.26039],[-119.57645,33.26012],[-119.57645,33.26011],[-119.57677,33.26039],[-119.57645,33.26039]]],[[[-119.57749,33.26253],[-119.57781,33.2628],[-119.57749,33.2628],[-119.57749,33.26253]]],[[[-119.59622,33.26485],[-119.59526,33.26459],[-119.59621,33.26403],[-119.59622,33.26485]]],[[[-119.59783,33.26482],[-119.59721,33.26537],[-119.59657,33.26538],[-119.59622,33.2643],[-119.59781,33.26373],[-119.59783,33.26482]],[[-119.5972,33.26483],[-119.59719,33.26482],[-119.59719,33.26483],[-119.5972,33.26483]],[[-119.59719,33.26456],[-119.59718,33.26455],[-119.59718,33.26456],[-119.59719,33.26456]],[[-119.59688,33.26484],[-119.59687,33.26483],[-119.59687,33.26484],[-119.59688,33.26484]]],[[[-119.60078,33.26637],[-119.60012,33.26585],[-119.59977,33.2645],[-119.59978,33.26532],[-119.59913,33.26505],[-119.59912,33.26451],[-119.59848,33.2648],[-119.5991,33.2637],[-119.59974,33.26369],[-119.60007,33.26423],[-119.60136,33.26392],[-119.60201,33.26419],[-119.602,33.26364],[-119.60326,33.26308],[-119.60297,33.26444],[-119.60233,33.26445],[-119.60268,33.26526],[-119.60204,33.26553],[-119.60239,33.26634],[-119.60209,33.26716],[-119.60112,33.26691],[-119.6011,33.26609],[-119.60078,33.26637]],[[-119.60009,33.2645],[-119.60008,33.26423],[-119.60007,33.26423],[-119.60009,33.2645]],[[-119.60296,33.26362],[-119.60295,33.26363],[-119.60296,33.26363],[-119.60296,33.26362]],[[-119.60108,33.26583],[-119.60141,33.26582],[-119.60139,33.26501],[-119.60107,33.26529],[-119.60108,33.26583]],[[-119.60142,33.26609],[-119.60142,33.26582],[-119.60141,33.26582],[-119.60142,33.26609]],[[-119.60202,33.26472],[-119.60202,33.26445],[-119.60169,33.26446],[-119.60171,33.26472],[-119.60202,33.26472]],[[-119.60168,33.26419],[-119.60168,33.26446],[-119.60169,33.26446],[-119.60168,33.26419]],[[-119.60105,33.26447],[-119.60104,33.26448],[-119.60105,33.26448],[-119.60105,33.26447]],[[-119.60233,33.26391],[-119.60232,33.2639],[-119.60232,33.26391],[-119.60233,33.26391]],[[-119.60105,33.26475],[-119.60106,33.26474],[-119.60105,33.26474],[-119.60105,33.26475]],[[-119.60173,33.26582],[-119.60174,33.26581],[-119.60173,33.26581],[-119.60173,33.26582]],[[-119.6001,33.26476],[-119.60009,33.26477],[-119.6001,33.26477],[-119.6001,33.26476]],[[-119.6001,33.26504],[-119.60011,33.26503],[-119.6001,33.26503],[-119.6001,33.26504]]],[[[-119.58337,33.26538],[-119.58369,33.26566],[-119.58337,33.26566],[-119.58337,33.26538]]],[[[-119.58337,33.26593],[-119.58211,33.26649],[-119.5821,33.26595],[-119.58336,33.26511],[-119.58337,33.26593]],[[-119.58243,33.26621],[-119.58242,33.26621],[-119.58242,33.26622],[-119.58243,33.26621]]],[[[-119.5731,33.26668],[-119.5731,33.2664],[-119.57404,33.26585],[-119.57406,33.26667],[-119.5731,33.26668]]],[[[-119.59853,33.26643],[-119.59789,33.26616],[-119.59853,33.26615],[-119.59853,33.26643]]],[[[-119.59599,33.26755],[-119.59631,33.26783],[-119.59599,33.26783],[-119.59599,33.26755]]],[[[-119.59535,33.26784],[-119.59503,33.26812],[-119.59503,33.26784],[-119.59535,33.26784]]],[[[-119.57347751338489,33.26826989886972],[-119.57346,33.26826],[-119.57346,33.26775],[-119.57378,33.26775],[-119.57347751338489,33.26826989886972]]],[[[-119.5751818904824,33.27149653194264],[-119.57613,33.27122],[-119.57611,33.2704],[-119.57515,33.27042],[-119.57489850704223,33.27086619718312],[-119.57483822281166,33.270922015915126],[-119.57481,33.27016],[-119.5745,33.27071],[-119.57478,33.26881],[-119.57445,33.26881],[-119.57443,33.268],[-119.57387694754158,33.26801701699872],[-119.57386,33.26798],[-119.5738442341315,33.26801802356518],[-119.57378,33.26802],[-119.5744,33.26692],[-119.57407,33.26693],[-119.57403,33.26531],[-119.57336,33.26478],[-119.57431,33.26395],[-119.5743,33.26341],[-119.57365,33.26342],[-119.57366,33.26397],[-119.57311861538462,33.26420202197802],[-119.5730015802107,33.26411633551141],[-119.57266,33.26263],[-119.57201,33.26264],[-119.57201,33.2621],[-119.57254374655646,33.26161790633609],[-119.57266049233628,33.26155266604737],[-119.57328,33.26181],[-119.57421,33.26044],[-119.57386,33.25935],[-119.57446,33.258],[-119.57282,33.25722],[-119.57312,33.25613],[-119.57442,33.25692],[-119.57444,33.25772],[-119.57443,33.25691],[-119.57571,33.25689],[-119.57605,33.25742],[-119.57607,33.25824],[-119.57542,33.25824],[-119.57482,33.25961],[-119.57488,33.26178],[-119.57618,33.26175],[-119.57619,33.26256],[-119.57587,33.26256],[-119.57557,33.26311],[-119.57655,33.26336],[-119.57595,33.26527],[-119.57532,33.26528],[-119.5757,33.26771],[-119.57635,33.26743],[-119.57604,33.26824],[-119.5767,33.2685],[-119.57574,33.26906],[-119.57608,33.26933],[-119.57577,33.26987],[-119.57674,33.26985],[-119.57676,33.27066],[-119.57675,33.27011],[-119.57738,33.26984],[-119.57772,33.27064],[-119.57836,33.27036],[-119.57838,33.27117],[-119.57837,33.27035],[-119.57902,33.27061],[-119.57839,33.27117],[-119.57841,33.27198],[-119.5794,33.27277],[-119.57943,33.27412],[-119.57942,33.2733],[-119.58006,33.2733],[-119.5804,33.27383],[-119.58077,33.27599],[-119.58077,33.27544],[-119.58174,33.2757],[-119.58144,33.27652],[-119.5828,33.2792],[-119.58216,33.2792],[-119.58217,33.27948],[-119.5825,33.28001],[-119.58315,33.27999],[-119.58318,33.28108],[-119.58385,33.28215],[-119.58257,33.28217],[-119.58256,33.28136],[-119.58125,33.28085],[-119.58122,33.27976],[-119.58124,33.28085],[-119.57964,33.28088],[-119.57957,33.27845],[-119.57891,33.27819],[-119.57888,33.27684],[-119.57789,33.27632],[-119.5782,33.27577],[-119.57787,33.27523],[-119.57849,33.27468],[-119.57751,33.27443],[-119.57782,33.27362],[-119.57779,33.27253],[-119.57714,33.27282],[-119.57712,33.27174],[-119.57646,33.27148],[-119.57645,33.27067],[-119.57645,33.27148],[-119.57518393696276,33.27149978223496],[-119.5751818904824,33.27149653194264]],[[-119.57329,33.26208],[-119.57329,33.26181],[-119.57328,33.26181],[-119.57329,33.26208]],[[-119.5733,33.26235],[-119.5733,33.26208],[-119.57329,33.26208],[-119.5733,33.26235]],[[-119.57782,33.27388],[-119.57783,33.27389],[-119.57783,33.27388],[-119.57782,33.27388]],[[-119.57776,33.27199],[-119.57777,33.272],[-119.57777,33.27199],[-119.57776,33.27199]],[[-119.58153,33.27976],[-119.58154,33.27949],[-119.58153,33.27949],[-119.58153,33.27976]],[[-119.58152,33.27949],[-119.58151,33.27868],[-119.5815,33.27868],[-119.58152,33.27949]],[[-119.58183,33.27867],[-119.58182,33.2784],[-119.58182,33.27867],[-119.58183,33.27867]],[[-119.58181,33.27813],[-119.58181,33.2784],[-119.58182,33.2784],[-119.58181,33.27813]],[[-119.5818,33.27813],[-119.5818,33.27759],[-119.58179,33.27759],[-119.5818,33.27813]],[[-119.58287,33.28135],[-119.58285,33.28027],[-119.58283,33.28027],[-119.58286,33.28109],[-119.58287,33.28135]],[[-119.58219,33.28028],[-119.5822,33.28029],[-119.5822,33.28028],[-119.58219,33.28028]],[[-119.58218,33.27974],[-119.58186,33.28002],[-119.58219,33.28002],[-119.58218,33.27974]],[[-119.57991,33.27925],[-119.5799,33.27898],[-119.5799,33.27925],[-119.57991,33.27925]],[[-119.57989,33.27817],[-119.57987,33.27817],[-119.5799,33.27898],[-119.57989,33.27817]],[[-119.57982,33.27601],[-119.57981,33.276],[-119.57981,33.27601],[-119.57982,33.27601]],[[-119.57978,33.27466],[-119.57977,33.27465],[-119.57977,33.27466],[-119.57978,33.27466]],[[-119.57977,33.27412],[-119.57976,33.27411],[-119.57976,33.27412],[-119.57977,33.27412]],[[-119.57976,33.27385],[-119.57975,33.27384],[-119.57975,33.27385],[-119.57976,33.27385]],[[-119.58019,33.27816],[-119.5802,33.27789],[-119.58019,33.27789],[-119.58019,33.27816]],[[-119.58018,33.27762],[-119.58018,33.27789],[-119.58019,33.27789],[-119.58018,33.27762]],[[-119.58018,33.27708],[-119.58016,33.27708],[-119.58018,33.27762],[-119.58018,33.27708]],[[-119.58047,33.27626],[-119.58046,33.27599],[-119.58046,33.27626],[-119.58047,33.27626]],[[-119.58048,33.27654],[-119.58048,33.27708],[-119.5805,33.27708],[-119.58048,33.27654]],[[-119.58044,33.27572],[-119.58045,33.27573],[-119.58045,33.27572],[-119.58044,33.27572]],[[-119.58147,33.27732],[-119.58146,33.27733],[-119.58147,33.27733],[-119.58147,33.27732]],[[-119.58146,33.27706],[-119.58145,33.27705],[-119.58145,33.27706],[-119.58146,33.27706]],[[-119.58144,33.27678],[-119.58145,33.27679],[-119.58145,33.27678],[-119.58144,33.27678]],[[-119.58051,33.27734],[-119.5805,33.27735],[-119.58051,33.27735],[-119.58051,33.27734]],[[-119.58055,33.27896],[-119.58054,33.27897],[-119.58055,33.27897],[-119.58055,33.27896]],[[-119.58149,33.2784],[-119.5815,33.27841],[-119.5815,33.2784],[-119.58149,33.2784]],[[-119.58117,33.27841],[-119.58118,33.27842],[-119.58118,33.27841],[-119.58117,33.27841]],[[-119.58023,33.27924],[-119.58024,33.27925],[-119.58024,33.27924],[-119.58023,33.27924]],[[-119.58022,33.27898],[-119.58023,33.27897],[-119.58022,33.27897],[-119.58022,33.27898]],[[-119.58028,33.2806],[-119.58027,33.28059],[-119.58027,33.2806],[-119.58028,33.2806]],[[-119.57996,33.2806],[-119.57995,33.28061],[-119.57996,33.28061],[-119.57996,33.2806]],[[-119.5809,33.28031],[-119.58091,33.28032],[-119.58091,33.28031],[-119.5809,33.28031]],[[-119.58026,33.28032],[-119.58027,33.28033],[-119.58027,33.28032],[-119.58026,33.28032]],[[-119.57913,33.27467],[-119.57915,33.27548],[-119.57916,33.27548],[-119.57913,33.27467]],[[-119.57912,33.2744],[-119.57912,33.27467],[-119.57913,33.27467],[-119.57912,33.2744]],[[-119.5788,33.27468],[-119.57881,33.27467],[-119.5788,33.27467],[-119.5788,33.27468]],[[-119.57909,33.27305],[-119.57908,33.27304],[-119.57908,33.27305],[-119.57909,33.27305]],[[-119.57877,33.27306],[-119.57876,33.27305],[-119.57876,33.27306],[-119.57877,33.27306]],[[-119.57875,33.27279],[-119.57876,33.27278],[-119.57875,33.27278],[-119.57875,33.27279]],[[-119.57806,33.27118],[-119.57809,33.27253],[-119.57811,33.27253],[-119.57806,33.27118]],[[-119.57812,33.27333],[-119.57813,33.27334],[-119.57813,33.27333],[-119.57812,33.27333]],[[-119.57949,33.27574],[-119.57948,33.27575],[-119.57949,33.27575],[-119.57949,33.27574]],[[-119.57852,33.27576],[-119.57885,33.27603],[-119.57886,33.27657],[-119.57887,33.27657],[-119.57917,33.27575],[-119.57852,33.27576]],[[-119.57881,33.27495],[-119.57882,33.27494],[-119.57881,33.27494],[-119.57881,33.27495]],[[-119.57849,33.27496],[-119.5785,33.27495],[-119.57849,33.27495],[-119.57849,33.27496]],[[-119.5795,33.27628],[-119.57951,33.27629],[-119.57951,33.27628],[-119.5795,33.27628]],[[-119.57949,33.27602],[-119.5795,33.27601],[-119.57949,33.27601],[-119.57949,33.27602]],[[-119.57853,33.2763],[-119.57854,33.27631],[-119.57854,33.2763],[-119.57853,33.2763]],[[-119.57954,33.2779],[-119.57955,33.27791],[-119.57955,33.2779],[-119.57954,33.2779]],[[-119.57953,33.27737],[-119.57954,33.27736],[-119.57953,33.27736],[-119.57953,33.27737]],[[-119.57923,33.27792],[-119.57922,33.27791],[-119.57922,33.27792],[-119.57923,33.27792]],[[-119.57436,33.26557],[-119.57435,33.2653],[-119.57435,33.26557],[-119.57436,33.26557]],[[-119.57434,33.2653],[-119.57433,33.26449],[-119.57432,33.26449],[-119.57434,33.2653]],[[-119.57425,33.26206],[-119.57426,33.26205],[-119.57425,33.26205],[-119.57425,33.26206]],[[-119.57422,33.26098],[-119.57423,33.26097],[-119.57422,33.26097],[-119.57422,33.26098]],[[-119.57421,33.26071],[-119.57422,33.2607],[-119.57421,33.2607],[-119.57421,33.26071]],[[-119.57563,33.26501],[-119.57562,33.265],[-119.57562,33.26501],[-119.57563,33.26501]],[[-119.57562,33.26474],[-119.57561,33.26473],[-119.57561,33.26474],[-119.57562,33.26474]],[[-119.57572,33.26798],[-119.57571,33.26797],[-119.57571,33.26798],[-119.57572,33.26798]],[[-119.5771,33.27093],[-119.57709,33.27092],[-119.57709,33.27093],[-119.5771,33.27093]],[[-119.57707,33.27039],[-119.57708,33.27038],[-119.57707,33.27038],[-119.57707,33.27039]],[[-119.57708,33.27065],[-119.57709,33.27066],[-119.57709,33.27065],[-119.57708,33.27065]],[[-119.57739,33.27038],[-119.5774,33.27037],[-119.57739,33.27037],[-119.57739,33.27038]],[[-119.57509,33.25744],[-119.57478,33.25799],[-119.5751,33.25798],[-119.57509,33.25744]],[[-119.57449,33.2588],[-119.57448,33.25881],[-119.57449,33.25881],[-119.57449,33.2588]],[[-119.5751,33.25825],[-119.57511,33.25826],[-119.57511,33.25825],[-119.5751,33.25825]],[[-119.57511,33.25853],[-119.57512,33.25852],[-119.57511,33.25852],[-119.57511,33.25853]],[[-119.57447,33.25854],[-119.57448,33.25853],[-119.57447,33.25853],[-119.57447,33.25854]],[[-119.57495,33.26367],[-119.57494,33.26366],[-119.57494,33.26367],[-119.57495,33.26367]],[[-119.57463,33.26394],[-119.57462,33.26367],[-119.57462,33.26394],[-119.57463,33.26394]],[[-119.57464,33.26421],[-119.57464,33.26394],[-119.57463,33.26394],[-119.57464,33.26421]],[[-119.57465,33.26448],[-119.57465,33.26421],[-119.57464,33.26421],[-119.57465,33.26448]],[[-119.57492,33.26258],[-119.57491,33.26286],[-119.57492,33.26286],[-119.57492,33.26258]],[[-119.57491,33.26231],[-119.57489,33.26204],[-119.5749,33.26231],[-119.57491,33.26231]],[[-119.57493,33.26286],[-119.57493,33.2634],[-119.57494,33.2634],[-119.57493,33.26286]],[[-119.57499,33.26501],[-119.57498,33.26502],[-119.57499,33.26502],[-119.57499,33.26501]],[[-119.57467,33.26502],[-119.57466,33.26503],[-119.57467,33.26503],[-119.57467,33.26502]],[[-119.57465,33.26476],[-119.57466,33.26475],[-119.57465,33.26475],[-119.57465,33.26476]],[[-119.57467,33.2653],[-119.57468,33.26529],[-119.57467,33.26529],[-119.57467,33.2653]],[[-119.5751,33.26907],[-119.57513,33.27015],[-119.5751,33.2688],[-119.5751,33.26907]],[[-119.57538,33.26771],[-119.57542,33.2688],[-119.57539,33.26771],[-119.57538,33.26771]],[[-119.57471,33.26692],[-119.57472,33.26691],[-119.57471,33.26691],[-119.57471,33.26692]],[[-119.57545,33.2696],[-119.57544,33.26961],[-119.57545,33.26961],[-119.57545,33.2696]],[[-119.57347,33.25721],[-119.57346,33.2572],[-119.57346,33.25721],[-119.57347,33.25721]],[[-119.57394,33.26261],[-119.57395,33.2626],[-119.57394,33.2626],[-119.57394,33.26261]],[[-119.57393,33.26179],[-119.57392,33.2618],[-119.57393,33.2618],[-119.57393,33.26179]],[[-119.57393,33.26207],[-119.57394,33.26206],[-119.57393,33.26206],[-119.57393,33.26207]],[[-119.57299,33.26316],[-119.57299,33.26262],[-119.57298,33.26262],[-119.57299,33.26316]],[[-119.573,33.26316],[-119.57301,33.26344],[-119.57301,33.26316],[-119.573,33.26316]],[[-119.57297,33.26236],[-119.57298,33.26235],[-119.57297,33.26235],[-119.57297,33.26236]]],[[[-119.59445610093486,33.270293406551644],[-119.59351,33.27112],[-119.59318,33.27031],[-119.594456001851,33.270290062471084],[-119.59445610093486,33.270293406551644]]],[[[-119.60123,33.27042],[-119.60127,33.27232],[-119.60095,33.27232],[-119.60061,33.27151],[-119.60091,33.27042],[-119.60123,33.27042]]],[[[-119.5767747644998,33.273739435578044],[-119.57679271151034,33.27363589513265],[-119.57717,33.27363],[-119.57717,33.2739],[-119.5767747644998,33.273739435578044]]],[[[-119.5878,33.27395],[-119.58716,33.27369],[-119.5878,33.27368],[-119.5878,33.27395]]],[[[-119.57624236966825,33.27392957345971],[-119.57654,33.27419],[-119.57622,33.27419],[-119.57622,33.27393809523809],[-119.57624236966825,33.27392957345971]]],[[[-119.59888,33.26722],[-119.59985,33.2672],[-119.60017,33.26747],[-119.59986,33.26802],[-119.60052,33.26827],[-119.59957,33.26883],[-119.59958,33.26937],[-119.60023,33.26936],[-119.60057,33.2699],[-119.59998,33.27153],[-119.60039,33.27504],[-119.60098,33.27285],[-119.60195,33.27311],[-119.60226,33.27256],[-119.6029,33.27255],[-119.6026,33.27364],[-119.60326,33.27362],[-119.60295,33.27444],[-119.60392,33.27443],[-119.60429,33.27631],[-119.60462,33.2763],[-119.60464,33.27739],[-119.60432,33.27739],[-119.604,33.27713],[-119.60431,33.27658],[-119.60366,33.27659],[-119.60362,33.27497],[-119.60361,33.27497],[-119.60363,33.27579],[-119.603,33.27579],[-119.60301,33.27661],[-119.60269,33.27661],[-119.60307,33.27823],[-119.60435,33.2782],[-119.60438,33.27901],[-119.60466,33.27738],[-119.6053,33.27737],[-119.60499,33.27765],[-119.60532,33.27818],[-119.60501,33.27873],[-119.606,33.27925],[-119.606,33.27979],[-119.60633,33.27951],[-119.60732,33.2803],[-119.60768,33.28192],[-119.60704,33.28193],[-119.60703,33.28112],[-119.6067,33.28167],[-119.60669,33.28112],[-119.60511,33.28197],[-119.60543,33.2817],[-119.6054,33.28088],[-119.60541,33.28143],[-119.60445,33.28117],[-119.6051,33.28198],[-119.60414,33.28199],[-119.60349,33.28146],[-119.60384,33.28254],[-119.6032,33.28255],[-119.60319,33.28201],[-119.60317,33.28201],[-119.60287,33.28283],[-119.60127,33.28286],[-119.60093,33.28206],[-119.60094,33.28288],[-119.59966,33.28289],[-119.59966,33.28236],[-119.59834,33.28184],[-119.59831,33.28076],[-119.59701,33.28025],[-119.59732,33.27969],[-119.59829,33.27995],[-119.59827,33.27941],[-119.59731,33.27943],[-119.5973,33.27889],[-119.59697,33.27916],[-119.59599,33.27837],[-119.5963,33.27783],[-119.59596,33.27729],[-119.59725,33.27754],[-119.59787,33.27671],[-119.59789,33.27753],[-119.5979,33.27753],[-119.59788,33.27671],[-119.59885,33.27723],[-119.59883,33.27642],[-119.59818,33.27617],[-119.59817,33.27562],[-119.59815,33.27562],[-119.59818,33.27644],[-119.59785,33.27644],[-119.59784,33.27563],[-119.59751,33.27564],[-119.59782,33.27482],[-119.59717,33.27483],[-119.59683,33.27403],[-119.59683,33.27458],[-119.59555,33.2746],[-119.59521,33.27352],[-119.5949,33.27462],[-119.59361,33.2741],[-119.59393,33.27382],[-119.59391,33.27328],[-119.59325,33.27302],[-119.59354,33.27193],[-119.5942,33.27219],[-119.59481,33.2711],[-119.59448,33.2711],[-119.59445610093486,33.270293406551644],[-119.59446,33.27029],[-119.594456001851,33.270290062471084],[-119.59444,33.26975],[-119.59315,33.2695],[-119.59475,33.26921],[-119.59476,33.26974],[-119.59541,33.26973],[-119.59581,33.2727],[-119.59579,33.27161],[-119.59676,33.2716],[-119.59646,33.27269],[-119.59679,33.27268],[-119.59647,33.27323],[-119.5955,33.27298],[-119.59553,33.27379],[-119.59682,33.27376],[-119.59737,33.27077],[-119.59572,33.26945],[-119.59602,33.26836],[-119.59697,33.26808],[-119.59698,33.26862],[-119.59699,33.26862],[-119.59697,33.2678],[-119.59761,33.2678],[-119.5979,33.2667],[-119.59887,33.26696],[-119.59888,33.26777],[-119.59888,33.26722]],[[-119.60439,33.27928],[-119.60439,33.27901],[-119.60438,33.27901],[-119.60439,33.27928]],[[-119.60539,33.28061],[-119.60539,33.28088],[-119.6054,33.28088],[-119.60539,33.28061]],[[-119.60347,33.28119],[-119.60348,33.28146],[-119.60349,33.28146],[-119.60347,33.28119]],[[-119.59477,33.27002],[-119.59477,33.26974],[-119.59476,33.26974],[-119.59477,33.27002]],[[-119.59729,33.27889],[-119.59727,33.27862],[-119.59728,33.27889],[-119.59729,33.27889]],[[-119.59714,33.27348],[-119.59714,33.27402],[-119.59747,33.27402],[-119.59714,33.27348]],[[-119.59889,33.26777],[-119.5989,33.26804],[-119.5989,33.26777],[-119.59889,33.26777]],[[-119.59891,33.26831],[-119.59891,33.26804],[-119.5989,33.26804],[-119.59891,33.26831]],[[-119.6026,33.27337],[-119.60259,33.2731],[-119.60259,33.27337],[-119.6026,33.27337]],[[-119.60258,33.27283],[-119.60258,33.2731],[-119.60259,33.2731],[-119.60258,33.27283]],[[-119.60253,33.28202],[-119.60254,33.28203],[-119.60254,33.28202],[-119.60253,33.28202]],[[-119.60252,33.28175],[-119.60253,33.28176],[-119.60253,33.28175],[-119.60252,33.28175]],[[-119.60251,33.28121],[-119.60252,33.28122],[-119.60252,33.28121],[-119.60251,33.28121]],[[-119.60246,33.27987],[-119.60246,33.27959],[-119.60244,33.27878],[-119.60246,33.27987]],[[-119.60475,33.28063],[-119.60474,33.28062],[-119.60474,33.28063],[-119.60475,33.28063]],[[-119.60341,33.27903],[-119.60408,33.2801],[-119.60505,33.28008],[-119.60374,33.27902],[-119.60341,33.27903]],[[-119.60471,33.27901],[-119.6047,33.279],[-119.6047,33.27901],[-119.60471,33.27901]],[[-119.6047,33.27874],[-119.60469,33.27873],[-119.60469,33.27874],[-119.6047,33.27874]],[[-119.60469,33.27847],[-119.60468,33.27846],[-119.60468,33.27847],[-119.60469,33.27847]],[[-119.6057,33.27979],[-119.60571,33.28061],[-119.60572,33.28061],[-119.6057,33.27979]],[[-119.60567,33.27952],[-119.60568,33.27953],[-119.60568,33.27952],[-119.60567,33.27952]],[[-119.60537,33.28008],[-119.60538,33.28007],[-119.60537,33.28007],[-119.60537,33.28008]],[[-119.60606,33.28141],[-119.60574,33.28115],[-119.60574,33.28142],[-119.60606,33.28141]],[[-119.60669,33.28085],[-119.60668,33.28086],[-119.60669,33.28086],[-119.60669,33.28085]],[[-119.60396,33.27577],[-119.60397,33.27578],[-119.60397,33.27577],[-119.60396,33.27577]],[[-119.60396,33.2755],[-119.60395,33.27551],[-119.60396,33.27551],[-119.60396,33.2755]],[[-119.60328,33.27471],[-119.60329,33.2747],[-119.60328,33.2747],[-119.60328,33.27471]],[[-119.60296,33.27472],[-119.60297,33.27471],[-119.60296,33.27471],[-119.60296,33.27472]],[[-119.60397,33.27631],[-119.60398,33.27632],[-119.60398,33.27631],[-119.60397,33.27631]],[[-119.60377,33.28038],[-119.60378,33.28011],[-119.60377,33.28011],[-119.60377,33.28038]],[[-119.60379,33.28065],[-119.60379,33.28119],[-119.60381,33.28119],[-119.60379,33.28065]],[[-119.60279,33.27986],[-119.6028,33.27985],[-119.60279,33.27985],[-119.60279,33.27986]],[[-119.60273,33.27796],[-119.60276,33.27877],[-119.60275,33.27796],[-119.60273,33.27796]],[[-119.60372,33.27875],[-119.60373,33.27876],[-119.60373,33.27875],[-119.60372,33.27875]],[[-119.60278,33.27958],[-119.60279,33.27959],[-119.60279,33.27958],[-119.60278,33.27958]],[[-119.60375,33.27984],[-119.60376,33.27983],[-119.60375,33.27983],[-119.60375,33.27984]],[[-119.60281,33.28012],[-119.6028,33.28013],[-119.60281,33.28013],[-119.60281,33.28012]],[[-119.60442,33.28064],[-119.60443,33.28063],[-119.60442,33.28063],[-119.60442,33.28064]],[[-119.60346,33.28093],[-119.60347,33.28092],[-119.60346,33.28092],[-119.60346,33.28093]],[[-119.60446,33.28172],[-119.60445,33.28171],[-119.60445,33.28172],[-119.60446,33.28172]],[[-119.60351,33.28228],[-119.60352,33.28227],[-119.60351,33.28227],[-119.60351,33.28228]],[[-119.59993,33.28127],[-119.59996,33.28235],[-119.59998,33.28235],[-119.59995,33.28127],[-119.59993,33.28127]],[[-119.5992,33.27804],[-119.59922,33.27912],[-119.59924,33.27912],[-119.59921,33.27831],[-119.5992,33.27804]],[[-119.59916,33.27696],[-119.59917,33.27695],[-119.59916,33.27695],[-119.59916,33.27696]],[[-119.59915,33.27669],[-119.59916,33.27668],[-119.59915,33.27668],[-119.59915,33.27669]],[[-119.59914,33.27642],[-119.59915,33.27641],[-119.59914,33.27641],[-119.59914,33.27642]],[[-119.5998,33.27667],[-119.59978,33.27586],[-119.59913,33.2756],[-119.59947,33.27668],[-119.5998,33.27667]],[[-119.59981,33.27694],[-119.59981,33.27667],[-119.5998,33.27667],[-119.59981,33.27694]],[[-119.59912,33.27533],[-119.5988,33.27561],[-119.59912,33.2756],[-119.59912,33.27533]],[[-119.5991,33.2748],[-119.59911,33.27479],[-119.5991,33.27479],[-119.5991,33.2748]],[[-119.59907,33.27371],[-119.59904,33.27263],[-119.59903,33.27263],[-119.59907,33.27371]],[[-119.60155,33.28177],[-119.60158,33.28259],[-119.60159,33.28259],[-119.60157,33.28177],[-119.60155,33.28177]],[[-119.60089,33.28071],[-119.60088,33.2807],[-119.60088,33.28071],[-119.60089,33.28071]],[[-119.60086,33.27963],[-119.60085,33.27962],[-119.60085,33.27963],[-119.60086,33.27963]],[[-119.60085,33.27936],[-119.60082,33.27855],[-119.60084,33.27936],[-119.60085,33.27936]],[[-119.6008,33.27774],[-119.60079,33.27773],[-119.60079,33.27774],[-119.6008,33.27774]],[[-119.60079,33.27747],[-119.60078,33.27746],[-119.60078,33.27747],[-119.60079,33.27747]],[[-119.60232,33.27446],[-119.60231,33.27473],[-119.60232,33.27473],[-119.60232,33.27446]],[[-119.6023,33.27446],[-119.60228,33.27337],[-119.60195,33.27338],[-119.6023,33.27446]],[[-119.60203,33.27555],[-119.60201,33.27473],[-119.60199,33.27473],[-119.60201,33.27555],[-119.60203,33.27555]],[[-119.60133,33.27366],[-119.60132,33.27367],[-119.60133,33.27367],[-119.60133,33.27366]],[[-119.60226,33.27311],[-119.60227,33.2731],[-119.60226,33.2731],[-119.60226,33.27311]],[[-119.60133,33.2742],[-119.60134,33.27421],[-119.60134,33.2742],[-119.60133,33.2742]],[[-119.60101,33.27421],[-119.60102,33.27422],[-119.60102,33.27421],[-119.60101,33.27421]],[[-119.6021,33.27852],[-119.60211,33.27851],[-119.6021,33.27851],[-119.6021,33.27852]],[[-119.60178,33.27853],[-119.60179,33.27852],[-119.60178,33.27852],[-119.60178,33.27853]],[[-119.60171,33.27582],[-119.60172,33.27663],[-119.60174,33.27663],[-119.60171,33.27582]],[[-119.6017,33.27555],[-119.6017,33.27582],[-119.60171,33.27582],[-119.6017,33.27555]],[[-119.60105,33.27529],[-119.60104,33.2753],[-119.60105,33.2753],[-119.60105,33.27529]],[[-119.60233,33.27527],[-119.60234,33.27526],[-119.60233,33.27526],[-119.60233,33.27527]],[[-119.60106,33.27583],[-119.60107,33.27584],[-119.60107,33.27583],[-119.60106,33.27583]],[[-119.60137,33.27556],[-119.60138,33.27555],[-119.60137,33.27555],[-119.60137,33.27556]],[[-119.60105,33.27557],[-119.60106,33.27556],[-119.60105,33.27556],[-119.60105,33.27557]],[[-119.60143,33.27718],[-119.60142,33.27691],[-119.60142,33.27718],[-119.60143,33.27718]],[[-119.6014,33.27664],[-119.60141,33.27691],[-119.60142,33.27691],[-119.6014,33.27664]],[[-119.60206,33.27689],[-119.60207,33.2769],[-119.60207,33.27689],[-119.60206,33.27689]],[[-119.60174,33.2769],[-119.60175,33.27691],[-119.60175,33.2769],[-119.60174,33.2769]],[[-119.60205,33.27663],[-119.60206,33.27662],[-119.60205,33.27662],[-119.60205,33.27663]],[[-119.60216,33.28014],[-119.60215,33.27987],[-119.60215,33.28014],[-119.60216,33.28014]],[[-119.60179,33.27879],[-119.6018,33.2788],[-119.6018,33.27879],[-119.60179,33.27879]],[[-119.6018,33.27907],[-119.60181,33.27906],[-119.6018,33.27906],[-119.6018,33.27907]],[[-119.60183,33.28015],[-119.60184,33.28014],[-119.60183,33.28014],[-119.60183,33.28015]],[[-119.60151,33.28016],[-119.60152,33.28015],[-119.60151,33.28015],[-119.60151,33.28016]],[[-119.60188,33.2815],[-119.60187,33.28123],[-119.60187,33.2815],[-119.60188,33.2815]],[[-119.60186,33.28123],[-119.60186,33.28069],[-119.60184,33.28069],[-119.60186,33.28123]],[[-119.60152,33.2807],[-119.60153,33.28069],[-119.60152,33.28069],[-119.60152,33.2807]],[[-119.59966,33.27181],[-119.59964,33.27127],[-119.59965,33.27181],[-119.59966,33.27181]],[[-119.59963,33.271],[-119.59963,33.27127],[-119.59964,33.27127],[-119.59963,33.271]],[[-119.59962,33.27073],[-119.59962,33.271],[-119.59963,33.271],[-119.59962,33.27073]],[[-119.59994,33.27072],[-119.59993,33.26991],[-119.59991,33.26991],[-119.59994,33.27072]],[[-119.5996,33.26991],[-119.59959,33.26992],[-119.5996,33.26992],[-119.5996,33.26991]],[[-119.59987,33.26829],[-119.59988,33.26828],[-119.59987,33.26828],[-119.59987,33.26829]],[[-119.59955,33.2683],[-119.59956,33.26829],[-119.59955,33.26829],[-119.59955,33.2683]],[[-119.59962,33.27045],[-119.59961,33.27046],[-119.59962,33.27046],[-119.59962,33.27045]],[[-119.5996,33.27019],[-119.59961,33.27018],[-119.5996,33.27018],[-119.5996,33.27019]],[[-119.59936,33.27262],[-119.59935,33.27235],[-119.59935,33.27262],[-119.59936,33.27262]],[[-119.59934,33.27235],[-119.59934,33.27181],[-119.59933,33.27181],[-119.59934,33.27235]],[[-119.59932,33.27155],[-119.59933,33.27154],[-119.59932,33.27154],[-119.59932,33.27155]],[[-119.59938,33.27343],[-119.59939,33.27344],[-119.59939,33.27343],[-119.59938,33.27343]],[[-119.59938,33.27317],[-119.59937,33.27316],[-119.59937,33.27317],[-119.59938,33.27317]],[[-119.59939,33.27371],[-119.5994,33.2737],[-119.59939,33.2737],[-119.59939,33.27371]],[[-119.60012,33.2764],[-119.60011,33.27639],[-119.60011,33.2764],[-119.60012,33.2764]],[[-119.60009,33.27531],[-119.60008,33.27559],[-119.60009,33.27559],[-119.60009,33.27531]],[[-119.60008,33.27531],[-119.60007,33.27504],[-119.60007,33.27531],[-119.60008,33.27531]],[[-119.6001,33.27559],[-119.6001,33.27613],[-119.60011,33.27613],[-119.6001,33.27559]],[[-119.60006,33.27477],[-119.60007,33.27478],[-119.60007,33.27477],[-119.60006,33.27477]],[[-119.60005,33.27451],[-119.60006,33.2745],[-119.60005,33.2745],[-119.60005,33.27451]],[[-119.59952,33.27803],[-119.59949,33.27695],[-119.59948,33.27695],[-119.5995,33.27776],[-119.59952,33.27803]],[[-119.60012,33.27667],[-119.60013,33.27666],[-119.60012,33.27666],[-119.60012,33.27667]],[[-119.59984,33.27802],[-119.59985,33.27803],[-119.59985,33.27802],[-119.59984,33.27802]],[[-119.60015,33.27775],[-119.60016,33.27774],[-119.60015,33.27774],[-119.60015,33.27775]],[[-119.59983,33.27776],[-119.59984,33.27775],[-119.59983,33.27775],[-119.59983,33.27776]],[[-119.60057,33.28072],[-119.60056,33.28071],[-119.60056,33.28072],[-119.60057,33.28072]],[[-119.60023,33.28045],[-119.60025,33.28072],[-119.60024,33.28045],[-119.60023,33.28045]],[[-119.60025,33.28099],[-119.60026,33.28126],[-119.60026,33.28099],[-119.60025,33.28099]],[[-119.60054,33.27963],[-119.60053,33.2799],[-119.60054,33.2799],[-119.60054,33.27963]],[[-119.60053,33.27963],[-119.60052,33.27936],[-119.60052,33.27963],[-119.60053,33.27963]],[[-119.60055,33.2799],[-119.60055,33.28045],[-119.60056,33.28045],[-119.60055,33.2799]],[[-119.59989,33.27964],[-119.59988,33.27965],[-119.59989,33.27965],[-119.59989,33.27964]],[[-119.59989,33.27991],[-119.5999,33.27992],[-119.5999,33.27991],[-119.59989,33.27991]],[[-119.59957,33.27992],[-119.59958,33.27993],[-119.59958,33.27992],[-119.59957,33.27992]],[[-119.59956,33.27966],[-119.59957,33.27965],[-119.59956,33.27965],[-119.59956,33.27966]],[[-119.5996,33.281],[-119.59961,33.28101],[-119.59961,33.281],[-119.5996,33.281]],[[-119.59959,33.28074],[-119.5996,33.28073],[-119.59959,33.28073],[-119.59959,33.28074]],[[-119.60057,33.28099],[-119.60058,33.28098],[-119.60057,33.28098],[-119.60057,33.28099]],[[-119.60058,33.28125],[-119.60059,33.28126],[-119.60059,33.28125],[-119.60058,33.28125]],[[-119.59961,33.28128],[-119.59962,33.28127],[-119.59961,33.28127],[-119.59961,33.28128]],[[-119.6006,33.28206],[-119.60061,33.28207],[-119.60061,33.28206],[-119.6006,33.28206]],[[-119.60061,33.28234],[-119.60062,33.28233],[-119.60061,33.28233],[-119.60061,33.28234]],[[-119.59963,33.28181],[-119.59962,33.28182],[-119.59963,33.28182],[-119.59963,33.28181]],[[-119.59716,33.2743],[-119.59715,33.27429],[-119.59715,33.2743],[-119.59716,33.2743]],[[-119.59745,33.27321],[-119.5974,33.27213],[-119.59743,33.27321],[-119.59745,33.27321]],[[-119.5983,33.2694],[-119.59831,33.27021],[-119.59833,33.27021],[-119.5983,33.2694]],[[-119.59829,33.26913],[-119.59829,33.2694],[-119.5983,33.2694],[-119.59829,33.26913]],[[-119.59794,33.26806],[-119.59793,33.26805],[-119.59793,33.26806],[-119.59794,33.26806]],[[-119.59792,33.26779],[-119.59793,33.26778],[-119.59792,33.26778],[-119.59792,33.26779]],[[-119.59893,33.26884],[-119.59892,33.26885],[-119.59893,33.26885],[-119.59893,33.26884]],[[-119.59862,33.26913],[-119.59859,33.26831],[-119.59858,33.26831],[-119.5986,33.26913],[-119.59862,33.26913]],[[-119.59764,33.26887],[-119.59763,33.26888],[-119.59764,33.26888],[-119.59764,33.26887]],[[-119.59796,33.26913],[-119.59797,33.26914],[-119.59797,33.26913],[-119.59796,33.26913]],[[-119.59764,33.26914],[-119.59765,33.26915],[-119.59765,33.26914],[-119.59764,33.26914]],[[-119.59765,33.26942],[-119.59766,33.26941],[-119.59765,33.26941],[-119.59765,33.26942]],[[-119.59801,33.27103],[-119.59804,33.2713],[-119.59801,33.27076],[-119.59801,33.27103]],[[-119.59801,33.27049],[-119.59799,33.27022],[-119.598,33.27049],[-119.59801,33.27049]],[[-119.5977,33.27104],[-119.59769,33.27103],[-119.59769,33.27104],[-119.5977,33.27104]],[[-119.59866,33.27047],[-119.59865,33.27048],[-119.59866,33.27048],[-119.59866,33.27047]],[[-119.59864,33.2702],[-119.59865,33.27021],[-119.59865,33.2702],[-119.59864,33.2702]],[[-119.5987,33.2721],[-119.59869,33.27209],[-119.59869,33.2721],[-119.5987,33.2721]],[[-119.59838,33.2721],[-119.59837,33.27211],[-119.59838,33.27211],[-119.59838,33.2721]],[[-119.59772,33.27212],[-119.59805,33.27184],[-119.59772,33.27185],[-119.59772,33.27212]],[[-119.59772,33.27131],[-119.5977,33.27131],[-119.59772,33.27185],[-119.59772,33.27131]],[[-119.59839,33.27264],[-119.5984,33.27265],[-119.5984,33.27264],[-119.59839,33.27264]],[[-119.59838,33.27238],[-119.59839,33.27237],[-119.59838,33.27237],[-119.59838,33.27238]],[[-119.59846,33.27481],[-119.59844,33.27454],[-119.59845,33.27481],[-119.59846,33.27481]],[[-119.59846,33.27508],[-119.59847,33.27535],[-119.59847,33.27508],[-119.59846,33.27508]],[[-119.59849,33.27562],[-119.59848,33.27535],[-119.59847,33.27535],[-119.59849,33.27562]],[[-119.59843,33.27373],[-119.59842,33.27372],[-119.59842,33.27373],[-119.59843,33.27373]],[[-119.59811,33.27373],[-119.5981,33.27374],[-119.59811,33.27374],[-119.59811,33.27373]],[[-119.59841,33.27345],[-119.59842,33.27346],[-119.59842,33.27345],[-119.59841,33.27345]],[[-119.59747,33.27428],[-119.59748,33.27429],[-119.59748,33.27428],[-119.59747,33.27428]],[[-119.59814,33.27535],[-119.59815,33.27536],[-119.59815,33.27535],[-119.59814,33.27535]],[[-119.59757,33.2778],[-119.59758,33.27753],[-119.59757,33.27753],[-119.59757,33.2778]],[[-119.59759,33.2778],[-119.5976,33.27861],[-119.59761,33.27861],[-119.59759,33.2778]],[[-119.59892,33.2794],[-119.59891,33.27913],[-119.59891,33.2794],[-119.59892,33.2794]],[[-119.59892,33.27967],[-119.59894,33.27994],[-119.59893,33.27967],[-119.59892,33.27967]],[[-119.59795,33.27915],[-119.59794,33.27914],[-119.59794,33.27915],[-119.59795,33.27915]],[[-119.59763,33.27916],[-119.59762,33.27915],[-119.59762,33.27916],[-119.59763,33.27916]],[[-119.59887,33.27804],[-119.59888,33.27805],[-119.59888,33.27804],[-119.59887,33.27804]],[[-119.59889,33.27885],[-119.5989,33.27886],[-119.5989,33.27885],[-119.59889,33.27885]],[[-119.59792,33.2786],[-119.59793,33.27861],[-119.59793,33.2786],[-119.59792,33.2786]],[[-119.59888,33.27859],[-119.59889,33.27858],[-119.59888,33.27858],[-119.59888,33.27859]],[[-119.59793,33.27888],[-119.59794,33.27887],[-119.59793,33.27887],[-119.59793,33.27888]],[[-119.59895,33.2802],[-119.59894,33.28021],[-119.59895,33.28021],[-119.59895,33.2802]],[[-119.5986,33.27994],[-119.59863,33.28075],[-119.59862,33.27994],[-119.5986,33.27994]],[[-119.59864,33.28102],[-119.59864,33.28075],[-119.59863,33.28075],[-119.59864,33.28102]],[[-119.59766,33.28023],[-119.59765,33.28024],[-119.59766,33.28024],[-119.59766,33.28023]],[[-119.5967,33.26971],[-119.59667,33.26917],[-119.59669,33.26971],[-119.5967,33.26971]],[[-119.59667,33.26889],[-119.59666,33.26862],[-119.59666,33.26889],[-119.59667,33.26889]],[[-119.59666,33.26836],[-119.59665,33.26835],[-119.59665,33.26836],[-119.59666,33.26836]],[[-119.59379,33.26949],[-119.5938,33.2695],[-119.5938,33.26949],[-119.59379,33.26949]],[[-119.59453,33.27273],[-119.59454,33.27272],[-119.59453,33.27272],[-119.59453,33.27273]],[[-119.59389,33.27274],[-119.59389,33.27301],[-119.5939,33.27301],[-119.59389,33.27274]],[[-119.59388,33.27247],[-119.59388,33.27274],[-119.59389,33.27274],[-119.59388,33.27247]],[[-119.59387,33.2722],[-119.59387,33.27247],[-119.59388,33.27247],[-119.59387,33.2722]],[[-119.59547,33.27163],[-119.59546,33.27162],[-119.59546,33.27163],[-119.59547,33.27163]],[[-119.5948,33.27055],[-119.59479,33.27056],[-119.5948,33.27056],[-119.5948,33.27055]],[[-119.59548,33.27216],[-119.59547,33.27217],[-119.59548,33.27217],[-119.59548,33.27216]],[[-119.59452,33.27218],[-119.59451,33.27219],[-119.59452,33.27219],[-119.59452,33.27218]],[[-119.59548,33.27243],[-119.59549,33.27244],[-119.59549,33.27243],[-119.59548,33.27243]],[[-119.59452,33.27245],[-119.59453,33.27246],[-119.59453,33.27245],[-119.59452,33.27245]],[[-119.59424,33.27381],[-119.59425,33.27382],[-119.59425,33.27381],[-119.59424,33.27381]],[[-119.59693,33.27781],[-119.59694,33.27782],[-119.59694,33.27781],[-119.59693,33.27781]],[[-119.59695,33.27809],[-119.59694,33.27808],[-119.59694,33.27809],[-119.59695,33.27809]]],[[[-119.59718,33.2751],[-119.59687,33.27565],[-119.59686,33.2751],[-119.59718,33.2751]]],[[[-119.57787,33.27551],[-119.57755,33.27578],[-119.57755,33.27551],[-119.57787,33.27551]]],[[[-119.5956,33.27622],[-119.59464,33.27651],[-119.59464,33.27596],[-119.59528,33.27596],[-119.5956,33.27622]]],[[[-119.57211,33.27643],[-119.572267676951,33.276472704174225],[-119.5723,33.27651],[-119.57236401869159,33.27649879672897],[-119.57307,33.27669],[-119.57309,33.2775],[-119.57277,33.2775],[-119.57211,33.27643]]],[[[-119.57342,33.27722],[-119.5731,33.2775],[-119.5731,33.27722],[-119.57342,33.27722]]],[[[-119.59338,33.27734],[-119.5937,33.27762],[-119.59338,33.27762],[-119.59338,33.27734]]],[[[-119.57503,33.27746],[-119.57471,33.278],[-119.57471,33.27746],[-119.57503,33.27746]]],[[[-119.59538,33.27919],[-119.5957,33.27947],[-119.59538,33.27947],[-119.59538,33.27919]]],[[[-119.57701,33.27903],[-119.57797,33.27902],[-119.57799,33.27984],[-119.57701,33.27931],[-119.57701,33.27903]]],[[[-119.59505,33.27947],[-119.59538,33.27975],[-119.59505,33.27975],[-119.59505,33.27947]]],[[[-119.57962,33.28062],[-119.578,33.2801],[-119.57799,33.27929],[-119.5796,33.27953],[-119.57962,33.28062]]],[[[-119.58224,33.28163],[-119.58257,33.28218],[-119.58224,33.28218],[-119.58224,33.28163]]],[[[-119.58136,33.28463],[-119.58136,33.28491],[-119.58072,33.28491],[-119.58071,33.28437],[-119.58136,33.28463]]],[[[-119.58332,33.28594],[-119.58363,33.28512],[-119.58461,33.28592],[-119.58463,33.28646],[-119.58367,33.28675],[-119.58237,33.2865],[-119.58268,33.28568],[-119.5817,33.28543],[-119.58167,33.28435],[-119.58199,33.28435],[-119.582,33.28489],[-119.58202,33.28489],[-119.582,33.28434],[-119.58264,33.28434],[-119.58265,33.28487],[-119.58331,33.28513],[-119.58332,33.28594]],[[-119.58333,33.28594],[-119.58334,33.28621],[-119.58334,33.28594],[-119.58333,33.28594]],[[-119.58364,33.28539],[-119.58363,33.2854],[-119.58364,33.2854],[-119.58364,33.28539]],[[-119.58365,33.28593],[-119.58366,33.28594],[-119.58366,33.28593],[-119.58365,33.28593]],[[-119.58364,33.28567],[-119.58365,33.28566],[-119.58364,33.28566],[-119.58364,33.28567]]],[[[-119.58171,33.28598],[-119.58042,33.28546],[-119.5817,33.28543],[-119.58171,33.28598]]],[[[-119.58205,33.28651],[-119.58173,33.28597],[-119.58237,33.28596],[-119.58205,33.28651]]],[[[-119.58463,33.28645],[-119.58497,33.28699],[-119.58465,33.28699],[-119.58463,33.28645]]],[[[-119.57468,33.28747],[-119.57468,33.2872],[-119.575,33.2872],[-119.57468,33.28747]]],[[[-119.57534,33.28827],[-119.57534,33.288],[-119.57566,33.28827],[-119.57534,33.28827]]],[[[-119.57698,33.28904],[-119.5773,33.28932],[-119.57698,33.28932],[-119.57698,33.28904]]],[[[-119.5757,33.28935],[-119.57571,33.28989],[-119.57506,33.28963],[-119.57505,33.28909],[-119.5757,33.28935]]],[[[-119.57571,33.28961],[-119.57603,33.28989],[-119.57571,33.28989],[-119.57571,33.28961]]],[[[-119.58734,33.29072],[-119.58766,33.291],[-119.58734,33.291],[-119.58734,33.29072]]],[[[-119.57386,33.29264],[-119.5732,33.29183],[-119.57288,33.29211],[-119.57318,33.29129],[-119.57253,33.29131],[-119.57251,33.29022],[-119.57349,33.29102],[-119.57351,33.29183],[-119.57383,33.29128],[-119.57386,33.29264]]],[[[-119.57417,33.29181],[-119.57449,33.29208],[-119.57417,33.29208],[-119.57417,33.29181]]],[[[-119.57449,33.29235],[-119.57449,33.29208],[-119.57449,33.29207],[-119.57481,33.29235],[-119.57449,33.29235]]],[[[-119.58004,33.29467],[-119.5794,33.2944],[-119.58004,33.2944],[-119.58004,33.29467]]],[[[-119.5778,33.29498],[-119.57843,33.29443],[-119.57844,33.29498],[-119.5778,33.29498]]],[[[-119.57555,33.2953],[-119.57553,33.29449],[-119.5752,33.29449],[-119.57519,33.29368],[-119.57616,33.29394],[-119.57617,33.29475],[-119.57682,33.29446],[-119.57748,33.29499],[-119.57684,33.29527],[-119.57719,33.29635],[-119.57623,33.29664],[-119.57587,33.29502],[-119.57555,33.2953]],[[-119.57618,33.29475],[-119.57619,33.29502],[-119.57619,33.29475],[-119.57618,33.29475]],[[-119.57684,33.295],[-119.57683,33.29501],[-119.57684,33.29501],[-119.57684,33.295]],[[-119.57619,33.29528],[-119.5762,33.29529],[-119.5762,33.29528],[-119.57619,33.29528]]],[[[-119.57942,33.29549],[-119.57941,33.29494],[-119.58005,33.29494],[-119.58038,33.2952],[-119.57942,33.29549]],[[-119.57973,33.29521],[-119.57974,33.29522],[-119.57974,33.29521],[-119.57973,33.29521]]],[[[-119.57556,33.29557],[-119.57588,33.29584],[-119.57556,33.29584],[-119.57556,33.29557]]],[[[-119.57524,33.29558],[-119.57492,33.29585],[-119.57492,33.29558],[-119.57524,33.29558]]],[[[-119.58072,33.29601],[-119.58008,33.29602],[-119.58007,33.29547],[-119.58071,33.29546],[-119.58072,33.29601]]],[[[-119.58137,33.295986000000006],[-119.58137,33.29572],[-119.58169,33.29572],[-119.58137321608041,33.295987286432165],[-119.58137,33.295986000000006]]],[[[-119.58137,33.29599],[-119.58137321608041,33.295987286432165],[-119.58138,33.29599],[-119.58106,33.29654],[-119.58073,33.29627],[-119.58073,33.29573],[-119.58137,33.295986000000006],[-119.58137,33.29599]]],[[[-119.55755,33.24131],[-119.55722,33.24076],[-119.55787,33.24103],[-119.55849,33.24047],[-119.5585,33.24102],[-119.55755,33.24131]]],[[[-119.55856,33.2429],[-119.55888,33.24318],[-119.55856,33.24318],[-119.55856,33.2429]]],[[[-119.56316,33.24578],[-119.56348,33.24606],[-119.56316,33.24606],[-119.56316,33.24578]]],[[[-119.56613,33.24843],[-119.56613,33.24871],[-119.56573255406796,33.248542327497425],[-119.56578,33.24852],[-119.56578470026065,33.24843539530843],[-119.56613,33.24843]]],[[[-119.56583,33.24897],[-119.56615,33.24925],[-119.56583,33.24925],[-119.56583,33.24897]]],[[[-119.56873,33.24918],[-119.56906,33.24973],[-119.56874,33.24973],[-119.56873,33.24918]]],[[[-119.56499297297297,33.250151351351356],[-119.56522,33.25035],[-119.5649,33.25035],[-119.5649,33.25021333333334],[-119.56499297297297,33.250151351351356]]],[[[-119.56651,33.25086],[-119.56587,33.25087],[-119.56554,33.25033],[-119.5665,33.25005],[-119.56618,33.25032],[-119.56651,33.25086]]],[[[-119.5723,33.25074],[-119.57198,33.2502],[-119.5723,33.2502],[-119.5723,33.25074]]],[[[-119.5656,33.25222],[-119.56592,33.2525],[-119.5656,33.2525],[-119.5656,33.25222]]],[[[-119.56817,33.2519],[-119.56882,33.25243],[-119.56852,33.25325],[-119.56788,33.25326],[-119.56817,33.2519]],[[-119.5682,33.25299],[-119.56819,33.25298],[-119.56819,33.25299],[-119.5682,33.25299]]],[[[-119.56725,33.25355],[-119.56693,33.25382],[-119.56693,33.25355],[-119.56725,33.25355]]],[[[-119.56758,33.25436],[-119.56726,33.25436],[-119.56726,33.25408],[-119.56758,33.25436]]],[[[-119.56364,33.27364],[-119.56204,33.27394],[-119.56204,33.27367],[-119.563,33.27365],[-119.56235,33.27312],[-119.5633,33.27283],[-119.56364,33.27364]],[[-119.56331,33.27337],[-119.56332,33.27338],[-119.56332,33.27337],[-119.56331,33.27337]]],[[[-119.55979,33.27399],[-119.55947,33.27426],[-119.55947,33.27399],[-119.55979,33.27399]]],[[[-119.56045,33.27425],[-119.55981,33.2748],[-119.5598,33.27398],[-119.56045,33.27425]]],[[[-119.55982,33.27507],[-119.5595,33.27534],[-119.5595,33.27507],[-119.55982,33.27507]]],[[[-119.5682,33.27516],[-119.56852,33.27544],[-119.5682,33.27544],[-119.5682,33.27516]]],[[[-119.56016,33.27533],[-119.55984,33.27588],[-119.55984,33.27533],[-119.56016,33.27533]]],[[[-119.5718078974359,33.27619353846154],[-119.5721,33.27644],[-119.57178,33.27644],[-119.57178,33.27619931034483],[-119.5718078974359,33.27619353846154]]],[[[-119.57034,33.2827],[-119.57001,33.28215],[-119.57034,33.28215],[-119.57034,33.2827]]],[[[-119.57035,33.28242],[-119.57067,33.2827],[-119.57035,33.2827],[-119.57035,33.28242]]],[[[-119.57133,33.28295],[-119.57101,33.28322],[-119.57101,33.28295],[-119.57133,33.28295]]],[[[-119.57166,33.2832],[-119.57198,33.28348],[-119.57166,33.28348],[-119.57166,33.2832]]],[[[-119.57013,33.28622],[-119.57012,33.28567],[-119.57108,33.28566],[-119.5724,33.28644],[-119.5724,33.28699],[-119.57144,33.287],[-119.57077,33.28593],[-119.57013,33.28622]]],[[[-119.55791,33.28646],[-119.55823,33.28674],[-119.55791,33.28674],[-119.55791,33.28646]]],[[[-119.57016,33.28703],[-119.56984,33.2873],[-119.56984,33.28703],[-119.57016,33.28703]]],[[[-119.56148,33.28775],[-119.56147,33.2872],[-119.56179,33.2872],[-119.56148,33.28775]]],[[[-119.5576,33.28701],[-119.55889,33.28726],[-119.55891,33.28807],[-119.55891,33.28835],[-119.55826,33.28754],[-119.55761,33.28756],[-119.5576,33.28701]]],[[[-119.56374,33.2877],[-119.56406,33.28797],[-119.56374,33.28797],[-119.56374,33.2877]]],[[[-119.56019,33.28751],[-119.55924,33.28834],[-119.55892,33.28807],[-119.55955,33.28751],[-119.56019,33.28751]]],[[[-119.56632,33.28819],[-119.56568,33.28793],[-119.56632,33.28792],[-119.56632,33.28819]]],[[[-119.56215,33.28827],[-119.56247,33.28854],[-119.56215,33.28854],[-119.56215,33.28827]]],[[[-119.56763,33.28843],[-119.56795,33.2887],[-119.56763,33.2887],[-119.56763,33.28843]]],[[[-119.56505,33.28876],[-119.56441,33.28849],[-119.56505,33.28849],[-119.56505,33.28876]]],[[[-119.56988,33.28839],[-119.56956,33.28893],[-119.56956,33.28839],[-119.56988,33.28839]]],[[[-119.55894,33.28915],[-119.55958,33.2886],[-119.55959,33.28914],[-119.55894,33.28915]]],[[[-119.56313,33.28933],[-119.5628,33.28852],[-119.56377,33.28878],[-119.56377,33.28933],[-119.56313,33.28933]]],[[[-119.55862,33.28889],[-119.5583,33.28944],[-119.5583,33.28889],[-119.55862,33.28889]]],[[[-119.5641,33.28905],[-119.56378,33.28932],[-119.56378,33.28905],[-119.5641,33.28905]]],[[[-119.57022,33.28947],[-119.56989,33.28892],[-119.57021,33.28892],[-119.57022,33.28947]]],[[[-119.56672,33.29089],[-119.56576,33.2909],[-119.56542,33.29037],[-119.56539,33.28901],[-119.56665,33.28818],[-119.56667,33.289],[-119.56602,33.28901],[-119.56572,33.28955],[-119.56671,33.29034],[-119.56672,33.29089]],[[-119.56573,33.2901],[-119.56574,33.29009],[-119.56573,33.29009],[-119.56573,33.2901]]],[[[-119.56541,33.29011],[-119.56476,33.28984],[-119.56474,33.28903],[-119.56539,33.28929],[-119.56541,33.29011]]],[[[-119.56412,33.28986],[-119.56412,33.28958],[-119.56444,33.28986],[-119.56412,33.28986]]],[[[-119.56669,33.28953],[-119.56702,33.29007],[-119.5667,33.29007],[-119.56669,33.28953]]],[[[-119.57121,33.28998],[-119.57185,33.2897],[-119.57185,33.29025],[-119.57121,33.28998]]],[[[-119.56801,33.29059],[-119.5677,33.29113],[-119.56703,33.29034],[-119.56701,33.28925],[-119.56765,33.28925],[-119.56799,33.29032],[-119.56767,33.29032],[-119.56801,33.29059]]],[[[-119.55994,33.28994],[-119.55965,33.29157],[-119.55965,33.29103],[-119.55899,33.29077],[-119.5596,33.2894],[-119.56024,33.2894],[-119.55994,33.28994]]],[[[-119.56995,33.29082],[-119.56866,33.29111],[-119.56866,33.29084],[-119.56931,33.29083],[-119.56961,33.29029],[-119.56995,33.29082]]],[[[-119.57059,33.29081],[-119.57127,33.29215],[-119.57031,33.29243],[-119.56997,33.29163],[-119.57023,33.28946],[-119.57055,33.28946],[-119.57059,33.29081]],[[-119.57062,33.29162],[-119.57061,33.29161],[-119.57061,33.29162],[-119.57062,33.29162]],[[-119.57059,33.29107],[-119.5706,33.29108],[-119.5706,33.29107],[-119.57059,33.29107]],[[-119.5706,33.29135],[-119.57061,33.29134],[-119.5706,33.29134],[-119.5706,33.29135]]],[[[-119.56255,33.29097],[-119.56287,33.29124],[-119.56255,33.29124],[-119.56255,33.29097]]],[[[-119.56705,33.29088],[-119.56674,33.29142],[-119.56673,33.29088],[-119.56705,33.29088]]],[[[-119.56641,33.29116],[-119.56673,33.29143],[-119.56641,33.29143],[-119.56641,33.29116]]],[[[-119.56287,33.2915],[-119.56287,33.29124],[-119.56287,33.29123],[-119.56319,33.2915],[-119.56287,33.2915]]],[[[-119.56996,33.29136],[-119.56964,33.29163],[-119.56964,33.29136],[-119.56996,33.29136]]],[[[-119.56771,33.29168],[-119.56707,33.29141],[-119.56771,33.29141],[-119.56771,33.29168]]],[[[-119.56677,33.29251],[-119.56644,33.29197],[-119.56611,33.29198],[-119.56675,33.2917],[-119.56677,33.29251]]],[[[-119.55809,33.29295],[-119.55807,33.29214],[-119.55872,33.2924],[-119.55809,33.29295]]],[[[-119.56743,33.29304],[-119.56711,33.29304],[-119.5671,33.2925],[-119.56774,33.29249],[-119.56743,33.29304]]],[[[-119.56551,33.29334],[-119.56516,33.29226],[-119.56644,33.29224],[-119.56646,33.29306],[-119.56551,33.29334]]],[[[-119.56454,33.29309],[-119.56422,33.29337],[-119.56388,33.29256],[-119.56451,33.29229],[-119.56485,33.29309],[-119.56518,33.29281],[-119.56487,33.29309],[-119.56519,33.29335],[-119.56488,33.2939],[-119.56552,33.29362],[-119.56521,33.29417],[-119.56457,33.29417],[-119.56454,33.29309]]],[[[-119.56843,33.29409],[-119.56807,33.29248],[-119.56871,33.29247],[-119.56938,33.29381],[-119.56843,33.29409]]],[[[-119.5643,33.29608],[-119.56398,33.29608],[-119.56395,33.295],[-119.56267,33.2953],[-119.56264,33.29421],[-119.56266,33.2953],[-119.56234,33.2953],[-119.562,33.2945],[-119.56104,33.29452],[-119.56103,33.29398],[-119.56036,33.29372],[-119.56067,33.2929],[-119.55999,33.29184],[-119.55997,33.29075],[-119.56094,33.29155],[-119.56158,33.29099],[-119.56322,33.29231],[-119.56259,33.29286],[-119.56294,33.29394],[-119.56324,33.29258],[-119.56389,33.29284],[-119.5639,33.29338],[-119.56455,33.29364],[-119.56425,33.29418],[-119.56427571428571,33.29515714285712],[-119.56429,33.2958],[-119.56429263051396,33.295799959530555],[-119.5643,33.29608]],[[-119.56295,33.29394],[-119.56296,33.29421],[-119.56296,33.29394],[-119.56295,33.29394]],[[-119.56161,33.29234],[-119.56162,33.29261],[-119.56162,33.29234],[-119.56161,33.29234]],[[-119.56233,33.29477],[-119.56232,33.29476],[-119.56232,33.29477],[-119.56233,33.29477]],[[-119.56133,33.29343],[-119.56131,33.29262],[-119.56129,33.29262],[-119.56131,33.29316],[-119.56133,33.29343]],[[-119.56133,33.2937],[-119.56134,33.29397],[-119.56134,33.2937],[-119.56133,33.2937]],[[-119.56193,33.2918],[-119.56192,33.29179],[-119.56192,33.2918],[-119.56193,33.2918]],[[-119.56191,33.29152],[-119.56192,33.29153],[-119.56192,33.29152],[-119.56191,33.29152]],[[-119.56096,33.29182],[-119.56095,33.29181],[-119.56095,33.29182],[-119.56096,33.29182]],[[-119.56193,33.29206],[-119.56194,33.29207],[-119.56194,33.29206],[-119.56193,33.29206]],[[-119.56096,33.29208],[-119.56097,33.29209],[-119.56097,33.29208],[-119.56096,33.29208]],[[-119.56064,33.29209],[-119.56065,33.2921],[-119.56065,33.29209],[-119.56064,33.29209]],[[-119.5636,33.29393],[-119.56359,33.29392],[-119.56359,33.29393],[-119.5636,33.29393]],[[-119.56166,33.2937],[-119.56165,33.29369],[-119.56165,33.2937],[-119.56166,33.2937]],[[-119.56196,33.29314],[-119.56197,33.29315],[-119.56197,33.29314],[-119.56196,33.29314]],[[-119.56164,33.29315],[-119.56165,33.29316],[-119.56165,33.29315],[-119.56164,33.29315]],[[-119.56101,33.29371],[-119.561,33.2937],[-119.561,33.29371],[-119.56101,33.29371]],[[-119.5636,33.29419],[-119.56361,33.2942],[-119.56361,33.29419],[-119.5636,33.29419]],[[-119.56361,33.29473],[-119.56362,33.29474],[-119.56362,33.29473],[-119.56361,33.29473]]],[[[-119.56745,33.29357],[-119.56777,33.29384],[-119.56745,33.29384],[-119.56745,33.29357]]],[[[-119.57037,33.29433],[-119.56942,33.29488],[-119.5694,33.29407],[-119.57037,33.29433]]],[[[-119.56845,33.29463],[-119.56877,33.29491],[-119.56845,33.29491],[-119.56845,33.29463]]],[[[-119.56427571428571,33.29515714285712],[-119.56426,33.29445],[-119.56588,33.29523],[-119.56525,33.29551],[-119.56526,33.29605],[-119.5659,33.29577],[-119.5656,33.29659],[-119.56496,33.2966],[-119.56494,33.29579],[-119.56429263051396,33.295799959530555],[-119.56427571428571,33.29515714285712]],[[-119.5646,33.29525],[-119.56461,33.29526],[-119.56461,33.29525],[-119.5646,33.29525]],[[-119.56556,33.29523],[-119.56557,33.29524],[-119.56557,33.29523],[-119.56556,33.29523]],[[-119.56524,33.29525],[-119.56525,33.29524],[-119.56524,33.29524],[-119.56524,33.29525]],[[-119.56528,33.29632],[-119.56527,33.29633],[-119.56528,33.29633],[-119.56528,33.29632]]],[[[-119.57107,33.29593],[-119.57073,33.2954],[-119.57008,33.29541],[-119.57007,33.29487],[-119.57103,33.29485],[-119.57105,33.29567],[-119.57203,33.29619],[-119.57172,33.29674],[-119.57076,33.29648],[-119.57107,33.29593]]],[[[-119.56591,33.29576],[-119.56624,33.29631],[-119.56592,33.29631],[-119.56591,33.29576]]],[[[-119.53757,33.22954],[-119.5376,33.23063],[-119.53728,33.23063],[-119.53725,33.22954],[-119.53757,33.22954]]],[[[-119.53757,33.22926],[-119.53918,33.22951],[-119.53888,33.23033],[-119.53953,33.23031],[-119.53954,33.23086],[-119.53794,33.23116],[-119.53757,33.22926]],[[-119.53791,33.23007],[-119.53857,33.23034],[-119.53856,33.23006],[-119.53791,33.23007]]],[[[-119.53986,33.23085],[-119.53954,33.23031],[-119.53986,33.23031],[-119.53986,33.23085]]],[[[-119.54147,33.23027],[-119.54147,33.23109],[-119.54052,33.23137],[-119.54112,33.22973],[-119.54176,33.22973],[-119.54177,33.23027],[-119.54338,33.22997],[-119.54307,33.23051],[-119.5434,33.23051],[-119.54343,33.23186],[-119.5415,33.2319],[-119.54182,33.23162],[-119.54147,33.23027]],[[-119.54243,33.2308],[-119.54244,33.23079],[-119.54243,33.23079],[-119.54243,33.2308]],[[-119.54179,33.23081],[-119.5418,33.2308],[-119.54179,33.2308],[-119.54179,33.23081]],[[-119.54243,33.23026],[-119.54242,33.23025],[-119.54242,33.23026],[-119.54243,33.23026]],[[-119.54276,33.23051],[-119.54275,33.23052],[-119.54276,33.23052],[-119.54276,33.23051]]],[[[-119.54797,33.23285],[-119.547,33.23286],[-119.54633,33.2318],[-119.54535,33.23127],[-119.54534,33.23073],[-119.54406,33.2313],[-119.5444,33.23184],[-119.54343,33.23185],[-119.54341,33.23077],[-119.54403,33.22995],[-119.54825,33.23122],[-119.54859,33.2323],[-119.54796,33.2323],[-119.54797,33.23285]],[[-119.54728,33.23124],[-119.54729,33.23151],[-119.54729,33.23124],[-119.54728,33.23124]],[[-119.5473,33.23178],[-119.54731,33.23259],[-119.54733,33.23259],[-119.5473,33.23178]],[[-119.54631,33.23099],[-119.5463,33.23098],[-119.5463,33.23099],[-119.54631,33.23099]],[[-119.54438,33.23103],[-119.54437,33.23102],[-119.54437,33.23103],[-119.54438,33.23103]],[[-119.54631,33.23125],[-119.54632,33.23126],[-119.54632,33.23125],[-119.54631,33.23125]],[[-119.54794,33.23204],[-119.54795,33.23203],[-119.54794,33.23203],[-119.54794,33.23204]],[[-119.54698,33.23232],[-119.54699,33.23233],[-119.54699,33.23232],[-119.54698,33.23232]],[[-119.54698,33.23205],[-119.54697,33.23206],[-119.54698,33.23206],[-119.54698,33.23205]]],[[[-119.54472,33.23182],[-119.54504,33.2321],[-119.54472,33.2321],[-119.54472,33.23182]]],[[[-119.55317,33.23436],[-119.5535,33.23463],[-119.55318,33.23517],[-119.55449,33.23569],[-119.5545,33.23623],[-119.55482,33.23595],[-119.55581,33.23674],[-119.55582,33.23728],[-119.55647,33.23727],[-119.55648,33.23781],[-119.55714,33.23807],[-119.55687,33.24024],[-119.55558,33.23999],[-119.55556,33.23918],[-119.5549,33.23892],[-119.55489,33.23838],[-119.55392,33.23813],[-119.55391,33.23759],[-119.55325,33.2376],[-119.55325,33.23706],[-119.55228,33.23708],[-119.55225,33.236],[-119.55226,33.23682],[-119.55098,33.23684],[-119.55128,33.23575],[-119.55063,33.23576],[-119.55061,33.23468],[-119.54996,33.23497],[-119.54867,33.23445],[-119.54834,33.23473],[-119.54833,33.23418],[-119.5509,33.23387],[-119.5509,33.23441],[-119.55092,33.23441],[-119.5509,33.23386],[-119.55154,33.23386],[-119.55284,33.23464],[-119.55317,33.23436]],[[-119.55615,33.23755],[-119.55616,33.23782],[-119.55616,33.23755],[-119.55615,33.23755]],[[-119.5506,33.23468],[-119.55058,33.23441],[-119.55059,33.23468],[-119.5506,33.23468]],[[-119.54897,33.23418],[-119.54898,33.23445],[-119.54898,33.23418],[-119.54897,33.23418]],[[-119.5552,33.23784],[-119.55519,33.23783],[-119.55519,33.23784],[-119.5552,33.23784]],[[-119.55519,33.23757],[-119.55518,33.23756],[-119.55518,33.23757],[-119.55519,33.23757]],[[-119.55518,33.23703],[-119.55517,33.23702],[-119.55517,33.23703],[-119.55518,33.23703]],[[-119.55517,33.23676],[-119.55516,33.23675],[-119.55516,33.23676],[-119.55517,33.23676]],[[-119.55585,33.23782],[-119.55585,33.23809],[-119.55588,33.23917],[-119.55585,33.23782]],[[-119.55618,33.23863],[-119.55619,33.23862],[-119.55618,33.23862],[-119.55618,33.23863]],[[-119.55421,33.23705],[-119.5542,33.23677],[-119.5542,33.23705],[-119.55421,33.23705]],[[-119.55421,33.23759],[-119.55423,33.23759],[-119.55421,33.23705],[-119.55421,33.23759]],[[-119.55419,33.2365],[-119.55419,33.23677],[-119.5542,33.23677],[-119.55419,33.2365]],[[-119.55418,33.23623],[-119.55418,33.2365],[-119.55419,33.2365],[-119.55418,33.23623]],[[-119.55323,33.23653],[-119.55322,33.23652],[-119.55322,33.23653],[-119.55323,33.23653]],[[-119.55418,33.23596],[-119.55417,33.23597],[-119.55418,33.23597],[-119.55418,33.23596]],[[-119.55423,33.23785],[-119.55424,33.23786],[-119.55424,33.23785],[-119.55423,33.23785]],[[-119.54995,33.23443],[-119.54994,33.23442],[-119.54994,33.23443],[-119.54995,33.23443]],[[-119.55256,33.23573],[-119.55257,33.236],[-119.55257,33.23573],[-119.55256,33.23573]],[[-119.55255,33.23573],[-119.55254,33.23464],[-119.55252,33.23464],[-119.55255,33.23573]],[[-119.55158,33.2352],[-119.55157,33.23521],[-119.55158,33.23521],[-119.55158,33.2352]],[[-119.55158,33.23547],[-119.55159,33.23548],[-119.55159,33.23547],[-119.55158,33.23547]],[[-119.55126,33.23548],[-119.55127,33.23549],[-119.55127,33.23548],[-119.55126,33.23548]],[[-119.55159,33.23575],[-119.5516,33.23574],[-119.55159,33.23574],[-119.55159,33.23575]],[[-119.55258,33.23653],[-119.55259,33.23654],[-119.55259,33.23653],[-119.55258,33.23653]],[[-119.55259,33.23681],[-119.5526,33.2368],[-119.55259,33.2368],[-119.55259,33.23681]],[[-119.54962,33.23416],[-119.54961,33.23417],[-119.54962,33.23417],[-119.54962,33.23416]],[[-119.54963,33.23443],[-119.54962,33.23444],[-119.54963,33.23444],[-119.54963,33.23443]]],[[[-119.55721,33.24077],[-119.55689,33.24105],[-119.55689,33.24077],[-119.55721,33.24077]]],[[[-119.55666,33.27702],[-119.55698,33.2773],[-119.55666,33.2773],[-119.55666,33.27702]]],[[[-119.55511,33.27895],[-119.55544,33.27949],[-119.55511,33.27949],[-119.55511,33.27895]]],[[[-119.55676,33.28082],[-119.55612,33.28082],[-119.55611,33.28001],[-119.55545,33.27975],[-119.55543,33.27867],[-119.55608,33.27893],[-119.55676,33.28027],[-119.55676,33.28082]]],[[[-119.5471,33.28046],[-119.54742,33.28074],[-119.5471,33.28074],[-119.5471,33.28046]]],[[[-119.55677,33.28054],[-119.55742,33.2808],[-119.55743,33.28135],[-119.55678,33.28108],[-119.55677,33.28054]]],[[[-119.54808,33.28099],[-119.54776,33.28127],[-119.54776,33.28099],[-119.54808,33.28099]]],[[[-119.54746,33.28209],[-119.54649,33.28183],[-119.54649,33.28129],[-119.54778,33.28154],[-119.54746,33.28209]]],[[[-119.54941,33.28259],[-119.54906,33.28151],[-119.54814,33.28316],[-119.54747,33.28235],[-119.54844,33.28207],[-119.54806,33.28017],[-119.5484,33.28098],[-119.54903,33.2807],[-119.54903,33.28026],[-119.54918,33.28041],[-119.54958,33.2804],[-119.54993,33.28061],[-119.5500024691358,33.28061],[-119.55001,33.28122],[-119.55001,33.28067],[-119.55226,33.28064],[-119.55254,33.279],[-119.55317,33.27899],[-119.55347,33.2779],[-119.55379,33.27844],[-119.55445,33.27843],[-119.5545,33.28032],[-119.55515,33.28057],[-119.55517,33.28139],[-119.55517,33.28084],[-119.55582,33.2811],[-119.55583,33.28164],[-119.55648,33.2819],[-119.55652,33.28353],[-119.55589,33.28381],[-119.55585,33.28245],[-119.55522,33.283],[-119.55488,33.2822],[-119.55457,33.28275],[-119.55461,33.28437],[-119.55527,33.28436],[-119.55498,33.28572],[-119.55433,33.28546],[-119.55432,33.28492],[-119.55367,33.2852],[-119.55269,33.28441],[-119.55268,33.28387],[-119.55235,33.28415],[-119.55235,33.28361],[-119.5517,33.28389],[-119.55172,33.28444],[-119.55108,33.28444],[-119.55107,33.28391],[-119.55042,33.28419],[-119.55009,33.28365],[-119.54945,33.28366],[-119.54943,33.28313],[-119.54945,33.28394],[-119.54913,33.28394],[-119.54847,33.28342],[-119.54877,33.28232],[-119.54941,33.28259]],[[-119.55487,33.28193],[-119.55487,33.2822],[-119.55488,33.2822],[-119.55487,33.28193]],[[-119.55486,33.28166],[-119.55486,33.28193],[-119.55487,33.28193],[-119.55486,33.28166]],[[-119.54942,33.28286],[-119.54942,33.28313],[-119.54943,33.28313],[-119.54942,33.28286]],[[-119.55431,33.28465],[-119.55429,33.28438],[-119.5543,33.28465],[-119.55431,33.28465]],[[-119.55135,33.28228],[-119.55135,33.28309],[-119.55071,33.28283],[-119.55138,33.28336],[-119.55135,33.28228]],[[-119.55134,33.28228],[-119.55133,33.28201],[-119.55133,33.28228],[-119.55134,33.28228]],[[-119.55161,33.28065],[-119.55162,33.28092],[-119.55162,33.28065],[-119.55161,33.28065]],[[-119.55163,33.28092],[-119.55164,33.282],[-119.55166,33.282],[-119.55163,33.28092]],[[-119.55381,33.27844],[-119.55382,33.27925],[-119.55383,33.27925],[-119.55381,33.27844]],[[-119.553,33.28413],[-119.55301,33.28414],[-119.55301,33.28413],[-119.553,33.28413]],[[-119.55299,33.28387],[-119.55299,33.28359],[-119.55297,33.28305],[-119.55299,33.28387]],[[-119.55296,33.28278],[-119.55296,33.28305],[-119.55297,33.28305],[-119.55296,33.28278]],[[-119.55294,33.28224],[-119.55295,33.28225],[-119.55295,33.28224],[-119.55294,33.28224]],[[-119.55322,33.28034],[-119.55321,33.28035],[-119.55322,33.28035],[-119.55322,33.28034]],[[-119.5532,33.28007],[-119.55321,33.28008],[-119.55321,33.28007],[-119.5532,33.28007]],[[-119.55519,33.28166],[-119.55518,33.28165],[-119.55518,33.28166],[-119.55519,33.28166]],[[-119.55617,33.28245],[-119.55618,33.28244],[-119.55617,33.28244],[-119.55617,33.28245]],[[-119.55496,33.28491],[-119.55495,33.2849],[-119.55495,33.28491],[-119.55496,33.28491]],[[-119.55359,33.28223],[-119.55421,33.2814],[-119.55389,33.28141],[-119.55359,33.28223]],[[-119.55328,33.28251],[-119.55325,33.2817],[-119.55327,33.28251],[-119.55328,33.28251]],[[-119.55325,33.28143],[-119.55324,33.28115],[-119.55324,33.28143],[-119.55325,33.28143]],[[-119.55323,33.28088],[-119.55323,33.28115],[-119.55324,33.28115],[-119.55323,33.28088]],[[-119.55353,33.28007],[-119.55354,33.28088],[-119.55356,33.28088],[-119.55353,33.28007]],[[-119.55352,33.2798],[-119.55352,33.28007],[-119.55353,33.28007],[-119.55352,33.2798]],[[-119.55351,33.27953],[-119.55351,33.2798],[-119.55352,33.2798],[-119.55351,33.27953]],[[-119.5535,33.27925],[-119.5535,33.27953],[-119.55351,33.27953],[-119.5535,33.27925]],[[-119.55417,33.27978],[-119.55416,33.27979],[-119.55417,33.27979],[-119.55417,33.27978]],[[-119.55349,33.27898],[-119.5535,33.27899],[-119.5535,33.27898],[-119.55349,33.27898]],[[-119.55348,33.27872],[-119.55349,33.27871],[-119.55348,33.27871],[-119.55348,33.27872]],[[-119.55417,33.28006],[-119.55418,33.28005],[-119.55417,33.28005],[-119.55417,33.28006]],[[-119.55395,33.28358],[-119.55427,33.28329],[-119.55394,33.2833],[-119.55395,33.28358]],[[-119.55393,33.28304],[-119.55394,33.28303],[-119.55393,33.28303],[-119.55393,33.28304]],[[-119.55463,33.28492],[-119.55464,33.28491],[-119.55463,33.28491],[-119.55463,33.28492]],[[-119.54975,33.28285],[-119.54971,33.28177],[-119.54974,33.28285],[-119.54975,33.28285]],[[-119.54971,33.2815],[-119.5497,33.28123],[-119.5497,33.2815],[-119.54971,33.2815]],[[-119.55227,33.28091],[-119.55226,33.2809],[-119.55226,33.28091],[-119.55227,33.28091]],[[-119.55257,33.28063],[-119.55258,33.28062],[-119.55257,33.28062],[-119.55257,33.28063]],[[-119.55227,33.28117],[-119.55228,33.28118],[-119.55228,33.28117],[-119.55227,33.28117]],[[-119.55036,33.28202],[-119.55037,33.28203],[-119.55037,33.28202],[-119.55036,33.28202]],[[-119.55036,33.28175],[-119.55035,33.28176],[-119.55036,33.28176],[-119.55036,33.28175]],[[-119.55132,33.28146],[-119.55131,33.28147],[-119.55132,33.28147],[-119.55132,33.28146]],[[-119.55035,33.28121],[-119.55034,33.28122],[-119.55035,33.28122],[-119.55035,33.28121]],[[-119.5513,33.28119],[-119.55131,33.2812],[-119.55131,33.28119],[-119.5513,33.28119]],[[-119.5504,33.28311],[-119.55039,33.2831],[-119.55039,33.28311],[-119.5504,33.28311]],[[-119.55009,33.28339],[-119.55008,33.28338],[-119.55008,33.28339],[-119.55009,33.28339]],[[-119.5504,33.28337],[-119.55041,33.28338],[-119.55041,33.28337],[-119.5504,33.28337]],[[-119.55008,33.28311],[-119.55007,33.28312],[-119.55008,33.28312],[-119.55008,33.28311]],[[-119.5523,33.28225],[-119.55231,33.28226],[-119.55231,33.28225],[-119.5523,33.28225]],[[-119.55231,33.28279],[-119.55232,33.2828],[-119.55232,33.28279],[-119.55231,33.28279]],[[-119.54939,33.2815],[-119.54938,33.28151],[-119.54939,33.28151],[-119.54939,33.2815]],[[-119.54911,33.28341],[-119.54912,33.2834],[-119.54911,33.2834],[-119.54911,33.28341]]],[[[-119.54263,33.28191],[-119.54233,33.28273],[-119.54198,33.28165],[-119.54263,33.28191]]],[[[-119.54428,33.28323],[-119.54427,33.28269],[-119.54298,33.28299],[-119.54361,33.28217],[-119.54359,33.28135],[-119.54456,33.28188],[-119.54492,33.28323],[-119.54428,33.28323]],[[-119.54394,33.28242],[-119.54393,33.28243],[-119.54394,33.28243],[-119.54394,33.28242]],[[-119.54362,33.28243],[-119.54361,33.28244],[-119.54362,33.28244],[-119.54362,33.28243]]],[[[-119.54298,33.28272],[-119.54266,33.28272],[-119.54265,33.28218],[-119.54298,33.28272]]],[[[-119.55717,33.28351],[-119.55782,33.28404],[-119.55655,33.28433],[-119.55687,33.28405],[-119.5565,33.28217],[-119.55714,33.28215],[-119.55747,33.28269],[-119.55717,33.28351]]],[[[-119.55491,33.28301],[-119.55524,33.28355],[-119.55492,33.28355],[-119.55491,33.28301]]],[[[-119.54241,33.28543],[-119.5424,33.28489],[-119.54208,33.28517],[-119.54207,33.28463],[-119.54076,33.28411],[-119.5404,33.28249],[-119.54103,33.28222],[-119.54106,33.28357],[-119.54203,33.28328],[-119.54269,33.28408],[-119.54334,33.28407],[-119.54333,33.28352],[-119.5443,33.28404],[-119.54431,33.28458],[-119.54464,33.28431],[-119.54498,33.28538],[-119.54564,33.28564],[-119.54567,33.28699],[-119.54404,33.28621],[-119.54404,33.28567],[-119.54371,33.28595],[-119.54241,33.28543]],[[-119.54402,33.28567],[-119.54401,33.28459],[-119.54399,33.28459],[-119.54402,33.28567]],[[-119.54239,33.28489],[-119.54238,33.28408],[-119.54237,33.28408],[-119.54239,33.28489]],[[-119.54337,33.28542],[-119.54338,33.28541],[-119.54337,33.28541],[-119.54337,33.28542]],[[-119.54337,33.28514],[-119.54304,33.28461],[-119.54305,33.28515],[-119.54337,33.28514]],[[-119.54334,33.28434],[-119.54335,33.28433],[-119.54334,33.28433],[-119.54334,33.28434]],[[-119.54435,33.28567],[-119.54436,33.28566],[-119.54435,33.28566],[-119.54435,33.28567]],[[-119.54366,33.28433],[-119.54367,33.28432],[-119.54366,33.28432],[-119.54366,33.28433]],[[-119.54434,33.28539],[-119.54435,33.2854],[-119.54435,33.28539],[-119.54434,33.28539]],[[-119.54434,33.28512],[-119.54433,33.28513],[-119.54434,33.28513],[-119.54434,33.28512]],[[-119.54533,33.28646],[-119.54534,33.28645],[-119.54533,33.28645],[-119.54533,33.28646]],[[-119.5427,33.28434],[-119.54271,33.28435],[-119.54271,33.28434],[-119.5427,33.28434]],[[-119.54073,33.28331],[-119.54074,33.2833],[-119.54073,33.2833],[-119.54073,33.28331]],[[-119.54171,33.28355],[-119.54172,33.28356],[-119.54172,33.28355],[-119.54171,33.28355]],[[-119.54271,33.28462],[-119.54272,33.28461],[-119.54271,33.28461],[-119.54271,33.28462]]],[[[-119.53693,33.285],[-119.53725,33.28555],[-119.53693,33.28555],[-119.53693,33.285]]],[[[-119.53726,33.28526],[-119.53759,33.28581],[-119.53727,33.28581],[-119.53726,33.28526]]],[[[-119.5463,33.28616],[-119.54662,33.28643],[-119.5463,33.28643],[-119.5463,33.28616]]],[[[-119.53565,33.2853],[-119.53695,33.28582],[-119.537,33.28798],[-119.53668,33.28798],[-119.53665,33.28663],[-119.53568,33.28638],[-119.53565,33.2853]]],[[[-119.54567,33.28645],[-119.546,33.28699],[-119.54568,33.28699],[-119.54567,33.28645]]],[[[-119.53761,33.28634],[-119.5383,33.28823],[-119.53735,33.28878],[-119.53696,33.28608],[-119.53792,33.2858],[-119.53825,33.28633],[-119.53793,33.28633],[-119.53761,33.28634]],[[-119.53765,33.28769],[-119.53764,33.2877],[-119.53765,33.2877],[-119.53765,33.28769]],[[-119.53766,33.28823],[-119.53767,33.28824],[-119.53767,33.28823],[-119.53766,33.28823]],[[-119.53765,33.28797],[-119.53766,33.28796],[-119.53765,33.28796],[-119.53765,33.28797]]],[[[-119.55536,33.2876],[-119.55569,33.28814],[-119.55537,33.28814],[-119.55536,33.2876]]],[[[-119.54701,33.28831],[-119.54733,33.28859],[-119.54701,33.28859],[-119.54701,33.28831]]],[[[-119.54668,33.28831],[-119.547,33.28859],[-119.54668,33.28859],[-119.54668,33.28831]]],[[[-119.54734,33.28857],[-119.54766,33.28885],[-119.54734,33.28885],[-119.54734,33.28857]]],[[[-119.5554,33.28896],[-119.55444,33.28951],[-119.55378,33.28844],[-119.5554,33.28896]]],[[[-119.55249,33.28847],[-119.55313,33.28846],[-119.55316,33.28982],[-119.55219,33.28956],[-119.55249,33.28847]],[[-119.55281,33.28874],[-119.55282,33.28873],[-119.55281,33.28873],[-119.55281,33.28874]]],[[[-119.53835,33.28957],[-119.53867,33.28984],[-119.53835,33.28984],[-119.53835,33.28957]]],[[[-119.54285,33.28948],[-119.5435,33.28974],[-119.5432,33.29029],[-119.54255,33.2903],[-119.54285,33.28948]],[[-119.54319,33.29002],[-119.54319,33.29029],[-119.5432,33.29029],[-119.54319,33.29002]]],[[[-119.55349,33.28981],[-119.55318,33.29035],[-119.55317,33.28981],[-119.55349,33.28981]]],[[[-119.55415,33.29006],[-119.55352,33.29089],[-119.5535,33.2898],[-119.55415,33.29006]]],[[[-119.53644,33.29015],[-119.53677,33.2907],[-119.53645,33.2907],[-119.53644,33.29015]]],[[[-119.55577,33.29057],[-119.55641,33.29056],[-119.55674,33.2911],[-119.55578,33.29111],[-119.55577,33.29057]],[[-119.55609,33.29083],[-119.5561,33.29084],[-119.5561,33.29083],[-119.55609,33.29083]]],[[[-119.54354,33.29082],[-119.54323,33.29137],[-119.54322,33.29082],[-119.54354,33.29082]]],[[[-119.53679,33.2915],[-119.53678,33.29095],[-119.53742,33.29095],[-119.53711,33.2915],[-119.53679,33.2915]]],[[[-119.54322,33.2911],[-119.54291,33.29165],[-119.5429,33.2911],[-119.54322,33.2911]]],[[[-119.54839,33.29126],[-119.54871,33.29153],[-119.54839,33.29153],[-119.54839,33.29126]]],[[[-119.53971,33.29253],[-119.53907,33.29253],[-119.53938,33.29199],[-119.53873,33.292],[-119.53838,33.29065],[-119.53934,33.29037],[-119.53968,33.29145],[-119.53937,33.29172],[-119.5397,33.29171],[-119.53971,33.29253]],[[-119.53935,33.2909],[-119.53934,33.29091],[-119.53935,33.29091],[-119.53935,33.2909]]],[[[-119.54613,33.2913],[-119.54645,33.2913],[-119.5461318879056,33.29184675516224],[-119.54613,33.291846],[-119.54613,33.2913]]],[[[-119.55161,33.29174],[-119.55161,33.29147],[-119.55161,33.29146],[-119.55193,33.29174],[-119.55161,33.29174]]],[[[-119.5471,33.29156],[-119.54647,33.29211],[-119.54646,33.2913],[-119.5471,33.29156]]],[[[-119.55131,33.29256],[-119.55099,33.29256],[-119.55032,33.29149],[-119.54968,33.29177],[-119.54966,33.29096],[-119.55063,33.29095],[-119.55096,33.29148],[-119.55161,33.29147],[-119.55129,33.29174],[-119.55131,33.29256]],[[-119.55,33.2915],[-119.55,33.29123],[-119.54999,33.29123],[-119.55,33.2915]],[[-119.55032,33.29123],[-119.55032,33.29122],[-119.55031,33.29122],[-119.55032,33.29123]]],[[[-119.55645,33.29163],[-119.55677,33.29163],[-119.55645,33.29191],[-119.55645,33.29163]]],[[[-119.54584,33.29267],[-119.54549,33.29159],[-119.54613,33.291846],[-119.54613,33.29185],[-119.5461318879056,33.29184675516224],[-119.54614,33.29185],[-119.54584,33.29267]]],[[[-119.55806,33.29188],[-119.55743,33.29243],[-119.55742,33.29188],[-119.55806,33.29188]]],[[[-119.54874,33.29261],[-119.54873,33.29206],[-119.54968,33.29178],[-119.54937,33.29232],[-119.5497,33.29259],[-119.54874,33.29261]]],[[[-119.54129,33.29114],[-119.54134,33.2933],[-119.54006,33.29332],[-119.5397,33.29171],[-119.54035,33.29197],[-119.54033,33.29115],[-119.54129,33.29114]],[[-119.54066,33.29196],[-119.54099,33.29168],[-119.54066,33.29169],[-119.54066,33.29196]],[[-119.54004,33.29225],[-119.54003,33.29224],[-119.54003,33.29225],[-119.54004,33.29225]]],[[[-119.54198,33.29275],[-119.54134,33.29303],[-119.54133,33.29221],[-119.54198,33.29275]]],[[[-119.54712,33.2921],[-119.54776,33.29209],[-119.54809,33.29262],[-119.54779,33.29317],[-119.54712,33.2921]],[[-119.54744,33.29237],[-119.54745,33.29236],[-119.54744,33.29236],[-119.54744,33.29237]]],[[[-119.5481,33.29261],[-119.54842,33.29289],[-119.5481,33.29289],[-119.5481,33.29261]]],[[[-119.55259,33.29226],[-119.55231,33.29362],[-119.55134,33.29337],[-119.55166,33.29309],[-119.55131,33.29201],[-119.55259,33.29226]],[[-119.55227,33.29227],[-119.55228,33.29226],[-119.55227,33.29226],[-119.55227,33.29227]]],[[[-119.53812,33.29255],[-119.53844,33.29309],[-119.53812,33.29309],[-119.53812,33.29255]]],[[[-119.55035,33.29258],[-119.55071,33.2942],[-119.55007,33.2942],[-119.54974,33.29367],[-119.54971,33.29231],[-119.55035,33.29258]]],[[[-119.54651,33.29319],[-119.54714,33.29291],[-119.5478,33.29344],[-119.54684,33.294],[-119.54651,33.29319]]],[[[-119.55714,33.29325],[-119.55683,33.29407],[-119.5562,33.29408],[-119.5565,33.29325],[-119.55714,33.29325]]],[[[-119.55557,33.29517],[-119.5556,33.29599],[-119.5543,33.29547],[-119.55428,33.29466],[-119.55397,33.29548],[-119.55464,33.29628],[-119.55367,33.29629],[-119.55238,33.29551],[-119.55238,33.29633],[-119.55109,33.29607],[-119.55074,33.29499],[-119.55202,33.29498],[-119.55169,33.29417],[-119.55266,33.29442],[-119.55268,33.2955],[-119.55267,33.29441],[-119.55396,33.29494],[-119.55294,33.29279],[-119.55419,33.29169],[-119.55418,33.29114],[-119.55548,33.29193],[-119.55644,33.29164],[-119.55614,33.29246],[-119.55647,33.293],[-119.55584,33.293],[-119.5562,33.29462],[-119.55557,33.29517]],[[-119.55427,33.29439],[-119.55427,33.29466],[-119.55428,33.29466],[-119.55427,33.29439]],[[-119.55426,33.29412],[-119.55426,33.29439],[-119.55427,33.29439],[-119.55426,33.29412]],[[-119.55106,33.29499],[-119.55107,33.29527],[-119.55107,33.29499],[-119.55106,33.29499]],[[-119.55484,33.29167],[-119.55486,33.29276],[-119.55487,33.29276],[-119.55484,33.29167]],[[-119.55301,33.2955],[-119.55302,33.29549],[-119.55301,33.29549],[-119.55301,33.2955]],[[-119.553,33.29522],[-119.55301,33.29523],[-119.55301,33.29522],[-119.553,33.29522]],[[-119.55299,33.29495],[-119.553,33.29496],[-119.553,33.29495],[-119.55299,33.29495]],[[-119.55493,33.29491],[-119.55492,33.29492],[-119.55493,33.29492],[-119.55493,33.29491]],[[-119.55492,33.29438],[-119.55491,33.29437],[-119.55491,33.29438],[-119.55492,33.29438]],[[-119.55491,33.29411],[-119.5549,33.2941],[-119.5549,33.29411],[-119.55491,33.29411]],[[-119.5552,33.29302],[-119.55519,33.29301],[-119.55519,33.29302],[-119.5552,33.29302]],[[-119.55519,33.29275],[-119.55518,33.29274],[-119.55518,33.29275],[-119.55519,33.29275]],[[-119.55615,33.29273],[-119.55614,33.29272],[-119.55614,33.29273],[-119.55615,33.29273]],[[-119.55586,33.29381],[-119.55585,33.29382],[-119.55586,33.29382],[-119.55586,33.29381]],[[-119.55587,33.29435],[-119.55588,33.29436],[-119.55588,33.29435],[-119.55587,33.29435]],[[-119.55587,33.29408],[-119.55586,33.29409],[-119.55587,33.29409],[-119.55587,33.29408]],[[-119.55523,33.29437],[-119.55524,33.29436],[-119.55523,33.29436],[-119.55523,33.29437]],[[-119.55455,33.29303],[-119.55457,33.29411],[-119.55459,33.29411],[-119.55455,33.29303]],[[-119.55454,33.29276],[-119.55454,33.29303],[-119.55455,33.29303],[-119.55454,33.29276]],[[-119.55424,33.29331],[-119.55423,33.2933],[-119.55423,33.29331],[-119.55424,33.29331]],[[-119.55392,33.29332],[-119.55391,33.29331],[-119.55391,33.29332],[-119.55392,33.29332]],[[-119.55421,33.29276],[-119.55422,33.29277],[-119.55422,33.29276],[-119.55421,33.29276]],[[-119.55422,33.29304],[-119.55423,33.29303],[-119.55422,33.29303],[-119.55422,33.29304]],[[-119.5539,33.29305],[-119.55391,33.29304],[-119.5539,33.29304],[-119.5539,33.29305]],[[-119.5536,33.29359],[-119.55425,33.29385],[-119.55424,33.29358],[-119.5536,33.29359]],[[-119.55236,33.29551],[-119.55203,33.29498],[-119.55204,33.29552],[-119.55236,33.29551]],[[-119.55205,33.29579],[-119.55206,33.29578],[-119.55205,33.29578],[-119.55205,33.29579]]],[[[-119.54813,33.29343],[-119.54845,33.29342],[-119.54877,33.29396],[-119.54814,33.29424],[-119.54813,33.29343]]],[[[-119.54106,33.29466],[-119.54075,33.29494],[-119.53978,33.29469],[-119.53944,33.29388],[-119.54073,33.29412],[-119.54106,33.29466]],[[-119.54074,33.29466],[-119.54075,33.29467],[-119.54075,33.29466],[-119.54074,33.29466]]],[[[-119.54911,33.29422],[-119.54944,33.29476],[-119.54912,33.29476],[-119.54911,33.29422]]],[[[-119.55042,33.29474],[-119.54945,33.29502],[-119.54944,33.29421],[-119.55042,33.29474]]],[[[-119.5488,33.2945],[-119.54881,33.29531],[-119.54817,33.29532],[-119.54816,33.29451],[-119.5488,33.2945]]],[[[-119.55753,33.29567],[-119.55752,33.29513],[-119.55816,33.29512],[-119.55785,33.29567],[-119.55753,33.29567]]],[[[-119.49728,33.21602],[-119.49665,33.21657],[-119.49632,33.21603],[-119.49728,33.21602]]],[[[-119.4989,33.21653],[-119.49921,33.21598],[-119.5005,33.21623],[-119.49955,33.21679],[-119.4989,33.21653]],[[-119.49954,33.21624],[-119.49953,33.21625],[-119.49954,33.21625],[-119.49954,33.21624]]],[[[-119.49857,33.21654],[-119.49793,33.21627],[-119.49857,33.21627],[-119.49857,33.21654]]],[[[-119.49634,33.21658],[-119.49666,33.21685],[-119.49634,33.21685],[-119.49634,33.21658]]],[[[-119.49601,33.21658],[-119.49633,33.21686],[-119.49601,33.21686],[-119.49601,33.21658]]],[[[-119.49439,33.21607],[-119.496,33.21632],[-119.49537,33.21687],[-119.49571,33.21768],[-119.49444,33.21797],[-119.49439,33.21607]],[[-119.49506,33.21742],[-119.49507,33.21741],[-119.49506,33.21741],[-119.49506,33.21742]],[[-119.49474,33.21743],[-119.49475,33.21742],[-119.49474,33.21742],[-119.49474,33.21743]]],[[[-119.49702,33.21819],[-119.4967,33.21846],[-119.4967,33.21819],[-119.49702,33.21819]]],[[[-119.50249,33.21808],[-119.50253,33.21971],[-119.50059,33.2192],[-119.50026,33.21867],[-119.49993,33.21894],[-119.50024,33.2184],[-119.49927,33.21814],[-119.49989,33.21759],[-119.49957,33.21705],[-119.50053,33.21704],[-119.50021,33.21759],[-119.50056,33.21866],[-119.50056,33.21784],[-119.50249,33.21808]],[[-119.50218,33.21889],[-119.50219,33.2189],[-119.50219,33.21889],[-119.50218,33.21889]],[[-119.50186,33.2189],[-119.50187,33.21891],[-119.50187,33.2189],[-119.50186,33.2189]],[[-119.50122,33.21891],[-119.50123,33.21892],[-119.50123,33.21891],[-119.50122,33.21891]],[[-119.5009,33.21892],[-119.50091,33.21893],[-119.50091,33.21892],[-119.5009,33.21892]],[[-119.50217,33.21862],[-119.50218,33.21863],[-119.50218,33.21862],[-119.50217,33.21862]],[[-119.50185,33.21863],[-119.50186,33.21864],[-119.50186,33.21863],[-119.50185,33.21863]]],[[[-119.50446,33.21939],[-119.50443,33.21804],[-119.50539,33.21829],[-119.50572,33.21883],[-119.50446,33.21939]]],[[[-119.50249,33.2178],[-119.50409,33.21778],[-119.50443,33.21858],[-119.50414,33.21994],[-119.50254,33.21997],[-119.50249,33.2178]],[[-119.50381,33.21967],[-119.50381,33.21968],[-119.50382,33.21968],[-119.50381,33.21967]],[[-119.50378,33.2186],[-119.50379,33.2186],[-119.50379,33.21859],[-119.50378,33.2186]],[[-119.50377,33.21806],[-119.50378,33.21806],[-119.50378,33.21805],[-119.50377,33.21806]],[[-119.50282,33.21862],[-119.50283,33.21862],[-119.50283,33.21861],[-119.50282,33.21862]]],[[[-119.50929,33.21957],[-119.5093,33.22011],[-119.50867,33.22039],[-119.50864,33.2193],[-119.50992,33.21901],[-119.50993,33.21956],[-119.50929,33.21957]]],[[[-119.50866,33.22039],[-119.50707,33.22096],[-119.50642,33.2207],[-119.50641,33.21989],[-119.50864,33.21931],[-119.50866,33.22039]],[[-119.50802,33.22041],[-119.50803,33.2204],[-119.50802,33.2204],[-119.50802,33.22041]],[[-119.50738,33.22042],[-119.50739,33.22041],[-119.50738,33.22041],[-119.50738,33.22042]],[[-119.50833,33.22013],[-119.50834,33.22012],[-119.50833,33.22012],[-119.50833,33.22013]],[[-119.50737,33.22014],[-119.50738,33.22015],[-119.50738,33.22014],[-119.50737,33.22014]]],[[[-119.50608,33.21989],[-119.5064,33.21989],[-119.50642,33.22071],[-119.5061,33.22071],[-119.50608,33.21989]]],[[[-119.50417,33.22076],[-119.5032,33.22049],[-119.50417,33.22048],[-119.50417,33.22076]]],[[[-119.50289,33.22077],[-119.50321,33.22105],[-119.50289,33.22105],[-119.50289,33.22077]]],[[[-119.51031,33.22144],[-119.51031,33.22198],[-119.50903,33.222],[-119.51029,33.22089],[-119.51063,33.22143],[-119.51093,33.22061],[-119.5119,33.22087],[-119.51129,33.22224],[-119.51033,33.22225],[-119.51031,33.22144]],[[-119.51095,33.22115],[-119.51094,33.22116],[-119.51095,33.22116],[-119.51095,33.22115]],[[-119.51095,33.22142],[-119.51096,33.22143],[-119.51096,33.22142],[-119.51095,33.22142]],[[-119.50998,33.22144],[-119.50999,33.22145],[-119.50999,33.22144],[-119.50998,33.22144]]],[[[-119.5145,33.2219],[-119.51452,33.22271],[-119.51388,33.22272],[-119.51387,33.22217],[-119.5145,33.2219]]],[[[-119.51451,33.22189],[-119.51515,33.22188],[-119.51548,33.22242],[-119.51485,33.22297],[-119.51451,33.22189]]],[[[-119.51228,33.22275],[-119.51259,33.2222],[-119.51323,33.22219],[-119.51292,33.22274],[-119.51228,33.22275]]],[[[-119.51227,33.22248],[-119.51131,33.22304],[-119.5113,33.22223],[-119.51227,33.22248]]],[[[-119.51585,33.22376],[-119.51553,33.22404],[-119.51553,33.22376],[-119.51585,33.22376]]],[[[-119.52039,33.22502],[-119.51974,33.2253],[-119.51974,33.22503],[-119.52039,33.22502]]],[[[-119.52042,33.2261],[-119.52013,33.22719],[-119.5201,33.2261],[-119.52042,33.2261]]],[[[-119.52012,33.2272],[-119.51884,33.22721],[-119.51913,33.22612],[-119.5201,33.22611],[-119.52012,33.2272]],[[-119.51979,33.22692],[-119.5198,33.22693],[-119.5198,33.22692],[-119.51979,33.22692]],[[-119.51947,33.22693],[-119.51948,33.22694],[-119.51948,33.22693],[-119.51947,33.22693]],[[-119.51978,33.22666],[-119.51979,33.22665],[-119.51978,33.22665],[-119.51978,33.22666]],[[-119.51946,33.22667],[-119.51947,33.22666],[-119.51946,33.22666],[-119.51946,33.22667]]],[[[-119.52367,33.22739],[-119.52402,33.22874],[-119.52242,33.2285],[-119.5224,33.22768],[-119.52367,33.22739]],[[-119.52335,33.22767],[-119.52336,33.22767],[-119.52336,33.22766],[-119.52335,33.22767]]],[[[-119.52594,33.22789],[-119.52596,33.22897],[-119.525,33.22898],[-119.52467,33.22845],[-119.52403,33.22873],[-119.52403,33.22846],[-119.52594,33.22789]]],[[[-119.5266,33.22841],[-119.52692,33.2284],[-119.52694,33.22922],[-119.52631,33.2295],[-119.52594,33.22761],[-119.5269,33.2276],[-119.5266,33.22841]]],[[[-119.53434,33.22907],[-119.5337,33.2288],[-119.53434,33.2288],[-119.53434,33.22907]]],[[[-119.52887,33.2289],[-119.52919,33.22918],[-119.52887,33.22918],[-119.52887,33.2289]]],[[[-119.53369,33.22881],[-119.53372,33.23016],[-119.53371,33.22934],[-119.53436,33.22961],[-119.53405,33.23016],[-119.53533,33.22985],[-119.53566,33.23012],[-119.53535,33.23095],[-119.5331,33.23098],[-119.53244,33.22991],[-119.53339,33.22963],[-119.53337,33.22881],[-119.53369,33.22881]],[[-119.53373,33.23016],[-119.53374,33.23043],[-119.53374,33.23016],[-119.53373,33.23016]],[[-119.53502,33.23014],[-119.53501,33.23013],[-119.53501,33.23014],[-119.53502,33.23014]],[[-119.53342,33.23043],[-119.53341,33.23044],[-119.53342,33.23044],[-119.53342,33.23043]],[[-119.5331,33.23044],[-119.53309,33.23045],[-119.5331,33.23045],[-119.5331,33.23044]],[[-119.53309,33.23018],[-119.53308,33.23017],[-119.53308,33.23018],[-119.53309,33.23018]],[[-119.53407,33.23042],[-119.53406,33.23043],[-119.53407,33.23043],[-119.53407,33.23042]]],[[[-119.53212,33.2302],[-119.53179,33.22965],[-119.53243,33.22965],[-119.53212,33.2302]]],[[[-119.53178,33.22966],[-119.5318,33.23048],[-119.53116,33.23048],[-119.53083,33.22994],[-119.53178,33.22966]]],[[[-119.53566,33.22985],[-119.5363,33.22984],[-119.53631,33.23038],[-119.53567,33.23039],[-119.53566,33.22985]]],[[[-119.4998,33.27061],[-119.49916,33.27089],[-119.49916,33.27062],[-119.4998,33.27061]]],[[[-119.50014,33.27114],[-119.50046,33.27141],[-119.50014,33.27141],[-119.50014,33.27114]]],[[[-119.50311,33.27407],[-119.50182,33.27382],[-119.50212,33.27272],[-119.50309,33.27298],[-119.50311,33.27407]],[[-119.50278,33.27326],[-119.50277,33.27325],[-119.50277,33.27326],[-119.50278,33.27326]]],[[[-119.49477,33.27477],[-119.49445,33.27531],[-119.49445,33.27477],[-119.49477,33.27477]]],[[[-119.49478,33.27503],[-119.49544,33.27557],[-119.49545,33.27611],[-119.4948,33.27612],[-119.49478,33.27503]]],[[[-119.49771,33.27633],[-119.49835,33.27632],[-119.49804,33.27687],[-119.49771,33.2766],[-119.49771,33.27633]]],[[[-119.49806,33.27768],[-119.49774,33.27768],[-119.49773,33.27714],[-119.49806,33.27768]]],[[[-119.49516,33.27719],[-119.49519,33.27828],[-119.49487,33.27828],[-119.49484,33.27719],[-119.49516,33.27719]]],[[[-119.51192,33.27766],[-119.51224,33.27794],[-119.51192,33.27794],[-119.51192,33.27766]]],[[[-119.52135,33.28072],[-119.52167,33.28072],[-119.52135,33.28099],[-119.52135,33.28072]]],[[[-119.49879,33.28036],[-119.4998,33.28225],[-119.49851,33.282],[-119.49879,33.28036]],[[-119.49948,33.28198],[-119.49947,33.28197],[-119.49947,33.28198],[-119.49948,33.28198]],[[-119.49916,33.28198],[-119.49915,33.28199],[-119.49916,33.28199],[-119.49916,33.28198]]],[[[-119.52233,33.28152],[-119.52201,33.28179],[-119.52201,33.28152],[-119.52233,33.28152]]],[[[-119.49627,33.28258],[-119.49655,33.28096],[-119.49659,33.28258],[-119.49627,33.28258]]],[[[-119.49658,33.28176],[-119.49724,33.28257],[-119.4966,33.28257],[-119.49658,33.28176]]],[[[-119.52267,33.28204],[-119.52299,33.28232],[-119.52267,33.28232],[-119.52267,33.28204]]],[[[-119.49756,33.28228],[-119.4982,33.28228],[-119.49821,33.28309],[-119.49757,33.2831],[-119.49756,33.28228]]],[[[-119.49822,33.28281],[-119.49854,33.28308],[-119.49822,33.28308],[-119.49822,33.28281]]],[[[-119.52366,33.28284],[-119.52334,33.28312],[-119.52334,33.28284],[-119.52366,33.28284]]],[[[-119.52431,33.2831],[-119.52367,33.28284],[-119.52431,33.28283],[-119.52431,33.28309],[-119.52464,33.28309],[-119.52431,33.28337],[-119.52431,33.2831]]],[[[-119.49727,33.28337],[-119.49759,33.28365],[-119.49727,33.28365],[-119.49727,33.28337]]],[[[-119.5319668041237,33.28394845360824],[-119.53200349999999,33.28403],[-119.53174,33.28403],[-119.53174,33.28375],[-119.5319668041237,33.28394845360824]]],[[[-119.53239722772277,33.2844102970297],[-119.5324,33.28456],[-119.53224810073452,33.284311437565584],[-119.53239722772277,33.2844102970297]]],[[[-119.52435,33.28444],[-119.52467,33.28472],[-119.52435,33.28472],[-119.52435,33.28444]]],[[[-119.52598,33.28496],[-119.52598,33.28523],[-119.52534,33.28524],[-119.52565,33.28469],[-119.52598,33.28496]]],[[[-119.53374,33.28642],[-119.53405,33.28561],[-119.53407,33.28642],[-119.53374,33.28642]]],[[[-119.53374,33.2867],[-119.5331,33.28643],[-119.53308,33.28562],[-119.53372,33.28561],[-119.53374,33.28642],[-119.53374,33.2867]]],[[[-119.53247,33.28671],[-119.53344,33.28697],[-119.53345,33.28752],[-119.53184,33.28727],[-119.53148,33.28592],[-119.53212,33.28592],[-119.53247,33.28671]],[[-119.53215,33.28699],[-119.53216,33.287],[-119.53216,33.28699],[-119.53215,33.28699]],[[-119.53214,33.28673],[-119.53215,33.28672],[-119.53214,33.28672],[-119.53214,33.28673]]],[[[-119.53346,33.28778],[-119.53377,33.28696],[-119.5341,33.2875],[-119.53346,33.28778]]],[[[-119.5341,33.2875],[-119.5341,33.28749],[-119.53442,33.28749],[-119.5341,33.28777],[-119.5341,33.2875]]],[[[-119.53447,33.28938],[-119.5338,33.28804],[-119.53477,33.2883],[-119.53511,33.28938],[-119.53447,33.28938]]],[[[-119.53059,33.28838],[-119.53155,33.28836],[-119.53157,33.28945],[-119.53059,33.28865],[-119.53059,33.28838]]],[[[-119.53189,33.28889],[-119.53158,33.28944],[-119.53157,33.28889],[-119.53189,33.28889]]],[[[-119.52578,33.28928],[-119.5261,33.28956],[-119.52578,33.28956],[-119.52578,33.28928]]],[[[-119.53545,33.28936],[-119.53577,33.28963],[-119.53545,33.28963],[-119.53545,33.28936]]],[[[-119.53642,33.28989],[-119.53612,33.2907],[-119.53577,33.28962],[-119.53642,33.28989]]],[[[-119.52679,33.29089],[-119.52711,33.29116],[-119.52679,33.29116],[-119.52679,33.29089]]],[[[-119.47534,33.21403],[-119.47531,33.21294],[-119.47563,33.21294],[-119.47568,33.21484],[-119.47472,33.21485],[-119.47471,33.21431],[-119.47406,33.21432],[-119.47372,33.21351],[-119.47469,33.2135],[-119.47469,33.21377],[-119.47534,33.21403]],[[-119.47437,33.21405],[-119.47438,33.21405],[-119.47438,33.21404],[-119.47437,33.21405]]],[[[-119.47602,33.21536],[-119.47564,33.21293],[-119.47788,33.21289],[-119.47794,33.21533],[-119.47602,33.21536]],[[-119.47725,33.21345],[-119.47726,33.21344],[-119.47725,33.21344],[-119.47725,33.21345]],[[-119.47629,33.21347],[-119.4763,33.21346],[-119.47629,33.21346],[-119.47629,33.21347]],[[-119.47725,33.21318],[-119.47724,33.21317],[-119.47724,33.21318],[-119.47725,33.21318]],[[-119.47629,33.21319],[-119.47628,33.2132],[-119.47629,33.2132],[-119.47629,33.21319]],[[-119.47631,33.21401],[-119.4763,33.214],[-119.4763,33.21401],[-119.47631,33.21401]],[[-119.47633,33.21509],[-119.47634,33.21508],[-119.47633,33.21508],[-119.47633,33.21509]]],[[[-119.47917,33.21287],[-119.47952,33.21394],[-119.47958,33.21638],[-119.47794,33.21478],[-119.47789,33.21289],[-119.47917,33.21287]],[[-119.47889,33.21423],[-119.47888,33.21422],[-119.47888,33.21423],[-119.47889,33.21423]],[[-119.47822,33.21315],[-119.47821,33.21316],[-119.47822,33.21316],[-119.47822,33.21315]],[[-119.47822,33.21342],[-119.47823,33.21343],[-119.47823,33.21342],[-119.47822,33.21342]],[[-119.47891,33.21503],[-119.4789,33.21504],[-119.47891,33.21504],[-119.47891,33.21503]],[[-119.47889,33.21449],[-119.4789,33.2145],[-119.4789,33.21449],[-119.47889,33.21449]]],[[[-119.48341214723926,33.215212147239264],[-119.48341,33.21521],[-119.48342,33.21521],[-119.48342,33.215212],[-119.48341214723926,33.215212147239264]]],[[[-119.48347,33.21684],[-119.48187,33.21741],[-119.48186,33.21687],[-119.48282,33.21658],[-119.48246,33.21523],[-119.48341214723926,33.215212147239264],[-119.48342,33.21522],[-119.48342,33.215212],[-119.48406,33.2152],[-119.48412,33.21764],[-119.48347,33.21738],[-119.48347,33.21684]],[[-119.48342,33.21549],[-119.48343,33.21548],[-119.48342,33.21548],[-119.48342,33.21549]],[[-119.48309,33.21522],[-119.4831,33.21523],[-119.4831,33.21522],[-119.48309,33.21522]],[[-119.48314,33.21658],[-119.48313,33.21657],[-119.48313,33.21658],[-119.48314,33.21658]]],[[[-119.48407,33.2152],[-119.48443,33.21682],[-119.48537,33.21598],[-119.48602,33.21625],[-119.4851,33.21789],[-119.48414,33.21791],[-119.48407,33.2152]],[[-119.48508,33.21681],[-119.48507,33.2168],[-119.48507,33.21681],[-119.48508,33.21681]]],[[[-119.48154,33.21714],[-119.48186,33.21741],[-119.48154,33.21741],[-119.48154,33.21714]]],[[[-119.49438,33.21635],[-119.49443,33.21798],[-119.4938,33.21798],[-119.4938,33.21853],[-119.4922,33.21828],[-119.49216,33.21666],[-119.49344,33.21664],[-119.49345,33.21718],[-119.49409,33.21717],[-119.49342,33.21609],[-119.49438,33.21635]],[[-119.49409,33.21744],[-119.4941,33.21743],[-119.49409,33.21743],[-119.49409,33.21744]],[[-119.49377,33.21745],[-119.49378,33.21744],[-119.49377,33.21744],[-119.49377,33.21745]],[[-119.49407,33.21636],[-119.49406,33.21635],[-119.49406,33.21636],[-119.49407,33.21636]],[[-119.49283,33.21801],[-119.49284,33.218],[-119.49283,33.218],[-119.49283,33.21801]],[[-119.49411,33.21771],[-119.4941,33.2177],[-119.4941,33.21771],[-119.49411,33.21771]],[[-119.49379,33.21771],[-119.49378,33.21772],[-119.49379,33.21772],[-119.49379,33.21771]],[[-119.49315,33.21772],[-119.49314,33.21773],[-119.49315,33.21773],[-119.49315,33.21772]],[[-119.49283,33.21773],[-119.49282,33.21774],[-119.49283,33.21774],[-119.49283,33.21773]],[[-119.49315,33.21799],[-119.49316,33.218],[-119.49316,33.21799],[-119.49315,33.21799]]],[[[-119.48828,33.21619],[-119.49022,33.21671],[-119.49027,33.21887],[-119.48963,33.21888],[-119.4893,33.21834],[-119.48803,33.21891],[-119.48828,33.21619]],[[-119.48959,33.21699],[-119.48958,33.21698],[-119.48958,33.21699],[-119.48959,33.21699]],[[-119.48927,33.217],[-119.48926,33.21699],[-119.48926,33.217],[-119.48927,33.217]],[[-119.48958,33.21671],[-119.48957,33.21672],[-119.48958,33.21672],[-119.48958,33.21671]],[[-119.48864,33.21754],[-119.48863,33.21755],[-119.48864,33.21755],[-119.48864,33.21754]],[[-119.48862,33.21727],[-119.48863,33.21728],[-119.48863,33.21727],[-119.48862,33.21727]],[[-119.48834,33.21864],[-119.48835,33.21863],[-119.48834,33.21863],[-119.48834,33.21864]]],[[[-119.49218,33.21802],[-119.49059,33.21859],[-119.49023,33.2167],[-119.49216,33.21693],[-119.49218,33.21802]],[[-119.49122,33.21804],[-119.49123,33.21803],[-119.49122,33.21803],[-119.49122,33.21804]]],[[[-119.48769,33.2181],[-119.48801,33.21865],[-119.48769,33.21865],[-119.48769,33.2181]]],[[[-119.48673,33.21867],[-119.48672,33.21812],[-119.48737,33.21811],[-119.48737,33.21866],[-119.48673,33.21867]]],[[[-119.47993,33.2629],[-119.47929,33.26263],[-119.47993,33.26262],[-119.47993,33.2629]]],[[[-119.48091,33.26287],[-119.48123,33.26314],[-119.48091,33.26314],[-119.48091,33.26287]]],[[[-119.47577,33.26352],[-119.47639,33.2627],[-119.4764,33.26324],[-119.47577,33.26352]]],[[[-119.47318,33.2633],[-119.47318,33.26302],[-119.4735,33.2633],[-119.47318,33.2633]]],[[[-119.48187271431149,33.26300657282079],[-119.48188,33.2634],[-119.48124,33.26341],[-119.48177928482528,33.26293919578746],[-119.48187271431149,33.26300657282079]]],[[[-119.48189,33.26339],[-119.48221,33.26366],[-119.48189,33.26366],[-119.48189,33.26339]]],[[[-119.47385,33.2641],[-119.47417,33.26355],[-119.47449,33.26409],[-119.47385,33.2641]]],[[[-119.4755,33.26542],[-119.47578,33.26378],[-119.47675,33.26404],[-119.47645,33.26486],[-119.4755,33.26542]],[[-119.47581,33.26487],[-119.47613,33.26459],[-119.47581,33.2646],[-119.47581,33.26487]]],[[[-119.4787,33.26454],[-119.47839,33.26509],[-119.47838,33.26454],[-119.4787,33.26454]]],[[[-119.47517,33.26542],[-119.47547,33.26434],[-119.47549,33.26542],[-119.47517,33.26542]]],[[[-119.4784,33.26563],[-119.47904,33.26535],[-119.47905,33.26589],[-119.4784,33.26563]]],[[[-119.4768,33.26566],[-119.47712,33.26593],[-119.4768,33.26593],[-119.4768,33.26566]]],[[[-119.47906,33.26588],[-119.47939,33.26616],[-119.47906,33.26616],[-119.47906,33.26588]]],[[[-119.49065,33.26592],[-119.49097,33.26619],[-119.49065,33.26619],[-119.49065,33.26592]]],[[[-119.47713,33.26592],[-119.47745,33.26619],[-119.47713,33.26619],[-119.47713,33.26592]]],[[[-119.47778,33.26618],[-119.4781,33.26645],[-119.47778,33.26645],[-119.47778,33.26618]]],[[[-119.49162,33.26618],[-119.4913,33.26645],[-119.4913,33.26618],[-119.49162,33.26618]]],[[[-119.47424,33.26625],[-119.47456,33.26652],[-119.47424,33.26652],[-119.47424,33.26625]]],[[[-119.49035,33.26674],[-119.49035,33.26647],[-119.49067,33.26647],[-119.49035,33.26674]]],[[[-119.49454,33.26693],[-119.4939,33.26667],[-119.49454,33.26666],[-119.49454,33.26693]]],[[[-119.47845,33.26698],[-119.47845,33.26726],[-119.47781,33.26726],[-119.47812,33.26672],[-119.47845,33.26698]]],[[[-119.49261,33.26697],[-119.49229,33.26724],[-119.49229,33.26697],[-119.49261,33.26697]]],[[[-119.48008,33.26776],[-119.47976,33.26804],[-119.47976,33.26776],[-119.48008,33.26776]]],[[[-119.48074,33.26829],[-119.48042,33.26883],[-119.48042,33.26829],[-119.48074,33.26829]]],[[[-119.48076,33.26882],[-119.48108,33.2691],[-119.48076,33.2691],[-119.48076,33.26882]]],[[[-119.48624,33.26954],[-119.4856,33.26927],[-119.48624,33.26926],[-119.48624,33.26954]]],[[[-119.48882,33.26948],[-119.48885,33.27057],[-119.48788,33.27058],[-119.48787,33.26976],[-119.48882,33.26948]],[[-119.48852,33.27029],[-119.48853,33.2703],[-119.48853,33.27029],[-119.48852,33.27029]],[[-119.48851,33.27003],[-119.48852,33.27002],[-119.48851,33.27002],[-119.48851,33.27003]]],[[[-119.48657,33.26952],[-119.48785,33.2695],[-119.48788,33.27058],[-119.48659,33.27033],[-119.48657,33.26952]],[[-119.48754,33.27004],[-119.48755,33.27005],[-119.48755,33.27004],[-119.48754,33.27004]]],[[[-119.48693,33.27087],[-119.48662,33.27142],[-119.48661,33.27087],[-119.48693,33.27087]]],[[[-119.48888,33.27192],[-119.48824,33.27192],[-119.48856,33.27137],[-119.48888,33.27137],[-119.48888,33.27192]]],[[[-119.4773,33.27242],[-119.47697,33.27187],[-119.47729,33.27187],[-119.4773,33.27242]]],[[[-119.49374,33.27235],[-119.49406,33.27262],[-119.49374,33.27262],[-119.49374,33.27235]]],[[[-119.48891,33.27299],[-119.48858,33.27218],[-119.48955,33.27244],[-119.48956,33.27298],[-119.48891,33.27299]]],[[[-119.47861,33.27293],[-119.47861,33.27265],[-119.47893,33.27265],[-119.47861,33.27293]]],[[[-119.47795,33.27213],[-119.47861,33.2732],[-119.47798,33.27348],[-119.47733,33.27295],[-119.47731,33.27214],[-119.47795,33.27213]],[[-119.47765,33.27268],[-119.47764,33.27267],[-119.47764,33.27268],[-119.47765,33.27268]]],[[[-119.47894,33.27346],[-119.47894,33.27291],[-119.47926,33.27346],[-119.47894,33.27346]]],[[[-119.48732,33.27329],[-119.48796,33.27328],[-119.48798,33.27437],[-119.48733,33.27383],[-119.48732,33.27329]]],[[[-119.47961,33.27399],[-119.47963,33.27481],[-119.47931,33.27481],[-119.47961,33.27372],[-119.47927,33.27318],[-119.47991,33.27317],[-119.48058,33.27425],[-119.47961,33.27399]],[[-119.47992,33.27372],[-119.47993,33.27371],[-119.47992,33.27371],[-119.47992,33.27372]]],[[[-119.47831,33.27347],[-119.47928,33.27373],[-119.47929,33.27454],[-119.47832,33.27401],[-119.47831,33.27347]],[[-119.47897,33.274],[-119.47896,33.27401],[-119.47897,33.27401],[-119.47897,33.274]]],[[[-119.48896,33.27435],[-119.48833,33.2749],[-119.48798,33.27355],[-119.48896,33.27435]]],[[[-119.4922,33.27481],[-119.49252,33.27509],[-119.4922,33.27509],[-119.4922,33.27481]]],[[[-119.48898,33.27488],[-119.4893,33.27542],[-119.48898,33.27542],[-119.48898,33.27488]]],[[[-119.49252,33.27535],[-119.49252,33.27509],[-119.49252,33.27508],[-119.49284,33.27535],[-119.49252,33.27535]]],[[[-119.49091,33.27511],[-119.49123,33.27539],[-119.49091,33.27539],[-119.49091,33.27511]]],[[[-119.48965,33.27623],[-119.48931,33.27541],[-119.48963,33.27541],[-119.48965,33.27623]]],[[[-119.48611,33.27575],[-119.48643,33.27602],[-119.48611,33.27602],[-119.48611,33.27575]]],[[[-119.49126,33.27592],[-119.49158,33.27619],[-119.49126,33.27619],[-119.49126,33.27592]]],[[[-119.48965,33.27568],[-119.49029,33.27567],[-119.4903,33.27649],[-119.48966,33.27649],[-119.48965,33.27568]],[[-119.48998,33.27621],[-119.48997,33.27622],[-119.48998,33.27622],[-119.48998,33.27621]]],[[[-119.48643,33.27601],[-119.48676,33.27629],[-119.48643,33.27629],[-119.48643,33.27602],[-119.48643,33.27601]]],[[[-119.48386,33.27607],[-119.48454,33.27768],[-119.48389,33.27742],[-119.48386,33.27607]],[[-119.48421,33.27714],[-119.4842,33.27715],[-119.48421,33.27715],[-119.48421,33.27714]]],[[[-119.49318,33.27561],[-119.49325,33.27832],[-119.49293,33.27832],[-119.49226,33.27725],[-119.49289,33.2767],[-119.49286,33.27561],[-119.49318,33.27561]]],[[[-119.49416,33.27613],[-119.49417,33.27668],[-119.49483,33.27693],[-119.49487,33.27883],[-119.49326,33.27858],[-119.49319,33.27561],[-119.49416,33.27613]],[[-119.49354,33.27695],[-119.49355,33.27696],[-119.49355,33.27695],[-119.49354,33.27695]],[[-119.49418,33.27695],[-119.49419,33.27694],[-119.49418,33.27694],[-119.49418,33.27695]],[[-119.49422,33.27857],[-119.49423,33.27856],[-119.49422,33.27856],[-119.49422,33.27857]],[[-119.4939,33.27858],[-119.49391,33.27857],[-119.4939,33.27857],[-119.4939,33.27858]]],[[[-119.49131,33.27781],[-119.49162,33.277],[-119.49163,33.27781],[-119.49131,33.27781]]],[[[-119.49065,33.27728],[-119.49131,33.27781],[-119.49133,33.27835],[-119.49133,33.27863],[-119.491,33.27863],[-119.49065,33.27728]]],[[[-119.48548,33.27685],[-119.48515,33.27631],[-119.48579,33.27603],[-119.48621,33.28009],[-119.48589,33.28009],[-119.48554,33.27874],[-119.48455,33.27795],[-119.48452,33.27659],[-119.48548,33.27685]],[[-119.48588,33.27927],[-119.48587,33.27928],[-119.48588,33.27928],[-119.48588,33.27927]],[[-119.48582,33.27711],[-119.48518,33.2774],[-119.48582,33.27765],[-119.48582,33.27711]],[[-119.48518,33.27767],[-119.48519,33.27766],[-119.48518,33.27766],[-119.48518,33.27767]],[[-119.48586,33.27846],[-119.48585,33.27847],[-119.48586,33.27847],[-119.48586,33.27846]],[[-119.48586,33.279],[-119.48587,33.27901],[-119.48587,33.279],[-119.48586,33.279]]],[[[-119.48775,33.27734],[-119.48841,33.2776],[-119.48807,33.27679],[-119.48904,33.27705],[-119.48972,33.27893],[-119.49004,33.27838],[-119.49007,33.27946],[-119.49072,33.27972],[-119.49108,33.28134],[-119.49044,33.28135],[-119.49046,33.28189],[-119.48981,33.2819],[-119.48946,33.28083],[-119.48885,33.28192],[-119.48884,33.28138],[-119.48785,33.28086],[-119.48783,33.27978],[-119.48784,33.28059],[-119.48623,33.28035],[-119.4865,33.27845],[-119.48618,33.27846],[-119.48613,33.27656],[-119.48678,33.27682],[-119.48679,33.27763],[-119.48712,33.27763],[-119.48711,33.27708],[-119.48774,33.27707],[-119.48739,33.27572],[-119.48803,33.27571],[-119.48775,33.27734]],[[-119.48973,33.27893],[-119.48974,33.2792],[-119.48974,33.27893],[-119.48973,33.27893]],[[-119.48975,33.2792],[-119.48909,33.27921],[-119.48975,33.27974],[-119.48977,33.28055],[-119.48978,33.28055],[-119.48975,33.2792]],[[-119.48782,33.27951],[-119.48781,33.27924],[-119.48781,33.27951],[-119.48782,33.27951]],[[-119.4878,33.27924],[-119.4878,33.27896],[-119.48777,33.27789],[-119.4878,33.27924]],[[-119.48776,33.27761],[-119.48776,33.27789],[-119.48777,33.27789],[-119.48776,33.27761]],[[-119.49044,33.28108],[-119.4901,33.28054],[-119.49011,33.28109],[-119.49044,33.28108]],[[-119.48915,33.28111],[-119.48914,33.2811],[-119.48914,33.28111],[-119.48915,33.28111]],[[-119.48875,33.27813],[-119.48874,33.27814],[-119.48875,33.27814],[-119.48875,33.27813]],[[-119.48873,33.27786],[-119.48874,33.27787],[-119.48874,33.27786],[-119.48873,33.27786]],[[-119.48944,33.28002],[-119.48943,33.28001],[-119.48943,33.28002],[-119.48944,33.28002]],[[-119.48848,33.28004],[-119.48847,33.28003],[-119.48847,33.28004],[-119.48848,33.28004]],[[-119.48846,33.27976],[-119.48847,33.27977],[-119.48847,33.27976],[-119.48846,33.27976]],[[-119.48848,33.2803],[-119.48849,33.28031],[-119.48849,33.2803],[-119.48848,33.2803]],[[-119.48751,33.28006],[-119.4875,33.28005],[-119.4875,33.28006],[-119.48751,33.28006]],[[-119.48751,33.28032],[-119.48752,33.28033],[-119.48752,33.28032],[-119.48751,33.28032]],[[-119.49012,33.28135],[-119.49013,33.28136],[-119.49013,33.28135],[-119.49012,33.28135]],[[-119.48651,33.27899],[-119.48683,33.27871],[-119.48651,33.27872],[-119.48651,33.27899]],[[-119.48681,33.27817],[-119.48682,33.27818],[-119.48682,33.27817],[-119.48681,33.27817]],[[-119.48654,33.28008],[-119.48655,33.28007],[-119.48654,33.28007],[-119.48654,33.28008]]],[[[-119.49264,33.27914],[-119.49232,33.27942],[-119.49232,33.27914],[-119.49264,33.27914]]],[[[-119.46788,33.21173],[-119.4682,33.21201],[-119.46788,33.21201],[-119.46788,33.21173]]],[[[-119.46533,33.21287],[-119.46597,33.21259],[-119.46532,33.21233],[-119.46595,33.21205],[-119.46594,33.2115],[-119.46722,33.21148],[-119.46724,33.21202],[-119.46755,33.21148],[-119.46758,33.21256],[-119.46886,33.21226],[-119.46951,33.21252],[-119.46954,33.21415],[-119.46762,33.21418],[-119.4676,33.21337],[-119.46761,33.21418],[-119.46698,33.21419],[-119.46635,33.21502],[-119.46539,33.21476],[-119.46603,33.21448],[-119.46536,33.21395],[-119.46533,33.21287]],[[-119.46725,33.21229],[-119.46725,33.21202],[-119.46724,33.21202],[-119.46725,33.21229]],[[-119.46725,33.21256],[-119.46726,33.21283],[-119.46726,33.21256],[-119.46725,33.21256]],[[-119.46727,33.21283],[-119.46727,33.2131],[-119.46728,33.21338],[-119.46727,33.21283]],[[-119.46824,33.21335],[-119.46825,33.21336],[-119.46825,33.21335],[-119.46824,33.21335]],[[-119.46823,33.21308],[-119.46824,33.21309],[-119.46824,33.21308],[-119.46823,33.21308]],[[-119.4692,33.21334],[-119.46921,33.21333],[-119.4692,33.21333],[-119.4692,33.21334]],[[-119.4692,33.21307],[-119.46919,33.21306],[-119.46919,33.21307],[-119.4692,33.21307]],[[-119.46918,33.21279],[-119.46919,33.2128],[-119.46919,33.21279],[-119.46918,33.21279]],[[-119.46922,33.2136],[-119.46921,33.21361],[-119.46922,33.21361],[-119.46922,33.2136]],[[-119.4666,33.21231],[-119.46661,33.2123],[-119.4666,33.2123],[-119.4666,33.21231]],[[-119.46659,33.21203],[-119.4666,33.21204],[-119.4666,33.21203],[-119.46659,33.21203]],[[-119.46658,33.21177],[-119.46659,33.21176],[-119.46658,33.21176],[-119.46658,33.21177]],[[-119.46729,33.21365],[-119.46728,33.21364],[-119.46728,33.21365],[-119.46729,33.21365]],[[-119.46665,33.21392],[-119.46664,33.21393],[-119.46665,33.21393],[-119.46665,33.21392]],[[-119.46633,33.21393],[-119.46632,33.21394],[-119.46633,33.21394],[-119.46633,33.21393]]],[[[-119.4528,33.21366],[-119.45311,33.21311],[-119.45312,33.21366],[-119.4528,33.21366]]],[[[-119.46951,33.21224],[-119.47145,33.21302],[-119.47149,33.21465],[-119.47116,33.21411],[-119.46954,33.21387],[-119.46951,33.21224]],[[-119.47017,33.21305],[-119.47016,33.21304],[-119.47016,33.21305],[-119.47017,33.21305]],[[-119.47018,33.21331],[-119.47017,33.21332],[-119.47018,33.21332],[-119.47018,33.21331]],[[-119.47114,33.21329],[-119.47113,33.2133],[-119.47114,33.2133],[-119.47114,33.21329]]],[[[-119.46535,33.21369],[-119.46407,33.21371],[-119.46407,33.21398],[-119.46473,33.21451],[-119.46537,33.21422],[-119.46538,33.21477],[-119.46345,33.21453],[-119.46342,33.21344],[-119.4647,33.21342],[-119.46532,33.2126],[-119.46535,33.21369]],[[-119.46376,33.21425],[-119.46377,33.21426],[-119.46377,33.21425],[-119.46376,33.21425]],[[-119.46376,33.21398],[-119.46375,33.21399],[-119.46376,33.21399],[-119.46376,33.21398]]],[[[-119.46088,33.21486],[-119.46024,33.21486],[-119.46023,33.21432],[-119.45926,33.21434],[-119.45923,33.21299],[-119.45986,33.21271],[-119.46053,33.21351],[-119.46088,33.21486]],[[-119.45955,33.21326],[-119.45956,33.21325],[-119.45955,33.21325],[-119.45955,33.21326]],[[-119.45957,33.2138],[-119.45956,33.21379],[-119.45956,33.2138],[-119.45957,33.2138]]],[[[-119.47147,33.21328],[-119.47211,33.21355],[-119.47209,33.21273],[-119.47371,33.21325],[-119.47372,33.21406],[-119.47309,33.21407],[-119.47311,33.21489],[-119.47215,33.21517],[-119.47215,33.21463],[-119.4715,33.21464],[-119.47147,33.21328]],[[-119.47278,33.21435],[-119.47278,33.21434],[-119.47277,33.21434],[-119.47278,33.21435]],[[-119.47246,33.21436],[-119.47246,33.21435],[-119.47245,33.21435],[-119.47246,33.21436]],[[-119.47182,33.21437],[-119.47182,33.21436],[-119.47181,33.21436],[-119.47182,33.21437]],[[-119.47276,33.21408],[-119.47277,33.21408],[-119.47277,33.21407],[-119.47276,33.21408]],[[-119.4718,33.2141],[-119.47181,33.2141],[-119.47181,33.21409],[-119.4718,33.2141]],[[-119.47279,33.21462],[-119.47279,33.21461],[-119.47278,33.21461],[-119.47279,33.21462]]],[[[-119.4551,33.21524],[-119.4554,33.21415],[-119.45507,33.21415],[-119.45504,33.2128],[-119.45664,33.21277],[-119.45796,33.2141],[-119.45894,33.21435],[-119.45895,33.21517],[-119.45832,33.21544],[-119.45734,33.21465],[-119.45639,33.21549],[-119.4551,33.21524]],[[-119.45733,33.21438],[-119.45733,33.21465],[-119.45734,33.21465],[-119.45733,33.21438]],[[-119.45732,33.21411],[-119.45732,33.21438],[-119.45733,33.21438],[-119.45732,33.21411]],[[-119.45731,33.21384],[-119.45731,33.21411],[-119.45732,33.21411],[-119.45731,33.21384]],[[-119.45699,33.21331],[-119.45698,33.21331],[-119.45699,33.21358],[-119.45699,33.21331]],[[-119.45603,33.21414],[-119.45604,33.21414],[-119.45603,33.21413],[-119.45603,33.21414]],[[-119.45765,33.2141],[-119.45764,33.2141],[-119.45765,33.21411],[-119.45765,33.2141]],[[-119.45668,33.21412],[-119.45667,33.21412],[-119.45668,33.21413],[-119.45668,33.21412]],[[-119.45766,33.21438],[-119.45766,33.21437],[-119.45765,33.21438],[-119.45766,33.21438]],[[-119.45669,33.2144],[-119.45669,33.21439],[-119.45668,33.2144],[-119.45669,33.2144]],[[-119.45571,33.21414],[-119.45571,33.21415],[-119.45572,33.21414],[-119.45571,33.21414]]],[[[-119.45319,33.21609],[-119.45316,33.21446],[-119.45349,33.21527],[-119.45413,33.21498],[-119.45312,33.21311],[-119.45503,33.21281],[-119.4551,33.21551],[-119.45319,33.21609]],[[-119.4541,33.21418],[-119.45411,33.21417],[-119.4541,33.21417],[-119.4541,33.21418]],[[-119.45444,33.21498],[-119.45477,33.21524],[-119.45477,33.21497],[-119.45444,33.21498]],[[-119.45411,33.21444],[-119.45412,33.21445],[-119.45412,33.21444],[-119.45411,33.21444]]],[[[-119.46342,33.21372],[-119.46314,33.21535],[-119.46185,33.2151],[-119.46217,33.21455],[-119.46313,33.21454],[-119.46278,33.21373],[-119.46342,33.21372]]],[[[-119.44867,33.21537],[-119.44803,33.21564],[-119.44803,33.21537],[-119.44867,33.21537]]],[[[-119.44901,33.21562],[-119.44933,33.2159],[-119.44901,33.2159],[-119.44901,33.21562]]],[[[-119.45028,33.2156],[-119.45026,33.21479],[-119.44962,33.2148],[-119.4496,33.21399],[-119.45087,33.2137],[-119.4509,33.21451],[-119.4512,33.21369],[-119.45248,33.21367],[-119.45217,33.21421],[-119.45315,33.21447],[-119.45319,33.21609],[-119.45255,33.21583],[-119.45223,33.21638],[-119.45127,33.21639],[-119.45126,33.21585],[-119.45099,33.21803],[-119.45003,33.21804],[-119.44937,33.21751],[-119.44933,33.21589],[-119.45028,33.2156]],[[-119.45125,33.21558],[-119.45125,33.21585],[-119.45126,33.21585],[-119.45125,33.21558]],[[-119.45124,33.21531],[-119.45124,33.21558],[-119.45125,33.21558],[-119.45124,33.21531]],[[-119.45122,33.2145],[-119.45189,33.21557],[-119.45286,33.21555],[-119.45284,33.21474],[-119.45187,33.21503],[-119.45187,33.21476],[-119.45122,33.2145]],[[-119.45219,33.21448],[-119.45218,33.21449],[-119.45219,33.21449],[-119.45219,33.21448]],[[-119.4506,33.21532],[-119.45059,33.21533],[-119.4506,33.21533],[-119.4506,33.21532]],[[-119.45058,33.21505],[-119.45059,33.21506],[-119.45059,33.21505],[-119.45058,33.21505]],[[-119.45032,33.21696],[-119.45033,33.21695],[-119.45032,33.21695],[-119.45032,33.21696]],[[-119.45031,33.21641],[-119.4503,33.21642],[-119.45031,33.21642],[-119.45031,33.21641]],[[-119.45031,33.21668],[-119.45032,33.21669],[-119.45032,33.21668],[-119.45031,33.21668]]],[[[-119.44097,33.2166],[-119.44064,33.21606],[-119.44096,33.21606],[-119.44097,33.2166]]],[[[-119.44129,33.21605],[-119.44099,33.21714],[-119.44097,33.21605],[-119.44129,33.21605]]],[[[-119.44933,33.21616],[-119.44936,33.21725],[-119.44904,33.21725],[-119.44901,33.21616],[-119.44933,33.21616]]],[[[-119.44329,33.21872],[-119.44325,33.21709],[-119.44328,33.21845],[-119.44136,33.21875],[-119.44132,33.21712],[-119.44197,33.21739],[-119.44227,33.21657],[-119.44225,33.21576],[-119.44126,33.21496],[-119.44287,33.21521],[-119.44288,33.21575],[-119.44288,33.2152],[-119.44385,33.21546],[-119.44383,33.21491],[-119.4448,33.21517],[-119.44515,33.21651],[-119.44548,33.21624],[-119.44614,33.21704],[-119.44651,33.21893],[-119.44555,33.21894],[-119.44554,33.2184],[-119.44554,33.21895],[-119.44329,33.21872]],[[-119.44516,33.21651],[-119.44517,33.21679],[-119.44517,33.21651],[-119.44516,33.21651]],[[-119.44518,33.21706],[-119.44518,33.21679],[-119.44517,33.21679],[-119.44518,33.21706]],[[-119.44519,33.21733],[-119.44519,33.2176],[-119.44521,33.21841],[-119.44519,33.21733]],[[-119.44324,33.21682],[-119.44323,33.21655],[-119.44323,33.21682],[-119.44324,33.21682]],[[-119.44322,33.21628],[-119.44322,33.21655],[-119.44323,33.21655],[-119.44322,33.21628]],[[-119.44289,33.21602],[-119.4429,33.21629],[-119.4429,33.21602],[-119.44289,33.21602]],[[-119.44354,33.21628],[-119.44355,33.21627],[-119.44354,33.21627],[-119.44354,33.21628]],[[-119.44353,33.21601],[-119.44354,33.216],[-119.44353,33.216],[-119.44353,33.21601]],[[-119.44419,33.21627],[-119.44418,33.21626],[-119.44418,33.21627],[-119.44419,33.21627]],[[-119.44583,33.21731],[-119.44582,33.21732],[-119.44583,33.21732],[-119.44583,33.21731]],[[-119.44583,33.21758],[-119.44584,33.21759],[-119.44584,33.21758],[-119.44583,33.21758]],[[-119.44389,33.21708],[-119.44423,33.21762],[-119.44421,33.21708],[-119.44389,33.21708]],[[-119.44487,33.21761],[-119.44486,33.2176],[-119.44486,33.21761],[-119.44487,33.21761]],[[-119.44423,33.21788],[-119.44424,33.21789],[-119.44424,33.21788],[-119.44423,33.21788]],[[-119.44229,33.21765],[-119.4423,33.21766],[-119.4423,33.21765],[-119.44229,33.21765]],[[-119.44257,33.2163],[-119.44258,33.21629],[-119.44257,33.21629],[-119.44257,33.2163]],[[-119.44259,33.21656],[-119.44258,33.21657],[-119.44259,33.21657],[-119.44259,33.21656]],[[-119.44231,33.21793],[-119.4423,33.21792],[-119.4423,33.21793],[-119.44231,33.21793]],[[-119.44167,33.21794],[-119.44166,33.21793],[-119.44166,33.21794],[-119.44167,33.21794]]],[[[-119.43296,33.21757],[-119.43264,33.21784],[-119.43264,33.21757],[-119.43296,33.21757]]],[[[-119.43297,33.21756],[-119.43393,33.21755],[-119.43394,33.21809],[-119.43457,33.2178],[-119.43391,33.21701],[-119.43421,33.21618],[-119.43486,33.21645],[-119.43517,33.21589],[-119.43582,33.21616],[-119.43676,33.21533],[-119.43679,33.21641],[-119.43677,33.21532],[-119.43739,33.21477],[-119.43903,33.21582],[-119.43906,33.21745],[-119.43904,33.21609],[-119.43936,33.21609],[-119.43969,33.21635],[-119.43939,33.21744],[-119.44005,33.21797],[-119.44134,33.21795],[-119.44135,33.21848],[-119.43975,33.21879],[-119.43942,33.21852],[-119.43848,33.21935],[-119.43851,33.22071],[-119.43819,33.22017],[-119.43754,33.22018],[-119.43751,33.21883],[-119.43752,33.21992],[-119.43627,33.22102],[-119.4363,33.2221],[-119.43566,33.22211],[-119.43563,33.22076],[-119.43563,33.22131],[-119.43467,33.22132],[-119.43434,33.22078],[-119.43241,33.22109],[-119.43207,33.22002],[-119.43142,33.22003],[-119.43171,33.21867],[-119.43298,33.21811],[-119.43297,33.21756]],[[-119.43487,33.21672],[-119.43487,33.21645],[-119.43486,33.21645],[-119.43487,33.21672]],[[-119.43488,33.21699],[-119.43488,33.21672],[-119.43487,33.21672],[-119.43488,33.21699]],[[-119.43941,33.21825],[-119.43941,33.21852],[-119.43942,33.21852],[-119.43941,33.21825]],[[-119.43907,33.21745],[-119.43908,33.21772],[-119.43908,33.21745],[-119.43907,33.21745]],[[-119.43909,33.21799],[-119.43909,33.21772],[-119.43908,33.21772],[-119.43909,33.21799]],[[-119.43562,33.22049],[-119.43561,33.22022],[-119.43561,33.22049],[-119.43562,33.22049]],[[-119.4356,33.22022],[-119.4356,33.21995],[-119.43559,33.21968],[-119.4356,33.22022]],[[-119.43369,33.22053],[-119.43368,33.22026],[-119.43368,33.22053],[-119.43369,33.22053]],[[-119.43842,33.21719],[-119.4381,33.21746],[-119.43843,33.21746],[-119.43842,33.21719]],[[-119.43714,33.21748],[-119.43715,33.21775],[-119.43715,33.21748],[-119.43714,33.21748]],[[-119.43716,33.21803],[-119.43716,33.21775],[-119.43715,33.21775],[-119.43716,33.21803]],[[-119.43717,33.2183],[-119.43717,33.21857],[-119.43718,33.21884],[-119.43717,33.2183]],[[-119.43713,33.21748],[-119.43713,33.21721],[-119.43711,33.2164],[-119.43713,33.21748]],[[-119.43649,33.21749],[-119.4365,33.2175],[-119.4365,33.21749],[-119.43649,33.21749]],[[-119.43742,33.21559],[-119.43741,33.21558],[-119.43741,33.21559],[-119.43742,33.21559]],[[-119.4374,33.21531],[-119.43741,33.21532],[-119.43741,33.21531],[-119.4374,33.21531]],[[-119.43649,33.21696],[-119.43648,33.21695],[-119.43648,33.21696],[-119.43649,33.21696]],[[-119.4381,33.21693],[-119.43809,33.21692],[-119.43809,33.21693],[-119.4381,33.21693]],[[-119.43809,33.21665],[-119.43808,33.21666],[-119.43809,33.21666],[-119.43809,33.21665]],[[-119.4407,33.2185],[-119.44071,33.21849],[-119.4407,33.21849],[-119.4407,33.2185]],[[-119.43974,33.21852],[-119.43975,33.21851],[-119.43974,33.21851],[-119.43974,33.21852]],[[-119.43909,33.21853],[-119.4391,33.21852],[-119.43909,33.21852],[-119.43909,33.21853]],[[-119.43877,33.21854],[-119.43878,33.21853],[-119.43877,33.21853],[-119.43877,33.21854]],[[-119.43813,33.21855],[-119.43814,33.21854],[-119.43813,33.21854],[-119.43813,33.21855]],[[-119.43974,33.21798],[-119.43973,33.21797],[-119.43973,33.21798],[-119.43974,33.21798]],[[-119.43719,33.21911],[-119.43718,33.2191],[-119.43718,33.21911],[-119.43719,33.21911]],[[-119.43623,33.21913],[-119.43622,33.21912],[-119.43622,33.21913],[-119.43623,33.21913]],[[-119.43781,33.21855],[-119.43782,33.21856],[-119.43782,33.21855],[-119.43781,33.21855]],[[-119.43621,33.21858],[-119.4362,33.21859],[-119.43621,33.21859],[-119.43621,33.21858]],[[-119.43879,33.2188],[-119.43878,33.21881],[-119.43879,33.21881],[-119.43879,33.2188]],[[-119.43815,33.21881],[-119.43814,33.21882],[-119.43815,33.21882],[-119.43815,33.21881]],[[-119.43621,33.21885],[-119.43622,33.21886],[-119.43622,33.21885],[-119.43621,33.21885]],[[-119.43817,33.2199],[-119.43785,33.21964],[-119.43785,33.21991],[-119.43817,33.2199]],[[-119.43598,33.22184],[-119.43597,33.22183],[-119.43597,33.22184],[-119.43598,33.22184]],[[-119.43432,33.22024],[-119.43433,33.22025],[-119.43433,33.22024],[-119.43432,33.22024]],[[-119.43336,33.22026],[-119.43335,33.21999],[-119.43335,33.22026],[-119.43336,33.22026]],[[-119.43334,33.21972],[-119.43334,33.21999],[-119.43335,33.21999],[-119.43334,33.21972]],[[-119.43333,33.21945],[-119.43333,33.21972],[-119.43334,33.21972],[-119.43333,33.21945]],[[-119.43332,33.21918],[-119.43332,33.21891],[-119.43329,33.21783],[-119.43332,33.21918]],[[-119.43523,33.21806],[-119.43525,33.21915],[-119.43526,33.21941],[-119.43523,33.21806]],[[-119.43522,33.21779],[-119.43522,33.21806],[-119.43523,33.21806],[-119.43522,33.21779]],[[-119.43521,33.21752],[-119.43521,33.21779],[-119.43522,33.21779],[-119.43521,33.21752]],[[-119.4352,33.21725],[-119.4352,33.21752],[-119.43521,33.21752],[-119.4352,33.21725]],[[-119.43527,33.21968],[-119.43527,33.21941],[-119.43526,33.21941],[-119.43527,33.21968]],[[-119.43456,33.217],[-119.43455,33.21699],[-119.43455,33.217],[-119.43456,33.217]],[[-119.43555,33.21779],[-119.43554,33.21778],[-119.43554,33.21779],[-119.43555,33.21779]],[[-119.43553,33.21751],[-119.43554,33.21752],[-119.43554,33.21751],[-119.43553,33.21751]],[[-119.43552,33.21725],[-119.43553,33.21724],[-119.43552,33.21724],[-119.43552,33.21725]],[[-119.43461,33.21916],[-119.43462,33.21915],[-119.43461,33.21915],[-119.43461,33.21916]],[[-119.4343,33.21917],[-119.43429,33.21916],[-119.43429,33.21917],[-119.4343,33.21917]],[[-119.43461,33.21888],[-119.4346,33.21889],[-119.43461,33.21889],[-119.43461,33.21888]],[[-119.43365,33.2189],[-119.43364,33.21891],[-119.43365,33.21891],[-119.43365,33.2189]],[[-119.43365,33.21944],[-119.43366,33.21945],[-119.43366,33.21944],[-119.43365,33.21944]],[[-119.43269,33.2192],[-119.43268,33.21919],[-119.43268,33.2192],[-119.43269,33.2192]],[[-119.43267,33.21892],[-119.43268,33.21893],[-119.43268,33.21892],[-119.43267,33.21892]],[[-119.43205,33.21947],[-119.43204,33.21948],[-119.43205,33.21948],[-119.43205,33.21947]],[[-119.4327,33.21973],[-119.43269,33.21974],[-119.4327,33.21974],[-119.4327,33.21973]],[[-119.4353,33.22049],[-119.43529,33.2205],[-119.4353,33.2205],[-119.4353,33.22049]],[[-119.43336,33.2208],[-119.43337,33.22081],[-119.43337,33.2208],[-119.43336,33.2208]],[[-119.43272,33.22081],[-119.43273,33.22082],[-119.43273,33.22081],[-119.43272,33.22081]]],[[[-119.4321,33.2211],[-119.43242,33.22137],[-119.4321,33.22137],[-119.4321,33.2211]]],[[[-119.43533,33.22184],[-119.43565,33.22212],[-119.43533,33.22212],[-119.43533,33.22184]]],[[[-119.43567,33.22266],[-119.43535,33.22266],[-119.43535,33.22238],[-119.43567,33.22266]]],[[[-119.43439,33.22295],[-119.43439,33.2224],[-119.43472,33.22295],[-119.43439,33.22295]]],[[[-119.40446,33.22244],[-119.40575,33.22324],[-119.40448,33.22326],[-119.4045,33.22408],[-119.40417,33.22408],[-119.40446,33.22244]]],[[[-119.40609,33.22322],[-119.40641,33.2235],[-119.40609,33.2235],[-119.40609,33.22322]]],[[[-119.40608,33.22323],[-119.40576,33.2235],[-119.40576,33.22323],[-119.40608,33.22323]]],[[[-119.40417,33.22408],[-119.40383,33.22327],[-119.40288,33.22356],[-119.40257,33.22466],[-119.40064,33.22441],[-119.40031,33.22361],[-119.39934,33.2239],[-119.39997,33.22307],[-119.4006,33.22306],[-119.40091,33.22224],[-119.40187,33.22223],[-119.40189,33.22304],[-119.40188,33.22222],[-119.40414,33.22272],[-119.40417,33.22408]],[[-119.4003,33.22361],[-119.40029,33.22334],[-119.40029,33.22361],[-119.4003,33.22361]],[[-119.40253,33.22276],[-119.40222,33.2233],[-119.40224,33.22411],[-119.40253,33.22276]],[[-119.40225,33.22438],[-119.40225,33.22411],[-119.40224,33.22411],[-119.40225,33.22438]],[[-119.40061,33.22306],[-119.40094,33.2236],[-119.40093,33.22306],[-119.40061,33.22306]],[[-119.40257,33.22384],[-119.40256,33.22383],[-119.40256,33.22384],[-119.40257,33.22384]],[[-119.4016,33.22386],[-119.40159,33.22385],[-119.40159,33.22386],[-119.4016,33.22386]],[[-119.40158,33.22359],[-119.40159,33.22358],[-119.40158,33.22358],[-119.40158,33.22359]]],[[[-119.40771,33.22401],[-119.40802,33.22346],[-119.40803,33.22401],[-119.40771,33.22401]]],[[[-119.40742,33.2251],[-119.4071,33.22537],[-119.4071,33.2251],[-119.40742,33.2251]]],[[[-119.41068,33.22666],[-119.40908,33.22696],[-119.40907,33.22641],[-119.41068,33.22666]],[[-119.40971,33.22668],[-119.40972,33.22667],[-119.40971,33.22667],[-119.40971,33.22668]]],[[[-119.41134,33.22691],[-119.41102,33.22719],[-119.41102,33.22691],[-119.41134,33.22691]]],[[[-119.44991,33.24807],[-119.45023,33.24834],[-119.44991,33.24834],[-119.44991,33.24807]]],[[[-119.45252,33.24992],[-119.45188,33.24992],[-119.45219,33.24938],[-119.45252,33.24964],[-119.45252,33.24992]]],[[[-119.45317,33.24962],[-119.45349,33.2499],[-119.45317,33.2499],[-119.45317,33.24962]]],[[[-119.45370292682927,33.249988780487804],[-119.4535,33.25016],[-119.4535,33.24989],[-119.45359858361775,33.24989],[-119.45370292682927,33.249988780487804]]],[[[-119.45383,33.25015],[-119.45415,33.25043],[-119.45383,33.25043],[-119.45383,33.25015]]],[[[-119.45289,33.25098],[-119.45416,33.25069],[-119.45417,33.25124],[-119.45289,33.25098]]],[[[-119.45667245733789,33.2528],[-119.45672891586298,33.25285344861989],[-119.45647,33.25308],[-119.45647,33.2528],[-119.45667245733789,33.2528]]],[[[-119.45489,33.25365],[-119.45457,33.25393],[-119.45457,33.25365],[-119.45489,33.25365]]],[[[-119.45619,33.25416],[-119.45651,33.25444],[-119.45619,33.25444],[-119.45619,33.25416]]],[[[-119.46019754716986,33.25632386792457],[-119.46043,33.25652],[-119.46011,33.25652],[-119.46011,33.25625],[-119.46017928660825,33.25630846057572],[-119.46018,33.25631],[-119.46019754716986,33.25632386792457]]],[[[-119.45853,33.25736],[-119.45885,33.25764],[-119.45853,33.25764],[-119.45853,33.25736]]],[[[-119.46274,33.2581],[-119.46243,33.25891],[-119.46209,33.25783],[-119.46274,33.2581]]],[[[-119.46371,33.25834],[-119.46404,33.25862],[-119.46371,33.25862],[-119.46371,33.25834]]],[[[-119.4605,33.25868],[-119.46019,33.25923],[-119.46018,33.25868],[-119.4605,33.25868]]],[[[-119.46503,33.25913],[-119.46471,33.25941],[-119.46471,33.25913],[-119.46503,33.25913]]],[[[-119.46275,33.25836],[-119.46405,33.25888],[-119.4644,33.26023],[-119.46375,33.25997],[-119.46375,33.25943],[-119.46277,33.25917],[-119.46275,33.25836]],[[-119.46341,33.25917],[-119.46342,33.25916],[-119.46341,33.25916],[-119.46341,33.25917]]],[[[-119.46085,33.25949],[-119.46053,33.26003],[-119.46053,33.25949],[-119.46085,33.25949]]],[[[-119.46441,33.25995],[-119.46473,33.26023],[-119.46441,33.26023],[-119.46441,33.25995]]],[[[-119.46634,33.26019],[-119.46603,33.26101],[-119.46569,33.25993],[-119.46634,33.26019]]],[[[-119.46088,33.26056],[-119.4612,33.26084],[-119.46088,33.26084],[-119.46088,33.26056]]],[[[-119.46734,33.26125],[-119.4667,33.26153],[-119.46636,33.26072],[-119.46701,33.26126],[-119.46734,33.26125]]],[[[-119.47152,33.26117],[-119.4712,33.26144],[-119.4712,33.26117],[-119.47152,33.26117]]],[[[-119.4651,33.26183],[-119.46539,33.26074],[-119.46606,33.26182],[-119.46574,33.2621],[-119.4651,33.26183]]],[[[-119.47218,33.26169],[-119.47349,33.26248],[-119.47349,33.26276],[-119.47285,33.26303],[-119.47253,33.2625],[-119.47188,33.26251],[-119.47218,33.26169]],[[-119.47219,33.26223],[-119.4722,33.26224],[-119.4722,33.26223],[-119.47219,33.26223]]],[[[-119.46289,33.2635],[-119.46257,33.26378],[-119.46257,33.2635],[-119.46289,33.2635]]],[[[-119.46322,33.2635],[-119.46291,33.26404],[-119.4629,33.2635],[-119.46322,33.2635]]],[[[-119.46323,33.26403],[-119.46355,33.26431],[-119.46323,33.26431],[-119.46323,33.26403]]],[[[-119.46357,33.26456],[-119.46389,33.26484],[-119.46357,33.26484],[-119.46357,33.26456]]],[[[-119.46647,33.26479],[-119.46616,33.26533],[-119.46615,33.26479],[-119.46647,33.26479]]],[[[-119.47009,33.26769],[-119.46944,33.2677],[-119.46944,33.26716],[-119.46878,33.2669],[-119.46843,33.26555],[-119.46907,33.26554],[-119.47005,33.26634],[-119.47009,33.26769]],[[-119.46908,33.26609],[-119.46909,33.26608],[-119.46908,33.26608],[-119.46908,33.26609]],[[-119.46909,33.26662],[-119.4691,33.26663],[-119.4691,33.26662],[-119.46909,33.26662]]],[[[-119.4682,33.26935],[-119.46716,33.26639],[-119.4665,33.26587],[-119.46648,33.26478],[-119.46777,33.26503],[-119.46844,33.2661],[-119.46852,33.26935],[-119.4682,33.26935]],[[-119.46817,33.26826],[-119.46818,33.26827],[-119.46818,33.26826],[-119.46817,33.26826]],[[-119.46816,33.26799],[-119.46817,33.268],[-119.46817,33.26799],[-119.46816,33.26799]],[[-119.46812,33.26664],[-119.46813,33.26665],[-119.46813,33.26664],[-119.46812,33.26664]],[[-119.46749,33.26665],[-119.46748,33.26666],[-119.46749,33.26666],[-119.46749,33.26665]],[[-119.46784,33.26801],[-119.46785,33.268],[-119.46784,33.268],[-119.46784,33.26801]]],[[[-119.47234,33.26737],[-119.47298,33.26736],[-119.473,33.26818],[-119.47203,33.26792],[-119.47234,33.26737]]],[[[-119.47109,33.26875],[-119.47045,33.26903],[-119.47076,33.26822],[-119.47009,33.26769],[-119.47008,33.26687],[-119.47073,33.26714],[-119.47074,33.26768],[-119.47139,33.26793],[-119.47141,33.26902],[-119.47206,33.269],[-119.47207,33.26955],[-119.47111,33.26956],[-119.47109,33.26875]],[[-119.47142,33.26929],[-119.47143,33.26928],[-119.47142,33.26928],[-119.47142,33.26929]],[[-119.47075,33.26795],[-119.47074,33.26794],[-119.47074,33.26795],[-119.47075,33.26795]]],[[[-119.47012,33.26904],[-119.47044,33.26849],[-119.46983,33.27013],[-119.46854,33.26961],[-119.46849,33.26772],[-119.46914,33.26798],[-119.46949,33.26905],[-119.47012,33.26904]],[[-119.46981,33.26932],[-119.46982,33.26931],[-119.46981,33.26931],[-119.46981,33.26932]],[[-119.46949,33.26933],[-119.4695,33.26932],[-119.46949,33.26932],[-119.46949,33.26933]],[[-119.46885,33.26934],[-119.46886,33.26933],[-119.46885,33.26933],[-119.46885,33.26934]],[[-119.46982,33.26959],[-119.46983,33.26958],[-119.46982,33.26958],[-119.46982,33.26959]]],[[[-119.46984,33.27012],[-119.47016,33.2704],[-119.46984,33.2704],[-119.46984,33.27012]]]]}}]}