{"type":"FeatureCollection","features":[{"type":"Feature","geometry":{"type":"MultiLineString","coordinates":[[[-121.93332,36.54503],[-121.93349,36.54491],[-121.93339,36.54468],[-121.93283,36.54478],[-121.93241,36.54465],[-121.93178,36.54503]],[[-121.93409,36.54431],[-121.93409,36.54407],[-121.93378,36.54412],[-121.93381,36.54426],[-121.93409,36.54431]],[[-121.93437,36.54389],[-121.93447,36.54345],[-121.93412,36.54333],[-121.93435,36.543],[-121.93381,36.5425],[-121.93353,36.5425],[-121.93365,36.54266],[-121.93347,36.54288],[-121.9339,36.54322],[-121.93423,36.54389],[-121.93437,36.54389]],[[-121.93339,36.54182],[-121.93383,36.54142],[-121.93325,36.54128],[-121.93311,36.54166],[-121.93339,36.54182]],[[-121.93311,36.54153],[-121.93311,36.54153]],[[-121.93367,36.54095],[-121.93379,36.54085],[-121.93353,36.5407],[-121.93367,36.54095]],[[-121.93311,36.54053],[-121.93321,36.54029],[-121.93287,36.5404],[-121.93311,36.54053]],[[-121.93157,36.53929],[-121.93227,36.53893],[-121.93169,36.53882],[-121.93136,36.53916],[-121.93143,36.53934],[-121.93157,36.53929]],[[-121.92792,36.53335],[-121.92802,36.53329],[-121.92792,36.53321],[-121.92792,36.53335]],[[-121.92735,36.53293],[-121.92721,36.53254],[-121.92693,36.53253],[-121.92693,36.53273],[-121.92735,36.53293]],[[-121.92707,36.53284],[-121.92707,36.53284]],[[-121.92693,36.53273],[-121.92693,36.53273]],[[-121.92693,36.53223],[-121.92693,36.5318],[-121.92679,36.53205],[-121.92693,36.53223]],[[-121.92679,36.53194],[-121.92679,36.53194]],[[-121.93423,36.52416],[-121.93437,36.52414],[-121.9344,36.52392],[-121.93395,36.52354],[-121.9333,36.52381],[-121.93423,36.52416]],[[-121.93297,36.52387],[-121.93297,36.52342],[-121.93213,36.52347],[-121.93213,36.52361],[-121.93297,36.52387]],[[-121.9303,36.52384],[-121.9304,36.5237],[-121.9296,36.52325],[-121.9296,36.52291],[-121.92946,36.5228],[-121.92848,36.52268],[-121.92814,36.52291],[-121.92876,36.52303],[-121.92988,36.52382],[-121.9303,36.52384]],[[-121.93662,36.52376],[-121.93664,36.52359],[-121.93628,36.52359],[-121.93662,36.52376]],[[-121.93157,36.52372],[-121.93171,36.52359],[-121.93157,36.52347],[-121.93099,36.52359],[-121.931,36.52371],[-121.93157,36.52372]],[[-121.93718,36.52363],[-121.93718,36.52353],[-121.93718,36.52363]],[[-121.93732,36.52344],[-121.93732,36.52344]],[[-121.93578,36.52339],[-121.93592,36.52325],[-121.93556,36.52313],[-121.93559,36.52336],[-121.93578,36.52339]],[[-121.93466,36.52336],[-121.93451,36.52336],[-121.93464,36.52313],[-121.93459,36.52268],[-121.93397,36.52246],[-121.93409,36.52234],[-121.93508,36.52246],[-121.93482,36.5228],[-121.93553,36.52302],[-121.93466,36.52336]],[[-121.93213,36.52347],[-121.93213,36.52347]],[[-121.93241,36.52336],[-121.93241,36.52336]],[[-121.93451,36.52325],[-121.93451,36.52325]],[[-121.93367,36.52303],[-121.93367,36.52284],[-121.93353,36.52291],[-121.93367,36.52303]],[[-121.94884,36.5228],[-121.94828,36.52246],[-121.94884,36.5228]],[[-121.9487,36.5228],[-121.9487,36.5228]],[[-121.93353,36.52291],[-121.93353,36.52291]],[[-121.94069,36.5227],[-121.94187,36.52178],[-121.94182,36.52155],[-121.94125,36.52167],[-121.94097,36.52155],[-121.94125,36.52201],[-121.94111,36.52223],[-121.94097,36.52201],[-121.94111,36.52189],[-121.94097,36.52201],[-121.94063,36.52189],[-121.94051,36.52257],[-121.94069,36.5227]],[[-121.9282,36.5228],[-121.9282,36.5228]],[[-121.92848,36.52268],[-121.92848,36.52268]],[[-121.94828,36.52246],[-121.94828,36.52246]],[[-121.94476,36.52237],[-121.94466,36.52212],[-121.94438,36.52212],[-121.94476,36.52237]],[[-121.93508,36.52246],[-121.93508,36.52246]],[[-121.9348,36.52234],[-121.9348,36.52234]],[[-121.93409,36.52234],[-121.93409,36.52234]],[[-121.94097,36.52167],[-121.94097,36.52167]],[[-121.94954,36.52158],[-121.94978,36.52133],[-121.94962,36.52122],[-121.9494,36.52133],[-121.9494,36.52155],[-121.94954,36.52158]],[[-121.9494,36.52155],[-121.9494,36.52155]],[[-121.94462,36.52144],[-121.94447,36.52144],[-121.94438,36.52099],[-121.94448,36.52092],[-121.94464,36.52099],[-121.94462,36.52144]],[[-121.94154,36.52155],[-121.94154,36.52155]],[[-121.94097,36.52155],[-121.94097,36.52155]],[[-121.9494,36.52133],[-121.9494,36.52133]],[[-121.94238,36.52131],[-121.94308,36.52089],[-121.9435,36.5209],[-121.94353,36.52076],[-121.94308,36.52088],[-121.94252,36.52076],[-121.94224,36.52099],[-121.94224,36.52128],[-121.94238,36.52131]],[[-121.94954,36.52122],[-121.94954,36.52122]],[[-121.94224,36.52099],[-121.94224,36.52099]],[[-121.94238,36.52088],[-121.94238,36.52088]],[[-121.94322,36.52076],[-121.94322,36.52076]],[[-121.94252,36.52076],[-121.94252,36.52076]],[[-121.9369,36.52012],[-121.93694,36.51997],[-121.93676,36.51997],[-121.9369,36.52012]],[[-121.93676,36.52009],[-121.93676,36.52009]],[[-121.93676,36.51997],[-121.93676,36.51997]],[[-121.94069,36.51969],[-121.94069,36.51958],[-121.94069,36.51969]],[[-121.95403,36.51953],[-121.95417,36.51917],[-121.95387,36.5193],[-121.95403,36.51953]],[[-121.95403,36.51918],[-121.95403,36.51918]],[[-121.95263,36.51817],[-121.95263,36.51799],[-121.95235,36.51794],[-121.95263,36.51817]],[[-121.95249,36.51806],[-121.95249,36.51806]],[[-121.95656,36.51799],[-121.9567,36.51791],[-121.95659,36.51749],[-121.95628,36.51746],[-121.95627,36.51772],[-121.95607,36.51783],[-121.95656,36.51799]],[[-121.95235,36.51794],[-121.95235,36.51794]],[[-121.95122,36.51648],[-121.95122,36.51622],[-121.95122,36.51648]],[[-121.94842,36.51513],[-121.94849,36.51501],[-121.94828,36.51488],[-121.94842,36.51513]],[[-121.94589,36.5132],[-121.94605,36.51309],[-121.94561,36.51297],[-121.94561,36.5132],[-121.94589,36.5132]],[[-121.94561,36.5132],[-121.94561,36.5132]],[[-121.94434,36.5132],[-121.94378,36.51298],[-121.94378,36.51253],[-121.94406,36.51253],[-121.94434,36.51275],[-121.94462,36.51249],[-121.94505,36.51269],[-121.94434,36.5132]],[[-121.94448,36.51264],[-121.94448,36.51264]],[[-121.9442,36.51264],[-121.9442,36.51264]],[[-121.94406,36.51253],[-121.94406,36.51253]],[[-121.94378,36.51253],[-121.94378,36.51253]],[[-121.9442,36.51222],[-121.94398,36.51208],[-121.9442,36.51222]],[[-121.94406,36.51219],[-121.94406,36.51219]],[[-121.94238,36.51185],[-121.9421,36.51185],[-121.94252,36.51155],[-121.94261,36.51162],[-121.94238,36.51185]],[[-121.9421,36.51185],[-121.9421,36.51185]],[[-121.94224,36.51174],[-121.94224,36.51174]],[[-121.94182,36.51117],[-121.94182,36.51117]],[[-121.94238,36.51099],[-121.94219,36.51095],[-121.94238,36.51099]],[[-121.9421,36.50869],[-121.94182,36.50869],[-121.94168,36.50838],[-121.94193,36.50835],[-121.9423,36.50858],[-121.9421,36.50869]],[[-121.94083,36.50822],[-121.94098,36.50801],[-121.94085,36.5079],[-121.94069,36.50801],[-121.94083,36.50822]],[[-121.94069,36.50813],[-121.94069,36.50813]],[[-121.94069,36.50801],[-121.94069,36.50801]],[[-121.94083,36.5079],[-121.94083,36.5079]],[[-121.94462,36.50774],[-121.94478,36.50756],[-121.94453,36.50734],[-121.94462,36.507],[-121.94421,36.50677],[-121.9442,36.50643],[-121.94392,36.50632],[-121.94392,36.50666],[-121.9442,36.507],[-121.94387,36.50756],[-121.94462,36.50774]],[[-121.94336,36.5077],[-121.94339,36.50756],[-121.94264,36.507],[-121.9428,36.50656],[-121.94281,36.50598],[-121.94266,36.50598],[-121.94232,36.50632],[-121.94238,36.50722],[-121.94336,36.5077]],[[-121.94392,36.50734],[-121.94392,36.50734]],[[-121.94238,36.50722],[-121.94238,36.50722]],[[-121.94406,36.50711],[-121.94406,36.50711]],[[-121.93957,36.507],[-121.93971,36.50687],[-121.93926,36.50677],[-121.93957,36.507]],[[-121.93943,36.507],[-121.93943,36.507]],[[-121.93929,36.50688],[-121.93929,36.50688]],[[-121.94406,36.50677],[-121.94406,36.50677]],[[-121.94392,36.50666],[-121.94392,36.50666]],[[-121.93887,36.50641],[-121.93901,36.50609],[-121.93873,36.50621],[-121.93887,36.50641]],[[-121.93873,36.50632],[-121.93873,36.50632]],[[-121.94378,36.50627],[-121.94406,36.50587],[-121.94366,36.50609],[-121.94378,36.50627]],[[-121.93873,36.50621],[-121.93873,36.50621]],[[-121.93887,36.50609],[-121.93887,36.50609]],[[-121.93901,36.50553],[-121.93901,36.50534],[-121.93852,36.50497],[-121.93845,36.50463],[-121.93831,36.50452],[-121.93817,36.50463],[-121.93817,36.50497],[-121.93873,36.50553],[-121.93901,36.50553]],[[-121.93873,36.50553],[-121.93873,36.50553]],[[-121.93859,36.50542],[-121.93859,36.50542]],[[-121.93845,36.50519],[-121.93845,36.50519]],[[-121.93831,36.50508],[-121.93831,36.50508]],[[-121.93817,36.50497],[-121.93817,36.50497]],[[-121.94069,36.50124],[-121.94027,36.50128],[-121.94027,36.50102],[-121.94055,36.50079],[-121.94069,36.50038],[-121.94104,36.5009],[-121.94069,36.50124]],[[-121.94027,36.50102],[-121.94027,36.50102]],[[-121.94041,36.5009],[-121.94041,36.5009]],[[-121.9376,36.49921],[-121.93744,36.4991],[-121.9376,36.49908],[-121.9376,36.49921]],[[-121.94491,36.49281],[-121.94491,36.49281]],[[-121.94476,36.49176],[-121.94476,36.4916],[-121.94476,36.49176]],[[-121.94505,36.49159],[-121.94548,36.49131],[-121.94519,36.49131],[-121.94496,36.49154],[-121.94505,36.49159]],[[-121.94519,36.49131],[-121.94519,36.49131]]]},"properties":{"depth_m":1}},{"type":"Feature","geometry":{"type":"MultiLineString","coordinates":[[[-121.93383,36.54503],[-121.93439,36.5448],[-121.93486,36.54333],[-121.9344,36.54254],[-121.93367,36.54187],[-121.93401,36.54142],[-121.93339,36.54124],[-121.93325,36.54125],[-121.93311,36.54164],[-121.93336,36.54187],[-121.93359,36.54266],[-121.93341,36.54277],[-121.9334,36.543],[-121.93384,36.54322],[-121.93419,36.5439],[-121.93375,36.54412],[-121.93391,36.54446],[-121.93367,36.5448],[-121.93339,36.54464],[-121.93283,36.54474],[-121.93241,36.5446],[-121.93171,36.54503]],[[-121.93185,36.54491],[-121.93185,36.54491]],[[-121.93451,36.54342],[-121.93464,36.54333],[-121.93437,36.54314],[-121.93416,36.54333],[-121.93451,36.54342]],[[-121.93311,36.54153],[-121.93311,36.54153]],[[-121.93409,36.54108],[-121.93395,36.54062],[-121.93344,36.54017],[-121.93283,36.54037],[-121.93297,36.54056],[-121.93325,36.54055],[-121.93367,36.541],[-121.93409,36.54108]],[[-121.93395,36.54108],[-121.93395,36.54108]],[[-121.93325,36.53997],[-121.9333,36.53984],[-121.93288,36.53916],[-121.93227,36.53871],[-121.93157,36.53875],[-121.93111,36.53938],[-121.93145,36.53938],[-121.93185,36.53909],[-121.93241,36.53896],[-121.93282,36.53927],[-121.93281,36.53961],[-121.93325,36.53997]],[[-121.92904,36.53778],[-121.92915,36.53769],[-121.92879,36.53656],[-121.92862,36.53648],[-121.92862,36.53701],[-121.92904,36.53778]],[[-121.9289,36.53758],[-121.9289,36.53758]],[[-121.92876,36.53735],[-121.92876,36.53735]],[[-121.92862,36.53701],[-121.92862,36.53701]],[[-121.92862,36.53614],[-121.92873,36.53566],[-121.92855,36.53498],[-121.92857,36.53419],[-121.92834,36.53379],[-121.9282,36.53431],[-121.92834,36.53442],[-121.92834,36.53521],[-121.92848,36.53532],[-121.92848,36.53611],[-121.92862,36.53614]],[[-121.92848,36.53611],[-121.92848,36.53611]],[[-121.92834,36.53521],[-121.92834,36.53521]],[[-121.9282,36.53431],[-121.9282,36.53431]],[[-121.9282,36.53379],[-121.92823,36.53329],[-121.92751,36.53284],[-121.92731,36.53239],[-121.92728,36.53171],[-121.92693,36.53156],[-121.92679,36.53205],[-121.92693,36.53273],[-121.92777,36.53329],[-121.9282,36.53379]],[[-121.92777,36.5334],[-121.92777,36.5334]],[[-121.92763,36.53318],[-121.92763,36.53318]],[[-121.92749,36.53307],[-121.92749,36.53307]],[[-121.92735,36.53295],[-121.92735,36.53295]],[[-121.92707,36.53284],[-121.92707,36.53284]],[[-121.92693,36.53273],[-121.92693,36.53273]],[[-121.92679,36.53239],[-121.92679,36.53239]],[[-121.92679,36.53194],[-121.92679,36.53194]],[[-121.92637,36.53103],[-121.92637,36.53093]],[[-121.93451,36.52417],[-121.93456,36.52404],[-121.93395,36.5235],[-121.93311,36.52373],[-121.93313,36.52347],[-121.93297,36.52336],[-121.93241,36.52336],[-121.93185,36.5237],[-121.93157,36.52347],[-121.9303,36.5237],[-121.9296,36.52325],[-121.9296,36.52291],[-121.92946,36.5228],[-121.92848,36.52268],[-121.92783,36.52302],[-121.92876,36.52314],[-121.93002,36.52394],[-121.93199,36.52365],[-121.93269,36.52394],[-121.93325,36.52388],[-121.93381,36.52418],[-121.93451,36.52417]],[[-121.9369,36.52385],[-121.93732,36.52366],[-121.93746,36.52325],[-121.93704,36.52368],[-121.93634,36.52346],[-121.93617,36.52359],[-121.93648,36.52386],[-121.9369,36.52385]],[[-121.92974,36.52381],[-121.92974,36.52381]],[[-121.9296,36.5237],[-121.9296,36.5237]],[[-121.93199,36.52359],[-121.93199,36.52359]],[[-121.92721,36.52351],[-121.92754,36.52325],[-121.92721,36.52336],[-121.92721,36.52351]],[[-121.93592,36.52344],[-121.93578,36.52307],[-121.93536,36.52283],[-121.9349,36.5228],[-121.93518,36.52257],[-121.9348,36.52234],[-121.93409,36.52234],[-121.93353,36.52291],[-121.93367,36.52323],[-121.93431,36.52325],[-121.93385,36.52291],[-121.93423,36.52263],[-121.93444,36.5228],[-121.93438,36.52336],[-121.93466,36.52345],[-121.93522,36.52326],[-121.93592,36.52344]],[[-121.93213,36.52347],[-121.93213,36.52347]],[[-121.93241,36.52336],[-121.93241,36.52336]],[[-121.92721,36.52336],[-121.92721,36.52336]],[[-121.93353,36.52313],[-121.93353,36.52313]],[[-121.92735,36.52325],[-121.92735,36.52325]],[[-121.94884,36.52286],[-121.94887,36.52268],[-121.94828,36.52246],[-121.94884,36.52286]],[[-121.93353,36.52291],[-121.93353,36.52291]],[[-121.92792,36.52291],[-121.92792,36.52291]],[[-121.95389,36.5227],[-121.95361,36.52246],[-121.95347,36.52257],[-121.95389,36.5227]],[[-121.94069,36.52277],[-121.94111,36.52257],[-121.94196,36.52167],[-121.94097,36.52155],[-121.94125,36.52201],[-121.94111,36.52223],[-121.94097,36.52201],[-121.94111,36.52189],[-121.94097,36.52201],[-121.94055,36.5218],[-121.94044,36.52257],[-121.94069,36.52277]],[[-121.9282,36.5228],[-121.9282,36.5228]],[[-121.93367,36.52268],[-121.93367,36.52268]],[[-121.92848,36.52268],[-121.92848,36.52268]],[[-121.95347,36.52257],[-121.95347,36.52257]],[[-121.93381,36.52257],[-121.93381,36.52257]],[[-121.95361,36.52246],[-121.95361,36.52246]],[[-121.94828,36.52246],[-121.94828,36.52246]],[[-121.94476,36.52243],[-121.94484,36.52223],[-121.94434,36.52198],[-121.94434,36.52227],[-121.94476,36.52243]],[[-121.93395,36.52246],[-121.93395,36.52246]],[[-121.93409,36.52234],[-121.93409,36.52234]],[[-121.95024,36.52191],[-121.95024,36.52178],[-121.95006,36.52178],[-121.95024,36.52191]],[[-121.94968,36.52179],[-121.95,36.52155],[-121.94954,36.52122],[-121.9494,36.52155],[-121.94968,36.52179]],[[-121.94097,36.52167],[-121.94097,36.52167]],[[-121.9494,36.52155],[-121.9494,36.52155]],[[-121.94055,36.5216],[-121.94039,36.52144],[-121.94055,36.5216]],[[-121.93648,36.52159],[-121.93662,36.52126],[-121.93704,36.5211],[-121.93676,36.52099],[-121.93634,36.52133],[-121.93648,36.52159]],[[-121.94462,36.52144],[-121.94466,36.52099],[-121.9443,36.52088],[-121.94441,36.52144],[-121.94462,36.52144]],[[-121.94154,36.52155],[-121.94154,36.52155]],[[-121.94097,36.52155],[-121.94097,36.52155]],[[-121.93634,36.52144],[-121.93634,36.52144]],[[-121.94238,36.52139],[-121.94294,36.52106],[-121.9435,36.52097],[-121.94364,36.52076],[-121.94308,36.52088],[-121.94252,36.52076],[-121.94224,36.52099],[-121.94224,36.52136],[-121.94238,36.52139]],[[-121.9494,36.52133],[-121.9494,36.52133]],[[-121.93634,36.52133],[-121.93634,36.52133]],[[-121.94954,36.52122],[-121.94954,36.52122]],[[-121.93648,36.52122],[-121.93648,36.52122]],[[-121.93662,36.5211],[-121.93662,36.5211]],[[-121.94224,36.52099],[-121.94224,36.52099]],[[-121.93676,36.52099],[-121.93676,36.52099]],[[-121.94238,36.52088],[-121.94238,36.52088]],[[-121.94322,36.52076],[-121.94322,36.52076]],[[-121.94252,36.52076],[-121.94252,36.52076]],[[-121.95179,36.52046],[-121.95179,36.52046]],[[-121.94055,36.52031],[-121.94055,36.52012],[-121.94065,36.5202],[-121.94055,36.52031]],[[-121.93718,36.52034],[-121.93713,36.51997],[-121.9369,36.51986],[-121.93676,36.51997],[-121.93718,36.52034]],[[-121.93704,36.52031],[-121.93704,36.52031]],[[-121.9369,36.5202],[-121.9369,36.5202]],[[-121.93676,36.52009],[-121.93676,36.52009]],[[-121.94069,36.51994],[-121.94083,36.51964],[-121.94069,36.51952],[-121.93985,36.51907],[-121.93944,36.51907],[-121.94069,36.51994]],[[-121.93746,36.51986],[-121.9376,36.51941],[-121.93788,36.51919],[-121.93927,36.51907],[-121.93831,36.51896],[-121.93761,36.51918],[-121.93718,36.51952],[-121.93746,36.51986]],[[-121.93676,36.51997],[-121.93676,36.51997]],[[-121.9369,36.51986],[-121.9369,36.51986]],[[-121.93718,36.51964],[-121.93718,36.51964]],[[-121.95417,36.51958],[-121.95417,36.51911],[-121.95386,36.5193],[-121.95389,36.51956],[-121.95417,36.51958]],[[-121.93718,36.51952],[-121.93718,36.51952]],[[-121.9376,36.51941],[-121.9376,36.51941]],[[-121.93732,36.51941],[-121.93732,36.51941]],[[-121.93746,36.5193],[-121.93746,36.5193]],[[-121.93788,36.51907],[-121.93788,36.51907]],[[-121.93831,36.51896],[-121.93831,36.51896]],[[-121.95277,36.51817],[-121.95291,36.51793],[-121.95235,36.51789],[-121.95277,36.51817]],[[-121.9567,36.51807],[-121.95658,36.51772],[-121.9567,36.51749],[-121.95614,36.51723],[-121.95626,36.51772],[-121.956,36.51783],[-121.95568,36.51772],[-121.956,36.51806],[-121.9567,36.51807]],[[-121.956,36.51806],[-121.956,36.51806]],[[-121.95586,36.51794],[-121.95586,36.51794]],[[-121.95305,36.51761],[-121.95291,36.51761],[-121.95305,36.51744],[-121.95305,36.51761]],[[-121.95614,36.51738],[-121.95614,36.51738]],[[-121.95038,36.51704],[-121.95052,36.51693],[-121.95,36.51693],[-121.95,36.51704],[-121.95038,36.51704]],[[-121.9515,36.51659],[-121.95122,36.51615],[-121.95095,36.51625],[-121.9515,36.51659]],[[-121.94898,36.51569],[-121.94884,36.51569],[-121.94884,36.51532],[-121.94912,36.51543],[-121.94898,36.51569]],[[-121.94856,36.51513],[-121.94813,36.51431],[-121.94799,36.51431],[-121.94813,36.5149],[-121.94842,36.51517],[-121.94856,36.51513]],[[-121.94813,36.5149],[-121.94813,36.5149]],[[-121.94799,36.51445],[-121.94799,36.51445]],[[-121.94757,36.51385],[-121.94759,36.51366],[-121.94743,36.51364],[-121.94757,36.51385]],[[-121.94743,36.51377],[-121.94743,36.51377]],[[-121.94701,36.51354],[-121.94708,36.51343],[-121.94673,36.5133],[-121.94701,36.51354]],[[-121.94687,36.51354],[-121.94687,36.51354]],[[-121.94631,36.5132],[-121.94633,36.51309],[-121.94589,36.51288],[-121.94557,36.51287],[-121.94561,36.51321],[-121.94631,36.5132]],[[-121.94434,36.5132],[-121.94378,36.51298],[-121.94378,36.51252],[-121.94406,36.51253],[-121.94434,36.51275],[-121.94462,36.51253],[-121.94378,36.51189],[-121.94523,36.51264],[-121.94524,36.51275],[-121.94434,36.5132]],[[-121.94448,36.51264],[-121.94448,36.51264]],[[-121.9442,36.51264],[-121.9442,36.51264]],[[-121.94406,36.51253],[-121.94406,36.51253]],[[-121.94238,36.51185],[-121.9421,36.51185],[-121.94252,36.51131],[-121.94282,36.51162],[-121.94238,36.51185]],[[-121.9421,36.51185],[-121.9421,36.51185]],[[-121.94224,36.51174],[-121.94224,36.51174]],[[-121.94238,36.51151],[-121.94238,36.51151]],[[-121.94238,36.51129],[-121.94248,36.51095],[-121.94218,36.5105],[-121.94267,36.50993],[-121.94255,36.50982],[-121.94238,36.51004],[-121.94196,36.51004],[-121.94168,36.51038],[-121.94196,36.51072],[-121.94168,36.51095],[-121.94168,36.51117],[-121.94238,36.51129]],[[-121.94182,36.51129],[-121.94182,36.51129]],[[-121.94168,36.51117],[-121.94168,36.51117]],[[-121.94168,36.51095],[-121.94168,36.51095]],[[-121.94182,36.51083],[-121.94182,36.51083]],[[-121.94182,36.5105],[-121.94182,36.5105]],[[-121.94168,36.51038],[-121.94168,36.51038]],[[-121.94182,36.51027],[-121.94182,36.51027]],[[-121.94196,36.51004],[-121.94196,36.51004]],[[-121.94252,36.50982],[-121.94252,36.50982]],[[-121.94238,36.50959],[-121.94247,36.50948],[-121.94224,36.50937],[-121.94238,36.50959]],[[-121.94224,36.50948],[-121.94224,36.50948]],[[-121.9421,36.50925],[-121.94223,36.50925],[-121.9421,36.50925]],[[-121.9428,36.50903],[-121.94224,36.50858],[-121.94182,36.50869],[-121.9416,36.50835],[-121.94182,36.50829],[-121.94253,36.50858],[-121.94288,36.50892],[-121.9428,36.50903]],[[-121.9428,36.5088],[-121.9428,36.5088]],[[-121.94125,36.50846],[-121.94134,36.50835],[-121.94097,36.5079],[-121.94069,36.50801],[-121.94125,36.50846]],[[-121.94111,36.50835],[-121.94111,36.50835]],[[-121.94083,36.50824],[-121.94083,36.50824]],[[-121.94069,36.50813],[-121.94069,36.50813]],[[-121.94154,36.50791],[-121.94154,36.50791]],[[-121.94069,36.50801],[-121.94069,36.50801]],[[-121.94462,36.50781],[-121.9448,36.50756],[-121.94458,36.50734],[-121.94475,36.507],[-121.94448,36.50647],[-121.94404,36.50621],[-121.94413,36.50587],[-121.94322,36.50607],[-121.94322,36.50621],[-121.94378,36.50632],[-121.9442,36.507],[-121.9435,36.50764],[-121.94277,36.50711],[-121.94291,36.50598],[-121.94266,36.50592],[-121.94222,36.50621],[-121.94238,36.50722],[-121.94283,36.50756],[-121.94336,36.50776],[-121.94364,36.50759],[-121.94462,36.50781]],[[-121.94434,36.50779],[-121.94434,36.50779]],[[-121.94238,36.50779],[-121.94246,36.50767],[-121.94224,36.50756],[-121.94238,36.50779]],[[-121.94154,36.5079],[-121.94154,36.5079]],[[-121.94083,36.5079],[-121.94083,36.5079]],[[-121.94125,36.50767],[-121.94125,36.50767]],[[-121.94224,36.50756],[-121.94224,36.50756]],[[-121.94378,36.50745],[-121.94378,36.50745]],[[-121.94252,36.50734],[-121.94252,36.50734]],[[-121.94392,36.50734],[-121.94392,36.50734]],[[-121.94238,36.50722],[-121.94238,36.50722]],[[-121.94168,36.50711],[-121.94143,36.507],[-121.94168,36.507],[-121.94168,36.50711]],[[-121.94406,36.50711],[-121.94406,36.50711]],[[-121.93971,36.507],[-121.93943,36.507],[-121.93873,36.50621],[-121.93901,36.50599],[-121.93915,36.5065],[-121.93973,36.50677],[-121.93971,36.507]],[[-121.94406,36.50688],[-121.94406,36.50688]],[[-121.94168,36.507],[-121.94168,36.507]],[[-121.94392,36.50666],[-121.94392,36.50666]],[[-121.94154,36.50666],[-121.94147,36.50655],[-121.94168,36.50651],[-121.94154,36.50666]],[[-121.94378,36.50643],[-121.94378,36.50643]],[[-121.94322,36.50621],[-121.94322,36.50621]],[[-121.93873,36.50621],[-121.93873,36.50621]],[[-121.93887,36.50609],[-121.93887,36.50609]],[[-121.93915,36.50556],[-121.93909,36.5053],[-121.93862,36.50485],[-121.93888,36.50429],[-121.93845,36.5044],[-121.93817,36.50463],[-121.93817,36.50497],[-121.93872,36.50553],[-121.93915,36.50556]],[[-121.93859,36.50542],[-121.93859,36.50542]],[[-121.93845,36.50519],[-121.93845,36.50519]],[[-121.93831,36.50508],[-121.93831,36.50508]],[[-121.93817,36.50497],[-121.93817,36.50497]],[[-121.93817,36.50463],[-121.93817,36.50463]],[[-121.93831,36.50451],[-121.93831,36.50451]],[[-121.93845,36.5044],[-121.93845,36.5044]],[[-121.93873,36.50429],[-121.93873,36.50429]],[[-121.93929,36.50325],[-121.93929,36.50299],[-121.93901,36.50265],[-121.93901,36.50314],[-121.93929,36.50325]],[[-121.93887,36.50172],[-121.93887,36.50172]],[[-121.94055,36.50136],[-121.94105,36.50113],[-121.94106,36.50034],[-121.94055,36.50042],[-121.94055,36.50079],[-121.94027,36.50102],[-121.94027,36.50138],[-121.94055,36.50136]],[[-121.94027,36.50102],[-121.94027,36.50102]],[[-121.94041,36.5009],[-121.94041,36.5009]],[[-121.9376,36.49921],[-121.93662,36.49865],[-121.93676,36.49808],[-121.93774,36.49752],[-121.93884,36.49741],[-121.93798,36.49797],[-121.93788,36.49831],[-121.938,36.49876],[-121.93774,36.49887],[-121.9376,36.49921]],[[-121.93788,36.49842],[-121.93788,36.49842]],[[-121.93662,36.49831],[-121.93662,36.49831]],[[-121.93676,36.49808],[-121.93676,36.49808]],[[-121.9369,36.49797],[-121.9369,36.49797]],[[-121.93704,36.49786],[-121.93704,36.49786]],[[-121.93718,36.49774],[-121.93718,36.49774]],[[-121.93746,36.49763],[-121.93746,36.49763]],[[-121.93774,36.49752],[-121.93774,36.49752]],[[-121.93845,36.49741],[-121.93845,36.49741]],[[-121.93929,36.49706],[-121.93944,36.49673],[-121.93915,36.49684],[-121.93915,36.49706],[-121.93929,36.49706]],[[-121.93915,36.49684],[-121.93915,36.49684]],[[-121.93929,36.49673],[-121.93929,36.49673]],[[-121.94027,36.49594],[-121.94083,36.4956],[-121.94196,36.49534],[-121.94225,36.49425],[-121.9428,36.4937],[-121.94378,36.49348],[-121.94505,36.49359],[-121.94522,36.49334],[-121.94514,36.49267],[-121.94476,36.49275],[-121.94476,36.49312],[-121.94434,36.49345],[-121.94392,36.493],[-121.94336,36.493],[-121.94308,36.49357],[-121.94294,36.49323],[-121.94266,36.49346],[-121.94238,36.49334],[-121.94196,36.49402],[-121.94111,36.49458],[-121.94111,36.49515],[-121.94083,36.49537],[-121.94055,36.49537],[-121.93999,36.49504],[-121.93985,36.49515],[-121.94027,36.49594]],[[-121.94013,36.49583],[-121.94013,36.49583]],[[-121.94083,36.4956],[-121.94083,36.4956]],[[-121.93999,36.49537],[-121.93999,36.49537]],[[-121.94097,36.49526],[-121.94097,36.49526]],[[-121.93985,36.49515],[-121.93985,36.49515]],[[-121.93999,36.49504],[-121.93999,36.49504]],[[-121.94111,36.49458],[-121.94111,36.49458]],[[-121.94125,36.49447],[-121.94125,36.49447]],[[-121.94154,36.49436],[-121.94154,36.49436]],[[-121.94168,36.49425],[-121.94168,36.49425]],[[-121.94182,36.49413],[-121.94182,36.49413]],[[-121.94196,36.49391],[-121.94196,36.49391]],[[-121.9421,36.49368],[-121.9421,36.49368]],[[-121.94224,36.49346],[-121.94224,36.49346]],[[-121.94238,36.49334],[-121.94238,36.49334]],[[-121.94462,36.49323],[-121.94462,36.49323]],[[-121.9428,36.49323],[-121.9428,36.49323]],[[-121.94322,36.49312],[-121.94322,36.49312]],[[-121.94336,36.493],[-121.94336,36.493]],[[-121.94519,36.49201],[-121.9456,36.49131],[-121.94548,36.4912],[-121.94476,36.49154],[-121.94476,36.49176],[-121.94519,36.49201]],[[-121.94505,36.49199],[-121.94505,36.49199]],[[-121.94491,36.49188],[-121.94491,36.49188]],[[-121.94476,36.49176],[-121.94476,36.49176]],[[-121.94476,36.49154],[-121.94476,36.49154]],[[-121.94519,36.49131],[-121.94519,36.49131]],[[-121.94547,36.4912],[-121.94547,36.4912]]]},"properties":{"depth_m":2}},{"type":"Feature","geometry":{"type":"MultiLineString","coordinates":[[[-121.93478,36.54503],[-121.93481,36.54446],[-121.93525,36.5439],[-121.93522,36.54356],[-121.93468,36.54288],[-121.93467,36.54254],[-121.93486,36.54232],[-121.93394,36.54187],[-121.93414,36.54142],[-121.93339,36.54121],[-121.93325,36.54122],[-121.93311,36.54171],[-121.93332,36.54187],[-121.93354,36.54266],[-121.9333,36.54277],[-121.93325,36.543],[-121.93413,36.54379],[-121.93371,36.54412],[-121.93387,36.54435],[-121.93381,36.54469],[-121.93367,36.5448],[-121.93339,36.54461],[-121.93283,36.5447],[-121.93241,36.54458],[-121.93171,36.54503]],[[-121.93185,36.54491],[-121.93185,36.54491]],[[-121.93199,36.5448],[-121.93199,36.5448]],[[-121.93213,36.54469],[-121.93213,36.54469]],[[-121.93241,36.54458],[-121.93241,36.54458]],[[-121.93451,36.54339],[-121.93437,36.54318],[-121.93419,36.54333],[-121.93451,36.54339]],[[-121.93367,36.54333],[-121.93367,36.54333]],[[-121.93353,36.54322],[-121.93353,36.54322]],[[-121.93339,36.54311],[-121.93339,36.54311]],[[-121.93325,36.543],[-121.93325,36.543]],[[-121.93311,36.54153],[-121.93311,36.54153]],[[-121.93423,36.54109],[-121.93414,36.54074],[-121.93449,36.5404],[-121.93351,36.53995],[-121.9332,36.53961],[-121.93311,36.53923],[-121.93255,36.53865],[-121.93157,36.53865],[-121.931,36.53923],[-121.93058,36.5392],[-121.93016,36.53894],[-121.93003,36.53905],[-121.93072,36.5395],[-121.93129,36.5395],[-121.93185,36.53911],[-121.93241,36.53898],[-121.93279,36.53927],[-121.93277,36.53961],[-121.93333,36.54006],[-121.93283,36.54031],[-121.93283,36.54051],[-121.93311,36.54075],[-121.93339,36.54072],[-121.93367,36.54103],[-121.93423,36.54109]],[[-121.93297,36.54063],[-121.93297,36.54063]],[[-121.93283,36.54051],[-121.93283,36.54051]],[[-121.93072,36.5395],[-121.93072,36.5395]],[[-121.93044,36.53938],[-121.93044,36.53938]],[[-121.9303,36.53927],[-121.9303,36.53927]],[[-121.93016,36.53916],[-121.93016,36.53916]],[[-121.93002,36.53903],[-121.93015,36.53893],[-121.93002,36.53883],[-121.93002,36.53903]],[[-121.92988,36.53882],[-121.93,36.53871],[-121.92932,36.53767],[-121.92879,36.53622],[-121.9289,36.53543],[-121.9287,36.53487],[-121.92877,36.53408],[-121.92839,36.53363],[-121.92828,36.53318],[-121.92755,36.53273],[-121.92754,36.53171],[-121.92693,36.53141],[-121.92679,36.53205],[-121.92693,36.53273],[-121.92777,36.53329],[-121.9282,36.53386],[-121.92848,36.53611],[-121.92862,36.53622],[-121.92862,36.53701],[-121.92904,36.5378],[-121.92988,36.53882]],[[-121.92974,36.53871],[-121.92974,36.53871]],[[-121.9296,36.53848],[-121.9296,36.53848]],[[-121.92946,36.53837],[-121.92946,36.53837]],[[-121.92932,36.53814],[-121.92932,36.53814]],[[-121.92918,36.53792],[-121.92918,36.53792]],[[-121.92904,36.5378],[-121.92904,36.5378]],[[-121.9289,36.53758],[-121.9289,36.53758]],[[-121.92876,36.53735],[-121.92876,36.53735]],[[-121.92862,36.53701],[-121.92862,36.53701]],[[-121.92848,36.53611],[-121.92848,36.53611]],[[-121.92834,36.53521],[-121.92834,36.53521]],[[-121.9282,36.53431],[-121.9282,36.53431]],[[-121.92806,36.53374],[-121.92806,36.53374]],[[-121.92792,36.53363],[-121.92792,36.53363]],[[-121.92777,36.5334],[-121.92777,36.5334]],[[-121.92763,36.53318],[-121.92763,36.53318]],[[-121.92749,36.53307],[-121.92749,36.53307]],[[-121.92735,36.53295],[-121.92735,36.53295]],[[-121.92707,36.53284],[-121.92707,36.53284]],[[-121.92693,36.53273],[-121.92693,36.53273]],[[-121.92679,36.53239],[-121.92679,36.53239]],[[-121.92679,36.53194],[-121.92679,36.53194]],[[-121.92637,36.53103],[-121.9266,36.53115],[-121.92637,36.5308]],[[-121.92637,36.52451],[-121.92792,36.52319],[-121.92876,36.52324],[-121.93002,36.524],[-121.93213,36.52377],[-121.93409,36.52428],[-121.93451,36.52423],[-121.93465,36.52404],[-121.93423,36.5237],[-121.93436,36.52347],[-121.93466,36.52357],[-121.93508,36.52332],[-121.93612,36.52347],[-121.93578,36.52304],[-121.9348,36.52234],[-121.93409,36.52234],[-121.93367,36.52268],[-121.93353,36.52302],[-121.93381,36.52336],[-121.93367,36.52347],[-121.93241,36.52336],[-121.93185,36.5237],[-121.93157,36.52347],[-121.9303,36.5237],[-121.9296,36.52325],[-121.9296,36.52291],[-121.92946,36.5228],[-121.92848,36.52268],[-121.92749,36.52313],[-121.92637,36.52426]],[[-121.92651,36.52415],[-121.92651,36.52415]],[[-121.93676,36.52393],[-121.93732,36.52373],[-121.93751,36.52347],[-121.93746,36.52325],[-121.93704,36.52364],[-121.93634,36.52342],[-121.93608,36.52359],[-121.93648,36.52391],[-121.93676,36.52393]],[[-121.92665,36.52392],[-121.92665,36.52392]],[[-121.94884,36.52372],[-121.94884,36.52358],[-121.94884,36.52372]],[[-121.92679,36.52381],[-121.92679,36.52381]],[[-121.92693,36.5237],[-121.92693,36.5237]],[[-121.93199,36.52359],[-121.93199,36.52359]],[[-121.93072,36.52359],[-121.93072,36.52359]],[[-121.95207,36.52339],[-121.95207,36.52339]],[[-121.93213,36.52347],[-121.93213,36.52347]],[[-121.93114,36.52347],[-121.93114,36.52347]],[[-121.92707,36.52347],[-121.92707,36.52347]],[[-121.93536,36.52336],[-121.93536,36.52336]],[[-121.93367,36.52325],[-121.93367,36.52325]],[[-121.93241,36.52336],[-121.93241,36.52336]],[[-121.92721,36.52336],[-121.92721,36.52336]],[[-121.93353,36.52313],[-121.93353,36.52313]],[[-121.92735,36.52325],[-121.92735,36.52325]],[[-121.94083,36.52308],[-121.94196,36.52186],[-121.94182,36.52155],[-121.94125,36.52167],[-121.94097,36.52155],[-121.94125,36.52201],[-121.94111,36.52223],[-121.94097,36.52201],[-121.94111,36.52189],[-121.94097,36.52201],[-121.94069,36.52189],[-121.94055,36.52155],[-121.94024,36.52144],[-121.94048,36.52201],[-121.94041,36.52263],[-121.94055,36.52293],[-121.94083,36.52308]],[[-121.92749,36.52313],[-121.92749,36.52313]],[[-121.94884,36.52292],[-121.94897,36.52268],[-121.94828,36.52245],[-121.94884,36.52292]],[[-121.9487,36.52291],[-121.9487,36.52291]],[[-121.9376,36.52295],[-121.9376,36.5228],[-121.93746,36.5228],[-121.93746,36.52298],[-121.9376,36.52295]],[[-121.92777,36.52302],[-121.92777,36.52302]],[[-121.95122,36.52282],[-121.95122,36.52282]],[[-121.93353,36.52291],[-121.93353,36.52291]],[[-121.92792,36.52291],[-121.92792,36.52291]],[[-121.95487,36.52274],[-121.95487,36.52274]],[[-121.95389,36.52272],[-121.95399,36.52268],[-121.95389,36.52257],[-121.95361,36.52246],[-121.95347,36.52257],[-121.95347,36.52268],[-121.95389,36.52272]],[[-121.95347,36.52268],[-121.95347,36.52268]],[[-121.94561,36.52276],[-121.9455,36.52268],[-121.94561,36.52276]],[[-121.93746,36.5228],[-121.93746,36.5228]],[[-121.9282,36.5228],[-121.9282,36.5228]],[[-121.93367,36.52268],[-121.93367,36.52268]],[[-121.92848,36.52268],[-121.92848,36.52268]],[[-121.95347,36.52257],[-121.95347,36.52257]],[[-121.94491,36.52248],[-121.945,36.52234],[-121.94489,36.52223],[-121.94434,36.52195],[-121.94434,36.52233],[-121.94491,36.52248]],[[-121.93381,36.52257],[-121.93381,36.52257]],[[-121.95361,36.52246],[-121.95361,36.52246]],[[-121.9508,36.52243],[-121.95069,36.52234],[-121.9508,36.52243]],[[-121.93395,36.52246],[-121.93395,36.52246]],[[-121.94139,36.52234],[-121.94139,36.52234]],[[-121.93409,36.52234],[-121.93409,36.52234]],[[-121.95038,36.52207],[-121.95038,36.52189],[-121.94968,36.52122],[-121.9494,36.52133],[-121.94954,36.52191],[-121.94996,36.52185],[-121.95038,36.52207]],[[-121.9369,36.52178],[-121.93696,36.52167],[-121.93668,36.52144],[-121.93704,36.5211],[-121.93676,36.52099],[-121.93634,36.52144],[-121.93662,36.52178],[-121.93676,36.52167],[-121.9369,36.52178]],[[-121.94097,36.52167],[-121.94097,36.52167]],[[-121.93648,36.52167],[-121.93648,36.52167]],[[-121.9494,36.52155],[-121.9494,36.52155]],[[-121.94462,36.52144],[-121.94468,36.52099],[-121.94448,36.52083],[-121.94422,36.52088],[-121.94435,36.52144],[-121.94448,36.52155],[-121.94462,36.52144]],[[-121.94238,36.52145],[-121.94376,36.52088],[-121.94364,36.52076],[-121.94308,36.52088],[-121.94251,36.52076],[-121.94224,36.52099],[-121.94224,36.52141],[-121.94238,36.52145]],[[-121.94154,36.52155],[-121.94154,36.52155]],[[-121.94097,36.52155],[-121.94097,36.52155]],[[-121.93634,36.52144],[-121.93634,36.52144]],[[-121.9494,36.52133],[-121.9494,36.52133]],[[-121.93634,36.52133],[-121.93634,36.52133]],[[-121.94954,36.52122],[-121.94954,36.52122]],[[-121.93662,36.5211],[-121.93662,36.5211]],[[-121.94224,36.52099],[-121.94224,36.52099]],[[-121.93676,36.52099],[-121.93676,36.52099]],[[-121.94322,36.52076],[-121.94322,36.52076]],[[-121.95179,36.52054],[-121.95193,36.52036],[-121.95179,36.52033],[-121.95179,36.52054]],[[-121.93732,36.52043],[-121.93727,36.5202],[-121.93774,36.51992],[-121.93774,36.51952],[-121.93802,36.51934],[-121.93873,36.51922],[-121.93915,36.51932],[-121.94027,36.52],[-121.94041,36.52039],[-121.94069,36.5202],[-121.94083,36.51964],[-121.93985,36.51907],[-121.93831,36.51896],[-121.9376,36.51918],[-121.93718,36.51952],[-121.93732,36.51986],[-121.93718,36.51997],[-121.9369,36.51986],[-121.93676,36.51997],[-121.93732,36.52043]],[[-121.93718,36.52043],[-121.93718,36.52043]],[[-121.93704,36.52031],[-121.93704,36.52031]],[[-121.9369,36.5202],[-121.9369,36.5202]],[[-121.93676,36.52009],[-121.93676,36.52009]],[[-121.93676,36.51997],[-121.93676,36.51997]],[[-121.95136,36.51975],[-121.95136,36.51951],[-121.95122,36.51964],[-121.95136,36.51975]],[[-121.9369,36.51986],[-121.9369,36.51986]],[[-121.95417,36.51968],[-121.95434,36.51907],[-121.95384,36.5193],[-121.95389,36.51964],[-121.95417,36.51968]],[[-121.95389,36.51964],[-121.95389,36.51964]],[[-121.95122,36.51964],[-121.95122,36.51964]],[[-121.93718,36.51964],[-121.93718,36.51964]],[[-121.93774,36.51952],[-121.93774,36.51952]],[[-121.93718,36.51952],[-121.93718,36.51952]],[[-121.93732,36.51941],[-121.93732,36.51941]],[[-121.95263,36.51923],[-121.95263,36.51923]],[[-121.95179,36.51921],[-121.95202,36.51896],[-121.95165,36.51907],[-121.95165,36.51928],[-121.95179,36.51921]],[[-121.93746,36.5193],[-121.93746,36.5193]],[[-121.9376,36.51918],[-121.9376,36.51918]],[[-121.95417,36.51907],[-121.95417,36.51907]],[[-121.95165,36.51907],[-121.95165,36.51907]],[[-121.93788,36.51907],[-121.93788,36.51907]],[[-121.95179,36.51896],[-121.95179,36.51896]],[[-121.93831,36.51896],[-121.93831,36.51896]],[[-121.9553,36.51844],[-121.95572,36.51798],[-121.956,36.51814],[-121.9567,36.51814],[-121.9568,36.51806],[-121.95659,36.51772],[-121.9567,36.51743],[-121.95614,36.5171],[-121.9553,36.51698],[-121.95544,36.51737],[-121.95586,36.51716],[-121.95626,36.51749],[-121.95614,36.51781],[-121.95572,36.5176],[-121.95544,36.51782],[-121.9553,36.51772],[-121.95516,36.51783],[-121.95515,36.51839],[-121.9553,36.51844]],[[-121.95277,36.51819],[-121.95293,36.51806],[-121.95282,36.51783],[-121.95324,36.51749],[-121.95319,36.51736],[-121.95284,36.51749],[-121.95265,36.51783],[-121.95235,36.51762],[-121.95235,36.51796],[-121.95277,36.51819]],[[-121.95038,36.51704],[-121.9508,36.51648],[-121.95038,36.51676],[-121.9501,36.51666],[-121.9499,36.51682],[-121.94996,36.51709],[-121.95038,36.51704]],[[-121.9515,36.5166],[-121.95161,36.51648],[-121.95132,36.51614],[-121.95139,36.51603],[-121.95122,36.51596],[-121.95094,36.51615],[-121.9508,36.51648],[-121.95108,36.51638],[-121.9515,36.5166]],[[-121.94898,36.51569],[-121.94874,36.51546],[-121.94884,36.51516],[-121.94922,36.51535],[-121.94898,36.51569]],[[-121.94856,36.5152],[-121.94867,36.51501],[-121.94813,36.51414],[-121.94799,36.51414],[-121.94813,36.5149],[-121.94856,36.5152]],[[-121.94813,36.5149],[-121.94813,36.5149]],[[-121.94799,36.51445],[-121.94799,36.51445]],[[-121.94757,36.51388],[-121.94772,36.51366],[-121.94743,36.51353],[-121.94757,36.51388]],[[-121.94743,36.51377],[-121.94743,36.51377]],[[-121.94715,36.51354],[-121.94687,36.51354],[-121.94673,36.51321],[-121.94729,36.5134],[-121.94715,36.51354]],[[-121.94659,36.5132],[-121.94603,36.51281],[-121.94476,36.51242],[-121.94392,36.51181],[-121.94367,36.51185],[-121.94462,36.51253],[-121.94434,36.51275],[-121.94406,36.51253],[-121.94378,36.51252],[-121.94378,36.51298],[-121.94392,36.51309],[-121.94434,36.5132],[-121.94505,36.51275],[-121.94533,36.51275],[-121.94561,36.51298],[-121.94561,36.51321],[-121.94659,36.5132]],[[-121.9442,36.5132],[-121.9442,36.5132]],[[-121.94392,36.51309],[-121.94392,36.51309]],[[-121.94378,36.51298],[-121.94378,36.51298]],[[-121.94547,36.51287],[-121.94547,36.51287]],[[-121.94448,36.51264],[-121.94448,36.51264]],[[-121.94448,36.51241],[-121.94448,36.51241]],[[-121.9442,36.5123],[-121.9442,36.5123]],[[-121.94406,36.51219],[-121.94406,36.51219]],[[-121.94392,36.51208],[-121.94392,36.51208]],[[-121.94378,36.51196],[-121.94378,36.51196]],[[-121.94336,36.51185],[-121.94322,36.51185],[-121.94336,36.51185]],[[-121.94238,36.51185],[-121.9421,36.51185],[-121.94252,36.5114],[-121.94168,36.51117],[-121.94168,36.51095],[-121.94196,36.51072],[-121.94168,36.51038],[-121.94196,36.51004],[-121.94238,36.51004],[-121.94266,36.50971],[-121.94224,36.50948],[-121.9421,36.50914],[-121.94251,36.50925],[-121.94288,36.50982],[-121.94238,36.5105],[-121.94299,36.51162],[-121.94238,36.51185]],[[-121.94322,36.51185],[-121.94322,36.51185]],[[-121.9421,36.51185],[-121.9421,36.51185]],[[-121.94238,36.51151],[-121.94238,36.51151]],[[-121.94168,36.51095],[-121.94168,36.51095]],[[-121.94168,36.51038],[-121.94168,36.51038]],[[-121.94182,36.51027],[-121.94182,36.51027]],[[-121.94196,36.51004],[-121.94196,36.51004]],[[-121.94252,36.50982],[-121.94252,36.50982]],[[-121.94252,36.50937],[-121.94252,36.50937]],[[-121.9428,36.50912],[-121.94295,36.50892],[-121.9428,36.50868],[-121.9417,36.50824],[-121.94146,36.50801],[-121.94164,36.5079],[-121.94069,36.50801],[-121.94125,36.50846],[-121.94154,36.50835],[-121.94182,36.50869],[-121.94224,36.50858],[-121.94266,36.50914],[-121.9428,36.50912]],[[-121.94224,36.50914],[-121.94224,36.50914]],[[-121.9421,36.50914],[-121.9421,36.50914]],[[-121.94252,36.50892],[-121.94252,36.50892]],[[-121.94238,36.5088],[-121.94238,36.5088]],[[-121.94182,36.50869],[-121.94182,36.50869]],[[-121.94168,36.50858],[-121.94168,36.50858]],[[-121.94111,36.50835],[-121.94111,36.50835]],[[-121.94083,36.50824],[-121.94083,36.50824]],[[-121.94069,36.50813],[-121.94069,36.50813]],[[-121.9428,36.50805],[-121.9428,36.50765],[-121.94336,36.50783],[-121.94477,36.50779],[-121.94483,36.50756],[-121.94463,36.50734],[-121.94491,36.507],[-121.94459,36.50643],[-121.94418,36.50621],[-121.9442,36.50587],[-121.94392,36.50579],[-121.94322,36.50603],[-121.94322,36.50621],[-121.94378,36.50632],[-121.9442,36.507],[-121.9435,36.50757],[-121.9428,36.50711],[-121.9428,36.50609],[-121.94301,36.50598],[-121.94266,36.50586],[-121.94217,36.50621],[-121.94238,36.50722],[-121.94266,36.50745],[-121.94252,36.50767],[-121.94224,36.50756],[-121.94224,36.50778],[-121.9428,36.50805]],[[-121.94266,36.50801],[-121.94266,36.50801]],[[-121.94069,36.50801],[-121.94069,36.50801]],[[-121.94154,36.5079],[-121.94154,36.5079]],[[-121.94083,36.5079],[-121.94083,36.5079]],[[-121.94125,36.50768],[-121.94125,36.50768]],[[-121.94125,36.50767],[-121.94125,36.50767]],[[-121.94224,36.50756],[-121.94224,36.50756]],[[-121.94252,36.50734],[-121.94252,36.50734]],[[-121.94392,36.50734],[-121.94392,36.50734]],[[-121.94238,36.50722],[-121.94238,36.50722]],[[-121.94168,36.50711],[-121.94139,36.507],[-121.94168,36.507],[-121.94168,36.50711]],[[-121.94406,36.50711],[-121.94406,36.50711]],[[-121.94041,36.507],[-121.94018,36.50688],[-121.94055,36.50663],[-121.94092,36.50666],[-121.94092,36.50677],[-121.94055,36.50677],[-121.94041,36.507]],[[-121.93971,36.507],[-121.93943,36.507],[-121.93873,36.50621],[-121.93915,36.50589],[-121.93929,36.50632],[-121.93995,36.50688],[-121.93971,36.507]],[[-121.94406,36.50688],[-121.94406,36.50688]],[[-121.94168,36.507],[-121.94168,36.507]],[[-121.94139,36.507],[-121.94139,36.507]],[[-121.94125,36.50677],[-121.94185,36.50643],[-121.94168,36.50632],[-121.94125,36.50677]],[[-121.94392,36.50666],[-121.94392,36.50666]],[[-121.94378,36.50643],[-121.94378,36.50643]],[[-121.93943,36.50643],[-121.93943,36.50643]],[[-121.93929,36.50632],[-121.93929,36.50632]],[[-121.94322,36.50621],[-121.94322,36.50621]],[[-121.93873,36.50621],[-121.93873,36.50621]],[[-121.93887,36.50609],[-121.93887,36.50609]],[[-121.93901,36.50598],[-121.93901,36.50598]],[[-121.93929,36.50572],[-121.93917,36.50519],[-121.93872,36.50485],[-121.93895,36.50429],[-121.93817,36.50463],[-121.93817,36.50497],[-121.93859,36.50542],[-121.93929,36.50572]],[[-121.93859,36.50542],[-121.93859,36.50542]],[[-121.93845,36.50519],[-121.93845,36.50519]],[[-121.93831,36.50508],[-121.93831,36.50508]],[[-121.93817,36.50497],[-121.93817,36.50497]],[[-121.93817,36.50463],[-121.93817,36.50463]],[[-121.93831,36.50451],[-121.93831,36.50451]],[[-121.93845,36.5044],[-121.93845,36.5044]],[[-121.93873,36.50429],[-121.93873,36.50429]],[[-121.93901,36.504],[-121.93911,36.50384],[-121.93901,36.504]],[[-121.93901,36.50384],[-121.93901,36.50384]],[[-121.93943,36.5033],[-121.93934,36.50293],[-121.93887,36.50258],[-121.93901,36.50305],[-121.93887,36.50316],[-121.93943,36.5033]],[[-121.93929,36.50327],[-121.93929,36.50327]],[[-121.93887,36.50316],[-121.93887,36.50316]],[[-121.93985,36.50305],[-121.9397,36.50305],[-121.93985,36.50305]],[[-121.93887,36.50271],[-121.93887,36.50271]],[[-121.93887,36.50181],[-121.93901,36.50158],[-121.93929,36.50171],[-121.93943,36.50158],[-121.93915,36.50147],[-121.93877,36.50169],[-121.93887,36.50181]],[[-121.93915,36.50169],[-121.93915,36.50169]],[[-121.93887,36.50158],[-121.93887,36.50158]],[[-121.94069,36.50138],[-121.94154,36.50079],[-121.94097,36.50026],[-121.94055,36.50037],[-121.94055,36.50079],[-121.94027,36.50102],[-121.94027,36.50144],[-121.94069,36.50138]],[[-121.93915,36.50147],[-121.93915,36.50147]],[[-121.94027,36.50102],[-121.94027,36.50102]],[[-121.94041,36.5009],[-121.94041,36.5009]],[[-121.93915,36.49944],[-121.93925,36.49944],[-121.93915,36.49932],[-121.93901,36.49941],[-121.93915,36.49944]],[[-121.93901,36.49944],[-121.93901,36.49944]],[[-121.9376,36.49921],[-121.93662,36.49865],[-121.93662,36.49831],[-121.93718,36.49774],[-121.93774,36.49752],[-121.93901,36.49741],[-121.93915,36.49729],[-121.93915,36.49684],[-121.93985,36.49662],[-121.94027,36.49628],[-121.94013,36.49549],[-121.93985,36.49515],[-121.93999,36.49504],[-121.94055,36.49537],[-121.94083,36.49537],[-121.94111,36.49515],[-121.94111,36.49458],[-121.94196,36.49402],[-121.94238,36.49334],[-121.94266,36.49346],[-121.94294,36.49323],[-121.94308,36.49357],[-121.94336,36.493],[-121.94392,36.493],[-121.94434,36.49343],[-121.94476,36.49312],[-121.94476,36.49272],[-121.94527,36.49267],[-121.94519,36.49356],[-121.94491,36.49372],[-121.94378,36.49376],[-121.94308,36.49403],[-121.94261,36.49458],[-121.94238,36.49572],[-121.9421,36.49587],[-121.94097,36.49593],[-121.94028,36.49628],[-121.93929,36.49743],[-121.93832,36.49808],[-121.93821,36.49842],[-121.93836,36.49876],[-121.93788,36.49876],[-121.9376,36.49921]],[[-121.93662,36.49831],[-121.93662,36.49831]],[[-121.93676,36.49808],[-121.93676,36.49808]],[[-121.9369,36.49797],[-121.9369,36.49797]],[[-121.93704,36.49786],[-121.93704,36.49786]],[[-121.93718,36.49774],[-121.93718,36.49774]],[[-121.93746,36.49763],[-121.93746,36.49763]],[[-121.93774,36.49752],[-121.93774,36.49752]],[[-121.93845,36.49741],[-121.93845,36.49741]],[[-121.93915,36.49684],[-121.93915,36.49684]],[[-121.93929,36.49673],[-121.93929,36.49673]],[[-121.93971,36.49662],[-121.93971,36.49662]],[[-121.93999,36.4965],[-121.93999,36.4965]],[[-121.94013,36.49639],[-121.94013,36.49639]],[[-121.94097,36.49526],[-121.94097,36.49526]],[[-121.94041,36.49526],[-121.94041,36.49526]],[[-121.94027,36.49515],[-121.94027,36.49515]],[[-121.93985,36.49515],[-121.93985,36.49515]],[[-121.93999,36.49504],[-121.93999,36.49504]],[[-121.94111,36.49458],[-121.94111,36.49458]],[[-121.94125,36.49447],[-121.94125,36.49447]],[[-121.94154,36.49436],[-121.94154,36.49436]],[[-121.94168,36.49425],[-121.94168,36.49425]],[[-121.94182,36.49413],[-121.94182,36.49413]],[[-121.94196,36.49391],[-121.94196,36.49391]],[[-121.9421,36.49368],[-121.9421,36.49368]],[[-121.94252,36.49334],[-121.94252,36.49334]],[[-121.94238,36.49334],[-121.94238,36.49334]],[[-121.94462,36.49323],[-121.94462,36.49323]],[[-121.94294,36.49323],[-121.94294,36.49323]],[[-121.9428,36.49323],[-121.9428,36.49323]],[[-121.94406,36.49312],[-121.94406,36.49312]],[[-121.94322,36.49312],[-121.94322,36.49312]],[[-121.94392,36.493],[-121.94392,36.493]],[[-121.94336,36.493],[-121.94336,36.493]],[[-121.94533,36.49211],[-121.94575,36.49109],[-121.94476,36.49154],[-121.94476,36.49176],[-121.94533,36.49211]],[[-121.94519,36.4921],[-121.94519,36.4921]],[[-121.94505,36.49199],[-121.94505,36.49199]],[[-121.94491,36.49188],[-121.94491,36.49188]],[[-121.94476,36.49176],[-121.94476,36.49176]],[[-121.94476,36.49154],[-121.94476,36.49154]],[[-121.94491,36.49142],[-121.94491,36.49142]],[[-121.94519,36.49131],[-121.94519,36.49131]],[[-121.94547,36.4912],[-121.94547,36.4912]],[[-121.94561,36.49109],[-121.94561,36.49109]]]},"properties":{"depth_m":3}},{"type":"Feature","geometry":{"type":"MultiLineString","coordinates":[[[-121.93518,36.54503],[-121.93501,36.54458],[-121.93541,36.5439],[-121.9351,36.54322],[-121.93476,36.54288],[-121.93504,36.54232],[-121.9341,36.54175],[-121.93421,36.54142],[-121.93367,36.54131],[-121.93342,36.54108],[-121.93423,36.54113],[-121.93446,36.5413],[-121.93427,36.54074],[-121.93455,36.5404],[-121.93339,36.53972],[-121.93268,36.53848],[-121.93132,36.53859],[-121.93114,36.53896],[-121.93086,36.53908],[-121.9302,36.53859],[-121.92925,36.53701],[-121.92903,36.53611],[-121.92912,36.5351],[-121.92885,36.53465],[-121.92897,36.53408],[-121.92846,36.53363],[-121.92839,36.53318],[-121.92769,36.53273],[-121.92783,36.5316],[-121.92679,36.5312],[-121.92637,36.53063]],[[-121.93171,36.54503],[-121.93213,36.54469],[-121.93297,36.54446],[-121.93367,36.5448],[-121.93382,36.54446],[-121.93368,36.54412],[-121.9341,36.5439],[-121.93381,36.54382],[-121.93381,36.54345],[-121.93325,36.543],[-121.93341,36.54232],[-121.93311,36.54174],[-121.93325,36.54096],[-121.93283,36.54051],[-121.93308,36.53995],[-121.93272,36.53961],[-121.93275,36.53927],[-121.93241,36.53901],[-121.93185,36.53913],[-121.93129,36.5395],[-121.93072,36.5395],[-121.93002,36.53905],[-121.92946,36.53837],[-121.92862,36.53701],[-121.92862,36.53622],[-121.92848,36.53611],[-121.9282,36.53386],[-121.92777,36.53329],[-121.92693,36.53273],[-121.92679,36.53205],[-121.92693,36.53149],[-121.92637,36.53103]],[[-121.93185,36.54491],[-121.93185,36.54491]],[[-121.93353,36.54469],[-121.93353,36.54469]],[[-121.93199,36.5448],[-121.93199,36.5448]],[[-121.93213,36.54469],[-121.93213,36.54469]],[[-121.93241,36.54458],[-121.93241,36.54458]],[[-121.93311,36.54446],[-121.93311,36.54446]],[[-121.93297,36.54446],[-121.93297,36.54446]],[[-121.93451,36.54335],[-121.93437,36.54321],[-121.93423,36.54333],[-121.93451,36.54335]],[[-121.93423,36.54333],[-121.93423,36.54333]],[[-121.93311,36.54153],[-121.93311,36.54153]],[[-121.93283,36.54029],[-121.93283,36.54029]],[[-121.92679,36.53194],[-121.92679,36.53194]],[[-121.92637,36.52426],[-121.92749,36.52313],[-121.92848,36.52268],[-121.92946,36.5228],[-121.9296,36.52291],[-121.9296,36.52325],[-121.9303,36.5237],[-121.93157,36.52347],[-121.93185,36.5237],[-121.93241,36.52336],[-121.93367,36.52347],[-121.93381,36.52336],[-121.93353,36.52313],[-121.93353,36.52291],[-121.93409,36.52234],[-121.93508,36.52246],[-121.93578,36.52302],[-121.93606,36.52347],[-121.93634,36.52338],[-121.93662,36.52359],[-121.93704,36.52361],[-121.93732,36.52336],[-121.93732,36.52313],[-121.93754,36.52336],[-121.93718,36.5239],[-121.93676,36.52398],[-121.93592,36.52353],[-121.93508,36.52337],[-121.93482,36.52359],[-121.9347,36.52415],[-121.93409,36.52432],[-121.93213,36.52383],[-121.93002,36.52405],[-121.92876,36.52333],[-121.92806,36.5233],[-121.92637,36.52471]],[[-121.94701,36.52405],[-121.94687,36.52383],[-121.94671,36.52392],[-121.94701,36.52405]],[[-121.92651,36.52415],[-121.92651,36.52415]],[[-121.9296,36.52381],[-121.9296,36.52381]],[[-121.92665,36.52392],[-121.92665,36.52392]],[[-121.94884,36.52375],[-121.94884,36.52357],[-121.9487,36.5237],[-121.94884,36.52375]],[[-121.92679,36.52381],[-121.92679,36.52381]],[[-121.92693,36.5237],[-121.92693,36.5237]],[[-121.93199,36.52359],[-121.93199,36.52359]],[[-121.93072,36.52359],[-121.93072,36.52359]],[[-121.95207,36.52344],[-121.95207,36.52333],[-121.95207,36.52344]],[[-121.93213,36.52347],[-121.93213,36.52347]],[[-121.93114,36.52347],[-121.93114,36.52347]],[[-121.92707,36.52347],[-121.92707,36.52347]],[[-121.93367,36.52325],[-121.93367,36.52325]],[[-121.93241,36.52336],[-121.93241,36.52336]],[[-121.92721,36.52336],[-121.92721,36.52336]],[[-121.94097,36.52314],[-121.94126,36.52257],[-121.94204,36.52178],[-121.94182,36.52155],[-121.94125,36.52167],[-121.94097,36.52155],[-121.94125,36.52201],[-121.94111,36.52223],[-121.94097,36.52201],[-121.94111,36.52189],[-121.94097,36.52201],[-121.94069,36.52189],[-121.94027,36.52134],[-121.94014,36.52144],[-121.94044,36.52201],[-121.94041,36.52271],[-121.94083,36.52325],[-121.94097,36.52314]],[[-121.93353,36.52313],[-121.93353,36.52313]],[[-121.92735,36.52325],[-121.92735,36.52325]],[[-121.94069,36.52313],[-121.94069,36.52313]],[[-121.93746,36.52302],[-121.9376,36.52301],[-121.9376,36.5228],[-121.93746,36.5228],[-121.93732,36.52313],[-121.93746,36.52302]],[[-121.93732,36.52313],[-121.93732,36.52313]],[[-121.92749,36.52313],[-121.92749,36.52313]],[[-121.95502,36.52291],[-121.95487,36.52265],[-121.95473,36.52279],[-121.95453,36.52268],[-121.95453,36.5228],[-121.95502,36.52291]],[[-121.95136,36.52299],[-121.95102,36.52268],[-121.95136,36.52299]],[[-121.94898,36.52293],[-121.94899,36.52268],[-121.94842,36.52238],[-121.94828,36.52245],[-121.9487,36.52292],[-121.94898,36.52293]],[[-121.92777,36.52302],[-121.92777,36.52302]],[[-121.94561,36.52283],[-121.94567,36.52268],[-121.94547,36.52247],[-121.94434,36.52192],[-121.94427,36.52201],[-121.94448,36.52249],[-121.94505,36.52246],[-121.94561,36.52283]],[[-121.93353,36.52291],[-121.93353,36.52291]],[[-121.92792,36.52291],[-121.92792,36.52291]],[[-121.95403,36.52271],[-121.95361,36.52246],[-121.95347,36.52257],[-121.95361,36.52276],[-121.95403,36.52271]],[[-121.95347,36.52268],[-121.95347,36.52268]],[[-121.9282,36.5228],[-121.9282,36.5228]],[[-121.95094,36.52262],[-121.95094,36.52252],[-121.95094,36.52262]],[[-121.93367,36.52268],[-121.93367,36.52268]],[[-121.92848,36.52268],[-121.92848,36.52268]],[[-121.95347,36.52257],[-121.95347,36.52257]],[[-121.9508,36.52253],[-121.95085,36.52234],[-121.9501,36.52155],[-121.94968,36.52122],[-121.9494,36.52133],[-121.94954,36.52199],[-121.94996,36.52195],[-121.9508,36.52253]],[[-121.93381,36.52257],[-121.93381,36.52257]],[[-121.95361,36.52246],[-121.95361,36.52246]],[[-121.93395,36.52246],[-121.93395,36.52246]],[[-121.93409,36.52234],[-121.93409,36.52234]],[[-121.95445,36.52194],[-121.95447,36.52178],[-121.95417,36.52155],[-121.95417,36.52178],[-121.95445,36.52194]],[[-121.95417,36.52178],[-121.95417,36.52178]],[[-121.93704,36.52178],[-121.93709,36.52167],[-121.93682,36.52144],[-121.93704,36.5211],[-121.93676,36.52099],[-121.93634,36.52144],[-121.93662,36.52178],[-121.93676,36.52167],[-121.93704,36.52178]],[[-121.9369,36.52178],[-121.9369,36.52178]],[[-121.94097,36.52167],[-121.94097,36.52167]],[[-121.93648,36.52167],[-121.93648,36.52167]],[[-121.9494,36.52155],[-121.9494,36.52155]],[[-121.94448,36.52156],[-121.9447,36.52099],[-121.94434,36.5208],[-121.94415,36.52099],[-121.94432,36.52155],[-121.94448,36.52156]],[[-121.94238,36.52149],[-121.94388,36.52088],[-121.94336,36.52076],[-121.94266,36.52088],[-121.94251,36.52076],[-121.94224,36.52099],[-121.94224,36.52144],[-121.94238,36.52149]],[[-121.94224,36.52144],[-121.94224,36.52144]],[[-121.94154,36.52155],[-121.94154,36.52155]],[[-121.94097,36.52155],[-121.94097,36.52155]],[[-121.93634,36.52144],[-121.93634,36.52144]],[[-121.9494,36.52133],[-121.9494,36.52133]],[[-121.93634,36.52133],[-121.93634,36.52133]],[[-121.94954,36.52122],[-121.94954,36.52122]],[[-121.94322,36.5211],[-121.94322,36.5211]],[[-121.93662,36.5211],[-121.93662,36.5211]],[[-121.94224,36.52099],[-121.94224,36.52099]],[[-121.93676,36.52099],[-121.93676,36.52099]],[[-121.9442,36.52088],[-121.9442,36.52088]],[[-121.94322,36.52076],[-121.94322,36.52076]],[[-121.94013,36.52065],[-121.94017,36.5202],[-121.93901,36.51947],[-121.93817,36.51954],[-121.93788,36.52004],[-121.93749,36.5202],[-121.93746,36.52043],[-121.93718,36.52043],[-121.93676,36.51997],[-121.93704,36.51986],[-121.93718,36.51997],[-121.93732,36.51975],[-121.93718,36.51952],[-121.93788,36.51907],[-121.93845,36.51896],[-121.93985,36.51907],[-121.94083,36.51964],[-121.94069,36.5202],[-121.94013,36.52065]],[[-121.95193,36.52054],[-121.95178,36.52054],[-121.95179,36.51993],[-121.95207,36.52031],[-121.95193,36.52054]],[[-121.95207,36.52031],[-121.95207,36.52031]],[[-121.95389,36.51988],[-121.95435,36.51964],[-121.95446,36.51907],[-121.95414,36.51907],[-121.95382,36.5193],[-121.95386,36.51964],[-121.95359,36.51975],[-121.95389,36.51988]],[[-121.93676,36.51997],[-121.93676,36.51997]],[[-121.95136,36.51975],[-121.95207,36.51916],[-121.95235,36.51909],[-121.95263,36.51931],[-121.95277,36.51918],[-121.95235,36.51896],[-121.95179,36.51896],[-121.95122,36.51964],[-121.95136,36.51975]],[[-121.93704,36.51986],[-121.93704,36.51986]],[[-121.9369,36.51986],[-121.9369,36.51986]],[[-121.95305,36.51965],[-121.95291,36.51947],[-121.95305,36.51965]],[[-121.95122,36.51964],[-121.95122,36.51964]],[[-121.94083,36.51964],[-121.94083,36.51964]],[[-121.9515,36.51952],[-121.9515,36.51952]],[[-121.94069,36.51952],[-121.94069,36.51952]],[[-121.93718,36.51952],[-121.93718,36.51952]],[[-121.94041,36.51941],[-121.94041,36.51941]],[[-121.93732,36.51941],[-121.93732,36.51941]],[[-121.9515,36.5193],[-121.9515,36.5193]],[[-121.94027,36.5193],[-121.94027,36.5193]],[[-121.93746,36.5193],[-121.93746,36.5193]],[[-121.94013,36.51918],[-121.94013,36.51918]],[[-121.9376,36.51918],[-121.9376,36.51918]],[[-121.95165,36.51907],[-121.95165,36.51907]],[[-121.93985,36.51907],[-121.93985,36.51907]],[[-121.93788,36.51907],[-121.93788,36.51907]],[[-121.95179,36.51896],[-121.95179,36.51896]],[[-121.93915,36.51896],[-121.93915,36.51896]],[[-121.93831,36.51896],[-121.93831,36.51896]],[[-121.95572,36.51853],[-121.95579,36.51817],[-121.95685,36.51817],[-121.9566,36.51772],[-121.95677,36.51749],[-121.95598,36.51693],[-121.9553,36.51681],[-121.95516,36.51693],[-121.9553,36.51749],[-121.95499,36.51761],[-121.95494,36.51806],[-121.95516,36.51848],[-121.95572,36.51853]],[[-121.95277,36.5182],[-121.95295,36.51806],[-121.95294,36.51772],[-121.95334,36.51749],[-121.95319,36.51728],[-121.95263,36.51758],[-121.95221,36.51759],[-121.95235,36.51798],[-121.95277,36.5182]],[[-121.95614,36.5178],[-121.95625,36.51749],[-121.95572,36.51717],[-121.95559,36.51749],[-121.95614,36.5178]],[[-121.95221,36.51761],[-121.95221,36.51761]],[[-121.9553,36.51738],[-121.9553,36.51738]],[[-121.95038,36.51704],[-121.95094,36.51636],[-121.9515,36.51661],[-121.95175,36.51648],[-121.95122,36.51588],[-121.95052,36.51656],[-121.9501,36.51655],[-121.94987,36.5167],[-121.94983,36.51704],[-121.94996,36.51714],[-121.95038,36.51704]],[[-121.95515,36.51693],[-121.95515,36.51693]],[[-121.94898,36.51569],[-121.94813,36.5149],[-121.94799,36.51396],[-121.94847,36.51445],[-121.9487,36.51496],[-121.94912,36.51504],[-121.9495,36.51535],[-121.9494,36.51549],[-121.94912,36.51546],[-121.94898,36.51569]],[[-121.94898,36.514],[-121.94884,36.51399],[-121.94898,36.514]],[[-121.94884,36.51399],[-121.94884,36.51399]],[[-121.94785,36.51388],[-121.94771,36.51356],[-121.94743,36.51344],[-121.94743,36.51377],[-121.94785,36.51388]],[[-121.94743,36.51377],[-121.94743,36.51377]],[[-121.94715,36.51354],[-121.94687,36.51354],[-121.94659,36.5132],[-121.94561,36.51321],[-121.94561,36.51298],[-121.94533,36.51275],[-121.94505,36.51275],[-121.94434,36.5132],[-121.94392,36.51309],[-121.94378,36.51298],[-121.94378,36.51252],[-121.94406,36.51253],[-121.94434,36.51275],[-121.94462,36.51253],[-121.94353,36.51185],[-121.94392,36.51174],[-121.94476,36.51234],[-121.94659,36.513],[-121.94715,36.51301],[-121.94742,36.51343],[-121.94715,36.51354]],[[-121.94448,36.51264],[-121.94448,36.51264]],[[-121.9442,36.51264],[-121.9442,36.51264]],[[-121.94406,36.51253],[-121.94406,36.51253]],[[-121.94336,36.51185],[-121.94349,36.51174],[-121.94308,36.51142],[-121.94299,36.51106],[-121.94258,36.51061],[-121.9431,36.50993],[-121.94277,36.50937],[-121.94297,36.50892],[-121.94286,36.50869],[-121.94191,36.50824],[-121.94168,36.5079],[-121.94125,36.50801],[-121.94083,36.5079],[-121.94069,36.50801],[-121.94083,36.50824],[-121.94125,36.50846],[-121.94154,36.50835],[-121.94182,36.50869],[-121.94224,36.50858],[-121.94266,36.50903],[-121.94238,36.50925],[-121.94209,36.50914],[-121.94224,36.50948],[-121.94266,36.50971],[-121.94252,36.50993],[-121.94196,36.51004],[-121.94168,36.51038],[-121.94196,36.51072],[-121.94168,36.51094],[-121.94168,36.51118],[-121.94252,36.5114],[-121.9421,36.51185],[-121.94308,36.51174],[-121.94336,36.51185]],[[-121.94322,36.51185],[-121.94322,36.51185]],[[-121.9421,36.51185],[-121.9421,36.51185]],[[-121.94406,36.51185],[-121.94406,36.51185]],[[-121.94168,36.51038],[-121.94168,36.51038]],[[-121.94182,36.51027],[-121.94182,36.51027]],[[-121.94196,36.51004],[-121.94196,36.51004]],[[-121.94252,36.50982],[-121.94252,36.50982]],[[-121.94224,36.50948],[-121.94224,36.50948]],[[-121.9421,36.50925],[-121.9421,36.50925]],[[-121.94252,36.50914],[-121.94252,36.50914]],[[-121.94252,36.50892],[-121.94252,36.50892]],[[-121.94238,36.5088],[-121.94238,36.5088]],[[-121.94182,36.50869],[-121.94182,36.50869]],[[-121.94168,36.50858],[-121.94168,36.50858]],[[-121.94111,36.50835],[-121.94111,36.50835]],[[-121.94308,36.50829],[-121.94322,36.50787],[-121.94481,36.50779],[-121.94471,36.50734],[-121.94496,36.507],[-121.94468,36.50643],[-121.94433,36.50621],[-121.9442,36.5058],[-121.94322,36.50598],[-121.94266,36.50582],[-121.94213,36.50621],[-121.94196,36.50652],[-121.94238,36.50688],[-121.94238,36.50722],[-121.94266,36.50745],[-121.94252,36.50767],[-121.94224,36.50756],[-121.94224,36.50795],[-121.94252,36.50795],[-121.94308,36.50829]],[[-121.94083,36.50824],[-121.94083,36.50824]],[[-121.94069,36.50813],[-121.94069,36.50813]],[[-121.94069,36.50801],[-121.94069,36.50801]],[[-121.94154,36.5079],[-121.94154,36.5079]],[[-121.94083,36.5079],[-121.94083,36.5079]],[[-121.94125,36.50768],[-121.94125,36.50768]],[[-121.94125,36.50767],[-121.94125,36.50767]],[[-121.94364,36.50748],[-121.9442,36.507],[-121.94378,36.50632],[-121.94322,36.50621],[-121.94294,36.50598],[-121.9428,36.50609],[-121.9428,36.50711],[-121.94322,36.50745],[-121.94364,36.50748]],[[-121.94224,36.50756],[-121.94224,36.50756]],[[-121.94252,36.50734],[-121.94252,36.50734]],[[-121.94392,36.50734],[-121.94392,36.50734]],[[-121.94308,36.50734],[-121.94308,36.50734]],[[-121.94238,36.50722],[-121.94238,36.50722]],[[-121.94294,36.50722],[-121.94294,36.50722]],[[-121.94168,36.50711],[-121.94139,36.507],[-121.94168,36.507],[-121.94168,36.50711]],[[-121.94406,36.50711],[-121.94406,36.50711]],[[-121.94041,36.507],[-121.93999,36.50688],[-121.93943,36.507],[-121.93901,36.50666],[-121.93873,36.50621],[-121.93915,36.50587],[-121.93915,36.50564],[-121.93859,36.50542],[-121.93817,36.50497],[-121.93817,36.50463],[-121.93901,36.50419],[-121.93891,36.50463],[-121.9394,36.50508],[-121.93954,36.50542],[-121.93948,36.50587],[-121.93987,36.50621],[-121.93986,36.50655],[-121.94013,36.50669],[-121.94069,36.50652],[-121.94122,36.50666],[-121.94055,36.50677],[-121.94041,36.507]],[[-121.94168,36.507],[-121.94168,36.507]],[[-121.94139,36.507],[-121.94139,36.507]],[[-121.94224,36.50677],[-121.94224,36.50677]],[[-121.94125,36.50677],[-121.94194,36.50643],[-121.94168,36.50627],[-121.94129,36.50655],[-121.94125,36.50677]],[[-121.9421,36.50666],[-121.9421,36.50666]],[[-121.94196,36.50655],[-121.94196,36.50655]],[[-121.93873,36.50621],[-121.93873,36.50621]],[[-121.93887,36.50609],[-121.93887,36.50609]],[[-121.93901,36.50598],[-121.93901,36.50598]],[[-121.93929,36.50497],[-121.93929,36.50497]],[[-121.93901,36.50474],[-121.93901,36.50474]],[[-121.93817,36.50463],[-121.93817,36.50463]],[[-121.93831,36.50451],[-121.93831,36.50451]],[[-121.93845,36.5044],[-121.93845,36.5044]],[[-121.93873,36.50429],[-121.93873,36.50429]],[[-121.93915,36.50406],[-121.9393,36.50372],[-121.93901,36.50384],[-121.93901,36.50406],[-121.93915,36.50406]],[[-121.93901,36.50384],[-121.93901,36.50384]],[[-121.93929,36.50372],[-121.93929,36.50372]],[[-121.93943,36.50334],[-121.93957,36.50311],[-121.93989,36.50305],[-121.93985,36.50293],[-121.93971,36.50282],[-121.93943,36.50291],[-121.93887,36.50248],[-121.93901,36.50305],[-121.93887,36.50316],[-121.93943,36.50334]],[[-121.93929,36.50327],[-121.93929,36.50327]],[[-121.93887,36.50316],[-121.93887,36.50316]],[[-121.93887,36.50271],[-121.93887,36.50271]],[[-121.93887,36.50185],[-121.93943,36.50173],[-121.93943,36.50158],[-121.93873,36.50151],[-121.93862,36.50169],[-121.93887,36.50185]],[[-121.94055,36.50147],[-121.94157,36.50079],[-121.94097,36.50021],[-121.94055,36.50032],[-121.94055,36.50079],[-121.94027,36.50102],[-121.94027,36.50149],[-121.94055,36.50147]],[[-121.93915,36.50147],[-121.93915,36.50147]],[[-121.94027,36.50102],[-121.94027,36.50102]],[[-121.94041,36.5009],[-121.94041,36.5009]],[[-121.93929,36.49944],[-121.93901,36.4993],[-121.93901,36.49944],[-121.93929,36.49944]],[[-121.93901,36.49944],[-121.93901,36.49944]],[[-121.9376,36.49921],[-121.93662,36.49865],[-121.93662,36.49831],[-121.93718,36.49774],[-121.93774,36.49752],[-121.93901,36.49741],[-121.93915,36.49729],[-121.93915,36.49684],[-121.93985,36.49662],[-121.94027,36.49628],[-121.94013,36.49549],[-121.93985,36.49515],[-121.93999,36.49504],[-121.94055,36.49537],[-121.94083,36.49537],[-121.94111,36.49515],[-121.94111,36.49458],[-121.94196,36.49402],[-121.94237,36.49334],[-121.94266,36.49346],[-121.94294,36.49323],[-121.94308,36.49357],[-121.94336,36.493],[-121.94392,36.493],[-121.94434,36.4934],[-121.94476,36.49312],[-121.94476,36.49269],[-121.94537,36.49255],[-121.94528,36.49357],[-121.94491,36.4938],[-121.94364,36.49402],[-121.94294,36.49458],[-121.94267,36.49537],[-121.94266,36.49635],[-121.94182,36.49607],[-121.94069,36.49628],[-121.93943,36.49761],[-121.93847,36.4982],[-121.93849,36.49887],[-121.93788,36.49876],[-121.9376,36.49921]],[[-121.93662,36.49831],[-121.93662,36.49831]],[[-121.93676,36.49808],[-121.93676,36.49808]],[[-121.9369,36.49797],[-121.9369,36.49797]],[[-121.93704,36.49786],[-121.93704,36.49786]],[[-121.93718,36.49774],[-121.93718,36.49774]],[[-121.93746,36.49763],[-121.93746,36.49763]],[[-121.93774,36.49752],[-121.93774,36.49752]],[[-121.93845,36.49741],[-121.93845,36.49741]],[[-121.93915,36.49684],[-121.93915,36.49684]],[[-121.93929,36.49673],[-121.93929,36.49673]],[[-121.93971,36.49662],[-121.93971,36.49662]],[[-121.93999,36.4965],[-121.93999,36.4965]],[[-121.94013,36.49639],[-121.94013,36.49639]],[[-121.94069,36.49628],[-121.94069,36.49628]],[[-121.94097,36.49526],[-121.94097,36.49526]],[[-121.94041,36.49526],[-121.94041,36.49526]],[[-121.94027,36.49515],[-121.94027,36.49515]],[[-121.93985,36.49515],[-121.93985,36.49515]],[[-121.93999,36.49504],[-121.93999,36.49504]],[[-121.94111,36.49458],[-121.94111,36.49458]],[[-121.94125,36.49447],[-121.94125,36.49447]],[[-121.94154,36.49436],[-121.94154,36.49436]],[[-121.94168,36.49425],[-121.94168,36.49425]],[[-121.94182,36.49413],[-121.94182,36.49413]],[[-121.94196,36.49391],[-121.94196,36.49391]],[[-121.9421,36.49368],[-121.9421,36.49368]],[[-121.94252,36.49334],[-121.94252,36.49334]],[[-121.94462,36.49323],[-121.94462,36.49323]],[[-121.94294,36.49323],[-121.94294,36.49323]],[[-121.9428,36.49323],[-121.9428,36.49323]],[[-121.94406,36.49312],[-121.94406,36.49312]],[[-121.94322,36.49312],[-121.94322,36.49312]],[[-121.94392,36.493],[-121.94392,36.493]],[[-121.94336,36.493],[-121.94336,36.493]],[[-121.94575,36.49097],[-121.94476,36.49154],[-121.94476,36.49176],[-121.94519,36.49212],[-121.94542,36.4921],[-121.94598,36.49097]],[[-121.94476,36.49154],[-121.94476,36.49154]],[[-121.94491,36.49142],[-121.94491,36.49142]],[[-121.94519,36.49131],[-121.94519,36.49131]],[[-121.94547,36.4912],[-121.94547,36.4912]],[[-121.94561,36.49109],[-121.94561,36.49109]]]},"properties":{"depth_m":4}},{"type":"Feature","geometry":{"type":"MultiLineString","coordinates":[[[-121.9353,36.54503],[-121.93517,36.54469],[-121.9355,36.5439],[-121.93487,36.54277],[-121.93534,36.54221],[-121.93508,36.54197],[-121.93429,36.54175],[-121.93476,36.5413],[-121.93442,36.54085],[-121.9346,36.5404],[-121.93339,36.53961],[-121.93301,36.53848],[-121.93283,36.53831],[-121.93227,36.53827],[-121.93086,36.5387],[-121.9305,36.53859],[-121.93081,36.53826],[-121.92952,36.5369],[-121.92963,36.53656],[-121.92955,36.53532],[-121.92936,36.53476],[-121.92904,36.53442],[-121.92907,36.53397],[-121.92855,36.53363],[-121.92848,36.53317],[-121.92793,36.53273],[-121.92789,36.53194],[-121.92805,36.5316],[-121.92777,36.53135],[-121.92687,36.53115],[-121.92637,36.5305]],[[-121.93171,36.54503],[-121.93213,36.54469],[-121.93297,36.54446],[-121.93367,36.5448],[-121.93381,36.54469],[-121.93367,36.54446],[-121.93339,36.54458],[-121.93381,36.54379],[-121.93381,36.54345],[-121.93325,36.543],[-121.93325,36.54197],[-121.9331,36.54164],[-121.93325,36.54096],[-121.93283,36.54051],[-121.93297,36.53995],[-121.9326,36.53972],[-121.93271,36.53927],[-121.93227,36.53904],[-121.93129,36.5395],[-121.93072,36.5395],[-121.93002,36.53905],[-121.92946,36.53837],[-121.92862,36.53701],[-121.92862,36.53622],[-121.92848,36.53611],[-121.9282,36.53386],[-121.92777,36.53329],[-121.92693,36.53273],[-121.92679,36.53228],[-121.92693,36.53149],[-121.92637,36.53103]],[[-121.93185,36.54491],[-121.93185,36.54491]],[[-121.93199,36.5448],[-121.93199,36.5448]],[[-121.93353,36.54469],[-121.93353,36.54469]],[[-121.93213,36.54469],[-121.93213,36.54469]],[[-121.93241,36.54458],[-121.93241,36.54458]],[[-121.93311,36.54446],[-121.93311,36.54446]],[[-121.93297,36.54446],[-121.93297,36.54446]],[[-121.93353,36.54412],[-121.93353,36.54412]],[[-121.93367,36.5439],[-121.93367,36.5439]],[[-121.93311,36.54153],[-121.93311,36.54153]],[[-121.93423,36.54135],[-121.93428,36.54119],[-121.93397,36.54119],[-121.93423,36.54135]],[[-121.93283,36.54029],[-121.93283,36.54029]],[[-121.93241,36.53826],[-121.93241,36.53826]],[[-121.92679,36.53194],[-121.92679,36.53194]],[[-121.92637,36.53],[-121.92658,36.52979],[-121.92651,36.52923],[-121.92637,36.52911]],[[-121.92637,36.52545],[-121.9271,36.52483],[-121.92749,36.52398],[-121.9282,36.52347],[-121.92889,36.52347],[-121.93016,36.52412],[-121.93213,36.52389],[-121.93423,36.52436],[-121.9348,36.52415],[-121.93488,36.52359],[-121.93508,36.52343],[-121.93592,36.52357],[-121.93676,36.52403],[-121.93732,36.52383],[-121.93758,36.52336],[-121.93732,36.52313],[-121.93732,36.52336],[-121.93684,36.52359],[-121.93634,36.52336],[-121.93606,36.52347],[-121.93578,36.52302],[-121.93508,36.52246],[-121.93409,36.52234],[-121.93353,36.52291],[-121.93353,36.52313],[-121.93381,36.52336],[-121.93367,36.52347],[-121.93241,36.52336],[-121.93185,36.5237],[-121.93157,36.52347],[-121.9303,36.5237],[-121.9296,36.52325],[-121.9296,36.52291],[-121.92946,36.5228],[-121.92848,36.52268],[-121.92749,36.52313],[-121.92637,36.52426]],[[-121.94701,36.52426],[-121.94704,36.52392],[-121.94671,36.52381],[-121.94672,36.52404],[-121.94701,36.52426]],[[-121.92651,36.52415],[-121.92651,36.52415]],[[-121.94856,36.52394],[-121.94891,36.52359],[-121.94842,36.52381],[-121.94856,36.52394]],[[-121.92665,36.52392],[-121.92665,36.52392]],[[-121.94842,36.52381],[-121.94842,36.52381]],[[-121.92679,36.52381],[-121.92679,36.52381]],[[-121.95403,36.52359],[-121.95386,36.52359],[-121.95403,36.52359]],[[-121.95235,36.5236],[-121.95235,36.52346],[-121.952,36.52336],[-121.95235,36.5236]],[[-121.92693,36.5237],[-121.92693,36.5237]],[[-121.93199,36.52359],[-121.93199,36.52359]],[[-121.93072,36.52359],[-121.93072,36.52359]],[[-121.95333,36.52345],[-121.95333,36.52313],[-121.95319,36.52313],[-121.95333,36.52345]],[[-121.95319,36.52336],[-121.95319,36.52336]],[[-121.93213,36.52347],[-121.93213,36.52347]],[[-121.93114,36.52347],[-121.93114,36.52347]],[[-121.92707,36.52347],[-121.92707,36.52347]],[[-121.94083,36.52326],[-121.94208,36.52178],[-121.94182,36.52155],[-121.94125,36.52167],[-121.94097,36.52155],[-121.94125,36.52201],[-121.94111,36.52223],[-121.94097,36.52201],[-121.94111,36.52189],[-121.94097,36.52201],[-121.94069,36.52189],[-121.94055,36.52155],[-121.94007,36.52133],[-121.9404,36.52201],[-121.94041,36.52278],[-121.94083,36.52326]],[[-121.93634,36.52336],[-121.93634,36.52336]],[[-121.93367,36.52325],[-121.93367,36.52325]],[[-121.93241,36.52336],[-121.93241,36.52336]],[[-121.92721,36.52336],[-121.92721,36.52336]],[[-121.93353,36.52313],[-121.93353,36.52313]],[[-121.92735,36.52325],[-121.92735,36.52325]],[[-121.95319,36.52313],[-121.95319,36.52313]],[[-121.95136,36.52305],[-121.95139,36.52291],[-121.9501,36.52155],[-121.94968,36.52122],[-121.9494,36.52132],[-121.94968,36.52218],[-121.9501,36.52207],[-121.95136,36.52305]],[[-121.9376,36.52306],[-121.9377,36.52291],[-121.93746,36.52279],[-121.93746,36.52302],[-121.9376,36.52306]],[[-121.93732,36.52313],[-121.93746,36.52302],[-121.93732,36.52313]],[[-121.92749,36.52313],[-121.92749,36.52313]],[[-121.95502,36.52294],[-121.95507,36.5228],[-121.95487,36.52263],[-121.95424,36.5228],[-121.95502,36.52294]],[[-121.94898,36.52297],[-121.94901,36.52268],[-121.94842,36.52236],[-121.94828,36.52245],[-121.9487,36.52293],[-121.94898,36.52297]],[[-121.92777,36.52302],[-121.92777,36.52302]],[[-121.94575,36.52289],[-121.94547,36.52234],[-121.94505,36.52234],[-121.94428,36.52189],[-121.94429,36.52234],[-121.94448,36.52253],[-121.94505,36.52255],[-121.94575,36.52289]],[[-121.93353,36.52291],[-121.93353,36.52291]],[[-121.92792,36.52291],[-121.92792,36.52291]],[[-121.95403,36.52276],[-121.95413,36.52268],[-121.95361,36.52246],[-121.95347,36.52257],[-121.95361,36.52279],[-121.95403,36.52276]],[[-121.95347,36.52268],[-121.95347,36.52268]],[[-121.9282,36.5228],[-121.9282,36.5228]],[[-121.94125,36.52268],[-121.94125,36.52268]],[[-121.93367,36.52268],[-121.93367,36.52268]],[[-121.92848,36.52268],[-121.92848,36.52268]],[[-121.95347,36.52257],[-121.95347,36.52257]],[[-121.93381,36.52257],[-121.93381,36.52257]],[[-121.95361,36.52246],[-121.95361,36.52246]],[[-121.93395,36.52246],[-121.93395,36.52246]],[[-121.93409,36.52234],[-121.93409,36.52234]],[[-121.95445,36.52209],[-121.95454,36.52178],[-121.95417,36.52146],[-121.95407,36.52155],[-121.95445,36.52209]],[[-121.95431,36.52201],[-121.95431,36.52201]],[[-121.95417,36.52178],[-121.95417,36.52178]],[[-121.93704,36.52178],[-121.93716,36.52167],[-121.93701,36.52155],[-121.93704,36.5211],[-121.93676,36.52099],[-121.93634,36.52144],[-121.93662,36.52178],[-121.93676,36.52167],[-121.93704,36.52178]],[[-121.9369,36.52178],[-121.9369,36.52178]],[[-121.94097,36.52167],[-121.94097,36.52167]],[[-121.93648,36.52167],[-121.93648,36.52167]],[[-121.9494,36.52155],[-121.9494,36.52155]],[[-121.94448,36.52156],[-121.94472,36.52099],[-121.94448,36.52077],[-121.94406,36.52099],[-121.94364,36.52076],[-121.94308,36.52088],[-121.94251,36.52076],[-121.94224,36.52099],[-121.94224,36.52144],[-121.94238,36.52152],[-121.94294,36.52121],[-121.94392,36.52105],[-121.94423,36.52122],[-121.94428,36.52155],[-121.94448,36.52156]],[[-121.94224,36.52144],[-121.94224,36.52144]],[[-121.94154,36.52155],[-121.94154,36.52155]],[[-121.94097,36.52155],[-121.94097,36.52155]],[[-121.93634,36.52144],[-121.93634,36.52144]],[[-121.93634,36.52133],[-121.93634,36.52133]],[[-121.93662,36.5211],[-121.93662,36.5211]],[[-121.94224,36.52099],[-121.94224,36.52099]],[[-121.93676,36.52099],[-121.93676,36.52099]],[[-121.9442,36.52088],[-121.9442,36.52088]],[[-121.94434,36.52076],[-121.94434,36.52076]],[[-121.94322,36.52076],[-121.94322,36.52076]],[[-121.94013,36.52065],[-121.93999,36.5207],[-121.9398,36.5202],[-121.93887,36.51979],[-121.93831,36.51988],[-121.9377,36.52031],[-121.9376,36.52056],[-121.93718,36.52043],[-121.93676,36.51997],[-121.93704,36.51986],[-121.93718,36.51997],[-121.93732,36.51975],[-121.93718,36.51952],[-121.93788,36.51907],[-121.93845,36.51896],[-121.93985,36.51907],[-121.94083,36.51964],[-121.94069,36.5202],[-121.94013,36.52065]],[[-121.95193,36.52054],[-121.95178,36.52054],[-121.95165,36.51986],[-121.95122,36.51964],[-121.95179,36.51896],[-121.95237,36.51896],[-121.95279,36.51918],[-121.95316,36.51964],[-121.95291,36.51967],[-121.95235,36.51923],[-121.95179,36.51945],[-121.95167,36.51975],[-121.95223,36.52031],[-121.95193,36.52054]],[[-121.95403,36.51992],[-121.95447,36.51964],[-121.9544,36.5193],[-121.95454,36.51907],[-121.95403,36.51911],[-121.9538,36.5193],[-121.95384,36.51964],[-121.95343,36.51975],[-121.95403,36.51992]],[[-121.93676,36.51997],[-121.93676,36.51997]],[[-121.93704,36.51986],[-121.93704,36.51986]],[[-121.9369,36.51986],[-121.9369,36.51986]],[[-121.95122,36.51964],[-121.95122,36.51964]],[[-121.94083,36.51964],[-121.94083,36.51964]],[[-121.94069,36.51952],[-121.94069,36.51952]],[[-121.93718,36.51952],[-121.93718,36.51952]],[[-121.95136,36.51941],[-121.95136,36.51941]],[[-121.94041,36.51941],[-121.94041,36.51941]],[[-121.93732,36.51941],[-121.93732,36.51941]],[[-121.9515,36.5193],[-121.9515,36.5193]],[[-121.94027,36.5193],[-121.94027,36.5193]],[[-121.93746,36.5193],[-121.93746,36.5193]],[[-121.94013,36.51918],[-121.94013,36.51918]],[[-121.9376,36.51918],[-121.9376,36.51918]],[[-121.95165,36.51907],[-121.95165,36.51907]],[[-121.93985,36.51907],[-121.93985,36.51907]],[[-121.93788,36.51907],[-121.93788,36.51907]],[[-121.95179,36.51896],[-121.95179,36.51896]],[[-121.93915,36.51896],[-121.93915,36.51896]],[[-121.93831,36.51896],[-121.93831,36.51896]],[[-121.95459,36.51874],[-121.95459,36.51859],[-121.95445,36.51859],[-121.95459,36.51874]],[[-121.95445,36.51873],[-121.95445,36.51873]],[[-121.95572,36.51863],[-121.956,36.51828],[-121.95691,36.51817],[-121.95661,36.51772],[-121.9568,36.51749],[-121.956,36.51688],[-121.9553,36.51676],[-121.9551,36.51693],[-121.95516,36.51736],[-121.95487,36.51749],[-121.95482,36.51806],[-121.95504,36.51862],[-121.95572,36.51863]],[[-121.95586,36.51839],[-121.95586,36.51839]],[[-121.956,36.51828],[-121.956,36.51828]],[[-121.95277,36.51821],[-121.95297,36.51806],[-121.95305,36.51761],[-121.95345,36.51738],[-121.9533,36.51727],[-121.95294,36.51727],[-121.95263,36.51751],[-121.9522,36.51749],[-121.95235,36.51799],[-121.95277,36.51821]],[[-121.95614,36.5178],[-121.95624,36.51749],[-121.95586,36.51718],[-121.95561,36.51727],[-121.9556,36.51749],[-121.95614,36.5178]],[[-121.95221,36.51761],[-121.95221,36.51761]],[[-121.95487,36.51749],[-121.95487,36.51749]],[[-121.9501,36.51715],[-121.94968,36.51693],[-121.94996,36.5165],[-121.95052,36.51649],[-121.95122,36.51582],[-121.95182,36.51648],[-121.9515,36.51663],[-121.95094,36.51636],[-121.95059,36.51693],[-121.9501,36.51715]],[[-121.94968,36.51693],[-121.94968,36.51693]],[[-121.94982,36.5167],[-121.94982,36.5167]],[[-121.95108,36.51591],[-121.95108,36.51591]],[[-121.94968,36.51577],[-121.95012,36.51535],[-121.94996,36.51542],[-121.94968,36.5152],[-121.9494,36.51521],[-121.94884,36.51478],[-121.94912,36.51433],[-121.94898,36.51391],[-121.94856,36.51432],[-121.94701,36.51281],[-121.94631,36.51278],[-121.94476,36.51227],[-121.94349,36.51151],[-121.94301,36.51083],[-121.9429,36.51038],[-121.94314,36.50993],[-121.94289,36.50925],[-121.94294,36.50846],[-121.94378,36.5078],[-121.94462,36.50791],[-121.94486,36.50779],[-121.94476,36.50738],[-121.94501,36.507],[-121.94449,36.50621],[-121.9445,36.50587],[-121.94406,36.50572],[-121.9435,36.50593],[-121.94266,36.50578],[-121.94196,36.50631],[-121.94168,36.50623],[-121.94125,36.50645],[-121.94027,36.50648],[-121.93973,36.50576],[-121.93954,36.50485],[-121.93917,36.50451],[-121.93936,36.50372],[-121.939,36.50384],[-121.93901,36.50418],[-121.93887,36.50429],[-121.93817,36.50463],[-121.93817,36.50497],[-121.93859,36.50542],[-121.93915,36.50564],[-121.93915,36.50587],[-121.93873,36.50632],[-121.93943,36.507],[-121.93999,36.50688],[-121.94042,36.507],[-121.94055,36.50677],[-121.94111,36.50666],[-121.94125,36.50677],[-121.94182,36.50643],[-121.94238,36.50688],[-121.94238,36.50722],[-121.94266,36.50756],[-121.94252,36.50767],[-121.94224,36.50756],[-121.94224,36.508],[-121.94272,36.50813],[-121.94274,36.50846],[-121.94224,36.50837],[-121.94168,36.5079],[-121.94069,36.50801],[-121.94125,36.50846],[-121.94154,36.50835],[-121.94182,36.50869],[-121.94224,36.50858],[-121.94266,36.50903],[-121.94238,36.50925],[-121.94209,36.50914],[-121.94224,36.50948],[-121.94266,36.50971],[-121.94252,36.50993],[-121.94196,36.51004],[-121.94168,36.51038],[-121.94196,36.51072],[-121.94168,36.51094],[-121.94168,36.51118],[-121.94252,36.5114],[-121.9421,36.51185],[-121.94308,36.51174],[-121.94364,36.51185],[-121.94462,36.51253],[-121.94434,36.51275],[-121.94406,36.51253],[-121.94378,36.51252],[-121.94378,36.51298],[-121.9442,36.5132],[-121.94505,36.51275],[-121.94533,36.51275],[-121.94561,36.51298],[-121.94561,36.51321],[-121.94659,36.5132],[-121.94687,36.51354],[-121.94729,36.51343],[-121.94757,36.51388],[-121.94771,36.51377],[-121.94799,36.51399],[-121.94813,36.5149],[-121.94884,36.51569],[-121.94926,36.51546],[-121.94968,36.51577]],[[-121.94884,36.51569],[-121.94884,36.51569]],[[-121.956,36.51563],[-121.95611,36.51557],[-121.956,36.51546],[-121.956,36.51563]],[[-121.9494,36.51557],[-121.9494,36.51557]],[[-121.9487,36.51546],[-121.9487,36.51546]],[[-121.956,36.51546],[-121.956,36.51546]],[[-121.94856,36.51535],[-121.94856,36.51535]],[[-121.94842,36.51524],[-121.94842,36.51524]],[[-121.94828,36.51512],[-121.94828,36.51512]],[[-121.94813,36.5149],[-121.94813,36.5149]],[[-121.94799,36.51445],[-121.94799,36.51445]],[[-121.94785,36.51388],[-121.94785,36.51388]],[[-121.94743,36.51377],[-121.94743,36.51377]],[[-121.94687,36.51354],[-121.94687,36.51354]],[[-121.94673,36.51343],[-121.94673,36.51343]],[[-121.9442,36.5132],[-121.9442,36.5132]],[[-121.94392,36.51309],[-121.94392,36.51309]],[[-121.94378,36.51298],[-121.94378,36.51298]],[[-121.94547,36.51287],[-121.94547,36.51287]],[[-121.94448,36.51264],[-121.94448,36.51264]],[[-121.94448,36.51241],[-121.94448,36.51241]],[[-121.9442,36.5123],[-121.9442,36.5123]],[[-121.94406,36.51219],[-121.94406,36.51219]],[[-121.94392,36.51208],[-121.94392,36.51208]],[[-121.94378,36.51196],[-121.94378,36.51196]],[[-121.94322,36.51185],[-121.94322,36.51185]],[[-121.9421,36.51185],[-121.9421,36.51185]],[[-121.94168,36.51038],[-121.94168,36.51038]],[[-121.94182,36.51027],[-121.94182,36.51027]],[[-121.94196,36.51004],[-121.94196,36.51004]],[[-121.94224,36.50948],[-121.94224,36.50948]],[[-121.9421,36.50925],[-121.9421,36.50925]],[[-121.94252,36.50914],[-121.94252,36.50914]],[[-121.94252,36.50892],[-121.94252,36.50892]],[[-121.94238,36.5088],[-121.94238,36.5088]],[[-121.94182,36.50869],[-121.94182,36.50869]],[[-121.94168,36.50858],[-121.94168,36.50858]],[[-121.94083,36.50824],[-121.94083,36.50824]],[[-121.94069,36.50813],[-121.94069,36.50813]],[[-121.94069,36.50801],[-121.94069,36.50801]],[[-121.94154,36.5079],[-121.94154,36.5079]],[[-121.94083,36.5079],[-121.94083,36.5079]],[[-121.94125,36.50768],[-121.94125,36.50768]],[[-121.94125,36.50767],[-121.94125,36.50767]],[[-121.9435,36.50756],[-121.9442,36.507],[-121.94378,36.50632],[-121.94322,36.50621],[-121.94294,36.50598],[-121.9428,36.50609],[-121.9428,36.50711],[-121.9435,36.50756]],[[-121.94224,36.50756],[-121.94224,36.50756]],[[-121.94364,36.50745],[-121.94364,36.50745]],[[-121.94336,36.50745],[-121.94336,36.50745]],[[-121.94252,36.50734],[-121.94252,36.50734]],[[-121.94392,36.50734],[-121.94392,36.50734]],[[-121.94308,36.50734],[-121.94308,36.50734]],[[-121.94238,36.50722],[-121.94238,36.50722]],[[-121.94294,36.50722],[-121.94294,36.50722]],[[-121.94168,36.50711],[-121.94139,36.507],[-121.94168,36.507],[-121.94168,36.50711]],[[-121.94406,36.50711],[-121.94406,36.50711]],[[-121.94027,36.507],[-121.94027,36.507]],[[-121.93943,36.507],[-121.93943,36.507]],[[-121.94168,36.507],[-121.94168,36.507]],[[-121.94139,36.507],[-121.94139,36.507]],[[-121.93929,36.50688],[-121.93929,36.50688]],[[-121.94224,36.50677],[-121.94224,36.50677]],[[-121.93915,36.50677],[-121.93915,36.50677]],[[-121.9421,36.50666],[-121.9421,36.50666]],[[-121.93901,36.50666],[-121.93901,36.50666]],[[-121.94196,36.50655],[-121.94196,36.50655]],[[-121.93887,36.50643],[-121.93887,36.50643]],[[-121.93873,36.50632],[-121.93873,36.50632]],[[-121.93873,36.50621],[-121.93873,36.50621]],[[-121.93887,36.50609],[-121.93887,36.50609]],[[-121.93901,36.50598],[-121.93901,36.50598]],[[-121.93859,36.50542],[-121.93859,36.50542]],[[-121.93845,36.50519],[-121.93845,36.50519]],[[-121.93831,36.50508],[-121.93831,36.50508]],[[-121.93817,36.50497],[-121.93817,36.50497]],[[-121.93817,36.50463],[-121.93817,36.50463]],[[-121.93831,36.50451],[-121.93831,36.50451]],[[-121.93845,36.5044],[-121.93845,36.5044]],[[-121.93873,36.50429],[-121.93873,36.50429]],[[-121.93929,36.50372],[-121.93929,36.50372]],[[-121.93943,36.50338],[-121.93989,36.50293],[-121.93929,36.50276],[-121.93887,36.50232],[-121.93901,36.50305],[-121.93887,36.50316],[-121.93901,36.50327],[-121.93915,36.50316],[-121.93943,36.50338]],[[-121.93929,36.50327],[-121.93929,36.50327]],[[-121.93887,36.50316],[-121.93887,36.50316]],[[-121.93887,36.50271],[-121.93887,36.50271]],[[-121.93873,36.50197],[-121.93901,36.50178],[-121.93943,36.50177],[-121.93943,36.50158],[-121.93859,36.50147],[-121.93873,36.50197]],[[-121.93859,36.50181],[-121.93859,36.50181]],[[-121.94069,36.5015],[-121.9416,36.50079],[-121.94097,36.50018],[-121.94055,36.50028],[-121.94055,36.50079],[-121.94027,36.50102],[-121.94027,36.50153],[-121.94069,36.5015]],[[-121.93915,36.50147],[-121.93915,36.50147]],[[-121.93859,36.50147],[-121.93859,36.50147]],[[-121.94027,36.50102],[-121.94027,36.50102]],[[-121.94041,36.5009],[-121.94041,36.5009]],[[-121.93943,36.49955],[-121.93955,36.49955],[-121.93943,36.49955]],[[-121.93929,36.49944],[-121.93942,36.49944],[-121.93901,36.49924],[-121.93901,36.49944],[-121.93929,36.49944]],[[-121.93901,36.49944],[-121.93901,36.49944]],[[-121.94575,36.49097],[-121.94476,36.49154],[-121.94476,36.49176],[-121.94533,36.49233],[-121.94476,36.49267],[-121.94476,36.49312],[-121.94434,36.49338],[-121.94392,36.493],[-121.94336,36.493],[-121.94308,36.49357],[-121.94294,36.49323],[-121.94266,36.49346],[-121.94237,36.49334],[-121.94196,36.49402],[-121.94111,36.49458],[-121.94111,36.49515],[-121.94083,36.49537],[-121.94055,36.49537],[-121.93999,36.49504],[-121.93985,36.49514],[-121.94013,36.49549],[-121.94027,36.49628],[-121.93985,36.49662],[-121.93915,36.49684],[-121.93915,36.49729],[-121.93901,36.49741],[-121.93774,36.49752],[-121.93718,36.49774],[-121.93662,36.49831],[-121.93662,36.49865],[-121.93718,36.49887],[-121.93746,36.49922],[-121.9376,36.49922],[-121.93788,36.49876],[-121.93873,36.49899],[-121.93852,36.49865],[-121.93859,36.49829],[-121.93971,36.49766],[-121.94012,36.49695],[-121.94069,36.49645],[-121.94154,36.4962],[-121.9421,36.49623],[-121.94252,36.4965],[-121.94277,36.49639],[-121.94285,36.49537],[-121.94322,36.49458],[-121.94378,36.49416],[-121.94491,36.49387],[-121.94535,36.49357],[-121.94535,36.49244],[-121.94605,36.49097]],[[-121.93859,36.49899],[-121.93859,36.49899]],[[-121.93831,36.49887],[-121.93831,36.49887]],[[-121.93662,36.49831],[-121.93662,36.49831]],[[-121.93676,36.49808],[-121.93676,36.49808]],[[-121.9369,36.49797],[-121.9369,36.49797]],[[-121.93704,36.49786],[-121.93704,36.49786]],[[-121.93718,36.49774],[-121.93718,36.49774]],[[-121.93746,36.49763],[-121.93746,36.49763]],[[-121.93774,36.49752],[-121.93774,36.49752]],[[-121.93845,36.49741],[-121.93845,36.49741]],[[-121.93915,36.49684],[-121.93915,36.49684]],[[-121.93929,36.49673],[-121.93929,36.49673]],[[-121.93971,36.49662],[-121.93971,36.49662]],[[-121.93999,36.4965],[-121.93999,36.4965]],[[-121.94013,36.49639],[-121.94013,36.49639]],[[-121.94097,36.49526],[-121.94097,36.49526]],[[-121.94041,36.49526],[-121.94041,36.49526]],[[-121.94027,36.49515],[-121.94027,36.49515]],[[-121.93999,36.49504],[-121.93999,36.49504]],[[-121.94111,36.49458],[-121.94111,36.49458]],[[-121.94125,36.49447],[-121.94125,36.49447]],[[-121.94154,36.49436],[-121.94154,36.49436]],[[-121.94168,36.49425],[-121.94168,36.49425]],[[-121.94182,36.49413],[-121.94182,36.49413]],[[-121.94196,36.49391],[-121.94196,36.49391]],[[-121.9421,36.49368],[-121.9421,36.49368]],[[-121.94252,36.49334],[-121.94252,36.49334]],[[-121.94462,36.49323],[-121.94462,36.49323]],[[-121.94294,36.49323],[-121.94294,36.49323]],[[-121.9428,36.49323],[-121.9428,36.49323]],[[-121.94406,36.49312],[-121.94406,36.49312]],[[-121.94322,36.49312],[-121.94322,36.49312]],[[-121.94392,36.493],[-121.94392,36.493]],[[-121.94336,36.493],[-121.94336,36.493]],[[-121.94476,36.49267],[-121.94476,36.49267]],[[-121.94476,36.49154],[-121.94476,36.49154]],[[-121.94491,36.49142],[-121.94491,36.49142]],[[-121.94519,36.49131],[-121.94519,36.49131]],[[-121.94547,36.4912],[-121.94547,36.4912]],[[-121.94561,36.49109],[-121.94561,36.49109]]]},"properties":{"depth_m":5}},{"type":"Feature","geometry":{"type":"MultiLineString","coordinates":[[[-121.93542,36.54503],[-121.93535,36.54469],[-121.9355,36.54442],[-121.93597,36.54412],[-121.9355,36.54371],[-121.93501,36.54288],[-121.93561,36.54221],[-121.93461,36.54164],[-121.93489,36.5413],[-121.93455,36.54074],[-121.93461,36.54029],[-121.93339,36.53947],[-121.93321,36.53871],[-121.93332,36.53803],[-121.93241,36.53797],[-121.93114,36.53842],[-121.93016,36.53724],[-121.92982,36.53645],[-121.92973,36.53521],[-121.92937,36.53408],[-121.92862,36.53356],[-121.92852,36.53307],[-121.92811,36.53273],[-121.92824,36.53171],[-121.92812,36.53149],[-121.92763,36.53117],[-121.92693,36.53109],[-121.92672,36.53092],[-121.92652,36.53036],[-121.92676,36.53002],[-121.92675,36.52934],[-121.92637,36.5288]],[[-121.93171,36.54503],[-121.93213,36.54469],[-121.93297,36.54446],[-121.93367,36.5448],[-121.93381,36.54469],[-121.93367,36.54446],[-121.93339,36.54458],[-121.93381,36.54379],[-121.93381,36.54345],[-121.93325,36.543],[-121.9331,36.54164],[-121.93325,36.54096],[-121.93283,36.54051],[-121.93297,36.53995],[-121.93255,36.53972],[-121.93269,36.53938],[-121.93255,36.53927],[-121.93185,36.53927],[-121.93129,36.5395],[-121.93044,36.53938],[-121.92904,36.5378],[-121.92862,36.53701],[-121.92862,36.53622],[-121.92848,36.53611],[-121.9282,36.53386],[-121.92777,36.53329],[-121.92693,36.53273],[-121.92679,36.53228],[-121.92693,36.53149],[-121.92637,36.53103]],[[-121.93185,36.54491],[-121.93185,36.54491]],[[-121.93199,36.5448],[-121.93199,36.5448]],[[-121.93353,36.54469],[-121.93353,36.54469]],[[-121.93213,36.54469],[-121.93213,36.54469]],[[-121.93241,36.54458],[-121.93241,36.54458]],[[-121.93311,36.54446],[-121.93311,36.54446]],[[-121.93297,36.54446],[-121.93297,36.54446]],[[-121.93353,36.54412],[-121.93353,36.54412]],[[-121.93367,36.5439],[-121.93367,36.5439]],[[-121.93311,36.54153],[-121.93311,36.54153]],[[-121.93283,36.54029],[-121.93283,36.54029]],[[-121.93255,36.5395],[-121.93255,36.5395]],[[-121.92679,36.53194],[-121.92679,36.53194]],[[-121.92637,36.52583],[-121.9277,36.52449],[-121.92876,36.52367],[-121.92932,36.52375],[-121.93016,36.52417],[-121.93213,36.52395],[-121.93423,36.5244],[-121.93487,36.52415],[-121.93508,36.5235],[-121.93592,36.5236],[-121.93676,36.52407],[-121.93732,36.52387],[-121.93761,36.52336],[-121.93732,36.52313],[-121.93718,36.52347],[-121.93662,36.52359],[-121.93634,36.52336],[-121.93606,36.52347],[-121.93578,36.52302],[-121.93508,36.52246],[-121.93409,36.52234],[-121.93353,36.52291],[-121.93353,36.52313],[-121.93381,36.52336],[-121.93367,36.52347],[-121.93241,36.52336],[-121.93185,36.5237],[-121.93157,36.52347],[-121.9303,36.5237],[-121.9296,36.52325],[-121.9296,36.52291],[-121.92946,36.5228],[-121.92848,36.52268],[-121.92749,36.52313],[-121.92637,36.52426]],[[-121.92749,36.52471],[-121.92749,36.52471]],[[-121.94701,36.52429],[-121.94707,36.52392],[-121.94687,36.52373],[-121.9466,36.52381],[-121.94666,36.52404],[-121.94701,36.52429]],[[-121.92651,36.52415],[-121.92651,36.52415]],[[-121.94856,36.52397],[-121.94893,36.52359],[-121.94856,36.52368],[-121.94834,36.52392],[-121.94856,36.52397]],[[-121.92665,36.52392],[-121.92665,36.52392]],[[-121.95389,36.52371],[-121.95403,36.52359],[-121.95372,36.52359],[-121.95389,36.52371]],[[-121.92946,36.52381],[-121.92946,36.52381]],[[-121.92679,36.52381],[-121.92679,36.52381]],[[-121.95347,36.52359],[-121.95307,36.52325],[-121.95319,36.52313],[-121.95333,36.52313],[-121.95347,36.52359]],[[-121.95235,36.52362],[-121.95235,36.52344],[-121.95197,36.52336],[-121.95235,36.52362]],[[-121.93564,36.52359],[-121.93564,36.52359]],[[-121.92693,36.5237],[-121.92693,36.5237]],[[-121.94715,36.52348],[-121.94682,36.52336],[-121.94687,36.52352],[-121.94715,36.52348]],[[-121.93199,36.52359],[-121.93199,36.52359]],[[-121.93072,36.52359],[-121.93072,36.52359]],[[-121.95459,36.52336],[-121.95459,36.52336]],[[-121.93676,36.52347],[-121.93676,36.52347]],[[-121.93213,36.52347],[-121.93213,36.52347]],[[-121.93114,36.52347],[-121.93114,36.52347]],[[-121.92707,36.52347],[-121.92707,36.52347]],[[-121.94659,36.52326],[-121.94617,36.52291],[-121.94575,36.5228],[-121.94547,36.52234],[-121.94505,36.52234],[-121.9442,36.52173],[-121.94426,36.52234],[-121.94448,36.52257],[-121.94519,36.52265],[-121.94659,36.52326]],[[-121.94083,36.52328],[-121.94212,36.52178],[-121.94182,36.52155],[-121.94125,36.52167],[-121.94097,36.52155],[-121.94125,36.52201],[-121.94111,36.52223],[-121.94097,36.52201],[-121.94111,36.52189],[-121.94097,36.52201],[-121.94069,36.52189],[-121.94055,36.52155],[-121.94027,36.52133],[-121.94,36.52133],[-121.94005,36.52167],[-121.94033,36.52201],[-121.94027,36.52246],[-121.94041,36.52283],[-121.94083,36.52328]],[[-121.93634,36.52336],[-121.93634,36.52336]],[[-121.93367,36.52325],[-121.93367,36.52325]],[[-121.93241,36.52336],[-121.93241,36.52336]],[[-121.92721,36.52336],[-121.92721,36.52336]],[[-121.93353,36.52313],[-121.93353,36.52313]],[[-121.92735,36.52325],[-121.92735,36.52325]],[[-121.95333,36.52313],[-121.95333,36.52313]],[[-121.95319,36.52313],[-121.95319,36.52313]],[[-121.95136,36.5231],[-121.9515,36.52302],[-121.95141,36.52291],[-121.9501,36.52155],[-121.94968,36.52122],[-121.9494,36.52132],[-121.94966,36.52223],[-121.94954,36.52256],[-121.9501,36.52214],[-121.95136,36.5231]],[[-121.94884,36.52307],[-121.9491,36.52291],[-121.94902,36.52268],[-121.94842,36.52234],[-121.94828,36.52245],[-121.94884,36.52307]],[[-121.9376,36.52312],[-121.93773,36.52291],[-121.93746,36.52279],[-121.9376,36.52312]],[[-121.93732,36.52313],[-121.93746,36.52302],[-121.93732,36.52313]],[[-121.92749,36.52313],[-121.92749,36.52313]],[[-121.95502,36.52296],[-121.95512,36.5228],[-121.95487,36.52262],[-121.95445,36.52259],[-121.95431,36.5228],[-121.95361,36.52246],[-121.95347,36.52257],[-121.95361,36.5228],[-121.95417,36.52294],[-121.95502,36.52296]],[[-121.92777,36.52302],[-121.92777,36.52302]],[[-121.95361,36.5228],[-121.95361,36.5228]],[[-121.93353,36.52291],[-121.93353,36.52291]],[[-121.92792,36.52291],[-121.92792,36.52291]],[[-121.95347,36.52268],[-121.95347,36.52268]],[[-121.9282,36.5228],[-121.9282,36.5228]],[[-121.94448,36.52257],[-121.94448,36.52257]],[[-121.93367,36.52268],[-121.93367,36.52268]],[[-121.92848,36.52268],[-121.92848,36.52268]],[[-121.95347,36.52257],[-121.95347,36.52257]],[[-121.94434,36.52246],[-121.94434,36.52246]],[[-121.93381,36.52257],[-121.93381,36.52257]],[[-121.95459,36.52235],[-121.95473,36.52189],[-121.95419,36.52133],[-121.95403,36.52138],[-121.95399,36.52155],[-121.95445,36.52212],[-121.95445,36.52234],[-121.95459,36.52235]],[[-121.95445,36.52234],[-121.95445,36.52234]],[[-121.95361,36.52246],[-121.95361,36.52246]],[[-121.93395,36.52246],[-121.93395,36.52246]],[[-121.94842,36.52234],[-121.94842,36.52234]],[[-121.9376,36.52226],[-121.93746,36.52212],[-121.9376,36.52226]],[[-121.93746,36.52223],[-121.93746,36.52223]],[[-121.93409,36.52234],[-121.93409,36.52234]],[[-121.95431,36.52201],[-121.95431,36.52201]],[[-121.93746,36.52212],[-121.93746,36.52212]],[[-121.95417,36.52178],[-121.95417,36.52178]],[[-121.93718,36.52178],[-121.93722,36.52133],[-121.93691,36.52099],[-121.93634,36.52133],[-121.93662,36.52178],[-121.93676,36.52167],[-121.93718,36.52178]],[[-121.9369,36.52178],[-121.9369,36.52178]],[[-121.94097,36.52167],[-121.94097,36.52167]],[[-121.93648,36.52167],[-121.93648,36.52167]],[[-121.9494,36.52155],[-121.9494,36.52155]],[[-121.94448,36.52156],[-121.94474,36.52099],[-121.94448,36.52076],[-121.94406,36.52099],[-121.94364,36.52076],[-121.94308,36.52088],[-121.94251,36.52076],[-121.94224,36.52099],[-121.94224,36.52144],[-121.94238,36.52156],[-121.94308,36.52121],[-121.94378,36.52114],[-121.9442,36.52128],[-121.94424,36.52155],[-121.94448,36.52156]],[[-121.94224,36.52144],[-121.94224,36.52144]],[[-121.94154,36.52155],[-121.94154,36.52155]],[[-121.94097,36.52155],[-121.94097,36.52155]],[[-121.93634,36.52144],[-121.93634,36.52144]],[[-121.93634,36.52133],[-121.93634,36.52133]],[[-121.93662,36.5211],[-121.93662,36.5211]],[[-121.94224,36.52099],[-121.94224,36.52099]],[[-121.93999,36.52088],[-121.93979,36.52088],[-121.93967,36.52043],[-121.93901,36.52007],[-121.93817,36.52022],[-121.93777,36.52054],[-121.93779,36.52076],[-121.9376,36.52076],[-121.93676,36.51997],[-121.93704,36.51986],[-121.93718,36.51997],[-121.93732,36.51975],[-121.93718,36.51952],[-121.93788,36.51907],[-121.93845,36.51896],[-121.93985,36.51907],[-121.94083,36.51964],[-121.94069,36.5202],[-121.93999,36.52088]],[[-121.93676,36.52099],[-121.93676,36.52099]],[[-121.94434,36.52076],[-121.94434,36.52076]],[[-121.94322,36.52076],[-121.94322,36.52076]],[[-121.95193,36.52054],[-121.95178,36.52054],[-121.95165,36.51986],[-121.95122,36.51964],[-121.95165,36.51907],[-121.95238,36.51896],[-121.95319,36.51961],[-121.95375,36.51968],[-121.95378,36.5193],[-121.95459,36.51896],[-121.95429,36.51817],[-121.95463,36.51806],[-121.95472,36.51749],[-121.95506,36.51715],[-121.95516,36.51674],[-121.956,36.51683],[-121.95682,36.51738],[-121.95661,36.51772],[-121.95696,36.51817],[-121.95642,36.51841],[-121.95614,36.51833],[-121.95572,36.5188],[-121.95544,36.5187],[-121.95516,36.51883],[-121.95473,36.51854],[-121.95486,36.51885],[-121.95448,36.5193],[-121.95459,36.51964],[-121.9542,36.51997],[-121.95298,36.51975],[-121.95249,36.51939],[-121.95221,36.51941],[-121.95183,36.51975],[-121.95237,36.52031],[-121.95193,36.52054]],[[-121.93676,36.51997],[-121.93676,36.51997]],[[-121.93704,36.51986],[-121.93704,36.51986]],[[-121.9369,36.51986],[-121.9369,36.51986]],[[-121.95122,36.51964],[-121.95122,36.51964]],[[-121.94083,36.51964],[-121.94083,36.51964]],[[-121.94069,36.51952],[-121.94069,36.51952]],[[-121.93718,36.51952],[-121.93718,36.51952]],[[-121.95221,36.51941],[-121.95221,36.51941]],[[-121.95136,36.51941],[-121.95136,36.51941]],[[-121.94041,36.51941],[-121.94041,36.51941]],[[-121.93732,36.51941],[-121.93732,36.51941]],[[-121.9515,36.5193],[-121.9515,36.5193]],[[-121.94027,36.5193],[-121.94027,36.5193]],[[-121.93746,36.5193],[-121.93746,36.5193]],[[-121.94013,36.51918],[-121.94013,36.51918]],[[-121.9376,36.51918],[-121.9376,36.51918]],[[-121.95165,36.51907],[-121.95165,36.51907]],[[-121.93985,36.51907],[-121.93985,36.51907]],[[-121.93788,36.51907],[-121.93788,36.51907]],[[-121.95179,36.51896],[-121.95179,36.51896]],[[-121.93915,36.51896],[-121.93915,36.51896]],[[-121.93831,36.51896],[-121.93831,36.51896]],[[-121.95277,36.51823],[-121.95299,36.51806],[-121.95291,36.51783],[-121.95305,36.51761],[-121.95352,36.51738],[-121.95338,36.51727],[-121.95305,36.51718],[-121.95263,36.51735],[-121.95249,36.51724],[-121.95218,36.51749],[-121.95235,36.518],[-121.95277,36.51823]],[[-121.95614,36.51779],[-121.95623,36.51749],[-121.95586,36.51719],[-121.95562,36.51727],[-121.95561,36.51749],[-121.95614,36.51779]],[[-121.9501,36.51715],[-121.94968,36.51693],[-121.94996,36.51659],[-121.94996,36.51635],[-121.95052,36.51638],[-121.95122,36.51578],[-121.95187,36.51648],[-121.9515,36.51664],[-121.95094,36.51636],[-121.95062,36.51693],[-121.9501,36.51715]],[[-121.94968,36.51693],[-121.94968,36.51693]],[[-121.94982,36.5167],[-121.94982,36.5167]],[[-121.94968,36.51614],[-121.94979,36.51614],[-121.94976,36.5158],[-121.95026,36.51524],[-121.94982,36.51485],[-121.9494,36.51513],[-121.94926,36.51502],[-121.949,36.51467],[-121.94917,36.51422],[-121.94898,36.51382],[-121.94842,36.51409],[-121.94701,36.51267],[-121.94631,36.51266],[-121.94533,36.51221],[-121.94476,36.51219],[-121.94325,36.51095],[-121.94306,36.51027],[-121.94318,36.50993],[-121.94296,36.50925],[-121.943,36.50846],[-121.94378,36.50783],[-121.94462,36.50793],[-121.9449,36.50779],[-121.94506,36.507],[-121.9446,36.50609],[-121.94469,36.50587],[-121.94406,36.50568],[-121.9435,36.50589],[-121.94266,36.50573],[-121.94196,36.50624],[-121.94041,36.50629],[-121.93989,36.50576],[-121.93974,36.50474],[-121.93928,36.5044],[-121.93943,36.50361],[-121.939,36.50384],[-121.93901,36.50418],[-121.93845,36.5044],[-121.93817,36.50463],[-121.93816,36.50485],[-121.93872,36.50553],[-121.93915,36.50564],[-121.93915,36.50587],[-121.93873,36.50621],[-121.93901,36.50666],[-121.93943,36.507],[-121.93999,36.50688],[-121.94042,36.507],[-121.94055,36.50677],[-121.94111,36.50666],[-121.94125,36.50678],[-121.94182,36.50643],[-121.94238,36.50688],[-121.94238,36.50722],[-121.94266,36.50745],[-121.94252,36.50767],[-121.94224,36.50756],[-121.94213,36.50801],[-121.94267,36.50813],[-121.94266,36.50844],[-121.94228,36.50835],[-121.94168,36.5079],[-121.94069,36.50801],[-121.94125,36.50846],[-121.94154,36.50835],[-121.94182,36.50869],[-121.94224,36.50858],[-121.94266,36.50903],[-121.94238,36.50925],[-121.94209,36.50914],[-121.94224,36.50948],[-121.94266,36.50971],[-121.94252,36.50993],[-121.94196,36.51004],[-121.94168,36.51038],[-121.94196,36.51072],[-121.94168,36.51094],[-121.94168,36.51118],[-121.94252,36.5114],[-121.9421,36.51185],[-121.94308,36.51174],[-121.94364,36.51185],[-121.94462,36.51253],[-121.94434,36.51275],[-121.94406,36.51253],[-121.94378,36.51252],[-121.94378,36.51298],[-121.9442,36.5132],[-121.94505,36.51275],[-121.94533,36.51275],[-121.94561,36.51298],[-121.94561,36.51321],[-121.94659,36.5132],[-121.94687,36.51354],[-121.94729,36.51343],[-121.94757,36.51389],[-121.94771,36.51377],[-121.94799,36.51399],[-121.94799,36.51445],[-121.94828,36.51512],[-121.94884,36.51569],[-121.94926,36.51546],[-121.94954,36.51569],[-121.94954,36.51603],[-121.94968,36.51614]],[[-121.95642,36.51604],[-121.95622,36.51557],[-121.95583,36.51546],[-121.95642,36.51604]],[[-121.94954,36.51603],[-121.94954,36.51603]],[[-121.94884,36.51569],[-121.94884,36.51569]],[[-121.9494,36.51557],[-121.9494,36.51557]],[[-121.9487,36.51546],[-121.9487,36.51546]],[[-121.94856,36.51535],[-121.94856,36.51535]],[[-121.94842,36.51524],[-121.94842,36.51524]],[[-121.94828,36.51512],[-121.94828,36.51512]],[[-121.94813,36.5149],[-121.94813,36.5149]],[[-121.94799,36.51445],[-121.94799,36.51445]],[[-121.94785,36.51388],[-121.94785,36.51388]],[[-121.94743,36.51377],[-121.94743,36.51377]],[[-121.94687,36.51354],[-121.94687,36.51354]],[[-121.94673,36.51343],[-121.94673,36.51343]],[[-121.9442,36.5132],[-121.9442,36.5132]],[[-121.94392,36.51309],[-121.94392,36.51309]],[[-121.94378,36.51298],[-121.94378,36.51298]],[[-121.94547,36.51287],[-121.94547,36.51287]],[[-121.94448,36.51264],[-121.94448,36.51264]],[[-121.94448,36.51241],[-121.94448,36.51241]],[[-121.9442,36.5123],[-121.9442,36.5123]],[[-121.94406,36.51219],[-121.94406,36.51219]],[[-121.94392,36.51208],[-121.94392,36.51208]],[[-121.94378,36.51196],[-121.94378,36.51196]],[[-121.94322,36.51185],[-121.94322,36.51185]],[[-121.9421,36.51185],[-121.9421,36.51185]],[[-121.94168,36.51038],[-121.94168,36.51038]],[[-121.94182,36.51027],[-121.94182,36.51027]],[[-121.94196,36.51004],[-121.94196,36.51004]],[[-121.94224,36.50948],[-121.94224,36.50948]],[[-121.9421,36.50925],[-121.9421,36.50925]],[[-121.94252,36.50914],[-121.94252,36.50914]],[[-121.94252,36.50892],[-121.94252,36.50892]],[[-121.94238,36.5088],[-121.94238,36.5088]],[[-121.94182,36.50869],[-121.94182,36.50869]],[[-121.94168,36.50858],[-121.94168,36.50858]],[[-121.94083,36.50824],[-121.94083,36.50824]],[[-121.94069,36.50813],[-121.94069,36.50813]],[[-121.94069,36.50801],[-121.94069,36.50801]],[[-121.94154,36.5079],[-121.94154,36.5079]],[[-121.94083,36.5079],[-121.94083,36.5079]],[[-121.94125,36.50768],[-121.94125,36.50768]],[[-121.94125,36.50767],[-121.94125,36.50767]],[[-121.9435,36.50756],[-121.9442,36.507],[-121.94378,36.50632],[-121.94322,36.50621],[-121.94294,36.50598],[-121.9428,36.50609],[-121.9428,36.50711],[-121.9435,36.50756]],[[-121.94224,36.50756],[-121.94224,36.50756]],[[-121.94364,36.50745],[-121.94364,36.50745]],[[-121.94336,36.50745],[-121.94336,36.50745]],[[-121.94252,36.50734],[-121.94252,36.50734]],[[-121.94392,36.50734],[-121.94392,36.50734]],[[-121.94308,36.50734],[-121.94308,36.50734]],[[-121.94238,36.50722],[-121.94238,36.50722]],[[-121.94294,36.50722],[-121.94294,36.50722]],[[-121.94168,36.50711],[-121.94139,36.507],[-121.94168,36.507],[-121.94168,36.50711]],[[-121.94406,36.50711],[-121.94406,36.50711]],[[-121.94027,36.507],[-121.94027,36.507]],[[-121.93943,36.507],[-121.93943,36.507]],[[-121.94168,36.507],[-121.94168,36.507]],[[-121.94139,36.507],[-121.94139,36.507]],[[-121.93929,36.50688],[-121.93929,36.50688]],[[-121.94224,36.50677],[-121.94224,36.50677]],[[-121.93915,36.50677],[-121.93915,36.50677]],[[-121.9421,36.50666],[-121.9421,36.50666]],[[-121.93901,36.50666],[-121.93901,36.50666]],[[-121.94196,36.50655],[-121.94196,36.50655]],[[-121.93887,36.50643],[-121.93887,36.50643]],[[-121.93873,36.50632],[-121.93873,36.50632]],[[-121.93873,36.50621],[-121.93873,36.50621]],[[-121.93887,36.50609],[-121.93887,36.50609]],[[-121.93901,36.50598],[-121.93901,36.50598]],[[-121.93859,36.50542],[-121.93859,36.50542]],[[-121.93845,36.50519],[-121.93845,36.50519]],[[-121.93831,36.50508],[-121.93831,36.50508]],[[-121.93817,36.50497],[-121.93817,36.50497]],[[-121.93817,36.50463],[-121.93817,36.50463]],[[-121.93831,36.50451],[-121.93831,36.50451]],[[-121.93845,36.5044],[-121.93845,36.5044]],[[-121.93873,36.50429],[-121.93873,36.50429]],[[-121.93929,36.50372],[-121.93929,36.50372]],[[-121.93957,36.5035],[-121.93943,36.50361],[-121.93943,36.50339],[-121.93915,36.50316],[-121.93901,36.50327],[-121.93887,36.50316],[-121.93901,36.50282],[-121.93873,36.50219],[-121.93929,36.5027],[-121.93993,36.50293],[-121.93957,36.5035]],[[-121.93887,36.50316],[-121.93887,36.50316]],[[-121.93887,36.502],[-121.93943,36.50181],[-121.93943,36.50158],[-121.93859,36.50147],[-121.93859,36.50181],[-121.93887,36.502]],[[-121.93859,36.50181],[-121.93859,36.50181]],[[-121.94041,36.50161],[-121.94083,36.5015],[-121.94163,36.50079],[-121.94097,36.50014],[-121.94055,36.50024],[-121.94055,36.50079],[-121.94027,36.50102],[-121.94027,36.50158],[-121.94041,36.50161]],[[-121.93915,36.50147],[-121.93915,36.50147]],[[-121.93859,36.50147],[-121.93859,36.50147]],[[-121.94027,36.50102],[-121.94027,36.50102]],[[-121.94041,36.5009],[-121.94041,36.5009]],[[-121.93957,36.49966],[-121.93964,36.49955],[-121.93901,36.49919],[-121.93901,36.49944],[-121.93929,36.49944],[-121.93957,36.49966]],[[-121.93943,36.49955],[-121.93943,36.49955]],[[-121.93901,36.49944],[-121.93901,36.49944]],[[-121.94575,36.49097],[-121.94476,36.49154],[-121.94476,36.49176],[-121.9453,36.49233],[-121.94476,36.49266],[-121.94476,36.49312],[-121.94434,36.49335],[-121.94392,36.493],[-121.94336,36.493],[-121.94308,36.49357],[-121.94294,36.49323],[-121.94266,36.49346],[-121.94237,36.49334],[-121.94196,36.49402],[-121.94111,36.49458],[-121.94111,36.49515],[-121.94083,36.49537],[-121.94055,36.49537],[-121.93999,36.49504],[-121.93985,36.49514],[-121.94013,36.49549],[-121.94027,36.49628],[-121.93985,36.49662],[-121.93915,36.49684],[-121.93915,36.49729],[-121.93901,36.49741],[-121.93774,36.49752],[-121.93718,36.49774],[-121.93662,36.49831],[-121.93662,36.49865],[-121.93718,36.49887],[-121.93746,36.49922],[-121.9376,36.49922],[-121.93788,36.49876],[-121.93873,36.49902],[-121.93861,36.49865],[-121.93873,36.49832],[-121.93986,36.49774],[-121.94021,36.49707],[-121.94069,36.4966],[-121.94154,36.49633],[-121.94252,36.49655],[-121.9428,36.49644],[-121.94296,36.49549],[-121.94336,36.4947],[-121.94392,36.49426],[-121.94505,36.49388],[-121.9454,36.49357],[-121.94558,36.49199],[-121.94612,36.49097]],[[-121.93859,36.49899],[-121.93859,36.49899]],[[-121.93831,36.49887],[-121.93831,36.49887]],[[-121.93662,36.49831],[-121.93662,36.49831]],[[-121.93676,36.49808],[-121.93676,36.49808]],[[-121.9369,36.49797],[-121.9369,36.49797]],[[-121.93704,36.49786],[-121.93704,36.49786]],[[-121.93718,36.49774],[-121.93718,36.49774]],[[-121.93746,36.49763],[-121.93746,36.49763]],[[-121.93774,36.49752],[-121.93774,36.49752]],[[-121.93845,36.49741],[-121.93845,36.49741]],[[-121.93915,36.49684],[-121.93915,36.49684]],[[-121.93929,36.49673],[-121.93929,36.49673]],[[-121.93971,36.49662],[-121.93971,36.49662]],[[-121.93999,36.4965],[-121.93999,36.4965]],[[-121.94013,36.49639],[-121.94013,36.49639]],[[-121.94097,36.49526],[-121.94097,36.49526]],[[-121.94041,36.49526],[-121.94041,36.49526]],[[-121.94027,36.49515],[-121.94027,36.49515]],[[-121.93999,36.49504],[-121.93999,36.49504]],[[-121.94111,36.49458],[-121.94111,36.49458]],[[-121.94125,36.49447],[-121.94125,36.49447]],[[-121.94154,36.49436],[-121.94154,36.49436]],[[-121.94168,36.49425],[-121.94168,36.49425]],[[-121.94182,36.49413],[-121.94182,36.49413]],[[-121.94196,36.49391],[-121.94196,36.49391]],[[-121.94519,36.49379],[-121.94519,36.49379]],[[-121.94533,36.49368],[-121.94533,36.49368]],[[-121.9421,36.49368],[-121.9421,36.49368]],[[-121.94252,36.49334],[-121.94252,36.49334]],[[-121.94462,36.49323],[-121.94462,36.49323]],[[-121.94294,36.49323],[-121.94294,36.49323]],[[-121.9428,36.49323],[-121.9428,36.49323]],[[-121.94406,36.49312],[-121.94406,36.49312]],[[-121.94322,36.49312],[-121.94322,36.49312]],[[-121.94392,36.493],[-121.94392,36.493]],[[-121.94336,36.493],[-121.94336,36.493]],[[-121.94476,36.49154],[-121.94476,36.49154]],[[-121.94491,36.49142],[-121.94491,36.49142]],[[-121.94519,36.49131],[-121.94519,36.49131]],[[-121.94547,36.4912],[-121.94547,36.4912]],[[-121.94561,36.49109],[-121.94561,36.49109]]]},"properties":{"depth_m":6}},{"type":"Feature","geometry":{"type":"MultiLineString","coordinates":[[[-121.93571,36.54503],[-121.93595,36.54469],[-121.93581,36.54446],[-121.93628,36.54424],[-121.9364,36.54379],[-121.9355,36.54342],[-121.93536,36.54266],[-121.93569,36.54232],[-121.93567,36.54209],[-121.9348,36.54153],[-121.935,36.5413],[-121.93464,36.54074],[-121.9347,36.54029],[-121.93339,36.53923],[-121.93339,36.53871],[-121.93367,36.53814],[-121.93339,36.53791],[-121.93283,36.5378],[-121.93143,36.53825],[-121.93033,36.53713],[-121.93004,36.53645],[-121.93002,36.53532],[-121.92974,36.5346],[-121.92945,36.53397],[-121.92876,36.53343],[-121.92866,36.53307],[-121.92832,36.53273],[-121.92833,36.5316],[-121.92763,36.53103],[-121.92707,36.53103],[-121.92675,36.53081],[-121.92668,36.53036],[-121.92694,36.53002],[-121.92694,36.52934],[-121.92688,36.529],[-121.92637,36.52828]],[[-121.93171,36.54503],[-121.93213,36.54469],[-121.93297,36.54446],[-121.93367,36.5448],[-121.93381,36.54469],[-121.93367,36.54446],[-121.93339,36.54458],[-121.93381,36.54379],[-121.93381,36.54345],[-121.93325,36.543],[-121.9331,36.54164],[-121.93325,36.54096],[-121.93283,36.54051],[-121.93297,36.53995],[-121.93255,36.53972],[-121.93269,36.53938],[-121.93255,36.53927],[-121.93185,36.53927],[-121.93129,36.5395],[-121.93044,36.53938],[-121.92904,36.5378],[-121.92862,36.53701],[-121.92862,36.53622],[-121.92848,36.53611],[-121.9282,36.53386],[-121.92777,36.53329],[-121.92693,36.53273],[-121.92679,36.53228],[-121.92693,36.53149],[-121.92637,36.53103]],[[-121.93185,36.54491],[-121.93185,36.54491]],[[-121.93199,36.5448],[-121.93199,36.5448]],[[-121.93353,36.54469],[-121.93353,36.54469]],[[-121.93213,36.54469],[-121.93213,36.54469]],[[-121.93241,36.54458],[-121.93241,36.54458]],[[-121.93311,36.54446],[-121.93311,36.54446]],[[-121.93297,36.54446],[-121.93297,36.54446]],[[-121.93353,36.54412],[-121.93353,36.54412]],[[-121.93367,36.5439],[-121.93367,36.5439]],[[-121.93311,36.54153],[-121.93311,36.54153]],[[-121.93283,36.54029],[-121.93283,36.54029]],[[-121.93255,36.5395],[-121.93255,36.5395]],[[-121.92679,36.53194],[-121.92679,36.53194]],[[-121.92637,36.52645],[-121.92654,36.52607],[-121.92762,36.52483],[-121.92895,36.52392],[-121.92932,36.52386],[-121.9303,36.52424],[-121.93213,36.52402],[-121.93325,36.52416],[-121.93381,36.52441],[-121.93451,36.52442],[-121.93494,36.52415],[-121.93499,36.5237],[-121.93522,36.52354],[-121.93592,36.52364],[-121.93662,36.52412],[-121.93718,36.52403],[-121.93764,36.52347],[-121.93746,36.52325],[-121.93778,36.52291],[-121.93746,36.52279],[-121.9376,36.52313],[-121.93746,36.52325],[-121.93732,36.52313],[-121.93718,36.52347],[-121.93662,36.52359],[-121.93634,36.52336],[-121.93606,36.52347],[-121.93578,36.52302],[-121.93508,36.52246],[-121.93409,36.52234],[-121.93353,36.52291],[-121.93353,36.52313],[-121.93381,36.52336],[-121.93367,36.52347],[-121.93241,36.52336],[-121.93185,36.5237],[-121.93157,36.52347],[-121.9303,36.5237],[-121.9296,36.52325],[-121.9296,36.52291],[-121.92946,36.5228],[-121.92848,36.52268],[-121.92749,36.52313],[-121.92637,36.52426]],[[-121.94701,36.52431],[-121.94713,36.52404],[-121.94695,36.5237],[-121.94715,36.52345],[-121.94617,36.52291],[-121.94589,36.52291],[-121.94547,36.52234],[-121.94505,36.52234],[-121.94434,36.52189],[-121.9442,36.52167],[-121.94463,36.52144],[-121.94476,36.5211],[-121.94448,36.52076],[-121.94406,36.52099],[-121.94364,36.52076],[-121.94308,36.52088],[-121.94251,36.52076],[-121.94224,36.52099],[-121.94224,36.52144],[-121.94238,36.5216],[-121.94322,36.52123],[-121.94406,36.5213],[-121.94432,36.52246],[-121.94519,36.52269],[-121.94658,36.52336],[-121.94672,36.52347],[-121.94668,36.5237],[-121.94641,36.5237],[-121.94643,36.52381],[-121.94701,36.52431]],[[-121.92651,36.52415],[-121.92651,36.52415]],[[-121.9487,36.52395],[-121.94896,36.52359],[-121.94856,36.52367],[-121.9483,36.52392],[-121.9487,36.52395]],[[-121.92665,36.52392],[-121.92665,36.52392]],[[-121.95389,36.52373],[-121.95403,36.52359],[-121.95366,36.52359],[-121.95389,36.52373]],[[-121.95347,36.52372],[-121.95353,36.52347],[-121.95319,36.52313],[-121.95305,36.52325],[-121.95333,36.52347],[-121.95333,36.52374],[-121.95347,36.52372]],[[-121.92679,36.52381],[-121.92679,36.52381]],[[-121.95235,36.52364],[-121.95235,36.52342],[-121.95195,36.52336],[-121.95235,36.52364]],[[-121.92693,36.5237],[-121.92693,36.5237]],[[-121.95221,36.52359],[-121.95221,36.52359]],[[-121.93199,36.52359],[-121.93199,36.52359]],[[-121.93072,36.52359],[-121.93072,36.52359]],[[-121.95459,36.52337],[-121.95459,36.52337]],[[-121.95319,36.52336],[-121.95319,36.52336]],[[-121.93676,36.52347],[-121.93676,36.52347]],[[-121.93213,36.52347],[-121.93213,36.52347]],[[-121.93114,36.52347],[-121.93114,36.52347]],[[-121.92707,36.52347],[-121.92707,36.52347]],[[-121.95305,36.52325],[-121.95305,36.52325]],[[-121.94083,36.52329],[-121.94217,36.52178],[-121.94182,36.52155],[-121.94125,36.52167],[-121.94097,36.52155],[-121.94125,36.52201],[-121.94111,36.52223],[-121.94097,36.52201],[-121.94111,36.52189],[-121.94097,36.52201],[-121.94069,36.52189],[-121.94055,36.52155],[-121.93991,36.52122],[-121.93999,36.52172],[-121.9403,36.52212],[-121.94023,36.52246],[-121.94049,36.52302],[-121.94083,36.52329]],[[-121.93634,36.52336],[-121.93634,36.52336]],[[-121.93367,36.52325],[-121.93367,36.52325]],[[-121.93241,36.52336],[-121.93241,36.52336]],[[-121.92721,36.52336],[-121.92721,36.52336]],[[-121.95165,36.52315],[-121.95166,36.52302],[-121.951,36.52257],[-121.95094,36.52234],[-121.94968,36.52122],[-121.9494,36.52132],[-121.94964,36.52223],[-121.94954,36.52268],[-121.94926,36.52291],[-121.94846,36.52234],[-121.94828,36.52245],[-121.94884,36.52313],[-121.94954,36.52281],[-121.94996,36.52232],[-121.95024,36.52223],[-121.95122,36.52307],[-121.95165,36.52315]],[[-121.93353,36.52313],[-121.93353,36.52313]],[[-121.92735,36.52325],[-121.92735,36.52325]],[[-121.95431,36.52308],[-121.95522,36.52291],[-121.9551,36.52268],[-121.95465,36.52257],[-121.95482,36.52201],[-121.95417,36.52129],[-121.95398,36.52133],[-121.95393,36.52155],[-121.95417,36.52167],[-121.95459,36.52246],[-121.95431,36.5228],[-121.95361,36.52246],[-121.95346,36.52268],[-121.95431,36.52308]],[[-121.95403,36.52302],[-121.95403,36.52302]],[[-121.95319,36.52313],[-121.95319,36.52313]],[[-121.93732,36.52313],[-121.93746,36.52302],[-121.93732,36.52313]],[[-121.92749,36.52313],[-121.92749,36.52313]],[[-121.92777,36.52302],[-121.92777,36.52302]],[[-121.95361,36.5228],[-121.95361,36.5228]],[[-121.93353,36.52291],[-121.93353,36.52291]],[[-121.92792,36.52291],[-121.92792,36.52291]],[[-121.9494,36.5228],[-121.9494,36.5228]],[[-121.9282,36.5228],[-121.9282,36.5228]],[[-121.93367,36.52268],[-121.93367,36.52268]],[[-121.92848,36.52268],[-121.92848,36.52268]],[[-121.95445,36.52257],[-121.95445,36.52257]],[[-121.95066,36.52257],[-121.95066,36.52257]],[[-121.93381,36.52257],[-121.93381,36.52257]],[[-121.95445,36.52234],[-121.95445,36.52234]],[[-121.95052,36.52246],[-121.95052,36.52246]],[[-121.9376,36.52234],[-121.9376,36.52207],[-121.93746,36.52223],[-121.9376,36.52234]],[[-121.93395,36.52246],[-121.93395,36.52246]],[[-121.93746,36.52223],[-121.93746,36.52223]],[[-121.93409,36.52234],[-121.93409,36.52234]],[[-121.95431,36.52201],[-121.95431,36.52201]],[[-121.93746,36.52212],[-121.93746,36.52212]],[[-121.95417,36.52178],[-121.95417,36.52178]],[[-121.93718,36.52178],[-121.93746,36.52147],[-121.93788,36.52133],[-121.93788,36.5211],[-121.93774,36.5211],[-121.9376,36.52144],[-121.93718,36.52133],[-121.93691,36.52099],[-121.93634,36.52133],[-121.93662,36.52179],[-121.93676,36.52167],[-121.93718,36.52178]],[[-121.9369,36.52178],[-121.9369,36.52178]],[[-121.94097,36.52167],[-121.94097,36.52167]],[[-121.93648,36.52167],[-121.93648,36.52167]],[[-121.9494,36.52155],[-121.9494,36.52155]],[[-121.94224,36.52144],[-121.94224,36.52144]],[[-121.94154,36.52155],[-121.94154,36.52155]],[[-121.94097,36.52155],[-121.94097,36.52155]],[[-121.93634,36.52144],[-121.93634,36.52144]],[[-121.93634,36.52133],[-121.93634,36.52133]],[[-121.93985,36.52113],[-121.93999,36.52076],[-121.94069,36.5202],[-121.94083,36.51964],[-121.93985,36.51907],[-121.93831,36.51896],[-121.93788,36.51907],[-121.93718,36.51952],[-121.93732,36.51986],[-121.93718,36.51997],[-121.9369,36.51986],[-121.93676,36.51997],[-121.9376,36.52065],[-121.93774,36.52095],[-121.93802,36.52074],[-121.93831,36.52077],[-121.93859,36.5205],[-121.93887,36.52072],[-121.93943,36.52061],[-121.93985,36.52113]],[[-121.93774,36.5211],[-121.93774,36.5211]],[[-121.94224,36.52099],[-121.94224,36.52099]],[[-121.93676,36.52099],[-121.93676,36.52099]],[[-121.9376,36.52076],[-121.9376,36.52076]],[[-121.94434,36.52076],[-121.94434,36.52076]],[[-121.94322,36.52076],[-121.94322,36.52076]],[[-121.95193,36.52054],[-121.95178,36.52054],[-121.95165,36.51986],[-121.95122,36.51964],[-121.95136,36.51941],[-121.95179,36.51896],[-121.9524,36.51896],[-121.95283,36.51918],[-121.95305,36.51952],[-121.95375,36.51966],[-121.95376,36.5193],[-121.95405,36.51907],[-121.95459,36.51896],[-121.95417,36.51794],[-121.95375,36.51755],[-121.95431,36.51789],[-121.95454,36.51783],[-121.9546,36.51738],[-121.95503,36.5167],[-121.95628,36.51687],[-121.95686,36.51738],[-121.95691,36.51749],[-121.95662,36.51772],[-121.95698,36.51824],[-121.95656,36.51848],[-121.956,36.51847],[-121.95577,36.51896],[-121.95544,36.51881],[-121.95507,36.51896],[-121.95502,36.51916],[-121.95472,36.5193],[-121.95474,36.51964],[-121.95443,36.51997],[-121.95389,36.52003],[-121.95235,36.51957],[-121.95193,36.51986],[-121.95245,36.52031],[-121.95242,36.52043],[-121.95193,36.52054]],[[-121.93746,36.52054],[-121.93746,36.52054]],[[-121.93718,36.52043],[-121.93718,36.52043]],[[-121.93704,36.52031],[-121.93704,36.52031]],[[-121.9369,36.5202],[-121.9369,36.5202]],[[-121.93676,36.52009],[-121.93676,36.52009]],[[-121.95193,36.51986],[-121.95193,36.51986]],[[-121.93676,36.51997],[-121.93676,36.51997]],[[-121.9369,36.51986],[-121.9369,36.51986]],[[-121.93718,36.51964],[-121.93718,36.51964]],[[-121.95122,36.51964],[-121.95122,36.51964]],[[-121.93718,36.51952],[-121.93718,36.51952]],[[-121.95136,36.51941],[-121.95136,36.51941]],[[-121.93732,36.51941],[-121.93732,36.51941]],[[-121.9515,36.5193],[-121.9515,36.5193]],[[-121.93746,36.5193],[-121.93746,36.5193]],[[-121.9376,36.51918],[-121.9376,36.51918]],[[-121.95165,36.51907],[-121.95165,36.51907]],[[-121.93788,36.51907],[-121.93788,36.51907]],[[-121.95179,36.51896],[-121.95179,36.51896]],[[-121.93831,36.51896],[-121.93831,36.51896]],[[-121.95277,36.51824],[-121.953,36.51806],[-121.95291,36.51783],[-121.95305,36.51761],[-121.95359,36.51738],[-121.95319,36.51714],[-121.95235,36.51719],[-121.95216,36.51749],[-121.95235,36.51801],[-121.95277,36.51824]],[[-121.95614,36.51778],[-121.95622,36.51749],[-121.95586,36.5172],[-121.95563,36.51727],[-121.95563,36.51749],[-121.95614,36.51778]],[[-121.95361,36.51749],[-121.95361,36.51749]],[[-121.9501,36.51715],[-121.94968,36.51693],[-121.94996,36.51659],[-121.94996,36.51636],[-121.94954,36.51603],[-121.94954,36.51569],[-121.94912,36.51546],[-121.94884,36.51569],[-121.94813,36.5149],[-121.94799,36.51399],[-121.94771,36.51377],[-121.94757,36.51389],[-121.94729,36.51343],[-121.94687,36.51354],[-121.94659,36.5132],[-121.94561,36.51321],[-121.94561,36.51298],[-121.94533,36.51275],[-121.94505,36.51275],[-121.9442,36.5132],[-121.94378,36.51298],[-121.94378,36.51252],[-121.94406,36.51253],[-121.94434,36.51275],[-121.94462,36.51253],[-121.94364,36.51185],[-121.94294,36.51174],[-121.9421,36.51185],[-121.94252,36.5114],[-121.94168,36.51118],[-121.94168,36.51094],[-121.94196,36.51061],[-121.94168,36.51038],[-121.94196,36.51004],[-121.94252,36.50993],[-121.94266,36.50971],[-121.94224,36.50949],[-121.94209,36.50914],[-121.94238,36.50925],[-121.94266,36.50903],[-121.94224,36.50858],[-121.94182,36.50869],[-121.94154,36.50835],[-121.94125,36.50846],[-121.94069,36.50801],[-121.94097,36.5079],[-121.9421,36.50801],[-121.94224,36.5079],[-121.94224,36.50756],[-121.94252,36.50767],[-121.94266,36.50745],[-121.94238,36.50722],[-121.94238,36.50688],[-121.94182,36.50643],[-121.94125,36.50678],[-121.94111,36.50666],[-121.94055,36.50677],[-121.94042,36.507],[-121.93985,36.50688],[-121.93943,36.507],[-121.93873,36.50632],[-121.93915,36.50587],[-121.93915,36.50564],[-121.93859,36.50542],[-121.93817,36.50497],[-121.93817,36.50463],[-121.93901,36.50418],[-121.939,36.50384],[-121.93943,36.50361],[-121.93943,36.50339],[-121.93915,36.50316],[-121.93901,36.50327],[-121.93887,36.50317],[-121.93901,36.50282],[-121.93873,36.50237],[-121.93859,36.50146],[-121.93943,36.50158],[-121.93943,36.50187],[-121.93909,36.50192],[-121.93894,36.50214],[-121.93929,36.50263],[-121.93997,36.50293],[-121.93933,36.50418],[-121.9399,36.50474],[-121.94011,36.50576],[-121.94041,36.50613],[-121.94196,36.50616],[-121.94266,36.50567],[-121.9435,36.50585],[-121.94406,36.50565],[-121.94487,36.50587],[-121.94478,36.50621],[-121.94509,36.507],[-121.94503,36.50767],[-121.94462,36.50795],[-121.94378,36.50787],[-121.943,36.50858],[-121.94301,36.50925],[-121.94342,36.51095],[-121.94476,36.51212],[-121.94547,36.51207],[-121.94673,36.5126],[-121.94715,36.51261],[-121.94749,36.5132],[-121.94842,36.51402],[-121.94898,36.51374],[-121.94919,36.51411],[-121.94912,36.51474],[-121.9494,36.51496],[-121.94982,36.51476],[-121.95037,36.51524],[-121.94987,36.5158],[-121.94996,36.51607],[-121.95066,36.51618],[-121.95122,36.51575],[-121.95192,36.51648],[-121.9515,36.51665],[-121.95094,36.51636],[-121.95064,36.51693],[-121.9501,36.51715]],[[-121.95824,36.51695],[-121.9581,36.51693],[-121.95824,36.51695]],[[-121.94968,36.51693],[-121.94968,36.51693]],[[-121.94982,36.5167],[-121.94982,36.5167]],[[-121.95642,36.51611],[-121.95649,36.51591],[-121.95629,36.51557],[-121.956,36.51538],[-121.95575,36.51546],[-121.95642,36.51611]],[[-121.94448,36.51264],[-121.94448,36.51264]],[[-121.9442,36.51264],[-121.9442,36.51264]],[[-121.94406,36.51253],[-121.94406,36.51253]],[[-121.94168,36.51038],[-121.94168,36.51038]],[[-121.94182,36.51027],[-121.94182,36.51027]],[[-121.94196,36.51004],[-121.94196,36.51004]],[[-121.94252,36.50914],[-121.94252,36.50914]],[[-121.94224,36.50914],[-121.94224,36.50914]],[[-121.94266,36.50839],[-121.94266,36.50816],[-121.9423,36.50813],[-121.9424,36.50835],[-121.94266,36.50839]],[[-121.94069,36.50801],[-121.94069,36.50801]],[[-121.94168,36.5079],[-121.94168,36.5079]],[[-121.94154,36.5079],[-121.94154,36.5079]],[[-121.94097,36.5079],[-121.94097,36.5079]],[[-121.94083,36.5079],[-121.94083,36.5079]],[[-121.94125,36.50768],[-121.94125,36.50768]],[[-121.94125,36.50767],[-121.94125,36.50767]],[[-121.9435,36.50756],[-121.9442,36.507],[-121.94378,36.50632],[-121.94322,36.50621],[-121.94294,36.50598],[-121.9428,36.50609],[-121.9428,36.50711],[-121.9435,36.50756]],[[-121.94238,36.50756],[-121.94238,36.50756]],[[-121.94224,36.50756],[-121.94224,36.50756]],[[-121.94364,36.50745],[-121.94364,36.50745]],[[-121.94336,36.50745],[-121.94336,36.50745]],[[-121.94392,36.50734],[-121.94392,36.50734]],[[-121.94308,36.50734],[-121.94308,36.50734]],[[-121.94294,36.50722],[-121.94294,36.50722]],[[-121.94168,36.50711],[-121.94139,36.507],[-121.94168,36.507],[-121.94168,36.50711]],[[-121.94406,36.50711],[-121.94406,36.50711]],[[-121.94168,36.507],[-121.94168,36.507]],[[-121.94139,36.507],[-121.94139,36.507]],[[-121.93873,36.50621],[-121.93873,36.50621]],[[-121.93887,36.50609],[-121.93887,36.50609]],[[-121.93901,36.50598],[-121.93901,36.50598]],[[-121.93817,36.50463],[-121.93817,36.50463]],[[-121.94083,36.50446],[-121.94083,36.50427],[-121.94069,36.50427],[-121.94069,36.50446],[-121.94083,36.50446]],[[-121.93831,36.50451],[-121.93831,36.50451]],[[-121.93845,36.5044],[-121.93845,36.5044]],[[-121.93873,36.50429],[-121.93873,36.50429]],[[-121.93929,36.50372],[-121.93929,36.50372]],[[-121.93887,36.50316],[-121.93887,36.50316]],[[-121.93901,36.50226],[-121.93901,36.50226]],[[-121.94083,36.50158],[-121.94154,36.501],[-121.94166,36.50068],[-121.94111,36.50017],[-121.94069,36.50009],[-121.94055,36.50016],[-121.94055,36.50079],[-121.94027,36.50102],[-121.94027,36.50163],[-121.94083,36.50158]],[[-121.93943,36.50158],[-121.93943,36.50158]],[[-121.93929,36.50147],[-121.93929,36.50147]],[[-121.93915,36.50147],[-121.93915,36.50147]],[[-121.93873,36.50147],[-121.93873,36.50147]],[[-121.94139,36.50113],[-121.94139,36.50113]],[[-121.94027,36.50102],[-121.94027,36.50102]],[[-121.94041,36.5009],[-121.94041,36.5009]],[[-121.93957,36.49966],[-121.93972,36.49955],[-121.93901,36.49915],[-121.93901,36.49944],[-121.93929,36.49944],[-121.93957,36.49966]],[[-121.93943,36.49955],[-121.93943,36.49955]],[[-121.93901,36.49944],[-121.93901,36.49944]],[[-121.94575,36.49097],[-121.94476,36.49154],[-121.94476,36.49176],[-121.94528,36.49233],[-121.94476,36.49266],[-121.94476,36.49312],[-121.94434,36.49334],[-121.94392,36.493],[-121.94336,36.493],[-121.94308,36.49357],[-121.94294,36.49322],[-121.94266,36.49346],[-121.94237,36.49334],[-121.94196,36.49402],[-121.94111,36.49458],[-121.94111,36.49515],[-121.94083,36.49537],[-121.94055,36.49537],[-121.93999,36.49504],[-121.93985,36.49514],[-121.94013,36.49549],[-121.94027,36.49628],[-121.93985,36.49662],[-121.93915,36.49684],[-121.93915,36.49729],[-121.93901,36.49741],[-121.93774,36.49752],[-121.93718,36.49774],[-121.93662,36.49831],[-121.93662,36.49865],[-121.93718,36.49887],[-121.93746,36.49922],[-121.9376,36.49922],[-121.93788,36.49876],[-121.93873,36.49905],[-121.93885,36.49899],[-121.93873,36.49849],[-121.93999,36.49776],[-121.94038,36.49707],[-121.94083,36.49665],[-121.94154,36.49643],[-121.94252,36.4966],[-121.9428,36.4965],[-121.9431,36.49549],[-121.94359,36.4947],[-121.94406,36.49433],[-121.94519,36.49386],[-121.94545,36.49357],[-121.94565,36.49199],[-121.94618,36.49097]],[[-121.93859,36.49899],[-121.93859,36.49899]],[[-121.93831,36.49887],[-121.93831,36.49887]],[[-121.93662,36.49831],[-121.93662,36.49831]],[[-121.93676,36.49808],[-121.93676,36.49808]],[[-121.93704,36.49786],[-121.93704,36.49786]],[[-121.93718,36.49774],[-121.93718,36.49774]],[[-121.93746,36.49763],[-121.93746,36.49763]],[[-121.93774,36.49752],[-121.93774,36.49752]],[[-121.93845,36.49741],[-121.93845,36.49741]],[[-121.93915,36.49684],[-121.93915,36.49684]],[[-121.93929,36.49673],[-121.93929,36.49673]],[[-121.93971,36.49662],[-121.93971,36.49662]],[[-121.93999,36.4965],[-121.93999,36.4965]],[[-121.94013,36.49639],[-121.94013,36.49639]],[[-121.94097,36.49526],[-121.94097,36.49526]],[[-121.94041,36.49526],[-121.94041,36.49526]],[[-121.94027,36.49515],[-121.94027,36.49515]],[[-121.93999,36.49504],[-121.93999,36.49504]],[[-121.94111,36.49458],[-121.94111,36.49458]],[[-121.94125,36.49447],[-121.94125,36.49447]],[[-121.94154,36.49436],[-121.94154,36.49436]],[[-121.94168,36.49425],[-121.94168,36.49425]],[[-121.94182,36.49413],[-121.94182,36.49413]],[[-121.94196,36.49391],[-121.94196,36.49391]],[[-121.9421,36.49368],[-121.9421,36.49368]],[[-121.94252,36.49334],[-121.94252,36.49334]],[[-121.94462,36.49323],[-121.94462,36.49323]],[[-121.9442,36.49323],[-121.9442,36.49323]],[[-121.9428,36.49323],[-121.9428,36.49323]],[[-121.94406,36.49312],[-121.94406,36.49312]],[[-121.94322,36.49312],[-121.94322,36.49312]],[[-121.94392,36.493],[-121.94392,36.493]],[[-121.94336,36.493],[-121.94336,36.493]],[[-121.94476,36.49154],[-121.94476,36.49154]],[[-121.94491,36.49142],[-121.94491,36.49142]],[[-121.94519,36.49131],[-121.94519,36.49131]],[[-121.94547,36.4912],[-121.94547,36.4912]],[[-121.94561,36.49109],[-121.94561,36.49109]]]},"properties":{"depth_m":7}},{"type":"Feature","geometry":{"type":"MultiLineString","coordinates":[[[-121.9359,36.54503],[-121.93607,36.5448],[-121.9359,36.54446],[-121.93634,36.54435],[-121.93653,36.5439],[-121.93593,36.54345],[-121.93622,36.54277],[-121.93571,36.54266],[-121.93602,36.54232],[-121.93503,36.54153],[-121.93508,36.54108],[-121.93473,36.54074],[-121.93476,36.54029],[-121.93402,36.53972],[-121.93409,36.53954],[-121.93446,36.53938],[-121.93353,36.53913],[-121.93353,36.53892],[-121.93416,36.53837],[-121.93341,36.5378],[-121.93297,36.53773],[-121.93213,36.5378],[-121.93157,36.53808],[-121.93058,36.5371],[-121.93026,36.53634],[-121.93002,36.53471],[-121.92926,36.53318],[-121.92854,36.53273],[-121.9286,36.53228],[-121.92837,36.53149],[-121.92763,36.53094],[-121.92707,36.53092],[-121.92684,36.5307],[-121.92706,36.53024],[-121.92708,36.52923],[-121.927,36.52889],[-121.92637,36.52819]],[[-121.93171,36.54503],[-121.93213,36.54469],[-121.93297,36.54446],[-121.93367,36.5448],[-121.93381,36.54469],[-121.93367,36.54446],[-121.93339,36.54458],[-121.93381,36.54379],[-121.93381,36.54345],[-121.93325,36.543],[-121.9331,36.54164],[-121.93325,36.54096],[-121.93283,36.54051],[-121.93297,36.53995],[-121.93255,36.53973],[-121.93269,36.53938],[-121.93255,36.53927],[-121.93185,36.53927],[-121.93129,36.5395],[-121.93044,36.53938],[-121.92904,36.5378],[-121.92862,36.53701],[-121.92862,36.53622],[-121.92848,36.53611],[-121.9282,36.53386],[-121.92777,36.53329],[-121.92693,36.53273],[-121.92679,36.53228],[-121.92693,36.53149],[-121.92637,36.53103]],[[-121.93185,36.54491],[-121.93185,36.54491]],[[-121.93199,36.5448],[-121.93199,36.5448]],[[-121.93353,36.54469],[-121.93353,36.54469]],[[-121.93213,36.54469],[-121.93213,36.54469]],[[-121.93241,36.54458],[-121.93241,36.54458]],[[-121.93311,36.54446],[-121.93311,36.54446]],[[-121.93297,36.54446],[-121.93297,36.54446]],[[-121.93353,36.54412],[-121.93353,36.54412]],[[-121.93367,36.5439],[-121.93367,36.5439]],[[-121.93311,36.54153],[-121.93311,36.54153]],[[-121.93283,36.54029],[-121.93283,36.54029]],[[-121.93255,36.5395],[-121.93255,36.5395]],[[-121.93213,36.5378],[-121.93213,36.5378]],[[-121.92679,36.53194],[-121.92679,36.53194]],[[-121.92707,36.53002],[-121.92707,36.53002]],[[-121.92637,36.52727],[-121.92679,36.52663],[-121.92679,36.52618],[-121.92761,36.52505],[-121.92834,36.52453],[-121.92918,36.52416],[-121.93129,36.52429],[-121.93213,36.52409],[-121.93311,36.52418],[-121.93395,36.52446],[-121.93466,36.52445],[-121.93496,36.52426],[-121.93508,36.52373],[-121.93536,36.52361],[-121.93592,36.52367],[-121.93661,36.52415],[-121.9369,36.52415],[-121.93746,36.52382],[-121.93766,36.52347],[-121.93746,36.52325],[-121.93782,36.52291],[-121.93746,36.52279],[-121.9376,36.52313],[-121.93746,36.52325],[-121.93732,36.52313],[-121.93718,36.52347],[-121.93662,36.52359],[-121.93634,36.52336],[-121.93606,36.52347],[-121.93578,36.52302],[-121.93509,36.52246],[-121.93409,36.52234],[-121.93353,36.52291],[-121.93353,36.52313],[-121.93381,36.52336],[-121.93367,36.52347],[-121.93241,36.52336],[-121.93185,36.5237],[-121.93157,36.52347],[-121.9303,36.5237],[-121.9296,36.52325],[-121.9296,36.52291],[-121.92946,36.5228],[-121.92848,36.52268],[-121.92749,36.52313],[-121.92637,36.52426]],[[-121.94715,36.5243],[-121.94708,36.52381],[-121.94744,36.5237],[-121.94707,36.52336],[-121.94589,36.52291],[-121.94547,36.52234],[-121.94505,36.52234],[-121.94434,36.52189],[-121.9442,36.52167],[-121.94463,36.52144],[-121.94476,36.5211],[-121.94448,36.52076],[-121.94406,36.52099],[-121.94364,36.52076],[-121.94308,36.52088],[-121.94251,36.52076],[-121.94224,36.52099],[-121.94238,36.52165],[-121.94322,36.52128],[-121.94392,36.52138],[-121.94412,36.52155],[-121.94429,36.52246],[-121.94653,36.52336],[-121.94667,36.52347],[-121.94617,36.52365],[-121.94617,36.52381],[-121.94687,36.52431],[-121.94715,36.5243]],[[-121.92651,36.52415],[-121.92651,36.52415]],[[-121.9487,36.52399],[-121.94898,36.52381],[-121.94899,36.52359],[-121.94856,36.52365],[-121.94828,36.52392],[-121.9487,36.52399]],[[-121.95333,36.52381],[-121.95361,36.52359],[-121.95389,36.52375],[-121.95403,36.52359],[-121.95361,36.52358],[-121.95333,36.52313],[-121.95319,36.52313],[-121.95305,36.52325],[-121.95333,36.52347],[-121.95333,36.52381]],[[-121.94828,36.52392],[-121.94828,36.52392]],[[-121.94617,36.52381],[-121.94617,36.52381]],[[-121.92665,36.52392],[-121.92665,36.52392]],[[-121.92679,36.52381],[-121.92679,36.52381]],[[-121.95235,36.52366],[-121.95235,36.5234],[-121.95207,36.52327],[-121.95185,36.52336],[-121.95235,36.52366]],[[-121.92693,36.5237],[-121.92693,36.5237]],[[-121.93199,36.52359],[-121.93199,36.52359]],[[-121.93072,36.52359],[-121.93072,36.52359]],[[-121.95473,36.52341],[-121.95445,36.52317],[-121.95473,36.52341]],[[-121.95319,36.52336],[-121.95319,36.52336]],[[-121.93676,36.52347],[-121.93676,36.52347]],[[-121.93213,36.52347],[-121.93213,36.52347]],[[-121.93114,36.52347],[-121.93114,36.52347]],[[-121.92707,36.52347],[-121.92707,36.52347]],[[-121.95305,36.52325],[-121.95305,36.52325]],[[-121.95179,36.52331],[-121.95172,36.52302],[-121.95102,36.52257],[-121.95094,36.52234],[-121.94968,36.52122],[-121.9494,36.52132],[-121.9496,36.52212],[-121.94954,36.52268],[-121.94926,36.52291],[-121.9485,36.52234],[-121.94828,36.52245],[-121.94884,36.52315],[-121.94954,36.52291],[-121.95024,36.52228],[-121.95122,36.5231],[-121.95179,36.52331]],[[-121.94083,36.52331],[-121.94222,36.52178],[-121.94182,36.52155],[-121.94125,36.52167],[-121.94097,36.52155],[-121.94125,36.52201],[-121.94111,36.52223],[-121.94097,36.52201],[-121.94111,36.52189],[-121.94097,36.52201],[-121.94069,36.52189],[-121.94055,36.52155],[-121.93985,36.5211],[-121.93999,36.52076],[-121.94069,36.5202],[-121.94083,36.51964],[-121.93985,36.51907],[-121.93831,36.51896],[-121.9376,36.51918],[-121.93718,36.51952],[-121.93732,36.51986],[-121.93718,36.51997],[-121.9369,36.51986],[-121.93676,36.51997],[-121.9376,36.52065],[-121.93774,36.52133],[-121.9376,36.52144],[-121.93718,36.52133],[-121.93676,36.52099],[-121.93634,36.52133],[-121.93662,36.52179],[-121.93676,36.52167],[-121.93745,36.52178],[-121.93751,36.52155],[-121.93817,36.52108],[-121.93915,36.52141],[-121.93914,36.52088],[-121.93929,36.52076],[-121.93977,36.52122],[-121.94016,36.52212],[-121.94012,36.52234],[-121.94047,36.52302],[-121.94083,36.52331]],[[-121.93634,36.52336],[-121.93634,36.52336]],[[-121.93367,36.52325],[-121.93367,36.52325]],[[-121.93241,36.52336],[-121.93241,36.52336]],[[-121.92721,36.52336],[-121.92721,36.52336]],[[-121.95431,36.52315],[-121.95534,36.52291],[-121.95516,36.52257],[-121.95474,36.52257],[-121.95496,36.52223],[-121.95461,36.52155],[-121.95403,36.52127],[-121.95389,36.52133],[-121.95389,36.52155],[-121.95417,36.52167],[-121.95459,36.52246],[-121.95431,36.5228],[-121.95361,36.52246],[-121.95346,36.52268],[-121.95431,36.52315]],[[-121.93353,36.52313],[-121.93353,36.52313]],[[-121.92735,36.52325],[-121.92735,36.52325]],[[-121.95403,36.52302],[-121.95403,36.52302]],[[-121.95319,36.52313],[-121.95319,36.52313]],[[-121.93732,36.52313],[-121.93746,36.52302],[-121.93732,36.52313]],[[-121.92749,36.52313],[-121.92749,36.52313]],[[-121.95389,36.52291],[-121.95389,36.52291]],[[-121.94041,36.52291],[-121.94041,36.52291]],[[-121.92777,36.52302],[-121.92777,36.52302]],[[-121.95361,36.5228],[-121.95361,36.5228]],[[-121.93353,36.52291],[-121.93353,36.52291]],[[-121.92792,36.52291],[-121.92792,36.52291]],[[-121.9494,36.5228],[-121.9494,36.5228]],[[-121.9282,36.5228],[-121.9282,36.5228]],[[-121.94982,36.52268],[-121.94982,36.52268]],[[-121.93367,36.52268],[-121.93367,36.52268]],[[-121.92848,36.52268],[-121.92848,36.52268]],[[-121.95445,36.52257],[-121.95445,36.52257]],[[-121.93381,36.52257],[-121.93381,36.52257]],[[-121.95445,36.52234],[-121.95445,36.52234]],[[-121.9376,36.52234],[-121.9376,36.52201],[-121.93746,36.52223],[-121.9376,36.52234]],[[-121.93395,36.52246],[-121.93395,36.52246]],[[-121.93746,36.52223],[-121.93746,36.52223]],[[-121.93409,36.52234],[-121.93409,36.52234]],[[-121.95431,36.52201],[-121.95431,36.52201]],[[-121.93746,36.52212],[-121.93746,36.52212]],[[-121.95417,36.52178],[-121.95417,36.52178]],[[-121.9369,36.52178],[-121.9369,36.52178]],[[-121.94097,36.52167],[-121.94097,36.52167]],[[-121.93648,36.52167],[-121.93648,36.52167]],[[-121.95389,36.52155],[-121.95389,36.52155]],[[-121.9494,36.52155],[-121.9494,36.52155]],[[-121.94224,36.52144],[-121.94224,36.52144]],[[-121.94154,36.52155],[-121.94154,36.52155]],[[-121.94097,36.52155],[-121.94097,36.52155]],[[-121.93634,36.52144],[-121.93634,36.52144]],[[-121.93774,36.52144],[-121.93774,36.52144]],[[-121.95389,36.52133],[-121.95389,36.52133]],[[-121.93634,36.52133],[-121.93634,36.52133]],[[-121.94224,36.52099],[-121.94224,36.52099]],[[-121.93676,36.52099],[-121.93676,36.52099]],[[-121.9376,36.52076],[-121.9376,36.52076]],[[-121.94434,36.52076],[-121.94434,36.52076]],[[-121.94322,36.52076],[-121.94322,36.52076]],[[-121.95193,36.52054],[-121.95178,36.52054],[-121.95165,36.51986],[-121.95122,36.51964],[-121.95179,36.51896],[-121.95263,36.51903],[-121.95305,36.51952],[-121.95375,36.51964],[-121.95375,36.5193],[-121.95403,36.51907],[-121.95459,36.51896],[-121.95417,36.51794],[-121.95361,36.51749],[-121.95305,36.51761],[-121.95291,36.51783],[-121.95302,36.51806],[-121.95277,36.51825],[-121.95235,36.51802],[-121.95235,36.51772],[-121.95214,36.51749],[-121.95249,36.51703],[-121.95319,36.51711],[-121.95417,36.51756],[-121.95473,36.51712],[-121.95499,36.51659],[-121.95516,36.51657],[-121.95628,36.5168],[-121.957,36.51749],[-121.95701,36.51761],[-121.95684,36.51751],[-121.95663,36.51772],[-121.95712,36.51828],[-121.95674,36.51862],[-121.95604,36.51851],[-121.95601,36.51896],[-121.95586,36.51909],[-121.95516,36.51904],[-121.95483,36.51941],[-121.95459,36.52022],[-121.95331,36.51986],[-121.95221,36.51977],[-121.95215,36.51997],[-121.95268,36.52043],[-121.95193,36.52054]],[[-121.93746,36.52054],[-121.93746,36.52054]],[[-121.93718,36.52043],[-121.93718,36.52043]],[[-121.93704,36.52031],[-121.93704,36.52031]],[[-121.9369,36.5202],[-121.9369,36.5202]],[[-121.93676,36.52009],[-121.93676,36.52009]],[[-121.93676,36.51997],[-121.93676,36.51997]],[[-121.9369,36.51986],[-121.9369,36.51986]],[[-121.95361,36.51964],[-121.95361,36.51964]],[[-121.93718,36.51964],[-121.93718,36.51964]],[[-121.95122,36.51964],[-121.95122,36.51964]],[[-121.93718,36.51952],[-121.93718,36.51952]],[[-121.95726,36.51931],[-121.95742,36.51873],[-121.95726,36.51861],[-121.95706,36.51885],[-121.95726,36.51931]],[[-121.95136,36.51941],[-121.95136,36.51941]],[[-121.93732,36.51941],[-121.93732,36.51941]],[[-121.95375,36.5193],[-121.95375,36.5193]],[[-121.9515,36.5193],[-121.9515,36.5193]],[[-121.93746,36.5193],[-121.93746,36.5193]],[[-121.95389,36.51918],[-121.95389,36.51918]],[[-121.9376,36.51918],[-121.9376,36.51918]],[[-121.95403,36.51907],[-121.95403,36.51907]],[[-121.95165,36.51907],[-121.95165,36.51907]],[[-121.93788,36.51907],[-121.93788,36.51907]],[[-121.95179,36.51896],[-121.95179,36.51896]],[[-121.93831,36.51896],[-121.93831,36.51896]],[[-121.95712,36.51817],[-121.95712,36.51817]],[[-121.95614,36.51777],[-121.95621,36.51749],[-121.95586,36.51721],[-121.95565,36.51727],[-121.95564,36.51749],[-121.95614,36.51777]],[[-121.9501,36.51715],[-121.94967,36.51693],[-121.94996,36.51659],[-121.94996,36.51636],[-121.94954,36.51603],[-121.94954,36.51569],[-121.94912,36.51546],[-121.94884,36.51569],[-121.94813,36.5149],[-121.94799,36.51399],[-121.94771,36.51377],[-121.94757,36.51389],[-121.94729,36.51343],[-121.94687,36.51354],[-121.94659,36.5132],[-121.94561,36.51321],[-121.94561,36.51298],[-121.94533,36.51275],[-121.94505,36.51275],[-121.9442,36.5132],[-121.94378,36.51298],[-121.94378,36.51252],[-121.94406,36.51253],[-121.94434,36.51275],[-121.94462,36.51253],[-121.94364,36.51185],[-121.94294,36.51174],[-121.9421,36.51185],[-121.94252,36.5114],[-121.94168,36.51118],[-121.94168,36.51094],[-121.94196,36.51061],[-121.94168,36.51038],[-121.94196,36.51004],[-121.94252,36.50993],[-121.94266,36.50971],[-121.94224,36.50949],[-121.94209,36.50914],[-121.94238,36.50925],[-121.94266,36.50903],[-121.94224,36.50858],[-121.94182,36.50869],[-121.94154,36.50835],[-121.94125,36.50846],[-121.94069,36.50801],[-121.94097,36.5079],[-121.9421,36.50801],[-121.94224,36.5079],[-121.94224,36.50755],[-121.94252,36.50767],[-121.94266,36.50745],[-121.94238,36.50722],[-121.94238,36.50688],[-121.94182,36.50643],[-121.94125,36.50678],[-121.94111,36.50666],[-121.94055,36.50677],[-121.94042,36.507],[-121.93985,36.50688],[-121.93943,36.507],[-121.93873,36.50632],[-121.93915,36.50587],[-121.93915,36.50564],[-121.93859,36.50543],[-121.93817,36.50497],[-121.93817,36.50463],[-121.93901,36.50418],[-121.939,36.50384],[-121.93943,36.50361],[-121.93943,36.50339],[-121.93915,36.50316],[-121.93901,36.50327],[-121.93887,36.50317],[-121.93901,36.50282],[-121.93873,36.50237],[-121.93859,36.50146],[-121.93943,36.50158],[-121.93943,36.50197],[-121.93913,36.50214],[-121.93915,36.50241],[-121.94024,36.50316],[-121.9397,36.50339],[-121.93945,36.50406],[-121.94021,36.50474],[-121.94009,36.50519],[-121.94055,36.50604],[-121.94196,36.50607],[-121.94266,36.50562],[-121.94308,36.50577],[-121.94364,36.5058],[-121.94406,36.50562],[-121.94491,36.50577],[-121.9449,36.50666],[-121.94518,36.50722],[-121.94508,36.50767],[-121.94476,36.50795],[-121.94378,36.5079],[-121.94304,36.50858],[-121.94306,36.50925],[-121.9435,36.51083],[-121.94476,36.51204],[-121.94547,36.51193],[-121.94715,36.51252],[-121.94754,36.5132],[-121.94842,36.51396],[-121.94898,36.5137],[-121.9492,36.51399],[-121.94913,36.51456],[-121.94926,36.51471],[-121.9494,36.51478],[-121.94982,36.51456],[-121.95042,36.51524],[-121.94996,36.5158],[-121.95005,36.51591],[-121.95024,36.51586],[-121.95066,36.51609],[-121.95122,36.51571],[-121.95198,36.51648],[-121.9515,36.51666],[-121.95094,36.51636],[-121.95066,36.51693],[-121.9501,36.51715]],[[-121.95895,36.51704],[-121.95881,36.5168],[-121.95897,36.51682],[-121.95895,36.51704]],[[-121.95824,36.51706],[-121.95824,36.51689],[-121.95801,36.51693],[-121.95824,36.51706]],[[-121.95235,36.51715],[-121.95235,36.51715]],[[-121.95066,36.51693],[-121.95066,36.51693]],[[-121.95586,36.5167],[-121.95586,36.5167]],[[-121.94982,36.5167],[-121.94982,36.5167]],[[-121.95656,36.51614],[-121.95628,36.51616],[-121.95572,36.51538],[-121.95586,36.51529],[-121.95633,36.51557],[-121.95656,36.51614]],[[-121.95165,36.51614],[-121.95165,36.51614]],[[-121.95642,36.5158],[-121.95642,36.5158]],[[-121.94996,36.5158],[-121.94996,36.5158]],[[-121.94996,36.51467],[-121.94996,36.51467]],[[-121.94448,36.51264],[-121.94448,36.51264]],[[-121.9442,36.51264],[-121.9442,36.51264]],[[-121.94406,36.51253],[-121.94406,36.51253]],[[-121.9435,36.51083],[-121.9435,36.51083]],[[-121.94168,36.51038],[-121.94168,36.51038]],[[-121.94182,36.51027],[-121.94182,36.51027]],[[-121.94196,36.51004],[-121.94196,36.51004]],[[-121.94252,36.50914],[-121.94252,36.50914]],[[-121.94224,36.50914],[-121.94224,36.50914]],[[-121.94266,36.50832],[-121.94252,36.50813],[-121.94238,36.50824],[-121.94266,36.50832]],[[-121.94069,36.50801],[-121.94069,36.50801]],[[-121.94378,36.5079],[-121.94378,36.5079]],[[-121.94168,36.5079],[-121.94168,36.5079]],[[-121.94154,36.5079],[-121.94154,36.5079]],[[-121.94097,36.5079],[-121.94097,36.5079]],[[-121.94083,36.5079],[-121.94083,36.5079]],[[-121.94125,36.50768],[-121.94125,36.50768]],[[-121.94125,36.50767],[-121.94125,36.50767]],[[-121.9435,36.50756],[-121.9442,36.507],[-121.94378,36.50632],[-121.94322,36.50621],[-121.94294,36.50598],[-121.9428,36.50609],[-121.9428,36.50711],[-121.9435,36.50756]],[[-121.94238,36.50756],[-121.94238,36.50756]],[[-121.94364,36.50745],[-121.94364,36.50745]],[[-121.94336,36.50745],[-121.94336,36.50745]],[[-121.94392,36.50734],[-121.94392,36.50734]],[[-121.94308,36.50734],[-121.94308,36.50734]],[[-121.94294,36.50722],[-121.94294,36.50722]],[[-121.94168,36.50711],[-121.94139,36.507],[-121.94168,36.507],[-121.94168,36.50711]],[[-121.94406,36.50711],[-121.94406,36.50711]],[[-121.94168,36.507],[-121.94168,36.507]],[[-121.94139,36.507],[-121.94139,36.507]],[[-121.93873,36.50621],[-121.93873,36.50621]],[[-121.93887,36.50609],[-121.93887,36.50609]],[[-121.93901,36.50598],[-121.93901,36.50598]],[[-121.94069,36.50464],[-121.9409,36.5044],[-121.94083,36.5042],[-121.94062,36.50429],[-121.94069,36.50464]],[[-121.93817,36.50463],[-121.93817,36.50463]],[[-121.93831,36.50451],[-121.93831,36.50451]],[[-121.93845,36.5044],[-121.93845,36.5044]],[[-121.93873,36.50429],[-121.93873,36.50429]],[[-121.93957,36.50372],[-121.93957,36.50372]],[[-121.93929,36.50372],[-121.93929,36.50372]],[[-121.93887,36.50316],[-121.93887,36.50316]],[[-121.94069,36.5017],[-121.94174,36.50079],[-121.94097,36.50007],[-121.94049,36.50011],[-121.94055,36.50079],[-121.94027,36.50102],[-121.94027,36.50167],[-121.94069,36.5017]],[[-121.93943,36.50158],[-121.93943,36.50158]],[[-121.93929,36.50147],[-121.93929,36.50147]],[[-121.93915,36.50147],[-121.93915,36.50147]],[[-121.93873,36.50147],[-121.93873,36.50147]],[[-121.94027,36.50102],[-121.94027,36.50102]],[[-121.94041,36.5009],[-121.94041,36.5009]],[[-121.94027,36.49991],[-121.94027,36.49991]],[[-121.93957,36.49966],[-121.93978,36.49955],[-121.93901,36.49911],[-121.93901,36.49944],[-121.93929,36.49944],[-121.93957,36.49966]],[[-121.93943,36.49955],[-121.93943,36.49955]],[[-121.93901,36.49944],[-121.93901,36.49944]],[[-121.94575,36.49097],[-121.94476,36.49154],[-121.94476,36.49176],[-121.94526,36.49233],[-121.94476,36.49266],[-121.94476,36.49312],[-121.94434,36.49334],[-121.94392,36.493],[-121.94336,36.493],[-121.94308,36.49357],[-121.94294,36.49322],[-121.94266,36.49346],[-121.94237,36.49334],[-121.94196,36.49402],[-121.94111,36.49458],[-121.94111,36.49515],[-121.94083,36.49537],[-121.94055,36.49537],[-121.93999,36.49504],[-121.93985,36.49514],[-121.94013,36.49549],[-121.94027,36.49628],[-121.93985,36.49662],[-121.93915,36.49684],[-121.93915,36.49729],[-121.93901,36.49741],[-121.93774,36.49752],[-121.93718,36.49774],[-121.93662,36.49831],[-121.93662,36.49865],[-121.93718,36.49887],[-121.93746,36.49922],[-121.9376,36.49922],[-121.93788,36.49876],[-121.93897,36.4991],[-121.93878,36.49887],[-121.93882,36.49853],[-121.93999,36.49792],[-121.94083,36.49678],[-121.94154,36.49653],[-121.94252,36.49664],[-121.9428,36.49654],[-121.94369,36.49481],[-121.94547,36.49363],[-121.94571,36.49199],[-121.94623,36.49097]],[[-121.93859,36.49899],[-121.93859,36.49899]],[[-121.93831,36.49887],[-121.93831,36.49887]],[[-121.93662,36.49831],[-121.93662,36.49831]],[[-121.93676,36.49808],[-121.93676,36.49808]],[[-121.93704,36.49786],[-121.93704,36.49786]],[[-121.93718,36.49774],[-121.93718,36.49774]],[[-121.93746,36.49763],[-121.93746,36.49763]],[[-121.93774,36.49752],[-121.93774,36.49752]],[[-121.93845,36.49741],[-121.93845,36.49741]],[[-121.93915,36.49684],[-121.93915,36.49684]],[[-121.93929,36.49673],[-121.93929,36.49673]],[[-121.93971,36.49662],[-121.93971,36.49662]],[[-121.93999,36.4965],[-121.93999,36.4965]],[[-121.94013,36.49639],[-121.94013,36.49639]],[[-121.94097,36.49526],[-121.94097,36.49526]],[[-121.94041,36.49526],[-121.94041,36.49526]],[[-121.94027,36.49515],[-121.94027,36.49515]],[[-121.93999,36.49504],[-121.93999,36.49504]],[[-121.94111,36.49458],[-121.94111,36.49458]],[[-121.94125,36.49447],[-121.94125,36.49447]],[[-121.94154,36.49436],[-121.94154,36.49436]],[[-121.94168,36.49425],[-121.94168,36.49425]],[[-121.94182,36.49413],[-121.94182,36.49413]],[[-121.94196,36.49391],[-121.94196,36.49391]],[[-121.9421,36.49368],[-121.9421,36.49368]],[[-121.94252,36.49334],[-121.94252,36.49334]],[[-121.94462,36.49323],[-121.94462,36.49323]],[[-121.9442,36.49323],[-121.9442,36.49323]],[[-121.9428,36.49323],[-121.9428,36.49323]],[[-121.94406,36.49312],[-121.94406,36.49312]],[[-121.94322,36.49312],[-121.94322,36.49312]],[[-121.94392,36.493],[-121.94392,36.493]],[[-121.94336,36.493],[-121.94336,36.493]],[[-121.94476,36.49154],[-121.94476,36.49154]],[[-121.94491,36.49142],[-121.94491,36.49142]],[[-121.94519,36.49131],[-121.94519,36.49131]],[[-121.94547,36.4912],[-121.94547,36.4912]],[[-121.94561,36.49109],[-121.94561,36.49109]]]},"properties":{"depth_m":8}},{"type":"Feature","geometry":{"type":"MultiLineString","coordinates":[[[-121.93683,36.54503],[-121.93662,36.54492],[-121.93656,36.54503]],[[-121.9361,36.54503],[-121.93622,36.54469],[-121.93654,36.54458],[-121.93661,36.54412],[-121.93656,36.54379],[-121.93611,36.54345],[-121.93642,36.54277],[-121.93612,36.54232],[-121.93525,36.54164],[-121.93513,36.54108],[-121.93481,36.54063],[-121.93495,36.54029],[-121.93417,36.53972],[-121.93457,36.53938],[-121.93402,36.53893],[-121.93467,36.53837],[-121.93311,36.53767],[-121.93213,36.5377],[-121.93171,36.53791],[-121.9308,36.53701],[-121.93041,36.53611],[-121.93021,36.53465],[-121.92976,36.53363],[-121.92889,36.5325],[-121.92834,36.5313],[-121.92708,36.53058],[-121.92722,36.53036],[-121.92719,36.52912],[-121.92644,36.52799],[-121.92643,36.52765],[-121.92698,36.52686],[-121.92697,36.52629],[-121.92768,36.52517],[-121.92862,36.52461],[-121.9296,36.52429],[-121.93143,36.52437],[-121.93213,36.52417],[-121.93311,36.52422],[-121.93395,36.52455],[-121.93466,36.52452],[-121.93508,36.52426],[-121.93536,36.52369],[-121.93592,36.52372],[-121.93654,36.52415],[-121.9369,36.52419],[-121.93746,36.52388],[-121.93769,36.52347],[-121.93746,36.52325],[-121.93774,36.52315],[-121.93787,36.52291],[-121.93746,36.52279],[-121.9376,36.52313],[-121.93746,36.52325],[-121.93732,36.52313],[-121.93718,36.52347],[-121.93662,36.52359],[-121.93635,36.52336],[-121.93606,36.52347],[-121.93578,36.52302],[-121.93509,36.52246],[-121.93409,36.52234],[-121.93353,36.52291],[-121.93353,36.52313],[-121.93381,36.52336],[-121.93367,36.52347],[-121.93241,36.52336],[-121.93185,36.5237],[-121.93157,36.52347],[-121.9303,36.5237],[-121.9296,36.52325],[-121.9296,36.52291],[-121.92946,36.5228],[-121.92848,36.52268],[-121.92749,36.52313],[-121.92637,36.52426]],[[-121.93171,36.54503],[-121.93213,36.54469],[-121.93297,36.54446],[-121.93367,36.5448],[-121.93381,36.54469],[-121.93367,36.54446],[-121.93339,36.54458],[-121.93381,36.54379],[-121.93381,36.54345],[-121.93325,36.543],[-121.93325,36.54209],[-121.9331,36.54164],[-121.93325,36.54096],[-121.93283,36.54051],[-121.93297,36.53995],[-121.93255,36.53973],[-121.93269,36.53938],[-121.93255,36.53927],[-121.93185,36.53927],[-121.93129,36.5395],[-121.93044,36.53938],[-121.92904,36.5378],[-121.92862,36.53701],[-121.92862,36.53622],[-121.92848,36.53611],[-121.9282,36.53386],[-121.92777,36.53329],[-121.92693,36.53273],[-121.92679,36.53228],[-121.92693,36.53149],[-121.92637,36.53103]],[[-121.93185,36.54491],[-121.93185,36.54491]],[[-121.93199,36.5448],[-121.93199,36.5448]],[[-121.93353,36.54469],[-121.93353,36.54469]],[[-121.93213,36.54469],[-121.93213,36.54469]],[[-121.93241,36.54458],[-121.93241,36.54458]],[[-121.93311,36.54446],[-121.93311,36.54446]],[[-121.93297,36.54446],[-121.93297,36.54446]],[[-121.93353,36.54412],[-121.93353,36.54412]],[[-121.93367,36.5439],[-121.93367,36.5439]],[[-121.93311,36.54153],[-121.93311,36.54153]],[[-121.93283,36.54029],[-121.93283,36.54029]],[[-121.93255,36.5395],[-121.93255,36.5395]],[[-121.92679,36.53194],[-121.92679,36.53194]],[[-121.95459,36.52439],[-121.95444,36.52426],[-121.95459,36.52439]],[[-121.94715,36.52434],[-121.94728,36.52426],[-121.9472,36.52392],[-121.94746,36.5237],[-121.9471,36.52336],[-121.94589,36.52291],[-121.94547,36.52234],[-121.94505,36.52234],[-121.94434,36.52189],[-121.9442,36.52167],[-121.94464,36.52144],[-121.94476,36.5211],[-121.94448,36.52076],[-121.94406,36.52099],[-121.94364,36.52076],[-121.94308,36.52088],[-121.94251,36.52076],[-121.94224,36.52099],[-121.94238,36.52167],[-121.94224,36.52178],[-121.94182,36.52155],[-121.94125,36.52167],[-121.94097,36.52155],[-121.94125,36.52201],[-121.94111,36.52223],[-121.94097,36.52201],[-121.94111,36.52189],[-121.94097,36.52201],[-121.94069,36.52189],[-121.94055,36.52155],[-121.93985,36.5211],[-121.93999,36.52076],[-121.94069,36.5202],[-121.94069,36.51986],[-121.94083,36.51975],[-121.94013,36.51918],[-121.93915,36.51896],[-121.93831,36.51896],[-121.9376,36.51918],[-121.93718,36.51952],[-121.93732,36.51986],[-121.93718,36.51997],[-121.9369,36.51986],[-121.93676,36.51997],[-121.9376,36.52065],[-121.93774,36.52133],[-121.9376,36.52144],[-121.93718,36.52133],[-121.93676,36.52099],[-121.93634,36.52133],[-121.93662,36.52179],[-121.93676,36.52167],[-121.93755,36.52189],[-121.9376,36.52167],[-121.93817,36.52124],[-121.93915,36.52176],[-121.93943,36.52134],[-121.93971,36.52133],[-121.93999,36.52223],[-121.94053,36.52313],[-121.94083,36.52332],[-121.9421,36.522],[-121.94294,36.52141],[-121.9435,36.52134],[-121.94406,36.52161],[-121.94427,36.52246],[-121.94647,36.52336],[-121.94661,36.52347],[-121.94617,36.5236],[-121.94611,36.52381],[-121.94687,36.52434],[-121.94715,36.52434]],[[-121.94856,36.52405],[-121.94902,36.52381],[-121.94909,36.52359],[-121.94884,36.52351],[-121.94806,36.52404],[-121.94856,36.52405]],[[-121.92651,36.52415],[-121.92651,36.52415]],[[-121.94785,36.52395],[-121.94785,36.52395]],[[-121.95333,36.52384],[-121.95361,36.52368],[-121.95403,36.52374],[-121.95403,36.52359],[-121.95361,36.5235],[-121.95319,36.52313],[-121.95305,36.52325],[-121.95333,36.52347],[-121.95333,36.52384]],[[-121.94828,36.52392],[-121.94828,36.52392]],[[-121.94757,36.52385],[-121.94757,36.52385]],[[-121.92665,36.52392],[-121.92665,36.52392]],[[-121.92679,36.52381],[-121.92679,36.52381]],[[-121.95235,36.52368],[-121.95247,36.52359],[-121.95235,36.52338],[-121.9515,36.52296],[-121.94968,36.52122],[-121.9494,36.52132],[-121.94954,36.52167],[-121.94954,36.52268],[-121.94926,36.52291],[-121.94854,36.52234],[-121.94828,36.52245],[-121.9488,36.52313],[-121.94912,36.52319],[-121.95024,36.52235],[-121.95122,36.52313],[-121.95235,36.52368]],[[-121.92693,36.5237],[-121.92693,36.5237]],[[-121.95502,36.52348],[-121.95513,36.52336],[-121.95487,36.52336],[-121.95468,36.52313],[-121.95487,36.52302],[-121.95516,36.52309],[-121.95539,36.52291],[-121.9553,36.52234],[-121.95497,36.52212],[-121.9546,36.52144],[-121.95403,36.52123],[-121.95379,36.52144],[-121.95417,36.52167],[-121.95459,36.52246],[-121.95431,36.5228],[-121.95361,36.52246],[-121.95346,36.52268],[-121.95473,36.52348],[-121.95502,36.52348]],[[-121.93199,36.52359],[-121.93199,36.52359]],[[-121.93072,36.52359],[-121.93072,36.52359]],[[-121.9553,36.52338],[-121.95518,36.52336],[-121.9553,36.52338]],[[-121.95319,36.52336],[-121.95319,36.52336]],[[-121.93676,36.52347],[-121.93676,36.52347]],[[-121.93213,36.52347],[-121.93213,36.52347]],[[-121.93114,36.52347],[-121.93114,36.52347]],[[-121.92707,36.52347],[-121.92707,36.52347]],[[-121.95305,36.52325],[-121.95305,36.52325]],[[-121.94617,36.52325],[-121.94617,36.52325]],[[-121.93634,36.52336],[-121.93634,36.52336]],[[-121.93367,36.52325],[-121.93367,36.52325]],[[-121.93241,36.52336],[-121.93241,36.52336]],[[-121.92721,36.52336],[-121.92721,36.52336]],[[-121.94097,36.52325],[-121.94097,36.52325]],[[-121.93353,36.52313],[-121.93353,36.52313]],[[-121.92735,36.52325],[-121.92735,36.52325]],[[-121.95403,36.52302],[-121.95403,36.52302]],[[-121.95319,36.52313],[-121.95319,36.52313]],[[-121.94111,36.52313],[-121.94111,36.52313]],[[-121.93732,36.52313],[-121.93746,36.52302],[-121.93732,36.52313]],[[-121.92749,36.52313],[-121.92749,36.52313]],[[-121.95389,36.52291],[-121.95389,36.52291]],[[-121.92777,36.52302],[-121.92777,36.52302]],[[-121.95361,36.5228],[-121.95361,36.5228]],[[-121.93353,36.52291],[-121.93353,36.52291]],[[-121.92792,36.52291],[-121.92792,36.52291]],[[-121.9494,36.5228],[-121.9494,36.5228]],[[-121.9282,36.5228],[-121.9282,36.5228]],[[-121.93367,36.52268],[-121.93367,36.52268]],[[-121.92848,36.52268],[-121.92848,36.52268]],[[-121.9553,36.52257],[-121.9553,36.52257]],[[-121.95445,36.52257],[-121.95445,36.52257]],[[-121.93381,36.52257],[-121.93381,36.52257]],[[-121.95445,36.52234],[-121.95445,36.52234]],[[-121.9376,36.52234],[-121.93774,36.52234],[-121.9376,36.52194],[-121.93746,36.52223],[-121.9376,36.52234]],[[-121.93395,36.52246],[-121.93395,36.52246]],[[-121.93746,36.52223],[-121.93746,36.52223]],[[-121.93409,36.52234],[-121.93409,36.52234]],[[-121.95431,36.52201],[-121.95431,36.52201]],[[-121.93746,36.52212],[-121.93746,36.52212]],[[-121.93929,36.52198],[-121.93929,36.5218],[-121.93918,36.52189],[-121.93929,36.52198]],[[-121.93746,36.52189],[-121.93746,36.52189]],[[-121.95417,36.52178],[-121.95417,36.52178]],[[-121.9369,36.52178],[-121.9369,36.52178]],[[-121.94097,36.52167],[-121.94097,36.52167]],[[-121.93648,36.52167],[-121.93648,36.52167]],[[-121.95389,36.52155],[-121.95389,36.52155]],[[-121.9494,36.52155],[-121.9494,36.52155]],[[-121.9376,36.52167],[-121.9376,36.52167]],[[-121.94224,36.52144],[-121.94224,36.52144]],[[-121.94154,36.52155],[-121.94154,36.52155]],[[-121.94097,36.52155],[-121.94097,36.52155]],[[-121.93774,36.52155],[-121.93774,36.52155]],[[-121.93634,36.52144],[-121.93634,36.52144]],[[-121.93788,36.52144],[-121.93788,36.52144]],[[-121.95389,36.52133],[-121.95389,36.52133]],[[-121.93634,36.52133],[-121.93634,36.52133]],[[-121.94224,36.52099],[-121.94224,36.52099]],[[-121.93676,36.52099],[-121.93676,36.52099]],[[-121.95558,36.52079],[-121.95544,36.52056],[-121.95532,36.52065],[-121.95558,36.52079]],[[-121.9376,36.52076],[-121.9376,36.52076]],[[-121.95305,36.52065],[-121.95305,36.52065]],[[-121.94434,36.52076],[-121.94434,36.52076]],[[-121.94322,36.52076],[-121.94322,36.52076]],[[-121.95277,36.52054],[-121.95289,36.52054],[-121.95251,36.5202],[-121.95246,36.51997],[-121.95333,36.51993],[-121.95459,36.52027],[-121.95498,36.51941],[-121.9553,36.51919],[-121.95586,36.51917],[-121.95614,36.5186],[-121.95684,36.51876],[-121.95712,36.51924],[-121.9574,36.51934],[-121.95742,36.51851],[-121.95716,36.51806],[-121.95698,36.51813],[-121.95664,36.51772],[-121.95684,36.51753],[-121.95709,36.51761],[-121.95703,36.51749],[-121.95628,36.51672],[-121.95502,36.51647],[-121.95473,36.51701],[-121.95389,36.51744],[-121.95319,36.51708],[-121.95277,36.5171],[-121.95249,36.51693],[-121.95213,36.51749],[-121.95235,36.51772],[-121.95235,36.51803],[-121.95277,36.51827],[-121.95304,36.51806],[-121.95291,36.51783],[-121.95305,36.51761],[-121.95361,36.51749],[-121.95417,36.51794],[-121.95459,36.51885],[-121.95445,36.51907],[-121.95403,36.51907],[-121.95347,36.51964],[-121.95305,36.51952],[-121.95263,36.51901],[-121.95179,36.51896],[-121.95165,36.51907],[-121.95122,36.51964],[-121.95179,36.52009],[-121.95178,36.52054],[-121.95249,36.52043],[-121.95277,36.52054]],[[-121.93746,36.52054],[-121.93746,36.52054]],[[-121.93718,36.52043],[-121.93718,36.52043]],[[-121.93704,36.52031],[-121.93704,36.52031]],[[-121.9369,36.5202],[-121.9369,36.5202]],[[-121.93676,36.52009],[-121.93676,36.52009]],[[-121.95165,36.51997],[-121.95165,36.51997]],[[-121.93676,36.51997],[-121.93676,36.51997]],[[-121.95136,36.51975],[-121.95136,36.51975]],[[-121.9369,36.51986],[-121.9369,36.51986]],[[-121.95122,36.51964],[-121.95122,36.51964]],[[-121.93718,36.51964],[-121.93718,36.51964]],[[-121.95487,36.51964],[-121.95487,36.51964]],[[-121.95361,36.51952],[-121.95361,36.51952]],[[-121.93718,36.51952],[-121.93718,36.51952]],[[-121.95136,36.51941],[-121.95136,36.51941]],[[-121.93732,36.51941],[-121.93732,36.51941]],[[-121.95375,36.5193],[-121.95375,36.5193]],[[-121.9515,36.5193],[-121.9515,36.5193]],[[-121.93746,36.5193],[-121.93746,36.5193]],[[-121.95389,36.51918],[-121.95389,36.51918]],[[-121.9376,36.51918],[-121.9376,36.51918]],[[-121.95403,36.51907],[-121.95403,36.51907]],[[-121.95165,36.51907],[-121.95165,36.51907]],[[-121.93788,36.51907],[-121.93788,36.51907]],[[-121.95179,36.51896],[-121.95179,36.51896]],[[-121.93831,36.51896],[-121.93831,36.51896]],[[-121.95445,36.51873],[-121.95445,36.51873]],[[-121.95431,36.51839],[-121.95431,36.51839]],[[-121.95291,36.51817],[-121.95291,36.51817]],[[-121.95403,36.51783],[-121.95403,36.51783]],[[-121.95614,36.51776],[-121.9562,36.51749],[-121.95586,36.51722],[-121.95566,36.51727],[-121.95565,36.51749],[-121.95614,36.51776]],[[-121.95389,36.51772],[-121.95389,36.51772]],[[-121.95375,36.51761],[-121.95375,36.51761]],[[-121.95895,36.51716],[-121.95909,36.51715],[-121.9591,36.51693],[-121.95881,36.51676],[-121.95876,36.51704],[-121.95895,36.51716]],[[-121.9501,36.51715],[-121.94967,36.51693],[-121.94996,36.51659],[-121.94996,36.51636],[-121.94954,36.51603],[-121.94954,36.51569],[-121.94912,36.51546],[-121.94884,36.51569],[-121.94813,36.5149],[-121.94799,36.51399],[-121.94771,36.51377],[-121.94757,36.51389],[-121.94729,36.51343],[-121.94687,36.51354],[-121.94659,36.5132],[-121.94561,36.51321],[-121.94561,36.51298],[-121.94533,36.51275],[-121.94505,36.51275],[-121.9442,36.5132],[-121.94378,36.51298],[-121.94378,36.51252],[-121.94434,36.51275],[-121.94462,36.51253],[-121.94364,36.51185],[-121.94294,36.51174],[-121.9421,36.51185],[-121.94252,36.5114],[-121.94168,36.51118],[-121.94168,36.51094],[-121.94196,36.51061],[-121.94168,36.51038],[-121.94196,36.51004],[-121.94252,36.50993],[-121.94266,36.50971],[-121.94224,36.50949],[-121.94209,36.50914],[-121.94238,36.50925],[-121.94266,36.50903],[-121.94224,36.50858],[-121.94182,36.50869],[-121.94154,36.50835],[-121.94124,36.50846],[-121.94069,36.50801],[-121.94097,36.5079],[-121.9421,36.50801],[-121.94224,36.5079],[-121.94224,36.50755],[-121.94252,36.50767],[-121.94266,36.50745],[-121.94238,36.50722],[-121.94238,36.50688],[-121.94182,36.50643],[-121.94125,36.50678],[-121.94111,36.50666],[-121.94055,36.50677],[-121.94042,36.507],[-121.93985,36.50688],[-121.93943,36.507],[-121.93873,36.50632],[-121.93915,36.50587],[-121.93915,36.50564],[-121.93859,36.50543],[-121.93817,36.50497],[-121.93817,36.50463],[-121.93901,36.50418],[-121.939,36.50384],[-121.93943,36.50361],[-121.93943,36.50339],[-121.93915,36.50316],[-121.93901,36.50327],[-121.93887,36.50317],[-121.93901,36.50282],[-121.93873,36.50237],[-121.93859,36.50146],[-121.93943,36.50158],[-121.93951,36.50203],[-121.9392,36.50226],[-121.93927,36.50248],[-121.94028,36.50305],[-121.94027,36.50328],[-121.93971,36.50346],[-121.93959,36.50418],[-121.94027,36.50461],[-121.94069,36.50412],[-121.94093,36.50429],[-121.94083,36.50462],[-121.94026,36.50508],[-121.94036,36.50553],[-121.94069,36.50598],[-121.9421,36.50595],[-121.94266,36.50559],[-121.94364,36.50578],[-121.94406,36.5056],[-121.94505,36.50576],[-121.94493,36.50655],[-121.94522,36.50722],[-121.94511,36.50767],[-121.94476,36.50798],[-121.94378,36.50793],[-121.94307,36.50858],[-121.94309,36.50914],[-121.9435,36.51052],[-121.94462,36.51187],[-121.94561,36.51181],[-121.94645,36.51213],[-121.94736,36.51264],[-121.94759,36.5132],[-121.94828,36.51363],[-121.94842,36.5139],[-121.9487,36.51389],[-121.94898,36.51365],[-121.94928,36.51411],[-121.94926,36.51458],[-121.94987,36.51422],[-121.95045,36.51524],[-121.95019,36.51569],[-121.95038,36.5159],[-121.95066,36.51601],[-121.95122,36.51568],[-121.95203,36.51648],[-121.9515,36.51668],[-121.95094,36.51636],[-121.95066,36.51693],[-121.9501,36.51715]],[[-121.95909,36.51715],[-121.95909,36.51715]],[[-121.95824,36.51711],[-121.95824,36.51686],[-121.95796,36.5169],[-121.95824,36.51711]],[[-121.95235,36.51715],[-121.95235,36.51715]],[[-121.95235,36.51693],[-121.95247,36.51693],[-121.95235,36.51676],[-121.95235,36.51693]],[[-121.94982,36.5167],[-121.94982,36.5167]],[[-121.95656,36.51621],[-121.95662,36.51591],[-121.95637,36.51557],[-121.95572,36.51523],[-121.95573,36.51557],[-121.95628,36.51621],[-121.95656,36.51621]],[[-121.95614,36.51603],[-121.95614,36.51603]],[[-121.95586,36.51569],[-121.95586,36.51569]],[[-121.96021,36.51491],[-121.96005,36.51478],[-121.96007,36.51493],[-121.96021,36.51491]],[[-121.95951,36.51456],[-121.95951,36.51444],[-121.95951,36.51456]],[[-121.94448,36.51264],[-121.94448,36.51264]],[[-121.9442,36.51264],[-121.9442,36.51264]],[[-121.94406,36.51253],[-121.94406,36.51253]],[[-121.94392,36.51117],[-121.94392,36.51117]],[[-121.94168,36.51038],[-121.94168,36.51038]],[[-121.94182,36.51027],[-121.94182,36.51027]],[[-121.94196,36.51004],[-121.94196,36.51004]],[[-121.94252,36.50914],[-121.94252,36.50914]],[[-121.94224,36.50914],[-121.94224,36.50914]],[[-121.94322,36.50835],[-121.94322,36.50835]],[[-121.94069,36.50801],[-121.94069,36.50801]],[[-121.94168,36.5079],[-121.94168,36.5079]],[[-121.94154,36.5079],[-121.94154,36.5079]],[[-121.94097,36.5079],[-121.94097,36.5079]],[[-121.94083,36.5079],[-121.94083,36.5079]],[[-121.94125,36.50768],[-121.94125,36.50768]],[[-121.9435,36.50756],[-121.9442,36.507],[-121.94378,36.50632],[-121.94322,36.50621],[-121.94294,36.50598],[-121.9428,36.50609],[-121.9428,36.50711],[-121.9435,36.50756]],[[-121.94238,36.50756],[-121.94238,36.50756]],[[-121.94364,36.50745],[-121.94364,36.50745]],[[-121.94336,36.50745],[-121.94336,36.50745]],[[-121.94392,36.50734],[-121.94392,36.50734]],[[-121.94308,36.50734],[-121.94308,36.50734]],[[-121.94294,36.50722],[-121.94294,36.50722]],[[-121.94168,36.50711],[-121.94168,36.507],[-121.94139,36.507],[-121.94168,36.50711]],[[-121.94406,36.50711],[-121.94406,36.50711]],[[-121.94139,36.507],[-121.94139,36.507]],[[-121.93873,36.50621],[-121.93873,36.50621]],[[-121.93887,36.50609],[-121.93887,36.50609]],[[-121.93901,36.50598],[-121.93901,36.50598]],[[-121.93817,36.50463],[-121.93817,36.50463]],[[-121.93831,36.50451],[-121.93831,36.50451]],[[-121.93845,36.5044],[-121.93845,36.5044]],[[-121.93873,36.50429],[-121.93873,36.50429]],[[-121.93929,36.50372],[-121.93929,36.50372]],[[-121.93887,36.50316],[-121.93887,36.50316]],[[-121.94097,36.50176],[-121.94195,36.50079],[-121.94111,36.50008],[-121.94059,36.5],[-121.94043,36.49966],[-121.93999,36.49966],[-121.94055,36.50023],[-121.94055,36.50079],[-121.94027,36.50102],[-121.94027,36.50175],[-121.94097,36.50176]],[[-121.93943,36.50158],[-121.93943,36.50158]],[[-121.93929,36.50147],[-121.93929,36.50147]],[[-121.93915,36.50147],[-121.93915,36.50147]],[[-121.93873,36.50147],[-121.93873,36.50147]],[[-121.94027,36.50102],[-121.94027,36.50102]],[[-121.94041,36.5009],[-121.94041,36.5009]],[[-121.94041,36.50011],[-121.94041,36.50011]],[[-121.94027,36.5],[-121.94027,36.5]],[[-121.94013,36.49978],[-121.94013,36.49978]],[[-121.93999,36.49966],[-121.93999,36.49966]],[[-121.94628,36.49097],[-121.94574,36.4921],[-121.94569,36.49312],[-121.94549,36.49368],[-121.94388,36.49481],[-121.94288,36.4965],[-121.94266,36.49668],[-121.94168,36.49661],[-121.94097,36.49681],[-121.93985,36.49833],[-121.93929,36.49837],[-121.93887,36.4986],[-121.93883,36.49887],[-121.93901,36.49905],[-121.93985,36.49955],[-121.93956,36.49966],[-121.93929,36.49944],[-121.93901,36.49944],[-121.93887,36.4991],[-121.93817,36.49876],[-121.93788,36.49876],[-121.9376,36.49922],[-121.93746,36.49922],[-121.93718,36.49887],[-121.93662,36.49865],[-121.93676,36.49807],[-121.93718,36.49774],[-121.93774,36.49752],[-121.93901,36.49741],[-121.93915,36.49729],[-121.93915,36.49684],[-121.93985,36.49662],[-121.94027,36.49628],[-121.94013,36.49549],[-121.93985,36.49514],[-121.93999,36.49504],[-121.94055,36.49537],[-121.94083,36.49537],[-121.94111,36.49515],[-121.94111,36.49458],[-121.94196,36.49402],[-121.94237,36.49334],[-121.94266,36.49346],[-121.94294,36.49322],[-121.94308,36.49357],[-121.94336,36.493],[-121.94392,36.493],[-121.94434,36.49334],[-121.94476,36.49312],[-121.94476,36.49266],[-121.94523,36.49233],[-121.94519,36.4921],[-121.94476,36.49176],[-121.94476,36.49154],[-121.94575,36.49097]],[[-121.93662,36.49831],[-121.93662,36.49831]],[[-121.93704,36.49786],[-121.93704,36.49786]],[[-121.93718,36.49774],[-121.93718,36.49774]],[[-121.93746,36.49763],[-121.93746,36.49763]],[[-121.93774,36.49752],[-121.93774,36.49752]],[[-121.93845,36.49741],[-121.93845,36.49741]],[[-121.93915,36.49684],[-121.93915,36.49684]],[[-121.93929,36.49673],[-121.93929,36.49673]],[[-121.93971,36.49662],[-121.93971,36.49662]],[[-121.93999,36.4965],[-121.93999,36.4965]],[[-121.94013,36.49639],[-121.94013,36.49639]],[[-121.94097,36.49526],[-121.94097,36.49526]],[[-121.94041,36.49526],[-121.94041,36.49526]],[[-121.94027,36.49515],[-121.94027,36.49515]],[[-121.93999,36.49504],[-121.93999,36.49504]],[[-121.94111,36.49458],[-121.94111,36.49458]],[[-121.94125,36.49447],[-121.94125,36.49447]],[[-121.94154,36.49436],[-121.94154,36.49436]],[[-121.94168,36.49425],[-121.94168,36.49425]],[[-121.94182,36.49413],[-121.94182,36.49413]],[[-121.94196,36.49391],[-121.94196,36.49391]],[[-121.9421,36.49368],[-121.9421,36.49368]],[[-121.94252,36.49334],[-121.94252,36.49334]],[[-121.94462,36.49323],[-121.94462,36.49323]],[[-121.9442,36.49323],[-121.9442,36.49323]],[[-121.9428,36.49323],[-121.9428,36.49323]],[[-121.94406,36.49312],[-121.94406,36.49312]],[[-121.94322,36.49312],[-121.94322,36.49312]],[[-121.94392,36.493],[-121.94392,36.493]],[[-121.94336,36.493],[-121.94336,36.493]],[[-121.94476,36.49154],[-121.94476,36.49154]],[[-121.94491,36.49142],[-121.94491,36.49142]],[[-121.94519,36.49131],[-121.94519,36.49131]],[[-121.94547,36.4912],[-121.94547,36.4912]],[[-121.94561,36.49109],[-121.94561,36.49109]]]},"properties":{"depth_m":9}},{"type":"Feature","geometry":{"type":"MultiLineString","coordinates":[[[-121.93699,36.54503],[-121.93669,36.54446],[-121.93696,36.54412],[-121.93624,36.54333],[-121.93648,36.54308],[-121.9369,36.5432],[-121.93701,36.543],[-121.93537,36.54164],[-121.93501,36.54074],[-121.9351,36.54029],[-121.93437,36.53972],[-121.93465,36.53938],[-121.93442,36.53916],[-121.93474,36.53837],[-121.93423,36.53815],[-121.93381,36.53765],[-121.93335,36.53769],[-121.93269,36.53746],[-121.93171,36.53763],[-121.93096,36.5369],[-121.9306,36.53611],[-121.9304,36.53465],[-121.92991,36.53352],[-121.92902,36.53239],[-121.92841,36.53126],[-121.92753,36.5307],[-121.92735,36.53024],[-121.92728,36.529],[-121.92698,36.52855],[-121.92708,36.52833],[-121.92659,36.52765],[-121.92707,36.52703],[-121.92763,36.5271],[-121.92712,36.52663],[-121.92708,36.52641],[-121.92774,36.52517],[-121.92806,36.52495],[-121.92974,36.52448],[-121.93143,36.52448],[-121.93213,36.52425],[-121.93311,36.52426],[-121.93407,36.52471],[-121.9348,36.52465],[-121.9355,36.52381],[-121.93586,36.52381],[-121.93634,36.52412],[-121.9369,36.52423],[-121.93747,36.52392],[-121.93791,36.5228],[-121.93774,36.52291],[-121.93745,36.5228],[-121.93746,36.52302],[-121.93774,36.52325],[-121.9376,36.52336],[-121.93746,36.52325],[-121.9376,36.52313],[-121.93746,36.52325],[-121.93732,36.52313],[-121.93746,36.52302],[-121.93718,36.52347],[-121.93662,36.52359],[-121.93635,36.52336],[-121.93606,36.52347],[-121.93578,36.52301],[-121.93509,36.52246],[-121.93409,36.52234],[-121.93353,36.52291],[-121.93353,36.52313],[-121.93381,36.52336],[-121.93367,36.52347],[-121.93241,36.52336],[-121.93185,36.5237],[-121.93157,36.52347],[-121.9303,36.5237],[-121.9296,36.52325],[-121.9296,36.52291],[-121.92946,36.5228],[-121.92848,36.52268],[-121.92749,36.52313],[-121.92637,36.52426]],[[-121.93171,36.54503],[-121.93213,36.54469],[-121.93297,36.54446],[-121.93367,36.5448],[-121.93381,36.54469],[-121.93367,36.54446],[-121.93339,36.54458],[-121.93381,36.54379],[-121.93381,36.54345],[-121.93325,36.543],[-121.93325,36.54209],[-121.9331,36.54164],[-121.93325,36.54096],[-121.93283,36.54051],[-121.93297,36.53995],[-121.93255,36.53973],[-121.93269,36.53938],[-121.93255,36.53927],[-121.93185,36.53927],[-121.93129,36.5395],[-121.93044,36.53938],[-121.92904,36.5378],[-121.92862,36.53701],[-121.92862,36.53622],[-121.92848,36.53611],[-121.9282,36.53386],[-121.92777,36.53329],[-121.92693,36.53273],[-121.92679,36.53228],[-121.92693,36.53149],[-121.92637,36.53103]],[[-121.93185,36.54491],[-121.93185,36.54491]],[[-121.93199,36.5448],[-121.93199,36.5448]],[[-121.93353,36.54469],[-121.93353,36.54469]],[[-121.93213,36.54469],[-121.93213,36.54469]],[[-121.93241,36.54458],[-121.93241,36.54458]],[[-121.93311,36.54446],[-121.93311,36.54446]],[[-121.93297,36.54446],[-121.93297,36.54446]],[[-121.93353,36.54412],[-121.93353,36.54412]],[[-121.93732,36.54393],[-121.93712,36.5439],[-121.93732,36.54393]],[[-121.93367,36.5439],[-121.93367,36.5439]],[[-121.93311,36.54153],[-121.93311,36.54153]],[[-121.93564,36.54101],[-121.93564,36.54084],[-121.93549,36.54096],[-121.93564,36.54101]],[[-121.93283,36.54029],[-121.93283,36.54029]],[[-121.93255,36.5395],[-121.93255,36.5395]],[[-121.92679,36.53194],[-121.92679,36.53194]],[[-121.92763,36.5255],[-121.92763,36.5255]],[[-121.93437,36.5246],[-121.93437,36.5246]],[[-121.95473,36.52438],[-121.95442,36.52426],[-121.95473,36.52438]],[[-121.94743,36.52439],[-121.94749,36.5237],[-121.94712,36.52336],[-121.94589,36.52291],[-121.94547,36.52234],[-121.94505,36.52234],[-121.94434,36.52189],[-121.9442,36.52167],[-121.94464,36.52144],[-121.94476,36.5211],[-121.94448,36.52076],[-121.94406,36.52099],[-121.94364,36.52076],[-121.94308,36.52088],[-121.94251,36.52076],[-121.94224,36.52099],[-121.94238,36.52167],[-121.94224,36.52178],[-121.94182,36.52155],[-121.94125,36.52167],[-121.94097,36.52155],[-121.94125,36.52201],[-121.94111,36.52223],[-121.94097,36.52201],[-121.94111,36.52189],[-121.94097,36.52201],[-121.94069,36.52189],[-121.94055,36.52155],[-121.93985,36.5211],[-121.93999,36.52076],[-121.94069,36.5202],[-121.94069,36.51986],[-121.94083,36.51975],[-121.94013,36.51918],[-121.93915,36.51896],[-121.93831,36.51896],[-121.9376,36.51918],[-121.93718,36.51952],[-121.93732,36.51986],[-121.93718,36.51997],[-121.9369,36.51986],[-121.93676,36.51997],[-121.9376,36.52065],[-121.93774,36.52133],[-121.9376,36.52144],[-121.93718,36.52133],[-121.93676,36.52099],[-121.93634,36.52144],[-121.93662,36.52179],[-121.93676,36.52167],[-121.93732,36.52178],[-121.9376,36.52201],[-121.93746,36.52223],[-121.93774,36.52246],[-121.93786,36.52246],[-121.93768,36.52178],[-121.93803,36.52144],[-121.93831,36.52143],[-121.93929,36.52211],[-121.93946,36.52201],[-121.93937,36.52155],[-121.93957,36.52142],[-121.93984,36.52167],[-121.93996,36.52223],[-121.94043,36.52302],[-121.94083,36.52334],[-121.94141,36.52291],[-121.9421,36.52204],[-121.94294,36.52147],[-121.9435,36.52143],[-121.94406,36.52171],[-121.94417,36.52234],[-121.94438,36.52257],[-121.94622,36.52336],[-121.94603,36.5237],[-121.94631,36.52404],[-121.94715,36.52446],[-121.94743,36.52439]],[[-121.95459,36.52426],[-121.95459,36.52426]],[[-121.95319,36.52405],[-121.95319,36.52405]],[[-121.9487,36.52406],[-121.94914,36.5237],[-121.94912,36.52351],[-121.94856,36.52363],[-121.94813,36.52404],[-121.94775,36.52392],[-121.94813,36.52415],[-121.9487,36.52406]],[[-121.92651,36.52415],[-121.92651,36.52415]],[[-121.94757,36.52397],[-121.94766,36.52381],[-121.94744,36.52381],[-121.94757,36.52397]],[[-121.95347,36.52385],[-121.95403,36.52376],[-121.95403,36.52359],[-121.95361,36.52347],[-121.95319,36.52313],[-121.95305,36.52325],[-121.95333,36.52347],[-121.95333,36.52387],[-121.95347,36.52385]],[[-121.94828,36.52392],[-121.94828,36.52392]],[[-121.92665,36.52392],[-121.92665,36.52392]],[[-121.95249,36.52371],[-121.95235,36.52336],[-121.95118,36.52268],[-121.94968,36.52122],[-121.9494,36.52132],[-121.94954,36.52167],[-121.94954,36.52268],[-121.94926,36.52291],[-121.9487,36.52234],[-121.94828,36.52245],[-121.94898,36.52331],[-121.95038,36.52249],[-121.95193,36.52361],[-121.95249,36.52371]],[[-121.94743,36.52381],[-121.94743,36.52381]],[[-121.92679,36.52381],[-121.92679,36.52381]],[[-121.92693,36.5237],[-121.92693,36.5237]],[[-121.9553,36.52348],[-121.95538,36.52336],[-121.95516,36.52314],[-121.95487,36.52333],[-121.95477,36.52313],[-121.95516,36.52313],[-121.95544,36.52295],[-121.95532,36.52234],[-121.95483,36.52189],[-121.95473,36.52153],[-121.95403,36.5212],[-121.95375,36.52144],[-121.95417,36.52167],[-121.95459,36.52246],[-121.95431,36.5228],[-121.95361,36.52246],[-121.95346,36.52268],[-121.95473,36.52349],[-121.9553,36.52348]],[[-121.93199,36.52359],[-121.93199,36.52359]],[[-121.93072,36.52359],[-121.93072,36.52359]],[[-121.95319,36.52336],[-121.95319,36.52336]],[[-121.93676,36.52347],[-121.93676,36.52347]],[[-121.93213,36.52347],[-121.93213,36.52347]],[[-121.93114,36.52347],[-121.93114,36.52347]],[[-121.92707,36.52347],[-121.92707,36.52347]],[[-121.95304,36.52325],[-121.95304,36.52325]],[[-121.93634,36.52336],[-121.93634,36.52336]],[[-121.93367,36.52325],[-121.93367,36.52325]],[[-121.93241,36.52336],[-121.93241,36.52336]],[[-121.92721,36.52336],[-121.92721,36.52336]],[[-121.93353,36.52313],[-121.93353,36.52313]],[[-121.92735,36.52325],[-121.92735,36.52325]],[[-121.95403,36.52302],[-121.95403,36.52302]],[[-121.95319,36.52313],[-121.95319,36.52313]],[[-121.92749,36.52313],[-121.92749,36.52313]],[[-121.95389,36.52291],[-121.95389,36.52291]],[[-121.92777,36.52302],[-121.92777,36.52302]],[[-121.95361,36.5228],[-121.95361,36.5228]],[[-121.94533,36.52291],[-121.94533,36.52291]],[[-121.93353,36.52291],[-121.93353,36.52291]],[[-121.92792,36.52291],[-121.92792,36.52291]],[[-121.9494,36.5228],[-121.9494,36.5228]],[[-121.93788,36.5228],[-121.93788,36.5228]],[[-121.9282,36.5228],[-121.9282,36.5228]],[[-121.93367,36.52268],[-121.93367,36.52268]],[[-121.92848,36.52268],[-121.92848,36.52268]],[[-121.95445,36.52257],[-121.95445,36.52257]],[[-121.93774,36.52246],[-121.93774,36.52246]],[[-121.93381,36.52257],[-121.93381,36.52257]],[[-121.95445,36.52234],[-121.95445,36.52234]],[[-121.9376,36.52234],[-121.9376,36.52234]],[[-121.93395,36.52246],[-121.93395,36.52246]],[[-121.93746,36.52223],[-121.93746,36.52223]],[[-121.93409,36.52234],[-121.93409,36.52234]],[[-121.95431,36.52201],[-121.95431,36.52201]],[[-121.93746,36.52212],[-121.93746,36.52212]],[[-121.93746,36.52189],[-121.93746,36.52189]],[[-121.95417,36.52178],[-121.95417,36.52178]],[[-121.9369,36.52178],[-121.9369,36.52178]],[[-121.94097,36.52167],[-121.94097,36.52167]],[[-121.93648,36.52167],[-121.93648,36.52167]],[[-121.95389,36.52155],[-121.95389,36.52155]],[[-121.9494,36.52155],[-121.9494,36.52155]],[[-121.95375,36.52144],[-121.95375,36.52144]],[[-121.94224,36.52144],[-121.94224,36.52144]],[[-121.94154,36.52155],[-121.94154,36.52155]],[[-121.94097,36.52155],[-121.94097,36.52155]],[[-121.93634,36.52144],[-121.93634,36.52144]],[[-121.95389,36.52133],[-121.95389,36.52133]],[[-121.93634,36.52133],[-121.93634,36.52133]],[[-121.95375,36.52099],[-121.95361,36.52098],[-121.95375,36.52099]],[[-121.94224,36.52099],[-121.94224,36.52099]],[[-121.93676,36.52099],[-121.93676,36.52099]],[[-121.95558,36.52082],[-121.95558,36.52061],[-121.9553,36.5206],[-121.95558,36.52082]],[[-121.9376,36.52076],[-121.9376,36.52076]],[[-121.95305,36.52065],[-121.95316,36.52065],[-121.95294,36.52065],[-121.95305,36.52065]],[[-121.94434,36.52076],[-121.94434,36.52076]],[[-121.94322,36.52076],[-121.94322,36.52076]],[[-121.95291,36.52062],[-121.95301,36.52054],[-121.95261,36.5202],[-121.95265,36.52009],[-121.95333,36.52001],[-121.95466,36.52031],[-121.95517,36.51941],[-121.95602,36.51941],[-121.9561,36.51885],[-121.95628,36.51866],[-121.95684,36.51882],[-121.95726,36.51939],[-121.95751,36.5193],[-121.95738,36.51828],[-121.95723,36.51806],[-121.95698,36.51812],[-121.95665,36.51772],[-121.95684,36.51754],[-121.95734,36.51783],[-121.95648,36.51682],[-121.95643,36.51648],[-121.95667,36.5158],[-121.95558,36.51512],[-121.9557,36.51557],[-121.95633,36.51636],[-121.95623,36.51659],[-121.95473,36.51633],[-121.95473,36.51689],[-121.95389,36.51732],[-121.95319,36.51704],[-121.95277,36.51704],[-121.95122,36.51564],[-121.95066,36.51589],[-121.95038,36.51573],[-121.95028,36.51557],[-121.95049,36.51524],[-121.94996,36.51418],[-121.9494,36.51431],[-121.94898,36.51362],[-121.94842,36.51378],[-121.94767,36.5132],[-121.94728,36.51253],[-121.94645,36.51204],[-121.94601,36.51196],[-121.94589,36.51151],[-121.94462,36.51173],[-121.94358,36.51038],[-121.94306,36.50869],[-121.94364,36.50802],[-121.94476,36.50801],[-121.94515,36.50767],[-121.94525,36.50722],[-121.94496,36.50655],[-121.94518,36.50621],[-121.94501,36.50587],[-121.9451,36.50576],[-121.94448,36.50559],[-121.94364,36.50573],[-121.94266,36.50555],[-121.94238,36.50574],[-121.94196,36.50562],[-121.94164,36.50587],[-121.94076,36.50587],[-121.94058,36.50564],[-121.94049,36.50497],[-121.94087,36.50463],[-121.94094,36.50418],[-121.94041,36.504],[-121.94046,36.5044],[-121.94027,36.50452],[-121.93971,36.50414],[-121.93975,36.5035],[-121.94027,36.50333],[-121.94033,36.50305],[-121.93933,36.50237],[-121.94007,36.50203],[-121.93957,36.50203],[-121.93929,36.50147],[-121.93887,36.50158],[-121.93859,36.50146],[-121.93873,36.50237],[-121.93901,36.50282],[-121.93887,36.50317],[-121.93901,36.50327],[-121.93915,36.50316],[-121.93943,36.50339],[-121.93943,36.50361],[-121.939,36.50384],[-121.93901,36.50418],[-121.93817,36.50463],[-121.93817,36.50497],[-121.93859,36.50543],[-121.93915,36.50564],[-121.93915,36.50587],[-121.93873,36.50632],[-121.93943,36.507],[-121.93999,36.50688],[-121.94042,36.507],[-121.94055,36.50677],[-121.94111,36.50666],[-121.94125,36.50678],[-121.94182,36.50643],[-121.94238,36.50688],[-121.94238,36.50722],[-121.94266,36.50745],[-121.94252,36.50767],[-121.94224,36.50755],[-121.94224,36.5079],[-121.9421,36.50801],[-121.94154,36.5079],[-121.94069,36.50801],[-121.94124,36.50846],[-121.94154,36.50835],[-121.94182,36.50869],[-121.94224,36.50858],[-121.94266,36.50903],[-121.94238,36.50925],[-121.94209,36.50914],[-121.94224,36.50949],[-121.94266,36.50971],[-121.94252,36.50993],[-121.94196,36.51004],[-121.94168,36.51038],[-121.94196,36.51072],[-121.94168,36.51094],[-121.94168,36.51118],[-121.94252,36.5114],[-121.9421,36.51185],[-121.94308,36.51174],[-121.94364,36.51185],[-121.94462,36.51253],[-121.94434,36.51275],[-121.94378,36.51252],[-121.94378,36.51298],[-121.9442,36.5132],[-121.94505,36.51275],[-121.94533,36.51275],[-121.94561,36.51298],[-121.94561,36.51321],[-121.94659,36.5132],[-121.94687,36.51354],[-121.94729,36.51343],[-121.94757,36.51389],[-121.94771,36.51377],[-121.94799,36.51399],[-121.94813,36.5149],[-121.94884,36.5157],[-121.94912,36.51546],[-121.94954,36.51569],[-121.94954,36.51603],[-121.94996,36.51636],[-121.94996,36.51659],[-121.94968,36.51693],[-121.94996,36.51715],[-121.95052,36.51704],[-121.95094,36.51636],[-121.9515,36.51669],[-121.95179,36.51648],[-121.95249,36.51704],[-121.95211,36.51749],[-121.95235,36.51772],[-121.95235,36.51804],[-121.95263,36.51827],[-121.95305,36.51817],[-121.95291,36.51783],[-121.95319,36.51749],[-121.95361,36.51749],[-121.95417,36.51794],[-121.95459,36.51896],[-121.95403,36.51907],[-121.95347,36.51964],[-121.95305,36.51952],[-121.95263,36.519],[-121.95193,36.51896],[-121.95165,36.51907],[-121.95122,36.51964],[-121.95179,36.52009],[-121.95178,36.52054],[-121.95249,36.52043],[-121.95291,36.52062]],[[-121.95263,36.52054],[-121.95263,36.52054]],[[-121.93746,36.52054],[-121.93746,36.52054]],[[-121.93718,36.52043],[-121.93718,36.52043]],[[-121.93704,36.52031],[-121.93704,36.52031]],[[-121.9369,36.5202],[-121.9369,36.5202]],[[-121.93676,36.52009],[-121.93676,36.52009]],[[-121.95165,36.51997],[-121.95165,36.51997]],[[-121.93676,36.51997],[-121.93676,36.51997]],[[-121.95136,36.51975],[-121.95136,36.51975]],[[-121.9369,36.51986],[-121.9369,36.51986]],[[-121.95122,36.51964],[-121.95122,36.51964]],[[-121.93718,36.51964],[-121.93718,36.51964]],[[-121.95361,36.51952],[-121.95361,36.51952]],[[-121.93718,36.51952],[-121.93718,36.51952]],[[-121.95136,36.51941],[-121.95136,36.51941]],[[-121.93732,36.51941],[-121.93732,36.51941]],[[-121.95375,36.5193],[-121.95375,36.5193]],[[-121.9515,36.5193],[-121.9515,36.5193]],[[-121.93746,36.5193],[-121.93746,36.5193]],[[-121.96133,36.51907],[-121.96133,36.51907]],[[-121.95389,36.51918],[-121.95389,36.51918]],[[-121.9376,36.51918],[-121.9376,36.51918]],[[-121.95403,36.51907],[-121.95403,36.51907]],[[-121.95165,36.51907],[-121.95165,36.51907]],[[-121.93788,36.51907],[-121.93788,36.51907]],[[-121.95179,36.51896],[-121.95179,36.51896]],[[-121.93831,36.51896],[-121.93831,36.51896]],[[-121.95642,36.51873],[-121.95642,36.51873]],[[-121.95445,36.51873],[-121.95445,36.51873]],[[-121.95431,36.51839],[-121.95431,36.51839]],[[-121.95417,36.51817],[-121.95417,36.51817]],[[-121.95403,36.51783],[-121.95403,36.51783]],[[-121.95614,36.51776],[-121.95619,36.51749],[-121.95586,36.51723],[-121.95567,36.51727],[-121.95566,36.51749],[-121.95614,36.51776]],[[-121.95389,36.51772],[-121.95389,36.51772]],[[-121.95375,36.51761],[-121.95375,36.51761]],[[-121.95909,36.51731],[-121.95925,36.51704],[-121.95881,36.51672],[-121.95862,36.51715],[-121.95909,36.51731]],[[-121.95824,36.51719],[-121.95835,36.51693],[-121.9581,36.51674],[-121.95793,36.51693],[-121.95824,36.51719]],[[-121.94996,36.51715],[-121.94996,36.51715]],[[-121.95235,36.51715],[-121.95235,36.51715]],[[-121.94982,36.51704],[-121.94982,36.51704]],[[-121.95235,36.51693],[-121.95235,36.51693]],[[-121.94967,36.51693],[-121.94967,36.51693]],[[-121.96035,36.51684],[-121.96016,36.5167],[-121.96035,36.51684]],[[-121.95221,36.51682],[-121.95221,36.51682]],[[-121.95207,36.5167],[-121.95207,36.5167]],[[-121.94982,36.5167],[-121.94982,36.5167]],[[-121.94982,36.51625],[-121.94982,36.51625]],[[-121.94954,36.51603],[-121.94954,36.51603]],[[-121.9494,36.51557],[-121.9494,36.51557]],[[-121.9487,36.51546],[-121.9487,36.51546]],[[-121.94856,36.51535],[-121.94856,36.51535]],[[-121.94842,36.51524],[-121.94842,36.51524]],[[-121.94828,36.51512],[-121.94828,36.51512]],[[-121.96021,36.51496],[-121.96007,36.51473],[-121.96007,36.51499],[-121.96021,36.51496]],[[-121.94813,36.5149],[-121.94813,36.5149]],[[-121.95951,36.51461],[-121.95962,36.51456],[-121.95951,36.51441],[-121.9594,36.51456],[-121.95951,36.51461]],[[-121.94799,36.51445],[-121.94799,36.51445]],[[-121.94785,36.51388],[-121.94785,36.51388]],[[-121.94743,36.51377],[-121.94743,36.51377]],[[-121.94687,36.51354],[-121.94687,36.51354]],[[-121.94673,36.51343],[-121.94673,36.51343]],[[-121.9442,36.5132],[-121.9442,36.5132]],[[-121.94392,36.51309],[-121.94392,36.51309]],[[-121.94378,36.51298],[-121.94378,36.51298]],[[-121.94547,36.51287],[-121.94547,36.51287]],[[-121.94785,36.51258],[-121.94797,36.51253],[-121.94785,36.51232],[-121.94773,36.51241],[-121.94785,36.51258]],[[-121.94448,36.51264],[-121.94448,36.51264]],[[-121.94448,36.51241],[-121.94448,36.51241]],[[-121.9442,36.5123],[-121.9442,36.5123]],[[-121.94406,36.51219],[-121.94406,36.51219]],[[-121.94392,36.51208],[-121.94392,36.51208]],[[-121.94378,36.51196],[-121.94378,36.51196]],[[-121.9421,36.51185],[-121.9421,36.51185]],[[-121.94168,36.51038],[-121.94168,36.51038]],[[-121.94182,36.51027],[-121.94182,36.51027]],[[-121.94196,36.51004],[-121.94196,36.51004]],[[-121.94519,36.50949],[-121.94533,36.50937],[-121.94519,36.50925],[-121.94503,36.50937],[-121.94519,36.50949]],[[-121.9421,36.50925],[-121.9421,36.50925]],[[-121.94252,36.50914],[-121.94252,36.50914]],[[-121.94252,36.50892],[-121.94252,36.50892]],[[-121.94238,36.5088],[-121.94238,36.5088]],[[-121.94182,36.50869],[-121.94182,36.50869]],[[-121.94168,36.50858],[-121.94168,36.50858]],[[-121.94069,36.50801],[-121.94069,36.50801]],[[-121.94154,36.5079],[-121.94154,36.5079]],[[-121.94083,36.5079],[-121.94083,36.5079]],[[-121.94505,36.50779],[-121.94505,36.50779]],[[-121.94125,36.50768],[-121.94125,36.50768]],[[-121.9435,36.50756],[-121.9442,36.507],[-121.94378,36.50632],[-121.94322,36.50621],[-121.94294,36.50598],[-121.9428,36.50609],[-121.9428,36.50711],[-121.9435,36.50756]],[[-121.94364,36.50745],[-121.94364,36.50745]],[[-121.94336,36.50745],[-121.94336,36.50745]],[[-121.94252,36.50734],[-121.94252,36.50734]],[[-121.94392,36.50734],[-121.94392,36.50734]],[[-121.94308,36.50734],[-121.94308,36.50734]],[[-121.94238,36.50722],[-121.94238,36.50722]],[[-121.94294,36.50722],[-121.94294,36.50722]],[[-121.94168,36.50711],[-121.94168,36.507],[-121.94139,36.507],[-121.94168,36.50711]],[[-121.94406,36.50711],[-121.94406,36.50711]],[[-121.94027,36.507],[-121.94027,36.507]],[[-121.93943,36.507],[-121.93943,36.507]],[[-121.94139,36.507],[-121.94139,36.507]],[[-121.93929,36.50688],[-121.93929,36.50688]],[[-121.94224,36.50677],[-121.94224,36.50677]],[[-121.93915,36.50677],[-121.93915,36.50677]],[[-121.9421,36.50666],[-121.9421,36.50666]],[[-121.93901,36.50666],[-121.93901,36.50666]],[[-121.94196,36.50655],[-121.94196,36.50655]],[[-121.93887,36.50643],[-121.93887,36.50643]],[[-121.93873,36.50632],[-121.93873,36.50632]],[[-121.93873,36.50621],[-121.93873,36.50621]],[[-121.93887,36.50609],[-121.93887,36.50609]],[[-121.93901,36.50598],[-121.93901,36.50598]],[[-121.93845,36.50519],[-121.93845,36.50519]],[[-121.93831,36.50508],[-121.93831,36.50508]],[[-121.93817,36.50497],[-121.93817,36.50497]],[[-121.93817,36.50463],[-121.93817,36.50463]],[[-121.93831,36.50451],[-121.93831,36.50451]],[[-121.93845,36.5044],[-121.93845,36.5044]],[[-121.93873,36.50429],[-121.93873,36.50429]],[[-121.93929,36.50372],[-121.93929,36.50372]],[[-121.93929,36.50327],[-121.93929,36.50327]],[[-121.93887,36.50316],[-121.93887,36.50316]],[[-121.93887,36.50271],[-121.93887,36.50271]],[[-121.93873,36.50237],[-121.93873,36.50237]],[[-121.94125,36.50231],[-121.9411,36.50181],[-121.94154,36.50163],[-121.94167,36.50102],[-121.94214,36.50079],[-121.94111,36.50003],[-121.94069,36.49994],[-121.94049,36.49966],[-121.93999,36.49956],[-121.94055,36.50023],[-121.94055,36.50079],[-121.94027,36.50102],[-121.94027,36.50186],[-121.94055,36.50186],[-121.94125,36.50231]],[[-121.93859,36.50181],[-121.93859,36.50181]],[[-121.93915,36.50147],[-121.93915,36.50147]],[[-121.94027,36.50102],[-121.94027,36.50102]],[[-121.94041,36.5009],[-121.94041,36.5009]],[[-121.94041,36.50011],[-121.94041,36.50011]],[[-121.94027,36.5],[-121.94027,36.5]],[[-121.94013,36.49978],[-121.94013,36.49978]],[[-121.93999,36.49966],[-121.93999,36.49966]],[[-121.94633,36.49097],[-121.94579,36.4921],[-121.94575,36.49312],[-121.94554,36.49368],[-121.94406,36.49481],[-121.94292,36.4965],[-121.94266,36.49672],[-121.94168,36.49669],[-121.94111,36.49684],[-121.94079,36.49707],[-121.94043,36.49786],[-121.94001,36.4982],[-121.93987,36.49853],[-121.93929,36.49848],[-121.93888,36.49876],[-121.93902,36.49899],[-121.93998,36.49955],[-121.93956,36.49966],[-121.93929,36.49944],[-121.93901,36.49944],[-121.93887,36.4991],[-121.93817,36.49876],[-121.93788,36.49876],[-121.9376,36.49922],[-121.93746,36.49922],[-121.93718,36.49887],[-121.93662,36.49865],[-121.93676,36.49807],[-121.93718,36.49774],[-121.93774,36.49752],[-121.93901,36.49741],[-121.93915,36.49729],[-121.93915,36.49684],[-121.93985,36.49662],[-121.94027,36.49628],[-121.94013,36.49549],[-121.93985,36.49514],[-121.93999,36.49504],[-121.94055,36.49537],[-121.94083,36.49537],[-121.94111,36.49515],[-121.94111,36.49458],[-121.94196,36.49402],[-121.94237,36.49334],[-121.94266,36.49346],[-121.94294,36.49322],[-121.94308,36.49357],[-121.94336,36.493],[-121.94392,36.493],[-121.94434,36.49334],[-121.94476,36.49312],[-121.94476,36.49266],[-121.94521,36.49233],[-121.94519,36.4921],[-121.94476,36.49176],[-121.94476,36.49154],[-121.94575,36.49097]],[[-121.93662,36.49831],[-121.93662,36.49831]],[[-121.93704,36.49786],[-121.93704,36.49786]],[[-121.93718,36.49774],[-121.93718,36.49774]],[[-121.93746,36.49763],[-121.93746,36.49763]],[[-121.93774,36.49752],[-121.93774,36.49752]],[[-121.93845,36.49741],[-121.93845,36.49741]],[[-121.94111,36.49684],[-121.94111,36.49684]],[[-121.93915,36.49684],[-121.93915,36.49684]],[[-121.93929,36.49673],[-121.93929,36.49673]],[[-121.93971,36.49662],[-121.93971,36.49662]],[[-121.93999,36.4965],[-121.93999,36.4965]],[[-121.94294,36.49639],[-121.94294,36.49639]],[[-121.94013,36.49639],[-121.94013,36.49639]],[[-121.94097,36.49526],[-121.94097,36.49526]],[[-121.94041,36.49526],[-121.94041,36.49526]],[[-121.94027,36.49515],[-121.94027,36.49515]],[[-121.93999,36.49504],[-121.93999,36.49504]],[[-121.94406,36.49481],[-121.94406,36.49481]],[[-121.94111,36.49458],[-121.94111,36.49458]],[[-121.94125,36.49447],[-121.94125,36.49447]],[[-121.94154,36.49436],[-121.94154,36.49436]],[[-121.94168,36.49425],[-121.94168,36.49425]],[[-121.94182,36.49413],[-121.94182,36.49413]],[[-121.94196,36.49391],[-121.94196,36.49391]],[[-121.94547,36.49379],[-121.94547,36.49379]],[[-121.9421,36.49368],[-121.9421,36.49368]],[[-121.94252,36.49334],[-121.94252,36.49334]],[[-121.94462,36.49323],[-121.94462,36.49323]],[[-121.9442,36.49323],[-121.9442,36.49323]],[[-121.9428,36.49323],[-121.9428,36.49323]],[[-121.94406,36.49312],[-121.94406,36.49312]],[[-121.94322,36.49312],[-121.94322,36.49312]],[[-121.94392,36.493],[-121.94392,36.493]],[[-121.94336,36.493],[-121.94336,36.493]],[[-121.94575,36.49233],[-121.94575,36.49233]],[[-121.94476,36.49154],[-121.94476,36.49154]],[[-121.94491,36.49142],[-121.94491,36.49142]],[[-121.94519,36.49131],[-121.94519,36.49131]],[[-121.94547,36.4912],[-121.94547,36.4912]],[[-121.94561,36.49109],[-121.94561,36.49109]]]},"properties":{"depth_m":10}},{"type":"Feature","geometry":{"type":"MultiLineString","coordinates":[[[-121.93699,36.54503],[-121.93669,36.54446],[-121.93696,36.54412],[-121.93624,36.54333],[-121.93648,36.54308],[-121.9369,36.5432],[-121.93701,36.543],[-121.93537,36.54164],[-121.93501,36.54074],[-121.9351,36.54029],[-121.93437,36.53972],[-121.93465,36.53938],[-121.93442,36.53916],[-121.93474,36.53837],[-121.93423,36.53815],[-121.93381,36.53765],[-121.93335,36.53769],[-121.93269,36.53746],[-121.93171,36.53763],[-121.93096,36.5369],[-121.9306,36.53611],[-121.9304,36.53465],[-121.92991,36.53352],[-121.92902,36.53239],[-121.92841,36.53126],[-121.92753,36.5307],[-121.92735,36.53024],[-121.92728,36.529],[-121.92698,36.52855],[-121.92708,36.52833],[-121.92659,36.52765],[-121.92707,36.52703],[-121.92763,36.5271],[-121.92712,36.52663],[-121.92708,36.52641],[-121.92774,36.52517],[-121.92806,36.52495],[-121.92974,36.52448],[-121.93143,36.52448],[-121.93213,36.52425],[-121.93311,36.52426],[-121.93407,36.52471],[-121.9348,36.52465],[-121.9355,36.52381],[-121.93586,36.52381],[-121.93634,36.52412],[-121.9369,36.52423],[-121.93747,36.52392],[-121.93791,36.5228],[-121.93774,36.52291],[-121.93745,36.5228],[-121.93746,36.52302],[-121.93774,36.52325],[-121.9376,36.52336],[-121.93746,36.52325],[-121.9376,36.52313],[-121.93746,36.52325],[-121.93732,36.52313],[-121.93746,36.52302],[-121.93718,36.52347],[-121.93662,36.52359],[-121.93635,36.52336],[-121.93606,36.52347],[-121.93578,36.52301],[-121.93509,36.52246],[-121.93409,36.52234],[-121.93353,36.52291],[-121.93353,36.52313],[-121.93381,36.52336],[-121.93367,36.52347],[-121.93241,36.52336],[-121.93185,36.5237],[-121.93157,36.52347],[-121.9303,36.5237],[-121.9296,36.52325],[-121.9296,36.52291],[-121.92946,36.5228],[-121.92848,36.52268],[-121.92749,36.52313],[-121.92637,36.52426]],[[-121.93171,36.54503],[-121.93213,36.54469],[-121.93297,36.54446],[-121.93367,36.5448],[-121.93381,36.54469],[-121.93367,36.54446],[-121.93339,36.54458],[-121.93381,36.54379],[-121.93381,36.54345],[-121.93325,36.543],[-121.93325,36.54209],[-121.9331,36.54164],[-121.93325,36.54096],[-121.93283,36.54051],[-121.93297,36.53995],[-121.93255,36.53973],[-121.93269,36.53938],[-121.93255,36.53927],[-121.93185,36.53927],[-121.93129,36.5395],[-121.93044,36.53938],[-121.92904,36.5378],[-121.92862,36.53701],[-121.92862,36.53622],[-121.92848,36.53611],[-121.9282,36.53386],[-121.92777,36.53329],[-121.92693,36.53273],[-121.92679,36.53228],[-121.92693,36.53149],[-121.92637,36.53103]],[[-121.93185,36.54491],[-121.93185,36.54491]],[[-121.93199,36.5448],[-121.93199,36.5448]],[[-121.93353,36.54469],[-121.93353,36.54469]],[[-121.93213,36.54469],[-121.93213,36.54469]],[[-121.93241,36.54458],[-121.93241,36.54458]],[[-121.93311,36.54446],[-121.93311,36.54446]],[[-121.93297,36.54446],[-121.93297,36.54446]],[[-121.93353,36.54412],[-121.93353,36.54412]],[[-121.93732,36.54393],[-121.93712,36.5439],[-121.93732,36.54393]],[[-121.93367,36.5439],[-121.93367,36.5439]],[[-121.93311,36.54153],[-121.93311,36.54153]],[[-121.93564,36.54101],[-121.93564,36.54084],[-121.93549,36.54096],[-121.93564,36.54101]],[[-121.93283,36.54029],[-121.93283,36.54029]],[[-121.93255,36.5395],[-121.93255,36.5395]],[[-121.92679,36.53194],[-121.92679,36.53194]],[[-121.92763,36.5255],[-121.92763,36.5255]],[[-121.93437,36.5246],[-121.93437,36.5246]],[[-121.95473,36.52438],[-121.95442,36.52426],[-121.95473,36.52438]],[[-121.94743,36.52439],[-121.94749,36.5237],[-121.94712,36.52336],[-121.94589,36.52291],[-121.94547,36.52234],[-121.94505,36.52234],[-121.94434,36.52189],[-121.9442,36.52167],[-121.94464,36.52144],[-121.94476,36.5211],[-121.94448,36.52076],[-121.94406,36.52099],[-121.94364,36.52076],[-121.94308,36.52088],[-121.94251,36.52076],[-121.94224,36.52099],[-121.94238,36.52167],[-121.94224,36.52178],[-121.94182,36.52155],[-121.94125,36.52167],[-121.94097,36.52155],[-121.94125,36.52201],[-121.94111,36.52223],[-121.94097,36.52201],[-121.94111,36.52189],[-121.94097,36.52201],[-121.94069,36.52189],[-121.94055,36.52155],[-121.93985,36.5211],[-121.93999,36.52076],[-121.94069,36.5202],[-121.94069,36.51986],[-121.94083,36.51975],[-121.94013,36.51918],[-121.93915,36.51896],[-121.93831,36.51896],[-121.9376,36.51918],[-121.93718,36.51952],[-121.93732,36.51986],[-121.93718,36.51997],[-121.9369,36.51986],[-121.93676,36.51997],[-121.9376,36.52065],[-121.93774,36.52133],[-121.9376,36.52144],[-121.93718,36.52133],[-121.93676,36.52099],[-121.93634,36.52144],[-121.93662,36.52179],[-121.93676,36.52167],[-121.93732,36.52178],[-121.9376,36.52201],[-121.93746,36.52223],[-121.93774,36.52246],[-121.93786,36.52246],[-121.93768,36.52178],[-121.93803,36.52144],[-121.93831,36.52143],[-121.93929,36.52211],[-121.93946,36.52201],[-121.93937,36.52155],[-121.93957,36.52142],[-121.93984,36.52167],[-121.93996,36.52223],[-121.94043,36.52302],[-121.94083,36.52334],[-121.94141,36.52291],[-121.9421,36.52204],[-121.94294,36.52147],[-121.9435,36.52143],[-121.94406,36.52171],[-121.94417,36.52234],[-121.94438,36.52257],[-121.94622,36.52336],[-121.94603,36.5237],[-121.94631,36.52404],[-121.94715,36.52446],[-121.94743,36.52439]],[[-121.95459,36.52426],[-121.95459,36.52426]],[[-121.95319,36.52405],[-121.95319,36.52405]],[[-121.9487,36.52406],[-121.94914,36.5237],[-121.94912,36.52351],[-121.94856,36.52363],[-121.94813,36.52404],[-121.94775,36.52392],[-121.94813,36.52415],[-121.9487,36.52406]],[[-121.92651,36.52415],[-121.92651,36.52415]],[[-121.94757,36.52397],[-121.94766,36.52381],[-121.94744,36.52381],[-121.94757,36.52397]],[[-121.95347,36.52385],[-121.95403,36.52376],[-121.95403,36.52359],[-121.95361,36.52347],[-121.95319,36.52313],[-121.95305,36.52325],[-121.95333,36.52347],[-121.95333,36.52387],[-121.95347,36.52385]],[[-121.94828,36.52392],[-121.94828,36.52392]],[[-121.92665,36.52392],[-121.92665,36.52392]],[[-121.95249,36.52371],[-121.95235,36.52336],[-121.95118,36.52268],[-121.94968,36.52122],[-121.9494,36.52132],[-121.94954,36.52167],[-121.94954,36.52268],[-121.94926,36.52291],[-121.9487,36.52234],[-121.94828,36.52245],[-121.94898,36.52331],[-121.95038,36.52249],[-121.95193,36.52361],[-121.95249,36.52371]],[[-121.94743,36.52381],[-121.94743,36.52381]],[[-121.92679,36.52381],[-121.92679,36.52381]],[[-121.92693,36.5237],[-121.92693,36.5237]],[[-121.9553,36.52348],[-121.95538,36.52336],[-121.95516,36.52314],[-121.95487,36.52333],[-121.95477,36.52313],[-121.95516,36.52313],[-121.95544,36.52295],[-121.95532,36.52234],[-121.95483,36.52189],[-121.95473,36.52153],[-121.95403,36.5212],[-121.95375,36.52144],[-121.95417,36.52167],[-121.95459,36.52246],[-121.95431,36.5228],[-121.95361,36.52246],[-121.95346,36.52268],[-121.95473,36.52349],[-121.9553,36.52348]],[[-121.93199,36.52359],[-121.93199,36.52359]],[[-121.93072,36.52359],[-121.93072,36.52359]],[[-121.95319,36.52336],[-121.95319,36.52336]],[[-121.93676,36.52347],[-121.93676,36.52347]],[[-121.93213,36.52347],[-121.93213,36.52347]],[[-121.93114,36.52347],[-121.93114,36.52347]],[[-121.92707,36.52347],[-121.92707,36.52347]],[[-121.95304,36.52325],[-121.95304,36.52325]],[[-121.93634,36.52336],[-121.93634,36.52336]],[[-121.93367,36.52325],[-121.93367,36.52325]],[[-121.93241,36.52336],[-121.93241,36.52336]],[[-121.92721,36.52336],[-121.92721,36.52336]],[[-121.93353,36.52313],[-121.93353,36.52313]],[[-121.92735,36.52325],[-121.92735,36.52325]],[[-121.95403,36.52302],[-121.95403,36.52302]],[[-121.95319,36.52313],[-121.95319,36.52313]],[[-121.92749,36.52313],[-121.92749,36.52313]],[[-121.95389,36.52291],[-121.95389,36.52291]],[[-121.92777,36.52302],[-121.92777,36.52302]],[[-121.95361,36.5228],[-121.95361,36.5228]],[[-121.94533,36.52291],[-121.94533,36.52291]],[[-121.93353,36.52291],[-121.93353,36.52291]],[[-121.92792,36.52291],[-121.92792,36.52291]],[[-121.9494,36.5228],[-121.9494,36.5228]],[[-121.93788,36.5228],[-121.93788,36.5228]],[[-121.9282,36.5228],[-121.9282,36.5228]],[[-121.93367,36.52268],[-121.93367,36.52268]],[[-121.92848,36.52268],[-121.92848,36.52268]],[[-121.95445,36.52257],[-121.95445,36.52257]],[[-121.93774,36.52246],[-121.93774,36.52246]],[[-121.93381,36.52257],[-121.93381,36.52257]],[[-121.95445,36.52234],[-121.95445,36.52234]],[[-121.9376,36.52234],[-121.9376,36.52234]],[[-121.93395,36.52246],[-121.93395,36.52246]],[[-121.93746,36.52223],[-121.93746,36.52223]],[[-121.93409,36.52234],[-121.93409,36.52234]],[[-121.95431,36.52201],[-121.95431,36.52201]],[[-121.93746,36.52212],[-121.93746,36.52212]],[[-121.93746,36.52189],[-121.93746,36.52189]],[[-121.95417,36.52178],[-121.95417,36.52178]],[[-121.9369,36.52178],[-121.9369,36.52178]],[[-121.94097,36.52167],[-121.94097,36.52167]],[[-121.93648,36.52167],[-121.93648,36.52167]],[[-121.95389,36.52155],[-121.95389,36.52155]],[[-121.9494,36.52155],[-121.9494,36.52155]],[[-121.95375,36.52144],[-121.95375,36.52144]],[[-121.94224,36.52144],[-121.94224,36.52144]],[[-121.94154,36.52155],[-121.94154,36.52155]],[[-121.94097,36.52155],[-121.94097,36.52155]],[[-121.93634,36.52144],[-121.93634,36.52144]],[[-121.95389,36.52133],[-121.95389,36.52133]],[[-121.93634,36.52133],[-121.93634,36.52133]],[[-121.95375,36.52099],[-121.95361,36.52098],[-121.95375,36.52099]],[[-121.94224,36.52099],[-121.94224,36.52099]],[[-121.93676,36.52099],[-121.93676,36.52099]],[[-121.95558,36.52082],[-121.95558,36.52061],[-121.9553,36.5206],[-121.95558,36.52082]],[[-121.9376,36.52076],[-121.9376,36.52076]],[[-121.95305,36.52065],[-121.95316,36.52065],[-121.95294,36.52065],[-121.95305,36.52065]],[[-121.94434,36.52076],[-121.94434,36.52076]],[[-121.94322,36.52076],[-121.94322,36.52076]],[[-121.95291,36.52062],[-121.95301,36.52054],[-121.95261,36.5202],[-121.95265,36.52009],[-121.95333,36.52001],[-121.95466,36.52031],[-121.95517,36.51941],[-121.95602,36.51941],[-121.9561,36.51885],[-121.95628,36.51866],[-121.95684,36.51882],[-121.95726,36.51939],[-121.95751,36.5193],[-121.95738,36.51828],[-121.95723,36.51806],[-121.95698,36.51812],[-121.95665,36.51772],[-121.95684,36.51754],[-121.95734,36.51783],[-121.95648,36.51682],[-121.95643,36.51648],[-121.95667,36.5158],[-121.95558,36.51512],[-121.9557,36.51557],[-121.95633,36.51636],[-121.95623,36.51659],[-121.95473,36.51633],[-121.95473,36.51689],[-121.95389,36.51732],[-121.95319,36.51704],[-121.95277,36.51704],[-121.95122,36.51564],[-121.95066,36.51589],[-121.95038,36.51573],[-121.95028,36.51557],[-121.95049,36.51524],[-121.94996,36.51418],[-121.9494,36.51431],[-121.94898,36.51362],[-121.94842,36.51378],[-121.94767,36.5132],[-121.94728,36.51253],[-121.94645,36.51204],[-121.94601,36.51196],[-121.94589,36.51151],[-121.94462,36.51173],[-121.94358,36.51038],[-121.94306,36.50869],[-121.94364,36.50802],[-121.94476,36.50801],[-121.94515,36.50767],[-121.94525,36.50722],[-121.94496,36.50655],[-121.94518,36.50621],[-121.94501,36.50587],[-121.9451,36.50576],[-121.94448,36.50559],[-121.94364,36.50573],[-121.94266,36.50555],[-121.94238,36.50574],[-121.94196,36.50562],[-121.94164,36.50587],[-121.94076,36.50587],[-121.94058,36.50564],[-121.94049,36.50497],[-121.94087,36.50463],[-121.94094,36.50418],[-121.94041,36.504],[-121.94046,36.5044],[-121.94027,36.50452],[-121.93971,36.50414],[-121.93975,36.5035],[-121.94027,36.50333],[-121.94033,36.50305],[-121.93933,36.50237],[-121.94007,36.50203],[-121.93957,36.50203],[-121.93929,36.50147],[-121.93887,36.50158],[-121.93859,36.50146],[-121.93873,36.50237],[-121.93901,36.50282],[-121.93887,36.50317],[-121.93901,36.50327],[-121.93915,36.50316],[-121.93943,36.50339],[-121.93943,36.50361],[-121.939,36.50384],[-121.93901,36.50418],[-121.93817,36.50463],[-121.93817,36.50497],[-121.93859,36.50543],[-121.93915,36.50564],[-121.93915,36.50587],[-121.93873,36.50632],[-121.93943,36.507],[-121.93999,36.50688],[-121.94042,36.507],[-121.94055,36.50677],[-121.94111,36.50666],[-121.94125,36.50678],[-121.94182,36.50643],[-121.94238,36.50688],[-121.94238,36.50722],[-121.94266,36.50745],[-121.94252,36.50767],[-121.94224,36.50755],[-121.94224,36.5079],[-121.9421,36.50801],[-121.94154,36.5079],[-121.94069,36.50801],[-121.94124,36.50846],[-121.94154,36.50835],[-121.94182,36.50869],[-121.94224,36.50858],[-121.94266,36.50903],[-121.94238,36.50925],[-121.94209,36.50914],[-121.94224,36.50949],[-121.94266,36.50971],[-121.94252,36.50993],[-121.94196,36.51004],[-121.94168,36.51038],[-121.94196,36.51072],[-121.94168,36.51094],[-121.94168,36.51118],[-121.94252,36.5114],[-121.9421,36.51185],[-121.94308,36.51174],[-121.94364,36.51185],[-121.94462,36.51253],[-121.94434,36.51275],[-121.94378,36.51252],[-121.94378,36.51298],[-121.9442,36.5132],[-121.94505,36.51275],[-121.94533,36.51275],[-121.94561,36.51298],[-121.94561,36.51321],[-121.94659,36.5132],[-121.94687,36.51354],[-121.94729,36.51343],[-121.94757,36.51389],[-121.94771,36.51377],[-121.94799,36.51399],[-121.94813,36.5149],[-121.94884,36.5157],[-121.94912,36.51546],[-121.94954,36.51569],[-121.94954,36.51603],[-121.94996,36.51636],[-121.94996,36.51659],[-121.94968,36.51693],[-121.94996,36.51715],[-121.95052,36.51704],[-121.95094,36.51636],[-121.9515,36.51669],[-121.95179,36.51648],[-121.95249,36.51704],[-121.95211,36.51749],[-121.95235,36.51772],[-121.95235,36.51804],[-121.95263,36.51827],[-121.95305,36.51817],[-121.95291,36.51783],[-121.95319,36.51749],[-121.95361,36.51749],[-121.95417,36.51794],[-121.95459,36.51896],[-121.95403,36.51907],[-121.95347,36.51964],[-121.95305,36.51952],[-121.95263,36.519],[-121.95193,36.51896],[-121.95165,36.51907],[-121.95122,36.51964],[-121.95179,36.52009],[-121.95178,36.52054],[-121.95249,36.52043],[-121.95291,36.52062]],[[-121.95263,36.52054],[-121.95263,36.52054]],[[-121.93746,36.52054],[-121.93746,36.52054]],[[-121.93718,36.52043],[-121.93718,36.52043]],[[-121.93704,36.52031],[-121.93704,36.52031]],[[-121.9369,36.5202],[-121.9369,36.5202]],[[-121.93676,36.52009],[-121.93676,36.52009]],[[-121.95165,36.51997],[-121.95165,36.51997]],[[-121.93676,36.51997],[-121.93676,36.51997]],[[-121.95136,36.51975],[-121.95136,36.51975]],[[-121.9369,36.51986],[-121.9369,36.51986]],[[-121.95122,36.51964],[-121.95122,36.51964]],[[-121.93718,36.51964],[-121.93718,36.51964]],[[-121.95361,36.51952],[-121.95361,36.51952]],[[-121.93718,36.51952],[-121.93718,36.51952]],[[-121.95136,36.51941],[-121.95136,36.51941]],[[-121.93732,36.51941],[-121.93732,36.51941]],[[-121.95375,36.5193],[-121.95375,36.5193]],[[-121.9515,36.5193],[-121.9515,36.5193]],[[-121.93746,36.5193],[-121.93746,36.5193]],[[-121.96133,36.51907],[-121.96133,36.51907]],[[-121.95389,36.51918],[-121.95389,36.51918]],[[-121.9376,36.51918],[-121.9376,36.51918]],[[-121.95403,36.51907],[-121.95403,36.51907]],[[-121.95165,36.51907],[-121.95165,36.51907]],[[-121.93788,36.51907],[-121.93788,36.51907]],[[-121.95179,36.51896],[-121.95179,36.51896]],[[-121.93831,36.51896],[-121.93831,36.51896]],[[-121.95642,36.51873],[-121.95642,36.51873]],[[-121.95445,36.51873],[-121.95445,36.51873]],[[-121.95431,36.51839],[-121.95431,36.51839]],[[-121.95417,36.51817],[-121.95417,36.51817]],[[-121.95403,36.51783],[-121.95403,36.51783]],[[-121.95614,36.51776],[-121.95619,36.51749],[-121.95586,36.51723],[-121.95567,36.51727],[-121.95566,36.51749],[-121.95614,36.51776]],[[-121.95389,36.51772],[-121.95389,36.51772]],[[-121.95375,36.51761],[-121.95375,36.51761]],[[-121.95909,36.51731],[-121.95925,36.51704],[-121.95881,36.51672],[-121.95862,36.51715],[-121.95909,36.51731]],[[-121.95824,36.51719],[-121.95835,36.51693],[-121.9581,36.51674],[-121.95793,36.51693],[-121.95824,36.51719]],[[-121.94996,36.51715],[-121.94996,36.51715]],[[-121.95235,36.51715],[-121.95235,36.51715]],[[-121.94982,36.51704],[-121.94982,36.51704]],[[-121.95235,36.51693],[-121.95235,36.51693]],[[-121.94967,36.51693],[-121.94967,36.51693]],[[-121.96035,36.51684],[-121.96016,36.5167],[-121.96035,36.51684]],[[-121.95221,36.51682],[-121.95221,36.51682]],[[-121.95207,36.5167],[-121.95207,36.5167]],[[-121.94982,36.5167],[-121.94982,36.5167]],[[-121.94982,36.51625],[-121.94982,36.51625]],[[-121.94954,36.51603],[-121.94954,36.51603]],[[-121.9494,36.51557],[-121.9494,36.51557]],[[-121.9487,36.51546],[-121.9487,36.51546]],[[-121.94856,36.51535],[-121.94856,36.51535]],[[-121.94842,36.51524],[-121.94842,36.51524]],[[-121.94828,36.51512],[-121.94828,36.51512]],[[-121.96021,36.51496],[-121.96007,36.51473],[-121.96007,36.51499],[-121.96021,36.51496]],[[-121.94813,36.5149],[-121.94813,36.5149]],[[-121.95951,36.51461],[-121.95962,36.51456],[-121.95951,36.51441],[-121.9594,36.51456],[-121.95951,36.51461]],[[-121.94799,36.51445],[-121.94799,36.51445]],[[-121.94785,36.51388],[-121.94785,36.51388]],[[-121.94743,36.51377],[-121.94743,36.51377]],[[-121.94687,36.51354],[-121.94687,36.51354]],[[-121.94673,36.51343],[-121.94673,36.51343]],[[-121.9442,36.5132],[-121.9442,36.5132]],[[-121.94392,36.51309],[-121.94392,36.51309]],[[-121.94378,36.51298],[-121.94378,36.51298]],[[-121.94547,36.51287],[-121.94547,36.51287]],[[-121.94785,36.51258],[-121.94797,36.51253],[-121.94785,36.51232],[-121.94773,36.51241],[-121.94785,36.51258]],[[-121.94448,36.51264],[-121.94448,36.51264]],[[-121.94448,36.51241],[-121.94448,36.51241]],[[-121.9442,36.5123],[-121.9442,36.5123]],[[-121.94406,36.51219],[-121.94406,36.51219]],[[-121.94392,36.51208],[-121.94392,36.51208]],[[-121.94378,36.51196],[-121.94378,36.51196]],[[-121.9421,36.51185],[-121.9421,36.51185]],[[-121.94168,36.51038],[-121.94168,36.51038]],[[-121.94182,36.51027],[-121.94182,36.51027]],[[-121.94196,36.51004],[-121.94196,36.51004]],[[-121.94519,36.50949],[-121.94533,36.50937],[-121.94519,36.50925],[-121.94503,36.50937],[-121.94519,36.50949]],[[-121.9421,36.50925],[-121.9421,36.50925]],[[-121.94252,36.50914],[-121.94252,36.50914]],[[-121.94252,36.50892],[-121.94252,36.50892]],[[-121.94238,36.5088],[-121.94238,36.5088]],[[-121.94182,36.50869],[-121.94182,36.50869]],[[-121.94168,36.50858],[-121.94168,36.50858]],[[-121.94069,36.50801],[-121.94069,36.50801]],[[-121.94154,36.5079],[-121.94154,36.5079]],[[-121.94083,36.5079],[-121.94083,36.5079]],[[-121.94505,36.50779],[-121.94505,36.50779]],[[-121.94125,36.50768],[-121.94125,36.50768]],[[-121.9435,36.50756],[-121.9442,36.507],[-121.94378,36.50632],[-121.94322,36.50621],[-121.94294,36.50598],[-121.9428,36.50609],[-121.9428,36.50711],[-121.9435,36.50756]],[[-121.94364,36.50745],[-121.94364,36.50745]],[[-121.94336,36.50745],[-121.94336,36.50745]],[[-121.94252,36.50734],[-121.94252,36.50734]],[[-121.94392,36.50734],[-121.94392,36.50734]],[[-121.94308,36.50734],[-121.94308,36.50734]],[[-121.94238,36.50722],[-121.94238,36.50722]],[[-121.94294,36.50722],[-121.94294,36.50722]],[[-121.94168,36.50711],[-121.94168,36.507],[-121.94139,36.507],[-121.94168,36.50711]],[[-121.94406,36.50711],[-121.94406,36.50711]],[[-121.94027,36.507],[-121.94027,36.507]],[[-121.93943,36.507],[-121.93943,36.507]],[[-121.94139,36.507],[-121.94139,36.507]],[[-121.93929,36.50688],[-121.93929,36.50688]],[[-121.94224,36.50677],[-121.94224,36.50677]],[[-121.93915,36.50677],[-121.93915,36.50677]],[[-121.9421,36.50666],[-121.9421,36.50666]],[[-121.93901,36.50666],[-121.93901,36.50666]],[[-121.94196,36.50655],[-121.94196,36.50655]],[[-121.93887,36.50643],[-121.93887,36.50643]],[[-121.93873,36.50632],[-121.93873,36.50632]],[[-121.93873,36.50621],[-121.93873,36.50621]],[[-121.93887,36.50609],[-121.93887,36.50609]],[[-121.93901,36.50598],[-121.93901,36.50598]],[[-121.93845,36.50519],[-121.93845,36.50519]],[[-121.93831,36.50508],[-121.93831,36.50508]],[[-121.93817,36.50497],[-121.93817,36.50497]],[[-121.93817,36.50463],[-121.93817,36.50463]],[[-121.93831,36.50451],[-121.93831,36.50451]],[[-121.93845,36.5044],[-121.93845,36.5044]],[[-121.93873,36.50429],[-121.93873,36.50429]],[[-121.93929,36.50372],[-121.93929,36.50372]],[[-121.93929,36.50327],[-121.93929,36.50327]],[[-121.93887,36.50316],[-121.93887,36.50316]],[[-121.93887,36.50271],[-121.93887,36.50271]],[[-121.93873,36.50237],[-121.93873,36.50237]],[[-121.94125,36.50231],[-121.9411,36.50181],[-121.94154,36.50163],[-121.94167,36.50102],[-121.94214,36.50079],[-121.94111,36.50003],[-121.94069,36.49994],[-121.94049,36.49966],[-121.93999,36.49956],[-121.94055,36.50023],[-121.94055,36.50079],[-121.94027,36.50102],[-121.94027,36.50186],[-121.94055,36.50186],[-121.94125,36.50231]],[[-121.93859,36.50181],[-121.93859,36.50181]],[[-121.93915,36.50147],[-121.93915,36.50147]],[[-121.94027,36.50102],[-121.94027,36.50102]],[[-121.94041,36.5009],[-121.94041,36.5009]],[[-121.94041,36.50011],[-121.94041,36.50011]],[[-121.94027,36.5],[-121.94027,36.5]],[[-121.94013,36.49978],[-121.94013,36.49978]],[[-121.93999,36.49966],[-121.93999,36.49966]],[[-121.94633,36.49097],[-121.94579,36.4921],[-121.94575,36.49312],[-121.94554,36.49368],[-121.94406,36.49481],[-121.94292,36.4965],[-121.94266,36.49672],[-121.94168,36.49669],[-121.94111,36.49684],[-121.94079,36.49707],[-121.94043,36.49786],[-121.94001,36.4982],[-121.93987,36.49853],[-121.93929,36.49848],[-121.93888,36.49876],[-121.93902,36.49899],[-121.93998,36.49955],[-121.93956,36.49966],[-121.93929,36.49944],[-121.93901,36.49944],[-121.93887,36.4991],[-121.93817,36.49876],[-121.93788,36.49876],[-121.9376,36.49922],[-121.93746,36.49922],[-121.93718,36.49887],[-121.93662,36.49865],[-121.93676,36.49807],[-121.93718,36.49774],[-121.93774,36.49752],[-121.93901,36.49741],[-121.93915,36.49729],[-121.93915,36.49684],[-121.93985,36.49662],[-121.94027,36.49628],[-121.94013,36.49549],[-121.93985,36.49514],[-121.93999,36.49504],[-121.94055,36.49537],[-121.94083,36.49537],[-121.94111,36.49515],[-121.94111,36.49458],[-121.94196,36.49402],[-121.94237,36.49334],[-121.94266,36.49346],[-121.94294,36.49322],[-121.94308,36.49357],[-121.94336,36.493],[-121.94392,36.493],[-121.94434,36.49334],[-121.94476,36.49312],[-121.94476,36.49266],[-121.94521,36.49233],[-121.94519,36.4921],[-121.94476,36.49176],[-121.94476,36.49154],[-121.94575,36.49097]],[[-121.93662,36.49831],[-121.93662,36.49831]],[[-121.93704,36.49786],[-121.93704,36.49786]],[[-121.93718,36.49774],[-121.93718,36.49774]],[[-121.93746,36.49763],[-121.93746,36.49763]],[[-121.93774,36.49752],[-121.93774,36.49752]],[[-121.93845,36.49741],[-121.93845,36.49741]],[[-121.94111,36.49684],[-121.94111,36.49684]],[[-121.93915,36.49684],[-121.93915,36.49684]],[[-121.93929,36.49673],[-121.93929,36.49673]],[[-121.93971,36.49662],[-121.93971,36.49662]],[[-121.93999,36.4965],[-121.93999,36.4965]],[[-121.94294,36.49639],[-121.94294,36.49639]],[[-121.94013,36.49639],[-121.94013,36.49639]],[[-121.94097,36.49526],[-121.94097,36.49526]],[[-121.94041,36.49526],[-121.94041,36.49526]],[[-121.94027,36.49515],[-121.94027,36.49515]],[[-121.93999,36.49504],[-121.93999,36.49504]],[[-121.94406,36.49481],[-121.94406,36.49481]],[[-121.94111,36.49458],[-121.94111,36.49458]],[[-121.94125,36.49447],[-121.94125,36.49447]],[[-121.94154,36.49436],[-121.94154,36.49436]],[[-121.94168,36.49425],[-121.94168,36.49425]],[[-121.94182,36.49413],[-121.94182,36.49413]],[[-121.94196,36.49391],[-121.94196,36.49391]],[[-121.94547,36.49379],[-121.94547,36.49379]],[[-121.9421,36.49368],[-121.9421,36.49368]],[[-121.94252,36.49334],[-121.94252,36.49334]],[[-121.94462,36.49323],[-121.94462,36.49323]],[[-121.9442,36.49323],[-121.9442,36.49323]],[[-121.9428,36.49323],[-121.9428,36.49323]],[[-121.94406,36.49312],[-121.94406,36.49312]],[[-121.94322,36.49312],[-121.94322,36.49312]],[[-121.94392,36.493],[-121.94392,36.493]],[[-121.94336,36.493],[-121.94336,36.493]],[[-121.94575,36.49233],[-121.94575,36.49233]],[[-121.94476,36.49154],[-121.94476,36.49154]],[[-121.94491,36.49142],[-121.94491,36.49142]],[[-121.94519,36.49131],[-121.94519,36.49131]],[[-121.94547,36.4912],[-121.94547,36.4912]],[[-121.94561,36.49109],[-121.94561,36.49109]]]},"properties":{"depth_m":10}},{"type":"Feature","geometry":{"type":"MultiLineString","coordinates":[[[-121.93803,36.54503],[-121.93779,36.54424],[-121.93794,36.54401],[-121.93768,36.54367],[-121.93799,36.54345],[-121.93752,36.543],[-121.93758,36.54254],[-121.9369,36.54213],[-121.9362,36.54108],[-121.9355,36.54053],[-121.93533,36.54017],[-121.93535,36.53984],[-121.93518,36.5395],[-121.93545,36.53893],[-121.93507,36.53803],[-121.93381,36.53724],[-121.93311,36.53722],[-121.93192,36.53656],[-121.93143,36.53587],[-121.93072,36.53338],[-121.93034,36.53284],[-121.92899,36.53182],[-121.92881,36.53103],[-121.92811,36.53024],[-121.92771,36.52945],[-121.92747,36.52866],[-121.92751,36.5281],[-121.92732,36.52776],[-121.92733,36.52754],[-121.92778,36.5272],[-121.92741,36.52652],[-121.92787,36.52528],[-121.92904,36.5249],[-121.9303,36.52553],[-121.93129,36.52503],[-121.93339,36.52479],[-121.93381,36.52503],[-121.93564,36.52495],[-121.93606,36.5252],[-121.93634,36.5252],[-121.93638,36.52494],[-121.93608,36.5246],[-121.93634,36.52445],[-121.93704,36.52442],[-121.9376,36.52408],[-121.93788,36.52347],[-121.93837,36.52302],[-121.93813,36.52246],[-121.93831,36.52228],[-121.93971,36.52238],[-121.94041,36.52314],[-121.94097,36.52344],[-121.94196,36.52309],[-121.94308,36.52297],[-121.94312,36.52268],[-121.94275,36.52223],[-121.94322,36.52181],[-121.94524,36.52313],[-121.94558,36.52347],[-121.94548,36.5237],[-121.94561,36.52387],[-121.94645,36.52424],[-121.94729,36.52486],[-121.94743,36.52485],[-121.94757,36.52452],[-121.94799,36.52446],[-121.94923,36.52494],[-121.94932,36.52483],[-121.9489,36.52449],[-121.94891,36.52426],[-121.94968,36.52339],[-121.95024,36.52343],[-121.95066,36.52298],[-121.95193,36.52383],[-121.95249,36.5239],[-121.9526,36.52381],[-121.95249,36.52347],[-121.95122,36.52268],[-121.94968,36.52122],[-121.9494,36.52131],[-121.94954,36.52212],[-121.94954,36.52246],[-121.9494,36.52257],[-121.94954,36.52268],[-121.94926,36.52291],[-121.9487,36.52234],[-121.94828,36.52244],[-121.94862,36.52302],[-121.94856,36.5237],[-121.94813,36.52404],[-121.94715,36.52336],[-121.94589,36.52291],[-121.94548,36.52234],[-121.94505,36.52234],[-121.94434,36.52189],[-121.9442,36.52167],[-121.94464,36.52144],[-121.94476,36.5211],[-121.94448,36.52076],[-121.94406,36.52099],[-121.94364,36.52076],[-121.94308,36.52088],[-121.9425,36.52076],[-121.94224,36.52099],[-121.94238,36.52167],[-121.94224,36.52178],[-121.94182,36.52155],[-121.94125,36.52167],[-121.94097,36.52155],[-121.94125,36.52201],[-121.94111,36.52223],[-121.94097,36.52201],[-121.94111,36.52189],[-121.94097,36.52201],[-121.94069,36.52189],[-121.94055,36.52154],[-121.93985,36.5211],[-121.93999,36.52076],[-121.94069,36.5202],[-121.94083,36.51964],[-121.93985,36.51907],[-121.93831,36.51896],[-121.9376,36.51918],[-121.93718,36.51952],[-121.93732,36.51986],[-121.93718,36.51997],[-121.9369,36.51986],[-121.93676,36.51997],[-121.9376,36.52065],[-121.93774,36.52133],[-121.9376,36.52144],[-121.93718,36.52133],[-121.9369,36.52099],[-121.93634,36.52133],[-121.93662,36.52179],[-121.93676,36.52167],[-121.93732,36.52178],[-121.9376,36.52201],[-121.93746,36.52223],[-121.93802,36.52268],[-121.93774,36.52291],[-121.93745,36.5228],[-121.93746,36.52302],[-121.93774,36.52325],[-121.9376,36.52336],[-121.93746,36.52325],[-121.9376,36.52313],[-121.93746,36.52325],[-121.93732,36.52313],[-121.93746,36.52302],[-121.93718,36.52347],[-121.93662,36.52359],[-121.93635,36.52336],[-121.93606,36.52347],[-121.93578,36.52301],[-121.9351,36.52246],[-121.93409,36.52234],[-121.93353,36.52291],[-121.93353,36.52313],[-121.93381,36.52336],[-121.93367,36.52347],[-121.93241,36.52336],[-121.93185,36.5237],[-121.93157,36.52347],[-121.9303,36.5237],[-121.9296,36.52325],[-121.9296,36.52291],[-121.92946,36.5228],[-121.92848,36.52268],[-121.92749,36.52313],[-121.92637,36.52426]],[[-121.93171,36.54503],[-121.93213,36.54469],[-121.93297,36.54446],[-121.93367,36.5448],[-121.93381,36.54469],[-121.93367,36.54446],[-121.93339,36.54458],[-121.93381,36.54379],[-121.93381,36.54345],[-121.93325,36.543],[-121.93325,36.54209],[-121.93309,36.54164],[-121.93325,36.54142],[-121.93325,36.54096],[-121.93283,36.54051],[-121.93297,36.53995],[-121.93255,36.53973],[-121.93269,36.53938],[-121.93255,36.53927],[-121.93185,36.53927],[-121.93129,36.5395],[-121.93044,36.53938],[-121.92904,36.5378],[-121.92862,36.53701],[-121.92862,36.53622],[-121.92848,36.53611],[-121.9282,36.53386],[-121.92777,36.53329],[-121.92693,36.53273],[-121.92679,36.53228],[-121.92693,36.53149],[-121.92637,36.53103]],[[-121.93185,36.54491],[-121.93185,36.54491]],[[-121.93199,36.5448],[-121.93199,36.5448]],[[-121.93353,36.54469],[-121.93353,36.54469]],[[-121.93213,36.54469],[-121.93213,36.54469]],[[-121.93241,36.54458],[-121.93241,36.54458]],[[-121.93311,36.54446],[-121.93311,36.54446]],[[-121.93297,36.54446],[-121.93297,36.54446]],[[-121.93353,36.54412],[-121.93353,36.54412]],[[-121.93367,36.5439],[-121.93367,36.5439]],[[-121.93311,36.54153],[-121.93311,36.54153]],[[-121.93578,36.54026],[-121.93589,36.54017],[-121.93578,36.54002],[-121.9355,36.54006],[-121.93578,36.54026]],[[-121.93283,36.54029],[-121.93283,36.54029]],[[-121.93255,36.5395],[-121.93255,36.5395]],[[-121.92679,36.53194],[-121.92679,36.53194]],[[-121.92749,36.52641],[-121.92749,36.52641]],[[-121.92988,36.52528],[-121.92988,36.52528]],[[-121.95487,36.52462],[-121.95498,36.52449],[-121.95487,36.52434],[-121.95445,36.52416],[-121.95433,36.52426],[-121.95487,36.52462]],[[-121.94743,36.52471],[-121.94743,36.52471]],[[-121.95038,36.52451],[-121.95038,36.52436],[-121.95038,36.52451]],[[-121.95361,36.52435],[-121.95389,36.52394],[-121.95405,36.52392],[-121.95403,36.52359],[-121.95375,36.52336],[-121.95361,36.52347],[-121.95319,36.52312],[-121.95305,36.52325],[-121.95333,36.52347],[-121.95333,36.52392],[-121.95307,36.52404],[-121.95361,36.52435]],[[-121.95375,36.52426],[-121.95375,36.52426]],[[-121.9435,36.52416],[-121.94354,36.52381],[-121.94322,36.52368],[-121.94335,36.52415],[-121.9435,36.52416]],[[-121.94603,36.52404],[-121.94603,36.52404]],[[-121.92651,36.52415],[-121.92651,36.52415]],[[-121.94828,36.52392],[-121.94828,36.52392]],[[-121.92665,36.52392],[-121.92665,36.52392]],[[-121.94575,36.49097],[-121.94476,36.49154],[-121.94476,36.49176],[-121.94519,36.49221],[-121.94476,36.49265],[-121.94476,36.49312],[-121.94448,36.49334],[-121.94392,36.493],[-121.9435,36.49299],[-121.94322,36.49312],[-121.94322,36.49346],[-121.94308,36.49357],[-121.94294,36.49322],[-121.94266,36.49346],[-121.94236,36.49334],[-121.94196,36.49402],[-121.94111,36.49458],[-121.94111,36.49515],[-121.94083,36.49537],[-121.94055,36.49537],[-121.93999,36.49504],[-121.93985,36.49513],[-121.94013,36.49549],[-121.94027,36.49628],[-121.93985,36.49662],[-121.93915,36.49684],[-121.93915,36.49729],[-121.93774,36.49752],[-121.93718,36.49774],[-121.93662,36.49831],[-121.93662,36.49865],[-121.93718,36.49887],[-121.93746,36.49923],[-121.9376,36.49923],[-121.93788,36.49876],[-121.93817,36.49876],[-121.93887,36.4991],[-121.93901,36.49944],[-121.93929,36.49944],[-121.93956,36.49966],[-121.93985,36.49955],[-121.94055,36.50023],[-121.94055,36.50079],[-121.94027,36.50102],[-121.94027,36.50181],[-121.94013,36.50192],[-121.93957,36.50203],[-121.93929,36.50147],[-121.93887,36.50158],[-121.93859,36.50146],[-121.93873,36.50237],[-121.93901,36.50282],[-121.93887,36.50317],[-121.93901,36.50327],[-121.93915,36.50316],[-121.93943,36.50339],[-121.93943,36.50361],[-121.93899,36.50384],[-121.93901,36.50418],[-121.93817,36.50463],[-121.93817,36.50497],[-121.93871,36.50553],[-121.93915,36.50564],[-121.93915,36.50587],[-121.93873,36.50632],[-121.93943,36.507],[-121.93985,36.50688],[-121.94043,36.507],[-121.94055,36.50677],[-121.94111,36.50666],[-121.94125,36.50679],[-121.94182,36.50643],[-121.94238,36.50688],[-121.94238,36.50722],[-121.94266,36.50756],[-121.94252,36.50767],[-121.94224,36.50755],[-121.94224,36.5079],[-121.9421,36.50801],[-121.94097,36.5079],[-121.94069,36.50801],[-121.94124,36.50846],[-121.94154,36.50835],[-121.94182,36.50869],[-121.94224,36.50858],[-121.94266,36.50903],[-121.94238,36.50925],[-121.94208,36.50914],[-121.94224,36.50949],[-121.94266,36.50971],[-121.94252,36.50993],[-121.94196,36.51003],[-121.94168,36.51038],[-121.94196,36.51061],[-121.94168,36.51093],[-121.94168,36.51119],[-121.94252,36.5114],[-121.9421,36.51185],[-121.94294,36.51174],[-121.94364,36.51185],[-121.94462,36.51253],[-121.94434,36.51275],[-121.94378,36.51251],[-121.94378,36.51298],[-121.9442,36.5132],[-121.94505,36.51275],[-121.94533,36.51275],[-121.94561,36.51298],[-121.94561,36.51322],[-121.94659,36.5132],[-121.94687,36.51354],[-121.94729,36.51343],[-121.94757,36.51389],[-121.94771,36.51377],[-121.94799,36.51399],[-121.94813,36.5149],[-121.94884,36.5157],[-121.94912,36.51546],[-121.94954,36.51569],[-121.94954,36.51604],[-121.94996,36.51636],[-121.94996,36.51659],[-121.94966,36.51693],[-121.94996,36.51715],[-121.95052,36.51705],[-121.95094,36.51636],[-121.9515,36.5167],[-121.95179,36.51648],[-121.95249,36.51704],[-121.95207,36.5175],[-121.95263,36.51828],[-121.95305,36.51818],[-121.95291,36.51783],[-121.95319,36.51749],[-121.95361,36.51749],[-121.95417,36.51794],[-121.95459,36.51885],[-121.95445,36.51907],[-121.95403,36.51906],[-121.95333,36.51964],[-121.95291,36.51941],[-121.95291,36.51918],[-121.95263,36.51896],[-121.95179,36.51896],[-121.95122,36.51965],[-121.95179,36.52009],[-121.95177,36.52054],[-121.95249,36.52043],[-121.95403,36.52122],[-121.95375,36.52144],[-121.95417,36.52167],[-121.95459,36.52246],[-121.95431,36.5228],[-121.95361,36.52246],[-121.95345,36.52268],[-121.95487,36.52372],[-121.95558,36.52347],[-121.95591,36.52302],[-121.95501,36.52201],[-121.95478,36.52144],[-121.95389,36.52073],[-121.95403,36.52064],[-121.95445,36.5208],[-121.95502,36.52057],[-121.95546,36.5211],[-121.95589,36.52076],[-121.95548,36.52043],[-121.95544,36.52018],[-121.95572,36.52003],[-121.95628,36.52042],[-121.95658,36.5202],[-121.95642,36.51926],[-121.95698,36.51922],[-121.9574,36.51959],[-121.95768,36.51948],[-121.95782,36.51914],[-121.95756,36.51817],[-121.95775,36.51783],[-121.95741,36.51749],[-121.95728,36.51693],[-121.95671,36.51659],[-121.95693,36.51591],[-121.95684,36.51569],[-121.95516,36.51464],[-121.95501,36.51478],[-121.95552,36.51557],[-121.95544,36.51579],[-121.95502,36.51579],[-121.95459,36.51541],[-121.95437,36.51557],[-121.95452,36.51591],[-121.95431,36.51628],[-121.95389,36.51623],[-121.95305,36.51663],[-121.95239,36.51636],[-121.95136,36.51547],[-121.95094,36.51542],[-121.95083,36.51524],[-121.95095,36.5149],[-121.95052,36.51468],[-121.95046,36.51445],[-121.95062,36.51399],[-121.95052,36.5137],[-121.94996,36.5138],[-121.94981,36.51366],[-121.94992,36.51343],[-121.94968,36.51328],[-121.94898,36.51337],[-121.94856,36.51309],[-121.94814,36.51309],[-121.94807,36.51287],[-121.94849,36.5123],[-121.94828,36.51185],[-121.94701,36.51168],[-121.94645,36.5113],[-121.94561,36.51112],[-121.94495,36.5105],[-121.94491,36.51011],[-121.94391,36.50982],[-121.94399,36.50948],[-121.94451,36.50903],[-121.94444,36.50892],[-121.9435,36.50895],[-121.94328,36.5088],[-121.94336,36.50849],[-121.94378,36.50813],[-121.94448,36.50809],[-121.94519,36.50836],[-121.94549,36.50801],[-121.94589,36.50806],[-121.94636,36.50779],[-121.94642,36.50767],[-121.94617,36.50753],[-121.94589,36.50767],[-121.94519,36.50655],[-121.94533,36.50571],[-121.94448,36.50529],[-121.94406,36.50543],[-121.94364,36.50526],[-121.94308,36.50546],[-121.9421,36.50519],[-121.94125,36.50472],[-121.94112,36.50451],[-121.94114,36.50395],[-121.94073,36.50361],[-121.94059,36.50293],[-121.94153,36.50248],[-121.94151,36.50203],[-121.94196,36.50155],[-121.94229,36.50079],[-121.94043,36.49932],[-121.94048,36.49899],[-121.94111,36.49831],[-121.94091,36.49786],[-121.94154,36.49716],[-121.94294,36.49693],[-121.94447,36.4956],[-121.94464,36.49492],[-121.94522,36.49447],[-121.94593,36.49346],[-121.94607,36.49312],[-121.94603,36.49221],[-121.94658,36.49097]],[[-121.92679,36.52381],[-121.92679,36.52381]],[[-121.92693,36.5237],[-121.92693,36.5237]],[[-121.93199,36.52359],[-121.93199,36.52359]],[[-121.93072,36.52359],[-121.93072,36.52359]],[[-121.95558,36.52347],[-121.95558,36.52347]],[[-121.95319,36.52336],[-121.95319,36.52336]],[[-121.93676,36.52347],[-121.93676,36.52347]],[[-121.93213,36.52347],[-121.93213,36.52347]],[[-121.93114,36.52347],[-121.93114,36.52347]],[[-121.92707,36.52347],[-121.92707,36.52347]],[[-121.95375,36.52336],[-121.95375,36.52336]],[[-121.95304,36.52325],[-121.95304,36.52325]],[[-121.94111,36.52336],[-121.94111,36.52336]],[[-121.93634,36.52336],[-121.93634,36.52336]],[[-121.93367,36.52325],[-121.93367,36.52325]],[[-121.93241,36.52336],[-121.93241,36.52336]],[[-121.92721,36.52336],[-121.92721,36.52336]],[[-121.93353,36.52313],[-121.93353,36.52313]],[[-121.92735,36.52325],[-121.92735,36.52325]],[[-121.94856,36.52313],[-121.94856,36.52313]],[[-121.92749,36.52313],[-121.92749,36.52313]],[[-121.92777,36.52302],[-121.92777,36.52302]],[[-121.93353,36.52291],[-121.93353,36.52291]],[[-121.92792,36.52291],[-121.92792,36.52291]],[[-121.9494,36.5228],[-121.9494,36.5228]],[[-121.93788,36.5228],[-121.93788,36.5228]],[[-121.9282,36.5228],[-121.9282,36.5228]],[[-121.95417,36.52268],[-121.95417,36.52268]],[[-121.94939,36.52257],[-121.94939,36.52257]],[[-121.93788,36.52257],[-121.93788,36.52257]],[[-121.93367,36.52268],[-121.93367,36.52268]],[[-121.92848,36.52268],[-121.92848,36.52268]],[[-121.95445,36.52257],[-121.95445,36.52257]],[[-121.95389,36.52257],[-121.95389,36.52257]],[[-121.93774,36.52246],[-121.93774,36.52246]],[[-121.93381,36.52257],[-121.93381,36.52257]],[[-121.95361,36.52246],[-121.95361,36.52246]],[[-121.9376,36.52234],[-121.9376,36.52234]],[[-121.93395,36.52246],[-121.93395,36.52246]],[[-121.93746,36.52223],[-121.93746,36.52223]],[[-121.93409,36.52234],[-121.93409,36.52234]],[[-121.93746,36.52189],[-121.93746,36.52189]],[[-121.9435,36.52189],[-121.9435,36.52189]],[[-121.9369,36.52178],[-121.9369,36.52178]],[[-121.94097,36.52167],[-121.94097,36.52167]],[[-121.93648,36.52167],[-121.93648,36.52167]],[[-121.9494,36.52155],[-121.9494,36.52155]],[[-121.94224,36.52144],[-121.94224,36.52144]],[[-121.94154,36.52155],[-121.94154,36.52155]],[[-121.94097,36.52155],[-121.94097,36.52155]],[[-121.93634,36.52144],[-121.93634,36.52144]],[[-121.95375,36.52144],[-121.95375,36.52144]],[[-121.95389,36.52133],[-121.95389,36.52133]],[[-121.93634,36.52133],[-121.93634,36.52133]],[[-121.94224,36.52099],[-121.94224,36.52099]],[[-121.93676,36.52099],[-121.93676,36.52099]],[[-121.96021,36.52078],[-121.96038,36.52065],[-121.96021,36.5205],[-121.96005,36.52065],[-121.96021,36.52078]],[[-121.9376,36.52076],[-121.9376,36.52076]],[[-121.94322,36.52076],[-121.94322,36.52076]],[[-121.95473,36.52065],[-121.95473,36.52065]],[[-121.93746,36.52054],[-121.93746,36.52054]],[[-121.93718,36.52043],[-121.93718,36.52043]],[[-121.95923,36.52041],[-121.95934,36.52031],[-121.95924,36.52009],[-121.95895,36.51996],[-121.95893,36.5202],[-121.95923,36.52041]],[[-121.93704,36.52031],[-121.93704,36.52031]],[[-121.9369,36.5202],[-121.9369,36.5202]],[[-121.96063,36.52018],[-121.96075,36.51997],[-121.96049,36.51984],[-121.96041,36.51997],[-121.96063,36.52018]],[[-121.93676,36.52009],[-121.93676,36.52009]],[[-121.93676,36.51997],[-121.93676,36.51997]],[[-121.95993,36.51976],[-121.96018,36.51952],[-121.95979,36.51928],[-121.9597,36.51964],[-121.95993,36.51976]],[[-121.9369,36.51986],[-121.9369,36.51986]],[[-121.96105,36.51969],[-121.96147,36.51929],[-121.96176,36.5196],[-121.96197,36.51941],[-121.96154,36.51896],[-121.96105,36.51896],[-121.96077,36.5193],[-121.96105,36.51969]],[[-121.93718,36.51964],[-121.93718,36.51964]],[[-121.95122,36.51964],[-121.95122,36.51964]],[[-121.95361,36.51952],[-121.95361,36.51952]],[[-121.95319,36.51952],[-121.95319,36.51952]],[[-121.93718,36.51952],[-121.93718,36.51952]],[[-121.95136,36.51941],[-121.95136,36.51941]],[[-121.93732,36.51941],[-121.93732,36.51941]],[[-121.9515,36.5193],[-121.9515,36.5193]],[[-121.93746,36.5193],[-121.93746,36.5193]],[[-121.9567,36.51918],[-121.9567,36.51918]],[[-121.95389,36.51918],[-121.95389,36.51918]],[[-121.95291,36.51918],[-121.95291,36.51918]],[[-121.9376,36.51918],[-121.9376,36.51918]],[[-121.95951,36.51899],[-121.95979,36.51894],[-121.95997,36.51862],[-121.95943,36.51862],[-121.95927,36.51885],[-121.95951,36.51899]],[[-121.95277,36.51907],[-121.95277,36.51907]],[[-121.95165,36.51907],[-121.95165,36.51907]],[[-121.93788,36.51907],[-121.93788,36.51907]],[[-121.96105,36.51896],[-121.96105,36.51896]],[[-121.95263,36.51896],[-121.95263,36.51896]],[[-121.95179,36.51896],[-121.95179,36.51896]],[[-121.93831,36.51896],[-121.93831,36.51896]],[[-121.95698,36.51805],[-121.95711,36.51794],[-121.95698,36.51783],[-121.95684,36.51794],[-121.95698,36.51805]],[[-121.95979,36.51784],[-121.95994,36.51772],[-121.95952,36.51704],[-121.95979,36.51693],[-121.96064,36.51704],[-121.96108,36.51636],[-121.96077,36.5163],[-121.96049,36.51646],[-121.95951,36.51615],[-121.95895,36.51634],[-121.95853,36.51671],[-121.9581,36.51665],[-121.9578,36.51682],[-121.95783,36.51761],[-121.9581,36.51783],[-121.95881,36.51793],[-121.95909,36.51772],[-121.95979,36.51784]],[[-121.95684,36.51794],[-121.95698,36.51783],[-121.95684,36.51765],[-121.9567,36.51772],[-121.95684,36.51794]],[[-121.95305,36.51794],[-121.95305,36.51794]],[[-121.95796,36.51772],[-121.95796,36.51772]],[[-121.9567,36.51772],[-121.9567,36.51772]],[[-121.95909,36.51772],[-121.95909,36.51772]],[[-121.95207,36.51749],[-121.95207,36.51749]],[[-121.95221,36.51727],[-121.95221,36.51727]],[[-121.95235,36.51715],[-121.95235,36.51715]],[[-121.94982,36.5167],[-121.94982,36.5167]],[[-121.95923,36.51596],[-121.95961,36.51557],[-121.95937,36.51527],[-121.95904,36.51546],[-121.95923,36.51596]],[[-121.96021,36.51516],[-121.96064,36.51467],[-121.96035,36.51445],[-121.95993,36.5144],[-121.9599,36.51411],[-121.95965,36.51395],[-121.95921,36.51456],[-121.96021,36.51516]],[[-121.94448,36.51264],[-121.94448,36.51264]],[[-121.9442,36.51264],[-121.9442,36.51264]],[[-121.94406,36.51253],[-121.94406,36.51253]],[[-121.94168,36.51038],[-121.94168,36.51038]],[[-121.94182,36.51027],[-121.94182,36.51027]],[[-121.94561,36.50971],[-121.94562,36.50948],[-121.94533,36.50923],[-121.94492,36.50937],[-121.94505,36.50966],[-121.94561,36.50971]],[[-121.94392,36.50959],[-121.94392,36.50959]],[[-121.94252,36.50914],[-121.94252,36.50914]],[[-121.94224,36.50914],[-121.94224,36.50914]],[[-121.94069,36.50801],[-121.94069,36.50801]],[[-121.94168,36.5079],[-121.94168,36.5079]],[[-121.94154,36.5079],[-121.94154,36.5079]],[[-121.94097,36.5079],[-121.94097,36.5079]],[[-121.94083,36.5079],[-121.94083,36.5079]],[[-121.94125,36.50769],[-121.94125,36.50769]],[[-121.9435,36.50756],[-121.9442,36.507],[-121.94378,36.50632],[-121.94322,36.50621],[-121.94294,36.50598],[-121.9428,36.50609],[-121.9428,36.50711],[-121.9435,36.50756]],[[-121.94238,36.50756],[-121.94238,36.50756]],[[-121.94364,36.50745],[-121.94364,36.50745]],[[-121.94336,36.50745],[-121.94336,36.50745]],[[-121.94392,36.50734],[-121.94392,36.50734]],[[-121.94308,36.50734],[-121.94308,36.50734]],[[-121.94294,36.50722],[-121.94294,36.50722]],[[-121.94168,36.50711],[-121.94168,36.507],[-121.94139,36.507],[-121.94168,36.50711]],[[-121.94406,36.50711],[-121.94406,36.50711]],[[-121.94139,36.507],[-121.94139,36.507]],[[-121.94519,36.50643],[-121.94519,36.50643]],[[-121.93873,36.50621],[-121.93873,36.50621]],[[-121.93887,36.50609],[-121.93887,36.50609]],[[-121.93901,36.50598],[-121.93901,36.50598]],[[-121.93817,36.50463],[-121.93817,36.50463]],[[-121.93831,36.50451],[-121.93831,36.50451]],[[-121.93845,36.5044],[-121.93845,36.5044]],[[-121.93873,36.50429],[-121.93873,36.50429]],[[-121.93929,36.50372],[-121.93929,36.50372]],[[-121.93887,36.50316],[-121.93887,36.50316]],[[-121.93999,36.50192],[-121.93999,36.50192]],[[-121.93943,36.50158],[-121.93943,36.50158]],[[-121.93929,36.50147],[-121.93929,36.50147]],[[-121.93915,36.50147],[-121.93915,36.50147]],[[-121.93873,36.50147],[-121.93873,36.50147]],[[-121.94027,36.50102],[-121.94027,36.50102]],[[-121.94041,36.5009],[-121.94041,36.5009]],[[-121.93662,36.49831],[-121.93662,36.49831]],[[-121.93704,36.49786],[-121.93704,36.49786]],[[-121.93718,36.49774],[-121.93718,36.49774]],[[-121.93746,36.49763],[-121.93746,36.49763]],[[-121.93774,36.49752],[-121.93774,36.49752]],[[-121.93845,36.49741],[-121.93845,36.49741]],[[-121.93915,36.49684],[-121.93915,36.49684]],[[-121.93929,36.49673],[-121.93929,36.49673]],[[-121.93971,36.49662],[-121.93971,36.49662]],[[-121.93999,36.4965],[-121.93999,36.4965]],[[-121.94013,36.49639],[-121.94013,36.49639]],[[-121.94097,36.49526],[-121.94097,36.49526]],[[-121.94041,36.49526],[-121.94041,36.49526]],[[-121.94027,36.49515],[-121.94027,36.49515]],[[-121.93999,36.49504],[-121.93999,36.49504]],[[-121.94111,36.49458],[-121.94111,36.49458]],[[-121.94125,36.49447],[-121.94125,36.49447]],[[-121.94154,36.49436],[-121.94154,36.49436]],[[-121.94168,36.49425],[-121.94168,36.49425]],[[-121.94182,36.49413],[-121.94182,36.49413]],[[-121.94196,36.49391],[-121.94196,36.49391]],[[-121.9421,36.49368],[-121.9421,36.49368]],[[-121.94252,36.49334],[-121.94252,36.49334]],[[-121.94462,36.49323],[-121.94462,36.49323]],[[-121.9442,36.49323],[-121.9442,36.49323]],[[-121.9428,36.49323],[-121.9428,36.49323]],[[-121.94406,36.49312],[-121.94406,36.49312]],[[-121.94322,36.49312],[-121.94322,36.49312]],[[-121.94392,36.493],[-121.94392,36.493]],[[-121.94336,36.493],[-121.94336,36.493]],[[-121.94505,36.49233],[-121.94505,36.49233]],[[-121.94476,36.49154],[-121.94476,36.49154]],[[-121.94491,36.49142],[-121.94491,36.49142]],[[-121.94519,36.49131],[-121.94519,36.49131]],[[-121.94547,36.4912],[-121.94547,36.4912]],[[-121.94561,36.49109],[-121.94561,36.49109]]]},"properties":{"depth_m":15}},{"type":"Feature","geometry":{"type":"MultiLineString","coordinates":[[[-121.93929,36.54503],[-121.9393,36.54469],[-121.93949,36.54446],[-121.93904,36.54367],[-121.93931,36.54311],[-121.93901,36.54284],[-121.9384,36.54288],[-121.93764,36.54187],[-121.9376,36.54155],[-121.93704,36.5415],[-121.93611,36.54051],[-121.93622,36.54029],[-121.93579,36.53972],[-121.93605,36.53882],[-121.93566,36.53758],[-121.93536,36.53733],[-121.9348,36.53722],[-121.93409,36.53663],[-121.93367,36.53657],[-121.93311,36.53605],[-121.93255,36.53617],[-121.93157,36.5354],[-121.93138,36.53498],[-121.93139,36.53386],[-121.93126,36.53363],[-121.93069,36.53284],[-121.92908,36.53171],[-121.92921,36.5307],[-121.92792,36.52952],[-121.92772,36.52889],[-121.92782,36.52821],[-121.92751,36.52765],[-121.92792,36.5272],[-121.92755,36.52652],[-121.92798,36.52539],[-121.92918,36.52503],[-121.9303,36.52596],[-121.93086,36.52605],[-121.93176,36.52584],[-121.93227,36.52526],[-121.93283,36.52531],[-121.93353,36.52508],[-121.93746,36.5262],[-121.93764,36.52607],[-121.9376,36.52587],[-121.93676,36.52483],[-121.93774,36.52433],[-121.93802,36.52358],[-121.93831,36.52335],[-121.93873,36.52332],[-121.93914,36.5228],[-121.93999,36.5229],[-121.94097,36.52374],[-121.94168,36.52363],[-121.9421,36.52394],[-121.94266,36.52391],[-121.94294,36.52366],[-121.9435,36.52427],[-121.94367,36.52392],[-121.94326,36.52336],[-121.9434,36.52302],[-121.94333,36.52246],[-121.9435,36.52242],[-121.94485,36.52302],[-121.94534,36.52381],[-121.94603,36.52415],[-121.94673,36.52479],[-121.94743,36.52508],[-121.94799,36.52471],[-121.94926,36.5251],[-121.94945,36.52494],[-121.94922,36.5246],[-121.94965,36.52438],[-121.94958,36.52404],[-121.94982,36.52388],[-121.95006,36.52438],[-121.95066,36.52464],[-121.95057,36.52426],[-121.95071,36.52381],[-121.95108,36.52358],[-121.95156,36.5237],[-121.95235,36.5243],[-121.95251,36.52426],[-121.95249,36.5241],[-121.95291,36.52412],[-121.95403,36.5245],[-121.95414,36.52438],[-121.95403,36.5241],[-121.95487,36.52476],[-121.95516,36.5246],[-121.95502,36.52426],[-121.95516,36.52369],[-121.95572,36.5236],[-121.956,36.52385],[-121.95616,36.52381],[-121.95597,36.52347],[-121.95612,36.52302],[-121.95541,36.52223],[-121.955,36.52155],[-121.95502,36.52127],[-121.95586,36.52151],[-121.95586,36.52116],[-121.95642,36.52116],[-121.95659,36.52099],[-121.95619,36.52076],[-121.95611,36.52054],[-121.9567,36.52055],[-121.95719,36.52009],[-121.95695,36.51986],[-121.95698,36.5197],[-121.95785,36.51975],[-121.95807,36.51918],[-121.95781,36.51839],[-121.95796,36.51813],[-121.9583,36.51851],[-121.95832,36.51918],[-121.95877,36.51941],[-121.95875,36.52009],[-121.95923,36.52061],[-121.95947,36.52043],[-121.9592,36.51986],[-121.95937,36.51968],[-121.96021,36.51993],[-121.96049,36.52028],[-121.96077,36.52017],[-121.96139,36.52043],[-121.96035,36.5196],[-121.96041,36.51907],[-121.96105,36.51978],[-121.96147,36.51954],[-121.96176,36.51972],[-121.96218,36.51953],[-121.96246,36.51975],[-121.9625,36.51964],[-121.96141,36.51885],[-121.95993,36.51846],[-121.95923,36.5185],[-121.95893,36.51828],[-121.95918,36.51806],[-121.96005,36.51783],[-121.96014,36.51761],[-121.95997,36.51727],[-121.96021,36.51711],[-121.96077,36.51715],[-121.96089,36.5167],[-121.96126,36.51636],[-121.96105,36.51621],[-121.96014,36.51614],[-121.95979,36.51573],[-121.95975,36.51512],[-121.96035,36.51531],[-121.96085,36.51478],[-121.95993,36.51391],[-121.95965,36.51387],[-121.95916,36.51445],[-121.95933,36.51478],[-121.95907,36.51501],[-121.95888,36.51603],[-121.95839,36.51661],[-121.95796,36.51658],[-121.95768,36.51636],[-121.95726,36.51651],[-121.95684,36.5156],[-121.95516,36.51455],[-121.95489,36.51467],[-121.95503,36.51501],[-121.95487,36.51517],[-121.95417,36.51493],[-121.95395,36.51557],[-121.95347,36.51593],[-121.95291,36.51554],[-121.95173,36.51524],[-121.95157,36.51478],[-121.95122,36.51453],[-121.95073,36.51366],[-121.9501,36.51302],[-121.94884,36.5129],[-121.94864,36.51275],[-121.94848,36.51185],[-121.94898,36.51185],[-121.94884,36.51151],[-121.94799,36.51156],[-121.9472,36.5114],[-121.94645,36.51067],[-121.94579,36.5105],[-121.94546,36.50993],[-121.94584,36.50959],[-121.94557,36.50925],[-121.94533,36.50909],[-121.94505,36.50913],[-121.94408,36.50858],[-121.94448,36.50826],[-121.94505,36.50846],[-121.94603,36.50833],[-121.94642,36.50801],[-121.94654,36.50756],[-121.94615,36.50722],[-121.94605,36.50643],[-121.94537,36.50609],[-121.94538,36.50564],[-121.94519,36.50546],[-121.94462,36.50518],[-121.94406,36.5052],[-121.94322,36.50471],[-121.94266,36.50466],[-121.94228,36.5044],[-121.94221,36.50384],[-121.9418,36.50339],[-121.94163,36.50271],[-121.9419,36.50181],[-121.94226,36.50158],[-121.94242,36.5009],[-121.94235,36.50068],[-121.94169,36.50011],[-121.94151,36.49955],[-121.94163,36.4991],[-121.94226,36.49842],[-121.94252,36.49774],[-121.9435,36.49754],[-121.94433,36.49662],[-121.94533,36.49586],[-121.94537,36.49515],[-121.94561,36.49481],[-121.94575,36.49415],[-121.94645,36.49408],[-121.94676,36.49379],[-121.94673,36.49366],[-121.94618,36.49368],[-121.94652,36.49334],[-121.94619,36.49267],[-121.94659,36.4919],[-121.94673,36.49184],[-121.94715,36.49207],[-121.94736,36.49188],[-121.94693,36.49142],[-121.94688,36.49097]],[[-121.93171,36.54503],[-121.93213,36.54469],[-121.93297,36.54446],[-121.93367,36.5448],[-121.93381,36.54469],[-121.93367,36.54446],[-121.93339,36.54458],[-121.93381,36.54379],[-121.93381,36.54345],[-121.93325,36.543],[-121.93325,36.54209],[-121.93308,36.54164],[-121.93325,36.54142],[-121.93325,36.54096],[-121.93283,36.54051],[-121.93297,36.53995],[-121.93255,36.53974],[-121.93269,36.53938],[-121.93255,36.53927],[-121.93185,36.53927],[-121.93129,36.5395],[-121.93044,36.53938],[-121.92904,36.5378],[-121.92862,36.53701],[-121.92862,36.53622],[-121.92848,36.53611],[-121.9282,36.53386],[-121.92777,36.53329],[-121.92693,36.53273],[-121.92679,36.53228],[-121.92693,36.53149],[-121.92637,36.53103]],[[-121.93185,36.54491],[-121.93185,36.54491]],[[-121.93199,36.5448],[-121.93199,36.5448]],[[-121.93353,36.54469],[-121.93353,36.54469]],[[-121.93213,36.54469],[-121.93213,36.54469]],[[-121.93241,36.54458],[-121.93241,36.54458]],[[-121.93311,36.54446],[-121.93311,36.54446]],[[-121.93297,36.54446],[-121.93297,36.54446]],[[-121.93353,36.54412],[-121.93353,36.54412]],[[-121.93367,36.5439],[-121.93367,36.5439]],[[-121.93311,36.54153],[-121.93311,36.54153]],[[-121.93283,36.54029],[-121.93283,36.54029]],[[-121.93255,36.5395],[-121.93255,36.5395]],[[-121.92679,36.53194],[-121.92679,36.53194]],[[-121.9303,36.52596],[-121.9303,36.52596]],[[-121.95361,36.52506],[-121.95376,36.52494],[-121.95341,36.52483],[-121.95361,36.52506]],[[-121.94729,36.52505],[-121.94729,36.52505]],[[-121.9369,36.52471],[-121.9369,36.52471]],[[-121.94631,36.52438],[-121.94631,36.52438]],[[-121.92637,36.52426],[-121.92749,36.52313],[-121.92848,36.52268],[-121.92946,36.5228],[-121.9296,36.52291],[-121.9296,36.52325],[-121.9303,36.5237],[-121.93157,36.52347],[-121.93185,36.5237],[-121.93241,36.52336],[-121.93367,36.52347],[-121.93381,36.52336],[-121.93353,36.52313],[-121.93353,36.52291],[-121.93409,36.52234],[-121.9351,36.52246],[-121.93536,36.5228],[-121.93578,36.523],[-121.93606,36.52347],[-121.93636,36.52336],[-121.93662,36.52359],[-121.93718,36.52347],[-121.93746,36.52302],[-121.93732,36.52313],[-121.93746,36.52325],[-121.9376,36.52313],[-121.93746,36.52325],[-121.9376,36.52336],[-121.93774,36.52325],[-121.93746,36.52302],[-121.93744,36.5228],[-121.93774,36.52291],[-121.93802,36.52268],[-121.93746,36.52223],[-121.9376,36.52201],[-121.93732,36.52178],[-121.93676,36.52167],[-121.93662,36.5218],[-121.93634,36.52144],[-121.93676,36.52099],[-121.93693,36.52099],[-121.93718,36.52133],[-121.9376,36.52144],[-121.93774,36.52133],[-121.9376,36.52065],[-121.93676,36.51997],[-121.93732,36.51986],[-121.93718,36.51952],[-121.9376,36.51918],[-121.93831,36.51896],[-121.93915,36.51896],[-121.94013,36.51918],[-121.94083,36.51964],[-121.94069,36.5202],[-121.93999,36.52076],[-121.93985,36.5211],[-121.94055,36.52154],[-121.94069,36.52189],[-121.94097,36.52201],[-121.94111,36.52189],[-121.94097,36.52201],[-121.94111,36.52223],[-121.94125,36.52201],[-121.94097,36.52155],[-121.94125,36.52167],[-121.94182,36.52155],[-121.94224,36.52178],[-121.94238,36.52167],[-121.94224,36.52099],[-121.94249,36.52076],[-121.94308,36.52088],[-121.94364,36.52076],[-121.94406,36.52099],[-121.94448,36.52076],[-121.94476,36.5211],[-121.94465,36.52144],[-121.9442,36.52167],[-121.94434,36.52189],[-121.94505,36.52234],[-121.94549,36.52234],[-121.94589,36.52291],[-121.94715,36.52336],[-121.94813,36.52404],[-121.94856,36.5237],[-121.94856,36.52291],[-121.94828,36.52268],[-121.94828,36.52244],[-121.9487,36.52234],[-121.94926,36.52291],[-121.94954,36.52268],[-121.9494,36.52257],[-121.94954,36.52223],[-121.9494,36.52131],[-121.94968,36.52122],[-121.95122,36.52268],[-121.95249,36.52347],[-121.95249,36.5237],[-121.95291,36.52404],[-121.95333,36.52392],[-121.95333,36.52347],[-121.95305,36.52325],[-121.95319,36.52312],[-121.95361,36.52347],[-121.95375,36.52336],[-121.95403,36.52359],[-121.95431,36.52415],[-121.95473,36.52438],[-121.95487,36.52426],[-121.95477,36.52381],[-121.95487,36.5237],[-121.95345,36.52268],[-121.95361,36.52246],[-121.95431,36.5228],[-121.95459,36.52246],[-121.95417,36.52167],[-121.95375,36.52144],[-121.95403,36.52122],[-121.95249,36.52043],[-121.95176,36.52054],[-121.95179,36.52009],[-121.95122,36.51965],[-121.95179,36.51896],[-121.95263,36.51896],[-121.95291,36.51918],[-121.95291,36.51941],[-121.95333,36.51964],[-121.95403,36.51906],[-121.95445,36.51907],[-121.95459,36.51885],[-121.95417,36.51794],[-121.95361,36.51749],[-121.95319,36.51749],[-121.95291,36.51783],[-121.95305,36.51818],[-121.95263,36.51828],[-121.95235,36.51807],[-121.95235,36.51772],[-121.95207,36.5175],[-121.95249,36.51704],[-121.95179,36.51648],[-121.9515,36.5167],[-121.95094,36.51636],[-121.95052,36.51705],[-121.94996,36.51715],[-121.94966,36.51693],[-121.94996,36.51659],[-121.94996,36.51636],[-121.94954,36.51604],[-121.94954,36.51569],[-121.94912,36.51546],[-121.94884,36.51571],[-121.94813,36.5149],[-121.94799,36.51399],[-121.94771,36.51377],[-121.94757,36.5139],[-121.94729,36.51343],[-121.94687,36.51354],[-121.94659,36.5132],[-121.94561,36.51322],[-121.94561,36.51298],[-121.94533,36.51275],[-121.94505,36.51275],[-121.9442,36.5132],[-121.94378,36.51298],[-121.94378,36.51251],[-121.94434,36.51275],[-121.94462,36.51253],[-121.94364,36.51185],[-121.94294,36.51174],[-121.9421,36.51185],[-121.94252,36.5114],[-121.94168,36.51119],[-121.94168,36.51093],[-121.94196,36.51061],[-121.94168,36.51038],[-121.94196,36.51002],[-121.94252,36.50993],[-121.94266,36.50971],[-121.94224,36.5095],[-121.94207,36.50914],[-121.94238,36.50925],[-121.94266,36.50903],[-121.94224,36.50858],[-121.94182,36.50869],[-121.94154,36.50835],[-121.94123,36.50846],[-121.94069,36.50815],[-121.94069,36.50801],[-121.94097,36.5079],[-121.9421,36.50801],[-121.94224,36.5079],[-121.94224,36.50754],[-121.94252,36.50767],[-121.94266,36.50756],[-121.94238,36.50722],[-121.94238,36.50688],[-121.94182,36.50643],[-121.94125,36.50679],[-121.94111,36.50666],[-121.94055,36.50677],[-121.94044,36.507],[-121.93985,36.50688],[-121.93943,36.507],[-121.93873,36.50632],[-121.93915,36.50587],[-121.93915,36.50564],[-121.9387,36.50553],[-121.93817,36.50497],[-121.93817,36.50463],[-121.93901,36.50418],[-121.93898,36.50384],[-121.93943,36.50361],[-121.93943,36.50339],[-121.93915,36.50316],[-121.93901,36.50327],[-121.93887,36.50318],[-121.93901,36.50282],[-121.93873,36.50237],[-121.93859,36.50145],[-121.93887,36.50158],[-121.93929,36.50147],[-121.93957,36.50203],[-121.94013,36.50192],[-121.94027,36.50181],[-121.94027,36.50102],[-121.94055,36.50079],[-121.94055,36.50023],[-121.93985,36.49955],[-121.93955,36.49966],[-121.93929,36.49944],[-121.93901,36.49944],[-121.93887,36.4991],[-121.93817,36.49876],[-121.93788,36.49876],[-121.9376,36.49923],[-121.93746,36.49923],[-121.93718,36.49887],[-121.93662,36.49865],[-121.93662,36.49831],[-121.93688,36.49797],[-121.93746,36.49763],[-121.93915,36.49729],[-121.93915,36.49684],[-121.93985,36.49662],[-121.94027,36.49628],[-121.94013,36.49549],[-121.93985,36.49513],[-121.93999,36.49504],[-121.94055,36.49537],[-121.94083,36.49537],[-121.94111,36.49515],[-121.94111,36.49458],[-121.94196,36.49402],[-121.94235,36.49334],[-121.94266,36.49346],[-121.94294,36.49321],[-121.94308,36.49357],[-121.94322,36.49346],[-121.94322,36.49312],[-121.9435,36.49298],[-121.94392,36.493],[-121.94448,36.49334],[-121.94476,36.49312],[-121.94476,36.49265],[-121.94519,36.49221],[-121.94476,36.49176],[-121.94476,36.49154],[-121.94575,36.49097]],[[-121.94617,36.52426],[-121.94617,36.52426]],[[-121.94603,36.52415],[-121.94603,36.52415]],[[-121.92651,36.52415],[-121.92651,36.52415]],[[-121.92665,36.52392],[-121.92665,36.52392]],[[-121.92679,36.52381],[-121.92679,36.52381]],[[-121.92693,36.5237],[-121.92693,36.5237]],[[-121.93199,36.52359],[-121.93199,36.52359]],[[-121.93072,36.52359],[-121.93072,36.52359]],[[-121.95319,36.52336],[-121.95319,36.52336]],[[-121.93676,36.52347],[-121.93676,36.52347]],[[-121.93213,36.52347],[-121.93213,36.52347]],[[-121.93114,36.52347],[-121.93114,36.52347]],[[-121.92707,36.52347],[-121.92707,36.52347]],[[-121.95375,36.52336],[-121.95375,36.52336]],[[-121.95303,36.52325],[-121.95303,36.52325]],[[-121.93634,36.52336],[-121.93634,36.52336]],[[-121.93367,36.52325],[-121.93367,36.52325]],[[-121.93241,36.52336],[-121.93241,36.52336]],[[-121.92721,36.52336],[-121.92721,36.52336]],[[-121.93353,36.52313],[-121.93353,36.52313]],[[-121.92735,36.52325],[-121.92735,36.52325]],[[-121.92749,36.52313],[-121.92749,36.52313]],[[-121.92777,36.52302],[-121.92777,36.52302]],[[-121.94842,36.5228],[-121.94842,36.5228]],[[-121.93353,36.52291],[-121.93353,36.52291]],[[-121.92792,36.52291],[-121.92792,36.52291]],[[-121.9494,36.5228],[-121.9494,36.5228]],[[-121.94828,36.52268],[-121.94828,36.52268]],[[-121.93788,36.5228],[-121.93788,36.5228]],[[-121.9282,36.5228],[-121.9282,36.5228]],[[-121.95417,36.52268],[-121.95417,36.52268]],[[-121.94939,36.52257],[-121.94939,36.52257]],[[-121.93788,36.52257],[-121.93788,36.52257]],[[-121.93367,36.52268],[-121.93367,36.52268]],[[-121.92848,36.52268],[-121.92848,36.52268]],[[-121.95445,36.52257],[-121.95445,36.52257]],[[-121.95389,36.52257],[-121.95389,36.52257]],[[-121.93774,36.52246],[-121.93774,36.52246]],[[-121.93381,36.52257],[-121.93381,36.52257]],[[-121.95361,36.52246],[-121.95361,36.52246]],[[-121.9376,36.52234],[-121.9376,36.52234]],[[-121.93395,36.52246],[-121.93395,36.52246]],[[-121.93746,36.52223],[-121.93746,36.52223]],[[-121.93409,36.52234],[-121.93409,36.52234]],[[-121.93746,36.52189],[-121.93746,36.52189]],[[-121.9369,36.52178],[-121.9369,36.52178]],[[-121.94097,36.52167],[-121.94097,36.52167]],[[-121.93648,36.52167],[-121.93648,36.52167]],[[-121.9494,36.52155],[-121.9494,36.52155]],[[-121.94224,36.52144],[-121.94224,36.52144]],[[-121.94154,36.52155],[-121.94154,36.52155]],[[-121.94097,36.52155],[-121.94097,36.52155]],[[-121.93634,36.52144],[-121.93634,36.52144]],[[-121.95375,36.52144],[-121.95375,36.52144]],[[-121.95389,36.52133],[-121.95389,36.52133]],[[-121.93634,36.52133],[-121.93634,36.52133]],[[-121.96063,36.52093],[-121.96078,36.52076],[-121.96063,36.52064],[-121.96021,36.52039],[-121.96,36.52054],[-121.96016,36.52088],[-121.96063,36.52093]],[[-121.94224,36.52099],[-121.94224,36.52099]],[[-121.93676,36.52099],[-121.93676,36.52099]],[[-121.9376,36.52076],[-121.9376,36.52076]],[[-121.94322,36.52076],[-121.94322,36.52076]],[[-121.96147,36.52056],[-121.96147,36.52056]],[[-121.93746,36.52054],[-121.93746,36.52054]],[[-121.93718,36.52043],[-121.93718,36.52043]],[[-121.93704,36.52031],[-121.93704,36.52031]],[[-121.9369,36.5202],[-121.9369,36.5202]],[[-121.93676,36.52009],[-121.93676,36.52009]],[[-121.93676,36.51997],[-121.93676,36.51997]],[[-121.9369,36.51986],[-121.9369,36.51986]],[[-121.93718,36.51964],[-121.93718,36.51964]],[[-121.95122,36.51964],[-121.95122,36.51964]],[[-121.95361,36.51952],[-121.95361,36.51952]],[[-121.95319,36.51952],[-121.95319,36.51952]],[[-121.93718,36.51952],[-121.93718,36.51952]],[[-121.95951,36.51936],[-121.95956,36.51918],[-121.95918,36.51918],[-121.95923,36.51934],[-121.95951,36.51936]],[[-121.95136,36.51941],[-121.95136,36.51941]],[[-121.93732,36.51941],[-121.93732,36.51941]],[[-121.9515,36.5193],[-121.9515,36.5193]],[[-121.93746,36.5193],[-121.93746,36.5193]],[[-121.95389,36.51918],[-121.95389,36.51918]],[[-121.95291,36.51918],[-121.95291,36.51918]],[[-121.9376,36.51918],[-121.9376,36.51918]],[[-121.95277,36.51907],[-121.95277,36.51907]],[[-121.95165,36.51907],[-121.95165,36.51907]],[[-121.93788,36.51907],[-121.93788,36.51907]],[[-121.95263,36.51896],[-121.95263,36.51896]],[[-121.95179,36.51896],[-121.95179,36.51896]],[[-121.93831,36.51896],[-121.93831,36.51896]],[[-121.95305,36.51794],[-121.95305,36.51794]],[[-121.96063,36.51773],[-121.9608,36.51761],[-121.96063,36.51748],[-121.96052,36.51761],[-121.96063,36.51773]],[[-121.95207,36.51749],[-121.95207,36.51749]],[[-121.95221,36.51727],[-121.95221,36.51727]],[[-121.95235,36.51715],[-121.95235,36.51715]],[[-121.94982,36.5167],[-121.94982,36.5167]],[[-121.94448,36.51264],[-121.94448,36.51264]],[[-121.9442,36.51264],[-121.9442,36.51264]],[[-121.94406,36.51253],[-121.94406,36.51253]],[[-121.94701,36.51038],[-121.94687,36.51038],[-121.94701,36.51038]],[[-121.94687,36.51038],[-121.94687,36.51038]],[[-121.94168,36.51038],[-121.94168,36.51038]],[[-121.94182,36.51027],[-121.94182,36.51027]],[[-121.94575,36.50971],[-121.94575,36.50971]],[[-121.94252,36.50914],[-121.94252,36.50914]],[[-121.94224,36.50914],[-121.94224,36.50914]],[[-121.94069,36.50801],[-121.94069,36.50801]],[[-121.94168,36.5079],[-121.94168,36.5079]],[[-121.94154,36.5079],[-121.94154,36.5079]],[[-121.94097,36.5079],[-121.94097,36.5079]],[[-121.94083,36.5079],[-121.94083,36.5079]],[[-121.94125,36.50769],[-121.94125,36.50769]],[[-121.9435,36.50756],[-121.9442,36.507],[-121.94378,36.50632],[-121.94322,36.50621],[-121.94294,36.50598],[-121.9428,36.50609],[-121.9428,36.50711],[-121.9435,36.50756]],[[-121.94238,36.50756],[-121.94238,36.50756]],[[-121.94364,36.50745],[-121.94364,36.50745]],[[-121.94336,36.50745],[-121.94336,36.50745]],[[-121.94392,36.50734],[-121.94392,36.50734]],[[-121.94308,36.50734],[-121.94308,36.50734]],[[-121.94294,36.50722],[-121.94294,36.50722]],[[-121.94168,36.50711],[-121.94168,36.507],[-121.94139,36.507],[-121.94168,36.50711]],[[-121.94406,36.50711],[-121.94406,36.50711]],[[-121.94139,36.507],[-121.94139,36.507]],[[-121.93873,36.50621],[-121.93873,36.50621]],[[-121.93887,36.50609],[-121.93887,36.50609]],[[-121.93901,36.50598],[-121.93901,36.50598]],[[-121.93817,36.50463],[-121.93817,36.50463]],[[-121.93831,36.50451],[-121.93831,36.50451]],[[-121.93845,36.5044],[-121.93845,36.5044]],[[-121.93873,36.50429],[-121.93873,36.50429]],[[-121.93929,36.50372],[-121.93929,36.50372]],[[-121.93887,36.50316],[-121.93887,36.50316]],[[-121.93999,36.50192],[-121.93999,36.50192]],[[-121.93943,36.50158],[-121.93943,36.50158]],[[-121.93929,36.50147],[-121.93929,36.50147]],[[-121.93915,36.50147],[-121.93915,36.50147]],[[-121.93873,36.50147],[-121.93873,36.50147]],[[-121.94027,36.50102],[-121.94027,36.50102]],[[-121.94041,36.5009],[-121.94041,36.5009]],[[-121.93662,36.49831],[-121.93662,36.49831]],[[-121.93704,36.49786],[-121.93704,36.49786]],[[-121.94252,36.49774],[-121.94252,36.49774]],[[-121.93718,36.49774],[-121.93718,36.49774]],[[-121.94266,36.49763],[-121.94266,36.49763]],[[-121.93746,36.49763],[-121.93746,36.49763]],[[-121.93774,36.49752],[-121.93774,36.49752]],[[-121.93845,36.49741],[-121.93845,36.49741]],[[-121.93915,36.49684],[-121.93915,36.49684]],[[-121.93929,36.49673],[-121.93929,36.49673]],[[-121.93971,36.49662],[-121.93971,36.49662]],[[-121.93999,36.4965],[-121.93999,36.4965]],[[-121.94013,36.49639],[-121.94013,36.49639]],[[-121.94097,36.49526],[-121.94097,36.49526]],[[-121.94041,36.49526],[-121.94041,36.49526]],[[-121.94027,36.49515],[-121.94027,36.49515]],[[-121.93999,36.49504],[-121.93999,36.49504]],[[-121.94111,36.49458],[-121.94111,36.49458]],[[-121.94125,36.49447],[-121.94125,36.49447]],[[-121.94701,36.49427],[-121.94702,36.49413],[-121.94687,36.49413],[-121.94701,36.49427]],[[-121.94154,36.49436],[-121.94154,36.49436]],[[-121.94168,36.49425],[-121.94168,36.49425]],[[-121.94687,36.49413],[-121.94687,36.49413]],[[-121.94182,36.49413],[-121.94182,36.49413]],[[-121.94196,36.49391],[-121.94196,36.49391]],[[-121.9421,36.49368],[-121.9421,36.49368]],[[-121.94252,36.49334],[-121.94252,36.49334]],[[-121.94462,36.49323],[-121.94462,36.49323]],[[-121.9442,36.49323],[-121.9442,36.49323]],[[-121.9428,36.49323],[-121.9428,36.49323]],[[-121.94406,36.49312],[-121.94406,36.49312]],[[-121.94322,36.49312],[-121.94322,36.49312]],[[-121.94392,36.493],[-121.94392,36.493]],[[-121.94336,36.493],[-121.94336,36.493]],[[-121.94898,36.49223],[-121.94882,36.49221],[-121.94898,36.49223]],[[-121.94505,36.49233],[-121.94505,36.49233]],[[-121.94771,36.49158],[-121.94771,36.49144],[-121.94746,36.49154],[-121.94771,36.49158]],[[-121.94476,36.49154],[-121.94476,36.49154]],[[-121.94491,36.49142],[-121.94491,36.49142]],[[-121.94733,36.49097],[-121.94757,36.49127],[-121.94779,36.49097]],[[-121.94519,36.49131],[-121.94519,36.49131]],[[-121.94547,36.4912],[-121.94547,36.4912]],[[-121.94561,36.49109],[-121.94561,36.49109]]]},"properties":{"depth_m":20}},{"type":"Feature","geometry":{"type":"MultiLineString","coordinates":[[[-121.94163,36.54503],[-121.941,36.54503]],[[-121.94052,36.54503],[-121.94118,36.54469],[-121.93994,36.54401],[-121.93999,36.54385],[-121.94044,36.54379],[-121.94023,36.54322],[-121.93879,36.54243],[-121.93873,36.54217],[-121.93804,36.54164],[-121.93802,36.54116],[-121.93746,36.54124],[-121.93676,36.54078],[-121.9367,36.54051],[-121.93706,36.54006],[-121.9371,36.53972],[-121.93654,36.53927],[-121.93656,36.53848],[-121.93688,36.53826],[-121.93682,36.53803],[-121.93466,36.53632],[-121.93255,36.53574],[-121.93171,36.53526],[-121.93173,36.53374],[-121.93102,36.53318],[-121.93087,36.53284],[-121.92927,36.53171],[-121.92965,36.53058],[-121.92848,36.52992],[-121.92794,36.52934],[-121.92785,36.52889],[-121.92796,36.52821],[-121.92769,36.52765],[-121.92809,36.52731],[-121.92766,36.52652],[-121.92806,36.5255],[-121.92932,36.52519],[-121.92976,36.5255],[-121.93016,36.52618],[-121.93044,36.52629],[-121.93227,36.52607],[-121.93297,36.52553],[-121.93381,36.5254],[-121.93466,36.52565],[-121.93536,36.52605],[-121.93746,36.52644],[-121.93806,36.52607],[-121.93753,36.52528],[-121.93843,36.52483],[-121.93819,36.52426],[-121.93859,36.52372],[-121.93985,36.52341],[-121.94097,36.52386],[-121.94308,36.52413],[-121.9435,36.52441],[-121.94374,36.52426],[-121.94378,36.52404],[-121.9435,36.5232],[-121.94379,36.52291],[-121.9442,36.52282],[-121.94491,36.52328],[-121.94519,36.5239],[-121.94596,36.52438],[-121.94573,36.52471],[-121.94651,36.52505],[-121.9466,36.52539],[-121.94729,36.52577],[-121.94719,36.52528],[-121.94813,36.52522],[-121.94842,36.52506],[-121.94912,36.5254],[-121.94982,36.52541],[-121.94984,36.52517],[-121.94956,36.52483],[-121.94961,36.5246],[-121.94996,36.52445],[-121.95038,36.52486],[-121.95066,36.52484],[-121.95085,36.5246],[-121.95094,36.52398],[-121.95122,36.52384],[-121.95179,36.52401],[-121.95286,36.52471],[-121.95307,36.52494],[-121.95278,36.52505],[-121.95291,36.52519],[-121.95389,36.52514],[-121.95372,36.52483],[-121.95309,36.5246],[-121.95291,36.52434],[-121.95445,36.52458],[-121.95502,36.52485],[-121.95526,36.5246],[-121.95526,36.52404],[-121.95548,36.52381],[-121.95572,36.52378],[-121.95614,36.52402],[-121.95632,36.52392],[-121.95623,36.52347],[-121.95663,36.52313],[-121.95604,36.52268],[-121.95559,36.52189],[-121.95642,36.5216],[-121.95684,36.52166],[-121.95719,36.52054],[-121.95754,36.52016],[-121.95803,36.51997],[-121.95824,36.51961],[-121.95853,36.51967],[-121.95864,36.52009],[-121.95923,36.52076],[-121.95961,36.52054],[-121.95943,36.52009],[-121.95951,36.51994],[-121.95965,36.52],[-121.95997,36.52088],[-121.96063,36.52122],[-121.96084,36.52076],[-121.96055,36.52043],[-121.96077,36.52032],[-121.96161,36.52064],[-121.9611,36.51986],[-121.96266,36.51975],[-121.96176,36.51891],[-121.96102,36.51873],[-121.96062,36.51828],[-121.96007,36.51833],[-121.95981,36.51817],[-121.96088,36.51761],[-121.96086,36.51738],[-121.96108,36.51715],[-121.96102,36.51682],[-121.96137,36.51648],[-121.96119,36.5162],[-121.96035,36.51569],[-121.9607,36.51535],[-121.96077,36.51506],[-121.96119,36.51513],[-121.96129,36.51501],[-121.95993,36.51375],[-121.95944,36.51399],[-121.9591,36.51445],[-121.95895,36.51527],[-121.95824,36.51584],[-121.95768,36.51551],[-121.95712,36.5157],[-121.95544,36.51458],[-121.95473,36.51431],[-121.95389,36.51428],[-121.95361,36.51461],[-121.95319,36.51475],[-121.95299,36.51456],[-121.9529,36.51399],[-121.9526,36.51377],[-121.95207,36.5139],[-121.95132,36.51332],[-121.94956,36.51253],[-121.94949,36.51219],[-121.9498,36.51174],[-121.94954,36.51147],[-121.94799,36.51117],[-121.94811,36.51083],[-121.94739,36.51061],[-121.94726,36.51016],[-121.94659,36.51029],[-121.94631,36.5102],[-121.94557,36.50903],[-121.94555,36.5088],[-121.94579,36.50858],[-121.94698,36.50824],[-121.94696,36.50722],[-121.94617,36.50626],[-121.94547,36.50579],[-121.94533,36.50542],[-121.94462,36.505],[-121.94437,36.50463],[-121.94389,36.50463],[-121.94345,36.50429],[-121.94329,36.50316],[-121.94298,36.50248],[-121.94324,36.50214],[-121.94289,36.50169],[-121.94306,36.50124],[-121.94301,36.50079],[-121.94269,36.5],[-121.94237,36.49966],[-121.94341,36.4982],[-121.94434,36.4976],[-121.94522,36.49662],[-121.94589,36.49649],[-121.94601,36.49605],[-121.9456,36.49537],[-121.94623,36.49458],[-121.9462,36.49425],[-121.94645,36.49421],[-121.94689,36.49379],[-121.94714,36.49289],[-121.94673,36.49278],[-121.94767,36.49176],[-121.94801,36.49165],[-121.94834,36.49097]],[[-121.93171,36.54503],[-121.93213,36.54469],[-121.93297,36.54446],[-121.93367,36.5448],[-121.93381,36.54469],[-121.93367,36.54446],[-121.93339,36.54458],[-121.93381,36.54379],[-121.93381,36.54345],[-121.93325,36.543],[-121.93325,36.54209],[-121.93308,36.54164],[-121.93325,36.54142],[-121.93325,36.54096],[-121.93283,36.54051],[-121.93297,36.53995],[-121.93255,36.53974],[-121.93269,36.53938],[-121.93255,36.53927],[-121.93185,36.53927],[-121.93086,36.53952],[-121.93044,36.53938],[-121.92904,36.5378],[-121.92862,36.53701],[-121.92862,36.53622],[-121.92848,36.53611],[-121.9282,36.53386],[-121.92777,36.53329],[-121.92693,36.53273],[-121.92679,36.53228],[-121.92693,36.53149],[-121.92637,36.53103]],[[-121.93185,36.54491],[-121.93185,36.54491]],[[-121.93199,36.5448],[-121.93199,36.5448]],[[-121.93353,36.54469],[-121.93353,36.54469]],[[-121.93213,36.54469],[-121.93213,36.54469]],[[-121.93241,36.54458],[-121.93241,36.54458]],[[-121.93311,36.54446],[-121.93311,36.54446]],[[-121.93297,36.54446],[-121.93297,36.54446]],[[-121.93353,36.54412],[-121.93353,36.54412]],[[-121.93367,36.5439],[-121.93367,36.5439]],[[-121.93311,36.54153],[-121.93311,36.54153]],[[-121.93774,36.54119],[-121.93774,36.54119]],[[-121.93283,36.54029],[-121.93283,36.54029]],[[-121.93255,36.5395],[-121.93255,36.5395]],[[-121.93648,36.53684],[-121.93652,36.53668],[-121.93634,36.53651],[-121.93596,36.53668],[-121.93606,36.53687],[-121.93648,36.53684]],[[-121.92679,36.53194],[-121.92679,36.53194]],[[-121.9487,36.52642],[-121.94886,36.52629],[-121.9487,36.5262],[-121.94858,36.52629],[-121.9487,36.52642]],[[-121.9303,36.52629],[-121.9303,36.52629]],[[-121.93016,36.52618],[-121.93016,36.52618]],[[-121.93227,36.52607],[-121.93227,36.52607]],[[-121.9435,36.52518],[-121.94367,36.52505],[-121.94336,36.52481],[-121.94321,36.52494],[-121.9435,36.52518]],[[-121.94856,36.52505],[-121.94856,36.52505]],[[-121.94336,36.52438],[-121.94336,36.52438]],[[-121.92637,36.52426],[-121.92749,36.52313],[-121.92848,36.52268],[-121.92946,36.5228],[-121.9296,36.52291],[-121.9296,36.52325],[-121.9303,36.5237],[-121.93157,36.52347],[-121.93185,36.5237],[-121.93241,36.52336],[-121.93367,36.52347],[-121.93381,36.52336],[-121.93353,36.52313],[-121.93353,36.52291],[-121.93409,36.52234],[-121.93511,36.52246],[-121.93536,36.5228],[-121.93578,36.523],[-121.93606,36.52347],[-121.93637,36.52336],[-121.93662,36.52359],[-121.93718,36.52347],[-121.93746,36.52302],[-121.93732,36.52313],[-121.93746,36.52325],[-121.9376,36.52313],[-121.93746,36.52325],[-121.9376,36.52336],[-121.93774,36.52325],[-121.93746,36.52302],[-121.93743,36.5228],[-121.93774,36.52291],[-121.93802,36.52268],[-121.93746,36.52223],[-121.9376,36.52201],[-121.93732,36.52178],[-121.93676,36.52167],[-121.93662,36.5218],[-121.93634,36.52144],[-121.93676,36.52099],[-121.93693,36.52099],[-121.93718,36.52133],[-121.9376,36.52144],[-121.93774,36.52133],[-121.9376,36.52065],[-121.93676,36.51997],[-121.93732,36.51986],[-121.93718,36.51952],[-121.9376,36.51918],[-121.93831,36.51896],[-121.93915,36.51896],[-121.94013,36.51918],[-121.94083,36.51964],[-121.94069,36.5202],[-121.93999,36.52076],[-121.93985,36.5211],[-121.94055,36.52153],[-121.94069,36.52189],[-121.94097,36.52201],[-121.94111,36.52189],[-121.94097,36.52201],[-121.94111,36.52223],[-121.94125,36.52201],[-121.94097,36.52155],[-121.94139,36.52167],[-121.94168,36.52153],[-121.94224,36.52178],[-121.94238,36.52167],[-121.94224,36.52099],[-121.94249,36.52076],[-121.94308,36.52088],[-121.94364,36.52076],[-121.94406,36.52099],[-121.94448,36.52076],[-121.94476,36.5211],[-121.94466,36.52144],[-121.9442,36.52167],[-121.94434,36.52189],[-121.94505,36.52234],[-121.94549,36.52234],[-121.94589,36.52291],[-121.94715,36.52336],[-121.94813,36.52404],[-121.94856,36.5237],[-121.94856,36.52291],[-121.94828,36.52268],[-121.94828,36.52243],[-121.9487,36.52234],[-121.94926,36.52291],[-121.94954,36.52268],[-121.9494,36.52257],[-121.94954,36.52223],[-121.9494,36.5213],[-121.94968,36.52122],[-121.95122,36.52268],[-121.95249,36.52347],[-121.95249,36.5237],[-121.95291,36.52404],[-121.95333,36.52392],[-121.95333,36.52347],[-121.95305,36.52325],[-121.95319,36.52311],[-121.95361,36.52347],[-121.95375,36.52336],[-121.95403,36.52359],[-121.95431,36.52415],[-121.95473,36.52438],[-121.95487,36.52426],[-121.95473,36.52381],[-121.95487,36.5237],[-121.95344,36.52268],[-121.95361,36.52246],[-121.95431,36.5228],[-121.95459,36.52246],[-121.95417,36.52167],[-121.95375,36.52144],[-121.95403,36.52122],[-121.95249,36.52043],[-121.95176,36.52054],[-121.95179,36.52009],[-121.95122,36.51966],[-121.95179,36.51896],[-121.95263,36.51896],[-121.95291,36.51918],[-121.95291,36.51941],[-121.95333,36.51964],[-121.95403,36.51905],[-121.95445,36.51907],[-121.95459,36.51885],[-121.95417,36.51794],[-121.95361,36.51749],[-121.95319,36.51749],[-121.95291,36.51783],[-121.95305,36.51819],[-121.95263,36.51828],[-121.95235,36.51807],[-121.95235,36.51772],[-121.95207,36.51751],[-121.95249,36.51704],[-121.95179,36.51648],[-121.95165,36.51672],[-121.9515,36.5167],[-121.95094,36.51636],[-121.95052,36.51706],[-121.94996,36.51715],[-121.94965,36.51693],[-121.94996,36.51659],[-121.94996,36.51636],[-121.94954,36.51605],[-121.94954,36.51569],[-121.94912,36.51546],[-121.94884,36.51571],[-121.94813,36.5149],[-121.94799,36.51399],[-121.94771,36.51377],[-121.94757,36.51391],[-121.94729,36.51343],[-121.94687,36.51354],[-121.94659,36.5132],[-121.94561,36.51323],[-121.94561,36.51298],[-121.94533,36.51275],[-121.94505,36.51275],[-121.9442,36.5132],[-121.94378,36.51298],[-121.94378,36.5125],[-121.94434,36.51275],[-121.94462,36.51253],[-121.94364,36.51185],[-121.94294,36.51174],[-121.9421,36.51185],[-121.94252,36.5114],[-121.94168,36.5112],[-121.94168,36.51092],[-121.94196,36.51061],[-121.94168,36.51038],[-121.94196,36.51002],[-121.94252,36.50993],[-121.94266,36.50971],[-121.94224,36.50951],[-121.94207,36.50914],[-121.94238,36.50925],[-121.94266,36.50903],[-121.94224,36.50858],[-121.94182,36.50869],[-121.94154,36.50835],[-121.94122,36.50846],[-121.94069,36.50815],[-121.94069,36.50801],[-121.94097,36.5079],[-121.9421,36.50801],[-121.94224,36.5079],[-121.94224,36.50754],[-121.94252,36.50767],[-121.94266,36.50756],[-121.94238,36.50722],[-121.94238,36.50688],[-121.94182,36.50643],[-121.94125,36.5068],[-121.94111,36.50666],[-121.94055,36.50677],[-121.94044,36.507],[-121.93985,36.50688],[-121.93943,36.507],[-121.93873,36.50632],[-121.93915,36.50587],[-121.93915,36.50564],[-121.93869,36.50553],[-121.93813,36.50485],[-121.93817,36.50463],[-121.93845,36.5044],[-121.93901,36.50418],[-121.93898,36.50384],[-121.93943,36.50361],[-121.93943,36.50339],[-121.93915,36.50316],[-121.93901,36.50327],[-121.93887,36.50318],[-121.93901,36.50282],[-121.93873,36.50237],[-121.93859,36.50145],[-121.93887,36.50158],[-121.93929,36.50147],[-121.93957,36.50203],[-121.94013,36.50192],[-121.94027,36.50181],[-121.94027,36.50102],[-121.94055,36.50079],[-121.94055,36.50023],[-121.93985,36.49955],[-121.93954,36.49966],[-121.93929,36.49944],[-121.93901,36.49944],[-121.93887,36.4991],[-121.93817,36.49876],[-121.93788,36.49876],[-121.9376,36.49924],[-121.93746,36.49924],[-121.93718,36.49887],[-121.93662,36.49865],[-121.93662,36.49831],[-121.93687,36.49797],[-121.93746,36.49763],[-121.93915,36.49729],[-121.93915,36.49684],[-121.93985,36.49662],[-121.94027,36.49628],[-121.94013,36.49549],[-121.93985,36.49512],[-121.93999,36.49504],[-121.94055,36.49537],[-121.94083,36.49537],[-121.94111,36.49515],[-121.94111,36.49458],[-121.94196,36.49402],[-121.94235,36.49334],[-121.94266,36.49346],[-121.94294,36.49321],[-121.94308,36.49357],[-121.94322,36.49346],[-121.94322,36.49312],[-121.9435,36.49298],[-121.94392,36.493],[-121.94448,36.49334],[-121.94476,36.49312],[-121.94476,36.49264],[-121.94519,36.49221],[-121.94476,36.49176],[-121.94476,36.49154],[-121.94575,36.49097]],[[-121.94322,36.52426],[-121.94322,36.52426]],[[-121.92651,36.52415],[-121.92651,36.52415]],[[-121.92665,36.52392],[-121.92665,36.52392]],[[-121.95473,36.52381],[-121.95473,36.52381]],[[-121.92679,36.52381],[-121.92679,36.52381]],[[-121.94013,36.52359],[-121.94013,36.52359]],[[-121.92693,36.5237],[-121.92693,36.5237]],[[-121.93199,36.52359],[-121.93199,36.52359]],[[-121.93072,36.52359],[-121.93072,36.52359]],[[-121.95319,36.52336],[-121.95319,36.52336]],[[-121.93676,36.52347],[-121.93676,36.52347]],[[-121.93213,36.52347],[-121.93213,36.52347]],[[-121.93114,36.52347],[-121.93114,36.52347]],[[-121.92707,36.52347],[-121.92707,36.52347]],[[-121.95375,36.52336],[-121.95375,36.52336]],[[-121.95302,36.52325],[-121.95302,36.52325]],[[-121.93634,36.52336],[-121.93634,36.52336]],[[-121.93367,36.52325],[-121.93367,36.52325]],[[-121.93241,36.52336],[-121.93241,36.52336]],[[-121.92721,36.52336],[-121.92721,36.52336]],[[-121.93353,36.52313],[-121.93353,36.52313]],[[-121.92735,36.52325],[-121.92735,36.52325]],[[-121.92749,36.52313],[-121.92749,36.52313]],[[-121.92777,36.52302],[-121.92777,36.52302]],[[-121.94842,36.5228],[-121.94842,36.5228]],[[-121.93353,36.52291],[-121.93353,36.52291]],[[-121.92792,36.52291],[-121.92792,36.52291]],[[-121.9494,36.5228],[-121.9494,36.5228]],[[-121.94828,36.52268],[-121.94828,36.52268]],[[-121.93788,36.5228],[-121.93788,36.5228]],[[-121.9282,36.5228],[-121.9282,36.5228]],[[-121.95417,36.52268],[-121.95417,36.52268]],[[-121.94938,36.52257],[-121.94938,36.52257]],[[-121.93788,36.52257],[-121.93788,36.52257]],[[-121.93367,36.52268],[-121.93367,36.52268]],[[-121.92848,36.52268],[-121.92848,36.52268]],[[-121.95445,36.52257],[-121.95445,36.52257]],[[-121.95389,36.52257],[-121.95389,36.52257]],[[-121.93774,36.52246],[-121.93774,36.52246]],[[-121.93381,36.52257],[-121.93381,36.52257]],[[-121.95361,36.52246],[-121.95361,36.52246]],[[-121.9376,36.52234],[-121.9376,36.52234]],[[-121.93395,36.52246],[-121.93395,36.52246]],[[-121.93746,36.52223],[-121.93746,36.52223]],[[-121.93409,36.52234],[-121.93409,36.52234]],[[-121.96232,36.52189],[-121.96218,36.52197],[-121.96197,36.52167],[-121.96232,36.52189]],[[-121.93746,36.52189],[-121.93746,36.52189]],[[-121.9369,36.52178],[-121.9369,36.52178]],[[-121.94097,36.52167],[-121.94097,36.52167]],[[-121.93648,36.52167],[-121.93648,36.52167]],[[-121.9494,36.52155],[-121.9494,36.52155]],[[-121.94224,36.52144],[-121.94224,36.52144]],[[-121.94154,36.52155],[-121.94154,36.52155]],[[-121.94097,36.52155],[-121.94097,36.52155]],[[-121.93634,36.52144],[-121.93634,36.52144]],[[-121.95375,36.52144],[-121.95375,36.52144]],[[-121.95993,36.52124],[-121.95979,36.52111],[-121.95993,36.52124]],[[-121.95389,36.52133],[-121.95389,36.52133]],[[-121.93634,36.52133],[-121.93634,36.52133]],[[-121.94224,36.52099],[-121.94224,36.52099]],[[-121.93676,36.52099],[-121.93676,36.52099]],[[-121.9376,36.52076],[-121.9376,36.52076]],[[-121.94322,36.52076],[-121.94322,36.52076]],[[-121.93746,36.52054],[-121.93746,36.52054]],[[-121.93718,36.52043],[-121.93718,36.52043]],[[-121.93704,36.52031],[-121.93704,36.52031]],[[-121.9369,36.5202],[-121.9369,36.5202]],[[-121.93676,36.52009],[-121.93676,36.52009]],[[-121.93676,36.51997],[-121.93676,36.51997]],[[-121.9369,36.51986],[-121.9369,36.51986]],[[-121.93718,36.51964],[-121.93718,36.51964]],[[-121.95122,36.51964],[-121.95122,36.51964]],[[-121.95361,36.51952],[-121.95361,36.51952]],[[-121.95319,36.51952],[-121.95319,36.51952]],[[-121.93718,36.51952],[-121.93718,36.51952]],[[-121.96274,36.5193],[-121.96286,36.51907],[-121.9626,36.51891],[-121.96249,36.51907],[-121.96274,36.5193]],[[-121.95136,36.51941],[-121.95136,36.51941]],[[-121.93732,36.51941],[-121.93732,36.51941]],[[-121.9515,36.5193],[-121.9515,36.5193]],[[-121.93746,36.5193],[-121.93746,36.5193]],[[-121.95389,36.51918],[-121.95389,36.51918]],[[-121.95291,36.51918],[-121.95291,36.51918]],[[-121.9376,36.51918],[-121.9376,36.51918]],[[-121.95277,36.51907],[-121.95277,36.51907]],[[-121.95165,36.51907],[-121.95165,36.51907]],[[-121.93788,36.51907],[-121.93788,36.51907]],[[-121.95263,36.51896],[-121.95263,36.51896]],[[-121.95179,36.51896],[-121.95179,36.51896]],[[-121.93831,36.51896],[-121.93831,36.51896]],[[-121.95305,36.51794],[-121.95305,36.51794]],[[-121.95207,36.51749],[-121.95207,36.51749]],[[-121.95221,36.51727],[-121.95221,36.51727]],[[-121.95235,36.51715],[-121.95235,36.51715]],[[-121.94982,36.5167],[-121.94982,36.5167]],[[-121.96035,36.51557],[-121.96035,36.51557]],[[-121.95249,36.51319],[-121.9526,36.51309],[-121.95249,36.51298],[-121.95207,36.51276],[-121.95221,36.51307],[-121.95249,36.51319]],[[-121.9515,36.51253],[-121.9515,36.51241],[-121.9515,36.51253]],[[-121.94448,36.51264],[-121.94448,36.51264]],[[-121.9442,36.51264],[-121.9442,36.51264]],[[-121.94406,36.51253],[-121.94406,36.51253]],[[-121.94168,36.51038],[-121.94168,36.51038]],[[-121.94182,36.51027],[-121.94182,36.51027]],[[-121.94252,36.50914],[-121.94252,36.50914]],[[-121.94224,36.50914],[-121.94224,36.50914]],[[-121.94069,36.50801],[-121.94069,36.50801]],[[-121.94168,36.5079],[-121.94168,36.5079]],[[-121.94154,36.5079],[-121.94154,36.5079]],[[-121.94097,36.5079],[-121.94097,36.5079]],[[-121.94083,36.5079],[-121.94083,36.5079]],[[-121.94125,36.5077],[-121.94125,36.5077]],[[-121.9435,36.50756],[-121.9442,36.507],[-121.94378,36.50632],[-121.94322,36.50621],[-121.94294,36.50598],[-121.9428,36.50609],[-121.9428,36.50711],[-121.9435,36.50756]],[[-121.94238,36.50756],[-121.94238,36.50756]],[[-121.94364,36.50745],[-121.94364,36.50745]],[[-121.94336,36.50745],[-121.94336,36.50745]],[[-121.94392,36.50734],[-121.94392,36.50734]],[[-121.94308,36.50734],[-121.94308,36.50734]],[[-121.94294,36.50722],[-121.94294,36.50722]],[[-121.94168,36.50711],[-121.94168,36.507],[-121.94139,36.507],[-121.94168,36.50711]],[[-121.94406,36.50711],[-121.94406,36.50711]],[[-121.94139,36.507],[-121.94139,36.507]],[[-121.93873,36.50621],[-121.93873,36.50621]],[[-121.93887,36.50609],[-121.93887,36.50609]],[[-121.93901,36.50598],[-121.93901,36.50598]],[[-121.93817,36.50463],[-121.93817,36.50463]],[[-121.93831,36.50451],[-121.93831,36.50451]],[[-121.93845,36.5044],[-121.93845,36.5044]],[[-121.93873,36.50429],[-121.93873,36.50429]],[[-121.93929,36.50372],[-121.93929,36.50372]],[[-121.93887,36.50316],[-121.93887,36.50316]],[[-121.93999,36.50192],[-121.93999,36.50192]],[[-121.93943,36.50158],[-121.93943,36.50158]],[[-121.93929,36.50147],[-121.93929,36.50147]],[[-121.93915,36.50147],[-121.93915,36.50147]],[[-121.93873,36.50147],[-121.93873,36.50147]],[[-121.94027,36.50102],[-121.94027,36.50102]],[[-121.94041,36.5009],[-121.94041,36.5009]],[[-121.93662,36.49831],[-121.93662,36.49831]],[[-121.93704,36.49786],[-121.93704,36.49786]],[[-121.93718,36.49774],[-121.93718,36.49774]],[[-121.93746,36.49763],[-121.93746,36.49763]],[[-121.93774,36.49752],[-121.93774,36.49752]],[[-121.93845,36.49741],[-121.93845,36.49741]],[[-121.93915,36.49684],[-121.93915,36.49684]],[[-121.93929,36.49673],[-121.93929,36.49673]],[[-121.93971,36.49662],[-121.93971,36.49662]],[[-121.93999,36.4965],[-121.93999,36.4965]],[[-121.94013,36.49639],[-121.94013,36.49639]],[[-121.94659,36.49549],[-121.94642,36.49537],[-121.94645,36.49553],[-121.94659,36.49549]],[[-121.94097,36.49526],[-121.94097,36.49526]],[[-121.94041,36.49526],[-121.94041,36.49526]],[[-121.94027,36.49515],[-121.94027,36.49515]],[[-121.93999,36.49504],[-121.93999,36.49504]],[[-121.94111,36.49458],[-121.94111,36.49458]],[[-121.94701,36.49441],[-121.94729,36.49426],[-121.94729,36.49401],[-121.94682,36.49402],[-121.94675,36.49425],[-121.94701,36.49441]],[[-121.94125,36.49447],[-121.94125,36.49447]],[[-121.94154,36.49436],[-121.94154,36.49436]],[[-121.94168,36.49425],[-121.94168,36.49425]],[[-121.94182,36.49413],[-121.94182,36.49413]],[[-121.94196,36.49391],[-121.94196,36.49391]],[[-121.9421,36.49368],[-121.9421,36.49368]],[[-121.94252,36.49334],[-121.94252,36.49334]],[[-121.94462,36.49323],[-121.94462,36.49323]],[[-121.9442,36.49323],[-121.9442,36.49323]],[[-121.9428,36.49323],[-121.9428,36.49323]],[[-121.94406,36.49312],[-121.94406,36.49312]],[[-121.94322,36.49312],[-121.94322,36.49312]],[[-121.94392,36.493],[-121.94392,36.493]],[[-121.94336,36.493],[-121.94336,36.493]],[[-121.94673,36.49278],[-121.94673,36.49278]],[[-121.94898,36.49235],[-121.94916,36.49221],[-121.949,36.49199],[-121.94863,36.4921],[-121.94898,36.49235]],[[-121.94505,36.49233],[-121.94505,36.49233]],[[-121.94476,36.49154],[-121.94476,36.49154]],[[-121.94491,36.49142],[-121.94491,36.49142]],[[-121.94519,36.49131],[-121.94519,36.49131]],[[-121.94547,36.4912],[-121.94547,36.4912]],[[-121.94561,36.49109],[-121.94561,36.49109]]]},"properties":{"depth_m":25}},{"type":"Feature","geometry":{"type":"MultiLineString","coordinates":[[[-121.94298,36.54503],[-121.94238,36.54469],[-121.94178,36.54458],[-121.94175,36.54446],[-121.94224,36.54431],[-121.94266,36.54454],[-121.94294,36.54446],[-121.94297,36.54424],[-121.94224,36.54402],[-121.94194,36.54379],[-121.94182,36.54341],[-121.94125,36.54338],[-121.94103,36.54322],[-121.94066,36.54243],[-121.94084,36.54209],[-121.94067,36.54209],[-121.94041,36.54241],[-121.94013,36.54242],[-121.93906,36.54153],[-121.93767,36.54074],[-121.93754,36.54029],[-121.93773,36.53995],[-121.93736,36.53938],[-121.93728,36.53893],[-121.93759,36.53837],[-121.93743,36.53724],[-121.9372,36.5369],[-121.93718,36.53655],[-121.93575,36.53577],[-121.93567,36.53543],[-121.93611,36.53498],[-121.93564,36.53467],[-121.93511,36.53465],[-121.9354,36.53521],[-121.93494,36.53516],[-121.93437,36.53573],[-121.93283,36.53528],[-121.93241,36.53535],[-121.93191,36.53476],[-121.93203,36.53374],[-121.93129,36.5333],[-121.931,36.53282],[-121.9295,36.53171],[-121.92956,36.53126],[-121.93,36.53081],[-121.93007,36.53047],[-121.92862,36.52988],[-121.92807,36.52934],[-121.92796,36.52889],[-121.92807,36.52821],[-121.92777,36.52776],[-121.92825,36.52742],[-121.92776,36.52652],[-121.92815,36.52562],[-121.92932,36.52531],[-121.92974,36.52564],[-121.93002,36.52629],[-121.9303,36.52647],[-121.93114,36.52623],[-121.93261,36.52618],[-121.93367,36.52587],[-121.93451,36.52592],[-121.93564,36.5266],[-121.93634,36.5264],[-121.9376,36.52674],[-121.93847,36.52607],[-121.93823,36.52573],[-121.9383,36.5255],[-121.93893,36.52505],[-121.93906,36.52483],[-121.93901,36.52437],[-121.94055,36.52389],[-121.94125,36.52415],[-121.94182,36.52405],[-121.94242,36.5246],[-121.94294,36.52437],[-121.94324,36.5246],[-121.94312,36.52494],[-121.94364,36.5253],[-121.94384,36.52517],[-121.94351,36.5246],[-121.9442,36.524],[-121.94476,36.52381],[-121.94539,36.52426],[-121.94557,36.52471],[-121.94617,36.52509],[-121.94659,36.52581],[-121.94701,36.5258],[-121.94757,36.52621],[-121.9478,36.52607],[-121.94768,36.52584],[-121.94785,36.52568],[-121.94842,36.52576],[-121.94912,36.52555],[-121.94996,36.52567],[-121.95023,36.52539],[-121.94994,36.52505],[-121.94996,36.52478],[-121.95052,36.52506],[-121.95108,36.52507],[-121.95097,36.52483],[-121.95108,36.52441],[-121.95122,36.52434],[-121.95165,36.52458],[-121.95193,36.52424],[-121.95249,36.5246],[-121.95261,36.52505],[-121.95291,36.52532],[-121.95431,36.52537],[-121.95375,36.52464],[-121.95445,36.52466],[-121.95502,36.52491],[-121.9553,36.52475],[-121.95556,36.52415],[-121.95572,36.52402],[-121.95628,36.52403],[-121.95656,36.52357],[-121.9567,36.52351],[-121.95712,36.52381],[-121.9573,36.5237],[-121.95619,36.52234],[-121.95642,36.52217],[-121.95684,36.52248],[-121.9574,36.52219],[-121.95782,36.52244],[-121.95806,36.52234],[-121.95796,36.5219],[-121.95766,36.52178],[-121.95757,36.52155],[-121.95782,36.52123],[-121.95828,36.52133],[-121.95842,36.52088],[-121.95817,36.52054],[-121.95824,36.52031],[-121.95853,36.52026],[-121.95979,36.52143],[-121.96021,36.52122],[-121.96119,36.52147],[-121.9614,36.52122],[-121.96091,36.52073],[-121.96119,36.52064],[-121.96161,36.52083],[-121.96181,36.52065],[-121.96138,36.52009],[-121.96161,36.52003],[-121.96246,36.52044],[-121.96216,36.52009],[-121.96218,36.51987],[-121.9626,36.52002],[-121.96281,36.51986],[-121.9622,36.51907],[-121.96232,36.51898],[-121.96288,36.51942],[-121.96303,36.5193],[-121.96274,36.51888],[-121.96246,36.51884],[-121.96218,36.51906],[-121.96141,36.51873],[-121.96119,36.51828],[-121.96073,36.51794],[-121.96124,36.51727],[-121.96117,36.51704],[-121.96151,36.51659],[-121.96133,36.51617],[-121.96074,36.51569],[-121.96119,36.51528],[-121.96157,36.51524],[-121.96132,36.51467],[-121.9608,36.51433],[-121.96091,36.51397],[-121.95979,36.51363],[-121.959,36.51445],[-121.95895,36.51479],[-121.95867,36.51495],[-121.95817,36.51467],[-121.95826,36.51399],[-121.9581,36.51381],[-121.95726,36.51456],[-121.95698,36.51438],[-121.95656,36.51454],[-121.95501,36.51433],[-121.95249,36.51264],[-121.95193,36.5125],[-121.95066,36.51178],[-121.9501,36.51176],[-121.94968,36.51141],[-121.94879,36.51106],[-121.94865,36.51095],[-121.94888,36.5105],[-121.94813,36.51],[-121.94715,36.50991],[-121.94687,36.50974],[-121.94686,36.50925],[-121.9473,36.50835],[-121.94757,36.50825],[-121.94792,36.50835],[-121.94758,36.50813],[-121.94757,36.50767],[-121.94715,36.50737],[-121.94657,36.50655],[-121.94663,36.50621],[-121.94617,36.50608],[-121.94561,36.50559],[-121.94565,36.50508],[-121.94508,36.50463],[-121.94575,36.50438],[-121.94617,36.50454],[-121.94633,36.5044],[-121.94589,36.50396],[-121.94505,36.50397],[-121.94483,36.50384],[-121.94488,36.50305],[-121.94468,36.50271],[-121.94498,36.50181],[-121.94501,36.5009],[-121.94461,36.5],[-121.94398,36.49966],[-121.94445,36.49921],[-121.94469,36.49853],[-121.94493,36.49831],[-121.94561,36.49808],[-121.94617,36.4981],[-121.94657,36.49786],[-121.94623,36.49718],[-121.94663,36.49616],[-121.94656,36.49583],[-121.94687,36.49584],[-121.94721,36.49537],[-121.94701,36.49523],[-121.94662,36.49526],[-121.94631,36.49501],[-121.94659,36.4945],[-121.94729,36.49453],[-121.94771,36.49403],[-121.94733,36.49334],[-121.94757,36.49266],[-121.94842,36.4923],[-121.94898,36.49243],[-121.94929,36.49221],[-121.94912,36.49197],[-121.94858,36.49176],[-121.94887,36.49131],[-121.94859,36.49097]],[[-121.93171,36.54503],[-121.93213,36.54469],[-121.93297,36.54446],[-121.93367,36.5448],[-121.93381,36.54469],[-121.93367,36.54446],[-121.93339,36.54458],[-121.93381,36.54379],[-121.93381,36.54345],[-121.93325,36.543],[-121.93325,36.54209],[-121.93307,36.54164],[-121.93325,36.54142],[-121.93325,36.54096],[-121.93283,36.54051],[-121.93297,36.53995],[-121.93255,36.53975],[-121.93269,36.53938],[-121.93255,36.53927],[-121.93185,36.53927],[-121.93086,36.53953],[-121.93044,36.53938],[-121.92904,36.5378],[-121.92862,36.53701],[-121.92862,36.53622],[-121.92848,36.53611],[-121.9282,36.53386],[-121.92777,36.53329],[-121.92693,36.53273],[-121.92679,36.53228],[-121.92693,36.53149],[-121.92637,36.53103]],[[-121.93185,36.54491],[-121.93185,36.54491]],[[-121.93199,36.5448],[-121.93199,36.5448]],[[-121.93353,36.54469],[-121.93353,36.54469]],[[-121.93213,36.54469],[-121.93213,36.54469]],[[-121.93241,36.54458],[-121.93241,36.54458]],[[-121.93311,36.54446],[-121.93311,36.54446]],[[-121.93297,36.54446],[-121.93297,36.54446]],[[-121.94238,36.54435],[-121.94238,36.54435]],[[-121.93353,36.54412],[-121.93353,36.54412]],[[-121.93367,36.5439],[-121.93367,36.5439]],[[-121.93311,36.54153],[-121.93311,36.54153]],[[-121.93283,36.54029],[-121.93283,36.54029]],[[-121.93255,36.5395],[-121.93255,36.5395]],[[-121.93788,36.53646],[-121.93788,36.53628],[-121.93762,36.53634],[-121.93774,36.53652],[-121.93788,36.53646]],[[-121.93578,36.53532],[-121.93578,36.53532]],[[-121.92679,36.53194],[-121.92679,36.53194]],[[-121.92777,36.52776],[-121.92777,36.52776]],[[-121.93774,36.52663],[-121.93774,36.52663]],[[-121.94884,36.52643],[-121.94896,36.52629],[-121.94856,36.52612],[-121.94846,36.52629],[-121.9487,36.52649],[-121.94884,36.52643]],[[-121.9296,36.5255],[-121.9296,36.5255]],[[-121.92946,36.52539],[-121.92946,36.52539]],[[-121.94336,36.52517],[-121.94336,36.52517]],[[-121.95361,36.52461],[-121.95361,36.52461]],[[-121.95249,36.5246],[-121.95249,36.5246]],[[-121.95726,36.52448],[-121.95739,36.52438],[-121.95726,36.52448]],[[-121.95235,36.52449],[-121.95235,36.52449]],[[-121.92637,36.52426],[-121.92749,36.52313],[-121.92848,36.52268],[-121.92946,36.5228],[-121.9296,36.52291],[-121.9296,36.52325],[-121.9303,36.5237],[-121.93157,36.52347],[-121.93185,36.5237],[-121.93241,36.52336],[-121.93367,36.52347],[-121.93381,36.52336],[-121.93353,36.52313],[-121.93353,36.52291],[-121.93409,36.52234],[-121.93511,36.52246],[-121.93536,36.5228],[-121.93578,36.52299],[-121.93606,36.52347],[-121.93637,36.52336],[-121.93662,36.52359],[-121.93718,36.52347],[-121.93746,36.52302],[-121.93732,36.52313],[-121.93746,36.52325],[-121.9376,36.52313],[-121.93746,36.52325],[-121.9376,36.52336],[-121.93774,36.52325],[-121.93743,36.5228],[-121.93774,36.52291],[-121.93802,36.52268],[-121.93746,36.52223],[-121.9376,36.52201],[-121.93732,36.52178],[-121.93676,36.52167],[-121.93662,36.52181],[-121.93634,36.52144],[-121.93676,36.52099],[-121.93694,36.52099],[-121.93718,36.52133],[-121.9376,36.52144],[-121.93774,36.52133],[-121.9376,36.52065],[-121.93676,36.51997],[-121.93732,36.51986],[-121.93718,36.51952],[-121.9376,36.51918],[-121.93831,36.51896],[-121.93915,36.51896],[-121.94013,36.51918],[-121.94083,36.51964],[-121.94069,36.5202],[-121.93999,36.52076],[-121.93985,36.5211],[-121.94055,36.52152],[-121.94069,36.52189],[-121.94097,36.52201],[-121.94111,36.52189],[-121.94097,36.52201],[-121.94111,36.52223],[-121.94125,36.52201],[-121.94097,36.52155],[-121.94139,36.52167],[-121.94168,36.52152],[-121.94224,36.52178],[-121.94238,36.52167],[-121.94224,36.52099],[-121.94248,36.52076],[-121.94308,36.52088],[-121.94364,36.52076],[-121.94406,36.52099],[-121.94448,36.52076],[-121.94476,36.5211],[-121.94462,36.52122],[-121.94466,36.52144],[-121.9442,36.52167],[-121.94434,36.52189],[-121.94505,36.52234],[-121.9455,36.52234],[-121.94589,36.52291],[-121.94715,36.52336],[-121.94813,36.52404],[-121.94856,36.5237],[-121.94856,36.52291],[-121.94828,36.52268],[-121.94828,36.52243],[-121.9487,36.52234],[-121.94926,36.52291],[-121.94954,36.52268],[-121.9494,36.52257],[-121.94954,36.52223],[-121.9494,36.5213],[-121.94968,36.52122],[-121.95122,36.52268],[-121.95249,36.52347],[-121.95249,36.5237],[-121.95291,36.52404],[-121.95333,36.52392],[-121.95333,36.52347],[-121.95305,36.52325],[-121.95319,36.52311],[-121.95361,36.52347],[-121.95375,36.52336],[-121.95403,36.52359],[-121.95431,36.52415],[-121.95473,36.52438],[-121.95487,36.52426],[-121.95472,36.52381],[-121.95487,36.5237],[-121.95343,36.52268],[-121.95361,36.52246],[-121.95431,36.5228],[-121.95459,36.52246],[-121.95417,36.52167],[-121.95375,36.52144],[-121.95403,36.52122],[-121.95249,36.52043],[-121.95175,36.52054],[-121.95179,36.52009],[-121.9515,36.51975],[-121.95122,36.51967],[-121.95179,36.51896],[-121.95263,36.51896],[-121.95291,36.51918],[-121.95291,36.51941],[-121.95333,36.51964],[-121.95403,36.51905],[-121.95445,36.51907],[-121.95459,36.51885],[-121.95417,36.51794],[-121.95361,36.51749],[-121.95319,36.51749],[-121.95291,36.51783],[-121.95305,36.51819],[-121.95263,36.51828],[-121.95235,36.51808],[-121.95235,36.51772],[-121.95207,36.51751],[-121.95249,36.51704],[-121.95179,36.51648],[-121.95165,36.51672],[-121.95094,36.51636],[-121.95052,36.51707],[-121.94996,36.51715],[-121.94964,36.51693],[-121.94996,36.51659],[-121.94996,36.51636],[-121.94954,36.51605],[-121.94954,36.51569],[-121.94912,36.51546],[-121.94884,36.51572],[-121.94813,36.5149],[-121.94799,36.51399],[-121.94771,36.51377],[-121.94757,36.51391],[-121.94729,36.51343],[-121.94687,36.51354],[-121.94659,36.5132],[-121.94561,36.51324],[-121.94561,36.51298],[-121.94533,36.51275],[-121.94505,36.51275],[-121.9442,36.5132],[-121.94378,36.51298],[-121.94378,36.5125],[-121.94434,36.51275],[-121.94462,36.51253],[-121.94364,36.51185],[-121.94294,36.51174],[-121.9421,36.51185],[-121.94252,36.5114],[-121.94168,36.5112],[-121.94168,36.51092],[-121.94196,36.51061],[-121.94168,36.51038],[-121.94196,36.51001],[-121.94238,36.51004],[-121.94266,36.50971],[-121.94224,36.50951],[-121.94206,36.50914],[-121.94238,36.50925],[-121.94266,36.50903],[-121.94224,36.50858],[-121.94182,36.50869],[-121.94154,36.50835],[-121.94122,36.50846],[-121.94069,36.50816],[-121.94069,36.50801],[-121.94097,36.5079],[-121.9421,36.50801],[-121.94224,36.5079],[-121.94224,36.50753],[-121.94252,36.50767],[-121.94266,36.50756],[-121.94238,36.50722],[-121.94238,36.50688],[-121.94182,36.50643],[-121.94125,36.5068],[-121.94111,36.50666],[-121.94055,36.50677],[-121.94045,36.507],[-121.93985,36.50688],[-121.93943,36.507],[-121.93873,36.50632],[-121.93915,36.50587],[-121.93915,36.50564],[-121.93869,36.50553],[-121.93813,36.50485],[-121.93845,36.5044],[-121.93901,36.50418],[-121.93897,36.50384],[-121.93943,36.50361],[-121.93943,36.50339],[-121.93915,36.50316],[-121.93887,36.50319],[-121.93901,36.50282],[-121.93873,36.50237],[-121.93859,36.50144],[-121.93887,36.50158],[-121.93929,36.50147],[-121.93957,36.50203],[-121.94013,36.50192],[-121.94027,36.50181],[-121.94027,36.50102],[-121.94055,36.50079],[-121.94055,36.50023],[-121.93985,36.49955],[-121.93954,36.49966],[-121.93929,36.49944],[-121.93901,36.49944],[-121.93887,36.4991],[-121.93817,36.49876],[-121.93788,36.49876],[-121.9376,36.49924],[-121.93746,36.49924],[-121.93718,36.49887],[-121.93662,36.49865],[-121.93676,36.49805],[-121.93774,36.49752],[-121.93915,36.49729],[-121.93915,36.49684],[-121.93985,36.49662],[-121.94027,36.49628],[-121.94013,36.49549],[-121.93985,36.49512],[-121.93999,36.49504],[-121.94055,36.49537],[-121.94083,36.49537],[-121.94111,36.49515],[-121.94111,36.49458],[-121.94196,36.49402],[-121.94234,36.49334],[-121.94266,36.49346],[-121.94294,36.4932],[-121.94308,36.49357],[-121.94322,36.49346],[-121.94322,36.49312],[-121.9435,36.49297],[-121.94392,36.493],[-121.94448,36.49334],[-121.94476,36.49312],[-121.94476,36.49264],[-121.94519,36.49221],[-121.94476,36.49176],[-121.94476,36.49154],[-121.94575,36.49097]],[[-121.94125,36.52415],[-121.94125,36.52415]],[[-121.92651,36.52415],[-121.92651,36.52415]],[[-121.95712,36.52381],[-121.95712,36.52381]],[[-121.94448,36.52392],[-121.94448,36.52392]],[[-121.92665,36.52392],[-121.92665,36.52392]],[[-121.95698,36.5237],[-121.95698,36.5237]],[[-121.94476,36.52381],[-121.94476,36.52381]],[[-121.92679,36.52381],[-121.92679,36.52381]],[[-121.95684,36.52359],[-121.95684,36.52359]],[[-121.92693,36.5237],[-121.92693,36.5237]],[[-121.93199,36.52359],[-121.93199,36.52359]],[[-121.93072,36.52359],[-121.93072,36.52359]],[[-121.95319,36.52336],[-121.95319,36.52336]],[[-121.93676,36.52347],[-121.93676,36.52347]],[[-121.93213,36.52347],[-121.93213,36.52347]],[[-121.93114,36.52347],[-121.93114,36.52347]],[[-121.92707,36.52347],[-121.92707,36.52347]],[[-121.95375,36.52336],[-121.95375,36.52336]],[[-121.95302,36.52325],[-121.95302,36.52325]],[[-121.93634,36.52336],[-121.93634,36.52336]],[[-121.93367,36.52325],[-121.93367,36.52325]],[[-121.93241,36.52336],[-121.93241,36.52336]],[[-121.92721,36.52336],[-121.92721,36.52336]],[[-121.93353,36.52313],[-121.93353,36.52313]],[[-121.92735,36.52325],[-121.92735,36.52325]],[[-121.92749,36.52313],[-121.92749,36.52313]],[[-121.92777,36.52302],[-121.92777,36.52302]],[[-121.94842,36.5228],[-121.94842,36.5228]],[[-121.93353,36.52291],[-121.93353,36.52291]],[[-121.92792,36.52291],[-121.92792,36.52291]],[[-121.9494,36.5228],[-121.9494,36.5228]],[[-121.94828,36.52268],[-121.94828,36.52268]],[[-121.93788,36.5228],[-121.93788,36.5228]],[[-121.9282,36.5228],[-121.9282,36.5228]],[[-121.95417,36.52268],[-121.95417,36.52268]],[[-121.94937,36.52257],[-121.94937,36.52257]],[[-121.93788,36.52257],[-121.93788,36.52257]],[[-121.93367,36.52268],[-121.93367,36.52268]],[[-121.92848,36.52268],[-121.92848,36.52268]],[[-121.95445,36.52257],[-121.95445,36.52257]],[[-121.95389,36.52257],[-121.95389,36.52257]],[[-121.93774,36.52246],[-121.93774,36.52246]],[[-121.93381,36.52257],[-121.93381,36.52257]],[[-121.95361,36.52246],[-121.95361,36.52246]],[[-121.9376,36.52234],[-121.9376,36.52234]],[[-121.93395,36.52246],[-121.93395,36.52246]],[[-121.96232,36.52225],[-121.96246,36.52183],[-121.9619,36.52147],[-121.96186,36.52189],[-121.96232,36.52225]],[[-121.95712,36.52234],[-121.95712,36.52234]],[[-121.93746,36.52223],[-121.93746,36.52223]],[[-121.93409,36.52234],[-121.93409,36.52234]],[[-121.96246,36.52212],[-121.96246,36.52212]],[[-121.93746,36.52189],[-121.93746,36.52189]],[[-121.9369,36.52178],[-121.9369,36.52178]],[[-121.94097,36.52167],[-121.94097,36.52167]],[[-121.93648,36.52167],[-121.93648,36.52167]],[[-121.9494,36.52155],[-121.9494,36.52155]],[[-121.94224,36.52144],[-121.94224,36.52144]],[[-121.94154,36.52155],[-121.94154,36.52155]],[[-121.94097,36.52155],[-121.94097,36.52155]],[[-121.93634,36.52144],[-121.93634,36.52144]],[[-121.95375,36.52144],[-121.95375,36.52144]],[[-121.95389,36.52133],[-121.95389,36.52133]],[[-121.93634,36.52133],[-121.93634,36.52133]],[[-121.94224,36.52099],[-121.94224,36.52099]],[[-121.93676,36.52099],[-121.93676,36.52099]],[[-121.9376,36.52076],[-121.9376,36.52076]],[[-121.94322,36.52076],[-121.94322,36.52076]],[[-121.93746,36.52054],[-121.93746,36.52054]],[[-121.93718,36.52043],[-121.93718,36.52043]],[[-121.93704,36.52031],[-121.93704,36.52031]],[[-121.95824,36.52031],[-121.95824,36.52031]],[[-121.9369,36.5202],[-121.9369,36.5202]],[[-121.93676,36.52009],[-121.93676,36.52009]],[[-121.93676,36.51997],[-121.93676,36.51997]],[[-121.9369,36.51986],[-121.9369,36.51986]],[[-121.93718,36.51964],[-121.93718,36.51964]],[[-121.95122,36.51964],[-121.95122,36.51964]],[[-121.95361,36.51952],[-121.95361,36.51952]],[[-121.95319,36.51952],[-121.95319,36.51952]],[[-121.93718,36.51952],[-121.93718,36.51952]],[[-121.95136,36.51941],[-121.95136,36.51941]],[[-121.93732,36.51941],[-121.93732,36.51941]],[[-121.9515,36.5193],[-121.9515,36.5193]],[[-121.93746,36.5193],[-121.93746,36.5193]],[[-121.95389,36.51918],[-121.95389,36.51918]],[[-121.95291,36.51918],[-121.95291,36.51918]],[[-121.9376,36.51918],[-121.9376,36.51918]],[[-121.95277,36.51907],[-121.95277,36.51907]],[[-121.95165,36.51907],[-121.95165,36.51907]],[[-121.93788,36.51907],[-121.93788,36.51907]],[[-121.95263,36.51896],[-121.95263,36.51896]],[[-121.95179,36.51896],[-121.95179,36.51896]],[[-121.93831,36.51896],[-121.93831,36.51896]],[[-121.95305,36.51794],[-121.95305,36.51794]],[[-121.95207,36.51749],[-121.95207,36.51749]],[[-121.95221,36.51727],[-121.95221,36.51727]],[[-121.95235,36.51715],[-121.95235,36.51715]],[[-121.94982,36.5167],[-121.94982,36.5167]],[[-121.95684,36.51472],[-121.95694,36.51467],[-121.95684,36.51472]],[[-121.94448,36.51264],[-121.94448,36.51264]],[[-121.9442,36.51264],[-121.9442,36.51264]],[[-121.94406,36.51253],[-121.94406,36.51253]],[[-121.94168,36.51038],[-121.94168,36.51038]],[[-121.94182,36.51027],[-121.94182,36.51027]],[[-121.94252,36.50914],[-121.94252,36.50914]],[[-121.94224,36.50914],[-121.94224,36.50914]],[[-121.94912,36.50827],[-121.94921,36.50801],[-121.94882,36.5079],[-121.94874,36.50813],[-121.94912,36.50827]],[[-121.94069,36.50801],[-121.94069,36.50801]],[[-121.94168,36.5079],[-121.94168,36.5079]],[[-121.94154,36.5079],[-121.94154,36.5079]],[[-121.94097,36.5079],[-121.94097,36.5079]],[[-121.94083,36.5079],[-121.94083,36.5079]],[[-121.94125,36.5077],[-121.94125,36.5077]],[[-121.9435,36.50756],[-121.9442,36.507],[-121.94378,36.50632],[-121.94322,36.50621],[-121.94294,36.50598],[-121.9428,36.50609],[-121.9428,36.50711],[-121.9435,36.50756]],[[-121.94238,36.50756],[-121.94238,36.50756]],[[-121.94364,36.50745],[-121.94364,36.50745]],[[-121.94336,36.50745],[-121.94336,36.50745]],[[-121.94392,36.50734],[-121.94392,36.50734]],[[-121.94308,36.50734],[-121.94308,36.50734]],[[-121.94294,36.50722],[-121.94294,36.50722]],[[-121.94168,36.50711],[-121.94168,36.507],[-121.94139,36.507],[-121.94168,36.50711]],[[-121.94406,36.50711],[-121.94406,36.50711]],[[-121.94139,36.507],[-121.94139,36.507]],[[-121.93873,36.50621],[-121.93873,36.50621]],[[-121.93887,36.50609],[-121.93887,36.50609]],[[-121.93901,36.50598],[-121.93901,36.50598]],[[-121.93817,36.50463],[-121.93817,36.50463]],[[-121.93831,36.50451],[-121.93831,36.50451]],[[-121.93845,36.5044],[-121.93845,36.5044]],[[-121.93873,36.50429],[-121.93873,36.50429]],[[-121.93929,36.50372],[-121.93929,36.50372]],[[-121.93887,36.50316],[-121.93887,36.50316]],[[-121.93999,36.50192],[-121.93999,36.50192]],[[-121.93943,36.50158],[-121.93943,36.50158]],[[-121.93929,36.50147],[-121.93929,36.50147]],[[-121.93915,36.50147],[-121.93915,36.50147]],[[-121.93873,36.50147],[-121.93873,36.50147]],[[-121.94027,36.50102],[-121.94027,36.50102]],[[-121.94041,36.5009],[-121.94041,36.5009]],[[-121.93662,36.49831],[-121.93662,36.49831]],[[-121.93704,36.49786],[-121.93704,36.49786]],[[-121.93718,36.49774],[-121.93718,36.49774]],[[-121.94589,36.49762],[-121.94612,36.49741],[-121.94589,36.49728],[-121.94563,36.49752],[-121.94589,36.49762]],[[-121.93746,36.49763],[-121.93746,36.49763]],[[-121.93774,36.49752],[-121.93774,36.49752]],[[-121.93845,36.49741],[-121.93845,36.49741]],[[-121.93915,36.49684],[-121.93915,36.49684]],[[-121.93929,36.49673],[-121.93929,36.49673]],[[-121.93971,36.49662],[-121.93971,36.49662]],[[-121.93999,36.4965],[-121.93999,36.4965]],[[-121.94013,36.49639],[-121.94013,36.49639]],[[-121.94097,36.49526],[-121.94097,36.49526]],[[-121.94041,36.49526],[-121.94041,36.49526]],[[-121.94027,36.49515],[-121.94027,36.49515]],[[-121.93999,36.49504],[-121.93999,36.49504]],[[-121.94111,36.49458],[-121.94111,36.49458]],[[-121.94125,36.49447],[-121.94125,36.49447]],[[-121.94154,36.49436],[-121.94154,36.49436]],[[-121.94168,36.49425],[-121.94168,36.49425]],[[-121.94182,36.49413],[-121.94182,36.49413]],[[-121.94196,36.49391],[-121.94196,36.49391]],[[-121.9421,36.49368],[-121.9421,36.49368]],[[-121.94252,36.49334],[-121.94252,36.49334]],[[-121.94785,36.49315],[-121.94785,36.49297],[-121.94785,36.49315]],[[-121.94462,36.49323],[-121.94462,36.49323]],[[-121.9442,36.49323],[-121.9442,36.49323]],[[-121.9428,36.49323],[-121.9428,36.49323]],[[-121.94406,36.49312],[-121.94406,36.49312]],[[-121.94322,36.49312],[-121.94322,36.49312]],[[-121.94392,36.493],[-121.94392,36.493]],[[-121.94336,36.493],[-121.94336,36.493]],[[-121.94771,36.49255],[-121.94771,36.49255]],[[-121.94505,36.49233],[-121.94505,36.49233]],[[-121.94476,36.49154],[-121.94476,36.49154]],[[-121.94491,36.49142],[-121.94491,36.49142]],[[-121.94519,36.49131],[-121.94519,36.49131]],[[-121.94547,36.4912],[-121.94547,36.4912]],[[-121.94561,36.49109],[-121.94561,36.49109]]]},"properties":{"depth_m":30}},{"type":"Feature","geometry":{"type":"MultiLineString","coordinates":[[[-121.94423,36.54503],[-121.94317,36.54379],[-121.94333,36.54345],[-121.94319,36.54311],[-121.94238,36.54284],[-121.94193,36.54232],[-121.94055,36.5417],[-121.94005,36.5413],[-121.93983,36.54017],[-121.93921,36.53882],[-121.9389,36.53769],[-121.93836,36.5369],[-121.93835,36.53645],[-121.93802,36.53617],[-121.93658,36.53555],[-121.9367,36.5351],[-121.93633,36.53453],[-121.93578,36.53421],[-121.93522,36.53426],[-121.93466,36.53473],[-121.93423,36.53537],[-121.93325,36.53502],[-121.93241,36.53509],[-121.93224,36.53498],[-121.93207,36.53431],[-121.93235,36.53374],[-121.93143,36.53322],[-121.93112,36.53273],[-121.92978,36.53171],[-121.92977,36.53126],[-121.93044,36.53086],[-121.93143,36.53101],[-121.93186,36.53081],[-121.93133,36.52934],[-121.931,36.52907],[-121.93016,36.52879],[-121.92946,36.52912],[-121.92971,36.52979],[-121.9296,36.53002],[-121.92918,36.53004],[-121.92848,36.52963],[-121.92817,36.52934],[-121.92817,36.52821],[-121.92789,36.52776],[-121.92835,36.52742],[-121.92786,36.52652],[-121.92827,36.52573],[-121.92904,36.52546],[-121.92974,36.52582],[-121.93016,36.52655],[-121.93114,36.52632],[-121.93409,36.52624],[-121.93494,36.52643],[-121.93564,36.52683],[-121.93676,36.52682],[-121.93831,36.52713],[-121.93843,36.52708],[-121.93822,36.52663],[-121.93898,36.52607],[-121.9394,36.52596],[-121.93919,36.5255],[-121.94013,36.52503],[-121.94069,36.52421],[-121.94139,36.52438],[-121.94196,36.52434],[-121.94238,36.52472],[-121.9429,36.52471],[-121.94313,36.52505],[-121.94364,36.52534],[-121.94399,36.52517],[-121.94406,36.52482],[-121.94519,36.52469],[-121.94662,36.52596],[-121.94715,36.52603],[-121.94757,36.52638],[-121.94842,36.52643],[-121.94912,36.52708],[-121.94931,36.52697],[-121.94913,36.52663],[-121.94915,36.52596],[-121.9494,36.52579],[-121.9502,36.52596],[-121.95035,36.52584],[-121.95038,36.52537],[-121.95066,36.52517],[-121.95122,36.52526],[-121.95133,36.52505],[-121.9512,36.52494],[-121.95136,36.52477],[-121.95221,36.52465],[-121.9526,36.52517],[-121.95347,36.52577],[-121.95375,36.52544],[-121.9545,36.52539],[-121.95389,36.52483],[-121.95397,36.52471],[-121.95516,36.52497],[-121.95572,36.5243],[-121.95628,36.52418],[-121.95684,36.52385],[-121.9574,36.52399],[-121.95748,36.5237],[-121.95683,36.52291],[-121.95712,36.5227],[-121.95782,36.52283],[-121.95851,36.52268],[-121.95848,36.52223],[-121.95824,36.52188],[-121.95895,36.52102],[-121.95979,36.52167],[-121.96035,36.52182],[-121.96063,36.52148],[-121.96147,36.52165],[-121.96218,36.52239],[-121.96246,36.52233],[-121.96253,36.52178],[-121.9616,36.52122],[-121.96192,36.52076],[-121.96168,36.52031],[-121.96249,36.52054],[-121.96243,36.52009],[-121.96295,36.52009],[-121.96304,36.51986],[-121.96284,36.51952],[-121.96328,36.5193],[-121.96312,36.51896],[-121.9619,36.51873],[-121.96179,36.51862],[-121.9619,36.51828],[-121.96219,36.51817],[-121.96229,36.51794],[-121.96218,36.51774],[-121.96161,36.5177],[-121.96142,36.51749],[-121.96161,36.51672],[-121.96196,36.51636],[-121.96157,36.51625],[-121.96133,36.51591],[-121.96161,36.51572],[-121.96205,36.51569],[-121.96204,36.51478],[-121.96231,36.51411],[-121.96218,36.51394],[-121.9619,36.51416],[-121.96176,36.51454],[-121.96147,36.5146],[-121.96119,36.51388],[-121.96007,36.51349],[-121.95895,36.51404],[-121.95867,36.514],[-121.95804,36.51354],[-121.95826,36.51332],[-121.9581,36.51319],[-121.95796,36.51348],[-121.95754,36.51329],[-121.95614,36.51371],[-121.95533,36.51366],[-121.95459,36.513],[-121.95291,36.5123],[-121.95267,36.51208],[-121.95263,36.51178],[-121.95193,36.51183],[-121.95122,36.5116],[-121.95094,36.51121],[-121.94948,36.51083],[-121.94815,36.50971],[-121.94812,36.50937],[-121.9487,36.5086],[-121.9493,36.50846],[-121.94965,36.50824],[-121.94965,36.50801],[-121.94926,36.50768],[-121.94799,36.50789],[-121.94748,36.50722],[-121.94757,36.50704],[-121.94799,36.50714],[-121.94799,36.50695],[-121.94715,36.50685],[-121.94723,36.50643],[-121.94613,36.5053],[-121.94616,36.50485],[-121.94649,36.50451],[-121.94631,36.50372],[-121.94693,36.50135],[-121.94759,36.50079],[-121.94791,36.5],[-121.94731,36.49966],[-121.94767,36.49921],[-121.94764,36.49853],[-121.94746,36.4982],[-121.94769,36.49774],[-121.94729,36.49753],[-121.94701,36.49769],[-121.94681,36.49718],[-121.94706,36.49684],[-121.94687,36.49638],[-121.94735,36.49549],[-121.94723,36.49504],[-121.94785,36.49436],[-121.94785,36.49393],[-121.94842,36.49386],[-121.94865,36.49357],[-121.9486,36.493],[-121.94938,36.49221],[-121.9494,36.49148],[-121.94982,36.49133],[-121.9501,36.49097]],[[-121.93171,36.54503],[-121.93213,36.54469],[-121.93297,36.54446],[-121.93367,36.5448],[-121.93381,36.54469],[-121.93367,36.54446],[-121.93339,36.54458],[-121.93381,36.54379],[-121.93381,36.54345],[-121.93325,36.543],[-121.93325,36.54209],[-121.93307,36.54164],[-121.93325,36.54142],[-121.93325,36.54096],[-121.93283,36.54051],[-121.93297,36.53995],[-121.93255,36.53976],[-121.93269,36.53938],[-121.93255,36.53927],[-121.93185,36.53927],[-121.93086,36.53953],[-121.93044,36.53938],[-121.92904,36.5378],[-121.92862,36.53701],[-121.92862,36.53622],[-121.92848,36.53611],[-121.9282,36.53386],[-121.92777,36.53329],[-121.92693,36.53273],[-121.92679,36.53228],[-121.92693,36.53149],[-121.92637,36.53103]],[[-121.93185,36.54491],[-121.93185,36.54491]],[[-121.93199,36.5448],[-121.93199,36.5448]],[[-121.93353,36.54469],[-121.93353,36.54469]],[[-121.93213,36.54469],[-121.93213,36.54469]],[[-121.93241,36.54458],[-121.93241,36.54458]],[[-121.93311,36.54446],[-121.93311,36.54446]],[[-121.93297,36.54446],[-121.93297,36.54446]],[[-121.94406,36.54417],[-121.94408,36.54401],[-121.9439,36.54401],[-121.94406,36.54417]],[[-121.93353,36.54412],[-121.93353,36.54412]],[[-121.93367,36.5439],[-121.93367,36.5439]],[[-121.9442,36.54303],[-121.94433,36.54288],[-121.94406,36.54267],[-121.94386,36.54277],[-121.94391,36.543],[-121.9442,36.54303]],[[-121.93311,36.54153],[-121.93311,36.54153]],[[-121.93283,36.54029],[-121.93283,36.54029]],[[-121.93255,36.5395],[-121.93255,36.5395]],[[-121.92679,36.53194],[-121.92679,36.53194]],[[-121.92932,36.52562],[-121.92932,36.52562]],[[-121.92918,36.5255],[-121.92918,36.5255]],[[-121.95782,36.52498],[-121.95782,36.52465],[-121.95726,36.52417],[-121.95708,36.52438],[-121.95736,36.52483],[-121.95754,36.525],[-121.95782,36.52498]],[[-121.95389,36.52483],[-121.95389,36.52483]],[[-121.95712,36.52449],[-121.95712,36.52449]],[[-121.92637,36.52426],[-121.92749,36.52313],[-121.92848,36.52268],[-121.92946,36.5228],[-121.9296,36.52291],[-121.9296,36.52325],[-121.9303,36.5237],[-121.93157,36.52347],[-121.93185,36.5237],[-121.93241,36.52336],[-121.93367,36.52347],[-121.93381,36.52336],[-121.93353,36.52313],[-121.93353,36.52291],[-121.93409,36.52234],[-121.93512,36.52246],[-121.93536,36.5228],[-121.93578,36.52299],[-121.93606,36.52347],[-121.93638,36.52336],[-121.93662,36.52359],[-121.93718,36.52347],[-121.93746,36.52302],[-121.93732,36.52313],[-121.93746,36.52325],[-121.9376,36.52313],[-121.93746,36.52325],[-121.9376,36.52336],[-121.93774,36.52325],[-121.93742,36.5228],[-121.93774,36.52291],[-121.93802,36.52268],[-121.93746,36.52223],[-121.9376,36.52201],[-121.93732,36.52178],[-121.93676,36.52167],[-121.93662,36.52182],[-121.93634,36.52144],[-121.93676,36.52099],[-121.93695,36.52099],[-121.93718,36.52133],[-121.9376,36.52144],[-121.93774,36.52133],[-121.9376,36.52065],[-121.93676,36.51997],[-121.93732,36.51986],[-121.93718,36.51952],[-121.9376,36.51918],[-121.93831,36.51896],[-121.93915,36.51896],[-121.94013,36.51918],[-121.94083,36.51964],[-121.94069,36.5202],[-121.93999,36.52076],[-121.93985,36.5211],[-121.94055,36.52152],[-121.94069,36.52189],[-121.94097,36.52201],[-121.94111,36.52189],[-121.94097,36.52201],[-121.94111,36.52223],[-121.94125,36.52201],[-121.94097,36.52155],[-121.94139,36.52167],[-121.94168,36.52152],[-121.94224,36.52178],[-121.94238,36.52167],[-121.94224,36.52099],[-121.94247,36.52076],[-121.94308,36.52088],[-121.94364,36.52076],[-121.94406,36.52099],[-121.94448,36.52076],[-121.94476,36.5211],[-121.94462,36.52122],[-121.94467,36.52144],[-121.9442,36.52167],[-121.94434,36.52189],[-121.94505,36.52234],[-121.94551,36.52234],[-121.94589,36.52291],[-121.94715,36.52336],[-121.94813,36.52404],[-121.94856,36.5237],[-121.94856,36.52291],[-121.94828,36.52268],[-121.94828,36.52242],[-121.9487,36.52234],[-121.94926,36.52291],[-121.94954,36.52268],[-121.9494,36.52257],[-121.94954,36.52223],[-121.9494,36.52129],[-121.94968,36.52122],[-121.95122,36.52268],[-121.95249,36.52347],[-121.95249,36.5237],[-121.95291,36.52404],[-121.95333,36.52392],[-121.95333,36.52347],[-121.95305,36.52325],[-121.95319,36.5231],[-121.95361,36.52347],[-121.95375,36.52336],[-121.95403,36.52359],[-121.95431,36.52415],[-121.95473,36.52438],[-121.95487,36.52426],[-121.95471,36.52381],[-121.95487,36.5237],[-121.95343,36.52268],[-121.95361,36.52246],[-121.95431,36.5228],[-121.95459,36.52246],[-121.95417,36.52167],[-121.95375,36.52144],[-121.95403,36.52122],[-121.95249,36.52043],[-121.95174,36.52054],[-121.95179,36.52009],[-121.9515,36.51975],[-121.95122,36.51967],[-121.95179,36.51896],[-121.95263,36.51896],[-121.95291,36.51918],[-121.95291,36.51941],[-121.95333,36.51964],[-121.95375,36.51941],[-121.95403,36.51904],[-121.95445,36.51907],[-121.95459,36.51885],[-121.95417,36.51794],[-121.95361,36.51749],[-121.95319,36.51749],[-121.95291,36.51783],[-121.95305,36.5182],[-121.95263,36.51828],[-121.95235,36.51808],[-121.95235,36.51772],[-121.95207,36.51752],[-121.95249,36.51704],[-121.95179,36.51648],[-121.95165,36.51673],[-121.95094,36.51636],[-121.95052,36.51707],[-121.94996,36.51715],[-121.94964,36.51693],[-121.94996,36.51659],[-121.94996,36.51636],[-121.94954,36.51606],[-121.94954,36.51569],[-121.94912,36.51546],[-121.94884,36.51572],[-121.94813,36.5149],[-121.94799,36.51399],[-121.94771,36.51377],[-121.94757,36.51392],[-121.94729,36.51343],[-121.94687,36.51354],[-121.94659,36.5132],[-121.94561,36.51324],[-121.94561,36.51298],[-121.94533,36.51275],[-121.94505,36.51275],[-121.9442,36.5132],[-121.94378,36.51298],[-121.94378,36.51249],[-121.94434,36.51275],[-121.94462,36.51253],[-121.94364,36.51185],[-121.94322,36.51188],[-121.94294,36.51174],[-121.9421,36.51185],[-121.94252,36.5114],[-121.94168,36.51121],[-121.94168,36.51091],[-121.94196,36.51061],[-121.94168,36.51038],[-121.94196,36.51001],[-121.94238,36.51004],[-121.94266,36.50971],[-121.94224,36.50952],[-121.94205,36.50914],[-121.94238,36.50925],[-121.94266,36.50903],[-121.94224,36.50858],[-121.94182,36.50869],[-121.94154,36.50835],[-121.94121,36.50846],[-121.94069,36.50816],[-121.94069,36.50801],[-121.94097,36.5079],[-121.9421,36.50801],[-121.94224,36.5079],[-121.94224,36.50753],[-121.94252,36.50767],[-121.94266,36.50756],[-121.94238,36.50722],[-121.94238,36.50688],[-121.94182,36.50643],[-121.94125,36.50681],[-121.94111,36.50666],[-121.94055,36.50677],[-121.94046,36.507],[-121.93985,36.50688],[-121.93943,36.507],[-121.93873,36.50632],[-121.93915,36.50587],[-121.93915,36.50564],[-121.93868,36.50553],[-121.93812,36.50485],[-121.93845,36.5044],[-121.93901,36.50418],[-121.93896,36.50384],[-121.93943,36.50361],[-121.93943,36.50339],[-121.93915,36.50316],[-121.93887,36.5032],[-121.93901,36.50282],[-121.93873,36.50237],[-121.93859,36.50143],[-121.93887,36.50158],[-121.93929,36.50147],[-121.93957,36.50203],[-121.94013,36.50192],[-121.94027,36.50181],[-121.94027,36.50102],[-121.94055,36.50079],[-121.94055,36.50023],[-121.93985,36.49955],[-121.93953,36.49966],[-121.93929,36.49944],[-121.93901,36.49944],[-121.93887,36.4991],[-121.93817,36.49876],[-121.93788,36.49876],[-121.9376,36.49925],[-121.93746,36.49925],[-121.93718,36.49887],[-121.93662,36.49865],[-121.93676,36.49805],[-121.93774,36.49752],[-121.93915,36.49729],[-121.93915,36.49684],[-121.93985,36.49662],[-121.94027,36.49628],[-121.94013,36.49549],[-121.93985,36.49511],[-121.93999,36.49504],[-121.94055,36.49537],[-121.94083,36.49537],[-121.94111,36.49515],[-121.94111,36.49458],[-121.94196,36.49402],[-121.94233,36.49334],[-121.94266,36.49346],[-121.94294,36.49319],[-121.94308,36.49357],[-121.94322,36.49346],[-121.94322,36.49312],[-121.9435,36.49297],[-121.94392,36.493],[-121.94448,36.49334],[-121.94476,36.49312],[-121.94476,36.49263],[-121.94519,36.49221],[-121.94476,36.49176],[-121.94476,36.49154],[-121.94575,36.49097]],[[-121.92651,36.52415],[-121.92651,36.52415]],[[-121.92665,36.52392],[-121.92665,36.52392]],[[-121.92679,36.52381],[-121.92679,36.52381]],[[-121.92693,36.5237],[-121.92693,36.5237]],[[-121.93199,36.52359],[-121.93199,36.52359]],[[-121.93072,36.52359],[-121.93072,36.52359]],[[-121.95319,36.52336],[-121.95319,36.52336]],[[-121.93676,36.52347],[-121.93676,36.52347]],[[-121.93213,36.52347],[-121.93213,36.52347]],[[-121.93114,36.52347],[-121.93114,36.52347]],[[-121.92707,36.52347],[-121.92707,36.52347]],[[-121.95375,36.52336],[-121.95375,36.52336]],[[-121.95301,36.52325],[-121.95301,36.52325]],[[-121.93634,36.52336],[-121.93634,36.52336]],[[-121.93367,36.52325],[-121.93367,36.52325]],[[-121.93241,36.52336],[-121.93241,36.52336]],[[-121.92721,36.52336],[-121.92721,36.52336]],[[-121.93353,36.52313],[-121.93353,36.52313]],[[-121.92735,36.52325],[-121.92735,36.52325]],[[-121.92749,36.52313],[-121.92749,36.52313]],[[-121.92777,36.52302],[-121.92777,36.52302]],[[-121.95754,36.5228],[-121.95754,36.5228]],[[-121.94842,36.5228],[-121.94842,36.5228]],[[-121.93353,36.52291],[-121.93353,36.52291]],[[-121.92792,36.52291],[-121.92792,36.52291]],[[-121.9494,36.5228],[-121.9494,36.5228]],[[-121.94828,36.52268],[-121.94828,36.52268]],[[-121.93788,36.5228],[-121.93788,36.5228]],[[-121.9282,36.5228],[-121.9282,36.5228]],[[-121.95417,36.52268],[-121.95417,36.52268]],[[-121.94937,36.52257],[-121.94937,36.52257]],[[-121.93788,36.52257],[-121.93788,36.52257]],[[-121.93367,36.52268],[-121.93367,36.52268]],[[-121.92848,36.52268],[-121.92848,36.52268]],[[-121.95445,36.52257],[-121.95445,36.52257]],[[-121.95389,36.52257],[-121.95389,36.52257]],[[-121.93774,36.52246],[-121.93774,36.52246]],[[-121.93381,36.52257],[-121.93381,36.52257]],[[-121.95361,36.52246],[-121.95361,36.52246]],[[-121.9376,36.52234],[-121.9376,36.52234]],[[-121.93395,36.52246],[-121.93395,36.52246]],[[-121.93746,36.52223],[-121.93746,36.52223]],[[-121.93409,36.52234],[-121.93409,36.52234]],[[-121.96316,36.52214],[-121.96316,36.52201],[-121.963,36.52201],[-121.96316,36.52214]],[[-121.93746,36.52189],[-121.93746,36.52189]],[[-121.9369,36.52178],[-121.9369,36.52178]],[[-121.94097,36.52167],[-121.94097,36.52167]],[[-121.93648,36.52167],[-121.93648,36.52167]],[[-121.9494,36.52155],[-121.9494,36.52155]],[[-121.94224,36.52144],[-121.94224,36.52144]],[[-121.94154,36.52155],[-121.94154,36.52155]],[[-121.94097,36.52155],[-121.94097,36.52155]],[[-121.93634,36.52144],[-121.93634,36.52144]],[[-121.95375,36.52144],[-121.95375,36.52144]],[[-121.95389,36.52133],[-121.95389,36.52133]],[[-121.93634,36.52133],[-121.93634,36.52133]],[[-121.96316,36.52113],[-121.96332,36.52099],[-121.96302,36.52075],[-121.96286,36.52088],[-121.96316,36.52113]],[[-121.94224,36.52099],[-121.94224,36.52099]],[[-121.93676,36.52099],[-121.93676,36.52099]],[[-121.9376,36.52076],[-121.9376,36.52076]],[[-121.94322,36.52076],[-121.94322,36.52076]],[[-121.93746,36.52054],[-121.93746,36.52054]],[[-121.93718,36.52043],[-121.93718,36.52043]],[[-121.93704,36.52031],[-121.93704,36.52031]],[[-121.9369,36.5202],[-121.9369,36.5202]],[[-121.93676,36.52009],[-121.93676,36.52009]],[[-121.93676,36.51997],[-121.93676,36.51997]],[[-121.9369,36.51986],[-121.9369,36.51986]],[[-121.93718,36.51964],[-121.93718,36.51964]],[[-121.95122,36.51964],[-121.95122,36.51964]],[[-121.95361,36.51952],[-121.95361,36.51952]],[[-121.95319,36.51952],[-121.95319,36.51952]],[[-121.93718,36.51952],[-121.93718,36.51952]],[[-121.95136,36.51941],[-121.95136,36.51941]],[[-121.93732,36.51941],[-121.93732,36.51941]],[[-121.9515,36.5193],[-121.9515,36.5193]],[[-121.93746,36.5193],[-121.93746,36.5193]],[[-121.95389,36.51918],[-121.95389,36.51918]],[[-121.95291,36.51918],[-121.95291,36.51918]],[[-121.9376,36.51918],[-121.9376,36.51918]],[[-121.95277,36.51907],[-121.95277,36.51907]],[[-121.95165,36.51907],[-121.95165,36.51907]],[[-121.93788,36.51907],[-121.93788,36.51907]],[[-121.95263,36.51896],[-121.95263,36.51896]],[[-121.95179,36.51896],[-121.95179,36.51896]],[[-121.93831,36.51896],[-121.93831,36.51896]],[[-121.95305,36.51794],[-121.95305,36.51794]],[[-121.95207,36.51749],[-121.95207,36.51749]],[[-121.95221,36.51727],[-121.95221,36.51727]],[[-121.95235,36.51715],[-121.95235,36.51715]],[[-121.94982,36.5167],[-121.94982,36.5167]],[[-121.9626,36.5156],[-121.96272,36.51546],[-121.9626,36.51537],[-121.9626,36.5156]],[[-121.96077,36.51347],[-121.96095,36.51332],[-121.96077,36.51316],[-121.96021,36.51308],[-121.96008,36.5132],[-121.96021,36.51342],[-121.96077,36.51347]],[[-121.94448,36.51264],[-121.94448,36.51264]],[[-121.9442,36.51264],[-121.9442,36.51264]],[[-121.94406,36.51253],[-121.94406,36.51253]],[[-121.94168,36.51038],[-121.94168,36.51038]],[[-121.94182,36.51027],[-121.94182,36.51027]],[[-121.94252,36.50914],[-121.94252,36.50914]],[[-121.94224,36.50914],[-121.94224,36.50914]],[[-121.94069,36.50801],[-121.94069,36.50801]],[[-121.94996,36.50782],[-121.94978,36.50779],[-121.94996,36.50782]],[[-121.94168,36.5079],[-121.94168,36.5079]],[[-121.94154,36.5079],[-121.94154,36.5079]],[[-121.94097,36.5079],[-121.94097,36.5079]],[[-121.94083,36.5079],[-121.94083,36.5079]],[[-121.94125,36.50771],[-121.94125,36.50771]],[[-121.9435,36.50756],[-121.9442,36.507],[-121.94378,36.50632],[-121.94322,36.50621],[-121.94294,36.50598],[-121.9428,36.50609],[-121.9428,36.50711],[-121.9435,36.50756]],[[-121.94238,36.50756],[-121.94238,36.50756]],[[-121.94364,36.50745],[-121.94364,36.50745]],[[-121.94336,36.50745],[-121.94336,36.50745]],[[-121.94392,36.50734],[-121.94392,36.50734]],[[-121.94308,36.50734],[-121.94308,36.50734]],[[-121.94294,36.50722],[-121.94294,36.50722]],[[-121.94168,36.50711],[-121.94168,36.507],[-121.94139,36.507],[-121.94168,36.50711]],[[-121.94406,36.50711],[-121.94406,36.50711]],[[-121.94139,36.507],[-121.94139,36.507]],[[-121.93873,36.50621],[-121.93873,36.50621]],[[-121.93887,36.50609],[-121.93887,36.50609]],[[-121.93901,36.50598],[-121.93901,36.50598]],[[-121.93817,36.50463],[-121.93817,36.50463]],[[-121.93831,36.50451],[-121.93831,36.50451]],[[-121.93845,36.5044],[-121.93845,36.5044]],[[-121.93873,36.50429],[-121.93873,36.50429]],[[-121.93929,36.50372],[-121.93929,36.50372]],[[-121.93887,36.50316],[-121.93887,36.50316]],[[-121.93999,36.50192],[-121.93999,36.50192]],[[-121.93943,36.50158],[-121.93943,36.50158]],[[-121.93929,36.50147],[-121.93929,36.50147]],[[-121.93915,36.50147],[-121.93915,36.50147]],[[-121.93873,36.50147],[-121.93873,36.50147]],[[-121.94027,36.50102],[-121.94027,36.50102]],[[-121.94041,36.5009],[-121.94041,36.5009]],[[-121.93662,36.49831],[-121.93662,36.49831]],[[-121.93704,36.49786],[-121.93704,36.49786]],[[-121.94828,36.49769],[-121.94867,36.49741],[-121.94856,36.49717],[-121.94821,36.49729],[-121.94828,36.49769]],[[-121.93718,36.49774],[-121.93718,36.49774]],[[-121.93746,36.49763],[-121.93746,36.49763]],[[-121.93774,36.49752],[-121.93774,36.49752]],[[-121.93845,36.49741],[-121.93845,36.49741]],[[-121.94757,36.49686],[-121.94757,36.49668],[-121.94738,36.49684],[-121.94757,36.49686]],[[-121.93915,36.49684],[-121.93915,36.49684]],[[-121.93929,36.49673],[-121.93929,36.49673]],[[-121.93971,36.49662],[-121.93971,36.49662]],[[-121.93999,36.4965],[-121.93999,36.4965]],[[-121.94013,36.49639],[-121.94013,36.49639]],[[-121.94097,36.49526],[-121.94097,36.49526]],[[-121.94041,36.49526],[-121.94041,36.49526]],[[-121.94027,36.49515],[-121.94027,36.49515]],[[-121.93999,36.49504],[-121.93999,36.49504]],[[-121.94111,36.49458],[-121.94111,36.49458]],[[-121.94771,36.49447],[-121.94771,36.49447]],[[-121.94125,36.49447],[-121.94125,36.49447]],[[-121.94154,36.49436],[-121.94154,36.49436]],[[-121.94168,36.49425],[-121.94168,36.49425]],[[-121.94182,36.49413],[-121.94182,36.49413]],[[-121.94898,36.49396],[-121.94927,36.49357],[-121.94884,36.49346],[-121.94875,36.49379],[-121.94898,36.49396]],[[-121.95951,36.49381],[-121.95969,36.49357],[-121.95937,36.49335],[-121.95922,36.49357],[-121.95951,36.49381]],[[-121.94196,36.49391],[-121.94196,36.49391]],[[-121.9421,36.49368],[-121.9421,36.49368]],[[-121.94252,36.49334],[-121.94252,36.49334]],[[-121.94462,36.49323],[-121.94462,36.49323]],[[-121.9442,36.49323],[-121.9442,36.49323]],[[-121.9428,36.49323],[-121.9428,36.49323]],[[-121.94406,36.49312],[-121.94406,36.49312]],[[-121.94322,36.49312],[-121.94322,36.49312]],[[-121.96049,36.49295],[-121.96051,36.49278],[-121.96035,36.49273],[-121.96031,36.49289],[-121.96049,36.49295]],[[-121.94392,36.493],[-121.94392,36.493]],[[-121.94336,36.493],[-121.94336,36.493]],[[-121.94505,36.49233],[-121.94505,36.49233]],[[-121.95235,36.49163],[-121.95244,36.49154],[-121.9521,36.49142],[-121.95221,36.49164],[-121.95235,36.49163]],[[-121.94476,36.49154],[-121.94476,36.49154]],[[-121.95193,36.4914],[-121.95193,36.49116],[-121.95173,36.4912],[-121.95193,36.4914]],[[-121.94491,36.49142],[-121.94491,36.49142]],[[-121.94519,36.49131],[-121.94519,36.49131]],[[-121.95074,36.49097],[-121.95136,36.4911],[-121.95152,36.49097]],[[-121.94996,36.4912],[-121.94996,36.4912]],[[-121.94547,36.4912],[-121.94547,36.4912]],[[-121.95207,36.49097],[-121.95207,36.49097]],[[-121.94561,36.49109],[-121.94561,36.49109]]]},"properties":{"depth_m":35}},{"type":"Feature","geometry":{"type":"MultiLineString","coordinates":[[[-121.94579,36.54503],[-121.94498,36.54401],[-121.94561,36.54361],[-121.9456,36.54333],[-121.94601,36.54311],[-121.94546,36.54288],[-121.94546,36.54266],[-121.94564,36.54254],[-121.94519,36.54247],[-121.94476,36.54209],[-121.9442,36.54233],[-121.94378,36.54233],[-121.94336,36.54207],[-121.94238,36.54213],[-121.94168,36.54172],[-121.94154,36.54121],[-121.94182,36.54118],[-121.94188,36.54096],[-121.94142,36.54063],[-121.94094,36.53972],[-121.93974,36.53837],[-121.93975,36.53701],[-121.93887,36.53631],[-121.93878,36.536],[-121.93831,36.53572],[-121.93802,36.53526],[-121.93742,36.53476],[-121.93732,36.53415],[-121.93676,36.53418],[-121.93592,36.53361],[-121.9348,36.53424],[-121.93409,36.53489],[-121.93241,36.53487],[-121.93224,36.53431],[-121.93255,36.53391],[-121.93255,36.53352],[-121.93143,36.53302],[-121.93131,36.53273],[-121.93024,36.53194],[-121.92999,36.53137],[-121.93044,36.53105],[-121.93185,36.53122],[-121.93231,36.53081],[-121.932,36.53024],[-121.93206,36.52979],[-121.93184,36.52957],[-121.9318,36.52923],[-121.93114,36.52875],[-121.93016,36.52862],[-121.92935,36.529],[-121.92946,36.52987],[-121.92918,36.52993],[-121.92868,36.52968],[-121.92816,36.529],[-121.92825,36.52821],[-121.92801,36.52787],[-121.92845,36.52754],[-121.92797,36.52652],[-121.92834,36.52583],[-121.92904,36.52564],[-121.92974,36.52597],[-121.9299,36.52641],[-121.9303,36.52667],[-121.93114,36.52639],[-121.93297,36.52634],[-121.93353,36.52658],[-121.93494,36.52667],[-121.93536,36.52698],[-121.93662,36.52723],[-121.9369,36.5275],[-121.93746,36.52726],[-121.93859,36.52739],[-121.93892,36.5272],[-121.93859,36.52675],[-121.94041,36.52573],[-121.94069,36.5255],[-121.9411,36.52471],[-121.94139,36.52464],[-121.9421,36.52518],[-121.94226,36.52505],[-121.94224,36.52484],[-121.94238,36.52482],[-121.9428,36.52489],[-121.94378,36.52541],[-121.94519,36.52518],[-121.94575,36.52529],[-121.94621,36.52584],[-121.94771,36.52665],[-121.94856,36.52669],[-121.94912,36.52714],[-121.9494,36.52713],[-121.94945,36.52652],[-121.94982,36.52615],[-121.95024,36.52612],[-121.95066,36.52647],[-121.95124,36.52641],[-121.95122,36.52627],[-121.95084,36.52618],[-121.9508,36.5255],[-121.95135,36.5255],[-121.95165,36.52518],[-121.95235,36.5251],[-121.95347,36.52588],[-121.95389,36.52569],[-121.95445,36.52583],[-121.95463,36.52539],[-121.95416,36.52494],[-121.95422,36.52483],[-121.95487,36.52504],[-121.95544,36.52497],[-121.95572,36.52484],[-121.956,36.52434],[-121.9567,36.52416],[-121.95766,36.52517],[-121.95796,36.52507],[-121.9581,36.52494],[-121.9579,36.52438],[-121.95813,36.52392],[-121.95737,36.52313],[-121.9589,36.52291],[-121.95897,36.52223],[-121.95916,36.52201],[-121.96091,36.52215],[-121.96104,36.52178],[-121.96133,36.52179],[-121.96232,36.52254],[-121.96274,36.52212],[-121.96297,36.52223],[-121.96302,36.52247],[-121.96358,36.52223],[-121.96346,36.52201],[-121.96274,36.52184],[-121.96208,36.52133],[-121.96232,36.5211],[-121.96232,36.52072],[-121.9626,36.5207],[-121.96316,36.52123],[-121.9633,36.5212],[-121.96331,36.52088],[-121.96271,36.52043],[-121.96302,36.52025],[-121.96346,36.52031],[-121.96352,36.52009],[-121.96314,36.51964],[-121.96344,36.51967],[-121.9636,36.51952],[-121.96341,36.5193],[-121.96342,36.51896],[-121.96251,36.51873],[-121.96246,36.51853],[-121.9627,36.51839],[-121.96243,36.51783],[-121.96262,36.51761],[-121.96204,36.5174],[-121.96182,36.51715],[-121.96223,36.5167],[-121.96223,36.51625],[-121.9627,36.51603],[-121.96259,36.5158],[-121.96301,36.51557],[-121.9626,36.51483],[-121.96218,36.51515],[-121.96244,36.51399],[-121.96204,36.51355],[-121.96161,36.5138],[-121.96174,36.51354],[-121.96049,36.51301],[-121.96007,36.51306],[-121.95965,36.51341],[-121.95867,36.51333],[-121.9583,36.51287],[-121.95832,36.51253],[-121.95777,36.51241],[-121.95796,36.51206],[-121.95721,36.5123],[-121.9575,36.51253],[-121.9574,36.51267],[-121.95684,36.51234],[-121.95656,36.51241],[-121.95614,36.51284],[-121.95586,36.51288],[-121.95558,36.51265],[-121.95516,36.51269],[-121.95403,36.51236],[-121.95277,36.51137],[-121.95221,36.51143],[-121.95165,36.51104],[-121.95122,36.51095],[-121.94994,36.50971],[-121.95023,36.50892],[-121.95013,36.50779],[-121.94979,36.50756],[-121.94879,36.50734],[-121.94867,36.507],[-121.94828,36.50677],[-121.94834,36.50632],[-121.94785,36.50614],[-121.9475,36.50576],[-121.94806,36.50463],[-121.94806,36.50361],[-121.94926,36.5027],[-121.94946,36.50203],[-121.9501,36.50147],[-121.9504,36.5009],[-121.95038,36.50023],[-121.95054,36.5],[-121.94984,36.49966],[-121.95,36.49899],[-121.94945,36.49763],[-121.94867,36.49695],[-121.94867,36.49571],[-121.94884,36.49531],[-121.94922,36.49515],[-121.94931,36.49402],[-121.94949,36.49379],[-121.94941,36.49334],[-121.9508,36.49208],[-121.95136,36.4919],[-121.95179,36.49227],[-121.95193,36.49219],[-121.95181,36.49188],[-121.95249,36.49174],[-121.95257,36.49154],[-121.9524,36.49131],[-121.95282,36.49097]],[[-121.93171,36.54503],[-121.93213,36.54469],[-121.93297,36.54446],[-121.93367,36.5448],[-121.93381,36.54469],[-121.93367,36.54446],[-121.93339,36.54458],[-121.93381,36.54379],[-121.93381,36.54345],[-121.93325,36.543],[-121.93325,36.54209],[-121.93306,36.54164],[-121.93325,36.54142],[-121.93325,36.54096],[-121.93283,36.54051],[-121.93297,36.53995],[-121.93255,36.53976],[-121.93269,36.53938],[-121.93255,36.53927],[-121.93185,36.53927],[-121.93086,36.53954],[-121.93044,36.53938],[-121.92904,36.5378],[-121.92862,36.53701],[-121.92862,36.53622],[-121.92848,36.53611],[-121.9282,36.53386],[-121.92777,36.53329],[-121.92693,36.53273],[-121.92679,36.53228],[-121.92693,36.53149],[-121.92637,36.53103]],[[-121.93185,36.54491],[-121.93185,36.54491]],[[-121.93199,36.5448],[-121.93199,36.5448]],[[-121.93353,36.54469],[-121.93353,36.54469]],[[-121.93213,36.54469],[-121.93213,36.54469]],[[-121.93241,36.54458],[-121.93241,36.54458]],[[-121.93311,36.54446],[-121.93311,36.54446]],[[-121.93297,36.54446],[-121.93297,36.54446]],[[-121.93353,36.54412],[-121.93353,36.54412]],[[-121.94462,36.5438],[-121.94462,36.5438]],[[-121.93367,36.5439],[-121.93367,36.5439]],[[-121.93311,36.54153],[-121.93311,36.54153]],[[-121.93283,36.54029],[-121.93283,36.54029]],[[-121.93255,36.5395],[-121.93255,36.5395]],[[-121.92679,36.53194],[-121.92679,36.53194]],[[-121.94027,36.52703],[-121.94035,36.52686],[-121.94013,36.52667],[-121.93999,36.52674],[-121.93999,36.5269],[-121.94027,36.52703]],[[-121.93016,36.52663],[-121.93016,36.52663]],[[-121.93002,36.52652],[-121.93002,36.52652]],[[-121.94715,36.52629],[-121.94715,36.52629]],[[-121.94041,36.52573],[-121.94041,36.52573]],[[-121.94055,36.52562],[-121.94055,36.52562]],[[-121.9508,36.5255],[-121.9508,36.5255]],[[-121.94069,36.5255],[-121.94069,36.5255]],[[-121.92637,36.52426],[-121.92749,36.52313],[-121.92848,36.52268],[-121.92946,36.5228],[-121.9296,36.52291],[-121.9296,36.52325],[-121.9303,36.5237],[-121.93157,36.52347],[-121.93185,36.5237],[-121.93241,36.52336],[-121.93367,36.52347],[-121.93381,36.52336],[-121.93353,36.52313],[-121.93353,36.52291],[-121.93409,36.52234],[-121.93513,36.52246],[-121.93536,36.5228],[-121.93578,36.52298],[-121.93606,36.52347],[-121.93639,36.52336],[-121.93662,36.52359],[-121.93718,36.52347],[-121.93732,36.52336],[-121.93727,36.52313],[-121.93746,36.52302],[-121.93732,36.52313],[-121.93746,36.52325],[-121.9376,36.52313],[-121.93746,36.52325],[-121.9376,36.52336],[-121.93774,36.52325],[-121.93741,36.5228],[-121.93774,36.52291],[-121.93802,36.52268],[-121.93746,36.52223],[-121.9376,36.52201],[-121.93732,36.52178],[-121.93676,36.52167],[-121.93662,36.52182],[-121.93634,36.52144],[-121.93676,36.52099],[-121.93695,36.52099],[-121.93718,36.52133],[-121.9376,36.52144],[-121.93774,36.52133],[-121.9376,36.52065],[-121.93676,36.51997],[-121.93732,36.51986],[-121.93718,36.51952],[-121.9376,36.51918],[-121.93831,36.51896],[-121.93915,36.51896],[-121.94013,36.51918],[-121.94083,36.51964],[-121.94069,36.5202],[-121.93999,36.52076],[-121.93985,36.5211],[-121.94055,36.52151],[-121.94069,36.52189],[-121.94097,36.52201],[-121.94111,36.52189],[-121.94097,36.52201],[-121.94111,36.52223],[-121.94125,36.52201],[-121.94097,36.52155],[-121.94139,36.52167],[-121.94168,36.52151],[-121.94224,36.52178],[-121.94238,36.52167],[-121.94224,36.52099],[-121.94247,36.52076],[-121.94308,36.52088],[-121.94336,36.52072],[-121.94406,36.52099],[-121.94448,36.52076],[-121.94476,36.5211],[-121.94462,36.52122],[-121.94468,36.52144],[-121.9442,36.52167],[-121.94434,36.52189],[-121.94505,36.52234],[-121.94552,36.52234],[-121.94589,36.52291],[-121.94715,36.52336],[-121.94813,36.52404],[-121.94856,36.5237],[-121.94856,36.52291],[-121.94828,36.52268],[-121.94828,36.52242],[-121.9487,36.52234],[-121.94926,36.52291],[-121.94954,36.52268],[-121.9494,36.52257],[-121.94954,36.52223],[-121.9494,36.52129],[-121.94968,36.52122],[-121.95122,36.52268],[-121.95249,36.52347],[-121.95249,36.5237],[-121.95291,36.52404],[-121.95333,36.52392],[-121.95333,36.52347],[-121.95305,36.52325],[-121.95319,36.5231],[-121.95361,36.52347],[-121.95375,36.52336],[-121.95403,36.52359],[-121.95431,36.52415],[-121.95473,36.52438],[-121.95487,36.52426],[-121.9547,36.52381],[-121.95487,36.5237],[-121.95342,36.52268],[-121.95361,36.52246],[-121.95431,36.5228],[-121.95459,36.52246],[-121.95417,36.52167],[-121.95375,36.52144],[-121.95403,36.52122],[-121.95249,36.52043],[-121.95174,36.52054],[-121.95179,36.52009],[-121.9515,36.51975],[-121.95122,36.51968],[-121.95179,36.51896],[-121.95263,36.51896],[-121.95291,36.51918],[-121.95291,36.51941],[-121.95333,36.51964],[-121.95375,36.51941],[-121.95371,36.5193],[-121.95403,36.51904],[-121.95445,36.51907],[-121.95459,36.51885],[-121.95417,36.51794],[-121.95361,36.51749],[-121.95319,36.51749],[-121.95291,36.51783],[-121.95305,36.5182],[-121.95263,36.51828],[-121.95235,36.51809],[-121.95235,36.51772],[-121.95207,36.51752],[-121.95249,36.51704],[-121.95179,36.51648],[-121.95165,36.51674],[-121.95094,36.51636],[-121.95052,36.51708],[-121.94996,36.51715],[-121.94963,36.51693],[-121.94996,36.51659],[-121.94996,36.51636],[-121.94954,36.51606],[-121.94954,36.51569],[-121.94912,36.51546],[-121.94884,36.51573],[-121.94813,36.5149],[-121.94799,36.51399],[-121.94771,36.51377],[-121.94757,36.51392],[-121.94729,36.51343],[-121.94687,36.51354],[-121.94659,36.5132],[-121.94561,36.51325],[-121.94561,36.51298],[-121.94533,36.51275],[-121.94505,36.51275],[-121.9442,36.5132],[-121.94378,36.51298],[-121.94378,36.51249],[-121.94434,36.51275],[-121.94462,36.51253],[-121.94364,36.51185],[-121.94322,36.51189],[-121.94294,36.51174],[-121.9421,36.51185],[-121.94252,36.5114],[-121.94168,36.51121],[-121.94168,36.51091],[-121.94196,36.51061],[-121.94168,36.51038],[-121.94196,36.51],[-121.94238,36.51004],[-121.94266,36.50971],[-121.94224,36.50952],[-121.94205,36.50914],[-121.94238,36.50925],[-121.94266,36.50903],[-121.94224,36.50858],[-121.94182,36.50869],[-121.94154,36.50835],[-121.9412,36.50846],[-121.94078,36.50824],[-121.94069,36.50801],[-121.94097,36.5079],[-121.9421,36.50801],[-121.94224,36.5079],[-121.94224,36.50752],[-121.94252,36.50767],[-121.94266,36.50756],[-121.94233,36.50711],[-121.94238,36.50688],[-121.94182,36.50643],[-121.94125,36.50681],[-121.94111,36.50666],[-121.94055,36.50677],[-121.94046,36.507],[-121.93985,36.50688],[-121.93943,36.507],[-121.93873,36.50632],[-121.93915,36.50587],[-121.93915,36.50564],[-121.93868,36.50553],[-121.93811,36.50485],[-121.93845,36.5044],[-121.93901,36.50418],[-121.93896,36.50384],[-121.93943,36.50361],[-121.93943,36.50339],[-121.93915,36.50316],[-121.93887,36.5032],[-121.93901,36.50282],[-121.93873,36.50237],[-121.93859,36.50143],[-121.93887,36.50158],[-121.93929,36.50147],[-121.93957,36.50203],[-121.94013,36.50192],[-121.94027,36.50181],[-121.94027,36.50102],[-121.94055,36.50079],[-121.94055,36.50023],[-121.93985,36.49955],[-121.93952,36.49966],[-121.93929,36.49944],[-121.93901,36.49944],[-121.93887,36.4991],[-121.93817,36.49876],[-121.93788,36.49876],[-121.9376,36.49925],[-121.93746,36.49925],[-121.93718,36.49887],[-121.93662,36.49865],[-121.93676,36.49804],[-121.93774,36.49752],[-121.93915,36.49729],[-121.93915,36.49684],[-121.93985,36.49662],[-121.94027,36.49628],[-121.94013,36.49549],[-121.93985,36.49511],[-121.93999,36.49504],[-121.94055,36.49537],[-121.94083,36.49537],[-121.94111,36.49515],[-121.94111,36.49458],[-121.94196,36.49402],[-121.94233,36.49334],[-121.94266,36.49346],[-121.94294,36.49319],[-121.94308,36.49357],[-121.94322,36.49346],[-121.94322,36.49312],[-121.9435,36.49296],[-121.94392,36.493],[-121.94448,36.49334],[-121.94476,36.49312],[-121.94476,36.49263],[-121.94519,36.49221],[-121.94476,36.49176],[-121.94476,36.49154],[-121.94575,36.49097]],[[-121.95796,36.52426],[-121.95796,36.52426]],[[-121.92651,36.52415],[-121.92651,36.52415]],[[-121.96133,36.52385],[-121.96133,36.52368],[-121.96117,36.52381],[-121.96133,36.52385]],[[-121.92665,36.52392],[-121.92665,36.52392]],[[-121.95881,36.52373],[-121.95867,36.52352],[-121.95864,36.5237],[-121.95881,36.52373]],[[-121.92679,36.52381],[-121.92679,36.52381]],[[-121.92693,36.5237],[-121.92693,36.5237]],[[-121.93199,36.52359],[-121.93199,36.52359]],[[-121.93072,36.52359],[-121.93072,36.52359]],[[-121.95319,36.52336],[-121.95319,36.52336]],[[-121.93676,36.52347],[-121.93676,36.52347]],[[-121.93213,36.52347],[-121.93213,36.52347]],[[-121.93114,36.52347],[-121.93114,36.52347]],[[-121.92707,36.52347],[-121.92707,36.52347]],[[-121.95375,36.52336],[-121.95375,36.52336]],[[-121.953,36.52325],[-121.953,36.52325]],[[-121.93634,36.52336],[-121.93634,36.52336]],[[-121.93367,36.52325],[-121.93367,36.52325]],[[-121.93241,36.52336],[-121.93241,36.52336]],[[-121.92721,36.52336],[-121.92721,36.52336]],[[-121.93353,36.52313],[-121.93353,36.52313]],[[-121.92735,36.52325],[-121.92735,36.52325]],[[-121.92749,36.52313],[-121.92749,36.52313]],[[-121.92777,36.52302],[-121.92777,36.52302]],[[-121.94842,36.5228],[-121.94842,36.5228]],[[-121.93353,36.52291],[-121.93353,36.52291]],[[-121.92792,36.52291],[-121.92792,36.52291]],[[-121.9494,36.5228],[-121.9494,36.5228]],[[-121.94828,36.52268],[-121.94828,36.52268]],[[-121.93788,36.5228],[-121.93788,36.5228]],[[-121.9282,36.5228],[-121.9282,36.5228]],[[-121.95417,36.52268],[-121.95417,36.52268]],[[-121.94936,36.52257],[-121.94936,36.52257]],[[-121.93788,36.52257],[-121.93788,36.52257]],[[-121.93367,36.52268],[-121.93367,36.52268]],[[-121.92848,36.52268],[-121.92848,36.52268]],[[-121.95445,36.52257],[-121.95445,36.52257]],[[-121.95389,36.52257],[-121.95389,36.52257]],[[-121.93774,36.52246],[-121.93774,36.52246]],[[-121.93381,36.52257],[-121.93381,36.52257]],[[-121.95361,36.52246],[-121.95361,36.52246]],[[-121.9376,36.52234],[-121.9376,36.52234]],[[-121.93395,36.52246],[-121.93395,36.52246]],[[-121.93746,36.52223],[-121.93746,36.52223]],[[-121.93409,36.52234],[-121.93409,36.52234]],[[-121.96077,36.52212],[-121.96077,36.52212]],[[-121.93746,36.52189],[-121.93746,36.52189]],[[-121.9369,36.52178],[-121.9369,36.52178]],[[-121.94097,36.52167],[-121.94097,36.52167]],[[-121.93648,36.52167],[-121.93648,36.52167]],[[-121.9494,36.52155],[-121.9494,36.52155]],[[-121.94224,36.52144],[-121.94224,36.52144]],[[-121.94154,36.52155],[-121.94154,36.52155]],[[-121.94097,36.52155],[-121.94097,36.52155]],[[-121.93634,36.52144],[-121.93634,36.52144]],[[-121.95375,36.52144],[-121.95375,36.52144]],[[-121.95389,36.52133],[-121.95389,36.52133]],[[-121.93634,36.52133],[-121.93634,36.52133]],[[-121.94224,36.52099],[-121.94224,36.52099]],[[-121.93676,36.52099],[-121.93676,36.52099]],[[-121.9376,36.52076],[-121.9376,36.52076]],[[-121.94322,36.52076],[-121.94322,36.52076]],[[-121.93746,36.52054],[-121.93746,36.52054]],[[-121.93718,36.52043],[-121.93718,36.52043]],[[-121.93704,36.52031],[-121.93704,36.52031]],[[-121.9369,36.5202],[-121.9369,36.5202]],[[-121.93676,36.52009],[-121.93676,36.52009]],[[-121.93676,36.51997],[-121.93676,36.51997]],[[-121.9369,36.51986],[-121.9369,36.51986]],[[-121.93718,36.51964],[-121.93718,36.51964]],[[-121.95122,36.51964],[-121.95122,36.51964]],[[-121.95361,36.51952],[-121.95361,36.51952]],[[-121.95319,36.51952],[-121.95319,36.51952]],[[-121.93718,36.51952],[-121.93718,36.51952]],[[-121.95136,36.51941],[-121.95136,36.51941]],[[-121.93732,36.51941],[-121.93732,36.51941]],[[-121.9515,36.5193],[-121.9515,36.5193]],[[-121.93746,36.5193],[-121.93746,36.5193]],[[-121.95389,36.51918],[-121.95389,36.51918]],[[-121.95291,36.51918],[-121.95291,36.51918]],[[-121.9376,36.51918],[-121.9376,36.51918]],[[-121.95277,36.51907],[-121.95277,36.51907]],[[-121.95165,36.51907],[-121.95165,36.51907]],[[-121.93788,36.51907],[-121.93788,36.51907]],[[-121.95263,36.51896],[-121.95263,36.51896]],[[-121.95179,36.51896],[-121.95179,36.51896]],[[-121.93831,36.51896],[-121.93831,36.51896]],[[-121.95305,36.51794],[-121.95305,36.51794]],[[-121.96274,36.51777],[-121.96274,36.51777]],[[-121.95207,36.51749],[-121.95207,36.51749]],[[-121.95221,36.51727],[-121.95221,36.51727]],[[-121.95235,36.51715],[-121.95235,36.51715]],[[-121.94982,36.5167],[-121.94982,36.5167]],[[-121.95895,36.51292],[-121.95916,36.51275],[-121.95895,36.51242],[-121.95872,36.51264],[-121.95895,36.51292]],[[-121.94448,36.51264],[-121.94448,36.51264]],[[-121.9442,36.51264],[-121.9442,36.51264]],[[-121.94406,36.51253],[-121.94406,36.51253]],[[-121.95417,36.51134],[-121.95431,36.51106],[-121.95347,36.5105],[-121.95342,36.51072],[-121.95417,36.51134]],[[-121.94168,36.51038],[-121.94168,36.51038]],[[-121.94182,36.51027],[-121.94182,36.51027]],[[-121.94252,36.50914],[-121.94252,36.50914]],[[-121.94224,36.50914],[-121.94224,36.50914]],[[-121.94069,36.50801],[-121.94069,36.50801]],[[-121.94168,36.5079],[-121.94168,36.5079]],[[-121.94154,36.5079],[-121.94154,36.5079]],[[-121.94097,36.5079],[-121.94097,36.5079]],[[-121.94083,36.5079],[-121.94083,36.5079]],[[-121.94125,36.50772],[-121.94125,36.50772]],[[-121.9435,36.50756],[-121.9442,36.507],[-121.94378,36.50632],[-121.94322,36.50621],[-121.94294,36.50598],[-121.9428,36.50609],[-121.9428,36.50711],[-121.9435,36.50756]],[[-121.94238,36.50756],[-121.94238,36.50756]],[[-121.9508,36.50739],[-121.95063,36.50734],[-121.9508,36.50739]],[[-121.94364,36.50745],[-121.94364,36.50745]],[[-121.94336,36.50745],[-121.94336,36.50745]],[[-121.94392,36.50734],[-121.94392,36.50734]],[[-121.94308,36.50734],[-121.94308,36.50734]],[[-121.94294,36.50722],[-121.94294,36.50722]],[[-121.94168,36.50711],[-121.94168,36.507],[-121.94139,36.507],[-121.94168,36.50711]],[[-121.94406,36.50711],[-121.94406,36.50711]],[[-121.94139,36.507],[-121.94139,36.507]],[[-121.93873,36.50621],[-121.93873,36.50621]],[[-121.93887,36.50609],[-121.93887,36.50609]],[[-121.93901,36.50598],[-121.93901,36.50598]],[[-121.93817,36.50463],[-121.93817,36.50463]],[[-121.93831,36.50451],[-121.93831,36.50451]],[[-121.93845,36.5044],[-121.93845,36.5044]],[[-121.93873,36.50429],[-121.93873,36.50429]],[[-121.93929,36.50372],[-121.93929,36.50372]],[[-121.93887,36.50316],[-121.93887,36.50316]],[[-121.93999,36.50192],[-121.93999,36.50192]],[[-121.94996,36.50158],[-121.94996,36.50158]],[[-121.93943,36.50158],[-121.93943,36.50158]],[[-121.9501,36.50147],[-121.9501,36.50147]],[[-121.93929,36.50147],[-121.93929,36.50147]],[[-121.93915,36.50147],[-121.93915,36.50147]],[[-121.93873,36.50147],[-121.93873,36.50147]],[[-121.94027,36.50102],[-121.94027,36.50102]],[[-121.94041,36.5009],[-121.94041,36.5009]],[[-121.93662,36.49831],[-121.93662,36.49831]],[[-121.93704,36.49786],[-121.93704,36.49786]],[[-121.93718,36.49774],[-121.93718,36.49774]],[[-121.93746,36.49763],[-121.93746,36.49763]],[[-121.93774,36.49752],[-121.93774,36.49752]],[[-121.93845,36.49741],[-121.93845,36.49741]],[[-121.93915,36.49684],[-121.93915,36.49684]],[[-121.93929,36.49673],[-121.93929,36.49673]],[[-121.93971,36.49662],[-121.93971,36.49662]],[[-121.93999,36.4965],[-121.93999,36.4965]],[[-121.94013,36.49639],[-121.94013,36.49639]],[[-121.94097,36.49526],[-121.94097,36.49526]],[[-121.94041,36.49526],[-121.94041,36.49526]],[[-121.94898,36.49508],[-121.94898,36.49489],[-121.94898,36.49508]],[[-121.94027,36.49515],[-121.94027,36.49515]],[[-121.93999,36.49504],[-121.93999,36.49504]],[[-121.94111,36.49458],[-121.94111,36.49458]],[[-121.94125,36.49447],[-121.94125,36.49447]],[[-121.94154,36.49436],[-121.94154,36.49436]],[[-121.94168,36.49425],[-121.94168,36.49425]],[[-121.94182,36.49413],[-121.94182,36.49413]],[[-121.95965,36.49392],[-121.95978,36.49357],[-121.95937,36.49316],[-121.95912,36.49334],[-121.95916,36.49357],[-121.95965,36.49392]],[[-121.94196,36.49391],[-121.94196,36.49391]],[[-121.9421,36.49368],[-121.9421,36.49368]],[[-121.96063,36.49335],[-121.96075,36.49312],[-121.96066,36.49278],[-121.96035,36.49252],[-121.96012,36.49267],[-121.96018,36.493],[-121.96063,36.49335]],[[-121.94252,36.49334],[-121.94252,36.49334]],[[-121.94462,36.49323],[-121.94462,36.49323]],[[-121.9442,36.49323],[-121.9442,36.49323]],[[-121.9428,36.49323],[-121.9428,36.49323]],[[-121.94406,36.49312],[-121.94406,36.49312]],[[-121.94322,36.49312],[-121.94322,36.49312]],[[-121.94392,36.493],[-121.94392,36.493]],[[-121.94336,36.493],[-121.94336,36.493]],[[-121.95867,36.49236],[-121.95909,36.49191],[-121.95859,36.4921],[-121.95849,36.49221],[-121.95867,36.49236]],[[-121.94505,36.49233],[-121.94505,36.49233]],[[-121.94476,36.49154],[-121.94476,36.49154]],[[-121.95784,36.49097],[-121.95779,36.4912],[-121.95813,36.49131],[-121.95826,36.4912],[-121.95802,36.49097]],[[-121.94491,36.49142],[-121.94491,36.49142]],[[-121.94519,36.49131],[-121.94519,36.49131]],[[-121.95706,36.49097],[-121.95726,36.4911],[-121.95748,36.49097]],[[-121.94547,36.4912],[-121.94547,36.4912]],[[-121.94561,36.49109],[-121.94561,36.49109]]]},"properties":{"depth_m":40}},{"type":"Feature","geometry":{"type":"MultiLineString","coordinates":[[[-121.94975,36.54503],[-121.94951,36.54503]],[[-121.94888,36.54503],[-121.94831,36.54491],[-121.94757,36.54415],[-121.94689,36.54412],[-121.94659,36.5439],[-121.94668,36.54356],[-121.94652,36.54322],[-121.94698,36.543],[-121.94618,36.54243],[-121.94621,36.54209],[-121.94561,36.54206],[-121.94519,36.54183],[-121.94406,36.54189],[-121.94364,36.54158],[-121.94308,36.54172],[-121.94264,36.54164],[-121.94234,36.5413],[-121.94245,36.54006],[-121.94186,36.53927],[-121.94018,36.53837],[-121.94012,36.53803],[-121.9405,36.53747],[-121.94047,36.53713],[-121.94,36.53668],[-121.93943,36.53532],[-121.93817,36.53437],[-121.93732,36.53399],[-121.93676,36.534],[-121.93578,36.53351],[-121.93451,36.53408],[-121.93409,36.53455],[-121.93297,36.53471],[-121.93257,36.53453],[-121.93253,36.53419],[-121.93295,36.53352],[-121.93297,36.53324],[-121.93269,36.53312],[-121.93213,36.53329],[-121.93171,36.53307],[-121.93129,36.53256],[-121.93055,36.53205],[-121.93025,36.53137],[-121.93058,36.53119],[-121.931,36.53138],[-121.93185,36.53144],[-121.93246,36.53092],[-121.93253,36.5307],[-121.93218,36.53024],[-121.93234,36.52991],[-121.93203,36.52957],[-121.93205,36.52923],[-121.93114,36.52858],[-121.93016,36.52853],[-121.92926,36.529],[-121.92927,36.52968],[-121.92876,36.52958],[-121.92827,36.529],[-121.92832,36.52821],[-121.92811,36.52787],[-121.92853,36.52754],[-121.92805,36.52663],[-121.92834,36.52607],[-121.9289,36.52581],[-121.9296,36.52609],[-121.9299,36.52652],[-121.9303,36.52677],[-121.93114,36.52646],[-121.93297,36.52641],[-121.93353,36.52671],[-121.93423,36.52664],[-121.93718,36.5278],[-121.93788,36.52757],[-121.93897,36.52754],[-121.93918,36.52731],[-121.93915,36.52671],[-121.93929,36.52653],[-121.93957,36.52657],[-121.94013,36.52713],[-121.94041,36.52718],[-121.94065,36.52697],[-121.94055,36.52648],[-121.94111,36.52584],[-121.94182,36.52538],[-121.94294,36.52515],[-121.9442,36.52557],[-121.94575,36.52565],[-121.94673,36.52636],[-121.94813,36.52693],[-121.94856,36.52684],[-121.94912,36.5272],[-121.94954,36.52725],[-121.94982,36.5271],[-121.95024,36.52715],[-121.95016,36.52675],[-121.95029,36.52652],[-121.95136,36.52646],[-121.95145,36.52629],[-121.95119,36.52596],[-121.9515,36.52573],[-121.9522,36.52573],[-121.95249,36.5262],[-121.95277,36.52581],[-121.95333,36.52619],[-121.95403,36.52594],[-121.95445,36.52599],[-121.95478,36.5255],[-121.95466,36.52517],[-121.95558,36.52514],[-121.95614,36.52443],[-121.95712,36.52469],[-121.95759,36.52517],[-121.9581,36.52542],[-121.95834,36.52517],[-121.9583,36.52483],[-121.95871,36.52471],[-121.95835,36.52426],[-121.95824,36.52369],[-121.95881,36.5241],[-121.95937,36.52373],[-121.95974,36.5237],[-121.95986,36.52359],[-121.95966,36.52325],[-121.95975,36.52291],[-121.95993,36.5228],[-121.96049,36.52304],[-121.96077,36.52268],[-121.96149,36.52234],[-121.96147,36.52199],[-121.96232,36.52267],[-121.96358,36.52247],[-121.96386,36.52285],[-121.96456,36.52284],[-121.96374,36.52246],[-121.96376,36.52212],[-121.96361,36.52201],[-121.9625,36.52155],[-121.96274,36.52105],[-121.9633,36.52136],[-121.96349,36.52122],[-121.96346,36.52099],[-121.96293,36.52043],[-121.96358,36.5205],[-121.96366,36.52009],[-121.96349,36.51986],[-121.96369,36.51952],[-121.9636,36.51896],[-121.96288,36.51862],[-121.96288,36.51816],[-121.9633,36.51839],[-121.96348,36.51828],[-121.96326,36.51772],[-121.96232,36.51715],[-121.96248,36.51659],[-121.96302,36.51642],[-121.96284,36.51591],[-121.96316,36.51546],[-121.96283,36.51512],[-121.96277,36.51445],[-121.96232,36.51354],[-121.96204,36.51337],[-121.96119,36.5133],[-121.96063,36.51295],[-121.95951,36.51282],[-121.95928,36.51208],[-121.95867,36.51228],[-121.95835,36.51174],[-121.9574,36.51194],[-121.95698,36.51189],[-121.9567,36.51159],[-121.95628,36.51147],[-121.9553,36.51154],[-121.95459,36.51113],[-121.95431,36.51071],[-121.95375,36.51034],[-121.95322,36.5105],[-121.95332,36.51095],[-121.95309,36.51095],[-121.95262,36.51061],[-121.95216,36.50959],[-121.95139,36.50869],[-121.9514,36.50824],[-121.95108,36.50788],[-121.95092,36.50722],[-121.95015,36.50688],[-121.95053,36.50655],[-121.95044,36.50609],[-121.95018,36.50576],[-121.95034,36.50553],[-121.95034,36.50508],[-121.95136,36.5045],[-121.95148,36.50384],[-121.95239,36.50293],[-121.95243,36.50203],[-121.95308,36.50102],[-121.95303,36.5],[-121.95242,36.49966],[-121.95231,36.49876],[-121.95201,36.4982],[-121.95196,36.49752],[-121.9524,36.49616],[-121.9522,36.49583],[-121.9524,36.49537],[-121.95218,36.49504],[-121.95238,36.49425],[-121.95214,36.49346],[-121.95177,36.493],[-121.95232,36.49244],[-121.9522,36.49221],[-121.9523,36.4921],[-121.95293,36.4921],[-121.95277,36.49152],[-121.95348,36.49154],[-121.95319,36.49097]],[[-121.93171,36.54503],[-121.93213,36.54469],[-121.93297,36.54446],[-121.93367,36.5448],[-121.93381,36.54469],[-121.93367,36.54446],[-121.93339,36.54458],[-121.93381,36.54379],[-121.93381,36.54345],[-121.93325,36.543],[-121.93325,36.54209],[-121.93305,36.54164],[-121.93325,36.54142],[-121.93325,36.54096],[-121.93283,36.54051],[-121.93297,36.53995],[-121.93255,36.53977],[-121.93269,36.53938],[-121.93255,36.53927],[-121.93185,36.53927],[-121.93086,36.53954],[-121.93044,36.53938],[-121.92904,36.5378],[-121.92862,36.53701],[-121.92862,36.53622],[-121.92848,36.53611],[-121.9282,36.53386],[-121.92777,36.53329],[-121.92693,36.53273],[-121.92679,36.53228],[-121.92693,36.53149],[-121.92637,36.53103]],[[-121.93185,36.54491],[-121.93185,36.54491]],[[-121.93199,36.5448],[-121.93199,36.5448]],[[-121.93353,36.54469],[-121.93353,36.54469]],[[-121.93213,36.54469],[-121.93213,36.54469]],[[-121.93241,36.54458],[-121.93241,36.54458]],[[-121.93311,36.54446],[-121.93311,36.54446]],[[-121.93297,36.54446],[-121.93297,36.54446]],[[-121.93353,36.54412],[-121.93353,36.54412]],[[-121.93367,36.5439],[-121.93367,36.5439]],[[-121.93311,36.54153],[-121.93311,36.54153]],[[-121.93283,36.54029],[-121.93283,36.54029]],[[-121.93255,36.5395],[-121.93255,36.5395]],[[-121.93437,36.53419],[-121.93437,36.53419]],[[-121.93451,36.53408],[-121.93451,36.53408]],[[-121.92679,36.53194],[-121.92679,36.53194]],[[-121.9376,36.52765],[-121.9376,36.52765]],[[-121.94912,36.5272],[-121.94912,36.5272]],[[-121.93985,36.52686],[-121.93985,36.52686]],[[-121.93494,36.52697],[-121.93494,36.52697]],[[-121.94069,36.52629],[-121.94069,36.52629]],[[-121.92834,36.52607],[-121.92834,36.52607]],[[-121.94294,36.52573],[-121.9428,36.52559],[-121.94294,36.52573]],[[-121.95656,36.52523],[-121.95656,36.52501],[-121.95646,36.52505],[-121.95656,36.52523]],[[-121.92637,36.52426],[-121.92749,36.52313],[-121.92848,36.52268],[-121.92946,36.5228],[-121.9296,36.52291],[-121.9296,36.52325],[-121.9303,36.5237],[-121.93157,36.52347],[-121.93185,36.5237],[-121.93241,36.52336],[-121.93367,36.52347],[-121.93381,36.52336],[-121.93353,36.52313],[-121.93353,36.52291],[-121.93409,36.52234],[-121.93513,36.52246],[-121.93536,36.5228],[-121.93578,36.52298],[-121.93606,36.52347],[-121.93639,36.52336],[-121.93662,36.52359],[-121.93718,36.52347],[-121.93732,36.52336],[-121.93727,36.52313],[-121.93746,36.52302],[-121.93732,36.52313],[-121.93746,36.52325],[-121.9376,36.52313],[-121.93746,36.52325],[-121.9376,36.52336],[-121.93774,36.52325],[-121.93741,36.5228],[-121.93774,36.52291],[-121.93802,36.52268],[-121.93746,36.52223],[-121.93741,36.52212],[-121.9376,36.52201],[-121.93732,36.52178],[-121.93676,36.52167],[-121.93662,36.52183],[-121.93634,36.52144],[-121.93676,36.52099],[-121.93696,36.52099],[-121.93718,36.52133],[-121.9376,36.52144],[-121.93774,36.52133],[-121.9376,36.52065],[-121.93676,36.51997],[-121.93732,36.51986],[-121.93718,36.51952],[-121.9376,36.51918],[-121.93831,36.51896],[-121.93915,36.51896],[-121.94013,36.51918],[-121.94083,36.51964],[-121.94069,36.5202],[-121.93999,36.52076],[-121.93985,36.5211],[-121.94055,36.52151],[-121.94069,36.52189],[-121.94097,36.52201],[-121.94111,36.52189],[-121.94097,36.52201],[-121.94111,36.52223],[-121.94125,36.52201],[-121.94097,36.52155],[-121.94139,36.52167],[-121.94168,36.52151],[-121.94224,36.52178],[-121.94238,36.52167],[-121.94224,36.52099],[-121.94246,36.52076],[-121.94308,36.52088],[-121.94336,36.52072],[-121.94406,36.52099],[-121.94448,36.52076],[-121.94476,36.5211],[-121.94462,36.52122],[-121.94468,36.52144],[-121.9442,36.52167],[-121.94434,36.52189],[-121.94505,36.52234],[-121.94552,36.52234],[-121.94589,36.52291],[-121.94715,36.52336],[-121.94813,36.52404],[-121.94856,36.5237],[-121.94856,36.52291],[-121.94828,36.52268],[-121.94828,36.52241],[-121.9487,36.52234],[-121.94926,36.52291],[-121.94954,36.52268],[-121.9494,36.52257],[-121.94954,36.52223],[-121.9494,36.52128],[-121.94968,36.52122],[-121.95122,36.52268],[-121.95249,36.52347],[-121.95249,36.5237],[-121.95291,36.52404],[-121.95333,36.52392],[-121.95333,36.52347],[-121.95305,36.52325],[-121.95319,36.52309],[-121.95361,36.52347],[-121.95375,36.52336],[-121.95403,36.52359],[-121.95431,36.52415],[-121.95473,36.52438],[-121.95487,36.52426],[-121.9547,36.52381],[-121.95487,36.5237],[-121.95375,36.5228],[-121.95341,36.52268],[-121.95361,36.52246],[-121.95431,36.5228],[-121.95459,36.52246],[-121.95417,36.52167],[-121.95375,36.52144],[-121.95403,36.52122],[-121.95249,36.52043],[-121.95173,36.52054],[-121.95179,36.52009],[-121.9515,36.51975],[-121.95122,36.51968],[-121.95179,36.51896],[-121.95263,36.51896],[-121.95291,36.51918],[-121.95291,36.51941],[-121.95333,36.51964],[-121.95375,36.51941],[-121.9537,36.5193],[-121.95403,36.51903],[-121.95445,36.51907],[-121.95459,36.51885],[-121.95417,36.51794],[-121.95361,36.51749],[-121.95319,36.51749],[-121.95291,36.51783],[-121.95305,36.51821],[-121.95244,36.51817],[-121.95235,36.51772],[-121.95207,36.51749],[-121.95249,36.51704],[-121.95179,36.51648],[-121.95165,36.51674],[-121.95094,36.51636],[-121.95052,36.51708],[-121.94996,36.51715],[-121.94962,36.51693],[-121.94996,36.51659],[-121.94996,36.51636],[-121.94954,36.51607],[-121.94954,36.51569],[-121.94912,36.51546],[-121.94884,36.51573],[-121.94884,36.51557],[-121.94813,36.5149],[-121.94799,36.51399],[-121.94771,36.51377],[-121.94757,36.51393],[-121.94729,36.51343],[-121.94687,36.51354],[-121.94659,36.5132],[-121.94561,36.51325],[-121.94561,36.51298],[-121.94533,36.51275],[-121.94505,36.51275],[-121.9442,36.5132],[-121.94378,36.51298],[-121.94378,36.51248],[-121.94434,36.51275],[-121.94462,36.51253],[-121.94364,36.51185],[-121.94322,36.5119],[-121.94294,36.51174],[-121.9421,36.51185],[-121.94252,36.5114],[-121.94168,36.51122],[-121.94168,36.5109],[-121.94196,36.51061],[-121.94168,36.51038],[-121.94196,36.51],[-121.94238,36.51004],[-121.94266,36.50971],[-121.94224,36.50953],[-121.94204,36.50914],[-121.94238,36.50925],[-121.94266,36.50903],[-121.94224,36.50858],[-121.94196,36.50874],[-121.94154,36.50835],[-121.9412,36.50846],[-121.94069,36.50817],[-121.94069,36.50801],[-121.94097,36.5079],[-121.9421,36.50801],[-121.94224,36.5079],[-121.94224,36.50752],[-121.94252,36.50767],[-121.94266,36.50756],[-121.94232,36.50711],[-121.94238,36.50688],[-121.94182,36.50643],[-121.94125,36.50682],[-121.94111,36.50666],[-121.94055,36.50677],[-121.94047,36.507],[-121.93985,36.50688],[-121.93943,36.507],[-121.93873,36.50632],[-121.93915,36.50587],[-121.93915,36.50564],[-121.93867,36.50553],[-121.93811,36.50485],[-121.93845,36.5044],[-121.93901,36.50418],[-121.93895,36.50384],[-121.93943,36.50361],[-121.93943,36.50339],[-121.93915,36.50316],[-121.93887,36.50321],[-121.93901,36.50282],[-121.93873,36.50237],[-121.93859,36.50142],[-121.93887,36.50158],[-121.93929,36.50147],[-121.93957,36.50203],[-121.94013,36.50192],[-121.94027,36.50181],[-121.94027,36.50102],[-121.94055,36.50079],[-121.94055,36.50023],[-121.93985,36.49955],[-121.93952,36.49966],[-121.93929,36.49944],[-121.93901,36.49944],[-121.93887,36.4991],[-121.93817,36.49876],[-121.93788,36.49876],[-121.9376,36.49926],[-121.93746,36.49926],[-121.93718,36.49887],[-121.93662,36.49865],[-121.93676,36.49804],[-121.93774,36.49752],[-121.93915,36.49729],[-121.93915,36.49684],[-121.93985,36.49662],[-121.94027,36.49628],[-121.94013,36.49549],[-121.93985,36.4951],[-121.93999,36.49504],[-121.94055,36.49537],[-121.94083,36.49537],[-121.94111,36.49515],[-121.94111,36.49458],[-121.94196,36.49402],[-121.94232,36.49334],[-121.94266,36.49346],[-121.94294,36.49318],[-121.94308,36.49357],[-121.94322,36.49346],[-121.94322,36.49312],[-121.9435,36.49296],[-121.94392,36.493],[-121.94448,36.49334],[-121.94476,36.49312],[-121.94476,36.49262],[-121.94519,36.49221],[-121.94476,36.49176],[-121.94476,36.49154],[-121.94575,36.49097]],[[-121.92651,36.52415],[-121.92651,36.52415]],[[-121.96133,36.52399],[-121.96156,36.52381],[-121.96119,36.52357],[-121.96105,36.52381],[-121.96133,36.52399]],[[-121.96105,36.52381],[-121.96105,36.52381]],[[-121.92665,36.52392],[-121.92665,36.52392]],[[-121.92679,36.52381],[-121.92679,36.52381]],[[-121.92693,36.5237],[-121.92693,36.5237]],[[-121.93199,36.52359],[-121.93199,36.52359]],[[-121.93072,36.52359],[-121.93072,36.52359]],[[-121.95319,36.52336],[-121.95319,36.52336]],[[-121.93676,36.52347],[-121.93676,36.52347]],[[-121.93213,36.52347],[-121.93213,36.52347]],[[-121.93114,36.52347],[-121.93114,36.52347]],[[-121.92707,36.52347],[-121.92707,36.52347]],[[-121.95375,36.52336],[-121.95375,36.52336]],[[-121.953,36.52325],[-121.953,36.52325]],[[-121.93634,36.52336],[-121.93634,36.52336]],[[-121.93367,36.52325],[-121.93367,36.52325]],[[-121.93241,36.52336],[-121.93241,36.52336]],[[-121.92721,36.52336],[-121.92721,36.52336]],[[-121.93353,36.52313],[-121.93353,36.52313]],[[-121.92735,36.52325],[-121.92735,36.52325]],[[-121.92749,36.52313],[-121.92749,36.52313]],[[-121.92777,36.52302],[-121.92777,36.52302]],[[-121.94842,36.5228],[-121.94842,36.5228]],[[-121.93353,36.52291],[-121.93353,36.52291]],[[-121.92792,36.52291],[-121.92792,36.52291]],[[-121.9494,36.5228],[-121.9494,36.5228]],[[-121.94828,36.52268],[-121.94828,36.52268]],[[-121.93788,36.5228],[-121.93788,36.5228]],[[-121.9282,36.5228],[-121.9282,36.5228]],[[-121.96077,36.52268],[-121.96077,36.52268]],[[-121.95417,36.52268],[-121.95417,36.52268]],[[-121.94935,36.52257],[-121.94935,36.52257]],[[-121.93788,36.52257],[-121.93788,36.52257]],[[-121.93367,36.52268],[-121.93367,36.52268]],[[-121.92848,36.52268],[-121.92848,36.52268]],[[-121.95445,36.52257],[-121.95445,36.52257]],[[-121.95389,36.52257],[-121.95389,36.52257]],[[-121.93774,36.52246],[-121.93774,36.52246]],[[-121.93381,36.52257],[-121.93381,36.52257]],[[-121.95361,36.52246],[-121.95361,36.52246]],[[-121.9376,36.52234],[-121.9376,36.52234]],[[-121.93395,36.52246],[-121.93395,36.52246]],[[-121.93746,36.52223],[-121.93746,36.52223]],[[-121.93409,36.52234],[-121.93409,36.52234]],[[-121.93746,36.52189],[-121.93746,36.52189]],[[-121.9369,36.52178],[-121.9369,36.52178]],[[-121.94097,36.52167],[-121.94097,36.52167]],[[-121.93648,36.52167],[-121.93648,36.52167]],[[-121.9494,36.52155],[-121.9494,36.52155]],[[-121.94224,36.52144],[-121.94224,36.52144]],[[-121.94154,36.52155],[-121.94154,36.52155]],[[-121.94097,36.52155],[-121.94097,36.52155]],[[-121.93634,36.52144],[-121.93634,36.52144]],[[-121.95375,36.52144],[-121.95375,36.52144]],[[-121.95389,36.52133],[-121.95389,36.52133]],[[-121.93634,36.52133],[-121.93634,36.52133]],[[-121.94224,36.52099],[-121.94224,36.52099]],[[-121.93676,36.52099],[-121.93676,36.52099]],[[-121.9376,36.52076],[-121.9376,36.52076]],[[-121.94322,36.52076],[-121.94322,36.52076]],[[-121.93746,36.52054],[-121.93746,36.52054]],[[-121.93718,36.52043],[-121.93718,36.52043]],[[-121.93704,36.52031],[-121.93704,36.52031]],[[-121.9369,36.5202],[-121.9369,36.5202]],[[-121.93676,36.52009],[-121.93676,36.52009]],[[-121.93676,36.51997],[-121.93676,36.51997]],[[-121.9369,36.51986],[-121.9369,36.51986]],[[-121.93718,36.51964],[-121.93718,36.51964]],[[-121.95122,36.51964],[-121.95122,36.51964]],[[-121.95361,36.51952],[-121.95361,36.51952]],[[-121.95319,36.51952],[-121.95319,36.51952]],[[-121.93718,36.51952],[-121.93718,36.51952]],[[-121.95136,36.51941],[-121.95136,36.51941]],[[-121.93732,36.51941],[-121.93732,36.51941]],[[-121.9515,36.5193],[-121.9515,36.5193]],[[-121.93746,36.5193],[-121.93746,36.5193]],[[-121.95389,36.51918],[-121.95389,36.51918]],[[-121.95291,36.51918],[-121.95291,36.51918]],[[-121.9376,36.51918],[-121.9376,36.51918]],[[-121.95277,36.51907],[-121.95277,36.51907]],[[-121.95165,36.51907],[-121.95165,36.51907]],[[-121.93788,36.51907],[-121.93788,36.51907]],[[-121.95263,36.51896],[-121.95263,36.51896]],[[-121.95179,36.51896],[-121.95179,36.51896]],[[-121.93831,36.51896],[-121.93831,36.51896]],[[-121.95305,36.51794],[-121.95305,36.51794]],[[-121.95207,36.51749],[-121.95207,36.51749]],[[-121.95221,36.51727],[-121.95221,36.51727]],[[-121.95235,36.51715],[-121.95235,36.51715]],[[-121.96232,36.51704],[-121.96232,36.51704]],[[-121.94982,36.5167],[-121.94982,36.5167]],[[-121.94448,36.51264],[-121.94448,36.51264]],[[-121.9442,36.51264],[-121.9442,36.51264]],[[-121.94406,36.51253],[-121.94406,36.51253]],[[-121.94168,36.51038],[-121.94168,36.51038]],[[-121.94182,36.51027],[-121.94182,36.51027]],[[-121.95768,36.50983],[-121.95768,36.50969],[-121.95708,36.50959],[-121.95726,36.5098],[-121.95768,36.50983]],[[-121.94252,36.50914],[-121.94252,36.50914]],[[-121.94224,36.50914],[-121.94224,36.50914]],[[-121.94069,36.50801],[-121.94069,36.50801]],[[-121.94168,36.5079],[-121.94168,36.5079]],[[-121.94154,36.5079],[-121.94154,36.5079]],[[-121.94097,36.5079],[-121.94097,36.5079]],[[-121.94083,36.5079],[-121.94083,36.5079]],[[-121.94125,36.50772],[-121.94125,36.50772]],[[-121.9435,36.50756],[-121.9442,36.507],[-121.94378,36.50632],[-121.94322,36.50621],[-121.94294,36.50598],[-121.9428,36.50609],[-121.9428,36.50711],[-121.9435,36.50756]],[[-121.94238,36.50756],[-121.94238,36.50756]],[[-121.94364,36.50745],[-121.94364,36.50745]],[[-121.94336,36.50745],[-121.94336,36.50745]],[[-121.94392,36.50734],[-121.94392,36.50734]],[[-121.94308,36.50734],[-121.94308,36.50734]],[[-121.94294,36.50722],[-121.94294,36.50722]],[[-121.94168,36.50711],[-121.94168,36.507],[-121.94139,36.507],[-121.94168,36.50711]],[[-121.94406,36.50711],[-121.94406,36.50711]],[[-121.94139,36.507],[-121.94139,36.507]],[[-121.93873,36.50621],[-121.93873,36.50621]],[[-121.93887,36.50609],[-121.93887,36.50609]],[[-121.93901,36.50598],[-121.93901,36.50598]],[[-121.93817,36.50463],[-121.93817,36.50463]],[[-121.93831,36.50451],[-121.93831,36.50451]],[[-121.93845,36.5044],[-121.93845,36.5044]],[[-121.93873,36.50429],[-121.93873,36.50429]],[[-121.93929,36.50372],[-121.93929,36.50372]],[[-121.93887,36.50316],[-121.93887,36.50316]],[[-121.93999,36.50192],[-121.93999,36.50192]],[[-121.93943,36.50158],[-121.93943,36.50158]],[[-121.93929,36.50147],[-121.93929,36.50147]],[[-121.93915,36.50147],[-121.93915,36.50147]],[[-121.93873,36.50147],[-121.93873,36.50147]],[[-121.94027,36.50102],[-121.94027,36.50102]],[[-121.94041,36.5009],[-121.94041,36.5009]],[[-121.93662,36.49831],[-121.93662,36.49831]],[[-121.93704,36.49786],[-121.93704,36.49786]],[[-121.93718,36.49774],[-121.93718,36.49774]],[[-121.93746,36.49763],[-121.93746,36.49763]],[[-121.93774,36.49752],[-121.93774,36.49752]],[[-121.93845,36.49741],[-121.93845,36.49741]],[[-121.93915,36.49684],[-121.93915,36.49684]],[[-121.93929,36.49673],[-121.93929,36.49673]],[[-121.93971,36.49662],[-121.93971,36.49662]],[[-121.93999,36.4965],[-121.93999,36.4965]],[[-121.94013,36.49639],[-121.94013,36.49639]],[[-121.94097,36.49526],[-121.94097,36.49526]],[[-121.94041,36.49526],[-121.94041,36.49526]],[[-121.94027,36.49515],[-121.94027,36.49515]],[[-121.93999,36.49504],[-121.93999,36.49504]],[[-121.95221,36.49481],[-121.95221,36.49481]],[[-121.94111,36.49458],[-121.94111,36.49458]],[[-121.94125,36.49447],[-121.94125,36.49447]],[[-121.94154,36.49436],[-121.94154,36.49436]],[[-121.94168,36.49425],[-121.94168,36.49425]],[[-121.94182,36.49413],[-121.94182,36.49413]],[[-121.95979,36.49396],[-121.96006,36.49346],[-121.95951,36.49304],[-121.9594,36.49289],[-121.95951,36.49271],[-121.96007,36.49295],[-121.96077,36.49352],[-121.96118,36.49312],[-121.96077,36.49278],[-121.96021,36.49187],[-121.95979,36.49169],[-121.95895,36.49171],[-121.95792,36.49199],[-121.95794,36.49221],[-121.95841,36.49278],[-121.959,36.49323],[-121.95909,36.49368],[-121.95951,36.49399],[-121.95979,36.49396]],[[-121.94196,36.49391],[-121.94196,36.49391]],[[-121.95923,36.49379],[-121.95923,36.49379]],[[-121.9421,36.49368],[-121.9421,36.49368]],[[-121.96176,36.49327],[-121.96176,36.49287],[-121.96144,36.49289],[-121.96142,36.49323],[-121.96176,36.49327]],[[-121.94252,36.49334],[-121.94252,36.49334]],[[-121.94462,36.49323],[-121.94462,36.49323]],[[-121.9442,36.49323],[-121.9442,36.49323]],[[-121.9428,36.49323],[-121.9428,36.49323]],[[-121.94406,36.49312],[-121.94406,36.49312]],[[-121.94322,36.49312],[-121.94322,36.49312]],[[-121.94392,36.493],[-121.94392,36.493]],[[-121.94336,36.493],[-121.94336,36.493]],[[-121.95923,36.49262],[-121.9594,36.49244],[-121.95923,36.49231],[-121.95912,36.49244],[-121.95923,36.49262]],[[-121.94505,36.49233],[-121.94505,36.49233]],[[-121.9564,36.49097],[-121.95768,36.49155],[-121.95842,36.49131],[-121.95852,36.4912],[-121.95834,36.49097]],[[-121.94476,36.49154],[-121.94476,36.49154]],[[-121.94491,36.49142],[-121.94491,36.49142]],[[-121.94519,36.49131],[-121.94519,36.49131]],[[-121.94547,36.4912],[-121.94547,36.4912]],[[-121.94561,36.49109],[-121.94561,36.49109]]]},"properties":{"depth_m":45}},{"type":"Feature","geometry":{"type":"MultiLineString","coordinates":[[[-121.95131,36.54503],[-121.95066,36.54458],[-121.94884,36.54445],[-121.94856,36.544],[-121.94739,36.54333],[-121.9473,36.543],[-121.94771,36.5428],[-121.94773,36.54266],[-121.94722,36.54243],[-121.94673,36.54188],[-121.94603,36.54157],[-121.94448,36.54155],[-121.94319,36.54119],[-121.94294,36.54063],[-121.94315,36.53995],[-121.9428,36.53916],[-121.94237,36.53882],[-121.94083,36.53842],[-121.94044,36.53814],[-121.94095,36.53724],[-121.9407,36.53611],[-121.94009,36.53532],[-121.93831,36.5338],[-121.93732,36.53344],[-121.93564,36.53338],[-121.9348,36.53366],[-121.93395,36.53439],[-121.93299,36.53442],[-121.93276,36.53408],[-121.93283,36.53382],[-121.93332,36.5334],[-121.93317,36.53307],[-121.93297,36.53288],[-121.93227,36.53316],[-121.93192,36.53307],[-121.93071,36.53205],[-121.93051,36.5316],[-121.93072,36.53135],[-121.93213,36.53162],[-121.93236,36.53149],[-121.93231,36.53126],[-121.93275,36.53081],[-121.93234,36.53024],[-121.93256,36.52979],[-121.93218,36.52945],[-121.93222,36.52923],[-121.93114,36.52847],[-121.93016,36.52846],[-121.92926,36.52889],[-121.92904,36.52942],[-121.92879,36.52934],[-121.92838,36.52889],[-121.92823,36.52787],[-121.9286,36.52754],[-121.92819,36.52663],[-121.92848,36.52612],[-121.92876,36.52595],[-121.92946,36.52614],[-121.9303,36.52685],[-121.93114,36.52653],[-121.93297,36.52649],[-121.93353,36.52679],[-121.93423,36.52672],[-121.93522,36.52729],[-121.93606,36.5275],[-121.93692,36.52799],[-121.9376,36.52808],[-121.93817,36.52782],[-121.93929,36.52786],[-121.93998,36.52731],[-121.94074,36.52708],[-121.94098,36.52686],[-121.94109,36.52629],[-121.94138,36.52607],[-121.94252,36.52571],[-121.94322,36.5258],[-121.94336,36.52557],[-121.94505,36.52618],[-121.94617,36.52622],[-121.94659,36.52646],[-121.94701,36.52647],[-121.94842,36.5274],[-121.94884,36.52715],[-121.9508,36.52747],[-121.95096,36.52731],[-121.95072,36.52697],[-121.95087,36.52686],[-121.95161,36.52708],[-121.9515,36.5266],[-121.95245,36.52641],[-121.95291,36.52653],[-121.95453,36.52607],[-121.95502,36.52549],[-121.956,36.52498],[-121.9567,36.52543],[-121.95686,36.52539],[-121.95693,36.52494],[-121.95712,36.52484],[-121.95839,36.52571],[-121.95861,36.52505],[-121.95923,36.52459],[-121.95979,36.52465],[-121.96021,36.52445],[-121.96036,36.52471],[-121.96063,36.5248],[-121.96105,36.52415],[-121.96215,36.52381],[-121.96142,36.52325],[-121.96195,36.52325],[-121.9619,36.52267],[-121.96274,36.52285],[-121.96344,36.5227],[-121.96424,36.52313],[-121.96428,36.52345],[-121.96443,36.52347],[-121.9647,36.52278],[-121.96298,36.52155],[-121.96364,36.52144],[-121.9637,36.52122],[-121.96346,36.52076],[-121.964,36.52057],[-121.96428,36.52066],[-121.96436,36.52054],[-121.96382,36.52009],[-121.96397,36.51952],[-121.96386,36.51907],[-121.96345,36.51873],[-121.96364,36.51839],[-121.96349,36.51794],[-121.9636,36.51761],[-121.963,36.51727],[-121.96294,36.51682],[-121.96348,36.51659],[-121.96304,36.51603],[-121.96325,36.51546],[-121.96296,36.51501],[-121.96295,36.51422],[-121.96218,36.51334],[-121.96119,36.5132],[-121.96021,36.51262],[-121.95979,36.51254],[-121.95959,36.51208],[-121.95881,36.5119],[-121.95853,36.51161],[-121.95768,36.51164],[-121.95726,36.51118],[-121.95629,36.51061],[-121.95796,36.51033],[-121.95821,36.50993],[-121.95782,36.50937],[-121.9574,36.50926],[-121.95726,36.50901],[-121.95628,36.50922],[-121.95586,36.5095],[-121.95544,36.50938],[-121.95523,36.50914],[-121.95535,36.50824],[-121.95469,36.50756],[-121.95505,36.50643],[-121.95473,36.50595],[-121.95467,36.50553],[-121.95516,36.50485],[-121.95495,36.50384],[-121.95537,36.50293],[-121.95512,36.50203],[-121.95553,36.50102],[-121.95543,36.50011],[-121.95481,36.49966],[-121.95487,36.4991],[-121.95468,36.4982],[-121.95529,36.49583],[-121.95529,36.49413],[-121.95503,36.49368],[-121.95516,36.49331],[-121.95562,36.49289],[-121.95568,36.4921],[-121.95628,36.49117],[-121.95698,36.49179],[-121.95726,36.49156],[-121.95782,36.49175],[-121.95824,36.49165],[-121.95755,36.49199],[-121.95754,36.49248],[-121.95796,36.49281],[-121.95867,36.49305],[-121.95887,36.49323],[-121.95898,36.49368],[-121.95965,36.49415],[-121.96017,36.49368],[-121.9602,36.49323],[-121.96091,36.49363],[-121.96193,36.49346],[-121.96192,36.49278],[-121.96176,36.49264],[-121.96105,36.49271],[-121.96085,36.49255],[-121.96079,36.49233],[-121.96096,36.49199],[-121.96077,36.4917],[-121.96052,36.49176],[-121.96049,36.49201],[-121.96007,36.49162],[-121.95839,36.49165],[-121.95881,36.49098],[-121.95923,36.49097]],[[-121.93171,36.54503],[-121.93213,36.54469],[-121.93297,36.54446],[-121.93367,36.5448],[-121.93381,36.54469],[-121.93367,36.54446],[-121.93339,36.54458],[-121.93381,36.54379],[-121.93381,36.54345],[-121.93325,36.543],[-121.93325,36.54209],[-121.93305,36.54164],[-121.93325,36.54142],[-121.93325,36.54096],[-121.93283,36.54051],[-121.93297,36.53995],[-121.93255,36.53977],[-121.93269,36.53938],[-121.93255,36.53927],[-121.93185,36.53927],[-121.93086,36.53955],[-121.93044,36.53938],[-121.92904,36.5378],[-121.92862,36.53701],[-121.92862,36.53622],[-121.92848,36.53611],[-121.9282,36.53386],[-121.92777,36.53329],[-121.92693,36.53273],[-121.92679,36.53228],[-121.92693,36.53149],[-121.92637,36.53103]],[[-121.93185,36.54491],[-121.93185,36.54491]],[[-121.93199,36.5448],[-121.93199,36.5448]],[[-121.93353,36.54469],[-121.93353,36.54469]],[[-121.93213,36.54469],[-121.93213,36.54469]],[[-121.93241,36.54458],[-121.93241,36.54458]],[[-121.93311,36.54446],[-121.93311,36.54446]],[[-121.93297,36.54446],[-121.93297,36.54446]],[[-121.93353,36.54412],[-121.93353,36.54412]],[[-121.93367,36.5439],[-121.93367,36.5439]],[[-121.93311,36.54153],[-121.93311,36.54153]],[[-121.93283,36.54029],[-121.93283,36.54029]],[[-121.93255,36.5395],[-121.93255,36.5395]],[[-121.93423,36.53419],[-121.93423,36.53419]],[[-121.92679,36.53194],[-121.92679,36.53194]],[[-121.931,36.53149],[-121.931,36.53149]],[[-121.92918,36.529],[-121.92918,36.529]],[[-121.93943,36.52776],[-121.93943,36.52776]],[[-121.93957,36.52765],[-121.93957,36.52765]],[[-121.93466,36.52697],[-121.93466,36.52697]],[[-121.93339,36.52675],[-121.93339,36.52675]],[[-121.95249,36.52641],[-121.95249,36.52641]],[[-121.94505,36.52618],[-121.94505,36.52618]],[[-121.95642,36.52528],[-121.95642,36.52528]],[[-121.95726,36.52494],[-121.95726,36.52494]],[[-121.92637,36.52426],[-121.92749,36.52313],[-121.92848,36.52268],[-121.92946,36.5228],[-121.9296,36.52291],[-121.9296,36.52325],[-121.9303,36.5237],[-121.93157,36.52347],[-121.93185,36.5237],[-121.93241,36.52336],[-121.93367,36.52347],[-121.93381,36.52336],[-121.93353,36.52313],[-121.93353,36.52291],[-121.93409,36.52234],[-121.93514,36.52246],[-121.93536,36.5228],[-121.93578,36.52297],[-121.93606,36.52347],[-121.9364,36.52336],[-121.93662,36.52359],[-121.93718,36.52347],[-121.93732,36.52336],[-121.93726,36.52313],[-121.93746,36.52302],[-121.93732,36.52313],[-121.93746,36.52325],[-121.9376,36.52313],[-121.93746,36.52325],[-121.9376,36.52336],[-121.93774,36.52325],[-121.9374,36.5228],[-121.93774,36.52291],[-121.93802,36.52268],[-121.93746,36.52223],[-121.9374,36.52212],[-121.9376,36.52201],[-121.93732,36.52178],[-121.93676,36.52167],[-121.93662,36.52183],[-121.93634,36.52144],[-121.93676,36.52099],[-121.93697,36.52099],[-121.93718,36.52133],[-121.9376,36.52144],[-121.93774,36.52133],[-121.9376,36.52065],[-121.93676,36.51997],[-121.93732,36.51986],[-121.93718,36.51952],[-121.9376,36.51918],[-121.93831,36.51896],[-121.93915,36.51896],[-121.94013,36.51918],[-121.94083,36.51964],[-121.94069,36.5202],[-121.93999,36.52076],[-121.93985,36.5211],[-121.94055,36.5215],[-121.94069,36.52189],[-121.94097,36.52201],[-121.94111,36.52189],[-121.94097,36.52201],[-121.94111,36.52223],[-121.94125,36.52201],[-121.94097,36.52155],[-121.94139,36.52167],[-121.94168,36.5215],[-121.94224,36.52178],[-121.94238,36.52167],[-121.94224,36.52099],[-121.94245,36.52076],[-121.94308,36.52088],[-121.94336,36.52071],[-121.94406,36.52099],[-121.94448,36.52076],[-121.94476,36.5211],[-121.94462,36.52122],[-121.94469,36.52144],[-121.9442,36.52167],[-121.94434,36.52189],[-121.94505,36.52234],[-121.94553,36.52234],[-121.94589,36.52291],[-121.94715,36.52336],[-121.94813,36.52404],[-121.94856,36.5237],[-121.94856,36.52291],[-121.94828,36.52268],[-121.94828,36.52241],[-121.9487,36.52234],[-121.94926,36.52291],[-121.94954,36.52268],[-121.9494,36.52257],[-121.94954,36.52223],[-121.9494,36.52128],[-121.94968,36.52122],[-121.95122,36.52268],[-121.95249,36.52347],[-121.95249,36.5237],[-121.95291,36.52404],[-121.95333,36.52392],[-121.95333,36.52347],[-121.95305,36.52325],[-121.95319,36.52309],[-121.95361,36.52347],[-121.95375,36.52336],[-121.95403,36.52359],[-121.95431,36.52415],[-121.95473,36.52438],[-121.95487,36.52426],[-121.95469,36.52381],[-121.95487,36.5237],[-121.95375,36.5228],[-121.95341,36.52268],[-121.95361,36.52246],[-121.95431,36.5228],[-121.95459,36.52246],[-121.95417,36.52167],[-121.95375,36.52144],[-121.95403,36.52122],[-121.95249,36.52043],[-121.95172,36.52054],[-121.95179,36.52009],[-121.9515,36.51975],[-121.95122,36.51969],[-121.95179,36.51896],[-121.95263,36.51896],[-121.95291,36.51918],[-121.95291,36.51941],[-121.95333,36.51964],[-121.95375,36.51941],[-121.95369,36.5193],[-121.95403,36.51902],[-121.95445,36.51907],[-121.95459,36.51885],[-121.95417,36.51794],[-121.95361,36.51749],[-121.95319,36.51749],[-121.95291,36.51783],[-121.95305,36.51822],[-121.95243,36.51817],[-121.95235,36.51772],[-121.95207,36.51749],[-121.95249,36.51704],[-121.95179,36.51648],[-121.95165,36.51675],[-121.95094,36.51636],[-121.95052,36.51709],[-121.94996,36.51715],[-121.94962,36.51693],[-121.94996,36.51659],[-121.94996,36.51636],[-121.94954,36.51607],[-121.94954,36.51569],[-121.94912,36.51546],[-121.94884,36.51574],[-121.94884,36.51557],[-121.94813,36.5149],[-121.94799,36.51399],[-121.94771,36.51377],[-121.94757,36.51393],[-121.94729,36.51343],[-121.94687,36.51354],[-121.94659,36.5132],[-121.94561,36.51326],[-121.94561,36.51298],[-121.94533,36.51275],[-121.94505,36.51275],[-121.9442,36.5132],[-121.94378,36.51298],[-121.94378,36.51247],[-121.94434,36.51275],[-121.94462,36.51253],[-121.94364,36.51185],[-121.94322,36.5119],[-121.94294,36.51174],[-121.9421,36.51185],[-121.94252,36.5114],[-121.94168,36.51122],[-121.94168,36.5109],[-121.94196,36.51061],[-121.94168,36.51038],[-121.94196,36.50999],[-121.94238,36.51004],[-121.94266,36.50971],[-121.94224,36.50953],[-121.94203,36.50914],[-121.94238,36.50925],[-121.94266,36.50903],[-121.94224,36.50858],[-121.94196,36.50874],[-121.94154,36.50835],[-121.94119,36.50846],[-121.94069,36.50818],[-121.94069,36.50801],[-121.94097,36.5079],[-121.9421,36.50801],[-121.94224,36.5079],[-121.94224,36.50751],[-121.94252,36.50767],[-121.94266,36.50756],[-121.94231,36.50711],[-121.94238,36.50688],[-121.94182,36.50643],[-121.94125,36.50682],[-121.94111,36.50666],[-121.94055,36.50677],[-121.94048,36.507],[-121.93985,36.50688],[-121.93943,36.507],[-121.93873,36.50632],[-121.93915,36.50587],[-121.93915,36.50564],[-121.93866,36.50553],[-121.9381,36.50485],[-121.93845,36.5044],[-121.93901,36.50418],[-121.93894,36.50384],[-121.93943,36.50361],[-121.93943,36.50339],[-121.93915,36.50316],[-121.93887,36.50321],[-121.93901,36.50282],[-121.93873,36.50237],[-121.93859,36.50142],[-121.93887,36.50158],[-121.93929,36.50147],[-121.93957,36.50203],[-121.94013,36.50192],[-121.94027,36.50181],[-121.94027,36.50102],[-121.94055,36.50079],[-121.94055,36.50023],[-121.93985,36.49955],[-121.93951,36.49966],[-121.93929,36.49944],[-121.93901,36.49944],[-121.93887,36.4991],[-121.93817,36.49876],[-121.93788,36.49876],[-121.9376,36.49926],[-121.93746,36.49926],[-121.93718,36.49887],[-121.93662,36.49865],[-121.93676,36.49803],[-121.93774,36.49752],[-121.93915,36.49729],[-121.93915,36.49684],[-121.93985,36.49662],[-121.94027,36.49628],[-121.94013,36.49549],[-121.93985,36.4951],[-121.94083,36.49537],[-121.94111,36.49515],[-121.94111,36.49458],[-121.94196,36.49402],[-121.94231,36.49334],[-121.94266,36.49346],[-121.94294,36.49318],[-121.94308,36.49357],[-121.94322,36.49346],[-121.94322,36.49312],[-121.9435,36.49295],[-121.94392,36.493],[-121.94448,36.49334],[-121.94476,36.49312],[-121.94476,36.49262],[-121.94519,36.49221],[-121.9447,36.49165],[-121.94575,36.49097]],[[-121.92651,36.52415],[-121.92651,36.52415]],[[-121.92665,36.52392],[-121.92665,36.52392]],[[-121.92679,36.52381],[-121.92679,36.52381]],[[-121.92693,36.5237],[-121.92693,36.5237]],[[-121.93199,36.52359],[-121.93199,36.52359]],[[-121.93072,36.52359],[-121.93072,36.52359]],[[-121.95319,36.52336],[-121.95319,36.52336]],[[-121.93676,36.52347],[-121.93676,36.52347]],[[-121.93213,36.52347],[-121.93213,36.52347]],[[-121.93114,36.52347],[-121.93114,36.52347]],[[-121.92707,36.52347],[-121.92707,36.52347]],[[-121.95375,36.52336],[-121.95375,36.52336]],[[-121.95299,36.52325],[-121.95299,36.52325]],[[-121.93634,36.52336],[-121.93634,36.52336]],[[-121.93367,36.52325],[-121.93367,36.52325]],[[-121.93241,36.52336],[-121.93241,36.52336]],[[-121.92721,36.52336],[-121.92721,36.52336]],[[-121.93353,36.52313],[-121.93353,36.52313]],[[-121.92735,36.52325],[-121.92735,36.52325]],[[-121.92749,36.52313],[-121.92749,36.52313]],[[-121.92777,36.52302],[-121.92777,36.52302]],[[-121.94842,36.5228],[-121.94842,36.5228]],[[-121.93353,36.52291],[-121.93353,36.52291]],[[-121.92792,36.52291],[-121.92792,36.52291]],[[-121.9494,36.5228],[-121.9494,36.5228]],[[-121.94828,36.52268],[-121.94828,36.52268]],[[-121.93788,36.5228],[-121.93788,36.5228]],[[-121.9282,36.5228],[-121.9282,36.5228]],[[-121.95417,36.52268],[-121.95417,36.52268]],[[-121.94934,36.52257],[-121.94934,36.52257]],[[-121.93788,36.52257],[-121.93788,36.52257]],[[-121.93367,36.52268],[-121.93367,36.52268]],[[-121.92848,36.52268],[-121.92848,36.52268]],[[-121.95445,36.52257],[-121.95445,36.52257]],[[-121.95389,36.52257],[-121.95389,36.52257]],[[-121.93774,36.52246],[-121.93774,36.52246]],[[-121.93381,36.52257],[-121.93381,36.52257]],[[-121.95361,36.52246],[-121.95361,36.52246]],[[-121.9376,36.52234],[-121.9376,36.52234]],[[-121.93395,36.52246],[-121.93395,36.52246]],[[-121.93746,36.52223],[-121.93746,36.52223]],[[-121.93409,36.52234],[-121.93409,36.52234]],[[-121.93746,36.52189],[-121.93746,36.52189]],[[-121.9369,36.52178],[-121.9369,36.52178]],[[-121.94097,36.52167],[-121.94097,36.52167]],[[-121.93648,36.52167],[-121.93648,36.52167]],[[-121.9494,36.52155],[-121.9494,36.52155]],[[-121.94224,36.52144],[-121.94224,36.52144]],[[-121.94154,36.52155],[-121.94154,36.52155]],[[-121.94097,36.52155],[-121.94097,36.52155]],[[-121.93634,36.52144],[-121.93634,36.52144]],[[-121.95375,36.52144],[-121.95375,36.52144]],[[-121.95389,36.52133],[-121.95389,36.52133]],[[-121.93634,36.52133],[-121.93634,36.52133]],[[-121.94224,36.52099],[-121.94224,36.52099]],[[-121.93676,36.52099],[-121.93676,36.52099]],[[-121.9376,36.52076],[-121.9376,36.52076]],[[-121.94322,36.52076],[-121.94322,36.52076]],[[-121.93746,36.52054],[-121.93746,36.52054]],[[-121.93718,36.52043],[-121.93718,36.52043]],[[-121.93704,36.52031],[-121.93704,36.52031]],[[-121.9369,36.5202],[-121.9369,36.5202]],[[-121.93676,36.52009],[-121.93676,36.52009]],[[-121.93676,36.51997],[-121.93676,36.51997]],[[-121.96456,36.5198],[-121.96442,36.51943],[-121.96418,36.51952],[-121.96456,36.5198]],[[-121.9369,36.51986],[-121.9369,36.51986]],[[-121.93718,36.51964],[-121.93718,36.51964]],[[-121.95122,36.51964],[-121.95122,36.51964]],[[-121.95361,36.51952],[-121.95361,36.51952]],[[-121.95319,36.51952],[-121.95319,36.51952]],[[-121.93718,36.51952],[-121.93718,36.51952]],[[-121.95136,36.51941],[-121.95136,36.51941]],[[-121.93732,36.51941],[-121.93732,36.51941]],[[-121.9515,36.5193],[-121.9515,36.5193]],[[-121.93746,36.5193],[-121.93746,36.5193]],[[-121.95389,36.51918],[-121.95389,36.51918]],[[-121.95291,36.51918],[-121.95291,36.51918]],[[-121.9376,36.51918],[-121.9376,36.51918]],[[-121.95277,36.51907],[-121.95277,36.51907]],[[-121.95165,36.51907],[-121.95165,36.51907]],[[-121.93788,36.51907],[-121.93788,36.51907]],[[-121.95263,36.51896],[-121.95263,36.51896]],[[-121.95179,36.51896],[-121.95179,36.51896]],[[-121.93831,36.51896],[-121.93831,36.51896]],[[-121.95305,36.51794],[-121.95305,36.51794]],[[-121.95207,36.51749],[-121.95207,36.51749]],[[-121.95221,36.51727],[-121.95221,36.51727]],[[-121.95235,36.51715],[-121.95235,36.51715]],[[-121.96302,36.5167],[-121.96302,36.5167]],[[-121.94982,36.5167],[-121.94982,36.5167]],[[-121.94448,36.51264],[-121.94448,36.51264]],[[-121.9442,36.51264],[-121.9442,36.51264]],[[-121.94406,36.51253],[-121.94406,36.51253]],[[-121.9626,36.5122],[-121.96275,36.51208],[-121.96252,36.51208],[-121.9626,36.5122]],[[-121.94168,36.51038],[-121.94168,36.51038]],[[-121.94182,36.51027],[-121.94182,36.51027]],[[-121.95895,36.50982],[-121.95913,36.50971],[-121.95895,36.50925],[-121.95928,36.50903],[-121.95895,36.5087],[-121.95844,36.50903],[-121.95851,36.50937],[-121.95895,36.50982]],[[-121.94252,36.50914],[-121.94252,36.50914]],[[-121.94224,36.50914],[-121.94224,36.50914]],[[-121.9553,36.5088],[-121.9553,36.5088]],[[-121.94069,36.50801],[-121.94069,36.50801]],[[-121.94168,36.5079],[-121.94168,36.5079]],[[-121.94154,36.5079],[-121.94154,36.5079]],[[-121.94097,36.5079],[-121.94097,36.5079]],[[-121.94083,36.5079],[-121.94083,36.5079]],[[-121.94125,36.50773],[-121.94125,36.50773]],[[-121.9435,36.50756],[-121.9442,36.507],[-121.94378,36.50632],[-121.94322,36.50621],[-121.94294,36.50598],[-121.9428,36.50609],[-121.9428,36.50711],[-121.9435,36.50756]],[[-121.94238,36.50756],[-121.94238,36.50756]],[[-121.94364,36.50745],[-121.94364,36.50745]],[[-121.94336,36.50745],[-121.94336,36.50745]],[[-121.94392,36.50734],[-121.94392,36.50734]],[[-121.94308,36.50734],[-121.94308,36.50734]],[[-121.94294,36.50722],[-121.94294,36.50722]],[[-121.94168,36.50711],[-121.94168,36.507],[-121.94139,36.507],[-121.94168,36.50711]],[[-121.94406,36.50711],[-121.94406,36.50711]],[[-121.94139,36.507],[-121.94139,36.507]],[[-121.93873,36.50621],[-121.93873,36.50621]],[[-121.93887,36.50609],[-121.93887,36.50609]],[[-121.93901,36.50598],[-121.93901,36.50598]],[[-121.93817,36.50463],[-121.93817,36.50463]],[[-121.93831,36.50451],[-121.93831,36.50451]],[[-121.93845,36.5044],[-121.93845,36.5044]],[[-121.93873,36.50429],[-121.93873,36.50429]],[[-121.93929,36.50372],[-121.93929,36.50372]],[[-121.93887,36.50316],[-121.93887,36.50316]],[[-121.93999,36.50192],[-121.93999,36.50192]],[[-121.93943,36.50158],[-121.93943,36.50158]],[[-121.93929,36.50147],[-121.93929,36.50147]],[[-121.93915,36.50147],[-121.93915,36.50147]],[[-121.93873,36.50147],[-121.93873,36.50147]],[[-121.94027,36.50102],[-121.94027,36.50102]],[[-121.94041,36.5009],[-121.94041,36.5009]],[[-121.93662,36.49831],[-121.93662,36.49831]],[[-121.93704,36.49786],[-121.93704,36.49786]],[[-121.93718,36.49774],[-121.93718,36.49774]],[[-121.93746,36.49763],[-121.93746,36.49763]],[[-121.93774,36.49752],[-121.93774,36.49752]],[[-121.93845,36.49741],[-121.93845,36.49741]],[[-121.93915,36.49684],[-121.93915,36.49684]],[[-121.93929,36.49673],[-121.93929,36.49673]],[[-121.93971,36.49662],[-121.93971,36.49662]],[[-121.93999,36.4965],[-121.93999,36.4965]],[[-121.94013,36.49639],[-121.94013,36.49639]],[[-121.94097,36.49526],[-121.94097,36.49526]],[[-121.94041,36.49526],[-121.94041,36.49526]],[[-121.94027,36.49515],[-121.94027,36.49515]],[[-121.93999,36.49504],[-121.93999,36.49504]],[[-121.94111,36.49458],[-121.94111,36.49458]],[[-121.94125,36.49447],[-121.94125,36.49447]],[[-121.94154,36.49436],[-121.94154,36.49436]],[[-121.94168,36.49425],[-121.94168,36.49425]],[[-121.94182,36.49413],[-121.94182,36.49413]],[[-121.94196,36.49391],[-121.94196,36.49391]],[[-121.96007,36.49379],[-121.96007,36.49379]],[[-121.9421,36.49368],[-121.9421,36.49368]],[[-121.94252,36.49334],[-121.94252,36.49334]],[[-121.94462,36.49323],[-121.94462,36.49323]],[[-121.9442,36.49323],[-121.9442,36.49323]],[[-121.9428,36.49323],[-121.9428,36.49323]],[[-121.94406,36.49312],[-121.94406,36.49312]],[[-121.94322,36.49312],[-121.94322,36.49312]],[[-121.94392,36.493],[-121.94392,36.493]],[[-121.94336,36.493],[-121.94336,36.493]],[[-121.95628,36.49251],[-121.9565,36.49233],[-121.95614,36.49195],[-121.95589,36.4921],[-121.9559,36.49233],[-121.95628,36.49251]],[[-121.94505,36.49233],[-121.94505,36.49233]],[[-121.94476,36.49154],[-121.94476,36.49154]],[[-121.94491,36.49142],[-121.94491,36.49142]],[[-121.94519,36.49131],[-121.94519,36.49131]],[[-121.94547,36.4912],[-121.94547,36.4912]],[[-121.94561,36.49109],[-121.94561,36.49109]]]},"properties":{"depth_m":50}},{"type":"Feature","geometry":{"type":"MultiLineString","coordinates":[[[-121.95131,36.54503],[-121.95066,36.54458],[-121.94884,36.54445],[-121.94856,36.544],[-121.94739,36.54333],[-121.9473,36.543],[-121.94771,36.5428],[-121.94773,36.54266],[-121.94722,36.54243],[-121.94673,36.54188],[-121.94603,36.54157],[-121.94448,36.54155],[-121.94319,36.54119],[-121.94294,36.54063],[-121.94315,36.53995],[-121.9428,36.53916],[-121.94237,36.53882],[-121.94083,36.53842],[-121.94044,36.53814],[-121.94095,36.53724],[-121.9407,36.53611],[-121.94009,36.53532],[-121.93831,36.5338],[-121.93732,36.53344],[-121.93564,36.53338],[-121.9348,36.53366],[-121.93395,36.53439],[-121.93299,36.53442],[-121.93276,36.53408],[-121.93283,36.53382],[-121.93332,36.5334],[-121.93317,36.53307],[-121.93297,36.53288],[-121.93227,36.53316],[-121.93192,36.53307],[-121.93071,36.53205],[-121.93051,36.5316],[-121.93072,36.53135],[-121.93213,36.53162],[-121.93236,36.53149],[-121.93231,36.53126],[-121.93275,36.53081],[-121.93234,36.53024],[-121.93256,36.52979],[-121.93218,36.52945],[-121.93222,36.52923],[-121.93114,36.52847],[-121.93016,36.52846],[-121.92926,36.52889],[-121.92904,36.52942],[-121.92879,36.52934],[-121.92838,36.52889],[-121.92823,36.52787],[-121.9286,36.52754],[-121.92819,36.52663],[-121.92848,36.52612],[-121.92876,36.52595],[-121.92946,36.52614],[-121.9303,36.52685],[-121.93114,36.52653],[-121.93297,36.52649],[-121.93353,36.52679],[-121.93423,36.52672],[-121.93522,36.52729],[-121.93606,36.5275],[-121.93692,36.52799],[-121.9376,36.52808],[-121.93817,36.52782],[-121.93929,36.52786],[-121.93998,36.52731],[-121.94074,36.52708],[-121.94098,36.52686],[-121.94109,36.52629],[-121.94138,36.52607],[-121.94252,36.52571],[-121.94322,36.5258],[-121.94336,36.52557],[-121.94505,36.52618],[-121.94617,36.52622],[-121.94659,36.52646],[-121.94701,36.52647],[-121.94842,36.5274],[-121.94884,36.52715],[-121.9508,36.52747],[-121.95096,36.52731],[-121.95072,36.52697],[-121.95087,36.52686],[-121.95161,36.52708],[-121.9515,36.5266],[-121.95245,36.52641],[-121.95291,36.52653],[-121.95453,36.52607],[-121.95502,36.52549],[-121.956,36.52498],[-121.9567,36.52543],[-121.95686,36.52539],[-121.95693,36.52494],[-121.95712,36.52484],[-121.95839,36.52571],[-121.95861,36.52505],[-121.95923,36.52459],[-121.95979,36.52465],[-121.96021,36.52445],[-121.96036,36.52471],[-121.96063,36.5248],[-121.96105,36.52415],[-121.96215,36.52381],[-121.96142,36.52325],[-121.96195,36.52325],[-121.9619,36.52267],[-121.96274,36.52285],[-121.96344,36.5227],[-121.96424,36.52313],[-121.96428,36.52345],[-121.96443,36.52347],[-121.9647,36.52278],[-121.96298,36.52155],[-121.96364,36.52144],[-121.9637,36.52122],[-121.96346,36.52076],[-121.964,36.52057],[-121.96428,36.52066],[-121.96436,36.52054],[-121.96382,36.52009],[-121.96397,36.51952],[-121.96386,36.51907],[-121.96345,36.51873],[-121.96364,36.51839],[-121.96349,36.51794],[-121.9636,36.51761],[-121.963,36.51727],[-121.96294,36.51682],[-121.96348,36.51659],[-121.96304,36.51603],[-121.96325,36.51546],[-121.96296,36.51501],[-121.96295,36.51422],[-121.96218,36.51334],[-121.96119,36.5132],[-121.96021,36.51262],[-121.95979,36.51254],[-121.95959,36.51208],[-121.95881,36.5119],[-121.95853,36.51161],[-121.95768,36.51164],[-121.95726,36.51118],[-121.95629,36.51061],[-121.95796,36.51033],[-121.95821,36.50993],[-121.95782,36.50937],[-121.9574,36.50926],[-121.95726,36.50901],[-121.95628,36.50922],[-121.95586,36.5095],[-121.95544,36.50938],[-121.95523,36.50914],[-121.95535,36.50824],[-121.95469,36.50756],[-121.95505,36.50643],[-121.95473,36.50595],[-121.95467,36.50553],[-121.95516,36.50485],[-121.95495,36.50384],[-121.95537,36.50293],[-121.95512,36.50203],[-121.95553,36.50102],[-121.95543,36.50011],[-121.95481,36.49966],[-121.95487,36.4991],[-121.95468,36.4982],[-121.95529,36.49583],[-121.95529,36.49413],[-121.95503,36.49368],[-121.95516,36.49331],[-121.95562,36.49289],[-121.95568,36.4921],[-121.95628,36.49117],[-121.95698,36.49179],[-121.95726,36.49156],[-121.95782,36.49175],[-121.95824,36.49165],[-121.95755,36.49199],[-121.95754,36.49248],[-121.95796,36.49281],[-121.95867,36.49305],[-121.95887,36.49323],[-121.95898,36.49368],[-121.95965,36.49415],[-121.96017,36.49368],[-121.9602,36.49323],[-121.96091,36.49363],[-121.96193,36.49346],[-121.96192,36.49278],[-121.96176,36.49264],[-121.96105,36.49271],[-121.96085,36.49255],[-121.96079,36.49233],[-121.96096,36.49199],[-121.96077,36.4917],[-121.96052,36.49176],[-121.96049,36.49201],[-121.96007,36.49162],[-121.95839,36.49165],[-121.95881,36.49098],[-121.95923,36.49097]],[[-121.93171,36.54503],[-121.93213,36.54469],[-121.93297,36.54446],[-121.93367,36.5448],[-121.93381,36.54469],[-121.93367,36.54446],[-121.93339,36.54458],[-121.93381,36.54379],[-121.93381,36.54345],[-121.93325,36.543],[-121.93325,36.54209],[-121.93305,36.54164],[-121.93325,36.54142],[-121.93325,36.54096],[-121.93283,36.54051],[-121.93297,36.53995],[-121.93255,36.53977],[-121.93269,36.53938],[-121.93255,36.53927],[-121.93185,36.53927],[-121.93086,36.53955],[-121.93044,36.53938],[-121.92904,36.5378],[-121.92862,36.53701],[-121.92862,36.53622],[-121.92848,36.53611],[-121.9282,36.53386],[-121.92777,36.53329],[-121.92693,36.53273],[-121.92679,36.53228],[-121.92693,36.53149],[-121.92637,36.53103]],[[-121.93185,36.54491],[-121.93185,36.54491]],[[-121.93199,36.5448],[-121.93199,36.5448]],[[-121.93353,36.54469],[-121.93353,36.54469]],[[-121.93213,36.54469],[-121.93213,36.54469]],[[-121.93241,36.54458],[-121.93241,36.54458]],[[-121.93311,36.54446],[-121.93311,36.54446]],[[-121.93297,36.54446],[-121.93297,36.54446]],[[-121.93353,36.54412],[-121.93353,36.54412]],[[-121.93367,36.5439],[-121.93367,36.5439]],[[-121.93311,36.54153],[-121.93311,36.54153]],[[-121.93283,36.54029],[-121.93283,36.54029]],[[-121.93255,36.5395],[-121.93255,36.5395]],[[-121.93423,36.53419],[-121.93423,36.53419]],[[-121.92679,36.53194],[-121.92679,36.53194]],[[-121.931,36.53149],[-121.931,36.53149]],[[-121.92918,36.529],[-121.92918,36.529]],[[-121.93943,36.52776],[-121.93943,36.52776]],[[-121.93957,36.52765],[-121.93957,36.52765]],[[-121.93466,36.52697],[-121.93466,36.52697]],[[-121.93339,36.52675],[-121.93339,36.52675]],[[-121.95249,36.52641],[-121.95249,36.52641]],[[-121.94505,36.52618],[-121.94505,36.52618]],[[-121.95642,36.52528],[-121.95642,36.52528]],[[-121.95726,36.52494],[-121.95726,36.52494]],[[-121.92637,36.52426],[-121.92749,36.52313],[-121.92848,36.52268],[-121.92946,36.5228],[-121.9296,36.52291],[-121.9296,36.52325],[-121.9303,36.5237],[-121.93157,36.52347],[-121.93185,36.5237],[-121.93241,36.52336],[-121.93367,36.52347],[-121.93381,36.52336],[-121.93353,36.52313],[-121.93353,36.52291],[-121.93409,36.52234],[-121.93514,36.52246],[-121.93536,36.5228],[-121.93578,36.52297],[-121.93606,36.52347],[-121.9364,36.52336],[-121.93662,36.52359],[-121.93718,36.52347],[-121.93732,36.52336],[-121.93726,36.52313],[-121.93746,36.52302],[-121.93732,36.52313],[-121.93746,36.52325],[-121.9376,36.52313],[-121.93746,36.52325],[-121.9376,36.52336],[-121.93774,36.52325],[-121.9374,36.5228],[-121.93774,36.52291],[-121.93802,36.52268],[-121.93746,36.52223],[-121.9374,36.52212],[-121.9376,36.52201],[-121.93732,36.52178],[-121.93676,36.52167],[-121.93662,36.52183],[-121.93634,36.52144],[-121.93676,36.52099],[-121.93697,36.52099],[-121.93718,36.52133],[-121.9376,36.52144],[-121.93774,36.52133],[-121.9376,36.52065],[-121.93676,36.51997],[-121.93732,36.51986],[-121.93718,36.51952],[-121.9376,36.51918],[-121.93831,36.51896],[-121.93915,36.51896],[-121.94013,36.51918],[-121.94083,36.51964],[-121.94069,36.5202],[-121.93999,36.52076],[-121.93985,36.5211],[-121.94055,36.5215],[-121.94069,36.52189],[-121.94097,36.52201],[-121.94111,36.52189],[-121.94097,36.52201],[-121.94111,36.52223],[-121.94125,36.52201],[-121.94097,36.52155],[-121.94139,36.52167],[-121.94168,36.5215],[-121.94224,36.52178],[-121.94238,36.52167],[-121.94224,36.52099],[-121.94245,36.52076],[-121.94308,36.52088],[-121.94336,36.52071],[-121.94406,36.52099],[-121.94448,36.52076],[-121.94476,36.5211],[-121.94462,36.52122],[-121.94469,36.52144],[-121.9442,36.52167],[-121.94434,36.52189],[-121.94505,36.52234],[-121.94553,36.52234],[-121.94589,36.52291],[-121.94715,36.52336],[-121.94813,36.52404],[-121.94856,36.5237],[-121.94856,36.52291],[-121.94828,36.52268],[-121.94828,36.52241],[-121.9487,36.52234],[-121.94926,36.52291],[-121.94954,36.52268],[-121.9494,36.52257],[-121.94954,36.52223],[-121.9494,36.52128],[-121.94968,36.52122],[-121.95122,36.52268],[-121.95249,36.52347],[-121.95249,36.5237],[-121.95291,36.52404],[-121.95333,36.52392],[-121.95333,36.52347],[-121.95305,36.52325],[-121.95319,36.52309],[-121.95361,36.52347],[-121.95375,36.52336],[-121.95403,36.52359],[-121.95431,36.52415],[-121.95473,36.52438],[-121.95487,36.52426],[-121.95469,36.52381],[-121.95487,36.5237],[-121.95375,36.5228],[-121.95341,36.52268],[-121.95361,36.52246],[-121.95431,36.5228],[-121.95459,36.52246],[-121.95417,36.52167],[-121.95375,36.52144],[-121.95403,36.52122],[-121.95249,36.52043],[-121.95172,36.52054],[-121.95179,36.52009],[-121.9515,36.51975],[-121.95122,36.51969],[-121.95179,36.51896],[-121.95263,36.51896],[-121.95291,36.51918],[-121.95291,36.51941],[-121.95333,36.51964],[-121.95375,36.51941],[-121.95369,36.5193],[-121.95403,36.51902],[-121.95445,36.51907],[-121.95459,36.51885],[-121.95417,36.51794],[-121.95361,36.51749],[-121.95319,36.51749],[-121.95291,36.51783],[-121.95305,36.51822],[-121.95243,36.51817],[-121.95235,36.51772],[-121.95207,36.51749],[-121.95249,36.51704],[-121.95179,36.51648],[-121.95165,36.51675],[-121.95094,36.51636],[-121.95052,36.51709],[-121.94996,36.51715],[-121.94962,36.51693],[-121.94996,36.51659],[-121.94996,36.51636],[-121.94954,36.51607],[-121.94954,36.51569],[-121.94912,36.51546],[-121.94884,36.51574],[-121.94884,36.51557],[-121.94813,36.5149],[-121.94799,36.51399],[-121.94771,36.51377],[-121.94757,36.51393],[-121.94729,36.51343],[-121.94687,36.51354],[-121.94659,36.5132],[-121.94561,36.51326],[-121.94561,36.51298],[-121.94533,36.51275],[-121.94505,36.51275],[-121.9442,36.5132],[-121.94378,36.51298],[-121.94378,36.51247],[-121.94434,36.51275],[-121.94462,36.51253],[-121.94364,36.51185],[-121.94322,36.5119],[-121.94294,36.51174],[-121.9421,36.51185],[-121.94252,36.5114],[-121.94168,36.51122],[-121.94168,36.5109],[-121.94196,36.51061],[-121.94168,36.51038],[-121.94196,36.50999],[-121.94238,36.51004],[-121.94266,36.50971],[-121.94224,36.50953],[-121.94203,36.50914],[-121.94238,36.50925],[-121.94266,36.50903],[-121.94224,36.50858],[-121.94196,36.50874],[-121.94154,36.50835],[-121.94119,36.50846],[-121.94069,36.50818],[-121.94069,36.50801],[-121.94097,36.5079],[-121.9421,36.50801],[-121.94224,36.5079],[-121.94224,36.50751],[-121.94252,36.50767],[-121.94266,36.50756],[-121.94231,36.50711],[-121.94238,36.50688],[-121.94182,36.50643],[-121.94125,36.50682],[-121.94111,36.50666],[-121.94055,36.50677],[-121.94048,36.507],[-121.93985,36.50688],[-121.93943,36.507],[-121.93873,36.50632],[-121.93915,36.50587],[-121.93915,36.50564],[-121.93866,36.50553],[-121.9381,36.50485],[-121.93845,36.5044],[-121.93901,36.50418],[-121.93894,36.50384],[-121.93943,36.50361],[-121.93943,36.50339],[-121.93915,36.50316],[-121.93887,36.50321],[-121.93901,36.50282],[-121.93873,36.50237],[-121.93859,36.50142],[-121.93887,36.50158],[-121.93929,36.50147],[-121.93957,36.50203],[-121.94013,36.50192],[-121.94027,36.50181],[-121.94027,36.50102],[-121.94055,36.50079],[-121.94055,36.50023],[-121.93985,36.49955],[-121.93951,36.49966],[-121.93929,36.49944],[-121.93901,36.49944],[-121.93887,36.4991],[-121.93817,36.49876],[-121.93788,36.49876],[-121.9376,36.49926],[-121.93746,36.49926],[-121.93718,36.49887],[-121.93662,36.49865],[-121.93676,36.49803],[-121.93774,36.49752],[-121.93915,36.49729],[-121.93915,36.49684],[-121.93985,36.49662],[-121.94027,36.49628],[-121.94013,36.49549],[-121.93985,36.4951],[-121.94083,36.49537],[-121.94111,36.49515],[-121.94111,36.49458],[-121.94196,36.49402],[-121.94231,36.49334],[-121.94266,36.49346],[-121.94294,36.49318],[-121.94308,36.49357],[-121.94322,36.49346],[-121.94322,36.49312],[-121.9435,36.49295],[-121.94392,36.493],[-121.94448,36.49334],[-121.94476,36.49312],[-121.94476,36.49262],[-121.94519,36.49221],[-121.9447,36.49165],[-121.94575,36.49097]],[[-121.92651,36.52415],[-121.92651,36.52415]],[[-121.92665,36.52392],[-121.92665,36.52392]],[[-121.92679,36.52381],[-121.92679,36.52381]],[[-121.92693,36.5237],[-121.92693,36.5237]],[[-121.93199,36.52359],[-121.93199,36.52359]],[[-121.93072,36.52359],[-121.93072,36.52359]],[[-121.95319,36.52336],[-121.95319,36.52336]],[[-121.93676,36.52347],[-121.93676,36.52347]],[[-121.93213,36.52347],[-121.93213,36.52347]],[[-121.93114,36.52347],[-121.93114,36.52347]],[[-121.92707,36.52347],[-121.92707,36.52347]],[[-121.95375,36.52336],[-121.95375,36.52336]],[[-121.95299,36.52325],[-121.95299,36.52325]],[[-121.93634,36.52336],[-121.93634,36.52336]],[[-121.93367,36.52325],[-121.93367,36.52325]],[[-121.93241,36.52336],[-121.93241,36.52336]],[[-121.92721,36.52336],[-121.92721,36.52336]],[[-121.93353,36.52313],[-121.93353,36.52313]],[[-121.92735,36.52325],[-121.92735,36.52325]],[[-121.92749,36.52313],[-121.92749,36.52313]],[[-121.92777,36.52302],[-121.92777,36.52302]],[[-121.94842,36.5228],[-121.94842,36.5228]],[[-121.93353,36.52291],[-121.93353,36.52291]],[[-121.92792,36.52291],[-121.92792,36.52291]],[[-121.9494,36.5228],[-121.9494,36.5228]],[[-121.94828,36.52268],[-121.94828,36.52268]],[[-121.93788,36.5228],[-121.93788,36.5228]],[[-121.9282,36.5228],[-121.9282,36.5228]],[[-121.95417,36.52268],[-121.95417,36.52268]],[[-121.94934,36.52257],[-121.94934,36.52257]],[[-121.93788,36.52257],[-121.93788,36.52257]],[[-121.93367,36.52268],[-121.93367,36.52268]],[[-121.92848,36.52268],[-121.92848,36.52268]],[[-121.95445,36.52257],[-121.95445,36.52257]],[[-121.95389,36.52257],[-121.95389,36.52257]],[[-121.93774,36.52246],[-121.93774,36.52246]],[[-121.93381,36.52257],[-121.93381,36.52257]],[[-121.95361,36.52246],[-121.95361,36.52246]],[[-121.9376,36.52234],[-121.9376,36.52234]],[[-121.93395,36.52246],[-121.93395,36.52246]],[[-121.93746,36.52223],[-121.93746,36.52223]],[[-121.93409,36.52234],[-121.93409,36.52234]],[[-121.93746,36.52189],[-121.93746,36.52189]],[[-121.9369,36.52178],[-121.9369,36.52178]],[[-121.94097,36.52167],[-121.94097,36.52167]],[[-121.93648,36.52167],[-121.93648,36.52167]],[[-121.9494,36.52155],[-121.9494,36.52155]],[[-121.94224,36.52144],[-121.94224,36.52144]],[[-121.94154,36.52155],[-121.94154,36.52155]],[[-121.94097,36.52155],[-121.94097,36.52155]],[[-121.93634,36.52144],[-121.93634,36.52144]],[[-121.95375,36.52144],[-121.95375,36.52144]],[[-121.95389,36.52133],[-121.95389,36.52133]],[[-121.93634,36.52133],[-121.93634,36.52133]],[[-121.94224,36.52099],[-121.94224,36.52099]],[[-121.93676,36.52099],[-121.93676,36.52099]],[[-121.9376,36.52076],[-121.9376,36.52076]],[[-121.94322,36.52076],[-121.94322,36.52076]],[[-121.93746,36.52054],[-121.93746,36.52054]],[[-121.93718,36.52043],[-121.93718,36.52043]],[[-121.93704,36.52031],[-121.93704,36.52031]],[[-121.9369,36.5202],[-121.9369,36.5202]],[[-121.93676,36.52009],[-121.93676,36.52009]],[[-121.93676,36.51997],[-121.93676,36.51997]],[[-121.96456,36.5198],[-121.96442,36.51943],[-121.96418,36.51952],[-121.96456,36.5198]],[[-121.9369,36.51986],[-121.9369,36.51986]],[[-121.93718,36.51964],[-121.93718,36.51964]],[[-121.95122,36.51964],[-121.95122,36.51964]],[[-121.95361,36.51952],[-121.95361,36.51952]],[[-121.95319,36.51952],[-121.95319,36.51952]],[[-121.93718,36.51952],[-121.93718,36.51952]],[[-121.95136,36.51941],[-121.95136,36.51941]],[[-121.93732,36.51941],[-121.93732,36.51941]],[[-121.9515,36.5193],[-121.9515,36.5193]],[[-121.93746,36.5193],[-121.93746,36.5193]],[[-121.95389,36.51918],[-121.95389,36.51918]],[[-121.95291,36.51918],[-121.95291,36.51918]],[[-121.9376,36.51918],[-121.9376,36.51918]],[[-121.95277,36.51907],[-121.95277,36.51907]],[[-121.95165,36.51907],[-121.95165,36.51907]],[[-121.93788,36.51907],[-121.93788,36.51907]],[[-121.95263,36.51896],[-121.95263,36.51896]],[[-121.95179,36.51896],[-121.95179,36.51896]],[[-121.93831,36.51896],[-121.93831,36.51896]],[[-121.95305,36.51794],[-121.95305,36.51794]],[[-121.95207,36.51749],[-121.95207,36.51749]],[[-121.95221,36.51727],[-121.95221,36.51727]],[[-121.95235,36.51715],[-121.95235,36.51715]],[[-121.96302,36.5167],[-121.96302,36.5167]],[[-121.94982,36.5167],[-121.94982,36.5167]],[[-121.94448,36.51264],[-121.94448,36.51264]],[[-121.9442,36.51264],[-121.9442,36.51264]],[[-121.94406,36.51253],[-121.94406,36.51253]],[[-121.9626,36.5122],[-121.96275,36.51208],[-121.96252,36.51208],[-121.9626,36.5122]],[[-121.94168,36.51038],[-121.94168,36.51038]],[[-121.94182,36.51027],[-121.94182,36.51027]],[[-121.95895,36.50982],[-121.95913,36.50971],[-121.95895,36.50925],[-121.95928,36.50903],[-121.95895,36.5087],[-121.95844,36.50903],[-121.95851,36.50937],[-121.95895,36.50982]],[[-121.94252,36.50914],[-121.94252,36.50914]],[[-121.94224,36.50914],[-121.94224,36.50914]],[[-121.9553,36.5088],[-121.9553,36.5088]],[[-121.94069,36.50801],[-121.94069,36.50801]],[[-121.94168,36.5079],[-121.94168,36.5079]],[[-121.94154,36.5079],[-121.94154,36.5079]],[[-121.94097,36.5079],[-121.94097,36.5079]],[[-121.94083,36.5079],[-121.94083,36.5079]],[[-121.94125,36.50773],[-121.94125,36.50773]],[[-121.9435,36.50756],[-121.9442,36.507],[-121.94378,36.50632],[-121.94322,36.50621],[-121.94294,36.50598],[-121.9428,36.50609],[-121.9428,36.50711],[-121.9435,36.50756]],[[-121.94238,36.50756],[-121.94238,36.50756]],[[-121.94364,36.50745],[-121.94364,36.50745]],[[-121.94336,36.50745],[-121.94336,36.50745]],[[-121.94392,36.50734],[-121.94392,36.50734]],[[-121.94308,36.50734],[-121.94308,36.50734]],[[-121.94294,36.50722],[-121.94294,36.50722]],[[-121.94168,36.50711],[-121.94168,36.507],[-121.94139,36.507],[-121.94168,36.50711]],[[-121.94406,36.50711],[-121.94406,36.50711]],[[-121.94139,36.507],[-121.94139,36.507]],[[-121.93873,36.50621],[-121.93873,36.50621]],[[-121.93887,36.50609],[-121.93887,36.50609]],[[-121.93901,36.50598],[-121.93901,36.50598]],[[-121.93817,36.50463],[-121.93817,36.50463]],[[-121.93831,36.50451],[-121.93831,36.50451]],[[-121.93845,36.5044],[-121.93845,36.5044]],[[-121.93873,36.50429],[-121.93873,36.50429]],[[-121.93929,36.50372],[-121.93929,36.50372]],[[-121.93887,36.50316],[-121.93887,36.50316]],[[-121.93999,36.50192],[-121.93999,36.50192]],[[-121.93943,36.50158],[-121.93943,36.50158]],[[-121.93929,36.50147],[-121.93929,36.50147]],[[-121.93915,36.50147],[-121.93915,36.50147]],[[-121.93873,36.50147],[-121.93873,36.50147]],[[-121.94027,36.50102],[-121.94027,36.50102]],[[-121.94041,36.5009],[-121.94041,36.5009]],[[-121.93662,36.49831],[-121.93662,36.49831]],[[-121.93704,36.49786],[-121.93704,36.49786]],[[-121.93718,36.49774],[-121.93718,36.49774]],[[-121.93746,36.49763],[-121.93746,36.49763]],[[-121.93774,36.49752],[-121.93774,36.49752]],[[-121.93845,36.49741],[-121.93845,36.49741]],[[-121.93915,36.49684],[-121.93915,36.49684]],[[-121.93929,36.49673],[-121.93929,36.49673]],[[-121.93971,36.49662],[-121.93971,36.49662]],[[-121.93999,36.4965],[-121.93999,36.4965]],[[-121.94013,36.49639],[-121.94013,36.49639]],[[-121.94097,36.49526],[-121.94097,36.49526]],[[-121.94041,36.49526],[-121.94041,36.49526]],[[-121.94027,36.49515],[-121.94027,36.49515]],[[-121.93999,36.49504],[-121.93999,36.49504]],[[-121.94111,36.49458],[-121.94111,36.49458]],[[-121.94125,36.49447],[-121.94125,36.49447]],[[-121.94154,36.49436],[-121.94154,36.49436]],[[-121.94168,36.49425],[-121.94168,36.49425]],[[-121.94182,36.49413],[-121.94182,36.49413]],[[-121.94196,36.49391],[-121.94196,36.49391]],[[-121.96007,36.49379],[-121.96007,36.49379]],[[-121.9421,36.49368],[-121.9421,36.49368]],[[-121.94252,36.49334],[-121.94252,36.49334]],[[-121.94462,36.49323],[-121.94462,36.49323]],[[-121.9442,36.49323],[-121.9442,36.49323]],[[-121.9428,36.49323],[-121.9428,36.49323]],[[-121.94406,36.49312],[-121.94406,36.49312]],[[-121.94322,36.49312],[-121.94322,36.49312]],[[-121.94392,36.493],[-121.94392,36.493]],[[-121.94336,36.493],[-121.94336,36.493]],[[-121.95628,36.49251],[-121.9565,36.49233],[-121.95614,36.49195],[-121.95589,36.4921],[-121.9559,36.49233],[-121.95628,36.49251]],[[-121.94505,36.49233],[-121.94505,36.49233]],[[-121.94476,36.49154],[-121.94476,36.49154]],[[-121.94491,36.49142],[-121.94491,36.49142]],[[-121.94519,36.49131],[-121.94519,36.49131]],[[-121.94547,36.4912],[-121.94547,36.4912]],[[-121.94561,36.49109],[-121.94561,36.49109]]]},"properties":{"depth_m":50}},{"type":"Feature","geometry":{"type":"MultiLineString","coordinates":[[[-121.95485,36.54503],[-121.95492,36.54424],[-121.95385,36.54254],[-121.95389,36.54239],[-121.95441,36.54232],[-121.95453,36.54175],[-121.95431,36.54146],[-121.95249,36.54118],[-121.95192,36.54142],[-121.95149,36.54108],[-121.95066,36.54083],[-121.94898,36.54099],[-121.94743,36.53998],[-121.94668,36.53984],[-121.94658,36.53938],[-121.94631,36.53917],[-121.94533,36.53923],[-121.9445,36.53882],[-121.94421,36.53859],[-121.9442,36.53837],[-121.94308,36.53755],[-121.94168,36.53792],[-121.94166,36.53769],[-121.94203,36.53713],[-121.94194,36.53668],[-121.94254,36.53622],[-121.94256,36.536],[-121.94156,36.53521],[-121.94164,36.53476],[-121.94125,36.53419],[-121.94027,36.53393],[-121.93859,36.5329],[-121.93788,36.5329],[-121.93746,36.53268],[-121.93648,36.53257],[-121.93606,36.53282],[-121.93522,36.53273],[-121.93466,36.53309],[-121.93423,36.53304],[-121.93381,36.5333],[-121.93325,36.53261],[-121.93227,36.53247],[-121.93202,36.53228],[-121.93207,36.53205],[-121.93283,36.53193],[-121.93296,36.53182],[-121.93295,36.53137],[-121.93334,36.53103],[-121.93306,36.53047],[-121.93325,36.53031],[-121.93367,36.53036],[-121.93381,36.53013],[-121.93288,36.52945],[-121.93262,36.529],[-121.93189,36.52866],[-121.93129,36.52812],[-121.92918,36.52843],[-121.92887,36.5281],[-121.92906,36.52765],[-121.92884,36.5272],[-121.92918,36.52692],[-121.92988,36.52691],[-121.93044,36.52713],[-121.93114,36.5268],[-121.93283,36.5268],[-121.93339,36.52704],[-121.93423,36.52707],[-121.93522,36.52776],[-121.93578,36.52785],[-121.93648,36.52835],[-121.93718,36.52853],[-121.93838,36.52912],[-121.93943,36.52937],[-121.93999,36.5289],[-121.94027,36.52889],[-121.94097,36.52952],[-121.94139,36.52966],[-121.94183,36.52934],[-121.94196,36.529],[-121.9419,36.52754],[-121.94168,36.5272],[-121.94168,36.52685],[-121.94196,36.52668],[-121.94266,36.52666],[-121.94322,36.52676],[-121.9442,36.52735],[-121.94476,36.52792],[-121.94645,36.52895],[-121.94982,36.52962],[-121.95136,36.52887],[-121.95277,36.52844],[-121.95305,36.52797],[-121.95403,36.52738],[-121.95614,36.52793],[-121.95782,36.52754],[-121.95895,36.52779],[-121.96035,36.52782],[-121.96053,36.52765],[-121.96064,36.52708],[-121.96091,36.52692],[-121.96147,36.52707],[-121.96288,36.52696],[-121.96358,36.52738],[-121.96513,36.52678],[-121.96667,36.52655],[-121.96695,36.52627],[-121.96779,36.52655],[-121.96795,36.52629],[-121.9677,36.52596],[-121.96779,36.52586],[-121.96864,36.5258],[-121.96892,36.5262],[-121.9692,36.52582],[-121.96976,36.52611],[-121.9706,36.52579],[-121.97102,36.52595],[-121.97153,36.52539],[-121.97185,36.52528],[-121.97158,36.52495],[-121.97074,36.52449],[-121.9706,36.52413],[-121.97004,36.52426],[-121.9692,36.52367],[-121.96878,36.5238],[-121.96821,36.52372],[-121.96779,36.52402],[-121.96759,36.52359],[-121.96712,36.52325],[-121.96724,36.52291],[-121.96656,36.52223],[-121.96696,36.52178],[-121.96678,36.52144],[-121.96695,36.52099],[-121.96686,36.52088],[-121.96735,36.5202],[-121.96747,36.51964],[-121.96801,36.51941],[-121.96768,36.51918],[-121.96772,36.51873],[-121.96835,36.51797],[-121.96875,36.51794],[-121.96854,36.51772],[-121.96835,36.51702],[-121.968,36.5167],[-121.96805,36.51636],[-121.96781,36.51591],[-121.96765,36.51498],[-121.9672,36.51467],[-121.96713,36.51433],[-121.96737,36.51418],[-121.96738,36.51399],[-121.96692,36.51354],[-121.96694,36.51298],[-121.96737,36.51242],[-121.96765,36.51272],[-121.96835,36.5128],[-121.96869,36.51264],[-121.96878,36.51237],[-121.96962,36.51281],[-121.97004,36.51238],[-121.9701,36.51264],[-121.97046,36.51282],[-121.97069,36.51264],[-121.97071,36.51174],[-121.97018,36.51165],[-121.96976,36.51188],[-121.96976,36.51129],[-121.96948,36.51121],[-121.9692,36.5113],[-121.9691,36.51151],[-121.9685,36.51169],[-121.96853,36.5114],[-121.96835,36.51117],[-121.96793,36.51119],[-121.96765,36.51093],[-121.96681,36.51085],[-121.96611,36.51056],[-121.96514,36.50892],[-121.9652,36.50779],[-121.96496,36.50745],[-121.96508,36.50666],[-121.9644,36.50609],[-121.96424,36.50564],[-121.96422,36.5044],[-121.96368,36.50372],[-121.96357,36.50305],[-121.9631,36.50203],[-121.96265,36.5],[-121.96237,36.49966],[-121.96231,36.49662],[-121.96183,36.49447],[-121.96264,36.49278],[-121.96237,36.49199],[-121.9619,36.49173],[-121.96176,36.49131],[-121.96146,36.4912],[-121.96154,36.49097]],[[-121.93171,36.54503],[-121.93213,36.54469],[-121.93297,36.54446],[-121.93367,36.5448],[-121.93381,36.54469],[-121.93367,36.54446],[-121.93339,36.54458],[-121.93381,36.54379],[-121.93381,36.54345],[-121.93325,36.543],[-121.93325,36.54209],[-121.93301,36.54164],[-121.93325,36.54142],[-121.93325,36.54096],[-121.93283,36.54051],[-121.93297,36.53995],[-121.93255,36.5398],[-121.93269,36.53938],[-121.93255,36.53927],[-121.93185,36.53927],[-121.93086,36.53958],[-121.93044,36.53938],[-121.92904,36.5378],[-121.92862,36.53701],[-121.92862,36.53622],[-121.92848,36.53611],[-121.9282,36.53386],[-121.92777,36.53329],[-121.92693,36.53273],[-121.92679,36.53228],[-121.92693,36.53149],[-121.92637,36.53103]],[[-121.93185,36.54491],[-121.93185,36.54491]],[[-121.93199,36.5448],[-121.93199,36.5448]],[[-121.93353,36.54469],[-121.93353,36.54469]],[[-121.93213,36.54469],[-121.93213,36.54469]],[[-121.93241,36.54458],[-121.93241,36.54458]],[[-121.93311,36.54446],[-121.93311,36.54446]],[[-121.93297,36.54446],[-121.93297,36.54446]],[[-121.93353,36.54412],[-121.93353,36.54412]],[[-121.93367,36.5439],[-121.93367,36.5439]],[[-121.93311,36.54153],[-121.93311,36.54153]],[[-121.93283,36.54029],[-121.93283,36.54029]],[[-121.93255,36.5395],[-121.93255,36.5395]],[[-121.9362,36.53273],[-121.9362,36.53273]],[[-121.93522,36.53273],[-121.93522,36.53273]],[[-121.92679,36.53194],[-121.92679,36.53194]],[[-121.94659,36.529],[-121.94659,36.529]],[[-121.94364,36.52708],[-121.94364,36.52708]],[[-121.93016,36.52708],[-121.93016,36.52708]],[[-121.94336,36.52686],[-121.94336,36.52686]],[[-121.97088,36.52596],[-121.97088,36.52596]],[[-121.97116,36.52573],[-121.97116,36.52573]],[[-121.97215,36.52484],[-121.972,36.52483],[-121.97215,36.52484]],[[-121.92637,36.52426],[-121.92749,36.52313],[-121.92848,36.52268],[-121.92946,36.5228],[-121.9296,36.52291],[-121.9296,36.52325],[-121.9303,36.5237],[-121.93157,36.52347],[-121.93185,36.5237],[-121.93241,36.52336],[-121.93367,36.52347],[-121.93381,36.52336],[-121.93353,36.52313],[-121.93353,36.52291],[-121.93409,36.52234],[-121.93517,36.52246],[-121.93536,36.5228],[-121.93578,36.52294],[-121.93606,36.52347],[-121.93644,36.52336],[-121.93662,36.52359],[-121.93718,36.52347],[-121.93732,36.52336],[-121.93723,36.52313],[-121.93746,36.52302],[-121.93732,36.52313],[-121.93746,36.52325],[-121.9376,36.52313],[-121.93746,36.52325],[-121.9376,36.52336],[-121.93774,36.52325],[-121.93737,36.5228],[-121.93746,36.52272],[-121.93774,36.52291],[-121.93802,36.52268],[-121.93737,36.52212],[-121.9376,36.52201],[-121.93732,36.52178],[-121.93676,36.52167],[-121.93662,36.52186],[-121.93634,36.52144],[-121.93648,36.52114],[-121.93676,36.52099],[-121.937,36.52099],[-121.93718,36.52133],[-121.9376,36.52144],[-121.93774,36.52133],[-121.9376,36.52065],[-121.93676,36.51997],[-121.93732,36.51986],[-121.93718,36.51952],[-121.9376,36.51918],[-121.93831,36.51896],[-121.93915,36.51896],[-121.94013,36.51918],[-121.94083,36.51964],[-121.94069,36.5202],[-121.93999,36.52076],[-121.93985,36.5211],[-121.94055,36.52148],[-121.94069,36.52189],[-121.94097,36.52201],[-121.94111,36.52189],[-121.94097,36.52201],[-121.94111,36.52223],[-121.94125,36.52201],[-121.94097,36.52155],[-121.94139,36.52167],[-121.94168,36.52148],[-121.9421,36.52178],[-121.94238,36.52167],[-121.94224,36.52099],[-121.94242,36.52076],[-121.94308,36.52088],[-121.94336,36.52069],[-121.94406,36.52099],[-121.94425,36.52076],[-121.94448,36.52076],[-121.94476,36.5211],[-121.94462,36.52122],[-121.94472,36.52144],[-121.9442,36.52167],[-121.94434,36.52189],[-121.94505,36.52234],[-121.94556,36.52234],[-121.94589,36.52291],[-121.94617,36.52291],[-121.94645,36.52313],[-121.94659,36.52306],[-121.94687,36.52336],[-121.94701,36.52328],[-121.94813,36.52404],[-121.94856,36.5237],[-121.94856,36.52291],[-121.94828,36.52268],[-121.94828,36.52238],[-121.9487,36.52234],[-121.94926,36.52291],[-121.94954,36.52268],[-121.9494,36.52257],[-121.94954,36.52223],[-121.9494,36.52125],[-121.94968,36.52122],[-121.95122,36.52268],[-121.95249,36.52347],[-121.95249,36.5237],[-121.95291,36.52404],[-121.95333,36.52392],[-121.95333,36.52347],[-121.95305,36.52325],[-121.95319,36.52306],[-121.95361,36.52347],[-121.95375,36.52336],[-121.95403,36.52359],[-121.95431,36.52415],[-121.95473,36.52438],[-121.95487,36.52426],[-121.95487,36.52404],[-121.95465,36.52381],[-121.95487,36.5237],[-121.95375,36.5228],[-121.95337,36.52268],[-121.95361,36.52246],[-121.95431,36.5228],[-121.95459,36.52246],[-121.95417,36.52167],[-121.95375,36.52144],[-121.95403,36.52122],[-121.95249,36.52043],[-121.95169,36.52054],[-121.95179,36.52009],[-121.9515,36.51975],[-121.95122,36.51971],[-121.95179,36.51896],[-121.95263,36.51896],[-121.95291,36.51918],[-121.95291,36.51941],[-121.95333,36.51964],[-121.95375,36.51941],[-121.95366,36.5193],[-121.95403,36.519],[-121.95445,36.51907],[-121.95459,36.51885],[-121.95417,36.51794],[-121.95361,36.51749],[-121.95319,36.51749],[-121.95291,36.51783],[-121.95305,36.51824],[-121.95239,36.51817],[-121.95235,36.51772],[-121.95207,36.51749],[-121.95249,36.51704],[-121.95179,36.51648],[-121.95165,36.51678],[-121.95094,36.51636],[-121.95052,36.51712],[-121.94996,36.51715],[-121.94958,36.51693],[-121.94982,36.51682],[-121.94996,36.51636],[-121.94954,36.5161],[-121.94954,36.51569],[-121.94912,36.51546],[-121.94898,36.51576],[-121.94884,36.51576],[-121.94884,36.51557],[-121.94813,36.5149],[-121.94799,36.51399],[-121.94771,36.51377],[-121.94757,36.51396],[-121.94729,36.51343],[-121.94687,36.51354],[-121.94659,36.5132],[-121.94561,36.51328],[-121.94561,36.51298],[-121.94533,36.51275],[-121.94505,36.51275],[-121.9442,36.5132],[-121.94378,36.51298],[-121.94378,36.51245],[-121.94434,36.51275],[-121.94462,36.51253],[-121.94364,36.51185],[-121.94322,36.51193],[-121.94294,36.51174],[-121.9421,36.51185],[-121.94252,36.5114],[-121.94168,36.51125],[-121.94168,36.51087],[-121.94196,36.51061],[-121.94168,36.51038],[-121.94196,36.51016],[-121.94196,36.50997],[-121.94238,36.51004],[-121.94252,36.50993],[-121.94242,36.50982],[-121.94266,36.50971],[-121.94224,36.50956],[-121.942,36.50914],[-121.94238,36.50925],[-121.94266,36.50903],[-121.94224,36.50858],[-121.94196,36.50877],[-121.94154,36.50835],[-121.94116,36.50846],[-121.94097,36.50824],[-121.94074,36.50824],[-121.94069,36.50801],[-121.94097,36.5079],[-121.9421,36.50801],[-121.94224,36.5079],[-121.94224,36.50748],[-121.94252,36.50767],[-121.94266,36.50756],[-121.94228,36.50711],[-121.94238,36.50688],[-121.94182,36.50643],[-121.94125,36.50685],[-121.94111,36.50666],[-121.94055,36.50677],[-121.94041,36.50688],[-121.94051,36.507],[-121.93985,36.50688],[-121.93943,36.507],[-121.93873,36.50632],[-121.93915,36.50587],[-121.93915,36.50564],[-121.93863,36.50553],[-121.93859,36.5053],[-121.93807,36.50485],[-121.93845,36.5044],[-121.93901,36.50418],[-121.93891,36.50384],[-121.93943,36.50361],[-121.93943,36.50339],[-121.93915,36.50316],[-121.93887,36.50324],[-121.93901,36.50282],[-121.93873,36.50237],[-121.93859,36.50139],[-121.93887,36.50158],[-121.93929,36.50147],[-121.93957,36.50203],[-121.94013,36.50192],[-121.94027,36.50181],[-121.94027,36.50102],[-121.94055,36.50079],[-121.94055,36.50023],[-121.93985,36.49955],[-121.93947,36.49966],[-121.93929,36.49944],[-121.93915,36.49951],[-121.93887,36.4991],[-121.93817,36.49876],[-121.93788,36.49876],[-121.9376,36.49929],[-121.93746,36.49929],[-121.93718,36.49887],[-121.93662,36.49865],[-121.93676,36.498],[-121.93774,36.49752],[-121.93915,36.49729],[-121.93915,36.49684],[-121.93985,36.49662],[-121.94027,36.49628],[-121.94013,36.49549],[-121.93985,36.49507],[-121.94083,36.49537],[-121.94111,36.49515],[-121.94111,36.49458],[-121.94196,36.49402],[-121.94228,36.49334],[-121.94266,36.49346],[-121.94294,36.49315],[-121.94308,36.49357],[-121.94322,36.49346],[-121.94322,36.49312],[-121.9435,36.49293],[-121.94448,36.49334],[-121.94476,36.49312],[-121.94476,36.49259],[-121.94519,36.49221],[-121.94467,36.49165],[-121.94575,36.49097]],[[-121.92651,36.52415],[-121.92651,36.52415]],[[-121.92665,36.52392],[-121.92665,36.52392]],[[-121.92679,36.52381],[-121.92679,36.52381]],[[-121.92693,36.5237],[-121.92693,36.5237]],[[-121.93199,36.52359],[-121.93199,36.52359]],[[-121.93072,36.52359],[-121.93072,36.52359]],[[-121.95319,36.52336],[-121.95319,36.52336]],[[-121.93676,36.52347],[-121.93676,36.52347]],[[-121.93213,36.52347],[-121.93213,36.52347]],[[-121.93114,36.52347],[-121.93114,36.52347]],[[-121.92707,36.52347],[-121.92707,36.52347]],[[-121.95375,36.52336],[-121.95375,36.52336]],[[-121.95295,36.52325],[-121.95295,36.52325]],[[-121.93634,36.52336],[-121.93634,36.52336]],[[-121.93367,36.52325],[-121.93367,36.52325]],[[-121.93241,36.52336],[-121.93241,36.52336]],[[-121.92721,36.52336],[-121.92721,36.52336]],[[-121.93353,36.52313],[-121.93353,36.52313]],[[-121.92735,36.52325],[-121.92735,36.52325]],[[-121.92749,36.52313],[-121.92749,36.52313]],[[-121.92777,36.52302],[-121.92777,36.52302]],[[-121.94842,36.5228],[-121.94842,36.5228]],[[-121.93353,36.52291],[-121.93353,36.52291]],[[-121.92792,36.52291],[-121.92792,36.52291]],[[-121.9494,36.5228],[-121.9494,36.5228]],[[-121.94828,36.52268],[-121.94828,36.52268]],[[-121.93788,36.5228],[-121.93788,36.5228]],[[-121.9282,36.5228],[-121.9282,36.5228]],[[-121.95417,36.52268],[-121.95417,36.52268]],[[-121.94931,36.52257],[-121.94931,36.52257]],[[-121.93788,36.52257],[-121.93788,36.52257]],[[-121.93367,36.52268],[-121.93367,36.52268]],[[-121.92848,36.52268],[-121.92848,36.52268]],[[-121.95445,36.52257],[-121.95445,36.52257]],[[-121.95389,36.52257],[-121.95389,36.52257]],[[-121.93774,36.52246],[-121.93774,36.52246]],[[-121.93381,36.52257],[-121.93381,36.52257]],[[-121.95361,36.52246],[-121.95361,36.52246]],[[-121.9376,36.52234],[-121.9376,36.52234]],[[-121.93395,36.52246],[-121.93395,36.52246]],[[-121.93746,36.52223],[-121.93746,36.52223]],[[-121.93409,36.52234],[-121.93409,36.52234]],[[-121.93746,36.52189],[-121.93746,36.52189]],[[-121.9369,36.52178],[-121.9369,36.52178]],[[-121.94097,36.52167],[-121.94097,36.52167]],[[-121.93648,36.52167],[-121.93648,36.52167]],[[-121.9494,36.52155],[-121.9494,36.52155]],[[-121.94224,36.52144],[-121.94224,36.52144]],[[-121.94154,36.52155],[-121.94154,36.52155]],[[-121.94097,36.52155],[-121.94097,36.52155]],[[-121.93634,36.52144],[-121.93634,36.52144]],[[-121.95375,36.52144],[-121.95375,36.52144]],[[-121.95389,36.52133],[-121.95389,36.52133]],[[-121.93634,36.52133],[-121.93634,36.52133]],[[-121.94224,36.52099],[-121.94224,36.52099]],[[-121.93676,36.52099],[-121.93676,36.52099]],[[-121.9376,36.52076],[-121.9376,36.52076]],[[-121.94322,36.52076],[-121.94322,36.52076]],[[-121.93746,36.52054],[-121.93746,36.52054]],[[-121.93718,36.52043],[-121.93718,36.52043]],[[-121.93704,36.52031],[-121.93704,36.52031]],[[-121.9369,36.5202],[-121.9369,36.5202]],[[-121.93676,36.52009],[-121.93676,36.52009]],[[-121.93676,36.51997],[-121.93676,36.51997]],[[-121.9369,36.51986],[-121.9369,36.51986]],[[-121.93718,36.51964],[-121.93718,36.51964]],[[-121.95122,36.51964],[-121.95122,36.51964]],[[-121.95361,36.51952],[-121.95361,36.51952]],[[-121.95319,36.51952],[-121.95319,36.51952]],[[-121.93718,36.51952],[-121.93718,36.51952]],[[-121.95136,36.51941],[-121.95136,36.51941]],[[-121.93732,36.51941],[-121.93732,36.51941]],[[-121.9515,36.5193],[-121.9515,36.5193]],[[-121.93746,36.5193],[-121.93746,36.5193]],[[-121.95389,36.51918],[-121.95389,36.51918]],[[-121.95291,36.51918],[-121.95291,36.51918]],[[-121.9376,36.51918],[-121.9376,36.51918]],[[-121.95277,36.51907],[-121.95277,36.51907]],[[-121.95165,36.51907],[-121.95165,36.51907]],[[-121.93788,36.51907],[-121.93788,36.51907]],[[-121.95263,36.51896],[-121.95263,36.51896]],[[-121.95179,36.51896],[-121.95179,36.51896]],[[-121.93831,36.51896],[-121.93831,36.51896]],[[-121.96779,36.51862],[-121.96779,36.51862]],[[-121.95305,36.51794],[-121.95305,36.51794]],[[-121.95207,36.51749],[-121.95207,36.51749]],[[-121.95221,36.51727],[-121.95221,36.51727]],[[-121.95235,36.51715],[-121.95235,36.51715]],[[-121.94982,36.5167],[-121.94982,36.5167]],[[-121.96765,36.51395],[-121.96762,36.51377],[-121.96753,36.51388],[-121.96765,36.51395]],[[-121.94448,36.51264],[-121.94448,36.51264]],[[-121.9442,36.51264],[-121.9442,36.51264]],[[-121.94406,36.51253],[-121.94406,36.51253]],[[-121.96864,36.51235],[-121.96864,36.51235]],[[-121.97088,36.51158],[-121.97101,36.51151],[-121.97088,36.51124],[-121.97065,36.51151],[-121.97088,36.51158]],[[-121.94168,36.51038],[-121.94168,36.51038]],[[-121.94182,36.51027],[-121.94182,36.51027]],[[-121.94252,36.50914],[-121.94252,36.50914]],[[-121.94224,36.50914],[-121.94224,36.50914]],[[-121.94069,36.50801],[-121.94069,36.50801]],[[-121.94168,36.5079],[-121.94168,36.5079]],[[-121.94154,36.5079],[-121.94154,36.5079]],[[-121.94097,36.5079],[-121.94097,36.5079]],[[-121.94083,36.5079],[-121.94083,36.5079]],[[-121.94125,36.50775],[-121.94116,36.50767],[-121.94125,36.50775]],[[-121.9435,36.50756],[-121.9442,36.507],[-121.94378,36.50632],[-121.94364,36.50621],[-121.94336,36.50629],[-121.94294,36.50598],[-121.9428,36.50609],[-121.9428,36.50711],[-121.9435,36.50756]],[[-121.94238,36.50756],[-121.94238,36.50756]],[[-121.94364,36.50745],[-121.94364,36.50745]],[[-121.94336,36.50745],[-121.94336,36.50745]],[[-121.94392,36.50734],[-121.94392,36.50734]],[[-121.94308,36.50734],[-121.94308,36.50734]],[[-121.94294,36.50722],[-121.94294,36.50722]],[[-121.94168,36.50711],[-121.94168,36.507],[-121.94139,36.507],[-121.94168,36.50711]],[[-121.94406,36.50711],[-121.94406,36.50711]],[[-121.94139,36.507],[-121.94139,36.507]],[[-121.93873,36.50621],[-121.93873,36.50621]],[[-121.93887,36.50609],[-121.93887,36.50609]],[[-121.93901,36.50598],[-121.93901,36.50598]],[[-121.93817,36.50463],[-121.93817,36.50463]],[[-121.93831,36.50451],[-121.93831,36.50451]],[[-121.93845,36.5044],[-121.93845,36.5044]],[[-121.93873,36.50429],[-121.93873,36.50429]],[[-121.93929,36.50372],[-121.93929,36.50372]],[[-121.93887,36.50316],[-121.93887,36.50316]],[[-121.93999,36.50192],[-121.93999,36.50192]],[[-121.93943,36.50158],[-121.93943,36.50158]],[[-121.93929,36.50147],[-121.93929,36.50147]],[[-121.93915,36.50147],[-121.93915,36.50147]],[[-121.93873,36.50147],[-121.93873,36.50147]],[[-121.94027,36.50102],[-121.94027,36.50102]],[[-121.94041,36.5009],[-121.94041,36.5009]],[[-121.93662,36.49831],[-121.93662,36.49831]],[[-121.93704,36.49786],[-121.93704,36.49786]],[[-121.93718,36.49774],[-121.93718,36.49774]],[[-121.93746,36.49763],[-121.93746,36.49763]],[[-121.93774,36.49752],[-121.93774,36.49752]],[[-121.93845,36.49741],[-121.93845,36.49741]],[[-121.93915,36.49684],[-121.93915,36.49684]],[[-121.93929,36.49673],[-121.93929,36.49673]],[[-121.93971,36.49662],[-121.93971,36.49662]],[[-121.93999,36.4965],[-121.93999,36.4965]],[[-121.94013,36.49639],[-121.94013,36.49639]],[[-121.94097,36.49526],[-121.94097,36.49526]],[[-121.94041,36.49526],[-121.94041,36.49526]],[[-121.94027,36.49515],[-121.94027,36.49515]],[[-121.93999,36.49504],[-121.93999,36.49504]],[[-121.94111,36.49458],[-121.94111,36.49458]],[[-121.94125,36.49447],[-121.94125,36.49447]],[[-121.94154,36.49436],[-121.94154,36.49436]],[[-121.94168,36.49425],[-121.94168,36.49425]],[[-121.94182,36.49413],[-121.94182,36.49413]],[[-121.94196,36.49391],[-121.94196,36.49391]],[[-121.9421,36.49368],[-121.9421,36.49368]],[[-121.94252,36.49334],[-121.94252,36.49334]],[[-121.94462,36.49323],[-121.94462,36.49323]],[[-121.9442,36.49323],[-121.9442,36.49323]],[[-121.9428,36.49323],[-121.9428,36.49323]],[[-121.94406,36.49312],[-121.94406,36.49312]],[[-121.94322,36.49312],[-121.94322,36.49312]],[[-121.94392,36.493],[-121.94392,36.493]],[[-121.94336,36.493],[-121.94336,36.493]],[[-121.94505,36.49233],[-121.94505,36.49233]],[[-121.94476,36.49154],[-121.94476,36.49154]],[[-121.94491,36.49142],[-121.94491,36.49142]],[[-121.94519,36.49131],[-121.94519,36.49131]],[[-121.94547,36.4912],[-121.94547,36.4912]],[[-121.94561,36.49109],[-121.94561,36.49109]]]},"properties":{"depth_m":75}},{"type":"Feature","geometry":{"type":"MultiLineString","coordinates":[[[-121.98692,36.54503],[-121.98643,36.5439],[-121.98602,36.54345],[-121.98606,36.54277],[-121.98563,36.54219],[-121.9852,36.54203],[-121.98492,36.54209],[-121.98436,36.54267],[-121.9838,36.54362],[-121.98261,36.54424],[-121.98201,36.54503]],[[-121.95624,36.54503],[-121.95684,36.54441],[-121.9587,36.54379],[-121.95905,36.54345],[-121.95894,36.54221],[-121.95915,36.54142],[-121.95893,36.54096],[-121.95839,36.54086],[-121.95698,36.54105],[-121.95544,36.53995],[-121.95525,36.53927],[-121.95473,36.53891],[-121.95389,36.53896],[-121.95277,36.53931],[-121.95108,36.53933],[-121.9508,36.53949],[-121.95074,36.53995],[-121.95052,36.5402],[-121.94968,36.54053],[-121.94898,36.54057],[-121.94828,36.54015],[-121.94785,36.53964],[-121.94719,36.53961],[-121.94706,36.5395],[-121.94721,36.53905],[-121.94687,36.53872],[-121.94631,36.53863],[-121.94561,36.53889],[-121.94491,36.53868],[-121.94434,36.53781],[-121.94308,36.53723],[-121.94252,36.5374],[-121.94238,36.53731],[-121.9424,36.53679],[-121.94337,36.53622],[-121.9435,36.53589],[-121.94226,36.53521],[-121.94221,36.53453],[-121.9414,36.53386],[-121.94041,36.53369],[-121.93999,36.53329],[-121.93943,36.53314],[-121.93873,36.53268],[-121.93788,36.53265],[-121.93746,36.53241],[-121.93536,36.53242],[-121.93423,36.53266],[-121.93405,36.5325],[-121.93466,36.53156],[-121.93409,36.53165],[-121.93339,36.53225],[-121.93328,36.53216],[-121.93338,36.53137],[-121.93369,36.53103],[-121.93367,36.5307],[-121.93418,36.53036],[-121.93433,36.53002],[-121.93143,36.52794],[-121.931,36.52784],[-121.93058,36.52795],[-121.93018,36.52754],[-121.93114,36.52701],[-121.93269,36.52704],[-121.93325,36.52725],[-121.93409,36.52732],[-121.93494,36.5279],[-121.93774,36.52921],[-121.93929,36.52969],[-121.94027,36.52925],[-121.94139,36.5301],[-121.94224,36.52964],[-121.94236,36.52934],[-121.94231,36.52731],[-121.94252,36.52712],[-121.9428,36.52714],[-121.94392,36.52758],[-121.94434,36.52808],[-121.94498,36.52844],[-121.94695,36.53058],[-121.94766,36.53081],[-121.94842,36.53083],[-121.94954,36.53128],[-121.94989,36.53103],[-121.94972,36.53047],[-121.94996,36.53026],[-121.95066,36.53007],[-121.95207,36.52906],[-121.95319,36.52893],[-121.9534,36.52878],[-121.95341,36.52821],[-121.95431,36.52783],[-121.95487,36.52796],[-121.95558,36.52847],[-121.95642,36.52845],[-121.9581,36.52794],[-121.95895,36.52884],[-121.95979,36.52829],[-121.96014,36.52833],[-121.96077,36.52871],[-121.96101,36.52866],[-121.96114,36.52855],[-121.96104,36.52821],[-121.96118,36.52787],[-121.96098,36.52742],[-121.96119,36.52727],[-121.964,36.52801],[-121.96442,36.5279],[-121.96583,36.52848],[-121.96604,36.52833],[-121.96595,36.52754],[-121.96653,36.52737],[-121.96807,36.52775],[-121.96864,36.52812],[-121.9706,36.52873],[-121.97094,36.52833],[-121.97158,36.52815],[-121.97172,36.52731],[-121.97257,36.52655],[-121.97299,36.52636],[-121.97389,36.52652],[-121.97411,36.52632],[-121.97418,36.52584],[-121.97467,36.52542],[-121.97534,36.52528],[-121.97587,36.52483],[-121.97688,36.52449],[-121.97679,36.52415],[-121.97629,36.52359],[-121.97621,36.52302],[-121.97649,36.52268],[-121.97631,36.52223],[-121.97538,36.52157],[-121.97407,36.52144],[-121.97333,36.52076],[-121.97218,36.5202],[-121.97159,36.5193],[-121.97144,36.51868],[-121.97024,36.51806],[-121.97009,36.51761],[-121.97017,36.5167],[-121.97092,36.51603],[-121.97117,36.51557],[-121.9712,36.51512],[-121.97215,36.51432],[-121.97229,36.51366],[-121.9727,36.5132],[-121.97221,36.51264],[-121.97238,36.51208],[-121.97167,36.51095],[-121.97144,36.51004],[-121.96892,36.50915],[-121.9681,36.50858],[-121.96763,36.50801],[-121.96807,36.50745],[-121.96841,36.50632],[-121.96779,36.50524],[-121.96725,36.50463],[-121.96622,36.50023],[-121.96701,36.49752],[-121.96731,36.49583],[-121.96822,36.49346],[-121.96815,36.49289],[-121.96841,36.49233],[-121.96869,36.4921],[-121.96843,36.49097]],[[-121.93171,36.54503],[-121.93213,36.54469],[-121.93297,36.54446],[-121.93367,36.5448],[-121.93381,36.54469],[-121.93367,36.54446],[-121.93339,36.54458],[-121.93381,36.54379],[-121.93381,36.54345],[-121.93325,36.543],[-121.93325,36.54209],[-121.93298,36.54164],[-121.93325,36.54142],[-121.93325,36.54096],[-121.93283,36.54051],[-121.93297,36.53995],[-121.93255,36.53983],[-121.93269,36.53938],[-121.93255,36.53927],[-121.93185,36.53927],[-121.93086,36.5396],[-121.93044,36.53938],[-121.92904,36.5378],[-121.92862,36.53701],[-121.92862,36.53622],[-121.92848,36.53611],[-121.9282,36.53386],[-121.92777,36.53329],[-121.92693,36.53273],[-121.92679,36.53228],[-121.92693,36.53149],[-121.92637,36.53103]],[[-121.93185,36.54491],[-121.93185,36.54491]],[[-121.98226,36.5448],[-121.98226,36.5448]],[[-121.93199,36.5448],[-121.93199,36.5448]],[[-121.93353,36.54469],[-121.93353,36.54469]],[[-121.93213,36.54469],[-121.93213,36.54469]],[[-121.93241,36.54458],[-121.93241,36.54458]],[[-121.93311,36.54446],[-121.93311,36.54446]],[[-121.93297,36.54446],[-121.93297,36.54446]],[[-121.93353,36.54412],[-121.93353,36.54412]],[[-121.93367,36.5439],[-121.93367,36.5439]],[[-121.95895,36.54288],[-121.95895,36.54288]],[[-121.98492,36.54209],[-121.98492,36.54209]],[[-121.93311,36.54153],[-121.93311,36.54153]],[[-121.93283,36.54029],[-121.93283,36.54029]],[[-121.93255,36.5395],[-121.93255,36.5395]],[[-121.95094,36.53938],[-121.95094,36.53938]],[[-121.92679,36.53194],[-121.92679,36.53194]],[[-121.94631,36.53002],[-121.94631,36.53002]],[[-121.93873,36.52945],[-121.93873,36.52945]],[[-121.96527,36.52821],[-121.96527,36.52821]],[[-121.95712,36.52821],[-121.95712,36.52821]],[[-121.93578,36.52821],[-121.93578,36.52821]],[[-121.93086,36.52787],[-121.93086,36.52787]],[[-121.94378,36.52754],[-121.94378,36.52754]],[[-121.94294,36.5272],[-121.94294,36.5272]],[[-121.92637,36.52426],[-121.92749,36.52313],[-121.92848,36.52268],[-121.92946,36.5228],[-121.9296,36.52291],[-121.9296,36.52325],[-121.9303,36.5237],[-121.93157,36.52347],[-121.93185,36.5237],[-121.93241,36.52336],[-121.93367,36.52347],[-121.93381,36.52336],[-121.93353,36.52313],[-121.93353,36.52291],[-121.93409,36.52234],[-121.93521,36.52246],[-121.93536,36.5228],[-121.93578,36.52292],[-121.93606,36.52347],[-121.93647,36.52336],[-121.93662,36.52359],[-121.93718,36.52347],[-121.93732,36.52336],[-121.93719,36.52313],[-121.93746,36.52302],[-121.93732,36.52313],[-121.93746,36.52325],[-121.9376,36.52313],[-121.93746,36.52325],[-121.9376,36.52336],[-121.93774,36.52325],[-121.93733,36.5228],[-121.93746,36.52269],[-121.93774,36.52291],[-121.93802,36.52268],[-121.93733,36.52212],[-121.9376,36.52201],[-121.93732,36.52178],[-121.93676,36.52167],[-121.93662,36.52188],[-121.93634,36.52144],[-121.93648,36.52111],[-121.93676,36.52099],[-121.93703,36.52099],[-121.93718,36.52133],[-121.9376,36.52144],[-121.93774,36.52133],[-121.9376,36.52065],[-121.93676,36.51997],[-121.93732,36.51986],[-121.93718,36.51952],[-121.9376,36.51918],[-121.93831,36.51896],[-121.93915,36.51896],[-121.94013,36.51918],[-121.94083,36.51964],[-121.94069,36.5202],[-121.93999,36.52076],[-121.93985,36.5211],[-121.94055,36.52145],[-121.94069,36.52189],[-121.94097,36.52201],[-121.94111,36.52189],[-121.94097,36.52201],[-121.94111,36.52223],[-121.94125,36.52201],[-121.94097,36.52155],[-121.94139,36.52167],[-121.94168,36.52145],[-121.9421,36.52178],[-121.94238,36.52167],[-121.94224,36.52099],[-121.94239,36.52076],[-121.94308,36.52088],[-121.94336,36.52066],[-121.94406,36.52099],[-121.94421,36.52076],[-121.94448,36.52076],[-121.94476,36.52099],[-121.94462,36.52122],[-121.94475,36.52144],[-121.9442,36.52167],[-121.94434,36.52189],[-121.94505,36.52234],[-121.9456,36.52234],[-121.94589,36.52291],[-121.94617,36.52291],[-121.94645,36.52313],[-121.94659,36.52303],[-121.94687,36.52336],[-121.94701,36.52326],[-121.94813,36.52404],[-121.94856,36.5237],[-121.94856,36.52291],[-121.94828,36.52268],[-121.94828,36.52235],[-121.9487,36.52234],[-121.94926,36.52291],[-121.94954,36.52268],[-121.9494,36.52257],[-121.94954,36.52223],[-121.9494,36.52122],[-121.94968,36.52122],[-121.95122,36.52268],[-121.95249,36.52347],[-121.95249,36.5237],[-121.95291,36.52404],[-121.95333,36.52392],[-121.9532,36.5237],[-121.95333,36.52347],[-121.95305,36.52325],[-121.95319,36.52303],[-121.95361,36.52347],[-121.95375,36.52336],[-121.95403,36.52359],[-121.95431,36.52415],[-121.95473,36.52438],[-121.95487,36.52426],[-121.95487,36.52404],[-121.95461,36.52381],[-121.95487,36.5237],[-121.95375,36.5228],[-121.95334,36.52268],[-121.95361,36.52246],[-121.95431,36.5228],[-121.95459,36.52246],[-121.95417,36.52167],[-121.95375,36.52144],[-121.95403,36.52122],[-121.95249,36.52043],[-121.95166,36.52054],[-121.95179,36.52009],[-121.9515,36.51975],[-121.95122,36.51974],[-121.95179,36.51896],[-121.95263,36.51896],[-121.95291,36.51918],[-121.95291,36.51941],[-121.95333,36.51964],[-121.95375,36.51941],[-121.95362,36.5193],[-121.95403,36.51897],[-121.95445,36.51907],[-121.95459,36.51885],[-121.95417,36.51794],[-121.95361,36.51749],[-121.95319,36.51749],[-121.95291,36.51783],[-121.95305,36.51827],[-121.95236,36.51817],[-121.95235,36.51772],[-121.95207,36.51749],[-121.95249,36.51704],[-121.95179,36.51648],[-121.95165,36.51681],[-121.95094,36.51636],[-121.95052,36.51714],[-121.95024,36.51704],[-121.94996,36.51715],[-121.94955,36.51693],[-121.94982,36.51682],[-121.94996,36.51636],[-121.94954,36.51613],[-121.94954,36.51569],[-121.94912,36.51546],[-121.94898,36.51579],[-121.94884,36.51579],[-121.94884,36.51557],[-121.94813,36.5149],[-121.94799,36.51399],[-121.94771,36.51377],[-121.94757,36.51399],[-121.94729,36.51343],[-121.94687,36.51354],[-121.94659,36.5132],[-121.94561,36.51331],[-121.94561,36.51298],[-121.94533,36.51275],[-121.94505,36.51275],[-121.9442,36.5132],[-121.94378,36.51298],[-121.94378,36.51242],[-121.94434,36.51275],[-121.94462,36.51253],[-121.94364,36.51185],[-121.94322,36.51195],[-121.94294,36.51174],[-121.94252,36.51174],[-121.94224,36.51195],[-121.9421,36.51185],[-121.94238,36.51162],[-121.94225,36.51151],[-121.94252,36.5114],[-121.94168,36.51128],[-121.94168,36.51084],[-121.94196,36.51061],[-121.94168,36.51038],[-121.94196,36.51016],[-121.94196,36.50994],[-121.94238,36.51004],[-121.94252,36.50993],[-121.94239,36.50982],[-121.94266,36.50971],[-121.94224,36.50958],[-121.94224,36.50937],[-121.94197,36.50914],[-121.94238,36.50925],[-121.94266,36.50903],[-121.94224,36.50858],[-121.94196,36.50879],[-121.94154,36.50835],[-121.94112,36.50846],[-121.94097,36.50824],[-121.9407,36.50824],[-121.94069,36.50801],[-121.94097,36.5079],[-121.9421,36.50801],[-121.94224,36.5079],[-121.94224,36.50746],[-121.94252,36.50767],[-121.94266,36.50756],[-121.94225,36.50711],[-121.94238,36.50688],[-121.94182,36.50643],[-121.94125,36.50688],[-121.94111,36.50666],[-121.94055,36.50677],[-121.94041,36.50688],[-121.94054,36.507],[-121.93985,36.50688],[-121.93943,36.507],[-121.93873,36.50632],[-121.93915,36.50587],[-121.93915,36.50564],[-121.9386,36.50553],[-121.93859,36.5053],[-121.93804,36.50485],[-121.93845,36.5044],[-121.93901,36.50418],[-121.93888,36.50384],[-121.93915,36.50384],[-121.93943,36.50361],[-121.93943,36.50339],[-121.93915,36.50316],[-121.93887,36.50327],[-121.93901,36.50282],[-121.93873,36.50237],[-121.93859,36.50136],[-121.93887,36.50158],[-121.93929,36.50147],[-121.93957,36.50203],[-121.94013,36.50192],[-121.94027,36.50181],[-121.94027,36.50102],[-121.94055,36.50079],[-121.94055,36.50023],[-121.93985,36.49955],[-121.93944,36.49966],[-121.93929,36.49944],[-121.93915,36.49954],[-121.93887,36.4991],[-121.93817,36.49876],[-121.93788,36.49876],[-121.9376,36.49932],[-121.93746,36.49932],[-121.93718,36.49887],[-121.93662,36.49865],[-121.93676,36.49798],[-121.93774,36.49752],[-121.93915,36.49729],[-121.93915,36.49684],[-121.93985,36.49662],[-121.94027,36.49628],[-121.94013,36.49549],[-121.93985,36.49504],[-121.94083,36.49537],[-121.94111,36.49515],[-121.94111,36.49458],[-121.94196,36.49402],[-121.94225,36.49334],[-121.94266,36.49346],[-121.94294,36.49313],[-121.94308,36.49357],[-121.94322,36.49346],[-121.94322,36.49312],[-121.9435,36.4929],[-121.94448,36.49334],[-121.94476,36.49312],[-121.94476,36.49256],[-121.94519,36.49221],[-121.94463,36.49165],[-121.94575,36.49097]],[[-121.92651,36.52415],[-121.92651,36.52415]],[[-121.92665,36.52392],[-121.92665,36.52392]],[[-121.92679,36.52381],[-121.92679,36.52381]],[[-121.92693,36.5237],[-121.92693,36.5237]],[[-121.93199,36.52359],[-121.93199,36.52359]],[[-121.93072,36.52359],[-121.93072,36.52359]],[[-121.95319,36.52336],[-121.95319,36.52336]],[[-121.93676,36.52347],[-121.93676,36.52347]],[[-121.93213,36.52347],[-121.93213,36.52347]],[[-121.93114,36.52347],[-121.93114,36.52347]],[[-121.92707,36.52347],[-121.92707,36.52347]],[[-121.95375,36.52336],[-121.95375,36.52336]],[[-121.95292,36.52325],[-121.95305,36.52325],[-121.95292,36.52325]],[[-121.93634,36.52336],[-121.93634,36.52336]],[[-121.93367,36.52325],[-121.93367,36.52325]],[[-121.93241,36.52336],[-121.93241,36.52336]],[[-121.92721,36.52336],[-121.92721,36.52336]],[[-121.93353,36.52313],[-121.93353,36.52313]],[[-121.92735,36.52325],[-121.92735,36.52325]],[[-121.92749,36.52313],[-121.92749,36.52313]],[[-121.92777,36.52302],[-121.92777,36.52302]],[[-121.94842,36.5228],[-121.94842,36.5228]],[[-121.93353,36.52291],[-121.93353,36.52291]],[[-121.92792,36.52291],[-121.92792,36.52291]],[[-121.9494,36.5228],[-121.9494,36.5228]],[[-121.94828,36.52268],[-121.94828,36.52268]],[[-121.93788,36.5228],[-121.93788,36.5228]],[[-121.9282,36.5228],[-121.9282,36.5228]],[[-121.95417,36.52268],[-121.95417,36.52268]],[[-121.94927,36.52257],[-121.9494,36.52257],[-121.94927,36.52257]],[[-121.93788,36.52257],[-121.93788,36.52257]],[[-121.93367,36.52268],[-121.93367,36.52268]],[[-121.92848,36.52268],[-121.92848,36.52268]],[[-121.95445,36.52257],[-121.95445,36.52257]],[[-121.95389,36.52257],[-121.95389,36.52257]],[[-121.93774,36.52246],[-121.93774,36.52246]],[[-121.93381,36.52257],[-121.93381,36.52257]],[[-121.95361,36.52246],[-121.95361,36.52246]],[[-121.9376,36.52234],[-121.9376,36.52234]],[[-121.93395,36.52246],[-121.93395,36.52246]],[[-121.93746,36.52223],[-121.93746,36.52223]],[[-121.93409,36.52234],[-121.93409,36.52234]],[[-121.93746,36.52189],[-121.93746,36.52189]],[[-121.9369,36.52178],[-121.9369,36.52178]],[[-121.94097,36.52167],[-121.94097,36.52167]],[[-121.93648,36.52167],[-121.93648,36.52167]],[[-121.9494,36.52155],[-121.9494,36.52155]],[[-121.94224,36.52144],[-121.94224,36.52144]],[[-121.94154,36.52155],[-121.94154,36.52155]],[[-121.94097,36.52155],[-121.94097,36.52155]],[[-121.93634,36.52144],[-121.93634,36.52144]],[[-121.95375,36.52144],[-121.95375,36.52144]],[[-121.95389,36.52133],[-121.95389,36.52133]],[[-121.93634,36.52133],[-121.93634,36.52133]],[[-121.94224,36.52099],[-121.94224,36.52099]],[[-121.93676,36.52099],[-121.93676,36.52099]],[[-121.9376,36.52076],[-121.9376,36.52076]],[[-121.94322,36.52076],[-121.94322,36.52076]],[[-121.93746,36.52054],[-121.93746,36.52054]],[[-121.93718,36.52043],[-121.93718,36.52043]],[[-121.93704,36.52031],[-121.93704,36.52031]],[[-121.9369,36.5202],[-121.9369,36.5202]],[[-121.93676,36.52009],[-121.93676,36.52009]],[[-121.93676,36.51997],[-121.93676,36.51997]],[[-121.9369,36.51986],[-121.9369,36.51986]],[[-121.93718,36.51964],[-121.93718,36.51964]],[[-121.95122,36.51964],[-121.95122,36.51964]],[[-121.95361,36.51952],[-121.95361,36.51952]],[[-121.95319,36.51952],[-121.95319,36.51952]],[[-121.93718,36.51952],[-121.93718,36.51952]],[[-121.95136,36.51941],[-121.95136,36.51941]],[[-121.93732,36.51941],[-121.93732,36.51941]],[[-121.9515,36.5193],[-121.9515,36.5193]],[[-121.93746,36.5193],[-121.93746,36.5193]],[[-121.95389,36.51918],[-121.95389,36.51918]],[[-121.95291,36.51918],[-121.95291,36.51918]],[[-121.9376,36.51918],[-121.9376,36.51918]],[[-121.95277,36.51907],[-121.95277,36.51907]],[[-121.95165,36.51907],[-121.95165,36.51907]],[[-121.93788,36.51907],[-121.93788,36.51907]],[[-121.95263,36.51896],[-121.95263,36.51896]],[[-121.95179,36.51896],[-121.95179,36.51896]],[[-121.93831,36.51896],[-121.93831,36.51896]],[[-121.95305,36.51794],[-121.95305,36.51794]],[[-121.95207,36.51749],[-121.95207,36.51749]],[[-121.95221,36.51727],[-121.95221,36.51727]],[[-121.95235,36.51715],[-121.95235,36.51715]],[[-121.94982,36.5167],[-121.94982,36.5167]],[[-121.97046,36.51636],[-121.97046,36.51636]],[[-121.9706,36.51625],[-121.9706,36.51625]],[[-121.94448,36.51264],[-121.94448,36.51264]],[[-121.9442,36.51264],[-121.9442,36.51264]],[[-121.94406,36.51253],[-121.94406,36.51253]],[[-121.94168,36.51038],[-121.94168,36.51038]],[[-121.94182,36.51027],[-121.94182,36.51027]],[[-121.94252,36.50914],[-121.94252,36.50914]],[[-121.94224,36.50914],[-121.94224,36.50914]],[[-121.94069,36.50801],[-121.94069,36.50801]],[[-121.94168,36.5079],[-121.94168,36.5079]],[[-121.94154,36.5079],[-121.94154,36.5079]],[[-121.94097,36.5079],[-121.94097,36.5079]],[[-121.94083,36.5079],[-121.94083,36.5079]],[[-121.94125,36.50778],[-121.94112,36.50767],[-121.94125,36.50778]],[[-121.9435,36.50756],[-121.9442,36.507],[-121.94378,36.50632],[-121.94364,36.50621],[-121.94336,36.50631],[-121.94294,36.50598],[-121.9428,36.50609],[-121.9428,36.50711],[-121.9435,36.50756]],[[-121.94238,36.50756],[-121.94238,36.50756]],[[-121.94364,36.50745],[-121.94364,36.50745]],[[-121.94336,36.50745],[-121.94336,36.50745]],[[-121.94392,36.50734],[-121.94392,36.50734]],[[-121.94308,36.50734],[-121.94308,36.50734]],[[-121.94294,36.50722],[-121.94294,36.50722]],[[-121.94168,36.50711],[-121.94181,36.50711],[-121.94139,36.507],[-121.94141,36.50711],[-121.94168,36.50711]],[[-121.94406,36.50711],[-121.94406,36.50711]],[[-121.94139,36.507],[-121.94139,36.507]],[[-121.93873,36.50621],[-121.93873,36.50621]],[[-121.93887,36.50609],[-121.93887,36.50609]],[[-121.93901,36.50598],[-121.93901,36.50598]],[[-121.93817,36.50463],[-121.93817,36.50463]],[[-121.93831,36.50451],[-121.93831,36.50451]],[[-121.93845,36.5044],[-121.93845,36.5044]],[[-121.93873,36.50429],[-121.93873,36.50429]],[[-121.93929,36.50372],[-121.93929,36.50372]],[[-121.98422,36.50312],[-121.98436,36.50282],[-121.98408,36.50274],[-121.98405,36.50305],[-121.98422,36.50312]],[[-121.93887,36.50316],[-121.93887,36.50316]],[[-121.98492,36.50244],[-121.985,36.50226],[-121.98478,36.50215],[-121.98478,36.50244],[-121.98492,36.50244]],[[-121.98296,36.50193],[-121.98312,36.50181],[-121.98296,36.50168],[-121.98263,36.50181],[-121.98296,36.50193]],[[-121.93999,36.50192],[-121.93999,36.50192]],[[-121.98394,36.50162],[-121.98412,36.50147],[-121.98394,36.5012],[-121.98379,36.50135],[-121.98394,36.50162]],[[-121.93943,36.50158],[-121.93943,36.50158]],[[-121.93929,36.50147],[-121.93929,36.50147]],[[-121.93915,36.50147],[-121.93915,36.50147]],[[-121.93873,36.50147],[-121.93873,36.50147]],[[-121.94027,36.50102],[-121.94027,36.50102]],[[-121.98268,36.5009],[-121.983,36.50057],[-121.98282,36.5004],[-121.98241,36.50057],[-121.98244,36.50079],[-121.98268,36.5009]],[[-121.94041,36.5009],[-121.94041,36.5009]],[[-121.98113,36.50014],[-121.9813,36.5],[-121.98107,36.5],[-121.98113,36.50014]],[[-121.98057,36.49907],[-121.98065,36.49865],[-121.98125,36.49831],[-121.98099,36.49762],[-121.98043,36.49756],[-121.98001,36.49719],[-121.97917,36.49688],[-121.97818,36.49668],[-121.97783,36.49684],[-121.97782,36.49729],[-121.97902,36.49808],[-121.97914,36.49853],[-121.97959,36.49878],[-121.98029,36.49859],[-121.98057,36.49907]],[[-121.93662,36.49831],[-121.93662,36.49831]],[[-121.93704,36.49786],[-121.93704,36.49786]],[[-121.93718,36.49774],[-121.93718,36.49774]],[[-121.93746,36.49763],[-121.93746,36.49763]],[[-121.93774,36.49752],[-121.93774,36.49752]],[[-121.93845,36.49741],[-121.93845,36.49741]],[[-121.97776,36.49695],[-121.97776,36.49695]],[[-121.93915,36.49684],[-121.93915,36.49684]],[[-121.93929,36.49673],[-121.93929,36.49673]],[[-121.93971,36.49662],[-121.93971,36.49662]],[[-121.93999,36.4965],[-121.93999,36.4965]],[[-121.94013,36.49639],[-121.94013,36.49639]],[[-121.97804,36.49574],[-121.97858,36.49515],[-121.97813,36.4947],[-121.97678,36.49458],[-121.97643,36.49481],[-121.97758,36.49526],[-121.97759,36.4956],[-121.97804,36.49574]],[[-121.94097,36.49526],[-121.94097,36.49526]],[[-121.94041,36.49526],[-121.94041,36.49526]],[[-121.94027,36.49515],[-121.94027,36.49515]],[[-121.93999,36.49504],[-121.93999,36.49504]],[[-121.94111,36.49458],[-121.94111,36.49458]],[[-121.94125,36.49447],[-121.94125,36.49447]],[[-121.94154,36.49436],[-121.94154,36.49436]],[[-121.94168,36.49425],[-121.94168,36.49425]],[[-121.94182,36.49413],[-121.94182,36.49413]],[[-121.94196,36.49391],[-121.94196,36.49391]],[[-121.97959,36.49357],[-121.97937,36.49346],[-121.97959,36.49346],[-121.97959,36.49357]],[[-121.9421,36.49368],[-121.9421,36.49368]],[[-121.94252,36.49334],[-121.94252,36.49334]],[[-121.94462,36.49323],[-121.94462,36.49323]],[[-121.9442,36.49323],[-121.9442,36.49323]],[[-121.9428,36.49323],[-121.9428,36.49323]],[[-121.94406,36.49312],[-121.94406,36.49312]],[[-121.94322,36.49312],[-121.94322,36.49312]],[[-121.94392,36.493],[-121.94392,36.493]],[[-121.94336,36.493],[-121.94336,36.493]],[[-121.94505,36.49233],[-121.94505,36.49233]],[[-121.94476,36.49154],[-121.94476,36.49154]],[[-121.94491,36.49142],[-121.94491,36.49142]],[[-121.94519,36.49131],[-121.94519,36.49131]],[[-121.94547,36.4912],[-121.94547,36.4912]],[[-121.94561,36.49109],[-121.94561,36.49109]]]},"properties":{"depth_m":100}},{"type":"Feature","geometry":{"type":"MultiLineString","coordinates":[[[-121.98731,36.54503],[-121.98683,36.54379],[-121.9869,36.54288],[-121.98617,36.54221],[-121.98583,36.54164],[-121.9852,36.54136],[-121.98478,36.5415],[-121.98394,36.54237],[-121.98338,36.54348],[-121.98195,36.54401],[-121.98194,36.54458],[-121.98143,36.54503]],[[-121.95722,36.54503],[-121.95923,36.54403],[-121.95966,36.54367],[-121.95932,36.543],[-121.95933,36.54221],[-121.9597,36.54164],[-121.95974,36.54119],[-121.95937,36.54067],[-121.95853,36.5404],[-121.95712,36.54069],[-121.95586,36.5398],[-121.95564,36.53905],[-121.95459,36.53834],[-121.95263,36.53901],[-121.9515,36.53909],[-121.95076,36.53893],[-121.95037,36.53927],[-121.95034,36.53995],[-121.9502,36.54006],[-121.94968,36.54025],[-121.94882,36.54017],[-121.94837,36.53984],[-121.94828,36.53948],[-121.94769,36.53938],[-121.9475,36.53893],[-121.94687,36.53848],[-121.94617,36.53831],[-121.94563,36.53859],[-121.94498,36.53826],[-121.94482,36.53769],[-121.94462,36.53753],[-121.94293,36.5369],[-121.94295,36.53668],[-121.94416,36.536],[-121.94336,36.53536],[-121.94265,36.53521],[-121.94252,36.53434],[-121.94186,36.53386],[-121.94055,36.53348],[-121.93887,36.5325],[-121.93788,36.53238],[-121.93746,36.53207],[-121.93662,36.53228],[-121.93564,36.53214],[-121.9349,36.53228],[-121.93477,36.53216],[-121.93494,36.5319],[-121.93563,36.53137],[-121.93522,36.53098],[-121.93466,36.53102],[-121.93423,36.53131],[-121.93402,36.53115],[-121.93406,36.53092],[-121.93478,36.53013],[-121.93473,36.52991],[-121.93367,36.52927],[-121.93297,36.52857],[-121.93255,36.52852],[-121.93206,36.52821],[-121.93162,36.52776],[-121.93159,36.52754],[-121.93199,36.52725],[-121.93395,36.52758],[-121.93746,36.52941],[-121.93943,36.52995],[-121.94027,36.52955],[-121.94104,36.53024],[-121.94139,36.53037],[-121.94196,36.53016],[-121.94238,36.53038],[-121.94263,36.53024],[-121.94274,36.5281],[-121.94308,36.52779],[-121.94336,36.52781],[-121.94473,36.52866],[-121.94557,36.52945],[-121.94603,36.53024],[-121.94701,36.53097],[-121.94842,36.5311],[-121.94954,36.53165],[-121.94997,36.5316],[-121.9502,36.53137],[-121.95015,36.53058],[-121.95038,36.53038],[-121.95183,36.52979],[-121.95221,36.52945],[-121.95263,36.52946],[-121.95319,36.52915],[-121.95361,36.52924],[-121.95376,36.52912],[-121.95383,36.52844],[-121.95445,36.52822],[-121.95485,36.52844],[-121.95516,36.52889],[-121.9581,36.52833],[-121.95853,36.52919],[-121.95895,36.52938],[-121.95979,36.52862],[-121.96063,36.52914],[-121.96119,36.52901],[-121.96153,36.52866],[-121.96136,36.52765],[-121.96161,36.52756],[-121.96274,36.52782],[-121.9633,36.52811],[-121.96442,36.52817],[-121.96582,36.52878],[-121.96625,36.52922],[-121.96644,36.52855],[-121.96639,36.52776],[-121.96667,36.52766],[-121.96793,36.52794],[-121.96878,36.52854],[-121.9699,36.52894],[-121.97046,36.52897],[-121.97193,36.52833],[-121.97191,36.52754],[-121.97283,36.52675],[-121.97411,36.52689],[-121.97472,36.52652],[-121.9746,36.52596],[-121.97481,36.52574],[-121.97566,36.52548],[-121.97636,36.52505],[-121.97722,36.52494],[-121.97821,36.52392],[-121.97817,36.52336],[-121.97706,36.52241],[-121.97636,36.52158],[-121.97374,36.5202],[-121.97258,36.51986],[-121.97211,36.51907],[-121.9721,36.51828],[-121.97116,36.5179],[-121.97073,36.51738],[-121.97081,36.51693],[-121.97145,36.51614],[-121.97185,36.51535],[-121.97324,36.51411],[-121.97361,36.51343],[-121.97281,36.51264],[-121.97276,36.51219],[-121.97172,36.50972],[-121.96929,36.50869],[-121.96848,36.50801],[-121.96846,36.50779],[-121.96906,36.50678],[-121.96923,36.50609],[-121.96887,36.50564],[-121.9687,36.50485],[-121.96901,36.50384],[-121.9691,36.50271],[-121.96865,36.50124],[-121.96906,36.50045],[-121.97029,36.49978],[-121.97144,36.49961],[-121.97229,36.49984],[-121.97397,36.50125],[-121.9779,36.5038],[-121.97929,36.50463],[-121.97992,36.50474],[-121.98071,36.50527],[-121.98155,36.50551],[-121.98242,36.50598],[-121.98488,36.50824],[-121.98488,36.50858],[-121.98549,36.50956],[-121.98591,36.50966],[-121.98703,36.50904],[-121.98843,36.50891],[-121.98956,36.50971],[-121.98929,36.51038],[-121.98942,36.51048],[-121.9897,36.51035],[-121.99004,36.50993],[-121.99009,36.50925],[-121.98991,36.50835],[-121.98928,36.50698],[-121.98853,36.50621],[-121.98829,36.50554],[-121.98694,36.50361],[-121.98663,36.50237],[-121.98619,36.50155],[-121.98529,36.50045],[-121.98509,36.49944],[-121.98388,36.49774],[-121.98366,36.49707],[-121.98262,36.49537],[-121.98217,36.49391],[-121.98213,36.49289],[-121.98174,36.49097]],[[-121.93171,36.54503],[-121.93213,36.54469],[-121.93297,36.54446],[-121.93367,36.5448],[-121.93381,36.54469],[-121.93367,36.54446],[-121.93339,36.54458],[-121.93381,36.54379],[-121.93381,36.54345],[-121.93325,36.543],[-121.93325,36.54209],[-121.93297,36.54164],[-121.93325,36.54142],[-121.93325,36.54096],[-121.93283,36.54051],[-121.93297,36.53995],[-121.93255,36.53984],[-121.93255,36.5395],[-121.93269,36.53938],[-121.93255,36.53927],[-121.93185,36.53927],[-121.93086,36.53961],[-121.93044,36.53938],[-121.92904,36.5378],[-121.92862,36.53701],[-121.92862,36.53622],[-121.92848,36.53611],[-121.9282,36.53386],[-121.92777,36.53329],[-121.92693,36.53273],[-121.92679,36.53228],[-121.92693,36.53149],[-121.92637,36.53103]],[[-121.93185,36.54491],[-121.93185,36.54491]],[[-121.93199,36.5448],[-121.93199,36.5448]],[[-121.93353,36.54469],[-121.93353,36.54469]],[[-121.93213,36.54469],[-121.93213,36.54469]],[[-121.93241,36.54458],[-121.93241,36.54458]],[[-121.93311,36.54446],[-121.93311,36.54446]],[[-121.93297,36.54446],[-121.93297,36.54446]],[[-121.93353,36.54412],[-121.93353,36.54412]],[[-121.93367,36.5439],[-121.93367,36.5439]],[[-121.93297,36.54164],[-121.93297,36.54164]],[[-121.93311,36.54153],[-121.93311,36.54153]],[[-121.93283,36.54029],[-121.93283,36.54029]],[[-121.93255,36.5395],[-121.93255,36.5395]],[[-121.92679,36.53194],[-121.92679,36.53194]],[[-121.94603,36.53024],[-121.94603,36.53024]],[[-121.94266,36.52945],[-121.94266,36.52945]],[[-121.95951,36.52878],[-121.95951,36.52878]],[[-121.95965,36.52866],[-121.95965,36.52866]],[[-121.9713,36.52855],[-121.9713,36.52855]],[[-121.95824,36.52844],[-121.95824,36.52844]],[[-121.93522,36.52821],[-121.93522,36.52821]],[[-121.96639,36.52776],[-121.96639,36.52776]],[[-121.9758,36.52539],[-121.9758,36.52539]],[[-121.97594,36.52528],[-121.97594,36.52528]],[[-121.92637,36.52426],[-121.92749,36.52313],[-121.92848,36.52268],[-121.92946,36.5228],[-121.9296,36.52291],[-121.9296,36.52325],[-121.9303,36.5237],[-121.93157,36.52347],[-121.93185,36.5237],[-121.93241,36.52336],[-121.93367,36.52347],[-121.93381,36.52336],[-121.93353,36.52313],[-121.93353,36.52291],[-121.93409,36.52234],[-121.93522,36.52246],[-121.9355,36.52291],[-121.93578,36.52291],[-121.93578,36.52313],[-121.93606,36.52347],[-121.93648,36.52336],[-121.93662,36.52359],[-121.93718,36.52347],[-121.93732,36.52325],[-121.93718,36.52313],[-121.93746,36.52302],[-121.93732,36.52313],[-121.93746,36.52325],[-121.9376,36.52313],[-121.93746,36.52325],[-121.9376,36.52336],[-121.93774,36.52325],[-121.93732,36.5228],[-121.93746,36.52268],[-121.93774,36.52291],[-121.93802,36.52268],[-121.93732,36.52212],[-121.9376,36.52201],[-121.93732,36.52178],[-121.93676,36.52167],[-121.93662,36.52189],[-121.93634,36.52144],[-121.93648,36.5211],[-121.93676,36.52099],[-121.93704,36.52099],[-121.93718,36.52133],[-121.9376,36.52144],[-121.93774,36.52133],[-121.9376,36.52065],[-121.93676,36.51997],[-121.93732,36.51986],[-121.93718,36.51952],[-121.9376,36.51918],[-121.93831,36.51896],[-121.93915,36.51896],[-121.94013,36.51918],[-121.94083,36.51964],[-121.94069,36.5202],[-121.93999,36.52076],[-121.93985,36.5211],[-121.94055,36.52144],[-121.94055,36.52178],[-121.94069,36.52189],[-121.94097,36.52201],[-121.94111,36.52189],[-121.94097,36.52201],[-121.94111,36.52223],[-121.94125,36.52201],[-121.94097,36.52155],[-121.94139,36.52167],[-121.94168,36.52144],[-121.9421,36.52178],[-121.94238,36.52167],[-121.94224,36.5211],[-121.94238,36.52076],[-121.94308,36.52088],[-121.94336,36.52065],[-121.94406,36.52099],[-121.9442,36.52076],[-121.94448,36.52076],[-121.94476,36.52099],[-121.94462,36.52122],[-121.94476,36.52144],[-121.94448,36.52167],[-121.94434,36.52155],[-121.9442,36.52167],[-121.94434,36.52178],[-121.94448,36.52167],[-121.94434,36.52189],[-121.94505,36.52234],[-121.94561,36.52234],[-121.94561,36.52257],[-121.94589,36.52291],[-121.94617,36.52291],[-121.94645,36.52313],[-121.94659,36.52302],[-121.94687,36.52336],[-121.94701,36.52325],[-121.94813,36.52404],[-121.94856,36.5237],[-121.94856,36.52291],[-121.94828,36.52268],[-121.94828,36.52234],[-121.9487,36.52234],[-121.94898,36.52268],[-121.9494,36.52257],[-121.94912,36.52268],[-121.94926,36.52291],[-121.94954,36.52268],[-121.9494,36.52257],[-121.94954,36.52223],[-121.9494,36.52122],[-121.94968,36.52122],[-121.95122,36.52268],[-121.95249,36.52347],[-121.95249,36.5237],[-121.95291,36.52404],[-121.95333,36.52392],[-121.95319,36.5237],[-121.95333,36.52347],[-121.95305,36.52325],[-121.95319,36.52302],[-121.95347,36.52336],[-121.95361,36.52325],[-121.95347,36.52336],[-121.95361,36.52347],[-121.95375,36.52336],[-121.95403,36.52359],[-121.95431,36.52415],[-121.95473,36.52438],[-121.95487,36.52426],[-121.95487,36.52404],[-121.95459,36.52381],[-121.95487,36.5237],[-121.95375,36.5228],[-121.95333,36.52268],[-121.95361,36.52246],[-121.95431,36.5228],[-121.95459,36.52246],[-121.95417,36.52167],[-121.95375,36.52144],[-121.95403,36.52122],[-121.95249,36.52043],[-121.9515,36.52054],[-121.95179,36.52043],[-121.95179,36.52009],[-121.9515,36.51975],[-121.95122,36.51975],[-121.95179,36.51896],[-121.95263,36.51896],[-121.95291,36.51918],[-121.95291,36.51941],[-121.95333,36.51964],[-121.95375,36.51941],[-121.95361,36.5193],[-121.95403,36.51896],[-121.95445,36.51907],[-121.95459,36.51885],[-121.95417,36.51794],[-121.95361,36.51749],[-121.95319,36.51749],[-121.95291,36.51783],[-121.95305,36.51794],[-121.95305,36.51828],[-121.95235,36.51817],[-121.95235,36.51772],[-121.95207,36.51749],[-121.95249,36.51704],[-121.95179,36.51648],[-121.95165,36.5167],[-121.95179,36.51682],[-121.95165,36.51682],[-121.95094,36.51636],[-121.95052,36.51715],[-121.95024,36.51704],[-121.94996,36.51715],[-121.94968,36.51693],[-121.9494,36.51704],[-121.94982,36.51682],[-121.94996,36.51636],[-121.94954,36.51614],[-121.94954,36.51569],[-121.94926,36.51546],[-121.94884,36.5158],[-121.94884,36.51557],[-121.94813,36.5149],[-121.94799,36.51399],[-121.94771,36.51377],[-121.94757,36.51411],[-121.94729,36.51343],[-121.94687,36.51354],[-121.94659,36.5132],[-121.94575,36.5132],[-121.94561,36.51354],[-121.94561,36.51298],[-121.94533,36.51275],[-121.94505,36.51275],[-121.9442,36.5132],[-121.94378,36.51298],[-121.94378,36.51241],[-121.94434,36.51275],[-121.94462,36.51253],[-121.94364,36.51185],[-121.94322,36.51196],[-121.94294,36.51174],[-121.94252,36.51174],[-121.94224,36.51196],[-121.9421,36.51185],[-121.94238,36.51162],[-121.94196,36.51151],[-121.94252,36.5114],[-121.94168,36.51129],[-121.94168,36.51083],[-121.94196,36.51061],[-121.94168,36.51038],[-121.94196,36.51016],[-121.94196,36.50993],[-121.94238,36.51004],[-121.94252,36.50993],[-121.94238,36.50982],[-121.94266,36.50971],[-121.94224,36.50959],[-121.94224,36.50937],[-121.94196,36.50914],[-121.94238,36.50925],[-121.94266,36.50903],[-121.94224,36.50858],[-121.94196,36.5088],[-121.94154,36.50835],[-121.94111,36.50846],[-121.94097,36.50824],[-121.94069,36.50824],[-121.94069,36.50801],[-121.94097,36.5079],[-121.9421,36.50801],[-121.94224,36.5079],[-121.94224,36.50756],[-121.9421,36.50745],[-121.94252,36.50767],[-121.94266,36.50756],[-121.94224,36.50711],[-121.94238,36.50688],[-121.94182,36.50643],[-121.94125,36.50688],[-121.94111,36.50666],[-121.94055,36.50677],[-121.94041,36.50688],[-121.94055,36.50711],[-121.94013,36.50688],[-121.93943,36.507],[-121.93873,36.50632],[-121.93915,36.50587],[-121.93915,36.50564],[-121.93859,36.50553],[-121.93859,36.5053],[-121.93802,36.50485],[-121.93845,36.5044],[-121.93901,36.50418],[-121.93887,36.50372],[-121.93915,36.50384],[-121.93943,36.50361],[-121.93943,36.50339],[-121.93915,36.50316],[-121.93887,36.50327],[-121.93901,36.50282],[-121.93873,36.50237],[-121.93859,36.50135],[-121.93887,36.50158],[-121.93929,36.50147],[-121.93957,36.50203],[-121.94013,36.50192],[-121.94027,36.50181],[-121.94027,36.50102],[-121.94055,36.50079],[-121.94055,36.50023],[-121.93985,36.49955],[-121.93943,36.49966],[-121.93929,36.49944],[-121.93915,36.49955],[-121.93887,36.4991],[-121.93817,36.49876],[-121.93788,36.49876],[-121.9376,36.4991],[-121.9376,36.49932],[-121.93746,36.49932],[-121.93718,36.49887],[-121.93662,36.49865],[-121.93676,36.49797],[-121.93774,36.49752],[-121.93915,36.49729],[-121.93915,36.49684],[-121.93985,36.49662],[-121.94027,36.49628],[-121.94013,36.49549],[-121.93985,36.49504],[-121.94083,36.49537],[-121.94111,36.49515],[-121.94111,36.49458],[-121.94196,36.49402],[-121.94224,36.49334],[-121.94266,36.49346],[-121.94294,36.49312],[-121.94294,36.49346],[-121.94308,36.49357],[-121.94322,36.49346],[-121.94322,36.49312],[-121.9435,36.49289],[-121.94448,36.49334],[-121.94476,36.49312],[-121.94476,36.49255],[-121.94519,36.49221],[-121.94462,36.49165],[-121.94575,36.49097]],[[-121.92651,36.52415],[-121.92651,36.52415]],[[-121.92665,36.52392],[-121.92665,36.52392]],[[-121.95459,36.52381],[-121.95459,36.52381]],[[-121.95319,36.5237],[-121.95319,36.5237]],[[-121.94828,36.52381],[-121.94828,36.52381]],[[-121.92679,36.52381],[-121.92679,36.52381]],[[-121.92693,36.5237],[-121.92693,36.5237]],[[-121.93199,36.52359],[-121.93199,36.52359]],[[-121.93072,36.52359],[-121.93072,36.52359]],[[-121.95319,36.52336],[-121.95319,36.52336]],[[-121.93676,36.52347],[-121.93676,36.52347]],[[-121.93213,36.52347],[-121.93213,36.52347]],[[-121.93114,36.52347],[-121.93114,36.52347]],[[-121.92707,36.52347],[-121.92707,36.52347]],[[-121.95375,36.52336],[-121.95375,36.52336]],[[-121.95305,36.52325],[-121.95277,36.52313],[-121.95305,36.52325]],[[-121.93634,36.52336],[-121.93634,36.52336]],[[-121.93367,36.52325],[-121.93367,36.52325]],[[-121.93241,36.52336],[-121.93241,36.52336]],[[-121.92721,36.52336],[-121.92721,36.52336]],[[-121.95361,36.52325],[-121.95361,36.52313],[-121.95361,36.52325]],[[-121.94701,36.52325],[-121.94701,36.52325]],[[-121.93718,36.52313],[-121.93718,36.52313]],[[-121.93353,36.52313],[-121.93353,36.52313]],[[-121.92735,36.52325],[-121.92735,36.52325]],[[-121.95361,36.52313],[-121.95361,36.52313]],[[-121.95291,36.52313],[-121.95291,36.52313]],[[-121.95277,36.52313],[-121.95277,36.52313]],[[-121.95263,36.52302],[-121.95263,36.52302]],[[-121.92749,36.52313],[-121.92749,36.52313]],[[-121.95319,36.52302],[-121.95319,36.52302]],[[-121.95249,36.52291],[-121.95249,36.52291]],[[-121.94659,36.52302],[-121.94659,36.52302]],[[-121.92777,36.52302],[-121.92777,36.52302]],[[-121.94842,36.5228],[-121.94842,36.5228]],[[-121.93732,36.5228],[-121.93732,36.5228]],[[-121.93353,36.52291],[-121.93353,36.52291]],[[-121.92792,36.52291],[-121.92792,36.52291]],[[-121.9494,36.5228],[-121.9494,36.5228]],[[-121.94828,36.52268],[-121.94828,36.52268]],[[-121.93788,36.5228],[-121.93788,36.5228]],[[-121.9282,36.5228],[-121.9282,36.5228]],[[-121.95417,36.52268],[-121.95417,36.52268]],[[-121.95333,36.52268],[-121.95333,36.52268]],[[-121.95319,36.52257],[-121.95319,36.52257]],[[-121.93788,36.52257],[-121.93788,36.52257]],[[-121.93746,36.52268],[-121.93746,36.52268]],[[-121.93367,36.52268],[-121.93367,36.52268]],[[-121.92848,36.52268],[-121.92848,36.52268]],[[-121.95445,36.52257],[-121.95445,36.52257]],[[-121.95389,36.52257],[-121.95389,36.52257]],[[-121.95291,36.52246],[-121.95291,36.52246]],[[-121.94926,36.52257],[-121.94926,36.52257]],[[-121.93774,36.52246],[-121.93774,36.52246]],[[-121.93381,36.52257],[-121.93381,36.52257]],[[-121.95361,36.52246],[-121.95361,36.52246]],[[-121.95347,36.52246],[-121.95347,36.52246]],[[-121.9376,36.52234],[-121.9376,36.52234]],[[-121.93395,36.52246],[-121.93395,36.52246]],[[-121.94828,36.52234],[-121.94828,36.52234]],[[-121.93746,36.52223],[-121.93746,36.52223]],[[-121.93409,36.52234],[-121.93409,36.52234]],[[-121.93732,36.52212],[-121.93732,36.52212]],[[-121.93704,36.52201],[-121.93704,36.52201]],[[-121.93746,36.52189],[-121.93746,36.52189]],[[-121.9369,36.52178],[-121.9369,36.52178]],[[-121.94097,36.52167],[-121.94097,36.52167]],[[-121.93648,36.52167],[-121.93648,36.52167]],[[-121.9494,36.52155],[-121.9494,36.52155]],[[-121.94224,36.52144],[-121.94224,36.52144]],[[-121.94154,36.52155],[-121.94154,36.52155]],[[-121.94097,36.52155],[-121.94097,36.52155]],[[-121.94083,36.52144],[-121.94083,36.52144]],[[-121.93634,36.52144],[-121.93634,36.52144]],[[-121.95375,36.52144],[-121.95375,36.52144]],[[-121.95361,36.52133],[-121.95347,36.52133],[-121.95361,36.52133]],[[-121.94168,36.52144],[-121.94168,36.52144]],[[-121.95389,36.52133],[-121.95389,36.52133]],[[-121.95347,36.52133],[-121.95347,36.52133]],[[-121.95333,36.52122],[-121.95333,36.52122]],[[-121.93634,36.52133],[-121.93634,36.52133]],[[-121.9494,36.52122],[-121.9494,36.52122]],[[-121.93648,36.5211],[-121.93648,36.5211]],[[-121.94224,36.52099],[-121.94224,36.52099]],[[-121.93676,36.52099],[-121.93676,36.52099]],[[-121.9376,36.52076],[-121.9376,36.52076]],[[-121.9442,36.52076],[-121.9442,36.52076]],[[-121.94322,36.52076],[-121.94322,36.52076]],[[-121.94238,36.52076],[-121.94238,36.52076]],[[-121.94336,36.52065],[-121.94336,36.52065]],[[-121.93746,36.52054],[-121.93746,36.52054]],[[-121.9515,36.52054],[-121.9515,36.52054]],[[-121.93718,36.52043],[-121.93718,36.52043]],[[-121.93704,36.52031],[-121.93704,36.52031]],[[-121.9369,36.5202],[-121.9369,36.5202]],[[-121.93676,36.52009],[-121.93676,36.52009]],[[-121.93676,36.51997],[-121.93676,36.51997]],[[-121.9369,36.51986],[-121.9369,36.51986]],[[-121.93718,36.51964],[-121.93718,36.51964]],[[-121.95122,36.51964],[-121.95122,36.51964]],[[-121.95361,36.51952],[-121.95361,36.51952]],[[-121.95319,36.51952],[-121.95319,36.51952]],[[-121.93718,36.51952],[-121.93718,36.51952]],[[-121.95136,36.51941],[-121.95136,36.51941]],[[-121.93732,36.51941],[-121.93732,36.51941]],[[-121.95361,36.5193],[-121.95361,36.5193]],[[-121.9515,36.5193],[-121.9515,36.5193]],[[-121.93746,36.5193],[-121.93746,36.5193]],[[-121.95389,36.51918],[-121.95389,36.51918]],[[-121.95291,36.51918],[-121.95291,36.51918]],[[-121.9376,36.51918],[-121.9376,36.51918]],[[-121.95277,36.51907],[-121.95277,36.51907]],[[-121.95165,36.51907],[-121.95165,36.51907]],[[-121.93788,36.51907],[-121.93788,36.51907]],[[-121.95403,36.51896],[-121.95403,36.51896]],[[-121.95263,36.51896],[-121.95263,36.51896]],[[-121.95179,36.51896],[-121.95179,36.51896]],[[-121.93831,36.51896],[-121.93831,36.51896]],[[-121.95305,36.51794],[-121.95305,36.51794]],[[-121.95207,36.51749],[-121.95207,36.51749]],[[-121.95221,36.51727],[-121.95221,36.51727]],[[-121.95235,36.51715],[-121.95235,36.51715]],[[-121.9494,36.51704],[-121.9494,36.51704]],[[-121.94954,36.51693],[-121.94954,36.51693]],[[-121.95179,36.51682],[-121.95179,36.51682]],[[-121.94982,36.5167],[-121.94982,36.5167]],[[-121.9713,36.51636],[-121.9713,36.51636]],[[-121.97158,36.51591],[-121.97158,36.51591]],[[-121.97313,36.51422],[-121.97313,36.51422]],[[-121.94448,36.51264],[-121.94448,36.51264]],[[-121.9442,36.51264],[-121.9442,36.51264]],[[-121.94406,36.51253],[-121.94406,36.51253]],[[-121.94378,36.51241],[-121.94378,36.51241]],[[-121.9421,36.51174],[-121.9421,36.51174]],[[-121.94196,36.51151],[-121.94196,36.51151]],[[-121.94168,36.51083],[-121.94168,36.51083]],[[-121.94168,36.51038],[-121.94168,36.51038]],[[-121.94182,36.51027],[-121.94182,36.51027]],[[-121.94196,36.50993],[-121.94196,36.50993]],[[-121.94238,36.50982],[-121.94238,36.50982]],[[-121.98942,36.50959],[-121.98942,36.50959]],[[-121.94252,36.50914],[-121.94252,36.50914]],[[-121.94224,36.50914],[-121.94224,36.50914]],[[-121.94196,36.50914],[-121.94196,36.50914]],[[-121.98478,36.50813],[-121.98478,36.50813]],[[-121.94069,36.50801],[-121.94069,36.50801]],[[-121.94168,36.5079],[-121.94168,36.5079]],[[-121.94154,36.5079],[-121.94154,36.5079]],[[-121.94139,36.50779],[-121.94111,36.50756],[-121.94139,36.50779]],[[-121.94097,36.5079],[-121.94097,36.5079]],[[-121.94083,36.5079],[-121.94083,36.5079]],[[-121.94125,36.50767],[-121.94125,36.50767]],[[-121.9435,36.50756],[-121.9442,36.507],[-121.94378,36.50632],[-121.9435,36.50621],[-121.94336,36.50632],[-121.94294,36.50598],[-121.9428,36.50609],[-121.9428,36.50711],[-121.9435,36.50756]],[[-121.94238,36.50756],[-121.94238,36.50756]],[[-121.94111,36.50756],[-121.94111,36.50756]],[[-121.94364,36.50745],[-121.94364,36.50745]],[[-121.94336,36.50745],[-121.94336,36.50745]],[[-121.94224,36.50745],[-121.94224,36.50745]],[[-121.9421,36.50745],[-121.9421,36.50745]],[[-121.94392,36.50734],[-121.94392,36.50734]],[[-121.94308,36.50734],[-121.94308,36.50734]],[[-121.94294,36.50722],[-121.94294,36.50722]],[[-121.94182,36.50711],[-121.94139,36.50711],[-121.94139,36.507],[-121.94182,36.50711]],[[-121.94406,36.50711],[-121.94406,36.50711]],[[-121.94224,36.50711],[-121.94224,36.50711]],[[-121.94168,36.507],[-121.94168,36.507]],[[-121.94139,36.507],[-121.94139,36.507]],[[-121.94055,36.507],[-121.94055,36.507]],[[-121.93873,36.50621],[-121.93873,36.50621]],[[-121.93887,36.50609],[-121.93887,36.50609]],[[-121.93901,36.50598],[-121.93901,36.50598]],[[-121.93802,36.50485],[-121.93802,36.50485]],[[-121.93817,36.50463],[-121.93817,36.50463]],[[-121.93831,36.50451],[-121.93831,36.50451]],[[-121.93845,36.5044],[-121.93845,36.5044]],[[-121.93873,36.50429],[-121.93873,36.50429]],[[-121.93929,36.50372],[-121.93929,36.50372]],[[-121.93887,36.50372],[-121.93887,36.50372]],[[-121.93887,36.50316],[-121.93887,36.50316]],[[-121.97524,36.50203],[-121.97524,36.50203]],[[-121.93999,36.50192],[-121.93999,36.50192]],[[-121.97439,36.50147],[-121.97439,36.50147]],[[-121.93943,36.50158],[-121.93943,36.50158]],[[-121.93929,36.50147],[-121.93929,36.50147]],[[-121.93915,36.50147],[-121.93915,36.50147]],[[-121.93873,36.50147],[-121.93873,36.50147]],[[-121.93859,36.50135],[-121.93859,36.50135]],[[-121.94027,36.50102],[-121.94027,36.50102]],[[-121.94041,36.5009],[-121.94041,36.5009]],[[-121.93662,36.49831],[-121.93662,36.49831]],[[-121.93676,36.49797],[-121.93676,36.49797]],[[-121.93704,36.49786],[-121.93704,36.49786]],[[-121.93718,36.49774],[-121.93718,36.49774]],[[-121.93746,36.49763],[-121.93746,36.49763]],[[-121.93774,36.49752],[-121.93774,36.49752]],[[-121.93845,36.49741],[-121.93845,36.49741]],[[-121.93915,36.49684],[-121.93915,36.49684]],[[-121.93929,36.49673],[-121.93929,36.49673]],[[-121.93971,36.49662],[-121.93971,36.49662]],[[-121.93999,36.4965],[-121.93999,36.4965]],[[-121.94013,36.49639],[-121.94013,36.49639]],[[-121.94097,36.49526],[-121.94097,36.49526]],[[-121.94041,36.49526],[-121.94041,36.49526]],[[-121.94027,36.49515],[-121.94027,36.49515]],[[-121.93999,36.49504],[-121.93999,36.49504]],[[-121.93985,36.49504],[-121.93985,36.49504]],[[-121.94111,36.49458],[-121.94111,36.49458]],[[-121.94125,36.49447],[-121.94125,36.49447]],[[-121.94154,36.49436],[-121.94154,36.49436]],[[-121.94168,36.49425],[-121.94168,36.49425]],[[-121.94182,36.49413],[-121.94182,36.49413]],[[-121.94196,36.49391],[-121.94196,36.49391]],[[-121.9421,36.49368],[-121.9421,36.49368]],[[-121.94252,36.49334],[-121.94252,36.49334]],[[-121.94224,36.49334],[-121.94224,36.49334]],[[-121.94462,36.49323],[-121.94462,36.49323]],[[-121.9442,36.49323],[-121.9442,36.49323]],[[-121.9428,36.49323],[-121.9428,36.49323]],[[-121.94406,36.49312],[-121.94406,36.49312]],[[-121.94322,36.49312],[-121.94322,36.49312]],[[-121.94294,36.49312],[-121.94294,36.49312]],[[-121.94392,36.493],[-121.94392,36.493]],[[-121.94336,36.493],[-121.94336,36.493]],[[-121.9435,36.49289],[-121.9435,36.49289]],[[-121.94476,36.49255],[-121.94476,36.49255]],[[-121.94462,36.49233],[-121.94462,36.49233]],[[-121.94505,36.49233],[-121.94505,36.49233]],[[-121.94462,36.49165],[-121.94462,36.49165]],[[-121.94476,36.49154],[-121.94476,36.49154]],[[-121.94491,36.49142],[-121.94491,36.49142]],[[-121.94519,36.49131],[-121.94519,36.49131]],[[-121.94547,36.4912],[-121.94547,36.4912]],[[-121.94561,36.49109],[-121.94561,36.49109]]]},"properties":{"depth_m":125}},{"type":"Feature","geometry":{"type":"MultiLineString","coordinates":[[[-121.98766,36.54503],[-121.98716,36.54379],[-121.98739,36.54333],[-121.98723,36.54277],[-121.98649,36.54209],[-121.98605,36.54136],[-121.9852,36.54083],[-121.98464,36.54108],[-121.9836,36.54221],[-121.9831,36.54324],[-121.98282,36.54341],[-121.98226,36.54341],[-121.98153,36.5439],[-121.98153,36.54446],[-121.98093,36.54503]],[[-121.97176,36.54503],[-121.9713,36.54479],[-121.97044,36.54503]],[[-121.95836,36.54503],[-121.95979,36.54416],[-121.96005,36.54356],[-121.95972,36.543],[-121.95967,36.54232],[-121.96012,36.54175],[-121.96023,36.54119],[-121.95965,36.54033],[-121.95867,36.54008],[-121.95712,36.54036],[-121.95614,36.53958],[-121.95615,36.53893],[-121.95473,36.53801],[-121.95347,36.53829],[-121.95263,36.53873],[-121.9515,36.53878],[-121.95066,36.53861],[-121.95004,36.53916],[-121.94972,36.53995],[-121.94884,36.53981],[-121.94842,36.53922],[-121.94796,36.53905],[-121.94701,36.53824],[-121.94631,36.53802],[-121.94561,36.53821],[-121.94519,36.53791],[-121.94514,36.53758],[-121.94491,36.53738],[-121.94364,36.53701],[-121.94365,36.53679],[-121.94462,36.53605],[-121.94471,36.53577],[-121.94294,36.53491],[-121.94285,36.53431],[-121.94252,36.53399],[-121.94139,36.53344],[-121.94073,36.53329],[-121.94035,36.53295],[-121.9395,36.53273],[-121.93873,36.5322],[-121.93802,36.53217],[-121.93746,36.53177],[-121.93648,36.53217],[-121.93587,36.53205],[-121.93574,36.53182],[-121.93615,36.53137],[-121.93501,36.53058],[-121.93526,36.53024],[-121.9352,36.52991],[-121.9342,36.52934],[-121.93264,36.5281],[-121.93259,36.52787],[-121.93297,36.52765],[-121.93395,36.52786],[-121.93732,36.52963],[-121.93943,36.53018],[-121.93971,36.53019],[-121.94027,36.52984],[-121.94095,36.53047],[-121.94139,36.53059],[-121.94182,36.53047],[-121.94252,36.53071],[-121.94297,36.53058],[-121.943,36.529],[-121.94318,36.52855],[-121.9435,36.52842],[-121.94491,36.52929],[-121.94554,36.52991],[-121.94582,36.53047],[-121.94687,36.53121],[-121.94757,36.53137],[-121.94828,36.53133],[-121.94954,36.53194],[-121.9501,36.53186],[-121.95049,36.5316],[-121.95058,36.5307],[-121.95122,36.53031],[-121.95319,36.52947],[-121.95389,36.52976],[-121.95401,36.52968],[-121.95409,36.52889],[-121.95431,36.52865],[-121.95516,36.52919],[-121.95684,36.52901],[-121.95782,36.5287],[-121.95825,36.52945],[-121.95881,36.52979],[-121.95979,36.52898],[-121.96063,36.52951],[-121.96155,36.52923],[-121.96186,36.52866],[-121.96174,36.52799],[-121.96204,36.52785],[-121.96372,36.52855],[-121.96442,36.52847],[-121.96484,36.52872],[-121.96527,36.52875],[-121.96601,36.52934],[-121.96653,36.52951],[-121.96672,36.52934],[-121.96672,36.52844],[-121.96695,36.52797],[-121.96793,36.5282],[-121.96864,36.52876],[-121.9692,36.52883],[-121.9698,36.52923],[-121.97018,36.52926],[-121.97187,36.52869],[-121.97219,36.52844],[-121.97215,36.52754],[-121.97243,36.52729],[-121.97285,36.52715],[-121.97411,36.52719],[-121.97453,36.52696],[-121.97509,36.52706],[-121.97518,36.52697],[-121.97496,36.52618],[-121.97508,36.52596],[-121.97594,36.52568],[-121.9765,36.5253],[-121.97748,36.52529],[-121.97804,36.52456],[-121.97893,36.52415],[-121.97893,36.52392],[-121.97869,36.52302],[-121.97748,36.52228],[-121.97664,36.52134],[-121.97421,36.51997],[-121.97285,36.51949],[-121.97257,36.51896],[-121.97259,36.51794],[-121.97172,36.51766],[-121.97143,36.51738],[-121.97153,36.51682],[-121.97218,36.51569],[-121.97369,36.51438],[-121.97413,36.51354],[-121.97403,36.5132],[-121.97313,36.51246],[-121.97218,36.50959],[-121.97004,36.50841],[-121.96926,36.50756],[-121.96948,36.50672],[-121.97008,36.50598],[-121.97002,36.50576],[-121.96941,36.5053],[-121.96938,36.50497],[-121.96988,36.50429],[-121.9702,36.5035],[-121.97036,36.50226],[-121.97088,36.50169],[-121.97201,36.50086],[-121.97271,36.50091],[-121.97721,36.5044],[-121.97945,36.50547],[-121.98141,36.50725],[-121.98282,36.50784],[-121.98337,36.50858],[-121.98534,36.51048],[-121.98605,36.5106],[-121.98642,36.51083],[-121.98708,36.51174],[-121.98714,36.51264],[-121.98737,36.51309],[-121.98928,36.51449],[-121.98998,36.51466],[-121.99082,36.51433],[-121.99237,36.51343],[-121.99271,36.51287],[-121.9929,36.51174],[-121.99251,36.51055],[-121.99208,36.50993],[-121.99107,36.50914],[-121.99012,36.50722],[-121.98842,36.50485],[-121.98748,36.50327],[-121.98697,36.50192],[-121.98606,36.50068],[-121.98571,36.49966],[-121.98317,36.49537],[-121.98282,36.49391],[-121.98302,36.49289],[-121.98297,36.49097]],[[-121.93171,36.54503],[-121.93213,36.54469],[-121.93297,36.54446],[-121.93367,36.5448],[-121.93381,36.54469],[-121.93367,36.54446],[-121.93339,36.54458],[-121.93381,36.54379],[-121.93381,36.54345],[-121.93325,36.543],[-121.93325,36.54209],[-121.93297,36.54164],[-121.93325,36.54142],[-121.93325,36.54096],[-121.93283,36.54051],[-121.93297,36.53995],[-121.93255,36.53984],[-121.93255,36.5395],[-121.93269,36.53938],[-121.93255,36.53927],[-121.93185,36.53927],[-121.93086,36.53961],[-121.93044,36.53938],[-121.92904,36.5378],[-121.92862,36.53701],[-121.92862,36.53622],[-121.92848,36.53611],[-121.9282,36.53386],[-121.92777,36.53329],[-121.92693,36.53273],[-121.92679,36.53228],[-121.92693,36.53149],[-121.92637,36.53103]],[[-121.93185,36.54491],[-121.93185,36.54491]],[[-121.93199,36.5448],[-121.93199,36.5448]],[[-121.93353,36.54469],[-121.93353,36.54469]],[[-121.93213,36.54469],[-121.93213,36.54469]],[[-121.93241,36.54458],[-121.93241,36.54458]],[[-121.93311,36.54446],[-121.93311,36.54446]],[[-121.93297,36.54446],[-121.93297,36.54446]],[[-121.93353,36.54412],[-121.93353,36.54412]],[[-121.93367,36.5439],[-121.93367,36.5439]],[[-121.93297,36.54164],[-121.93297,36.54164]],[[-121.93311,36.54153],[-121.93311,36.54153]],[[-121.98464,36.54108],[-121.98464,36.54108]],[[-121.98478,36.54096],[-121.98478,36.54096]],[[-121.93283,36.54029],[-121.93283,36.54029]],[[-121.93255,36.5395],[-121.93255,36.5395]],[[-121.92679,36.53194],[-121.92679,36.53194]],[[-121.94757,36.53137],[-121.94757,36.53137]],[[-121.94182,36.53047],[-121.94182,36.53047]],[[-121.93915,36.53013],[-121.93915,36.53013]],[[-121.95853,36.52968],[-121.95853,36.52968]],[[-121.96091,36.52945],[-121.96091,36.52945]],[[-121.9685,36.52866],[-121.9685,36.52866]],[[-121.96456,36.52855],[-121.96456,36.52855]],[[-121.92637,36.52426],[-121.92749,36.52313],[-121.92848,36.52268],[-121.92946,36.5228],[-121.9296,36.52291],[-121.9296,36.52325],[-121.9303,36.5237],[-121.93157,36.52347],[-121.93185,36.5237],[-121.93241,36.52336],[-121.93367,36.52347],[-121.93381,36.52336],[-121.93353,36.52313],[-121.93353,36.52291],[-121.93409,36.52234],[-121.93522,36.52246],[-121.9355,36.52291],[-121.93578,36.52291],[-121.93578,36.52313],[-121.93606,36.52347],[-121.93648,36.52336],[-121.93662,36.52359],[-121.93718,36.52347],[-121.93732,36.52325],[-121.93718,36.52313],[-121.93746,36.52302],[-121.93732,36.52313],[-121.93746,36.52325],[-121.9376,36.52313],[-121.93746,36.52325],[-121.9376,36.52336],[-121.93774,36.52325],[-121.93732,36.5228],[-121.93746,36.52268],[-121.93774,36.52291],[-121.93802,36.52268],[-121.93732,36.52212],[-121.9376,36.52201],[-121.93732,36.52178],[-121.93676,36.52167],[-121.93662,36.52189],[-121.93634,36.52144],[-121.93648,36.5211],[-121.93676,36.52099],[-121.93704,36.52099],[-121.93718,36.52133],[-121.9376,36.52144],[-121.93774,36.52133],[-121.9376,36.52065],[-121.93676,36.51997],[-121.93732,36.51986],[-121.93718,36.51952],[-121.9376,36.51918],[-121.93831,36.51896],[-121.93915,36.51896],[-121.94013,36.51918],[-121.94083,36.51964],[-121.94069,36.5202],[-121.93999,36.52076],[-121.93985,36.5211],[-121.94055,36.52144],[-121.94055,36.52178],[-121.94069,36.52189],[-121.94097,36.52201],[-121.94111,36.52189],[-121.94097,36.52201],[-121.94111,36.52223],[-121.94125,36.52201],[-121.94097,36.52155],[-121.94139,36.52167],[-121.94168,36.52144],[-121.9421,36.52178],[-121.94238,36.52167],[-121.94224,36.5211],[-121.94238,36.52076],[-121.94308,36.52088],[-121.94336,36.52065],[-121.94406,36.52099],[-121.9442,36.52076],[-121.94448,36.52076],[-121.94476,36.52099],[-121.94462,36.52122],[-121.94476,36.52144],[-121.94448,36.52167],[-121.94434,36.52155],[-121.9442,36.52167],[-121.94434,36.52178],[-121.94448,36.52167],[-121.94434,36.52189],[-121.94505,36.52234],[-121.94561,36.52234],[-121.94561,36.52257],[-121.94589,36.52291],[-121.94617,36.52291],[-121.94645,36.52313],[-121.94659,36.52302],[-121.94687,36.52336],[-121.94701,36.52325],[-121.94813,36.52404],[-121.94856,36.5237],[-121.94856,36.52291],[-121.94828,36.52268],[-121.94828,36.52234],[-121.9487,36.52234],[-121.94898,36.52268],[-121.9494,36.52257],[-121.94912,36.52268],[-121.94926,36.52291],[-121.94954,36.52268],[-121.9494,36.52257],[-121.94954,36.52223],[-121.9494,36.52122],[-121.94968,36.52122],[-121.95122,36.52268],[-121.95249,36.52347],[-121.95249,36.5237],[-121.95291,36.52404],[-121.95333,36.52392],[-121.95319,36.5237],[-121.95333,36.52347],[-121.95305,36.52325],[-121.95319,36.52302],[-121.95347,36.52336],[-121.95361,36.52325],[-121.95347,36.52336],[-121.95361,36.52347],[-121.95375,36.52336],[-121.95403,36.52359],[-121.95431,36.52415],[-121.95473,36.52438],[-121.95487,36.52426],[-121.95487,36.52404],[-121.95459,36.52381],[-121.95487,36.5237],[-121.95375,36.5228],[-121.95333,36.52268],[-121.95361,36.52246],[-121.95431,36.5228],[-121.95459,36.52246],[-121.95417,36.52167],[-121.95375,36.52144],[-121.95403,36.52122],[-121.95249,36.52043],[-121.9515,36.52054],[-121.95179,36.52043],[-121.95179,36.52009],[-121.9515,36.51975],[-121.95122,36.51975],[-121.95179,36.51896],[-121.95263,36.51896],[-121.95291,36.51918],[-121.95291,36.51941],[-121.95333,36.51964],[-121.95375,36.51941],[-121.95361,36.5193],[-121.95403,36.51896],[-121.95445,36.51907],[-121.95459,36.51885],[-121.95417,36.51794],[-121.95361,36.51749],[-121.95319,36.51749],[-121.95291,36.51783],[-121.95305,36.51794],[-121.95305,36.51828],[-121.95235,36.51817],[-121.95235,36.51772],[-121.95207,36.51749],[-121.95249,36.51704],[-121.95179,36.51648],[-121.95165,36.5167],[-121.95179,36.51682],[-121.95165,36.51682],[-121.95094,36.51636],[-121.95052,36.51715],[-121.95024,36.51704],[-121.94996,36.51715],[-121.94968,36.51693],[-121.9494,36.51704],[-121.94982,36.51682],[-121.94996,36.51636],[-121.94954,36.51614],[-121.94954,36.51569],[-121.94926,36.51546],[-121.94884,36.5158],[-121.94884,36.51557],[-121.94813,36.5149],[-121.94799,36.51399],[-121.94771,36.51377],[-121.94757,36.51411],[-121.94729,36.51343],[-121.94687,36.51354],[-121.94659,36.5132],[-121.94575,36.5132],[-121.94561,36.51354],[-121.94561,36.51298],[-121.94533,36.51275],[-121.94505,36.51275],[-121.9442,36.5132],[-121.94378,36.51298],[-121.94378,36.51241],[-121.94434,36.51275],[-121.94462,36.51253],[-121.94364,36.51185],[-121.94322,36.51196],[-121.94294,36.51174],[-121.94252,36.51174],[-121.94224,36.51196],[-121.9421,36.51185],[-121.94238,36.51162],[-121.94196,36.51151],[-121.94252,36.5114],[-121.94168,36.51129],[-121.94168,36.51083],[-121.94196,36.51061],[-121.94168,36.51038],[-121.94196,36.51016],[-121.94196,36.50993],[-121.94238,36.51004],[-121.94252,36.50993],[-121.94238,36.50982],[-121.94266,36.50971],[-121.94224,36.50959],[-121.94224,36.50937],[-121.94196,36.50914],[-121.94238,36.50925],[-121.94266,36.50903],[-121.94224,36.50858],[-121.94196,36.5088],[-121.94154,36.50835],[-121.94111,36.50846],[-121.94097,36.50824],[-121.94069,36.50824],[-121.94069,36.50801],[-121.94097,36.5079],[-121.9421,36.50801],[-121.94224,36.5079],[-121.94224,36.50756],[-121.9421,36.50745],[-121.94252,36.50767],[-121.94266,36.50756],[-121.94224,36.50711],[-121.94238,36.50688],[-121.94182,36.50643],[-121.94125,36.50688],[-121.94111,36.50666],[-121.94055,36.50677],[-121.94041,36.50688],[-121.94055,36.50711],[-121.94013,36.50688],[-121.93943,36.507],[-121.93873,36.50632],[-121.93915,36.50587],[-121.93915,36.50564],[-121.93859,36.50553],[-121.93859,36.5053],[-121.93802,36.50485],[-121.93845,36.5044],[-121.93901,36.50418],[-121.93887,36.50372],[-121.93915,36.50384],[-121.93943,36.50361],[-121.93943,36.50339],[-121.93915,36.50316],[-121.93887,36.50327],[-121.93901,36.50282],[-121.93873,36.50237],[-121.93859,36.50135],[-121.93887,36.50158],[-121.93929,36.50147],[-121.93957,36.50203],[-121.94013,36.50192],[-121.94027,36.50181],[-121.94027,36.50102],[-121.94055,36.50079],[-121.94055,36.50023],[-121.93985,36.49955],[-121.93943,36.49966],[-121.93929,36.49944],[-121.93915,36.49955],[-121.93887,36.4991],[-121.93817,36.49876],[-121.93788,36.49876],[-121.9376,36.4991],[-121.9376,36.49932],[-121.93746,36.49932],[-121.93718,36.49887],[-121.93662,36.49865],[-121.93676,36.49797],[-121.93774,36.49752],[-121.93915,36.49729],[-121.93915,36.49684],[-121.93985,36.49662],[-121.94027,36.49628],[-121.94013,36.49549],[-121.93985,36.49504],[-121.94083,36.49537],[-121.94111,36.49515],[-121.94111,36.49458],[-121.94196,36.49402],[-121.94224,36.49334],[-121.94266,36.49346],[-121.94294,36.49312],[-121.94294,36.49346],[-121.94308,36.49357],[-121.94322,36.49346],[-121.94322,36.49312],[-121.9435,36.49289],[-121.94448,36.49334],[-121.94476,36.49312],[-121.94476,36.49255],[-121.94519,36.49221],[-121.94462,36.49165],[-121.94575,36.49097]],[[-121.92651,36.52415],[-121.92651,36.52415]],[[-121.92665,36.52392],[-121.92665,36.52392]],[[-121.95459,36.52381],[-121.95459,36.52381]],[[-121.95319,36.5237],[-121.95319,36.5237]],[[-121.94828,36.52381],[-121.94828,36.52381]],[[-121.92679,36.52381],[-121.92679,36.52381]],[[-121.92693,36.5237],[-121.92693,36.5237]],[[-121.93199,36.52359],[-121.93199,36.52359]],[[-121.93072,36.52359],[-121.93072,36.52359]],[[-121.95319,36.52336],[-121.95319,36.52336]],[[-121.93676,36.52347],[-121.93676,36.52347]],[[-121.93213,36.52347],[-121.93213,36.52347]],[[-121.93114,36.52347],[-121.93114,36.52347]],[[-121.92707,36.52347],[-121.92707,36.52347]],[[-121.95375,36.52336],[-121.95375,36.52336]],[[-121.95305,36.52325],[-121.95277,36.52313],[-121.95305,36.52325]],[[-121.93634,36.52336],[-121.93634,36.52336]],[[-121.93367,36.52325],[-121.93367,36.52325]],[[-121.93241,36.52336],[-121.93241,36.52336]],[[-121.92721,36.52336],[-121.92721,36.52336]],[[-121.95361,36.52325],[-121.95361,36.52313],[-121.95361,36.52325]],[[-121.94701,36.52325],[-121.94701,36.52325]],[[-121.93718,36.52313],[-121.93718,36.52313]],[[-121.93353,36.52313],[-121.93353,36.52313]],[[-121.92735,36.52325],[-121.92735,36.52325]],[[-121.95361,36.52313],[-121.95361,36.52313]],[[-121.95291,36.52313],[-121.95291,36.52313]],[[-121.95277,36.52313],[-121.95277,36.52313]],[[-121.95263,36.52302],[-121.95263,36.52302]],[[-121.92749,36.52313],[-121.92749,36.52313]],[[-121.95319,36.52302],[-121.95319,36.52302]],[[-121.95249,36.52291],[-121.95249,36.52291]],[[-121.94659,36.52302],[-121.94659,36.52302]],[[-121.92777,36.52302],[-121.92777,36.52302]],[[-121.94842,36.5228],[-121.94842,36.5228]],[[-121.93732,36.5228],[-121.93732,36.5228]],[[-121.93353,36.52291],[-121.93353,36.52291]],[[-121.92792,36.52291],[-121.92792,36.52291]],[[-121.9494,36.5228],[-121.9494,36.5228]],[[-121.94828,36.52268],[-121.94828,36.52268]],[[-121.93788,36.5228],[-121.93788,36.5228]],[[-121.9282,36.5228],[-121.9282,36.5228]],[[-121.95417,36.52268],[-121.95417,36.52268]],[[-121.95333,36.52268],[-121.95333,36.52268]],[[-121.95319,36.52257],[-121.95319,36.52257]],[[-121.93788,36.52257],[-121.93788,36.52257]],[[-121.93746,36.52268],[-121.93746,36.52268]],[[-121.93367,36.52268],[-121.93367,36.52268]],[[-121.92848,36.52268],[-121.92848,36.52268]],[[-121.95445,36.52257],[-121.95445,36.52257]],[[-121.95389,36.52257],[-121.95389,36.52257]],[[-121.95291,36.52246],[-121.95291,36.52246]],[[-121.94926,36.52257],[-121.94926,36.52257]],[[-121.93774,36.52246],[-121.93774,36.52246]],[[-121.93381,36.52257],[-121.93381,36.52257]],[[-121.95361,36.52246],[-121.95361,36.52246]],[[-121.95347,36.52246],[-121.95347,36.52246]],[[-121.9376,36.52234],[-121.9376,36.52234]],[[-121.93395,36.52246],[-121.93395,36.52246]],[[-121.94828,36.52234],[-121.94828,36.52234]],[[-121.93746,36.52223],[-121.93746,36.52223]],[[-121.93409,36.52234],[-121.93409,36.52234]],[[-121.93732,36.52212],[-121.93732,36.52212]],[[-121.93704,36.52201],[-121.93704,36.52201]],[[-121.93746,36.52189],[-121.93746,36.52189]],[[-121.9369,36.52178],[-121.9369,36.52178]],[[-121.94097,36.52167],[-121.94097,36.52167]],[[-121.93648,36.52167],[-121.93648,36.52167]],[[-121.9494,36.52155],[-121.9494,36.52155]],[[-121.94224,36.52144],[-121.94224,36.52144]],[[-121.94154,36.52155],[-121.94154,36.52155]],[[-121.94097,36.52155],[-121.94097,36.52155]],[[-121.94083,36.52144],[-121.94083,36.52144]],[[-121.93634,36.52144],[-121.93634,36.52144]],[[-121.95375,36.52144],[-121.95375,36.52144]],[[-121.95361,36.52133],[-121.95347,36.52133],[-121.95361,36.52133]],[[-121.94168,36.52144],[-121.94168,36.52144]],[[-121.95389,36.52133],[-121.95389,36.52133]],[[-121.95347,36.52133],[-121.95347,36.52133]],[[-121.95333,36.52122],[-121.95333,36.52122]],[[-121.93634,36.52133],[-121.93634,36.52133]],[[-121.9494,36.52122],[-121.9494,36.52122]],[[-121.93648,36.5211],[-121.93648,36.5211]],[[-121.94224,36.52099],[-121.94224,36.52099]],[[-121.93676,36.52099],[-121.93676,36.52099]],[[-121.9376,36.52076],[-121.9376,36.52076]],[[-121.9442,36.52076],[-121.9442,36.52076]],[[-121.94322,36.52076],[-121.94322,36.52076]],[[-121.94238,36.52076],[-121.94238,36.52076]],[[-121.94336,36.52065],[-121.94336,36.52065]],[[-121.93746,36.52054],[-121.93746,36.52054]],[[-121.9515,36.52054],[-121.9515,36.52054]],[[-121.93718,36.52043],[-121.93718,36.52043]],[[-121.93704,36.52031],[-121.93704,36.52031]],[[-121.9369,36.5202],[-121.9369,36.5202]],[[-121.93676,36.52009],[-121.93676,36.52009]],[[-121.93676,36.51997],[-121.93676,36.51997]],[[-121.9369,36.51986],[-121.9369,36.51986]],[[-121.93718,36.51964],[-121.93718,36.51964]],[[-121.95122,36.51964],[-121.95122,36.51964]],[[-121.95361,36.51952],[-121.95361,36.51952]],[[-121.95319,36.51952],[-121.95319,36.51952]],[[-121.93718,36.51952],[-121.93718,36.51952]],[[-121.95136,36.51941],[-121.95136,36.51941]],[[-121.93732,36.51941],[-121.93732,36.51941]],[[-121.95361,36.5193],[-121.95361,36.5193]],[[-121.9515,36.5193],[-121.9515,36.5193]],[[-121.93746,36.5193],[-121.93746,36.5193]],[[-121.95389,36.51918],[-121.95389,36.51918]],[[-121.95291,36.51918],[-121.95291,36.51918]],[[-121.9376,36.51918],[-121.9376,36.51918]],[[-121.95277,36.51907],[-121.95277,36.51907]],[[-121.95165,36.51907],[-121.95165,36.51907]],[[-121.93788,36.51907],[-121.93788,36.51907]],[[-121.95403,36.51896],[-121.95403,36.51896]],[[-121.95263,36.51896],[-121.95263,36.51896]],[[-121.95179,36.51896],[-121.95179,36.51896]],[[-121.93831,36.51896],[-121.93831,36.51896]],[[-121.95305,36.51794],[-121.95305,36.51794]],[[-121.95207,36.51749],[-121.95207,36.51749]],[[-121.95221,36.51727],[-121.95221,36.51727]],[[-121.95235,36.51715],[-121.95235,36.51715]],[[-121.97144,36.51704],[-121.97144,36.51704]],[[-121.9494,36.51704],[-121.9494,36.51704]],[[-121.94954,36.51693],[-121.94954,36.51693]],[[-121.95179,36.51682],[-121.95179,36.51682]],[[-121.94982,36.5167],[-121.94982,36.5167]],[[-121.98942,36.51456],[-121.98942,36.51456]],[[-121.97341,36.51456],[-121.97341,36.51456]],[[-121.94448,36.51264],[-121.94448,36.51264]],[[-121.9442,36.51264],[-121.9442,36.51264]],[[-121.94406,36.51253],[-121.94406,36.51253]],[[-121.94378,36.51241],[-121.94378,36.51241]],[[-121.98703,36.51162],[-121.98703,36.51162]],[[-121.9421,36.51174],[-121.9421,36.51174]],[[-121.94196,36.51151],[-121.94196,36.51151]],[[-121.94168,36.51083],[-121.94168,36.51083]],[[-121.94168,36.51038],[-121.94168,36.51038]],[[-121.94182,36.51027],[-121.94182,36.51027]],[[-121.94196,36.50993],[-121.94196,36.50993]],[[-121.94238,36.50982],[-121.94238,36.50982]],[[-121.94252,36.50914],[-121.94252,36.50914]],[[-121.94224,36.50914],[-121.94224,36.50914]],[[-121.94196,36.50914],[-121.94196,36.50914]],[[-121.94069,36.50801],[-121.94069,36.50801]],[[-121.94168,36.5079],[-121.94168,36.5079]],[[-121.94154,36.5079],[-121.94154,36.5079]],[[-121.94139,36.50779],[-121.94111,36.50756],[-121.94139,36.50779]],[[-121.94097,36.5079],[-121.94097,36.5079]],[[-121.94083,36.5079],[-121.94083,36.5079]],[[-121.94125,36.50767],[-121.94125,36.50767]],[[-121.9435,36.50756],[-121.9442,36.507],[-121.94378,36.50632],[-121.9435,36.50621],[-121.94336,36.50632],[-121.94294,36.50598],[-121.9428,36.50609],[-121.9428,36.50711],[-121.9435,36.50756]],[[-121.94238,36.50756],[-121.94238,36.50756]],[[-121.94111,36.50756],[-121.94111,36.50756]],[[-121.94364,36.50745],[-121.94364,36.50745]],[[-121.94336,36.50745],[-121.94336,36.50745]],[[-121.94224,36.50745],[-121.94224,36.50745]],[[-121.9421,36.50745],[-121.9421,36.50745]],[[-121.94392,36.50734],[-121.94392,36.50734]],[[-121.94308,36.50734],[-121.94308,36.50734]],[[-121.94294,36.50722],[-121.94294,36.50722]],[[-121.94182,36.50711],[-121.94139,36.50711],[-121.94139,36.507],[-121.94182,36.50711]],[[-121.94406,36.50711],[-121.94406,36.50711]],[[-121.94224,36.50711],[-121.94224,36.50711]],[[-121.94168,36.507],[-121.94168,36.507]],[[-121.94139,36.507],[-121.94139,36.507]],[[-121.94055,36.507],[-121.94055,36.507]],[[-121.98099,36.50688],[-121.98099,36.50688]],[[-121.93873,36.50621],[-121.93873,36.50621]],[[-121.93887,36.50609],[-121.93887,36.50609]],[[-121.93901,36.50598],[-121.93901,36.50598]],[[-121.93802,36.50485],[-121.93802,36.50485]],[[-121.93817,36.50463],[-121.93817,36.50463]],[[-121.93831,36.50451],[-121.93831,36.50451]],[[-121.93845,36.5044],[-121.93845,36.5044]],[[-121.93873,36.50429],[-121.93873,36.50429]],[[-121.93929,36.50372],[-121.93929,36.50372]],[[-121.93887,36.50372],[-121.93887,36.50372]],[[-121.93887,36.50316],[-121.93887,36.50316]],[[-121.93999,36.50192],[-121.93999,36.50192]],[[-121.97088,36.50169],[-121.97088,36.50169]],[[-121.93943,36.50158],[-121.93943,36.50158]],[[-121.93929,36.50147],[-121.93929,36.50147]],[[-121.93915,36.50147],[-121.93915,36.50147]],[[-121.93873,36.50147],[-121.93873,36.50147]],[[-121.93859,36.50135],[-121.93859,36.50135]],[[-121.94027,36.50102],[-121.94027,36.50102]],[[-121.94041,36.5009],[-121.94041,36.5009]],[[-121.93662,36.49831],[-121.93662,36.49831]],[[-121.93676,36.49797],[-121.93676,36.49797]],[[-121.93704,36.49786],[-121.93704,36.49786]],[[-121.93718,36.49774],[-121.93718,36.49774]],[[-121.93746,36.49763],[-121.93746,36.49763]],[[-121.93774,36.49752],[-121.93774,36.49752]],[[-121.93845,36.49741],[-121.93845,36.49741]],[[-121.93915,36.49684],[-121.93915,36.49684]],[[-121.93929,36.49673],[-121.93929,36.49673]],[[-121.93971,36.49662],[-121.93971,36.49662]],[[-121.93999,36.4965],[-121.93999,36.4965]],[[-121.94013,36.49639],[-121.94013,36.49639]],[[-121.94097,36.49526],[-121.94097,36.49526]],[[-121.94041,36.49526],[-121.94041,36.49526]],[[-121.94027,36.49515],[-121.94027,36.49515]],[[-121.93999,36.49504],[-121.93999,36.49504]],[[-121.93985,36.49504],[-121.93985,36.49504]],[[-121.94111,36.49458],[-121.94111,36.49458]],[[-121.94125,36.49447],[-121.94125,36.49447]],[[-121.94154,36.49436],[-121.94154,36.49436]],[[-121.94168,36.49425],[-121.94168,36.49425]],[[-121.94182,36.49413],[-121.94182,36.49413]],[[-121.94196,36.49391],[-121.94196,36.49391]],[[-121.9421,36.49368],[-121.9421,36.49368]],[[-121.98993,36.49097],[-121.99012,36.49177],[-121.9911,36.49273],[-121.99265,36.49341],[-121.99363,36.49345]],[[-121.94252,36.49334],[-121.94252,36.49334]],[[-121.94224,36.49334],[-121.94224,36.49334]],[[-121.94462,36.49323],[-121.94462,36.49323]],[[-121.9442,36.49323],[-121.9442,36.49323]],[[-121.9428,36.49323],[-121.9428,36.49323]],[[-121.94406,36.49312],[-121.94406,36.49312]],[[-121.94322,36.49312],[-121.94322,36.49312]],[[-121.94294,36.49312],[-121.94294,36.49312]],[[-121.94392,36.493],[-121.94392,36.493]],[[-121.94336,36.493],[-121.94336,36.493]],[[-121.9435,36.49289],[-121.9435,36.49289]],[[-121.94476,36.49255],[-121.94476,36.49255]],[[-121.94462,36.49233],[-121.94462,36.49233]],[[-121.94505,36.49233],[-121.94505,36.49233]],[[-121.94462,36.49165],[-121.94462,36.49165]],[[-121.94476,36.49154],[-121.94476,36.49154]],[[-121.94491,36.49142],[-121.94491,36.49142]],[[-121.94519,36.49131],[-121.94519,36.49131]],[[-121.94547,36.4912],[-121.94547,36.4912]],[[-121.94561,36.49109],[-121.94561,36.49109]]]},"properties":{"depth_m":150}},{"type":"Feature","geometry":{"type":"MultiLineString","coordinates":[[[-121.98823,36.54503],[-121.9877,36.54446],[-121.98754,36.54367],[-121.98772,36.54322],[-121.9874,36.54254],[-121.98683,36.54198],[-121.98624,36.54108],[-121.98538,36.5404],[-121.98506,36.54038],[-121.98444,36.54063],[-121.98393,36.54142],[-121.98309,36.54221],[-121.98282,36.54297],[-121.98212,36.54315],[-121.98113,36.54378],[-121.98106,36.54446],[-121.98046,36.54503]],[[-121.97887,36.54503],[-121.97818,36.54473],[-121.97759,36.54503]],[[-121.97334,36.54503],[-121.97299,36.54474],[-121.97252,36.54503]],[[-121.9723,36.54503],[-121.97116,36.54447],[-121.97032,36.54477],[-121.96946,36.5448],[-121.96904,36.54503]],[[-121.95937,36.54503],[-121.96019,36.54446],[-121.96041,36.54345],[-121.96005,36.54232],[-121.9605,36.54187],[-121.96069,36.5413],[-121.96041,36.54051],[-121.95993,36.54004],[-121.95881,36.53971],[-121.95824,36.53991],[-121.95712,36.53997],[-121.95654,36.5395],[-121.95642,36.53883],[-121.95575,36.53826],[-121.9553,36.53795],[-121.95445,36.53775],[-121.95389,36.53799],[-121.95305,36.53799],[-121.95249,36.53846],[-121.95052,36.53832],[-121.94996,36.53871],[-121.94956,36.5395],[-121.94926,36.5396],[-121.94839,36.53882],[-121.94778,36.53859],[-121.94715,36.53809],[-121.94631,36.5378],[-121.94561,36.53783],[-121.94519,36.53714],[-121.94434,36.53687],[-121.94423,36.53668],[-121.94522,36.536],[-121.94515,36.53566],[-121.94491,36.5354],[-121.9442,36.53525],[-121.9433,36.53476],[-121.94301,36.53397],[-121.93971,36.53259],[-121.93883,36.53205],[-121.93805,36.53194],[-121.93746,36.53156],[-121.93634,36.53182],[-121.9365,36.53103],[-121.93584,36.53081],[-121.93554,36.52991],[-121.93436,36.52912],[-121.93426,36.52889],[-121.9348,36.52862],[-121.9376,36.52999],[-121.93873,36.53032],[-121.93957,36.53047],[-121.94013,36.53019],[-121.94083,36.53069],[-121.94294,36.53102],[-121.94323,36.53092],[-121.94339,36.52923],[-121.94364,36.52901],[-121.94491,36.5298],[-121.94558,36.5307],[-121.94611,36.53092],[-121.94659,36.53139],[-121.94715,36.53161],[-121.94823,36.5316],[-121.94898,36.53204],[-121.94982,36.53217],[-121.95086,36.53171],[-121.95103,36.53092],[-121.95132,36.5307],[-121.95221,36.5305],[-121.95305,36.52985],[-121.95417,36.52992],[-121.95451,36.52923],[-121.95473,36.52913],[-121.95516,36.52933],[-121.95558,36.52927],[-121.956,36.52942],[-121.95768,36.5291],[-121.95795,36.52957],[-121.95895,36.53025],[-121.95965,36.52945],[-121.96049,36.52977],[-121.96161,36.52946],[-121.96218,36.52965],[-121.96229,36.52945],[-121.96207,36.52912],[-121.96225,36.52866],[-121.96212,36.52833],[-121.96232,36.52818],[-121.96372,36.52885],[-121.96513,36.52897],[-121.96597,36.52966],[-121.96639,36.52978],[-121.96681,36.52982],[-121.96709,36.52957],[-121.96698,36.52866],[-121.96723,36.52838],[-121.96793,36.52846],[-121.96843,36.52889],[-121.96906,36.52904],[-121.96962,36.52947],[-121.97116,36.52932],[-121.97187,36.52901],[-121.97259,36.52844],[-121.97241,36.52776],[-121.97257,36.52751],[-121.97299,36.52729],[-121.97425,36.52737],[-121.97481,36.52717],[-121.97538,36.52729],[-121.97552,36.5272],[-121.97536,36.52629],[-121.97548,36.52607],[-121.97594,36.52598],[-121.97664,36.52552],[-121.97762,36.5256],[-121.97846,36.52472],[-121.97932,36.52471],[-121.97953,36.52426],[-121.97921,36.52359],[-121.97909,36.52257],[-121.97832,36.52242],[-121.97759,36.52189],[-121.97687,36.5211],[-121.97622,36.52083],[-121.97443,36.51964],[-121.97335,36.5193],[-121.97305,36.51885],[-121.97308,36.51761],[-121.97233,36.51738],[-121.97209,36.51715],[-121.97228,36.51648],[-121.97303,36.51546],[-121.97425,36.5146],[-121.97459,36.51354],[-121.97439,36.51298],[-121.97346,36.5123],[-121.97255,36.50948],[-121.97121,36.50869],[-121.97044,36.50767],[-121.97015,36.50677],[-121.97064,36.50598],[-121.9703,36.50519],[-121.97092,36.50451],[-121.97144,36.50338],[-121.97255,36.50271],[-121.97275,36.50181],[-121.97299,36.50164],[-121.97706,36.50482],[-121.97917,36.50583],[-121.98116,36.50767],[-121.98254,36.50822],[-121.98268,36.5087],[-121.98365,36.50937],[-121.9838,36.50972],[-121.98445,36.51027],[-121.98464,36.51076],[-121.98534,36.51112],[-121.98605,36.51118],[-121.98648,36.51185],[-121.98646,36.51241],[-121.98698,36.51354],[-121.98942,36.51546],[-121.98984,36.51558],[-121.99047,36.51546],[-121.99363,36.51398]],[[-121.93171,36.54503],[-121.93213,36.54469],[-121.93297,36.54446],[-121.93367,36.5448],[-121.93381,36.54469],[-121.93367,36.54446],[-121.93339,36.54458],[-121.93381,36.54379],[-121.93381,36.54345],[-121.93325,36.543],[-121.93325,36.54209],[-121.93297,36.54164],[-121.93325,36.54142],[-121.93325,36.54096],[-121.93283,36.54051],[-121.93297,36.53995],[-121.93255,36.53984],[-121.93255,36.5395],[-121.93269,36.53938],[-121.93255,36.53927],[-121.93185,36.53927],[-121.93086,36.53961],[-121.93044,36.53938],[-121.92904,36.5378],[-121.92862,36.53701],[-121.92862,36.53622],[-121.92848,36.53611],[-121.9282,36.53386],[-121.92777,36.53329],[-121.92693,36.53273],[-121.92679,36.53228],[-121.92693,36.53149],[-121.92637,36.53103]],[[-121.93185,36.54491],[-121.93185,36.54491]],[[-121.93199,36.5448],[-121.93199,36.5448]],[[-121.93353,36.54469],[-121.93353,36.54469]],[[-121.93213,36.54469],[-121.93213,36.54469]],[[-121.93241,36.54458],[-121.93241,36.54458]],[[-121.93311,36.54446],[-121.93311,36.54446]],[[-121.93297,36.54446],[-121.93297,36.54446]],[[-121.93353,36.54412],[-121.93353,36.54412]],[[-121.93367,36.5439],[-121.93367,36.5439]],[[-121.93297,36.54164],[-121.93297,36.54164]],[[-121.93311,36.54153],[-121.93311,36.54153]],[[-121.93283,36.54029],[-121.93283,36.54029]],[[-121.93255,36.5395],[-121.93255,36.5395]],[[-121.94996,36.53871],[-121.94996,36.53871]],[[-121.9501,36.53859],[-121.9501,36.53859]],[[-121.92679,36.53194],[-121.92679,36.53194]],[[-121.94224,36.53092],[-121.94224,36.53092]],[[-121.93746,36.52991],[-121.93746,36.52991]],[[-121.93718,36.52979],[-121.93718,36.52979]],[[-121.95951,36.52957],[-121.95951,36.52957]],[[-121.95965,36.52945],[-121.95965,36.52945]],[[-121.96934,36.52923],[-121.96934,36.52923]],[[-121.9692,36.52912],[-121.9692,36.52912]],[[-121.96807,36.52855],[-121.96807,36.52855]],[[-121.92637,36.52426],[-121.92749,36.52313],[-121.92848,36.52268],[-121.92946,36.5228],[-121.9296,36.52291],[-121.9296,36.52325],[-121.9303,36.5237],[-121.93157,36.52347],[-121.93185,36.5237],[-121.93241,36.52336],[-121.93367,36.52347],[-121.93381,36.52336],[-121.93353,36.52313],[-121.93353,36.52291],[-121.93409,36.52234],[-121.93522,36.52246],[-121.9355,36.52291],[-121.93578,36.52291],[-121.93578,36.52313],[-121.93606,36.52347],[-121.93648,36.52336],[-121.93662,36.52359],[-121.93718,36.52347],[-121.93732,36.52325],[-121.93718,36.52313],[-121.93746,36.52302],[-121.93732,36.52313],[-121.93746,36.52325],[-121.9376,36.52313],[-121.93746,36.52325],[-121.9376,36.52336],[-121.93774,36.52325],[-121.93732,36.5228],[-121.93746,36.52268],[-121.93774,36.52291],[-121.93802,36.52268],[-121.93732,36.52212],[-121.9376,36.52201],[-121.93732,36.52178],[-121.93676,36.52167],[-121.93662,36.52189],[-121.93634,36.52144],[-121.93648,36.5211],[-121.93676,36.52099],[-121.93704,36.52099],[-121.93718,36.52133],[-121.9376,36.52144],[-121.93774,36.52133],[-121.9376,36.52065],[-121.93676,36.51997],[-121.93732,36.51986],[-121.93718,36.51952],[-121.9376,36.51918],[-121.93831,36.51896],[-121.93915,36.51896],[-121.94013,36.51918],[-121.94083,36.51964],[-121.94069,36.5202],[-121.93999,36.52076],[-121.93985,36.5211],[-121.94055,36.52144],[-121.94055,36.52178],[-121.94069,36.52189],[-121.94097,36.52201],[-121.94111,36.52189],[-121.94097,36.52201],[-121.94111,36.52223],[-121.94125,36.52201],[-121.94097,36.52155],[-121.94139,36.52167],[-121.94168,36.52144],[-121.9421,36.52178],[-121.94238,36.52167],[-121.94224,36.5211],[-121.94238,36.52076],[-121.94308,36.52088],[-121.94336,36.52065],[-121.94406,36.52099],[-121.9442,36.52076],[-121.94448,36.52076],[-121.94476,36.52099],[-121.94462,36.52122],[-121.94476,36.52144],[-121.94448,36.52167],[-121.94434,36.52155],[-121.9442,36.52167],[-121.94434,36.52178],[-121.94448,36.52167],[-121.94434,36.52189],[-121.94505,36.52234],[-121.94561,36.52234],[-121.94561,36.52257],[-121.94589,36.52291],[-121.94617,36.52291],[-121.94645,36.52313],[-121.94659,36.52302],[-121.94687,36.52336],[-121.94701,36.52325],[-121.94813,36.52404],[-121.94856,36.5237],[-121.94856,36.52291],[-121.94828,36.52268],[-121.94828,36.52234],[-121.9487,36.52234],[-121.94898,36.52268],[-121.9494,36.52257],[-121.94912,36.52268],[-121.94926,36.52291],[-121.94954,36.52268],[-121.9494,36.52257],[-121.94954,36.52223],[-121.9494,36.52122],[-121.94968,36.52122],[-121.95122,36.52268],[-121.95249,36.52347],[-121.95249,36.5237],[-121.95291,36.52404],[-121.95333,36.52392],[-121.95319,36.5237],[-121.95333,36.52347],[-121.95305,36.52325],[-121.95319,36.52302],[-121.95347,36.52336],[-121.95361,36.52325],[-121.95347,36.52336],[-121.95361,36.52347],[-121.95375,36.52336],[-121.95403,36.52359],[-121.95431,36.52415],[-121.95473,36.52438],[-121.95487,36.52426],[-121.95487,36.52404],[-121.95459,36.52381],[-121.95487,36.5237],[-121.95375,36.5228],[-121.95333,36.52268],[-121.95361,36.52246],[-121.95431,36.5228],[-121.95459,36.52246],[-121.95417,36.52167],[-121.95375,36.52144],[-121.95403,36.52122],[-121.95249,36.52043],[-121.9515,36.52054],[-121.95179,36.52043],[-121.95179,36.52009],[-121.9515,36.51975],[-121.95122,36.51975],[-121.95179,36.51896],[-121.95263,36.51896],[-121.95291,36.51918],[-121.95291,36.51941],[-121.95333,36.51964],[-121.95375,36.51941],[-121.95361,36.5193],[-121.95403,36.51896],[-121.95445,36.51907],[-121.95459,36.51885],[-121.95417,36.51794],[-121.95361,36.51749],[-121.95319,36.51749],[-121.95291,36.51783],[-121.95305,36.51794],[-121.95305,36.51828],[-121.95235,36.51817],[-121.95235,36.51772],[-121.95207,36.51749],[-121.95249,36.51704],[-121.95179,36.51648],[-121.95165,36.5167],[-121.95179,36.51682],[-121.95165,36.51682],[-121.95094,36.51636],[-121.95052,36.51715],[-121.95024,36.51704],[-121.94996,36.51715],[-121.94968,36.51693],[-121.9494,36.51704],[-121.94982,36.51682],[-121.94996,36.51636],[-121.94954,36.51614],[-121.94954,36.51569],[-121.94926,36.51546],[-121.94884,36.5158],[-121.94884,36.51557],[-121.94813,36.5149],[-121.94799,36.51399],[-121.94771,36.51377],[-121.94757,36.51411],[-121.94729,36.51343],[-121.94687,36.51354],[-121.94659,36.5132],[-121.94575,36.5132],[-121.94561,36.51354],[-121.94561,36.51298],[-121.94533,36.51275],[-121.94505,36.51275],[-121.9442,36.5132],[-121.94378,36.51298],[-121.94378,36.51241],[-121.94434,36.51275],[-121.94462,36.51253],[-121.94364,36.51185],[-121.94322,36.51196],[-121.94294,36.51174],[-121.94252,36.51174],[-121.94224,36.51196],[-121.9421,36.51185],[-121.94238,36.51162],[-121.94196,36.51151],[-121.94252,36.5114],[-121.94168,36.51129],[-121.94168,36.51083],[-121.94196,36.51061],[-121.94168,36.51038],[-121.94196,36.51016],[-121.94196,36.50993],[-121.94238,36.51004],[-121.94252,36.50993],[-121.94238,36.50982],[-121.94266,36.50971],[-121.94224,36.50959],[-121.94224,36.50937],[-121.94196,36.50914],[-121.94238,36.50925],[-121.94266,36.50903],[-121.94224,36.50858],[-121.94196,36.5088],[-121.94154,36.50835],[-121.94111,36.50846],[-121.94097,36.50824],[-121.94069,36.50824],[-121.94069,36.50801],[-121.94097,36.5079],[-121.9421,36.50801],[-121.94224,36.5079],[-121.94224,36.50756],[-121.9421,36.50745],[-121.94252,36.50767],[-121.94266,36.50756],[-121.94224,36.50711],[-121.94238,36.50688],[-121.94182,36.50643],[-121.94125,36.50688],[-121.94111,36.50666],[-121.94055,36.50677],[-121.94041,36.50688],[-121.94055,36.50711],[-121.94013,36.50688],[-121.93943,36.507],[-121.93873,36.50632],[-121.93915,36.50587],[-121.93915,36.50564],[-121.93859,36.50553],[-121.93859,36.5053],[-121.93802,36.50485],[-121.93845,36.5044],[-121.93901,36.50418],[-121.93887,36.50372],[-121.93915,36.50384],[-121.93943,36.50361],[-121.93943,36.50339],[-121.93915,36.50316],[-121.93887,36.50327],[-121.93901,36.50282],[-121.93873,36.50237],[-121.93859,36.50135],[-121.93887,36.50158],[-121.93929,36.50147],[-121.93957,36.50203],[-121.94013,36.50192],[-121.94027,36.50181],[-121.94027,36.50102],[-121.94055,36.50079],[-121.94055,36.50023],[-121.93985,36.49955],[-121.93943,36.49966],[-121.93929,36.49944],[-121.93915,36.49955],[-121.93887,36.4991],[-121.93817,36.49876],[-121.93788,36.49876],[-121.9376,36.4991],[-121.9376,36.49932],[-121.93746,36.49932],[-121.93718,36.49887],[-121.93662,36.49865],[-121.93676,36.49797],[-121.93774,36.49752],[-121.93915,36.49729],[-121.93915,36.49684],[-121.93985,36.49662],[-121.94027,36.49628],[-121.94013,36.49549],[-121.93985,36.49504],[-121.94083,36.49537],[-121.94111,36.49515],[-121.94111,36.49458],[-121.94196,36.49402],[-121.94224,36.49334],[-121.94266,36.49346],[-121.94294,36.49312],[-121.94294,36.49346],[-121.94308,36.49357],[-121.94322,36.49346],[-121.94322,36.49312],[-121.9435,36.49289],[-121.94448,36.49334],[-121.94476,36.49312],[-121.94476,36.49255],[-121.94519,36.49221],[-121.94462,36.49165],[-121.94575,36.49097]],[[-121.92651,36.52415],[-121.92651,36.52415]],[[-121.92665,36.52392],[-121.92665,36.52392]],[[-121.95459,36.52381],[-121.95459,36.52381]],[[-121.95319,36.5237],[-121.95319,36.5237]],[[-121.94828,36.52381],[-121.94828,36.52381]],[[-121.92679,36.52381],[-121.92679,36.52381]],[[-121.92693,36.5237],[-121.92693,36.5237]],[[-121.93199,36.52359],[-121.93199,36.52359]],[[-121.93072,36.52359],[-121.93072,36.52359]],[[-121.95319,36.52336],[-121.95319,36.52336]],[[-121.93676,36.52347],[-121.93676,36.52347]],[[-121.93213,36.52347],[-121.93213,36.52347]],[[-121.93114,36.52347],[-121.93114,36.52347]],[[-121.92707,36.52347],[-121.92707,36.52347]],[[-121.95375,36.52336],[-121.95375,36.52336]],[[-121.95305,36.52325],[-121.95277,36.52313],[-121.95305,36.52325]],[[-121.93634,36.52336],[-121.93634,36.52336]],[[-121.93367,36.52325],[-121.93367,36.52325]],[[-121.93241,36.52336],[-121.93241,36.52336]],[[-121.92721,36.52336],[-121.92721,36.52336]],[[-121.95361,36.52325],[-121.95361,36.52313],[-121.95361,36.52325]],[[-121.94701,36.52325],[-121.94701,36.52325]],[[-121.93718,36.52313],[-121.93718,36.52313]],[[-121.93353,36.52313],[-121.93353,36.52313]],[[-121.92735,36.52325],[-121.92735,36.52325]],[[-121.95361,36.52313],[-121.95361,36.52313]],[[-121.95291,36.52313],[-121.95291,36.52313]],[[-121.95277,36.52313],[-121.95277,36.52313]],[[-121.95263,36.52302],[-121.95263,36.52302]],[[-121.92749,36.52313],[-121.92749,36.52313]],[[-121.95319,36.52302],[-121.95319,36.52302]],[[-121.95249,36.52291],[-121.95249,36.52291]],[[-121.94659,36.52302],[-121.94659,36.52302]],[[-121.92777,36.52302],[-121.92777,36.52302]],[[-121.94842,36.5228],[-121.94842,36.5228]],[[-121.93732,36.5228],[-121.93732,36.5228]],[[-121.93353,36.52291],[-121.93353,36.52291]],[[-121.92792,36.52291],[-121.92792,36.52291]],[[-121.9494,36.5228],[-121.9494,36.5228]],[[-121.94828,36.52268],[-121.94828,36.52268]],[[-121.93788,36.5228],[-121.93788,36.5228]],[[-121.9282,36.5228],[-121.9282,36.5228]],[[-121.95417,36.52268],[-121.95417,36.52268]],[[-121.95333,36.52268],[-121.95333,36.52268]],[[-121.95319,36.52257],[-121.95319,36.52257]],[[-121.93788,36.52257],[-121.93788,36.52257]],[[-121.93746,36.52268],[-121.93746,36.52268]],[[-121.93367,36.52268],[-121.93367,36.52268]],[[-121.92848,36.52268],[-121.92848,36.52268]],[[-121.95445,36.52257],[-121.95445,36.52257]],[[-121.95389,36.52257],[-121.95389,36.52257]],[[-121.95291,36.52246],[-121.95291,36.52246]],[[-121.94926,36.52257],[-121.94926,36.52257]],[[-121.93774,36.52246],[-121.93774,36.52246]],[[-121.93381,36.52257],[-121.93381,36.52257]],[[-121.95361,36.52246],[-121.95361,36.52246]],[[-121.95347,36.52246],[-121.95347,36.52246]],[[-121.9376,36.52234],[-121.9376,36.52234]],[[-121.93395,36.52246],[-121.93395,36.52246]],[[-121.94828,36.52234],[-121.94828,36.52234]],[[-121.93746,36.52223],[-121.93746,36.52223]],[[-121.93409,36.52234],[-121.93409,36.52234]],[[-121.93732,36.52212],[-121.93732,36.52212]],[[-121.93704,36.52201],[-121.93704,36.52201]],[[-121.93746,36.52189],[-121.93746,36.52189]],[[-121.9369,36.52178],[-121.9369,36.52178]],[[-121.94097,36.52167],[-121.94097,36.52167]],[[-121.93648,36.52167],[-121.93648,36.52167]],[[-121.9494,36.52155],[-121.9494,36.52155]],[[-121.94224,36.52144],[-121.94224,36.52144]],[[-121.94154,36.52155],[-121.94154,36.52155]],[[-121.94097,36.52155],[-121.94097,36.52155]],[[-121.94083,36.52144],[-121.94083,36.52144]],[[-121.93634,36.52144],[-121.93634,36.52144]],[[-121.95375,36.52144],[-121.95375,36.52144]],[[-121.95361,36.52133],[-121.95347,36.52133],[-121.95361,36.52133]],[[-121.94168,36.52144],[-121.94168,36.52144]],[[-121.95389,36.52133],[-121.95389,36.52133]],[[-121.95347,36.52133],[-121.95347,36.52133]],[[-121.95333,36.52122],[-121.95333,36.52122]],[[-121.93634,36.52133],[-121.93634,36.52133]],[[-121.9494,36.52122],[-121.9494,36.52122]],[[-121.93648,36.5211],[-121.93648,36.5211]],[[-121.94224,36.52099],[-121.94224,36.52099]],[[-121.93676,36.52099],[-121.93676,36.52099]],[[-121.9376,36.52076],[-121.9376,36.52076]],[[-121.9442,36.52076],[-121.9442,36.52076]],[[-121.94322,36.52076],[-121.94322,36.52076]],[[-121.94238,36.52076],[-121.94238,36.52076]],[[-121.94336,36.52065],[-121.94336,36.52065]],[[-121.93746,36.52054],[-121.93746,36.52054]],[[-121.9515,36.52054],[-121.9515,36.52054]],[[-121.93718,36.52043],[-121.93718,36.52043]],[[-121.93704,36.52031],[-121.93704,36.52031]],[[-121.9369,36.5202],[-121.9369,36.5202]],[[-121.93676,36.52009],[-121.93676,36.52009]],[[-121.93676,36.51997],[-121.93676,36.51997]],[[-121.9369,36.51986],[-121.9369,36.51986]],[[-121.93718,36.51964],[-121.93718,36.51964]],[[-121.95122,36.51964],[-121.95122,36.51964]],[[-121.95361,36.51952],[-121.95361,36.51952]],[[-121.95319,36.51952],[-121.95319,36.51952]],[[-121.93718,36.51952],[-121.93718,36.51952]],[[-121.95136,36.51941],[-121.95136,36.51941]],[[-121.93732,36.51941],[-121.93732,36.51941]],[[-121.95361,36.5193],[-121.95361,36.5193]],[[-121.9515,36.5193],[-121.9515,36.5193]],[[-121.93746,36.5193],[-121.93746,36.5193]],[[-121.95389,36.51918],[-121.95389,36.51918]],[[-121.95291,36.51918],[-121.95291,36.51918]],[[-121.9376,36.51918],[-121.9376,36.51918]],[[-121.95277,36.51907],[-121.95277,36.51907]],[[-121.95165,36.51907],[-121.95165,36.51907]],[[-121.93788,36.51907],[-121.93788,36.51907]],[[-121.95403,36.51896],[-121.95403,36.51896]],[[-121.95263,36.51896],[-121.95263,36.51896]],[[-121.95179,36.51896],[-121.95179,36.51896]],[[-121.93831,36.51896],[-121.93831,36.51896]],[[-121.95305,36.51794],[-121.95305,36.51794]],[[-121.95207,36.51749],[-121.95207,36.51749]],[[-121.95221,36.51727],[-121.95221,36.51727]],[[-121.95235,36.51715],[-121.95235,36.51715]],[[-121.9494,36.51704],[-121.9494,36.51704]],[[-121.94954,36.51693],[-121.94954,36.51693]],[[-121.95179,36.51682],[-121.95179,36.51682]],[[-121.94982,36.5167],[-121.94982,36.5167]],[[-121.98942,36.51546],[-121.98942,36.51546]],[[-121.97313,36.51535],[-121.97313,36.51535]],[[-121.99208,36.51467],[-121.99208,36.51467]],[[-121.99293,36.51433],[-121.99293,36.51433]],[[-121.94448,36.51264],[-121.94448,36.51264]],[[-121.9442,36.51264],[-121.9442,36.51264]],[[-121.94406,36.51253],[-121.94406,36.51253]],[[-121.94378,36.51241],[-121.94378,36.51241]],[[-121.9421,36.51174],[-121.9421,36.51174]],[[-121.94196,36.51151],[-121.94196,36.51151]],[[-121.99363,36.51089],[-121.99281,36.50959],[-121.99208,36.50886],[-121.99174,36.50824],[-121.99078,36.50734],[-121.98871,36.50457],[-121.98819,36.50327],[-121.98784,36.50293],[-121.98727,36.50169],[-121.9864,36.50045],[-121.98615,36.49966],[-121.98471,36.49695],[-121.98378,36.4956],[-121.98334,36.49391],[-121.9838,36.49228],[-121.98408,36.49211],[-121.98675,36.49189],[-121.98871,36.49264],[-121.99026,36.4938],[-121.99147,36.49526],[-121.99219,36.49718],[-121.99293,36.49823],[-121.99363,36.49891]],[[-121.94168,36.51083],[-121.94168,36.51083]],[[-121.94168,36.51038],[-121.94168,36.51038]],[[-121.94182,36.51027],[-121.94182,36.51027]],[[-121.94196,36.50993],[-121.94196,36.50993]],[[-121.94238,36.50982],[-121.94238,36.50982]],[[-121.94252,36.50914],[-121.94252,36.50914]],[[-121.94224,36.50914],[-121.94224,36.50914]],[[-121.94196,36.50914],[-121.94196,36.50914]],[[-121.94069,36.50801],[-121.94069,36.50801]],[[-121.94168,36.5079],[-121.94168,36.5079]],[[-121.94154,36.5079],[-121.94154,36.5079]],[[-121.94139,36.50779],[-121.94111,36.50756],[-121.94139,36.50779]],[[-121.94097,36.5079],[-121.94097,36.5079]],[[-121.94083,36.5079],[-121.94083,36.5079]],[[-121.94125,36.50767],[-121.94125,36.50767]],[[-121.9435,36.50756],[-121.9442,36.507],[-121.94378,36.50632],[-121.9435,36.50621],[-121.94336,36.50632],[-121.94294,36.50598],[-121.9428,36.50609],[-121.9428,36.50711],[-121.9435,36.50756]],[[-121.94238,36.50756],[-121.94238,36.50756]],[[-121.94111,36.50756],[-121.94111,36.50756]],[[-121.98071,36.50734],[-121.98071,36.50734]],[[-121.94364,36.50745],[-121.94364,36.50745]],[[-121.94336,36.50745],[-121.94336,36.50745]],[[-121.94224,36.50745],[-121.94224,36.50745]],[[-121.9421,36.50745],[-121.9421,36.50745]],[[-121.94392,36.50734],[-121.94392,36.50734]],[[-121.94308,36.50734],[-121.94308,36.50734]],[[-121.94294,36.50722],[-121.94294,36.50722]],[[-121.94182,36.50711],[-121.94139,36.50711],[-121.94139,36.507],[-121.94182,36.50711]],[[-121.94406,36.50711],[-121.94406,36.50711]],[[-121.94224,36.50711],[-121.94224,36.50711]],[[-121.94168,36.507],[-121.94168,36.507]],[[-121.94139,36.507],[-121.94139,36.507]],[[-121.94055,36.507],[-121.94055,36.507]],[[-121.97018,36.50666],[-121.97018,36.50666]],[[-121.97046,36.50632],[-121.97046,36.50632]],[[-121.93873,36.50621],[-121.93873,36.50621]],[[-121.93887,36.50609],[-121.93887,36.50609]],[[-121.93901,36.50598],[-121.93901,36.50598]],[[-121.93802,36.50485],[-121.93802,36.50485]],[[-121.97074,36.50474],[-121.97074,36.50474]],[[-121.93817,36.50463],[-121.93817,36.50463]],[[-121.93831,36.50451],[-121.93831,36.50451]],[[-121.93845,36.5044],[-121.93845,36.5044]],[[-121.93873,36.50429],[-121.93873,36.50429]],[[-121.93929,36.50372],[-121.93929,36.50372]],[[-121.93887,36.50372],[-121.93887,36.50372]],[[-121.97158,36.50327],[-121.97158,36.50327]],[[-121.93887,36.50316],[-121.93887,36.50316]],[[-121.93999,36.50192],[-121.93999,36.50192]],[[-121.93943,36.50158],[-121.93943,36.50158]],[[-121.93929,36.50147],[-121.93929,36.50147]],[[-121.93915,36.50147],[-121.93915,36.50147]],[[-121.93873,36.50147],[-121.93873,36.50147]],[[-121.93859,36.50135],[-121.93859,36.50135]],[[-121.94027,36.50102],[-121.94027,36.50102]],[[-121.94041,36.5009],[-121.94041,36.5009]],[[-121.93662,36.49831],[-121.93662,36.49831]],[[-121.93676,36.49797],[-121.93676,36.49797]],[[-121.93704,36.49786],[-121.93704,36.49786]],[[-121.93718,36.49774],[-121.93718,36.49774]],[[-121.93746,36.49763],[-121.93746,36.49763]],[[-121.93774,36.49752],[-121.93774,36.49752]],[[-121.93845,36.49741],[-121.93845,36.49741]],[[-121.93915,36.49684],[-121.93915,36.49684]],[[-121.93929,36.49673],[-121.93929,36.49673]],[[-121.93971,36.49662],[-121.93971,36.49662]],[[-121.93999,36.4965],[-121.93999,36.4965]],[[-121.94013,36.49639],[-121.94013,36.49639]],[[-121.94097,36.49526],[-121.94097,36.49526]],[[-121.94041,36.49526],[-121.94041,36.49526]],[[-121.94027,36.49515],[-121.94027,36.49515]],[[-121.93999,36.49504],[-121.93999,36.49504]],[[-121.93985,36.49504],[-121.93985,36.49504]],[[-121.94111,36.49458],[-121.94111,36.49458]],[[-121.94125,36.49447],[-121.94125,36.49447]],[[-121.94154,36.49436],[-121.94154,36.49436]],[[-121.94168,36.49425],[-121.94168,36.49425]],[[-121.94182,36.49413],[-121.94182,36.49413]],[[-121.94196,36.49391],[-121.94196,36.49391]],[[-121.99012,36.49368],[-121.99012,36.49368]],[[-121.9421,36.49368],[-121.9421,36.49368]],[[-121.94252,36.49334],[-121.94252,36.49334]],[[-121.94224,36.49334],[-121.94224,36.49334]],[[-121.98942,36.49323],[-121.98942,36.49323]],[[-121.94462,36.49323],[-121.94462,36.49323]],[[-121.9442,36.49323],[-121.9442,36.49323]],[[-121.9428,36.49323],[-121.9428,36.49323]],[[-121.94406,36.49312],[-121.94406,36.49312]],[[-121.94322,36.49312],[-121.94322,36.49312]],[[-121.94294,36.49312],[-121.94294,36.49312]],[[-121.94392,36.493],[-121.94392,36.493]],[[-121.94336,36.493],[-121.94336,36.493]],[[-121.989,36.49289],[-121.989,36.49289]],[[-121.9435,36.49289],[-121.9435,36.49289]],[[-121.98829,36.49244],[-121.98829,36.49244]],[[-121.94476,36.49255],[-121.94476,36.49255]],[[-121.94462,36.49233],[-121.94462,36.49233]],[[-121.94505,36.49233],[-121.94505,36.49233]],[[-121.94462,36.49165],[-121.94462,36.49165]],[[-121.94476,36.49154],[-121.94476,36.49154]],[[-121.94491,36.49142],[-121.94491,36.49142]],[[-121.94519,36.49131],[-121.94519,36.49131]],[[-121.94547,36.4912],[-121.94547,36.4912]],[[-121.94561,36.49109],[-121.94561,36.49109]]]},"properties":{"depth_m":175}},{"type":"Feature","geometry":{"type":"MultiLineString","coordinates":[[[-121.98857,36.54503],[-121.9885,36.5448],[-121.98795,36.54435],[-121.98786,36.54367],[-121.98806,36.54322],[-121.98791,36.54243],[-121.98722,36.54198],[-121.98659,36.54096],[-121.98567,36.54017],[-121.9845,36.53994],[-121.98408,36.54022],[-121.98352,36.54132],[-121.98259,36.54198],[-121.9824,36.54277],[-121.98082,36.54356],[-121.98075,36.54424],[-121.98015,36.54472],[-121.97931,36.54488],[-121.97856,36.54446],[-121.9779,36.54439],[-121.97704,36.54503]],[[-121.97383,36.54503],[-121.97299,36.54438],[-121.97229,36.5447],[-121.97116,36.54408],[-121.97032,36.54443],[-121.96918,36.54458],[-121.96856,36.54503]],[[-121.96005,36.54503],[-121.96062,36.54458],[-121.96063,36.54401],[-121.96086,36.54367],[-121.96045,36.54243],[-121.96119,36.54153],[-121.9609,36.54051],[-121.96015,36.53972],[-121.95867,36.53939],[-121.9581,36.53962],[-121.95726,36.53965],[-121.95685,36.53927],[-121.9568,36.53882],[-121.95607,36.53803],[-121.95431,36.53745],[-121.95375,36.5377],[-121.95291,36.53772],[-121.95235,36.53818],[-121.95136,36.53822],[-121.95024,36.53803],[-121.9497,36.53848],[-121.9494,36.53907],[-121.94912,36.53908],[-121.94828,36.53837],[-121.94785,36.53835],[-121.94729,36.53789],[-121.94589,36.53748],[-121.94505,36.53668],[-121.94594,36.536],[-121.94528,36.53521],[-121.94362,36.53465],[-121.94348,36.53453],[-121.94346,36.53397],[-121.94322,36.53378],[-121.94111,36.53304],[-121.94055,36.53263],[-121.93915,36.53203],[-121.93817,36.53181],[-121.93732,36.5313],[-121.93687,36.53137],[-121.93676,36.53088],[-121.93607,36.53036],[-121.93605,36.53002],[-121.93573,36.52968],[-121.93578,36.52949],[-121.93662,36.52969],[-121.93746,36.53027],[-121.93817,36.53046],[-121.93929,36.53072],[-121.94013,36.53059],[-121.94111,36.53109],[-121.94168,36.53105],[-121.94322,36.53135],[-121.94355,36.53115],[-121.94368,36.52991],[-121.94392,36.52964],[-121.94489,36.53036],[-121.94547,36.53101],[-121.94589,36.53113],[-121.94645,36.5316],[-121.94715,36.53184],[-121.94813,36.53188],[-121.94856,36.53214],[-121.94996,36.53247],[-121.95107,36.53205],[-121.95193,36.53126],[-121.95249,36.53124],[-121.95319,36.53036],[-121.95473,36.53051],[-121.95506,36.52968],[-121.9553,36.52952],[-121.9573,36.52945],[-121.95895,36.53059],[-121.95923,36.53054],[-121.95979,36.52976],[-121.96049,36.53016],[-121.96147,36.52978],[-121.96254,36.52968],[-121.96264,36.52945],[-121.96239,36.529],[-121.96274,36.52864],[-121.96372,36.52912],[-121.96512,36.52923],[-121.96567,36.52991],[-121.96695,36.5302],[-121.96746,36.52979],[-121.96731,36.529],[-121.96751,36.52873],[-121.96779,36.52873],[-121.96948,36.52967],[-121.9706,36.52976],[-121.97144,36.52961],[-121.97289,36.52844],[-121.97265,36.52787],[-121.97299,36.52753],[-121.97425,36.52753],[-121.97495,36.52731],[-121.97566,36.52749],[-121.97592,36.52731],[-121.97574,36.52641],[-121.9765,36.52585],[-121.97776,36.52586],[-121.97829,36.5255],[-121.97861,36.52504],[-121.97987,36.52488],[-121.98005,36.52471],[-121.98007,36.52438],[-121.97988,36.52392],[-121.97951,36.52359],[-121.97942,36.52302],[-121.97987,36.52216],[-121.97846,36.52202],[-121.97776,36.52158],[-121.97712,36.52088],[-121.97481,36.51939],[-121.97371,36.51896],[-121.97351,36.51873],[-121.9737,36.51738],[-121.97275,36.51682],[-121.97285,36.51647],[-121.97365,36.51557],[-121.97489,36.51467],[-121.97483,36.51411],[-121.975,36.51343],[-121.97481,36.51278],[-121.97386,36.51219],[-121.97365,36.51095],[-121.97301,36.50993],[-121.97279,36.50925],[-121.97214,36.50869],[-121.97167,36.50801],[-121.97116,36.50621],[-121.9713,36.50593],[-121.9719,36.50553],[-121.97243,36.50476],[-121.97355,36.50406],[-121.97363,36.50293],[-121.97383,36.50279],[-121.97671,36.50508],[-121.97869,36.50609],[-121.98001,36.50708],[-121.98014,36.50745],[-121.98099,36.50806],[-121.98199,36.50835],[-121.98226,36.50908],[-121.98324,36.50954],[-121.98338,36.50993],[-121.98408,36.51047],[-121.98419,36.51095],[-121.98443,36.51117],[-121.98577,36.51164],[-121.98595,36.51196],[-121.98589,36.51253],[-121.98623,36.51287],[-121.98655,36.51377],[-121.98773,36.51467],[-121.98857,36.51568],[-121.98946,36.51614],[-121.99068,36.51639],[-121.99208,36.516],[-121.99363,36.51501]],[[-121.93171,36.54503],[-121.93213,36.54469],[-121.93297,36.54446],[-121.93367,36.5448],[-121.93381,36.54469],[-121.93367,36.54446],[-121.93339,36.54458],[-121.93381,36.54379],[-121.93381,36.54345],[-121.93325,36.543],[-121.93325,36.54209],[-121.93297,36.54164],[-121.93325,36.54142],[-121.93325,36.54096],[-121.93283,36.54051],[-121.93297,36.53995],[-121.93255,36.53984],[-121.93255,36.5395],[-121.93269,36.53938],[-121.93255,36.53927],[-121.93185,36.53927],[-121.93086,36.53961],[-121.93044,36.53938],[-121.92904,36.5378],[-121.92862,36.53701],[-121.92862,36.53622],[-121.92848,36.53611],[-121.9282,36.53386],[-121.92777,36.53329],[-121.92693,36.53273],[-121.92679,36.53228],[-121.92693,36.53149],[-121.92637,36.53103]],[[-121.93185,36.54491],[-121.93185,36.54491]],[[-121.93199,36.5448],[-121.93199,36.5448]],[[-121.93353,36.54469],[-121.93353,36.54469]],[[-121.93213,36.54469],[-121.93213,36.54469]],[[-121.93241,36.54458],[-121.93241,36.54458]],[[-121.93311,36.54446],[-121.93311,36.54446]],[[-121.93297,36.54446],[-121.93297,36.54446]],[[-121.93353,36.54412],[-121.93353,36.54412]],[[-121.93367,36.5439],[-121.93367,36.5439]],[[-121.93297,36.54164],[-121.93297,36.54164]],[[-121.93311,36.54153],[-121.93311,36.54153]],[[-121.93283,36.54029],[-121.93283,36.54029]],[[-121.95754,36.53961],[-121.95754,36.53961]],[[-121.93255,36.5395],[-121.93255,36.5395]],[[-121.95024,36.53803],[-121.95024,36.53803]],[[-121.94589,36.53611],[-121.94589,36.53611]],[[-121.92679,36.53194],[-121.92679,36.53194]],[[-121.94645,36.5316],[-121.94645,36.5316]],[[-121.94631,36.53149],[-121.94631,36.53149]],[[-121.9435,36.53126],[-121.9435,36.53126]],[[-121.94505,36.53058],[-121.94505,36.53058]],[[-121.95867,36.53047],[-121.95867,36.53047]],[[-121.97538,36.52742],[-121.97538,36.52742]],[[-121.9772,36.52584],[-121.9772,36.52584]],[[-121.92637,36.52426],[-121.92749,36.52313],[-121.92848,36.52268],[-121.92946,36.5228],[-121.9296,36.52291],[-121.9296,36.52325],[-121.9303,36.5237],[-121.93157,36.52347],[-121.93185,36.5237],[-121.93241,36.52336],[-121.93367,36.52347],[-121.93381,36.52336],[-121.93353,36.52313],[-121.93353,36.52291],[-121.93409,36.52234],[-121.93522,36.52246],[-121.9355,36.52291],[-121.93578,36.52291],[-121.93578,36.52313],[-121.93606,36.52347],[-121.93648,36.52336],[-121.93662,36.52359],[-121.93718,36.52347],[-121.93732,36.52325],[-121.93718,36.52313],[-121.93746,36.52302],[-121.93732,36.52313],[-121.93746,36.52325],[-121.9376,36.52313],[-121.93746,36.52325],[-121.9376,36.52336],[-121.93774,36.52325],[-121.93732,36.5228],[-121.93746,36.52268],[-121.93774,36.52291],[-121.93802,36.52268],[-121.93732,36.52212],[-121.9376,36.52201],[-121.93732,36.52178],[-121.93676,36.52167],[-121.93662,36.52189],[-121.93634,36.52144],[-121.93648,36.5211],[-121.93676,36.52099],[-121.93704,36.52099],[-121.93718,36.52133],[-121.9376,36.52144],[-121.93774,36.52133],[-121.9376,36.52065],[-121.93676,36.51997],[-121.93732,36.51986],[-121.93718,36.51952],[-121.9376,36.51918],[-121.93831,36.51896],[-121.93915,36.51896],[-121.94013,36.51918],[-121.94083,36.51964],[-121.94069,36.5202],[-121.93999,36.52076],[-121.93985,36.5211],[-121.94055,36.52144],[-121.94055,36.52178],[-121.94069,36.52189],[-121.94097,36.52201],[-121.94111,36.52189],[-121.94097,36.52201],[-121.94111,36.52223],[-121.94125,36.52201],[-121.94097,36.52155],[-121.94139,36.52167],[-121.94168,36.52144],[-121.9421,36.52178],[-121.94238,36.52167],[-121.94224,36.5211],[-121.94238,36.52076],[-121.94308,36.52088],[-121.94336,36.52065],[-121.94406,36.52099],[-121.9442,36.52076],[-121.94448,36.52076],[-121.94476,36.52099],[-121.94462,36.52122],[-121.94476,36.52144],[-121.94448,36.52167],[-121.94434,36.52155],[-121.9442,36.52167],[-121.94434,36.52178],[-121.94448,36.52167],[-121.94434,36.52189],[-121.94505,36.52234],[-121.94561,36.52234],[-121.94561,36.52257],[-121.94589,36.52291],[-121.94617,36.52291],[-121.94645,36.52313],[-121.94659,36.52302],[-121.94687,36.52336],[-121.94701,36.52325],[-121.94813,36.52404],[-121.94856,36.5237],[-121.94856,36.52291],[-121.94828,36.52268],[-121.94828,36.52234],[-121.9487,36.52234],[-121.94898,36.52268],[-121.9494,36.52257],[-121.94912,36.52268],[-121.94926,36.52291],[-121.94954,36.52268],[-121.9494,36.52257],[-121.94954,36.52223],[-121.9494,36.52122],[-121.94968,36.52122],[-121.95122,36.52268],[-121.95249,36.52347],[-121.95249,36.5237],[-121.95291,36.52404],[-121.95333,36.52392],[-121.95319,36.5237],[-121.95333,36.52347],[-121.95305,36.52325],[-121.95319,36.52302],[-121.95347,36.52336],[-121.95361,36.52325],[-121.95347,36.52336],[-121.95361,36.52347],[-121.95375,36.52336],[-121.95403,36.52359],[-121.95431,36.52415],[-121.95473,36.52438],[-121.95487,36.52426],[-121.95487,36.52404],[-121.95459,36.52381],[-121.95487,36.5237],[-121.95375,36.5228],[-121.95333,36.52268],[-121.95361,36.52246],[-121.95431,36.5228],[-121.95459,36.52246],[-121.95417,36.52167],[-121.95375,36.52144],[-121.95403,36.52122],[-121.95249,36.52043],[-121.9515,36.52054],[-121.95179,36.52043],[-121.95179,36.52009],[-121.9515,36.51975],[-121.95122,36.51975],[-121.95179,36.51896],[-121.95263,36.51896],[-121.95291,36.51918],[-121.95291,36.51941],[-121.95333,36.51964],[-121.95375,36.51941],[-121.95361,36.5193],[-121.95403,36.51896],[-121.95445,36.51907],[-121.95459,36.51885],[-121.95417,36.51794],[-121.95361,36.51749],[-121.95319,36.51749],[-121.95291,36.51783],[-121.95305,36.51794],[-121.95305,36.51828],[-121.95235,36.51817],[-121.95235,36.51772],[-121.95207,36.51749],[-121.95249,36.51704],[-121.95179,36.51648],[-121.95165,36.5167],[-121.95179,36.51682],[-121.95165,36.51682],[-121.95094,36.51636],[-121.95052,36.51715],[-121.95024,36.51704],[-121.94996,36.51715],[-121.94968,36.51693],[-121.9494,36.51704],[-121.94982,36.51682],[-121.94996,36.51636],[-121.94954,36.51614],[-121.94954,36.51569],[-121.94926,36.51546],[-121.94884,36.5158],[-121.94884,36.51557],[-121.94813,36.5149],[-121.94799,36.51399],[-121.94771,36.51377],[-121.94757,36.51411],[-121.94729,36.51343],[-121.94687,36.51354],[-121.94659,36.5132],[-121.94575,36.5132],[-121.94561,36.51354],[-121.94561,36.51298],[-121.94533,36.51275],[-121.94505,36.51275],[-121.9442,36.5132],[-121.94378,36.51298],[-121.94378,36.51241],[-121.94434,36.51275],[-121.94462,36.51253],[-121.94364,36.51185],[-121.94322,36.51196],[-121.94294,36.51174],[-121.94252,36.51174],[-121.94224,36.51196],[-121.9421,36.51185],[-121.94238,36.51162],[-121.94196,36.51151],[-121.94252,36.5114],[-121.94168,36.51129],[-121.94168,36.51083],[-121.94196,36.51061],[-121.94168,36.51038],[-121.94196,36.51016],[-121.94196,36.50993],[-121.94238,36.51004],[-121.94252,36.50993],[-121.94238,36.50982],[-121.94266,36.50971],[-121.94224,36.50959],[-121.94224,36.50937],[-121.94196,36.50914],[-121.94238,36.50925],[-121.94266,36.50903],[-121.94224,36.50858],[-121.94196,36.5088],[-121.94154,36.50835],[-121.94111,36.50846],[-121.94097,36.50824],[-121.94069,36.50824],[-121.94069,36.50801],[-121.94097,36.5079],[-121.9421,36.50801],[-121.94224,36.5079],[-121.94224,36.50756],[-121.9421,36.50745],[-121.94252,36.50767],[-121.94266,36.50756],[-121.94224,36.50711],[-121.94238,36.50688],[-121.94182,36.50643],[-121.94125,36.50688],[-121.94111,36.50666],[-121.94055,36.50677],[-121.94041,36.50688],[-121.94055,36.50711],[-121.94013,36.50688],[-121.93943,36.507],[-121.93873,36.50632],[-121.93915,36.50587],[-121.93915,36.50564],[-121.93859,36.50553],[-121.93859,36.5053],[-121.93802,36.50485],[-121.93845,36.5044],[-121.93901,36.50418],[-121.93887,36.50372],[-121.93915,36.50384],[-121.93943,36.50361],[-121.93943,36.50339],[-121.93915,36.50316],[-121.93887,36.50327],[-121.93901,36.50282],[-121.93873,36.50237],[-121.93859,36.50135],[-121.93887,36.50158],[-121.93929,36.50147],[-121.93957,36.50203],[-121.94013,36.50192],[-121.94027,36.50181],[-121.94027,36.50102],[-121.94055,36.50079],[-121.94055,36.50023],[-121.93985,36.49955],[-121.93943,36.49966],[-121.93929,36.49944],[-121.93915,36.49955],[-121.93887,36.4991],[-121.93817,36.49876],[-121.93788,36.49876],[-121.9376,36.4991],[-121.9376,36.49932],[-121.93746,36.49932],[-121.93718,36.49887],[-121.93662,36.49865],[-121.93676,36.49797],[-121.93774,36.49752],[-121.93915,36.49729],[-121.93915,36.49684],[-121.93985,36.49662],[-121.94027,36.49628],[-121.94013,36.49549],[-121.93985,36.49504],[-121.94083,36.49537],[-121.94111,36.49515],[-121.94111,36.49458],[-121.94196,36.49402],[-121.94224,36.49334],[-121.94266,36.49346],[-121.94294,36.49312],[-121.94294,36.49346],[-121.94308,36.49357],[-121.94322,36.49346],[-121.94322,36.49312],[-121.9435,36.49289],[-121.94448,36.49334],[-121.94476,36.49312],[-121.94476,36.49255],[-121.94519,36.49221],[-121.94462,36.49165],[-121.94575,36.49097]],[[-121.98057,36.52406],[-121.98062,36.52392],[-121.98046,36.52392],[-121.98057,36.52406]],[[-121.92651,36.52415],[-121.92651,36.52415]],[[-121.92665,36.52392],[-121.92665,36.52392]],[[-121.95459,36.52381],[-121.95459,36.52381]],[[-121.95319,36.5237],[-121.95319,36.5237]],[[-121.94828,36.52381],[-121.94828,36.52381]],[[-121.92679,36.52381],[-121.92679,36.52381]],[[-121.92693,36.5237],[-121.92693,36.5237]],[[-121.93199,36.52359],[-121.93199,36.52359]],[[-121.93072,36.52359],[-121.93072,36.52359]],[[-121.95319,36.52336],[-121.95319,36.52336]],[[-121.93676,36.52347],[-121.93676,36.52347]],[[-121.93213,36.52347],[-121.93213,36.52347]],[[-121.93114,36.52347],[-121.93114,36.52347]],[[-121.92707,36.52347],[-121.92707,36.52347]],[[-121.95375,36.52336],[-121.95375,36.52336]],[[-121.95305,36.52325],[-121.95277,36.52313],[-121.95305,36.52325]],[[-121.93634,36.52336],[-121.93634,36.52336]],[[-121.93367,36.52325],[-121.93367,36.52325]],[[-121.93241,36.52336],[-121.93241,36.52336]],[[-121.92721,36.52336],[-121.92721,36.52336]],[[-121.95361,36.52325],[-121.95361,36.52313],[-121.95361,36.52325]],[[-121.94701,36.52325],[-121.94701,36.52325]],[[-121.93718,36.52313],[-121.93718,36.52313]],[[-121.93353,36.52313],[-121.93353,36.52313]],[[-121.92735,36.52325],[-121.92735,36.52325]],[[-121.95361,36.52313],[-121.95361,36.52313]],[[-121.95291,36.52313],[-121.95291,36.52313]],[[-121.95277,36.52313],[-121.95277,36.52313]],[[-121.95263,36.52302],[-121.95263,36.52302]],[[-121.92749,36.52313],[-121.92749,36.52313]],[[-121.95319,36.52302],[-121.95319,36.52302]],[[-121.95249,36.52291],[-121.95249,36.52291]],[[-121.94659,36.52302],[-121.94659,36.52302]],[[-121.92777,36.52302],[-121.92777,36.52302]],[[-121.94842,36.5228],[-121.94842,36.5228]],[[-121.93732,36.5228],[-121.93732,36.5228]],[[-121.93353,36.52291],[-121.93353,36.52291]],[[-121.92792,36.52291],[-121.92792,36.52291]],[[-121.9494,36.5228],[-121.9494,36.5228]],[[-121.94828,36.52268],[-121.94828,36.52268]],[[-121.93788,36.5228],[-121.93788,36.5228]],[[-121.9282,36.5228],[-121.9282,36.5228]],[[-121.95417,36.52268],[-121.95417,36.52268]],[[-121.95333,36.52268],[-121.95333,36.52268]],[[-121.95319,36.52257],[-121.95319,36.52257]],[[-121.93788,36.52257],[-121.93788,36.52257]],[[-121.93746,36.52268],[-121.93746,36.52268]],[[-121.93367,36.52268],[-121.93367,36.52268]],[[-121.92848,36.52268],[-121.92848,36.52268]],[[-121.95445,36.52257],[-121.95445,36.52257]],[[-121.95389,36.52257],[-121.95389,36.52257]],[[-121.95291,36.52246],[-121.95291,36.52246]],[[-121.94926,36.52257],[-121.94926,36.52257]],[[-121.93774,36.52246],[-121.93774,36.52246]],[[-121.93381,36.52257],[-121.93381,36.52257]],[[-121.95361,36.52246],[-121.95361,36.52246]],[[-121.95347,36.52246],[-121.95347,36.52246]],[[-121.9376,36.52234],[-121.9376,36.52234]],[[-121.93395,36.52246],[-121.93395,36.52246]],[[-121.94828,36.52234],[-121.94828,36.52234]],[[-121.93746,36.52223],[-121.93746,36.52223]],[[-121.93409,36.52234],[-121.93409,36.52234]],[[-121.93732,36.52212],[-121.93732,36.52212]],[[-121.93704,36.52201],[-121.93704,36.52201]],[[-121.93746,36.52189],[-121.93746,36.52189]],[[-121.9369,36.52178],[-121.9369,36.52178]],[[-121.94097,36.52167],[-121.94097,36.52167]],[[-121.93648,36.52167],[-121.93648,36.52167]],[[-121.9494,36.52155],[-121.9494,36.52155]],[[-121.94224,36.52144],[-121.94224,36.52144]],[[-121.94154,36.52155],[-121.94154,36.52155]],[[-121.94097,36.52155],[-121.94097,36.52155]],[[-121.94083,36.52144],[-121.94083,36.52144]],[[-121.93634,36.52144],[-121.93634,36.52144]],[[-121.95375,36.52144],[-121.95375,36.52144]],[[-121.95361,36.52133],[-121.95347,36.52133],[-121.95361,36.52133]],[[-121.94168,36.52144],[-121.94168,36.52144]],[[-121.95389,36.52133],[-121.95389,36.52133]],[[-121.95347,36.52133],[-121.95347,36.52133]],[[-121.95333,36.52122],[-121.95333,36.52122]],[[-121.93634,36.52133],[-121.93634,36.52133]],[[-121.9494,36.52122],[-121.9494,36.52122]],[[-121.93648,36.5211],[-121.93648,36.5211]],[[-121.94224,36.52099],[-121.94224,36.52099]],[[-121.93676,36.52099],[-121.93676,36.52099]],[[-121.9376,36.52076],[-121.9376,36.52076]],[[-121.9442,36.52076],[-121.9442,36.52076]],[[-121.94322,36.52076],[-121.94322,36.52076]],[[-121.94238,36.52076],[-121.94238,36.52076]],[[-121.94336,36.52065],[-121.94336,36.52065]],[[-121.93746,36.52054],[-121.93746,36.52054]],[[-121.9515,36.52054],[-121.9515,36.52054]],[[-121.93718,36.52043],[-121.93718,36.52043]],[[-121.93704,36.52031],[-121.93704,36.52031]],[[-121.9369,36.5202],[-121.9369,36.5202]],[[-121.93676,36.52009],[-121.93676,36.52009]],[[-121.93676,36.51997],[-121.93676,36.51997]],[[-121.9369,36.51986],[-121.9369,36.51986]],[[-121.93718,36.51964],[-121.93718,36.51964]],[[-121.95122,36.51964],[-121.95122,36.51964]],[[-121.95361,36.51952],[-121.95361,36.51952]],[[-121.95319,36.51952],[-121.95319,36.51952]],[[-121.93718,36.51952],[-121.93718,36.51952]],[[-121.95136,36.51941],[-121.95136,36.51941]],[[-121.93732,36.51941],[-121.93732,36.51941]],[[-121.95361,36.5193],[-121.95361,36.5193]],[[-121.9515,36.5193],[-121.9515,36.5193]],[[-121.93746,36.5193],[-121.93746,36.5193]],[[-121.95389,36.51918],[-121.95389,36.51918]],[[-121.95291,36.51918],[-121.95291,36.51918]],[[-121.9376,36.51918],[-121.9376,36.51918]],[[-121.95277,36.51907],[-121.95277,36.51907]],[[-121.95165,36.51907],[-121.95165,36.51907]],[[-121.93788,36.51907],[-121.93788,36.51907]],[[-121.95403,36.51896],[-121.95403,36.51896]],[[-121.95263,36.51896],[-121.95263,36.51896]],[[-121.95179,36.51896],[-121.95179,36.51896]],[[-121.93831,36.51896],[-121.93831,36.51896]],[[-121.95305,36.51794],[-121.95305,36.51794]],[[-121.95207,36.51749],[-121.95207,36.51749]],[[-121.95221,36.51727],[-121.95221,36.51727]],[[-121.95235,36.51715],[-121.95235,36.51715]],[[-121.9494,36.51704],[-121.9494,36.51704]],[[-121.94954,36.51693],[-121.94954,36.51693]],[[-121.95179,36.51682],[-121.95179,36.51682]],[[-121.94982,36.5167],[-121.94982,36.5167]],[[-121.9911,36.51625],[-121.9911,36.51625]],[[-121.98773,36.51467],[-121.98773,36.51467]],[[-121.94448,36.51264],[-121.94448,36.51264]],[[-121.9442,36.51264],[-121.9442,36.51264]],[[-121.94406,36.51253],[-121.94406,36.51253]],[[-121.94378,36.51241],[-121.94378,36.51241]],[[-121.9421,36.51174],[-121.9421,36.51174]],[[-121.94196,36.51151],[-121.94196,36.51151]],[[-121.94168,36.51083],[-121.94168,36.51083]],[[-121.94168,36.51038],[-121.94168,36.51038]],[[-121.94182,36.51027],[-121.94182,36.51027]],[[-121.98338,36.50993],[-121.98338,36.50993]],[[-121.94196,36.50993],[-121.94196,36.50993]],[[-121.94238,36.50982],[-121.94238,36.50982]],[[-121.94252,36.50914],[-121.94252,36.50914]],[[-121.94224,36.50914],[-121.94224,36.50914]],[[-121.94196,36.50914],[-121.94196,36.50914]],[[-121.99363,36.5085],[-121.99148,36.50666],[-121.9903,36.50497],[-121.98925,36.50395],[-121.98789,36.50181],[-121.98713,36.50034],[-121.98696,36.49966],[-121.9865,36.4991],[-121.98646,36.49865],[-121.98605,36.49831],[-121.9856,36.49718],[-121.98558,36.49594],[-121.98647,36.49547],[-121.98731,36.49534],[-121.98843,36.49464],[-121.98916,36.49515],[-121.99031,36.49718],[-121.99073,36.49842],[-121.99147,36.49955],[-121.99152,36.5],[-121.9926,36.50102],[-121.99363,36.50246]],[[-121.94069,36.50801],[-121.94069,36.50801]],[[-121.94168,36.5079],[-121.94168,36.5079]],[[-121.94154,36.5079],[-121.94154,36.5079]],[[-121.94139,36.50779],[-121.94111,36.50756],[-121.94139,36.50779]],[[-121.94097,36.5079],[-121.94097,36.5079]],[[-121.94083,36.5079],[-121.94083,36.5079]],[[-121.94125,36.50767],[-121.94125,36.50767]],[[-121.9435,36.50756],[-121.9442,36.507],[-121.94378,36.50632],[-121.9435,36.50621],[-121.94336,36.50632],[-121.94294,36.50598],[-121.9428,36.50609],[-121.9428,36.50711],[-121.9435,36.50756]],[[-121.94238,36.50756],[-121.94238,36.50756]],[[-121.94111,36.50756],[-121.94111,36.50756]],[[-121.94364,36.50745],[-121.94364,36.50745]],[[-121.94336,36.50745],[-121.94336,36.50745]],[[-121.94224,36.50745],[-121.94224,36.50745]],[[-121.9421,36.50745],[-121.9421,36.50745]],[[-121.94392,36.50734],[-121.94392,36.50734]],[[-121.94308,36.50734],[-121.94308,36.50734]],[[-121.94294,36.50722],[-121.94294,36.50722]],[[-121.94182,36.50711],[-121.94139,36.50711],[-121.94139,36.507],[-121.94182,36.50711]],[[-121.94406,36.50711],[-121.94406,36.50711]],[[-121.94224,36.50711],[-121.94224,36.50711]],[[-121.97973,36.50688],[-121.97973,36.50688]],[[-121.94168,36.507],[-121.94168,36.507]],[[-121.94139,36.507],[-121.94139,36.507]],[[-121.94055,36.507],[-121.94055,36.507]],[[-121.93873,36.50621],[-121.93873,36.50621]],[[-121.93887,36.50609],[-121.93887,36.50609]],[[-121.93901,36.50598],[-121.93901,36.50598]],[[-121.93802,36.50485],[-121.93802,36.50485]],[[-121.93817,36.50463],[-121.93817,36.50463]],[[-121.93831,36.50451],[-121.93831,36.50451]],[[-121.93845,36.5044],[-121.93845,36.5044]],[[-121.97327,36.50429],[-121.97327,36.50429]],[[-121.93873,36.50429],[-121.93873,36.50429]],[[-121.97341,36.50418],[-121.97341,36.50418]],[[-121.97355,36.50406],[-121.97355,36.50406]],[[-121.93929,36.50372],[-121.93929,36.50372]],[[-121.93887,36.50372],[-121.93887,36.50372]],[[-121.93887,36.50316],[-121.93887,36.50316]],[[-121.93999,36.50192],[-121.93999,36.50192]],[[-121.93943,36.50158],[-121.93943,36.50158]],[[-121.93929,36.50147],[-121.93929,36.50147]],[[-121.93915,36.50147],[-121.93915,36.50147]],[[-121.93873,36.50147],[-121.93873,36.50147]],[[-121.93859,36.50135],[-121.93859,36.50135]],[[-121.94027,36.50102],[-121.94027,36.50102]],[[-121.94041,36.5009],[-121.94041,36.5009]],[[-121.93662,36.49831],[-121.93662,36.49831]],[[-121.93676,36.49797],[-121.93676,36.49797]],[[-121.93704,36.49786],[-121.93704,36.49786]],[[-121.93718,36.49774],[-121.93718,36.49774]],[[-121.93746,36.49763],[-121.93746,36.49763]],[[-121.9904,36.49741],[-121.9904,36.49741]],[[-121.93774,36.49752],[-121.93774,36.49752]],[[-121.93845,36.49741],[-121.93845,36.49741]],[[-121.93915,36.49684],[-121.93915,36.49684]],[[-121.93929,36.49673],[-121.93929,36.49673]],[[-121.93971,36.49662],[-121.93971,36.49662]],[[-121.93999,36.4965],[-121.93999,36.4965]],[[-121.94013,36.49639],[-121.94013,36.49639]],[[-121.94097,36.49526],[-121.94097,36.49526]],[[-121.94041,36.49526],[-121.94041,36.49526]],[[-121.94027,36.49515],[-121.94027,36.49515]],[[-121.93999,36.49504],[-121.93999,36.49504]],[[-121.93985,36.49504],[-121.93985,36.49504]],[[-121.94111,36.49458],[-121.94111,36.49458]],[[-121.94125,36.49447],[-121.94125,36.49447]],[[-121.94154,36.49436],[-121.94154,36.49436]],[[-121.94168,36.49425],[-121.94168,36.49425]],[[-121.94182,36.49413],[-121.94182,36.49413]],[[-121.94196,36.49391],[-121.94196,36.49391]],[[-121.9421,36.49368],[-121.9421,36.49368]],[[-121.94252,36.49334],[-121.94252,36.49334]],[[-121.94224,36.49334],[-121.94224,36.49334]],[[-121.94462,36.49323],[-121.94462,36.49323]],[[-121.9442,36.49323],[-121.9442,36.49323]],[[-121.9428,36.49323],[-121.9428,36.49323]],[[-121.94406,36.49312],[-121.94406,36.49312]],[[-121.94322,36.49312],[-121.94322,36.49312]],[[-121.94294,36.49312],[-121.94294,36.49312]],[[-121.94392,36.493],[-121.94392,36.493]],[[-121.94336,36.493],[-121.94336,36.493]],[[-121.9435,36.49289],[-121.9435,36.49289]],[[-121.94476,36.49255],[-121.94476,36.49255]],[[-121.94462,36.49233],[-121.94462,36.49233]],[[-121.94505,36.49233],[-121.94505,36.49233]],[[-121.94462,36.49165],[-121.94462,36.49165]],[[-121.94476,36.49154],[-121.94476,36.49154]],[[-121.94491,36.49142],[-121.94491,36.49142]],[[-121.94519,36.49131],[-121.94519,36.49131]],[[-121.94547,36.4912],[-121.94547,36.4912]],[[-121.94561,36.49109],[-121.94561,36.49109]]]},"properties":{"depth_m":200}},{"type":"Feature","geometry":{"type":"MultiLineString","coordinates":[[[-121.98885,36.54503],[-121.98871,36.54447],[-121.98821,36.54412],[-121.98833,36.54322],[-121.98818,36.54243],[-121.98762,36.54198],[-121.98696,36.54085],[-121.98591,36.53998],[-121.98507,36.53961],[-121.98464,36.53922],[-121.98441,36.53871],[-121.98338,36.53847],[-121.98315,36.53859],[-121.98318,36.53882],[-121.9836,36.53927],[-121.9837,36.53961],[-121.98335,36.54074],[-121.98296,36.54124],[-121.98198,36.54175],[-121.98195,36.54266],[-121.98131,36.54311],[-121.98071,36.54324],[-121.98048,36.54345],[-121.98037,36.54401],[-121.97959,36.54455],[-121.97875,36.54417],[-121.9779,36.54409],[-121.97743,36.54424],[-121.97632,36.54503]],[[-121.97599,36.54503],[-121.9758,36.54491],[-121.97548,36.54503]],[[-121.97422,36.54503],[-121.97299,36.54413],[-121.97215,36.54432],[-121.97116,36.54367],[-121.96862,36.54446],[-121.96829,36.54469],[-121.9682,36.54503]],[[-121.96076,36.54503],[-121.96113,36.54458],[-121.96112,36.54401],[-121.96129,36.54367],[-121.96086,36.54254],[-121.96172,36.54164],[-121.96143,36.54108],[-121.9614,36.54051],[-121.96079,36.53995],[-121.96055,36.5395],[-121.95881,36.53912],[-121.9574,36.53928],[-121.95715,36.53905],[-121.95712,36.53871],[-121.95669,36.53837],[-121.95661,36.53803],[-121.95634,36.5378],[-121.9553,36.5374],[-121.95417,36.53722],[-121.95347,36.53746],[-121.95291,36.53746],[-121.95221,36.53786],[-121.9515,36.53798],[-121.9501,36.5377],[-121.94926,36.53857],[-121.94898,36.53861],[-121.94828,36.53792],[-121.94659,36.53732],[-121.94587,36.53679],[-121.94592,36.53656],[-121.94635,36.53645],[-121.94658,36.53611],[-121.94548,36.53498],[-121.94392,36.5343],[-121.94381,36.53374],[-121.94364,36.53361],[-121.94294,36.53355],[-121.94111,36.53284],[-121.94055,36.53244],[-121.93817,36.53155],[-121.93738,36.53092],[-121.93859,36.53077],[-121.93943,36.53101],[-121.94027,36.53096],[-121.94111,36.53136],[-121.94168,36.53131],[-121.94224,36.53152],[-121.94364,36.53166],[-121.94384,36.53149],[-121.94392,36.53047],[-121.9442,36.53032],[-121.94547,36.53136],[-121.94631,36.53177],[-121.94813,36.53217],[-121.9501,36.53286],[-121.95235,36.53192],[-121.95361,36.53074],[-121.95459,36.53092],[-121.95516,36.53077],[-121.9554,36.53058],[-121.95573,36.52991],[-121.956,36.52975],[-121.95698,36.52973],[-121.9574,36.53011],[-121.95782,36.53012],[-121.95909,36.53107],[-121.95979,36.5302],[-121.96007,36.53015],[-121.96063,36.53044],[-121.96176,36.5299],[-121.9626,36.52987],[-121.96278,36.52968],[-121.96276,36.52923],[-121.96302,36.52911],[-121.96372,36.52955],[-121.964,36.52939],[-121.96484,36.52942],[-121.96541,36.53009],[-121.96709,36.53049],[-121.96762,36.53024],[-121.96782,36.52979],[-121.96769,36.52923],[-121.96793,36.52906],[-121.96934,36.52985],[-121.97074,36.53004],[-121.97158,36.52983],[-121.97257,36.52895],[-121.97328,36.52855],[-121.97296,36.52799],[-121.97313,36.52774],[-121.97439,36.52766],[-121.97495,36.52746],[-121.97594,36.52761],[-121.97617,36.52742],[-121.97624,36.52708],[-121.97614,36.52641],[-121.9765,36.52613],[-121.9779,36.52613],[-121.97889,36.52533],[-121.98029,36.52517],[-121.98064,36.5246],[-121.98083,36.5237],[-121.9798,36.52347],[-121.9799,36.52257],[-121.98026,36.52223],[-121.98017,36.52201],[-121.97818,36.52139],[-121.97706,36.52033],[-121.97407,36.51851],[-121.97441,36.51715],[-121.97361,36.51648],[-121.97411,36.51591],[-121.97558,36.5149],[-121.97537,36.51422],[-121.97552,36.51343],[-121.97509,36.51253],[-121.9743,36.51196],[-121.97412,36.5114],[-121.97412,36.51072],[-121.97346,36.50971],[-121.97265,36.50734],[-121.97284,36.50666],[-121.97439,36.50524],[-121.97453,36.50434],[-121.97467,36.50423],[-121.97509,36.50436],[-121.97706,36.50585],[-121.97806,36.50632],[-121.97899,36.50711],[-121.97946,36.50722],[-121.97975,36.50767],[-121.98071,36.50844],[-121.98141,36.50861],[-121.98164,36.5088],[-121.98177,36.50937],[-121.98279,36.50982],[-121.98362,36.51061],[-121.98366,36.51117],[-121.9838,36.5113],[-121.98436,36.51164],[-121.98492,36.51169],[-121.98542,36.51196],[-121.98546,36.51264],[-121.98582,36.51309],[-121.98616,36.51411],[-121.98739,36.5149],[-121.98801,36.51571],[-121.98868,36.51625],[-121.99194,36.51741],[-121.99363,36.51611]],[[-121.93171,36.54503],[-121.93213,36.54469],[-121.93297,36.54446],[-121.93367,36.5448],[-121.93381,36.54469],[-121.93367,36.54446],[-121.93339,36.54458],[-121.93381,36.54379],[-121.93381,36.54345],[-121.93325,36.543],[-121.93325,36.54209],[-121.93297,36.54164],[-121.93325,36.54142],[-121.93325,36.54096],[-121.93283,36.54051],[-121.93297,36.53995],[-121.93255,36.53984],[-121.93255,36.5395],[-121.93269,36.53938],[-121.93255,36.53927],[-121.93185,36.53927],[-121.93086,36.53961],[-121.93044,36.53938],[-121.92904,36.5378],[-121.92862,36.53701],[-121.92862,36.53622],[-121.92848,36.53611],[-121.9282,36.53386],[-121.92777,36.53329],[-121.92693,36.53273],[-121.92679,36.53228],[-121.92693,36.53149],[-121.92637,36.53103]],[[-121.93185,36.54491],[-121.93185,36.54491]],[[-121.93199,36.5448],[-121.93199,36.5448]],[[-121.93353,36.54469],[-121.93353,36.54469]],[[-121.93213,36.54469],[-121.93213,36.54469]],[[-121.93241,36.54458],[-121.93241,36.54458]],[[-121.93311,36.54446],[-121.93311,36.54446]],[[-121.93297,36.54446],[-121.93297,36.54446]],[[-121.93353,36.54412],[-121.93353,36.54412]],[[-121.93367,36.5439],[-121.93367,36.5439]],[[-121.93297,36.54164],[-121.93297,36.54164]],[[-121.93311,36.54153],[-121.93311,36.54153]],[[-121.98324,36.54096],[-121.98324,36.54096]],[[-121.93283,36.54029],[-121.93283,36.54029]],[[-121.93255,36.5395],[-121.93255,36.5395]],[[-121.94996,36.5378],[-121.94996,36.5378]],[[-121.94968,36.53273],[-121.94968,36.53273]],[[-121.92679,36.53194],[-121.92679,36.53194]],[[-121.96807,36.52912],[-121.96807,36.52912]],[[-121.97804,36.52607],[-121.97804,36.52607]],[[-121.92637,36.52426],[-121.92749,36.52313],[-121.92848,36.52268],[-121.92946,36.5228],[-121.9296,36.52291],[-121.9296,36.52325],[-121.9303,36.5237],[-121.93157,36.52347],[-121.93185,36.5237],[-121.93241,36.52336],[-121.93367,36.52347],[-121.93381,36.52336],[-121.93353,36.52313],[-121.93353,36.52291],[-121.93409,36.52234],[-121.93522,36.52246],[-121.9355,36.52291],[-121.93578,36.52291],[-121.93578,36.52313],[-121.93606,36.52347],[-121.93648,36.52336],[-121.93662,36.52359],[-121.93718,36.52347],[-121.93732,36.52325],[-121.93718,36.52313],[-121.93746,36.52302],[-121.93732,36.52313],[-121.93746,36.52325],[-121.9376,36.52313],[-121.93746,36.52325],[-121.9376,36.52336],[-121.93774,36.52325],[-121.93732,36.5228],[-121.93746,36.52268],[-121.93774,36.52291],[-121.93802,36.52268],[-121.93732,36.52212],[-121.9376,36.52201],[-121.93732,36.52178],[-121.93676,36.52167],[-121.93662,36.52189],[-121.93634,36.52144],[-121.93648,36.5211],[-121.93676,36.52099],[-121.93704,36.52099],[-121.93718,36.52133],[-121.9376,36.52144],[-121.93774,36.52133],[-121.9376,36.52065],[-121.93676,36.51997],[-121.93732,36.51986],[-121.93718,36.51952],[-121.9376,36.51918],[-121.93831,36.51896],[-121.93915,36.51896],[-121.94013,36.51918],[-121.94083,36.51964],[-121.94069,36.5202],[-121.93999,36.52076],[-121.93985,36.5211],[-121.94055,36.52144],[-121.94055,36.52178],[-121.94069,36.52189],[-121.94097,36.52201],[-121.94111,36.52189],[-121.94097,36.52201],[-121.94111,36.52223],[-121.94125,36.52201],[-121.94097,36.52155],[-121.94139,36.52167],[-121.94168,36.52144],[-121.9421,36.52178],[-121.94238,36.52167],[-121.94224,36.5211],[-121.94238,36.52076],[-121.94308,36.52088],[-121.94336,36.52065],[-121.94406,36.52099],[-121.9442,36.52076],[-121.94448,36.52076],[-121.94476,36.52099],[-121.94462,36.52122],[-121.94476,36.52144],[-121.94448,36.52167],[-121.94434,36.52155],[-121.9442,36.52167],[-121.94434,36.52178],[-121.94448,36.52167],[-121.94434,36.52189],[-121.94505,36.52234],[-121.94561,36.52234],[-121.94561,36.52257],[-121.94589,36.52291],[-121.94617,36.52291],[-121.94645,36.52313],[-121.94659,36.52302],[-121.94687,36.52336],[-121.94701,36.52325],[-121.94813,36.52404],[-121.94856,36.5237],[-121.94856,36.52291],[-121.94828,36.52268],[-121.94828,36.52234],[-121.9487,36.52234],[-121.94898,36.52268],[-121.9494,36.52257],[-121.94912,36.52268],[-121.94926,36.52291],[-121.94954,36.52268],[-121.9494,36.52257],[-121.94954,36.52223],[-121.9494,36.52122],[-121.94968,36.52122],[-121.95122,36.52268],[-121.95249,36.52347],[-121.95249,36.5237],[-121.95291,36.52404],[-121.95333,36.52392],[-121.95319,36.5237],[-121.95333,36.52347],[-121.95305,36.52325],[-121.95319,36.52302],[-121.95347,36.52336],[-121.95361,36.52325],[-121.95347,36.52336],[-121.95361,36.52347],[-121.95375,36.52336],[-121.95403,36.52359],[-121.95431,36.52415],[-121.95473,36.52438],[-121.95487,36.52426],[-121.95487,36.52404],[-121.95459,36.52381],[-121.95487,36.5237],[-121.95375,36.5228],[-121.95333,36.52268],[-121.95361,36.52246],[-121.95431,36.5228],[-121.95459,36.52246],[-121.95417,36.52167],[-121.95375,36.52144],[-121.95403,36.52122],[-121.95249,36.52043],[-121.9515,36.52054],[-121.95179,36.52043],[-121.95179,36.52009],[-121.9515,36.51975],[-121.95122,36.51975],[-121.95179,36.51896],[-121.95263,36.51896],[-121.95291,36.51918],[-121.95291,36.51941],[-121.95333,36.51964],[-121.95375,36.51941],[-121.95361,36.5193],[-121.95403,36.51896],[-121.95445,36.51907],[-121.95459,36.51885],[-121.95417,36.51794],[-121.95361,36.51749],[-121.95319,36.51749],[-121.95291,36.51783],[-121.95305,36.51794],[-121.95305,36.51828],[-121.95235,36.51817],[-121.95235,36.51772],[-121.95207,36.51749],[-121.95249,36.51704],[-121.95179,36.51648],[-121.95165,36.5167],[-121.95179,36.51682],[-121.95165,36.51682],[-121.95094,36.51636],[-121.95052,36.51715],[-121.95024,36.51704],[-121.94996,36.51715],[-121.94968,36.51693],[-121.9494,36.51704],[-121.94982,36.51682],[-121.94996,36.51636],[-121.94954,36.51614],[-121.94954,36.51569],[-121.94926,36.51546],[-121.94884,36.5158],[-121.94884,36.51557],[-121.94813,36.5149],[-121.94799,36.51399],[-121.94771,36.51377],[-121.94757,36.51411],[-121.94729,36.51343],[-121.94687,36.51354],[-121.94659,36.5132],[-121.94575,36.5132],[-121.94561,36.51354],[-121.94561,36.51298],[-121.94533,36.51275],[-121.94505,36.51275],[-121.9442,36.5132],[-121.94378,36.51298],[-121.94378,36.51241],[-121.94434,36.51275],[-121.94462,36.51253],[-121.94364,36.51185],[-121.94322,36.51196],[-121.94294,36.51174],[-121.94252,36.51174],[-121.94224,36.51196],[-121.9421,36.51185],[-121.94238,36.51162],[-121.94196,36.51151],[-121.94252,36.5114],[-121.94168,36.51129],[-121.94168,36.51083],[-121.94196,36.51061],[-121.94168,36.51038],[-121.94196,36.51016],[-121.94196,36.50993],[-121.94238,36.51004],[-121.94252,36.50993],[-121.94238,36.50982],[-121.94266,36.50971],[-121.94224,36.50959],[-121.94224,36.50937],[-121.94196,36.50914],[-121.94238,36.50925],[-121.94266,36.50903],[-121.94224,36.50858],[-121.94196,36.5088],[-121.94154,36.50835],[-121.94111,36.50846],[-121.94097,36.50824],[-121.94069,36.50824],[-121.94069,36.50801],[-121.94097,36.5079],[-121.9421,36.50801],[-121.94224,36.5079],[-121.94224,36.50756],[-121.9421,36.50745],[-121.94252,36.50767],[-121.94266,36.50756],[-121.94224,36.50711],[-121.94238,36.50688],[-121.94182,36.50643],[-121.94125,36.50688],[-121.94111,36.50666],[-121.94055,36.50677],[-121.94041,36.50688],[-121.94055,36.50711],[-121.94013,36.50688],[-121.93943,36.507],[-121.93873,36.50632],[-121.93915,36.50587],[-121.93915,36.50564],[-121.93859,36.50553],[-121.93859,36.5053],[-121.93802,36.50485],[-121.93845,36.5044],[-121.93901,36.50418],[-121.93887,36.50372],[-121.93915,36.50384],[-121.93943,36.50361],[-121.93943,36.50339],[-121.93915,36.50316],[-121.93887,36.50327],[-121.93901,36.50282],[-121.93873,36.50237],[-121.93859,36.50135],[-121.93887,36.50158],[-121.93929,36.50147],[-121.93957,36.50203],[-121.94013,36.50192],[-121.94027,36.50181],[-121.94027,36.50102],[-121.94055,36.50079],[-121.94055,36.50023],[-121.93985,36.49955],[-121.93943,36.49966],[-121.93929,36.49944],[-121.93915,36.49955],[-121.93887,36.4991],[-121.93817,36.49876],[-121.93788,36.49876],[-121.9376,36.4991],[-121.9376,36.49932],[-121.93746,36.49932],[-121.93718,36.49887],[-121.93662,36.49865],[-121.93676,36.49797],[-121.93774,36.49752],[-121.93915,36.49729],[-121.93915,36.49684],[-121.93985,36.49662],[-121.94027,36.49628],[-121.94013,36.49549],[-121.93985,36.49504],[-121.94083,36.49537],[-121.94111,36.49515],[-121.94111,36.49458],[-121.94196,36.49402],[-121.94224,36.49334],[-121.94266,36.49346],[-121.94294,36.49312],[-121.94294,36.49346],[-121.94308,36.49357],[-121.94322,36.49346],[-121.94322,36.49312],[-121.9435,36.49289],[-121.94448,36.49334],[-121.94476,36.49312],[-121.94476,36.49255],[-121.94519,36.49221],[-121.94462,36.49165],[-121.94575,36.49097]],[[-121.92651,36.52415],[-121.92651,36.52415]],[[-121.92665,36.52392],[-121.92665,36.52392]],[[-121.95459,36.52381],[-121.95459,36.52381]],[[-121.95319,36.5237],[-121.95319,36.5237]],[[-121.94828,36.52381],[-121.94828,36.52381]],[[-121.92679,36.52381],[-121.92679,36.52381]],[[-121.92693,36.5237],[-121.92693,36.5237]],[[-121.93199,36.52359],[-121.93199,36.52359]],[[-121.93072,36.52359],[-121.93072,36.52359]],[[-121.95319,36.52336],[-121.95319,36.52336]],[[-121.93676,36.52347],[-121.93676,36.52347]],[[-121.93213,36.52347],[-121.93213,36.52347]],[[-121.93114,36.52347],[-121.93114,36.52347]],[[-121.92707,36.52347],[-121.92707,36.52347]],[[-121.95375,36.52336],[-121.95375,36.52336]],[[-121.95305,36.52325],[-121.95277,36.52313],[-121.95305,36.52325]],[[-121.93634,36.52336],[-121.93634,36.52336]],[[-121.93367,36.52325],[-121.93367,36.52325]],[[-121.93241,36.52336],[-121.93241,36.52336]],[[-121.92721,36.52336],[-121.92721,36.52336]],[[-121.95361,36.52325],[-121.95361,36.52313],[-121.95361,36.52325]],[[-121.94701,36.52325],[-121.94701,36.52325]],[[-121.93718,36.52313],[-121.93718,36.52313]],[[-121.93353,36.52313],[-121.93353,36.52313]],[[-121.92735,36.52325],[-121.92735,36.52325]],[[-121.95361,36.52313],[-121.95361,36.52313]],[[-121.95291,36.52313],[-121.95291,36.52313]],[[-121.95277,36.52313],[-121.95277,36.52313]],[[-121.95263,36.52302],[-121.95263,36.52302]],[[-121.92749,36.52313],[-121.92749,36.52313]],[[-121.95319,36.52302],[-121.95319,36.52302]],[[-121.95249,36.52291],[-121.95249,36.52291]],[[-121.94659,36.52302],[-121.94659,36.52302]],[[-121.92777,36.52302],[-121.92777,36.52302]],[[-121.94842,36.5228],[-121.94842,36.5228]],[[-121.93732,36.5228],[-121.93732,36.5228]],[[-121.93353,36.52291],[-121.93353,36.52291]],[[-121.92792,36.52291],[-121.92792,36.52291]],[[-121.9494,36.5228],[-121.9494,36.5228]],[[-121.94828,36.52268],[-121.94828,36.52268]],[[-121.93788,36.5228],[-121.93788,36.5228]],[[-121.9282,36.5228],[-121.9282,36.5228]],[[-121.95417,36.52268],[-121.95417,36.52268]],[[-121.95333,36.52268],[-121.95333,36.52268]],[[-121.95319,36.52257],[-121.95319,36.52257]],[[-121.93788,36.52257],[-121.93788,36.52257]],[[-121.93746,36.52268],[-121.93746,36.52268]],[[-121.93367,36.52268],[-121.93367,36.52268]],[[-121.92848,36.52268],[-121.92848,36.52268]],[[-121.95445,36.52257],[-121.95445,36.52257]],[[-121.95389,36.52257],[-121.95389,36.52257]],[[-121.95291,36.52246],[-121.95291,36.52246]],[[-121.94926,36.52257],[-121.94926,36.52257]],[[-121.93774,36.52246],[-121.93774,36.52246]],[[-121.93381,36.52257],[-121.93381,36.52257]],[[-121.95361,36.52246],[-121.95361,36.52246]],[[-121.95347,36.52246],[-121.95347,36.52246]],[[-121.9376,36.52234],[-121.9376,36.52234]],[[-121.93395,36.52246],[-121.93395,36.52246]],[[-121.94828,36.52234],[-121.94828,36.52234]],[[-121.93746,36.52223],[-121.93746,36.52223]],[[-121.93409,36.52234],[-121.93409,36.52234]],[[-121.93732,36.52212],[-121.93732,36.52212]],[[-121.93704,36.52201],[-121.93704,36.52201]],[[-121.93746,36.52189],[-121.93746,36.52189]],[[-121.9369,36.52178],[-121.9369,36.52178]],[[-121.94097,36.52167],[-121.94097,36.52167]],[[-121.93648,36.52167],[-121.93648,36.52167]],[[-121.9494,36.52155],[-121.9494,36.52155]],[[-121.94224,36.52144],[-121.94224,36.52144]],[[-121.94154,36.52155],[-121.94154,36.52155]],[[-121.94097,36.52155],[-121.94097,36.52155]],[[-121.94083,36.52144],[-121.94083,36.52144]],[[-121.93634,36.52144],[-121.93634,36.52144]],[[-121.95375,36.52144],[-121.95375,36.52144]],[[-121.95361,36.52133],[-121.95347,36.52133],[-121.95361,36.52133]],[[-121.94168,36.52144],[-121.94168,36.52144]],[[-121.95389,36.52133],[-121.95389,36.52133]],[[-121.95347,36.52133],[-121.95347,36.52133]],[[-121.95333,36.52122],[-121.95333,36.52122]],[[-121.93634,36.52133],[-121.93634,36.52133]],[[-121.9494,36.52122],[-121.9494,36.52122]],[[-121.93648,36.5211],[-121.93648,36.5211]],[[-121.94224,36.52099],[-121.94224,36.52099]],[[-121.93676,36.52099],[-121.93676,36.52099]],[[-121.9376,36.52076],[-121.9376,36.52076]],[[-121.9442,36.52076],[-121.9442,36.52076]],[[-121.94322,36.52076],[-121.94322,36.52076]],[[-121.94238,36.52076],[-121.94238,36.52076]],[[-121.94336,36.52065],[-121.94336,36.52065]],[[-121.93746,36.52054],[-121.93746,36.52054]],[[-121.9515,36.52054],[-121.9515,36.52054]],[[-121.93718,36.52043],[-121.93718,36.52043]],[[-121.93704,36.52031],[-121.93704,36.52031]],[[-121.9369,36.5202],[-121.9369,36.5202]],[[-121.93676,36.52009],[-121.93676,36.52009]],[[-121.93676,36.51997],[-121.93676,36.51997]],[[-121.9369,36.51986],[-121.9369,36.51986]],[[-121.93718,36.51964],[-121.93718,36.51964]],[[-121.95122,36.51964],[-121.95122,36.51964]],[[-121.95361,36.51952],[-121.95361,36.51952]],[[-121.95319,36.51952],[-121.95319,36.51952]],[[-121.93718,36.51952],[-121.93718,36.51952]],[[-121.95136,36.51941],[-121.95136,36.51941]],[[-121.93732,36.51941],[-121.93732,36.51941]],[[-121.95361,36.5193],[-121.95361,36.5193]],[[-121.9515,36.5193],[-121.9515,36.5193]],[[-121.93746,36.5193],[-121.93746,36.5193]],[[-121.95389,36.51918],[-121.95389,36.51918]],[[-121.95291,36.51918],[-121.95291,36.51918]],[[-121.9376,36.51918],[-121.9376,36.51918]],[[-121.95277,36.51907],[-121.95277,36.51907]],[[-121.95165,36.51907],[-121.95165,36.51907]],[[-121.93788,36.51907],[-121.93788,36.51907]],[[-121.95403,36.51896],[-121.95403,36.51896]],[[-121.95263,36.51896],[-121.95263,36.51896]],[[-121.95179,36.51896],[-121.95179,36.51896]],[[-121.93831,36.51896],[-121.93831,36.51896]],[[-121.95305,36.51794],[-121.95305,36.51794]],[[-121.95207,36.51749],[-121.95207,36.51749]],[[-121.99208,36.51738],[-121.99208,36.51738]],[[-121.95221,36.51727],[-121.95221,36.51727]],[[-121.95235,36.51715],[-121.95235,36.51715]],[[-121.9494,36.51704],[-121.9494,36.51704]],[[-121.94954,36.51693],[-121.94954,36.51693]],[[-121.95179,36.51682],[-121.95179,36.51682]],[[-121.94982,36.5167],[-121.94982,36.5167]],[[-121.97411,36.51591],[-121.97411,36.51591]],[[-121.94448,36.51264],[-121.94448,36.51264]],[[-121.9442,36.51264],[-121.9442,36.51264]],[[-121.94406,36.51253],[-121.94406,36.51253]],[[-121.94378,36.51241],[-121.94378,36.51241]],[[-121.9421,36.51174],[-121.9421,36.51174]],[[-121.94196,36.51151],[-121.94196,36.51151]],[[-121.98394,36.5114],[-121.98394,36.5114]],[[-121.94168,36.51083],[-121.94168,36.51083]],[[-121.94168,36.51038],[-121.94168,36.51038]],[[-121.94182,36.51027],[-121.94182,36.51027]],[[-121.94196,36.50993],[-121.94196,36.50993]],[[-121.94238,36.50982],[-121.94238,36.50982]],[[-121.94252,36.50914],[-121.94252,36.50914]],[[-121.94224,36.50914],[-121.94224,36.50914]],[[-121.94196,36.50914],[-121.94196,36.50914]],[[-121.94069,36.50801],[-121.94069,36.50801]],[[-121.94168,36.5079],[-121.94168,36.5079]],[[-121.94154,36.5079],[-121.94154,36.5079]],[[-121.94139,36.50779],[-121.94111,36.50756],[-121.94139,36.50779]],[[-121.94097,36.5079],[-121.94097,36.5079]],[[-121.94083,36.5079],[-121.94083,36.5079]],[[-121.94125,36.50767],[-121.94125,36.50767]],[[-121.9435,36.50756],[-121.9442,36.507],[-121.94378,36.50632],[-121.9435,36.50621],[-121.94336,36.50632],[-121.94294,36.50598],[-121.9428,36.50609],[-121.9428,36.50711],[-121.9435,36.50756]],[[-121.94238,36.50756],[-121.94238,36.50756]],[[-121.94111,36.50756],[-121.94111,36.50756]],[[-121.94364,36.50745],[-121.94364,36.50745]],[[-121.94336,36.50745],[-121.94336,36.50745]],[[-121.94224,36.50745],[-121.94224,36.50745]],[[-121.9421,36.50745],[-121.9421,36.50745]],[[-121.94392,36.50734],[-121.94392,36.50734]],[[-121.94308,36.50734],[-121.94308,36.50734]],[[-121.94294,36.50722],[-121.94294,36.50722]],[[-121.94182,36.50711],[-121.94139,36.50711],[-121.94139,36.507],[-121.94182,36.50711]],[[-121.94406,36.50711],[-121.94406,36.50711]],[[-121.94224,36.50711],[-121.94224,36.50711]],[[-121.94168,36.507],[-121.94168,36.507]],[[-121.94139,36.507],[-121.94139,36.507]],[[-121.94055,36.507],[-121.94055,36.507]],[[-121.93873,36.50621],[-121.93873,36.50621]],[[-121.93887,36.50609],[-121.93887,36.50609]],[[-121.97355,36.50598],[-121.97355,36.50598]],[[-121.93901,36.50598],[-121.93901,36.50598]],[[-121.93802,36.50485],[-121.93802,36.50485]],[[-121.93817,36.50463],[-121.93817,36.50463]],[[-121.93831,36.50451],[-121.93831,36.50451]],[[-121.93845,36.5044],[-121.93845,36.5044]],[[-121.93873,36.50429],[-121.93873,36.50429]],[[-121.93929,36.50372],[-121.93929,36.50372]],[[-121.93887,36.50372],[-121.93887,36.50372]],[[-121.93887,36.50316],[-121.93887,36.50316]],[[-121.93999,36.50192],[-121.93999,36.50192]],[[-121.93943,36.50158],[-121.93943,36.50158]],[[-121.93929,36.50147],[-121.93929,36.50147]],[[-121.93915,36.50147],[-121.93915,36.50147]],[[-121.93873,36.50147],[-121.93873,36.50147]],[[-121.93859,36.50135],[-121.93859,36.50135]],[[-121.94027,36.50102],[-121.94027,36.50102]],[[-121.94041,36.5009],[-121.94041,36.5009]],[[-121.93662,36.49831],[-121.93662,36.49831]],[[-121.93676,36.49797],[-121.93676,36.49797]],[[-121.93704,36.49786],[-121.93704,36.49786]],[[-121.93718,36.49774],[-121.93718,36.49774]],[[-121.93746,36.49763],[-121.93746,36.49763]],[[-121.93774,36.49752],[-121.93774,36.49752]],[[-121.93845,36.49741],[-121.93845,36.49741]],[[-121.93915,36.49684],[-121.93915,36.49684]],[[-121.93929,36.49673],[-121.93929,36.49673]],[[-121.93971,36.49662],[-121.93971,36.49662]],[[-121.93999,36.4965],[-121.93999,36.4965]],[[-121.94013,36.49639],[-121.94013,36.49639]],[[-121.94097,36.49526],[-121.94097,36.49526]],[[-121.94041,36.49526],[-121.94041,36.49526]],[[-121.94027,36.49515],[-121.94027,36.49515]],[[-121.93999,36.49504],[-121.93999,36.49504]],[[-121.93985,36.49504],[-121.93985,36.49504]],[[-121.94111,36.49458],[-121.94111,36.49458]],[[-121.94125,36.49447],[-121.94125,36.49447]],[[-121.94154,36.49436],[-121.94154,36.49436]],[[-121.94168,36.49425],[-121.94168,36.49425]],[[-121.94182,36.49413],[-121.94182,36.49413]],[[-121.94196,36.49391],[-121.94196,36.49391]],[[-121.9421,36.49368],[-121.9421,36.49368]],[[-121.94252,36.49334],[-121.94252,36.49334]],[[-121.94224,36.49334],[-121.94224,36.49334]],[[-121.94462,36.49323],[-121.94462,36.49323]],[[-121.9442,36.49323],[-121.9442,36.49323]],[[-121.9428,36.49323],[-121.9428,36.49323]],[[-121.94406,36.49312],[-121.94406,36.49312]],[[-121.94322,36.49312],[-121.94322,36.49312]],[[-121.94294,36.49312],[-121.94294,36.49312]],[[-121.94392,36.493],[-121.94392,36.493]],[[-121.94336,36.493],[-121.94336,36.493]],[[-121.9435,36.49289],[-121.9435,36.49289]],[[-121.94476,36.49255],[-121.94476,36.49255]],[[-121.94462,36.49233],[-121.94462,36.49233]],[[-121.94505,36.49233],[-121.94505,36.49233]],[[-121.94462,36.49165],[-121.94462,36.49165]],[[-121.94476,36.49154],[-121.94476,36.49154]],[[-121.94491,36.49142],[-121.94491,36.49142]],[[-121.94519,36.49131],[-121.94519,36.49131]],[[-121.94547,36.4912],[-121.94547,36.4912]],[[-121.94561,36.49109],[-121.94561,36.49109]]]},"properties":{"depth_m":225}},{"type":"Feature","geometry":{"type":"MultiLineString","coordinates":[[[-121.98917,36.54503],[-121.98899,36.54435],[-121.98848,36.5439],[-121.98866,36.543],[-121.9884,36.54266],[-121.98854,36.54232],[-121.98787,36.54176],[-121.98731,36.54076],[-121.98644,36.53995],[-121.98549,36.5395],[-121.98464,36.5385],[-121.98366,36.53836],[-121.98282,36.53798],[-121.98249,36.53826],[-121.98322,36.53961],[-121.98295,36.54051],[-121.98254,36.54096],[-121.98149,36.54164],[-121.98139,36.54198],[-121.98151,36.54254],[-121.98029,36.54319],[-121.97998,36.54379],[-121.97959,36.54414],[-121.97931,36.54417],[-121.97875,36.54384],[-121.9779,36.54382],[-121.97713,36.54401],[-121.97622,36.54459],[-121.97566,36.54456],[-121.97481,36.54498],[-121.97327,36.54397],[-121.97229,36.54391],[-121.97144,36.54335],[-121.97046,36.54325],[-121.96982,36.54379],[-121.96821,36.54431],[-121.96766,36.54503]],[[-121.96122,36.54503],[-121.96161,36.54446],[-121.96171,36.54367],[-121.96132,36.54254],[-121.96204,36.54202],[-121.96211,36.54164],[-121.96179,36.54108],[-121.96173,36.54051],[-121.96118,36.53984],[-121.96115,36.53938],[-121.96091,36.5392],[-121.95881,36.53884],[-121.95768,36.53889],[-121.9567,36.53771],[-121.9553,36.53723],[-121.95417,36.5371],[-121.95249,36.53734],[-121.95207,36.53759],[-121.95122,36.53762],[-121.94996,36.53738],[-121.94912,36.53804],[-121.94884,36.53804],[-121.94842,36.53752],[-121.94687,36.53689],[-121.94677,36.53679],[-121.94743,36.53611],[-121.94645,36.53527],[-121.94443,36.53419],[-121.94378,36.53336],[-121.9428,36.53326],[-121.94111,36.53259],[-121.93936,36.53171],[-121.93925,36.53137],[-121.93943,36.53126],[-121.94027,36.53131],[-121.94252,36.5319],[-121.94392,36.53192],[-121.94415,36.53171],[-121.94413,36.53115],[-121.94434,36.53105],[-121.94533,36.53175],[-121.94856,36.53258],[-121.9501,36.53316],[-121.95094,36.53277],[-121.95165,36.53283],[-121.95207,36.53271],[-121.95291,36.53213],[-121.95311,36.53171],[-121.95375,36.53109],[-121.95459,36.53141],[-121.95504,36.53137],[-121.95593,36.5307],[-121.95603,36.53036],[-121.95628,36.53018],[-121.95768,36.53045],[-121.95923,36.5316],[-121.95951,36.53149],[-121.95973,36.5307],[-121.95993,36.53051],[-121.96063,36.53063],[-121.96218,36.52994],[-121.9626,36.53],[-121.96316,36.5295],[-121.96358,36.53006],[-121.9647,36.5297],[-121.96527,36.53028],[-121.96695,36.53078],[-121.96779,36.53057],[-121.96816,36.52957],[-121.96835,36.5295],[-121.96934,36.53005],[-121.97088,36.53029],[-121.97187,36.52999],[-121.97243,36.52958],[-121.97271,36.52909],[-121.97361,36.52866],[-121.97337,36.5281],[-121.97357,36.52787],[-121.97495,36.52766],[-121.97622,36.52767],[-121.97648,36.52708],[-121.97642,36.52652],[-121.97664,36.52633],[-121.97796,36.52641],[-121.97889,36.52571],[-121.97973,36.52553],[-121.98057,36.52561],[-121.98122,36.52449],[-121.98098,36.52359],[-121.98017,36.52336],[-121.98023,36.52268],[-121.98053,36.52212],[-121.98001,36.52188],[-121.97959,36.52144],[-121.9786,36.5211],[-121.97787,36.52054],[-121.97751,36.51997],[-121.97465,36.51828],[-121.9747,36.51783],[-121.97511,36.51704],[-121.97448,36.51648],[-121.97449,36.51625],[-121.97552,36.51553],[-121.97624,36.51524],[-121.9759,36.51411],[-121.97607,36.51343],[-121.97487,36.51185],[-121.97452,36.51016],[-121.97414,36.50971],[-121.97399,36.50858],[-121.97412,36.50756],[-121.97552,36.50577],[-121.97594,36.50585],[-121.97692,36.50653],[-121.97908,36.50756],[-121.98029,36.50876],[-121.98113,36.50906],[-121.98141,36.50972],[-121.9824,36.51016],[-121.98311,36.51083],[-121.98312,36.51129],[-121.98341,36.51162],[-121.98492,36.51222],[-121.98492,36.51289],[-121.98549,36.51336],[-121.98582,36.51445],[-121.98703,36.5151],[-121.98773,36.51606],[-121.98861,36.5167],[-121.99082,36.5179],[-121.99166,36.51818],[-121.99307,36.51806],[-121.99363,36.5174]],[[-121.93171,36.54503],[-121.93213,36.54469],[-121.93297,36.54446],[-121.93367,36.5448],[-121.93381,36.54469],[-121.93367,36.54446],[-121.93339,36.54458],[-121.93381,36.54379],[-121.93381,36.54345],[-121.93325,36.543],[-121.93325,36.54209],[-121.93297,36.54164],[-121.93325,36.54142],[-121.93325,36.54096],[-121.93283,36.54051],[-121.93297,36.53995],[-121.93255,36.53984],[-121.93255,36.5395],[-121.93269,36.53938],[-121.93255,36.53927],[-121.93185,36.53927],[-121.93086,36.53961],[-121.93044,36.53938],[-121.92904,36.5378],[-121.92862,36.53701],[-121.92862,36.53622],[-121.92848,36.53611],[-121.9282,36.53386],[-121.92777,36.53329],[-121.92693,36.53273],[-121.92679,36.53228],[-121.92693,36.53149],[-121.92637,36.53103]],[[-121.93185,36.54491],[-121.93185,36.54491]],[[-121.93199,36.5448],[-121.93199,36.5448]],[[-121.93353,36.54469],[-121.93353,36.54469]],[[-121.93213,36.54469],[-121.93213,36.54469]],[[-121.93241,36.54458],[-121.93241,36.54458]],[[-121.93311,36.54446],[-121.93311,36.54446]],[[-121.93297,36.54446],[-121.93297,36.54446]],[[-121.93353,36.54412],[-121.93353,36.54412]],[[-121.93367,36.5439],[-121.93367,36.5439]],[[-121.98141,36.54175],[-121.98141,36.54175]],[[-121.93297,36.54164],[-121.93297,36.54164]],[[-121.93311,36.54153],[-121.93311,36.54153]],[[-121.93283,36.54029],[-121.93283,36.54029]],[[-121.93255,36.5395],[-121.93255,36.5395]],[[-121.94701,36.53656],[-121.94701,36.53656]],[[-121.94603,36.53194],[-121.94603,36.53194]],[[-121.92679,36.53194],[-121.92679,36.53194]],[[-121.98071,36.5255],[-121.98071,36.5255]],[[-121.92637,36.52426],[-121.92749,36.52313],[-121.92848,36.52268],[-121.92946,36.5228],[-121.9296,36.52291],[-121.9296,36.52325],[-121.9303,36.5237],[-121.93157,36.52347],[-121.93185,36.5237],[-121.93241,36.52336],[-121.93367,36.52347],[-121.93381,36.52336],[-121.93353,36.52313],[-121.93353,36.52291],[-121.93409,36.52234],[-121.93522,36.52246],[-121.9355,36.52291],[-121.93578,36.52291],[-121.93578,36.52313],[-121.93606,36.52347],[-121.93648,36.52336],[-121.93662,36.52359],[-121.93718,36.52347],[-121.93732,36.52325],[-121.93718,36.52313],[-121.93746,36.52302],[-121.93732,36.52313],[-121.93746,36.52325],[-121.9376,36.52313],[-121.93746,36.52325],[-121.9376,36.52336],[-121.93774,36.52325],[-121.93732,36.5228],[-121.93746,36.52268],[-121.93774,36.52291],[-121.93802,36.52268],[-121.93732,36.52212],[-121.9376,36.52201],[-121.93732,36.52178],[-121.93676,36.52167],[-121.93662,36.52189],[-121.93634,36.52144],[-121.93648,36.5211],[-121.93676,36.52099],[-121.93704,36.52099],[-121.93718,36.52133],[-121.9376,36.52144],[-121.93774,36.52133],[-121.9376,36.52065],[-121.93676,36.51997],[-121.93732,36.51986],[-121.93718,36.51952],[-121.9376,36.51918],[-121.93831,36.51896],[-121.93915,36.51896],[-121.94013,36.51918],[-121.94083,36.51964],[-121.94069,36.5202],[-121.93999,36.52076],[-121.93985,36.5211],[-121.94055,36.52144],[-121.94055,36.52178],[-121.94069,36.52189],[-121.94097,36.52201],[-121.94111,36.52189],[-121.94097,36.52201],[-121.94111,36.52223],[-121.94125,36.52201],[-121.94097,36.52155],[-121.94139,36.52167],[-121.94168,36.52144],[-121.9421,36.52178],[-121.94238,36.52167],[-121.94224,36.5211],[-121.94238,36.52076],[-121.94308,36.52088],[-121.94336,36.52065],[-121.94406,36.52099],[-121.9442,36.52076],[-121.94448,36.52076],[-121.94476,36.52099],[-121.94462,36.52122],[-121.94476,36.52144],[-121.94448,36.52167],[-121.94434,36.52155],[-121.9442,36.52167],[-121.94434,36.52178],[-121.94448,36.52167],[-121.94434,36.52189],[-121.94505,36.52234],[-121.94561,36.52234],[-121.94561,36.52257],[-121.94589,36.52291],[-121.94617,36.52291],[-121.94645,36.52313],[-121.94659,36.52302],[-121.94687,36.52336],[-121.94701,36.52325],[-121.94813,36.52404],[-121.94856,36.5237],[-121.94856,36.52291],[-121.94828,36.52268],[-121.94828,36.52234],[-121.9487,36.52234],[-121.94898,36.52268],[-121.9494,36.52257],[-121.94912,36.52268],[-121.94926,36.52291],[-121.94954,36.52268],[-121.9494,36.52257],[-121.94954,36.52223],[-121.9494,36.52122],[-121.94968,36.52122],[-121.95122,36.52268],[-121.95249,36.52347],[-121.95249,36.5237],[-121.95291,36.52404],[-121.95333,36.52392],[-121.95319,36.5237],[-121.95333,36.52347],[-121.95305,36.52325],[-121.95319,36.52302],[-121.95347,36.52336],[-121.95361,36.52325],[-121.95347,36.52336],[-121.95361,36.52347],[-121.95375,36.52336],[-121.95403,36.52359],[-121.95431,36.52415],[-121.95473,36.52438],[-121.95487,36.52426],[-121.95487,36.52404],[-121.95459,36.52381],[-121.95487,36.5237],[-121.95375,36.5228],[-121.95333,36.52268],[-121.95361,36.52246],[-121.95431,36.5228],[-121.95459,36.52246],[-121.95417,36.52167],[-121.95375,36.52144],[-121.95403,36.52122],[-121.95249,36.52043],[-121.9515,36.52054],[-121.95179,36.52043],[-121.95179,36.52009],[-121.9515,36.51975],[-121.95122,36.51975],[-121.95179,36.51896],[-121.95263,36.51896],[-121.95291,36.51918],[-121.95291,36.51941],[-121.95333,36.51964],[-121.95375,36.51941],[-121.95361,36.5193],[-121.95403,36.51896],[-121.95445,36.51907],[-121.95459,36.51885],[-121.95417,36.51794],[-121.95361,36.51749],[-121.95319,36.51749],[-121.95291,36.51783],[-121.95305,36.51794],[-121.95305,36.51828],[-121.95235,36.51817],[-121.95235,36.51772],[-121.95207,36.51749],[-121.95249,36.51704],[-121.95179,36.51648],[-121.95165,36.5167],[-121.95179,36.51682],[-121.95165,36.51682],[-121.95094,36.51636],[-121.95052,36.51715],[-121.95024,36.51704],[-121.94996,36.51715],[-121.94968,36.51693],[-121.9494,36.51704],[-121.94982,36.51682],[-121.94996,36.51636],[-121.94954,36.51614],[-121.94954,36.51569],[-121.94926,36.51546],[-121.94884,36.5158],[-121.94884,36.51557],[-121.94813,36.5149],[-121.94799,36.51399],[-121.94771,36.51377],[-121.94757,36.51411],[-121.94729,36.51343],[-121.94687,36.51354],[-121.94659,36.5132],[-121.94575,36.5132],[-121.94561,36.51354],[-121.94561,36.51298],[-121.94533,36.51275],[-121.94505,36.51275],[-121.9442,36.5132],[-121.94378,36.51298],[-121.94378,36.51241],[-121.94434,36.51275],[-121.94462,36.51253],[-121.94364,36.51185],[-121.94322,36.51196],[-121.94294,36.51174],[-121.94252,36.51174],[-121.94224,36.51196],[-121.9421,36.51185],[-121.94238,36.51162],[-121.94196,36.51151],[-121.94252,36.5114],[-121.94168,36.51129],[-121.94168,36.51083],[-121.94196,36.51061],[-121.94168,36.51038],[-121.94196,36.51016],[-121.94196,36.50993],[-121.94238,36.51004],[-121.94252,36.50993],[-121.94238,36.50982],[-121.94266,36.50971],[-121.94224,36.50959],[-121.94224,36.50937],[-121.94196,36.50914],[-121.94238,36.50925],[-121.94266,36.50903],[-121.94224,36.50858],[-121.94196,36.5088],[-121.94154,36.50835],[-121.94111,36.50846],[-121.94097,36.50824],[-121.94069,36.50824],[-121.94069,36.50801],[-121.94097,36.5079],[-121.9421,36.50801],[-121.94224,36.5079],[-121.94224,36.50756],[-121.9421,36.50745],[-121.94252,36.50767],[-121.94266,36.50756],[-121.94224,36.50711],[-121.94238,36.50688],[-121.94182,36.50643],[-121.94125,36.50688],[-121.94111,36.50666],[-121.94055,36.50677],[-121.94041,36.50688],[-121.94055,36.50711],[-121.94013,36.50688],[-121.93943,36.507],[-121.93873,36.50632],[-121.93915,36.50587],[-121.93915,36.50564],[-121.93859,36.50553],[-121.93859,36.5053],[-121.93802,36.50485],[-121.93845,36.5044],[-121.93901,36.50418],[-121.93887,36.50372],[-121.93915,36.50384],[-121.93943,36.50361],[-121.93943,36.50339],[-121.93915,36.50316],[-121.93887,36.50327],[-121.93901,36.50282],[-121.93873,36.50237],[-121.93859,36.50135],[-121.93887,36.50158],[-121.93929,36.50147],[-121.93957,36.50203],[-121.94013,36.50192],[-121.94027,36.50181],[-121.94027,36.50102],[-121.94055,36.50079],[-121.94055,36.50023],[-121.93985,36.49955],[-121.93943,36.49966],[-121.93929,36.49944],[-121.93915,36.49955],[-121.93887,36.4991],[-121.93817,36.49876],[-121.93788,36.49876],[-121.9376,36.4991],[-121.9376,36.49932],[-121.93746,36.49932],[-121.93718,36.49887],[-121.93662,36.49865],[-121.93676,36.49797],[-121.93774,36.49752],[-121.93915,36.49729],[-121.93915,36.49684],[-121.93985,36.49662],[-121.94027,36.49628],[-121.94013,36.49549],[-121.93985,36.49504],[-121.94083,36.49537],[-121.94111,36.49515],[-121.94111,36.49458],[-121.94196,36.49402],[-121.94224,36.49334],[-121.94266,36.49346],[-121.94294,36.49312],[-121.94294,36.49346],[-121.94308,36.49357],[-121.94322,36.49346],[-121.94322,36.49312],[-121.9435,36.49289],[-121.94448,36.49334],[-121.94476,36.49312],[-121.94476,36.49255],[-121.94519,36.49221],[-121.94462,36.49165],[-121.94575,36.49097]],[[-121.92651,36.52415],[-121.92651,36.52415]],[[-121.92665,36.52392],[-121.92665,36.52392]],[[-121.95459,36.52381],[-121.95459,36.52381]],[[-121.95319,36.5237],[-121.95319,36.5237]],[[-121.94828,36.52381],[-121.94828,36.52381]],[[-121.92679,36.52381],[-121.92679,36.52381]],[[-121.92693,36.5237],[-121.92693,36.5237]],[[-121.93199,36.52359],[-121.93199,36.52359]],[[-121.93072,36.52359],[-121.93072,36.52359]],[[-121.95319,36.52336],[-121.95319,36.52336]],[[-121.93676,36.52347],[-121.93676,36.52347]],[[-121.93213,36.52347],[-121.93213,36.52347]],[[-121.93114,36.52347],[-121.93114,36.52347]],[[-121.92707,36.52347],[-121.92707,36.52347]],[[-121.95375,36.52336],[-121.95375,36.52336]],[[-121.95305,36.52325],[-121.95277,36.52313],[-121.95305,36.52325]],[[-121.93634,36.52336],[-121.93634,36.52336]],[[-121.93367,36.52325],[-121.93367,36.52325]],[[-121.93241,36.52336],[-121.93241,36.52336]],[[-121.92721,36.52336],[-121.92721,36.52336]],[[-121.95361,36.52325],[-121.95361,36.52313],[-121.95361,36.52325]],[[-121.94701,36.52325],[-121.94701,36.52325]],[[-121.93718,36.52313],[-121.93718,36.52313]],[[-121.93353,36.52313],[-121.93353,36.52313]],[[-121.92735,36.52325],[-121.92735,36.52325]],[[-121.95361,36.52313],[-121.95361,36.52313]],[[-121.95291,36.52313],[-121.95291,36.52313]],[[-121.95277,36.52313],[-121.95277,36.52313]],[[-121.95263,36.52302],[-121.95263,36.52302]],[[-121.92749,36.52313],[-121.92749,36.52313]],[[-121.95319,36.52302],[-121.95319,36.52302]],[[-121.95249,36.52291],[-121.95249,36.52291]],[[-121.94659,36.52302],[-121.94659,36.52302]],[[-121.92777,36.52302],[-121.92777,36.52302]],[[-121.94842,36.5228],[-121.94842,36.5228]],[[-121.93732,36.5228],[-121.93732,36.5228]],[[-121.93353,36.52291],[-121.93353,36.52291]],[[-121.92792,36.52291],[-121.92792,36.52291]],[[-121.9494,36.5228],[-121.9494,36.5228]],[[-121.94828,36.52268],[-121.94828,36.52268]],[[-121.93788,36.5228],[-121.93788,36.5228]],[[-121.9282,36.5228],[-121.9282,36.5228]],[[-121.95417,36.52268],[-121.95417,36.52268]],[[-121.95333,36.52268],[-121.95333,36.52268]],[[-121.95319,36.52257],[-121.95319,36.52257]],[[-121.93788,36.52257],[-121.93788,36.52257]],[[-121.93746,36.52268],[-121.93746,36.52268]],[[-121.93367,36.52268],[-121.93367,36.52268]],[[-121.92848,36.52268],[-121.92848,36.52268]],[[-121.95445,36.52257],[-121.95445,36.52257]],[[-121.95389,36.52257],[-121.95389,36.52257]],[[-121.95291,36.52246],[-121.95291,36.52246]],[[-121.94926,36.52257],[-121.94926,36.52257]],[[-121.93774,36.52246],[-121.93774,36.52246]],[[-121.93381,36.52257],[-121.93381,36.52257]],[[-121.95361,36.52246],[-121.95361,36.52246]],[[-121.95347,36.52246],[-121.95347,36.52246]],[[-121.9376,36.52234],[-121.9376,36.52234]],[[-121.93395,36.52246],[-121.93395,36.52246]],[[-121.94828,36.52234],[-121.94828,36.52234]],[[-121.93746,36.52223],[-121.93746,36.52223]],[[-121.93409,36.52234],[-121.93409,36.52234]],[[-121.93732,36.52212],[-121.93732,36.52212]],[[-121.93704,36.52201],[-121.93704,36.52201]],[[-121.93746,36.52189],[-121.93746,36.52189]],[[-121.9369,36.52178],[-121.9369,36.52178]],[[-121.94097,36.52167],[-121.94097,36.52167]],[[-121.93648,36.52167],[-121.93648,36.52167]],[[-121.9494,36.52155],[-121.9494,36.52155]],[[-121.94224,36.52144],[-121.94224,36.52144]],[[-121.94154,36.52155],[-121.94154,36.52155]],[[-121.94097,36.52155],[-121.94097,36.52155]],[[-121.94083,36.52144],[-121.94083,36.52144]],[[-121.93634,36.52144],[-121.93634,36.52144]],[[-121.95375,36.52144],[-121.95375,36.52144]],[[-121.95361,36.52133],[-121.95347,36.52133],[-121.95361,36.52133]],[[-121.94168,36.52144],[-121.94168,36.52144]],[[-121.95389,36.52133],[-121.95389,36.52133]],[[-121.95347,36.52133],[-121.95347,36.52133]],[[-121.95333,36.52122],[-121.95333,36.52122]],[[-121.93634,36.52133],[-121.93634,36.52133]],[[-121.9494,36.52122],[-121.9494,36.52122]],[[-121.93648,36.5211],[-121.93648,36.5211]],[[-121.94224,36.52099],[-121.94224,36.52099]],[[-121.93676,36.52099],[-121.93676,36.52099]],[[-121.9376,36.52076],[-121.9376,36.52076]],[[-121.9442,36.52076],[-121.9442,36.52076]],[[-121.94322,36.52076],[-121.94322,36.52076]],[[-121.94238,36.52076],[-121.94238,36.52076]],[[-121.94336,36.52065],[-121.94336,36.52065]],[[-121.93746,36.52054],[-121.93746,36.52054]],[[-121.9515,36.52054],[-121.9515,36.52054]],[[-121.93718,36.52043],[-121.93718,36.52043]],[[-121.93704,36.52031],[-121.93704,36.52031]],[[-121.9369,36.5202],[-121.9369,36.5202]],[[-121.93676,36.52009],[-121.93676,36.52009]],[[-121.93676,36.51997],[-121.93676,36.51997]],[[-121.9369,36.51986],[-121.9369,36.51986]],[[-121.93718,36.51964],[-121.93718,36.51964]],[[-121.95122,36.51964],[-121.95122,36.51964]],[[-121.95361,36.51952],[-121.95361,36.51952]],[[-121.95319,36.51952],[-121.95319,36.51952]],[[-121.93718,36.51952],[-121.93718,36.51952]],[[-121.95136,36.51941],[-121.95136,36.51941]],[[-121.93732,36.51941],[-121.93732,36.51941]],[[-121.95361,36.5193],[-121.95361,36.5193]],[[-121.9515,36.5193],[-121.9515,36.5193]],[[-121.93746,36.5193],[-121.93746,36.5193]],[[-121.95389,36.51918],[-121.95389,36.51918]],[[-121.95291,36.51918],[-121.95291,36.51918]],[[-121.9376,36.51918],[-121.9376,36.51918]],[[-121.95277,36.51907],[-121.95277,36.51907]],[[-121.95165,36.51907],[-121.95165,36.51907]],[[-121.93788,36.51907],[-121.93788,36.51907]],[[-121.95403,36.51896],[-121.95403,36.51896]],[[-121.95263,36.51896],[-121.95263,36.51896]],[[-121.95179,36.51896],[-121.95179,36.51896]],[[-121.93831,36.51896],[-121.93831,36.51896]],[[-121.95305,36.51794],[-121.95305,36.51794]],[[-121.99068,36.51783],[-121.99068,36.51783]],[[-121.99054,36.51772],[-121.99054,36.51772]],[[-121.95207,36.51749],[-121.95207,36.51749]],[[-121.95221,36.51727],[-121.95221,36.51727]],[[-121.95235,36.51715],[-121.95235,36.51715]],[[-121.9494,36.51704],[-121.9494,36.51704]],[[-121.94954,36.51693],[-121.94954,36.51693]],[[-121.95179,36.51682],[-121.95179,36.51682]],[[-121.94982,36.5167],[-121.94982,36.5167]],[[-121.98619,36.51467],[-121.98619,36.51467]],[[-121.94448,36.51264],[-121.94448,36.51264]],[[-121.9442,36.51264],[-121.9442,36.51264]],[[-121.94406,36.51253],[-121.94406,36.51253]],[[-121.94378,36.51241],[-121.94378,36.51241]],[[-121.98366,36.51174],[-121.98366,36.51174]],[[-121.9421,36.51174],[-121.9421,36.51174]],[[-121.94196,36.51151],[-121.94196,36.51151]],[[-121.94168,36.51083],[-121.94168,36.51083]],[[-121.98282,36.51061],[-121.98282,36.51061]],[[-121.94168,36.51038],[-121.94168,36.51038]],[[-121.94182,36.51027],[-121.94182,36.51027]],[[-121.9824,36.51016],[-121.9824,36.51016]],[[-121.98226,36.51004],[-121.98226,36.51004]],[[-121.94196,36.50993],[-121.94196,36.50993]],[[-121.94238,36.50982],[-121.94238,36.50982]],[[-121.94252,36.50914],[-121.94252,36.50914]],[[-121.94224,36.50914],[-121.94224,36.50914]],[[-121.94196,36.50914],[-121.94196,36.50914]],[[-121.94069,36.50801],[-121.94069,36.50801]],[[-121.94168,36.5079],[-121.94168,36.5079]],[[-121.94154,36.5079],[-121.94154,36.5079]],[[-121.94139,36.50779],[-121.94111,36.50756],[-121.94139,36.50779]],[[-121.94097,36.5079],[-121.94097,36.5079]],[[-121.94083,36.5079],[-121.94083,36.5079]],[[-121.94125,36.50767],[-121.94125,36.50767]],[[-121.9435,36.50756],[-121.9442,36.507],[-121.94378,36.50632],[-121.9435,36.50621],[-121.94336,36.50632],[-121.94294,36.50598],[-121.9428,36.50609],[-121.9428,36.50711],[-121.9435,36.50756]],[[-121.94238,36.50756],[-121.94238,36.50756]],[[-121.94111,36.50756],[-121.94111,36.50756]],[[-121.94364,36.50745],[-121.94364,36.50745]],[[-121.94336,36.50745],[-121.94336,36.50745]],[[-121.94224,36.50745],[-121.94224,36.50745]],[[-121.9421,36.50745],[-121.9421,36.50745]],[[-121.94392,36.50734],[-121.94392,36.50734]],[[-121.94308,36.50734],[-121.94308,36.50734]],[[-121.94294,36.50722],[-121.94294,36.50722]],[[-121.94182,36.50711],[-121.94139,36.50711],[-121.94139,36.507],[-121.94182,36.50711]],[[-121.94406,36.50711],[-121.94406,36.50711]],[[-121.94224,36.50711],[-121.94224,36.50711]],[[-121.94168,36.507],[-121.94168,36.507]],[[-121.94139,36.507],[-121.94139,36.507]],[[-121.94055,36.507],[-121.94055,36.507]],[[-121.93873,36.50621],[-121.93873,36.50621]],[[-121.93887,36.50609],[-121.93887,36.50609]],[[-121.93901,36.50598],[-121.93901,36.50598]],[[-121.93802,36.50485],[-121.93802,36.50485]],[[-121.93817,36.50463],[-121.93817,36.50463]],[[-121.93831,36.50451],[-121.93831,36.50451]],[[-121.93845,36.5044],[-121.93845,36.5044]],[[-121.93873,36.50429],[-121.93873,36.50429]],[[-121.93929,36.50372],[-121.93929,36.50372]],[[-121.93887,36.50372],[-121.93887,36.50372]],[[-121.93887,36.50316],[-121.93887,36.50316]],[[-121.93999,36.50192],[-121.93999,36.50192]],[[-121.93943,36.50158],[-121.93943,36.50158]],[[-121.93929,36.50147],[-121.93929,36.50147]],[[-121.93915,36.50147],[-121.93915,36.50147]],[[-121.93873,36.50147],[-121.93873,36.50147]],[[-121.93859,36.50135],[-121.93859,36.50135]],[[-121.94027,36.50102],[-121.94027,36.50102]],[[-121.94041,36.5009],[-121.94041,36.5009]],[[-121.93662,36.49831],[-121.93662,36.49831]],[[-121.93676,36.49797],[-121.93676,36.49797]],[[-121.93704,36.49786],[-121.93704,36.49786]],[[-121.93718,36.49774],[-121.93718,36.49774]],[[-121.93746,36.49763],[-121.93746,36.49763]],[[-121.93774,36.49752],[-121.93774,36.49752]],[[-121.93845,36.49741],[-121.93845,36.49741]],[[-121.93915,36.49684],[-121.93915,36.49684]],[[-121.93929,36.49673],[-121.93929,36.49673]],[[-121.93971,36.49662],[-121.93971,36.49662]],[[-121.93999,36.4965],[-121.93999,36.4965]],[[-121.94013,36.49639],[-121.94013,36.49639]],[[-121.94097,36.49526],[-121.94097,36.49526]],[[-121.94041,36.49526],[-121.94041,36.49526]],[[-121.94027,36.49515],[-121.94027,36.49515]],[[-121.93999,36.49504],[-121.93999,36.49504]],[[-121.93985,36.49504],[-121.93985,36.49504]],[[-121.94111,36.49458],[-121.94111,36.49458]],[[-121.94125,36.49447],[-121.94125,36.49447]],[[-121.94154,36.49436],[-121.94154,36.49436]],[[-121.94168,36.49425],[-121.94168,36.49425]],[[-121.94182,36.49413],[-121.94182,36.49413]],[[-121.94196,36.49391],[-121.94196,36.49391]],[[-121.9421,36.49368],[-121.9421,36.49368]],[[-121.94252,36.49334],[-121.94252,36.49334]],[[-121.94224,36.49334],[-121.94224,36.49334]],[[-121.94462,36.49323],[-121.94462,36.49323]],[[-121.9442,36.49323],[-121.9442,36.49323]],[[-121.9428,36.49323],[-121.9428,36.49323]],[[-121.94406,36.49312],[-121.94406,36.49312]],[[-121.94322,36.49312],[-121.94322,36.49312]],[[-121.94294,36.49312],[-121.94294,36.49312]],[[-121.94392,36.493],[-121.94392,36.493]],[[-121.94336,36.493],[-121.94336,36.493]],[[-121.9435,36.49289],[-121.9435,36.49289]],[[-121.94476,36.49255],[-121.94476,36.49255]],[[-121.94462,36.49233],[-121.94462,36.49233]],[[-121.94505,36.49233],[-121.94505,36.49233]],[[-121.94462,36.49165],[-121.94462,36.49165]],[[-121.94476,36.49154],[-121.94476,36.49154]],[[-121.94491,36.49142],[-121.94491,36.49142]],[[-121.94519,36.49131],[-121.94519,36.49131]],[[-121.94547,36.4912],[-121.94547,36.4912]],[[-121.94561,36.49109],[-121.94561,36.49109]]]},"properties":{"depth_m":250}},{"type":"Feature","geometry":{"type":"MultiLineString","coordinates":[[[-121.98935,36.54503],[-121.98941,36.54458],[-121.9888,36.54367],[-121.98902,36.543],[-121.98882,36.54266],[-121.98891,36.54232],[-121.98829,36.54175],[-121.9876,36.54063],[-121.98661,36.53968],[-121.98563,36.53922],[-121.98506,36.53836],[-121.98282,36.53784],[-121.98217,36.53803],[-121.98203,36.53826],[-121.98252,36.53882],[-121.98278,36.53961],[-121.98273,36.53995],[-121.98229,36.54063],[-121.98098,36.54164],[-121.98104,36.54243],[-121.97998,36.543],[-121.97945,36.54374],[-121.97875,36.54351],[-121.97804,36.54351],[-121.97692,36.54373],[-121.97584,36.54424],[-121.97495,36.54442],[-121.97397,36.54405],[-121.97355,36.54353],[-121.97243,36.5435],[-121.97187,36.54318],[-121.97018,36.54277],[-121.9694,36.54345],[-121.96793,36.54407],[-121.96691,36.54503]],[[-121.96162,36.54503],[-121.96205,36.54446],[-121.96216,36.54379],[-121.96184,36.54266],[-121.96233,36.54209],[-121.96246,36.54153],[-121.96226,36.54119],[-121.96229,36.54074],[-121.9616,36.53972],[-121.96166,36.53927],[-121.96151,36.53905],[-121.95839,36.53842],[-121.95782,36.53845],[-121.95739,36.53814],[-121.9573,36.5378],[-121.95698,36.53757],[-121.95593,36.53735],[-121.95544,36.53709],[-121.95431,36.53692],[-121.95263,36.53707],[-121.95179,36.53735],[-121.94968,36.53702],[-121.9487,36.53732],[-121.9477,36.53668],[-121.94814,36.53622],[-121.94823,36.536],[-121.9481,36.53577],[-121.94634,36.53487],[-121.94589,36.53442],[-121.94491,36.53406],[-121.94392,36.53309],[-121.94239,36.53284],[-121.94199,36.53261],[-121.942,36.53239],[-121.94238,36.5322],[-121.94378,36.53213],[-121.94434,36.5323],[-121.94462,36.53179],[-121.94519,36.53207],[-121.94856,36.53285],[-121.95024,36.53345],[-121.9508,36.53309],[-121.95221,36.53313],[-121.95389,36.5317],[-121.95516,36.53182],[-121.95586,36.53123],[-121.95628,36.53118],[-121.95684,36.53077],[-121.9581,36.53099],[-121.95937,36.53182],[-121.95973,36.5316],[-121.96007,36.53097],[-121.96091,36.53095],[-121.96288,36.53001],[-121.9633,36.5303],[-121.96386,36.53036],[-121.96456,36.53004],[-121.96513,36.5306],[-121.96695,36.53108],[-121.96779,36.531],[-121.96815,36.5307],[-121.96837,36.53002],[-121.96864,36.52988],[-121.9699,36.53045],[-121.97102,36.53061],[-121.97144,36.53029],[-121.97233,36.53002],[-121.97292,36.52923],[-121.97407,36.52889],[-121.97377,36.52821],[-121.97391,36.52799],[-121.97614,36.52787],[-121.97662,36.52731],[-121.97679,36.52663],[-121.97818,36.5267],[-121.97903,36.52603],[-121.97973,36.52583],[-121.98085,36.52603],[-121.98109,36.52596],[-121.98127,36.52533],[-121.98178,36.52449],[-121.98129,36.52381],[-121.98122,36.52347],[-121.98057,36.52313],[-121.98062,36.52268],[-121.98094,36.52223],[-121.98088,36.52201],[-121.98002,36.52155],[-121.97973,36.52098],[-121.97889,36.52079],[-121.97853,36.52054],[-121.9783,36.52031],[-121.97819,36.51986],[-121.9779,36.51964],[-121.97529,36.51806],[-121.97532,36.51772],[-121.97577,36.51704],[-121.97544,36.51625],[-121.9765,36.51573],[-121.97679,36.51524],[-121.9766,36.51422],[-121.97638,36.51399],[-121.97643,36.51343],[-121.97542,36.51162],[-121.97544,36.51095],[-121.97491,36.50937],[-121.97557,36.5079],[-121.97636,36.50729],[-121.97889,36.50805],[-121.98065,36.50948],[-121.98099,36.50993],[-121.9819,36.51038],[-121.98288,36.51174],[-121.98446,36.51264],[-121.9844,36.51309],[-121.98503,36.51354],[-121.98504,36.51399],[-121.98526,36.51422],[-121.98534,36.51467],[-121.98675,36.5154],[-121.9874,36.51636],[-121.99112,36.51941],[-121.99194,36.51973],[-121.99363,36.51972]],[[-121.93171,36.54503],[-121.93213,36.54469],[-121.93297,36.54446],[-121.93367,36.5448],[-121.93381,36.54469],[-121.93367,36.54446],[-121.93339,36.54458],[-121.93381,36.54379],[-121.93381,36.54345],[-121.93325,36.543],[-121.93325,36.54209],[-121.93297,36.54164],[-121.93325,36.54142],[-121.93325,36.54096],[-121.93283,36.54051],[-121.93297,36.53995],[-121.93255,36.53984],[-121.93255,36.5395],[-121.93269,36.53938],[-121.93255,36.53927],[-121.93185,36.53927],[-121.93086,36.53961],[-121.93044,36.53938],[-121.92904,36.5378],[-121.92862,36.53701],[-121.92862,36.53622],[-121.92848,36.53611],[-121.9282,36.53386],[-121.92777,36.53329],[-121.92693,36.53273],[-121.92679,36.53228],[-121.92693,36.53149],[-121.92637,36.53103]],[[-121.93185,36.54491],[-121.93185,36.54491]],[[-121.96709,36.5448],[-121.96709,36.5448]],[[-121.93199,36.5448],[-121.93199,36.5448]],[[-121.96723,36.54469],[-121.96723,36.54469]],[[-121.93353,36.54469],[-121.93353,36.54469]],[[-121.93213,36.54469],[-121.93213,36.54469]],[[-121.93241,36.54458],[-121.93241,36.54458]],[[-121.93311,36.54446],[-121.93311,36.54446]],[[-121.93297,36.54446],[-121.93297,36.54446]],[[-121.93353,36.54412],[-121.93353,36.54412]],[[-121.93367,36.5439],[-121.93367,36.5439]],[[-121.93297,36.54164],[-121.93297,36.54164]],[[-121.93311,36.54153],[-121.93311,36.54153]],[[-121.93283,36.54029],[-121.93283,36.54029]],[[-121.93255,36.5395],[-121.93255,36.5395]],[[-121.96161,36.53938],[-121.96161,36.53938]],[[-121.95249,36.53284],[-121.95249,36.53284]],[[-121.9442,36.53228],[-121.9442,36.53228]],[[-121.92679,36.53194],[-121.92679,36.53194]],[[-121.95881,36.53137],[-121.95881,36.53137]],[[-121.95867,36.53126],[-121.95867,36.53126]],[[-121.97046,36.53058],[-121.97046,36.53058]],[[-121.97832,36.52663],[-121.97832,36.52663]],[[-121.97846,36.52652],[-121.97846,36.52652]],[[-121.98155,36.52494],[-121.98155,36.52494]],[[-121.92637,36.52426],[-121.92749,36.52313],[-121.92848,36.52268],[-121.92946,36.5228],[-121.9296,36.52291],[-121.9296,36.52325],[-121.9303,36.5237],[-121.93157,36.52347],[-121.93185,36.5237],[-121.93241,36.52336],[-121.93367,36.52347],[-121.93381,36.52336],[-121.93353,36.52313],[-121.93353,36.52291],[-121.93409,36.52234],[-121.93522,36.52246],[-121.9355,36.52291],[-121.93578,36.52291],[-121.93578,36.52313],[-121.93606,36.52347],[-121.93648,36.52336],[-121.93662,36.52359],[-121.93718,36.52347],[-121.93732,36.52325],[-121.93718,36.52313],[-121.93746,36.52302],[-121.93732,36.52313],[-121.93746,36.52325],[-121.9376,36.52313],[-121.93746,36.52325],[-121.9376,36.52336],[-121.93774,36.52325],[-121.93732,36.5228],[-121.93746,36.52268],[-121.93774,36.52291],[-121.93802,36.52268],[-121.93732,36.52212],[-121.9376,36.52201],[-121.93732,36.52178],[-121.93676,36.52167],[-121.93662,36.52189],[-121.93634,36.52144],[-121.93648,36.5211],[-121.93676,36.52099],[-121.93704,36.52099],[-121.93718,36.52133],[-121.9376,36.52144],[-121.93774,36.52133],[-121.9376,36.52065],[-121.93676,36.51997],[-121.93732,36.51986],[-121.93718,36.51952],[-121.9376,36.51918],[-121.93831,36.51896],[-121.93915,36.51896],[-121.94013,36.51918],[-121.94083,36.51964],[-121.94069,36.5202],[-121.93999,36.52076],[-121.93985,36.5211],[-121.94055,36.52144],[-121.94055,36.52178],[-121.94069,36.52189],[-121.94097,36.52201],[-121.94111,36.52189],[-121.94097,36.52201],[-121.94111,36.52223],[-121.94125,36.52201],[-121.94097,36.52155],[-121.94139,36.52167],[-121.94168,36.52144],[-121.9421,36.52178],[-121.94238,36.52167],[-121.94224,36.5211],[-121.94238,36.52076],[-121.94308,36.52088],[-121.94336,36.52065],[-121.94406,36.52099],[-121.9442,36.52076],[-121.94448,36.52076],[-121.94476,36.52099],[-121.94462,36.52122],[-121.94476,36.52144],[-121.94448,36.52167],[-121.94434,36.52155],[-121.9442,36.52167],[-121.94434,36.52178],[-121.94448,36.52167],[-121.94434,36.52189],[-121.94505,36.52234],[-121.94561,36.52234],[-121.94561,36.52257],[-121.94589,36.52291],[-121.94617,36.52291],[-121.94645,36.52313],[-121.94659,36.52302],[-121.94687,36.52336],[-121.94701,36.52325],[-121.94813,36.52404],[-121.94856,36.5237],[-121.94856,36.52291],[-121.94828,36.52268],[-121.94828,36.52234],[-121.9487,36.52234],[-121.94898,36.52268],[-121.9494,36.52257],[-121.94912,36.52268],[-121.94926,36.52291],[-121.94954,36.52268],[-121.9494,36.52257],[-121.94954,36.52223],[-121.9494,36.52122],[-121.94968,36.52122],[-121.95122,36.52268],[-121.95249,36.52347],[-121.95249,36.5237],[-121.95291,36.52404],[-121.95333,36.52392],[-121.95319,36.5237],[-121.95333,36.52347],[-121.95305,36.52325],[-121.95319,36.52302],[-121.95347,36.52336],[-121.95361,36.52325],[-121.95347,36.52336],[-121.95361,36.52347],[-121.95375,36.52336],[-121.95403,36.52359],[-121.95431,36.52415],[-121.95473,36.52438],[-121.95487,36.52426],[-121.95487,36.52404],[-121.95459,36.52381],[-121.95487,36.5237],[-121.95375,36.5228],[-121.95333,36.52268],[-121.95361,36.52246],[-121.95431,36.5228],[-121.95459,36.52246],[-121.95417,36.52167],[-121.95375,36.52144],[-121.95403,36.52122],[-121.95249,36.52043],[-121.9515,36.52054],[-121.95179,36.52043],[-121.95179,36.52009],[-121.9515,36.51975],[-121.95122,36.51975],[-121.95179,36.51896],[-121.95263,36.51896],[-121.95291,36.51918],[-121.95291,36.51941],[-121.95333,36.51964],[-121.95375,36.51941],[-121.95361,36.5193],[-121.95403,36.51896],[-121.95445,36.51907],[-121.95459,36.51885],[-121.95417,36.51794],[-121.95361,36.51749],[-121.95319,36.51749],[-121.95291,36.51783],[-121.95305,36.51794],[-121.95305,36.51828],[-121.95235,36.51817],[-121.95235,36.51772],[-121.95207,36.51749],[-121.95249,36.51704],[-121.95179,36.51648],[-121.95165,36.5167],[-121.95179,36.51682],[-121.95165,36.51682],[-121.95094,36.51636],[-121.95052,36.51715],[-121.95024,36.51704],[-121.94996,36.51715],[-121.94968,36.51693],[-121.9494,36.51704],[-121.94982,36.51682],[-121.94996,36.51636],[-121.94954,36.51614],[-121.94954,36.51569],[-121.94926,36.51546],[-121.94884,36.5158],[-121.94884,36.51557],[-121.94813,36.5149],[-121.94799,36.51399],[-121.94771,36.51377],[-121.94757,36.51411],[-121.94729,36.51343],[-121.94687,36.51354],[-121.94659,36.5132],[-121.94575,36.5132],[-121.94561,36.51354],[-121.94561,36.51298],[-121.94533,36.51275],[-121.94505,36.51275],[-121.9442,36.5132],[-121.94378,36.51298],[-121.94378,36.51241],[-121.94434,36.51275],[-121.94462,36.51253],[-121.94364,36.51185],[-121.94322,36.51196],[-121.94294,36.51174],[-121.94252,36.51174],[-121.94224,36.51196],[-121.9421,36.51185],[-121.94238,36.51162],[-121.94196,36.51151],[-121.94252,36.5114],[-121.94168,36.51129],[-121.94168,36.51083],[-121.94196,36.51061],[-121.94168,36.51038],[-121.94196,36.51016],[-121.94196,36.50993],[-121.94238,36.51004],[-121.94252,36.50993],[-121.94238,36.50982],[-121.94266,36.50971],[-121.94224,36.50959],[-121.94224,36.50937],[-121.94196,36.50914],[-121.94238,36.50925],[-121.94266,36.50903],[-121.94224,36.50858],[-121.94196,36.5088],[-121.94154,36.50835],[-121.94111,36.50846],[-121.94097,36.50824],[-121.94069,36.50824],[-121.94069,36.50801],[-121.94097,36.5079],[-121.9421,36.50801],[-121.94224,36.5079],[-121.94224,36.50756],[-121.9421,36.50745],[-121.94252,36.50767],[-121.94266,36.50756],[-121.94224,36.50711],[-121.94238,36.50688],[-121.94182,36.50643],[-121.94125,36.50688],[-121.94111,36.50666],[-121.94055,36.50677],[-121.94041,36.50688],[-121.94055,36.50711],[-121.94013,36.50688],[-121.93943,36.507],[-121.93873,36.50632],[-121.93915,36.50587],[-121.93915,36.50564],[-121.93859,36.50553],[-121.93859,36.5053],[-121.93802,36.50485],[-121.93845,36.5044],[-121.93901,36.50418],[-121.93887,36.50372],[-121.93915,36.50384],[-121.93943,36.50361],[-121.93943,36.50339],[-121.93915,36.50316],[-121.93887,36.50327],[-121.93901,36.50282],[-121.93873,36.50237],[-121.93859,36.50135],[-121.93887,36.50158],[-121.93929,36.50147],[-121.93957,36.50203],[-121.94013,36.50192],[-121.94027,36.50181],[-121.94027,36.50102],[-121.94055,36.50079],[-121.94055,36.50023],[-121.93985,36.49955],[-121.93943,36.49966],[-121.93929,36.49944],[-121.93915,36.49955],[-121.93887,36.4991],[-121.93817,36.49876],[-121.93788,36.49876],[-121.9376,36.4991],[-121.9376,36.49932],[-121.93746,36.49932],[-121.93718,36.49887],[-121.93662,36.49865],[-121.93676,36.49797],[-121.93774,36.49752],[-121.93915,36.49729],[-121.93915,36.49684],[-121.93985,36.49662],[-121.94027,36.49628],[-121.94013,36.49549],[-121.93985,36.49504],[-121.94083,36.49537],[-121.94111,36.49515],[-121.94111,36.49458],[-121.94196,36.49402],[-121.94224,36.49334],[-121.94266,36.49346],[-121.94294,36.49312],[-121.94294,36.49346],[-121.94308,36.49357],[-121.94322,36.49346],[-121.94322,36.49312],[-121.9435,36.49289],[-121.94448,36.49334],[-121.94476,36.49312],[-121.94476,36.49255],[-121.94519,36.49221],[-121.94462,36.49165],[-121.94575,36.49097]],[[-121.92651,36.52415],[-121.92651,36.52415]],[[-121.92665,36.52392],[-121.92665,36.52392]],[[-121.95459,36.52381],[-121.95459,36.52381]],[[-121.95319,36.5237],[-121.95319,36.5237]],[[-121.94828,36.52381],[-121.94828,36.52381]],[[-121.92679,36.52381],[-121.92679,36.52381]],[[-121.92693,36.5237],[-121.92693,36.5237]],[[-121.93199,36.52359],[-121.93199,36.52359]],[[-121.93072,36.52359],[-121.93072,36.52359]],[[-121.95319,36.52336],[-121.95319,36.52336]],[[-121.93676,36.52347],[-121.93676,36.52347]],[[-121.93213,36.52347],[-121.93213,36.52347]],[[-121.93114,36.52347],[-121.93114,36.52347]],[[-121.92707,36.52347],[-121.92707,36.52347]],[[-121.95375,36.52336],[-121.95375,36.52336]],[[-121.95305,36.52325],[-121.95277,36.52313],[-121.95305,36.52325]],[[-121.93634,36.52336],[-121.93634,36.52336]],[[-121.93367,36.52325],[-121.93367,36.52325]],[[-121.93241,36.52336],[-121.93241,36.52336]],[[-121.92721,36.52336],[-121.92721,36.52336]],[[-121.95361,36.52325],[-121.95361,36.52313],[-121.95361,36.52325]],[[-121.94701,36.52325],[-121.94701,36.52325]],[[-121.93718,36.52313],[-121.93718,36.52313]],[[-121.93353,36.52313],[-121.93353,36.52313]],[[-121.92735,36.52325],[-121.92735,36.52325]],[[-121.98057,36.52313],[-121.98057,36.52313]],[[-121.95361,36.52313],[-121.95361,36.52313]],[[-121.95291,36.52313],[-121.95291,36.52313]],[[-121.95277,36.52313],[-121.95277,36.52313]],[[-121.95263,36.52302],[-121.95263,36.52302]],[[-121.92749,36.52313],[-121.92749,36.52313]],[[-121.95319,36.52302],[-121.95319,36.52302]],[[-121.95249,36.52291],[-121.95249,36.52291]],[[-121.94659,36.52302],[-121.94659,36.52302]],[[-121.92777,36.52302],[-121.92777,36.52302]],[[-121.94842,36.5228],[-121.94842,36.5228]],[[-121.93732,36.5228],[-121.93732,36.5228]],[[-121.93353,36.52291],[-121.93353,36.52291]],[[-121.92792,36.52291],[-121.92792,36.52291]],[[-121.9494,36.5228],[-121.9494,36.5228]],[[-121.94828,36.52268],[-121.94828,36.52268]],[[-121.93788,36.5228],[-121.93788,36.5228]],[[-121.9282,36.5228],[-121.9282,36.5228]],[[-121.95417,36.52268],[-121.95417,36.52268]],[[-121.95333,36.52268],[-121.95333,36.52268]],[[-121.95319,36.52257],[-121.95319,36.52257]],[[-121.93788,36.52257],[-121.93788,36.52257]],[[-121.93746,36.52268],[-121.93746,36.52268]],[[-121.93367,36.52268],[-121.93367,36.52268]],[[-121.92848,36.52268],[-121.92848,36.52268]],[[-121.95445,36.52257],[-121.95445,36.52257]],[[-121.95389,36.52257],[-121.95389,36.52257]],[[-121.95291,36.52246],[-121.95291,36.52246]],[[-121.94926,36.52257],[-121.94926,36.52257]],[[-121.93774,36.52246],[-121.93774,36.52246]],[[-121.93381,36.52257],[-121.93381,36.52257]],[[-121.95361,36.52246],[-121.95361,36.52246]],[[-121.95347,36.52246],[-121.95347,36.52246]],[[-121.9376,36.52234],[-121.9376,36.52234]],[[-121.93395,36.52246],[-121.93395,36.52246]],[[-121.94828,36.52234],[-121.94828,36.52234]],[[-121.93746,36.52223],[-121.93746,36.52223]],[[-121.93409,36.52234],[-121.93409,36.52234]],[[-121.93732,36.52212],[-121.93732,36.52212]],[[-121.93704,36.52201],[-121.93704,36.52201]],[[-121.93746,36.52189],[-121.93746,36.52189]],[[-121.9369,36.52178],[-121.9369,36.52178]],[[-121.94097,36.52167],[-121.94097,36.52167]],[[-121.93648,36.52167],[-121.93648,36.52167]],[[-121.9494,36.52155],[-121.9494,36.52155]],[[-121.94224,36.52144],[-121.94224,36.52144]],[[-121.94154,36.52155],[-121.94154,36.52155]],[[-121.94097,36.52155],[-121.94097,36.52155]],[[-121.94083,36.52144],[-121.94083,36.52144]],[[-121.93634,36.52144],[-121.93634,36.52144]],[[-121.95375,36.52144],[-121.95375,36.52144]],[[-121.95361,36.52133],[-121.95347,36.52133],[-121.95361,36.52133]],[[-121.94168,36.52144],[-121.94168,36.52144]],[[-121.95389,36.52133],[-121.95389,36.52133]],[[-121.95347,36.52133],[-121.95347,36.52133]],[[-121.95333,36.52122],[-121.95333,36.52122]],[[-121.93634,36.52133],[-121.93634,36.52133]],[[-121.9494,36.52122],[-121.9494,36.52122]],[[-121.93648,36.5211],[-121.93648,36.5211]],[[-121.94224,36.52099],[-121.94224,36.52099]],[[-121.93676,36.52099],[-121.93676,36.52099]],[[-121.9376,36.52076],[-121.9376,36.52076]],[[-121.9442,36.52076],[-121.9442,36.52076]],[[-121.94322,36.52076],[-121.94322,36.52076]],[[-121.94238,36.52076],[-121.94238,36.52076]],[[-121.94336,36.52065],[-121.94336,36.52065]],[[-121.93746,36.52054],[-121.93746,36.52054]],[[-121.9515,36.52054],[-121.9515,36.52054]],[[-121.93718,36.52043],[-121.93718,36.52043]],[[-121.93704,36.52031],[-121.93704,36.52031]],[[-121.9369,36.5202],[-121.9369,36.5202]],[[-121.93676,36.52009],[-121.93676,36.52009]],[[-121.93676,36.51997],[-121.93676,36.51997]],[[-121.9369,36.51986],[-121.9369,36.51986]],[[-121.93718,36.51964],[-121.93718,36.51964]],[[-121.95122,36.51964],[-121.95122,36.51964]],[[-121.95361,36.51952],[-121.95361,36.51952]],[[-121.95319,36.51952],[-121.95319,36.51952]],[[-121.93718,36.51952],[-121.93718,36.51952]],[[-121.95136,36.51941],[-121.95136,36.51941]],[[-121.93732,36.51941],[-121.93732,36.51941]],[[-121.95361,36.5193],[-121.95361,36.5193]],[[-121.9515,36.5193],[-121.9515,36.5193]],[[-121.93746,36.5193],[-121.93746,36.5193]],[[-121.95389,36.51918],[-121.95389,36.51918]],[[-121.95291,36.51918],[-121.95291,36.51918]],[[-121.9376,36.51918],[-121.9376,36.51918]],[[-121.95277,36.51907],[-121.95277,36.51907]],[[-121.95165,36.51907],[-121.95165,36.51907]],[[-121.93788,36.51907],[-121.93788,36.51907]],[[-121.95403,36.51896],[-121.95403,36.51896]],[[-121.95263,36.51896],[-121.95263,36.51896]],[[-121.95179,36.51896],[-121.95179,36.51896]],[[-121.93831,36.51896],[-121.93831,36.51896]],[[-121.95305,36.51794],[-121.95305,36.51794]],[[-121.97538,36.51761],[-121.97538,36.51761]],[[-121.95207,36.51749],[-121.95207,36.51749]],[[-121.95221,36.51727],[-121.95221,36.51727]],[[-121.95235,36.51715],[-121.95235,36.51715]],[[-121.9494,36.51704],[-121.9494,36.51704]],[[-121.94954,36.51693],[-121.94954,36.51693]],[[-121.95179,36.51682],[-121.95179,36.51682]],[[-121.94982,36.5167],[-121.94982,36.5167]],[[-121.98689,36.51557],[-121.98689,36.51557]],[[-121.98534,36.51467],[-121.98534,36.51467]],[[-121.94448,36.51264],[-121.94448,36.51264]],[[-121.9442,36.51264],[-121.9442,36.51264]],[[-121.94406,36.51253],[-121.94406,36.51253]],[[-121.94378,36.51241],[-121.94378,36.51241]],[[-121.9421,36.51174],[-121.9421,36.51174]],[[-121.94196,36.51151],[-121.94196,36.51151]],[[-121.94168,36.51083],[-121.94168,36.51083]],[[-121.94168,36.51038],[-121.94168,36.51038]],[[-121.94182,36.51027],[-121.94182,36.51027]],[[-121.98099,36.50993],[-121.98099,36.50993]],[[-121.98085,36.50982],[-121.98085,36.50982]],[[-121.94196,36.50993],[-121.94196,36.50993]],[[-121.94238,36.50982],[-121.94238,36.50982]],[[-121.94252,36.50914],[-121.94252,36.50914]],[[-121.94224,36.50914],[-121.94224,36.50914]],[[-121.94196,36.50914],[-121.94196,36.50914]],[[-121.94069,36.50801],[-121.94069,36.50801]],[[-121.9779,36.50779],[-121.9779,36.50779]],[[-121.94168,36.5079],[-121.94168,36.5079]],[[-121.94154,36.5079],[-121.94154,36.5079]],[[-121.94139,36.50779],[-121.94111,36.50756],[-121.94139,36.50779]],[[-121.94097,36.5079],[-121.94097,36.5079]],[[-121.94083,36.5079],[-121.94083,36.5079]],[[-121.9772,36.50756],[-121.9772,36.50756]],[[-121.94125,36.50767],[-121.94125,36.50767]],[[-121.9435,36.50756],[-121.9442,36.507],[-121.94378,36.50632],[-121.9435,36.50621],[-121.94336,36.50632],[-121.94294,36.50598],[-121.9428,36.50609],[-121.9428,36.50711],[-121.9435,36.50756]],[[-121.94238,36.50756],[-121.94238,36.50756]],[[-121.94111,36.50756],[-121.94111,36.50756]],[[-121.97664,36.50734],[-121.97664,36.50734]],[[-121.94364,36.50745],[-121.94364,36.50745]],[[-121.94336,36.50745],[-121.94336,36.50745]],[[-121.94224,36.50745],[-121.94224,36.50745]],[[-121.9421,36.50745],[-121.9421,36.50745]],[[-121.94392,36.50734],[-121.94392,36.50734]],[[-121.94308,36.50734],[-121.94308,36.50734]],[[-121.94294,36.50722],[-121.94294,36.50722]],[[-121.94182,36.50711],[-121.94139,36.50711],[-121.94139,36.507],[-121.94182,36.50711]],[[-121.94406,36.50711],[-121.94406,36.50711]],[[-121.94224,36.50711],[-121.94224,36.50711]],[[-121.94168,36.507],[-121.94168,36.507]],[[-121.94139,36.507],[-121.94139,36.507]],[[-121.94055,36.507],[-121.94055,36.507]],[[-121.93873,36.50621],[-121.93873,36.50621]],[[-121.93887,36.50609],[-121.93887,36.50609]],[[-121.93901,36.50598],[-121.93901,36.50598]],[[-121.93802,36.50485],[-121.93802,36.50485]],[[-121.93817,36.50463],[-121.93817,36.50463]],[[-121.93831,36.50451],[-121.93831,36.50451]],[[-121.93845,36.5044],[-121.93845,36.5044]],[[-121.93873,36.50429],[-121.93873,36.50429]],[[-121.93929,36.50372],[-121.93929,36.50372]],[[-121.93887,36.50372],[-121.93887,36.50372]],[[-121.93887,36.50316],[-121.93887,36.50316]],[[-121.93999,36.50192],[-121.93999,36.50192]],[[-121.93943,36.50158],[-121.93943,36.50158]],[[-121.93929,36.50147],[-121.93929,36.50147]],[[-121.93915,36.50147],[-121.93915,36.50147]],[[-121.93873,36.50147],[-121.93873,36.50147]],[[-121.93859,36.50135],[-121.93859,36.50135]],[[-121.94027,36.50102],[-121.94027,36.50102]],[[-121.94041,36.5009],[-121.94041,36.5009]],[[-121.93662,36.49831],[-121.93662,36.49831]],[[-121.93676,36.49797],[-121.93676,36.49797]],[[-121.93704,36.49786],[-121.93704,36.49786]],[[-121.93718,36.49774],[-121.93718,36.49774]],[[-121.93746,36.49763],[-121.93746,36.49763]],[[-121.93774,36.49752],[-121.93774,36.49752]],[[-121.93845,36.49741],[-121.93845,36.49741]],[[-121.93915,36.49684],[-121.93915,36.49684]],[[-121.93929,36.49673],[-121.93929,36.49673]],[[-121.93971,36.49662],[-121.93971,36.49662]],[[-121.93999,36.4965],[-121.93999,36.4965]],[[-121.94013,36.49639],[-121.94013,36.49639]],[[-121.94097,36.49526],[-121.94097,36.49526]],[[-121.94041,36.49526],[-121.94041,36.49526]],[[-121.94027,36.49515],[-121.94027,36.49515]],[[-121.93999,36.49504],[-121.93999,36.49504]],[[-121.93985,36.49504],[-121.93985,36.49504]],[[-121.94111,36.49458],[-121.94111,36.49458]],[[-121.94125,36.49447],[-121.94125,36.49447]],[[-121.94154,36.49436],[-121.94154,36.49436]],[[-121.94168,36.49425],[-121.94168,36.49425]],[[-121.94182,36.49413],[-121.94182,36.49413]],[[-121.94196,36.49391],[-121.94196,36.49391]],[[-121.9421,36.49368],[-121.9421,36.49368]],[[-121.94252,36.49334],[-121.94252,36.49334]],[[-121.94224,36.49334],[-121.94224,36.49334]],[[-121.94462,36.49323],[-121.94462,36.49323]],[[-121.9442,36.49323],[-121.9442,36.49323]],[[-121.9428,36.49323],[-121.9428,36.49323]],[[-121.94406,36.49312],[-121.94406,36.49312]],[[-121.94322,36.49312],[-121.94322,36.49312]],[[-121.94294,36.49312],[-121.94294,36.49312]],[[-121.94392,36.493],[-121.94392,36.493]],[[-121.94336,36.493],[-121.94336,36.493]],[[-121.9435,36.49289],[-121.9435,36.49289]],[[-121.94476,36.49255],[-121.94476,36.49255]],[[-121.94462,36.49233],[-121.94462,36.49233]],[[-121.94505,36.49233],[-121.94505,36.49233]],[[-121.94462,36.49165],[-121.94462,36.49165]],[[-121.94476,36.49154],[-121.94476,36.49154]],[[-121.94491,36.49142],[-121.94491,36.49142]],[[-121.94519,36.49131],[-121.94519,36.49131]],[[-121.94547,36.4912],[-121.94547,36.4912]],[[-121.94561,36.49109],[-121.94561,36.49109]]]},"properties":{"depth_m":275}},{"type":"Feature","geometry":{"type":"MultiLineString","coordinates":[[[-121.98958,36.54503],[-121.98969,36.54458],[-121.98952,36.5439],[-121.98916,36.54356],[-121.98906,36.54221],[-121.98804,36.54063],[-121.98742,36.54017],[-121.98692,36.53927],[-121.98591,36.53898],[-121.9855,36.53837],[-121.9845,36.53787],[-121.98155,36.5375],[-121.98119,36.53769],[-121.98216,36.53905],[-121.98225,36.53972],[-121.98183,36.54051],[-121.98053,36.54153],[-121.98047,36.54232],[-121.9798,36.54266],[-121.97917,36.54326],[-121.9779,36.5432],[-121.97481,36.54386],[-121.97425,36.54371],[-121.97397,36.54317],[-121.97341,36.54288],[-121.97271,36.54298],[-121.97158,36.54282],[-121.97018,36.54232],[-121.96765,36.54381],[-121.96646,36.5448],[-121.96583,36.54473],[-121.96537,36.54503]],[[-121.96219,36.54503],[-121.96258,36.54424],[-121.96259,36.54367],[-121.96233,36.54277],[-121.9628,36.54153],[-121.96276,36.54074],[-121.96215,36.53972],[-121.96216,36.5395],[-121.96255,36.53916],[-121.96243,36.53893],[-121.96021,36.53831],[-121.95895,36.53816],[-121.95839,36.53786],[-121.95796,36.5379],[-121.95726,36.53735],[-121.95558,36.53672],[-121.95375,36.53662],[-121.95165,36.53704],[-121.95024,36.53686],[-121.94982,36.53668],[-121.9487,36.53671],[-121.94854,36.53656],[-121.94876,36.536],[-121.94864,36.53566],[-121.94505,36.53355],[-121.94424,36.53284],[-121.94519,36.53251],[-121.94575,36.5325],[-121.94799,36.53301],[-121.94996,36.53368],[-121.95207,36.53354],[-121.95279,36.53329],[-121.95319,36.53287],[-121.95347,36.53285],[-121.95417,36.53213],[-121.95502,36.53231],[-121.95614,36.53163],[-121.9567,36.53163],[-121.95754,36.53123],[-121.95824,36.53134],[-121.95881,36.53196],[-121.95937,36.53211],[-121.95993,36.53183],[-121.96035,36.53131],[-121.96105,36.53132],[-121.9626,36.53045],[-121.96386,36.53071],[-121.96442,36.53049],[-121.96513,36.5309],[-121.96653,36.5313],[-121.96793,36.53147],[-121.96822,36.53137],[-121.96857,36.53036],[-121.96878,36.53021],[-121.97046,36.53086],[-121.97116,36.53084],[-121.97172,36.53042],[-121.97243,36.5303],[-121.97277,36.53002],[-121.97282,36.52957],[-121.97312,36.52934],[-121.97341,36.5292],[-121.97439,36.52926],[-121.97459,36.52912],[-121.97414,36.52833],[-121.9743,36.5281],[-121.97622,36.52801],[-121.9772,36.52686],[-121.97846,36.52697],[-121.97903,36.5264],[-121.97987,36.52614],[-121.98065,36.52629],[-121.98127,36.52673],[-121.98169,36.52671],[-121.98188,36.52652],[-121.98168,36.52596],[-121.9817,36.5255],[-121.98225,36.52483],[-121.98225,36.5246],[-121.98212,36.5242],[-121.98096,36.52302],[-121.98131,36.52234],[-121.98115,36.52178],[-121.98034,36.52133],[-121.98006,36.52065],[-121.97959,36.52061],[-121.97898,36.52031],[-121.97877,36.52009],[-121.9787,36.51964],[-121.97639,36.51828],[-121.97594,36.51783],[-121.97641,36.51693],[-121.97636,36.5164],[-121.97715,36.51591],[-121.9774,36.51535],[-121.97682,36.5132],[-121.97599,36.51151],[-121.97617,36.51106],[-121.976,36.51016],[-121.97626,36.50948],[-121.97734,36.50863],[-121.97832,36.50874],[-121.97987,36.50964],[-121.98144,36.51083],[-121.98282,36.51221],[-121.98375,36.51264],[-121.98395,36.51287],[-121.98399,36.51343],[-121.98463,36.51388],[-121.98502,36.51501],[-121.98658,36.5158],[-121.98686,36.51659],[-121.98843,36.518],[-121.98886,36.51862],[-121.98956,36.51912],[-121.99012,36.51922],[-121.99068,36.51997],[-121.9918,36.5209],[-121.99363,36.52165]],[[-121.93171,36.54503],[-121.93213,36.54469],[-121.93297,36.54446],[-121.93367,36.5448],[-121.93381,36.54469],[-121.93367,36.54446],[-121.93339,36.54458],[-121.93381,36.54379],[-121.93381,36.54345],[-121.93325,36.543],[-121.93325,36.54209],[-121.93297,36.54164],[-121.93325,36.54142],[-121.93325,36.54096],[-121.93283,36.54051],[-121.93297,36.53995],[-121.93255,36.53984],[-121.93255,36.5395],[-121.93269,36.53938],[-121.93255,36.53927],[-121.93185,36.53927],[-121.93086,36.53961],[-121.93044,36.53938],[-121.92904,36.5378],[-121.92862,36.53701],[-121.92862,36.53622],[-121.92848,36.53611],[-121.9282,36.53386],[-121.92777,36.53329],[-121.92693,36.53273],[-121.92679,36.53228],[-121.92693,36.53149],[-121.92637,36.53103]],[[-121.93185,36.54491],[-121.93185,36.54491]],[[-121.93199,36.5448],[-121.93199,36.5448]],[[-121.93353,36.54469],[-121.93353,36.54469]],[[-121.93213,36.54469],[-121.93213,36.54469]],[[-121.93241,36.54458],[-121.93241,36.54458]],[[-121.93311,36.54446],[-121.93311,36.54446]],[[-121.93297,36.54446],[-121.93297,36.54446]],[[-121.96695,36.54435],[-121.96695,36.54435]],[[-121.93353,36.54412],[-121.93353,36.54412]],[[-121.93367,36.5439],[-121.93367,36.5439]],[[-121.96246,36.54243],[-121.96246,36.54243]],[[-121.97018,36.54232],[-121.97018,36.54232]],[[-121.93297,36.54164],[-121.93297,36.54164]],[[-121.93311,36.54153],[-121.93311,36.54153]],[[-121.98127,36.54096],[-121.98127,36.54096]],[[-121.98141,36.54085],[-121.98141,36.54085]],[[-121.98183,36.54051],[-121.98183,36.54051]],[[-121.93283,36.54029],[-121.93283,36.54029]],[[-121.93255,36.5395],[-121.93255,36.5395]],[[-121.95277,36.53679],[-121.95277,36.53679]],[[-121.9494,36.53668],[-121.9494,36.53668]],[[-121.94982,36.53363],[-121.94982,36.53363]],[[-121.94448,36.53273],[-121.94448,36.53273]],[[-121.95895,36.53205],[-121.95895,36.53205]],[[-121.92679,36.53194],[-121.92679,36.53194]],[[-121.96583,36.53103],[-121.96583,36.53103]],[[-121.96541,36.53092],[-121.96541,36.53092]],[[-121.97032,36.53081],[-121.97032,36.53081]],[[-121.97846,36.52697],[-121.97846,36.52697]],[[-121.98015,36.52618],[-121.98015,36.52618]],[[-121.92637,36.52426],[-121.92749,36.52313],[-121.92848,36.52268],[-121.92946,36.5228],[-121.9296,36.52291],[-121.9296,36.52325],[-121.9303,36.5237],[-121.93157,36.52347],[-121.93185,36.5237],[-121.93241,36.52336],[-121.93367,36.52347],[-121.93381,36.52336],[-121.93353,36.52313],[-121.93353,36.52291],[-121.93409,36.52234],[-121.93522,36.52246],[-121.9355,36.52291],[-121.93578,36.52291],[-121.93578,36.52313],[-121.93606,36.52347],[-121.93648,36.52336],[-121.93662,36.52359],[-121.93718,36.52347],[-121.93732,36.52325],[-121.93718,36.52313],[-121.93746,36.52302],[-121.93732,36.52313],[-121.93746,36.52325],[-121.9376,36.52313],[-121.93746,36.52325],[-121.9376,36.52336],[-121.93774,36.52325],[-121.93732,36.5228],[-121.93746,36.52268],[-121.93774,36.52291],[-121.93802,36.52268],[-121.93732,36.52212],[-121.9376,36.52201],[-121.93732,36.52178],[-121.93676,36.52167],[-121.93662,36.52189],[-121.93634,36.52144],[-121.93648,36.5211],[-121.93676,36.52099],[-121.93704,36.52099],[-121.93718,36.52133],[-121.9376,36.52144],[-121.93774,36.52133],[-121.9376,36.52065],[-121.93676,36.51997],[-121.93732,36.51986],[-121.93718,36.51952],[-121.9376,36.51918],[-121.93831,36.51896],[-121.93915,36.51896],[-121.94013,36.51918],[-121.94083,36.51964],[-121.94069,36.5202],[-121.93999,36.52076],[-121.93985,36.5211],[-121.94055,36.52144],[-121.94055,36.52178],[-121.94069,36.52189],[-121.94097,36.52201],[-121.94111,36.52189],[-121.94097,36.52201],[-121.94111,36.52223],[-121.94125,36.52201],[-121.94097,36.52155],[-121.94139,36.52167],[-121.94168,36.52144],[-121.9421,36.52178],[-121.94238,36.52167],[-121.94224,36.5211],[-121.94238,36.52076],[-121.94308,36.52088],[-121.94336,36.52065],[-121.94406,36.52099],[-121.9442,36.52076],[-121.94448,36.52076],[-121.94476,36.52099],[-121.94462,36.52122],[-121.94476,36.52144],[-121.94448,36.52167],[-121.94434,36.52155],[-121.9442,36.52167],[-121.94434,36.52178],[-121.94448,36.52167],[-121.94434,36.52189],[-121.94505,36.52234],[-121.94561,36.52234],[-121.94561,36.52257],[-121.94589,36.52291],[-121.94617,36.52291],[-121.94645,36.52313],[-121.94659,36.52302],[-121.94687,36.52336],[-121.94701,36.52325],[-121.94813,36.52404],[-121.94856,36.5237],[-121.94856,36.52291],[-121.94828,36.52268],[-121.94828,36.52234],[-121.9487,36.52234],[-121.94898,36.52268],[-121.9494,36.52257],[-121.94912,36.52268],[-121.94926,36.52291],[-121.94954,36.52268],[-121.9494,36.52257],[-121.94954,36.52223],[-121.9494,36.52122],[-121.94968,36.52122],[-121.95122,36.52268],[-121.95249,36.52347],[-121.95249,36.5237],[-121.95291,36.52404],[-121.95333,36.52392],[-121.95319,36.5237],[-121.95333,36.52347],[-121.95305,36.52325],[-121.95319,36.52302],[-121.95347,36.52336],[-121.95361,36.52325],[-121.95347,36.52336],[-121.95361,36.52347],[-121.95375,36.52336],[-121.95403,36.52359],[-121.95431,36.52415],[-121.95473,36.52438],[-121.95487,36.52426],[-121.95487,36.52404],[-121.95459,36.52381],[-121.95487,36.5237],[-121.95375,36.5228],[-121.95333,36.52268],[-121.95361,36.52246],[-121.95431,36.5228],[-121.95459,36.52246],[-121.95417,36.52167],[-121.95375,36.52144],[-121.95403,36.52122],[-121.95249,36.52043],[-121.9515,36.52054],[-121.95179,36.52043],[-121.95179,36.52009],[-121.9515,36.51975],[-121.95122,36.51975],[-121.95179,36.51896],[-121.95263,36.51896],[-121.95291,36.51918],[-121.95291,36.51941],[-121.95333,36.51964],[-121.95375,36.51941],[-121.95361,36.5193],[-121.95403,36.51896],[-121.95445,36.51907],[-121.95459,36.51885],[-121.95417,36.51794],[-121.95361,36.51749],[-121.95319,36.51749],[-121.95291,36.51783],[-121.95305,36.51794],[-121.95305,36.51828],[-121.95235,36.51817],[-121.95235,36.51772],[-121.95207,36.51749],[-121.95249,36.51704],[-121.95179,36.51648],[-121.95165,36.5167],[-121.95179,36.51682],[-121.95165,36.51682],[-121.95094,36.51636],[-121.95052,36.51715],[-121.95024,36.51704],[-121.94996,36.51715],[-121.94968,36.51693],[-121.9494,36.51704],[-121.94982,36.51682],[-121.94996,36.51636],[-121.94954,36.51614],[-121.94954,36.51569],[-121.94926,36.51546],[-121.94884,36.5158],[-121.94884,36.51557],[-121.94813,36.5149],[-121.94799,36.51399],[-121.94771,36.51377],[-121.94757,36.51411],[-121.94729,36.51343],[-121.94687,36.51354],[-121.94659,36.5132],[-121.94575,36.5132],[-121.94561,36.51354],[-121.94561,36.51298],[-121.94533,36.51275],[-121.94505,36.51275],[-121.9442,36.5132],[-121.94378,36.51298],[-121.94378,36.51241],[-121.94434,36.51275],[-121.94462,36.51253],[-121.94364,36.51185],[-121.94322,36.51196],[-121.94294,36.51174],[-121.94252,36.51174],[-121.94224,36.51196],[-121.9421,36.51185],[-121.94238,36.51162],[-121.94196,36.51151],[-121.94252,36.5114],[-121.94168,36.51129],[-121.94168,36.51083],[-121.94196,36.51061],[-121.94168,36.51038],[-121.94196,36.51016],[-121.94196,36.50993],[-121.94238,36.51004],[-121.94252,36.50993],[-121.94238,36.50982],[-121.94266,36.50971],[-121.94224,36.50959],[-121.94224,36.50937],[-121.94196,36.50914],[-121.94238,36.50925],[-121.94266,36.50903],[-121.94224,36.50858],[-121.94196,36.5088],[-121.94154,36.50835],[-121.94111,36.50846],[-121.94097,36.50824],[-121.94069,36.50824],[-121.94069,36.50801],[-121.94097,36.5079],[-121.9421,36.50801],[-121.94224,36.5079],[-121.94224,36.50756],[-121.9421,36.50745],[-121.94252,36.50767],[-121.94266,36.50756],[-121.94224,36.50711],[-121.94238,36.50688],[-121.94182,36.50643],[-121.94125,36.50688],[-121.94111,36.50666],[-121.94055,36.50677],[-121.94041,36.50688],[-121.94055,36.50711],[-121.94013,36.50688],[-121.93943,36.507],[-121.93873,36.50632],[-121.93915,36.50587],[-121.93915,36.50564],[-121.93859,36.50553],[-121.93859,36.5053],[-121.93802,36.50485],[-121.93845,36.5044],[-121.93901,36.50418],[-121.93887,36.50372],[-121.93915,36.50384],[-121.93943,36.50361],[-121.93943,36.50339],[-121.93915,36.50316],[-121.93887,36.50327],[-121.93901,36.50282],[-121.93873,36.50237],[-121.93859,36.50135],[-121.93887,36.50158],[-121.93929,36.50147],[-121.93957,36.50203],[-121.94013,36.50192],[-121.94027,36.50181],[-121.94027,36.50102],[-121.94055,36.50079],[-121.94055,36.50023],[-121.93985,36.49955],[-121.93943,36.49966],[-121.93929,36.49944],[-121.93915,36.49955],[-121.93887,36.4991],[-121.93817,36.49876],[-121.93788,36.49876],[-121.9376,36.4991],[-121.9376,36.49932],[-121.93746,36.49932],[-121.93718,36.49887],[-121.93662,36.49865],[-121.93676,36.49797],[-121.93774,36.49752],[-121.93915,36.49729],[-121.93915,36.49684],[-121.93985,36.49662],[-121.94027,36.49628],[-121.94013,36.49549],[-121.93985,36.49504],[-121.94083,36.49537],[-121.94111,36.49515],[-121.94111,36.49458],[-121.94196,36.49402],[-121.94224,36.49334],[-121.94266,36.49346],[-121.94294,36.49312],[-121.94294,36.49346],[-121.94308,36.49357],[-121.94322,36.49346],[-121.94322,36.49312],[-121.9435,36.49289],[-121.94448,36.49334],[-121.94476,36.49312],[-121.94476,36.49255],[-121.94519,36.49221],[-121.94462,36.49165],[-121.94575,36.49097]],[[-121.92651,36.52415],[-121.92651,36.52415]],[[-121.92665,36.52392],[-121.92665,36.52392]],[[-121.95459,36.52381],[-121.95459,36.52381]],[[-121.95319,36.5237],[-121.95319,36.5237]],[[-121.94828,36.52381],[-121.94828,36.52381]],[[-121.92679,36.52381],[-121.92679,36.52381]],[[-121.92693,36.5237],[-121.92693,36.5237]],[[-121.93199,36.52359],[-121.93199,36.52359]],[[-121.93072,36.52359],[-121.93072,36.52359]],[[-121.95319,36.52336],[-121.95319,36.52336]],[[-121.93676,36.52347],[-121.93676,36.52347]],[[-121.93213,36.52347],[-121.93213,36.52347]],[[-121.93114,36.52347],[-121.93114,36.52347]],[[-121.92707,36.52347],[-121.92707,36.52347]],[[-121.95375,36.52336],[-121.95375,36.52336]],[[-121.95305,36.52325],[-121.95277,36.52313],[-121.95305,36.52325]],[[-121.93634,36.52336],[-121.93634,36.52336]],[[-121.93367,36.52325],[-121.93367,36.52325]],[[-121.93241,36.52336],[-121.93241,36.52336]],[[-121.92721,36.52336],[-121.92721,36.52336]],[[-121.95361,36.52325],[-121.95361,36.52313],[-121.95361,36.52325]],[[-121.94701,36.52325],[-121.94701,36.52325]],[[-121.93718,36.52313],[-121.93718,36.52313]],[[-121.93353,36.52313],[-121.93353,36.52313]],[[-121.92735,36.52325],[-121.92735,36.52325]],[[-121.95361,36.52313],[-121.95361,36.52313]],[[-121.95291,36.52313],[-121.95291,36.52313]],[[-121.95277,36.52313],[-121.95277,36.52313]],[[-121.95263,36.52302],[-121.95263,36.52302]],[[-121.92749,36.52313],[-121.92749,36.52313]],[[-121.95319,36.52302],[-121.95319,36.52302]],[[-121.95249,36.52291],[-121.95249,36.52291]],[[-121.94659,36.52302],[-121.94659,36.52302]],[[-121.92777,36.52302],[-121.92777,36.52302]],[[-121.94842,36.5228],[-121.94842,36.5228]],[[-121.93732,36.5228],[-121.93732,36.5228]],[[-121.93353,36.52291],[-121.93353,36.52291]],[[-121.92792,36.52291],[-121.92792,36.52291]],[[-121.9494,36.5228],[-121.9494,36.5228]],[[-121.94828,36.52268],[-121.94828,36.52268]],[[-121.93788,36.5228],[-121.93788,36.5228]],[[-121.9282,36.5228],[-121.9282,36.5228]],[[-121.95417,36.52268],[-121.95417,36.52268]],[[-121.95333,36.52268],[-121.95333,36.52268]],[[-121.95319,36.52257],[-121.95319,36.52257]],[[-121.93788,36.52257],[-121.93788,36.52257]],[[-121.93746,36.52268],[-121.93746,36.52268]],[[-121.93367,36.52268],[-121.93367,36.52268]],[[-121.92848,36.52268],[-121.92848,36.52268]],[[-121.95445,36.52257],[-121.95445,36.52257]],[[-121.95389,36.52257],[-121.95389,36.52257]],[[-121.95291,36.52246],[-121.95291,36.52246]],[[-121.94926,36.52257],[-121.94926,36.52257]],[[-121.93774,36.52246],[-121.93774,36.52246]],[[-121.93381,36.52257],[-121.93381,36.52257]],[[-121.95361,36.52246],[-121.95361,36.52246]],[[-121.95347,36.52246],[-121.95347,36.52246]],[[-121.9376,36.52234],[-121.9376,36.52234]],[[-121.93395,36.52246],[-121.93395,36.52246]],[[-121.94828,36.52234],[-121.94828,36.52234]],[[-121.93746,36.52223],[-121.93746,36.52223]],[[-121.93409,36.52234],[-121.93409,36.52234]],[[-121.93732,36.52212],[-121.93732,36.52212]],[[-121.93704,36.52201],[-121.93704,36.52201]],[[-121.93746,36.52189],[-121.93746,36.52189]],[[-121.9369,36.52178],[-121.9369,36.52178]],[[-121.94097,36.52167],[-121.94097,36.52167]],[[-121.93648,36.52167],[-121.93648,36.52167]],[[-121.9494,36.52155],[-121.9494,36.52155]],[[-121.94224,36.52144],[-121.94224,36.52144]],[[-121.94154,36.52155],[-121.94154,36.52155]],[[-121.94097,36.52155],[-121.94097,36.52155]],[[-121.94083,36.52144],[-121.94083,36.52144]],[[-121.93634,36.52144],[-121.93634,36.52144]],[[-121.95375,36.52144],[-121.95375,36.52144]],[[-121.95361,36.52133],[-121.95347,36.52133],[-121.95361,36.52133]],[[-121.94168,36.52144],[-121.94168,36.52144]],[[-121.95389,36.52133],[-121.95389,36.52133]],[[-121.95347,36.52133],[-121.95347,36.52133]],[[-121.95333,36.52122],[-121.95333,36.52122]],[[-121.93634,36.52133],[-121.93634,36.52133]],[[-121.9494,36.52122],[-121.9494,36.52122]],[[-121.93648,36.5211],[-121.93648,36.5211]],[[-121.94224,36.52099],[-121.94224,36.52099]],[[-121.93676,36.52099],[-121.93676,36.52099]],[[-121.9376,36.52076],[-121.9376,36.52076]],[[-121.9442,36.52076],[-121.9442,36.52076]],[[-121.94322,36.52076],[-121.94322,36.52076]],[[-121.94238,36.52076],[-121.94238,36.52076]],[[-121.94336,36.52065],[-121.94336,36.52065]],[[-121.93746,36.52054],[-121.93746,36.52054]],[[-121.9515,36.52054],[-121.9515,36.52054]],[[-121.93718,36.52043],[-121.93718,36.52043]],[[-121.93704,36.52031],[-121.93704,36.52031]],[[-121.9369,36.5202],[-121.9369,36.5202]],[[-121.93676,36.52009],[-121.93676,36.52009]],[[-121.93676,36.51997],[-121.93676,36.51997]],[[-121.9369,36.51986],[-121.9369,36.51986]],[[-121.93718,36.51964],[-121.93718,36.51964]],[[-121.95122,36.51964],[-121.95122,36.51964]],[[-121.95361,36.51952],[-121.95361,36.51952]],[[-121.95319,36.51952],[-121.95319,36.51952]],[[-121.93718,36.51952],[-121.93718,36.51952]],[[-121.95136,36.51941],[-121.95136,36.51941]],[[-121.93732,36.51941],[-121.93732,36.51941]],[[-121.95361,36.5193],[-121.95361,36.5193]],[[-121.9515,36.5193],[-121.9515,36.5193]],[[-121.93746,36.5193],[-121.93746,36.5193]],[[-121.95389,36.51918],[-121.95389,36.51918]],[[-121.95291,36.51918],[-121.95291,36.51918]],[[-121.9376,36.51918],[-121.9376,36.51918]],[[-121.95277,36.51907],[-121.95277,36.51907]],[[-121.95165,36.51907],[-121.95165,36.51907]],[[-121.93788,36.51907],[-121.93788,36.51907]],[[-121.95403,36.51896],[-121.95403,36.51896]],[[-121.95263,36.51896],[-121.95263,36.51896]],[[-121.95179,36.51896],[-121.95179,36.51896]],[[-121.93831,36.51896],[-121.93831,36.51896]],[[-121.989,36.51873],[-121.989,36.51873]],[[-121.95305,36.51794],[-121.95305,36.51794]],[[-121.95207,36.51749],[-121.95207,36.51749]],[[-121.95221,36.51727],[-121.95221,36.51727]],[[-121.95235,36.51715],[-121.95235,36.51715]],[[-121.9494,36.51704],[-121.9494,36.51704]],[[-121.94954,36.51693],[-121.94954,36.51693]],[[-121.95179,36.51682],[-121.95179,36.51682]],[[-121.94982,36.5167],[-121.94982,36.5167]],[[-121.98352,36.51253],[-121.98352,36.51253]],[[-121.94448,36.51264],[-121.94448,36.51264]],[[-121.9442,36.51264],[-121.9442,36.51264]],[[-121.94406,36.51253],[-121.94406,36.51253]],[[-121.94378,36.51241],[-121.94378,36.51241]],[[-121.98254,36.51196],[-121.98254,36.51196]],[[-121.9421,36.51174],[-121.9421,36.51174]],[[-121.94196,36.51151],[-121.94196,36.51151]],[[-121.94168,36.51083],[-121.94168,36.51083]],[[-121.98085,36.51038],[-121.98085,36.51038]],[[-121.94168,36.51038],[-121.94168,36.51038]],[[-121.94182,36.51027],[-121.94182,36.51027]],[[-121.94196,36.50993],[-121.94196,36.50993]],[[-121.94238,36.50982],[-121.94238,36.50982]],[[-121.94252,36.50914],[-121.94252,36.50914]],[[-121.94224,36.50914],[-121.94224,36.50914]],[[-121.94196,36.50914],[-121.94196,36.50914]],[[-121.97818,36.50869],[-121.97818,36.50869]],[[-121.94069,36.50801],[-121.94069,36.50801]],[[-121.94168,36.5079],[-121.94168,36.5079]],[[-121.94154,36.5079],[-121.94154,36.5079]],[[-121.94139,36.50779],[-121.94111,36.50756],[-121.94139,36.50779]],[[-121.94097,36.5079],[-121.94097,36.5079]],[[-121.94083,36.5079],[-121.94083,36.5079]],[[-121.94125,36.50767],[-121.94125,36.50767]],[[-121.9435,36.50756],[-121.9442,36.507],[-121.94378,36.50632],[-121.9435,36.50621],[-121.94336,36.50632],[-121.94294,36.50598],[-121.9428,36.50609],[-121.9428,36.50711],[-121.9435,36.50756]],[[-121.94238,36.50756],[-121.94238,36.50756]],[[-121.94111,36.50756],[-121.94111,36.50756]],[[-121.94364,36.50745],[-121.94364,36.50745]],[[-121.94336,36.50745],[-121.94336,36.50745]],[[-121.94224,36.50745],[-121.94224,36.50745]],[[-121.9421,36.50745],[-121.9421,36.50745]],[[-121.94392,36.50734],[-121.94392,36.50734]],[[-121.94308,36.50734],[-121.94308,36.50734]],[[-121.94294,36.50722],[-121.94294,36.50722]],[[-121.94182,36.50711],[-121.94139,36.50711],[-121.94139,36.507],[-121.94182,36.50711]],[[-121.94406,36.50711],[-121.94406,36.50711]],[[-121.94224,36.50711],[-121.94224,36.50711]],[[-121.94168,36.507],[-121.94168,36.507]],[[-121.94139,36.507],[-121.94139,36.507]],[[-121.94055,36.507],[-121.94055,36.507]],[[-121.93873,36.50621],[-121.93873,36.50621]],[[-121.93887,36.50609],[-121.93887,36.50609]],[[-121.93901,36.50598],[-121.93901,36.50598]],[[-121.93802,36.50485],[-121.93802,36.50485]],[[-121.93817,36.50463],[-121.93817,36.50463]],[[-121.93831,36.50451],[-121.93831,36.50451]],[[-121.93845,36.5044],[-121.93845,36.5044]],[[-121.93873,36.50429],[-121.93873,36.50429]],[[-121.93929,36.50372],[-121.93929,36.50372]],[[-121.93887,36.50372],[-121.93887,36.50372]],[[-121.93887,36.50316],[-121.93887,36.50316]],[[-121.93999,36.50192],[-121.93999,36.50192]],[[-121.93943,36.50158],[-121.93943,36.50158]],[[-121.93929,36.50147],[-121.93929,36.50147]],[[-121.93915,36.50147],[-121.93915,36.50147]],[[-121.93873,36.50147],[-121.93873,36.50147]],[[-121.93859,36.50135],[-121.93859,36.50135]],[[-121.94027,36.50102],[-121.94027,36.50102]],[[-121.94041,36.5009],[-121.94041,36.5009]],[[-121.93662,36.49831],[-121.93662,36.49831]],[[-121.93676,36.49797],[-121.93676,36.49797]],[[-121.93704,36.49786],[-121.93704,36.49786]],[[-121.93718,36.49774],[-121.93718,36.49774]],[[-121.93746,36.49763],[-121.93746,36.49763]],[[-121.93774,36.49752],[-121.93774,36.49752]],[[-121.93845,36.49741],[-121.93845,36.49741]],[[-121.93915,36.49684],[-121.93915,36.49684]],[[-121.93929,36.49673],[-121.93929,36.49673]],[[-121.93971,36.49662],[-121.93971,36.49662]],[[-121.93999,36.4965],[-121.93999,36.4965]],[[-121.94013,36.49639],[-121.94013,36.49639]],[[-121.94097,36.49526],[-121.94097,36.49526]],[[-121.94041,36.49526],[-121.94041,36.49526]],[[-121.94027,36.49515],[-121.94027,36.49515]],[[-121.93999,36.49504],[-121.93999,36.49504]],[[-121.93985,36.49504],[-121.93985,36.49504]],[[-121.94111,36.49458],[-121.94111,36.49458]],[[-121.94125,36.49447],[-121.94125,36.49447]],[[-121.94154,36.49436],[-121.94154,36.49436]],[[-121.94168,36.49425],[-121.94168,36.49425]],[[-121.94182,36.49413],[-121.94182,36.49413]],[[-121.94196,36.49391],[-121.94196,36.49391]],[[-121.9421,36.49368],[-121.9421,36.49368]],[[-121.94252,36.49334],[-121.94252,36.49334]],[[-121.94224,36.49334],[-121.94224,36.49334]],[[-121.94462,36.49323],[-121.94462,36.49323]],[[-121.9442,36.49323],[-121.9442,36.49323]],[[-121.9428,36.49323],[-121.9428,36.49323]],[[-121.94406,36.49312],[-121.94406,36.49312]],[[-121.94322,36.49312],[-121.94322,36.49312]],[[-121.94294,36.49312],[-121.94294,36.49312]],[[-121.94392,36.493],[-121.94392,36.493]],[[-121.94336,36.493],[-121.94336,36.493]],[[-121.9435,36.49289],[-121.9435,36.49289]],[[-121.94476,36.49255],[-121.94476,36.49255]],[[-121.94462,36.49233],[-121.94462,36.49233]],[[-121.94505,36.49233],[-121.94505,36.49233]],[[-121.94462,36.49165],[-121.94462,36.49165]],[[-121.94476,36.49154],[-121.94476,36.49154]],[[-121.94491,36.49142],[-121.94491,36.49142]],[[-121.94519,36.49131],[-121.94519,36.49131]],[[-121.94547,36.4912],[-121.94547,36.4912]],[[-121.94561,36.49109],[-121.94561,36.49109]]]},"properties":{"depth_m":300}},{"type":"Feature","geometry":{"type":"MultiLineString","coordinates":[[[-121.98981,36.54503],[-121.98997,36.54458],[-121.98984,36.54367],[-121.98942,36.54332],[-121.98933,36.54209],[-121.98898,36.54142],[-121.98845,36.54085],[-121.98836,36.5404],[-121.98759,36.54],[-121.98717,36.53928],[-121.98604,36.53871],[-121.98585,36.53837],[-121.98506,36.53774],[-121.9845,36.53756],[-121.98352,36.53756],[-121.98296,36.53726],[-121.98113,36.53711],[-121.98071,36.5373],[-121.98058,36.53769],[-121.98154,36.53882],[-121.98161,36.53961],[-121.98138,36.54029],[-121.98021,36.5413],[-121.97999,36.54209],[-121.97889,36.54285],[-121.97509,36.54326],[-121.97467,36.54298],[-121.97369,36.54273],[-121.97163,36.54243],[-121.9699,36.5416],[-121.96962,36.54175],[-121.96962,36.54209],[-121.96934,36.54237],[-121.96779,36.54321],[-121.96639,36.54423],[-121.9647,36.54449],[-121.964,36.54485],[-121.96363,36.5448],[-121.96324,36.54458],[-121.96324,36.54333],[-121.96298,36.54266],[-121.96322,36.54153],[-121.96321,36.54074],[-121.96278,36.53995],[-121.9631,36.53905],[-121.96309,36.53871],[-121.96288,36.53854],[-121.9619,36.53852],[-121.95993,36.53778],[-121.95923,36.53774],[-121.95881,36.53746],[-121.9581,36.53742],[-121.95712,36.53688],[-121.95558,36.53643],[-121.95319,36.53636],[-121.95165,36.53671],[-121.95024,36.53647],[-121.94935,36.53611],[-121.94937,36.53577],[-121.94922,36.53555],[-121.94747,36.53431],[-121.94747,36.53408],[-121.94785,36.53354],[-121.94813,36.53344],[-121.94926,36.5339],[-121.95052,36.53402],[-121.95235,36.53391],[-121.95361,36.53315],[-121.95403,36.5331],[-121.95431,36.53258],[-121.95516,36.53263],[-121.95558,36.53226],[-121.95698,36.53195],[-121.95754,36.53156],[-121.9581,36.53168],[-121.95895,36.53242],[-121.95965,36.53246],[-121.96049,36.53166],[-121.96133,36.53166],[-121.9626,36.53078],[-121.96316,36.53104],[-121.96456,36.53094],[-121.96653,36.53154],[-121.96835,36.53179],[-121.96863,36.5316],[-121.96881,36.53081],[-121.96906,36.53057],[-121.97046,36.5311],[-121.97116,36.53107],[-121.97172,36.53067],[-121.97243,36.5306],[-121.9728,36.53036],[-121.97314,36.52968],[-121.97341,36.52948],[-121.97481,36.5295],[-121.97499,36.52923],[-121.97453,36.52841],[-121.97495,36.52821],[-121.97636,36.52815],[-121.97748,36.52709],[-121.97846,36.52726],[-121.97973,36.52643],[-121.98043,36.52651],[-121.98127,36.52712],[-121.98228,36.52686],[-121.98249,36.52641],[-121.98221,36.52596],[-121.98223,36.52562],[-121.98279,36.52471],[-121.98245,36.52392],[-121.98145,36.52302],[-121.98167,36.52223],[-121.98141,36.52158],[-121.98061,36.52099],[-121.98043,36.52034],[-121.97945,36.52006],[-121.97922,36.51986],[-121.97917,36.51937],[-121.97693,36.51806],[-121.97663,36.51772],[-121.97697,36.51704],[-121.97698,36.5167],[-121.97818,36.51557],[-121.97747,36.51366],[-121.9771,36.51129],[-121.97762,36.51062],[-121.97861,36.51018],[-121.97973,36.51034],[-121.98113,36.51132],[-121.98247,36.51253],[-121.98334,36.51298],[-121.98345,36.51343],[-121.98413,36.51411],[-121.98467,36.51524],[-121.98619,36.51607],[-121.98629,36.5167],[-121.98713,36.51738],[-121.98743,36.51794],[-121.98797,36.51839],[-121.98823,36.51896],[-121.98918,36.51964],[-121.98984,36.51976],[-121.99015,36.5202],[-121.99089,36.52076],[-121.99098,36.5211],[-121.9914,36.52155],[-121.99223,36.52226],[-121.99363,36.52275]],[[-121.93171,36.54503],[-121.93213,36.54469],[-121.93297,36.54446],[-121.93367,36.5448],[-121.93381,36.54469],[-121.93367,36.54446],[-121.93339,36.54458],[-121.93381,36.54379],[-121.93381,36.54345],[-121.93325,36.543],[-121.93325,36.54209],[-121.93297,36.54164],[-121.93325,36.54142],[-121.93325,36.54096],[-121.93283,36.54051],[-121.93297,36.53995],[-121.93255,36.53984],[-121.93255,36.5395],[-121.93269,36.53938],[-121.93255,36.53927],[-121.93185,36.53927],[-121.93086,36.53961],[-121.93044,36.53938],[-121.92904,36.5378],[-121.92862,36.53701],[-121.92862,36.53622],[-121.92848,36.53611],[-121.9282,36.53386],[-121.92777,36.53329],[-121.92693,36.53273],[-121.92679,36.53228],[-121.92693,36.53149],[-121.92637,36.53103]],[[-121.93185,36.54491],[-121.93185,36.54491]],[[-121.93199,36.5448],[-121.93199,36.5448]],[[-121.93353,36.54469],[-121.93353,36.54469]],[[-121.93213,36.54469],[-121.93213,36.54469]],[[-121.93241,36.54458],[-121.93241,36.54458]],[[-121.93311,36.54446],[-121.93311,36.54446]],[[-121.93297,36.54446],[-121.93297,36.54446]],[[-121.93353,36.54412],[-121.93353,36.54412]],[[-121.93367,36.5439],[-121.93367,36.5439]],[[-121.97959,36.54232],[-121.97959,36.54232]],[[-121.96962,36.54175],[-121.96962,36.54175]],[[-121.93297,36.54164],[-121.93297,36.54164]],[[-121.93311,36.54153],[-121.93311,36.54153]],[[-121.93283,36.54029],[-121.93283,36.54029]],[[-121.93255,36.5395],[-121.93255,36.5395]],[[-121.98113,36.53826],[-121.98113,36.53826]],[[-121.98099,36.53814],[-121.98099,36.53814]],[[-121.95263,36.53374],[-121.95263,36.53374]],[[-121.92679,36.53194],[-121.92679,36.53194]],[[-121.97144,36.53092],[-121.97144,36.53092]],[[-121.96878,36.53092],[-121.96878,36.53092]],[[-121.97903,36.52686],[-121.97903,36.52686]],[[-121.92637,36.52426],[-121.92749,36.52313],[-121.92848,36.52268],[-121.92946,36.5228],[-121.9296,36.52291],[-121.9296,36.52325],[-121.9303,36.5237],[-121.93157,36.52347],[-121.93185,36.5237],[-121.93241,36.52336],[-121.93367,36.52347],[-121.93381,36.52336],[-121.93353,36.52313],[-121.93353,36.52291],[-121.93409,36.52234],[-121.93522,36.52246],[-121.9355,36.52291],[-121.93578,36.52291],[-121.93578,36.52313],[-121.93606,36.52347],[-121.93648,36.52336],[-121.93662,36.52359],[-121.93718,36.52347],[-121.93732,36.52325],[-121.93718,36.52313],[-121.93746,36.52302],[-121.93732,36.52313],[-121.93746,36.52325],[-121.9376,36.52313],[-121.93746,36.52325],[-121.9376,36.52336],[-121.93774,36.52325],[-121.93732,36.5228],[-121.93746,36.52268],[-121.93774,36.52291],[-121.93802,36.52268],[-121.93732,36.52212],[-121.9376,36.52201],[-121.93732,36.52178],[-121.93676,36.52167],[-121.93662,36.52189],[-121.93634,36.52144],[-121.93648,36.5211],[-121.93676,36.52099],[-121.93704,36.52099],[-121.93718,36.52133],[-121.9376,36.52144],[-121.93774,36.52133],[-121.9376,36.52065],[-121.93676,36.51997],[-121.93732,36.51986],[-121.93718,36.51952],[-121.9376,36.51918],[-121.93831,36.51896],[-121.93915,36.51896],[-121.94013,36.51918],[-121.94083,36.51964],[-121.94069,36.5202],[-121.93999,36.52076],[-121.93985,36.5211],[-121.94055,36.52144],[-121.94055,36.52178],[-121.94069,36.52189],[-121.94097,36.52201],[-121.94111,36.52189],[-121.94097,36.52201],[-121.94111,36.52223],[-121.94125,36.52201],[-121.94097,36.52155],[-121.94139,36.52167],[-121.94168,36.52144],[-121.9421,36.52178],[-121.94238,36.52167],[-121.94224,36.5211],[-121.94238,36.52076],[-121.94308,36.52088],[-121.94336,36.52065],[-121.94406,36.52099],[-121.9442,36.52076],[-121.94448,36.52076],[-121.94476,36.52099],[-121.94462,36.52122],[-121.94476,36.52144],[-121.94448,36.52167],[-121.94434,36.52155],[-121.9442,36.52167],[-121.94434,36.52178],[-121.94448,36.52167],[-121.94434,36.52189],[-121.94505,36.52234],[-121.94561,36.52234],[-121.94561,36.52257],[-121.94589,36.52291],[-121.94617,36.52291],[-121.94645,36.52313],[-121.94659,36.52302],[-121.94687,36.52336],[-121.94701,36.52325],[-121.94813,36.52404],[-121.94856,36.5237],[-121.94856,36.52291],[-121.94828,36.52268],[-121.94828,36.52234],[-121.9487,36.52234],[-121.94898,36.52268],[-121.9494,36.52257],[-121.94912,36.52268],[-121.94926,36.52291],[-121.94954,36.52268],[-121.9494,36.52257],[-121.94954,36.52223],[-121.9494,36.52122],[-121.94968,36.52122],[-121.95122,36.52268],[-121.95249,36.52347],[-121.95249,36.5237],[-121.95291,36.52404],[-121.95333,36.52392],[-121.95319,36.5237],[-121.95333,36.52347],[-121.95305,36.52325],[-121.95319,36.52302],[-121.95347,36.52336],[-121.95361,36.52325],[-121.95347,36.52336],[-121.95361,36.52347],[-121.95375,36.52336],[-121.95403,36.52359],[-121.95431,36.52415],[-121.95473,36.52438],[-121.95487,36.52426],[-121.95487,36.52404],[-121.95459,36.52381],[-121.95487,36.5237],[-121.95375,36.5228],[-121.95333,36.52268],[-121.95361,36.52246],[-121.95431,36.5228],[-121.95459,36.52246],[-121.95417,36.52167],[-121.95375,36.52144],[-121.95403,36.52122],[-121.95249,36.52043],[-121.9515,36.52054],[-121.95179,36.52043],[-121.95179,36.52009],[-121.9515,36.51975],[-121.95122,36.51975],[-121.95179,36.51896],[-121.95263,36.51896],[-121.95291,36.51918],[-121.95291,36.51941],[-121.95333,36.51964],[-121.95375,36.51941],[-121.95361,36.5193],[-121.95403,36.51896],[-121.95445,36.51907],[-121.95459,36.51885],[-121.95417,36.51794],[-121.95361,36.51749],[-121.95319,36.51749],[-121.95291,36.51783],[-121.95305,36.51794],[-121.95305,36.51828],[-121.95235,36.51817],[-121.95235,36.51772],[-121.95207,36.51749],[-121.95249,36.51704],[-121.95179,36.51648],[-121.95165,36.5167],[-121.95179,36.51682],[-121.95165,36.51682],[-121.95094,36.51636],[-121.95052,36.51715],[-121.95024,36.51704],[-121.94996,36.51715],[-121.94968,36.51693],[-121.9494,36.51704],[-121.94982,36.51682],[-121.94996,36.51636],[-121.94954,36.51614],[-121.94954,36.51569],[-121.94926,36.51546],[-121.94884,36.5158],[-121.94884,36.51557],[-121.94813,36.5149],[-121.94799,36.51399],[-121.94771,36.51377],[-121.94757,36.51411],[-121.94729,36.51343],[-121.94687,36.51354],[-121.94659,36.5132],[-121.94575,36.5132],[-121.94561,36.51354],[-121.94561,36.51298],[-121.94533,36.51275],[-121.94505,36.51275],[-121.9442,36.5132],[-121.94378,36.51298],[-121.94378,36.51241],[-121.94434,36.51275],[-121.94462,36.51253],[-121.94364,36.51185],[-121.94322,36.51196],[-121.94294,36.51174],[-121.94252,36.51174],[-121.94224,36.51196],[-121.9421,36.51185],[-121.94238,36.51162],[-121.94196,36.51151],[-121.94252,36.5114],[-121.94168,36.51129],[-121.94168,36.51083],[-121.94196,36.51061],[-121.94168,36.51038],[-121.94196,36.51016],[-121.94196,36.50993],[-121.94238,36.51004],[-121.94252,36.50993],[-121.94238,36.50982],[-121.94266,36.50971],[-121.94224,36.50959],[-121.94224,36.50937],[-121.94196,36.50914],[-121.94238,36.50925],[-121.94266,36.50903],[-121.94224,36.50858],[-121.94196,36.5088],[-121.94154,36.50835],[-121.94111,36.50846],[-121.94097,36.50824],[-121.94069,36.50824],[-121.94069,36.50801],[-121.94097,36.5079],[-121.9421,36.50801],[-121.94224,36.5079],[-121.94224,36.50756],[-121.9421,36.50745],[-121.94252,36.50767],[-121.94266,36.50756],[-121.94224,36.50711],[-121.94238,36.50688],[-121.94182,36.50643],[-121.94125,36.50688],[-121.94111,36.50666],[-121.94055,36.50677],[-121.94041,36.50688],[-121.94055,36.50711],[-121.94013,36.50688],[-121.93943,36.507],[-121.93873,36.50632],[-121.93915,36.50587],[-121.93915,36.50564],[-121.93859,36.50553],[-121.93859,36.5053],[-121.93802,36.50485],[-121.93845,36.5044],[-121.93901,36.50418],[-121.93887,36.50372],[-121.93915,36.50384],[-121.93943,36.50361],[-121.93943,36.50339],[-121.93915,36.50316],[-121.93887,36.50327],[-121.93901,36.50282],[-121.93873,36.50237],[-121.93859,36.50135],[-121.93887,36.50158],[-121.93929,36.50147],[-121.93957,36.50203],[-121.94013,36.50192],[-121.94027,36.50181],[-121.94027,36.50102],[-121.94055,36.50079],[-121.94055,36.50023],[-121.93985,36.49955],[-121.93943,36.49966],[-121.93929,36.49944],[-121.93915,36.49955],[-121.93887,36.4991],[-121.93817,36.49876],[-121.93788,36.49876],[-121.9376,36.4991],[-121.9376,36.49932],[-121.93746,36.49932],[-121.93718,36.49887],[-121.93662,36.49865],[-121.93676,36.49797],[-121.93774,36.49752],[-121.93915,36.49729],[-121.93915,36.49684],[-121.93985,36.49662],[-121.94027,36.49628],[-121.94013,36.49549],[-121.93985,36.49504],[-121.94083,36.49537],[-121.94111,36.49515],[-121.94111,36.49458],[-121.94196,36.49402],[-121.94224,36.49334],[-121.94266,36.49346],[-121.94294,36.49312],[-121.94294,36.49346],[-121.94308,36.49357],[-121.94322,36.49346],[-121.94322,36.49312],[-121.9435,36.49289],[-121.94448,36.49334],[-121.94476,36.49312],[-121.94476,36.49255],[-121.94519,36.49221],[-121.94462,36.49165],[-121.94575,36.49097]],[[-121.92651,36.52415],[-121.92651,36.52415]],[[-121.92665,36.52392],[-121.92665,36.52392]],[[-121.95459,36.52381],[-121.95459,36.52381]],[[-121.95319,36.5237],[-121.95319,36.5237]],[[-121.94828,36.52381],[-121.94828,36.52381]],[[-121.92679,36.52381],[-121.92679,36.52381]],[[-121.92693,36.5237],[-121.92693,36.5237]],[[-121.93199,36.52359],[-121.93199,36.52359]],[[-121.93072,36.52359],[-121.93072,36.52359]],[[-121.95319,36.52336],[-121.95319,36.52336]],[[-121.93676,36.52347],[-121.93676,36.52347]],[[-121.93213,36.52347],[-121.93213,36.52347]],[[-121.93114,36.52347],[-121.93114,36.52347]],[[-121.92707,36.52347],[-121.92707,36.52347]],[[-121.95375,36.52336],[-121.95375,36.52336]],[[-121.95305,36.52325],[-121.95277,36.52313],[-121.95305,36.52325]],[[-121.93634,36.52336],[-121.93634,36.52336]],[[-121.93367,36.52325],[-121.93367,36.52325]],[[-121.93241,36.52336],[-121.93241,36.52336]],[[-121.92721,36.52336],[-121.92721,36.52336]],[[-121.95361,36.52325],[-121.95361,36.52313],[-121.95361,36.52325]],[[-121.94701,36.52325],[-121.94701,36.52325]],[[-121.93718,36.52313],[-121.93718,36.52313]],[[-121.93353,36.52313],[-121.93353,36.52313]],[[-121.92735,36.52325],[-121.92735,36.52325]],[[-121.95361,36.52313],[-121.95361,36.52313]],[[-121.95291,36.52313],[-121.95291,36.52313]],[[-121.95277,36.52313],[-121.95277,36.52313]],[[-121.95263,36.52302],[-121.95263,36.52302]],[[-121.92749,36.52313],[-121.92749,36.52313]],[[-121.95319,36.52302],[-121.95319,36.52302]],[[-121.95249,36.52291],[-121.95249,36.52291]],[[-121.94659,36.52302],[-121.94659,36.52302]],[[-121.92777,36.52302],[-121.92777,36.52302]],[[-121.94842,36.5228],[-121.94842,36.5228]],[[-121.93732,36.5228],[-121.93732,36.5228]],[[-121.93353,36.52291],[-121.93353,36.52291]],[[-121.92792,36.52291],[-121.92792,36.52291]],[[-121.9494,36.5228],[-121.9494,36.5228]],[[-121.94828,36.52268],[-121.94828,36.52268]],[[-121.93788,36.5228],[-121.93788,36.5228]],[[-121.9282,36.5228],[-121.9282,36.5228]],[[-121.95417,36.52268],[-121.95417,36.52268]],[[-121.95333,36.52268],[-121.95333,36.52268]],[[-121.95319,36.52257],[-121.95319,36.52257]],[[-121.93788,36.52257],[-121.93788,36.52257]],[[-121.93746,36.52268],[-121.93746,36.52268]],[[-121.93367,36.52268],[-121.93367,36.52268]],[[-121.92848,36.52268],[-121.92848,36.52268]],[[-121.95445,36.52257],[-121.95445,36.52257]],[[-121.95389,36.52257],[-121.95389,36.52257]],[[-121.95291,36.52246],[-121.95291,36.52246]],[[-121.94926,36.52257],[-121.94926,36.52257]],[[-121.93774,36.52246],[-121.93774,36.52246]],[[-121.93381,36.52257],[-121.93381,36.52257]],[[-121.95361,36.52246],[-121.95361,36.52246]],[[-121.95347,36.52246],[-121.95347,36.52246]],[[-121.9376,36.52234],[-121.9376,36.52234]],[[-121.93395,36.52246],[-121.93395,36.52246]],[[-121.94828,36.52234],[-121.94828,36.52234]],[[-121.93746,36.52223],[-121.93746,36.52223]],[[-121.93409,36.52234],[-121.93409,36.52234]],[[-121.93732,36.52212],[-121.93732,36.52212]],[[-121.93704,36.52201],[-121.93704,36.52201]],[[-121.93746,36.52189],[-121.93746,36.52189]],[[-121.9369,36.52178],[-121.9369,36.52178]],[[-121.94097,36.52167],[-121.94097,36.52167]],[[-121.93648,36.52167],[-121.93648,36.52167]],[[-121.9494,36.52155],[-121.9494,36.52155]],[[-121.94224,36.52144],[-121.94224,36.52144]],[[-121.94154,36.52155],[-121.94154,36.52155]],[[-121.94097,36.52155],[-121.94097,36.52155]],[[-121.94083,36.52144],[-121.94083,36.52144]],[[-121.93634,36.52144],[-121.93634,36.52144]],[[-121.95375,36.52144],[-121.95375,36.52144]],[[-121.95361,36.52133],[-121.95347,36.52133],[-121.95361,36.52133]],[[-121.94168,36.52144],[-121.94168,36.52144]],[[-121.95389,36.52133],[-121.95389,36.52133]],[[-121.95347,36.52133],[-121.95347,36.52133]],[[-121.95333,36.52122],[-121.95333,36.52122]],[[-121.93634,36.52133],[-121.93634,36.52133]],[[-121.9494,36.52122],[-121.9494,36.52122]],[[-121.93648,36.5211],[-121.93648,36.5211]],[[-121.94224,36.52099],[-121.94224,36.52099]],[[-121.93676,36.52099],[-121.93676,36.52099]],[[-121.9376,36.52076],[-121.9376,36.52076]],[[-121.9442,36.52076],[-121.9442,36.52076]],[[-121.94322,36.52076],[-121.94322,36.52076]],[[-121.94238,36.52076],[-121.94238,36.52076]],[[-121.94336,36.52065],[-121.94336,36.52065]],[[-121.93746,36.52054],[-121.93746,36.52054]],[[-121.9515,36.52054],[-121.9515,36.52054]],[[-121.93718,36.52043],[-121.93718,36.52043]],[[-121.93704,36.52031],[-121.93704,36.52031]],[[-121.9369,36.5202],[-121.9369,36.5202]],[[-121.93676,36.52009],[-121.93676,36.52009]],[[-121.93676,36.51997],[-121.93676,36.51997]],[[-121.9369,36.51986],[-121.9369,36.51986]],[[-121.93718,36.51964],[-121.93718,36.51964]],[[-121.95122,36.51964],[-121.95122,36.51964]],[[-121.95361,36.51952],[-121.95361,36.51952]],[[-121.95319,36.51952],[-121.95319,36.51952]],[[-121.93718,36.51952],[-121.93718,36.51952]],[[-121.95136,36.51941],[-121.95136,36.51941]],[[-121.93732,36.51941],[-121.93732,36.51941]],[[-121.95361,36.5193],[-121.95361,36.5193]],[[-121.9515,36.5193],[-121.9515,36.5193]],[[-121.93746,36.5193],[-121.93746,36.5193]],[[-121.95389,36.51918],[-121.95389,36.51918]],[[-121.95291,36.51918],[-121.95291,36.51918]],[[-121.9376,36.51918],[-121.9376,36.51918]],[[-121.95277,36.51907],[-121.95277,36.51907]],[[-121.95165,36.51907],[-121.95165,36.51907]],[[-121.93788,36.51907],[-121.93788,36.51907]],[[-121.95403,36.51896],[-121.95403,36.51896]],[[-121.95263,36.51896],[-121.95263,36.51896]],[[-121.95179,36.51896],[-121.95179,36.51896]],[[-121.93831,36.51896],[-121.93831,36.51896]],[[-121.95305,36.51794],[-121.95305,36.51794]],[[-121.95207,36.51749],[-121.95207,36.51749]],[[-121.95221,36.51727],[-121.95221,36.51727]],[[-121.95235,36.51715],[-121.95235,36.51715]],[[-121.9494,36.51704],[-121.9494,36.51704]],[[-121.94954,36.51693],[-121.94954,36.51693]],[[-121.95179,36.51682],[-121.95179,36.51682]],[[-121.94982,36.5167],[-121.94982,36.5167]],[[-121.97776,36.51591],[-121.97776,36.51591]],[[-121.9779,36.5158],[-121.9779,36.5158]],[[-121.94448,36.51264],[-121.94448,36.51264]],[[-121.9442,36.51264],[-121.9442,36.51264]],[[-121.94406,36.51253],[-121.94406,36.51253]],[[-121.94378,36.51241],[-121.94378,36.51241]],[[-121.9421,36.51174],[-121.9421,36.51174]],[[-121.94196,36.51151],[-121.94196,36.51151]],[[-121.94168,36.51083],[-121.94168,36.51083]],[[-121.94168,36.51038],[-121.94168,36.51038]],[[-121.94182,36.51027],[-121.94182,36.51027]],[[-121.94196,36.50993],[-121.94196,36.50993]],[[-121.94238,36.50982],[-121.94238,36.50982]],[[-121.94252,36.50914],[-121.94252,36.50914]],[[-121.94224,36.50914],[-121.94224,36.50914]],[[-121.94196,36.50914],[-121.94196,36.50914]],[[-121.94069,36.50801],[-121.94069,36.50801]],[[-121.94168,36.5079],[-121.94168,36.5079]],[[-121.94154,36.5079],[-121.94154,36.5079]],[[-121.94139,36.50779],[-121.94111,36.50756],[-121.94139,36.50779]],[[-121.94097,36.5079],[-121.94097,36.5079]],[[-121.94083,36.5079],[-121.94083,36.5079]],[[-121.94125,36.50767],[-121.94125,36.50767]],[[-121.9435,36.50756],[-121.9442,36.507],[-121.94378,36.50632],[-121.9435,36.50621],[-121.94336,36.50632],[-121.94294,36.50598],[-121.9428,36.50609],[-121.9428,36.50711],[-121.9435,36.50756]],[[-121.94238,36.50756],[-121.94238,36.50756]],[[-121.94111,36.50756],[-121.94111,36.50756]],[[-121.94364,36.50745],[-121.94364,36.50745]],[[-121.94336,36.50745],[-121.94336,36.50745]],[[-121.94224,36.50745],[-121.94224,36.50745]],[[-121.9421,36.50745],[-121.9421,36.50745]],[[-121.94392,36.50734],[-121.94392,36.50734]],[[-121.94308,36.50734],[-121.94308,36.50734]],[[-121.94294,36.50722],[-121.94294,36.50722]],[[-121.94182,36.50711],[-121.94139,36.50711],[-121.94139,36.507],[-121.94182,36.50711]],[[-121.94406,36.50711],[-121.94406,36.50711]],[[-121.94224,36.50711],[-121.94224,36.50711]],[[-121.94168,36.507],[-121.94168,36.507]],[[-121.94139,36.507],[-121.94139,36.507]],[[-121.94055,36.507],[-121.94055,36.507]],[[-121.93873,36.50621],[-121.93873,36.50621]],[[-121.93887,36.50609],[-121.93887,36.50609]],[[-121.93901,36.50598],[-121.93901,36.50598]],[[-121.93802,36.50485],[-121.93802,36.50485]],[[-121.93817,36.50463],[-121.93817,36.50463]],[[-121.93831,36.50451],[-121.93831,36.50451]],[[-121.93845,36.5044],[-121.93845,36.5044]],[[-121.93873,36.50429],[-121.93873,36.50429]],[[-121.93929,36.50372],[-121.93929,36.50372]],[[-121.93887,36.50372],[-121.93887,36.50372]],[[-121.93887,36.50316],[-121.93887,36.50316]],[[-121.93999,36.50192],[-121.93999,36.50192]],[[-121.93943,36.50158],[-121.93943,36.50158]],[[-121.93929,36.50147],[-121.93929,36.50147]],[[-121.93915,36.50147],[-121.93915,36.50147]],[[-121.93873,36.50147],[-121.93873,36.50147]],[[-121.93859,36.50135],[-121.93859,36.50135]],[[-121.94027,36.50102],[-121.94027,36.50102]],[[-121.94041,36.5009],[-121.94041,36.5009]],[[-121.93662,36.49831],[-121.93662,36.49831]],[[-121.93676,36.49797],[-121.93676,36.49797]],[[-121.93704,36.49786],[-121.93704,36.49786]],[[-121.93718,36.49774],[-121.93718,36.49774]],[[-121.93746,36.49763],[-121.93746,36.49763]],[[-121.93774,36.49752],[-121.93774,36.49752]],[[-121.93845,36.49741],[-121.93845,36.49741]],[[-121.93915,36.49684],[-121.93915,36.49684]],[[-121.93929,36.49673],[-121.93929,36.49673]],[[-121.93971,36.49662],[-121.93971,36.49662]],[[-121.93999,36.4965],[-121.93999,36.4965]],[[-121.94013,36.49639],[-121.94013,36.49639]],[[-121.94097,36.49526],[-121.94097,36.49526]],[[-121.94041,36.49526],[-121.94041,36.49526]],[[-121.94027,36.49515],[-121.94027,36.49515]],[[-121.93999,36.49504],[-121.93999,36.49504]],[[-121.93985,36.49504],[-121.93985,36.49504]],[[-121.94111,36.49458],[-121.94111,36.49458]],[[-121.94125,36.49447],[-121.94125,36.49447]],[[-121.94154,36.49436],[-121.94154,36.49436]],[[-121.94168,36.49425],[-121.94168,36.49425]],[[-121.94182,36.49413],[-121.94182,36.49413]],[[-121.94196,36.49391],[-121.94196,36.49391]],[[-121.9421,36.49368],[-121.9421,36.49368]],[[-121.94252,36.49334],[-121.94252,36.49334]],[[-121.94224,36.49334],[-121.94224,36.49334]],[[-121.94462,36.49323],[-121.94462,36.49323]],[[-121.9442,36.49323],[-121.9442,36.49323]],[[-121.9428,36.49323],[-121.9428,36.49323]],[[-121.94406,36.49312],[-121.94406,36.49312]],[[-121.94322,36.49312],[-121.94322,36.49312]],[[-121.94294,36.49312],[-121.94294,36.49312]],[[-121.94392,36.493],[-121.94392,36.493]],[[-121.94336,36.493],[-121.94336,36.493]],[[-121.9435,36.49289],[-121.9435,36.49289]],[[-121.94476,36.49255],[-121.94476,36.49255]],[[-121.94462,36.49233],[-121.94462,36.49233]],[[-121.94505,36.49233],[-121.94505,36.49233]],[[-121.94462,36.49165],[-121.94462,36.49165]],[[-121.94476,36.49154],[-121.94476,36.49154]],[[-121.94491,36.49142],[-121.94491,36.49142]],[[-121.94519,36.49131],[-121.94519,36.49131]],[[-121.94547,36.4912],[-121.94547,36.4912]],[[-121.94561,36.49109],[-121.94561,36.49109]]]},"properties":{"depth_m":325}},{"type":"Feature","geometry":{"type":"MultiLineString","coordinates":[[[-121.99004,36.54503],[-121.99026,36.54458],[-121.99017,36.54367],[-121.98962,36.543],[-121.98968,36.54209],[-121.98919,36.54119],[-121.98869,36.54074],[-121.98861,36.54017],[-121.98801,36.53995],[-121.98729,36.53916],[-121.98605,36.53848],[-121.98534,36.53751],[-121.98464,36.53734],[-121.9838,36.53744],[-121.98296,36.53695],[-121.98049,36.53679],[-121.98019,36.5378],[-121.98109,36.53882],[-121.98074,36.54017],[-121.97933,36.54175],[-121.97824,36.54243],[-121.97453,36.54275],[-121.97397,36.54242],[-121.97215,36.54215],[-121.97102,36.54179],[-121.96976,36.54099],[-121.96909,36.54153],[-121.96908,36.54187],[-121.96887,36.54209],[-121.96737,36.54288],[-121.96639,36.54315],[-121.96541,36.54282],[-121.96481,36.54221],[-121.96484,36.54146],[-121.96428,36.54102],[-121.96428,36.54029],[-121.96408,36.53995],[-121.96443,36.53938],[-121.96446,36.53905],[-121.96408,36.53871],[-121.96396,36.53814],[-121.96372,36.53797],[-121.96204,36.53819],[-121.96007,36.53731],[-121.9567,36.53625],[-121.95347,36.53599],[-121.95136,36.53635],[-121.95051,36.536],[-121.95016,36.53543],[-121.95024,36.5351],[-121.95095,36.53465],[-121.95249,36.53442],[-121.9546,36.53307],[-121.9553,36.5329],[-121.95656,36.53229],[-121.95698,36.53225],[-121.95754,36.5319],[-121.95881,36.53263],[-121.95965,36.53281],[-121.96007,36.53265],[-121.96063,36.53196],[-121.96161,36.53197],[-121.9626,36.53126],[-121.9633,36.53155],[-121.96428,36.53149],[-121.9647,36.53125],[-121.96639,36.53176],[-121.96864,36.53211],[-121.96887,36.53194],[-121.96907,36.53115],[-121.9693,36.53092],[-121.97046,36.53135],[-121.9713,36.53125],[-121.97187,36.5309],[-121.97257,36.53078],[-121.97313,36.53049],[-121.97369,36.52978],[-121.97509,36.52968],[-121.97534,36.52934],[-121.97497,36.52855],[-121.97524,36.52839],[-121.9765,36.52831],[-121.97748,36.52738],[-121.97861,36.52747],[-121.97987,36.52667],[-121.98033,36.52675],[-121.98127,36.52744],[-121.98198,36.52736],[-121.98285,36.52697],[-121.983,36.52641],[-121.98276,36.52573],[-121.98333,36.52483],[-121.98284,36.52381],[-121.9819,36.52291],[-121.98202,36.52223],[-121.98173,36.52144],[-121.98098,36.52088],[-121.98071,36.52011],[-121.97984,36.51964],[-121.9797,36.51907],[-121.97875,36.51866],[-121.97739,36.51761],[-121.97756,36.51693],[-121.97912,36.51569],[-121.9788,36.51456],[-121.97816,36.51332],[-121.97831,36.51196],[-121.97889,36.51165],[-121.98043,36.51158],[-121.98267,36.5132],[-121.9845,36.51559],[-121.98575,36.51636],[-121.98592,36.51704],[-121.98674,36.51772],[-121.98692,36.51828],[-121.98758,36.51873],[-121.98771,36.5193],[-121.98843,36.51961],[-121.99026,36.521],[-121.99139,36.52246],[-121.99194,36.52289],[-121.99307,36.52307],[-121.99363,36.52347]],[[-121.93171,36.54503],[-121.93213,36.54469],[-121.93297,36.54446],[-121.93367,36.5448],[-121.93381,36.54469],[-121.93367,36.54446],[-121.93339,36.54458],[-121.93381,36.54379],[-121.93381,36.54345],[-121.93325,36.543],[-121.93325,36.54209],[-121.93297,36.54164],[-121.93325,36.54142],[-121.93325,36.54096],[-121.93283,36.54051],[-121.93297,36.53995],[-121.93255,36.53984],[-121.93255,36.5395],[-121.93269,36.53938],[-121.93255,36.53927],[-121.93185,36.53927],[-121.93086,36.53961],[-121.93044,36.53938],[-121.92904,36.5378],[-121.92862,36.53701],[-121.92862,36.53622],[-121.92848,36.53611],[-121.9282,36.53386],[-121.92777,36.53329],[-121.92693,36.53273],[-121.92679,36.53228],[-121.92693,36.53149],[-121.92637,36.53103]],[[-121.93185,36.54491],[-121.93185,36.54491]],[[-121.93199,36.5448],[-121.93199,36.5448]],[[-121.93353,36.54469],[-121.93353,36.54469]],[[-121.93213,36.54469],[-121.93213,36.54469]],[[-121.93241,36.54458],[-121.93241,36.54458]],[[-121.93311,36.54446],[-121.93311,36.54446]],[[-121.93297,36.54446],[-121.93297,36.54446]],[[-121.93353,36.54412],[-121.93353,36.54412]],[[-121.93367,36.5439],[-121.93367,36.5439]],[[-121.96779,36.54266],[-121.96779,36.54266]],[[-121.96821,36.54243],[-121.96821,36.54243]],[[-121.93297,36.54164],[-121.93297,36.54164]],[[-121.93311,36.54153],[-121.93311,36.54153]],[[-121.93283,36.54029],[-121.93283,36.54029]],[[-121.93255,36.5395],[-121.93255,36.5395]],[[-121.95024,36.5351],[-121.95024,36.5351]],[[-121.95038,36.53498],[-121.95038,36.53498]],[[-121.95221,36.53453],[-121.95221,36.53453]],[[-121.92679,36.53194],[-121.92679,36.53194]],[[-121.96288,36.53137],[-121.96288,36.53137]],[[-121.96962,36.53103],[-121.96962,36.53103]],[[-121.97509,36.52968],[-121.97509,36.52968]],[[-121.92637,36.52426],[-121.92749,36.52313],[-121.92848,36.52268],[-121.92946,36.5228],[-121.9296,36.52291],[-121.9296,36.52325],[-121.9303,36.5237],[-121.93157,36.52347],[-121.93185,36.5237],[-121.93241,36.52336],[-121.93367,36.52347],[-121.93381,36.52336],[-121.93353,36.52313],[-121.93353,36.52291],[-121.93409,36.52234],[-121.93522,36.52246],[-121.9355,36.52291],[-121.93578,36.52291],[-121.93578,36.52313],[-121.93606,36.52347],[-121.93648,36.52336],[-121.93662,36.52359],[-121.93718,36.52347],[-121.93732,36.52325],[-121.93718,36.52313],[-121.93746,36.52302],[-121.93732,36.52313],[-121.93746,36.52325],[-121.9376,36.52313],[-121.93746,36.52325],[-121.9376,36.52336],[-121.93774,36.52325],[-121.93732,36.5228],[-121.93746,36.52268],[-121.93774,36.52291],[-121.93802,36.52268],[-121.93732,36.52212],[-121.9376,36.52201],[-121.93732,36.52178],[-121.93676,36.52167],[-121.93662,36.52189],[-121.93634,36.52144],[-121.93648,36.5211],[-121.93676,36.52099],[-121.93704,36.52099],[-121.93718,36.52133],[-121.9376,36.52144],[-121.93774,36.52133],[-121.9376,36.52065],[-121.93676,36.51997],[-121.93732,36.51986],[-121.93718,36.51952],[-121.9376,36.51918],[-121.93831,36.51896],[-121.93915,36.51896],[-121.94013,36.51918],[-121.94083,36.51964],[-121.94069,36.5202],[-121.93999,36.52076],[-121.93985,36.5211],[-121.94055,36.52144],[-121.94055,36.52178],[-121.94069,36.52189],[-121.94097,36.52201],[-121.94111,36.52189],[-121.94097,36.52201],[-121.94111,36.52223],[-121.94125,36.52201],[-121.94097,36.52155],[-121.94139,36.52167],[-121.94168,36.52144],[-121.9421,36.52178],[-121.94238,36.52167],[-121.94224,36.5211],[-121.94238,36.52076],[-121.94308,36.52088],[-121.94336,36.52065],[-121.94406,36.52099],[-121.9442,36.52076],[-121.94448,36.52076],[-121.94476,36.52099],[-121.94462,36.52122],[-121.94476,36.52144],[-121.94448,36.52167],[-121.94434,36.52155],[-121.9442,36.52167],[-121.94434,36.52178],[-121.94448,36.52167],[-121.94434,36.52189],[-121.94505,36.52234],[-121.94561,36.52234],[-121.94561,36.52257],[-121.94589,36.52291],[-121.94617,36.52291],[-121.94645,36.52313],[-121.94659,36.52302],[-121.94687,36.52336],[-121.94701,36.52325],[-121.94813,36.52404],[-121.94856,36.5237],[-121.94856,36.52291],[-121.94828,36.52268],[-121.94828,36.52234],[-121.9487,36.52234],[-121.94898,36.52268],[-121.9494,36.52257],[-121.94912,36.52268],[-121.94926,36.52291],[-121.94954,36.52268],[-121.9494,36.52257],[-121.94954,36.52223],[-121.9494,36.52122],[-121.94968,36.52122],[-121.95122,36.52268],[-121.95249,36.52347],[-121.95249,36.5237],[-121.95291,36.52404],[-121.95333,36.52392],[-121.95319,36.5237],[-121.95333,36.52347],[-121.95305,36.52325],[-121.95319,36.52302],[-121.95347,36.52336],[-121.95361,36.52325],[-121.95347,36.52336],[-121.95361,36.52347],[-121.95375,36.52336],[-121.95403,36.52359],[-121.95431,36.52415],[-121.95473,36.52438],[-121.95487,36.52426],[-121.95487,36.52404],[-121.95459,36.52381],[-121.95487,36.5237],[-121.95375,36.5228],[-121.95333,36.52268],[-121.95361,36.52246],[-121.95431,36.5228],[-121.95459,36.52246],[-121.95417,36.52167],[-121.95375,36.52144],[-121.95403,36.52122],[-121.95249,36.52043],[-121.9515,36.52054],[-121.95179,36.52043],[-121.95179,36.52009],[-121.9515,36.51975],[-121.95122,36.51975],[-121.95179,36.51896],[-121.95263,36.51896],[-121.95291,36.51918],[-121.95291,36.51941],[-121.95333,36.51964],[-121.95375,36.51941],[-121.95361,36.5193],[-121.95403,36.51896],[-121.95445,36.51907],[-121.95459,36.51885],[-121.95417,36.51794],[-121.95361,36.51749],[-121.95319,36.51749],[-121.95291,36.51783],[-121.95305,36.51794],[-121.95305,36.51828],[-121.95235,36.51817],[-121.95235,36.51772],[-121.95207,36.51749],[-121.95249,36.51704],[-121.95179,36.51648],[-121.95165,36.5167],[-121.95179,36.51682],[-121.95165,36.51682],[-121.95094,36.51636],[-121.95052,36.51715],[-121.95024,36.51704],[-121.94996,36.51715],[-121.94968,36.51693],[-121.9494,36.51704],[-121.94982,36.51682],[-121.94996,36.51636],[-121.94954,36.51614],[-121.94954,36.51569],[-121.94926,36.51546],[-121.94884,36.5158],[-121.94884,36.51557],[-121.94813,36.5149],[-121.94799,36.51399],[-121.94771,36.51377],[-121.94757,36.51411],[-121.94729,36.51343],[-121.94687,36.51354],[-121.94659,36.5132],[-121.94575,36.5132],[-121.94561,36.51354],[-121.94561,36.51298],[-121.94533,36.51275],[-121.94505,36.51275],[-121.9442,36.5132],[-121.94378,36.51298],[-121.94378,36.51241],[-121.94434,36.51275],[-121.94462,36.51253],[-121.94364,36.51185],[-121.94322,36.51196],[-121.94294,36.51174],[-121.94252,36.51174],[-121.94224,36.51196],[-121.9421,36.51185],[-121.94238,36.51162],[-121.94196,36.51151],[-121.94252,36.5114],[-121.94168,36.51129],[-121.94168,36.51083],[-121.94196,36.51061],[-121.94168,36.51038],[-121.94196,36.51016],[-121.94196,36.50993],[-121.94238,36.51004],[-121.94252,36.50993],[-121.94238,36.50982],[-121.94266,36.50971],[-121.94224,36.50959],[-121.94224,36.50937],[-121.94196,36.50914],[-121.94238,36.50925],[-121.94266,36.50903],[-121.94224,36.50858],[-121.94196,36.5088],[-121.94154,36.50835],[-121.94111,36.50846],[-121.94097,36.50824],[-121.94069,36.50824],[-121.94069,36.50801],[-121.94097,36.5079],[-121.9421,36.50801],[-121.94224,36.5079],[-121.94224,36.50756],[-121.9421,36.50745],[-121.94252,36.50767],[-121.94266,36.50756],[-121.94224,36.50711],[-121.94238,36.50688],[-121.94182,36.50643],[-121.94125,36.50688],[-121.94111,36.50666],[-121.94055,36.50677],[-121.94041,36.50688],[-121.94055,36.50711],[-121.94013,36.50688],[-121.93943,36.507],[-121.93873,36.50632],[-121.93915,36.50587],[-121.93915,36.50564],[-121.93859,36.50553],[-121.93859,36.5053],[-121.93802,36.50485],[-121.93845,36.5044],[-121.93901,36.50418],[-121.93887,36.50372],[-121.93915,36.50384],[-121.93943,36.50361],[-121.93943,36.50339],[-121.93915,36.50316],[-121.93887,36.50327],[-121.93901,36.50282],[-121.93873,36.50237],[-121.93859,36.50135],[-121.93887,36.50158],[-121.93929,36.50147],[-121.93957,36.50203],[-121.94013,36.50192],[-121.94027,36.50181],[-121.94027,36.50102],[-121.94055,36.50079],[-121.94055,36.50023],[-121.93985,36.49955],[-121.93943,36.49966],[-121.93929,36.49944],[-121.93915,36.49955],[-121.93887,36.4991],[-121.93817,36.49876],[-121.93788,36.49876],[-121.9376,36.4991],[-121.9376,36.49932],[-121.93746,36.49932],[-121.93718,36.49887],[-121.93662,36.49865],[-121.93676,36.49797],[-121.93774,36.49752],[-121.93915,36.49729],[-121.93915,36.49684],[-121.93985,36.49662],[-121.94027,36.49628],[-121.94013,36.49549],[-121.93985,36.49504],[-121.94083,36.49537],[-121.94111,36.49515],[-121.94111,36.49458],[-121.94196,36.49402],[-121.94224,36.49334],[-121.94266,36.49346],[-121.94294,36.49312],[-121.94294,36.49346],[-121.94308,36.49357],[-121.94322,36.49346],[-121.94322,36.49312],[-121.9435,36.49289],[-121.94448,36.49334],[-121.94476,36.49312],[-121.94476,36.49255],[-121.94519,36.49221],[-121.94462,36.49165],[-121.94575,36.49097]],[[-121.92651,36.52415],[-121.92651,36.52415]],[[-121.92665,36.52392],[-121.92665,36.52392]],[[-121.95459,36.52381],[-121.95459,36.52381]],[[-121.95319,36.5237],[-121.95319,36.5237]],[[-121.94828,36.52381],[-121.94828,36.52381]],[[-121.92679,36.52381],[-121.92679,36.52381]],[[-121.92693,36.5237],[-121.92693,36.5237]],[[-121.93199,36.52359],[-121.93199,36.52359]],[[-121.93072,36.52359],[-121.93072,36.52359]],[[-121.95319,36.52336],[-121.95319,36.52336]],[[-121.93676,36.52347],[-121.93676,36.52347]],[[-121.93213,36.52347],[-121.93213,36.52347]],[[-121.93114,36.52347],[-121.93114,36.52347]],[[-121.92707,36.52347],[-121.92707,36.52347]],[[-121.95375,36.52336],[-121.95375,36.52336]],[[-121.95305,36.52325],[-121.95277,36.52313],[-121.95305,36.52325]],[[-121.93634,36.52336],[-121.93634,36.52336]],[[-121.93367,36.52325],[-121.93367,36.52325]],[[-121.93241,36.52336],[-121.93241,36.52336]],[[-121.92721,36.52336],[-121.92721,36.52336]],[[-121.95361,36.52325],[-121.95361,36.52313],[-121.95361,36.52325]],[[-121.94701,36.52325],[-121.94701,36.52325]],[[-121.93718,36.52313],[-121.93718,36.52313]],[[-121.93353,36.52313],[-121.93353,36.52313]],[[-121.92735,36.52325],[-121.92735,36.52325]],[[-121.95361,36.52313],[-121.95361,36.52313]],[[-121.95291,36.52313],[-121.95291,36.52313]],[[-121.95277,36.52313],[-121.95277,36.52313]],[[-121.95263,36.52302],[-121.95263,36.52302]],[[-121.92749,36.52313],[-121.92749,36.52313]],[[-121.95319,36.52302],[-121.95319,36.52302]],[[-121.95249,36.52291],[-121.95249,36.52291]],[[-121.94659,36.52302],[-121.94659,36.52302]],[[-121.92777,36.52302],[-121.92777,36.52302]],[[-121.94842,36.5228],[-121.94842,36.5228]],[[-121.93732,36.5228],[-121.93732,36.5228]],[[-121.93353,36.52291],[-121.93353,36.52291]],[[-121.92792,36.52291],[-121.92792,36.52291]],[[-121.9494,36.5228],[-121.9494,36.5228]],[[-121.94828,36.52268],[-121.94828,36.52268]],[[-121.93788,36.5228],[-121.93788,36.5228]],[[-121.9282,36.5228],[-121.9282,36.5228]],[[-121.95417,36.52268],[-121.95417,36.52268]],[[-121.95333,36.52268],[-121.95333,36.52268]],[[-121.95319,36.52257],[-121.95319,36.52257]],[[-121.93788,36.52257],[-121.93788,36.52257]],[[-121.93746,36.52268],[-121.93746,36.52268]],[[-121.93367,36.52268],[-121.93367,36.52268]],[[-121.92848,36.52268],[-121.92848,36.52268]],[[-121.95445,36.52257],[-121.95445,36.52257]],[[-121.95389,36.52257],[-121.95389,36.52257]],[[-121.95291,36.52246],[-121.95291,36.52246]],[[-121.94926,36.52257],[-121.94926,36.52257]],[[-121.93774,36.52246],[-121.93774,36.52246]],[[-121.93381,36.52257],[-121.93381,36.52257]],[[-121.95361,36.52246],[-121.95361,36.52246]],[[-121.95347,36.52246],[-121.95347,36.52246]],[[-121.9376,36.52234],[-121.9376,36.52234]],[[-121.93395,36.52246],[-121.93395,36.52246]],[[-121.94828,36.52234],[-121.94828,36.52234]],[[-121.93746,36.52223],[-121.93746,36.52223]],[[-121.93409,36.52234],[-121.93409,36.52234]],[[-121.93732,36.52212],[-121.93732,36.52212]],[[-121.93704,36.52201],[-121.93704,36.52201]],[[-121.93746,36.52189],[-121.93746,36.52189]],[[-121.9369,36.52178],[-121.9369,36.52178]],[[-121.94097,36.52167],[-121.94097,36.52167]],[[-121.93648,36.52167],[-121.93648,36.52167]],[[-121.9494,36.52155],[-121.9494,36.52155]],[[-121.99068,36.52155],[-121.99068,36.52155]],[[-121.94224,36.52144],[-121.94224,36.52144]],[[-121.94154,36.52155],[-121.94154,36.52155]],[[-121.94097,36.52155],[-121.94097,36.52155]],[[-121.94083,36.52144],[-121.94083,36.52144]],[[-121.93634,36.52144],[-121.93634,36.52144]],[[-121.95375,36.52144],[-121.95375,36.52144]],[[-121.95361,36.52133],[-121.95347,36.52133],[-121.95361,36.52133]],[[-121.94168,36.52144],[-121.94168,36.52144]],[[-121.95389,36.52133],[-121.95389,36.52133]],[[-121.95347,36.52133],[-121.95347,36.52133]],[[-121.95333,36.52122],[-121.95333,36.52122]],[[-121.93634,36.52133],[-121.93634,36.52133]],[[-121.9494,36.52122],[-121.9494,36.52122]],[[-121.93648,36.5211],[-121.93648,36.5211]],[[-121.94224,36.52099],[-121.94224,36.52099]],[[-121.93676,36.52099],[-121.93676,36.52099]],[[-121.9376,36.52076],[-121.9376,36.52076]],[[-121.9442,36.52076],[-121.9442,36.52076]],[[-121.94322,36.52076],[-121.94322,36.52076]],[[-121.94238,36.52076],[-121.94238,36.52076]],[[-121.94336,36.52065],[-121.94336,36.52065]],[[-121.93746,36.52054],[-121.93746,36.52054]],[[-121.9515,36.52054],[-121.9515,36.52054]],[[-121.93718,36.52043],[-121.93718,36.52043]],[[-121.93704,36.52031],[-121.93704,36.52031]],[[-121.9369,36.5202],[-121.9369,36.5202]],[[-121.93676,36.52009],[-121.93676,36.52009]],[[-121.93676,36.51997],[-121.93676,36.51997]],[[-121.9369,36.51986],[-121.9369,36.51986]],[[-121.93718,36.51964],[-121.93718,36.51964]],[[-121.95122,36.51964],[-121.95122,36.51964]],[[-121.98801,36.51952],[-121.98801,36.51952]],[[-121.95361,36.51952],[-121.95361,36.51952]],[[-121.95319,36.51952],[-121.95319,36.51952]],[[-121.93718,36.51952],[-121.93718,36.51952]],[[-121.95136,36.51941],[-121.95136,36.51941]],[[-121.93732,36.51941],[-121.93732,36.51941]],[[-121.95361,36.5193],[-121.95361,36.5193]],[[-121.9515,36.5193],[-121.9515,36.5193]],[[-121.93746,36.5193],[-121.93746,36.5193]],[[-121.95389,36.51918],[-121.95389,36.51918]],[[-121.95291,36.51918],[-121.95291,36.51918]],[[-121.9376,36.51918],[-121.9376,36.51918]],[[-121.95277,36.51907],[-121.95277,36.51907]],[[-121.95165,36.51907],[-121.95165,36.51907]],[[-121.93788,36.51907],[-121.93788,36.51907]],[[-121.95403,36.51896],[-121.95403,36.51896]],[[-121.95263,36.51896],[-121.95263,36.51896]],[[-121.95179,36.51896],[-121.95179,36.51896]],[[-121.93831,36.51896],[-121.93831,36.51896]],[[-121.95305,36.51794],[-121.95305,36.51794]],[[-121.98647,36.51749],[-121.98647,36.51749]],[[-121.95207,36.51749],[-121.95207,36.51749]],[[-121.95221,36.51727],[-121.95221,36.51727]],[[-121.95235,36.51715],[-121.95235,36.51715]],[[-121.9494,36.51704],[-121.9494,36.51704]],[[-121.94954,36.51693],[-121.94954,36.51693]],[[-121.95179,36.51682],[-121.95179,36.51682]],[[-121.94982,36.5167],[-121.94982,36.5167]],[[-121.98422,36.51512],[-121.98422,36.51512]],[[-121.98282,36.51332],[-121.98282,36.51332]],[[-121.94448,36.51264],[-121.94448,36.51264]],[[-121.9442,36.51264],[-121.9442,36.51264]],[[-121.94406,36.51253],[-121.94406,36.51253]],[[-121.94378,36.51241],[-121.94378,36.51241]],[[-121.9421,36.51174],[-121.9421,36.51174]],[[-121.94196,36.51151],[-121.94196,36.51151]],[[-121.94168,36.51083],[-121.94168,36.51083]],[[-121.94168,36.51038],[-121.94168,36.51038]],[[-121.94182,36.51027],[-121.94182,36.51027]],[[-121.94196,36.50993],[-121.94196,36.50993]],[[-121.94238,36.50982],[-121.94238,36.50982]],[[-121.94252,36.50914],[-121.94252,36.50914]],[[-121.94224,36.50914],[-121.94224,36.50914]],[[-121.94196,36.50914],[-121.94196,36.50914]],[[-121.94069,36.50801],[-121.94069,36.50801]],[[-121.94168,36.5079],[-121.94168,36.5079]],[[-121.94154,36.5079],[-121.94154,36.5079]],[[-121.94139,36.50779],[-121.94111,36.50756],[-121.94139,36.50779]],[[-121.94097,36.5079],[-121.94097,36.5079]],[[-121.94083,36.5079],[-121.94083,36.5079]],[[-121.94125,36.50767],[-121.94125,36.50767]],[[-121.9435,36.50756],[-121.9442,36.507],[-121.94378,36.50632],[-121.9435,36.50621],[-121.94336,36.50632],[-121.94294,36.50598],[-121.9428,36.50609],[-121.9428,36.50711],[-121.9435,36.50756]],[[-121.94238,36.50756],[-121.94238,36.50756]],[[-121.94111,36.50756],[-121.94111,36.50756]],[[-121.94364,36.50745],[-121.94364,36.50745]],[[-121.94336,36.50745],[-121.94336,36.50745]],[[-121.94224,36.50745],[-121.94224,36.50745]],[[-121.9421,36.50745],[-121.9421,36.50745]],[[-121.94392,36.50734],[-121.94392,36.50734]],[[-121.94308,36.50734],[-121.94308,36.50734]],[[-121.94294,36.50722],[-121.94294,36.50722]],[[-121.94182,36.50711],[-121.94139,36.50711],[-121.94139,36.507],[-121.94182,36.50711]],[[-121.94406,36.50711],[-121.94406,36.50711]],[[-121.94224,36.50711],[-121.94224,36.50711]],[[-121.94168,36.507],[-121.94168,36.507]],[[-121.94139,36.507],[-121.94139,36.507]],[[-121.94055,36.507],[-121.94055,36.507]],[[-121.93873,36.50621],[-121.93873,36.50621]],[[-121.93887,36.50609],[-121.93887,36.50609]],[[-121.93901,36.50598],[-121.93901,36.50598]],[[-121.93802,36.50485],[-121.93802,36.50485]],[[-121.93817,36.50463],[-121.93817,36.50463]],[[-121.93831,36.50451],[-121.93831,36.50451]],[[-121.93845,36.5044],[-121.93845,36.5044]],[[-121.93873,36.50429],[-121.93873,36.50429]],[[-121.93929,36.50372],[-121.93929,36.50372]],[[-121.93887,36.50372],[-121.93887,36.50372]],[[-121.93887,36.50316],[-121.93887,36.50316]],[[-121.93999,36.50192],[-121.93999,36.50192]],[[-121.93943,36.50158],[-121.93943,36.50158]],[[-121.93929,36.50147],[-121.93929,36.50147]],[[-121.93915,36.50147],[-121.93915,36.50147]],[[-121.93873,36.50147],[-121.93873,36.50147]],[[-121.93859,36.50135],[-121.93859,36.50135]],[[-121.94027,36.50102],[-121.94027,36.50102]],[[-121.94041,36.5009],[-121.94041,36.5009]],[[-121.93662,36.49831],[-121.93662,36.49831]],[[-121.93676,36.49797],[-121.93676,36.49797]],[[-121.93704,36.49786],[-121.93704,36.49786]],[[-121.93718,36.49774],[-121.93718,36.49774]],[[-121.93746,36.49763],[-121.93746,36.49763]],[[-121.93774,36.49752],[-121.93774,36.49752]],[[-121.93845,36.49741],[-121.93845,36.49741]],[[-121.93915,36.49684],[-121.93915,36.49684]],[[-121.93929,36.49673],[-121.93929,36.49673]],[[-121.93971,36.49662],[-121.93971,36.49662]],[[-121.93999,36.4965],[-121.93999,36.4965]],[[-121.94013,36.49639],[-121.94013,36.49639]],[[-121.94097,36.49526],[-121.94097,36.49526]],[[-121.94041,36.49526],[-121.94041,36.49526]],[[-121.94027,36.49515],[-121.94027,36.49515]],[[-121.93999,36.49504],[-121.93999,36.49504]],[[-121.93985,36.49504],[-121.93985,36.49504]],[[-121.94111,36.49458],[-121.94111,36.49458]],[[-121.94125,36.49447],[-121.94125,36.49447]],[[-121.94154,36.49436],[-121.94154,36.49436]],[[-121.94168,36.49425],[-121.94168,36.49425]],[[-121.94182,36.49413],[-121.94182,36.49413]],[[-121.94196,36.49391],[-121.94196,36.49391]],[[-121.9421,36.49368],[-121.9421,36.49368]],[[-121.94252,36.49334],[-121.94252,36.49334]],[[-121.94224,36.49334],[-121.94224,36.49334]],[[-121.94462,36.49323],[-121.94462,36.49323]],[[-121.9442,36.49323],[-121.9442,36.49323]],[[-121.9428,36.49323],[-121.9428,36.49323]],[[-121.94406,36.49312],[-121.94406,36.49312]],[[-121.94322,36.49312],[-121.94322,36.49312]],[[-121.94294,36.49312],[-121.94294,36.49312]],[[-121.94392,36.493],[-121.94392,36.493]],[[-121.94336,36.493],[-121.94336,36.493]],[[-121.9435,36.49289],[-121.9435,36.49289]],[[-121.94476,36.49255],[-121.94476,36.49255]],[[-121.94462,36.49233],[-121.94462,36.49233]],[[-121.94505,36.49233],[-121.94505,36.49233]],[[-121.94462,36.49165],[-121.94462,36.49165]],[[-121.94476,36.49154],[-121.94476,36.49154]],[[-121.94491,36.49142],[-121.94491,36.49142]],[[-121.94519,36.49131],[-121.94519,36.49131]],[[-121.94547,36.4912],[-121.94547,36.4912]],[[-121.94561,36.49109],[-121.94561,36.49109]]]},"properties":{"depth_m":350}},{"type":"Feature","geometry":{"type":"MultiLineString","coordinates":[[[-121.99038,36.54503],[-121.9906,36.54458],[-121.99059,36.54379],[-121.98995,36.54277],[-121.99009,36.54221],[-121.98963,36.54142],[-121.98957,36.54096],[-121.989,36.54062],[-121.98886,36.53999],[-121.98647,36.53842],[-121.98534,36.53717],[-121.98394,36.53721],[-121.98324,36.53669],[-121.98037,36.53634],[-121.98008,36.53656],[-121.97997,36.53713],[-121.97969,36.53758],[-121.97969,36.5378],[-121.98053,36.53871],[-121.97992,36.53995],[-121.97881,36.54063],[-121.97832,36.54139],[-121.97706,36.54169],[-121.9765,36.54202],[-121.97566,36.54189],[-121.97467,36.54208],[-121.97341,36.54173],[-121.97243,36.54164],[-121.97116,36.54132],[-121.9706,36.54086],[-121.96948,36.54037],[-121.96911,36.54063],[-121.96905,36.54096],[-121.96835,36.54179],[-121.96751,36.5421],[-121.96625,36.54211],[-121.966,36.54187],[-121.96599,36.54142],[-121.96643,36.54063],[-121.96653,36.54006],[-121.96583,36.53957],[-121.96569,36.53856],[-121.96428,36.53765],[-121.96316,36.53744],[-121.96218,36.53747],[-121.96147,36.53708],[-121.96105,36.53662],[-121.95937,36.53595],[-121.95445,36.53567],[-121.95361,36.53539],[-121.95331,36.53498],[-121.95374,36.53419],[-121.95413,36.53386],[-121.95586,36.53296],[-121.95754,36.53238],[-121.95881,36.53289],[-121.95993,36.53311],[-121.96077,36.53251],[-121.96204,36.53233],[-121.9626,36.53181],[-121.9633,36.53203],[-121.96456,36.53186],[-121.96513,36.53159],[-121.96611,36.53207],[-121.96807,36.53224],[-121.96892,36.53263],[-121.96916,36.53239],[-121.96935,36.5316],[-121.96962,36.5314],[-121.97074,36.53168],[-121.97341,36.53079],[-121.97424,36.53013],[-121.97552,36.52981],[-121.97571,36.52945],[-121.97545,36.529],[-121.9755,36.52878],[-121.97608,36.52855],[-121.97673,36.52855],[-121.97748,36.52778],[-121.97875,36.52783],[-121.97959,36.52711],[-121.98001,36.52699],[-121.98127,36.52776],[-121.98226,36.52765],[-121.98338,36.52723],[-121.98356,36.52641],[-121.98332,36.52584],[-121.9838,36.52511],[-121.98372,36.5246],[-121.98324,36.52381],[-121.98243,36.52302],[-121.98206,36.52133],[-121.98127,36.52063],[-121.98099,36.51988],[-121.98051,36.51952],[-121.98046,36.51885],[-121.97951,36.51828],[-121.97916,36.51783],[-121.97896,36.51682],[-121.98021,36.5158],[-121.97931,36.51354],[-121.97931,36.51331],[-121.97959,36.51303],[-121.98155,36.51342],[-121.98226,36.51374],[-121.98519,36.5167],[-121.98577,36.51764],[-121.98637,36.51806],[-121.98615,36.51862],[-121.98689,36.51889],[-121.98738,36.51964],[-121.98914,36.52061],[-121.99138,36.52315],[-121.99166,36.52336],[-121.99279,36.52358],[-121.99327,36.52404],[-121.99329,36.52449],[-121.99363,36.52465]],[[-121.93171,36.54503],[-121.93213,36.54469],[-121.93297,36.54446],[-121.93367,36.5448],[-121.93381,36.54469],[-121.93367,36.54446],[-121.93339,36.54458],[-121.93381,36.54379],[-121.93381,36.54345],[-121.93325,36.543],[-121.93325,36.54209],[-121.93297,36.54164],[-121.93325,36.54142],[-121.93325,36.54096],[-121.93283,36.54051],[-121.93297,36.53995],[-121.93255,36.53984],[-121.93255,36.5395],[-121.93269,36.53938],[-121.93255,36.53927],[-121.93185,36.53927],[-121.93086,36.53961],[-121.93044,36.53938],[-121.92904,36.5378],[-121.92862,36.53701],[-121.92862,36.53622],[-121.92848,36.53611],[-121.9282,36.53386],[-121.92777,36.53329],[-121.92693,36.53273],[-121.92679,36.53228],[-121.92693,36.53149],[-121.92637,36.53103]],[[-121.93185,36.54491],[-121.93185,36.54491]],[[-121.93199,36.5448],[-121.93199,36.5448]],[[-121.93353,36.54469],[-121.93353,36.54469]],[[-121.93213,36.54469],[-121.93213,36.54469]],[[-121.93241,36.54458],[-121.93241,36.54458]],[[-121.93311,36.54446],[-121.93311,36.54446]],[[-121.93297,36.54446],[-121.93297,36.54446]],[[-121.93353,36.54412],[-121.93353,36.54412]],[[-121.93367,36.5439],[-121.93367,36.5439]],[[-121.96821,36.54187],[-121.96821,36.54187]],[[-121.93297,36.54164],[-121.93297,36.54164]],[[-121.93311,36.54153],[-121.93311,36.54153]],[[-121.93283,36.54029],[-121.93283,36.54029]],[[-121.93255,36.5395],[-121.93255,36.5395]],[[-121.98422,36.53713],[-121.98422,36.53713]],[[-121.9685,36.5325],[-121.9685,36.5325]],[[-121.9692,36.53216],[-121.9692,36.53216]],[[-121.92679,36.53194],[-121.92679,36.53194]],[[-121.92637,36.52426],[-121.92749,36.52313],[-121.92848,36.52268],[-121.92946,36.5228],[-121.9296,36.52291],[-121.9296,36.52325],[-121.9303,36.5237],[-121.93143,36.52347],[-121.93185,36.5237],[-121.93241,36.52336],[-121.93367,36.52347],[-121.93381,36.52336],[-121.93353,36.52313],[-121.93353,36.52291],[-121.93409,36.52234],[-121.93522,36.52246],[-121.9355,36.52291],[-121.93578,36.52291],[-121.93578,36.52313],[-121.93606,36.52347],[-121.93648,36.52336],[-121.93662,36.52359],[-121.93718,36.52347],[-121.93732,36.52325],[-121.93718,36.52313],[-121.93746,36.52302],[-121.93732,36.52313],[-121.93746,36.52325],[-121.9376,36.52313],[-121.93746,36.52325],[-121.9376,36.52336],[-121.93774,36.52325],[-121.93732,36.5228],[-121.93746,36.52268],[-121.93774,36.52291],[-121.93802,36.52268],[-121.93732,36.52212],[-121.9376,36.52201],[-121.93732,36.52178],[-121.93676,36.52167],[-121.93662,36.52189],[-121.93634,36.52144],[-121.93648,36.5211],[-121.93676,36.52099],[-121.93704,36.52099],[-121.93718,36.52133],[-121.9376,36.52144],[-121.93774,36.52133],[-121.9376,36.52065],[-121.93676,36.51997],[-121.93732,36.51986],[-121.93718,36.51952],[-121.9376,36.51918],[-121.93831,36.51896],[-121.93915,36.51896],[-121.94013,36.51918],[-121.94083,36.51964],[-121.94069,36.5202],[-121.93999,36.52076],[-121.93985,36.5211],[-121.94055,36.52144],[-121.94055,36.52178],[-121.94069,36.52189],[-121.94097,36.52201],[-121.94111,36.52189],[-121.94097,36.52201],[-121.94111,36.52223],[-121.94125,36.52201],[-121.94097,36.52155],[-121.94139,36.52167],[-121.94168,36.52144],[-121.9421,36.52178],[-121.94238,36.52167],[-121.94224,36.5211],[-121.94238,36.52076],[-121.94308,36.52088],[-121.94336,36.52065],[-121.94406,36.52099],[-121.9442,36.52076],[-121.94448,36.52076],[-121.94476,36.52099],[-121.94462,36.52122],[-121.94476,36.52144],[-121.94448,36.52167],[-121.94434,36.52155],[-121.9442,36.52167],[-121.94434,36.52178],[-121.94448,36.52167],[-121.94434,36.52189],[-121.94505,36.52234],[-121.94561,36.52234],[-121.94561,36.52257],[-121.94589,36.52291],[-121.94617,36.52291],[-121.94645,36.52313],[-121.94659,36.52302],[-121.94687,36.52336],[-121.94701,36.52325],[-121.94813,36.52404],[-121.94856,36.5237],[-121.94856,36.52291],[-121.94828,36.52268],[-121.94828,36.52234],[-121.9487,36.52234],[-121.94898,36.52268],[-121.9494,36.52257],[-121.94912,36.52268],[-121.94926,36.52291],[-121.94954,36.52268],[-121.9494,36.52257],[-121.94954,36.52223],[-121.9494,36.52122],[-121.94968,36.52122],[-121.95122,36.52268],[-121.95249,36.52347],[-121.95249,36.5237],[-121.95291,36.52404],[-121.95333,36.52392],[-121.95319,36.5237],[-121.95333,36.52347],[-121.95305,36.52325],[-121.95319,36.52302],[-121.95347,36.52336],[-121.95361,36.52325],[-121.95347,36.52336],[-121.95361,36.52347],[-121.95375,36.52336],[-121.95403,36.52359],[-121.95431,36.52415],[-121.95473,36.52438],[-121.95487,36.52426],[-121.95487,36.52404],[-121.95459,36.52381],[-121.95487,36.5237],[-121.95375,36.5228],[-121.95333,36.52268],[-121.95361,36.52246],[-121.95431,36.5228],[-121.95459,36.52246],[-121.95417,36.52167],[-121.95375,36.52144],[-121.95403,36.52122],[-121.95249,36.52043],[-121.9515,36.52054],[-121.95179,36.52043],[-121.95179,36.52009],[-121.9515,36.51975],[-121.95122,36.51975],[-121.95179,36.51896],[-121.95263,36.51896],[-121.95291,36.51918],[-121.95291,36.51941],[-121.95333,36.51964],[-121.95375,36.51941],[-121.95361,36.5193],[-121.95403,36.51896],[-121.95445,36.51907],[-121.95459,36.51885],[-121.95417,36.51794],[-121.95361,36.51749],[-121.95319,36.51749],[-121.95291,36.51783],[-121.95305,36.51794],[-121.95305,36.51828],[-121.95235,36.51817],[-121.95235,36.51772],[-121.95207,36.51749],[-121.95249,36.51704],[-121.95179,36.51648],[-121.95165,36.5167],[-121.95179,36.51682],[-121.95165,36.51682],[-121.95094,36.51636],[-121.95052,36.51715],[-121.95024,36.51704],[-121.94996,36.51715],[-121.94968,36.51693],[-121.9494,36.51704],[-121.94982,36.51682],[-121.94996,36.51636],[-121.94954,36.51614],[-121.94954,36.51569],[-121.94926,36.51546],[-121.94884,36.5158],[-121.94884,36.51557],[-121.94813,36.5149],[-121.94799,36.51399],[-121.94771,36.51377],[-121.94757,36.51411],[-121.94729,36.51343],[-121.94687,36.51354],[-121.94659,36.5132],[-121.94575,36.5132],[-121.94561,36.51354],[-121.94561,36.51298],[-121.94533,36.51275],[-121.94505,36.51275],[-121.9442,36.5132],[-121.94378,36.51298],[-121.94378,36.51241],[-121.94434,36.51275],[-121.94462,36.51253],[-121.94364,36.51185],[-121.94322,36.51196],[-121.94294,36.51174],[-121.94252,36.51174],[-121.94224,36.51196],[-121.9421,36.51185],[-121.94238,36.51162],[-121.94196,36.51151],[-121.94252,36.5114],[-121.94168,36.51129],[-121.94168,36.51083],[-121.94196,36.51061],[-121.94168,36.51038],[-121.94196,36.51016],[-121.94196,36.50993],[-121.94238,36.51004],[-121.94252,36.50993],[-121.94238,36.50982],[-121.94266,36.50971],[-121.94224,36.50959],[-121.94224,36.50937],[-121.94196,36.50914],[-121.94238,36.50925],[-121.94266,36.50903],[-121.94224,36.50858],[-121.94196,36.5088],[-121.94154,36.50835],[-121.94111,36.50846],[-121.94097,36.50824],[-121.94069,36.50824],[-121.94069,36.50801],[-121.94097,36.5079],[-121.9421,36.50801],[-121.94224,36.5079],[-121.94224,36.50756],[-121.9421,36.50745],[-121.94252,36.50767],[-121.94266,36.50756],[-121.94224,36.50711],[-121.94238,36.50688],[-121.94182,36.50643],[-121.94125,36.50688],[-121.94111,36.50666],[-121.94055,36.50677],[-121.94041,36.50688],[-121.94055,36.50711],[-121.94013,36.50688],[-121.93943,36.507],[-121.93873,36.50632],[-121.93915,36.50587],[-121.93915,36.50564],[-121.93859,36.50553],[-121.93859,36.5053],[-121.93802,36.50485],[-121.93845,36.5044],[-121.93901,36.50418],[-121.93887,36.50372],[-121.93915,36.50384],[-121.93943,36.50361],[-121.93943,36.50339],[-121.93915,36.50316],[-121.93887,36.50327],[-121.93901,36.50282],[-121.93873,36.50237],[-121.93859,36.50135],[-121.93887,36.50158],[-121.93929,36.50147],[-121.93957,36.50203],[-121.94013,36.50192],[-121.94027,36.50181],[-121.94027,36.50102],[-121.94055,36.50079],[-121.94055,36.50023],[-121.93985,36.49955],[-121.93943,36.49966],[-121.93929,36.49944],[-121.93915,36.49955],[-121.93887,36.4991],[-121.93817,36.49876],[-121.93788,36.49876],[-121.9376,36.4991],[-121.9376,36.49932],[-121.93746,36.49932],[-121.93718,36.49887],[-121.93662,36.49865],[-121.93676,36.49797],[-121.93774,36.49752],[-121.93915,36.49729],[-121.93915,36.49684],[-121.93985,36.49662],[-121.94027,36.49628],[-121.94013,36.49549],[-121.93985,36.49504],[-121.94083,36.49537],[-121.94111,36.49515],[-121.94111,36.49458],[-121.94196,36.49402],[-121.94224,36.49334],[-121.94266,36.49346],[-121.94294,36.49312],[-121.94294,36.49346],[-121.94308,36.49357],[-121.94322,36.49346],[-121.94322,36.49312],[-121.9435,36.49289],[-121.94448,36.49334],[-121.94476,36.49312],[-121.94476,36.49255],[-121.94519,36.49221],[-121.94462,36.49165],[-121.94575,36.49097]],[[-121.92651,36.52415],[-121.92651,36.52415]],[[-121.92665,36.52392],[-121.92665,36.52392]],[[-121.99307,36.52381],[-121.99307,36.52381]],[[-121.95459,36.52381],[-121.95459,36.52381]],[[-121.95319,36.5237],[-121.95319,36.5237]],[[-121.94828,36.52381],[-121.94828,36.52381]],[[-121.92679,36.52381],[-121.92679,36.52381]],[[-121.92693,36.5237],[-121.92693,36.5237]],[[-121.93199,36.52359],[-121.93199,36.52359]],[[-121.93072,36.52359],[-121.93072,36.52359]],[[-121.99166,36.52336],[-121.99166,36.52336]],[[-121.95319,36.52336],[-121.95319,36.52336]],[[-121.93676,36.52347],[-121.93676,36.52347]],[[-121.93213,36.52347],[-121.93213,36.52347]],[[-121.93114,36.52347],[-121.93114,36.52347]],[[-121.92707,36.52347],[-121.92707,36.52347]],[[-121.95375,36.52336],[-121.95375,36.52336]],[[-121.95305,36.52325],[-121.95277,36.52313],[-121.95305,36.52325]],[[-121.93634,36.52336],[-121.93634,36.52336]],[[-121.93367,36.52325],[-121.93367,36.52325]],[[-121.93241,36.52336],[-121.93241,36.52336]],[[-121.92721,36.52336],[-121.92721,36.52336]],[[-121.95361,36.52325],[-121.95361,36.52313],[-121.95361,36.52325]],[[-121.94701,36.52325],[-121.94701,36.52325]],[[-121.93718,36.52313],[-121.93718,36.52313]],[[-121.93353,36.52313],[-121.93353,36.52313]],[[-121.92735,36.52325],[-121.92735,36.52325]],[[-121.95361,36.52313],[-121.95361,36.52313]],[[-121.95291,36.52313],[-121.95291,36.52313]],[[-121.95277,36.52313],[-121.95277,36.52313]],[[-121.95263,36.52302],[-121.95263,36.52302]],[[-121.92749,36.52313],[-121.92749,36.52313]],[[-121.95319,36.52302],[-121.95319,36.52302]],[[-121.95249,36.52291],[-121.95249,36.52291]],[[-121.94659,36.52302],[-121.94659,36.52302]],[[-121.92777,36.52302],[-121.92777,36.52302]],[[-121.94842,36.5228],[-121.94842,36.5228]],[[-121.93732,36.5228],[-121.93732,36.5228]],[[-121.93353,36.52291],[-121.93353,36.52291]],[[-121.92792,36.52291],[-121.92792,36.52291]],[[-121.9494,36.5228],[-121.9494,36.5228]],[[-121.94828,36.52268],[-121.94828,36.52268]],[[-121.93788,36.5228],[-121.93788,36.5228]],[[-121.9282,36.5228],[-121.9282,36.5228]],[[-121.95417,36.52268],[-121.95417,36.52268]],[[-121.95333,36.52268],[-121.95333,36.52268]],[[-121.95319,36.52257],[-121.95319,36.52257]],[[-121.93788,36.52257],[-121.93788,36.52257]],[[-121.93746,36.52268],[-121.93746,36.52268]],[[-121.93367,36.52268],[-121.93367,36.52268]],[[-121.92848,36.52268],[-121.92848,36.52268]],[[-121.95445,36.52257],[-121.95445,36.52257]],[[-121.95389,36.52257],[-121.95389,36.52257]],[[-121.95291,36.52246],[-121.95291,36.52246]],[[-121.94926,36.52257],[-121.94926,36.52257]],[[-121.93774,36.52246],[-121.93774,36.52246]],[[-121.93381,36.52257],[-121.93381,36.52257]],[[-121.95361,36.52246],[-121.95361,36.52246]],[[-121.95347,36.52246],[-121.95347,36.52246]],[[-121.9376,36.52234],[-121.9376,36.52234]],[[-121.93395,36.52246],[-121.93395,36.52246]],[[-121.94828,36.52234],[-121.94828,36.52234]],[[-121.93746,36.52223],[-121.93746,36.52223]],[[-121.93409,36.52234],[-121.93409,36.52234]],[[-121.93732,36.52212],[-121.93732,36.52212]],[[-121.93704,36.52201],[-121.93704,36.52201]],[[-121.93746,36.52189],[-121.93746,36.52189]],[[-121.9369,36.52178],[-121.9369,36.52178]],[[-121.94097,36.52167],[-121.94097,36.52167]],[[-121.93648,36.52167],[-121.93648,36.52167]],[[-121.9494,36.52155],[-121.9494,36.52155]],[[-121.94224,36.52144],[-121.94224,36.52144]],[[-121.94154,36.52155],[-121.94154,36.52155]],[[-121.94097,36.52155],[-121.94097,36.52155]],[[-121.94083,36.52144],[-121.94083,36.52144]],[[-121.93634,36.52144],[-121.93634,36.52144]],[[-121.95375,36.52144],[-121.95375,36.52144]],[[-121.95361,36.52133],[-121.95347,36.52133],[-121.95361,36.52133]],[[-121.94168,36.52144],[-121.94168,36.52144]],[[-121.95389,36.52133],[-121.95389,36.52133]],[[-121.95347,36.52133],[-121.95347,36.52133]],[[-121.95333,36.52122],[-121.95333,36.52122]],[[-121.93634,36.52133],[-121.93634,36.52133]],[[-121.9494,36.52122],[-121.9494,36.52122]],[[-121.93648,36.5211],[-121.93648,36.5211]],[[-121.94224,36.52099],[-121.94224,36.52099]],[[-121.93676,36.52099],[-121.93676,36.52099]],[[-121.9376,36.52076],[-121.9376,36.52076]],[[-121.98928,36.52076],[-121.98928,36.52076]],[[-121.9442,36.52076],[-121.9442,36.52076]],[[-121.94322,36.52076],[-121.94322,36.52076]],[[-121.94238,36.52076],[-121.94238,36.52076]],[[-121.94336,36.52065],[-121.94336,36.52065]],[[-121.93746,36.52054],[-121.93746,36.52054]],[[-121.9515,36.52054],[-121.9515,36.52054]],[[-121.93718,36.52043],[-121.93718,36.52043]],[[-121.93704,36.52031],[-121.93704,36.52031]],[[-121.9369,36.5202],[-121.9369,36.5202]],[[-121.93676,36.52009],[-121.93676,36.52009]],[[-121.93676,36.51997],[-121.93676,36.51997]],[[-121.9369,36.51986],[-121.9369,36.51986]],[[-121.93718,36.51964],[-121.93718,36.51964]],[[-121.95122,36.51964],[-121.95122,36.51964]],[[-121.95361,36.51952],[-121.95361,36.51952]],[[-121.95319,36.51952],[-121.95319,36.51952]],[[-121.93718,36.51952],[-121.93718,36.51952]],[[-121.95136,36.51941],[-121.95136,36.51941]],[[-121.93732,36.51941],[-121.93732,36.51941]],[[-121.95361,36.5193],[-121.95361,36.5193]],[[-121.9515,36.5193],[-121.9515,36.5193]],[[-121.93746,36.5193],[-121.93746,36.5193]],[[-121.95389,36.51918],[-121.95389,36.51918]],[[-121.95291,36.51918],[-121.95291,36.51918]],[[-121.9376,36.51918],[-121.9376,36.51918]],[[-121.95277,36.51907],[-121.95277,36.51907]],[[-121.95165,36.51907],[-121.95165,36.51907]],[[-121.93788,36.51907],[-121.93788,36.51907]],[[-121.95403,36.51896],[-121.95403,36.51896]],[[-121.95263,36.51896],[-121.95263,36.51896]],[[-121.95179,36.51896],[-121.95179,36.51896]],[[-121.93831,36.51896],[-121.93831,36.51896]],[[-121.95305,36.51794],[-121.95305,36.51794]],[[-121.95207,36.51749],[-121.95207,36.51749]],[[-121.95221,36.51727],[-121.95221,36.51727]],[[-121.95235,36.51715],[-121.95235,36.51715]],[[-121.9494,36.51704],[-121.9494,36.51704]],[[-121.94954,36.51693],[-121.94954,36.51693]],[[-121.95179,36.51682],[-121.95179,36.51682]],[[-121.94982,36.5167],[-121.94982,36.5167]],[[-121.98408,36.51569],[-121.98408,36.51569]],[[-121.9838,36.51535],[-121.9838,36.51535]],[[-121.9831,36.51456],[-121.9831,36.51456]],[[-121.98254,36.51399],[-121.98254,36.51399]],[[-121.94448,36.51264],[-121.94448,36.51264]],[[-121.9442,36.51264],[-121.9442,36.51264]],[[-121.94406,36.51253],[-121.94406,36.51253]],[[-121.94378,36.51241],[-121.94378,36.51241]],[[-121.9421,36.51174],[-121.9421,36.51174]],[[-121.94196,36.51151],[-121.94196,36.51151]],[[-121.94168,36.51083],[-121.94168,36.51083]],[[-121.94168,36.51038],[-121.94168,36.51038]],[[-121.94182,36.51027],[-121.94182,36.51027]],[[-121.94196,36.50993],[-121.94196,36.50993]],[[-121.94238,36.50982],[-121.94238,36.50982]],[[-121.94252,36.50914],[-121.94252,36.50914]],[[-121.94224,36.50914],[-121.94224,36.50914]],[[-121.94196,36.50914],[-121.94196,36.50914]],[[-121.94069,36.50801],[-121.94069,36.50801]],[[-121.94168,36.5079],[-121.94168,36.5079]],[[-121.94154,36.5079],[-121.94154,36.5079]],[[-121.94139,36.50779],[-121.94111,36.50756],[-121.94139,36.50779]],[[-121.94097,36.5079],[-121.94097,36.5079]],[[-121.94083,36.5079],[-121.94083,36.5079]],[[-121.94125,36.50767],[-121.94125,36.50767]],[[-121.9435,36.50756],[-121.9442,36.507],[-121.94378,36.50632],[-121.9435,36.50621],[-121.94336,36.50632],[-121.94294,36.50598],[-121.9428,36.50609],[-121.9428,36.50711],[-121.9435,36.50756]],[[-121.94238,36.50756],[-121.94238,36.50756]],[[-121.94111,36.50756],[-121.94111,36.50756]],[[-121.94364,36.50745],[-121.94364,36.50745]],[[-121.94336,36.50745],[-121.94336,36.50745]],[[-121.94224,36.50745],[-121.94224,36.50745]],[[-121.9421,36.50745],[-121.9421,36.50745]],[[-121.94392,36.50734],[-121.94392,36.50734]],[[-121.94308,36.50734],[-121.94308,36.50734]],[[-121.94294,36.50722],[-121.94294,36.50722]],[[-121.94182,36.50711],[-121.94139,36.50711],[-121.94139,36.507],[-121.94182,36.50711]],[[-121.94406,36.50711],[-121.94406,36.50711]],[[-121.94224,36.50711],[-121.94224,36.50711]],[[-121.94168,36.507],[-121.94168,36.507]],[[-121.94139,36.507],[-121.94139,36.507]],[[-121.94055,36.507],[-121.94055,36.507]],[[-121.93873,36.50621],[-121.93873,36.50621]],[[-121.93887,36.50609],[-121.93887,36.50609]],[[-121.93901,36.50598],[-121.93901,36.50598]],[[-121.93802,36.50485],[-121.93802,36.50485]],[[-121.93817,36.50463],[-121.93817,36.50463]],[[-121.93831,36.50451],[-121.93831,36.50451]],[[-121.93845,36.5044],[-121.93845,36.5044]],[[-121.93873,36.50429],[-121.93873,36.50429]],[[-121.93929,36.50372],[-121.93929,36.50372]],[[-121.93887,36.50372],[-121.93887,36.50372]],[[-121.93887,36.50316],[-121.93887,36.50316]],[[-121.93999,36.50192],[-121.93999,36.50192]],[[-121.93943,36.50158],[-121.93943,36.50158]],[[-121.93929,36.50147],[-121.93929,36.50147]],[[-121.93915,36.50147],[-121.93915,36.50147]],[[-121.93873,36.50147],[-121.93873,36.50147]],[[-121.93859,36.50135],[-121.93859,36.50135]],[[-121.94027,36.50102],[-121.94027,36.50102]],[[-121.94041,36.5009],[-121.94041,36.5009]],[[-121.93662,36.49831],[-121.93662,36.49831]],[[-121.93676,36.49797],[-121.93676,36.49797]],[[-121.93704,36.49786],[-121.93704,36.49786]],[[-121.93718,36.49774],[-121.93718,36.49774]],[[-121.93746,36.49763],[-121.93746,36.49763]],[[-121.93774,36.49752],[-121.93774,36.49752]],[[-121.93845,36.49741],[-121.93845,36.49741]],[[-121.93915,36.49684],[-121.93915,36.49684]],[[-121.93929,36.49673],[-121.93929,36.49673]],[[-121.93971,36.49662],[-121.93971,36.49662]],[[-121.93999,36.4965],[-121.93999,36.4965]],[[-121.94013,36.49639],[-121.94013,36.49639]],[[-121.94097,36.49526],[-121.94097,36.49526]],[[-121.94041,36.49526],[-121.94041,36.49526]],[[-121.94027,36.49515],[-121.94027,36.49515]],[[-121.93999,36.49504],[-121.93999,36.49504]],[[-121.93985,36.49504],[-121.93985,36.49504]],[[-121.94111,36.49458],[-121.94111,36.49458]],[[-121.94125,36.49447],[-121.94125,36.49447]],[[-121.94154,36.49436],[-121.94154,36.49436]],[[-121.94168,36.49425],[-121.94168,36.49425]],[[-121.94182,36.49413],[-121.94182,36.49413]],[[-121.94196,36.49391],[-121.94196,36.49391]],[[-121.9421,36.49368],[-121.9421,36.49368]],[[-121.94252,36.49334],[-121.94252,36.49334]],[[-121.94224,36.49334],[-121.94224,36.49334]],[[-121.94462,36.49323],[-121.94462,36.49323]],[[-121.9442,36.49323],[-121.9442,36.49323]],[[-121.9428,36.49323],[-121.9428,36.49323]],[[-121.94406,36.49312],[-121.94406,36.49312]],[[-121.94322,36.49312],[-121.94322,36.49312]],[[-121.94294,36.49312],[-121.94294,36.49312]],[[-121.94392,36.493],[-121.94392,36.493]],[[-121.94336,36.493],[-121.94336,36.493]],[[-121.9435,36.49289],[-121.9435,36.49289]],[[-121.94476,36.49255],[-121.94476,36.49255]],[[-121.94462,36.49233],[-121.94462,36.49233]],[[-121.94505,36.49233],[-121.94505,36.49233]],[[-121.94462,36.49165],[-121.94462,36.49165]],[[-121.94476,36.49154],[-121.94476,36.49154]],[[-121.94491,36.49142],[-121.94491,36.49142]],[[-121.94519,36.49131],[-121.94519,36.49131]],[[-121.94547,36.4912],[-121.94547,36.4912]],[[-121.94561,36.49109],[-121.94561,36.49109]]]},"properties":{"depth_m":375}},{"type":"Feature","geometry":{"type":"MultiLineString","coordinates":[[[-121.99073,36.54503],[-121.99092,36.54469],[-121.99099,36.54379],[-121.99034,36.54277],[-121.99041,36.54221],[-121.98993,36.5413],[-121.9899,36.54074],[-121.98923,36.5404],[-121.98906,36.53984],[-121.98661,36.5381],[-121.98615,36.53769],[-121.98597,36.53724],[-121.98534,36.53686],[-121.98394,36.53691],[-121.98338,36.53643],[-121.98029,36.53598],[-121.9797,36.53645],[-121.97959,36.53703],[-121.97919,36.53769],[-121.97922,36.53792],[-121.97989,36.53848],[-121.97991,36.53882],[-121.97945,36.53925],[-121.97804,36.54003],[-121.97785,36.54051],[-121.97748,36.5408],[-121.97495,36.54113],[-121.97397,36.54106],[-121.97327,36.54047],[-121.97271,36.54078],[-121.97187,36.54078],[-121.9713,36.54049],[-121.97046,36.54033],[-121.96976,36.53982],[-121.96948,36.53979],[-121.96847,36.5404],[-121.96842,36.54085],[-121.96807,36.54121],[-121.96779,36.54123],[-121.96711,36.54085],[-121.9674,36.53984],[-121.96738,36.53938],[-121.96535,36.53735],[-121.96344,36.53715],[-121.96063,36.53611],[-121.95923,36.53536],[-121.95684,36.53525],[-121.9566,36.5351],[-121.95656,36.53453],[-121.95611,36.53419],[-121.95604,36.53374],[-121.95652,36.53318],[-121.95754,36.53285],[-121.95923,36.53331],[-121.96021,36.53337],[-121.96119,36.53298],[-121.96218,36.53285],[-121.9626,36.53259],[-121.96527,36.53208],[-121.96611,36.53239],[-121.96695,36.53235],[-121.96934,36.53293],[-121.96962,36.53211],[-121.9699,36.53189],[-121.97102,36.53209],[-121.97397,36.53099],[-121.97458,36.53047],[-121.97592,36.52979],[-121.97594,36.52912],[-121.97616,36.52889],[-121.97692,36.52881],[-121.97748,36.52821],[-121.97804,36.52803],[-121.97903,36.52814],[-121.97959,36.52749],[-121.98001,36.52736],[-121.98127,36.5281],[-121.98366,36.5276],[-121.98421,36.52663],[-121.98422,36.52639],[-121.98391,36.52596],[-121.98418,36.52528],[-121.98421,36.5246],[-121.98368,36.5237],[-121.98283,36.5228],[-121.98235,36.52122],[-121.98155,36.5202],[-121.98115,36.51941],[-121.98121,36.51839],[-121.98049,36.51772],[-121.98063,36.51715],[-121.98127,36.51671],[-121.98138,36.51648],[-121.98134,36.51591],[-121.98102,36.51524],[-121.98127,36.51502],[-121.9822,36.51501],[-121.9831,36.51544],[-121.98577,36.51818],[-121.98585,36.51873],[-121.98669,36.51941],[-121.98689,36.51975],[-121.98785,36.5202],[-121.98886,36.52095],[-121.98942,36.52155],[-121.98944,36.52178],[-121.98991,36.52212],[-121.99127,36.5237],[-121.9925,36.52404],[-121.99269,36.52426],[-121.99277,36.52483],[-121.99363,36.52511]],[[-121.93171,36.54503],[-121.93213,36.54469],[-121.93297,36.54446],[-121.93367,36.5448],[-121.93381,36.54469],[-121.93367,36.54446],[-121.93339,36.54458],[-121.93381,36.54379],[-121.93381,36.54345],[-121.93325,36.543],[-121.93325,36.54209],[-121.93297,36.54164],[-121.93325,36.54142],[-121.93325,36.54096],[-121.93283,36.54051],[-121.93297,36.53995],[-121.93255,36.53984],[-121.93255,36.5395],[-121.93269,36.53938],[-121.93255,36.53927],[-121.93185,36.53927],[-121.93086,36.53961],[-121.93044,36.53938],[-121.92904,36.5378],[-121.92862,36.53701],[-121.92862,36.53622],[-121.92848,36.53611],[-121.9282,36.53386],[-121.92777,36.53329],[-121.92693,36.53273],[-121.92679,36.53228],[-121.92693,36.53149],[-121.92637,36.53103]],[[-121.93185,36.54491],[-121.93185,36.54491]],[[-121.93199,36.5448],[-121.93199,36.5448]],[[-121.93353,36.54469],[-121.93353,36.54469]],[[-121.93213,36.54469],[-121.93213,36.54469]],[[-121.93241,36.54458],[-121.93241,36.54458]],[[-121.93311,36.54446],[-121.93311,36.54446]],[[-121.93297,36.54446],[-121.93297,36.54446]],[[-121.93353,36.54412],[-121.93353,36.54412]],[[-121.93367,36.5439],[-121.93367,36.5439]],[[-121.93297,36.54164],[-121.93297,36.54164]],[[-121.93311,36.54153],[-121.93311,36.54153]],[[-121.97509,36.54108],[-121.97509,36.54108]],[[-121.93283,36.54029],[-121.93283,36.54029]],[[-121.93255,36.5395],[-121.93255,36.5395]],[[-121.92679,36.53194],[-121.92679,36.53194]],[[-121.97158,36.53182],[-121.97158,36.53182]],[[-121.99349,36.52505],[-121.99349,36.52505]],[[-121.92637,36.52426],[-121.92749,36.52313],[-121.92848,36.52268],[-121.92946,36.5228],[-121.9296,36.52291],[-121.9296,36.52325],[-121.9303,36.5237],[-121.93143,36.52347],[-121.93185,36.5237],[-121.93241,36.52336],[-121.93367,36.52347],[-121.93381,36.52336],[-121.93353,36.52313],[-121.93353,36.52291],[-121.93409,36.52234],[-121.93522,36.52246],[-121.9355,36.52291],[-121.93578,36.52291],[-121.93578,36.52313],[-121.93606,36.52347],[-121.93648,36.52336],[-121.93662,36.52359],[-121.93718,36.52347],[-121.93732,36.52325],[-121.93718,36.52313],[-121.93746,36.52302],[-121.93732,36.52313],[-121.93746,36.52325],[-121.9376,36.52313],[-121.93746,36.52325],[-121.9376,36.52336],[-121.93774,36.52325],[-121.93732,36.5228],[-121.93746,36.52268],[-121.93774,36.52291],[-121.93802,36.52268],[-121.93732,36.52212],[-121.9376,36.52201],[-121.93732,36.52178],[-121.93676,36.52167],[-121.93662,36.52189],[-121.93634,36.52144],[-121.93648,36.5211],[-121.93676,36.52099],[-121.93704,36.52099],[-121.93718,36.52133],[-121.9376,36.52144],[-121.93774,36.52133],[-121.9376,36.52065],[-121.93676,36.51997],[-121.93732,36.51986],[-121.93718,36.51952],[-121.9376,36.51918],[-121.93831,36.51896],[-121.93915,36.51896],[-121.94013,36.51918],[-121.94083,36.51964],[-121.94069,36.5202],[-121.93999,36.52076],[-121.93985,36.5211],[-121.94055,36.52144],[-121.94055,36.52178],[-121.94069,36.52189],[-121.94097,36.52201],[-121.94111,36.52189],[-121.94097,36.52201],[-121.94111,36.52223],[-121.94125,36.52201],[-121.94097,36.52155],[-121.94139,36.52167],[-121.94168,36.52144],[-121.9421,36.52178],[-121.94238,36.52167],[-121.94224,36.5211],[-121.94238,36.52076],[-121.94308,36.52088],[-121.94336,36.52065],[-121.94406,36.52099],[-121.9442,36.52076],[-121.94448,36.52076],[-121.94476,36.52099],[-121.94462,36.52122],[-121.94476,36.52144],[-121.94448,36.52167],[-121.94434,36.52155],[-121.9442,36.52167],[-121.94434,36.52178],[-121.94448,36.52167],[-121.94434,36.52189],[-121.94505,36.52234],[-121.94561,36.52234],[-121.94561,36.52257],[-121.94589,36.52291],[-121.94617,36.52291],[-121.94645,36.52313],[-121.94659,36.52302],[-121.94687,36.52336],[-121.94701,36.52325],[-121.94813,36.52404],[-121.94856,36.5237],[-121.94856,36.52291],[-121.94828,36.52268],[-121.94828,36.52234],[-121.9487,36.52234],[-121.94898,36.52268],[-121.9494,36.52257],[-121.94912,36.52268],[-121.94926,36.52291],[-121.94954,36.52268],[-121.9494,36.52257],[-121.94954,36.52223],[-121.9494,36.52122],[-121.94968,36.52122],[-121.95122,36.52268],[-121.95249,36.52347],[-121.95249,36.5237],[-121.95291,36.52404],[-121.95333,36.52392],[-121.95319,36.5237],[-121.95333,36.52347],[-121.95305,36.52325],[-121.95319,36.52302],[-121.95347,36.52336],[-121.95361,36.52325],[-121.95347,36.52336],[-121.95361,36.52347],[-121.95375,36.52336],[-121.95403,36.52359],[-121.95431,36.52415],[-121.95473,36.52438],[-121.95487,36.52426],[-121.95487,36.52404],[-121.95459,36.52381],[-121.95487,36.5237],[-121.95375,36.5228],[-121.95333,36.52268],[-121.95361,36.52246],[-121.95431,36.5228],[-121.95459,36.52246],[-121.95417,36.52167],[-121.95375,36.52144],[-121.95403,36.52122],[-121.95249,36.52043],[-121.9515,36.52054],[-121.95179,36.52043],[-121.95179,36.52009],[-121.9515,36.51975],[-121.95122,36.51975],[-121.95179,36.51896],[-121.95263,36.51896],[-121.95291,36.51918],[-121.95291,36.51941],[-121.95333,36.51964],[-121.95375,36.51941],[-121.95361,36.5193],[-121.95403,36.51896],[-121.95445,36.51907],[-121.95459,36.51885],[-121.95417,36.51794],[-121.95361,36.51749],[-121.95319,36.51749],[-121.95291,36.51783],[-121.95305,36.51794],[-121.95305,36.51828],[-121.95235,36.51817],[-121.95235,36.51772],[-121.95207,36.51749],[-121.95249,36.51704],[-121.95179,36.51648],[-121.95165,36.5167],[-121.95179,36.51682],[-121.95165,36.51682],[-121.95094,36.51636],[-121.95052,36.51715],[-121.95024,36.51704],[-121.94996,36.51715],[-121.94968,36.51693],[-121.9494,36.51704],[-121.94982,36.51682],[-121.94996,36.51636],[-121.94954,36.51614],[-121.94954,36.51569],[-121.94926,36.51546],[-121.94884,36.5158],[-121.94884,36.51557],[-121.94813,36.5149],[-121.94799,36.51399],[-121.94771,36.51377],[-121.94757,36.51411],[-121.94729,36.51343],[-121.94687,36.51354],[-121.94659,36.5132],[-121.94575,36.5132],[-121.94561,36.51354],[-121.94561,36.51298],[-121.94533,36.51275],[-121.94505,36.51275],[-121.9442,36.5132],[-121.94378,36.51298],[-121.94378,36.51241],[-121.94434,36.51275],[-121.94462,36.51253],[-121.94364,36.51185],[-121.94322,36.51196],[-121.94294,36.51174],[-121.94252,36.51174],[-121.94224,36.51196],[-121.9421,36.51185],[-121.94238,36.51162],[-121.94196,36.51151],[-121.94252,36.5114],[-121.94168,36.51129],[-121.94168,36.51083],[-121.94196,36.51061],[-121.94168,36.51038],[-121.94196,36.51016],[-121.94196,36.50993],[-121.94238,36.51004],[-121.94252,36.50993],[-121.94238,36.50982],[-121.94266,36.50971],[-121.94224,36.50959],[-121.94224,36.50937],[-121.94196,36.50914],[-121.94238,36.50925],[-121.94266,36.50903],[-121.94224,36.50858],[-121.94196,36.5088],[-121.94154,36.50835],[-121.94111,36.50846],[-121.94097,36.50824],[-121.94069,36.50824],[-121.94069,36.50801],[-121.94097,36.5079],[-121.9421,36.50801],[-121.94224,36.5079],[-121.94224,36.50756],[-121.9421,36.50745],[-121.94252,36.50767],[-121.94266,36.50756],[-121.94224,36.50711],[-121.94238,36.50688],[-121.94182,36.50643],[-121.94125,36.50688],[-121.94111,36.50666],[-121.94055,36.50677],[-121.94041,36.50688],[-121.94055,36.50711],[-121.94013,36.50688],[-121.93943,36.507],[-121.93873,36.50632],[-121.93915,36.50587],[-121.93915,36.50564],[-121.93859,36.50553],[-121.93859,36.5053],[-121.93802,36.50485],[-121.93845,36.5044],[-121.93901,36.50418],[-121.93887,36.50372],[-121.93915,36.50384],[-121.93943,36.50361],[-121.93943,36.50339],[-121.93915,36.50316],[-121.93887,36.50327],[-121.93901,36.50282],[-121.93873,36.50237],[-121.93859,36.50135],[-121.93887,36.50158],[-121.93929,36.50147],[-121.93957,36.50203],[-121.94013,36.50192],[-121.94027,36.50181],[-121.94027,36.50102],[-121.94055,36.50079],[-121.94055,36.50023],[-121.93985,36.49955],[-121.93943,36.49966],[-121.93929,36.49944],[-121.93915,36.49955],[-121.93887,36.4991],[-121.93817,36.49876],[-121.93788,36.49876],[-121.9376,36.4991],[-121.9376,36.49932],[-121.93746,36.49932],[-121.93718,36.49887],[-121.93662,36.49865],[-121.93676,36.49797],[-121.93774,36.49752],[-121.93915,36.49729],[-121.93915,36.49684],[-121.93985,36.49662],[-121.94027,36.49628],[-121.94013,36.49549],[-121.93985,36.49504],[-121.94083,36.49537],[-121.94111,36.49515],[-121.94111,36.49458],[-121.94196,36.49402],[-121.94224,36.49334],[-121.94266,36.49346],[-121.94294,36.49312],[-121.94294,36.49346],[-121.94308,36.49357],[-121.94322,36.49346],[-121.94322,36.49312],[-121.9435,36.49289],[-121.94448,36.49334],[-121.94476,36.49312],[-121.94476,36.49255],[-121.94519,36.49221],[-121.94462,36.49165],[-121.94575,36.49097]],[[-121.92651,36.52415],[-121.92651,36.52415]],[[-121.92665,36.52392],[-121.92665,36.52392]],[[-121.95459,36.52381],[-121.95459,36.52381]],[[-121.95319,36.5237],[-121.95319,36.5237]],[[-121.94828,36.52381],[-121.94828,36.52381]],[[-121.92679,36.52381],[-121.92679,36.52381]],[[-121.92693,36.5237],[-121.92693,36.5237]],[[-121.93199,36.52359],[-121.93199,36.52359]],[[-121.93072,36.52359],[-121.93072,36.52359]],[[-121.95319,36.52336],[-121.95319,36.52336]],[[-121.93676,36.52347],[-121.93676,36.52347]],[[-121.93213,36.52347],[-121.93213,36.52347]],[[-121.93114,36.52347],[-121.93114,36.52347]],[[-121.92707,36.52347],[-121.92707,36.52347]],[[-121.95375,36.52336],[-121.95375,36.52336]],[[-121.95305,36.52325],[-121.95277,36.52313],[-121.95305,36.52325]],[[-121.93634,36.52336],[-121.93634,36.52336]],[[-121.93367,36.52325],[-121.93367,36.52325]],[[-121.93241,36.52336],[-121.93241,36.52336]],[[-121.92721,36.52336],[-121.92721,36.52336]],[[-121.95361,36.52325],[-121.95361,36.52313],[-121.95361,36.52325]],[[-121.94701,36.52325],[-121.94701,36.52325]],[[-121.93718,36.52313],[-121.93718,36.52313]],[[-121.93353,36.52313],[-121.93353,36.52313]],[[-121.92735,36.52325],[-121.92735,36.52325]],[[-121.95361,36.52313],[-121.95361,36.52313]],[[-121.95291,36.52313],[-121.95291,36.52313]],[[-121.95277,36.52313],[-121.95277,36.52313]],[[-121.95263,36.52302],[-121.95263,36.52302]],[[-121.92749,36.52313],[-121.92749,36.52313]],[[-121.95319,36.52302],[-121.95319,36.52302]],[[-121.95249,36.52291],[-121.95249,36.52291]],[[-121.94659,36.52302],[-121.94659,36.52302]],[[-121.92777,36.52302],[-121.92777,36.52302]],[[-121.94842,36.5228],[-121.94842,36.5228]],[[-121.93732,36.5228],[-121.93732,36.5228]],[[-121.93353,36.52291],[-121.93353,36.52291]],[[-121.92792,36.52291],[-121.92792,36.52291]],[[-121.9494,36.5228],[-121.9494,36.5228]],[[-121.94828,36.52268],[-121.94828,36.52268]],[[-121.93788,36.5228],[-121.93788,36.5228]],[[-121.9282,36.5228],[-121.9282,36.5228]],[[-121.95417,36.52268],[-121.95417,36.52268]],[[-121.95333,36.52268],[-121.95333,36.52268]],[[-121.95319,36.52257],[-121.95319,36.52257]],[[-121.93788,36.52257],[-121.93788,36.52257]],[[-121.93746,36.52268],[-121.93746,36.52268]],[[-121.93367,36.52268],[-121.93367,36.52268]],[[-121.92848,36.52268],[-121.92848,36.52268]],[[-121.95445,36.52257],[-121.95445,36.52257]],[[-121.95389,36.52257],[-121.95389,36.52257]],[[-121.95291,36.52246],[-121.95291,36.52246]],[[-121.94926,36.52257],[-121.94926,36.52257]],[[-121.93774,36.52246],[-121.93774,36.52246]],[[-121.93381,36.52257],[-121.93381,36.52257]],[[-121.95361,36.52246],[-121.95361,36.52246]],[[-121.95347,36.52246],[-121.95347,36.52246]],[[-121.9376,36.52234],[-121.9376,36.52234]],[[-121.93395,36.52246],[-121.93395,36.52246]],[[-121.94828,36.52234],[-121.94828,36.52234]],[[-121.93746,36.52223],[-121.93746,36.52223]],[[-121.93409,36.52234],[-121.93409,36.52234]],[[-121.93732,36.52212],[-121.93732,36.52212]],[[-121.93704,36.52201],[-121.93704,36.52201]],[[-121.93746,36.52189],[-121.93746,36.52189]],[[-121.9369,36.52178],[-121.9369,36.52178]],[[-121.94097,36.52167],[-121.94097,36.52167]],[[-121.93648,36.52167],[-121.93648,36.52167]],[[-121.9494,36.52155],[-121.9494,36.52155]],[[-121.98942,36.52155],[-121.98942,36.52155]],[[-121.94224,36.52144],[-121.94224,36.52144]],[[-121.94154,36.52155],[-121.94154,36.52155]],[[-121.94097,36.52155],[-121.94097,36.52155]],[[-121.94083,36.52144],[-121.94083,36.52144]],[[-121.93634,36.52144],[-121.93634,36.52144]],[[-121.98928,36.52144],[-121.98928,36.52144]],[[-121.95375,36.52144],[-121.95375,36.52144]],[[-121.95361,36.52133],[-121.95347,36.52133],[-121.95361,36.52133]],[[-121.94168,36.52144],[-121.94168,36.52144]],[[-121.95389,36.52133],[-121.95389,36.52133]],[[-121.95347,36.52133],[-121.95347,36.52133]],[[-121.95333,36.52122],[-121.95333,36.52122]],[[-121.93634,36.52133],[-121.93634,36.52133]],[[-121.9494,36.52122],[-121.9494,36.52122]],[[-121.93648,36.5211],[-121.93648,36.5211]],[[-121.94224,36.52099],[-121.94224,36.52099]],[[-121.93676,36.52099],[-121.93676,36.52099]],[[-121.9376,36.52076],[-121.9376,36.52076]],[[-121.9442,36.52076],[-121.9442,36.52076]],[[-121.94322,36.52076],[-121.94322,36.52076]],[[-121.94238,36.52076],[-121.94238,36.52076]],[[-121.94336,36.52065],[-121.94336,36.52065]],[[-121.93746,36.52054],[-121.93746,36.52054]],[[-121.9515,36.52054],[-121.9515,36.52054]],[[-121.93718,36.52043],[-121.93718,36.52043]],[[-121.93704,36.52031],[-121.93704,36.52031]],[[-121.9369,36.5202],[-121.9369,36.5202]],[[-121.93676,36.52009],[-121.93676,36.52009]],[[-121.93676,36.51997],[-121.93676,36.51997]],[[-121.98703,36.51986],[-121.98703,36.51986]],[[-121.9369,36.51986],[-121.9369,36.51986]],[[-121.98689,36.51975],[-121.98689,36.51975]],[[-121.93718,36.51964],[-121.93718,36.51964]],[[-121.95122,36.51964],[-121.95122,36.51964]],[[-121.95361,36.51952],[-121.95361,36.51952]],[[-121.95319,36.51952],[-121.95319,36.51952]],[[-121.93718,36.51952],[-121.93718,36.51952]],[[-121.95136,36.51941],[-121.95136,36.51941]],[[-121.93732,36.51941],[-121.93732,36.51941]],[[-121.95361,36.5193],[-121.95361,36.5193]],[[-121.9515,36.5193],[-121.9515,36.5193]],[[-121.93746,36.5193],[-121.93746,36.5193]],[[-121.98113,36.51918],[-121.98113,36.51918]],[[-121.95389,36.51918],[-121.95389,36.51918]],[[-121.95291,36.51918],[-121.95291,36.51918]],[[-121.9376,36.51918],[-121.9376,36.51918]],[[-121.95277,36.51907],[-121.95277,36.51907]],[[-121.95165,36.51907],[-121.95165,36.51907]],[[-121.93788,36.51907],[-121.93788,36.51907]],[[-121.95403,36.51896],[-121.95403,36.51896]],[[-121.95263,36.51896],[-121.95263,36.51896]],[[-121.95179,36.51896],[-121.95179,36.51896]],[[-121.93831,36.51896],[-121.93831,36.51896]],[[-121.95305,36.51794],[-121.95305,36.51794]],[[-121.95207,36.51749],[-121.95207,36.51749]],[[-121.98492,36.51727],[-121.98492,36.51727]],[[-121.95221,36.51727],[-121.95221,36.51727]],[[-121.95235,36.51715],[-121.95235,36.51715]],[[-121.9494,36.51704],[-121.9494,36.51704]],[[-121.94954,36.51693],[-121.94954,36.51693]],[[-121.95179,36.51682],[-121.95179,36.51682]],[[-121.94982,36.5167],[-121.94982,36.5167]],[[-121.94448,36.51264],[-121.94448,36.51264]],[[-121.9442,36.51264],[-121.9442,36.51264]],[[-121.94406,36.51253],[-121.94406,36.51253]],[[-121.94378,36.51241],[-121.94378,36.51241]],[[-121.9421,36.51174],[-121.9421,36.51174]],[[-121.94196,36.51151],[-121.94196,36.51151]],[[-121.94168,36.51083],[-121.94168,36.51083]],[[-121.94168,36.51038],[-121.94168,36.51038]],[[-121.94182,36.51027],[-121.94182,36.51027]],[[-121.94196,36.50993],[-121.94196,36.50993]],[[-121.94238,36.50982],[-121.94238,36.50982]],[[-121.94252,36.50914],[-121.94252,36.50914]],[[-121.94224,36.50914],[-121.94224,36.50914]],[[-121.94196,36.50914],[-121.94196,36.50914]],[[-121.94069,36.50801],[-121.94069,36.50801]],[[-121.94168,36.5079],[-121.94168,36.5079]],[[-121.94154,36.5079],[-121.94154,36.5079]],[[-121.94139,36.50779],[-121.94111,36.50756],[-121.94139,36.50779]],[[-121.94097,36.5079],[-121.94097,36.5079]],[[-121.94083,36.5079],[-121.94083,36.5079]],[[-121.94125,36.50767],[-121.94125,36.50767]],[[-121.9435,36.50756],[-121.9442,36.507],[-121.94378,36.50632],[-121.9435,36.50621],[-121.94336,36.50632],[-121.94294,36.50598],[-121.9428,36.50609],[-121.9428,36.50711],[-121.9435,36.50756]],[[-121.94238,36.50756],[-121.94238,36.50756]],[[-121.94111,36.50756],[-121.94111,36.50756]],[[-121.94364,36.50745],[-121.94364,36.50745]],[[-121.94336,36.50745],[-121.94336,36.50745]],[[-121.94224,36.50745],[-121.94224,36.50745]],[[-121.9421,36.50745],[-121.9421,36.50745]],[[-121.94392,36.50734],[-121.94392,36.50734]],[[-121.94308,36.50734],[-121.94308,36.50734]],[[-121.94294,36.50722],[-121.94294,36.50722]],[[-121.94182,36.50711],[-121.94139,36.50711],[-121.94139,36.507],[-121.94182,36.50711]],[[-121.94406,36.50711],[-121.94406,36.50711]],[[-121.94224,36.50711],[-121.94224,36.50711]],[[-121.94168,36.507],[-121.94168,36.507]],[[-121.94139,36.507],[-121.94139,36.507]],[[-121.94055,36.507],[-121.94055,36.507]],[[-121.93873,36.50621],[-121.93873,36.50621]],[[-121.93887,36.50609],[-121.93887,36.50609]],[[-121.93901,36.50598],[-121.93901,36.50598]],[[-121.93802,36.50485],[-121.93802,36.50485]],[[-121.93817,36.50463],[-121.93817,36.50463]],[[-121.93831,36.50451],[-121.93831,36.50451]],[[-121.93845,36.5044],[-121.93845,36.5044]],[[-121.93873,36.50429],[-121.93873,36.50429]],[[-121.93929,36.50372],[-121.93929,36.50372]],[[-121.93887,36.50372],[-121.93887,36.50372]],[[-121.93887,36.50316],[-121.93887,36.50316]],[[-121.93999,36.50192],[-121.93999,36.50192]],[[-121.93943,36.50158],[-121.93943,36.50158]],[[-121.93929,36.50147],[-121.93929,36.50147]],[[-121.93915,36.50147],[-121.93915,36.50147]],[[-121.93873,36.50147],[-121.93873,36.50147]],[[-121.93859,36.50135],[-121.93859,36.50135]],[[-121.94027,36.50102],[-121.94027,36.50102]],[[-121.94041,36.5009],[-121.94041,36.5009]],[[-121.93662,36.49831],[-121.93662,36.49831]],[[-121.93676,36.49797],[-121.93676,36.49797]],[[-121.93704,36.49786],[-121.93704,36.49786]],[[-121.93718,36.49774],[-121.93718,36.49774]],[[-121.93746,36.49763],[-121.93746,36.49763]],[[-121.93774,36.49752],[-121.93774,36.49752]],[[-121.93845,36.49741],[-121.93845,36.49741]],[[-121.93915,36.49684],[-121.93915,36.49684]],[[-121.93929,36.49673],[-121.93929,36.49673]],[[-121.93971,36.49662],[-121.93971,36.49662]],[[-121.93999,36.4965],[-121.93999,36.4965]],[[-121.94013,36.49639],[-121.94013,36.49639]],[[-121.94097,36.49526],[-121.94097,36.49526]],[[-121.94041,36.49526],[-121.94041,36.49526]],[[-121.94027,36.49515],[-121.94027,36.49515]],[[-121.93999,36.49504],[-121.93999,36.49504]],[[-121.93985,36.49504],[-121.93985,36.49504]],[[-121.94111,36.49458],[-121.94111,36.49458]],[[-121.94125,36.49447],[-121.94125,36.49447]],[[-121.94154,36.49436],[-121.94154,36.49436]],[[-121.94168,36.49425],[-121.94168,36.49425]],[[-121.94182,36.49413],[-121.94182,36.49413]],[[-121.94196,36.49391],[-121.94196,36.49391]],[[-121.9421,36.49368],[-121.9421,36.49368]],[[-121.94252,36.49334],[-121.94252,36.49334]],[[-121.94224,36.49334],[-121.94224,36.49334]],[[-121.94462,36.49323],[-121.94462,36.49323]],[[-121.9442,36.49323],[-121.9442,36.49323]],[[-121.9428,36.49323],[-121.9428,36.49323]],[[-121.94406,36.49312],[-121.94406,36.49312]],[[-121.94322,36.49312],[-121.94322,36.49312]],[[-121.94294,36.49312],[-121.94294,36.49312]],[[-121.94392,36.493],[-121.94392,36.493]],[[-121.94336,36.493],[-121.94336,36.493]],[[-121.9435,36.49289],[-121.9435,36.49289]],[[-121.94476,36.49255],[-121.94476,36.49255]],[[-121.94462,36.49233],[-121.94462,36.49233]],[[-121.94505,36.49233],[-121.94505,36.49233]],[[-121.94462,36.49165],[-121.94462,36.49165]],[[-121.94476,36.49154],[-121.94476,36.49154]],[[-121.94491,36.49142],[-121.94491,36.49142]],[[-121.94519,36.49131],[-121.94519,36.49131]],[[-121.94547,36.4912],[-121.94547,36.4912]],[[-121.94561,36.49109],[-121.94561,36.49109]]]},"properties":{"depth_m":400}},{"type":"Feature","geometry":{"type":"MultiLineString","coordinates":[[[-121.99106,36.54503],[-121.99124,36.5448],[-121.99126,36.54367],[-121.99018,36.54119],[-121.99024,36.54074],[-121.98945,36.54017],[-121.98928,36.53966],[-121.98882,36.53916],[-121.98832,36.53893],[-121.987,36.5378],[-121.98661,36.53772],[-121.98623,36.53713],[-121.9852,36.53647],[-121.98408,36.53659],[-121.98338,36.53617],[-121.9824,36.53595],[-121.98113,36.53593],[-121.98029,36.53555],[-121.97942,36.53622],[-121.97887,36.53735],[-121.9788,36.5378],[-121.97931,36.53848],[-121.97922,36.53871],[-121.97889,36.53896],[-121.97748,36.53942],[-121.97678,36.53992],[-121.97467,36.54031],[-121.97369,36.53928],[-121.97224,36.53905],[-121.97158,36.53821],[-121.97004,36.53867],[-121.96864,36.53952],[-121.96845,36.5395],[-121.96832,36.53848],[-121.9673,36.53792],[-121.96725,36.53769],[-121.96745,36.53747],[-121.96736,36.53724],[-121.96386,36.53685],[-121.96204,36.53617],[-121.96047,36.53543],[-121.95968,36.53487],[-121.95949,36.53408],[-121.95965,36.53388],[-121.9626,36.53362],[-121.96498,36.53289],[-121.96681,36.53269],[-121.96807,36.53282],[-121.96962,36.53321],[-121.96985,36.53307],[-121.96994,36.53261],[-121.97018,36.53246],[-121.97116,36.5325],[-121.97439,36.53135],[-121.9761,36.53002],[-121.97654,36.52923],[-121.97706,36.52913],[-121.9781,36.52844],[-121.97931,36.52843],[-121.97987,36.52782],[-121.98029,36.52787],[-121.98127,36.52837],[-121.98405,36.52787],[-121.98487,36.52675],[-121.98451,36.52584],[-121.98475,36.52471],[-121.98402,36.52347],[-121.98327,36.52268],[-121.9822,36.51986],[-121.98221,36.51964],[-121.98267,36.51918],[-121.98265,36.51896],[-121.98169,36.51772],[-121.98183,36.51748],[-121.98245,36.51715],[-121.98268,36.51666],[-121.98296,36.51646],[-121.98352,36.51666],[-121.98534,36.5184],[-121.98566,36.5193],[-121.98845,36.5211],[-121.99082,36.52392],[-121.99207,36.52449],[-121.99221,36.5246],[-121.99223,36.52505],[-121.99265,36.52533],[-121.99313,36.52539],[-121.99338,36.52596],[-121.99363,36.52612]],[[-121.93171,36.54503],[-121.93213,36.54469],[-121.93297,36.54446],[-121.93367,36.5448],[-121.93381,36.54469],[-121.93367,36.54446],[-121.93339,36.54458],[-121.93381,36.54379],[-121.93381,36.54345],[-121.93325,36.543],[-121.93325,36.54209],[-121.93297,36.54164],[-121.93325,36.54142],[-121.93325,36.54096],[-121.93283,36.54051],[-121.93297,36.53995],[-121.93255,36.53984],[-121.93255,36.5395],[-121.93269,36.53938],[-121.93255,36.53927],[-121.93185,36.53927],[-121.93086,36.53961],[-121.93044,36.53938],[-121.92904,36.5378],[-121.92862,36.53701],[-121.92862,36.53622],[-121.92848,36.53611],[-121.9282,36.53386],[-121.92777,36.53329],[-121.92693,36.53273],[-121.92679,36.53228],[-121.92693,36.53149],[-121.92637,36.53103]],[[-121.93185,36.54491],[-121.93185,36.54491]],[[-121.93199,36.5448],[-121.93199,36.5448]],[[-121.93353,36.54469],[-121.93353,36.54469]],[[-121.93213,36.54469],[-121.93213,36.54469]],[[-121.93241,36.54458],[-121.93241,36.54458]],[[-121.93311,36.54446],[-121.93311,36.54446]],[[-121.93297,36.54446],[-121.93297,36.54446]],[[-121.93353,36.54412],[-121.93353,36.54412]],[[-121.93367,36.5439],[-121.93367,36.5439]],[[-121.93297,36.54164],[-121.93297,36.54164]],[[-121.93311,36.54153],[-121.93311,36.54153]],[[-121.93283,36.54029],[-121.93283,36.54029]],[[-121.93255,36.5395],[-121.93255,36.5395]],[[-121.97931,36.53848],[-121.97931,36.53848]],[[-121.92679,36.53194],[-121.92679,36.53194]],[[-121.97481,36.53092],[-121.97481,36.53092]],[[-121.97734,36.52889],[-121.97734,36.52889]],[[-121.98183,36.52821],[-121.98183,36.52821]],[[-121.92637,36.52426],[-121.92749,36.52313],[-121.92848,36.52268],[-121.92946,36.5228],[-121.9296,36.52291],[-121.9296,36.52325],[-121.9303,36.5237],[-121.93157,36.52347],[-121.93185,36.5237],[-121.93241,36.52336],[-121.93367,36.52347],[-121.93381,36.52336],[-121.93353,36.52313],[-121.93353,36.52291],[-121.93409,36.52234],[-121.93522,36.52246],[-121.9355,36.52291],[-121.93578,36.52291],[-121.93578,36.52313],[-121.93606,36.52347],[-121.93648,36.52336],[-121.93662,36.52359],[-121.93718,36.52347],[-121.93732,36.52325],[-121.93718,36.52313],[-121.93746,36.52302],[-121.93732,36.52313],[-121.93746,36.52325],[-121.9376,36.52313],[-121.93746,36.52325],[-121.9376,36.52336],[-121.93774,36.52325],[-121.93732,36.5228],[-121.93746,36.52268],[-121.93774,36.52291],[-121.93802,36.52268],[-121.93732,36.52212],[-121.9376,36.52201],[-121.93732,36.52178],[-121.93676,36.52167],[-121.93662,36.52189],[-121.93634,36.52144],[-121.93648,36.5211],[-121.93676,36.52099],[-121.93704,36.52099],[-121.93718,36.52133],[-121.9376,36.52144],[-121.93774,36.52133],[-121.9376,36.52065],[-121.93676,36.51997],[-121.93732,36.51986],[-121.93718,36.51952],[-121.9376,36.51918],[-121.93831,36.51896],[-121.93915,36.51896],[-121.94013,36.51918],[-121.94083,36.51964],[-121.94069,36.5202],[-121.93999,36.52076],[-121.93985,36.5211],[-121.94055,36.52144],[-121.94055,36.52178],[-121.94069,36.52189],[-121.94097,36.52201],[-121.94111,36.52189],[-121.94097,36.52201],[-121.94111,36.52223],[-121.94125,36.52201],[-121.94097,36.52155],[-121.94139,36.52167],[-121.94168,36.52144],[-121.9421,36.52178],[-121.94238,36.52167],[-121.94224,36.5211],[-121.94238,36.52076],[-121.94308,36.52088],[-121.94336,36.52065],[-121.94406,36.52099],[-121.9442,36.52076],[-121.94448,36.52076],[-121.94476,36.52099],[-121.94462,36.52122],[-121.94476,36.52144],[-121.94448,36.52167],[-121.94434,36.52155],[-121.9442,36.52167],[-121.94434,36.52178],[-121.94448,36.52167],[-121.94434,36.52189],[-121.94505,36.52234],[-121.94561,36.52234],[-121.94561,36.52257],[-121.94589,36.52291],[-121.94617,36.52291],[-121.94645,36.52313],[-121.94659,36.52302],[-121.94687,36.52336],[-121.94701,36.52325],[-121.94813,36.52404],[-121.94856,36.5237],[-121.94856,36.52291],[-121.94828,36.52268],[-121.94828,36.52234],[-121.9487,36.52234],[-121.94898,36.52268],[-121.9494,36.52257],[-121.94912,36.52268],[-121.94926,36.52291],[-121.94954,36.52268],[-121.9494,36.52257],[-121.94954,36.52223],[-121.9494,36.52122],[-121.94968,36.52122],[-121.95122,36.52268],[-121.95249,36.52347],[-121.95249,36.5237],[-121.95291,36.52404],[-121.95333,36.52392],[-121.95319,36.5237],[-121.95333,36.52347],[-121.95305,36.52325],[-121.95319,36.52302],[-121.95347,36.52336],[-121.95361,36.52325],[-121.95347,36.52336],[-121.95361,36.52347],[-121.95375,36.52336],[-121.95403,36.52359],[-121.95431,36.52415],[-121.95473,36.52438],[-121.95487,36.52426],[-121.95487,36.52404],[-121.95459,36.52381],[-121.95487,36.5237],[-121.95375,36.5228],[-121.95333,36.52268],[-121.95361,36.52246],[-121.95431,36.5228],[-121.95459,36.52246],[-121.95417,36.52167],[-121.95375,36.52144],[-121.95403,36.52122],[-121.95249,36.52043],[-121.9515,36.52054],[-121.95179,36.52043],[-121.95179,36.52009],[-121.9515,36.51975],[-121.95122,36.51975],[-121.95179,36.51896],[-121.95263,36.51896],[-121.95291,36.51918],[-121.95291,36.51941],[-121.95333,36.51964],[-121.95375,36.51941],[-121.95361,36.5193],[-121.95403,36.51896],[-121.95445,36.51907],[-121.95459,36.51885],[-121.95417,36.51794],[-121.95361,36.51749],[-121.95319,36.51749],[-121.95291,36.51783],[-121.95305,36.51794],[-121.95305,36.51828],[-121.95235,36.51817],[-121.95235,36.51772],[-121.95207,36.51749],[-121.95249,36.51704],[-121.95179,36.51648],[-121.95165,36.5167],[-121.95179,36.51682],[-121.95165,36.51682],[-121.95094,36.51636],[-121.95052,36.51715],[-121.95024,36.51704],[-121.94996,36.51715],[-121.94968,36.51693],[-121.9494,36.51704],[-121.94982,36.51682],[-121.94996,36.51636],[-121.94954,36.51614],[-121.94954,36.51569],[-121.94926,36.51546],[-121.94884,36.5158],[-121.94884,36.51557],[-121.94813,36.5149],[-121.94799,36.51399],[-121.94771,36.51377],[-121.94757,36.51411],[-121.94729,36.51343],[-121.94687,36.51354],[-121.94659,36.5132],[-121.94575,36.5132],[-121.94561,36.51354],[-121.94561,36.51298],[-121.94533,36.51275],[-121.94505,36.51275],[-121.9442,36.5132],[-121.94378,36.51298],[-121.94378,36.51241],[-121.94434,36.51275],[-121.94462,36.51253],[-121.94364,36.51185],[-121.94322,36.51196],[-121.94294,36.51174],[-121.94252,36.51174],[-121.94224,36.51196],[-121.9421,36.51185],[-121.94238,36.51162],[-121.94196,36.51151],[-121.94252,36.5114],[-121.94168,36.51129],[-121.94168,36.51083],[-121.94196,36.51061],[-121.94168,36.51038],[-121.94196,36.51016],[-121.94196,36.50993],[-121.94238,36.51004],[-121.94252,36.50993],[-121.94238,36.50982],[-121.94266,36.50971],[-121.94224,36.50959],[-121.94224,36.50937],[-121.94196,36.50914],[-121.94238,36.50925],[-121.94266,36.50903],[-121.94224,36.50858],[-121.94196,36.5088],[-121.94154,36.50835],[-121.94111,36.50846],[-121.94097,36.50824],[-121.94069,36.50824],[-121.94069,36.50801],[-121.94097,36.5079],[-121.9421,36.50801],[-121.94224,36.5079],[-121.94224,36.50756],[-121.9421,36.50745],[-121.94252,36.50767],[-121.94266,36.50756],[-121.94224,36.50711],[-121.94238,36.50688],[-121.94182,36.50643],[-121.94125,36.50688],[-121.94111,36.50666],[-121.94055,36.50677],[-121.94041,36.50688],[-121.94055,36.50711],[-121.94013,36.50688],[-121.93943,36.507],[-121.93873,36.50632],[-121.93915,36.50587],[-121.93915,36.50564],[-121.93859,36.50553],[-121.93859,36.5053],[-121.93802,36.50485],[-121.93845,36.5044],[-121.93901,36.50418],[-121.93887,36.50372],[-121.93915,36.50384],[-121.93943,36.50361],[-121.93943,36.50339],[-121.93915,36.50316],[-121.93887,36.50327],[-121.93901,36.50282],[-121.93873,36.50237],[-121.93859,36.50135],[-121.93887,36.50158],[-121.93929,36.50147],[-121.93957,36.50203],[-121.94013,36.50192],[-121.94027,36.50181],[-121.94027,36.50102],[-121.94055,36.50079],[-121.94055,36.50023],[-121.93985,36.49955],[-121.93943,36.49966],[-121.93929,36.49944],[-121.93915,36.49955],[-121.93887,36.4991],[-121.93817,36.49876],[-121.93788,36.49876],[-121.9376,36.4991],[-121.9376,36.49932],[-121.93746,36.49932],[-121.93718,36.49887],[-121.93662,36.49865],[-121.93676,36.49797],[-121.93774,36.49752],[-121.93915,36.49729],[-121.93915,36.49684],[-121.93985,36.49662],[-121.94027,36.49628],[-121.94013,36.49549],[-121.93985,36.49504],[-121.94083,36.49537],[-121.94111,36.49515],[-121.94111,36.49458],[-121.94196,36.49402],[-121.94224,36.49334],[-121.94266,36.49346],[-121.94294,36.49312],[-121.94294,36.49346],[-121.94308,36.49357],[-121.94322,36.49346],[-121.94322,36.49312],[-121.9435,36.49289],[-121.94448,36.49334],[-121.94476,36.49312],[-121.94476,36.49255],[-121.94519,36.49221],[-121.94462,36.49165],[-121.94575,36.49097]],[[-121.9911,36.52415],[-121.9911,36.52415]],[[-121.92651,36.52415],[-121.92651,36.52415]],[[-121.99096,36.52404],[-121.99096,36.52404]],[[-121.92665,36.52392],[-121.92665,36.52392]],[[-121.95459,36.52381],[-121.95459,36.52381]],[[-121.95319,36.5237],[-121.95319,36.5237]],[[-121.94828,36.52381],[-121.94828,36.52381]],[[-121.92679,36.52381],[-121.92679,36.52381]],[[-121.92693,36.5237],[-121.92693,36.5237]],[[-121.93199,36.52359],[-121.93199,36.52359]],[[-121.93072,36.52359],[-121.93072,36.52359]],[[-121.95319,36.52336],[-121.95319,36.52336]],[[-121.93676,36.52347],[-121.93676,36.52347]],[[-121.93213,36.52347],[-121.93213,36.52347]],[[-121.93114,36.52347],[-121.93114,36.52347]],[[-121.92707,36.52347],[-121.92707,36.52347]],[[-121.9904,36.52336],[-121.9904,36.52336]],[[-121.95375,36.52336],[-121.95375,36.52336]],[[-121.95305,36.52325],[-121.95277,36.52313],[-121.95305,36.52325]],[[-121.93634,36.52336],[-121.93634,36.52336]],[[-121.93367,36.52325],[-121.93367,36.52325]],[[-121.93241,36.52336],[-121.93241,36.52336]],[[-121.92721,36.52336],[-121.92721,36.52336]],[[-121.95361,36.52325],[-121.95361,36.52313],[-121.95361,36.52325]],[[-121.94701,36.52325],[-121.94701,36.52325]],[[-121.93718,36.52313],[-121.93718,36.52313]],[[-121.93353,36.52313],[-121.93353,36.52313]],[[-121.92735,36.52325],[-121.92735,36.52325]],[[-121.95361,36.52313],[-121.95361,36.52313]],[[-121.95291,36.52313],[-121.95291,36.52313]],[[-121.95277,36.52313],[-121.95277,36.52313]],[[-121.95263,36.52302],[-121.95263,36.52302]],[[-121.92749,36.52313],[-121.92749,36.52313]],[[-121.95319,36.52302],[-121.95319,36.52302]],[[-121.95249,36.52291],[-121.95249,36.52291]],[[-121.94659,36.52302],[-121.94659,36.52302]],[[-121.92777,36.52302],[-121.92777,36.52302]],[[-121.94842,36.5228],[-121.94842,36.5228]],[[-121.93732,36.5228],[-121.93732,36.5228]],[[-121.93353,36.52291],[-121.93353,36.52291]],[[-121.92792,36.52291],[-121.92792,36.52291]],[[-121.9494,36.5228],[-121.9494,36.5228]],[[-121.94828,36.52268],[-121.94828,36.52268]],[[-121.93788,36.5228],[-121.93788,36.5228]],[[-121.9282,36.5228],[-121.9282,36.5228]],[[-121.95417,36.52268],[-121.95417,36.52268]],[[-121.95333,36.52268],[-121.95333,36.52268]],[[-121.95319,36.52257],[-121.95319,36.52257]],[[-121.93788,36.52257],[-121.93788,36.52257]],[[-121.93746,36.52268],[-121.93746,36.52268]],[[-121.93367,36.52268],[-121.93367,36.52268]],[[-121.92848,36.52268],[-121.92848,36.52268]],[[-121.95445,36.52257],[-121.95445,36.52257]],[[-121.95389,36.52257],[-121.95389,36.52257]],[[-121.95291,36.52246],[-121.95291,36.52246]],[[-121.94926,36.52257],[-121.94926,36.52257]],[[-121.93774,36.52246],[-121.93774,36.52246]],[[-121.93381,36.52257],[-121.93381,36.52257]],[[-121.95361,36.52246],[-121.95361,36.52246]],[[-121.95347,36.52246],[-121.95347,36.52246]],[[-121.9376,36.52234],[-121.9376,36.52234]],[[-121.93395,36.52246],[-121.93395,36.52246]],[[-121.94828,36.52234],[-121.94828,36.52234]],[[-121.93746,36.52223],[-121.93746,36.52223]],[[-121.93409,36.52234],[-121.93409,36.52234]],[[-121.93732,36.52212],[-121.93732,36.52212]],[[-121.93704,36.52201],[-121.93704,36.52201]],[[-121.93746,36.52189],[-121.93746,36.52189]],[[-121.9369,36.52178],[-121.9369,36.52178]],[[-121.989,36.52178],[-121.989,36.52178]],[[-121.94097,36.52167],[-121.94097,36.52167]],[[-121.93648,36.52167],[-121.93648,36.52167]],[[-121.9494,36.52155],[-121.9494,36.52155]],[[-121.94224,36.52144],[-121.94224,36.52144]],[[-121.94154,36.52155],[-121.94154,36.52155]],[[-121.94097,36.52155],[-121.94097,36.52155]],[[-121.94083,36.52144],[-121.94083,36.52144]],[[-121.93634,36.52144],[-121.93634,36.52144]],[[-121.95375,36.52144],[-121.95375,36.52144]],[[-121.95361,36.52133],[-121.95347,36.52133],[-121.95361,36.52133]],[[-121.94168,36.52144],[-121.94168,36.52144]],[[-121.95389,36.52133],[-121.95389,36.52133]],[[-121.95347,36.52133],[-121.95347,36.52133]],[[-121.95333,36.52122],[-121.95333,36.52122]],[[-121.93634,36.52133],[-121.93634,36.52133]],[[-121.9494,36.52122],[-121.9494,36.52122]],[[-121.93648,36.5211],[-121.93648,36.5211]],[[-121.94224,36.52099],[-121.94224,36.52099]],[[-121.93676,36.52099],[-121.93676,36.52099]],[[-121.9376,36.52076],[-121.9376,36.52076]],[[-121.9442,36.52076],[-121.9442,36.52076]],[[-121.94322,36.52076],[-121.94322,36.52076]],[[-121.94238,36.52076],[-121.94238,36.52076]],[[-121.94336,36.52065],[-121.94336,36.52065]],[[-121.93746,36.52054],[-121.93746,36.52054]],[[-121.9515,36.52054],[-121.9515,36.52054]],[[-121.93718,36.52043],[-121.93718,36.52043]],[[-121.93704,36.52031],[-121.93704,36.52031]],[[-121.9369,36.5202],[-121.9369,36.5202]],[[-121.93676,36.52009],[-121.93676,36.52009]],[[-121.93676,36.51997],[-121.93676,36.51997]],[[-121.9369,36.51986],[-121.9369,36.51986]],[[-121.93718,36.51964],[-121.93718,36.51964]],[[-121.95122,36.51964],[-121.95122,36.51964]],[[-121.95361,36.51952],[-121.95361,36.51952]],[[-121.95319,36.51952],[-121.95319,36.51952]],[[-121.93718,36.51952],[-121.93718,36.51952]],[[-121.95136,36.51941],[-121.95136,36.51941]],[[-121.93732,36.51941],[-121.93732,36.51941]],[[-121.95361,36.5193],[-121.95361,36.5193]],[[-121.9515,36.5193],[-121.9515,36.5193]],[[-121.93746,36.5193],[-121.93746,36.5193]],[[-121.95389,36.51918],[-121.95389,36.51918]],[[-121.95291,36.51918],[-121.95291,36.51918]],[[-121.9376,36.51918],[-121.9376,36.51918]],[[-121.95277,36.51907],[-121.95277,36.51907]],[[-121.95165,36.51907],[-121.95165,36.51907]],[[-121.93788,36.51907],[-121.93788,36.51907]],[[-121.95403,36.51896],[-121.95403,36.51896]],[[-121.95263,36.51896],[-121.95263,36.51896]],[[-121.95179,36.51896],[-121.95179,36.51896]],[[-121.93831,36.51896],[-121.93831,36.51896]],[[-121.98549,36.51873],[-121.98549,36.51873]],[[-121.98506,36.51817],[-121.98506,36.51817]],[[-121.95305,36.51794],[-121.95305,36.51794]],[[-121.95207,36.51749],[-121.95207,36.51749]],[[-121.95221,36.51727],[-121.95221,36.51727]],[[-121.95235,36.51715],[-121.95235,36.51715]],[[-121.9494,36.51704],[-121.9494,36.51704]],[[-121.94954,36.51693],[-121.94954,36.51693]],[[-121.95179,36.51682],[-121.95179,36.51682]],[[-121.94982,36.5167],[-121.94982,36.5167]],[[-121.94448,36.51264],[-121.94448,36.51264]],[[-121.9442,36.51264],[-121.9442,36.51264]],[[-121.94406,36.51253],[-121.94406,36.51253]],[[-121.94378,36.51241],[-121.94378,36.51241]],[[-121.9421,36.51174],[-121.9421,36.51174]],[[-121.94196,36.51151],[-121.94196,36.51151]],[[-121.94168,36.51083],[-121.94168,36.51083]],[[-121.94168,36.51038],[-121.94168,36.51038]],[[-121.94182,36.51027],[-121.94182,36.51027]],[[-121.94196,36.50993],[-121.94196,36.50993]],[[-121.94238,36.50982],[-121.94238,36.50982]],[[-121.94252,36.50914],[-121.94252,36.50914]],[[-121.94224,36.50914],[-121.94224,36.50914]],[[-121.94196,36.50914],[-121.94196,36.50914]],[[-121.94069,36.50801],[-121.94069,36.50801]],[[-121.94168,36.5079],[-121.94168,36.5079]],[[-121.94154,36.5079],[-121.94154,36.5079]],[[-121.94139,36.50779],[-121.94111,36.50756],[-121.94139,36.50779]],[[-121.94097,36.5079],[-121.94097,36.5079]],[[-121.94083,36.5079],[-121.94083,36.5079]],[[-121.94125,36.50767],[-121.94125,36.50767]],[[-121.9435,36.50756],[-121.9442,36.507],[-121.94378,36.50632],[-121.9435,36.50621],[-121.94336,36.50632],[-121.94294,36.50598],[-121.9428,36.50609],[-121.9428,36.50711],[-121.9435,36.50756]],[[-121.94238,36.50756],[-121.94238,36.50756]],[[-121.94111,36.50756],[-121.94111,36.50756]],[[-121.94364,36.50745],[-121.94364,36.50745]],[[-121.94336,36.50745],[-121.94336,36.50745]],[[-121.94224,36.50745],[-121.94224,36.50745]],[[-121.9421,36.50745],[-121.9421,36.50745]],[[-121.94392,36.50734],[-121.94392,36.50734]],[[-121.94308,36.50734],[-121.94308,36.50734]],[[-121.94294,36.50722],[-121.94294,36.50722]],[[-121.94182,36.50711],[-121.94139,36.50711],[-121.94139,36.507],[-121.94182,36.50711]],[[-121.94406,36.50711],[-121.94406,36.50711]],[[-121.94224,36.50711],[-121.94224,36.50711]],[[-121.94168,36.507],[-121.94168,36.507]],[[-121.94139,36.507],[-121.94139,36.507]],[[-121.94055,36.507],[-121.94055,36.507]],[[-121.93873,36.50621],[-121.93873,36.50621]],[[-121.93887,36.50609],[-121.93887,36.50609]],[[-121.93901,36.50598],[-121.93901,36.50598]],[[-121.93802,36.50485],[-121.93802,36.50485]],[[-121.93817,36.50463],[-121.93817,36.50463]],[[-121.93831,36.50451],[-121.93831,36.50451]],[[-121.93845,36.5044],[-121.93845,36.5044]],[[-121.93873,36.50429],[-121.93873,36.50429]],[[-121.93929,36.50372],[-121.93929,36.50372]],[[-121.93887,36.50372],[-121.93887,36.50372]],[[-121.93887,36.50316],[-121.93887,36.50316]],[[-121.93999,36.50192],[-121.93999,36.50192]],[[-121.93943,36.50158],[-121.93943,36.50158]],[[-121.93929,36.50147],[-121.93929,36.50147]],[[-121.93915,36.50147],[-121.93915,36.50147]],[[-121.93873,36.50147],[-121.93873,36.50147]],[[-121.93859,36.50135],[-121.93859,36.50135]],[[-121.94027,36.50102],[-121.94027,36.50102]],[[-121.94041,36.5009],[-121.94041,36.5009]],[[-121.93662,36.49831],[-121.93662,36.49831]],[[-121.93676,36.49797],[-121.93676,36.49797]],[[-121.93704,36.49786],[-121.93704,36.49786]],[[-121.93718,36.49774],[-121.93718,36.49774]],[[-121.93746,36.49763],[-121.93746,36.49763]],[[-121.93774,36.49752],[-121.93774,36.49752]],[[-121.93845,36.49741],[-121.93845,36.49741]],[[-121.93915,36.49684],[-121.93915,36.49684]],[[-121.93929,36.49673],[-121.93929,36.49673]],[[-121.93971,36.49662],[-121.93971,36.49662]],[[-121.93999,36.4965],[-121.93999,36.4965]],[[-121.94013,36.49639],[-121.94013,36.49639]],[[-121.94097,36.49526],[-121.94097,36.49526]],[[-121.94041,36.49526],[-121.94041,36.49526]],[[-121.94027,36.49515],[-121.94027,36.49515]],[[-121.93999,36.49504],[-121.93999,36.49504]],[[-121.93985,36.49504],[-121.93985,36.49504]],[[-121.94111,36.49458],[-121.94111,36.49458]],[[-121.94125,36.49447],[-121.94125,36.49447]],[[-121.94154,36.49436],[-121.94154,36.49436]],[[-121.94168,36.49425],[-121.94168,36.49425]],[[-121.94182,36.49413],[-121.94182,36.49413]],[[-121.94196,36.49391],[-121.94196,36.49391]],[[-121.9421,36.49368],[-121.9421,36.49368]],[[-121.94252,36.49334],[-121.94252,36.49334]],[[-121.94224,36.49334],[-121.94224,36.49334]],[[-121.94462,36.49323],[-121.94462,36.49323]],[[-121.9442,36.49323],[-121.9442,36.49323]],[[-121.9428,36.49323],[-121.9428,36.49323]],[[-121.94406,36.49312],[-121.94406,36.49312]],[[-121.94322,36.49312],[-121.94322,36.49312]],[[-121.94294,36.49312],[-121.94294,36.49312]],[[-121.94392,36.493],[-121.94392,36.493]],[[-121.94336,36.493],[-121.94336,36.493]],[[-121.9435,36.49289],[-121.9435,36.49289]],[[-121.94476,36.49255],[-121.94476,36.49255]],[[-121.94462,36.49233],[-121.94462,36.49233]],[[-121.94505,36.49233],[-121.94505,36.49233]],[[-121.94462,36.49165],[-121.94462,36.49165]],[[-121.94476,36.49154],[-121.94476,36.49154]],[[-121.94491,36.49142],[-121.94491,36.49142]],[[-121.94519,36.49131],[-121.94519,36.49131]],[[-121.94547,36.4912],[-121.94547,36.4912]],[[-121.94561,36.49109],[-121.94561,36.49109]]]},"properties":{"depth_m":425}},{"type":"Feature","geometry":{"type":"MultiLineString","coordinates":[[[-121.99145,36.54503],[-121.99152,36.54345],[-121.99052,36.5413],[-121.99063,36.54074],[-121.9896,36.53995],[-121.98959,36.53938],[-121.98928,36.53902],[-121.98871,36.53881],[-121.98751,36.53792],[-121.98731,36.53761],[-121.98683,36.53747],[-121.98553,36.53622],[-121.98422,36.53626],[-121.9824,36.53561],[-121.98127,36.53566],[-121.98071,36.53527],[-121.98029,36.53519],[-121.97884,36.53645],[-121.97849,36.53747],[-121.97846,36.53827],[-121.9779,36.53865],[-121.97636,36.53876],[-121.97566,36.53904],[-121.97355,36.53825],[-121.97328,36.53803],[-121.97306,36.53735],[-121.97281,36.53713],[-121.97145,36.53713],[-121.97032,36.5376],[-121.96962,36.53766],[-121.96906,36.53703],[-121.96639,36.5368],[-121.96431,36.53634],[-121.96378,36.53611],[-121.96344,36.53565],[-121.96308,36.53566],[-121.96296,36.53532],[-121.96358,36.53483],[-121.96527,36.53455],[-121.96793,36.53376],[-121.96867,36.5334],[-121.97004,36.53346],[-121.97046,36.53315],[-121.97425,36.53203],[-121.97636,36.5304],[-121.97686,36.52979],[-121.97818,36.52886],[-121.97931,36.52876],[-121.98015,36.52836],[-121.98155,36.52861],[-121.98338,36.52823],[-121.98436,36.52831],[-121.9845,36.5282],[-121.98547,36.52686],[-121.98501,36.52562],[-121.98524,36.52483],[-121.9844,36.52336],[-121.98388,36.5228],[-121.98314,36.52043],[-121.98347,36.51941],[-121.98339,36.51851],[-121.98394,36.51816],[-121.98422,36.5182],[-121.98492,36.51873],[-121.9852,36.5192],[-121.98633,36.52028],[-121.98803,36.52133],[-121.99068,36.52435],[-121.99152,36.52485],[-121.99187,36.52539],[-121.99267,36.52573],[-121.99293,36.5262],[-121.99363,36.52665]],[[-121.93171,36.54503],[-121.93213,36.54469],[-121.93297,36.54446],[-121.93367,36.5448],[-121.93381,36.54469],[-121.93367,36.54446],[-121.93339,36.54458],[-121.93381,36.54379],[-121.93381,36.54345],[-121.93325,36.543],[-121.93325,36.54209],[-121.93297,36.54164],[-121.93325,36.54142],[-121.93325,36.54096],[-121.93283,36.54051],[-121.93297,36.53995],[-121.93255,36.53984],[-121.93255,36.5395],[-121.93269,36.53938],[-121.93255,36.53927],[-121.93185,36.53927],[-121.93086,36.53961],[-121.93044,36.53938],[-121.92904,36.5378],[-121.92862,36.53701],[-121.92862,36.53622],[-121.92848,36.53611],[-121.9282,36.53386],[-121.92777,36.53329],[-121.92693,36.53273],[-121.92679,36.53228],[-121.92693,36.53149],[-121.92637,36.53103]],[[-121.93185,36.54491],[-121.93185,36.54491]],[[-121.93199,36.5448],[-121.93199,36.5448]],[[-121.93353,36.54469],[-121.93353,36.54469]],[[-121.93213,36.54469],[-121.93213,36.54469]],[[-121.93241,36.54458],[-121.93241,36.54458]],[[-121.93311,36.54446],[-121.93311,36.54446]],[[-121.93297,36.54446],[-121.93297,36.54446]],[[-121.93353,36.54412],[-121.93353,36.54412]],[[-121.93367,36.5439],[-121.93367,36.5439]],[[-121.93297,36.54164],[-121.93297,36.54164]],[[-121.93311,36.54153],[-121.93311,36.54153]],[[-121.93283,36.54029],[-121.93283,36.54029]],[[-121.93255,36.5395],[-121.93255,36.5395]],[[-121.92679,36.53194],[-121.92679,36.53194]],[[-121.97467,36.53182],[-121.97467,36.53182]],[[-121.97481,36.53171],[-121.97481,36.53171]],[[-121.97495,36.5316],[-121.97495,36.5316]],[[-121.99321,36.52641],[-121.99321,36.52641]],[[-121.99208,36.5255],[-121.99208,36.5255]],[[-121.92637,36.52426],[-121.92749,36.52313],[-121.92848,36.52268],[-121.92946,36.5228],[-121.9296,36.52291],[-121.9296,36.52325],[-121.9303,36.5237],[-121.93157,36.52347],[-121.93185,36.5237],[-121.93241,36.52336],[-121.93367,36.52347],[-121.93381,36.52336],[-121.93353,36.52313],[-121.93353,36.52291],[-121.93409,36.52234],[-121.93522,36.52246],[-121.9355,36.52291],[-121.93578,36.52291],[-121.93578,36.52313],[-121.93606,36.52347],[-121.93648,36.52336],[-121.93662,36.52359],[-121.93718,36.52347],[-121.93732,36.52325],[-121.93718,36.52313],[-121.93746,36.52302],[-121.93732,36.52313],[-121.93746,36.52325],[-121.9376,36.52313],[-121.93746,36.52325],[-121.9376,36.52336],[-121.93774,36.52325],[-121.93732,36.5228],[-121.93746,36.52268],[-121.93774,36.52291],[-121.93802,36.52268],[-121.93732,36.52212],[-121.9376,36.52201],[-121.93732,36.52178],[-121.93676,36.52167],[-121.93662,36.52189],[-121.93634,36.52144],[-121.93648,36.5211],[-121.93676,36.52099],[-121.93704,36.52099],[-121.93718,36.52133],[-121.9376,36.52144],[-121.93774,36.52133],[-121.9376,36.52065],[-121.93676,36.51997],[-121.93732,36.51986],[-121.93718,36.51952],[-121.9376,36.51918],[-121.93831,36.51896],[-121.93915,36.51896],[-121.94013,36.51918],[-121.94083,36.51964],[-121.94069,36.5202],[-121.93999,36.52076],[-121.93985,36.5211],[-121.94055,36.52144],[-121.94055,36.52178],[-121.94069,36.52189],[-121.94097,36.52201],[-121.94111,36.52189],[-121.94097,36.52201],[-121.94111,36.52223],[-121.94125,36.52201],[-121.94097,36.52155],[-121.94139,36.52167],[-121.94168,36.52144],[-121.9421,36.52178],[-121.94238,36.52167],[-121.94224,36.5211],[-121.94238,36.52076],[-121.94308,36.52088],[-121.94336,36.52065],[-121.94406,36.52099],[-121.9442,36.52076],[-121.94448,36.52076],[-121.94476,36.52099],[-121.94462,36.52122],[-121.94476,36.52144],[-121.94448,36.52167],[-121.94434,36.52155],[-121.9442,36.52167],[-121.94434,36.52178],[-121.94448,36.52167],[-121.94434,36.52189],[-121.94505,36.52234],[-121.94561,36.52234],[-121.94561,36.52257],[-121.94589,36.52291],[-121.94617,36.52291],[-121.94645,36.52313],[-121.94659,36.52302],[-121.94687,36.52336],[-121.94701,36.52325],[-121.94813,36.52404],[-121.94856,36.5237],[-121.94856,36.52291],[-121.94828,36.52268],[-121.94828,36.52234],[-121.9487,36.52234],[-121.94898,36.52268],[-121.9494,36.52257],[-121.94912,36.52268],[-121.94926,36.52291],[-121.94954,36.52268],[-121.9494,36.52257],[-121.94954,36.52223],[-121.9494,36.52122],[-121.94968,36.52122],[-121.95122,36.52268],[-121.95249,36.52347],[-121.95249,36.5237],[-121.95291,36.52404],[-121.95333,36.52392],[-121.95319,36.5237],[-121.95333,36.52347],[-121.95305,36.52325],[-121.95319,36.52302],[-121.95347,36.52336],[-121.95361,36.52325],[-121.95347,36.52336],[-121.95361,36.52347],[-121.95375,36.52336],[-121.95403,36.52359],[-121.95431,36.52415],[-121.95473,36.52438],[-121.95487,36.52426],[-121.95487,36.52404],[-121.95459,36.52381],[-121.95487,36.5237],[-121.95375,36.5228],[-121.95333,36.52268],[-121.95361,36.52246],[-121.95431,36.5228],[-121.95459,36.52246],[-121.95417,36.52167],[-121.95375,36.52144],[-121.95403,36.52122],[-121.95249,36.52043],[-121.9515,36.52054],[-121.95179,36.52043],[-121.95179,36.52009],[-121.9515,36.51975],[-121.95122,36.51975],[-121.95179,36.51896],[-121.95263,36.51896],[-121.95291,36.51918],[-121.95291,36.51941],[-121.95333,36.51964],[-121.95375,36.51941],[-121.95361,36.5193],[-121.95403,36.51896],[-121.95445,36.51907],[-121.95459,36.51885],[-121.95417,36.51794],[-121.95361,36.51749],[-121.95319,36.51749],[-121.95291,36.51783],[-121.95305,36.51794],[-121.95305,36.51828],[-121.95235,36.51817],[-121.95235,36.51772],[-121.95207,36.51749],[-121.95249,36.51704],[-121.95179,36.51648],[-121.95165,36.5167],[-121.95179,36.51682],[-121.95165,36.51682],[-121.95094,36.51636],[-121.95052,36.51715],[-121.95024,36.51704],[-121.94996,36.51715],[-121.94968,36.51693],[-121.9494,36.51704],[-121.94982,36.51682],[-121.94996,36.51636],[-121.94954,36.51614],[-121.94954,36.51569],[-121.94926,36.51546],[-121.94884,36.5158],[-121.94884,36.51557],[-121.94813,36.5149],[-121.94799,36.51399],[-121.94771,36.51377],[-121.94757,36.51411],[-121.94729,36.51343],[-121.94687,36.51354],[-121.94659,36.5132],[-121.94575,36.5132],[-121.94561,36.51354],[-121.94561,36.51298],[-121.94533,36.51275],[-121.94505,36.51275],[-121.9442,36.5132],[-121.94378,36.51298],[-121.94378,36.51241],[-121.94434,36.51275],[-121.94462,36.51253],[-121.94364,36.51185],[-121.94322,36.51196],[-121.94294,36.51174],[-121.94252,36.51174],[-121.94224,36.51196],[-121.9421,36.51185],[-121.94238,36.51162],[-121.94196,36.51151],[-121.94252,36.5114],[-121.94168,36.51129],[-121.94168,36.51083],[-121.94196,36.51061],[-121.94168,36.51038],[-121.94196,36.51016],[-121.94196,36.50993],[-121.94238,36.51004],[-121.94252,36.50993],[-121.94238,36.50982],[-121.94266,36.50971],[-121.94224,36.50959],[-121.94224,36.50937],[-121.94196,36.50914],[-121.94238,36.50925],[-121.94266,36.50903],[-121.94224,36.50858],[-121.94196,36.5088],[-121.94154,36.50835],[-121.94111,36.50846],[-121.94097,36.50824],[-121.94069,36.50824],[-121.94069,36.50801],[-121.94097,36.5079],[-121.9421,36.50801],[-121.94224,36.5079],[-121.94224,36.50756],[-121.9421,36.50745],[-121.94252,36.50767],[-121.94266,36.50756],[-121.94224,36.50711],[-121.94238,36.50688],[-121.94182,36.50643],[-121.94125,36.50688],[-121.94111,36.50666],[-121.94055,36.50677],[-121.94041,36.50688],[-121.94055,36.50711],[-121.94013,36.50688],[-121.93943,36.507],[-121.93873,36.50632],[-121.93915,36.50587],[-121.93915,36.50564],[-121.93859,36.50553],[-121.93859,36.5053],[-121.93802,36.50485],[-121.93845,36.5044],[-121.93901,36.50418],[-121.93887,36.50372],[-121.93915,36.50384],[-121.93943,36.50361],[-121.93943,36.50339],[-121.93915,36.50316],[-121.93887,36.50327],[-121.93901,36.50282],[-121.93873,36.50237],[-121.93859,36.50135],[-121.93887,36.50158],[-121.93929,36.50147],[-121.93957,36.50203],[-121.94013,36.50192],[-121.94027,36.50181],[-121.94027,36.50102],[-121.94055,36.50079],[-121.94055,36.50023],[-121.93985,36.49955],[-121.93943,36.49966],[-121.93929,36.49944],[-121.93915,36.49955],[-121.93887,36.4991],[-121.93817,36.49876],[-121.93788,36.49876],[-121.9376,36.4991],[-121.9376,36.49932],[-121.93746,36.49932],[-121.93718,36.49887],[-121.93662,36.49865],[-121.93676,36.49797],[-121.93774,36.49752],[-121.93915,36.49729],[-121.93915,36.49684],[-121.93985,36.49662],[-121.94027,36.49628],[-121.94013,36.49549],[-121.93985,36.49504],[-121.94083,36.49537],[-121.94111,36.49515],[-121.94111,36.49458],[-121.94196,36.49402],[-121.94224,36.49334],[-121.94266,36.49346],[-121.94294,36.49312],[-121.94294,36.49346],[-121.94308,36.49357],[-121.94322,36.49346],[-121.94322,36.49312],[-121.9435,36.49289],[-121.94448,36.49334],[-121.94476,36.49312],[-121.94476,36.49255],[-121.94519,36.49221],[-121.94462,36.49165],[-121.94575,36.49097]],[[-121.92651,36.52415],[-121.92651,36.52415]],[[-121.92665,36.52392],[-121.92665,36.52392]],[[-121.95459,36.52381],[-121.95459,36.52381]],[[-121.95319,36.5237],[-121.95319,36.5237]],[[-121.94828,36.52381],[-121.94828,36.52381]],[[-121.92679,36.52381],[-121.92679,36.52381]],[[-121.92693,36.5237],[-121.92693,36.5237]],[[-121.93199,36.52359],[-121.93199,36.52359]],[[-121.93072,36.52359],[-121.93072,36.52359]],[[-121.95319,36.52336],[-121.95319,36.52336]],[[-121.93676,36.52347],[-121.93676,36.52347]],[[-121.93213,36.52347],[-121.93213,36.52347]],[[-121.93114,36.52347],[-121.93114,36.52347]],[[-121.92707,36.52347],[-121.92707,36.52347]],[[-121.95375,36.52336],[-121.95375,36.52336]],[[-121.95305,36.52325],[-121.95277,36.52313],[-121.95305,36.52325]],[[-121.93634,36.52336],[-121.93634,36.52336]],[[-121.93367,36.52325],[-121.93367,36.52325]],[[-121.93241,36.52336],[-121.93241,36.52336]],[[-121.92721,36.52336],[-121.92721,36.52336]],[[-121.95361,36.52325],[-121.95361,36.52313],[-121.95361,36.52325]],[[-121.94701,36.52325],[-121.94701,36.52325]],[[-121.93718,36.52313],[-121.93718,36.52313]],[[-121.93353,36.52313],[-121.93353,36.52313]],[[-121.92735,36.52325],[-121.92735,36.52325]],[[-121.95361,36.52313],[-121.95361,36.52313]],[[-121.95291,36.52313],[-121.95291,36.52313]],[[-121.95277,36.52313],[-121.95277,36.52313]],[[-121.95263,36.52302],[-121.95263,36.52302]],[[-121.92749,36.52313],[-121.92749,36.52313]],[[-121.95319,36.52302],[-121.95319,36.52302]],[[-121.95249,36.52291],[-121.95249,36.52291]],[[-121.94659,36.52302],[-121.94659,36.52302]],[[-121.92777,36.52302],[-121.92777,36.52302]],[[-121.94842,36.5228],[-121.94842,36.5228]],[[-121.93732,36.5228],[-121.93732,36.5228]],[[-121.93353,36.52291],[-121.93353,36.52291]],[[-121.92792,36.52291],[-121.92792,36.52291]],[[-121.9494,36.5228],[-121.9494,36.5228]],[[-121.94828,36.52268],[-121.94828,36.52268]],[[-121.93788,36.5228],[-121.93788,36.5228]],[[-121.9282,36.5228],[-121.9282,36.5228]],[[-121.95417,36.52268],[-121.95417,36.52268]],[[-121.95333,36.52268],[-121.95333,36.52268]],[[-121.95319,36.52257],[-121.95319,36.52257]],[[-121.93788,36.52257],[-121.93788,36.52257]],[[-121.93746,36.52268],[-121.93746,36.52268]],[[-121.93367,36.52268],[-121.93367,36.52268]],[[-121.92848,36.52268],[-121.92848,36.52268]],[[-121.95445,36.52257],[-121.95445,36.52257]],[[-121.95389,36.52257],[-121.95389,36.52257]],[[-121.95291,36.52246],[-121.95291,36.52246]],[[-121.94926,36.52257],[-121.94926,36.52257]],[[-121.93774,36.52246],[-121.93774,36.52246]],[[-121.93381,36.52257],[-121.93381,36.52257]],[[-121.95361,36.52246],[-121.95361,36.52246]],[[-121.95347,36.52246],[-121.95347,36.52246]],[[-121.9376,36.52234],[-121.9376,36.52234]],[[-121.93395,36.52246],[-121.93395,36.52246]],[[-121.94828,36.52234],[-121.94828,36.52234]],[[-121.93746,36.52223],[-121.93746,36.52223]],[[-121.93409,36.52234],[-121.93409,36.52234]],[[-121.93732,36.52212],[-121.93732,36.52212]],[[-121.93704,36.52201],[-121.93704,36.52201]],[[-121.93746,36.52189],[-121.93746,36.52189]],[[-121.9369,36.52178],[-121.9369,36.52178]],[[-121.94097,36.52167],[-121.94097,36.52167]],[[-121.93648,36.52167],[-121.93648,36.52167]],[[-121.9494,36.52155],[-121.9494,36.52155]],[[-121.94224,36.52144],[-121.94224,36.52144]],[[-121.94154,36.52155],[-121.94154,36.52155]],[[-121.94097,36.52155],[-121.94097,36.52155]],[[-121.94083,36.52144],[-121.94083,36.52144]],[[-121.93634,36.52144],[-121.93634,36.52144]],[[-121.95375,36.52144],[-121.95375,36.52144]],[[-121.95361,36.52133],[-121.95347,36.52133],[-121.95361,36.52133]],[[-121.94168,36.52144],[-121.94168,36.52144]],[[-121.95389,36.52133],[-121.95389,36.52133]],[[-121.95347,36.52133],[-121.95347,36.52133]],[[-121.95333,36.52122],[-121.95333,36.52122]],[[-121.93634,36.52133],[-121.93634,36.52133]],[[-121.9494,36.52122],[-121.9494,36.52122]],[[-121.93648,36.5211],[-121.93648,36.5211]],[[-121.94224,36.52099],[-121.94224,36.52099]],[[-121.93676,36.52099],[-121.93676,36.52099]],[[-121.9376,36.52076],[-121.9376,36.52076]],[[-121.9442,36.52076],[-121.9442,36.52076]],[[-121.94322,36.52076],[-121.94322,36.52076]],[[-121.94238,36.52076],[-121.94238,36.52076]],[[-121.94336,36.52065],[-121.94336,36.52065]],[[-121.93746,36.52054],[-121.93746,36.52054]],[[-121.9515,36.52054],[-121.9515,36.52054]],[[-121.93718,36.52043],[-121.93718,36.52043]],[[-121.93704,36.52031],[-121.93704,36.52031]],[[-121.9369,36.5202],[-121.9369,36.5202]],[[-121.93676,36.52009],[-121.93676,36.52009]],[[-121.93676,36.51997],[-121.93676,36.51997]],[[-121.9369,36.51986],[-121.9369,36.51986]],[[-121.93718,36.51964],[-121.93718,36.51964]],[[-121.95122,36.51964],[-121.95122,36.51964]],[[-121.95361,36.51952],[-121.95361,36.51952]],[[-121.95319,36.51952],[-121.95319,36.51952]],[[-121.93718,36.51952],[-121.93718,36.51952]],[[-121.95136,36.51941],[-121.95136,36.51941]],[[-121.93732,36.51941],[-121.93732,36.51941]],[[-121.95361,36.5193],[-121.95361,36.5193]],[[-121.9515,36.5193],[-121.9515,36.5193]],[[-121.93746,36.5193],[-121.93746,36.5193]],[[-121.95389,36.51918],[-121.95389,36.51918]],[[-121.95291,36.51918],[-121.95291,36.51918]],[[-121.9376,36.51918],[-121.9376,36.51918]],[[-121.95277,36.51907],[-121.95277,36.51907]],[[-121.95165,36.51907],[-121.95165,36.51907]],[[-121.93788,36.51907],[-121.93788,36.51907]],[[-121.95403,36.51896],[-121.95403,36.51896]],[[-121.95263,36.51896],[-121.95263,36.51896]],[[-121.95179,36.51896],[-121.95179,36.51896]],[[-121.93831,36.51896],[-121.93831,36.51896]],[[-121.98478,36.51862],[-121.98478,36.51862]],[[-121.98464,36.51851],[-121.98464,36.51851]],[[-121.95305,36.51794],[-121.95305,36.51794]],[[-121.95207,36.51749],[-121.95207,36.51749]],[[-121.95221,36.51727],[-121.95221,36.51727]],[[-121.95235,36.51715],[-121.95235,36.51715]],[[-121.9494,36.51704],[-121.9494,36.51704]],[[-121.94954,36.51693],[-121.94954,36.51693]],[[-121.95179,36.51682],[-121.95179,36.51682]],[[-121.94982,36.5167],[-121.94982,36.5167]],[[-121.94448,36.51264],[-121.94448,36.51264]],[[-121.9442,36.51264],[-121.9442,36.51264]],[[-121.94406,36.51253],[-121.94406,36.51253]],[[-121.94378,36.51241],[-121.94378,36.51241]],[[-121.9421,36.51174],[-121.9421,36.51174]],[[-121.94196,36.51151],[-121.94196,36.51151]],[[-121.94168,36.51083],[-121.94168,36.51083]],[[-121.94168,36.51038],[-121.94168,36.51038]],[[-121.94182,36.51027],[-121.94182,36.51027]],[[-121.94196,36.50993],[-121.94196,36.50993]],[[-121.94238,36.50982],[-121.94238,36.50982]],[[-121.94252,36.50914],[-121.94252,36.50914]],[[-121.94224,36.50914],[-121.94224,36.50914]],[[-121.94196,36.50914],[-121.94196,36.50914]],[[-121.94069,36.50801],[-121.94069,36.50801]],[[-121.94168,36.5079],[-121.94168,36.5079]],[[-121.94154,36.5079],[-121.94154,36.5079]],[[-121.94139,36.50779],[-121.94111,36.50756],[-121.94139,36.50779]],[[-121.94097,36.5079],[-121.94097,36.5079]],[[-121.94083,36.5079],[-121.94083,36.5079]],[[-121.94125,36.50767],[-121.94125,36.50767]],[[-121.9435,36.50756],[-121.9442,36.507],[-121.94378,36.50632],[-121.9435,36.50621],[-121.94336,36.50632],[-121.94294,36.50598],[-121.9428,36.50609],[-121.9428,36.50711],[-121.9435,36.50756]],[[-121.94238,36.50756],[-121.94238,36.50756]],[[-121.94111,36.50756],[-121.94111,36.50756]],[[-121.94364,36.50745],[-121.94364,36.50745]],[[-121.94336,36.50745],[-121.94336,36.50745]],[[-121.94224,36.50745],[-121.94224,36.50745]],[[-121.9421,36.50745],[-121.9421,36.50745]],[[-121.94392,36.50734],[-121.94392,36.50734]],[[-121.94308,36.50734],[-121.94308,36.50734]],[[-121.94294,36.50722],[-121.94294,36.50722]],[[-121.94182,36.50711],[-121.94139,36.50711],[-121.94139,36.507],[-121.94182,36.50711]],[[-121.94406,36.50711],[-121.94406,36.50711]],[[-121.94224,36.50711],[-121.94224,36.50711]],[[-121.94168,36.507],[-121.94168,36.507]],[[-121.94139,36.507],[-121.94139,36.507]],[[-121.94055,36.507],[-121.94055,36.507]],[[-121.93873,36.50621],[-121.93873,36.50621]],[[-121.93887,36.50609],[-121.93887,36.50609]],[[-121.93901,36.50598],[-121.93901,36.50598]],[[-121.93802,36.50485],[-121.93802,36.50485]],[[-121.93817,36.50463],[-121.93817,36.50463]],[[-121.93831,36.50451],[-121.93831,36.50451]],[[-121.93845,36.5044],[-121.93845,36.5044]],[[-121.93873,36.50429],[-121.93873,36.50429]],[[-121.93929,36.50372],[-121.93929,36.50372]],[[-121.93887,36.50372],[-121.93887,36.50372]],[[-121.93887,36.50316],[-121.93887,36.50316]],[[-121.93999,36.50192],[-121.93999,36.50192]],[[-121.93943,36.50158],[-121.93943,36.50158]],[[-121.93929,36.50147],[-121.93929,36.50147]],[[-121.93915,36.50147],[-121.93915,36.50147]],[[-121.93873,36.50147],[-121.93873,36.50147]],[[-121.93859,36.50135],[-121.93859,36.50135]],[[-121.94027,36.50102],[-121.94027,36.50102]],[[-121.94041,36.5009],[-121.94041,36.5009]],[[-121.93662,36.49831],[-121.93662,36.49831]],[[-121.93676,36.49797],[-121.93676,36.49797]],[[-121.93704,36.49786],[-121.93704,36.49786]],[[-121.93718,36.49774],[-121.93718,36.49774]],[[-121.93746,36.49763],[-121.93746,36.49763]],[[-121.93774,36.49752],[-121.93774,36.49752]],[[-121.93845,36.49741],[-121.93845,36.49741]],[[-121.93915,36.49684],[-121.93915,36.49684]],[[-121.93929,36.49673],[-121.93929,36.49673]],[[-121.93971,36.49662],[-121.93971,36.49662]],[[-121.93999,36.4965],[-121.93999,36.4965]],[[-121.94013,36.49639],[-121.94013,36.49639]],[[-121.94097,36.49526],[-121.94097,36.49526]],[[-121.94041,36.49526],[-121.94041,36.49526]],[[-121.94027,36.49515],[-121.94027,36.49515]],[[-121.93999,36.49504],[-121.93999,36.49504]],[[-121.93985,36.49504],[-121.93985,36.49504]],[[-121.94111,36.49458],[-121.94111,36.49458]],[[-121.94125,36.49447],[-121.94125,36.49447]],[[-121.94154,36.49436],[-121.94154,36.49436]],[[-121.94168,36.49425],[-121.94168,36.49425]],[[-121.94182,36.49413],[-121.94182,36.49413]],[[-121.94196,36.49391],[-121.94196,36.49391]],[[-121.9421,36.49368],[-121.9421,36.49368]],[[-121.94252,36.49334],[-121.94252,36.49334]],[[-121.94224,36.49334],[-121.94224,36.49334]],[[-121.94462,36.49323],[-121.94462,36.49323]],[[-121.9442,36.49323],[-121.9442,36.49323]],[[-121.9428,36.49323],[-121.9428,36.49323]],[[-121.94406,36.49312],[-121.94406,36.49312]],[[-121.94322,36.49312],[-121.94322,36.49312]],[[-121.94294,36.49312],[-121.94294,36.49312]],[[-121.94392,36.493],[-121.94392,36.493]],[[-121.94336,36.493],[-121.94336,36.493]],[[-121.9435,36.49289],[-121.9435,36.49289]],[[-121.94476,36.49255],[-121.94476,36.49255]],[[-121.94462,36.49233],[-121.94462,36.49233]],[[-121.94505,36.49233],[-121.94505,36.49233]],[[-121.94462,36.49165],[-121.94462,36.49165]],[[-121.94476,36.49154],[-121.94476,36.49154]],[[-121.94491,36.49142],[-121.94491,36.49142]],[[-121.94519,36.49131],[-121.94519,36.49131]],[[-121.94547,36.4912],[-121.94547,36.4912]],[[-121.94561,36.49109],[-121.94561,36.49109]]]},"properties":{"depth_m":450}},{"type":"Feature","geometry":{"type":"MultiLineString","coordinates":[[[-121.99182,36.54503],[-121.99195,36.54435],[-121.99186,36.54345],[-121.99091,36.5413],[-121.99104,36.54074],[-121.99054,36.54016],[-121.98998,36.53991],[-121.98973,36.53961],[-121.98984,36.5386],[-121.99026,36.53855],[-121.989,36.53859],[-121.98745,36.53735],[-121.98688,36.53713],[-121.98599,36.536],[-121.98436,36.53584],[-121.98226,36.53529],[-121.98141,36.53539],[-121.98071,36.53495],[-121.98015,36.53491],[-121.97917,36.53586],[-121.97846,36.53626],[-121.97839,36.53668],[-121.97807,36.53713],[-121.97803,36.5378],[-121.97762,36.53803],[-121.97467,36.53775],[-121.97439,36.53749],[-121.97429,36.53701],[-121.97397,36.53683],[-121.97046,36.53685],[-121.96742,36.53622],[-121.9672,36.536],[-121.96727,36.53577],[-121.96792,36.53532],[-121.97052,36.53442],[-121.97166,36.53352],[-121.97495,36.53235],[-121.97701,36.53081],[-121.9779,36.52959],[-121.97831,36.52934],[-121.97959,36.52898],[-121.98169,36.52886],[-121.9824,36.52862],[-121.98394,36.5285],[-121.98464,36.52877],[-121.98494,36.52866],[-121.9853,36.52787],[-121.9861,36.52708],[-121.98559,36.52562],[-121.98564,36.52483],[-121.9845,36.52277],[-121.98406,36.52122],[-121.98408,36.51952],[-121.98436,36.51922],[-121.98464,36.5193],[-121.98586,36.52043],[-121.98829,36.52222],[-121.99114,36.5255],[-121.99208,36.52598],[-121.99255,36.52652],[-121.99363,36.52721]],[[-121.93171,36.54503],[-121.93213,36.54469],[-121.93297,36.54446],[-121.93367,36.5448],[-121.93381,36.54469],[-121.93367,36.54446],[-121.93339,36.54458],[-121.93381,36.54379],[-121.93381,36.54345],[-121.93325,36.543],[-121.93325,36.54209],[-121.93297,36.54164],[-121.93325,36.54142],[-121.93325,36.54096],[-121.93283,36.54051],[-121.93297,36.53995],[-121.93255,36.53984],[-121.93255,36.5395],[-121.93269,36.53938],[-121.93255,36.53927],[-121.93185,36.53927],[-121.93086,36.53961],[-121.93044,36.53938],[-121.92904,36.5378],[-121.92862,36.53701],[-121.92862,36.53622],[-121.92848,36.53611],[-121.9282,36.53386],[-121.92777,36.53329],[-121.92693,36.53273],[-121.92679,36.53228],[-121.92693,36.53149],[-121.92637,36.53103]],[[-121.93185,36.54491],[-121.93185,36.54491]],[[-121.93199,36.5448],[-121.93199,36.5448]],[[-121.93353,36.54469],[-121.93353,36.54469]],[[-121.93213,36.54469],[-121.93213,36.54469]],[[-121.93241,36.54458],[-121.93241,36.54458]],[[-121.93311,36.54446],[-121.93311,36.54446]],[[-121.93297,36.54446],[-121.93297,36.54446]],[[-121.93353,36.54412],[-121.93353,36.54412]],[[-121.93367,36.5439],[-121.93367,36.5439]],[[-121.93297,36.54164],[-121.93297,36.54164]],[[-121.93311,36.54153],[-121.93311,36.54153]],[[-121.93283,36.54029],[-121.93283,36.54029]],[[-121.93255,36.5395],[-121.93255,36.5395]],[[-121.9897,36.53848],[-121.9897,36.53848]],[[-121.97102,36.53679],[-121.97102,36.53679]],[[-121.97144,36.53363],[-121.97144,36.53363]],[[-121.92679,36.53194],[-121.92679,36.53194]],[[-121.9772,36.53058],[-121.9772,36.53058]],[[-121.92637,36.52426],[-121.92749,36.52313],[-121.92848,36.52268],[-121.92946,36.5228],[-121.9296,36.52291],[-121.9296,36.52325],[-121.9303,36.5237],[-121.93157,36.52347],[-121.93185,36.5237],[-121.93241,36.52336],[-121.93367,36.52347],[-121.93381,36.52336],[-121.93353,36.52313],[-121.93353,36.52291],[-121.93409,36.52234],[-121.93522,36.52246],[-121.9355,36.52291],[-121.93578,36.52291],[-121.93578,36.52313],[-121.93606,36.52347],[-121.93648,36.52336],[-121.93662,36.52359],[-121.93718,36.52347],[-121.93732,36.52325],[-121.93718,36.52313],[-121.93746,36.52302],[-121.93732,36.52313],[-121.93746,36.52325],[-121.9376,36.52313],[-121.93746,36.52325],[-121.9376,36.52336],[-121.93774,36.52325],[-121.93732,36.5228],[-121.93746,36.52268],[-121.93774,36.52291],[-121.93802,36.52268],[-121.93732,36.52212],[-121.9376,36.52201],[-121.93732,36.52178],[-121.93676,36.52167],[-121.93662,36.52189],[-121.93634,36.52144],[-121.93648,36.5211],[-121.93676,36.52099],[-121.93704,36.52099],[-121.93718,36.52133],[-121.9376,36.52144],[-121.93774,36.52133],[-121.9376,36.52065],[-121.93676,36.51997],[-121.93732,36.51986],[-121.93718,36.51952],[-121.9376,36.51918],[-121.93831,36.51896],[-121.93915,36.51896],[-121.94013,36.51918],[-121.94083,36.51964],[-121.94069,36.5202],[-121.93999,36.52076],[-121.93985,36.5211],[-121.94055,36.52144],[-121.94055,36.52178],[-121.94069,36.52189],[-121.94097,36.52201],[-121.94111,36.52189],[-121.94097,36.52201],[-121.94111,36.52223],[-121.94125,36.52201],[-121.94097,36.52155],[-121.94139,36.52167],[-121.94168,36.52144],[-121.9421,36.52178],[-121.94238,36.52167],[-121.94224,36.5211],[-121.94238,36.52076],[-121.94308,36.52088],[-121.94336,36.52065],[-121.94406,36.52099],[-121.9442,36.52076],[-121.94448,36.52076],[-121.94476,36.52099],[-121.94462,36.52122],[-121.94476,36.52144],[-121.94448,36.52167],[-121.94434,36.52155],[-121.9442,36.52167],[-121.94434,36.52178],[-121.94448,36.52167],[-121.94434,36.52189],[-121.94505,36.52234],[-121.94561,36.52234],[-121.94561,36.52257],[-121.94589,36.52291],[-121.94617,36.52291],[-121.94645,36.52313],[-121.94659,36.52302],[-121.94687,36.52336],[-121.94701,36.52325],[-121.94813,36.52404],[-121.94856,36.5237],[-121.94856,36.52291],[-121.94828,36.52268],[-121.94828,36.52234],[-121.9487,36.52234],[-121.94898,36.52268],[-121.9494,36.52257],[-121.94912,36.52268],[-121.94926,36.52291],[-121.94954,36.52268],[-121.9494,36.52257],[-121.94954,36.52223],[-121.9494,36.52122],[-121.94968,36.52122],[-121.95122,36.52268],[-121.95249,36.52347],[-121.95249,36.5237],[-121.95291,36.52404],[-121.95333,36.52392],[-121.95319,36.5237],[-121.95333,36.52347],[-121.95305,36.52325],[-121.95319,36.52302],[-121.95347,36.52336],[-121.95361,36.52325],[-121.95347,36.52336],[-121.95361,36.52347],[-121.95375,36.52336],[-121.95403,36.52359],[-121.95431,36.52415],[-121.95473,36.52438],[-121.95487,36.52426],[-121.95487,36.52404],[-121.95459,36.52381],[-121.95487,36.5237],[-121.95375,36.5228],[-121.95333,36.52268],[-121.95361,36.52246],[-121.95431,36.5228],[-121.95459,36.52246],[-121.95417,36.52167],[-121.95375,36.52144],[-121.95403,36.52122],[-121.95249,36.52043],[-121.9515,36.52054],[-121.95179,36.52043],[-121.95179,36.52009],[-121.9515,36.51975],[-121.95122,36.51975],[-121.95179,36.51896],[-121.95263,36.51896],[-121.95291,36.51918],[-121.95291,36.51941],[-121.95333,36.51964],[-121.95375,36.51941],[-121.95361,36.5193],[-121.95403,36.51896],[-121.95445,36.51907],[-121.95459,36.51885],[-121.95417,36.51794],[-121.95361,36.51749],[-121.95319,36.51749],[-121.95291,36.51783],[-121.95305,36.51794],[-121.95305,36.51828],[-121.95235,36.51817],[-121.95235,36.51772],[-121.95207,36.51749],[-121.95249,36.51704],[-121.95179,36.51648],[-121.95165,36.5167],[-121.95179,36.51682],[-121.95165,36.51682],[-121.95094,36.51636],[-121.95052,36.51715],[-121.95024,36.51704],[-121.94996,36.51715],[-121.94968,36.51693],[-121.9494,36.51704],[-121.94982,36.51682],[-121.94996,36.51636],[-121.94954,36.51614],[-121.94954,36.51569],[-121.94926,36.51546],[-121.94884,36.5158],[-121.94884,36.51557],[-121.94813,36.5149],[-121.94799,36.51399],[-121.94771,36.51377],[-121.94757,36.51411],[-121.94729,36.51343],[-121.94687,36.51354],[-121.94659,36.5132],[-121.94575,36.5132],[-121.94561,36.51354],[-121.94561,36.51298],[-121.94533,36.51275],[-121.94505,36.51275],[-121.9442,36.5132],[-121.94378,36.51298],[-121.94378,36.51241],[-121.94434,36.51275],[-121.94462,36.51253],[-121.94364,36.51185],[-121.94322,36.51196],[-121.94294,36.51174],[-121.94252,36.51174],[-121.94224,36.51196],[-121.9421,36.51185],[-121.94238,36.51162],[-121.94196,36.51151],[-121.94252,36.5114],[-121.94168,36.51129],[-121.94168,36.51083],[-121.94196,36.51061],[-121.94168,36.51038],[-121.94196,36.51016],[-121.94196,36.50993],[-121.94238,36.51004],[-121.94252,36.50993],[-121.94238,36.50982],[-121.94266,36.50971],[-121.94224,36.50959],[-121.94224,36.50937],[-121.94196,36.50914],[-121.94238,36.50925],[-121.94266,36.50903],[-121.94224,36.50858],[-121.94196,36.5088],[-121.94154,36.50835],[-121.94111,36.50846],[-121.94097,36.50824],[-121.94069,36.50824],[-121.94069,36.50801],[-121.94097,36.5079],[-121.9421,36.50801],[-121.94224,36.5079],[-121.94224,36.50756],[-121.9421,36.50745],[-121.94252,36.50767],[-121.94266,36.50756],[-121.94224,36.50711],[-121.94238,36.50688],[-121.94182,36.50643],[-121.94125,36.50688],[-121.94111,36.50666],[-121.94055,36.50677],[-121.94041,36.50688],[-121.94055,36.50711],[-121.94013,36.50688],[-121.93943,36.507],[-121.93873,36.50632],[-121.93915,36.50587],[-121.93915,36.50564],[-121.93859,36.50553],[-121.93859,36.5053],[-121.93802,36.50485],[-121.93845,36.5044],[-121.93901,36.50418],[-121.93887,36.50372],[-121.93915,36.50384],[-121.93943,36.50361],[-121.93943,36.50339],[-121.93915,36.50316],[-121.93887,36.50327],[-121.93901,36.50282],[-121.93873,36.50237],[-121.93859,36.50135],[-121.93887,36.50158],[-121.93929,36.50147],[-121.93957,36.50203],[-121.94013,36.50192],[-121.94027,36.50181],[-121.94027,36.50102],[-121.94055,36.50079],[-121.94055,36.50023],[-121.93985,36.49955],[-121.93943,36.49966],[-121.93929,36.49944],[-121.93915,36.49955],[-121.93887,36.4991],[-121.93817,36.49876],[-121.93788,36.49876],[-121.9376,36.4991],[-121.9376,36.49932],[-121.93746,36.49932],[-121.93718,36.49887],[-121.93662,36.49865],[-121.93676,36.49797],[-121.93774,36.49752],[-121.93915,36.49729],[-121.93915,36.49684],[-121.93985,36.49662],[-121.94027,36.49628],[-121.94013,36.49549],[-121.93985,36.49504],[-121.94083,36.49537],[-121.94111,36.49515],[-121.94111,36.49458],[-121.94196,36.49402],[-121.94224,36.49334],[-121.94266,36.49346],[-121.94294,36.49312],[-121.94294,36.49346],[-121.94308,36.49357],[-121.94322,36.49346],[-121.94322,36.49312],[-121.9435,36.49289],[-121.94448,36.49334],[-121.94476,36.49312],[-121.94476,36.49255],[-121.94519,36.49221],[-121.94462,36.49165],[-121.94575,36.49097]],[[-121.92651,36.52415],[-121.92651,36.52415]],[[-121.92665,36.52392],[-121.92665,36.52392]],[[-121.95459,36.52381],[-121.95459,36.52381]],[[-121.95319,36.5237],[-121.95319,36.5237]],[[-121.94828,36.52381],[-121.94828,36.52381]],[[-121.92679,36.52381],[-121.92679,36.52381]],[[-121.92693,36.5237],[-121.92693,36.5237]],[[-121.93199,36.52359],[-121.93199,36.52359]],[[-121.93072,36.52359],[-121.93072,36.52359]],[[-121.95319,36.52336],[-121.95319,36.52336]],[[-121.93676,36.52347],[-121.93676,36.52347]],[[-121.93213,36.52347],[-121.93213,36.52347]],[[-121.93114,36.52347],[-121.93114,36.52347]],[[-121.92707,36.52347],[-121.92707,36.52347]],[[-121.98928,36.52336],[-121.98928,36.52336]],[[-121.95375,36.52336],[-121.95375,36.52336]],[[-121.95305,36.52325],[-121.95277,36.52313],[-121.95305,36.52325]],[[-121.93634,36.52336],[-121.93634,36.52336]],[[-121.93367,36.52325],[-121.93367,36.52325]],[[-121.93241,36.52336],[-121.93241,36.52336]],[[-121.92721,36.52336],[-121.92721,36.52336]],[[-121.95361,36.52325],[-121.95361,36.52313],[-121.95361,36.52325]],[[-121.94701,36.52325],[-121.94701,36.52325]],[[-121.93718,36.52313],[-121.93718,36.52313]],[[-121.93353,36.52313],[-121.93353,36.52313]],[[-121.92735,36.52325],[-121.92735,36.52325]],[[-121.95361,36.52313],[-121.95361,36.52313]],[[-121.95291,36.52313],[-121.95291,36.52313]],[[-121.95277,36.52313],[-121.95277,36.52313]],[[-121.95263,36.52302],[-121.95263,36.52302]],[[-121.92749,36.52313],[-121.92749,36.52313]],[[-121.95319,36.52302],[-121.95319,36.52302]],[[-121.95249,36.52291],[-121.95249,36.52291]],[[-121.94659,36.52302],[-121.94659,36.52302]],[[-121.92777,36.52302],[-121.92777,36.52302]],[[-121.94842,36.5228],[-121.94842,36.5228]],[[-121.93732,36.5228],[-121.93732,36.5228]],[[-121.93353,36.52291],[-121.93353,36.52291]],[[-121.92792,36.52291],[-121.92792,36.52291]],[[-121.9494,36.5228],[-121.9494,36.5228]],[[-121.94828,36.52268],[-121.94828,36.52268]],[[-121.93788,36.5228],[-121.93788,36.5228]],[[-121.9282,36.5228],[-121.9282,36.5228]],[[-121.95417,36.52268],[-121.95417,36.52268]],[[-121.95333,36.52268],[-121.95333,36.52268]],[[-121.95319,36.52257],[-121.95319,36.52257]],[[-121.93788,36.52257],[-121.93788,36.52257]],[[-121.93746,36.52268],[-121.93746,36.52268]],[[-121.93367,36.52268],[-121.93367,36.52268]],[[-121.92848,36.52268],[-121.92848,36.52268]],[[-121.95445,36.52257],[-121.95445,36.52257]],[[-121.95389,36.52257],[-121.95389,36.52257]],[[-121.95291,36.52246],[-121.95291,36.52246]],[[-121.94926,36.52257],[-121.94926,36.52257]],[[-121.93774,36.52246],[-121.93774,36.52246]],[[-121.93381,36.52257],[-121.93381,36.52257]],[[-121.95361,36.52246],[-121.95361,36.52246]],[[-121.95347,36.52246],[-121.95347,36.52246]],[[-121.9376,36.52234],[-121.9376,36.52234]],[[-121.93395,36.52246],[-121.93395,36.52246]],[[-121.94828,36.52234],[-121.94828,36.52234]],[[-121.93746,36.52223],[-121.93746,36.52223]],[[-121.93409,36.52234],[-121.93409,36.52234]],[[-121.93732,36.52212],[-121.93732,36.52212]],[[-121.93704,36.52201],[-121.93704,36.52201]],[[-121.93746,36.52189],[-121.93746,36.52189]],[[-121.98773,36.52178],[-121.98773,36.52178]],[[-121.9369,36.52178],[-121.9369,36.52178]],[[-121.94097,36.52167],[-121.94097,36.52167]],[[-121.93648,36.52167],[-121.93648,36.52167]],[[-121.9494,36.52155],[-121.9494,36.52155]],[[-121.94224,36.52144],[-121.94224,36.52144]],[[-121.94154,36.52155],[-121.94154,36.52155]],[[-121.94097,36.52155],[-121.94097,36.52155]],[[-121.94083,36.52144],[-121.94083,36.52144]],[[-121.93634,36.52144],[-121.93634,36.52144]],[[-121.95375,36.52144],[-121.95375,36.52144]],[[-121.95361,36.52133],[-121.95347,36.52133],[-121.95361,36.52133]],[[-121.94168,36.52144],[-121.94168,36.52144]],[[-121.95389,36.52133],[-121.95389,36.52133]],[[-121.95347,36.52133],[-121.95347,36.52133]],[[-121.95333,36.52122],[-121.95333,36.52122]],[[-121.93634,36.52133],[-121.93634,36.52133]],[[-121.9494,36.52122],[-121.9494,36.52122]],[[-121.93648,36.5211],[-121.93648,36.5211]],[[-121.94224,36.52099],[-121.94224,36.52099]],[[-121.93676,36.52099],[-121.93676,36.52099]],[[-121.9376,36.52076],[-121.9376,36.52076]],[[-121.9442,36.52076],[-121.9442,36.52076]],[[-121.94322,36.52076],[-121.94322,36.52076]],[[-121.94238,36.52076],[-121.94238,36.52076]],[[-121.94336,36.52065],[-121.94336,36.52065]],[[-121.93746,36.52054],[-121.93746,36.52054]],[[-121.9515,36.52054],[-121.9515,36.52054]],[[-121.93718,36.52043],[-121.93718,36.52043]],[[-121.93704,36.52031],[-121.93704,36.52031]],[[-121.9369,36.5202],[-121.9369,36.5202]],[[-121.93676,36.52009],[-121.93676,36.52009]],[[-121.93676,36.51997],[-121.93676,36.51997]],[[-121.9369,36.51986],[-121.9369,36.51986]],[[-121.93718,36.51964],[-121.93718,36.51964]],[[-121.95122,36.51964],[-121.95122,36.51964]],[[-121.95361,36.51952],[-121.95361,36.51952]],[[-121.95319,36.51952],[-121.95319,36.51952]],[[-121.93718,36.51952],[-121.93718,36.51952]],[[-121.95136,36.51941],[-121.95136,36.51941]],[[-121.93732,36.51941],[-121.93732,36.51941]],[[-121.95361,36.5193],[-121.95361,36.5193]],[[-121.9515,36.5193],[-121.9515,36.5193]],[[-121.93746,36.5193],[-121.93746,36.5193]],[[-121.95389,36.51918],[-121.95389,36.51918]],[[-121.95291,36.51918],[-121.95291,36.51918]],[[-121.9376,36.51918],[-121.9376,36.51918]],[[-121.95277,36.51907],[-121.95277,36.51907]],[[-121.95165,36.51907],[-121.95165,36.51907]],[[-121.93788,36.51907],[-121.93788,36.51907]],[[-121.95403,36.51896],[-121.95403,36.51896]],[[-121.95263,36.51896],[-121.95263,36.51896]],[[-121.95179,36.51896],[-121.95179,36.51896]],[[-121.93831,36.51896],[-121.93831,36.51896]],[[-121.95305,36.51794],[-121.95305,36.51794]],[[-121.95207,36.51749],[-121.95207,36.51749]],[[-121.95221,36.51727],[-121.95221,36.51727]],[[-121.95235,36.51715],[-121.95235,36.51715]],[[-121.9494,36.51704],[-121.9494,36.51704]],[[-121.94954,36.51693],[-121.94954,36.51693]],[[-121.95179,36.51682],[-121.95179,36.51682]],[[-121.94982,36.5167],[-121.94982,36.5167]],[[-121.94448,36.51264],[-121.94448,36.51264]],[[-121.9442,36.51264],[-121.9442,36.51264]],[[-121.94406,36.51253],[-121.94406,36.51253]],[[-121.94378,36.51241],[-121.94378,36.51241]],[[-121.9421,36.51174],[-121.9421,36.51174]],[[-121.94196,36.51151],[-121.94196,36.51151]],[[-121.94168,36.51083],[-121.94168,36.51083]],[[-121.94168,36.51038],[-121.94168,36.51038]],[[-121.94182,36.51027],[-121.94182,36.51027]],[[-121.94196,36.50993],[-121.94196,36.50993]],[[-121.94238,36.50982],[-121.94238,36.50982]],[[-121.94252,36.50914],[-121.94252,36.50914]],[[-121.94224,36.50914],[-121.94224,36.50914]],[[-121.94196,36.50914],[-121.94196,36.50914]],[[-121.94069,36.50801],[-121.94069,36.50801]],[[-121.94168,36.5079],[-121.94168,36.5079]],[[-121.94154,36.5079],[-121.94154,36.5079]],[[-121.94139,36.50779],[-121.94111,36.50756],[-121.94139,36.50779]],[[-121.94097,36.5079],[-121.94097,36.5079]],[[-121.94083,36.5079],[-121.94083,36.5079]],[[-121.94125,36.50767],[-121.94125,36.50767]],[[-121.9435,36.50756],[-121.9442,36.507],[-121.94378,36.50632],[-121.9435,36.50621],[-121.94336,36.50632],[-121.94294,36.50598],[-121.9428,36.50609],[-121.9428,36.50711],[-121.9435,36.50756]],[[-121.94238,36.50756],[-121.94238,36.50756]],[[-121.94111,36.50756],[-121.94111,36.50756]],[[-121.94364,36.50745],[-121.94364,36.50745]],[[-121.94336,36.50745],[-121.94336,36.50745]],[[-121.94224,36.50745],[-121.94224,36.50745]],[[-121.9421,36.50745],[-121.9421,36.50745]],[[-121.94392,36.50734],[-121.94392,36.50734]],[[-121.94308,36.50734],[-121.94308,36.50734]],[[-121.94294,36.50722],[-121.94294,36.50722]],[[-121.94182,36.50711],[-121.94139,36.50711],[-121.94139,36.507],[-121.94182,36.50711]],[[-121.94406,36.50711],[-121.94406,36.50711]],[[-121.94224,36.50711],[-121.94224,36.50711]],[[-121.94168,36.507],[-121.94168,36.507]],[[-121.94139,36.507],[-121.94139,36.507]],[[-121.94055,36.507],[-121.94055,36.507]],[[-121.93873,36.50621],[-121.93873,36.50621]],[[-121.93887,36.50609],[-121.93887,36.50609]],[[-121.93901,36.50598],[-121.93901,36.50598]],[[-121.93802,36.50485],[-121.93802,36.50485]],[[-121.93817,36.50463],[-121.93817,36.50463]],[[-121.93831,36.50451],[-121.93831,36.50451]],[[-121.93845,36.5044],[-121.93845,36.5044]],[[-121.93873,36.50429],[-121.93873,36.50429]],[[-121.93929,36.50372],[-121.93929,36.50372]],[[-121.93887,36.50372],[-121.93887,36.50372]],[[-121.93887,36.50316],[-121.93887,36.50316]],[[-121.93999,36.50192],[-121.93999,36.50192]],[[-121.93943,36.50158],[-121.93943,36.50158]],[[-121.93929,36.50147],[-121.93929,36.50147]],[[-121.93915,36.50147],[-121.93915,36.50147]],[[-121.93873,36.50147],[-121.93873,36.50147]],[[-121.93859,36.50135],[-121.93859,36.50135]],[[-121.94027,36.50102],[-121.94027,36.50102]],[[-121.94041,36.5009],[-121.94041,36.5009]],[[-121.93662,36.49831],[-121.93662,36.49831]],[[-121.93676,36.49797],[-121.93676,36.49797]],[[-121.93704,36.49786],[-121.93704,36.49786]],[[-121.93718,36.49774],[-121.93718,36.49774]],[[-121.93746,36.49763],[-121.93746,36.49763]],[[-121.93774,36.49752],[-121.93774,36.49752]],[[-121.93845,36.49741],[-121.93845,36.49741]],[[-121.93915,36.49684],[-121.93915,36.49684]],[[-121.93929,36.49673],[-121.93929,36.49673]],[[-121.93971,36.49662],[-121.93971,36.49662]],[[-121.93999,36.4965],[-121.93999,36.4965]],[[-121.94013,36.49639],[-121.94013,36.49639]],[[-121.94097,36.49526],[-121.94097,36.49526]],[[-121.94041,36.49526],[-121.94041,36.49526]],[[-121.94027,36.49515],[-121.94027,36.49515]],[[-121.93999,36.49504],[-121.93999,36.49504]],[[-121.93985,36.49504],[-121.93985,36.49504]],[[-121.94111,36.49458],[-121.94111,36.49458]],[[-121.94125,36.49447],[-121.94125,36.49447]],[[-121.94154,36.49436],[-121.94154,36.49436]],[[-121.94168,36.49425],[-121.94168,36.49425]],[[-121.94182,36.49413],[-121.94182,36.49413]],[[-121.94196,36.49391],[-121.94196,36.49391]],[[-121.9421,36.49368],[-121.9421,36.49368]],[[-121.94252,36.49334],[-121.94252,36.49334]],[[-121.94224,36.49334],[-121.94224,36.49334]],[[-121.94462,36.49323],[-121.94462,36.49323]],[[-121.9442,36.49323],[-121.9442,36.49323]],[[-121.9428,36.49323],[-121.9428,36.49323]],[[-121.94406,36.49312],[-121.94406,36.49312]],[[-121.94322,36.49312],[-121.94322,36.49312]],[[-121.94294,36.49312],[-121.94294,36.49312]],[[-121.94392,36.493],[-121.94392,36.493]],[[-121.94336,36.493],[-121.94336,36.493]],[[-121.9435,36.49289],[-121.9435,36.49289]],[[-121.94476,36.49255],[-121.94476,36.49255]],[[-121.94462,36.49233],[-121.94462,36.49233]],[[-121.94505,36.49233],[-121.94505,36.49233]],[[-121.94462,36.49165],[-121.94462,36.49165]],[[-121.94476,36.49154],[-121.94476,36.49154]],[[-121.94491,36.49142],[-121.94491,36.49142]],[[-121.94519,36.49131],[-121.94519,36.49131]],[[-121.94547,36.4912],[-121.94547,36.4912]],[[-121.94561,36.49109],[-121.94561,36.49109]]]},"properties":{"depth_m":475}},{"type":"Feature","geometry":{"type":"MultiLineString","coordinates":[[[-121.99233,36.54503],[-121.99248,36.54401],[-121.99194,36.54254],[-121.99124,36.54134],[-121.99149,36.54074],[-121.99098,36.54029],[-121.99084,36.53995],[-121.98997,36.53938],[-121.99048,36.53848],[-121.99054,36.53801],[-121.98998,36.53788],[-121.989,36.53826],[-121.98763,36.53713],[-121.98697,36.53679],[-121.98654,36.536],[-121.98619,36.53574],[-121.98489,36.53555],[-121.98394,36.53514],[-121.98141,36.53501],[-121.98029,36.53462],[-121.97973,36.53488],[-121.97903,36.53569],[-121.97818,36.53586],[-121.97765,36.53645],[-121.97692,36.53673],[-121.97566,36.53665],[-121.97327,36.53613],[-121.97201,36.53564],[-121.97179,36.53532],[-121.97232,36.53476],[-121.97383,36.53401],[-121.97595,36.5325],[-121.97692,36.53199],[-121.9779,36.53186],[-121.97808,36.53171],[-121.978,36.53126],[-121.97825,36.53081],[-121.97922,36.53024],[-121.97932,36.52979],[-121.97973,36.52948],[-121.98254,36.52884],[-121.98408,36.52878],[-121.98506,36.52917],[-121.98599,36.52787],[-121.98675,36.52754],[-121.98671,36.52697],[-121.98619,36.52573],[-121.98612,36.52494],[-121.98518,36.52234],[-121.98517,36.5211],[-121.98534,36.52092],[-121.98717,36.52242],[-121.98787,36.52267],[-121.98843,36.52312],[-121.99062,36.52584],[-121.99152,36.5263],[-121.9921,36.52686],[-121.99363,36.52764]],[[-121.93171,36.54503],[-121.93213,36.54469],[-121.93297,36.54446],[-121.93367,36.5448],[-121.93381,36.54469],[-121.93367,36.54446],[-121.93339,36.54458],[-121.93381,36.54379],[-121.93381,36.54345],[-121.93325,36.543],[-121.93325,36.54209],[-121.93297,36.54164],[-121.93325,36.54142],[-121.93325,36.54096],[-121.93283,36.54051],[-121.93297,36.53995],[-121.93255,36.53984],[-121.93255,36.5395],[-121.93269,36.53938],[-121.93255,36.53927],[-121.93185,36.53927],[-121.93086,36.53961],[-121.93044,36.53938],[-121.92904,36.5378],[-121.92862,36.53701],[-121.92862,36.53622],[-121.92848,36.53611],[-121.9282,36.53386],[-121.92777,36.53329],[-121.92693,36.53273],[-121.92679,36.53228],[-121.92693,36.53149],[-121.92637,36.53103]],[[-121.93185,36.54491],[-121.93185,36.54491]],[[-121.93199,36.5448],[-121.93199,36.5448]],[[-121.93353,36.54469],[-121.93353,36.54469]],[[-121.93213,36.54469],[-121.93213,36.54469]],[[-121.93241,36.54458],[-121.93241,36.54458]],[[-121.93311,36.54446],[-121.93311,36.54446]],[[-121.93297,36.54446],[-121.93297,36.54446]],[[-121.93353,36.54412],[-121.93353,36.54412]],[[-121.93367,36.5439],[-121.93367,36.5439]],[[-121.93297,36.54164],[-121.93297,36.54164]],[[-121.93311,36.54153],[-121.93311,36.54153]],[[-121.93283,36.54029],[-121.93283,36.54029]],[[-121.93255,36.5395],[-121.93255,36.5395]],[[-121.97945,36.53532],[-121.97945,36.53532]],[[-121.92679,36.53194],[-121.92679,36.53194]],[[-121.99124,36.52618],[-121.99124,36.52618]],[[-121.92637,36.52426],[-121.92749,36.52313],[-121.92848,36.52268],[-121.92946,36.5228],[-121.9296,36.52291],[-121.9296,36.52325],[-121.9303,36.5237],[-121.93157,36.52347],[-121.93185,36.5237],[-121.93241,36.52336],[-121.93367,36.52347],[-121.93381,36.52336],[-121.93353,36.52313],[-121.93353,36.52291],[-121.93409,36.52234],[-121.93522,36.52246],[-121.9355,36.52291],[-121.93578,36.52291],[-121.93578,36.52313],[-121.93606,36.52347],[-121.93648,36.52336],[-121.93662,36.52359],[-121.93718,36.52347],[-121.93732,36.52325],[-121.93718,36.52313],[-121.93746,36.52302],[-121.93732,36.52313],[-121.93746,36.52325],[-121.9376,36.52313],[-121.93746,36.52325],[-121.9376,36.52336],[-121.93774,36.52325],[-121.93732,36.5228],[-121.93746,36.52268],[-121.93774,36.52291],[-121.93802,36.52268],[-121.93732,36.52212],[-121.9376,36.52201],[-121.93732,36.52178],[-121.93676,36.52167],[-121.93662,36.52189],[-121.93634,36.52144],[-121.93648,36.5211],[-121.93676,36.52099],[-121.93704,36.52099],[-121.93718,36.52133],[-121.9376,36.52144],[-121.93774,36.52133],[-121.9376,36.52065],[-121.93676,36.51997],[-121.93732,36.51986],[-121.93718,36.51952],[-121.9376,36.51918],[-121.93831,36.51896],[-121.93915,36.51896],[-121.94013,36.51918],[-121.94083,36.51964],[-121.94069,36.5202],[-121.93999,36.52076],[-121.93985,36.5211],[-121.94055,36.52144],[-121.94055,36.52178],[-121.94069,36.52189],[-121.94097,36.52201],[-121.94111,36.52189],[-121.94097,36.52201],[-121.94111,36.52223],[-121.94125,36.52201],[-121.94097,36.52155],[-121.94139,36.52167],[-121.94168,36.52144],[-121.9421,36.52178],[-121.94238,36.52167],[-121.94224,36.5211],[-121.94238,36.52076],[-121.94308,36.52088],[-121.94336,36.52065],[-121.94406,36.52099],[-121.9442,36.52076],[-121.94448,36.52076],[-121.94476,36.52099],[-121.94462,36.52122],[-121.94476,36.52144],[-121.94448,36.52167],[-121.94434,36.52155],[-121.9442,36.52167],[-121.94434,36.52178],[-121.94448,36.52167],[-121.94434,36.52189],[-121.94505,36.52234],[-121.94561,36.52234],[-121.94561,36.52257],[-121.94589,36.52291],[-121.94617,36.52291],[-121.94645,36.52313],[-121.94659,36.52302],[-121.94687,36.52336],[-121.94701,36.52325],[-121.94813,36.52404],[-121.94856,36.5237],[-121.94856,36.52291],[-121.94828,36.52268],[-121.94828,36.52234],[-121.9487,36.52234],[-121.94898,36.52268],[-121.9494,36.52257],[-121.94912,36.52268],[-121.94926,36.52291],[-121.94954,36.52268],[-121.9494,36.52257],[-121.94954,36.52223],[-121.9494,36.52122],[-121.94968,36.52122],[-121.95122,36.52268],[-121.95249,36.52347],[-121.95249,36.5237],[-121.95291,36.52404],[-121.95333,36.52392],[-121.95319,36.5237],[-121.95333,36.52347],[-121.95305,36.52325],[-121.95319,36.52302],[-121.95347,36.52336],[-121.95361,36.52325],[-121.95347,36.52336],[-121.95361,36.52347],[-121.95375,36.52336],[-121.95403,36.52359],[-121.95431,36.52415],[-121.95473,36.52438],[-121.95487,36.52426],[-121.95487,36.52404],[-121.95459,36.52381],[-121.95487,36.5237],[-121.95375,36.5228],[-121.95333,36.52268],[-121.95361,36.52246],[-121.95431,36.5228],[-121.95459,36.52246],[-121.95417,36.52167],[-121.95375,36.52144],[-121.95403,36.52122],[-121.95249,36.52043],[-121.9515,36.52054],[-121.95179,36.52043],[-121.95179,36.52009],[-121.9515,36.51975],[-121.95122,36.51975],[-121.95179,36.51896],[-121.95263,36.51896],[-121.95291,36.51918],[-121.95291,36.51941],[-121.95333,36.51964],[-121.95375,36.51941],[-121.95361,36.5193],[-121.95403,36.51896],[-121.95445,36.51907],[-121.95459,36.51885],[-121.95417,36.51794],[-121.95361,36.51749],[-121.95319,36.51749],[-121.95291,36.51783],[-121.95305,36.51794],[-121.95305,36.51828],[-121.95235,36.51817],[-121.95235,36.51772],[-121.95207,36.51749],[-121.95249,36.51704],[-121.95179,36.51648],[-121.95165,36.5167],[-121.95179,36.51682],[-121.95165,36.51682],[-121.95094,36.51636],[-121.95052,36.51715],[-121.95024,36.51704],[-121.94996,36.51715],[-121.94968,36.51693],[-121.9494,36.51704],[-121.94982,36.51682],[-121.94996,36.51636],[-121.94954,36.51614],[-121.94954,36.51569],[-121.94926,36.51546],[-121.94884,36.5158],[-121.94884,36.51557],[-121.94813,36.5149],[-121.94799,36.51399],[-121.94771,36.51377],[-121.94757,36.51411],[-121.94729,36.51343],[-121.94687,36.51354],[-121.94659,36.5132],[-121.94575,36.5132],[-121.94561,36.51354],[-121.94561,36.51298],[-121.94533,36.51275],[-121.94505,36.51275],[-121.9442,36.5132],[-121.94378,36.51298],[-121.94378,36.51241],[-121.94434,36.51275],[-121.94462,36.51253],[-121.94364,36.51185],[-121.94322,36.51196],[-121.94294,36.51174],[-121.94252,36.51174],[-121.94224,36.51196],[-121.9421,36.51185],[-121.94238,36.51162],[-121.94196,36.51151],[-121.94252,36.5114],[-121.94168,36.51129],[-121.94168,36.51083],[-121.94196,36.51061],[-121.94168,36.51038],[-121.94196,36.51016],[-121.94196,36.50993],[-121.94238,36.51004],[-121.94252,36.50993],[-121.94238,36.50982],[-121.94266,36.50971],[-121.94224,36.50959],[-121.94224,36.50937],[-121.94196,36.50914],[-121.94238,36.50925],[-121.94266,36.50903],[-121.94224,36.50858],[-121.94196,36.5088],[-121.94154,36.50835],[-121.94111,36.50846],[-121.94097,36.50824],[-121.94069,36.50824],[-121.94069,36.50801],[-121.94097,36.5079],[-121.9421,36.50801],[-121.94224,36.5079],[-121.94224,36.50756],[-121.9421,36.50745],[-121.94252,36.50767],[-121.94266,36.50756],[-121.94224,36.50711],[-121.94238,36.50688],[-121.94182,36.50643],[-121.94125,36.50688],[-121.94111,36.50666],[-121.94055,36.50677],[-121.94041,36.50688],[-121.94055,36.50711],[-121.94013,36.50688],[-121.93943,36.507],[-121.93873,36.50632],[-121.93915,36.50587],[-121.93915,36.50564],[-121.93859,36.50553],[-121.93859,36.5053],[-121.93802,36.50485],[-121.93845,36.5044],[-121.93901,36.50418],[-121.93887,36.50372],[-121.93915,36.50384],[-121.93943,36.50361],[-121.93943,36.50339],[-121.93915,36.50316],[-121.93887,36.50327],[-121.93901,36.50282],[-121.93873,36.50237],[-121.93859,36.50135],[-121.93887,36.50158],[-121.93929,36.50147],[-121.93957,36.50203],[-121.94013,36.50192],[-121.94027,36.50181],[-121.94027,36.50102],[-121.94055,36.50079],[-121.94055,36.50023],[-121.93985,36.49955],[-121.93943,36.49966],[-121.93929,36.49944],[-121.93915,36.49955],[-121.93887,36.4991],[-121.93817,36.49876],[-121.93788,36.49876],[-121.9376,36.4991],[-121.9376,36.49932],[-121.93746,36.49932],[-121.93718,36.49887],[-121.93662,36.49865],[-121.93676,36.49797],[-121.93774,36.49752],[-121.93915,36.49729],[-121.93915,36.49684],[-121.93985,36.49662],[-121.94027,36.49628],[-121.94013,36.49549],[-121.93985,36.49504],[-121.94083,36.49537],[-121.94111,36.49515],[-121.94111,36.49458],[-121.94196,36.49402],[-121.94224,36.49334],[-121.94266,36.49346],[-121.94294,36.49312],[-121.94294,36.49346],[-121.94308,36.49357],[-121.94322,36.49346],[-121.94322,36.49312],[-121.9435,36.49289],[-121.94448,36.49334],[-121.94476,36.49312],[-121.94476,36.49255],[-121.94519,36.49221],[-121.94462,36.49165],[-121.94575,36.49097]],[[-121.92651,36.52415],[-121.92651,36.52415]],[[-121.98914,36.52392],[-121.98914,36.52392]],[[-121.92665,36.52392],[-121.92665,36.52392]],[[-121.95459,36.52381],[-121.95459,36.52381]],[[-121.95319,36.5237],[-121.95319,36.5237]],[[-121.94828,36.52381],[-121.94828,36.52381]],[[-121.92679,36.52381],[-121.92679,36.52381]],[[-121.92693,36.5237],[-121.92693,36.5237]],[[-121.93199,36.52359],[-121.93199,36.52359]],[[-121.93072,36.52359],[-121.93072,36.52359]],[[-121.95319,36.52336],[-121.95319,36.52336]],[[-121.93676,36.52347],[-121.93676,36.52347]],[[-121.93213,36.52347],[-121.93213,36.52347]],[[-121.93114,36.52347],[-121.93114,36.52347]],[[-121.92707,36.52347],[-121.92707,36.52347]],[[-121.95375,36.52336],[-121.95375,36.52336]],[[-121.95305,36.52325],[-121.95277,36.52313],[-121.95305,36.52325]],[[-121.93634,36.52336],[-121.93634,36.52336]],[[-121.93367,36.52325],[-121.93367,36.52325]],[[-121.93241,36.52336],[-121.93241,36.52336]],[[-121.92721,36.52336],[-121.92721,36.52336]],[[-121.95361,36.52325],[-121.95361,36.52313],[-121.95361,36.52325]],[[-121.94701,36.52325],[-121.94701,36.52325]],[[-121.93718,36.52313],[-121.93718,36.52313]],[[-121.93353,36.52313],[-121.93353,36.52313]],[[-121.92735,36.52325],[-121.92735,36.52325]],[[-121.95361,36.52313],[-121.95361,36.52313]],[[-121.95291,36.52313],[-121.95291,36.52313]],[[-121.95277,36.52313],[-121.95277,36.52313]],[[-121.95263,36.52302],[-121.95263,36.52302]],[[-121.92749,36.52313],[-121.92749,36.52313]],[[-121.95319,36.52302],[-121.95319,36.52302]],[[-121.95249,36.52291],[-121.95249,36.52291]],[[-121.94659,36.52302],[-121.94659,36.52302]],[[-121.92777,36.52302],[-121.92777,36.52302]],[[-121.94842,36.5228],[-121.94842,36.5228]],[[-121.93732,36.5228],[-121.93732,36.5228]],[[-121.93353,36.52291],[-121.93353,36.52291]],[[-121.92792,36.52291],[-121.92792,36.52291]],[[-121.9494,36.5228],[-121.9494,36.5228]],[[-121.94828,36.52268],[-121.94828,36.52268]],[[-121.93788,36.5228],[-121.93788,36.5228]],[[-121.9282,36.5228],[-121.9282,36.5228]],[[-121.95417,36.52268],[-121.95417,36.52268]],[[-121.95333,36.52268],[-121.95333,36.52268]],[[-121.95319,36.52257],[-121.95319,36.52257]],[[-121.93788,36.52257],[-121.93788,36.52257]],[[-121.93746,36.52268],[-121.93746,36.52268]],[[-121.93367,36.52268],[-121.93367,36.52268]],[[-121.92848,36.52268],[-121.92848,36.52268]],[[-121.95445,36.52257],[-121.95445,36.52257]],[[-121.95389,36.52257],[-121.95389,36.52257]],[[-121.95291,36.52246],[-121.95291,36.52246]],[[-121.94926,36.52257],[-121.94926,36.52257]],[[-121.93774,36.52246],[-121.93774,36.52246]],[[-121.93381,36.52257],[-121.93381,36.52257]],[[-121.95361,36.52246],[-121.95361,36.52246]],[[-121.95347,36.52246],[-121.95347,36.52246]],[[-121.9376,36.52234],[-121.9376,36.52234]],[[-121.93395,36.52246],[-121.93395,36.52246]],[[-121.94828,36.52234],[-121.94828,36.52234]],[[-121.93746,36.52223],[-121.93746,36.52223]],[[-121.93409,36.52234],[-121.93409,36.52234]],[[-121.93732,36.52212],[-121.93732,36.52212]],[[-121.93704,36.52201],[-121.93704,36.52201]],[[-121.93746,36.52189],[-121.93746,36.52189]],[[-121.9369,36.52178],[-121.9369,36.52178]],[[-121.94097,36.52167],[-121.94097,36.52167]],[[-121.93648,36.52167],[-121.93648,36.52167]],[[-121.9494,36.52155],[-121.9494,36.52155]],[[-121.94224,36.52144],[-121.94224,36.52144]],[[-121.94154,36.52155],[-121.94154,36.52155]],[[-121.94097,36.52155],[-121.94097,36.52155]],[[-121.94083,36.52144],[-121.94083,36.52144]],[[-121.93634,36.52144],[-121.93634,36.52144]],[[-121.95375,36.52144],[-121.95375,36.52144]],[[-121.95361,36.52133],[-121.95347,36.52133],[-121.95361,36.52133]],[[-121.94168,36.52144],[-121.94168,36.52144]],[[-121.95389,36.52133],[-121.95389,36.52133]],[[-121.95347,36.52133],[-121.95347,36.52133]],[[-121.95333,36.52122],[-121.95333,36.52122]],[[-121.93634,36.52133],[-121.93634,36.52133]],[[-121.9494,36.52122],[-121.9494,36.52122]],[[-121.93648,36.5211],[-121.93648,36.5211]],[[-121.9852,36.52099],[-121.9852,36.52099]],[[-121.94224,36.52099],[-121.94224,36.52099]],[[-121.93676,36.52099],[-121.93676,36.52099]],[[-121.9376,36.52076],[-121.9376,36.52076]],[[-121.9442,36.52076],[-121.9442,36.52076]],[[-121.94322,36.52076],[-121.94322,36.52076]],[[-121.94238,36.52076],[-121.94238,36.52076]],[[-121.94336,36.52065],[-121.94336,36.52065]],[[-121.93746,36.52054],[-121.93746,36.52054]],[[-121.9515,36.52054],[-121.9515,36.52054]],[[-121.93718,36.52043],[-121.93718,36.52043]],[[-121.93704,36.52031],[-121.93704,36.52031]],[[-121.9369,36.5202],[-121.9369,36.5202]],[[-121.93676,36.52009],[-121.93676,36.52009]],[[-121.93676,36.51997],[-121.93676,36.51997]],[[-121.9369,36.51986],[-121.9369,36.51986]],[[-121.93718,36.51964],[-121.93718,36.51964]],[[-121.95122,36.51964],[-121.95122,36.51964]],[[-121.95361,36.51952],[-121.95361,36.51952]],[[-121.95319,36.51952],[-121.95319,36.51952]],[[-121.93718,36.51952],[-121.93718,36.51952]],[[-121.95136,36.51941],[-121.95136,36.51941]],[[-121.93732,36.51941],[-121.93732,36.51941]],[[-121.95361,36.5193],[-121.95361,36.5193]],[[-121.9515,36.5193],[-121.9515,36.5193]],[[-121.93746,36.5193],[-121.93746,36.5193]],[[-121.95389,36.51918],[-121.95389,36.51918]],[[-121.95291,36.51918],[-121.95291,36.51918]],[[-121.9376,36.51918],[-121.9376,36.51918]],[[-121.95277,36.51907],[-121.95277,36.51907]],[[-121.95165,36.51907],[-121.95165,36.51907]],[[-121.93788,36.51907],[-121.93788,36.51907]],[[-121.95403,36.51896],[-121.95403,36.51896]],[[-121.95263,36.51896],[-121.95263,36.51896]],[[-121.95179,36.51896],[-121.95179,36.51896]],[[-121.93831,36.51896],[-121.93831,36.51896]],[[-121.95305,36.51794],[-121.95305,36.51794]],[[-121.95207,36.51749],[-121.95207,36.51749]],[[-121.95221,36.51727],[-121.95221,36.51727]],[[-121.95235,36.51715],[-121.95235,36.51715]],[[-121.9494,36.51704],[-121.9494,36.51704]],[[-121.94954,36.51693],[-121.94954,36.51693]],[[-121.95179,36.51682],[-121.95179,36.51682]],[[-121.94982,36.5167],[-121.94982,36.5167]],[[-121.94448,36.51264],[-121.94448,36.51264]],[[-121.9442,36.51264],[-121.9442,36.51264]],[[-121.94406,36.51253],[-121.94406,36.51253]],[[-121.94378,36.51241],[-121.94378,36.51241]],[[-121.9421,36.51174],[-121.9421,36.51174]],[[-121.94196,36.51151],[-121.94196,36.51151]],[[-121.94168,36.51083],[-121.94168,36.51083]],[[-121.94168,36.51038],[-121.94168,36.51038]],[[-121.94182,36.51027],[-121.94182,36.51027]],[[-121.94196,36.50993],[-121.94196,36.50993]],[[-121.94238,36.50982],[-121.94238,36.50982]],[[-121.94252,36.50914],[-121.94252,36.50914]],[[-121.94224,36.50914],[-121.94224,36.50914]],[[-121.94196,36.50914],[-121.94196,36.50914]],[[-121.94069,36.50801],[-121.94069,36.50801]],[[-121.94168,36.5079],[-121.94168,36.5079]],[[-121.94154,36.5079],[-121.94154,36.5079]],[[-121.94139,36.50779],[-121.94111,36.50756],[-121.94139,36.50779]],[[-121.94097,36.5079],[-121.94097,36.5079]],[[-121.94083,36.5079],[-121.94083,36.5079]],[[-121.94125,36.50767],[-121.94125,36.50767]],[[-121.9435,36.50756],[-121.9442,36.507],[-121.94378,36.50632],[-121.9435,36.50621],[-121.94336,36.50632],[-121.94294,36.50598],[-121.9428,36.50609],[-121.9428,36.50711],[-121.9435,36.50756]],[[-121.94238,36.50756],[-121.94238,36.50756]],[[-121.94111,36.50756],[-121.94111,36.50756]],[[-121.94364,36.50745],[-121.94364,36.50745]],[[-121.94336,36.50745],[-121.94336,36.50745]],[[-121.94224,36.50745],[-121.94224,36.50745]],[[-121.9421,36.50745],[-121.9421,36.50745]],[[-121.94392,36.50734],[-121.94392,36.50734]],[[-121.94308,36.50734],[-121.94308,36.50734]],[[-121.94294,36.50722],[-121.94294,36.50722]],[[-121.94182,36.50711],[-121.94139,36.50711],[-121.94139,36.507],[-121.94182,36.50711]],[[-121.94406,36.50711],[-121.94406,36.50711]],[[-121.94224,36.50711],[-121.94224,36.50711]],[[-121.94168,36.507],[-121.94168,36.507]],[[-121.94139,36.507],[-121.94139,36.507]],[[-121.94055,36.507],[-121.94055,36.507]],[[-121.93873,36.50621],[-121.93873,36.50621]],[[-121.93887,36.50609],[-121.93887,36.50609]],[[-121.93901,36.50598],[-121.93901,36.50598]],[[-121.93802,36.50485],[-121.93802,36.50485]],[[-121.93817,36.50463],[-121.93817,36.50463]],[[-121.93831,36.50451],[-121.93831,36.50451]],[[-121.93845,36.5044],[-121.93845,36.5044]],[[-121.93873,36.50429],[-121.93873,36.50429]],[[-121.93929,36.50372],[-121.93929,36.50372]],[[-121.93887,36.50372],[-121.93887,36.50372]],[[-121.93887,36.50316],[-121.93887,36.50316]],[[-121.93999,36.50192],[-121.93999,36.50192]],[[-121.93943,36.50158],[-121.93943,36.50158]],[[-121.93929,36.50147],[-121.93929,36.50147]],[[-121.93915,36.50147],[-121.93915,36.50147]],[[-121.93873,36.50147],[-121.93873,36.50147]],[[-121.93859,36.50135],[-121.93859,36.50135]],[[-121.94027,36.50102],[-121.94027,36.50102]],[[-121.94041,36.5009],[-121.94041,36.5009]],[[-121.93662,36.49831],[-121.93662,36.49831]],[[-121.93676,36.49797],[-121.93676,36.49797]],[[-121.93704,36.49786],[-121.93704,36.49786]],[[-121.93718,36.49774],[-121.93718,36.49774]],[[-121.93746,36.49763],[-121.93746,36.49763]],[[-121.93774,36.49752],[-121.93774,36.49752]],[[-121.93845,36.49741],[-121.93845,36.49741]],[[-121.93915,36.49684],[-121.93915,36.49684]],[[-121.93929,36.49673],[-121.93929,36.49673]],[[-121.93971,36.49662],[-121.93971,36.49662]],[[-121.93999,36.4965],[-121.93999,36.4965]],[[-121.94013,36.49639],[-121.94013,36.49639]],[[-121.94097,36.49526],[-121.94097,36.49526]],[[-121.94041,36.49526],[-121.94041,36.49526]],[[-121.94027,36.49515],[-121.94027,36.49515]],[[-121.93999,36.49504],[-121.93999,36.49504]],[[-121.93985,36.49504],[-121.93985,36.49504]],[[-121.94111,36.49458],[-121.94111,36.49458]],[[-121.94125,36.49447],[-121.94125,36.49447]],[[-121.94154,36.49436],[-121.94154,36.49436]],[[-121.94168,36.49425],[-121.94168,36.49425]],[[-121.94182,36.49413],[-121.94182,36.49413]],[[-121.94196,36.49391],[-121.94196,36.49391]],[[-121.9421,36.49368],[-121.9421,36.49368]],[[-121.94252,36.49334],[-121.94252,36.49334]],[[-121.94224,36.49334],[-121.94224,36.49334]],[[-121.94462,36.49323],[-121.94462,36.49323]],[[-121.9442,36.49323],[-121.9442,36.49323]],[[-121.9428,36.49323],[-121.9428,36.49323]],[[-121.94406,36.49312],[-121.94406,36.49312]],[[-121.94322,36.49312],[-121.94322,36.49312]],[[-121.94294,36.49312],[-121.94294,36.49312]],[[-121.94392,36.493],[-121.94392,36.493]],[[-121.94336,36.493],[-121.94336,36.493]],[[-121.9435,36.49289],[-121.9435,36.49289]],[[-121.94476,36.49255],[-121.94476,36.49255]],[[-121.94462,36.49233],[-121.94462,36.49233]],[[-121.94505,36.49233],[-121.94505,36.49233]],[[-121.94462,36.49165],[-121.94462,36.49165]],[[-121.94476,36.49154],[-121.94476,36.49154]],[[-121.94491,36.49142],[-121.94491,36.49142]],[[-121.94519,36.49131],[-121.94519,36.49131]],[[-121.94547,36.4912],[-121.94547,36.4912]],[[-121.94561,36.49109],[-121.94561,36.49109]]]},"properties":{"depth_m":500}},{"type":"Feature","geometry":{"type":"MultiLineString","coordinates":[[[-121.99233,36.54503],[-121.99248,36.54401],[-121.99194,36.54254],[-121.99124,36.54134],[-121.99149,36.54074],[-121.99098,36.54029],[-121.99084,36.53995],[-121.98997,36.53938],[-121.99048,36.53848],[-121.99054,36.53801],[-121.98998,36.53788],[-121.989,36.53826],[-121.98763,36.53713],[-121.98697,36.53679],[-121.98654,36.536],[-121.98619,36.53574],[-121.98489,36.53555],[-121.98394,36.53514],[-121.98141,36.53501],[-121.98029,36.53462],[-121.97973,36.53488],[-121.97903,36.53569],[-121.97818,36.53586],[-121.97765,36.53645],[-121.97692,36.53673],[-121.97566,36.53665],[-121.97327,36.53613],[-121.97201,36.53564],[-121.97179,36.53532],[-121.97232,36.53476],[-121.97383,36.53401],[-121.97595,36.5325],[-121.97692,36.53199],[-121.9779,36.53186],[-121.97808,36.53171],[-121.978,36.53126],[-121.97825,36.53081],[-121.97922,36.53024],[-121.97932,36.52979],[-121.97973,36.52948],[-121.98254,36.52884],[-121.98408,36.52878],[-121.98506,36.52917],[-121.98599,36.52787],[-121.98675,36.52754],[-121.98671,36.52697],[-121.98619,36.52573],[-121.98612,36.52494],[-121.98518,36.52234],[-121.98517,36.5211],[-121.98534,36.52092],[-121.98717,36.52242],[-121.98787,36.52267],[-121.98843,36.52312],[-121.99062,36.52584],[-121.99152,36.5263],[-121.9921,36.52686],[-121.99363,36.52764]],[[-121.93171,36.54503],[-121.93213,36.54469],[-121.93297,36.54446],[-121.93367,36.5448],[-121.93381,36.54469],[-121.93367,36.54446],[-121.93339,36.54458],[-121.93381,36.54379],[-121.93381,36.54345],[-121.93325,36.543],[-121.93325,36.54209],[-121.93297,36.54164],[-121.93325,36.54142],[-121.93325,36.54096],[-121.93283,36.54051],[-121.93297,36.53995],[-121.93255,36.53984],[-121.93255,36.5395],[-121.93269,36.53938],[-121.93255,36.53927],[-121.93185,36.53927],[-121.93086,36.53961],[-121.93044,36.53938],[-121.92904,36.5378],[-121.92862,36.53701],[-121.92862,36.53622],[-121.92848,36.53611],[-121.9282,36.53386],[-121.92777,36.53329],[-121.92693,36.53273],[-121.92679,36.53228],[-121.92693,36.53149],[-121.92637,36.53103]],[[-121.93185,36.54491],[-121.93185,36.54491]],[[-121.93199,36.5448],[-121.93199,36.5448]],[[-121.93353,36.54469],[-121.93353,36.54469]],[[-121.93213,36.54469],[-121.93213,36.54469]],[[-121.93241,36.54458],[-121.93241,36.54458]],[[-121.93311,36.54446],[-121.93311,36.54446]],[[-121.93297,36.54446],[-121.93297,36.54446]],[[-121.93353,36.54412],[-121.93353,36.54412]],[[-121.93367,36.5439],[-121.93367,36.5439]],[[-121.93297,36.54164],[-121.93297,36.54164]],[[-121.93311,36.54153],[-121.93311,36.54153]],[[-121.93283,36.54029],[-121.93283,36.54029]],[[-121.93255,36.5395],[-121.93255,36.5395]],[[-121.97945,36.53532],[-121.97945,36.53532]],[[-121.92679,36.53194],[-121.92679,36.53194]],[[-121.99124,36.52618],[-121.99124,36.52618]],[[-121.92637,36.52426],[-121.92749,36.52313],[-121.92848,36.52268],[-121.92946,36.5228],[-121.9296,36.52291],[-121.9296,36.52325],[-121.9303,36.5237],[-121.93157,36.52347],[-121.93185,36.5237],[-121.93241,36.52336],[-121.93367,36.52347],[-121.93381,36.52336],[-121.93353,36.52313],[-121.93353,36.52291],[-121.93409,36.52234],[-121.93522,36.52246],[-121.9355,36.52291],[-121.93578,36.52291],[-121.93578,36.52313],[-121.93606,36.52347],[-121.93648,36.52336],[-121.93662,36.52359],[-121.93718,36.52347],[-121.93732,36.52325],[-121.93718,36.52313],[-121.93746,36.52302],[-121.93732,36.52313],[-121.93746,36.52325],[-121.9376,36.52313],[-121.93746,36.52325],[-121.9376,36.52336],[-121.93774,36.52325],[-121.93732,36.5228],[-121.93746,36.52268],[-121.93774,36.52291],[-121.93802,36.52268],[-121.93732,36.52212],[-121.9376,36.52201],[-121.93732,36.52178],[-121.93676,36.52167],[-121.93662,36.52189],[-121.93634,36.52144],[-121.93648,36.5211],[-121.93676,36.52099],[-121.93704,36.52099],[-121.93718,36.52133],[-121.9376,36.52144],[-121.93774,36.52133],[-121.9376,36.52065],[-121.93676,36.51997],[-121.93732,36.51986],[-121.93718,36.51952],[-121.9376,36.51918],[-121.93831,36.51896],[-121.93915,36.51896],[-121.94013,36.51918],[-121.94083,36.51964],[-121.94069,36.5202],[-121.93999,36.52076],[-121.93985,36.5211],[-121.94055,36.52144],[-121.94055,36.52178],[-121.94069,36.52189],[-121.94097,36.52201],[-121.94111,36.52189],[-121.94097,36.52201],[-121.94111,36.52223],[-121.94125,36.52201],[-121.94097,36.52155],[-121.94139,36.52167],[-121.94168,36.52144],[-121.9421,36.52178],[-121.94238,36.52167],[-121.94224,36.5211],[-121.94238,36.52076],[-121.94308,36.52088],[-121.94336,36.52065],[-121.94406,36.52099],[-121.9442,36.52076],[-121.94448,36.52076],[-121.94476,36.52099],[-121.94462,36.52122],[-121.94476,36.52144],[-121.94448,36.52167],[-121.94434,36.52155],[-121.9442,36.52167],[-121.94434,36.52178],[-121.94448,36.52167],[-121.94434,36.52189],[-121.94505,36.52234],[-121.94561,36.52234],[-121.94561,36.52257],[-121.94589,36.52291],[-121.94617,36.52291],[-121.94645,36.52313],[-121.94659,36.52302],[-121.94687,36.52336],[-121.94701,36.52325],[-121.94813,36.52404],[-121.94856,36.5237],[-121.94856,36.52291],[-121.94828,36.52268],[-121.94828,36.52234],[-121.9487,36.52234],[-121.94898,36.52268],[-121.9494,36.52257],[-121.94912,36.52268],[-121.94926,36.52291],[-121.94954,36.52268],[-121.9494,36.52257],[-121.94954,36.52223],[-121.9494,36.52122],[-121.94968,36.52122],[-121.95122,36.52268],[-121.95249,36.52347],[-121.95249,36.5237],[-121.95291,36.52404],[-121.95333,36.52392],[-121.95319,36.5237],[-121.95333,36.52347],[-121.95305,36.52325],[-121.95319,36.52302],[-121.95347,36.52336],[-121.95361,36.52325],[-121.95347,36.52336],[-121.95361,36.52347],[-121.95375,36.52336],[-121.95403,36.52359],[-121.95431,36.52415],[-121.95473,36.52438],[-121.95487,36.52426],[-121.95487,36.52404],[-121.95459,36.52381],[-121.95487,36.5237],[-121.95375,36.5228],[-121.95333,36.52268],[-121.95361,36.52246],[-121.95431,36.5228],[-121.95459,36.52246],[-121.95417,36.52167],[-121.95375,36.52144],[-121.95403,36.52122],[-121.95249,36.52043],[-121.9515,36.52054],[-121.95179,36.52043],[-121.95179,36.52009],[-121.9515,36.51975],[-121.95122,36.51975],[-121.95179,36.51896],[-121.95263,36.51896],[-121.95291,36.51918],[-121.95291,36.51941],[-121.95333,36.51964],[-121.95375,36.51941],[-121.95361,36.5193],[-121.95403,36.51896],[-121.95445,36.51907],[-121.95459,36.51885],[-121.95417,36.51794],[-121.95361,36.51749],[-121.95319,36.51749],[-121.95291,36.51783],[-121.95305,36.51794],[-121.95305,36.51828],[-121.95235,36.51817],[-121.95235,36.51772],[-121.95207,36.51749],[-121.95249,36.51704],[-121.95179,36.51648],[-121.95165,36.5167],[-121.95179,36.51682],[-121.95165,36.51682],[-121.95094,36.51636],[-121.95052,36.51715],[-121.95024,36.51704],[-121.94996,36.51715],[-121.94968,36.51693],[-121.9494,36.51704],[-121.94982,36.51682],[-121.94996,36.51636],[-121.94954,36.51614],[-121.94954,36.51569],[-121.94926,36.51546],[-121.94884,36.5158],[-121.94884,36.51557],[-121.94813,36.5149],[-121.94799,36.51399],[-121.94771,36.51377],[-121.94757,36.51411],[-121.94729,36.51343],[-121.94687,36.51354],[-121.94659,36.5132],[-121.94575,36.5132],[-121.94561,36.51354],[-121.94561,36.51298],[-121.94533,36.51275],[-121.94505,36.51275],[-121.9442,36.5132],[-121.94378,36.51298],[-121.94378,36.51241],[-121.94434,36.51275],[-121.94462,36.51253],[-121.94364,36.51185],[-121.94322,36.51196],[-121.94294,36.51174],[-121.94252,36.51174],[-121.94224,36.51196],[-121.9421,36.51185],[-121.94238,36.51162],[-121.94196,36.51151],[-121.94252,36.5114],[-121.94168,36.51129],[-121.94168,36.51083],[-121.94196,36.51061],[-121.94168,36.51038],[-121.94196,36.51016],[-121.94196,36.50993],[-121.94238,36.51004],[-121.94252,36.50993],[-121.94238,36.50982],[-121.94266,36.50971],[-121.94224,36.50959],[-121.94224,36.50937],[-121.94196,36.50914],[-121.94238,36.50925],[-121.94266,36.50903],[-121.94224,36.50858],[-121.94196,36.5088],[-121.94154,36.50835],[-121.94111,36.50846],[-121.94097,36.50824],[-121.94069,36.50824],[-121.94069,36.50801],[-121.94097,36.5079],[-121.9421,36.50801],[-121.94224,36.5079],[-121.94224,36.50756],[-121.9421,36.50745],[-121.94252,36.50767],[-121.94266,36.50756],[-121.94224,36.50711],[-121.94238,36.50688],[-121.94182,36.50643],[-121.94125,36.50688],[-121.94111,36.50666],[-121.94055,36.50677],[-121.94041,36.50688],[-121.94055,36.50711],[-121.94013,36.50688],[-121.93943,36.507],[-121.93873,36.50632],[-121.93915,36.50587],[-121.93915,36.50564],[-121.93859,36.50553],[-121.93859,36.5053],[-121.93802,36.50485],[-121.93845,36.5044],[-121.93901,36.50418],[-121.93887,36.50372],[-121.93915,36.50384],[-121.93943,36.50361],[-121.93943,36.50339],[-121.93915,36.50316],[-121.93887,36.50327],[-121.93901,36.50282],[-121.93873,36.50237],[-121.93859,36.50135],[-121.93887,36.50158],[-121.93929,36.50147],[-121.93957,36.50203],[-121.94013,36.50192],[-121.94027,36.50181],[-121.94027,36.50102],[-121.94055,36.50079],[-121.94055,36.50023],[-121.93985,36.49955],[-121.93943,36.49966],[-121.93929,36.49944],[-121.93915,36.49955],[-121.93887,36.4991],[-121.93817,36.49876],[-121.93788,36.49876],[-121.9376,36.4991],[-121.9376,36.49932],[-121.93746,36.49932],[-121.93718,36.49887],[-121.93662,36.49865],[-121.93676,36.49797],[-121.93774,36.49752],[-121.93915,36.49729],[-121.93915,36.49684],[-121.93985,36.49662],[-121.94027,36.49628],[-121.94013,36.49549],[-121.93985,36.49504],[-121.94083,36.49537],[-121.94111,36.49515],[-121.94111,36.49458],[-121.94196,36.49402],[-121.94224,36.49334],[-121.94266,36.49346],[-121.94294,36.49312],[-121.94294,36.49346],[-121.94308,36.49357],[-121.94322,36.49346],[-121.94322,36.49312],[-121.9435,36.49289],[-121.94448,36.49334],[-121.94476,36.49312],[-121.94476,36.49255],[-121.94519,36.49221],[-121.94462,36.49165],[-121.94575,36.49097]],[[-121.92651,36.52415],[-121.92651,36.52415]],[[-121.98914,36.52392],[-121.98914,36.52392]],[[-121.92665,36.52392],[-121.92665,36.52392]],[[-121.95459,36.52381],[-121.95459,36.52381]],[[-121.95319,36.5237],[-121.95319,36.5237]],[[-121.94828,36.52381],[-121.94828,36.52381]],[[-121.92679,36.52381],[-121.92679,36.52381]],[[-121.92693,36.5237],[-121.92693,36.5237]],[[-121.93199,36.52359],[-121.93199,36.52359]],[[-121.93072,36.52359],[-121.93072,36.52359]],[[-121.95319,36.52336],[-121.95319,36.52336]],[[-121.93676,36.52347],[-121.93676,36.52347]],[[-121.93213,36.52347],[-121.93213,36.52347]],[[-121.93114,36.52347],[-121.93114,36.52347]],[[-121.92707,36.52347],[-121.92707,36.52347]],[[-121.95375,36.52336],[-121.95375,36.52336]],[[-121.95305,36.52325],[-121.95277,36.52313],[-121.95305,36.52325]],[[-121.93634,36.52336],[-121.93634,36.52336]],[[-121.93367,36.52325],[-121.93367,36.52325]],[[-121.93241,36.52336],[-121.93241,36.52336]],[[-121.92721,36.52336],[-121.92721,36.52336]],[[-121.95361,36.52325],[-121.95361,36.52313],[-121.95361,36.52325]],[[-121.94701,36.52325],[-121.94701,36.52325]],[[-121.93718,36.52313],[-121.93718,36.52313]],[[-121.93353,36.52313],[-121.93353,36.52313]],[[-121.92735,36.52325],[-121.92735,36.52325]],[[-121.95361,36.52313],[-121.95361,36.52313]],[[-121.95291,36.52313],[-121.95291,36.52313]],[[-121.95277,36.52313],[-121.95277,36.52313]],[[-121.95263,36.52302],[-121.95263,36.52302]],[[-121.92749,36.52313],[-121.92749,36.52313]],[[-121.95319,36.52302],[-121.95319,36.52302]],[[-121.95249,36.52291],[-121.95249,36.52291]],[[-121.94659,36.52302],[-121.94659,36.52302]],[[-121.92777,36.52302],[-121.92777,36.52302]],[[-121.94842,36.5228],[-121.94842,36.5228]],[[-121.93732,36.5228],[-121.93732,36.5228]],[[-121.93353,36.52291],[-121.93353,36.52291]],[[-121.92792,36.52291],[-121.92792,36.52291]],[[-121.9494,36.5228],[-121.9494,36.5228]],[[-121.94828,36.52268],[-121.94828,36.52268]],[[-121.93788,36.5228],[-121.93788,36.5228]],[[-121.9282,36.5228],[-121.9282,36.5228]],[[-121.95417,36.52268],[-121.95417,36.52268]],[[-121.95333,36.52268],[-121.95333,36.52268]],[[-121.95319,36.52257],[-121.95319,36.52257]],[[-121.93788,36.52257],[-121.93788,36.52257]],[[-121.93746,36.52268],[-121.93746,36.52268]],[[-121.93367,36.52268],[-121.93367,36.52268]],[[-121.92848,36.52268],[-121.92848,36.52268]],[[-121.95445,36.52257],[-121.95445,36.52257]],[[-121.95389,36.52257],[-121.95389,36.52257]],[[-121.95291,36.52246],[-121.95291,36.52246]],[[-121.94926,36.52257],[-121.94926,36.52257]],[[-121.93774,36.52246],[-121.93774,36.52246]],[[-121.93381,36.52257],[-121.93381,36.52257]],[[-121.95361,36.52246],[-121.95361,36.52246]],[[-121.95347,36.52246],[-121.95347,36.52246]],[[-121.9376,36.52234],[-121.9376,36.52234]],[[-121.93395,36.52246],[-121.93395,36.52246]],[[-121.94828,36.52234],[-121.94828,36.52234]],[[-121.93746,36.52223],[-121.93746,36.52223]],[[-121.93409,36.52234],[-121.93409,36.52234]],[[-121.93732,36.52212],[-121.93732,36.52212]],[[-121.93704,36.52201],[-121.93704,36.52201]],[[-121.93746,36.52189],[-121.93746,36.52189]],[[-121.9369,36.52178],[-121.9369,36.52178]],[[-121.94097,36.52167],[-121.94097,36.52167]],[[-121.93648,36.52167],[-121.93648,36.52167]],[[-121.9494,36.52155],[-121.9494,36.52155]],[[-121.94224,36.52144],[-121.94224,36.52144]],[[-121.94154,36.52155],[-121.94154,36.52155]],[[-121.94097,36.52155],[-121.94097,36.52155]],[[-121.94083,36.52144],[-121.94083,36.52144]],[[-121.93634,36.52144],[-121.93634,36.52144]],[[-121.95375,36.52144],[-121.95375,36.52144]],[[-121.95361,36.52133],[-121.95347,36.52133],[-121.95361,36.52133]],[[-121.94168,36.52144],[-121.94168,36.52144]],[[-121.95389,36.52133],[-121.95389,36.52133]],[[-121.95347,36.52133],[-121.95347,36.52133]],[[-121.95333,36.52122],[-121.95333,36.52122]],[[-121.93634,36.52133],[-121.93634,36.52133]],[[-121.9494,36.52122],[-121.9494,36.52122]],[[-121.93648,36.5211],[-121.93648,36.5211]],[[-121.9852,36.52099],[-121.9852,36.52099]],[[-121.94224,36.52099],[-121.94224,36.52099]],[[-121.93676,36.52099],[-121.93676,36.52099]],[[-121.9376,36.52076],[-121.9376,36.52076]],[[-121.9442,36.52076],[-121.9442,36.52076]],[[-121.94322,36.52076],[-121.94322,36.52076]],[[-121.94238,36.52076],[-121.94238,36.52076]],[[-121.94336,36.52065],[-121.94336,36.52065]],[[-121.93746,36.52054],[-121.93746,36.52054]],[[-121.9515,36.52054],[-121.9515,36.52054]],[[-121.93718,36.52043],[-121.93718,36.52043]],[[-121.93704,36.52031],[-121.93704,36.52031]],[[-121.9369,36.5202],[-121.9369,36.5202]],[[-121.93676,36.52009],[-121.93676,36.52009]],[[-121.93676,36.51997],[-121.93676,36.51997]],[[-121.9369,36.51986],[-121.9369,36.51986]],[[-121.93718,36.51964],[-121.93718,36.51964]],[[-121.95122,36.51964],[-121.95122,36.51964]],[[-121.95361,36.51952],[-121.95361,36.51952]],[[-121.95319,36.51952],[-121.95319,36.51952]],[[-121.93718,36.51952],[-121.93718,36.51952]],[[-121.95136,36.51941],[-121.95136,36.51941]],[[-121.93732,36.51941],[-121.93732,36.51941]],[[-121.95361,36.5193],[-121.95361,36.5193]],[[-121.9515,36.5193],[-121.9515,36.5193]],[[-121.93746,36.5193],[-121.93746,36.5193]],[[-121.95389,36.51918],[-121.95389,36.51918]],[[-121.95291,36.51918],[-121.95291,36.51918]],[[-121.9376,36.51918],[-121.9376,36.51918]],[[-121.95277,36.51907],[-121.95277,36.51907]],[[-121.95165,36.51907],[-121.95165,36.51907]],[[-121.93788,36.51907],[-121.93788,36.51907]],[[-121.95403,36.51896],[-121.95403,36.51896]],[[-121.95263,36.51896],[-121.95263,36.51896]],[[-121.95179,36.51896],[-121.95179,36.51896]],[[-121.93831,36.51896],[-121.93831,36.51896]],[[-121.95305,36.51794],[-121.95305,36.51794]],[[-121.95207,36.51749],[-121.95207,36.51749]],[[-121.95221,36.51727],[-121.95221,36.51727]],[[-121.95235,36.51715],[-121.95235,36.51715]],[[-121.9494,36.51704],[-121.9494,36.51704]],[[-121.94954,36.51693],[-121.94954,36.51693]],[[-121.95179,36.51682],[-121.95179,36.51682]],[[-121.94982,36.5167],[-121.94982,36.5167]],[[-121.94448,36.51264],[-121.94448,36.51264]],[[-121.9442,36.51264],[-121.9442,36.51264]],[[-121.94406,36.51253],[-121.94406,36.51253]],[[-121.94378,36.51241],[-121.94378,36.51241]],[[-121.9421,36.51174],[-121.9421,36.51174]],[[-121.94196,36.51151],[-121.94196,36.51151]],[[-121.94168,36.51083],[-121.94168,36.51083]],[[-121.94168,36.51038],[-121.94168,36.51038]],[[-121.94182,36.51027],[-121.94182,36.51027]],[[-121.94196,36.50993],[-121.94196,36.50993]],[[-121.94238,36.50982],[-121.94238,36.50982]],[[-121.94252,36.50914],[-121.94252,36.50914]],[[-121.94224,36.50914],[-121.94224,36.50914]],[[-121.94196,36.50914],[-121.94196,36.50914]],[[-121.94069,36.50801],[-121.94069,36.50801]],[[-121.94168,36.5079],[-121.94168,36.5079]],[[-121.94154,36.5079],[-121.94154,36.5079]],[[-121.94139,36.50779],[-121.94111,36.50756],[-121.94139,36.50779]],[[-121.94097,36.5079],[-121.94097,36.5079]],[[-121.94083,36.5079],[-121.94083,36.5079]],[[-121.94125,36.50767],[-121.94125,36.50767]],[[-121.9435,36.50756],[-121.9442,36.507],[-121.94378,36.50632],[-121.9435,36.50621],[-121.94336,36.50632],[-121.94294,36.50598],[-121.9428,36.50609],[-121.9428,36.50711],[-121.9435,36.50756]],[[-121.94238,36.50756],[-121.94238,36.50756]],[[-121.94111,36.50756],[-121.94111,36.50756]],[[-121.94364,36.50745],[-121.94364,36.50745]],[[-121.94336,36.50745],[-121.94336,36.50745]],[[-121.94224,36.50745],[-121.94224,36.50745]],[[-121.9421,36.50745],[-121.9421,36.50745]],[[-121.94392,36.50734],[-121.94392,36.50734]],[[-121.94308,36.50734],[-121.94308,36.50734]],[[-121.94294,36.50722],[-121.94294,36.50722]],[[-121.94182,36.50711],[-121.94139,36.50711],[-121.94139,36.507],[-121.94182,36.50711]],[[-121.94406,36.50711],[-121.94406,36.50711]],[[-121.94224,36.50711],[-121.94224,36.50711]],[[-121.94168,36.507],[-121.94168,36.507]],[[-121.94139,36.507],[-121.94139,36.507]],[[-121.94055,36.507],[-121.94055,36.507]],[[-121.93873,36.50621],[-121.93873,36.50621]],[[-121.93887,36.50609],[-121.93887,36.50609]],[[-121.93901,36.50598],[-121.93901,36.50598]],[[-121.93802,36.50485],[-121.93802,36.50485]],[[-121.93817,36.50463],[-121.93817,36.50463]],[[-121.93831,36.50451],[-121.93831,36.50451]],[[-121.93845,36.5044],[-121.93845,36.5044]],[[-121.93873,36.50429],[-121.93873,36.50429]],[[-121.93929,36.50372],[-121.93929,36.50372]],[[-121.93887,36.50372],[-121.93887,36.50372]],[[-121.93887,36.50316],[-121.93887,36.50316]],[[-121.93999,36.50192],[-121.93999,36.50192]],[[-121.93943,36.50158],[-121.93943,36.50158]],[[-121.93929,36.50147],[-121.93929,36.50147]],[[-121.93915,36.50147],[-121.93915,36.50147]],[[-121.93873,36.50147],[-121.93873,36.50147]],[[-121.93859,36.50135],[-121.93859,36.50135]],[[-121.94027,36.50102],[-121.94027,36.50102]],[[-121.94041,36.5009],[-121.94041,36.5009]],[[-121.93662,36.49831],[-121.93662,36.49831]],[[-121.93676,36.49797],[-121.93676,36.49797]],[[-121.93704,36.49786],[-121.93704,36.49786]],[[-121.93718,36.49774],[-121.93718,36.49774]],[[-121.93746,36.49763],[-121.93746,36.49763]],[[-121.93774,36.49752],[-121.93774,36.49752]],[[-121.93845,36.49741],[-121.93845,36.49741]],[[-121.93915,36.49684],[-121.93915,36.49684]],[[-121.93929,36.49673],[-121.93929,36.49673]],[[-121.93971,36.49662],[-121.93971,36.49662]],[[-121.93999,36.4965],[-121.93999,36.4965]],[[-121.94013,36.49639],[-121.94013,36.49639]],[[-121.94097,36.49526],[-121.94097,36.49526]],[[-121.94041,36.49526],[-121.94041,36.49526]],[[-121.94027,36.49515],[-121.94027,36.49515]],[[-121.93999,36.49504],[-121.93999,36.49504]],[[-121.93985,36.49504],[-121.93985,36.49504]],[[-121.94111,36.49458],[-121.94111,36.49458]],[[-121.94125,36.49447],[-121.94125,36.49447]],[[-121.94154,36.49436],[-121.94154,36.49436]],[[-121.94168,36.49425],[-121.94168,36.49425]],[[-121.94182,36.49413],[-121.94182,36.49413]],[[-121.94196,36.49391],[-121.94196,36.49391]],[[-121.9421,36.49368],[-121.9421,36.49368]],[[-121.94252,36.49334],[-121.94252,36.49334]],[[-121.94224,36.49334],[-121.94224,36.49334]],[[-121.94462,36.49323],[-121.94462,36.49323]],[[-121.9442,36.49323],[-121.9442,36.49323]],[[-121.9428,36.49323],[-121.9428,36.49323]],[[-121.94406,36.49312],[-121.94406,36.49312]],[[-121.94322,36.49312],[-121.94322,36.49312]],[[-121.94294,36.49312],[-121.94294,36.49312]],[[-121.94392,36.493],[-121.94392,36.493]],[[-121.94336,36.493],[-121.94336,36.493]],[[-121.9435,36.49289],[-121.9435,36.49289]],[[-121.94476,36.49255],[-121.94476,36.49255]],[[-121.94462,36.49233],[-121.94462,36.49233]],[[-121.94505,36.49233],[-121.94505,36.49233]],[[-121.94462,36.49165],[-121.94462,36.49165]],[[-121.94476,36.49154],[-121.94476,36.49154]],[[-121.94491,36.49142],[-121.94491,36.49142]],[[-121.94519,36.49131],[-121.94519,36.49131]],[[-121.94547,36.4912],[-121.94547,36.4912]],[[-121.94561,36.49109],[-121.94561,36.49109]]]},"properties":{"depth_m":500}},{"type":"Feature","geometry":{"type":"MultiLineString","coordinates":[[[-121.93171,36.54503],[-121.93213,36.54469],[-121.93297,36.54446],[-121.93367,36.5448],[-121.93381,36.54469],[-121.93367,36.54446],[-121.93339,36.54458],[-121.93381,36.54379],[-121.93381,36.54345],[-121.93325,36.543],[-121.93325,36.54209],[-121.93297,36.54164],[-121.93325,36.54142],[-121.93325,36.54096],[-121.93283,36.54051],[-121.93297,36.53995],[-121.93255,36.53984],[-121.93255,36.5395],[-121.93269,36.53938],[-121.93255,36.53927],[-121.93185,36.53927],[-121.93086,36.53961],[-121.93044,36.53938],[-121.92904,36.5378],[-121.92862,36.53701],[-121.92862,36.53622],[-121.92848,36.53611],[-121.9282,36.53386],[-121.92777,36.53329],[-121.92693,36.53273],[-121.92679,36.53228],[-121.92693,36.53149],[-121.92637,36.53103]],[[-121.93185,36.54491],[-121.93185,36.54491]],[[-121.93199,36.5448],[-121.93199,36.5448]],[[-121.93353,36.54469],[-121.93353,36.54469]],[[-121.93213,36.54469],[-121.93213,36.54469]],[[-121.93241,36.54458],[-121.93241,36.54458]],[[-121.93311,36.54446],[-121.93311,36.54446]],[[-121.93297,36.54446],[-121.93297,36.54446]],[[-121.93353,36.54412],[-121.93353,36.54412]],[[-121.93367,36.5439],[-121.93367,36.5439]],[[-121.99363,36.54199],[-121.99323,36.54108],[-121.99328,36.54074],[-121.99363,36.5404]],[[-121.93297,36.54164],[-121.93297,36.54164]],[[-121.93311,36.54153],[-121.93311,36.54153]],[[-121.99349,36.54051],[-121.99349,36.54051]],[[-121.93283,36.54029],[-121.93283,36.54029]],[[-121.93255,36.5395],[-121.93255,36.5395]],[[-121.99363,36.53902],[-121.99334,36.53848],[-121.99346,36.53747],[-121.99331,36.53713],[-121.99132,36.53611],[-121.99059,36.53543],[-121.9897,36.53498],[-121.98951,36.53476],[-121.98958,36.53431],[-121.98772,36.53307],[-121.98757,36.53261],[-121.98787,36.53204],[-121.98855,36.53137],[-121.98965,36.53092],[-121.9887,36.53013],[-121.98866,36.52991],[-121.98909,36.52934],[-121.98972,36.52889],[-121.99124,36.52873],[-121.99363,36.52945]],[[-121.92679,36.53194],[-121.92679,36.53194]],[[-121.98956,36.529],[-121.98956,36.529]],[[-121.99152,36.52878],[-121.99152,36.52878]],[[-121.92637,36.52426],[-121.92749,36.52313],[-121.92848,36.52268],[-121.92946,36.5228],[-121.9296,36.52291],[-121.9296,36.52325],[-121.9303,36.5237],[-121.93157,36.52347],[-121.93185,36.5237],[-121.93241,36.52336],[-121.93367,36.52347],[-121.93381,36.52336],[-121.93353,36.52313],[-121.93353,36.52291],[-121.93409,36.52234],[-121.93522,36.52246],[-121.9355,36.52291],[-121.93578,36.52291],[-121.93578,36.52313],[-121.93606,36.52347],[-121.93648,36.52336],[-121.93662,36.52359],[-121.93718,36.52347],[-121.93732,36.52325],[-121.93718,36.52313],[-121.93746,36.52302],[-121.93732,36.52313],[-121.93746,36.52325],[-121.9376,36.52313],[-121.93746,36.52325],[-121.9376,36.52336],[-121.93774,36.52325],[-121.93732,36.5228],[-121.93746,36.52268],[-121.93774,36.52291],[-121.93802,36.52268],[-121.93732,36.52212],[-121.9376,36.52201],[-121.93732,36.52178],[-121.93676,36.52167],[-121.93662,36.52189],[-121.93634,36.52144],[-121.93648,36.5211],[-121.93676,36.52099],[-121.93704,36.52099],[-121.93718,36.52133],[-121.9376,36.52144],[-121.93774,36.52133],[-121.9376,36.52065],[-121.93676,36.51997],[-121.93732,36.51986],[-121.93718,36.51952],[-121.9376,36.51918],[-121.93831,36.51896],[-121.93915,36.51896],[-121.94013,36.51918],[-121.94083,36.51964],[-121.94069,36.5202],[-121.93999,36.52076],[-121.93985,36.5211],[-121.94055,36.52144],[-121.94055,36.52178],[-121.94069,36.52189],[-121.94097,36.52201],[-121.94111,36.52189],[-121.94097,36.52201],[-121.94111,36.52223],[-121.94125,36.52201],[-121.94097,36.52155],[-121.94139,36.52167],[-121.94168,36.52144],[-121.9421,36.52178],[-121.94238,36.52167],[-121.94224,36.5211],[-121.94238,36.52076],[-121.94308,36.52088],[-121.94336,36.52065],[-121.94406,36.52099],[-121.9442,36.52076],[-121.94448,36.52076],[-121.94476,36.52099],[-121.94462,36.52122],[-121.94476,36.52144],[-121.94448,36.52167],[-121.94434,36.52155],[-121.9442,36.52167],[-121.94434,36.52178],[-121.94448,36.52167],[-121.94434,36.52189],[-121.94505,36.52234],[-121.94561,36.52234],[-121.94561,36.52257],[-121.94589,36.52291],[-121.94617,36.52291],[-121.94645,36.52313],[-121.94659,36.52302],[-121.94687,36.52336],[-121.94701,36.52325],[-121.94813,36.52404],[-121.94856,36.5237],[-121.94856,36.52291],[-121.94828,36.52268],[-121.94828,36.52234],[-121.9487,36.52234],[-121.94898,36.52268],[-121.9494,36.52257],[-121.94912,36.52268],[-121.94926,36.52291],[-121.94954,36.52268],[-121.9494,36.52257],[-121.94954,36.52223],[-121.9494,36.52122],[-121.94968,36.52122],[-121.95122,36.52268],[-121.95249,36.52347],[-121.95249,36.5237],[-121.95291,36.52404],[-121.95333,36.52392],[-121.95319,36.5237],[-121.95333,36.52347],[-121.95305,36.52325],[-121.95319,36.52302],[-121.95347,36.52336],[-121.95361,36.52325],[-121.95347,36.52336],[-121.95361,36.52347],[-121.95375,36.52336],[-121.95403,36.52359],[-121.95431,36.52415],[-121.95473,36.52438],[-121.95487,36.52426],[-121.95487,36.52404],[-121.95459,36.52381],[-121.95487,36.5237],[-121.95375,36.5228],[-121.95333,36.52268],[-121.95361,36.52246],[-121.95431,36.5228],[-121.95459,36.52246],[-121.95417,36.52167],[-121.95375,36.52144],[-121.95403,36.52122],[-121.95249,36.52043],[-121.9515,36.52054],[-121.95179,36.52043],[-121.95179,36.52009],[-121.9515,36.51975],[-121.95122,36.51975],[-121.95179,36.51896],[-121.95263,36.51896],[-121.95291,36.51918],[-121.95291,36.51941],[-121.95333,36.51964],[-121.95375,36.51941],[-121.95361,36.5193],[-121.95403,36.51896],[-121.95445,36.51907],[-121.95459,36.51885],[-121.95417,36.51794],[-121.95361,36.51749],[-121.95319,36.51749],[-121.95291,36.51783],[-121.95305,36.51794],[-121.95305,36.51828],[-121.95235,36.51817],[-121.95235,36.51772],[-121.95207,36.51749],[-121.95249,36.51704],[-121.95179,36.51648],[-121.95165,36.5167],[-121.95179,36.51682],[-121.95165,36.51682],[-121.95094,36.51636],[-121.95052,36.51715],[-121.95024,36.51704],[-121.94996,36.51715],[-121.94968,36.51693],[-121.9494,36.51704],[-121.94982,36.51682],[-121.94996,36.51636],[-121.94954,36.51614],[-121.94954,36.51569],[-121.94926,36.51546],[-121.94884,36.5158],[-121.94884,36.51557],[-121.94813,36.5149],[-121.94799,36.51399],[-121.94771,36.51377],[-121.94757,36.51411],[-121.94729,36.51343],[-121.94687,36.51354],[-121.94659,36.5132],[-121.94575,36.5132],[-121.94561,36.51354],[-121.94561,36.51298],[-121.94533,36.51275],[-121.94505,36.51275],[-121.9442,36.5132],[-121.94378,36.51298],[-121.94378,36.51241],[-121.94434,36.51275],[-121.94462,36.51253],[-121.94364,36.51185],[-121.94322,36.51196],[-121.94294,36.51174],[-121.94252,36.51174],[-121.94224,36.51196],[-121.9421,36.51185],[-121.94238,36.51162],[-121.94196,36.51151],[-121.94252,36.5114],[-121.94168,36.51129],[-121.94168,36.51083],[-121.94196,36.51061],[-121.94168,36.51038],[-121.94196,36.51016],[-121.94196,36.50993],[-121.94238,36.51004],[-121.94252,36.50993],[-121.94238,36.50982],[-121.94266,36.50971],[-121.94224,36.50959],[-121.94224,36.50937],[-121.94196,36.50914],[-121.94238,36.50925],[-121.94266,36.50903],[-121.94224,36.50858],[-121.94196,36.5088],[-121.94154,36.50835],[-121.94111,36.50846],[-121.94097,36.50824],[-121.94069,36.50824],[-121.94069,36.50801],[-121.94097,36.5079],[-121.9421,36.50801],[-121.94224,36.5079],[-121.94224,36.50756],[-121.9421,36.50745],[-121.94252,36.50767],[-121.94266,36.50756],[-121.94224,36.50711],[-121.94238,36.50688],[-121.94182,36.50643],[-121.94125,36.50688],[-121.94111,36.50666],[-121.94055,36.50677],[-121.94041,36.50688],[-121.94055,36.50711],[-121.94013,36.50688],[-121.93943,36.507],[-121.93873,36.50632],[-121.93915,36.50587],[-121.93915,36.50564],[-121.93859,36.50553],[-121.93859,36.5053],[-121.93802,36.50485],[-121.93845,36.5044],[-121.93901,36.50418],[-121.93887,36.50372],[-121.93915,36.50384],[-121.93943,36.50361],[-121.93943,36.50339],[-121.93915,36.50316],[-121.93887,36.50327],[-121.93901,36.50282],[-121.93873,36.50237],[-121.93859,36.50135],[-121.93887,36.50158],[-121.93929,36.50147],[-121.93957,36.50203],[-121.94013,36.50192],[-121.94027,36.50181],[-121.94027,36.50102],[-121.94055,36.50079],[-121.94055,36.50023],[-121.93985,36.49955],[-121.93943,36.49966],[-121.93929,36.49944],[-121.93915,36.49955],[-121.93887,36.4991],[-121.93817,36.49876],[-121.93788,36.49876],[-121.9376,36.4991],[-121.9376,36.49932],[-121.93746,36.49932],[-121.93718,36.49887],[-121.93662,36.49865],[-121.93676,36.49797],[-121.93774,36.49752],[-121.93915,36.49729],[-121.93915,36.49684],[-121.93985,36.49662],[-121.94027,36.49628],[-121.94013,36.49549],[-121.93985,36.49504],[-121.94083,36.49537],[-121.94111,36.49515],[-121.94111,36.49458],[-121.94196,36.49402],[-121.94224,36.49334],[-121.94266,36.49346],[-121.94294,36.49312],[-121.94294,36.49346],[-121.94308,36.49357],[-121.94322,36.49346],[-121.94322,36.49312],[-121.9435,36.49289],[-121.94448,36.49334],[-121.94476,36.49312],[-121.94476,36.49255],[-121.94519,36.49221],[-121.94462,36.49165],[-121.94575,36.49097]],[[-121.92651,36.52415],[-121.92651,36.52415]],[[-121.92665,36.52392],[-121.92665,36.52392]],[[-121.95459,36.52381],[-121.95459,36.52381]],[[-121.95319,36.5237],[-121.95319,36.5237]],[[-121.94828,36.52381],[-121.94828,36.52381]],[[-121.92679,36.52381],[-121.92679,36.52381]],[[-121.92693,36.5237],[-121.92693,36.5237]],[[-121.93199,36.52359],[-121.93199,36.52359]],[[-121.93072,36.52359],[-121.93072,36.52359]],[[-121.95319,36.52336],[-121.95319,36.52336]],[[-121.93676,36.52347],[-121.93676,36.52347]],[[-121.93213,36.52347],[-121.93213,36.52347]],[[-121.93114,36.52347],[-121.93114,36.52347]],[[-121.92707,36.52347],[-121.92707,36.52347]],[[-121.95375,36.52336],[-121.95375,36.52336]],[[-121.95305,36.52325],[-121.95277,36.52313],[-121.95305,36.52325]],[[-121.93634,36.52336],[-121.93634,36.52336]],[[-121.93367,36.52325],[-121.93367,36.52325]],[[-121.93241,36.52336],[-121.93241,36.52336]],[[-121.92721,36.52336],[-121.92721,36.52336]],[[-121.95361,36.52325],[-121.95361,36.52313],[-121.95361,36.52325]],[[-121.94701,36.52325],[-121.94701,36.52325]],[[-121.93718,36.52313],[-121.93718,36.52313]],[[-121.93353,36.52313],[-121.93353,36.52313]],[[-121.92735,36.52325],[-121.92735,36.52325]],[[-121.95361,36.52313],[-121.95361,36.52313]],[[-121.95291,36.52313],[-121.95291,36.52313]],[[-121.95277,36.52313],[-121.95277,36.52313]],[[-121.95263,36.52302],[-121.95263,36.52302]],[[-121.92749,36.52313],[-121.92749,36.52313]],[[-121.95319,36.52302],[-121.95319,36.52302]],[[-121.95249,36.52291],[-121.95249,36.52291]],[[-121.94659,36.52302],[-121.94659,36.52302]],[[-121.92777,36.52302],[-121.92777,36.52302]],[[-121.94842,36.5228],[-121.94842,36.5228]],[[-121.93732,36.5228],[-121.93732,36.5228]],[[-121.93353,36.52291],[-121.93353,36.52291]],[[-121.92792,36.52291],[-121.92792,36.52291]],[[-121.9494,36.5228],[-121.9494,36.5228]],[[-121.94828,36.52268],[-121.94828,36.52268]],[[-121.93788,36.5228],[-121.93788,36.5228]],[[-121.9282,36.5228],[-121.9282,36.5228]],[[-121.95417,36.52268],[-121.95417,36.52268]],[[-121.95333,36.52268],[-121.95333,36.52268]],[[-121.95319,36.52257],[-121.95319,36.52257]],[[-121.93788,36.52257],[-121.93788,36.52257]],[[-121.93746,36.52268],[-121.93746,36.52268]],[[-121.93367,36.52268],[-121.93367,36.52268]],[[-121.92848,36.52268],[-121.92848,36.52268]],[[-121.95445,36.52257],[-121.95445,36.52257]],[[-121.95389,36.52257],[-121.95389,36.52257]],[[-121.95291,36.52246],[-121.95291,36.52246]],[[-121.94926,36.52257],[-121.94926,36.52257]],[[-121.93774,36.52246],[-121.93774,36.52246]],[[-121.93381,36.52257],[-121.93381,36.52257]],[[-121.95361,36.52246],[-121.95361,36.52246]],[[-121.95347,36.52246],[-121.95347,36.52246]],[[-121.9376,36.52234],[-121.9376,36.52234]],[[-121.93395,36.52246],[-121.93395,36.52246]],[[-121.94828,36.52234],[-121.94828,36.52234]],[[-121.93746,36.52223],[-121.93746,36.52223]],[[-121.93409,36.52234],[-121.93409,36.52234]],[[-121.93732,36.52212],[-121.93732,36.52212]],[[-121.93704,36.52201],[-121.93704,36.52201]],[[-121.93746,36.52189],[-121.93746,36.52189]],[[-121.9369,36.52178],[-121.9369,36.52178]],[[-121.94097,36.52167],[-121.94097,36.52167]],[[-121.93648,36.52167],[-121.93648,36.52167]],[[-121.9494,36.52155],[-121.9494,36.52155]],[[-121.94224,36.52144],[-121.94224,36.52144]],[[-121.94154,36.52155],[-121.94154,36.52155]],[[-121.94097,36.52155],[-121.94097,36.52155]],[[-121.94083,36.52144],[-121.94083,36.52144]],[[-121.93634,36.52144],[-121.93634,36.52144]],[[-121.95375,36.52144],[-121.95375,36.52144]],[[-121.95361,36.52133],[-121.95347,36.52133],[-121.95361,36.52133]],[[-121.94168,36.52144],[-121.94168,36.52144]],[[-121.95389,36.52133],[-121.95389,36.52133]],[[-121.95347,36.52133],[-121.95347,36.52133]],[[-121.95333,36.52122],[-121.95333,36.52122]],[[-121.93634,36.52133],[-121.93634,36.52133]],[[-121.9494,36.52122],[-121.9494,36.52122]],[[-121.93648,36.5211],[-121.93648,36.5211]],[[-121.94224,36.52099],[-121.94224,36.52099]],[[-121.93676,36.52099],[-121.93676,36.52099]],[[-121.9376,36.52076],[-121.9376,36.52076]],[[-121.9442,36.52076],[-121.9442,36.52076]],[[-121.94322,36.52076],[-121.94322,36.52076]],[[-121.94238,36.52076],[-121.94238,36.52076]],[[-121.94336,36.52065],[-121.94336,36.52065]],[[-121.93746,36.52054],[-121.93746,36.52054]],[[-121.9515,36.52054],[-121.9515,36.52054]],[[-121.93718,36.52043],[-121.93718,36.52043]],[[-121.93704,36.52031],[-121.93704,36.52031]],[[-121.9369,36.5202],[-121.9369,36.5202]],[[-121.93676,36.52009],[-121.93676,36.52009]],[[-121.93676,36.51997],[-121.93676,36.51997]],[[-121.9369,36.51986],[-121.9369,36.51986]],[[-121.93718,36.51964],[-121.93718,36.51964]],[[-121.95122,36.51964],[-121.95122,36.51964]],[[-121.95361,36.51952],[-121.95361,36.51952]],[[-121.95319,36.51952],[-121.95319,36.51952]],[[-121.93718,36.51952],[-121.93718,36.51952]],[[-121.95136,36.51941],[-121.95136,36.51941]],[[-121.93732,36.51941],[-121.93732,36.51941]],[[-121.95361,36.5193],[-121.95361,36.5193]],[[-121.9515,36.5193],[-121.9515,36.5193]],[[-121.93746,36.5193],[-121.93746,36.5193]],[[-121.95389,36.51918],[-121.95389,36.51918]],[[-121.95291,36.51918],[-121.95291,36.51918]],[[-121.9376,36.51918],[-121.9376,36.51918]],[[-121.95277,36.51907],[-121.95277,36.51907]],[[-121.95165,36.51907],[-121.95165,36.51907]],[[-121.93788,36.51907],[-121.93788,36.51907]],[[-121.95403,36.51896],[-121.95403,36.51896]],[[-121.95263,36.51896],[-121.95263,36.51896]],[[-121.95179,36.51896],[-121.95179,36.51896]],[[-121.93831,36.51896],[-121.93831,36.51896]],[[-121.95305,36.51794],[-121.95305,36.51794]],[[-121.95207,36.51749],[-121.95207,36.51749]],[[-121.95221,36.51727],[-121.95221,36.51727]],[[-121.95235,36.51715],[-121.95235,36.51715]],[[-121.9494,36.51704],[-121.9494,36.51704]],[[-121.94954,36.51693],[-121.94954,36.51693]],[[-121.95179,36.51682],[-121.95179,36.51682]],[[-121.94982,36.5167],[-121.94982,36.5167]],[[-121.94448,36.51264],[-121.94448,36.51264]],[[-121.9442,36.51264],[-121.9442,36.51264]],[[-121.94406,36.51253],[-121.94406,36.51253]],[[-121.94378,36.51241],[-121.94378,36.51241]],[[-121.9421,36.51174],[-121.9421,36.51174]],[[-121.94196,36.51151],[-121.94196,36.51151]],[[-121.94168,36.51083],[-121.94168,36.51083]],[[-121.94168,36.51038],[-121.94168,36.51038]],[[-121.94182,36.51027],[-121.94182,36.51027]],[[-121.94196,36.50993],[-121.94196,36.50993]],[[-121.94238,36.50982],[-121.94238,36.50982]],[[-121.94252,36.50914],[-121.94252,36.50914]],[[-121.94224,36.50914],[-121.94224,36.50914]],[[-121.94196,36.50914],[-121.94196,36.50914]],[[-121.94069,36.50801],[-121.94069,36.50801]],[[-121.94168,36.5079],[-121.94168,36.5079]],[[-121.94154,36.5079],[-121.94154,36.5079]],[[-121.94139,36.50779],[-121.94111,36.50756],[-121.94139,36.50779]],[[-121.94097,36.5079],[-121.94097,36.5079]],[[-121.94083,36.5079],[-121.94083,36.5079]],[[-121.94125,36.50767],[-121.94125,36.50767]],[[-121.9435,36.50756],[-121.9442,36.507],[-121.94378,36.50632],[-121.9435,36.50621],[-121.94336,36.50632],[-121.94294,36.50598],[-121.9428,36.50609],[-121.9428,36.50711],[-121.9435,36.50756]],[[-121.94238,36.50756],[-121.94238,36.50756]],[[-121.94111,36.50756],[-121.94111,36.50756]],[[-121.94364,36.50745],[-121.94364,36.50745]],[[-121.94336,36.50745],[-121.94336,36.50745]],[[-121.94224,36.50745],[-121.94224,36.50745]],[[-121.9421,36.50745],[-121.9421,36.50745]],[[-121.94392,36.50734],[-121.94392,36.50734]],[[-121.94308,36.50734],[-121.94308,36.50734]],[[-121.94294,36.50722],[-121.94294,36.50722]],[[-121.94182,36.50711],[-121.94139,36.50711],[-121.94139,36.507],[-121.94182,36.50711]],[[-121.94406,36.50711],[-121.94406,36.50711]],[[-121.94224,36.50711],[-121.94224,36.50711]],[[-121.94168,36.507],[-121.94168,36.507]],[[-121.94139,36.507],[-121.94139,36.507]],[[-121.94055,36.507],[-121.94055,36.507]],[[-121.93873,36.50621],[-121.93873,36.50621]],[[-121.93887,36.50609],[-121.93887,36.50609]],[[-121.93901,36.50598],[-121.93901,36.50598]],[[-121.93802,36.50485],[-121.93802,36.50485]],[[-121.93817,36.50463],[-121.93817,36.50463]],[[-121.93831,36.50451],[-121.93831,36.50451]],[[-121.93845,36.5044],[-121.93845,36.5044]],[[-121.93873,36.50429],[-121.93873,36.50429]],[[-121.93929,36.50372],[-121.93929,36.50372]],[[-121.93887,36.50372],[-121.93887,36.50372]],[[-121.93887,36.50316],[-121.93887,36.50316]],[[-121.93999,36.50192],[-121.93999,36.50192]],[[-121.93943,36.50158],[-121.93943,36.50158]],[[-121.93929,36.50147],[-121.93929,36.50147]],[[-121.93915,36.50147],[-121.93915,36.50147]],[[-121.93873,36.50147],[-121.93873,36.50147]],[[-121.93859,36.50135],[-121.93859,36.50135]],[[-121.94027,36.50102],[-121.94027,36.50102]],[[-121.94041,36.5009],[-121.94041,36.5009]],[[-121.93662,36.49831],[-121.93662,36.49831]],[[-121.93676,36.49797],[-121.93676,36.49797]],[[-121.93704,36.49786],[-121.93704,36.49786]],[[-121.93718,36.49774],[-121.93718,36.49774]],[[-121.93746,36.49763],[-121.93746,36.49763]],[[-121.93774,36.49752],[-121.93774,36.49752]],[[-121.93845,36.49741],[-121.93845,36.49741]],[[-121.93915,36.49684],[-121.93915,36.49684]],[[-121.93929,36.49673],[-121.93929,36.49673]],[[-121.93971,36.49662],[-121.93971,36.49662]],[[-121.93999,36.4965],[-121.93999,36.4965]],[[-121.94013,36.49639],[-121.94013,36.49639]],[[-121.94097,36.49526],[-121.94097,36.49526]],[[-121.94041,36.49526],[-121.94041,36.49526]],[[-121.94027,36.49515],[-121.94027,36.49515]],[[-121.93999,36.49504],[-121.93999,36.49504]],[[-121.93985,36.49504],[-121.93985,36.49504]],[[-121.94111,36.49458],[-121.94111,36.49458]],[[-121.94125,36.49447],[-121.94125,36.49447]],[[-121.94154,36.49436],[-121.94154,36.49436]],[[-121.94168,36.49425],[-121.94168,36.49425]],[[-121.94182,36.49413],[-121.94182,36.49413]],[[-121.94196,36.49391],[-121.94196,36.49391]],[[-121.9421,36.49368],[-121.9421,36.49368]],[[-121.94252,36.49334],[-121.94252,36.49334]],[[-121.94224,36.49334],[-121.94224,36.49334]],[[-121.94462,36.49323],[-121.94462,36.49323]],[[-121.9442,36.49323],[-121.9442,36.49323]],[[-121.9428,36.49323],[-121.9428,36.49323]],[[-121.94406,36.49312],[-121.94406,36.49312]],[[-121.94322,36.49312],[-121.94322,36.49312]],[[-121.94294,36.49312],[-121.94294,36.49312]],[[-121.94392,36.493],[-121.94392,36.493]],[[-121.94336,36.493],[-121.94336,36.493]],[[-121.9435,36.49289],[-121.9435,36.49289]],[[-121.94476,36.49255],[-121.94476,36.49255]],[[-121.94462,36.49233],[-121.94462,36.49233]],[[-121.94505,36.49233],[-121.94505,36.49233]],[[-121.94462,36.49165],[-121.94462,36.49165]],[[-121.94476,36.49154],[-121.94476,36.49154]],[[-121.94491,36.49142],[-121.94491,36.49142]],[[-121.94519,36.49131],[-121.94519,36.49131]],[[-121.94547,36.4912],[-121.94547,36.4912]],[[-121.94561,36.49109],[-121.94561,36.49109]]]},"properties":{"depth_m":600}},{"type":"Feature","geometry":{"type":"MultiLineString","coordinates":[[[-121.93171,36.54503],[-121.93213,36.54469],[-121.93297,36.54446],[-121.93367,36.5448],[-121.93381,36.54469],[-121.93367,36.54446],[-121.93339,36.54458],[-121.93381,36.54379],[-121.93381,36.54345],[-121.93325,36.543],[-121.93325,36.54209],[-121.93297,36.54164],[-121.93325,36.54142],[-121.93325,36.54096],[-121.93283,36.54051],[-121.93297,36.53995],[-121.93255,36.53984],[-121.93255,36.5395],[-121.93269,36.53938],[-121.93255,36.53927],[-121.93185,36.53927],[-121.93086,36.53961],[-121.93044,36.53938],[-121.92904,36.5378],[-121.92862,36.53701],[-121.92862,36.53622],[-121.92848,36.53611],[-121.9282,36.53386],[-121.92777,36.53329],[-121.92693,36.53273],[-121.92679,36.53228],[-121.92693,36.53149],[-121.92637,36.53103]],[[-121.93185,36.54491],[-121.93185,36.54491]],[[-121.93199,36.5448],[-121.93199,36.5448]],[[-121.93353,36.54469],[-121.93353,36.54469]],[[-121.93213,36.54469],[-121.93213,36.54469]],[[-121.93241,36.54458],[-121.93241,36.54458]],[[-121.93311,36.54446],[-121.93311,36.54446]],[[-121.93297,36.54446],[-121.93297,36.54446]],[[-121.93353,36.54412],[-121.93353,36.54412]],[[-121.93367,36.5439],[-121.93367,36.5439]],[[-121.93297,36.54164],[-121.93297,36.54164]],[[-121.93311,36.54153],[-121.93311,36.54153]],[[-121.93283,36.54029],[-121.93283,36.54029]],[[-121.93255,36.5395],[-121.93255,36.5395]],[[-121.92679,36.53194],[-121.92679,36.53194]],[[-121.92637,36.52426],[-121.92749,36.52313],[-121.92848,36.52268],[-121.92946,36.5228],[-121.9296,36.52291],[-121.9296,36.52325],[-121.9303,36.5237],[-121.93157,36.52347],[-121.93185,36.5237],[-121.93241,36.52336],[-121.93367,36.52347],[-121.93381,36.52336],[-121.93353,36.52313],[-121.93353,36.52291],[-121.93409,36.52234],[-121.93522,36.52246],[-121.9355,36.52291],[-121.93578,36.52291],[-121.93578,36.52313],[-121.93606,36.52347],[-121.93648,36.52336],[-121.93662,36.52359],[-121.93718,36.52347],[-121.93732,36.52325],[-121.93718,36.52313],[-121.93746,36.52302],[-121.93732,36.52313],[-121.93746,36.52325],[-121.9376,36.52313],[-121.93746,36.52325],[-121.9376,36.52336],[-121.93774,36.52325],[-121.93732,36.5228],[-121.93746,36.52268],[-121.93774,36.52291],[-121.93802,36.52268],[-121.93732,36.52212],[-121.9376,36.52201],[-121.93732,36.52178],[-121.93676,36.52167],[-121.93662,36.52189],[-121.93634,36.52144],[-121.93648,36.5211],[-121.93676,36.52099],[-121.93704,36.52099],[-121.93718,36.52133],[-121.9376,36.52144],[-121.93774,36.52133],[-121.9376,36.52065],[-121.93676,36.51997],[-121.93732,36.51986],[-121.93718,36.51952],[-121.9376,36.51918],[-121.93831,36.51896],[-121.93915,36.51896],[-121.94013,36.51918],[-121.94083,36.51964],[-121.94069,36.5202],[-121.93999,36.52076],[-121.93985,36.5211],[-121.94055,36.52144],[-121.94055,36.52178],[-121.94069,36.52189],[-121.94097,36.52201],[-121.94111,36.52189],[-121.94097,36.52201],[-121.94111,36.52223],[-121.94125,36.52201],[-121.94097,36.52155],[-121.94139,36.52167],[-121.94168,36.52144],[-121.9421,36.52178],[-121.94238,36.52167],[-121.94224,36.5211],[-121.94238,36.52076],[-121.94308,36.52088],[-121.94336,36.52065],[-121.94406,36.52099],[-121.9442,36.52076],[-121.94448,36.52076],[-121.94476,36.52099],[-121.94462,36.52122],[-121.94476,36.52144],[-121.94448,36.52167],[-121.94434,36.52155],[-121.9442,36.52167],[-121.94434,36.52178],[-121.94448,36.52167],[-121.94434,36.52189],[-121.94505,36.52234],[-121.94561,36.52234],[-121.94561,36.52257],[-121.94589,36.52291],[-121.94617,36.52291],[-121.94645,36.52313],[-121.94659,36.52302],[-121.94687,36.52336],[-121.94701,36.52325],[-121.94813,36.52404],[-121.94856,36.5237],[-121.94856,36.52291],[-121.94828,36.52268],[-121.94828,36.52234],[-121.9487,36.52234],[-121.94898,36.52268],[-121.9494,36.52257],[-121.94912,36.52268],[-121.94926,36.52291],[-121.94954,36.52268],[-121.9494,36.52257],[-121.94954,36.52223],[-121.9494,36.52122],[-121.94968,36.52122],[-121.95122,36.52268],[-121.95249,36.52347],[-121.95249,36.5237],[-121.95291,36.52404],[-121.95333,36.52392],[-121.95319,36.5237],[-121.95333,36.52347],[-121.95305,36.52325],[-121.95319,36.52302],[-121.95347,36.52336],[-121.95361,36.52325],[-121.95347,36.52336],[-121.95361,36.52347],[-121.95375,36.52336],[-121.95403,36.52359],[-121.95431,36.52415],[-121.95473,36.52438],[-121.95487,36.52426],[-121.95487,36.52404],[-121.95459,36.52381],[-121.95487,36.5237],[-121.95375,36.5228],[-121.95333,36.52268],[-121.95361,36.52246],[-121.95431,36.5228],[-121.95459,36.52246],[-121.95417,36.52167],[-121.95375,36.52144],[-121.95403,36.52122],[-121.95249,36.52043],[-121.9515,36.52054],[-121.95179,36.52043],[-121.95179,36.52009],[-121.9515,36.51975],[-121.95122,36.51975],[-121.95179,36.51896],[-121.95263,36.51896],[-121.95291,36.51918],[-121.95291,36.51941],[-121.95333,36.51964],[-121.95375,36.51941],[-121.95361,36.5193],[-121.95403,36.51896],[-121.95445,36.51907],[-121.95459,36.51885],[-121.95417,36.51794],[-121.95361,36.51749],[-121.95319,36.51749],[-121.95291,36.51783],[-121.95305,36.51794],[-121.95305,36.51828],[-121.95235,36.51817],[-121.95235,36.51772],[-121.95207,36.51749],[-121.95249,36.51704],[-121.95179,36.51648],[-121.95165,36.5167],[-121.95179,36.51682],[-121.95165,36.51682],[-121.95094,36.51636],[-121.95052,36.51715],[-121.95024,36.51704],[-121.94996,36.51715],[-121.94968,36.51693],[-121.9494,36.51704],[-121.94982,36.51682],[-121.94996,36.51636],[-121.94954,36.51614],[-121.94954,36.51569],[-121.94926,36.51546],[-121.94884,36.5158],[-121.94884,36.51557],[-121.94813,36.5149],[-121.94799,36.51399],[-121.94771,36.51377],[-121.94757,36.51411],[-121.94729,36.51343],[-121.94687,36.51354],[-121.94659,36.5132],[-121.94575,36.5132],[-121.94561,36.51354],[-121.94561,36.51298],[-121.94533,36.51275],[-121.94505,36.51275],[-121.9442,36.5132],[-121.94378,36.51298],[-121.94378,36.51241],[-121.94434,36.51275],[-121.94462,36.51253],[-121.94364,36.51185],[-121.94322,36.51196],[-121.94294,36.51174],[-121.94252,36.51174],[-121.94224,36.51196],[-121.9421,36.51185],[-121.94238,36.51162],[-121.94196,36.51151],[-121.94252,36.5114],[-121.94168,36.51129],[-121.94168,36.51083],[-121.94196,36.51061],[-121.94168,36.51038],[-121.94196,36.51016],[-121.94196,36.50993],[-121.94238,36.51004],[-121.94252,36.50993],[-121.94238,36.50982],[-121.94266,36.50971],[-121.94224,36.50959],[-121.94224,36.50937],[-121.94196,36.50914],[-121.94238,36.50925],[-121.94266,36.50903],[-121.94224,36.50858],[-121.94196,36.5088],[-121.94154,36.50835],[-121.94111,36.50846],[-121.94097,36.50824],[-121.94069,36.50824],[-121.94069,36.50801],[-121.94097,36.5079],[-121.9421,36.50801],[-121.94224,36.5079],[-121.94224,36.50756],[-121.9421,36.50745],[-121.94252,36.50767],[-121.94266,36.50756],[-121.94224,36.50711],[-121.94238,36.50688],[-121.94182,36.50643],[-121.94125,36.50688],[-121.94111,36.50666],[-121.94055,36.50677],[-121.94041,36.50688],[-121.94055,36.50711],[-121.94013,36.50688],[-121.93943,36.507],[-121.93873,36.50632],[-121.93915,36.50587],[-121.93915,36.50564],[-121.93859,36.50553],[-121.93859,36.5053],[-121.93802,36.50485],[-121.93845,36.5044],[-121.93901,36.50418],[-121.93887,36.50372],[-121.93915,36.50384],[-121.93943,36.50361],[-121.93943,36.50339],[-121.93915,36.50316],[-121.93887,36.50327],[-121.93901,36.50282],[-121.93873,36.50237],[-121.93859,36.50135],[-121.93887,36.50158],[-121.93929,36.50147],[-121.93957,36.50203],[-121.94013,36.50192],[-121.94027,36.50181],[-121.94027,36.50102],[-121.94055,36.50079],[-121.94055,36.50023],[-121.93985,36.49955],[-121.93943,36.49966],[-121.93929,36.49944],[-121.93915,36.49955],[-121.93887,36.4991],[-121.93817,36.49876],[-121.93788,36.49876],[-121.9376,36.4991],[-121.9376,36.49932],[-121.93746,36.49932],[-121.93718,36.49887],[-121.93662,36.49865],[-121.93676,36.49797],[-121.93774,36.49752],[-121.93915,36.49729],[-121.93915,36.49684],[-121.93985,36.49662],[-121.94027,36.49628],[-121.94013,36.49549],[-121.93985,36.49504],[-121.94083,36.49537],[-121.94111,36.49515],[-121.94111,36.49458],[-121.94196,36.49402],[-121.94224,36.49334],[-121.94266,36.49346],[-121.94294,36.49312],[-121.94294,36.49346],[-121.94308,36.49357],[-121.94322,36.49346],[-121.94322,36.49312],[-121.9435,36.49289],[-121.94448,36.49334],[-121.94476,36.49312],[-121.94476,36.49255],[-121.94519,36.49221],[-121.94462,36.49165],[-121.94575,36.49097]],[[-121.92651,36.52415],[-121.92651,36.52415]],[[-121.92665,36.52392],[-121.92665,36.52392]],[[-121.95459,36.52381],[-121.95459,36.52381]],[[-121.95319,36.5237],[-121.95319,36.5237]],[[-121.94828,36.52381],[-121.94828,36.52381]],[[-121.92679,36.52381],[-121.92679,36.52381]],[[-121.92693,36.5237],[-121.92693,36.5237]],[[-121.93199,36.52359],[-121.93199,36.52359]],[[-121.93072,36.52359],[-121.93072,36.52359]],[[-121.95319,36.52336],[-121.95319,36.52336]],[[-121.93676,36.52347],[-121.93676,36.52347]],[[-121.93213,36.52347],[-121.93213,36.52347]],[[-121.93114,36.52347],[-121.93114,36.52347]],[[-121.92707,36.52347],[-121.92707,36.52347]],[[-121.95375,36.52336],[-121.95375,36.52336]],[[-121.95305,36.52325],[-121.95277,36.52313],[-121.95305,36.52325]],[[-121.93634,36.52336],[-121.93634,36.52336]],[[-121.93367,36.52325],[-121.93367,36.52325]],[[-121.93241,36.52336],[-121.93241,36.52336]],[[-121.92721,36.52336],[-121.92721,36.52336]],[[-121.95361,36.52325],[-121.95361,36.52313],[-121.95361,36.52325]],[[-121.94701,36.52325],[-121.94701,36.52325]],[[-121.93718,36.52313],[-121.93718,36.52313]],[[-121.93353,36.52313],[-121.93353,36.52313]],[[-121.92735,36.52325],[-121.92735,36.52325]],[[-121.95361,36.52313],[-121.95361,36.52313]],[[-121.95291,36.52313],[-121.95291,36.52313]],[[-121.95277,36.52313],[-121.95277,36.52313]],[[-121.95263,36.52302],[-121.95263,36.52302]],[[-121.92749,36.52313],[-121.92749,36.52313]],[[-121.95319,36.52302],[-121.95319,36.52302]],[[-121.95249,36.52291],[-121.95249,36.52291]],[[-121.94659,36.52302],[-121.94659,36.52302]],[[-121.92777,36.52302],[-121.92777,36.52302]],[[-121.94842,36.5228],[-121.94842,36.5228]],[[-121.93732,36.5228],[-121.93732,36.5228]],[[-121.93353,36.52291],[-121.93353,36.52291]],[[-121.92792,36.52291],[-121.92792,36.52291]],[[-121.9494,36.5228],[-121.9494,36.5228]],[[-121.94828,36.52268],[-121.94828,36.52268]],[[-121.93788,36.5228],[-121.93788,36.5228]],[[-121.9282,36.5228],[-121.9282,36.5228]],[[-121.95417,36.52268],[-121.95417,36.52268]],[[-121.95333,36.52268],[-121.95333,36.52268]],[[-121.95319,36.52257],[-121.95319,36.52257]],[[-121.93788,36.52257],[-121.93788,36.52257]],[[-121.93746,36.52268],[-121.93746,36.52268]],[[-121.93367,36.52268],[-121.93367,36.52268]],[[-121.92848,36.52268],[-121.92848,36.52268]],[[-121.95445,36.52257],[-121.95445,36.52257]],[[-121.95389,36.52257],[-121.95389,36.52257]],[[-121.95291,36.52246],[-121.95291,36.52246]],[[-121.94926,36.52257],[-121.94926,36.52257]],[[-121.93774,36.52246],[-121.93774,36.52246]],[[-121.93381,36.52257],[-121.93381,36.52257]],[[-121.95361,36.52246],[-121.95361,36.52246]],[[-121.95347,36.52246],[-121.95347,36.52246]],[[-121.9376,36.52234],[-121.9376,36.52234]],[[-121.93395,36.52246],[-121.93395,36.52246]],[[-121.94828,36.52234],[-121.94828,36.52234]],[[-121.93746,36.52223],[-121.93746,36.52223]],[[-121.93409,36.52234],[-121.93409,36.52234]],[[-121.93732,36.52212],[-121.93732,36.52212]],[[-121.93704,36.52201],[-121.93704,36.52201]],[[-121.93746,36.52189],[-121.93746,36.52189]],[[-121.9369,36.52178],[-121.9369,36.52178]],[[-121.94097,36.52167],[-121.94097,36.52167]],[[-121.93648,36.52167],[-121.93648,36.52167]],[[-121.9494,36.52155],[-121.9494,36.52155]],[[-121.94224,36.52144],[-121.94224,36.52144]],[[-121.94154,36.52155],[-121.94154,36.52155]],[[-121.94097,36.52155],[-121.94097,36.52155]],[[-121.94083,36.52144],[-121.94083,36.52144]],[[-121.93634,36.52144],[-121.93634,36.52144]],[[-121.95375,36.52144],[-121.95375,36.52144]],[[-121.95361,36.52133],[-121.95347,36.52133],[-121.95361,36.52133]],[[-121.94168,36.52144],[-121.94168,36.52144]],[[-121.95389,36.52133],[-121.95389,36.52133]],[[-121.95347,36.52133],[-121.95347,36.52133]],[[-121.95333,36.52122],[-121.95333,36.52122]],[[-121.93634,36.52133],[-121.93634,36.52133]],[[-121.9494,36.52122],[-121.9494,36.52122]],[[-121.93648,36.5211],[-121.93648,36.5211]],[[-121.94224,36.52099],[-121.94224,36.52099]],[[-121.93676,36.52099],[-121.93676,36.52099]],[[-121.9376,36.52076],[-121.9376,36.52076]],[[-121.9442,36.52076],[-121.9442,36.52076]],[[-121.94322,36.52076],[-121.94322,36.52076]],[[-121.94238,36.52076],[-121.94238,36.52076]],[[-121.94336,36.52065],[-121.94336,36.52065]],[[-121.93746,36.52054],[-121.93746,36.52054]],[[-121.9515,36.52054],[-121.9515,36.52054]],[[-121.93718,36.52043],[-121.93718,36.52043]],[[-121.93704,36.52031],[-121.93704,36.52031]],[[-121.9369,36.5202],[-121.9369,36.5202]],[[-121.93676,36.52009],[-121.93676,36.52009]],[[-121.93676,36.51997],[-121.93676,36.51997]],[[-121.9369,36.51986],[-121.9369,36.51986]],[[-121.93718,36.51964],[-121.93718,36.51964]],[[-121.95122,36.51964],[-121.95122,36.51964]],[[-121.95361,36.51952],[-121.95361,36.51952]],[[-121.95319,36.51952],[-121.95319,36.51952]],[[-121.93718,36.51952],[-121.93718,36.51952]],[[-121.95136,36.51941],[-121.95136,36.51941]],[[-121.93732,36.51941],[-121.93732,36.51941]],[[-121.95361,36.5193],[-121.95361,36.5193]],[[-121.9515,36.5193],[-121.9515,36.5193]],[[-121.93746,36.5193],[-121.93746,36.5193]],[[-121.95389,36.51918],[-121.95389,36.51918]],[[-121.95291,36.51918],[-121.95291,36.51918]],[[-121.9376,36.51918],[-121.9376,36.51918]],[[-121.95277,36.51907],[-121.95277,36.51907]],[[-121.95165,36.51907],[-121.95165,36.51907]],[[-121.93788,36.51907],[-121.93788,36.51907]],[[-121.95403,36.51896],[-121.95403,36.51896]],[[-121.95263,36.51896],[-121.95263,36.51896]],[[-121.95179,36.51896],[-121.95179,36.51896]],[[-121.93831,36.51896],[-121.93831,36.51896]],[[-121.95305,36.51794],[-121.95305,36.51794]],[[-121.95207,36.51749],[-121.95207,36.51749]],[[-121.95221,36.51727],[-121.95221,36.51727]],[[-121.95235,36.51715],[-121.95235,36.51715]],[[-121.9494,36.51704],[-121.9494,36.51704]],[[-121.94954,36.51693],[-121.94954,36.51693]],[[-121.95179,36.51682],[-121.95179,36.51682]],[[-121.94982,36.5167],[-121.94982,36.5167]],[[-121.94448,36.51264],[-121.94448,36.51264]],[[-121.9442,36.51264],[-121.9442,36.51264]],[[-121.94406,36.51253],[-121.94406,36.51253]],[[-121.94378,36.51241],[-121.94378,36.51241]],[[-121.9421,36.51174],[-121.9421,36.51174]],[[-121.94196,36.51151],[-121.94196,36.51151]],[[-121.94168,36.51083],[-121.94168,36.51083]],[[-121.94168,36.51038],[-121.94168,36.51038]],[[-121.94182,36.51027],[-121.94182,36.51027]],[[-121.94196,36.50993],[-121.94196,36.50993]],[[-121.94238,36.50982],[-121.94238,36.50982]],[[-121.94252,36.50914],[-121.94252,36.50914]],[[-121.94224,36.50914],[-121.94224,36.50914]],[[-121.94196,36.50914],[-121.94196,36.50914]],[[-121.94069,36.50801],[-121.94069,36.50801]],[[-121.94168,36.5079],[-121.94168,36.5079]],[[-121.94154,36.5079],[-121.94154,36.5079]],[[-121.94139,36.50779],[-121.94111,36.50756],[-121.94139,36.50779]],[[-121.94097,36.5079],[-121.94097,36.5079]],[[-121.94083,36.5079],[-121.94083,36.5079]],[[-121.94125,36.50767],[-121.94125,36.50767]],[[-121.9435,36.50756],[-121.9442,36.507],[-121.94378,36.50632],[-121.9435,36.50621],[-121.94336,36.50632],[-121.94294,36.50598],[-121.9428,36.50609],[-121.9428,36.50711],[-121.9435,36.50756]],[[-121.94238,36.50756],[-121.94238,36.50756]],[[-121.94111,36.50756],[-121.94111,36.50756]],[[-121.94364,36.50745],[-121.94364,36.50745]],[[-121.94336,36.50745],[-121.94336,36.50745]],[[-121.94224,36.50745],[-121.94224,36.50745]],[[-121.9421,36.50745],[-121.9421,36.50745]],[[-121.94392,36.50734],[-121.94392,36.50734]],[[-121.94308,36.50734],[-121.94308,36.50734]],[[-121.94294,36.50722],[-121.94294,36.50722]],[[-121.94182,36.50711],[-121.94139,36.50711],[-121.94139,36.507],[-121.94182,36.50711]],[[-121.94406,36.50711],[-121.94406,36.50711]],[[-121.94224,36.50711],[-121.94224,36.50711]],[[-121.94168,36.507],[-121.94168,36.507]],[[-121.94139,36.507],[-121.94139,36.507]],[[-121.94055,36.507],[-121.94055,36.507]],[[-121.93873,36.50621],[-121.93873,36.50621]],[[-121.93887,36.50609],[-121.93887,36.50609]],[[-121.93901,36.50598],[-121.93901,36.50598]],[[-121.93802,36.50485],[-121.93802,36.50485]],[[-121.93817,36.50463],[-121.93817,36.50463]],[[-121.93831,36.50451],[-121.93831,36.50451]],[[-121.93845,36.5044],[-121.93845,36.5044]],[[-121.93873,36.50429],[-121.93873,36.50429]],[[-121.93929,36.50372],[-121.93929,36.50372]],[[-121.93887,36.50372],[-121.93887,36.50372]],[[-121.93887,36.50316],[-121.93887,36.50316]],[[-121.93999,36.50192],[-121.93999,36.50192]],[[-121.93943,36.50158],[-121.93943,36.50158]],[[-121.93929,36.50147],[-121.93929,36.50147]],[[-121.93915,36.50147],[-121.93915,36.50147]],[[-121.93873,36.50147],[-121.93873,36.50147]],[[-121.93859,36.50135],[-121.93859,36.50135]],[[-121.94027,36.50102],[-121.94027,36.50102]],[[-121.94041,36.5009],[-121.94041,36.5009]],[[-121.93662,36.49831],[-121.93662,36.49831]],[[-121.93676,36.49797],[-121.93676,36.49797]],[[-121.93704,36.49786],[-121.93704,36.49786]],[[-121.93718,36.49774],[-121.93718,36.49774]],[[-121.93746,36.49763],[-121.93746,36.49763]],[[-121.93774,36.49752],[-121.93774,36.49752]],[[-121.93845,36.49741],[-121.93845,36.49741]],[[-121.93915,36.49684],[-121.93915,36.49684]],[[-121.93929,36.49673],[-121.93929,36.49673]],[[-121.93971,36.49662],[-121.93971,36.49662]],[[-121.93999,36.4965],[-121.93999,36.4965]],[[-121.94013,36.49639],[-121.94013,36.49639]],[[-121.94097,36.49526],[-121.94097,36.49526]],[[-121.94041,36.49526],[-121.94041,36.49526]],[[-121.94027,36.49515],[-121.94027,36.49515]],[[-121.93999,36.49504],[-121.93999,36.49504]],[[-121.93985,36.49504],[-121.93985,36.49504]],[[-121.94111,36.49458],[-121.94111,36.49458]],[[-121.94125,36.49447],[-121.94125,36.49447]],[[-121.94154,36.49436],[-121.94154,36.49436]],[[-121.94168,36.49425],[-121.94168,36.49425]],[[-121.94182,36.49413],[-121.94182,36.49413]],[[-121.94196,36.49391],[-121.94196,36.49391]],[[-121.9421,36.49368],[-121.9421,36.49368]],[[-121.94252,36.49334],[-121.94252,36.49334]],[[-121.94224,36.49334],[-121.94224,36.49334]],[[-121.94462,36.49323],[-121.94462,36.49323]],[[-121.9442,36.49323],[-121.9442,36.49323]],[[-121.9428,36.49323],[-121.9428,36.49323]],[[-121.94406,36.49312],[-121.94406,36.49312]],[[-121.94322,36.49312],[-121.94322,36.49312]],[[-121.94294,36.49312],[-121.94294,36.49312]],[[-121.94392,36.493],[-121.94392,36.493]],[[-121.94336,36.493],[-121.94336,36.493]],[[-121.9435,36.49289],[-121.9435,36.49289]],[[-121.94476,36.49255],[-121.94476,36.49255]],[[-121.94462,36.49233],[-121.94462,36.49233]],[[-121.94505,36.49233],[-121.94505,36.49233]],[[-121.94462,36.49165],[-121.94462,36.49165]],[[-121.94476,36.49154],[-121.94476,36.49154]],[[-121.94491,36.49142],[-121.94491,36.49142]],[[-121.94519,36.49131],[-121.94519,36.49131]],[[-121.94547,36.4912],[-121.94547,36.4912]],[[-121.94561,36.49109],[-121.94561,36.49109]]]},"properties":{"depth_m":700}}]}