{"type":"FeatureCollection","features":[{"type":"Feature","geometry":{"type":"MultiLineString","coordinates":[[[-118.76313,34.02557],[-118.76132,34.02557],[-118.76122,34.02542],[-118.76313,34.02536],[-118.76313,34.02557]],[[-118.76604,34.02527],[-118.76566,34.02527],[-118.76566,34.02511],[-118.76604,34.02511],[-118.76604,34.02527]],[[-118.76731,34.02511],[-118.76689,34.02511],[-118.76689,34.02496],[-118.76746,34.02496],[-118.76731,34.02511]],[[-118.76822,34.02496],[-118.76791,34.02496],[-118.76791,34.02481],[-118.76822,34.0248],[-118.76822,34.02496]],[[-118.76604,34.02511],[-118.76604,34.02511]],[[-118.76912,34.02481],[-118.76874,34.02481],[-118.76874,34.02466],[-118.77069,34.02436],[-118.7706,34.02451],[-118.76931,34.02466],[-118.76912,34.02481]],[[-118.77257,34.02421],[-118.77211,34.02421],[-118.77211,34.02406],[-118.77257,34.02398],[-118.77268,34.02406],[-118.77257,34.02421]],[[-118.77348,34.02406],[-118.77309,34.02406],[-118.77309,34.02391],[-118.77404,34.02376],[-118.77402,34.02391],[-118.77348,34.02406]],[[-118.77529,34.02361],[-118.77507,34.02361],[-118.77507,34.02346],[-118.77532,34.02346],[-118.77529,34.02361]],[[-118.78201,34.02226],[-118.78182,34.02226],[-118.78182,34.02211],[-118.78205,34.02211],[-118.78201,34.02226]],[[-118.78564,34.0209],[-118.78541,34.0209],[-118.78543,34.02075],[-118.78582,34.02074],[-118.78564,34.0209]],[[-118.78636,34.02045],[-118.78608,34.02045],[-118.7861,34.0203],[-118.78748,34.0194],[-118.78636,34.02045]],[[-118.79108,34.01467],[-118.79126,34.01441],[-118.79102,34.01458],[-118.79108,34.01467]],[[-118.79181,34.01398],[-118.79162,34.01398],[-118.79181,34.01367],[-118.79181,34.01398]],[[-118.79471,34.00736],[-118.79439,34.00736],[-118.79471,34.00701],[-118.79544,34.00679],[-118.79471,34.00736]],[[-118.79526,34.00706],[-118.79526,34.00706]],[[-118.80052,34.00631],[-118.80015,34.00631],[-118.80054,34.00616],[-118.80052,34.00631]]]},"properties":{"depth_m":1}},{"type":"Feature","geometry":{"type":"MultiLineString","coordinates":[[[-118.74429,34.03204],[-118.74539,34.03158],[-118.74689,34.03143],[-118.74644,34.03174],[-118.74535,34.03189],[-118.74517,34.03204]],[[-118.74898,34.03083],[-118.75061,34.03038],[-118.75134,34.02993],[-118.75225,34.02963],[-118.7537,34.02842],[-118.75424,34.02827],[-118.75461,34.02782],[-118.75479,34.02722],[-118.75533,34.02662],[-118.75533,34.02638],[-118.75515,34.02638],[-118.75453,34.02737],[-118.7537,34.0282],[-118.75079,34.02995],[-118.74885,34.03083],[-118.74898,34.03083]],[[-118.74916,34.03068],[-118.74916,34.03068]],[[-118.74934,34.03053],[-118.74934,34.03053]],[[-118.75787,34.02572],[-118.75604,34.02572],[-118.75678,34.02546],[-118.76005,34.0251],[-118.76332,34.02522],[-118.76658,34.02484],[-118.77013,34.02406],[-118.77439,34.02338],[-118.77826,34.02241],[-118.78056,34.02205],[-118.78509,34.02069],[-118.78716,34.01895],[-118.78999,34.01564],[-118.79139,34.01338],[-118.79194,34.01187],[-118.79283,34.01052],[-118.79325,34.00841],[-118.79382,34.00736],[-118.79526,34.0065],[-118.79925,34.00616],[-118.80088,34.0056],[-118.80207,34.00495],[-118.80301,34.0042],[-118.80451,34.0022],[-118.80469,34.00215],[-118.80488,34.00236],[-118.80415,34.0039],[-118.80224,34.00555],[-118.80125,34.00587],[-118.80052,34.00631],[-118.79943,34.00646],[-118.79925,34.00661],[-118.79562,34.00679],[-118.79417,34.00766],[-118.79381,34.00841],[-118.79381,34.00917],[-118.79417,34.00992],[-118.79399,34.0108],[-118.79362,34.01127],[-118.79254,34.01202],[-118.79235,34.01293],[-118.79181,34.01398],[-118.79072,34.01503],[-118.79054,34.01609],[-118.788,34.01849],[-118.78764,34.0194],[-118.78564,34.0209],[-118.78528,34.0209],[-118.78401,34.0215],[-118.78364,34.0215],[-118.78201,34.02226],[-118.77856,34.02271],[-118.77529,34.02361],[-118.77475,34.02361],[-118.77348,34.02406],[-118.77094,34.02436],[-118.77003,34.02466],[-118.7684,34.02481],[-118.76731,34.02511],[-118.76622,34.02511],[-118.76604,34.02527],[-118.76332,34.02542],[-118.76313,34.02557],[-118.75987,34.02542],[-118.75969,34.02557],[-118.75805,34.02557],[-118.75787,34.02572]],[[-118.83047,34.02045],[-118.83025,34.0203],[-118.83047,34.02027]],[[-118.8301,34.02017],[-118.82919,34.01942],[-118.8301,34.02017]],[[-118.82992,34.02015],[-118.82992,34.02015]],[[-118.82974,34.02],[-118.82974,34.02]],[[-118.82956,34.01985],[-118.82956,34.01985]],[[-118.82938,34.0197],[-118.82938,34.0197]],[[-118.82919,34.01955],[-118.82919,34.01955]],[[-118.82901,34.0194],[-118.82917,34.0194],[-118.82248,34.01444],[-118.82248,34.01458],[-118.82466,34.01639],[-118.82484,34.01639],[-118.82738,34.01834],[-118.82901,34.0194]],[[-118.82865,34.01925],[-118.82865,34.01925]],[[-118.82847,34.0191],[-118.82847,34.0191]],[[-118.82829,34.01895],[-118.82829,34.01895]],[[-118.82811,34.0188],[-118.82811,34.0188]],[[-118.82792,34.01864],[-118.82792,34.01864]],[[-118.82774,34.01849],[-118.82774,34.01849]],[[-118.82738,34.01834],[-118.82738,34.01834]],[[-118.8272,34.01819],[-118.8272,34.01819]],[[-118.82702,34.01804],[-118.82702,34.01804]],[[-118.82684,34.01789],[-118.82684,34.01789]],[[-118.82665,34.01774],[-118.82665,34.01774]],[[-118.82647,34.01759],[-118.82647,34.01759]],[[-118.82629,34.01744],[-118.82629,34.01744]],[[-118.82593,34.01729],[-118.82593,34.01729]],[[-118.82575,34.01714],[-118.82575,34.01714]],[[-118.82557,34.01699],[-118.82557,34.01699]],[[-118.82538,34.01684],[-118.82538,34.01684]],[[-118.8252,34.01669],[-118.8252,34.01669]],[[-118.82502,34.01654],[-118.82502,34.01654]],[[-118.82466,34.01639],[-118.82466,34.01639]],[[-118.82448,34.01624],[-118.82448,34.01624]],[[-118.82429,34.01609],[-118.82429,34.01609]],[[-118.82411,34.01594],[-118.82411,34.01594]],[[-118.82393,34.01579],[-118.82393,34.01579]],[[-118.82375,34.01564],[-118.82375,34.01564]],[[-118.82357,34.01549],[-118.82357,34.01549]],[[-118.82339,34.01533],[-118.82339,34.01533]],[[-118.82321,34.01518],[-118.82321,34.01518]],[[-118.82302,34.01503],[-118.82302,34.01503]],[[-118.82284,34.01488],[-118.82284,34.01488]],[[-118.82266,34.01473],[-118.82266,34.01473]],[[-118.82248,34.01458],[-118.82248,34.01458]],[[-118.82194,34.01413],[-118.82207,34.01413],[-118.82194,34.01413]],[[-118.79235,34.01127],[-118.79235,34.01127]],[[-118.79417,34.00992],[-118.79417,34.00992]],[[-118.79399,34.00932],[-118.79399,34.00932]],[[-118.81558,34.00842],[-118.81558,34.00842]],[[-118.81558,34.00841],[-118.81558,34.00841]],[[-118.81504,34.00796],[-118.81514,34.00796],[-118.81504,34.00768],[-118.81488,34.00781],[-118.81504,34.00796]],[[-118.81486,34.0078],[-118.81502,34.00766],[-118.81486,34.00753],[-118.81486,34.0078]],[[-118.81468,34.00751],[-118.81484,34.00751],[-118.81322,34.00593],[-118.81326,34.00616],[-118.81395,34.00676],[-118.81395,34.00691],[-118.81468,34.00751]],[[-118.81449,34.00736],[-118.81449,34.00736]],[[-118.81431,34.00721],[-118.81431,34.00721]],[[-118.81413,34.00706],[-118.81413,34.00706]],[[-118.81395,34.00691],[-118.81395,34.00691]],[[-118.81377,34.00661],[-118.81377,34.00661]],[[-118.81359,34.00646],[-118.81359,34.00646]],[[-118.81341,34.00631],[-118.81341,34.00631]],[[-118.79925,34.00616],[-118.79925,34.00616]],[[-118.81304,34.00586],[-118.8131,34.0057],[-118.81286,34.00545],[-118.81277,34.00555],[-118.81304,34.00586]],[[-118.81286,34.0057],[-118.81286,34.0057]],[[-118.8125,34.00531],[-118.8125,34.0051],[-118.81177,34.0044],[-118.81177,34.00465],[-118.8125,34.00531]],[[-118.81232,34.0051],[-118.81232,34.0051]],[[-118.81214,34.00495],[-118.81214,34.00495]],[[-118.81195,34.0048],[-118.81195,34.0048]],[[-118.81177,34.00465],[-118.81177,34.00465]],[[-118.81159,34.00439],[-118.81159,34.00439]],[[-118.81141,34.0042],[-118.81101,34.0036],[-118.81087,34.00348],[-118.81072,34.0036],[-118.81141,34.0042]],[[-118.81123,34.00405],[-118.81123,34.00405]],[[-118.81105,34.0039],[-118.81105,34.0039]],[[-118.81087,34.00375],[-118.81087,34.00375]],[[-118.81032,34.00315],[-118.81047,34.00315],[-118.81032,34.00293],[-118.81032,34.00315]],[[-118.80923,34.00205],[-118.80923,34.00186],[-118.80923,34.00205]],[[-118.80488,34.00182],[-118.80488,34.00126],[-118.80469,34.00126],[-118.80458,34.00179],[-118.80469,34.00191],[-118.80488,34.00182]]]},"properties":{"depth_m":2}},{"type":"Feature","geometry":{"type":"MultiLineString","coordinates":[[[-118.74353,34.03178],[-118.74519,34.03128],[-118.74807,34.03082],[-118.74961,34.02993],[-118.75079,34.02949],[-118.75253,34.02827],[-118.75352,34.02782],[-118.75497,34.02591],[-118.75624,34.02531],[-118.76041,34.02478],[-118.76295,34.02504],[-118.76695,34.02454],[-118.76985,34.02372],[-118.77275,34.02333],[-118.77747,34.02213],[-118.78056,34.02164],[-118.78491,34.02036],[-118.78636,34.01915],[-118.78964,34.01549],[-118.79101,34.01323],[-118.79145,34.01169],[-118.79221,34.01022],[-118.79281,34.00811],[-118.79355,34.00706],[-118.79435,34.00651],[-118.79544,34.00605],[-118.79889,34.00584],[-118.80119,34.00495],[-118.80324,34.00327],[-118.80415,34.00202],[-118.80469,34.00082],[-118.80488,34.00061],[-118.80503,34.00074],[-118.80478,34.00194],[-118.80488,34.00255],[-118.80433,34.00345],[-118.80433,34.00375],[-118.80234,34.00555],[-118.80052,34.00631],[-118.79943,34.00646],[-118.79925,34.00661],[-118.79562,34.00685],[-118.79417,34.00766],[-118.79381,34.00841],[-118.79381,34.00917],[-118.79417,34.00992],[-118.79399,34.01082],[-118.79362,34.01127],[-118.79254,34.01202],[-118.79235,34.01293],[-118.79181,34.01398],[-118.79072,34.01503],[-118.79072,34.01579],[-118.79054,34.01609],[-118.788,34.01849],[-118.78764,34.0194],[-118.78564,34.0209],[-118.78528,34.0209],[-118.78401,34.0215],[-118.78364,34.0215],[-118.78201,34.02226],[-118.77856,34.02271],[-118.77529,34.02361],[-118.77475,34.02361],[-118.77348,34.02406],[-118.77094,34.02436],[-118.77003,34.02466],[-118.7684,34.02481],[-118.76731,34.02511],[-118.76332,34.02542],[-118.76313,34.02557],[-118.75987,34.02542],[-118.75969,34.02557],[-118.75624,34.02572],[-118.75533,34.02617],[-118.75533,34.02662],[-118.75461,34.02752],[-118.75442,34.02812],[-118.7537,34.02842],[-118.75225,34.02963],[-118.75134,34.02993],[-118.75061,34.03038],[-118.75025,34.03038],[-118.74789,34.03128],[-118.74517,34.03204]],[[-118.75406,34.02722],[-118.75406,34.02722]],[[-118.76132,34.02557],[-118.76132,34.02557]],[[-118.83047,34.02045],[-118.82883,34.0194],[-118.82484,34.01639],[-118.82466,34.01639],[-118.81722,34.01022],[-118.81649,34.00932],[-118.81558,34.00856],[-118.81558,34.00841],[-118.81395,34.00691],[-118.81395,34.00676],[-118.81159,34.0045],[-118.81159,34.00435],[-118.81068,34.0036],[-118.80996,34.0027],[-118.80905,34.00194],[-118.80887,34.00134],[-118.80832,34.00104],[-118.80796,34.00104],[-118.8076,34.00074],[-118.8076,34.00056],[-118.80796,34.00051],[-118.80923,34.00145],[-118.81921,34.01151],[-118.8252,34.01615],[-118.83047,34.01994]],[[-118.82702,34.01744],[-118.82702,34.01744]],[[-118.82393,34.01518],[-118.82393,34.01518]],[[-118.78981,34.01518],[-118.78981,34.01518]],[[-118.79108,34.01308],[-118.79108,34.01308]],[[-118.82067,34.01263],[-118.82067,34.01263]],[[-118.80197,34.0057],[-118.80197,34.0057]],[[-118.81341,34.00555],[-118.81341,34.00555]],[[-118.80433,34.00164],[-118.80433,34.00164]],[[-118.80524,34.00044],[-118.80524,34.00028],[-118.80578,33.99998],[-118.80694,33.99999],[-118.80694,34.00014],[-118.80615,34.00014],[-118.80524,34.00044]]]},"properties":{"depth_m":3}},{"type":"Feature","geometry":{"type":"MultiLineString","coordinates":[[[-118.83047,34.02045],[-118.82883,34.0194],[-118.82484,34.01639],[-118.82466,34.01639],[-118.81722,34.01022],[-118.81649,34.00932],[-118.81558,34.00856],[-118.81486,34.00766],[-118.81322,34.00616],[-118.81322,34.00601],[-118.81068,34.0036],[-118.80996,34.0027],[-118.80905,34.00194],[-118.80887,34.00134],[-118.80832,34.00104],[-118.80796,34.00104],[-118.8076,34.00074],[-118.8076,34.00044],[-118.80742,34.00029],[-118.80705,34.00014],[-118.80615,34.00014],[-118.80597,34.00029],[-118.80542,34.00029],[-118.80506,34.00059],[-118.80488,34.00104],[-118.80488,34.00255],[-118.80433,34.00345],[-118.80433,34.00375],[-118.80234,34.00555],[-118.80052,34.00631],[-118.79943,34.00646],[-118.79925,34.00661],[-118.7978,34.00661],[-118.79762,34.00676],[-118.79616,34.00676],[-118.79544,34.00691],[-118.79417,34.00766],[-118.79381,34.00841],[-118.79381,34.00917],[-118.79417,34.00992],[-118.79399,34.01082],[-118.79362,34.01127],[-118.79254,34.01202],[-118.79235,34.01293],[-118.79181,34.01398],[-118.79072,34.01503],[-118.79072,34.01579],[-118.79054,34.01609],[-118.788,34.01849],[-118.78764,34.0194],[-118.78564,34.0209],[-118.78528,34.0209],[-118.78401,34.0215],[-118.78364,34.0215],[-118.78201,34.02226],[-118.77856,34.02271],[-118.77529,34.02361],[-118.77475,34.02361],[-118.77348,34.02406],[-118.77094,34.02436],[-118.77003,34.02466],[-118.7684,34.02481],[-118.76731,34.02511],[-118.76332,34.02542],[-118.76313,34.02557],[-118.75987,34.02542],[-118.75969,34.02557],[-118.75624,34.02572],[-118.75533,34.02617],[-118.75533,34.02662],[-118.75461,34.02752],[-118.75442,34.02812],[-118.7537,34.02842],[-118.75225,34.02963],[-118.75134,34.02993],[-118.75061,34.03038],[-118.75025,34.03038],[-118.74789,34.03128],[-118.74517,34.03204]],[[-118.74353,34.03148],[-118.74589,34.03082],[-118.74825,34.03051],[-118.74952,34.02962],[-118.75043,34.02928],[-118.75243,34.0278],[-118.75315,34.02763],[-118.75348,34.02737],[-118.7538,34.02662],[-118.75448,34.02572],[-118.75497,34.02535],[-118.75678,34.02497],[-118.7586,34.02488],[-118.76041,34.02451],[-118.76295,34.02485],[-118.76676,34.02435],[-118.76985,34.02331],[-118.77203,34.02314],[-118.77402,34.02275],[-118.77584,34.02228],[-118.77729,34.02171],[-118.78038,34.02131],[-118.78473,34.02011],[-118.78591,34.0191],[-118.78933,34.01533],[-118.78994,34.01398],[-118.79069,34.01308],[-118.79105,34.01112],[-118.79168,34.01007],[-118.79218,34.00811],[-118.79309,34.00691],[-118.79381,34.00639],[-118.79544,34.00565],[-118.79871,34.00556],[-118.80106,34.00456],[-118.80296,34.003],[-118.80415,34.00154],[-118.80488,34.00033],[-118.80578,33.9998],[-118.80724,33.99992],[-118.80887,34.00087],[-118.81341,34.00517],[-118.81929,34.01127],[-118.82575,34.01627],[-118.83047,34.01961]],[[-118.75152,34.02842],[-118.75152,34.02842]],[[-118.76132,34.02557],[-118.76132,34.02557]],[[-118.76876,34.02361],[-118.76876,34.02361]],[[-118.8301,34.0203],[-118.8301,34.0203]],[[-118.82992,34.02015],[-118.82992,34.02015]],[[-118.82974,34.02],[-118.82974,34.02]],[[-118.82956,34.01985],[-118.82956,34.01985]],[[-118.82938,34.0197],[-118.82938,34.0197]],[[-118.82919,34.01955],[-118.82919,34.01955]],[[-118.82883,34.0194],[-118.82883,34.0194]],[[-118.82865,34.01925],[-118.82865,34.01925]],[[-118.82847,34.0191],[-118.82847,34.0191]],[[-118.82829,34.01895],[-118.82829,34.01895]],[[-118.82811,34.0188],[-118.82811,34.0188]],[[-118.82792,34.01864],[-118.82792,34.01864]],[[-118.82774,34.01849],[-118.82774,34.01849]],[[-118.82738,34.01834],[-118.82738,34.01834]],[[-118.8272,34.01819],[-118.8272,34.01819]],[[-118.82702,34.01804],[-118.82702,34.01804]],[[-118.82829,34.01804],[-118.82829,34.01804]],[[-118.82684,34.01789],[-118.82684,34.01789]],[[-118.82665,34.01774],[-118.82665,34.01774]],[[-118.82647,34.01759],[-118.82647,34.01759]],[[-118.82629,34.01744],[-118.82629,34.01744]],[[-118.82593,34.01729],[-118.82593,34.01729]],[[-118.82575,34.01714],[-118.82575,34.01714]],[[-118.82557,34.01699],[-118.82557,34.01699]],[[-118.82538,34.01684],[-118.82538,34.01684]],[[-118.8252,34.01669],[-118.8252,34.01669]],[[-118.82502,34.01654],[-118.82502,34.01654]],[[-118.82466,34.01639],[-118.82466,34.01639]],[[-118.82448,34.01624],[-118.82448,34.01624]],[[-118.82429,34.01609],[-118.82429,34.01609]],[[-118.82411,34.01594],[-118.82411,34.01594]],[[-118.82393,34.01579],[-118.82393,34.01579]],[[-118.82375,34.01564],[-118.82375,34.01564]],[[-118.82357,34.01549],[-118.82357,34.01549]],[[-118.82339,34.01533],[-118.82339,34.01533]],[[-118.82321,34.01518],[-118.82321,34.01518]],[[-118.82302,34.01503],[-118.82302,34.01503]],[[-118.82284,34.01488],[-118.82284,34.01488]],[[-118.82266,34.01473],[-118.82266,34.01473]],[[-118.82248,34.01458],[-118.82248,34.01458]],[[-118.8223,34.01443],[-118.8223,34.01443]],[[-118.82212,34.01428],[-118.82212,34.01428]],[[-118.82194,34.01413],[-118.82194,34.01413]],[[-118.82175,34.01398],[-118.82175,34.01398]],[[-118.82157,34.01383],[-118.82157,34.01383]],[[-118.82139,34.01368],[-118.82139,34.01368]],[[-118.82121,34.01353],[-118.82121,34.01353]],[[-118.82103,34.01338],[-118.82103,34.01338]],[[-118.82085,34.01323],[-118.82085,34.01323]],[[-118.82067,34.01308],[-118.82067,34.01308]],[[-118.82048,34.01293],[-118.82048,34.01293]],[[-118.8203,34.01278],[-118.8203,34.01278]],[[-118.82012,34.01263],[-118.82012,34.01263]],[[-118.81994,34.01248],[-118.81994,34.01248]],[[-118.81976,34.01233],[-118.81976,34.01233]],[[-118.81958,34.01217],[-118.81958,34.01217]],[[-118.81939,34.01202],[-118.81939,34.01202]],[[-118.81921,34.01187],[-118.81921,34.01187]],[[-118.81903,34.01172],[-118.81903,34.01172]],[[-118.81885,34.01157],[-118.81885,34.01157]],[[-118.81867,34.01142],[-118.81867,34.01142]],[[-118.81849,34.01127],[-118.81849,34.01127]],[[-118.81831,34.01112],[-118.81831,34.01112]],[[-118.81812,34.01097],[-118.81812,34.01097]],[[-118.81794,34.01082],[-118.81794,34.01082]],[[-118.81776,34.01067],[-118.81776,34.01067]],[[-118.81758,34.01052],[-118.81758,34.01052]],[[-118.8174,34.01037],[-118.8174,34.01037]],[[-118.81722,34.01022],[-118.81722,34.01022]],[[-118.81704,34.00992],[-118.81704,34.00992]],[[-118.81685,34.00977],[-118.81685,34.00977]],[[-118.81667,34.00962],[-118.81667,34.00962]],[[-118.81649,34.00947],[-118.81649,34.00947]],[[-118.81631,34.00917],[-118.81631,34.00917]],[[-118.81613,34.00902],[-118.81613,34.00902]],[[-118.81595,34.00886],[-118.81595,34.00886]],[[-118.81577,34.00871],[-118.81577,34.00871]],[[-118.81558,34.00856],[-118.81558,34.00856]],[[-118.8154,34.00826],[-118.8154,34.00826]],[[-118.81522,34.00811],[-118.81522,34.00811]],[[-118.81504,34.00796],[-118.81504,34.00796]],[[-118.81486,34.00781],[-118.81486,34.00781]],[[-118.81468,34.00751],[-118.81468,34.00751]],[[-118.81449,34.00736],[-118.81449,34.00736]],[[-118.81431,34.00721],[-118.81431,34.00721]],[[-118.81413,34.00706],[-118.81413,34.00706]],[[-118.81395,34.00691],[-118.81395,34.00691]],[[-118.81377,34.00661],[-118.81377,34.00661]],[[-118.81359,34.00646],[-118.81359,34.00646]],[[-118.81341,34.00631],[-118.81341,34.00631]],[[-118.81322,34.00616],[-118.81322,34.00616]],[[-118.81304,34.00586],[-118.81304,34.00586]],[[-118.81286,34.0057],[-118.81286,34.0057]],[[-118.81268,34.00555],[-118.81268,34.00555]],[[-118.8125,34.0054],[-118.8125,34.0054]],[[-118.81214,34.00495],[-118.81214,34.00495]],[[-118.81195,34.0048],[-118.81195,34.0048]],[[-118.81177,34.00465],[-118.81177,34.00465]],[[-118.81159,34.0045],[-118.81159,34.0045]],[[-118.81141,34.0042],[-118.81141,34.0042]],[[-118.81123,34.00405],[-118.81123,34.00405]],[[-118.81105,34.0039],[-118.81105,34.0039]],[[-118.81087,34.00375],[-118.81087,34.00375]],[[-118.81068,34.0036],[-118.81068,34.0036]],[[-118.8105,34.0033],[-118.8105,34.0033]],[[-118.81032,34.00315],[-118.81032,34.00315]],[[-118.81014,34.003],[-118.81014,34.003]],[[-118.80996,34.00285],[-118.80996,34.00285]],[[-118.80978,34.00255],[-118.80978,34.00255]],[[-118.80959,34.00239],[-118.80959,34.00239]],[[-118.80941,34.00224],[-118.80941,34.00224]],[[-118.80923,34.00209],[-118.80923,34.00209]],[[-118.80905,34.00194],[-118.80905,34.00194]],[[-118.80887,34.00164],[-118.80887,34.00164]],[[-118.80851,34.00119],[-118.80851,34.00119]],[[-118.80796,34.00104],[-118.80796,34.00104]],[[-118.80778,34.00089],[-118.80778,34.00089]],[[-118.8076,34.00074],[-118.8076,34.00074]],[[-118.80869,34.00074],[-118.80869,34.00074]],[[-118.80469,34.00059],[-118.80469,34.00059]],[[-118.80724,34.00029],[-118.80724,34.00029]],[[-118.8056,33.99984],[-118.8056,33.99984]]]},"properties":{"depth_m":4}},{"type":"Feature","geometry":{"type":"MultiLineString","coordinates":[[[-118.83047,34.02045],[-118.82883,34.0194],[-118.82484,34.01639],[-118.82466,34.01639],[-118.81722,34.01022],[-118.81649,34.00932],[-118.81558,34.00856],[-118.81558,34.00841],[-118.81068,34.0036],[-118.80996,34.0027],[-118.80905,34.00194],[-118.80887,34.00134],[-118.80832,34.00104],[-118.80796,34.00104],[-118.8076,34.00074],[-118.8076,34.00044],[-118.80742,34.00029],[-118.80705,34.00014],[-118.80615,34.00014],[-118.80597,34.00029],[-118.80542,34.00029],[-118.80506,34.00059],[-118.80506,34.00089],[-118.80488,34.00104],[-118.80488,34.00255],[-118.80433,34.00345],[-118.80433,34.00375],[-118.80234,34.00555],[-118.80052,34.00631],[-118.79943,34.00646],[-118.79925,34.00661],[-118.7978,34.00661],[-118.79762,34.00676],[-118.79616,34.00676],[-118.79598,34.00691],[-118.79544,34.00691],[-118.79417,34.00766],[-118.79381,34.00841],[-118.79381,34.00917],[-118.79417,34.00992],[-118.79399,34.01082],[-118.79362,34.01127],[-118.79254,34.01202],[-118.79235,34.01293],[-118.79181,34.01398],[-118.79072,34.01503],[-118.79072,34.01579],[-118.79054,34.01609],[-118.788,34.01849],[-118.78764,34.0194],[-118.78564,34.0209],[-118.78528,34.0209],[-118.78401,34.0215],[-118.78364,34.0215],[-118.78201,34.02226],[-118.77856,34.02271],[-118.77529,34.02361],[-118.77475,34.02361],[-118.77348,34.02406],[-118.77094,34.02436],[-118.77003,34.02466],[-118.7684,34.02481],[-118.76731,34.02511],[-118.76332,34.02542],[-118.76313,34.02557],[-118.75987,34.02542],[-118.75969,34.02557],[-118.75624,34.02572],[-118.75533,34.02617],[-118.75533,34.02662],[-118.75461,34.02752],[-118.75442,34.02812],[-118.7537,34.02842],[-118.75225,34.02963],[-118.75134,34.02993],[-118.75061,34.03038],[-118.75025,34.03038],[-118.74789,34.03128],[-118.74517,34.03204]],[[-118.74353,34.03113],[-118.74444,34.03104],[-118.745,34.03068],[-118.7468,34.03032],[-118.74807,34.03035],[-118.75243,34.02727],[-118.75297,34.02734],[-118.75315,34.02722],[-118.75294,34.02647],[-118.75359,34.02587],[-118.75367,34.02542],[-118.75388,34.02524],[-118.75678,34.02472],[-118.75878,34.02469],[-118.76078,34.02421],[-118.76205,34.0246],[-118.76295,34.02465],[-118.76658,34.02418],[-118.76749,34.0239],[-118.76876,34.02316],[-118.77003,34.02286],[-118.77221,34.02281],[-118.77566,34.02199],[-118.77655,34.0215],[-118.77675,34.02104],[-118.77784,34.02124],[-118.78001,34.02102],[-118.78455,34.01976],[-118.78573,34.0188],[-118.78621,34.01789],[-118.78709,34.01713],[-118.78721,34.01684],[-118.78864,34.01564],[-118.78924,34.01473],[-118.78927,34.01383],[-118.79036,34.01294],[-118.79048,34.01142],[-118.79122,34.00992],[-118.79146,34.00751],[-118.79205,34.00721],[-118.79326,34.0062],[-118.79526,34.00529],[-118.79871,34.00527],[-118.80015,34.00435],[-118.80085,34.0042],[-118.80123,34.00375],[-118.80179,34.00361],[-118.8027,34.00287],[-118.80332,34.00194],[-118.80408,34.00134],[-118.80503,33.99999],[-118.80578,33.99963],[-118.80742,33.99981],[-118.80887,34.00066],[-118.81341,34.0048],[-118.81958,34.01124],[-118.82593,34.01613],[-118.83047,34.01929]],[[-118.74662,34.03038],[-118.74662,34.03038]],[[-118.76132,34.02557],[-118.76132,34.02557]],[[-118.75914,34.02451],[-118.75914,34.02451]],[[-118.76096,34.02421],[-118.76096,34.02421]],[[-118.76876,34.02316],[-118.76876,34.02316]],[[-118.8301,34.0203],[-118.8301,34.0203]],[[-118.82992,34.02015],[-118.82992,34.02015]],[[-118.82974,34.02],[-118.82974,34.02]],[[-118.82956,34.01985],[-118.82956,34.01985]],[[-118.82938,34.0197],[-118.82938,34.0197]],[[-118.82919,34.01955],[-118.82919,34.01955]],[[-118.82883,34.0194],[-118.82883,34.0194]],[[-118.82865,34.01925],[-118.82865,34.01925]],[[-118.82847,34.0191],[-118.82847,34.0191]],[[-118.82829,34.01895],[-118.82829,34.01895]],[[-118.82811,34.0188],[-118.82811,34.0188]],[[-118.82792,34.01864],[-118.82792,34.01864]],[[-118.82774,34.01849],[-118.82774,34.01849]],[[-118.82738,34.01834],[-118.82738,34.01834]],[[-118.8272,34.01819],[-118.8272,34.01819]],[[-118.82702,34.01804],[-118.82702,34.01804]],[[-118.82684,34.01789],[-118.82684,34.01789]],[[-118.82665,34.01774],[-118.82665,34.01774]],[[-118.82829,34.01774],[-118.82829,34.01774]],[[-118.82647,34.01759],[-118.82647,34.01759]],[[-118.82629,34.01744],[-118.82629,34.01744]],[[-118.82593,34.01729],[-118.82593,34.01729]],[[-118.82575,34.01714],[-118.82575,34.01714]],[[-118.82557,34.01699],[-118.82557,34.01699]],[[-118.82538,34.01684],[-118.82538,34.01684]],[[-118.8252,34.01669],[-118.8252,34.01669]],[[-118.82502,34.01654],[-118.82502,34.01654]],[[-118.82466,34.01639],[-118.82466,34.01639]],[[-118.82448,34.01624],[-118.82448,34.01624]],[[-118.82429,34.01609],[-118.82429,34.01609]],[[-118.82411,34.01594],[-118.82411,34.01594]],[[-118.82393,34.01579],[-118.82393,34.01579]],[[-118.82375,34.01564],[-118.82375,34.01564]],[[-118.82357,34.01549],[-118.82357,34.01549]],[[-118.82339,34.01533],[-118.82339,34.01533]],[[-118.82321,34.01518],[-118.82321,34.01518]],[[-118.82302,34.01503],[-118.82302,34.01503]],[[-118.82284,34.01488],[-118.82284,34.01488]],[[-118.82266,34.01473],[-118.82266,34.01473]],[[-118.82248,34.01458],[-118.82248,34.01458]],[[-118.8223,34.01443],[-118.8223,34.01443]],[[-118.82212,34.01428],[-118.82212,34.01428]],[[-118.82194,34.01413],[-118.82194,34.01413]],[[-118.82175,34.01398],[-118.82175,34.01398]],[[-118.82157,34.01383],[-118.82157,34.01383]],[[-118.82139,34.01368],[-118.82139,34.01368]],[[-118.82121,34.01353],[-118.82121,34.01353]],[[-118.82103,34.01338],[-118.82103,34.01338]],[[-118.82085,34.01323],[-118.82085,34.01323]],[[-118.82067,34.01308],[-118.82067,34.01308]],[[-118.82048,34.01293],[-118.82048,34.01293]],[[-118.8203,34.01278],[-118.8203,34.01278]],[[-118.82012,34.01263],[-118.82012,34.01263]],[[-118.81994,34.01248],[-118.81994,34.01248]],[[-118.82121,34.01248],[-118.82121,34.01248]],[[-118.81976,34.01233],[-118.81976,34.01233]],[[-118.81958,34.01217],[-118.81958,34.01217]],[[-118.81939,34.01202],[-118.81939,34.01202]],[[-118.81921,34.01187],[-118.81921,34.01187]],[[-118.81903,34.01172],[-118.81903,34.01172]],[[-118.81885,34.01157],[-118.81885,34.01157]],[[-118.81867,34.01142],[-118.81867,34.01142]],[[-118.81849,34.01127],[-118.81849,34.01127]],[[-118.81831,34.01112],[-118.81831,34.01112]],[[-118.81812,34.01097],[-118.81812,34.01097]],[[-118.81794,34.01082],[-118.81794,34.01082]],[[-118.81776,34.01067],[-118.81776,34.01067]],[[-118.81758,34.01052],[-118.81758,34.01052]],[[-118.8174,34.01037],[-118.8174,34.01037]],[[-118.81722,34.01022],[-118.81722,34.01022]],[[-118.81704,34.00992],[-118.81704,34.00992]],[[-118.81685,34.00977],[-118.81685,34.00977]],[[-118.81667,34.00962],[-118.81667,34.00962]],[[-118.81649,34.00947],[-118.81649,34.00947]],[[-118.81631,34.00917],[-118.81631,34.00917]],[[-118.81613,34.00902],[-118.81613,34.00902]],[[-118.81595,34.00886],[-118.81595,34.00886]],[[-118.81577,34.00871],[-118.81577,34.00871]],[[-118.81558,34.00856],[-118.81558,34.00856]],[[-118.8154,34.00826],[-118.8154,34.00826]],[[-118.81522,34.00811],[-118.81522,34.00811]],[[-118.81504,34.00796],[-118.81504,34.00796]],[[-118.81486,34.00781],[-118.81486,34.00781]],[[-118.81468,34.00751],[-118.81468,34.00751]],[[-118.81449,34.00736],[-118.81449,34.00736]],[[-118.81431,34.00721],[-118.81431,34.00721]],[[-118.81413,34.00706],[-118.81413,34.00706]],[[-118.81395,34.00691],[-118.81395,34.00691]],[[-118.81377,34.00661],[-118.81377,34.00661]],[[-118.81359,34.00646],[-118.81359,34.00646]],[[-118.81341,34.00631],[-118.81341,34.00631]],[[-118.81322,34.00616],[-118.81322,34.00616]],[[-118.81304,34.00586],[-118.81304,34.00586]],[[-118.81286,34.0057],[-118.81286,34.0057]],[[-118.81268,34.00555],[-118.81268,34.00555]],[[-118.8125,34.0054],[-118.8125,34.0054]],[[-118.81214,34.00495],[-118.81214,34.00495]],[[-118.81195,34.0048],[-118.81195,34.0048]],[[-118.81341,34.0048],[-118.81341,34.0048]],[[-118.81177,34.00465],[-118.81177,34.00465]],[[-118.81159,34.0045],[-118.81159,34.0045]],[[-118.81141,34.0042],[-118.81141,34.0042]],[[-118.81123,34.00405],[-118.81123,34.00405]],[[-118.81105,34.0039],[-118.81105,34.0039]],[[-118.81087,34.00375],[-118.81087,34.00375]],[[-118.81068,34.0036],[-118.81068,34.0036]],[[-118.8105,34.0033],[-118.8105,34.0033]],[[-118.81032,34.00315],[-118.81032,34.00315]],[[-118.81014,34.003],[-118.81014,34.003]],[[-118.80996,34.00285],[-118.80996,34.00285]],[[-118.80978,34.00255],[-118.80978,34.00255]],[[-118.80959,34.00239],[-118.80959,34.00239]],[[-118.80941,34.00224],[-118.80941,34.00224]],[[-118.80923,34.00209],[-118.80923,34.00209]],[[-118.80905,34.00194],[-118.80905,34.00194]],[[-118.80324,34.00209],[-118.80324,34.00209]],[[-118.80887,34.00164],[-118.80887,34.00164]],[[-118.80851,34.00119],[-118.80851,34.00119]],[[-118.80796,34.00104],[-118.80796,34.00104]],[[-118.80778,34.00089],[-118.80778,34.00089]],[[-118.8076,34.00074],[-118.8076,34.00074]],[[-118.80724,34.00029],[-118.80724,34.00029]]]},"properties":{"depth_m":5}},{"type":"Feature","geometry":{"type":"MultiLineString","coordinates":[[[-118.83047,34.02045],[-118.82883,34.0194],[-118.82484,34.01639],[-118.82466,34.01639],[-118.81722,34.01022],[-118.81649,34.00932],[-118.81558,34.00856],[-118.81558,34.00841],[-118.81068,34.0036],[-118.80996,34.0027],[-118.80905,34.00194],[-118.80887,34.00134],[-118.80832,34.00104],[-118.80796,34.00104],[-118.8076,34.00074],[-118.8076,34.00044],[-118.80742,34.00029],[-118.80705,34.00014],[-118.80615,34.00014],[-118.80597,34.00029],[-118.80542,34.00029],[-118.80506,34.00059],[-118.80506,34.00089],[-118.80488,34.00104],[-118.80488,34.00255],[-118.80433,34.00345],[-118.80433,34.00375],[-118.80234,34.00555],[-118.80052,34.00631],[-118.79943,34.00646],[-118.79925,34.00661],[-118.7978,34.00661],[-118.79762,34.00676],[-118.79616,34.00676],[-118.79598,34.00691],[-118.79544,34.00691],[-118.79417,34.00766],[-118.79381,34.00841],[-118.79381,34.00917],[-118.79417,34.00992],[-118.79399,34.01082],[-118.79362,34.01127],[-118.79254,34.01202],[-118.79235,34.01293],[-118.79181,34.01398],[-118.79072,34.01503],[-118.79072,34.01579],[-118.79054,34.01609],[-118.788,34.01849],[-118.78764,34.0194],[-118.78564,34.0209],[-118.78528,34.0209],[-118.78401,34.0215],[-118.78364,34.0215],[-118.78201,34.02226],[-118.77856,34.02271],[-118.77529,34.02361],[-118.77475,34.02361],[-118.77348,34.02406],[-118.77094,34.02436],[-118.77003,34.02466],[-118.7684,34.02481],[-118.76731,34.02511],[-118.76332,34.02542],[-118.76313,34.02557],[-118.75987,34.02542],[-118.75969,34.02557],[-118.75624,34.02572],[-118.75533,34.02617],[-118.75533,34.02662],[-118.75461,34.02752],[-118.75442,34.02812],[-118.7537,34.02842],[-118.75225,34.02963],[-118.75134,34.02993],[-118.75061,34.03038],[-118.75025,34.03038],[-118.74789,34.03128],[-118.74517,34.03204]],[[-118.74353,34.0308],[-118.74462,34.03072],[-118.74535,34.0304],[-118.74662,34.03015],[-118.74767,34.02963],[-118.74843,34.02962],[-118.74935,34.02918],[-118.75101,34.02812],[-118.75234,34.02692],[-118.75253,34.02632],[-118.75307,34.02572],[-118.75298,34.02542],[-118.75352,34.02507],[-118.75751,34.02428],[-118.7586,34.02447],[-118.75932,34.02409],[-118.76132,34.02401],[-118.76205,34.02445],[-118.76277,34.02447],[-118.76676,34.02393],[-118.76785,34.02341],[-118.76876,34.02274],[-118.76967,34.02252],[-118.77221,34.02252],[-118.77529,34.02174],[-118.77638,34.02092],[-118.78038,34.02062],[-118.78419,34.01948],[-118.78537,34.01864],[-118.78565,34.01819],[-118.78562,34.01774],[-118.78655,34.01678],[-118.78829,34.01549],[-118.78877,34.01368],[-118.78981,34.01262],[-118.79007,34.01127],[-118.79047,34.01067],[-118.79073,34.00977],[-118.79044,34.00886],[-118.79058,34.00856],[-118.79048,34.00796],[-118.79018,34.00736],[-118.79042,34.00691],[-118.79199,34.00587],[-118.79235,34.00599],[-118.79362,34.00554],[-118.79417,34.00551],[-118.79544,34.0049],[-118.79834,34.00494],[-118.79943,34.0043],[-118.80153,34.00345],[-118.8024,34.0027],[-118.80308,34.00179],[-118.80365,34.00149],[-118.80496,33.99984],[-118.8056,33.99947],[-118.80724,33.9996],[-118.80869,34.00031],[-118.81105,34.00224],[-118.81364,34.00465],[-118.81975,34.01112],[-118.82611,34.016],[-118.83047,34.01898]],[[-118.76132,34.02557],[-118.76132,34.02557]],[[-118.8301,34.0203],[-118.8301,34.0203]],[[-118.82992,34.02015],[-118.82992,34.02015]],[[-118.82974,34.02],[-118.82974,34.02]],[[-118.82956,34.01985],[-118.82956,34.01985]],[[-118.82938,34.0197],[-118.82938,34.0197]],[[-118.82919,34.01955],[-118.82919,34.01955]],[[-118.82883,34.0194],[-118.82883,34.0194]],[[-118.82865,34.01925],[-118.82865,34.01925]],[[-118.82847,34.0191],[-118.82847,34.0191]],[[-118.82829,34.01895],[-118.82829,34.01895]],[[-118.82811,34.0188],[-118.82811,34.0188]],[[-118.82792,34.01864],[-118.82792,34.01864]],[[-118.82774,34.01849],[-118.82774,34.01849]],[[-118.82738,34.01834],[-118.82738,34.01834]],[[-118.8272,34.01819],[-118.8272,34.01819]],[[-118.82702,34.01804],[-118.82702,34.01804]],[[-118.82684,34.01789],[-118.82684,34.01789]],[[-118.82665,34.01774],[-118.82665,34.01774]],[[-118.82647,34.01759],[-118.82647,34.01759]],[[-118.82629,34.01744],[-118.82629,34.01744]],[[-118.82593,34.01729],[-118.82593,34.01729]],[[-118.82575,34.01714],[-118.82575,34.01714]],[[-118.82557,34.01699],[-118.82557,34.01699]],[[-118.82538,34.01684],[-118.82538,34.01684]],[[-118.8252,34.01669],[-118.8252,34.01669]],[[-118.82502,34.01654],[-118.82502,34.01654]],[[-118.82466,34.01639],[-118.82466,34.01639]],[[-118.82448,34.01624],[-118.82448,34.01624]],[[-118.78709,34.01639],[-118.78709,34.01639]],[[-118.82429,34.01609],[-118.82429,34.01609]],[[-118.82411,34.01594],[-118.82411,34.01594]],[[-118.82393,34.01579],[-118.82393,34.01579]],[[-118.82375,34.01564],[-118.82375,34.01564]],[[-118.82357,34.01549],[-118.82357,34.01549]],[[-118.82339,34.01533],[-118.82339,34.01533]],[[-118.82321,34.01518],[-118.82321,34.01518]],[[-118.82302,34.01503],[-118.82302,34.01503]],[[-118.82284,34.01488],[-118.82284,34.01488]],[[-118.82466,34.01488],[-118.82466,34.01488]],[[-118.82266,34.01473],[-118.82266,34.01473]],[[-118.82248,34.01458],[-118.82248,34.01458]],[[-118.8223,34.01443],[-118.8223,34.01443]],[[-118.82212,34.01428],[-118.82212,34.01428]],[[-118.82194,34.01413],[-118.82194,34.01413]],[[-118.82175,34.01398],[-118.82175,34.01398]],[[-118.82157,34.01383],[-118.82157,34.01383]],[[-118.82139,34.01368],[-118.82139,34.01368]],[[-118.82121,34.01353],[-118.82121,34.01353]],[[-118.82103,34.01338],[-118.82103,34.01338]],[[-118.82085,34.01323],[-118.82085,34.01323]],[[-118.82067,34.01308],[-118.82067,34.01308]],[[-118.82048,34.01293],[-118.82048,34.01293]],[[-118.8203,34.01278],[-118.8203,34.01278]],[[-118.82012,34.01263],[-118.82012,34.01263]],[[-118.81994,34.01248],[-118.81994,34.01248]],[[-118.81976,34.01233],[-118.81976,34.01233]],[[-118.81958,34.01217],[-118.81958,34.01217]],[[-118.81939,34.01202],[-118.81939,34.01202]],[[-118.81921,34.01187],[-118.81921,34.01187]],[[-118.81903,34.01172],[-118.81903,34.01172]],[[-118.81885,34.01157],[-118.81885,34.01157]],[[-118.81867,34.01142],[-118.81867,34.01142]],[[-118.81849,34.01127],[-118.81849,34.01127]],[[-118.81831,34.01112],[-118.81831,34.01112]],[[-118.81812,34.01097],[-118.81812,34.01097]],[[-118.81794,34.01082],[-118.81794,34.01082]],[[-118.81776,34.01067],[-118.81776,34.01067]],[[-118.81758,34.01052],[-118.81758,34.01052]],[[-118.8174,34.01037],[-118.8174,34.01037]],[[-118.81722,34.01022],[-118.81722,34.01022]],[[-118.81704,34.00992],[-118.81704,34.00992]],[[-118.81685,34.00977],[-118.81685,34.00977]],[[-118.81667,34.00962],[-118.81667,34.00962]],[[-118.81812,34.00947],[-118.81812,34.00947]],[[-118.81649,34.00947],[-118.81649,34.00947]],[[-118.81631,34.00917],[-118.81631,34.00917]],[[-118.81613,34.00902],[-118.81613,34.00902]],[[-118.81595,34.00886],[-118.81595,34.00886]],[[-118.81577,34.00871],[-118.81577,34.00871]],[[-118.8174,34.00871],[-118.8174,34.00871]],[[-118.81558,34.00856],[-118.81558,34.00856]],[[-118.8154,34.00826],[-118.8154,34.00826]],[[-118.81522,34.00811],[-118.81522,34.00811]],[[-118.81504,34.00796],[-118.81504,34.00796]],[[-118.81486,34.00781],[-118.81486,34.00781]],[[-118.81468,34.00751],[-118.81468,34.00751]],[[-118.81449,34.00736],[-118.81449,34.00736]],[[-118.81431,34.00721],[-118.81431,34.00721]],[[-118.81413,34.00706],[-118.81413,34.00706]],[[-118.81395,34.00691],[-118.81395,34.00691]],[[-118.81377,34.00661],[-118.81377,34.00661]],[[-118.81359,34.00646],[-118.81359,34.00646]],[[-118.81341,34.00631],[-118.81341,34.00631]],[[-118.81322,34.00616],[-118.81322,34.00616]],[[-118.81304,34.00586],[-118.81304,34.00586]],[[-118.81286,34.0057],[-118.81286,34.0057]],[[-118.81268,34.00555],[-118.81268,34.00555]],[[-118.79217,34.00565],[-118.79225,34.00555],[-118.7919,34.0054],[-118.79199,34.00569],[-118.79217,34.00565]],[[-118.8125,34.0054],[-118.8125,34.0054]],[[-118.81214,34.00495],[-118.81214,34.00495]],[[-118.81195,34.0048],[-118.81195,34.0048]],[[-118.81177,34.00465],[-118.81177,34.00465]],[[-118.81159,34.0045],[-118.81159,34.0045]],[[-118.81141,34.0042],[-118.81141,34.0042]],[[-118.81123,34.00405],[-118.81123,34.00405]],[[-118.81105,34.0039],[-118.81105,34.0039]],[[-118.81087,34.00375],[-118.81087,34.00375]],[[-118.81068,34.0036],[-118.81068,34.0036]],[[-118.8007,34.00375],[-118.8007,34.00375]],[[-118.8105,34.0033],[-118.8105,34.0033]],[[-118.81032,34.00315],[-118.81032,34.00315]],[[-118.81177,34.003],[-118.81177,34.003]],[[-118.81014,34.003],[-118.81014,34.003]],[[-118.80996,34.00285],[-118.80996,34.00285]],[[-118.80978,34.00255],[-118.80978,34.00255]],[[-118.80959,34.00239],[-118.80959,34.00239]],[[-118.80941,34.00224],[-118.80941,34.00224]],[[-118.81105,34.00224],[-118.81105,34.00224]],[[-118.80923,34.00209],[-118.80923,34.00209]],[[-118.81087,34.00209],[-118.81087,34.00209]],[[-118.80905,34.00194],[-118.80905,34.00194]],[[-118.81068,34.00194],[-118.81068,34.00194]],[[-118.80887,34.00164],[-118.80887,34.00164]],[[-118.80851,34.00119],[-118.80851,34.00119]],[[-118.80796,34.00104],[-118.80796,34.00104]],[[-118.80778,34.00089],[-118.80778,34.00089]],[[-118.8076,34.00074],[-118.8076,34.00074]],[[-118.80724,34.00029],[-118.80724,34.00029]]]},"properties":{"depth_m":6}},{"type":"Feature","geometry":{"type":"MultiLineString","coordinates":[[[-118.83047,34.02045],[-118.82883,34.0194],[-118.82484,34.01639],[-118.82466,34.01639],[-118.81722,34.01022],[-118.81649,34.00932],[-118.81558,34.00856],[-118.81558,34.00841],[-118.81232,34.00525],[-118.81159,34.00435],[-118.81068,34.0036],[-118.80996,34.0027],[-118.80905,34.00194],[-118.80887,34.00134],[-118.80832,34.00104],[-118.80796,34.00104],[-118.8076,34.00074],[-118.8076,34.00044],[-118.80742,34.00029],[-118.80705,34.00014],[-118.80615,34.00014],[-118.80597,34.00029],[-118.80542,34.00029],[-118.80506,34.00059],[-118.80506,34.00089],[-118.80488,34.00104],[-118.80488,34.00255],[-118.80433,34.00345],[-118.80433,34.00375],[-118.80234,34.00555],[-118.80052,34.00631],[-118.79943,34.00646],[-118.79925,34.00661],[-118.7978,34.00661],[-118.79762,34.00676],[-118.79616,34.00676],[-118.79598,34.00691],[-118.79544,34.00691],[-118.79417,34.00766],[-118.79381,34.00841],[-118.79381,34.00917],[-118.79417,34.00992],[-118.79399,34.01082],[-118.79362,34.01127],[-118.79254,34.01202],[-118.79235,34.01293],[-118.79181,34.01398],[-118.79072,34.01503],[-118.79072,34.01579],[-118.79054,34.01609],[-118.788,34.01849],[-118.78764,34.0194],[-118.78564,34.0209],[-118.78528,34.0209],[-118.78401,34.0215],[-118.78364,34.0215],[-118.78201,34.02226],[-118.77856,34.02271],[-118.77529,34.02361],[-118.77475,34.02361],[-118.77348,34.02406],[-118.77094,34.02436],[-118.77003,34.02466],[-118.7684,34.02481],[-118.76731,34.02511],[-118.76332,34.02542],[-118.76313,34.02557],[-118.75987,34.02542],[-118.75969,34.02557],[-118.75624,34.02572],[-118.75533,34.02617],[-118.75533,34.02662],[-118.75479,34.02722],[-118.75442,34.02812],[-118.7537,34.02842],[-118.75225,34.02963],[-118.75134,34.02993],[-118.75061,34.03038],[-118.75025,34.03038],[-118.74789,34.03128],[-118.74517,34.03204]],[[-118.74353,34.03051],[-118.74499,34.03035],[-118.74644,34.02978],[-118.74843,34.0293],[-118.74952,34.0288],[-118.75075,34.02797],[-118.75122,34.02737],[-118.75188,34.02689],[-118.7521,34.02662],[-118.75211,34.02632],[-118.75253,34.02587],[-118.75233,34.02542],[-118.7532,34.02496],[-118.75751,34.02411],[-118.75823,34.02383],[-118.75878,34.02395],[-118.75951,34.02381],[-118.7615,34.02383],[-118.76241,34.02427],[-118.76531,34.02373],[-118.76676,34.02372],[-118.76753,34.02331],[-118.76807,34.02271],[-118.76912,34.02228],[-118.77221,34.02221],[-118.77511,34.02136],[-118.77574,34.02075],[-118.77784,34.02058],[-118.77838,34.02037],[-118.78038,34.02029],[-118.78183,34.01995],[-118.78396,34.0191],[-118.78507,34.01819],[-118.78518,34.01774],[-118.78595,34.01699],[-118.78605,34.01669],[-118.78816,34.01488],[-118.78848,34.01353],[-118.78934,34.01217],[-118.79035,34.00962],[-118.79019,34.00902],[-118.78992,34.00871],[-118.78987,34.00721],[-118.7902,34.00676],[-118.79145,34.00571],[-118.79145,34.00511],[-118.79272,34.00513],[-118.79326,34.00484],[-118.79414,34.0048],[-118.79453,34.0045],[-118.79544,34.00468],[-118.79762,34.00465],[-118.80074,34.0036],[-118.80197,34.00279],[-118.80245,34.00209],[-118.80433,34.00032],[-118.80438,33.99984],[-118.80524,33.99933],[-118.80705,33.99941],[-118.808,33.99969],[-118.80869,34.00008],[-118.81359,34.00422],[-118.81976,34.01086],[-118.82629,34.01588],[-118.83047,34.01867]],[[-118.76132,34.02557],[-118.76132,34.02557]],[[-118.77656,34.0206],[-118.77656,34.0206]],[[-118.8301,34.0203],[-118.8301,34.0203]],[[-118.82992,34.02015],[-118.82992,34.02015]],[[-118.82974,34.02],[-118.82974,34.02]],[[-118.82956,34.01985],[-118.82956,34.01985]],[[-118.82938,34.0197],[-118.82938,34.0197]],[[-118.82919,34.01955],[-118.82919,34.01955]],[[-118.82883,34.0194],[-118.82883,34.0194]],[[-118.82865,34.01925],[-118.82865,34.01925]],[[-118.82847,34.0191],[-118.82847,34.0191]],[[-118.82829,34.01895],[-118.82829,34.01895]],[[-118.82811,34.0188],[-118.82811,34.0188]],[[-118.82792,34.01864],[-118.82792,34.01864]],[[-118.82774,34.01849],[-118.82774,34.01849]],[[-118.78455,34.01864],[-118.78455,34.01864]],[[-118.82738,34.01834],[-118.82738,34.01834]],[[-118.8272,34.01819],[-118.8272,34.01819]],[[-118.78491,34.01834],[-118.78491,34.01834]],[[-118.82702,34.01804],[-118.82702,34.01804]],[[-118.82684,34.01789],[-118.82684,34.01789]],[[-118.82665,34.01774],[-118.82665,34.01774]],[[-118.82647,34.01759],[-118.82647,34.01759]],[[-118.82629,34.01744],[-118.82629,34.01744]],[[-118.82593,34.01729],[-118.82593,34.01729]],[[-118.82575,34.01714],[-118.82575,34.01714]],[[-118.82557,34.01699],[-118.82557,34.01699]],[[-118.82538,34.01684],[-118.82538,34.01684]],[[-118.8252,34.01669],[-118.8252,34.01669]],[[-118.82502,34.01654],[-118.82502,34.01654]],[[-118.82466,34.01639],[-118.82466,34.01639]],[[-118.82448,34.01624],[-118.82448,34.01624]],[[-118.82429,34.01609],[-118.82429,34.01609]],[[-118.82411,34.01594],[-118.82411,34.01594]],[[-118.82393,34.01579],[-118.82393,34.01579]],[[-118.82375,34.01564],[-118.82375,34.01564]],[[-118.82357,34.01549],[-118.82357,34.01549]],[[-118.82339,34.01533],[-118.82339,34.01533]],[[-118.82321,34.01518],[-118.82321,34.01518]],[[-118.82302,34.01503],[-118.82302,34.01503]],[[-118.82284,34.01488],[-118.82284,34.01488]],[[-118.82266,34.01473],[-118.82266,34.01473]],[[-118.82248,34.01458],[-118.82248,34.01458]],[[-118.8223,34.01443],[-118.8223,34.01443]],[[-118.82212,34.01428],[-118.82212,34.01428]],[[-118.82194,34.01413],[-118.82194,34.01413]],[[-118.82175,34.01398],[-118.82175,34.01398]],[[-118.82157,34.01383],[-118.82157,34.01383]],[[-118.82139,34.01368],[-118.82139,34.01368]],[[-118.82121,34.01353],[-118.82121,34.01353]],[[-118.82103,34.01338],[-118.82103,34.01338]],[[-118.82085,34.01323],[-118.82085,34.01323]],[[-118.82067,34.01308],[-118.82067,34.01308]],[[-118.82048,34.01293],[-118.82048,34.01293]],[[-118.8203,34.01278],[-118.8203,34.01278]],[[-118.82012,34.01263],[-118.82012,34.01263]],[[-118.81994,34.01248],[-118.81994,34.01248]],[[-118.82175,34.01233],[-118.82175,34.01233]],[[-118.81976,34.01233],[-118.81976,34.01233]],[[-118.81958,34.01217],[-118.81958,34.01217]],[[-118.81939,34.01202],[-118.81939,34.01202]],[[-118.81921,34.01187],[-118.81921,34.01187]],[[-118.81903,34.01172],[-118.81903,34.01172]],[[-118.81885,34.01157],[-118.81885,34.01157]],[[-118.81867,34.01142],[-118.81867,34.01142]],[[-118.81849,34.01127],[-118.81849,34.01127]],[[-118.81831,34.01112],[-118.81831,34.01112]],[[-118.81812,34.01097],[-118.81812,34.01097]],[[-118.81794,34.01082],[-118.81794,34.01082]],[[-118.81776,34.01067],[-118.81776,34.01067]],[[-118.81758,34.01052],[-118.81758,34.01052]],[[-118.8174,34.01037],[-118.8174,34.01037]],[[-118.81722,34.01022],[-118.81722,34.01022]],[[-118.81704,34.00992],[-118.81704,34.00992]],[[-118.81685,34.00977],[-118.81685,34.00977]],[[-118.81667,34.00962],[-118.81667,34.00962]],[[-118.81649,34.00947],[-118.81649,34.00947]],[[-118.81631,34.00917],[-118.81631,34.00917]],[[-118.81613,34.00902],[-118.81613,34.00902]],[[-118.81595,34.00886],[-118.81595,34.00886]],[[-118.81577,34.00871],[-118.81577,34.00871]],[[-118.81558,34.00856],[-118.81558,34.00856]],[[-118.8154,34.00826],[-118.8154,34.00826]],[[-118.81522,34.00811],[-118.81522,34.00811]],[[-118.81504,34.00796],[-118.81504,34.00796]],[[-118.81486,34.00781],[-118.81486,34.00781]],[[-118.81468,34.00751],[-118.81468,34.00751]],[[-118.81449,34.00736],[-118.81449,34.00736]],[[-118.81431,34.00721],[-118.81431,34.00721]],[[-118.81413,34.00706],[-118.81413,34.00706]],[[-118.81395,34.00691],[-118.81395,34.00691]],[[-118.81377,34.00661],[-118.81377,34.00661]],[[-118.81359,34.00646],[-118.81359,34.00646]],[[-118.81577,34.00646],[-118.81577,34.00646]],[[-118.81341,34.00631],[-118.81341,34.00631]],[[-118.81322,34.00616],[-118.81322,34.00616]],[[-118.81304,34.00586],[-118.81304,34.00586]],[[-118.81286,34.0057],[-118.81286,34.0057]],[[-118.81268,34.00555],[-118.81268,34.00555]],[[-118.8125,34.0054],[-118.8125,34.0054]],[[-118.81232,34.00525],[-118.81232,34.00525]],[[-118.81214,34.00495],[-118.81214,34.00495]],[[-118.81195,34.0048],[-118.81195,34.0048]],[[-118.81177,34.00465],[-118.81177,34.00465]],[[-118.81159,34.0045],[-118.81159,34.0045]],[[-118.79453,34.0045],[-118.79453,34.0045]],[[-118.81141,34.0042],[-118.81141,34.0042]],[[-118.81123,34.00405],[-118.81123,34.00405]],[[-118.81105,34.0039],[-118.81105,34.0039]],[[-118.81087,34.00375],[-118.81087,34.00375]],[[-118.81068,34.0036],[-118.81068,34.0036]],[[-118.8105,34.0033],[-118.8105,34.0033]],[[-118.81032,34.00315],[-118.81032,34.00315]],[[-118.81014,34.003],[-118.81014,34.003]],[[-118.80996,34.00285],[-118.80996,34.00285]],[[-118.81177,34.0027],[-118.81177,34.0027]],[[-118.80978,34.00255],[-118.80978,34.00255]],[[-118.80959,34.00239],[-118.80959,34.00239]],[[-118.80941,34.00224],[-118.80941,34.00224]],[[-118.80923,34.00209],[-118.80923,34.00209]],[[-118.80905,34.00194],[-118.80905,34.00194]],[[-118.80887,34.00164],[-118.80887,34.00164]],[[-118.80851,34.00119],[-118.80851,34.00119]],[[-118.80796,34.00104],[-118.80796,34.00104]],[[-118.80778,34.00089],[-118.80778,34.00089]],[[-118.8076,34.00074],[-118.8076,34.00074]],[[-118.80724,34.00029],[-118.80724,34.00029]]]},"properties":{"depth_m":7}},{"type":"Feature","geometry":{"type":"MultiLineString","coordinates":[[[-118.83047,34.02045],[-118.82883,34.0194],[-118.82484,34.01639],[-118.82466,34.01639],[-118.81722,34.01022],[-118.81649,34.00932],[-118.81558,34.00856],[-118.81558,34.00841],[-118.81232,34.00525],[-118.81159,34.00435],[-118.81068,34.0036],[-118.80996,34.0027],[-118.80905,34.00194],[-118.80887,34.00134],[-118.80832,34.00104],[-118.80796,34.00104],[-118.8076,34.00074],[-118.8076,34.00044],[-118.80742,34.00029],[-118.80705,34.00014],[-118.80615,34.00014],[-118.80597,34.00029],[-118.80542,34.00029],[-118.80506,34.00059],[-118.80506,34.00089],[-118.80488,34.00104],[-118.80488,34.00255],[-118.80433,34.00345],[-118.80433,34.00375],[-118.80234,34.00555],[-118.80052,34.00631],[-118.79943,34.00646],[-118.79925,34.00661],[-118.7978,34.00661],[-118.79762,34.00676],[-118.79616,34.00676],[-118.79598,34.00691],[-118.79544,34.00691],[-118.79417,34.00766],[-118.79381,34.00841],[-118.79381,34.00917],[-118.79417,34.00992],[-118.79399,34.01082],[-118.79362,34.01127],[-118.79254,34.01202],[-118.79235,34.01293],[-118.79181,34.01398],[-118.79072,34.01503],[-118.79072,34.01579],[-118.79054,34.01609],[-118.788,34.01849],[-118.78764,34.0194],[-118.78564,34.0209],[-118.78528,34.0209],[-118.78401,34.0215],[-118.78364,34.0215],[-118.78201,34.02226],[-118.77856,34.02271],[-118.77529,34.02361],[-118.77475,34.02361],[-118.77348,34.02406],[-118.77094,34.02436],[-118.77003,34.02466],[-118.7684,34.02481],[-118.76731,34.02511],[-118.76332,34.02542],[-118.76313,34.02557],[-118.75987,34.02542],[-118.75969,34.02557],[-118.75624,34.02572],[-118.75533,34.02617],[-118.75533,34.02662],[-118.75461,34.02752],[-118.75442,34.02812],[-118.7537,34.02842],[-118.75225,34.02963],[-118.75134,34.02993],[-118.75061,34.03038],[-118.75025,34.03038],[-118.74789,34.03128],[-118.74518,34.03204]],[[-118.74353,34.03011],[-118.74626,34.02939],[-118.74716,34.02929],[-118.74934,34.02855],[-118.75079,34.02753],[-118.7517,34.02648],[-118.75212,34.02587],[-118.7517,34.02527],[-118.75187,34.02511],[-118.75424,34.02457],[-118.7549,34.02421],[-118.75624,34.02408],[-118.75751,34.02359],[-118.75878,34.02341],[-118.75914,34.02355],[-118.75987,34.02333],[-118.76441,34.02344],[-118.76731,34.0225],[-118.76858,34.02226],[-118.76897,34.02195],[-118.77239,34.02184],[-118.7733,34.02143],[-118.77441,34.0212],[-118.77584,34.02041],[-118.78092,34.01979],[-118.78328,34.01883],[-118.78443,34.01804],[-118.78569,34.01654],[-118.78691,34.01561],[-118.78775,34.01473],[-118.78813,34.01353],[-118.78899,34.01217],[-118.78891,34.01169],[-118.78923,34.01082],[-118.78991,34.00962],[-118.78948,34.00856],[-118.78954,34.00751],[-118.78999,34.00662],[-118.79108,34.00549],[-118.79117,34.00495],[-118.79417,34.00426],[-118.79653,34.00436],[-118.79834,34.00419],[-118.79904,34.00375],[-118.80024,34.00345],[-118.80197,34.00247],[-118.80201,34.00194],[-118.80331,34.00104],[-118.80415,34.00016],[-118.80448,33.99954],[-118.80524,33.99912],[-118.80705,33.99926],[-118.80869,33.99985],[-118.81159,34.00211],[-118.81232,34.00292],[-118.81302,34.0033],[-118.81395,34.00409],[-118.8154,34.00582],[-118.81631,34.00655],[-118.81752,34.00811],[-118.81994,34.01074],[-118.82647,34.01574],[-118.83047,34.01842]],[[-118.74753,34.02918],[-118.74753,34.02918]],[[-118.76132,34.02557],[-118.76132,34.02557]],[[-118.8301,34.0203],[-118.8301,34.0203]],[[-118.82992,34.02015],[-118.82992,34.02015]],[[-118.82974,34.02],[-118.82974,34.02]],[[-118.82956,34.01985],[-118.82956,34.01985]],[[-118.82938,34.0197],[-118.82938,34.0197]],[[-118.82919,34.01955],[-118.82919,34.01955]],[[-118.82883,34.0194],[-118.82883,34.0194]],[[-118.82865,34.01925],[-118.82865,34.01925]],[[-118.82847,34.0191],[-118.82847,34.0191]],[[-118.82829,34.01895],[-118.82829,34.01895]],[[-118.82811,34.0188],[-118.82811,34.0188]],[[-118.82792,34.01864],[-118.82792,34.01864]],[[-118.82774,34.01849],[-118.82774,34.01849]],[[-118.82738,34.01834],[-118.82738,34.01834]],[[-118.8272,34.01819],[-118.8272,34.01819]],[[-118.82702,34.01804],[-118.82702,34.01804]],[[-118.82684,34.01789],[-118.82684,34.01789]],[[-118.82665,34.01774],[-118.82665,34.01774]],[[-118.82647,34.01759],[-118.82647,34.01759]],[[-118.82629,34.01744],[-118.82629,34.01744]],[[-118.82593,34.01729],[-118.82593,34.01729]],[[-118.82575,34.01714],[-118.82575,34.01714]],[[-118.82557,34.01699],[-118.82557,34.01699]],[[-118.82538,34.01684],[-118.82538,34.01684]],[[-118.8252,34.01669],[-118.8252,34.01669]],[[-118.82502,34.01654],[-118.82502,34.01654]],[[-118.82466,34.01639],[-118.82466,34.01639]],[[-118.82448,34.01624],[-118.82448,34.01624]],[[-118.82429,34.01609],[-118.82429,34.01609]],[[-118.82411,34.01594],[-118.82411,34.01594]],[[-118.82393,34.01579],[-118.82393,34.01579]],[[-118.82375,34.01564],[-118.82375,34.01564]],[[-118.82357,34.01549],[-118.82357,34.01549]],[[-118.82339,34.01533],[-118.82339,34.01533]],[[-118.82321,34.01518],[-118.82321,34.01518]],[[-118.82575,34.01518],[-118.82575,34.01518]],[[-118.82302,34.01503],[-118.82302,34.01503]],[[-118.82557,34.01503],[-118.82557,34.01503]],[[-118.82284,34.01488],[-118.82284,34.01488]],[[-118.82266,34.01473],[-118.82266,34.01473]],[[-118.82248,34.01458],[-118.82248,34.01458]],[[-118.8223,34.01443],[-118.8223,34.01443]],[[-118.82212,34.01428],[-118.82212,34.01428]],[[-118.82194,34.01413],[-118.82194,34.01413]],[[-118.82175,34.01398],[-118.82175,34.01398]],[[-118.82157,34.01383],[-118.82157,34.01383]],[[-118.82139,34.01368],[-118.82139,34.01368]],[[-118.82121,34.01353],[-118.82121,34.01353]],[[-118.82103,34.01338],[-118.82103,34.01338]],[[-118.82085,34.01323],[-118.82085,34.01323]],[[-118.82067,34.01308],[-118.82067,34.01308]],[[-118.82048,34.01293],[-118.82048,34.01293]],[[-118.8203,34.01278],[-118.8203,34.01278]],[[-118.82012,34.01263],[-118.82012,34.01263]],[[-118.81994,34.01248],[-118.81994,34.01248]],[[-118.81976,34.01233],[-118.81976,34.01233]],[[-118.81958,34.01217],[-118.81958,34.01217]],[[-118.81939,34.01202],[-118.81939,34.01202]],[[-118.81921,34.01187],[-118.81921,34.01187]],[[-118.81903,34.01172],[-118.81903,34.01172]],[[-118.81885,34.01157],[-118.81885,34.01157]],[[-118.81867,34.01142],[-118.81867,34.01142]],[[-118.81849,34.01127],[-118.81849,34.01127]],[[-118.81831,34.01112],[-118.81831,34.01112]],[[-118.81812,34.01097],[-118.81812,34.01097]],[[-118.81794,34.01082],[-118.81794,34.01082]],[[-118.81776,34.01067],[-118.81776,34.01067]],[[-118.81758,34.01052],[-118.81758,34.01052]],[[-118.81976,34.01052],[-118.81976,34.01052]],[[-118.8174,34.01037],[-118.8174,34.01037]],[[-118.81722,34.01022],[-118.81722,34.01022]],[[-118.81939,34.01007],[-118.81939,34.01007]],[[-118.81704,34.00992],[-118.81704,34.00992]],[[-118.81685,34.00977],[-118.81685,34.00977]],[[-118.81667,34.00962],[-118.81667,34.00962]],[[-118.81649,34.00947],[-118.81649,34.00947]],[[-118.81631,34.00917],[-118.81631,34.00917]],[[-118.81613,34.00902],[-118.81613,34.00902]],[[-118.81595,34.00886],[-118.81595,34.00886]],[[-118.81577,34.00871],[-118.81577,34.00871]],[[-118.81558,34.00856],[-118.81558,34.00856]],[[-118.8154,34.00826],[-118.8154,34.00826]],[[-118.81522,34.00811],[-118.81522,34.00811]],[[-118.81504,34.00796],[-118.81504,34.00796]],[[-118.81486,34.00781],[-118.81486,34.00781]],[[-118.81468,34.00751],[-118.81468,34.00751]],[[-118.81449,34.00736],[-118.81449,34.00736]],[[-118.81431,34.00721],[-118.81431,34.00721]],[[-118.81413,34.00706],[-118.81413,34.00706]],[[-118.81395,34.00691],[-118.81395,34.00691]],[[-118.81377,34.00661],[-118.81377,34.00661]],[[-118.81359,34.00646],[-118.81359,34.00646]],[[-118.81341,34.00631],[-118.81341,34.00631]],[[-118.81322,34.00616],[-118.81322,34.00616]],[[-118.81304,34.00586],[-118.81304,34.00586]],[[-118.81286,34.0057],[-118.81286,34.0057]],[[-118.81268,34.00555],[-118.81268,34.00555]],[[-118.8125,34.0054],[-118.8125,34.0054]],[[-118.81232,34.00525],[-118.81232,34.00525]],[[-118.81214,34.00495],[-118.81214,34.00495]],[[-118.81195,34.0048],[-118.81195,34.0048]],[[-118.81177,34.00465],[-118.81177,34.00465]],[[-118.81159,34.0045],[-118.81159,34.0045]],[[-118.81141,34.0042],[-118.81141,34.0042]],[[-118.79671,34.00435],[-118.79671,34.00435]],[[-118.81123,34.00405],[-118.81123,34.00405]],[[-118.81105,34.0039],[-118.81105,34.0039]],[[-118.81087,34.00375],[-118.81087,34.00375]],[[-118.81068,34.0036],[-118.81068,34.0036]],[[-118.81322,34.00345],[-118.81322,34.00345]],[[-118.8105,34.0033],[-118.8105,34.0033]],[[-118.81032,34.00315],[-118.81032,34.00315]],[[-118.81014,34.003],[-118.81014,34.003]],[[-118.80088,34.00315],[-118.80088,34.00315]],[[-118.80996,34.00285],[-118.80996,34.00285]],[[-118.80978,34.00255],[-118.80978,34.00255]],[[-118.80959,34.00239],[-118.80959,34.00239]],[[-118.80941,34.00224],[-118.80941,34.00224]],[[-118.80923,34.00209],[-118.80923,34.00209]],[[-118.80905,34.00194],[-118.80905,34.00194]],[[-118.80887,34.00164],[-118.80887,34.00164]],[[-118.80851,34.00119],[-118.80851,34.00119]],[[-118.81032,34.00119],[-118.81032,34.00119]],[[-118.80796,34.00104],[-118.80796,34.00104]],[[-118.80778,34.00089],[-118.80778,34.00089]],[[-118.8076,34.00074],[-118.8076,34.00074]],[[-118.80342,34.00089],[-118.80342,34.00089]],[[-118.80724,34.00029],[-118.80724,34.00029]]]},"properties":{"depth_m":8}},{"type":"Feature","geometry":{"type":"MultiLineString","coordinates":[[[-118.83047,34.02045],[-118.82883,34.0194],[-118.82484,34.01639],[-118.82466,34.01639],[-118.81722,34.01022],[-118.81649,34.00932],[-118.81558,34.00856],[-118.81558,34.00841],[-118.81232,34.00525],[-118.81159,34.00435],[-118.81068,34.0036],[-118.80996,34.0027],[-118.80905,34.00194],[-118.80887,34.00134],[-118.80832,34.00104],[-118.80796,34.00104],[-118.8076,34.00074],[-118.8076,34.00044],[-118.80742,34.00029],[-118.80705,34.00014],[-118.80615,34.00014],[-118.80597,34.00029],[-118.80542,34.00029],[-118.80506,34.00059],[-118.80506,34.00089],[-118.80488,34.00104],[-118.80488,34.00255],[-118.80433,34.00345],[-118.80433,34.00375],[-118.80234,34.00555],[-118.80052,34.00631],[-118.79943,34.00646],[-118.79925,34.00661],[-118.7978,34.00661],[-118.79762,34.00676],[-118.79616,34.00676],[-118.79598,34.00691],[-118.79544,34.00691],[-118.79417,34.00766],[-118.79381,34.00841],[-118.79381,34.00917],[-118.79417,34.00992],[-118.79399,34.01082],[-118.79362,34.01127],[-118.79254,34.01202],[-118.79235,34.01293],[-118.79181,34.01398],[-118.79072,34.01503],[-118.79072,34.01579],[-118.79054,34.01609],[-118.788,34.01849],[-118.78764,34.0194],[-118.78564,34.0209],[-118.78528,34.0209],[-118.78401,34.0215],[-118.78364,34.0215],[-118.78201,34.02226],[-118.77856,34.02271],[-118.77529,34.02361],[-118.77475,34.02361],[-118.77348,34.02406],[-118.77094,34.02436],[-118.77003,34.02466],[-118.7684,34.02481],[-118.76731,34.02511],[-118.76332,34.02542],[-118.76313,34.02557],[-118.75987,34.02542],[-118.75969,34.02557],[-118.75624,34.02572],[-118.75533,34.02617],[-118.75533,34.02662],[-118.75461,34.02752],[-118.75442,34.02812],[-118.7537,34.02842],[-118.75225,34.02963],[-118.75134,34.02993],[-118.75061,34.03038],[-118.75025,34.03038],[-118.74789,34.03128],[-118.74518,34.03204]],[[-118.74353,34.02961],[-118.74461,34.02948],[-118.74872,34.02842],[-118.74934,34.02787],[-118.75035,34.02737],[-118.75134,34.02619],[-118.75143,34.02572],[-118.75118,34.02527],[-118.75144,34.02496],[-118.75315,34.0246],[-118.75424,34.02411],[-118.75624,34.0238],[-118.75733,34.02327],[-118.75805,34.02332],[-118.75828,34.02301],[-118.75914,34.0228],[-118.75969,34.0228],[-118.76023,34.02308],[-118.76422,34.02289],[-118.76586,34.02256],[-118.76695,34.02211],[-118.76824,34.02195],[-118.76912,34.02159],[-118.77366,34.02091],[-118.77439,34.02044],[-118.77511,34.02021],[-118.77802,34.01957],[-118.78056,34.01927],[-118.78201,34.0188],[-118.78346,34.01792],[-118.78495,34.01654],[-118.78594,34.01594],[-118.78611,34.01549],[-118.78673,34.01515],[-118.78725,34.01458],[-118.78766,34.01338],[-118.78797,34.01308],[-118.78849,34.01202],[-118.78847,34.01142],[-118.78878,34.01112],[-118.78898,34.01037],[-118.78955,34.00962],[-118.78949,34.00932],[-118.7889,34.00871],[-118.78904,34.00856],[-118.78917,34.00751],[-118.79017,34.0057],[-118.7909,34.00521],[-118.79108,34.00461],[-118.79362,34.00388],[-118.79453,34.00379],[-118.79635,34.00403],[-118.79798,34.00382],[-118.80052,34.00296],[-118.80137,34.00239],[-118.80158,34.00194],[-118.80216,34.00164],[-118.80379,34.00014],[-118.80416,33.99954],[-118.80524,33.99895],[-118.80687,33.99908],[-118.80869,33.99963],[-118.80978,34.00061],[-118.81413,34.00383],[-118.81508,34.0051],[-118.81667,34.00661],[-118.82012,34.01057],[-118.82647,34.0155],[-118.83047,34.01812]],[[-118.76132,34.02557],[-118.76132,34.02557]],[[-118.8301,34.0203],[-118.8301,34.0203]],[[-118.82992,34.02015],[-118.82992,34.02015]],[[-118.82974,34.02],[-118.82974,34.02]],[[-118.82956,34.01985],[-118.82956,34.01985]],[[-118.82938,34.0197],[-118.82938,34.0197]],[[-118.82919,34.01955],[-118.82919,34.01955]],[[-118.82883,34.0194],[-118.82883,34.0194]],[[-118.82865,34.01925],[-118.82865,34.01925]],[[-118.82847,34.0191],[-118.82847,34.0191]],[[-118.82829,34.01895],[-118.82829,34.01895]],[[-118.82811,34.0188],[-118.82811,34.0188]],[[-118.82792,34.01864],[-118.82792,34.01864]],[[-118.82774,34.01849],[-118.82774,34.01849]],[[-118.82738,34.01834],[-118.82738,34.01834]],[[-118.8272,34.01819],[-118.8272,34.01819]],[[-118.82702,34.01804],[-118.82702,34.01804]],[[-118.82684,34.01789],[-118.82684,34.01789]],[[-118.82665,34.01774],[-118.82665,34.01774]],[[-118.82647,34.01759],[-118.82647,34.01759]],[[-118.82629,34.01744],[-118.82629,34.01744]],[[-118.82938,34.01744],[-118.82938,34.01744]],[[-118.82593,34.01729],[-118.82593,34.01729]],[[-118.82575,34.01714],[-118.82575,34.01714]],[[-118.82557,34.01699],[-118.82557,34.01699]],[[-118.82538,34.01684],[-118.82538,34.01684]],[[-118.8252,34.01669],[-118.8252,34.01669]],[[-118.82502,34.01654],[-118.82502,34.01654]],[[-118.82466,34.01639],[-118.82466,34.01639]],[[-118.82448,34.01624],[-118.82448,34.01624]],[[-118.82429,34.01609],[-118.82429,34.01609]],[[-118.82411,34.01594],[-118.82411,34.01594]],[[-118.82393,34.01579],[-118.82393,34.01579]],[[-118.82375,34.01564],[-118.82375,34.01564]],[[-118.82357,34.01549],[-118.82357,34.01549]],[[-118.82339,34.01533],[-118.82339,34.01533]],[[-118.82321,34.01518],[-118.82321,34.01518]],[[-118.82302,34.01503],[-118.82302,34.01503]],[[-118.82284,34.01488],[-118.82284,34.01488]],[[-118.82266,34.01473],[-118.82266,34.01473]],[[-118.82248,34.01458],[-118.82248,34.01458]],[[-118.8223,34.01443],[-118.8223,34.01443]],[[-118.82212,34.01428],[-118.82212,34.01428]],[[-118.82194,34.01413],[-118.82194,34.01413]],[[-118.82175,34.01398],[-118.82175,34.01398]],[[-118.82157,34.01383],[-118.82157,34.01383]],[[-118.82139,34.01368],[-118.82139,34.01368]],[[-118.82121,34.01353],[-118.82121,34.01353]],[[-118.82103,34.01338],[-118.82103,34.01338]],[[-118.82085,34.01323],[-118.82085,34.01323]],[[-118.82067,34.01308],[-118.82067,34.01308]],[[-118.82048,34.01293],[-118.82048,34.01293]],[[-118.82302,34.01278],[-118.82302,34.01278]],[[-118.8203,34.01278],[-118.8203,34.01278]],[[-118.82012,34.01263],[-118.82012,34.01263]],[[-118.81994,34.01248],[-118.81994,34.01248]],[[-118.81976,34.01233],[-118.81976,34.01233]],[[-118.81958,34.01217],[-118.81958,34.01217]],[[-118.81939,34.01202],[-118.81939,34.01202]],[[-118.81921,34.01187],[-118.81921,34.01187]],[[-118.81903,34.01172],[-118.81903,34.01172]],[[-118.81885,34.01157],[-118.81885,34.01157]],[[-118.81867,34.01142],[-118.81867,34.01142]],[[-118.81849,34.01127],[-118.81849,34.01127]],[[-118.81831,34.01112],[-118.81831,34.01112]],[[-118.81812,34.01097],[-118.81812,34.01097]],[[-118.81794,34.01082],[-118.81794,34.01082]],[[-118.81776,34.01067],[-118.81776,34.01067]],[[-118.81758,34.01052],[-118.81758,34.01052]],[[-118.8174,34.01037],[-118.8174,34.01037]],[[-118.81722,34.01022],[-118.81722,34.01022]],[[-118.81704,34.00992],[-118.81704,34.00992]],[[-118.81685,34.00977],[-118.81685,34.00977]],[[-118.81667,34.00962],[-118.81667,34.00962]],[[-118.81649,34.00947],[-118.81649,34.00947]],[[-118.81631,34.00917],[-118.81631,34.00917]],[[-118.81613,34.00902],[-118.81613,34.00902]],[[-118.81595,34.00886],[-118.81595,34.00886]],[[-118.81577,34.00871],[-118.81577,34.00871]],[[-118.81558,34.00856],[-118.81558,34.00856]],[[-118.8154,34.00826],[-118.8154,34.00826]],[[-118.81522,34.00811],[-118.81522,34.00811]],[[-118.81504,34.00796],[-118.81504,34.00796]],[[-118.81486,34.00781],[-118.81486,34.00781]],[[-118.81468,34.00751],[-118.81468,34.00751]],[[-118.81449,34.00736],[-118.81449,34.00736]],[[-118.81431,34.00721],[-118.81431,34.00721]],[[-118.81413,34.00706],[-118.81413,34.00706]],[[-118.81395,34.00691],[-118.81395,34.00691]],[[-118.81377,34.00661],[-118.81377,34.00661]],[[-118.81667,34.00661],[-118.81667,34.00661]],[[-118.81359,34.00646],[-118.81359,34.00646]],[[-118.81341,34.00631],[-118.81341,34.00631]],[[-118.81322,34.00616],[-118.81322,34.00616]],[[-118.81304,34.00586],[-118.81304,34.00586]],[[-118.81286,34.0057],[-118.81286,34.0057]],[[-118.81268,34.00555],[-118.81268,34.00555]],[[-118.8125,34.0054],[-118.8125,34.0054]],[[-118.8154,34.0054],[-118.8154,34.0054]],[[-118.81232,34.00525],[-118.81232,34.00525]],[[-118.81522,34.00525],[-118.81522,34.00525]],[[-118.81214,34.00495],[-118.81214,34.00495]],[[-118.81195,34.0048],[-118.81195,34.0048]],[[-118.81177,34.00465],[-118.81177,34.00465]],[[-118.81159,34.0045],[-118.81159,34.0045]],[[-118.81141,34.0042],[-118.81141,34.0042]],[[-118.81123,34.00405],[-118.81123,34.00405]],[[-118.81105,34.0039],[-118.81105,34.0039]],[[-118.81087,34.00375],[-118.81087,34.00375]],[[-118.81068,34.0036],[-118.81068,34.0036]],[[-118.8105,34.0033],[-118.8105,34.0033]],[[-118.81032,34.00315],[-118.81032,34.00315]],[[-118.81014,34.003],[-118.81014,34.003]],[[-118.80996,34.00285],[-118.80996,34.00285]],[[-118.80978,34.00255],[-118.80978,34.00255]],[[-118.80959,34.00239],[-118.80959,34.00239]],[[-118.80941,34.00224],[-118.80941,34.00224]],[[-118.80923,34.00209],[-118.80923,34.00209]],[[-118.80905,34.00194],[-118.80905,34.00194]],[[-118.80887,34.00164],[-118.80887,34.00164]],[[-118.80851,34.00119],[-118.80851,34.00119]],[[-118.80796,34.00104],[-118.80796,34.00104]],[[-118.80778,34.00089],[-118.80778,34.00089]],[[-118.8076,34.00074],[-118.8076,34.00074]],[[-118.80724,34.00029],[-118.80724,34.00029]]]},"properties":{"depth_m":9}},{"type":"Feature","geometry":{"type":"MultiLineString","coordinates":[[[-118.83047,34.02045],[-118.82883,34.0194],[-118.82484,34.01639],[-118.82466,34.01639],[-118.81722,34.01022],[-118.81649,34.00932],[-118.81558,34.00856],[-118.81558,34.00841],[-118.81068,34.0036],[-118.80996,34.0027],[-118.80905,34.00194],[-118.80887,34.00134],[-118.80832,34.00104],[-118.80796,34.00104],[-118.8076,34.00074],[-118.8076,34.00044],[-118.80742,34.00029],[-118.80705,34.00014],[-118.80615,34.00014],[-118.80597,34.00029],[-118.80542,34.00029],[-118.80506,34.00059],[-118.80506,34.00089],[-118.80488,34.00104],[-118.80488,34.00255],[-118.80433,34.00345],[-118.80433,34.00375],[-118.80234,34.00555],[-118.80052,34.00631],[-118.79943,34.00646],[-118.79925,34.00661],[-118.7978,34.00661],[-118.79762,34.00676],[-118.79616,34.00676],[-118.79598,34.00691],[-118.79544,34.00691],[-118.79417,34.00766],[-118.79381,34.00841],[-118.79381,34.00917],[-118.79417,34.00992],[-118.79399,34.01082],[-118.79362,34.01127],[-118.79254,34.01202],[-118.79235,34.01293],[-118.79181,34.01398],[-118.79072,34.01503],[-118.79072,34.01579],[-118.79054,34.01609],[-118.788,34.01849],[-118.78764,34.0194],[-118.78564,34.0209],[-118.78528,34.0209],[-118.78401,34.0215],[-118.78364,34.0215],[-118.78201,34.02226],[-118.77856,34.02271],[-118.77529,34.02361],[-118.77475,34.02361],[-118.77348,34.02406],[-118.77094,34.02436],[-118.77003,34.02466],[-118.7684,34.02481],[-118.76731,34.02511],[-118.76332,34.02542],[-118.76313,34.02557],[-118.75987,34.02542],[-118.75969,34.02557],[-118.75624,34.02572],[-118.75533,34.02617],[-118.75533,34.02662],[-118.75461,34.02752],[-118.75442,34.02812],[-118.7537,34.02842],[-118.75225,34.02963],[-118.75134,34.02993],[-118.75061,34.03038],[-118.75025,34.03038],[-118.74789,34.03128],[-118.74518,34.03204]],[[-118.74353,34.02919],[-118.74698,34.02842],[-118.74862,34.02761],[-118.74992,34.02677],[-118.7507,34.02602],[-118.75083,34.02587],[-118.75052,34.02557],[-118.75051,34.02527],[-118.75116,34.02485],[-118.75296,34.02436],[-118.75406,34.02389],[-118.75715,34.02311],[-118.75823,34.02266],[-118.75987,34.02246],[-118.76059,34.02267],[-118.76168,34.02269],[-118.76441,34.0224],[-118.76643,34.02195],[-118.76713,34.0215],[-118.76803,34.02149],[-118.76858,34.0212],[-118.77312,34.02054],[-118.77448,34.01985],[-118.78074,34.0184],[-118.78246,34.01774],[-118.78292,34.01726],[-118.78416,34.01654],[-118.7846,34.01594],[-118.78603,34.01503],[-118.78667,34.01443],[-118.78767,34.01263],[-118.78773,34.01217],[-118.78802,34.01172],[-118.78799,34.01127],[-118.78883,34.00992],[-118.7887,34.00962],[-118.7889,34.00917],[-118.78848,34.00871],[-118.78874,34.00826],[-118.78882,34.00736],[-118.78962,34.00616],[-118.78967,34.0057],[-118.79061,34.00495],[-118.79083,34.00435],[-118.7929,34.00358],[-118.7978,34.00334],[-118.79936,34.00285],[-118.80034,34.00243],[-118.80234,34.00105],[-118.80422,33.99923],[-118.80524,33.9988],[-118.80669,33.9989],[-118.80869,33.99941],[-118.80996,34.00058],[-118.81407,34.00345],[-118.8156,34.00525],[-118.81743,34.00706],[-118.81812,34.00805],[-118.82012,34.01009],[-118.82484,34.01401],[-118.83047,34.0179]],[[-118.74444,34.02903],[-118.74444,34.02903]],[[-118.76132,34.02557],[-118.76132,34.02557]],[[-118.8301,34.0203],[-118.8301,34.0203]],[[-118.82992,34.02015],[-118.82992,34.02015]],[[-118.82974,34.02],[-118.82974,34.02]],[[-118.82956,34.01985],[-118.82956,34.01985]],[[-118.82938,34.0197],[-118.82938,34.0197]],[[-118.82919,34.01955],[-118.82919,34.01955]],[[-118.82883,34.0194],[-118.82883,34.0194]],[[-118.82865,34.01925],[-118.82865,34.01925]],[[-118.82847,34.0191],[-118.82847,34.0191]],[[-118.82829,34.01895],[-118.82829,34.01895]],[[-118.82811,34.0188],[-118.82811,34.0188]],[[-118.82792,34.01864],[-118.82792,34.01864]],[[-118.82774,34.01849],[-118.82774,34.01849]],[[-118.82738,34.01834],[-118.82738,34.01834]],[[-118.8272,34.01819],[-118.8272,34.01819]],[[-118.82702,34.01804],[-118.82702,34.01804]],[[-118.82684,34.01789],[-118.82684,34.01789]],[[-118.82665,34.01774],[-118.82665,34.01774]],[[-118.82647,34.01759],[-118.82647,34.01759]],[[-118.82629,34.01744],[-118.82629,34.01744]],[[-118.82593,34.01729],[-118.82593,34.01729]],[[-118.82575,34.01714],[-118.82575,34.01714]],[[-118.82557,34.01699],[-118.82557,34.01699]],[[-118.82538,34.01684],[-118.82538,34.01684]],[[-118.8252,34.01669],[-118.8252,34.01669]],[[-118.82502,34.01654],[-118.82502,34.01654]],[[-118.82466,34.01639],[-118.82466,34.01639]],[[-118.82448,34.01624],[-118.82448,34.01624]],[[-118.82429,34.01609],[-118.82429,34.01609]],[[-118.82411,34.01594],[-118.82411,34.01594]],[[-118.82393,34.01579],[-118.82393,34.01579]],[[-118.82375,34.01564],[-118.82375,34.01564]],[[-118.82357,34.01549],[-118.82357,34.01549]],[[-118.82339,34.01533],[-118.82339,34.01533]],[[-118.82321,34.01518],[-118.82321,34.01518]],[[-118.82302,34.01503],[-118.82302,34.01503]],[[-118.82284,34.01488],[-118.82284,34.01488]],[[-118.82266,34.01473],[-118.82266,34.01473]],[[-118.82248,34.01458],[-118.82248,34.01458]],[[-118.82575,34.01458],[-118.82575,34.01458]],[[-118.8223,34.01443],[-118.8223,34.01443]],[[-118.82212,34.01428],[-118.82212,34.01428]],[[-118.82194,34.01413],[-118.82194,34.01413]],[[-118.82175,34.01398],[-118.82175,34.01398]],[[-118.82157,34.01383],[-118.82157,34.01383]],[[-118.82139,34.01368],[-118.82139,34.01368]],[[-118.82429,34.01353],[-118.82429,34.01353]],[[-118.82121,34.01353],[-118.82121,34.01353]],[[-118.82103,34.01338],[-118.82103,34.01338]],[[-118.82393,34.01323],[-118.82393,34.01323]],[[-118.82085,34.01323],[-118.82085,34.01323]],[[-118.82067,34.01308],[-118.82067,34.01308]],[[-118.82048,34.01293],[-118.82048,34.01293]],[[-118.8203,34.01278],[-118.8203,34.01278]],[[-118.82012,34.01263],[-118.82012,34.01263]],[[-118.81994,34.01248],[-118.81994,34.01248]],[[-118.82284,34.01233],[-118.82284,34.01233]],[[-118.81976,34.01233],[-118.81976,34.01233]],[[-118.81958,34.01217],[-118.81958,34.01217]],[[-118.82248,34.01202],[-118.82248,34.01202]],[[-118.81939,34.01202],[-118.81939,34.01202]],[[-118.8223,34.01187],[-118.8223,34.01187]],[[-118.81921,34.01187],[-118.81921,34.01187]],[[-118.81903,34.01172],[-118.81903,34.01172]],[[-118.81885,34.01157],[-118.81885,34.01157]],[[-118.81867,34.01142],[-118.81867,34.01142]],[[-118.81849,34.01127],[-118.81849,34.01127]],[[-118.81831,34.01112],[-118.81831,34.01112]],[[-118.81812,34.01097],[-118.81812,34.01097]],[[-118.81794,34.01082],[-118.81794,34.01082]],[[-118.81776,34.01067],[-118.81776,34.01067]],[[-118.81758,34.01052],[-118.81758,34.01052]],[[-118.8174,34.01037],[-118.8174,34.01037]],[[-118.81722,34.01022],[-118.81722,34.01022]],[[-118.81704,34.00992],[-118.81704,34.00992]],[[-118.81685,34.00977],[-118.81685,34.00977]],[[-118.81667,34.00962],[-118.81667,34.00962]],[[-118.81649,34.00947],[-118.81649,34.00947]],[[-118.81631,34.00917],[-118.81631,34.00917]],[[-118.81613,34.00902],[-118.81613,34.00902]],[[-118.81595,34.00886],[-118.81595,34.00886]],[[-118.81577,34.00871],[-118.81577,34.00871]],[[-118.81558,34.00856],[-118.81558,34.00856]],[[-118.8154,34.00826],[-118.8154,34.00826]],[[-118.81522,34.00811],[-118.81522,34.00811]],[[-118.81504,34.00796],[-118.81504,34.00796]],[[-118.81486,34.00781],[-118.81486,34.00781]],[[-118.81468,34.00751],[-118.81468,34.00751]],[[-118.81449,34.00736],[-118.81449,34.00736]],[[-118.81431,34.00721],[-118.81431,34.00721]],[[-118.81413,34.00706],[-118.81413,34.00706]],[[-118.81395,34.00691],[-118.81395,34.00691]],[[-118.81377,34.00661],[-118.81377,34.00661]],[[-118.81359,34.00646],[-118.81359,34.00646]],[[-118.81341,34.00631],[-118.81341,34.00631]],[[-118.81322,34.00616],[-118.81322,34.00616]],[[-118.81304,34.00586],[-118.81304,34.00586]],[[-118.81286,34.0057],[-118.81286,34.0057]],[[-118.81268,34.00555],[-118.81268,34.00555]],[[-118.8125,34.0054],[-118.8125,34.0054]],[[-118.81232,34.00525],[-118.81232,34.00525]],[[-118.81214,34.00495],[-118.81214,34.00495]],[[-118.81195,34.0048],[-118.81195,34.0048]],[[-118.81177,34.00465],[-118.81177,34.00465]],[[-118.81159,34.0045],[-118.81159,34.0045]],[[-118.81141,34.0042],[-118.81141,34.0042]],[[-118.81123,34.00405],[-118.81123,34.00405]],[[-118.81105,34.0039],[-118.81105,34.0039]],[[-118.81087,34.00375],[-118.81087,34.00375]],[[-118.81068,34.0036],[-118.81068,34.0036]],[[-118.8105,34.0033],[-118.8105,34.0033]],[[-118.81032,34.00315],[-118.81032,34.00315]],[[-118.81014,34.003],[-118.81014,34.003]],[[-118.80996,34.00285],[-118.80996,34.00285]],[[-118.80978,34.00255],[-118.80978,34.00255]],[[-118.80959,34.00239],[-118.80959,34.00239]],[[-118.80941,34.00224],[-118.80941,34.00224]],[[-118.80923,34.00209],[-118.80923,34.00209]],[[-118.81214,34.00209],[-118.81214,34.00209]],[[-118.80905,34.00194],[-118.80905,34.00194]],[[-118.80887,34.00164],[-118.80887,34.00164]],[[-118.80851,34.00119],[-118.80851,34.00119]],[[-118.80796,34.00104],[-118.80796,34.00104]],[[-118.80778,34.00089],[-118.80778,34.00089]],[[-118.8076,34.00074],[-118.8076,34.00074]],[[-118.80724,34.00029],[-118.80724,34.00029]]]},"properties":{"depth_m":10}},{"type":"Feature","geometry":{"type":"MultiLineString","coordinates":[[[-118.83047,34.02045],[-118.82883,34.0194],[-118.82484,34.01639],[-118.82466,34.01639],[-118.81722,34.01022],[-118.81649,34.00932],[-118.81558,34.00856],[-118.81558,34.00841],[-118.81068,34.0036],[-118.80996,34.0027],[-118.80905,34.00194],[-118.80887,34.00134],[-118.80832,34.00104],[-118.80796,34.00104],[-118.8076,34.00074],[-118.8076,34.00044],[-118.80742,34.00029],[-118.80705,34.00014],[-118.80615,34.00014],[-118.80597,34.00029],[-118.80542,34.00029],[-118.80506,34.00059],[-118.80506,34.00089],[-118.80488,34.00104],[-118.80488,34.00255],[-118.80433,34.00345],[-118.80433,34.00375],[-118.80234,34.00555],[-118.80052,34.00631],[-118.79943,34.00646],[-118.79925,34.00661],[-118.7978,34.00661],[-118.79762,34.00676],[-118.79616,34.00676],[-118.79598,34.00691],[-118.79544,34.00691],[-118.79417,34.00766],[-118.79381,34.00841],[-118.79381,34.00917],[-118.79417,34.00992],[-118.79399,34.01082],[-118.79362,34.01127],[-118.79254,34.01202],[-118.79235,34.01293],[-118.79181,34.01398],[-118.79072,34.01503],[-118.79072,34.01579],[-118.79054,34.01609],[-118.788,34.01849],[-118.78764,34.0194],[-118.78564,34.0209],[-118.78528,34.0209],[-118.78401,34.0215],[-118.78364,34.0215],[-118.78201,34.02226],[-118.77856,34.02271],[-118.77529,34.02361],[-118.77475,34.02361],[-118.77348,34.02406],[-118.77094,34.02436],[-118.77003,34.02466],[-118.7684,34.02481],[-118.76731,34.02511],[-118.76332,34.02542],[-118.76313,34.02557],[-118.75987,34.02542],[-118.75969,34.02557],[-118.75624,34.02572],[-118.75533,34.02617],[-118.75533,34.02662],[-118.75461,34.02752],[-118.75442,34.02812],[-118.7537,34.02842],[-118.75225,34.02963],[-118.75134,34.02993],[-118.75061,34.03038],[-118.75025,34.03038],[-118.74789,34.03128],[-118.74518,34.03204]],[[-118.74353,34.02919],[-118.74698,34.02842],[-118.74862,34.02761],[-118.74992,34.02677],[-118.7507,34.02602],[-118.75083,34.02587],[-118.75052,34.02557],[-118.75051,34.02527],[-118.75116,34.02485],[-118.75296,34.02436],[-118.75406,34.02389],[-118.75715,34.02311],[-118.75823,34.02266],[-118.75987,34.02246],[-118.76059,34.02267],[-118.76168,34.02269],[-118.76441,34.0224],[-118.76643,34.02195],[-118.76713,34.0215],[-118.76803,34.02149],[-118.76858,34.0212],[-118.77312,34.02054],[-118.77448,34.01985],[-118.78074,34.0184],[-118.78246,34.01774],[-118.78292,34.01726],[-118.78416,34.01654],[-118.7846,34.01594],[-118.78603,34.01503],[-118.78667,34.01443],[-118.78767,34.01263],[-118.78773,34.01217],[-118.78802,34.01172],[-118.78799,34.01127],[-118.78883,34.00992],[-118.7887,34.00962],[-118.7889,34.00917],[-118.78848,34.00871],[-118.78874,34.00826],[-118.78882,34.00736],[-118.78962,34.00616],[-118.78967,34.0057],[-118.79061,34.00495],[-118.79083,34.00435],[-118.7929,34.00358],[-118.7978,34.00334],[-118.79936,34.00285],[-118.80034,34.00243],[-118.80234,34.00105],[-118.80422,33.99923],[-118.80524,33.9988],[-118.80669,33.9989],[-118.80869,33.99941],[-118.80996,34.00058],[-118.81407,34.00345],[-118.8156,34.00525],[-118.81743,34.00706],[-118.81812,34.00805],[-118.82012,34.01009],[-118.82484,34.01401],[-118.83047,34.0179]],[[-118.74444,34.02903],[-118.74444,34.02903]],[[-118.76132,34.02557],[-118.76132,34.02557]],[[-118.8301,34.0203],[-118.8301,34.0203]],[[-118.82992,34.02015],[-118.82992,34.02015]],[[-118.82974,34.02],[-118.82974,34.02]],[[-118.82956,34.01985],[-118.82956,34.01985]],[[-118.82938,34.0197],[-118.82938,34.0197]],[[-118.82919,34.01955],[-118.82919,34.01955]],[[-118.82883,34.0194],[-118.82883,34.0194]],[[-118.82865,34.01925],[-118.82865,34.01925]],[[-118.82847,34.0191],[-118.82847,34.0191]],[[-118.82829,34.01895],[-118.82829,34.01895]],[[-118.82811,34.0188],[-118.82811,34.0188]],[[-118.82792,34.01864],[-118.82792,34.01864]],[[-118.82774,34.01849],[-118.82774,34.01849]],[[-118.82738,34.01834],[-118.82738,34.01834]],[[-118.8272,34.01819],[-118.8272,34.01819]],[[-118.82702,34.01804],[-118.82702,34.01804]],[[-118.82684,34.01789],[-118.82684,34.01789]],[[-118.82665,34.01774],[-118.82665,34.01774]],[[-118.82647,34.01759],[-118.82647,34.01759]],[[-118.82629,34.01744],[-118.82629,34.01744]],[[-118.82593,34.01729],[-118.82593,34.01729]],[[-118.82575,34.01714],[-118.82575,34.01714]],[[-118.82557,34.01699],[-118.82557,34.01699]],[[-118.82538,34.01684],[-118.82538,34.01684]],[[-118.8252,34.01669],[-118.8252,34.01669]],[[-118.82502,34.01654],[-118.82502,34.01654]],[[-118.82466,34.01639],[-118.82466,34.01639]],[[-118.82448,34.01624],[-118.82448,34.01624]],[[-118.82429,34.01609],[-118.82429,34.01609]],[[-118.82411,34.01594],[-118.82411,34.01594]],[[-118.82393,34.01579],[-118.82393,34.01579]],[[-118.82375,34.01564],[-118.82375,34.01564]],[[-118.82357,34.01549],[-118.82357,34.01549]],[[-118.82339,34.01533],[-118.82339,34.01533]],[[-118.82321,34.01518],[-118.82321,34.01518]],[[-118.82302,34.01503],[-118.82302,34.01503]],[[-118.82284,34.01488],[-118.82284,34.01488]],[[-118.82266,34.01473],[-118.82266,34.01473]],[[-118.82248,34.01458],[-118.82248,34.01458]],[[-118.82575,34.01458],[-118.82575,34.01458]],[[-118.8223,34.01443],[-118.8223,34.01443]],[[-118.82212,34.01428],[-118.82212,34.01428]],[[-118.82194,34.01413],[-118.82194,34.01413]],[[-118.82175,34.01398],[-118.82175,34.01398]],[[-118.82157,34.01383],[-118.82157,34.01383]],[[-118.82139,34.01368],[-118.82139,34.01368]],[[-118.82429,34.01353],[-118.82429,34.01353]],[[-118.82121,34.01353],[-118.82121,34.01353]],[[-118.82103,34.01338],[-118.82103,34.01338]],[[-118.82393,34.01323],[-118.82393,34.01323]],[[-118.82085,34.01323],[-118.82085,34.01323]],[[-118.82067,34.01308],[-118.82067,34.01308]],[[-118.82048,34.01293],[-118.82048,34.01293]],[[-118.8203,34.01278],[-118.8203,34.01278]],[[-118.82012,34.01263],[-118.82012,34.01263]],[[-118.81994,34.01248],[-118.81994,34.01248]],[[-118.82284,34.01233],[-118.82284,34.01233]],[[-118.81976,34.01233],[-118.81976,34.01233]],[[-118.81958,34.01217],[-118.81958,34.01217]],[[-118.82248,34.01202],[-118.82248,34.01202]],[[-118.81939,34.01202],[-118.81939,34.01202]],[[-118.8223,34.01187],[-118.8223,34.01187]],[[-118.81921,34.01187],[-118.81921,34.01187]],[[-118.81903,34.01172],[-118.81903,34.01172]],[[-118.81885,34.01157],[-118.81885,34.01157]],[[-118.81867,34.01142],[-118.81867,34.01142]],[[-118.81849,34.01127],[-118.81849,34.01127]],[[-118.81831,34.01112],[-118.81831,34.01112]],[[-118.81812,34.01097],[-118.81812,34.01097]],[[-118.81794,34.01082],[-118.81794,34.01082]],[[-118.81776,34.01067],[-118.81776,34.01067]],[[-118.81758,34.01052],[-118.81758,34.01052]],[[-118.8174,34.01037],[-118.8174,34.01037]],[[-118.81722,34.01022],[-118.81722,34.01022]],[[-118.81704,34.00992],[-118.81704,34.00992]],[[-118.81685,34.00977],[-118.81685,34.00977]],[[-118.81667,34.00962],[-118.81667,34.00962]],[[-118.81649,34.00947],[-118.81649,34.00947]],[[-118.81631,34.00917],[-118.81631,34.00917]],[[-118.81613,34.00902],[-118.81613,34.00902]],[[-118.81595,34.00886],[-118.81595,34.00886]],[[-118.81577,34.00871],[-118.81577,34.00871]],[[-118.81558,34.00856],[-118.81558,34.00856]],[[-118.8154,34.00826],[-118.8154,34.00826]],[[-118.81522,34.00811],[-118.81522,34.00811]],[[-118.81504,34.00796],[-118.81504,34.00796]],[[-118.81486,34.00781],[-118.81486,34.00781]],[[-118.81468,34.00751],[-118.81468,34.00751]],[[-118.81449,34.00736],[-118.81449,34.00736]],[[-118.81431,34.00721],[-118.81431,34.00721]],[[-118.81413,34.00706],[-118.81413,34.00706]],[[-118.81395,34.00691],[-118.81395,34.00691]],[[-118.81377,34.00661],[-118.81377,34.00661]],[[-118.81359,34.00646],[-118.81359,34.00646]],[[-118.81341,34.00631],[-118.81341,34.00631]],[[-118.81322,34.00616],[-118.81322,34.00616]],[[-118.81304,34.00586],[-118.81304,34.00586]],[[-118.81286,34.0057],[-118.81286,34.0057]],[[-118.81268,34.00555],[-118.81268,34.00555]],[[-118.8125,34.0054],[-118.8125,34.0054]],[[-118.81232,34.00525],[-118.81232,34.00525]],[[-118.81214,34.00495],[-118.81214,34.00495]],[[-118.81195,34.0048],[-118.81195,34.0048]],[[-118.81177,34.00465],[-118.81177,34.00465]],[[-118.81159,34.0045],[-118.81159,34.0045]],[[-118.81141,34.0042],[-118.81141,34.0042]],[[-118.81123,34.00405],[-118.81123,34.00405]],[[-118.81105,34.0039],[-118.81105,34.0039]],[[-118.81087,34.00375],[-118.81087,34.00375]],[[-118.81068,34.0036],[-118.81068,34.0036]],[[-118.8105,34.0033],[-118.8105,34.0033]],[[-118.81032,34.00315],[-118.81032,34.00315]],[[-118.81014,34.003],[-118.81014,34.003]],[[-118.80996,34.00285],[-118.80996,34.00285]],[[-118.80978,34.00255],[-118.80978,34.00255]],[[-118.80959,34.00239],[-118.80959,34.00239]],[[-118.80941,34.00224],[-118.80941,34.00224]],[[-118.80923,34.00209],[-118.80923,34.00209]],[[-118.81214,34.00209],[-118.81214,34.00209]],[[-118.80905,34.00194],[-118.80905,34.00194]],[[-118.80887,34.00164],[-118.80887,34.00164]],[[-118.80851,34.00119],[-118.80851,34.00119]],[[-118.80796,34.00104],[-118.80796,34.00104]],[[-118.80778,34.00089],[-118.80778,34.00089]],[[-118.8076,34.00074],[-118.8076,34.00074]],[[-118.80724,34.00029],[-118.80724,34.00029]]]},"properties":{"depth_m":10}},{"type":"Feature","geometry":{"type":"MultiLineString","coordinates":[[[-118.83047,34.02045],[-118.82883,34.0194],[-118.82484,34.01639],[-118.82466,34.01639],[-118.81722,34.01022],[-118.81649,34.00932],[-118.81558,34.00856],[-118.81558,34.00841],[-118.81232,34.00525],[-118.81159,34.00435],[-118.81068,34.0036],[-118.80996,34.0027],[-118.80905,34.00194],[-118.80887,34.00134],[-118.80832,34.00104],[-118.80796,34.00104],[-118.8076,34.00074],[-118.8076,34.00044],[-118.80742,34.00029],[-118.80705,34.00014],[-118.80615,34.00014],[-118.80597,34.00029],[-118.80542,34.00029],[-118.80506,34.00059],[-118.80506,34.00089],[-118.80488,34.00104],[-118.80488,34.00255],[-118.80433,34.00345],[-118.80433,34.00375],[-118.80234,34.00555],[-118.80052,34.00631],[-118.79943,34.00646],[-118.79925,34.00661],[-118.7978,34.00661],[-118.79762,34.00676],[-118.79616,34.00676],[-118.79598,34.00691],[-118.79544,34.00691],[-118.79417,34.00766],[-118.79381,34.00841],[-118.79381,34.00917],[-118.79417,34.00992],[-118.79399,34.01082],[-118.79362,34.01127],[-118.79254,34.01202],[-118.79235,34.01293],[-118.79181,34.01398],[-118.79072,34.01503],[-118.79072,34.01579],[-118.79054,34.01609],[-118.788,34.01849],[-118.78764,34.0194],[-118.78564,34.0209],[-118.78528,34.0209],[-118.78401,34.0215],[-118.78364,34.0215],[-118.78201,34.02226],[-118.77856,34.02271],[-118.77529,34.02361],[-118.77475,34.02361],[-118.77348,34.02406],[-118.77094,34.02436],[-118.77003,34.02466],[-118.7684,34.02481],[-118.76731,34.02511],[-118.76332,34.02542],[-118.76313,34.02557],[-118.75987,34.02542],[-118.75969,34.02557],[-118.75624,34.02572],[-118.75533,34.02617],[-118.75533,34.02662],[-118.75479,34.02722],[-118.75442,34.02812],[-118.7537,34.02842],[-118.75225,34.02963],[-118.75134,34.02993],[-118.75061,34.03038],[-118.75025,34.03038],[-118.74789,34.03128],[-118.74518,34.03204]],[[-118.74353,34.02667],[-118.7468,34.02587],[-118.7502,34.02376],[-118.75339,34.02241],[-118.75751,34.02129],[-118.76731,34.01924],[-118.77348,34.0176],[-118.77608,34.01639],[-118.77947,34.01517],[-118.78207,34.01398],[-118.7839,34.01233],[-118.78508,34.01082],[-118.7853,34.01022],[-118.78646,34.00886],[-118.78675,34.00826],[-118.78661,34.00766],[-118.78722,34.00586],[-118.78717,34.0051],[-118.7866,34.00465],[-118.78663,34.00435],[-118.78803,34.00375],[-118.78902,34.00285],[-118.78963,34.00266],[-118.79036,34.00269],[-118.79163,34.00161],[-118.79551,33.99969],[-118.79978,33.99803],[-118.8007,33.99785],[-118.80542,33.99771],[-118.80832,33.99853],[-118.80957,33.99908],[-118.81196,34.00119],[-118.81553,34.0033],[-118.81988,34.00796],[-118.82204,34.00977],[-118.82385,34.01157],[-118.82782,34.01473],[-118.83047,34.01661]],[[-118.74571,34.02617],[-118.74571,34.02617]],[[-118.76132,34.02557],[-118.76132,34.02557]],[[-118.75678,34.0215],[-118.75678,34.0215]],[[-118.8301,34.0203],[-118.8301,34.0203]],[[-118.82992,34.02015],[-118.82992,34.02015]],[[-118.82974,34.02],[-118.82974,34.02]],[[-118.82956,34.01985],[-118.82956,34.01985]],[[-118.82938,34.0197],[-118.82938,34.0197]],[[-118.82919,34.01955],[-118.82919,34.01955]],[[-118.82883,34.0194],[-118.82883,34.0194]],[[-118.82865,34.01925],[-118.82865,34.01925]],[[-118.82847,34.0191],[-118.82847,34.0191]],[[-118.82829,34.01895],[-118.82829,34.01895]],[[-118.82811,34.0188],[-118.82811,34.0188]],[[-118.82792,34.01864],[-118.82792,34.01864]],[[-118.82774,34.01849],[-118.82774,34.01849]],[[-118.82738,34.01834],[-118.82738,34.01834]],[[-118.77021,34.01849],[-118.77021,34.01849]],[[-118.8272,34.01819],[-118.8272,34.01819]],[[-118.82702,34.01804],[-118.82702,34.01804]],[[-118.7713,34.01819],[-118.7713,34.01819]],[[-118.82684,34.01789],[-118.82684,34.01789]],[[-118.82665,34.01774],[-118.82665,34.01774]],[[-118.82647,34.01759],[-118.82647,34.01759]],[[-118.82629,34.01744],[-118.82629,34.01744]],[[-118.82593,34.01729],[-118.82593,34.01729]],[[-118.82575,34.01714],[-118.82575,34.01714]],[[-118.82557,34.01699],[-118.82557,34.01699]],[[-118.82538,34.01684],[-118.82538,34.01684]],[[-118.8252,34.01669],[-118.8252,34.01669]],[[-118.77511,34.01684],[-118.77511,34.01684]],[[-118.82502,34.01654],[-118.82502,34.01654]],[[-118.8301,34.01639],[-118.8301,34.01639]],[[-118.82466,34.01639],[-118.82466,34.01639]],[[-118.82448,34.01624],[-118.82448,34.01624]],[[-118.82429,34.01609],[-118.82429,34.01609]],[[-118.82411,34.01594],[-118.82411,34.01594]],[[-118.82393,34.01579],[-118.82393,34.01579]],[[-118.82375,34.01564],[-118.82375,34.01564]],[[-118.82357,34.01549],[-118.82357,34.01549]],[[-118.82339,34.01533],[-118.82339,34.01533]],[[-118.82321,34.01518],[-118.82321,34.01518]],[[-118.82302,34.01503],[-118.82302,34.01503]],[[-118.82284,34.01488],[-118.82284,34.01488]],[[-118.82266,34.01473],[-118.82266,34.01473]],[[-118.82248,34.01458],[-118.82248,34.01458]],[[-118.8223,34.01443],[-118.8223,34.01443]],[[-118.82212,34.01428],[-118.82212,34.01428]],[[-118.82194,34.01413],[-118.82194,34.01413]],[[-118.82175,34.01398],[-118.82175,34.01398]],[[-118.82157,34.01383],[-118.82157,34.01383]],[[-118.82139,34.01368],[-118.82139,34.01368]],[[-118.82121,34.01353],[-118.82121,34.01353]],[[-118.82103,34.01338],[-118.82103,34.01338]],[[-118.82085,34.01323],[-118.82085,34.01323]],[[-118.82067,34.01308],[-118.82067,34.01308]],[[-118.82048,34.01293],[-118.82048,34.01293]],[[-118.8203,34.01278],[-118.8203,34.01278]],[[-118.82012,34.01263],[-118.82012,34.01263]],[[-118.81994,34.01248],[-118.81994,34.01248]],[[-118.81976,34.01233],[-118.81976,34.01233]],[[-118.81958,34.01217],[-118.81958,34.01217]],[[-118.81939,34.01202],[-118.81939,34.01202]],[[-118.81921,34.01187],[-118.81921,34.01187]],[[-118.81903,34.01172],[-118.81903,34.01172]],[[-118.81885,34.01157],[-118.81885,34.01157]],[[-118.81867,34.01142],[-118.81867,34.01142]],[[-118.81849,34.01127],[-118.81849,34.01127]],[[-118.81831,34.01112],[-118.81831,34.01112]],[[-118.81812,34.01097],[-118.81812,34.01097]],[[-118.81794,34.01082],[-118.81794,34.01082]],[[-118.81776,34.01067],[-118.81776,34.01067]],[[-118.81758,34.01052],[-118.81758,34.01052]],[[-118.8174,34.01037],[-118.8174,34.01037]],[[-118.81722,34.01022],[-118.81722,34.01022]],[[-118.81704,34.00992],[-118.81704,34.00992]],[[-118.81685,34.00977],[-118.81685,34.00977]],[[-118.81667,34.00962],[-118.81667,34.00962]],[[-118.81649,34.00947],[-118.81649,34.00947]],[[-118.81631,34.00917],[-118.81631,34.00917]],[[-118.81613,34.00902],[-118.81613,34.00902]],[[-118.81595,34.00886],[-118.81595,34.00886]],[[-118.81577,34.00871],[-118.81577,34.00871]],[[-118.81558,34.00856],[-118.81558,34.00856]],[[-118.8154,34.00826],[-118.8154,34.00826]],[[-118.81522,34.00811],[-118.81522,34.00811]],[[-118.81504,34.00796],[-118.81504,34.00796]],[[-118.81486,34.00781],[-118.81486,34.00781]],[[-118.81468,34.00751],[-118.81468,34.00751]],[[-118.81449,34.00736],[-118.81449,34.00736]],[[-118.81431,34.00721],[-118.81431,34.00721]],[[-118.81413,34.00706],[-118.81413,34.00706]],[[-118.81395,34.00691],[-118.81395,34.00691]],[[-118.81377,34.00661],[-118.81377,34.00661]],[[-118.81359,34.00646],[-118.81359,34.00646]],[[-118.81341,34.00631],[-118.81341,34.00631]],[[-118.81322,34.00616],[-118.81322,34.00616]],[[-118.81304,34.00586],[-118.81304,34.00586]],[[-118.81286,34.0057],[-118.81286,34.0057]],[[-118.81268,34.00555],[-118.81268,34.00555]],[[-118.8125,34.0054],[-118.8125,34.0054]],[[-118.81232,34.00525],[-118.81232,34.00525]],[[-118.81214,34.00495],[-118.81214,34.00495]],[[-118.81704,34.00495],[-118.81704,34.00495]],[[-118.81195,34.0048],[-118.81195,34.0048]],[[-118.81177,34.00465],[-118.81177,34.00465]],[[-118.81159,34.0045],[-118.81159,34.0045]],[[-118.81141,34.0042],[-118.81141,34.0042]],[[-118.81631,34.0042],[-118.81631,34.0042]],[[-118.81123,34.00405],[-118.81123,34.00405]],[[-118.81105,34.0039],[-118.81105,34.0039]],[[-118.81087,34.00375],[-118.81087,34.00375]],[[-118.81068,34.0036],[-118.81068,34.0036]],[[-118.8105,34.0033],[-118.8105,34.0033]],[[-118.81032,34.00315],[-118.81032,34.00315]],[[-118.81014,34.003],[-118.81014,34.003]],[[-118.80996,34.00285],[-118.80996,34.00285]],[[-118.80978,34.00255],[-118.80978,34.00255]],[[-118.80959,34.00239],[-118.80959,34.00239]],[[-118.80941,34.00224],[-118.80941,34.00224]],[[-118.80923,34.00209],[-118.80923,34.00209]],[[-118.80905,34.00194],[-118.80905,34.00194]],[[-118.80887,34.00164],[-118.80887,34.00164]],[[-118.80851,34.00119],[-118.80851,34.00119]],[[-118.80796,34.00104],[-118.80796,34.00104]],[[-118.81159,34.00089],[-118.81159,34.00089]],[[-118.80778,34.00089],[-118.80778,34.00089]],[[-118.8076,34.00074],[-118.8076,34.00074]],[[-118.80724,34.00029],[-118.80724,34.00029]],[[-118.79489,33.99999],[-118.79489,33.99999]],[[-118.81014,33.99954],[-118.81014,33.99954]],[[-118.80978,33.99923],[-118.80978,33.99923]],[[-118.80669,33.99803],[-118.80669,33.99803]]]},"properties":{"depth_m":15}},{"type":"Feature","geometry":{"type":"MultiLineString","coordinates":[[[-118.83047,34.02045],[-118.82883,34.0194],[-118.82484,34.01639],[-118.82466,34.01639],[-118.81722,34.01022],[-118.81649,34.00932],[-118.81558,34.00856],[-118.81558,34.00841],[-118.81232,34.00525],[-118.81159,34.00435],[-118.81068,34.0036],[-118.80996,34.0027],[-118.80905,34.00194],[-118.80887,34.00134],[-118.80832,34.00104],[-118.80796,34.00104],[-118.8076,34.00074],[-118.8076,34.00044],[-118.80742,34.00029],[-118.80705,34.00014],[-118.80615,34.00014],[-118.80597,34.00029],[-118.80542,34.00029],[-118.80506,34.00059],[-118.80506,34.00089],[-118.80488,34.00104],[-118.80488,34.00255],[-118.80433,34.00345],[-118.80433,34.00375],[-118.80234,34.00555],[-118.80052,34.00631],[-118.79943,34.00646],[-118.79925,34.00661],[-118.7978,34.00661],[-118.79762,34.00676],[-118.79616,34.00676],[-118.79598,34.00691],[-118.79544,34.00691],[-118.79417,34.00766],[-118.79381,34.00841],[-118.79381,34.00917],[-118.79417,34.00992],[-118.79399,34.01082],[-118.79362,34.01127],[-118.79254,34.01202],[-118.79235,34.01293],[-118.79181,34.01398],[-118.79072,34.01503],[-118.79072,34.01579],[-118.79054,34.01609],[-118.788,34.01849],[-118.78764,34.0194],[-118.78564,34.0209],[-118.78528,34.0209],[-118.78401,34.0215],[-118.78364,34.0215],[-118.78201,34.02226],[-118.77856,34.02271],[-118.77529,34.02361],[-118.77475,34.02361],[-118.77348,34.02406],[-118.77094,34.02436],[-118.77003,34.02466],[-118.7684,34.02481],[-118.76731,34.02511],[-118.76332,34.02542],[-118.76313,34.02557],[-118.75987,34.02542],[-118.75969,34.02557],[-118.75624,34.02572],[-118.75533,34.02617],[-118.75533,34.02662],[-118.75479,34.02722],[-118.75442,34.02812],[-118.7537,34.02842],[-118.75225,34.02963],[-118.75134,34.02993],[-118.75061,34.03038],[-118.75025,34.03038],[-118.74789,34.03128],[-118.74519,34.03204]],[[-118.76132,34.02557],[-118.76132,34.02557]],[[-118.74353,34.02226],[-118.74408,34.02211],[-118.74553,34.02232],[-118.74735,34.02216],[-118.74777,34.02195],[-118.74991,34.02165],[-118.75079,34.02122],[-118.75225,34.02102],[-118.76082,34.01804],[-118.76858,34.01624],[-118.7726,34.01488],[-118.77929,34.0116],[-118.78231,34.00977],[-118.78325,34.00796],[-118.78385,34.00736],[-118.78394,34.00691],[-118.78395,34.00601],[-118.78363,34.00435],[-118.78265,34.00315],[-118.78292,34.00268],[-118.78415,34.00209],[-118.78494,34.00194],[-118.78655,34.00104],[-118.788,34.00067],[-118.78872,34.00018],[-118.79072,33.99954],[-118.79199,33.9989],[-118.7987,33.99668],[-118.80125,33.99603],[-118.8027,33.99621],[-118.80451,33.99601],[-118.80524,33.99574],[-118.80642,33.99623],[-118.80905,33.99859],[-118.81002,33.99878],[-118.81044,33.99908],[-118.81139,34.00044],[-118.81232,34.00113],[-118.81377,34.00152],[-118.81771,34.0036],[-118.82061,34.00601],[-118.82248,34.00724],[-118.82557,34.01016],[-118.83047,34.01343]],[[-118.8301,34.0203],[-118.8301,34.0203]],[[-118.82992,34.02015],[-118.82992,34.02015]],[[-118.82974,34.02],[-118.82974,34.02]],[[-118.82956,34.01985],[-118.82956,34.01985]],[[-118.82938,34.0197],[-118.82938,34.0197]],[[-118.82919,34.01955],[-118.82919,34.01955]],[[-118.82883,34.0194],[-118.82883,34.0194]],[[-118.75642,34.01955],[-118.75642,34.01955]],[[-118.82865,34.01925],[-118.82865,34.01925]],[[-118.82847,34.0191],[-118.82847,34.0191]],[[-118.82829,34.01895],[-118.82829,34.01895]],[[-118.82811,34.0188],[-118.82811,34.0188]],[[-118.82792,34.01864],[-118.82792,34.01864]],[[-118.75878,34.0188],[-118.75878,34.0188]],[[-118.82774,34.01849],[-118.82774,34.01849]],[[-118.82738,34.01834],[-118.82738,34.01834]],[[-118.8272,34.01819],[-118.8272,34.01819]],[[-118.82702,34.01804],[-118.82702,34.01804]],[[-118.82684,34.01789],[-118.82684,34.01789]],[[-118.82665,34.01774],[-118.82665,34.01774]],[[-118.82647,34.01759],[-118.82647,34.01759]],[[-118.82629,34.01744],[-118.82629,34.01744]],[[-118.82593,34.01729],[-118.82593,34.01729]],[[-118.82575,34.01714],[-118.82575,34.01714]],[[-118.82557,34.01699],[-118.82557,34.01699]],[[-118.82538,34.01684],[-118.82538,34.01684]],[[-118.8252,34.01669],[-118.8252,34.01669]],[[-118.82502,34.01654],[-118.82502,34.01654]],[[-118.82466,34.01639],[-118.82466,34.01639]],[[-118.82448,34.01624],[-118.82448,34.01624]],[[-118.82429,34.01609],[-118.82429,34.01609]],[[-118.82411,34.01594],[-118.82411,34.01594]],[[-118.82393,34.01579],[-118.82393,34.01579]],[[-118.82375,34.01564],[-118.82375,34.01564]],[[-118.82357,34.01549],[-118.82357,34.01549]],[[-118.82339,34.01533],[-118.82339,34.01533]],[[-118.82321,34.01518],[-118.82321,34.01518]],[[-118.82302,34.01503],[-118.82302,34.01503]],[[-118.82284,34.01488],[-118.82284,34.01488]],[[-118.82266,34.01473],[-118.82266,34.01473]],[[-118.82248,34.01458],[-118.82248,34.01458]],[[-118.8223,34.01443],[-118.8223,34.01443]],[[-118.82212,34.01428],[-118.82212,34.01428]],[[-118.82194,34.01413],[-118.82194,34.01413]],[[-118.82175,34.01398],[-118.82175,34.01398]],[[-118.82157,34.01383],[-118.82157,34.01383]],[[-118.82139,34.01368],[-118.82139,34.01368]],[[-118.82121,34.01353],[-118.82121,34.01353]],[[-118.82103,34.01338],[-118.82103,34.01338]],[[-118.82085,34.01323],[-118.82085,34.01323]],[[-118.82067,34.01308],[-118.82067,34.01308]],[[-118.82048,34.01293],[-118.82048,34.01293]],[[-118.8203,34.01278],[-118.8203,34.01278]],[[-118.82919,34.01263],[-118.82919,34.01263]],[[-118.82012,34.01263],[-118.82012,34.01263]],[[-118.81994,34.01248],[-118.81994,34.01248]],[[-118.81976,34.01233],[-118.81976,34.01233]],[[-118.81958,34.01217],[-118.81958,34.01217]],[[-118.81939,34.01202],[-118.81939,34.01202]],[[-118.81921,34.01187],[-118.81921,34.01187]],[[-118.81903,34.01172],[-118.81903,34.01172]],[[-118.77874,34.01187],[-118.77874,34.01187]],[[-118.81885,34.01157],[-118.81885,34.01157]],[[-118.81867,34.01142],[-118.81867,34.01142]],[[-118.81849,34.01127],[-118.81849,34.01127]],[[-118.81831,34.01112],[-118.81831,34.01112]],[[-118.81812,34.01097],[-118.81812,34.01097]],[[-118.81794,34.01082],[-118.81794,34.01082]],[[-118.81776,34.01067],[-118.81776,34.01067]],[[-118.81758,34.01052],[-118.81758,34.01052]],[[-118.8174,34.01037],[-118.8174,34.01037]],[[-118.81722,34.01022],[-118.81722,34.01022]],[[-118.81704,34.00992],[-118.81704,34.00992]],[[-118.81685,34.00977],[-118.81685,34.00977]],[[-118.81667,34.00962],[-118.81667,34.00962]],[[-118.81649,34.00947],[-118.81649,34.00947]],[[-118.81631,34.00917],[-118.81631,34.00917]],[[-118.82429,34.00902],[-118.82429,34.00902]],[[-118.81613,34.00902],[-118.81613,34.00902]],[[-118.81595,34.00886],[-118.81595,34.00886]],[[-118.81577,34.00871],[-118.81577,34.00871]],[[-118.81558,34.00856],[-118.81558,34.00856]],[[-118.8154,34.00826],[-118.8154,34.00826]],[[-118.81522,34.00811],[-118.81522,34.00811]],[[-118.81504,34.00796],[-118.81504,34.00796]],[[-118.81486,34.00781],[-118.81486,34.00781]],[[-118.81468,34.00751],[-118.81468,34.00751]],[[-118.81449,34.00736],[-118.81449,34.00736]],[[-118.81431,34.00721],[-118.81431,34.00721]],[[-118.81413,34.00706],[-118.81413,34.00706]],[[-118.81395,34.00691],[-118.81395,34.00691]],[[-118.81377,34.00661],[-118.81377,34.00661]],[[-118.81359,34.00646],[-118.81359,34.00646]],[[-118.81341,34.00631],[-118.81341,34.00631]],[[-118.81322,34.00616],[-118.81322,34.00616]],[[-118.81304,34.00586],[-118.81304,34.00586]],[[-118.81286,34.0057],[-118.81286,34.0057]],[[-118.81268,34.00555],[-118.81268,34.00555]],[[-118.8125,34.0054],[-118.8125,34.0054]],[[-118.81232,34.00525],[-118.81232,34.00525]],[[-118.81214,34.00495],[-118.81214,34.00495]],[[-118.81195,34.0048],[-118.81195,34.0048]],[[-118.81177,34.00465],[-118.81177,34.00465]],[[-118.81159,34.0045],[-118.81159,34.0045]],[[-118.81141,34.0042],[-118.81141,34.0042]],[[-118.81123,34.00405],[-118.81123,34.00405]],[[-118.81105,34.0039],[-118.81105,34.0039]],[[-118.81087,34.00375],[-118.81087,34.00375]],[[-118.81068,34.0036],[-118.81068,34.0036]],[[-118.8105,34.0033],[-118.8105,34.0033]],[[-118.81032,34.00315],[-118.81032,34.00315]],[[-118.81014,34.003],[-118.81014,34.003]],[[-118.80996,34.00285],[-118.80996,34.00285]],[[-118.80978,34.00255],[-118.80978,34.00255]],[[-118.80959,34.00239],[-118.80959,34.00239]],[[-118.80941,34.00224],[-118.80941,34.00224]],[[-118.80923,34.00209],[-118.80923,34.00209]],[[-118.80905,34.00194],[-118.80905,34.00194]],[[-118.80887,34.00164],[-118.80887,34.00164]],[[-118.80851,34.00119],[-118.80851,34.00119]],[[-118.80796,34.00104],[-118.80796,34.00104]],[[-118.80778,34.00089],[-118.80778,34.00089]],[[-118.8076,34.00074],[-118.8076,34.00074]],[[-118.80724,34.00029],[-118.80724,34.00029]],[[-118.80778,33.99743],[-118.80778,33.99743]]]},"properties":{"depth_m":20}},{"type":"Feature","geometry":{"type":"MultiLineString","coordinates":[[[-118.83047,34.02045],[-118.82883,34.0194],[-118.82484,34.01639],[-118.82466,34.01639],[-118.81722,34.01022],[-118.81649,34.00932],[-118.81558,34.00856],[-118.81558,34.00841],[-118.81232,34.00525],[-118.81159,34.00435],[-118.81068,34.0036],[-118.80996,34.0027],[-118.80905,34.00194],[-118.80887,34.00134],[-118.80832,34.00104],[-118.80796,34.00104],[-118.8076,34.00074],[-118.8076,34.00044],[-118.80742,34.00029],[-118.80705,34.00014],[-118.80615,34.00014],[-118.80597,34.00029],[-118.80542,34.00029],[-118.80506,34.00059],[-118.80506,34.00089],[-118.80488,34.00104],[-118.80488,34.00255],[-118.80433,34.00345],[-118.80433,34.00375],[-118.80234,34.00555],[-118.80052,34.00631],[-118.79943,34.00646],[-118.79925,34.00661],[-118.7978,34.00661],[-118.79762,34.00676],[-118.79616,34.00676],[-118.79598,34.00691],[-118.79544,34.00691],[-118.79417,34.00766],[-118.79381,34.00841],[-118.79381,34.00917],[-118.79417,34.00992],[-118.79399,34.01082],[-118.79362,34.01127],[-118.79254,34.01202],[-118.79235,34.01293],[-118.79181,34.01398],[-118.79072,34.01503],[-118.79072,34.01579],[-118.79054,34.01609],[-118.788,34.01849],[-118.78764,34.0194],[-118.78564,34.0209],[-118.78528,34.0209],[-118.78401,34.0215],[-118.78364,34.0215],[-118.78201,34.02226],[-118.77856,34.02271],[-118.77529,34.02361],[-118.77475,34.02361],[-118.77348,34.02406],[-118.77094,34.02436],[-118.77003,34.02466],[-118.7684,34.02481],[-118.76731,34.02511],[-118.76332,34.02542],[-118.76313,34.02557],[-118.75987,34.02542],[-118.75969,34.02557],[-118.75624,34.02572],[-118.75533,34.02617],[-118.75533,34.02662],[-118.75461,34.02752],[-118.75442,34.02812],[-118.7537,34.02842],[-118.75225,34.02963],[-118.75134,34.02993],[-118.75061,34.03038],[-118.75025,34.03038],[-118.74789,34.03128],[-118.74519,34.03204]],[[-118.76132,34.02557],[-118.76132,34.02557]],[[-118.8301,34.0203],[-118.8301,34.0203]],[[-118.82992,34.02015],[-118.82992,34.02015]],[[-118.82974,34.02],[-118.82974,34.02]],[[-118.82956,34.01985],[-118.82956,34.01985]],[[-118.82938,34.0197],[-118.82938,34.0197]],[[-118.82919,34.01955],[-118.82919,34.01955]],[[-118.82883,34.0194],[-118.82883,34.0194]],[[-118.82865,34.01925],[-118.82865,34.01925]],[[-118.82847,34.0191],[-118.82847,34.0191]],[[-118.82829,34.01895],[-118.82829,34.01895]],[[-118.82811,34.0188],[-118.82811,34.0188]],[[-118.82792,34.01864],[-118.82792,34.01864]],[[-118.74353,34.01869],[-118.7488,34.01856],[-118.75279,34.01789],[-118.76223,34.01514],[-118.7664,34.01411],[-118.7706,34.01263],[-118.77366,34.01126],[-118.77569,34.00977],[-118.77979,34.00751],[-118.78043,34.00661],[-118.7806,34.00555],[-118.78095,34.00525],[-118.78104,34.00495],[-118.78089,34.00375],[-118.78059,34.003],[-118.78189,34.00149],[-118.78655,33.99939],[-118.79146,33.99803],[-118.79762,33.99555],[-118.80197,33.99481],[-118.80361,33.99478],[-118.80524,33.99503],[-118.80578,33.99477],[-118.80781,33.99547],[-118.80867,33.99623],[-118.80856,33.99743],[-118.80897,33.99833],[-118.80923,33.99853],[-118.8105,33.99881],[-118.81087,33.99913],[-118.81146,34.00029],[-118.81246,34.00104],[-118.81477,34.00149],[-118.81578,34.00239],[-118.81631,34.0026],[-118.81867,34.00287],[-118.82139,34.0039],[-118.8223,34.00442],[-118.82684,34.00803],[-118.83047,34.01033]],[[-118.82774,34.01849],[-118.82774,34.01849]],[[-118.82738,34.01834],[-118.82738,34.01834]],[[-118.8272,34.01819],[-118.8272,34.01819]],[[-118.82702,34.01804],[-118.82702,34.01804]],[[-118.82684,34.01789],[-118.82684,34.01789]],[[-118.82665,34.01774],[-118.82665,34.01774]],[[-118.82647,34.01759],[-118.82647,34.01759]],[[-118.82629,34.01744],[-118.82629,34.01744]],[[-118.82593,34.01729],[-118.82593,34.01729]],[[-118.82575,34.01714],[-118.82575,34.01714]],[[-118.82557,34.01699],[-118.82557,34.01699]],[[-118.82538,34.01684],[-118.82538,34.01684]],[[-118.8252,34.01669],[-118.8252,34.01669]],[[-118.82502,34.01654],[-118.82502,34.01654]],[[-118.82466,34.01639],[-118.82466,34.01639]],[[-118.82448,34.01624],[-118.82448,34.01624]],[[-118.82429,34.01609],[-118.82429,34.01609]],[[-118.82411,34.01594],[-118.82411,34.01594]],[[-118.82393,34.01579],[-118.82393,34.01579]],[[-118.82375,34.01564],[-118.82375,34.01564]],[[-118.76005,34.01579],[-118.76005,34.01579]],[[-118.82357,34.01549],[-118.82357,34.01549]],[[-118.82339,34.01533],[-118.82339,34.01533]],[[-118.82321,34.01518],[-118.82321,34.01518]],[[-118.82302,34.01503],[-118.82302,34.01503]],[[-118.82284,34.01488],[-118.82284,34.01488]],[[-118.82266,34.01473],[-118.82266,34.01473]],[[-118.82248,34.01458],[-118.82248,34.01458]],[[-118.8223,34.01443],[-118.8223,34.01443]],[[-118.82212,34.01428],[-118.82212,34.01428]],[[-118.82194,34.01413],[-118.82194,34.01413]],[[-118.82175,34.01398],[-118.82175,34.01398]],[[-118.82157,34.01383],[-118.82157,34.01383]],[[-118.82139,34.01368],[-118.82139,34.01368]],[[-118.82121,34.01353],[-118.82121,34.01353]],[[-118.82103,34.01338],[-118.82103,34.01338]],[[-118.82085,34.01323],[-118.82085,34.01323]],[[-118.82067,34.01308],[-118.82067,34.01308]],[[-118.82048,34.01293],[-118.82048,34.01293]],[[-118.8203,34.01278],[-118.8203,34.01278]],[[-118.82012,34.01263],[-118.82012,34.01263]],[[-118.81994,34.01248],[-118.81994,34.01248]],[[-118.81976,34.01233],[-118.81976,34.01233]],[[-118.81958,34.01217],[-118.81958,34.01217]],[[-118.81939,34.01202],[-118.81939,34.01202]],[[-118.81921,34.01187],[-118.81921,34.01187]],[[-118.81903,34.01172],[-118.81903,34.01172]],[[-118.81885,34.01157],[-118.81885,34.01157]],[[-118.81867,34.01142],[-118.81867,34.01142]],[[-118.81849,34.01127],[-118.81849,34.01127]],[[-118.81831,34.01112],[-118.81831,34.01112]],[[-118.81812,34.01097],[-118.81812,34.01097]],[[-118.81794,34.01082],[-118.81794,34.01082]],[[-118.81776,34.01067],[-118.81776,34.01067]],[[-118.81758,34.01052],[-118.81758,34.01052]],[[-118.8174,34.01037],[-118.8174,34.01037]],[[-118.81722,34.01022],[-118.81722,34.01022]],[[-118.81704,34.00992],[-118.81704,34.00992]],[[-118.81685,34.00977],[-118.81685,34.00977]],[[-118.81667,34.00962],[-118.81667,34.00962]],[[-118.81649,34.00947],[-118.81649,34.00947]],[[-118.81631,34.00917],[-118.81631,34.00917]],[[-118.81613,34.00902],[-118.81613,34.00902]],[[-118.81595,34.00886],[-118.81595,34.00886]],[[-118.82811,34.00886],[-118.82811,34.00886]],[[-118.81577,34.00871],[-118.81577,34.00871]],[[-118.81558,34.00856],[-118.81558,34.00856]],[[-118.8154,34.00826],[-118.8154,34.00826]],[[-118.81522,34.00811],[-118.81522,34.00811]],[[-118.81504,34.00796],[-118.81504,34.00796]],[[-118.81486,34.00781],[-118.81486,34.00781]],[[-118.77929,34.00781],[-118.77929,34.00781]],[[-118.81468,34.00751],[-118.81468,34.00751]],[[-118.81449,34.00736],[-118.81449,34.00736]],[[-118.81431,34.00721],[-118.81431,34.00721]],[[-118.81413,34.00706],[-118.81413,34.00706]],[[-118.81395,34.00691],[-118.81395,34.00691]],[[-118.81377,34.00661],[-118.81377,34.00661]],[[-118.81359,34.00646],[-118.81359,34.00646]],[[-118.81341,34.00631],[-118.81341,34.00631]],[[-118.81322,34.00616],[-118.81322,34.00616]],[[-118.81304,34.00586],[-118.81304,34.00586]],[[-118.81286,34.0057],[-118.81286,34.0057]],[[-118.81268,34.00555],[-118.81268,34.00555]],[[-118.8125,34.0054],[-118.8125,34.0054]],[[-118.81232,34.00525],[-118.81232,34.00525]],[[-118.81214,34.00495],[-118.81214,34.00495]],[[-118.81195,34.0048],[-118.81195,34.0048]],[[-118.81177,34.00465],[-118.81177,34.00465]],[[-118.81159,34.0045],[-118.81159,34.0045]],[[-118.81141,34.0042],[-118.81141,34.0042]],[[-118.81123,34.00405],[-118.81123,34.00405]],[[-118.81105,34.0039],[-118.81105,34.0039]],[[-118.82139,34.0039],[-118.82139,34.0039]],[[-118.81087,34.00375],[-118.81087,34.00375]],[[-118.81068,34.0036],[-118.81068,34.0036]],[[-118.82067,34.0036],[-118.82067,34.0036]],[[-118.8105,34.0033],[-118.8105,34.0033]],[[-118.81032,34.00315],[-118.81032,34.00315]],[[-118.81903,34.003],[-118.81903,34.003]],[[-118.81014,34.003],[-118.81014,34.003]],[[-118.80996,34.00285],[-118.80996,34.00285]],[[-118.80978,34.00255],[-118.80978,34.00255]],[[-118.80959,34.00239],[-118.80959,34.00239]],[[-118.80941,34.00224],[-118.80941,34.00224]],[[-118.80923,34.00209],[-118.80923,34.00209]],[[-118.80905,34.00194],[-118.80905,34.00194]],[[-118.80887,34.00164],[-118.80887,34.00164]],[[-118.80851,34.00119],[-118.80851,34.00119]],[[-118.80796,34.00104],[-118.80796,34.00104]],[[-118.80778,34.00089],[-118.80778,34.00089]],[[-118.8076,34.00074],[-118.8076,34.00074]],[[-118.80724,34.00029],[-118.80724,34.00029]],[[-118.80397,33.99487],[-118.80397,33.99487]]]},"properties":{"depth_m":25}},{"type":"Feature","geometry":{"type":"MultiLineString","coordinates":[[[-118.83047,34.02045],[-118.82883,34.0194],[-118.82484,34.01639],[-118.82466,34.01639],[-118.81722,34.01022],[-118.81649,34.00932],[-118.81558,34.00856],[-118.81486,34.00766],[-118.81322,34.00616],[-118.81322,34.00601],[-118.81068,34.0036],[-118.80996,34.0027],[-118.80905,34.00194],[-118.80887,34.00134],[-118.80832,34.00104],[-118.80796,34.00104],[-118.8076,34.00074],[-118.8076,34.00044],[-118.80742,34.00029],[-118.80705,34.00014],[-118.80615,34.00014],[-118.80597,34.00029],[-118.80542,34.00029],[-118.80506,34.00059],[-118.80506,34.00089],[-118.80488,34.00104],[-118.80488,34.00255],[-118.80433,34.00345],[-118.80433,34.00375],[-118.80234,34.00555],[-118.80052,34.00631],[-118.79943,34.00646],[-118.79925,34.00661],[-118.7978,34.00661],[-118.79762,34.00676],[-118.79616,34.00676],[-118.79598,34.00691],[-118.79544,34.00691],[-118.79417,34.00766],[-118.79381,34.00841],[-118.79381,34.00917],[-118.79417,34.00992],[-118.79399,34.01082],[-118.79362,34.01127],[-118.79254,34.01202],[-118.79235,34.01293],[-118.79181,34.01398],[-118.79072,34.01503],[-118.79072,34.01579],[-118.79054,34.01609],[-118.788,34.01849],[-118.78764,34.0194],[-118.78564,34.0209],[-118.78528,34.0209],[-118.78401,34.0215],[-118.78364,34.0215],[-118.78201,34.02226],[-118.77856,34.02271],[-118.77529,34.02361],[-118.77475,34.02361],[-118.77348,34.02406],[-118.77094,34.02436],[-118.77003,34.02466],[-118.7684,34.02481],[-118.76731,34.02511],[-118.76332,34.02542],[-118.76313,34.02557],[-118.75987,34.02542],[-118.75969,34.02557],[-118.75624,34.02572],[-118.75533,34.02617],[-118.75533,34.02662],[-118.75461,34.02752],[-118.75442,34.02812],[-118.7537,34.02842],[-118.75225,34.02963],[-118.75134,34.02993],[-118.75061,34.03038],[-118.75025,34.03038],[-118.74789,34.03128],[-118.7452,34.03204]],[[-118.76132,34.02557],[-118.76132,34.02557]],[[-118.8301,34.0203],[-118.8301,34.0203]],[[-118.82992,34.02015],[-118.82992,34.02015]],[[-118.82974,34.02],[-118.82974,34.02]],[[-118.82956,34.01985],[-118.82956,34.01985]],[[-118.82938,34.0197],[-118.82938,34.0197]],[[-118.82919,34.01955],[-118.82919,34.01955]],[[-118.82883,34.0194],[-118.82883,34.0194]],[[-118.82865,34.01925],[-118.82865,34.01925]],[[-118.82847,34.0191],[-118.82847,34.0191]],[[-118.82829,34.01895],[-118.82829,34.01895]],[[-118.82811,34.0188],[-118.82811,34.0188]],[[-118.82792,34.01864],[-118.82792,34.01864]],[[-118.82774,34.01849],[-118.82774,34.01849]],[[-118.82738,34.01834],[-118.82738,34.01834]],[[-118.8272,34.01819],[-118.8272,34.01819]],[[-118.82702,34.01804],[-118.82702,34.01804]],[[-118.82684,34.01789],[-118.82684,34.01789]],[[-118.82665,34.01774],[-118.82665,34.01774]],[[-118.82647,34.01759],[-118.82647,34.01759]],[[-118.82629,34.01744],[-118.82629,34.01744]],[[-118.82593,34.01729],[-118.82593,34.01729]],[[-118.82575,34.01714],[-118.82575,34.01714]],[[-118.82557,34.01699],[-118.82557,34.01699]],[[-118.82538,34.01684],[-118.82538,34.01684]],[[-118.8252,34.01669],[-118.8252,34.01669]],[[-118.82502,34.01654],[-118.82502,34.01654]],[[-118.82466,34.01639],[-118.82466,34.01639]],[[-118.82448,34.01624],[-118.82448,34.01624]],[[-118.82429,34.01609],[-118.82429,34.01609]],[[-118.82411,34.01594],[-118.82411,34.01594]],[[-118.82393,34.01579],[-118.82393,34.01579]],[[-118.82375,34.01564],[-118.82375,34.01564]],[[-118.82357,34.01549],[-118.82357,34.01549]],[[-118.82339,34.01533],[-118.82339,34.01533]],[[-118.82321,34.01518],[-118.82321,34.01518]],[[-118.82302,34.01503],[-118.82302,34.01503]],[[-118.82284,34.01488],[-118.82284,34.01488]],[[-118.82266,34.01473],[-118.82266,34.01473]],[[-118.74353,34.01475],[-118.75333,34.01405],[-118.7566,34.01359],[-118.76205,34.01214],[-118.76372,34.01187],[-118.76676,34.01092],[-118.76871,34.01007],[-118.77039,34.00959],[-118.77302,34.00841],[-118.77529,34.00657],[-118.77711,34.00535],[-118.77798,34.00435],[-118.77824,34.0033],[-118.77806,34.00209],[-118.77867,34.00149],[-118.77987,34.00134],[-118.78165,34.0003],[-118.78382,33.9993],[-118.78838,33.99803],[-118.79199,33.99639],[-118.7929,33.99624],[-118.79811,33.99442],[-118.80143,33.99363],[-118.8056,33.99378],[-118.80705,33.99464],[-118.80851,33.99493],[-118.80951,33.99532],[-118.81032,33.99587],[-118.81045,33.99653],[-118.80923,33.99744],[-118.80907,33.99773],[-118.80911,33.99818],[-118.80941,33.99841],[-118.81079,33.99878],[-118.81165,34.00014],[-118.81195,34.00041],[-118.81232,34.00044],[-118.81286,34.001],[-118.81522,34.00123],[-118.81553,34.00149],[-118.81574,34.00209],[-118.81631,34.00245],[-118.82012,34.00229],[-118.82194,34.00272],[-118.83047,34.0085]],[[-118.82248,34.01458],[-118.82248,34.01458]],[[-118.8223,34.01443],[-118.8223,34.01443]],[[-118.82212,34.01428],[-118.82212,34.01428]],[[-118.82194,34.01413],[-118.82194,34.01413]],[[-118.82175,34.01398],[-118.82175,34.01398]],[[-118.82157,34.01383],[-118.82157,34.01383]],[[-118.82139,34.01368],[-118.82139,34.01368]],[[-118.82121,34.01353],[-118.82121,34.01353]],[[-118.82103,34.01338],[-118.82103,34.01338]],[[-118.82085,34.01323],[-118.82085,34.01323]],[[-118.82067,34.01308],[-118.82067,34.01308]],[[-118.82048,34.01293],[-118.82048,34.01293]],[[-118.8203,34.01278],[-118.8203,34.01278]],[[-118.82012,34.01263],[-118.82012,34.01263]],[[-118.81994,34.01248],[-118.81994,34.01248]],[[-118.81976,34.01233],[-118.81976,34.01233]],[[-118.81958,34.01217],[-118.81958,34.01217]],[[-118.81939,34.01202],[-118.81939,34.01202]],[[-118.81921,34.01187],[-118.81921,34.01187]],[[-118.81903,34.01172],[-118.81903,34.01172]],[[-118.81885,34.01157],[-118.81885,34.01157]],[[-118.81867,34.01142],[-118.81867,34.01142]],[[-118.81849,34.01127],[-118.81849,34.01127]],[[-118.81831,34.01112],[-118.81831,34.01112]],[[-118.81812,34.01097],[-118.81812,34.01097]],[[-118.81794,34.01082],[-118.81794,34.01082]],[[-118.81776,34.01067],[-118.81776,34.01067]],[[-118.81758,34.01052],[-118.81758,34.01052]],[[-118.8174,34.01037],[-118.8174,34.01037]],[[-118.81722,34.01022],[-118.81722,34.01022]],[[-118.76803,34.01037],[-118.76803,34.01037]],[[-118.81704,34.00992],[-118.81704,34.00992]],[[-118.81685,34.00977],[-118.81685,34.00977]],[[-118.81667,34.00962],[-118.81667,34.00962]],[[-118.81649,34.00947],[-118.81649,34.00947]],[[-118.81631,34.00917],[-118.81631,34.00917]],[[-118.81613,34.00902],[-118.81613,34.00902]],[[-118.81595,34.00886],[-118.81595,34.00886]],[[-118.81577,34.00871],[-118.81577,34.00871]],[[-118.81558,34.00856],[-118.81558,34.00856]],[[-118.83028,34.00841],[-118.83028,34.00841]],[[-118.8154,34.00826],[-118.8154,34.00826]],[[-118.81522,34.00811],[-118.81522,34.00811]],[[-118.81504,34.00796],[-118.81504,34.00796]],[[-118.81486,34.00781],[-118.81486,34.00781]],[[-118.81468,34.00751],[-118.81468,34.00751]],[[-118.81449,34.00736],[-118.81449,34.00736]],[[-118.81431,34.00721],[-118.81431,34.00721]],[[-118.81413,34.00706],[-118.81413,34.00706]],[[-118.81395,34.00691],[-118.81395,34.00691]],[[-118.81377,34.00661],[-118.81377,34.00661]],[[-118.81359,34.00646],[-118.81359,34.00646]],[[-118.81341,34.00631],[-118.81341,34.00631]],[[-118.81322,34.00616],[-118.81322,34.00616]],[[-118.81304,34.00586],[-118.81304,34.00586]],[[-118.81286,34.0057],[-118.81286,34.0057]],[[-118.82629,34.0057],[-118.82629,34.0057]],[[-118.81268,34.00555],[-118.81268,34.00555]],[[-118.8125,34.0054],[-118.8125,34.0054]],[[-118.81232,34.00525],[-118.81232,34.00525]],[[-118.81214,34.00495],[-118.81214,34.00495]],[[-118.81195,34.0048],[-118.81195,34.0048]],[[-118.81177,34.00465],[-118.81177,34.00465]],[[-118.81159,34.0045],[-118.81159,34.0045]],[[-118.81141,34.0042],[-118.81141,34.0042]],[[-118.81123,34.00405],[-118.81123,34.00405]],[[-118.81105,34.0039],[-118.81105,34.0039]],[[-118.81087,34.00375],[-118.81087,34.00375]],[[-118.81068,34.0036],[-118.81068,34.0036]],[[-118.82284,34.0033],[-118.82284,34.0033]],[[-118.8105,34.0033],[-118.8105,34.0033]],[[-118.81032,34.00315],[-118.81032,34.00315]],[[-118.81014,34.003],[-118.81014,34.003]],[[-118.80996,34.00285],[-118.80996,34.00285]],[[-118.80978,34.00255],[-118.80978,34.00255]],[[-118.80959,34.00239],[-118.80959,34.00239]],[[-118.80941,34.00224],[-118.80941,34.00224]],[[-118.80923,34.00209],[-118.80923,34.00209]],[[-118.80905,34.00194],[-118.80905,34.00194]],[[-118.80887,34.00164],[-118.80887,34.00164]],[[-118.80851,34.00119],[-118.80851,34.00119]],[[-118.80796,34.00104],[-118.80796,34.00104]],[[-118.80778,34.00089],[-118.80778,34.00089]],[[-118.8076,34.00074],[-118.8076,34.00074]],[[-118.8125,34.00059],[-118.8125,34.00059]],[[-118.80724,34.00029],[-118.80724,34.00029]],[[-118.79725,33.99472],[-118.79725,33.99472]]]},"properties":{"depth_m":30}},{"type":"Feature","geometry":{"type":"MultiLineString","coordinates":[[[-118.83047,34.02045],[-118.82883,34.0194],[-118.82484,34.01639],[-118.82466,34.01639],[-118.81722,34.01022],[-118.81649,34.00932],[-118.81558,34.00856],[-118.81558,34.00841],[-118.81232,34.00525],[-118.81159,34.00435],[-118.81068,34.0036],[-118.80996,34.0027],[-118.80905,34.00194],[-118.80887,34.00134],[-118.80832,34.00104],[-118.80796,34.00104],[-118.8076,34.00074],[-118.8076,34.00044],[-118.80742,34.00029],[-118.80705,34.00014],[-118.80615,34.00014],[-118.80597,34.00029],[-118.80542,34.00029],[-118.80506,34.00059],[-118.80506,34.00089],[-118.80488,34.00104],[-118.80488,34.00255],[-118.80433,34.00345],[-118.80433,34.00375],[-118.80234,34.00555],[-118.80052,34.00631],[-118.79943,34.00646],[-118.79925,34.00661],[-118.7978,34.00661],[-118.79762,34.00676],[-118.79616,34.00676],[-118.79598,34.00691],[-118.79544,34.00691],[-118.79417,34.00766],[-118.79381,34.00841],[-118.79381,34.00917],[-118.79417,34.00992],[-118.79399,34.01082],[-118.79362,34.01127],[-118.79254,34.01202],[-118.79235,34.01293],[-118.79181,34.01398],[-118.79072,34.01503],[-118.79072,34.01579],[-118.79054,34.01609],[-118.788,34.01849],[-118.78764,34.0194],[-118.78564,34.0209],[-118.78528,34.0209],[-118.78401,34.0215],[-118.78364,34.0215],[-118.78201,34.02226],[-118.77856,34.02271],[-118.77529,34.02361],[-118.77475,34.02361],[-118.77348,34.02406],[-118.77094,34.02436],[-118.77003,34.02466],[-118.7684,34.02481],[-118.76731,34.02511],[-118.76332,34.02542],[-118.76313,34.02557],[-118.75987,34.02542],[-118.75969,34.02557],[-118.75624,34.02572],[-118.75533,34.02617],[-118.75533,34.02662],[-118.75461,34.02752],[-118.75442,34.02812],[-118.7537,34.02842],[-118.75225,34.02963],[-118.75134,34.02993],[-118.75061,34.03038],[-118.75025,34.03038],[-118.74789,34.03128],[-118.74698,34.03143],[-118.74644,34.03174],[-118.74521,34.03204]],[[-118.76132,34.02557],[-118.76132,34.02557]],[[-118.8301,34.0203],[-118.8301,34.0203]],[[-118.82992,34.02015],[-118.82992,34.02015]],[[-118.82974,34.02],[-118.82974,34.02]],[[-118.82956,34.01985],[-118.82956,34.01985]],[[-118.82938,34.0197],[-118.82938,34.0197]],[[-118.82919,34.01955],[-118.82919,34.01955]],[[-118.82883,34.0194],[-118.82883,34.0194]],[[-118.82865,34.01925],[-118.82865,34.01925]],[[-118.82847,34.0191],[-118.82847,34.0191]],[[-118.82829,34.01895],[-118.82829,34.01895]],[[-118.82811,34.0188],[-118.82811,34.0188]],[[-118.82792,34.01864],[-118.82792,34.01864]],[[-118.82774,34.01849],[-118.82774,34.01849]],[[-118.82738,34.01834],[-118.82738,34.01834]],[[-118.8272,34.01819],[-118.8272,34.01819]],[[-118.82702,34.01804],[-118.82702,34.01804]],[[-118.82684,34.01789],[-118.82684,34.01789]],[[-118.82665,34.01774],[-118.82665,34.01774]],[[-118.82647,34.01759],[-118.82647,34.01759]],[[-118.82629,34.01744],[-118.82629,34.01744]],[[-118.82593,34.01729],[-118.82593,34.01729]],[[-118.82575,34.01714],[-118.82575,34.01714]],[[-118.82557,34.01699],[-118.82557,34.01699]],[[-118.82538,34.01684],[-118.82538,34.01684]],[[-118.8252,34.01669],[-118.8252,34.01669]],[[-118.82502,34.01654],[-118.82502,34.01654]],[[-118.82466,34.01639],[-118.82466,34.01639]],[[-118.82448,34.01624],[-118.82448,34.01624]],[[-118.82429,34.01609],[-118.82429,34.01609]],[[-118.82411,34.01594],[-118.82411,34.01594]],[[-118.82393,34.01579],[-118.82393,34.01579]],[[-118.82375,34.01564],[-118.82375,34.01564]],[[-118.82357,34.01549],[-118.82357,34.01549]],[[-118.82339,34.01533],[-118.82339,34.01533]],[[-118.82321,34.01518],[-118.82321,34.01518]],[[-118.82302,34.01503],[-118.82302,34.01503]],[[-118.82284,34.01488],[-118.82284,34.01488]],[[-118.82266,34.01473],[-118.82266,34.01473]],[[-118.82248,34.01458],[-118.82248,34.01458]],[[-118.8223,34.01443],[-118.8223,34.01443]],[[-118.82212,34.01428],[-118.82212,34.01428]],[[-118.82194,34.01413],[-118.82194,34.01413]],[[-118.82175,34.01398],[-118.82175,34.01398]],[[-118.82157,34.01383],[-118.82157,34.01383]],[[-118.82139,34.01368],[-118.82139,34.01368]],[[-118.82121,34.01353],[-118.82121,34.01353]],[[-118.82103,34.01338],[-118.82103,34.01338]],[[-118.82085,34.01323],[-118.82085,34.01323]],[[-118.82067,34.01308],[-118.82067,34.01308]],[[-118.82048,34.01293],[-118.82048,34.01293]],[[-118.8203,34.01278],[-118.8203,34.01278]],[[-118.82012,34.01263],[-118.82012,34.01263]],[[-118.81994,34.01248],[-118.81994,34.01248]],[[-118.81976,34.01233],[-118.81976,34.01233]],[[-118.81958,34.01217],[-118.81958,34.01217]],[[-118.81939,34.01202],[-118.81939,34.01202]],[[-118.81921,34.01187],[-118.81921,34.01187]],[[-118.81903,34.01172],[-118.81903,34.01172]],[[-118.81885,34.01157],[-118.81885,34.01157]],[[-118.81867,34.01142],[-118.81867,34.01142]],[[-118.81849,34.01127],[-118.81849,34.01127]],[[-118.74353,34.01133],[-118.75606,34.01027],[-118.76059,34.00958],[-118.76531,34.00842],[-118.7713,34.0062],[-118.77323,34.00525],[-118.77654,34.00285],[-118.77696,34.00179],[-118.77747,34.00129],[-118.77802,34.00089],[-118.77986,34.00029],[-118.78165,33.99865],[-118.7831,33.998],[-118.78419,33.99787],[-118.78679,33.99668],[-118.78927,33.99592],[-118.79217,33.99519],[-118.7929,33.99514],[-118.80016,33.99326],[-118.80197,33.99305],[-118.80488,33.99307],[-118.80597,33.99346],[-118.80742,33.99447],[-118.80887,33.99442],[-118.80959,33.99462],[-118.81068,33.99569],[-118.81087,33.99683],[-118.80982,33.99743],[-118.8094,33.99803],[-118.80981,33.99833],[-118.81107,33.99863],[-118.81177,33.99993],[-118.81214,34.00019],[-118.8125,34.00022],[-118.81304,34.00079],[-118.8154,34.00092],[-118.81593,34.00134],[-118.8161,34.00209],[-118.81667,34.00233],[-118.81813,34.00209],[-118.8203,34.0013],[-118.82175,34.0014],[-118.82618,34.0039],[-118.83047,34.00685]],[[-118.81831,34.01112],[-118.81831,34.01112]],[[-118.81812,34.01097],[-118.81812,34.01097]],[[-118.81794,34.01082],[-118.81794,34.01082]],[[-118.81776,34.01067],[-118.81776,34.01067]],[[-118.81758,34.01052],[-118.81758,34.01052]],[[-118.75188,34.01067],[-118.75188,34.01067]],[[-118.8174,34.01037],[-118.8174,34.01037]],[[-118.81722,34.01022],[-118.81722,34.01022]],[[-118.81704,34.00992],[-118.81704,34.00992]],[[-118.81685,34.00977],[-118.81685,34.00977]],[[-118.81667,34.00962],[-118.81667,34.00962]],[[-118.81649,34.00947],[-118.81649,34.00947]],[[-118.81631,34.00917],[-118.81631,34.00917]],[[-118.81613,34.00902],[-118.81613,34.00902]],[[-118.81595,34.00886],[-118.81595,34.00886]],[[-118.81577,34.00871],[-118.81577,34.00871]],[[-118.81558,34.00856],[-118.81558,34.00856]],[[-118.76404,34.00871],[-118.76404,34.00871]],[[-118.8154,34.00826],[-118.8154,34.00826]],[[-118.81522,34.00811],[-118.81522,34.00811]],[[-118.81504,34.00796],[-118.81504,34.00796]],[[-118.81486,34.00781],[-118.81486,34.00781]],[[-118.81468,34.00751],[-118.81468,34.00751]],[[-118.81449,34.00736],[-118.81449,34.00736]],[[-118.81431,34.00721],[-118.81431,34.00721]],[[-118.81413,34.00706],[-118.81413,34.00706]],[[-118.81395,34.00691],[-118.81395,34.00691]],[[-118.76876,34.00706],[-118.76876,34.00706]],[[-118.81377,34.00661],[-118.81377,34.00661]],[[-118.81359,34.00646],[-118.81359,34.00646]],[[-118.81341,34.00631],[-118.81341,34.00631]],[[-118.81322,34.00616],[-118.81322,34.00616]],[[-118.81304,34.00586],[-118.81304,34.00586]],[[-118.81286,34.0057],[-118.81286,34.0057]],[[-118.81268,34.00555],[-118.81268,34.00555]],[[-118.77239,34.0057],[-118.77239,34.0057]],[[-118.8125,34.0054],[-118.8125,34.0054]],[[-118.81232,34.00525],[-118.81232,34.00525]],[[-118.81214,34.00495],[-118.81214,34.00495]],[[-118.81195,34.0048],[-118.81195,34.0048]],[[-118.81177,34.00465],[-118.81177,34.00465]],[[-118.81159,34.0045],[-118.81159,34.0045]],[[-118.81141,34.0042],[-118.81141,34.0042]],[[-118.81123,34.00405],[-118.81123,34.00405]],[[-118.81105,34.0039],[-118.81105,34.0039]],[[-118.81087,34.00375],[-118.81087,34.00375]],[[-118.81068,34.0036],[-118.81068,34.0036]],[[-118.8252,34.0033],[-118.8252,34.0033]],[[-118.8105,34.0033],[-118.8105,34.0033]],[[-118.81032,34.00315],[-118.81032,34.00315]],[[-118.81014,34.003],[-118.81014,34.003]],[[-118.80996,34.00285],[-118.80996,34.00285]],[[-118.80978,34.00255],[-118.80978,34.00255]],[[-118.80959,34.00239],[-118.80959,34.00239]],[[-118.80941,34.00224],[-118.80941,34.00224]],[[-118.80923,34.00209],[-118.80923,34.00209]],[[-118.80905,34.00194],[-118.80905,34.00194]],[[-118.80887,34.00164],[-118.80887,34.00164]],[[-118.8223,34.00164],[-118.8223,34.00164]],[[-118.81921,34.00164],[-118.81921,34.00164]],[[-118.82157,34.00134],[-118.82157,34.00134]],[[-118.80851,34.00119],[-118.80851,34.00119]],[[-118.80796,34.00104],[-118.80796,34.00104]],[[-118.80778,34.00089],[-118.80778,34.00089]],[[-118.8076,34.00074],[-118.8076,34.00074]],[[-118.77802,34.00089],[-118.77802,34.00089]],[[-118.80724,34.00029],[-118.80724,34.00029]],[[-118.81159,33.99969],[-118.81159,33.99969]],[[-118.78582,33.99713],[-118.78582,33.99713]],[[-118.79562,33.99442],[-118.79562,33.99442]]]},"properties":{"depth_m":35}},{"type":"Feature","geometry":{"type":"MultiLineString","coordinates":[[[-118.83047,34.02045],[-118.82883,34.0194],[-118.82484,34.01639],[-118.82466,34.01639],[-118.81722,34.01022],[-118.81649,34.00932],[-118.81558,34.00856],[-118.81558,34.00841],[-118.81068,34.0036],[-118.80996,34.0027],[-118.80905,34.00194],[-118.80887,34.00134],[-118.80832,34.00104],[-118.80796,34.00104],[-118.8076,34.00074],[-118.8076,34.00044],[-118.80742,34.00029],[-118.80705,34.00014],[-118.80615,34.00014],[-118.80597,34.00029],[-118.80542,34.00029],[-118.80506,34.00059],[-118.80506,34.00089],[-118.80488,34.00104],[-118.80488,34.00255],[-118.80433,34.00345],[-118.80433,34.00375],[-118.80234,34.00555],[-118.80052,34.00631],[-118.79943,34.00646],[-118.79925,34.00661],[-118.7978,34.00661],[-118.79762,34.00676],[-118.79616,34.00676],[-118.79598,34.00691],[-118.79544,34.00691],[-118.79417,34.00766],[-118.79381,34.00841],[-118.79381,34.00917],[-118.79417,34.00992],[-118.79399,34.01082],[-118.79362,34.01127],[-118.79254,34.01202],[-118.79235,34.01293],[-118.79181,34.01398],[-118.79072,34.01503],[-118.79072,34.01579],[-118.79054,34.01609],[-118.788,34.01849],[-118.78764,34.0194],[-118.78564,34.0209],[-118.78528,34.0209],[-118.78401,34.0215],[-118.78364,34.0215],[-118.78201,34.02226],[-118.77856,34.02271],[-118.77529,34.02361],[-118.77475,34.02361],[-118.77348,34.02406],[-118.77094,34.02436],[-118.77003,34.02466],[-118.7684,34.02481],[-118.76731,34.02511],[-118.76332,34.02542],[-118.76313,34.02557],[-118.75987,34.02542],[-118.75969,34.02557],[-118.75624,34.02572],[-118.75533,34.02617],[-118.75533,34.02662],[-118.75461,34.02752],[-118.75442,34.02812],[-118.7537,34.02842],[-118.75225,34.02963],[-118.75134,34.02993],[-118.75061,34.03038],[-118.75025,34.03038],[-118.74789,34.03128],[-118.74698,34.03143],[-118.74644,34.03174],[-118.74521,34.03204]],[[-118.76132,34.02557],[-118.76132,34.02557]],[[-118.8301,34.0203],[-118.8301,34.0203]],[[-118.82992,34.02015],[-118.82992,34.02015]],[[-118.82974,34.02],[-118.82974,34.02]],[[-118.82956,34.01985],[-118.82956,34.01985]],[[-118.82938,34.0197],[-118.82938,34.0197]],[[-118.82919,34.01955],[-118.82919,34.01955]],[[-118.82883,34.0194],[-118.82883,34.0194]],[[-118.82865,34.01925],[-118.82865,34.01925]],[[-118.82847,34.0191],[-118.82847,34.0191]],[[-118.82829,34.01895],[-118.82829,34.01895]],[[-118.82811,34.0188],[-118.82811,34.0188]],[[-118.82792,34.01864],[-118.82792,34.01864]],[[-118.82774,34.01849],[-118.82774,34.01849]],[[-118.82738,34.01834],[-118.82738,34.01834]],[[-118.8272,34.01819],[-118.8272,34.01819]],[[-118.82702,34.01804],[-118.82702,34.01804]],[[-118.82684,34.01789],[-118.82684,34.01789]],[[-118.82665,34.01774],[-118.82665,34.01774]],[[-118.82647,34.01759],[-118.82647,34.01759]],[[-118.82629,34.01744],[-118.82629,34.01744]],[[-118.82593,34.01729],[-118.82593,34.01729]],[[-118.82575,34.01714],[-118.82575,34.01714]],[[-118.82557,34.01699],[-118.82557,34.01699]],[[-118.82538,34.01684],[-118.82538,34.01684]],[[-118.8252,34.01669],[-118.8252,34.01669]],[[-118.82502,34.01654],[-118.82502,34.01654]],[[-118.82466,34.01639],[-118.82466,34.01639]],[[-118.82448,34.01624],[-118.82448,34.01624]],[[-118.82429,34.01609],[-118.82429,34.01609]],[[-118.82411,34.01594],[-118.82411,34.01594]],[[-118.82393,34.01579],[-118.82393,34.01579]],[[-118.82375,34.01564],[-118.82375,34.01564]],[[-118.82357,34.01549],[-118.82357,34.01549]],[[-118.82339,34.01533],[-118.82339,34.01533]],[[-118.82321,34.01518],[-118.82321,34.01518]],[[-118.82302,34.01503],[-118.82302,34.01503]],[[-118.82284,34.01488],[-118.82284,34.01488]],[[-118.82266,34.01473],[-118.82266,34.01473]],[[-118.82248,34.01458],[-118.82248,34.01458]],[[-118.8223,34.01443],[-118.8223,34.01443]],[[-118.82212,34.01428],[-118.82212,34.01428]],[[-118.82194,34.01413],[-118.82194,34.01413]],[[-118.82175,34.01398],[-118.82175,34.01398]],[[-118.82157,34.01383],[-118.82157,34.01383]],[[-118.82139,34.01368],[-118.82139,34.01368]],[[-118.82121,34.01353],[-118.82121,34.01353]],[[-118.82103,34.01338],[-118.82103,34.01338]],[[-118.82085,34.01323],[-118.82085,34.01323]],[[-118.82067,34.01308],[-118.82067,34.01308]],[[-118.82048,34.01293],[-118.82048,34.01293]],[[-118.8203,34.01278],[-118.8203,34.01278]],[[-118.82012,34.01263],[-118.82012,34.01263]],[[-118.81994,34.01248],[-118.81994,34.01248]],[[-118.81976,34.01233],[-118.81976,34.01233]],[[-118.81958,34.01217],[-118.81958,34.01217]],[[-118.81939,34.01202],[-118.81939,34.01202]],[[-118.81921,34.01187],[-118.81921,34.01187]],[[-118.81903,34.01172],[-118.81903,34.01172]],[[-118.81885,34.01157],[-118.81885,34.01157]],[[-118.81867,34.01142],[-118.81867,34.01142]],[[-118.81849,34.01127],[-118.81849,34.01127]],[[-118.81831,34.01112],[-118.81831,34.01112]],[[-118.81812,34.01097],[-118.81812,34.01097]],[[-118.81794,34.01082],[-118.81794,34.01082]],[[-118.81776,34.01067],[-118.81776,34.01067]],[[-118.81758,34.01052],[-118.81758,34.01052]],[[-118.8174,34.01037],[-118.8174,34.01037]],[[-118.81722,34.01022],[-118.81722,34.01022]],[[-118.81704,34.00992],[-118.81704,34.00992]],[[-118.81685,34.00977],[-118.81685,34.00977]],[[-118.81667,34.00962],[-118.81667,34.00962]],[[-118.81649,34.00947],[-118.81649,34.00947]],[[-118.81631,34.00917],[-118.81631,34.00917]],[[-118.81613,34.00902],[-118.81613,34.00902]],[[-118.81595,34.00886],[-118.81595,34.00886]],[[-118.81577,34.00871],[-118.81577,34.00871]],[[-118.81558,34.00856],[-118.81558,34.00856]],[[-118.8154,34.00826],[-118.8154,34.00826]],[[-118.81522,34.00811],[-118.81522,34.00811]],[[-118.81504,34.00796],[-118.81504,34.00796]],[[-118.81486,34.00781],[-118.81486,34.00781]],[[-118.74353,34.00795],[-118.75896,34.00661],[-118.76313,34.00601],[-118.76459,34.00558],[-118.7682,34.0051],[-118.76876,34.00465],[-118.77239,34.00352],[-118.77529,34.00199],[-118.77576,34.00164],[-118.7762,34.00054],[-118.77809,33.99954],[-118.77933,33.99833],[-118.77947,33.99801],[-118.78073,33.99713],[-118.78872,33.99488],[-118.79217,33.99425],[-118.7929,33.99426],[-118.80088,33.99262],[-118.80488,33.99274],[-118.8076,33.9943],[-118.80923,33.99381],[-118.80978,33.99391],[-118.81078,33.99532],[-118.81109,33.99638],[-118.811,33.99698],[-118.80994,33.99758],[-118.80987,33.99803],[-118.81014,33.99822],[-118.81123,33.99841],[-118.81146,33.99863],[-118.81163,33.99939],[-118.81194,33.99984],[-118.81214,34.0],[-118.81268,34.00005],[-118.81322,34.0006],[-118.81413,34.00049],[-118.81558,34.00075],[-118.81615,34.00119],[-118.8164,34.00179],[-118.81677,34.00209],[-118.8174,34.0021],[-118.81811,34.00179],[-118.81855,34.00134],[-118.81885,34.0005],[-118.81939,34.00005],[-118.8203,33.99979],[-118.82121,33.99983],[-118.8231,34.00044],[-118.82647,34.00195],[-118.83047,34.00472]],[[-118.81468,34.00751],[-118.81468,34.00751]],[[-118.81449,34.00736],[-118.81449,34.00736]],[[-118.81431,34.00721],[-118.81431,34.00721]],[[-118.81413,34.00706],[-118.81413,34.00706]],[[-118.81395,34.00691],[-118.81395,34.00691]],[[-118.81377,34.00661],[-118.81377,34.00661]],[[-118.81359,34.00646],[-118.81359,34.00646]],[[-118.81341,34.00631],[-118.81341,34.00631]],[[-118.81322,34.00616],[-118.81322,34.00616]],[[-118.81304,34.00586],[-118.81304,34.00586]],[[-118.81286,34.0057],[-118.81286,34.0057]],[[-118.81268,34.00555],[-118.81268,34.00555]],[[-118.8125,34.0054],[-118.8125,34.0054]],[[-118.81232,34.00525],[-118.81232,34.00525]],[[-118.81214,34.00495],[-118.81214,34.00495]],[[-118.81195,34.0048],[-118.81195,34.0048]],[[-118.81177,34.00465],[-118.81177,34.00465]],[[-118.81159,34.0045],[-118.81159,34.0045]],[[-118.81141,34.0042],[-118.81141,34.0042]],[[-118.81123,34.00405],[-118.81123,34.00405]],[[-118.81105,34.0039],[-118.81105,34.0039]],[[-118.81087,34.00375],[-118.81087,34.00375]],[[-118.81068,34.0036],[-118.81068,34.0036]],[[-118.8105,34.0033],[-118.8105,34.0033]],[[-118.81032,34.00315],[-118.81032,34.00315]],[[-118.81014,34.003],[-118.81014,34.003]],[[-118.80996,34.00285],[-118.80996,34.00285]],[[-118.80978,34.00255],[-118.80978,34.00255]],[[-118.80959,34.00239],[-118.80959,34.00239]],[[-118.80941,34.00224],[-118.80941,34.00224]],[[-118.80923,34.00209],[-118.80923,34.00209]],[[-118.80905,34.00194],[-118.80905,34.00194]],[[-118.80887,34.00164],[-118.80887,34.00164]],[[-118.80851,34.00119],[-118.80851,34.00119]],[[-118.80796,34.00104],[-118.80796,34.00104]],[[-118.80778,34.00089],[-118.80778,34.00089]],[[-118.8076,34.00074],[-118.8076,34.00074]],[[-118.80724,34.00029],[-118.80724,34.00029]]]},"properties":{"depth_m":40}},{"type":"Feature","geometry":{"type":"MultiLineString","coordinates":[[[-118.83047,34.02045],[-118.82883,34.0194],[-118.82484,34.01639],[-118.82466,34.01639],[-118.81722,34.01022],[-118.81649,34.00932],[-118.81558,34.00856],[-118.81558,34.00841],[-118.81068,34.0036],[-118.80996,34.0027],[-118.80905,34.00194],[-118.80887,34.00134],[-118.80832,34.00104],[-118.80796,34.00104],[-118.8076,34.00074],[-118.8076,34.00044],[-118.80742,34.00029],[-118.80705,34.00014],[-118.80615,34.00014],[-118.80597,34.00029],[-118.80542,34.00029],[-118.80506,34.00059],[-118.80506,34.00089],[-118.80488,34.00104],[-118.80488,34.00255],[-118.80433,34.00345],[-118.80433,34.00375],[-118.80234,34.00555],[-118.80052,34.00631],[-118.79943,34.00646],[-118.79925,34.00661],[-118.7978,34.00661],[-118.79762,34.00676],[-118.79616,34.00676],[-118.79598,34.00691],[-118.79544,34.00691],[-118.79417,34.00766],[-118.79381,34.00841],[-118.79381,34.00917],[-118.79417,34.00992],[-118.79399,34.01082],[-118.79362,34.01127],[-118.79254,34.01202],[-118.79235,34.01293],[-118.79181,34.01398],[-118.79072,34.01503],[-118.79072,34.01579],[-118.79054,34.01609],[-118.788,34.01849],[-118.78764,34.0194],[-118.78564,34.0209],[-118.78528,34.0209],[-118.78401,34.0215],[-118.78364,34.0215],[-118.78201,34.02226],[-118.77856,34.02271],[-118.77529,34.02361],[-118.77475,34.02361],[-118.77348,34.02406],[-118.77094,34.02436],[-118.77003,34.02466],[-118.7684,34.02481],[-118.76731,34.02511],[-118.76332,34.02542],[-118.76313,34.02557],[-118.75987,34.02542],[-118.75969,34.02557],[-118.75624,34.02572],[-118.75533,34.02617],[-118.75533,34.02662],[-118.75461,34.02752],[-118.75442,34.02812],[-118.7537,34.02842],[-118.75225,34.02963],[-118.75134,34.02993],[-118.75061,34.03038],[-118.75025,34.03038],[-118.74789,34.03128],[-118.74698,34.03143],[-118.74644,34.03174],[-118.74522,34.03204]],[[-118.76132,34.02557],[-118.76132,34.02557]],[[-118.8301,34.0203],[-118.8301,34.0203]],[[-118.82992,34.02015],[-118.82992,34.02015]],[[-118.82974,34.02],[-118.82974,34.02]],[[-118.82956,34.01985],[-118.82956,34.01985]],[[-118.82938,34.0197],[-118.82938,34.0197]],[[-118.82919,34.01955],[-118.82919,34.01955]],[[-118.82883,34.0194],[-118.82883,34.0194]],[[-118.82865,34.01925],[-118.82865,34.01925]],[[-118.82847,34.0191],[-118.82847,34.0191]],[[-118.82829,34.01895],[-118.82829,34.01895]],[[-118.82811,34.0188],[-118.82811,34.0188]],[[-118.82792,34.01864],[-118.82792,34.01864]],[[-118.82774,34.01849],[-118.82774,34.01849]],[[-118.82738,34.01834],[-118.82738,34.01834]],[[-118.8272,34.01819],[-118.8272,34.01819]],[[-118.82702,34.01804],[-118.82702,34.01804]],[[-118.82684,34.01789],[-118.82684,34.01789]],[[-118.82665,34.01774],[-118.82665,34.01774]],[[-118.82647,34.01759],[-118.82647,34.01759]],[[-118.82629,34.01744],[-118.82629,34.01744]],[[-118.82593,34.01729],[-118.82593,34.01729]],[[-118.82575,34.01714],[-118.82575,34.01714]],[[-118.82557,34.01699],[-118.82557,34.01699]],[[-118.82538,34.01684],[-118.82538,34.01684]],[[-118.8252,34.01669],[-118.8252,34.01669]],[[-118.82502,34.01654],[-118.82502,34.01654]],[[-118.82466,34.01639],[-118.82466,34.01639]],[[-118.82448,34.01624],[-118.82448,34.01624]],[[-118.82429,34.01609],[-118.82429,34.01609]],[[-118.82411,34.01594],[-118.82411,34.01594]],[[-118.82393,34.01579],[-118.82393,34.01579]],[[-118.82375,34.01564],[-118.82375,34.01564]],[[-118.82357,34.01549],[-118.82357,34.01549]],[[-118.82339,34.01533],[-118.82339,34.01533]],[[-118.82321,34.01518],[-118.82321,34.01518]],[[-118.82302,34.01503],[-118.82302,34.01503]],[[-118.82284,34.01488],[-118.82284,34.01488]],[[-118.82266,34.01473],[-118.82266,34.01473]],[[-118.82248,34.01458],[-118.82248,34.01458]],[[-118.8223,34.01443],[-118.8223,34.01443]],[[-118.82212,34.01428],[-118.82212,34.01428]],[[-118.82194,34.01413],[-118.82194,34.01413]],[[-118.82175,34.01398],[-118.82175,34.01398]],[[-118.82157,34.01383],[-118.82157,34.01383]],[[-118.82139,34.01368],[-118.82139,34.01368]],[[-118.82121,34.01353],[-118.82121,34.01353]],[[-118.82103,34.01338],[-118.82103,34.01338]],[[-118.82085,34.01323],[-118.82085,34.01323]],[[-118.82067,34.01308],[-118.82067,34.01308]],[[-118.82048,34.01293],[-118.82048,34.01293]],[[-118.8203,34.01278],[-118.8203,34.01278]],[[-118.82012,34.01263],[-118.82012,34.01263]],[[-118.81994,34.01248],[-118.81994,34.01248]],[[-118.81976,34.01233],[-118.81976,34.01233]],[[-118.81958,34.01217],[-118.81958,34.01217]],[[-118.81939,34.01202],[-118.81939,34.01202]],[[-118.81921,34.01187],[-118.81921,34.01187]],[[-118.81903,34.01172],[-118.81903,34.01172]],[[-118.81885,34.01157],[-118.81885,34.01157]],[[-118.81867,34.01142],[-118.81867,34.01142]],[[-118.81849,34.01127],[-118.81849,34.01127]],[[-118.81831,34.01112],[-118.81831,34.01112]],[[-118.81812,34.01097],[-118.81812,34.01097]],[[-118.81794,34.01082],[-118.81794,34.01082]],[[-118.81776,34.01067],[-118.81776,34.01067]],[[-118.81758,34.01052],[-118.81758,34.01052]],[[-118.8174,34.01037],[-118.8174,34.01037]],[[-118.81722,34.01022],[-118.81722,34.01022]],[[-118.81704,34.00992],[-118.81704,34.00992]],[[-118.81685,34.00977],[-118.81685,34.00977]],[[-118.81667,34.00962],[-118.81667,34.00962]],[[-118.81649,34.00947],[-118.81649,34.00947]],[[-118.81631,34.00917],[-118.81631,34.00917]],[[-118.81613,34.00902],[-118.81613,34.00902]],[[-118.81595,34.00886],[-118.81595,34.00886]],[[-118.81577,34.00871],[-118.81577,34.00871]],[[-118.81558,34.00856],[-118.81558,34.00856]],[[-118.8154,34.00826],[-118.8154,34.00826]],[[-118.81522,34.00811],[-118.81522,34.00811]],[[-118.81504,34.00796],[-118.81504,34.00796]],[[-118.81486,34.00781],[-118.81486,34.00781]],[[-118.81468,34.00751],[-118.81468,34.00751]],[[-118.81449,34.00736],[-118.81449,34.00736]],[[-118.81431,34.00721],[-118.81431,34.00721]],[[-118.81413,34.00706],[-118.81413,34.00706]],[[-118.81395,34.00691],[-118.81395,34.00691]],[[-118.81377,34.00661],[-118.81377,34.00661]],[[-118.81359,34.00646],[-118.81359,34.00646]],[[-118.81341,34.00631],[-118.81341,34.00631]],[[-118.81322,34.00616],[-118.81322,34.00616]],[[-118.81304,34.00586],[-118.81304,34.00586]],[[-118.81286,34.0057],[-118.81286,34.0057]],[[-118.81268,34.00555],[-118.81268,34.00555]],[[-118.74353,34.00557],[-118.75061,34.0048],[-118.75225,34.00483],[-118.75551,34.00452],[-118.76148,34.00375],[-118.76441,34.00359],[-118.76904,34.00285],[-118.77239,34.00176],[-118.77407,34.00074],[-118.77548,33.99907],[-118.77856,33.99665],[-118.77929,33.99629],[-118.786,33.99443],[-118.78999,33.99371],[-118.79235,33.99337],[-118.7929,33.99342],[-118.79719,33.99261],[-118.8007,33.99222],[-118.80234,33.9922],[-118.80288,33.99243],[-118.80529,33.99261],[-118.80687,33.99382],[-118.8076,33.99413],[-118.80814,33.994],[-118.80905,33.99346],[-118.80978,33.99354],[-118.81053,33.99442],[-118.81129,33.99638],[-118.81107,33.99713],[-118.81029,33.99758],[-118.81018,33.99788],[-118.8105,33.99809],[-118.81141,33.99811],[-118.81159,33.99825],[-118.81168,33.99908],[-118.81232,33.99983],[-118.81268,33.99983],[-118.81322,34.00032],[-118.81359,34.00034],[-118.81449,33.99977],[-118.81468,34.00029],[-118.81577,34.00065],[-118.81704,34.00192],[-118.81758,34.00185],[-118.81832,34.00119],[-118.81849,33.99912],[-118.81867,33.99867],[-118.81903,33.99838],[-118.81976,33.99827],[-118.82121,33.99847],[-118.82484,33.99958],[-118.82796,34.00104],[-118.83047,34.00256]],[[-118.8125,34.0054],[-118.8125,34.0054]],[[-118.81232,34.00525],[-118.81232,34.00525]],[[-118.81214,34.00495],[-118.81214,34.00495]],[[-118.81195,34.0048],[-118.81195,34.0048]],[[-118.81177,34.00465],[-118.81177,34.00465]],[[-118.81159,34.0045],[-118.81159,34.0045]],[[-118.81141,34.0042],[-118.81141,34.0042]],[[-118.81123,34.00405],[-118.81123,34.00405]],[[-118.81105,34.0039],[-118.81105,34.0039]],[[-118.81087,34.00375],[-118.81087,34.00375]],[[-118.81068,34.0036],[-118.81068,34.0036]],[[-118.76186,34.00375],[-118.76186,34.00375]],[[-118.8105,34.0033],[-118.8105,34.0033]],[[-118.81032,34.00315],[-118.81032,34.00315]],[[-118.81014,34.003],[-118.81014,34.003]],[[-118.80996,34.00285],[-118.80996,34.00285]],[[-118.80978,34.00255],[-118.80978,34.00255]],[[-118.80959,34.00239],[-118.80959,34.00239]],[[-118.80941,34.00224],[-118.80941,34.00224]],[[-118.80923,34.00209],[-118.80923,34.00209]],[[-118.80905,34.00194],[-118.80905,34.00194]],[[-118.80887,34.00164],[-118.80887,34.00164]],[[-118.80851,34.00119],[-118.80851,34.00119]],[[-118.80796,34.00104],[-118.80796,34.00104]],[[-118.80778,34.00089],[-118.80778,34.00089]],[[-118.8076,34.00074],[-118.8076,34.00074]],[[-118.80724,34.00029],[-118.80724,34.00029]],[[-118.77457,34.00029],[-118.77457,34.00029]],[[-118.81214,33.99969],[-118.81214,33.99969]],[[-118.80687,33.99382],[-118.80687,33.99382]],[[-118.80669,33.99367],[-118.80669,33.99367]]]},"properties":{"depth_m":45}},{"type":"Feature","geometry":{"type":"MultiLineString","coordinates":[[[-118.83047,34.02045],[-118.82883,34.0194],[-118.82484,34.01639],[-118.82466,34.01639],[-118.81722,34.01022],[-118.81649,34.00932],[-118.81558,34.00856],[-118.81558,34.00841],[-118.81232,34.00525],[-118.81159,34.00435],[-118.81068,34.0036],[-118.80996,34.0027],[-118.80905,34.00194],[-118.80887,34.00134],[-118.80832,34.00104],[-118.80796,34.00104],[-118.8076,34.00074],[-118.8076,34.00044],[-118.80742,34.00029],[-118.80705,34.00014],[-118.80615,34.00014],[-118.80597,34.00029],[-118.80542,34.00029],[-118.80506,34.00059],[-118.80506,34.00089],[-118.80488,34.00104],[-118.80488,34.00255],[-118.80433,34.00345],[-118.80433,34.00375],[-118.80234,34.00555],[-118.80052,34.00631],[-118.79943,34.00646],[-118.79925,34.00661],[-118.7978,34.00661],[-118.79762,34.00676],[-118.79616,34.00676],[-118.79598,34.00691],[-118.79544,34.00691],[-118.79417,34.00766],[-118.79381,34.00841],[-118.79381,34.00917],[-118.79417,34.00992],[-118.79399,34.01082],[-118.79362,34.01127],[-118.79254,34.01202],[-118.79235,34.01293],[-118.79181,34.01398],[-118.79072,34.01503],[-118.79072,34.01579],[-118.79054,34.01609],[-118.788,34.01849],[-118.78764,34.0194],[-118.78564,34.0209],[-118.78528,34.0209],[-118.78401,34.0215],[-118.78364,34.0215],[-118.78201,34.02226],[-118.77856,34.02271],[-118.77529,34.02361],[-118.77475,34.02361],[-118.77348,34.02406],[-118.77094,34.02436],[-118.77003,34.02466],[-118.7684,34.02481],[-118.76731,34.02511],[-118.76332,34.02542],[-118.76313,34.02557],[-118.75987,34.02542],[-118.75969,34.02557],[-118.75624,34.02572],[-118.75533,34.02617],[-118.75533,34.02662],[-118.75479,34.02722],[-118.75442,34.02812],[-118.7537,34.02842],[-118.75225,34.02963],[-118.75134,34.02993],[-118.75061,34.03038],[-118.75025,34.03038],[-118.74789,34.03128],[-118.74698,34.03143],[-118.74644,34.03174],[-118.74522,34.03204]],[[-118.76132,34.02557],[-118.76132,34.02557]],[[-118.8301,34.0203],[-118.8301,34.0203]],[[-118.82992,34.02015],[-118.82992,34.02015]],[[-118.82974,34.02],[-118.82974,34.02]],[[-118.82956,34.01985],[-118.82956,34.01985]],[[-118.82938,34.0197],[-118.82938,34.0197]],[[-118.82919,34.01955],[-118.82919,34.01955]],[[-118.82883,34.0194],[-118.82883,34.0194]],[[-118.82865,34.01925],[-118.82865,34.01925]],[[-118.82847,34.0191],[-118.82847,34.0191]],[[-118.82829,34.01895],[-118.82829,34.01895]],[[-118.82811,34.0188],[-118.82811,34.0188]],[[-118.82792,34.01864],[-118.82792,34.01864]],[[-118.82774,34.01849],[-118.82774,34.01849]],[[-118.82738,34.01834],[-118.82738,34.01834]],[[-118.8272,34.01819],[-118.8272,34.01819]],[[-118.82702,34.01804],[-118.82702,34.01804]],[[-118.82684,34.01789],[-118.82684,34.01789]],[[-118.82665,34.01774],[-118.82665,34.01774]],[[-118.82647,34.01759],[-118.82647,34.01759]],[[-118.82629,34.01744],[-118.82629,34.01744]],[[-118.82593,34.01729],[-118.82593,34.01729]],[[-118.82575,34.01714],[-118.82575,34.01714]],[[-118.82557,34.01699],[-118.82557,34.01699]],[[-118.82538,34.01684],[-118.82538,34.01684]],[[-118.8252,34.01669],[-118.8252,34.01669]],[[-118.82502,34.01654],[-118.82502,34.01654]],[[-118.82466,34.01639],[-118.82466,34.01639]],[[-118.82448,34.01624],[-118.82448,34.01624]],[[-118.82429,34.01609],[-118.82429,34.01609]],[[-118.82411,34.01594],[-118.82411,34.01594]],[[-118.82393,34.01579],[-118.82393,34.01579]],[[-118.82375,34.01564],[-118.82375,34.01564]],[[-118.82357,34.01549],[-118.82357,34.01549]],[[-118.82339,34.01533],[-118.82339,34.01533]],[[-118.82321,34.01518],[-118.82321,34.01518]],[[-118.82302,34.01503],[-118.82302,34.01503]],[[-118.82284,34.01488],[-118.82284,34.01488]],[[-118.82266,34.01473],[-118.82266,34.01473]],[[-118.82248,34.01458],[-118.82248,34.01458]],[[-118.8223,34.01443],[-118.8223,34.01443]],[[-118.82212,34.01428],[-118.82212,34.01428]],[[-118.82194,34.01413],[-118.82194,34.01413]],[[-118.82175,34.01398],[-118.82175,34.01398]],[[-118.82157,34.01383],[-118.82157,34.01383]],[[-118.82139,34.01368],[-118.82139,34.01368]],[[-118.82121,34.01353],[-118.82121,34.01353]],[[-118.82103,34.01338],[-118.82103,34.01338]],[[-118.82085,34.01323],[-118.82085,34.01323]],[[-118.82067,34.01308],[-118.82067,34.01308]],[[-118.82048,34.01293],[-118.82048,34.01293]],[[-118.8203,34.01278],[-118.8203,34.01278]],[[-118.82012,34.01263],[-118.82012,34.01263]],[[-118.81994,34.01248],[-118.81994,34.01248]],[[-118.81976,34.01233],[-118.81976,34.01233]],[[-118.81958,34.01217],[-118.81958,34.01217]],[[-118.81939,34.01202],[-118.81939,34.01202]],[[-118.81921,34.01187],[-118.81921,34.01187]],[[-118.81903,34.01172],[-118.81903,34.01172]],[[-118.81885,34.01157],[-118.81885,34.01157]],[[-118.81867,34.01142],[-118.81867,34.01142]],[[-118.81849,34.01127],[-118.81849,34.01127]],[[-118.81831,34.01112],[-118.81831,34.01112]],[[-118.81812,34.01097],[-118.81812,34.01097]],[[-118.81794,34.01082],[-118.81794,34.01082]],[[-118.81776,34.01067],[-118.81776,34.01067]],[[-118.81758,34.01052],[-118.81758,34.01052]],[[-118.8174,34.01037],[-118.8174,34.01037]],[[-118.81722,34.01022],[-118.81722,34.01022]],[[-118.81704,34.00992],[-118.81704,34.00992]],[[-118.81685,34.00977],[-118.81685,34.00977]],[[-118.81667,34.00962],[-118.81667,34.00962]],[[-118.81649,34.00947],[-118.81649,34.00947]],[[-118.81631,34.00917],[-118.81631,34.00917]],[[-118.81613,34.00902],[-118.81613,34.00902]],[[-118.81595,34.00886],[-118.81595,34.00886]],[[-118.81577,34.00871],[-118.81577,34.00871]],[[-118.81558,34.00856],[-118.81558,34.00856]],[[-118.8154,34.00826],[-118.8154,34.00826]],[[-118.81522,34.00811],[-118.81522,34.00811]],[[-118.81504,34.00796],[-118.81504,34.00796]],[[-118.81486,34.00781],[-118.81486,34.00781]],[[-118.81468,34.00751],[-118.81468,34.00751]],[[-118.81449,34.00736],[-118.81449,34.00736]],[[-118.81431,34.00721],[-118.81431,34.00721]],[[-118.81413,34.00706],[-118.81413,34.00706]],[[-118.81395,34.00691],[-118.81395,34.00691]],[[-118.81377,34.00661],[-118.81377,34.00661]],[[-118.81359,34.00646],[-118.81359,34.00646]],[[-118.81341,34.00631],[-118.81341,34.00631]],[[-118.81322,34.00616],[-118.81322,34.00616]],[[-118.81304,34.00586],[-118.81304,34.00586]],[[-118.81286,34.0057],[-118.81286,34.0057]],[[-118.81268,34.00555],[-118.81268,34.00555]],[[-118.8125,34.0054],[-118.8125,34.0054]],[[-118.81232,34.00525],[-118.81232,34.00525]],[[-118.81214,34.00495],[-118.81214,34.00495]],[[-118.81195,34.0048],[-118.81195,34.0048]],[[-118.81177,34.00465],[-118.81177,34.00465]],[[-118.81159,34.0045],[-118.81159,34.0045]],[[-118.81141,34.0042],[-118.81141,34.0042]],[[-118.81123,34.00405],[-118.81123,34.00405]],[[-118.81105,34.0039],[-118.81105,34.0039]],[[-118.81087,34.00375],[-118.81087,34.00375]],[[-118.81068,34.0036],[-118.81068,34.0036]],[[-118.8105,34.0033],[-118.8105,34.0033]],[[-118.74353,34.0034],[-118.74716,34.00288],[-118.75352,34.00247],[-118.76186,34.00141],[-118.76259,34.00143],[-118.7664,34.00072],[-118.76811,34.00029],[-118.76926,33.99969],[-118.77058,33.99925],[-118.77257,33.99882],[-118.77329,33.99848],[-118.77413,33.99773],[-118.77838,33.99534],[-118.78219,33.99405],[-118.7831,33.99401],[-118.78655,33.99329],[-118.78981,33.99282],[-118.79925,33.99186],[-118.80215,33.99189],[-118.80542,33.99245],[-118.80742,33.99401],[-118.80796,33.99395],[-118.80905,33.99319],[-118.80978,33.99343],[-118.81072,33.99442],[-118.81151,33.99638],[-118.81143,33.99683],[-118.81056,33.99773],[-118.81087,33.99793],[-118.81141,33.99792],[-118.81176,33.99818],[-118.81176,33.99893],[-118.81232,33.99964],[-118.81286,33.99968],[-118.81359,34.00007],[-118.81395,33.99988],[-118.81431,33.99934],[-118.81449,33.99933],[-118.81486,33.99967],[-118.81492,33.99999],[-118.81595,34.00061],[-118.81704,34.00174],[-118.81758,34.00168],[-118.81815,34.00119],[-118.81814,33.99969],[-118.8177,33.99818],[-118.81794,33.99708],[-118.81867,33.99675],[-118.8203,33.99687],[-118.82435,33.99803],[-118.82792,33.99945],[-118.83047,34.00073]],[[-118.81032,34.00315],[-118.81032,34.00315]],[[-118.74408,34.0033],[-118.74408,34.0033]],[[-118.81014,34.003],[-118.81014,34.003]],[[-118.80996,34.00285],[-118.80996,34.00285]],[[-118.80978,34.00255],[-118.80978,34.00255]],[[-118.80959,34.00239],[-118.80959,34.00239]],[[-118.80941,34.00224],[-118.80941,34.00224]],[[-118.80923,34.00209],[-118.80923,34.00209]],[[-118.80905,34.00194],[-118.80905,34.00194]],[[-118.80887,34.00164],[-118.80887,34.00164]],[[-118.80851,34.00119],[-118.80851,34.00119]],[[-118.80796,34.00104],[-118.80796,34.00104]],[[-118.80778,34.00089],[-118.80778,34.00089]],[[-118.8076,34.00074],[-118.8076,34.00074]],[[-118.80724,34.00029],[-118.80724,34.00029]],[[-118.82811,33.99954],[-118.82811,33.99954]],[[-118.82738,33.99923],[-118.82738,33.99923]],[[-118.81831,33.99683],[-118.81831,33.99683]],[[-118.81105,33.99502],[-118.81105,33.99502]],[[-118.80578,33.99277],[-118.80578,33.99277]]]},"properties":{"depth_m":50}},{"type":"Feature","geometry":{"type":"MultiLineString","coordinates":[[[-118.83047,34.02045],[-118.82883,34.0194],[-118.82484,34.01639],[-118.82466,34.01639],[-118.81722,34.01022],[-118.81649,34.00932],[-118.81558,34.00856],[-118.81558,34.00841],[-118.81232,34.00525],[-118.81159,34.00435],[-118.81068,34.0036],[-118.80996,34.0027],[-118.80905,34.00194],[-118.80887,34.00134],[-118.80832,34.00104],[-118.80796,34.00104],[-118.8076,34.00074],[-118.8076,34.00044],[-118.80742,34.00029],[-118.80705,34.00014],[-118.80615,34.00014],[-118.80597,34.00029],[-118.80542,34.00029],[-118.80506,34.00059],[-118.80506,34.00089],[-118.80488,34.00104],[-118.80488,34.00255],[-118.80433,34.00345],[-118.80433,34.00375],[-118.80234,34.00555],[-118.80052,34.00631],[-118.79943,34.00646],[-118.79925,34.00661],[-118.7978,34.00661],[-118.79762,34.00676],[-118.79616,34.00676],[-118.79598,34.00691],[-118.79544,34.00691],[-118.79417,34.00766],[-118.79381,34.00841],[-118.79381,34.00917],[-118.79417,34.00992],[-118.79399,34.01082],[-118.79362,34.01127],[-118.79254,34.01202],[-118.79235,34.01293],[-118.79181,34.01398],[-118.79072,34.01503],[-118.79072,34.01579],[-118.79054,34.01609],[-118.788,34.01849],[-118.78764,34.0194],[-118.78564,34.0209],[-118.78528,34.0209],[-118.78401,34.0215],[-118.78364,34.0215],[-118.78201,34.02226],[-118.77856,34.02271],[-118.77529,34.02361],[-118.77475,34.02361],[-118.77348,34.02406],[-118.77094,34.02436],[-118.77003,34.02466],[-118.7684,34.02481],[-118.76731,34.02511],[-118.76332,34.02542],[-118.76313,34.02557],[-118.75987,34.02542],[-118.75969,34.02557],[-118.75624,34.02572],[-118.75533,34.02617],[-118.75533,34.02662],[-118.75479,34.02722],[-118.75442,34.02812],[-118.7537,34.02842],[-118.75225,34.02963],[-118.75134,34.02993],[-118.75061,34.03038],[-118.75025,34.03038],[-118.74789,34.03128],[-118.74698,34.03143],[-118.74644,34.03174],[-118.74522,34.03204]],[[-118.76132,34.02557],[-118.76132,34.02557]],[[-118.8301,34.0203],[-118.8301,34.0203]],[[-118.82992,34.02015],[-118.82992,34.02015]],[[-118.82974,34.02],[-118.82974,34.02]],[[-118.82956,34.01985],[-118.82956,34.01985]],[[-118.82938,34.0197],[-118.82938,34.0197]],[[-118.82919,34.01955],[-118.82919,34.01955]],[[-118.82883,34.0194],[-118.82883,34.0194]],[[-118.82865,34.01925],[-118.82865,34.01925]],[[-118.82847,34.0191],[-118.82847,34.0191]],[[-118.82829,34.01895],[-118.82829,34.01895]],[[-118.82811,34.0188],[-118.82811,34.0188]],[[-118.82792,34.01864],[-118.82792,34.01864]],[[-118.82774,34.01849],[-118.82774,34.01849]],[[-118.82738,34.01834],[-118.82738,34.01834]],[[-118.8272,34.01819],[-118.8272,34.01819]],[[-118.82702,34.01804],[-118.82702,34.01804]],[[-118.82684,34.01789],[-118.82684,34.01789]],[[-118.82665,34.01774],[-118.82665,34.01774]],[[-118.82647,34.01759],[-118.82647,34.01759]],[[-118.82629,34.01744],[-118.82629,34.01744]],[[-118.82593,34.01729],[-118.82593,34.01729]],[[-118.82575,34.01714],[-118.82575,34.01714]],[[-118.82557,34.01699],[-118.82557,34.01699]],[[-118.82538,34.01684],[-118.82538,34.01684]],[[-118.8252,34.01669],[-118.8252,34.01669]],[[-118.82502,34.01654],[-118.82502,34.01654]],[[-118.82466,34.01639],[-118.82466,34.01639]],[[-118.82448,34.01624],[-118.82448,34.01624]],[[-118.82429,34.01609],[-118.82429,34.01609]],[[-118.82411,34.01594],[-118.82411,34.01594]],[[-118.82393,34.01579],[-118.82393,34.01579]],[[-118.82375,34.01564],[-118.82375,34.01564]],[[-118.82357,34.01549],[-118.82357,34.01549]],[[-118.82339,34.01533],[-118.82339,34.01533]],[[-118.82321,34.01518],[-118.82321,34.01518]],[[-118.82302,34.01503],[-118.82302,34.01503]],[[-118.82284,34.01488],[-118.82284,34.01488]],[[-118.82266,34.01473],[-118.82266,34.01473]],[[-118.82248,34.01458],[-118.82248,34.01458]],[[-118.8223,34.01443],[-118.8223,34.01443]],[[-118.82212,34.01428],[-118.82212,34.01428]],[[-118.82194,34.01413],[-118.82194,34.01413]],[[-118.82175,34.01398],[-118.82175,34.01398]],[[-118.82157,34.01383],[-118.82157,34.01383]],[[-118.82139,34.01368],[-118.82139,34.01368]],[[-118.82121,34.01353],[-118.82121,34.01353]],[[-118.82103,34.01338],[-118.82103,34.01338]],[[-118.82085,34.01323],[-118.82085,34.01323]],[[-118.82067,34.01308],[-118.82067,34.01308]],[[-118.82048,34.01293],[-118.82048,34.01293]],[[-118.8203,34.01278],[-118.8203,34.01278]],[[-118.82012,34.01263],[-118.82012,34.01263]],[[-118.81994,34.01248],[-118.81994,34.01248]],[[-118.81976,34.01233],[-118.81976,34.01233]],[[-118.81958,34.01217],[-118.81958,34.01217]],[[-118.81939,34.01202],[-118.81939,34.01202]],[[-118.81921,34.01187],[-118.81921,34.01187]],[[-118.81903,34.01172],[-118.81903,34.01172]],[[-118.81885,34.01157],[-118.81885,34.01157]],[[-118.81867,34.01142],[-118.81867,34.01142]],[[-118.81849,34.01127],[-118.81849,34.01127]],[[-118.81831,34.01112],[-118.81831,34.01112]],[[-118.81812,34.01097],[-118.81812,34.01097]],[[-118.81794,34.01082],[-118.81794,34.01082]],[[-118.81776,34.01067],[-118.81776,34.01067]],[[-118.81758,34.01052],[-118.81758,34.01052]],[[-118.8174,34.01037],[-118.8174,34.01037]],[[-118.81722,34.01022],[-118.81722,34.01022]],[[-118.81704,34.00992],[-118.81704,34.00992]],[[-118.81685,34.00977],[-118.81685,34.00977]],[[-118.81667,34.00962],[-118.81667,34.00962]],[[-118.81649,34.00947],[-118.81649,34.00947]],[[-118.81631,34.00917],[-118.81631,34.00917]],[[-118.81613,34.00902],[-118.81613,34.00902]],[[-118.81595,34.00886],[-118.81595,34.00886]],[[-118.81577,34.00871],[-118.81577,34.00871]],[[-118.81558,34.00856],[-118.81558,34.00856]],[[-118.8154,34.00826],[-118.8154,34.00826]],[[-118.81522,34.00811],[-118.81522,34.00811]],[[-118.81504,34.00796],[-118.81504,34.00796]],[[-118.81486,34.00781],[-118.81486,34.00781]],[[-118.81468,34.00751],[-118.81468,34.00751]],[[-118.81449,34.00736],[-118.81449,34.00736]],[[-118.81431,34.00721],[-118.81431,34.00721]],[[-118.81413,34.00706],[-118.81413,34.00706]],[[-118.81395,34.00691],[-118.81395,34.00691]],[[-118.81377,34.00661],[-118.81377,34.00661]],[[-118.81359,34.00646],[-118.81359,34.00646]],[[-118.81341,34.00631],[-118.81341,34.00631]],[[-118.81322,34.00616],[-118.81322,34.00616]],[[-118.81304,34.00586],[-118.81304,34.00586]],[[-118.81286,34.0057],[-118.81286,34.0057]],[[-118.81268,34.00555],[-118.81268,34.00555]],[[-118.8125,34.0054],[-118.8125,34.0054]],[[-118.81232,34.00525],[-118.81232,34.00525]],[[-118.81214,34.00495],[-118.81214,34.00495]],[[-118.81195,34.0048],[-118.81195,34.0048]],[[-118.81177,34.00465],[-118.81177,34.00465]],[[-118.81159,34.0045],[-118.81159,34.0045]],[[-118.81141,34.0042],[-118.81141,34.0042]],[[-118.81123,34.00405],[-118.81123,34.00405]],[[-118.81105,34.0039],[-118.81105,34.0039]],[[-118.81087,34.00375],[-118.81087,34.00375]],[[-118.81068,34.0036],[-118.81068,34.0036]],[[-118.8105,34.0033],[-118.8105,34.0033]],[[-118.74353,34.0034],[-118.74716,34.00288],[-118.75352,34.00247],[-118.76186,34.00141],[-118.76259,34.00143],[-118.7664,34.00072],[-118.76811,34.00029],[-118.76926,33.99969],[-118.77058,33.99925],[-118.77257,33.99882],[-118.77329,33.99848],[-118.77413,33.99773],[-118.77838,33.99534],[-118.78219,33.99405],[-118.7831,33.99401],[-118.78655,33.99329],[-118.78981,33.99282],[-118.79925,33.99186],[-118.80215,33.99189],[-118.80542,33.99245],[-118.80742,33.99401],[-118.80796,33.99395],[-118.80905,33.99319],[-118.80978,33.99343],[-118.81072,33.99442],[-118.81151,33.99638],[-118.81143,33.99683],[-118.81056,33.99773],[-118.81087,33.99793],[-118.81141,33.99792],[-118.81176,33.99818],[-118.81176,33.99893],[-118.81232,33.99964],[-118.81286,33.99968],[-118.81359,34.00007],[-118.81395,33.99988],[-118.81431,33.99934],[-118.81449,33.99933],[-118.81486,33.99967],[-118.81492,33.99999],[-118.81595,34.00061],[-118.81704,34.00174],[-118.81758,34.00168],[-118.81815,34.00119],[-118.81814,33.99969],[-118.8177,33.99818],[-118.81794,33.99708],[-118.81867,33.99675],[-118.8203,33.99687],[-118.82435,33.99803],[-118.82792,33.99945],[-118.83047,34.00073]],[[-118.81032,34.00315],[-118.81032,34.00315]],[[-118.74408,34.0033],[-118.74408,34.0033]],[[-118.81014,34.003],[-118.81014,34.003]],[[-118.80996,34.00285],[-118.80996,34.00285]],[[-118.80978,34.00255],[-118.80978,34.00255]],[[-118.80959,34.00239],[-118.80959,34.00239]],[[-118.80941,34.00224],[-118.80941,34.00224]],[[-118.80923,34.00209],[-118.80923,34.00209]],[[-118.80905,34.00194],[-118.80905,34.00194]],[[-118.80887,34.00164],[-118.80887,34.00164]],[[-118.80851,34.00119],[-118.80851,34.00119]],[[-118.80796,34.00104],[-118.80796,34.00104]],[[-118.80778,34.00089],[-118.80778,34.00089]],[[-118.8076,34.00074],[-118.8076,34.00074]],[[-118.80724,34.00029],[-118.80724,34.00029]],[[-118.82811,33.99954],[-118.82811,33.99954]],[[-118.82738,33.99923],[-118.82738,33.99923]],[[-118.81831,33.99683],[-118.81831,33.99683]],[[-118.81105,33.99502],[-118.81105,33.99502]],[[-118.80578,33.99277],[-118.80578,33.99277]]]},"properties":{"depth_m":50}},{"type":"Feature","geometry":{"type":"MultiLineString","coordinates":[[[-118.83047,34.02045],[-118.82883,34.0194],[-118.82484,34.01639],[-118.82466,34.01639],[-118.81722,34.01022],[-118.81649,34.00932],[-118.81558,34.00856],[-118.81558,34.00841],[-118.81068,34.0036],[-118.80996,34.0027],[-118.80905,34.00194],[-118.80887,34.00134],[-118.80832,34.00104],[-118.80796,34.00104],[-118.8076,34.00074],[-118.8076,34.00044],[-118.80742,34.00029],[-118.80705,34.00014],[-118.80615,34.00014],[-118.80597,34.00029],[-118.80542,34.00029],[-118.80506,34.00059],[-118.80506,34.00089],[-118.80488,34.00104],[-118.80488,34.00255],[-118.80433,34.00345],[-118.80433,34.00375],[-118.80234,34.00555],[-118.80052,34.00631],[-118.79943,34.00646],[-118.79925,34.00661],[-118.7978,34.00661],[-118.79762,34.00676],[-118.79616,34.00676],[-118.79598,34.00691],[-118.79544,34.00691],[-118.79417,34.00766],[-118.79381,34.00841],[-118.79381,34.00917],[-118.79417,34.00992],[-118.79399,34.01082],[-118.79362,34.01127],[-118.79254,34.01202],[-118.79235,34.01293],[-118.79181,34.01398],[-118.79072,34.01503],[-118.79072,34.01579],[-118.79054,34.01609],[-118.788,34.01849],[-118.78764,34.0194],[-118.78564,34.0209],[-118.78528,34.0209],[-118.78401,34.0215],[-118.78364,34.0215],[-118.78201,34.02226],[-118.77856,34.02271],[-118.77529,34.02361],[-118.77475,34.02361],[-118.77348,34.02406],[-118.77094,34.02436],[-118.77003,34.02466],[-118.7684,34.02481],[-118.76731,34.02511],[-118.76332,34.02542],[-118.76313,34.02557],[-118.75987,34.02542],[-118.75969,34.02557],[-118.75624,34.02572],[-118.75533,34.02617],[-118.75533,34.02662],[-118.75461,34.02752],[-118.75442,34.02812],[-118.7537,34.02842],[-118.75225,34.02963],[-118.75134,34.02993],[-118.75061,34.03038],[-118.75025,34.03038],[-118.74789,34.03128],[-118.74698,34.03143],[-118.74644,34.03174],[-118.74525,34.03204]],[[-118.76132,34.02557],[-118.76132,34.02557]],[[-118.8301,34.0203],[-118.8301,34.0203]],[[-118.82992,34.02015],[-118.82992,34.02015]],[[-118.82974,34.02],[-118.82974,34.02]],[[-118.82956,34.01985],[-118.82956,34.01985]],[[-118.82938,34.0197],[-118.82938,34.0197]],[[-118.82919,34.01955],[-118.82919,34.01955]],[[-118.82883,34.0194],[-118.82883,34.0194]],[[-118.82865,34.01925],[-118.82865,34.01925]],[[-118.82847,34.0191],[-118.82847,34.0191]],[[-118.82829,34.01895],[-118.82829,34.01895]],[[-118.82811,34.0188],[-118.82811,34.0188]],[[-118.82792,34.01864],[-118.82792,34.01864]],[[-118.82774,34.01849],[-118.82774,34.01849]],[[-118.82738,34.01834],[-118.82738,34.01834]],[[-118.8272,34.01819],[-118.8272,34.01819]],[[-118.82702,34.01804],[-118.82702,34.01804]],[[-118.82684,34.01789],[-118.82684,34.01789]],[[-118.82665,34.01774],[-118.82665,34.01774]],[[-118.82647,34.01759],[-118.82647,34.01759]],[[-118.82629,34.01744],[-118.82629,34.01744]],[[-118.82593,34.01729],[-118.82593,34.01729]],[[-118.82575,34.01714],[-118.82575,34.01714]],[[-118.82557,34.01699],[-118.82557,34.01699]],[[-118.82538,34.01684],[-118.82538,34.01684]],[[-118.8252,34.01669],[-118.8252,34.01669]],[[-118.82502,34.01654],[-118.82502,34.01654]],[[-118.82466,34.01639],[-118.82466,34.01639]],[[-118.82448,34.01624],[-118.82448,34.01624]],[[-118.82429,34.01609],[-118.82429,34.01609]],[[-118.82411,34.01594],[-118.82411,34.01594]],[[-118.82393,34.01579],[-118.82393,34.01579]],[[-118.82375,34.01564],[-118.82375,34.01564]],[[-118.82357,34.01549],[-118.82357,34.01549]],[[-118.82339,34.01533],[-118.82339,34.01533]],[[-118.82321,34.01518],[-118.82321,34.01518]],[[-118.82302,34.01503],[-118.82302,34.01503]],[[-118.82284,34.01488],[-118.82284,34.01488]],[[-118.82266,34.01473],[-118.82266,34.01473]],[[-118.82248,34.01458],[-118.82248,34.01458]],[[-118.8223,34.01443],[-118.8223,34.01443]],[[-118.82212,34.01428],[-118.82212,34.01428]],[[-118.82194,34.01413],[-118.82194,34.01413]],[[-118.82175,34.01398],[-118.82175,34.01398]],[[-118.82157,34.01383],[-118.82157,34.01383]],[[-118.82139,34.01368],[-118.82139,34.01368]],[[-118.82121,34.01353],[-118.82121,34.01353]],[[-118.82103,34.01338],[-118.82103,34.01338]],[[-118.82085,34.01323],[-118.82085,34.01323]],[[-118.82067,34.01308],[-118.82067,34.01308]],[[-118.82048,34.01293],[-118.82048,34.01293]],[[-118.8203,34.01278],[-118.8203,34.01278]],[[-118.82012,34.01263],[-118.82012,34.01263]],[[-118.81994,34.01248],[-118.81994,34.01248]],[[-118.81976,34.01233],[-118.81976,34.01233]],[[-118.81958,34.01217],[-118.81958,34.01217]],[[-118.81939,34.01202],[-118.81939,34.01202]],[[-118.81921,34.01187],[-118.81921,34.01187]],[[-118.81903,34.01172],[-118.81903,34.01172]],[[-118.81885,34.01157],[-118.81885,34.01157]],[[-118.81867,34.01142],[-118.81867,34.01142]],[[-118.81849,34.01127],[-118.81849,34.01127]],[[-118.81831,34.01112],[-118.81831,34.01112]],[[-118.81812,34.01097],[-118.81812,34.01097]],[[-118.81794,34.01082],[-118.81794,34.01082]],[[-118.81776,34.01067],[-118.81776,34.01067]],[[-118.81758,34.01052],[-118.81758,34.01052]],[[-118.8174,34.01037],[-118.8174,34.01037]],[[-118.81722,34.01022],[-118.81722,34.01022]],[[-118.81704,34.00992],[-118.81704,34.00992]],[[-118.81685,34.00977],[-118.81685,34.00977]],[[-118.81667,34.00962],[-118.81667,34.00962]],[[-118.81649,34.00947],[-118.81649,34.00947]],[[-118.81631,34.00917],[-118.81631,34.00917]],[[-118.81613,34.00902],[-118.81613,34.00902]],[[-118.81595,34.00886],[-118.81595,34.00886]],[[-118.81577,34.00871],[-118.81577,34.00871]],[[-118.81558,34.00856],[-118.81558,34.00856]],[[-118.8154,34.00826],[-118.8154,34.00826]],[[-118.81522,34.00811],[-118.81522,34.00811]],[[-118.81504,34.00796],[-118.81504,34.00796]],[[-118.81486,34.00781],[-118.81486,34.00781]],[[-118.81468,34.00751],[-118.81468,34.00751]],[[-118.81449,34.00736],[-118.81449,34.00736]],[[-118.81431,34.00721],[-118.81431,34.00721]],[[-118.81413,34.00706],[-118.81413,34.00706]],[[-118.81395,34.00691],[-118.81395,34.00691]],[[-118.81377,34.00661],[-118.81377,34.00661]],[[-118.81359,34.00646],[-118.81359,34.00646]],[[-118.81341,34.00631],[-118.81341,34.00631]],[[-118.81322,34.00616],[-118.81322,34.00616]],[[-118.81304,34.00586],[-118.81304,34.00586]],[[-118.81286,34.0057],[-118.81286,34.0057]],[[-118.81268,34.00555],[-118.81268,34.00555]],[[-118.8125,34.0054],[-118.8125,34.0054]],[[-118.81232,34.00525],[-118.81232,34.00525]],[[-118.81214,34.00495],[-118.81214,34.00495]],[[-118.81195,34.0048],[-118.81195,34.0048]],[[-118.81177,34.00465],[-118.81177,34.00465]],[[-118.81159,34.0045],[-118.81159,34.0045]],[[-118.81141,34.0042],[-118.81141,34.0042]],[[-118.81123,34.00405],[-118.81123,34.00405]],[[-118.81105,34.0039],[-118.81105,34.0039]],[[-118.81087,34.00375],[-118.81087,34.00375]],[[-118.81068,34.0036],[-118.81068,34.0036]],[[-118.8105,34.0033],[-118.8105,34.0033]],[[-118.81032,34.00315],[-118.81032,34.00315]],[[-118.81014,34.003],[-118.81014,34.003]],[[-118.80996,34.00285],[-118.80996,34.00285]],[[-118.80978,34.00255],[-118.80978,34.00255]],[[-118.80959,34.00239],[-118.80959,34.00239]],[[-118.80941,34.00224],[-118.80941,34.00224]],[[-118.80923,34.00209],[-118.80923,34.00209]],[[-118.80905,34.00194],[-118.80905,34.00194]],[[-118.80887,34.00164],[-118.80887,34.00164]],[[-118.80851,34.00119],[-118.80851,34.00119]],[[-118.74353,33.9904],[-118.74753,33.9899],[-118.75152,33.98916],[-118.7537,33.98902],[-118.76094,33.9878],[-118.76931,33.98722],[-118.77493,33.98648],[-118.77729,33.98583],[-118.77947,33.98546],[-118.78074,33.98553],[-118.78382,33.98662],[-118.78909,33.98693],[-118.7929,33.98737],[-118.79508,33.98798],[-118.7978,33.98923],[-118.79852,33.98969],[-118.79979,33.99102],[-118.8027,33.99113],[-118.80433,33.99072],[-118.80464,33.99096],[-118.80469,33.99169],[-118.80488,33.99184],[-118.80578,33.99185],[-118.80687,33.99304],[-118.80742,33.99339],[-118.80781,33.99322],[-118.80782,33.99277],[-118.80814,33.99242],[-118.80869,33.9925],[-118.80941,33.99297],[-118.81015,33.99307],[-118.81058,33.99337],[-118.81064,33.99397],[-118.81141,33.9949],[-118.81163,33.99562],[-118.81195,33.99592],[-118.81288,33.99623],[-118.81293,33.99698],[-118.81268,33.9972],[-118.81195,33.99735],[-118.81181,33.99758],[-118.81214,33.99803],[-118.81232,33.99891],[-118.8125,33.99891],[-118.81265,33.99848],[-118.81286,33.99838],[-118.81377,33.99866],[-118.81431,33.99833],[-118.81522,33.99906],[-118.81544,33.99969],[-118.81722,34.00107],[-118.81758,34.00092],[-118.81767,34.00059],[-118.81743,33.99939],[-118.81683,33.99848],[-118.81673,33.99758],[-118.81568,33.99668],[-118.81545,33.99577],[-118.81571,33.99517],[-118.81546,33.99412],[-118.81575,33.99337],[-118.81558,33.99279],[-118.81558,33.99179],[-118.81595,33.99125],[-118.81831,33.99098],[-118.82139,33.99121],[-118.82575,33.99203],[-118.83047,33.99335]],[[-118.80796,34.00104],[-118.80796,34.00104]],[[-118.80778,34.00089],[-118.80778,34.00089]],[[-118.8076,34.00074],[-118.8076,34.00074]],[[-118.80724,34.00029],[-118.80724,34.00029]],[[-118.82429,33.99171],[-118.82429,33.99171]],[[-118.76785,33.98735],[-118.76785,33.98735]]]},"properties":{"depth_m":75}},{"type":"Feature","geometry":{"type":"MultiLineString","coordinates":[[[-118.83047,34.02045],[-118.82883,34.0194],[-118.82484,34.01639],[-118.82466,34.01639],[-118.81722,34.01022],[-118.81649,34.00932],[-118.81558,34.00856],[-118.81486,34.00766],[-118.81322,34.00616],[-118.81322,34.00601],[-118.81068,34.0036],[-118.80996,34.0027],[-118.80905,34.00194],[-118.80887,34.00134],[-118.80832,34.00104],[-118.80796,34.00104],[-118.8076,34.00074],[-118.8076,34.00044],[-118.80742,34.00029],[-118.80705,34.00014],[-118.80615,34.00014],[-118.80597,34.00029],[-118.80542,34.00029],[-118.80506,34.00059],[-118.80506,34.00089],[-118.80488,34.00104],[-118.80488,34.00255],[-118.80433,34.00345],[-118.80433,34.00375],[-118.80234,34.00555],[-118.80052,34.00631],[-118.79943,34.00646],[-118.79925,34.00661],[-118.7978,34.00661],[-118.79762,34.00676],[-118.79616,34.00676],[-118.79598,34.00691],[-118.79544,34.00691],[-118.79417,34.00766],[-118.79381,34.00841],[-118.79381,34.00917],[-118.79417,34.00992],[-118.79399,34.01082],[-118.79362,34.01127],[-118.79254,34.01202],[-118.79235,34.01293],[-118.79181,34.01398],[-118.79072,34.01503],[-118.79072,34.01579],[-118.79054,34.01609],[-118.788,34.01849],[-118.78764,34.0194],[-118.78564,34.0209],[-118.78528,34.0209],[-118.78401,34.0215],[-118.78364,34.0215],[-118.78201,34.02226],[-118.77856,34.02271],[-118.77529,34.02361],[-118.77475,34.02361],[-118.77348,34.02406],[-118.77094,34.02436],[-118.77003,34.02466],[-118.7684,34.02481],[-118.76731,34.02511],[-118.76332,34.02542],[-118.76313,34.02557],[-118.75987,34.02542],[-118.75969,34.02557],[-118.75624,34.02572],[-118.75533,34.02617],[-118.75533,34.02662],[-118.75461,34.02752],[-118.75442,34.02812],[-118.7537,34.02842],[-118.75225,34.02963],[-118.75134,34.02993],[-118.75061,34.03038],[-118.74934,34.03068],[-118.74789,34.03128],[-118.74698,34.03143],[-118.74553,34.03204]],[[-118.74548,34.03204],[-118.74528,34.03204]],[[-118.76132,34.02557],[-118.76132,34.02557]],[[-118.8301,34.0203],[-118.8301,34.0203]],[[-118.82992,34.02015],[-118.82992,34.02015]],[[-118.82974,34.02],[-118.82974,34.02]],[[-118.82956,34.01985],[-118.82956,34.01985]],[[-118.82938,34.0197],[-118.82938,34.0197]],[[-118.82919,34.01955],[-118.82919,34.01955]],[[-118.82883,34.0194],[-118.82883,34.0194]],[[-118.82865,34.01925],[-118.82865,34.01925]],[[-118.82847,34.0191],[-118.82847,34.0191]],[[-118.82829,34.01895],[-118.82829,34.01895]],[[-118.82811,34.0188],[-118.82811,34.0188]],[[-118.82792,34.01864],[-118.82792,34.01864]],[[-118.82774,34.01849],[-118.82774,34.01849]],[[-118.82738,34.01834],[-118.82738,34.01834]],[[-118.8272,34.01819],[-118.8272,34.01819]],[[-118.82702,34.01804],[-118.82702,34.01804]],[[-118.82684,34.01789],[-118.82684,34.01789]],[[-118.82665,34.01774],[-118.82665,34.01774]],[[-118.82647,34.01759],[-118.82647,34.01759]],[[-118.82629,34.01744],[-118.82629,34.01744]],[[-118.82593,34.01729],[-118.82593,34.01729]],[[-118.82575,34.01714],[-118.82575,34.01714]],[[-118.82557,34.01699],[-118.82557,34.01699]],[[-118.82538,34.01684],[-118.82538,34.01684]],[[-118.8252,34.01669],[-118.8252,34.01669]],[[-118.82502,34.01654],[-118.82502,34.01654]],[[-118.82466,34.01639],[-118.82466,34.01639]],[[-118.82448,34.01624],[-118.82448,34.01624]],[[-118.82429,34.01609],[-118.82429,34.01609]],[[-118.82411,34.01594],[-118.82411,34.01594]],[[-118.82393,34.01579],[-118.82393,34.01579]],[[-118.82375,34.01564],[-118.82375,34.01564]],[[-118.82357,34.01549],[-118.82357,34.01549]],[[-118.82339,34.01533],[-118.82339,34.01533]],[[-118.82321,34.01518],[-118.82321,34.01518]],[[-118.82302,34.01503],[-118.82302,34.01503]],[[-118.82284,34.01488],[-118.82284,34.01488]],[[-118.82266,34.01473],[-118.82266,34.01473]],[[-118.82248,34.01458],[-118.82248,34.01458]],[[-118.8223,34.01443],[-118.8223,34.01443]],[[-118.82212,34.01428],[-118.82212,34.01428]],[[-118.82194,34.01413],[-118.82194,34.01413]],[[-118.82175,34.01398],[-118.82175,34.01398]],[[-118.82157,34.01383],[-118.82157,34.01383]],[[-118.82139,34.01368],[-118.82139,34.01368]],[[-118.82121,34.01353],[-118.82121,34.01353]],[[-118.82103,34.01338],[-118.82103,34.01338]],[[-118.82085,34.01323],[-118.82085,34.01323]],[[-118.82067,34.01308],[-118.82067,34.01308]],[[-118.82048,34.01293],[-118.82048,34.01293]],[[-118.8203,34.01278],[-118.8203,34.01278]],[[-118.82012,34.01263],[-118.82012,34.01263]],[[-118.81994,34.01248],[-118.81994,34.01248]],[[-118.81976,34.01233],[-118.81976,34.01233]],[[-118.81958,34.01217],[-118.81958,34.01217]],[[-118.81939,34.01202],[-118.81939,34.01202]],[[-118.81921,34.01187],[-118.81921,34.01187]],[[-118.81903,34.01172],[-118.81903,34.01172]],[[-118.81885,34.01157],[-118.81885,34.01157]],[[-118.81867,34.01142],[-118.81867,34.01142]],[[-118.81849,34.01127],[-118.81849,34.01127]],[[-118.81831,34.01112],[-118.81831,34.01112]],[[-118.81812,34.01097],[-118.81812,34.01097]],[[-118.81794,34.01082],[-118.81794,34.01082]],[[-118.81776,34.01067],[-118.81776,34.01067]],[[-118.81758,34.01052],[-118.81758,34.01052]],[[-118.8174,34.01037],[-118.8174,34.01037]],[[-118.81722,34.01022],[-118.81722,34.01022]],[[-118.81704,34.00992],[-118.81704,34.00992]],[[-118.81685,34.00977],[-118.81685,34.00977]],[[-118.81667,34.00962],[-118.81667,34.00962]],[[-118.81649,34.00947],[-118.81649,34.00947]],[[-118.81631,34.00917],[-118.81631,34.00917]],[[-118.81613,34.00902],[-118.81613,34.00902]],[[-118.81595,34.00886],[-118.81595,34.00886]],[[-118.81577,34.00871],[-118.81577,34.00871]],[[-118.81558,34.00856],[-118.81558,34.00856]],[[-118.8154,34.00826],[-118.8154,34.00826]],[[-118.81522,34.00811],[-118.81522,34.00811]],[[-118.81504,34.00796],[-118.81504,34.00796]],[[-118.81486,34.00781],[-118.81486,34.00781]],[[-118.81468,34.00751],[-118.81468,34.00751]],[[-118.81449,34.00736],[-118.81449,34.00736]],[[-118.81431,34.00721],[-118.81431,34.00721]],[[-118.81413,34.00706],[-118.81413,34.00706]],[[-118.81395,34.00691],[-118.81395,34.00691]],[[-118.81377,34.00661],[-118.81377,34.00661]],[[-118.81359,34.00646],[-118.81359,34.00646]],[[-118.81341,34.00631],[-118.81341,34.00631]],[[-118.81322,34.00616],[-118.81322,34.00616]],[[-118.81304,34.00586],[-118.81304,34.00586]],[[-118.81286,34.0057],[-118.81286,34.0057]],[[-118.81268,34.00555],[-118.81268,34.00555]],[[-118.8125,34.0054],[-118.8125,34.0054]],[[-118.81232,34.00525],[-118.81232,34.00525]],[[-118.81214,34.00495],[-118.81214,34.00495]],[[-118.81195,34.0048],[-118.81195,34.0048]],[[-118.81177,34.00465],[-118.81177,34.00465]],[[-118.81159,34.0045],[-118.81159,34.0045]],[[-118.81141,34.0042],[-118.81141,34.0042]],[[-118.81123,34.00405],[-118.81123,34.00405]],[[-118.81105,34.0039],[-118.81105,34.0039]],[[-118.81087,34.00375],[-118.81087,34.00375]],[[-118.81068,34.0036],[-118.81068,34.0036]],[[-118.8105,34.0033],[-118.8105,34.0033]],[[-118.81032,34.00315],[-118.81032,34.00315]],[[-118.81014,34.003],[-118.81014,34.003]],[[-118.80996,34.00285],[-118.80996,34.00285]],[[-118.80978,34.00255],[-118.80978,34.00255]],[[-118.80959,34.00239],[-118.80959,34.00239]],[[-118.80941,34.00224],[-118.80941,34.00224]],[[-118.80923,34.00209],[-118.80923,34.00209]],[[-118.80905,34.00194],[-118.80905,34.00194]],[[-118.80887,34.00164],[-118.80887,34.00164]],[[-118.80851,34.00119],[-118.80851,34.00119]],[[-118.80796,34.00104],[-118.80796,34.00104]],[[-118.80778,34.00089],[-118.80778,34.00089]],[[-118.8076,34.00074],[-118.8076,34.00074]],[[-118.80724,34.00029],[-118.80724,34.00029]],[[-118.83047,33.9902],[-118.82992,33.99016],[-118.82883,33.98975],[-118.82792,33.99002],[-118.82665,33.9899],[-118.82623,33.98961],[-118.82575,33.9888],[-118.82502,33.98816],[-118.82321,33.98791],[-118.82212,33.98722],[-118.82085,33.98697],[-118.82012,33.98666],[-118.81867,33.98653],[-118.81794,33.98621],[-118.81558,33.98571],[-118.81449,33.98572],[-118.81395,33.98598],[-118.81302,33.9875],[-118.8131,33.9881],[-118.81369,33.98945],[-118.81385,33.99066],[-118.8136,33.99111],[-118.81433,33.99156],[-118.8153,33.99277],[-118.81542,33.99352],[-118.8152,33.99427],[-118.8153,33.99517],[-118.81508,33.99577],[-118.81531,33.99623],[-118.81532,33.99683],[-118.81622,33.99773],[-118.81655,33.99848],[-118.81674,33.99954],[-118.81649,33.99981],[-118.81577,33.99936],[-118.8154,33.99861],[-118.81431,33.99793],[-118.81341,33.99808],[-118.81253,33.99788],[-118.81264,33.99758],[-118.8133,33.99698],[-118.81316,33.99623],[-118.81177,33.99535],[-118.81103,33.99427],[-118.81091,33.99337],[-118.81032,33.99284],[-118.80941,33.99273],[-118.80832,33.99193],[-118.80796,33.99199],[-118.80724,33.99276],[-118.80651,33.99229],[-118.80597,33.9916],[-118.80506,33.99136],[-118.80487,33.99081],[-118.80451,33.99048],[-118.80288,33.99071],[-118.79979,33.99053],[-118.79852,33.98861],[-118.79689,33.98795],[-118.79606,33.98705],[-118.79586,33.9866],[-118.79562,33.98426],[-118.7942,33.98298],[-118.79367,33.98178],[-118.7929,33.98121],[-118.79108,33.98107],[-118.78927,33.98118],[-118.78727,33.98056],[-118.786,33.98049],[-118.78382,33.98068],[-118.78219,33.98025],[-118.77838,33.9808],[-118.77747,33.98044],[-118.77638,33.97975],[-118.77566,33.97955],[-118.77185,33.9802],[-118.7684,33.98022],[-118.76441,33.98093],[-118.76259,33.98079],[-118.76078,33.98121],[-118.75878,33.98199],[-118.75725,33.98238],[-118.75496,33.98344],[-118.75333,33.98459],[-118.75132,33.98509],[-118.74971,33.98582],[-118.74771,33.98585],[-118.74662,33.98616],[-118.74553,33.98684],[-118.74499,33.98681],[-118.74353,33.98631]],[[-118.8301,33.99021],[-118.8301,33.99021]],[[-118.82611,33.9893],[-118.82611,33.9893]],[[-118.76803,33.98028],[-118.76803,33.98028]]]},"properties":{"depth_m":100}},{"type":"Feature","geometry":{"type":"MultiLineString","coordinates":[[[-118.83047,34.02045],[-118.82883,34.0194],[-118.82484,34.01639],[-118.82466,34.01639],[-118.81722,34.01022],[-118.81649,34.00932],[-118.81558,34.00856],[-118.81558,34.00841],[-118.81232,34.00525],[-118.81159,34.00435],[-118.81068,34.0036],[-118.80996,34.0027],[-118.80905,34.00194],[-118.80887,34.00134],[-118.80832,34.00104],[-118.80796,34.00104],[-118.8076,34.00074],[-118.8076,34.00044],[-118.80742,34.00029],[-118.80705,34.00014],[-118.80615,34.00014],[-118.80597,34.00029],[-118.80542,34.00029],[-118.80506,34.00059],[-118.80506,34.00089],[-118.80488,34.00104],[-118.80488,34.00255],[-118.80433,34.00345],[-118.80433,34.00375],[-118.80234,34.00555],[-118.80052,34.00631],[-118.79943,34.00646],[-118.79925,34.00661],[-118.7978,34.00661],[-118.79762,34.00676],[-118.79616,34.00676],[-118.79598,34.00691],[-118.79544,34.00691],[-118.79417,34.00766],[-118.79381,34.00841],[-118.79381,34.00917],[-118.79417,34.00992],[-118.79399,34.01082],[-118.79362,34.01127],[-118.79254,34.01202],[-118.79235,34.01293],[-118.79181,34.01398],[-118.79072,34.01503],[-118.79072,34.01579],[-118.79054,34.01609],[-118.788,34.01849],[-118.78764,34.0194],[-118.78564,34.0209],[-118.78528,34.0209],[-118.78401,34.0215],[-118.78364,34.0215],[-118.78201,34.02226],[-118.77856,34.02271],[-118.77529,34.02361],[-118.77475,34.02361],[-118.77348,34.02406],[-118.77094,34.02436],[-118.77003,34.02466],[-118.7684,34.02481],[-118.76731,34.02511],[-118.76332,34.02542],[-118.76313,34.02557],[-118.75987,34.02542],[-118.75969,34.02557],[-118.75624,34.02572],[-118.75533,34.02617],[-118.75533,34.02662],[-118.75479,34.02722],[-118.75442,34.02812],[-118.7537,34.02842],[-118.75225,34.02963],[-118.75134,34.02993],[-118.75061,34.03038],[-118.74934,34.03068],[-118.74789,34.03128],[-118.74698,34.03143],[-118.74553,34.03204]],[[-118.74543,34.03204],[-118.74531,34.03204]],[[-118.76132,34.02557],[-118.76132,34.02557]],[[-118.8301,34.0203],[-118.8301,34.0203]],[[-118.82992,34.02015],[-118.82992,34.02015]],[[-118.82974,34.02],[-118.82974,34.02]],[[-118.82956,34.01985],[-118.82956,34.01985]],[[-118.82938,34.0197],[-118.82938,34.0197]],[[-118.82919,34.01955],[-118.82919,34.01955]],[[-118.82883,34.0194],[-118.82883,34.0194]],[[-118.82865,34.01925],[-118.82865,34.01925]],[[-118.82847,34.0191],[-118.82847,34.0191]],[[-118.82829,34.01895],[-118.82829,34.01895]],[[-118.82811,34.0188],[-118.82811,34.0188]],[[-118.82792,34.01864],[-118.82792,34.01864]],[[-118.82774,34.01849],[-118.82774,34.01849]],[[-118.82738,34.01834],[-118.82738,34.01834]],[[-118.8272,34.01819],[-118.8272,34.01819]],[[-118.82702,34.01804],[-118.82702,34.01804]],[[-118.82684,34.01789],[-118.82684,34.01789]],[[-118.82665,34.01774],[-118.82665,34.01774]],[[-118.82647,34.01759],[-118.82647,34.01759]],[[-118.82629,34.01744],[-118.82629,34.01744]],[[-118.82593,34.01729],[-118.82593,34.01729]],[[-118.82575,34.01714],[-118.82575,34.01714]],[[-118.82557,34.01699],[-118.82557,34.01699]],[[-118.82538,34.01684],[-118.82538,34.01684]],[[-118.8252,34.01669],[-118.8252,34.01669]],[[-118.82502,34.01654],[-118.82502,34.01654]],[[-118.82466,34.01639],[-118.82466,34.01639]],[[-118.82448,34.01624],[-118.82448,34.01624]],[[-118.82429,34.01609],[-118.82429,34.01609]],[[-118.82411,34.01594],[-118.82411,34.01594]],[[-118.82393,34.01579],[-118.82393,34.01579]],[[-118.82375,34.01564],[-118.82375,34.01564]],[[-118.82357,34.01549],[-118.82357,34.01549]],[[-118.82339,34.01533],[-118.82339,34.01533]],[[-118.82321,34.01518],[-118.82321,34.01518]],[[-118.82302,34.01503],[-118.82302,34.01503]],[[-118.82284,34.01488],[-118.82284,34.01488]],[[-118.82266,34.01473],[-118.82266,34.01473]],[[-118.82248,34.01458],[-118.82248,34.01458]],[[-118.8223,34.01443],[-118.8223,34.01443]],[[-118.82212,34.01428],[-118.82212,34.01428]],[[-118.82194,34.01413],[-118.82194,34.01413]],[[-118.82175,34.01398],[-118.82175,34.01398]],[[-118.82157,34.01383],[-118.82157,34.01383]],[[-118.82139,34.01368],[-118.82139,34.01368]],[[-118.82121,34.01353],[-118.82121,34.01353]],[[-118.82103,34.01338],[-118.82103,34.01338]],[[-118.82085,34.01323],[-118.82085,34.01323]],[[-118.82067,34.01308],[-118.82067,34.01308]],[[-118.82048,34.01293],[-118.82048,34.01293]],[[-118.8203,34.01278],[-118.8203,34.01278]],[[-118.82012,34.01263],[-118.82012,34.01263]],[[-118.81994,34.01248],[-118.81994,34.01248]],[[-118.81976,34.01233],[-118.81976,34.01233]],[[-118.81958,34.01217],[-118.81958,34.01217]],[[-118.81939,34.01202],[-118.81939,34.01202]],[[-118.81921,34.01187],[-118.81921,34.01187]],[[-118.81903,34.01172],[-118.81903,34.01172]],[[-118.81885,34.01157],[-118.81885,34.01157]],[[-118.81867,34.01142],[-118.81867,34.01142]],[[-118.81849,34.01127],[-118.81849,34.01127]],[[-118.81831,34.01112],[-118.81831,34.01112]],[[-118.81812,34.01097],[-118.81812,34.01097]],[[-118.81794,34.01082],[-118.81794,34.01082]],[[-118.81776,34.01067],[-118.81776,34.01067]],[[-118.81758,34.01052],[-118.81758,34.01052]],[[-118.8174,34.01037],[-118.8174,34.01037]],[[-118.81722,34.01022],[-118.81722,34.01022]],[[-118.81704,34.00992],[-118.81704,34.00992]],[[-118.81685,34.00977],[-118.81685,34.00977]],[[-118.81667,34.00962],[-118.81667,34.00962]],[[-118.81649,34.00947],[-118.81649,34.00947]],[[-118.81631,34.00917],[-118.81631,34.00917]],[[-118.81613,34.00902],[-118.81613,34.00902]],[[-118.81595,34.00886],[-118.81595,34.00886]],[[-118.81577,34.00871],[-118.81577,34.00871]],[[-118.81558,34.00856],[-118.81558,34.00856]],[[-118.8154,34.00826],[-118.8154,34.00826]],[[-118.81522,34.00811],[-118.81522,34.00811]],[[-118.81504,34.00796],[-118.81504,34.00796]],[[-118.81486,34.00781],[-118.81486,34.00781]],[[-118.81468,34.00751],[-118.81468,34.00751]],[[-118.81449,34.00736],[-118.81449,34.00736]],[[-118.81431,34.00721],[-118.81431,34.00721]],[[-118.81413,34.00706],[-118.81413,34.00706]],[[-118.81395,34.00691],[-118.81395,34.00691]],[[-118.81377,34.00661],[-118.81377,34.00661]],[[-118.81359,34.00646],[-118.81359,34.00646]],[[-118.81341,34.00631],[-118.81341,34.00631]],[[-118.81322,34.00616],[-118.81322,34.00616]],[[-118.81304,34.00586],[-118.81304,34.00586]],[[-118.81286,34.0057],[-118.81286,34.0057]],[[-118.81268,34.00555],[-118.81268,34.00555]],[[-118.8125,34.0054],[-118.8125,34.0054]],[[-118.81232,34.00525],[-118.81232,34.00525]],[[-118.81214,34.00495],[-118.81214,34.00495]],[[-118.81195,34.0048],[-118.81195,34.0048]],[[-118.81177,34.00465],[-118.81177,34.00465]],[[-118.81159,34.0045],[-118.81159,34.0045]],[[-118.81141,34.0042],[-118.81141,34.0042]],[[-118.81123,34.00405],[-118.81123,34.00405]],[[-118.81105,34.0039],[-118.81105,34.0039]],[[-118.81087,34.00375],[-118.81087,34.00375]],[[-118.81068,34.0036],[-118.81068,34.0036]],[[-118.8105,34.0033],[-118.8105,34.0033]],[[-118.81032,34.00315],[-118.81032,34.00315]],[[-118.81014,34.003],[-118.81014,34.003]],[[-118.80996,34.00285],[-118.80996,34.00285]],[[-118.80978,34.00255],[-118.80978,34.00255]],[[-118.80959,34.00239],[-118.80959,34.00239]],[[-118.80941,34.00224],[-118.80941,34.00224]],[[-118.80923,34.00209],[-118.80923,34.00209]],[[-118.80905,34.00194],[-118.80905,34.00194]],[[-118.80887,34.00164],[-118.80887,34.00164]],[[-118.80851,34.00119],[-118.80851,34.00119]],[[-118.80796,34.00104],[-118.80796,34.00104]],[[-118.80778,34.00089],[-118.80778,34.00089]],[[-118.8076,34.00074],[-118.8076,34.00074]],[[-118.80724,34.00029],[-118.80724,34.00029]],[[-118.74353,33.98546],[-118.74426,33.98547],[-118.74517,33.98599],[-118.74553,33.98597],[-118.74716,33.98508],[-118.75007,33.98452],[-118.75352,33.98329],[-118.75696,33.98171],[-118.75842,33.98136],[-118.76023,33.98062],[-118.76205,33.9802],[-118.76313,33.98016],[-118.76368,33.98036],[-118.76441,33.98037],[-118.76803,33.97965],[-118.77185,33.97963],[-118.77439,33.97905],[-118.77584,33.97893],[-118.77656,33.97907],[-118.77774,33.97998],[-118.77856,33.98025],[-118.78019,33.97999],[-118.78128,33.97956],[-118.78201,33.97952],[-118.78292,33.97968],[-118.78382,33.98009],[-118.78673,33.97993],[-118.78793,33.98013],[-118.78927,33.98058],[-118.79126,33.98041],[-118.79308,33.98046],[-118.79418,33.98118],[-118.79471,33.98273],[-118.79615,33.98404],[-118.79604,33.98494],[-118.7962,33.9866],[-118.79635,33.98695],[-118.79707,33.9877],[-118.79807,33.9881],[-118.79889,33.98818],[-118.79915,33.9884],[-118.79939,33.98915],[-118.80034,33.99018],[-118.80161,33.99009],[-118.80306,33.99044],[-118.80433,33.99009],[-118.80488,33.99048],[-118.80542,33.9913],[-118.80615,33.99149],[-118.80687,33.99219],[-118.80724,33.99213],[-118.8075,33.99156],[-118.80796,33.99136],[-118.80957,33.99246],[-118.81032,33.99264],[-118.81105,33.99329],[-118.81195,33.99526],[-118.81337,33.99608],[-118.81359,33.99683],[-118.81341,33.99744],[-118.81359,33.99759],[-118.81413,33.99754],[-118.81486,33.99785],[-118.81522,33.99784],[-118.81551,33.99758],[-118.81503,33.99683],[-118.81505,33.99623],[-118.81473,33.99577],[-118.81528,33.99352],[-118.81431,33.99194],[-118.81395,33.99166],[-118.81341,33.9917],[-118.81303,33.99141],[-118.81339,33.99066],[-118.81329,33.98945],[-118.81251,33.9875],[-118.81279,33.98645],[-118.81262,33.98524],[-118.81235,33.98449],[-118.81248,33.98389],[-118.81286,33.98359],[-118.81758,33.98548],[-118.82248,33.98646],[-118.82363,33.98735],[-118.82552,33.9875],[-118.82702,33.98936],[-118.82774,33.98942],[-118.82847,33.98899],[-118.82901,33.98891],[-118.82977,33.98945],[-118.83047,33.98951]],[[-118.82067,33.98614],[-118.82067,33.98614]],[[-118.74662,33.98539],[-118.74662,33.98539]],[[-118.76495,33.98028],[-118.76495,33.98028]]]},"properties":{"depth_m":125}},{"type":"Feature","geometry":{"type":"MultiLineString","coordinates":[[[-118.83047,34.02045],[-118.82883,34.0194],[-118.82484,34.01639],[-118.82466,34.01639],[-118.81722,34.01022],[-118.81649,34.00932],[-118.81558,34.00856],[-118.81558,34.00841],[-118.81068,34.0036],[-118.80996,34.0027],[-118.80905,34.00194],[-118.80887,34.00134],[-118.80832,34.00104],[-118.80796,34.00104],[-118.8076,34.00074],[-118.8076,34.00044],[-118.80742,34.00029],[-118.80705,34.00014],[-118.80615,34.00014],[-118.80597,34.00029],[-118.80542,34.00029],[-118.80506,34.00059],[-118.80506,34.00089],[-118.80488,34.00104],[-118.80488,34.00255],[-118.80433,34.00345],[-118.80433,34.00375],[-118.80234,34.00555],[-118.80052,34.00631],[-118.79943,34.00646],[-118.79925,34.00661],[-118.7978,34.00661],[-118.79762,34.00676],[-118.79616,34.00676],[-118.79598,34.00691],[-118.79544,34.00691],[-118.79417,34.00766],[-118.79381,34.00841],[-118.79381,34.00917],[-118.79417,34.00992],[-118.79399,34.01082],[-118.79362,34.01127],[-118.79254,34.01202],[-118.79235,34.01293],[-118.79181,34.01398],[-118.79072,34.01503],[-118.79072,34.01579],[-118.79054,34.01609],[-118.788,34.01849],[-118.78764,34.0194],[-118.78564,34.0209],[-118.78528,34.0209],[-118.78401,34.0215],[-118.78364,34.0215],[-118.78201,34.02226],[-118.77856,34.02271],[-118.77529,34.02361],[-118.77475,34.02361],[-118.77348,34.02406],[-118.77094,34.02436],[-118.77003,34.02466],[-118.7684,34.02481],[-118.76731,34.02511],[-118.76332,34.02542],[-118.76313,34.02557],[-118.75987,34.02542],[-118.75969,34.02557],[-118.75624,34.02572],[-118.75533,34.02617],[-118.75533,34.02662],[-118.75461,34.02752],[-118.75442,34.02812],[-118.7537,34.02842],[-118.75225,34.02963],[-118.75134,34.02993],[-118.75061,34.03038],[-118.74934,34.03068],[-118.74789,34.03128],[-118.74698,34.03143],[-118.74553,34.03204]],[[-118.74537,34.03204],[-118.74534,34.03204]],[[-118.76132,34.02557],[-118.76132,34.02557]],[[-118.8301,34.0203],[-118.8301,34.0203]],[[-118.82992,34.02015],[-118.82992,34.02015]],[[-118.82974,34.02],[-118.82974,34.02]],[[-118.82956,34.01985],[-118.82956,34.01985]],[[-118.82938,34.0197],[-118.82938,34.0197]],[[-118.82919,34.01955],[-118.82919,34.01955]],[[-118.82883,34.0194],[-118.82883,34.0194]],[[-118.82865,34.01925],[-118.82865,34.01925]],[[-118.82847,34.0191],[-118.82847,34.0191]],[[-118.82829,34.01895],[-118.82829,34.01895]],[[-118.82811,34.0188],[-118.82811,34.0188]],[[-118.82792,34.01864],[-118.82792,34.01864]],[[-118.82774,34.01849],[-118.82774,34.01849]],[[-118.82738,34.01834],[-118.82738,34.01834]],[[-118.8272,34.01819],[-118.8272,34.01819]],[[-118.82702,34.01804],[-118.82702,34.01804]],[[-118.82684,34.01789],[-118.82684,34.01789]],[[-118.82665,34.01774],[-118.82665,34.01774]],[[-118.82647,34.01759],[-118.82647,34.01759]],[[-118.82629,34.01744],[-118.82629,34.01744]],[[-118.82593,34.01729],[-118.82593,34.01729]],[[-118.82575,34.01714],[-118.82575,34.01714]],[[-118.82557,34.01699],[-118.82557,34.01699]],[[-118.82538,34.01684],[-118.82538,34.01684]],[[-118.8252,34.01669],[-118.8252,34.01669]],[[-118.82502,34.01654],[-118.82502,34.01654]],[[-118.82466,34.01639],[-118.82466,34.01639]],[[-118.82448,34.01624],[-118.82448,34.01624]],[[-118.82429,34.01609],[-118.82429,34.01609]],[[-118.82411,34.01594],[-118.82411,34.01594]],[[-118.82393,34.01579],[-118.82393,34.01579]],[[-118.82375,34.01564],[-118.82375,34.01564]],[[-118.82357,34.01549],[-118.82357,34.01549]],[[-118.82339,34.01533],[-118.82339,34.01533]],[[-118.82321,34.01518],[-118.82321,34.01518]],[[-118.82302,34.01503],[-118.82302,34.01503]],[[-118.82284,34.01488],[-118.82284,34.01488]],[[-118.82266,34.01473],[-118.82266,34.01473]],[[-118.82248,34.01458],[-118.82248,34.01458]],[[-118.8223,34.01443],[-118.8223,34.01443]],[[-118.82212,34.01428],[-118.82212,34.01428]],[[-118.82194,34.01413],[-118.82194,34.01413]],[[-118.82175,34.01398],[-118.82175,34.01398]],[[-118.82157,34.01383],[-118.82157,34.01383]],[[-118.82139,34.01368],[-118.82139,34.01368]],[[-118.82121,34.01353],[-118.82121,34.01353]],[[-118.82103,34.01338],[-118.82103,34.01338]],[[-118.82085,34.01323],[-118.82085,34.01323]],[[-118.82067,34.01308],[-118.82067,34.01308]],[[-118.82048,34.01293],[-118.82048,34.01293]],[[-118.8203,34.01278],[-118.8203,34.01278]],[[-118.82012,34.01263],[-118.82012,34.01263]],[[-118.81994,34.01248],[-118.81994,34.01248]],[[-118.81976,34.01233],[-118.81976,34.01233]],[[-118.81958,34.01217],[-118.81958,34.01217]],[[-118.81939,34.01202],[-118.81939,34.01202]],[[-118.81921,34.01187],[-118.81921,34.01187]],[[-118.81903,34.01172],[-118.81903,34.01172]],[[-118.81885,34.01157],[-118.81885,34.01157]],[[-118.81867,34.01142],[-118.81867,34.01142]],[[-118.81849,34.01127],[-118.81849,34.01127]],[[-118.81831,34.01112],[-118.81831,34.01112]],[[-118.81812,34.01097],[-118.81812,34.01097]],[[-118.81794,34.01082],[-118.81794,34.01082]],[[-118.81776,34.01067],[-118.81776,34.01067]],[[-118.81758,34.01052],[-118.81758,34.01052]],[[-118.8174,34.01037],[-118.8174,34.01037]],[[-118.81722,34.01022],[-118.81722,34.01022]],[[-118.81704,34.00992],[-118.81704,34.00992]],[[-118.81685,34.00977],[-118.81685,34.00977]],[[-118.81667,34.00962],[-118.81667,34.00962]],[[-118.81649,34.00947],[-118.81649,34.00947]],[[-118.81631,34.00917],[-118.81631,34.00917]],[[-118.81613,34.00902],[-118.81613,34.00902]],[[-118.81595,34.00886],[-118.81595,34.00886]],[[-118.81577,34.00871],[-118.81577,34.00871]],[[-118.81558,34.00856],[-118.81558,34.00856]],[[-118.8154,34.00826],[-118.8154,34.00826]],[[-118.81522,34.00811],[-118.81522,34.00811]],[[-118.81504,34.00796],[-118.81504,34.00796]],[[-118.81486,34.00781],[-118.81486,34.00781]],[[-118.81468,34.00751],[-118.81468,34.00751]],[[-118.81449,34.00736],[-118.81449,34.00736]],[[-118.81431,34.00721],[-118.81431,34.00721]],[[-118.81413,34.00706],[-118.81413,34.00706]],[[-118.81395,34.00691],[-118.81395,34.00691]],[[-118.81377,34.00661],[-118.81377,34.00661]],[[-118.81359,34.00646],[-118.81359,34.00646]],[[-118.81341,34.00631],[-118.81341,34.00631]],[[-118.81322,34.00616],[-118.81322,34.00616]],[[-118.81304,34.00586],[-118.81304,34.00586]],[[-118.81286,34.0057],[-118.81286,34.0057]],[[-118.81268,34.00555],[-118.81268,34.00555]],[[-118.8125,34.0054],[-118.8125,34.0054]],[[-118.81232,34.00525],[-118.81232,34.00525]],[[-118.81214,34.00495],[-118.81214,34.00495]],[[-118.81195,34.0048],[-118.81195,34.0048]],[[-118.81177,34.00465],[-118.81177,34.00465]],[[-118.81159,34.0045],[-118.81159,34.0045]],[[-118.81141,34.0042],[-118.81141,34.0042]],[[-118.81123,34.00405],[-118.81123,34.00405]],[[-118.81105,34.0039],[-118.81105,34.0039]],[[-118.81087,34.00375],[-118.81087,34.00375]],[[-118.81068,34.0036],[-118.81068,34.0036]],[[-118.8105,34.0033],[-118.8105,34.0033]],[[-118.81032,34.00315],[-118.81032,34.00315]],[[-118.81014,34.003],[-118.81014,34.003]],[[-118.80996,34.00285],[-118.80996,34.00285]],[[-118.80978,34.00255],[-118.80978,34.00255]],[[-118.80959,34.00239],[-118.80959,34.00239]],[[-118.80941,34.00224],[-118.80941,34.00224]],[[-118.80923,34.00209],[-118.80923,34.00209]],[[-118.80905,34.00194],[-118.80905,34.00194]],[[-118.80887,34.00164],[-118.80887,34.00164]],[[-118.80851,34.00119],[-118.80851,34.00119]],[[-118.80796,34.00104],[-118.80796,34.00104]],[[-118.80778,34.00089],[-118.80778,34.00089]],[[-118.8076,34.00074],[-118.8076,34.00074]],[[-118.80724,34.00029],[-118.80724,34.00029]],[[-118.74353,33.98441],[-118.74444,33.98419],[-118.74535,33.98485],[-118.74571,33.98486],[-118.74807,33.98352],[-118.74952,33.98334],[-118.75065,33.98283],[-118.75382,33.98208],[-118.75696,33.98089],[-118.76132,33.97972],[-118.76295,33.97967],[-118.76441,33.97989],[-118.76785,33.97913],[-118.77185,33.97909],[-118.77511,33.97837],[-118.77675,33.97842],[-118.77792,33.97937],[-118.77856,33.97962],[-118.77965,33.97939],[-118.7811,33.97878],[-118.78201,33.9787],[-118.7831,33.97886],[-118.78401,33.97938],[-118.786,33.97921],[-118.788,33.97941],[-118.78945,33.98003],[-118.79145,33.97964],[-118.79326,33.97967],[-118.79417,33.98004],[-118.79453,33.98036],[-118.79494,33.98133],[-118.7952,33.98268],[-118.79666,33.98389],[-118.79667,33.98434],[-118.79637,33.98479],[-118.79649,33.9866],[-118.79707,33.98727],[-118.79798,33.98776],[-118.79908,33.9878],[-118.7996,33.98825],[-118.79961,33.98879],[-118.80034,33.9893],[-118.8007,33.98979],[-118.80161,33.98974],[-118.80288,33.99011],[-118.80433,33.98965],[-118.80499,33.99021],[-118.8056,33.99106],[-118.80687,33.99168],[-118.8076,33.99112],[-118.80814,33.99111],[-118.80923,33.99201],[-118.81072,33.99277],[-118.81214,33.9943],[-118.81213,33.99502],[-118.81355,33.99608],[-118.81392,33.99698],[-118.81431,33.99718],[-118.81468,33.99698],[-118.81444,33.99577],[-118.81492,33.99442],[-118.81437,33.99382],[-118.81472,33.99337],[-118.81462,33.99277],[-118.81431,33.99225],[-118.81395,33.99203],[-118.81286,33.99189],[-118.81261,33.99156],[-118.81268,33.99103],[-118.813,33.99051],[-118.81293,33.98961],[-118.81253,33.98795],[-118.81217,33.98735],[-118.8124,33.98645],[-118.81207,33.98509],[-118.81173,33.98449],[-118.81192,33.98314],[-118.81232,33.98258],[-118.81322,33.98265],[-118.815,33.98374],[-118.81794,33.98502],[-118.81903,33.98531],[-118.82012,33.98509],[-118.82103,33.98567],[-118.82175,33.98562],[-118.8223,33.98587],[-118.82321,33.98593],[-118.82375,33.98668],[-118.82429,33.98696],[-118.82593,33.98684],[-118.82615,33.98705],[-118.82642,33.9878],[-118.82702,33.98821],[-118.82738,33.98874],[-118.82774,33.9888],[-118.82883,33.98823],[-118.82919,33.98823],[-118.82992,33.98879],[-118.83047,33.98882]],[[-118.82194,33.98569],[-118.82194,33.98569]],[[-118.81449,33.98344],[-118.81449,33.98344]],[[-118.81377,33.98298],[-118.81377,33.98298]],[[-118.7566,33.98103],[-118.7566,33.98103]],[[-118.77275,33.97892],[-118.77275,33.97892]]]},"properties":{"depth_m":150}},{"type":"Feature","geometry":{"type":"MultiLineString","coordinates":[[[-118.83047,34.02045],[-118.82883,34.0194],[-118.82484,34.01639],[-118.82466,34.01639],[-118.81722,34.01022],[-118.81649,34.00932],[-118.81558,34.00856],[-118.81558,34.00841],[-118.81068,34.0036],[-118.80996,34.0027],[-118.80905,34.00194],[-118.80887,34.00134],[-118.80832,34.00104],[-118.80796,34.00104],[-118.8076,34.00074],[-118.8076,34.00044],[-118.80742,34.00029],[-118.80705,34.00014],[-118.80615,34.00014],[-118.80597,34.00029],[-118.80542,34.00029],[-118.80506,34.00059],[-118.80506,34.00089],[-118.80488,34.00104],[-118.80488,34.00255],[-118.80433,34.00345],[-118.80433,34.00375],[-118.80234,34.00555],[-118.80052,34.00631],[-118.79943,34.00646],[-118.79925,34.00661],[-118.7978,34.00661],[-118.79762,34.00676],[-118.79616,34.00676],[-118.79598,34.00691],[-118.79544,34.00691],[-118.79417,34.00766],[-118.79381,34.00841],[-118.79381,34.00917],[-118.79417,34.00992],[-118.79399,34.01082],[-118.79362,34.01127],[-118.79254,34.01202],[-118.79235,34.01293],[-118.79181,34.01398],[-118.79072,34.01503],[-118.79072,34.01579],[-118.79054,34.01609],[-118.788,34.01849],[-118.78764,34.0194],[-118.78564,34.0209],[-118.78528,34.0209],[-118.78401,34.0215],[-118.78364,34.0215],[-118.78201,34.02226],[-118.77856,34.02271],[-118.77529,34.02361],[-118.77475,34.02361],[-118.77348,34.02406],[-118.77094,34.02436],[-118.77003,34.02466],[-118.7684,34.02481],[-118.76731,34.02511],[-118.76332,34.02542],[-118.76313,34.02557],[-118.75987,34.02542],[-118.75969,34.02557],[-118.75624,34.02572],[-118.75533,34.02617],[-118.75533,34.02662],[-118.75461,34.02752],[-118.75442,34.02812],[-118.7537,34.02842],[-118.75225,34.02963],[-118.75134,34.02993],[-118.75061,34.03038],[-118.74934,34.03068],[-118.74789,34.03128],[-118.74698,34.03143],[-118.74553,34.03204]],[[-118.76132,34.02557],[-118.76132,34.02557]],[[-118.8301,34.0203],[-118.8301,34.0203]],[[-118.82992,34.02015],[-118.82992,34.02015]],[[-118.82974,34.02],[-118.82974,34.02]],[[-118.82956,34.01985],[-118.82956,34.01985]],[[-118.82938,34.0197],[-118.82938,34.0197]],[[-118.82919,34.01955],[-118.82919,34.01955]],[[-118.82883,34.0194],[-118.82883,34.0194]],[[-118.82865,34.01925],[-118.82865,34.01925]],[[-118.82847,34.0191],[-118.82847,34.0191]],[[-118.82829,34.01895],[-118.82829,34.01895]],[[-118.82811,34.0188],[-118.82811,34.0188]],[[-118.82792,34.01864],[-118.82792,34.01864]],[[-118.82774,34.01849],[-118.82774,34.01849]],[[-118.82738,34.01834],[-118.82738,34.01834]],[[-118.8272,34.01819],[-118.8272,34.01819]],[[-118.82702,34.01804],[-118.82702,34.01804]],[[-118.82684,34.01789],[-118.82684,34.01789]],[[-118.82665,34.01774],[-118.82665,34.01774]],[[-118.82647,34.01759],[-118.82647,34.01759]],[[-118.82629,34.01744],[-118.82629,34.01744]],[[-118.82593,34.01729],[-118.82593,34.01729]],[[-118.82575,34.01714],[-118.82575,34.01714]],[[-118.82557,34.01699],[-118.82557,34.01699]],[[-118.82538,34.01684],[-118.82538,34.01684]],[[-118.8252,34.01669],[-118.8252,34.01669]],[[-118.82502,34.01654],[-118.82502,34.01654]],[[-118.82466,34.01639],[-118.82466,34.01639]],[[-118.82448,34.01624],[-118.82448,34.01624]],[[-118.82429,34.01609],[-118.82429,34.01609]],[[-118.82411,34.01594],[-118.82411,34.01594]],[[-118.82393,34.01579],[-118.82393,34.01579]],[[-118.82375,34.01564],[-118.82375,34.01564]],[[-118.82357,34.01549],[-118.82357,34.01549]],[[-118.82339,34.01533],[-118.82339,34.01533]],[[-118.82321,34.01518],[-118.82321,34.01518]],[[-118.82302,34.01503],[-118.82302,34.01503]],[[-118.82284,34.01488],[-118.82284,34.01488]],[[-118.82266,34.01473],[-118.82266,34.01473]],[[-118.82248,34.01458],[-118.82248,34.01458]],[[-118.8223,34.01443],[-118.8223,34.01443]],[[-118.82212,34.01428],[-118.82212,34.01428]],[[-118.82194,34.01413],[-118.82194,34.01413]],[[-118.82175,34.01398],[-118.82175,34.01398]],[[-118.82157,34.01383],[-118.82157,34.01383]],[[-118.82139,34.01368],[-118.82139,34.01368]],[[-118.82121,34.01353],[-118.82121,34.01353]],[[-118.82103,34.01338],[-118.82103,34.01338]],[[-118.82085,34.01323],[-118.82085,34.01323]],[[-118.82067,34.01308],[-118.82067,34.01308]],[[-118.82048,34.01293],[-118.82048,34.01293]],[[-118.8203,34.01278],[-118.8203,34.01278]],[[-118.82012,34.01263],[-118.82012,34.01263]],[[-118.81994,34.01248],[-118.81994,34.01248]],[[-118.81976,34.01233],[-118.81976,34.01233]],[[-118.81958,34.01217],[-118.81958,34.01217]],[[-118.81939,34.01202],[-118.81939,34.01202]],[[-118.81921,34.01187],[-118.81921,34.01187]],[[-118.81903,34.01172],[-118.81903,34.01172]],[[-118.81885,34.01157],[-118.81885,34.01157]],[[-118.81867,34.01142],[-118.81867,34.01142]],[[-118.81849,34.01127],[-118.81849,34.01127]],[[-118.81831,34.01112],[-118.81831,34.01112]],[[-118.81812,34.01097],[-118.81812,34.01097]],[[-118.81794,34.01082],[-118.81794,34.01082]],[[-118.81776,34.01067],[-118.81776,34.01067]],[[-118.81758,34.01052],[-118.81758,34.01052]],[[-118.8174,34.01037],[-118.8174,34.01037]],[[-118.81722,34.01022],[-118.81722,34.01022]],[[-118.81704,34.00992],[-118.81704,34.00992]],[[-118.81685,34.00977],[-118.81685,34.00977]],[[-118.81667,34.00962],[-118.81667,34.00962]],[[-118.81649,34.00947],[-118.81649,34.00947]],[[-118.81631,34.00917],[-118.81631,34.00917]],[[-118.81613,34.00902],[-118.81613,34.00902]],[[-118.81595,34.00886],[-118.81595,34.00886]],[[-118.81577,34.00871],[-118.81577,34.00871]],[[-118.81558,34.00856],[-118.81558,34.00856]],[[-118.8154,34.00826],[-118.8154,34.00826]],[[-118.81522,34.00811],[-118.81522,34.00811]],[[-118.81504,34.00796],[-118.81504,34.00796]],[[-118.81486,34.00781],[-118.81486,34.00781]],[[-118.81468,34.00751],[-118.81468,34.00751]],[[-118.81449,34.00736],[-118.81449,34.00736]],[[-118.81431,34.00721],[-118.81431,34.00721]],[[-118.81413,34.00706],[-118.81413,34.00706]],[[-118.81395,34.00691],[-118.81395,34.00691]],[[-118.81377,34.00661],[-118.81377,34.00661]],[[-118.81359,34.00646],[-118.81359,34.00646]],[[-118.81341,34.00631],[-118.81341,34.00631]],[[-118.81322,34.00616],[-118.81322,34.00616]],[[-118.81304,34.00586],[-118.81304,34.00586]],[[-118.81286,34.0057],[-118.81286,34.0057]],[[-118.81268,34.00555],[-118.81268,34.00555]],[[-118.8125,34.0054],[-118.8125,34.0054]],[[-118.81232,34.00525],[-118.81232,34.00525]],[[-118.81214,34.00495],[-118.81214,34.00495]],[[-118.81195,34.0048],[-118.81195,34.0048]],[[-118.81177,34.00465],[-118.81177,34.00465]],[[-118.81159,34.0045],[-118.81159,34.0045]],[[-118.81141,34.0042],[-118.81141,34.0042]],[[-118.81123,34.00405],[-118.81123,34.00405]],[[-118.81105,34.0039],[-118.81105,34.0039]],[[-118.81087,34.00375],[-118.81087,34.00375]],[[-118.81068,34.0036],[-118.81068,34.0036]],[[-118.8105,34.0033],[-118.8105,34.0033]],[[-118.81032,34.00315],[-118.81032,34.00315]],[[-118.81014,34.003],[-118.81014,34.003]],[[-118.80996,34.00285],[-118.80996,34.00285]],[[-118.80978,34.00255],[-118.80978,34.00255]],[[-118.80959,34.00239],[-118.80959,34.00239]],[[-118.80941,34.00224],[-118.80941,34.00224]],[[-118.80923,34.00209],[-118.80923,34.00209]],[[-118.80905,34.00194],[-118.80905,34.00194]],[[-118.80887,34.00164],[-118.80887,34.00164]],[[-118.80851,34.00119],[-118.80851,34.00119]],[[-118.80796,34.00104],[-118.80796,34.00104]],[[-118.80778,34.00089],[-118.80778,34.00089]],[[-118.8076,34.00074],[-118.8076,34.00074]],[[-118.80724,34.00029],[-118.80724,34.00029]],[[-118.74353,33.98338],[-118.74462,33.98299],[-118.74499,33.9831],[-118.74571,33.98368],[-118.74608,33.98369],[-118.74779,33.98238],[-118.74862,33.98204],[-118.75043,33.98164],[-118.7537,33.98127],[-118.75588,33.98048],[-118.75842,33.98007],[-118.76023,33.9794],[-118.76241,33.97917],[-118.76441,33.97937],[-118.76785,33.97857],[-118.76949,33.97845],[-118.77203,33.97852],[-118.77366,33.97793],[-118.7762,33.97768],[-118.77711,33.97786],[-118.77838,33.9788],[-118.77874,33.9789],[-118.77933,33.97877],[-118.78056,33.97798],[-118.78219,33.97785],[-118.7831,33.97794],[-118.78437,33.9785],[-118.78618,33.97835],[-118.78872,33.97874],[-118.78981,33.97926],[-118.79108,33.9789],[-118.79235,33.97877],[-118.79526,33.9791],[-118.7955,33.97937],[-118.79534,33.98028],[-118.79556,33.98253],[-118.79732,33.98389],[-118.79732,33.98419],[-118.79684,33.98464],[-118.79669,33.98509],[-118.79682,33.98645],[-118.79711,33.9869],[-118.79798,33.98746],[-118.79889,33.98739],[-118.79943,33.98767],[-118.79993,33.9881],[-118.80003,33.98855],[-118.80106,33.98938],[-118.80288,33.98976],[-118.80433,33.98923],[-118.80537,33.99006],[-118.80556,33.99066],[-118.80651,33.99122],[-118.80687,33.99129],[-118.8076,33.99086],[-118.80814,33.99091],[-118.80954,33.99201],[-118.81087,33.99272],[-118.81299,33.99487],[-118.81294,33.99547],[-118.81377,33.9959],[-118.81431,33.99547],[-118.81457,33.99487],[-118.81398,33.99397],[-118.81399,33.99367],[-118.81441,33.99322],[-118.81438,33.99292],[-118.81429,33.99261],[-118.81395,33.99236],[-118.81268,33.99207],[-118.81211,33.99126],[-118.81259,33.99051],[-118.81259,33.98961],[-118.81235,33.9881],[-118.81179,33.98735],[-118.81202,33.98645],[-118.8115,33.98569],[-118.81146,33.98524],[-118.81116,33.98479],[-118.81101,33.98283],[-118.81075,33.98208],[-118.81123,33.98163],[-118.81232,33.98138],[-118.81381,33.98178],[-118.81522,33.98263],[-118.81577,33.98271],[-118.81635,33.98344],[-118.81776,33.98427],[-118.81921,33.98461],[-118.82048,33.98439],[-118.82121,33.98505],[-118.82194,33.98506],[-118.82248,33.98527],[-118.82375,33.985],[-118.82402,33.98524],[-118.82416,33.98599],[-118.82448,33.98632],[-118.82502,33.98632],[-118.82611,33.98594],[-118.82647,33.98598],[-118.82686,33.9863],[-118.82691,33.98735],[-118.82774,33.98801],[-118.82811,33.98806],[-118.82919,33.98758],[-118.8301,33.98806],[-118.83047,33.98803]],[[-118.81431,33.99547],[-118.81431,33.99547]],[[-118.81685,33.98374],[-118.81685,33.98374]],[[-118.81504,33.98253],[-118.81504,33.98253]],[[-118.74807,33.98223],[-118.74807,33.98223]],[[-118.81413,33.98193],[-118.81413,33.98193]],[[-118.81286,33.98148],[-118.81286,33.98148]],[[-118.75696,33.98028],[-118.75696,33.98028]]]},"properties":{"depth_m":175}},{"type":"Feature","geometry":{"type":"MultiLineString","coordinates":[[[-118.83047,34.02045],[-118.82883,34.0194],[-118.82484,34.01639],[-118.82466,34.01639],[-118.81722,34.01022],[-118.81649,34.00932],[-118.81558,34.00856],[-118.81558,34.00841],[-118.81232,34.00525],[-118.81159,34.00435],[-118.81068,34.0036],[-118.80996,34.0027],[-118.80905,34.00194],[-118.80887,34.00134],[-118.80832,34.00104],[-118.80796,34.00104],[-118.8076,34.00074],[-118.8076,34.00044],[-118.80742,34.00029],[-118.80705,34.00014],[-118.80615,34.00014],[-118.80597,34.00029],[-118.80542,34.00029],[-118.80506,34.00059],[-118.80506,34.00089],[-118.80488,34.00104],[-118.80488,34.00255],[-118.80433,34.00345],[-118.80433,34.00375],[-118.80234,34.00555],[-118.80052,34.00631],[-118.79943,34.00646],[-118.79925,34.00661],[-118.7978,34.00661],[-118.79762,34.00676],[-118.79616,34.00676],[-118.79598,34.00691],[-118.79544,34.00691],[-118.79417,34.00766],[-118.79381,34.00841],[-118.79381,34.00917],[-118.79417,34.00992],[-118.79399,34.01082],[-118.79362,34.01127],[-118.79254,34.01202],[-118.79235,34.01293],[-118.79181,34.01398],[-118.79072,34.01503],[-118.79072,34.01579],[-118.79054,34.01609],[-118.788,34.01849],[-118.78764,34.0194],[-118.78564,34.0209],[-118.78528,34.0209],[-118.78401,34.0215],[-118.78364,34.0215],[-118.78201,34.02226],[-118.77856,34.02271],[-118.77529,34.02361],[-118.77475,34.02361],[-118.77348,34.02406],[-118.77094,34.02436],[-118.77003,34.02466],[-118.7684,34.02481],[-118.76731,34.02511],[-118.76332,34.02542],[-118.76313,34.02557],[-118.75987,34.02542],[-118.75969,34.02557],[-118.75624,34.02572],[-118.75533,34.02617],[-118.75533,34.02662],[-118.75461,34.02752],[-118.75442,34.02812],[-118.7537,34.02842],[-118.75225,34.02963],[-118.75134,34.02993],[-118.75061,34.03038],[-118.74934,34.03068],[-118.74789,34.03128],[-118.74698,34.03143],[-118.74553,34.03204]],[[-118.76132,34.02557],[-118.76132,34.02557]],[[-118.8301,34.0203],[-118.8301,34.0203]],[[-118.82992,34.02015],[-118.82992,34.02015]],[[-118.82974,34.02],[-118.82974,34.02]],[[-118.82956,34.01985],[-118.82956,34.01985]],[[-118.82938,34.0197],[-118.82938,34.0197]],[[-118.82919,34.01955],[-118.82919,34.01955]],[[-118.82883,34.0194],[-118.82883,34.0194]],[[-118.82865,34.01925],[-118.82865,34.01925]],[[-118.82847,34.0191],[-118.82847,34.0191]],[[-118.82829,34.01895],[-118.82829,34.01895]],[[-118.82811,34.0188],[-118.82811,34.0188]],[[-118.82792,34.01864],[-118.82792,34.01864]],[[-118.82774,34.01849],[-118.82774,34.01849]],[[-118.82738,34.01834],[-118.82738,34.01834]],[[-118.8272,34.01819],[-118.8272,34.01819]],[[-118.82702,34.01804],[-118.82702,34.01804]],[[-118.82684,34.01789],[-118.82684,34.01789]],[[-118.82665,34.01774],[-118.82665,34.01774]],[[-118.82647,34.01759],[-118.82647,34.01759]],[[-118.82629,34.01744],[-118.82629,34.01744]],[[-118.82593,34.01729],[-118.82593,34.01729]],[[-118.82575,34.01714],[-118.82575,34.01714]],[[-118.82557,34.01699],[-118.82557,34.01699]],[[-118.82538,34.01684],[-118.82538,34.01684]],[[-118.8252,34.01669],[-118.8252,34.01669]],[[-118.82502,34.01654],[-118.82502,34.01654]],[[-118.82466,34.01639],[-118.82466,34.01639]],[[-118.82448,34.01624],[-118.82448,34.01624]],[[-118.82429,34.01609],[-118.82429,34.01609]],[[-118.82411,34.01594],[-118.82411,34.01594]],[[-118.82393,34.01579],[-118.82393,34.01579]],[[-118.82375,34.01564],[-118.82375,34.01564]],[[-118.82357,34.01549],[-118.82357,34.01549]],[[-118.82339,34.01533],[-118.82339,34.01533]],[[-118.82321,34.01518],[-118.82321,34.01518]],[[-118.82302,34.01503],[-118.82302,34.01503]],[[-118.82284,34.01488],[-118.82284,34.01488]],[[-118.82266,34.01473],[-118.82266,34.01473]],[[-118.82248,34.01458],[-118.82248,34.01458]],[[-118.8223,34.01443],[-118.8223,34.01443]],[[-118.82212,34.01428],[-118.82212,34.01428]],[[-118.82194,34.01413],[-118.82194,34.01413]],[[-118.82175,34.01398],[-118.82175,34.01398]],[[-118.82157,34.01383],[-118.82157,34.01383]],[[-118.82139,34.01368],[-118.82139,34.01368]],[[-118.82121,34.01353],[-118.82121,34.01353]],[[-118.82103,34.01338],[-118.82103,34.01338]],[[-118.82085,34.01323],[-118.82085,34.01323]],[[-118.82067,34.01308],[-118.82067,34.01308]],[[-118.82048,34.01293],[-118.82048,34.01293]],[[-118.8203,34.01278],[-118.8203,34.01278]],[[-118.82012,34.01263],[-118.82012,34.01263]],[[-118.81994,34.01248],[-118.81994,34.01248]],[[-118.81976,34.01233],[-118.81976,34.01233]],[[-118.81958,34.01217],[-118.81958,34.01217]],[[-118.81939,34.01202],[-118.81939,34.01202]],[[-118.81921,34.01187],[-118.81921,34.01187]],[[-118.81903,34.01172],[-118.81903,34.01172]],[[-118.81885,34.01157],[-118.81885,34.01157]],[[-118.81867,34.01142],[-118.81867,34.01142]],[[-118.81849,34.01127],[-118.81849,34.01127]],[[-118.81831,34.01112],[-118.81831,34.01112]],[[-118.81812,34.01097],[-118.81812,34.01097]],[[-118.81794,34.01082],[-118.81794,34.01082]],[[-118.81776,34.01067],[-118.81776,34.01067]],[[-118.81758,34.01052],[-118.81758,34.01052]],[[-118.8174,34.01037],[-118.8174,34.01037]],[[-118.81722,34.01022],[-118.81722,34.01022]],[[-118.81704,34.00992],[-118.81704,34.00992]],[[-118.81685,34.00977],[-118.81685,34.00977]],[[-118.81667,34.00962],[-118.81667,34.00962]],[[-118.81649,34.00947],[-118.81649,34.00947]],[[-118.81631,34.00917],[-118.81631,34.00917]],[[-118.81613,34.00902],[-118.81613,34.00902]],[[-118.81595,34.00886],[-118.81595,34.00886]],[[-118.81577,34.00871],[-118.81577,34.00871]],[[-118.81558,34.00856],[-118.81558,34.00856]],[[-118.8154,34.00826],[-118.8154,34.00826]],[[-118.81522,34.00811],[-118.81522,34.00811]],[[-118.81504,34.00796],[-118.81504,34.00796]],[[-118.81486,34.00781],[-118.81486,34.00781]],[[-118.81468,34.00751],[-118.81468,34.00751]],[[-118.81449,34.00736],[-118.81449,34.00736]],[[-118.81431,34.00721],[-118.81431,34.00721]],[[-118.81413,34.00706],[-118.81413,34.00706]],[[-118.81395,34.00691],[-118.81395,34.00691]],[[-118.81377,34.00661],[-118.81377,34.00661]],[[-118.81359,34.00646],[-118.81359,34.00646]],[[-118.81341,34.00631],[-118.81341,34.00631]],[[-118.81322,34.00616],[-118.81322,34.00616]],[[-118.81304,34.00586],[-118.81304,34.00586]],[[-118.81286,34.0057],[-118.81286,34.0057]],[[-118.81268,34.00555],[-118.81268,34.00555]],[[-118.8125,34.0054],[-118.8125,34.0054]],[[-118.81232,34.00525],[-118.81232,34.00525]],[[-118.81214,34.00495],[-118.81214,34.00495]],[[-118.81195,34.0048],[-118.81195,34.0048]],[[-118.81177,34.00465],[-118.81177,34.00465]],[[-118.81159,34.0045],[-118.81159,34.0045]],[[-118.81141,34.0042],[-118.81141,34.0042]],[[-118.81123,34.00405],[-118.81123,34.00405]],[[-118.81105,34.0039],[-118.81105,34.0039]],[[-118.81087,34.00375],[-118.81087,34.00375]],[[-118.81068,34.0036],[-118.81068,34.0036]],[[-118.8105,34.0033],[-118.8105,34.0033]],[[-118.81032,34.00315],[-118.81032,34.00315]],[[-118.81014,34.003],[-118.81014,34.003]],[[-118.80996,34.00285],[-118.80996,34.00285]],[[-118.80978,34.00255],[-118.80978,34.00255]],[[-118.80959,34.00239],[-118.80959,34.00239]],[[-118.80941,34.00224],[-118.80941,34.00224]],[[-118.80923,34.00209],[-118.80923,34.00209]],[[-118.80905,34.00194],[-118.80905,34.00194]],[[-118.80887,34.00164],[-118.80887,34.00164]],[[-118.80851,34.00119],[-118.80851,34.00119]],[[-118.80796,34.00104],[-118.80796,34.00104]],[[-118.80778,34.00089],[-118.80778,34.00089]],[[-118.8076,34.00074],[-118.8076,34.00074]],[[-118.80724,34.00029],[-118.80724,34.00029]],[[-118.74353,33.98241],[-118.74426,33.982],[-118.74499,33.98194],[-118.74608,33.98257],[-118.74668,33.98208],[-118.74735,33.98104],[-118.74771,33.98077],[-118.74843,33.9806],[-118.74989,33.98045],[-118.7537,33.98054],[-118.75588,33.97989],[-118.75787,33.97968],[-118.75945,33.97907],[-118.76078,33.9788],[-118.76259,33.97865],[-118.76441,33.97886],[-118.76731,33.97805],[-118.76967,33.97782],[-118.77203,33.97792],[-118.77348,33.97736],[-118.7762,33.97705],[-118.77711,33.97719],[-118.77874,33.97808],[-118.77911,33.97805],[-118.78038,33.97734],[-118.78274,33.97705],[-118.78346,33.97717],[-118.78439,33.97772],[-118.786,33.97754],[-118.78764,33.97785],[-118.78909,33.97785],[-118.78999,33.97842],[-118.79235,33.97787],[-118.79562,33.97823],[-118.79616,33.97849],[-118.79635,33.97892],[-118.79583,33.98013],[-118.7958,33.98212],[-118.79653,33.98291],[-118.79795,33.98389],[-118.79785,33.98419],[-118.79702,33.98509],[-118.79717,33.98614],[-118.79754,33.98675],[-118.79816,33.98714],[-118.79925,33.98722],[-118.79998,33.9877],[-118.80039,33.98825],[-118.80106,33.98859],[-118.80145,33.98915],[-118.80179,33.98929],[-118.80306,33.98936],[-118.80397,33.98892],[-118.80455,33.98885],[-118.80567,33.98991],[-118.80604,33.99066],[-118.80669,33.99092],[-118.8076,33.99061],[-118.80814,33.99066],[-118.80959,33.99186],[-118.81068,33.99238],[-118.81177,33.99345],[-118.81267,33.99382],[-118.81304,33.99428],[-118.81341,33.99446],[-118.81359,33.99442],[-118.81365,33.99367],[-118.81401,33.99322],[-118.81402,33.99292],[-118.81377,33.99261],[-118.81255,33.99231],[-118.81168,33.99126],[-118.81223,33.99021],[-118.81206,33.98825],[-118.81138,33.98735],[-118.81145,33.98645],[-118.81078,33.98584],[-118.81087,33.98524],[-118.81075,33.98464],[-118.8105,33.98408],[-118.81008,33.98374],[-118.8101,33.98314],[-118.80937,33.98253],[-118.80996,33.9817],[-118.81123,33.98061],[-118.8125,33.98033],[-118.81449,33.98079],[-118.81504,33.98076],[-118.81577,33.9818],[-118.81653,33.98208],[-118.81684,33.98238],[-118.81699,33.98283],[-118.81812,33.9836],[-118.81939,33.98382],[-118.82048,33.98322],[-118.82085,33.98322],[-118.82139,33.98422],[-118.82266,33.98461],[-118.82321,33.98447],[-118.82393,33.98388],[-118.82429,33.98389],[-118.82454,33.98419],[-118.82484,33.98553],[-118.8252,33.98565],[-118.82629,33.98513],[-118.82684,33.98517],[-118.82748,33.98599],[-118.82754,33.9869],[-118.82811,33.98732],[-118.82919,33.98693],[-118.82956,33.98693],[-118.8301,33.98725],[-118.83047,33.98713]],[[-118.82792,33.9872],[-118.82792,33.9872]],[[-118.82738,33.98584],[-118.82738,33.98584]],[[-118.81087,33.98554],[-118.81087,33.98554]],[[-118.82248,33.98449],[-118.82248,33.98449]],[[-118.82448,33.98404],[-118.82448,33.98404]],[[-118.82121,33.98404],[-118.82121,33.98404]],[[-118.82429,33.98389],[-118.82429,33.98389]],[[-118.81068,33.98103],[-118.81068,33.98103]]]},"properties":{"depth_m":200}},{"type":"Feature","geometry":{"type":"MultiLineString","coordinates":[[[-118.83047,34.02045],[-118.82883,34.0194],[-118.82484,34.01639],[-118.82466,34.01639],[-118.81722,34.01022],[-118.81649,34.00932],[-118.81558,34.00856],[-118.81558,34.00841],[-118.81232,34.00525],[-118.81159,34.00435],[-118.81068,34.0036],[-118.80996,34.0027],[-118.80905,34.00194],[-118.80887,34.00134],[-118.80832,34.00104],[-118.80796,34.00104],[-118.8076,34.00074],[-118.8076,34.00044],[-118.80742,34.00029],[-118.80705,34.00014],[-118.80615,34.00014],[-118.80597,34.00029],[-118.80542,34.00029],[-118.80506,34.00059],[-118.80506,34.00089],[-118.80488,34.00104],[-118.80488,34.00255],[-118.80433,34.00345],[-118.80433,34.00375],[-118.80234,34.00555],[-118.80052,34.00631],[-118.79943,34.00646],[-118.79925,34.00661],[-118.7978,34.00661],[-118.79762,34.00676],[-118.79616,34.00676],[-118.79598,34.00691],[-118.79544,34.00691],[-118.79417,34.00766],[-118.79381,34.00841],[-118.79381,34.00917],[-118.79417,34.00992],[-118.79399,34.01082],[-118.79362,34.01127],[-118.79254,34.01202],[-118.79235,34.01293],[-118.79181,34.01398],[-118.79072,34.01503],[-118.79072,34.01579],[-118.79054,34.01609],[-118.788,34.01849],[-118.78764,34.0194],[-118.78564,34.0209],[-118.78528,34.0209],[-118.78401,34.0215],[-118.78364,34.0215],[-118.78201,34.02226],[-118.77856,34.02271],[-118.77529,34.02361],[-118.77475,34.02361],[-118.77348,34.02406],[-118.77094,34.02436],[-118.77003,34.02466],[-118.7684,34.02481],[-118.76731,34.02511],[-118.76332,34.02542],[-118.76313,34.02557],[-118.75987,34.02542],[-118.75969,34.02557],[-118.75624,34.02572],[-118.75533,34.02617],[-118.75533,34.02662],[-118.75479,34.02722],[-118.75442,34.02812],[-118.7537,34.02842],[-118.75225,34.02963],[-118.75134,34.02993],[-118.75061,34.03038],[-118.74934,34.03068],[-118.74789,34.03128],[-118.74698,34.03143],[-118.74553,34.03204]],[[-118.76132,34.02557],[-118.76132,34.02557]],[[-118.8301,34.0203],[-118.8301,34.0203]],[[-118.82992,34.02015],[-118.82992,34.02015]],[[-118.82974,34.02],[-118.82974,34.02]],[[-118.82956,34.01985],[-118.82956,34.01985]],[[-118.82938,34.0197],[-118.82938,34.0197]],[[-118.82919,34.01955],[-118.82919,34.01955]],[[-118.82883,34.0194],[-118.82883,34.0194]],[[-118.82865,34.01925],[-118.82865,34.01925]],[[-118.82847,34.0191],[-118.82847,34.0191]],[[-118.82829,34.01895],[-118.82829,34.01895]],[[-118.82811,34.0188],[-118.82811,34.0188]],[[-118.82792,34.01864],[-118.82792,34.01864]],[[-118.82774,34.01849],[-118.82774,34.01849]],[[-118.82738,34.01834],[-118.82738,34.01834]],[[-118.8272,34.01819],[-118.8272,34.01819]],[[-118.82702,34.01804],[-118.82702,34.01804]],[[-118.82684,34.01789],[-118.82684,34.01789]],[[-118.82665,34.01774],[-118.82665,34.01774]],[[-118.82647,34.01759],[-118.82647,34.01759]],[[-118.82629,34.01744],[-118.82629,34.01744]],[[-118.82593,34.01729],[-118.82593,34.01729]],[[-118.82575,34.01714],[-118.82575,34.01714]],[[-118.82557,34.01699],[-118.82557,34.01699]],[[-118.82538,34.01684],[-118.82538,34.01684]],[[-118.8252,34.01669],[-118.8252,34.01669]],[[-118.82502,34.01654],[-118.82502,34.01654]],[[-118.82466,34.01639],[-118.82466,34.01639]],[[-118.82448,34.01624],[-118.82448,34.01624]],[[-118.82429,34.01609],[-118.82429,34.01609]],[[-118.82411,34.01594],[-118.82411,34.01594]],[[-118.82393,34.01579],[-118.82393,34.01579]],[[-118.82375,34.01564],[-118.82375,34.01564]],[[-118.82357,34.01549],[-118.82357,34.01549]],[[-118.82339,34.01533],[-118.82339,34.01533]],[[-118.82321,34.01518],[-118.82321,34.01518]],[[-118.82302,34.01503],[-118.82302,34.01503]],[[-118.82284,34.01488],[-118.82284,34.01488]],[[-118.82266,34.01473],[-118.82266,34.01473]],[[-118.82248,34.01458],[-118.82248,34.01458]],[[-118.8223,34.01443],[-118.8223,34.01443]],[[-118.82212,34.01428],[-118.82212,34.01428]],[[-118.82194,34.01413],[-118.82194,34.01413]],[[-118.82175,34.01398],[-118.82175,34.01398]],[[-118.82157,34.01383],[-118.82157,34.01383]],[[-118.82139,34.01368],[-118.82139,34.01368]],[[-118.82121,34.01353],[-118.82121,34.01353]],[[-118.82103,34.01338],[-118.82103,34.01338]],[[-118.82085,34.01323],[-118.82085,34.01323]],[[-118.82067,34.01308],[-118.82067,34.01308]],[[-118.82048,34.01293],[-118.82048,34.01293]],[[-118.8203,34.01278],[-118.8203,34.01278]],[[-118.82012,34.01263],[-118.82012,34.01263]],[[-118.81994,34.01248],[-118.81994,34.01248]],[[-118.81976,34.01233],[-118.81976,34.01233]],[[-118.81958,34.01217],[-118.81958,34.01217]],[[-118.81939,34.01202],[-118.81939,34.01202]],[[-118.81921,34.01187],[-118.81921,34.01187]],[[-118.81903,34.01172],[-118.81903,34.01172]],[[-118.81885,34.01157],[-118.81885,34.01157]],[[-118.81867,34.01142],[-118.81867,34.01142]],[[-118.81849,34.01127],[-118.81849,34.01127]],[[-118.81831,34.01112],[-118.81831,34.01112]],[[-118.81812,34.01097],[-118.81812,34.01097]],[[-118.81794,34.01082],[-118.81794,34.01082]],[[-118.81776,34.01067],[-118.81776,34.01067]],[[-118.81758,34.01052],[-118.81758,34.01052]],[[-118.8174,34.01037],[-118.8174,34.01037]],[[-118.81722,34.01022],[-118.81722,34.01022]],[[-118.81704,34.00992],[-118.81704,34.00992]],[[-118.81685,34.00977],[-118.81685,34.00977]],[[-118.81667,34.00962],[-118.81667,34.00962]],[[-118.81649,34.00947],[-118.81649,34.00947]],[[-118.81631,34.00917],[-118.81631,34.00917]],[[-118.81613,34.00902],[-118.81613,34.00902]],[[-118.81595,34.00886],[-118.81595,34.00886]],[[-118.81577,34.00871],[-118.81577,34.00871]],[[-118.81558,34.00856],[-118.81558,34.00856]],[[-118.8154,34.00826],[-118.8154,34.00826]],[[-118.81522,34.00811],[-118.81522,34.00811]],[[-118.81504,34.00796],[-118.81504,34.00796]],[[-118.81486,34.00781],[-118.81486,34.00781]],[[-118.81468,34.00751],[-118.81468,34.00751]],[[-118.81449,34.00736],[-118.81449,34.00736]],[[-118.81431,34.00721],[-118.81431,34.00721]],[[-118.81413,34.00706],[-118.81413,34.00706]],[[-118.81395,34.00691],[-118.81395,34.00691]],[[-118.81377,34.00661],[-118.81377,34.00661]],[[-118.81359,34.00646],[-118.81359,34.00646]],[[-118.81341,34.00631],[-118.81341,34.00631]],[[-118.81322,34.00616],[-118.81322,34.00616]],[[-118.81304,34.00586],[-118.81304,34.00586]],[[-118.81286,34.0057],[-118.81286,34.0057]],[[-118.81268,34.00555],[-118.81268,34.00555]],[[-118.8125,34.0054],[-118.8125,34.0054]],[[-118.81232,34.00525],[-118.81232,34.00525]],[[-118.81214,34.00495],[-118.81214,34.00495]],[[-118.81195,34.0048],[-118.81195,34.0048]],[[-118.81177,34.00465],[-118.81177,34.00465]],[[-118.81159,34.0045],[-118.81159,34.0045]],[[-118.81141,34.0042],[-118.81141,34.0042]],[[-118.81123,34.00405],[-118.81123,34.00405]],[[-118.81105,34.0039],[-118.81105,34.0039]],[[-118.81087,34.00375],[-118.81087,34.00375]],[[-118.81068,34.0036],[-118.81068,34.0036]],[[-118.8105,34.0033],[-118.8105,34.0033]],[[-118.81032,34.00315],[-118.81032,34.00315]],[[-118.81014,34.003],[-118.81014,34.003]],[[-118.80996,34.00285],[-118.80996,34.00285]],[[-118.80978,34.00255],[-118.80978,34.00255]],[[-118.80959,34.00239],[-118.80959,34.00239]],[[-118.80941,34.00224],[-118.80941,34.00224]],[[-118.80923,34.00209],[-118.80923,34.00209]],[[-118.80905,34.00194],[-118.80905,34.00194]],[[-118.80887,34.00164],[-118.80887,34.00164]],[[-118.80851,34.00119],[-118.80851,34.00119]],[[-118.80796,34.00104],[-118.80796,34.00104]],[[-118.80778,34.00089],[-118.80778,34.00089]],[[-118.8076,34.00074],[-118.8076,34.00074]],[[-118.80724,34.00029],[-118.80724,34.00029]],[[-118.74353,33.98148],[-118.74408,33.98116],[-118.74593,33.98103],[-118.74618,33.98073],[-118.74624,33.97983],[-118.74661,33.97952],[-118.74698,33.97945],[-118.74971,33.97938],[-118.75152,33.9799],[-118.75261,33.98],[-118.75352,33.97984],[-118.75406,33.97952],[-118.75533,33.97915],[-118.75742,33.97922],[-118.75911,33.97847],[-118.76023,33.97824],[-118.76259,33.97801],[-118.76441,33.97826],[-118.76622,33.97757],[-118.76731,33.97734],[-118.76967,33.97712],[-118.77203,33.97729],[-118.77348,33.97662],[-118.77548,33.97641],[-118.77656,33.97636],[-118.77747,33.97651],[-118.77874,33.97727],[-118.78056,33.9765],[-118.78292,33.97626],[-118.78356,33.97636],[-118.78455,33.97699],[-118.78618,33.97677],[-118.78691,33.9768],[-118.788,33.97716],[-118.78927,33.97698],[-118.79018,33.97761],[-118.79235,33.977],[-118.79417,33.97734],[-118.79598,33.97746],[-118.79653,33.97763],[-118.79692,33.97802],[-118.79684,33.97937],[-118.79627,33.98013],[-118.79627,33.98208],[-118.79689,33.98275],[-118.79852,33.98374],[-118.79842,33.98419],[-118.7975,33.98509],[-118.79758,33.98599],[-118.79783,33.98645],[-118.79834,33.98677],[-118.79925,33.98684],[-118.80052,33.98795],[-118.80131,33.98825],[-118.80197,33.98891],[-118.80306,33.989],[-118.80469,33.98863],[-118.80597,33.9898],[-118.80633,33.9904],[-118.80814,33.99046],[-118.80959,33.9917],[-118.81072,33.99216],[-118.81141,33.99291],[-118.81232,33.99331],[-118.81327,33.99292],[-118.8125,33.99261],[-118.8114,33.99156],[-118.81142,33.99096],[-118.81175,33.99021],[-118.81172,33.9884],[-118.81097,33.9875],[-118.81097,33.9866],[-118.81025,33.98584],[-118.81043,33.98524],[-118.81032,33.98464],[-118.80942,33.98389],[-118.80923,33.9835],[-118.80842,33.98298],[-118.80905,33.98195],[-118.81068,33.98023],[-118.81177,33.97965],[-118.81304,33.97941],[-118.81413,33.97966],[-118.81486,33.97965],[-118.81649,33.9812],[-118.8174,33.98111],[-118.81769,33.98133],[-118.81778,33.98238],[-118.81849,33.98281],[-118.81903,33.98281],[-118.81958,33.98302],[-118.82085,33.98202],[-118.82121,33.98205],[-118.82157,33.98245],[-118.82178,33.98344],[-118.82302,33.98384],[-118.82393,33.98294],[-118.82466,33.98276],[-118.82502,33.98323],[-118.82525,33.98464],[-118.82556,33.98494],[-118.82702,33.98424],[-118.82738,33.98446],[-118.82795,33.98554],[-118.82823,33.98645],[-118.82847,33.98664],[-118.82938,33.98624],[-118.8301,33.98644],[-118.83047,33.98626]],[[-118.81776,33.98148],[-118.81776,33.98148]],[[-118.81613,33.98088],[-118.81613,33.98088]]]},"properties":{"depth_m":225}},{"type":"Feature","geometry":{"type":"MultiLineString","coordinates":[[[-118.83047,34.02045],[-118.82883,34.0194],[-118.82484,34.01639],[-118.82466,34.01639],[-118.81722,34.01022],[-118.81649,34.00932],[-118.81558,34.00856],[-118.81558,34.00841],[-118.81068,34.0036],[-118.80996,34.0027],[-118.80905,34.00194],[-118.80887,34.00134],[-118.80832,34.00104],[-118.80796,34.00104],[-118.8076,34.00074],[-118.8076,34.00044],[-118.80742,34.00029],[-118.80705,34.00014],[-118.80615,34.00014],[-118.80597,34.00029],[-118.80542,34.00029],[-118.80506,34.00059],[-118.80506,34.00089],[-118.80488,34.00104],[-118.80488,34.00255],[-118.80433,34.00345],[-118.80433,34.00375],[-118.80234,34.00555],[-118.80052,34.00631],[-118.79943,34.00646],[-118.79925,34.00661],[-118.7978,34.00661],[-118.79762,34.00676],[-118.79616,34.00676],[-118.79598,34.00691],[-118.79544,34.00691],[-118.79417,34.00766],[-118.79381,34.00841],[-118.79381,34.00917],[-118.79417,34.00992],[-118.79399,34.01082],[-118.79362,34.01127],[-118.79254,34.01202],[-118.79235,34.01293],[-118.79181,34.01398],[-118.79072,34.01503],[-118.79072,34.01579],[-118.79054,34.01609],[-118.788,34.01849],[-118.78764,34.0194],[-118.78564,34.0209],[-118.78528,34.0209],[-118.78401,34.0215],[-118.78364,34.0215],[-118.78201,34.02226],[-118.77856,34.02271],[-118.77529,34.02361],[-118.77475,34.02361],[-118.77348,34.02406],[-118.77094,34.02436],[-118.77003,34.02466],[-118.7684,34.02481],[-118.76731,34.02511],[-118.76332,34.02542],[-118.76313,34.02557],[-118.75987,34.02542],[-118.75969,34.02557],[-118.75624,34.02572],[-118.75533,34.02617],[-118.75533,34.02662],[-118.75461,34.02752],[-118.75442,34.02812],[-118.7537,34.02842],[-118.75225,34.02963],[-118.75134,34.02993],[-118.75061,34.03038],[-118.74934,34.03068],[-118.74789,34.03128],[-118.74698,34.03143],[-118.74553,34.03204]],[[-118.76132,34.02557],[-118.76132,34.02557]],[[-118.8301,34.0203],[-118.8301,34.0203]],[[-118.82992,34.02015],[-118.82992,34.02015]],[[-118.82974,34.02],[-118.82974,34.02]],[[-118.82956,34.01985],[-118.82956,34.01985]],[[-118.82938,34.0197],[-118.82938,34.0197]],[[-118.82919,34.01955],[-118.82919,34.01955]],[[-118.82883,34.0194],[-118.82883,34.0194]],[[-118.82865,34.01925],[-118.82865,34.01925]],[[-118.82847,34.0191],[-118.82847,34.0191]],[[-118.82829,34.01895],[-118.82829,34.01895]],[[-118.82811,34.0188],[-118.82811,34.0188]],[[-118.82792,34.01864],[-118.82792,34.01864]],[[-118.82774,34.01849],[-118.82774,34.01849]],[[-118.82738,34.01834],[-118.82738,34.01834]],[[-118.8272,34.01819],[-118.8272,34.01819]],[[-118.82702,34.01804],[-118.82702,34.01804]],[[-118.82684,34.01789],[-118.82684,34.01789]],[[-118.82665,34.01774],[-118.82665,34.01774]],[[-118.82647,34.01759],[-118.82647,34.01759]],[[-118.82629,34.01744],[-118.82629,34.01744]],[[-118.82593,34.01729],[-118.82593,34.01729]],[[-118.82575,34.01714],[-118.82575,34.01714]],[[-118.82557,34.01699],[-118.82557,34.01699]],[[-118.82538,34.01684],[-118.82538,34.01684]],[[-118.8252,34.01669],[-118.8252,34.01669]],[[-118.82502,34.01654],[-118.82502,34.01654]],[[-118.82466,34.01639],[-118.82466,34.01639]],[[-118.82448,34.01624],[-118.82448,34.01624]],[[-118.82429,34.01609],[-118.82429,34.01609]],[[-118.82411,34.01594],[-118.82411,34.01594]],[[-118.82393,34.01579],[-118.82393,34.01579]],[[-118.82375,34.01564],[-118.82375,34.01564]],[[-118.82357,34.01549],[-118.82357,34.01549]],[[-118.82339,34.01533],[-118.82339,34.01533]],[[-118.82321,34.01518],[-118.82321,34.01518]],[[-118.82302,34.01503],[-118.82302,34.01503]],[[-118.82284,34.01488],[-118.82284,34.01488]],[[-118.82266,34.01473],[-118.82266,34.01473]],[[-118.82248,34.01458],[-118.82248,34.01458]],[[-118.8223,34.01443],[-118.8223,34.01443]],[[-118.82212,34.01428],[-118.82212,34.01428]],[[-118.82194,34.01413],[-118.82194,34.01413]],[[-118.82175,34.01398],[-118.82175,34.01398]],[[-118.82157,34.01383],[-118.82157,34.01383]],[[-118.82139,34.01368],[-118.82139,34.01368]],[[-118.82121,34.01353],[-118.82121,34.01353]],[[-118.82103,34.01338],[-118.82103,34.01338]],[[-118.82085,34.01323],[-118.82085,34.01323]],[[-118.82067,34.01308],[-118.82067,34.01308]],[[-118.82048,34.01293],[-118.82048,34.01293]],[[-118.8203,34.01278],[-118.8203,34.01278]],[[-118.82012,34.01263],[-118.82012,34.01263]],[[-118.81994,34.01248],[-118.81994,34.01248]],[[-118.81976,34.01233],[-118.81976,34.01233]],[[-118.81958,34.01217],[-118.81958,34.01217]],[[-118.81939,34.01202],[-118.81939,34.01202]],[[-118.81921,34.01187],[-118.81921,34.01187]],[[-118.81903,34.01172],[-118.81903,34.01172]],[[-118.81885,34.01157],[-118.81885,34.01157]],[[-118.81867,34.01142],[-118.81867,34.01142]],[[-118.81849,34.01127],[-118.81849,34.01127]],[[-118.81831,34.01112],[-118.81831,34.01112]],[[-118.81812,34.01097],[-118.81812,34.01097]],[[-118.81794,34.01082],[-118.81794,34.01082]],[[-118.81776,34.01067],[-118.81776,34.01067]],[[-118.81758,34.01052],[-118.81758,34.01052]],[[-118.8174,34.01037],[-118.8174,34.01037]],[[-118.81722,34.01022],[-118.81722,34.01022]],[[-118.81704,34.00992],[-118.81704,34.00992]],[[-118.81685,34.00977],[-118.81685,34.00977]],[[-118.81667,34.00962],[-118.81667,34.00962]],[[-118.81649,34.00947],[-118.81649,34.00947]],[[-118.81631,34.00917],[-118.81631,34.00917]],[[-118.81613,34.00902],[-118.81613,34.00902]],[[-118.81595,34.00886],[-118.81595,34.00886]],[[-118.81577,34.00871],[-118.81577,34.00871]],[[-118.81558,34.00856],[-118.81558,34.00856]],[[-118.8154,34.00826],[-118.8154,34.00826]],[[-118.81522,34.00811],[-118.81522,34.00811]],[[-118.81504,34.00796],[-118.81504,34.00796]],[[-118.81486,34.00781],[-118.81486,34.00781]],[[-118.81468,34.00751],[-118.81468,34.00751]],[[-118.81449,34.00736],[-118.81449,34.00736]],[[-118.81431,34.00721],[-118.81431,34.00721]],[[-118.81413,34.00706],[-118.81413,34.00706]],[[-118.81395,34.00691],[-118.81395,34.00691]],[[-118.81377,34.00661],[-118.81377,34.00661]],[[-118.81359,34.00646],[-118.81359,34.00646]],[[-118.81341,34.00631],[-118.81341,34.00631]],[[-118.81322,34.00616],[-118.81322,34.00616]],[[-118.81304,34.00586],[-118.81304,34.00586]],[[-118.81286,34.0057],[-118.81286,34.0057]],[[-118.81268,34.00555],[-118.81268,34.00555]],[[-118.8125,34.0054],[-118.8125,34.0054]],[[-118.81232,34.00525],[-118.81232,34.00525]],[[-118.81214,34.00495],[-118.81214,34.00495]],[[-118.81195,34.0048],[-118.81195,34.0048]],[[-118.81177,34.00465],[-118.81177,34.00465]],[[-118.81159,34.0045],[-118.81159,34.0045]],[[-118.81141,34.0042],[-118.81141,34.0042]],[[-118.81123,34.00405],[-118.81123,34.00405]],[[-118.81105,34.0039],[-118.81105,34.0039]],[[-118.81087,34.00375],[-118.81087,34.00375]],[[-118.81068,34.0036],[-118.81068,34.0036]],[[-118.8105,34.0033],[-118.8105,34.0033]],[[-118.81032,34.00315],[-118.81032,34.00315]],[[-118.81014,34.003],[-118.81014,34.003]],[[-118.80996,34.00285],[-118.80996,34.00285]],[[-118.80978,34.00255],[-118.80978,34.00255]],[[-118.80959,34.00239],[-118.80959,34.00239]],[[-118.80941,34.00224],[-118.80941,34.00224]],[[-118.80923,34.00209],[-118.80923,34.00209]],[[-118.80905,34.00194],[-118.80905,34.00194]],[[-118.80887,34.00164],[-118.80887,34.00164]],[[-118.80851,34.00119],[-118.80851,34.00119]],[[-118.80796,34.00104],[-118.80796,34.00104]],[[-118.80778,34.00089],[-118.80778,34.00089]],[[-118.8076,34.00074],[-118.8076,34.00074]],[[-118.80724,34.00029],[-118.80724,34.00029]],[[-118.74353,33.98056],[-118.74444,33.98033],[-118.74481,33.9801],[-118.74481,33.97907],[-118.74591,33.97847],[-118.74971,33.97836],[-118.75167,33.97922],[-118.75243,33.97935],[-118.7529,33.97922],[-118.75406,33.97843],[-118.75479,33.97824],[-118.75569,33.9782],[-118.75715,33.97851],[-118.75969,33.9775],[-118.76223,33.97717],[-118.76441,33.97758],[-118.76553,33.97682],[-118.76785,33.97636],[-118.76985,33.97627],[-118.77185,33.97659],[-118.77294,33.97587],[-118.77366,33.97565],[-118.77711,33.97556],[-118.77797,33.97576],[-118.77856,33.97626],[-118.77892,33.97634],[-118.78038,33.97565],[-118.78292,33.97551],[-118.78364,33.97561],[-118.78473,33.9763],[-118.78673,33.976],[-118.78818,33.97635],[-118.78945,33.97607],[-118.79054,33.97675],[-118.79199,33.97623],[-118.79272,33.97618],[-118.79435,33.97656],[-118.79671,33.97674],[-118.79744,33.97709],[-118.79755,33.97772],[-118.7974,33.97952],[-118.79678,33.98013],[-118.79656,33.98103],[-118.79661,33.98163],[-118.79709,33.98238],[-118.7989,33.98359],[-118.7988,33.98434],[-118.79802,33.98509],[-118.79816,33.98607],[-118.79852,33.98637],[-118.79943,33.98656],[-118.8007,33.9877],[-118.80143,33.9879],[-118.80234,33.98856],[-118.80306,33.98867],[-118.80402,33.9884],[-118.80502,33.9884],[-118.80535,33.989],[-118.80651,33.99],[-118.80796,33.99017],[-118.80959,33.99155],[-118.81068,33.99194],[-118.81105,33.99166],[-118.81102,33.99066],[-118.81138,33.98855],[-118.81055,33.9875],[-118.81053,33.9866],[-118.80984,33.98599],[-118.81001,33.98524],[-118.80987,33.98479],[-118.80796,33.9835],[-118.80771,33.98329],[-118.80768,33.98298],[-118.8105,33.97963],[-118.81268,33.97857],[-118.81377,33.97869],[-118.81449,33.97854],[-118.8154,33.97904],[-118.81606,33.97983],[-118.81667,33.98022],[-118.81704,33.9802],[-118.8174,33.97994],[-118.81794,33.97997],[-118.81828,33.98043],[-118.81846,33.98193],[-118.81867,33.98209],[-118.81976,33.98214],[-118.82067,33.98134],[-118.82139,33.98118],[-118.82187,33.98163],[-118.8223,33.98275],[-118.82284,33.98302],[-118.82448,33.98186],[-118.8252,33.9818],[-118.82553,33.98223],[-118.82575,33.9839],[-118.82611,33.98401],[-118.82738,33.98336],[-118.82774,33.98367],[-118.82883,33.98582],[-118.82956,33.98547],[-118.8301,33.98562],[-118.83047,33.9854]],[[-118.79798,33.98524],[-118.79798,33.98524]],[[-118.82375,33.98238],[-118.82375,33.98238]],[[-118.74499,33.97892],[-118.74499,33.97892]],[[-118.81486,33.97877],[-118.81486,33.97877]]]},"properties":{"depth_m":250}},{"type":"Feature","geometry":{"type":"MultiLineString","coordinates":[[[-118.83047,34.02045],[-118.82883,34.0194],[-118.82484,34.01639],[-118.82466,34.01639],[-118.81722,34.01022],[-118.81649,34.00932],[-118.81558,34.00856],[-118.81558,34.00841],[-118.81232,34.00525],[-118.81159,34.00435],[-118.81068,34.0036],[-118.80996,34.0027],[-118.80905,34.00194],[-118.80887,34.00134],[-118.80832,34.00104],[-118.80796,34.00104],[-118.8076,34.00074],[-118.8076,34.00044],[-118.80742,34.00029],[-118.80705,34.00014],[-118.80615,34.00014],[-118.80597,34.00029],[-118.80542,34.00029],[-118.80506,34.00059],[-118.80506,34.00089],[-118.80488,34.00104],[-118.80488,34.00255],[-118.80433,34.00345],[-118.80433,34.00375],[-118.80234,34.00555],[-118.80052,34.00631],[-118.79943,34.00646],[-118.79925,34.00661],[-118.7978,34.00661],[-118.79762,34.00676],[-118.79616,34.00676],[-118.79598,34.00691],[-118.79544,34.00691],[-118.79417,34.00766],[-118.79381,34.00841],[-118.79381,34.00917],[-118.79417,34.00992],[-118.79399,34.01082],[-118.79362,34.01127],[-118.79254,34.01202],[-118.79235,34.01293],[-118.79181,34.01398],[-118.79072,34.01503],[-118.79072,34.01579],[-118.79054,34.01609],[-118.788,34.01849],[-118.78764,34.0194],[-118.78564,34.0209],[-118.78528,34.0209],[-118.78401,34.0215],[-118.78364,34.0215],[-118.78201,34.02226],[-118.77856,34.02271],[-118.77529,34.02361],[-118.77475,34.02361],[-118.77348,34.02406],[-118.77094,34.02436],[-118.77003,34.02466],[-118.7684,34.02481],[-118.76731,34.02511],[-118.76332,34.02542],[-118.76313,34.02557],[-118.75987,34.02542],[-118.75969,34.02557],[-118.75624,34.02572],[-118.75533,34.02617],[-118.75533,34.02662],[-118.75461,34.02752],[-118.75442,34.02812],[-118.7537,34.02842],[-118.75225,34.02963],[-118.75134,34.02993],[-118.75061,34.03038],[-118.74934,34.03068],[-118.74789,34.03128],[-118.74698,34.03143],[-118.74553,34.03204]],[[-118.76132,34.02557],[-118.76132,34.02557]],[[-118.8301,34.0203],[-118.8301,34.0203]],[[-118.82992,34.02015],[-118.82992,34.02015]],[[-118.82974,34.02],[-118.82974,34.02]],[[-118.82956,34.01985],[-118.82956,34.01985]],[[-118.82938,34.0197],[-118.82938,34.0197]],[[-118.82919,34.01955],[-118.82919,34.01955]],[[-118.82883,34.0194],[-118.82883,34.0194]],[[-118.82865,34.01925],[-118.82865,34.01925]],[[-118.82847,34.0191],[-118.82847,34.0191]],[[-118.82829,34.01895],[-118.82829,34.01895]],[[-118.82811,34.0188],[-118.82811,34.0188]],[[-118.82792,34.01864],[-118.82792,34.01864]],[[-118.82774,34.01849],[-118.82774,34.01849]],[[-118.82738,34.01834],[-118.82738,34.01834]],[[-118.8272,34.01819],[-118.8272,34.01819]],[[-118.82702,34.01804],[-118.82702,34.01804]],[[-118.82684,34.01789],[-118.82684,34.01789]],[[-118.82665,34.01774],[-118.82665,34.01774]],[[-118.82647,34.01759],[-118.82647,34.01759]],[[-118.82629,34.01744],[-118.82629,34.01744]],[[-118.82593,34.01729],[-118.82593,34.01729]],[[-118.82575,34.01714],[-118.82575,34.01714]],[[-118.82557,34.01699],[-118.82557,34.01699]],[[-118.82538,34.01684],[-118.82538,34.01684]],[[-118.8252,34.01669],[-118.8252,34.01669]],[[-118.82502,34.01654],[-118.82502,34.01654]],[[-118.82466,34.01639],[-118.82466,34.01639]],[[-118.82448,34.01624],[-118.82448,34.01624]],[[-118.82429,34.01609],[-118.82429,34.01609]],[[-118.82411,34.01594],[-118.82411,34.01594]],[[-118.82393,34.01579],[-118.82393,34.01579]],[[-118.82375,34.01564],[-118.82375,34.01564]],[[-118.82357,34.01549],[-118.82357,34.01549]],[[-118.82339,34.01533],[-118.82339,34.01533]],[[-118.82321,34.01518],[-118.82321,34.01518]],[[-118.82302,34.01503],[-118.82302,34.01503]],[[-118.82284,34.01488],[-118.82284,34.01488]],[[-118.82266,34.01473],[-118.82266,34.01473]],[[-118.82248,34.01458],[-118.82248,34.01458]],[[-118.8223,34.01443],[-118.8223,34.01443]],[[-118.82212,34.01428],[-118.82212,34.01428]],[[-118.82194,34.01413],[-118.82194,34.01413]],[[-118.82175,34.01398],[-118.82175,34.01398]],[[-118.82157,34.01383],[-118.82157,34.01383]],[[-118.82139,34.01368],[-118.82139,34.01368]],[[-118.82121,34.01353],[-118.82121,34.01353]],[[-118.82103,34.01338],[-118.82103,34.01338]],[[-118.82085,34.01323],[-118.82085,34.01323]],[[-118.82067,34.01308],[-118.82067,34.01308]],[[-118.82048,34.01293],[-118.82048,34.01293]],[[-118.8203,34.01278],[-118.8203,34.01278]],[[-118.82012,34.01263],[-118.82012,34.01263]],[[-118.81994,34.01248],[-118.81994,34.01248]],[[-118.81976,34.01233],[-118.81976,34.01233]],[[-118.81958,34.01217],[-118.81958,34.01217]],[[-118.81939,34.01202],[-118.81939,34.01202]],[[-118.81921,34.01187],[-118.81921,34.01187]],[[-118.81903,34.01172],[-118.81903,34.01172]],[[-118.81885,34.01157],[-118.81885,34.01157]],[[-118.81867,34.01142],[-118.81867,34.01142]],[[-118.81849,34.01127],[-118.81849,34.01127]],[[-118.81831,34.01112],[-118.81831,34.01112]],[[-118.81812,34.01097],[-118.81812,34.01097]],[[-118.81794,34.01082],[-118.81794,34.01082]],[[-118.81776,34.01067],[-118.81776,34.01067]],[[-118.81758,34.01052],[-118.81758,34.01052]],[[-118.8174,34.01037],[-118.8174,34.01037]],[[-118.81722,34.01022],[-118.81722,34.01022]],[[-118.81704,34.00992],[-118.81704,34.00992]],[[-118.81685,34.00977],[-118.81685,34.00977]],[[-118.81667,34.00962],[-118.81667,34.00962]],[[-118.81649,34.00947],[-118.81649,34.00947]],[[-118.81631,34.00917],[-118.81631,34.00917]],[[-118.81613,34.00902],[-118.81613,34.00902]],[[-118.81595,34.00886],[-118.81595,34.00886]],[[-118.81577,34.00871],[-118.81577,34.00871]],[[-118.81558,34.00856],[-118.81558,34.00856]],[[-118.8154,34.00826],[-118.8154,34.00826]],[[-118.81522,34.00811],[-118.81522,34.00811]],[[-118.81504,34.00796],[-118.81504,34.00796]],[[-118.81486,34.00781],[-118.81486,34.00781]],[[-118.81468,34.00751],[-118.81468,34.00751]],[[-118.81449,34.00736],[-118.81449,34.00736]],[[-118.81431,34.00721],[-118.81431,34.00721]],[[-118.81413,34.00706],[-118.81413,34.00706]],[[-118.81395,34.00691],[-118.81395,34.00691]],[[-118.81377,34.00661],[-118.81377,34.00661]],[[-118.81359,34.00646],[-118.81359,34.00646]],[[-118.81341,34.00631],[-118.81341,34.00631]],[[-118.81322,34.00616],[-118.81322,34.00616]],[[-118.81304,34.00586],[-118.81304,34.00586]],[[-118.81286,34.0057],[-118.81286,34.0057]],[[-118.81268,34.00555],[-118.81268,34.00555]],[[-118.8125,34.0054],[-118.8125,34.0054]],[[-118.81232,34.00525],[-118.81232,34.00525]],[[-118.81214,34.00495],[-118.81214,34.00495]],[[-118.81195,34.0048],[-118.81195,34.0048]],[[-118.81177,34.00465],[-118.81177,34.00465]],[[-118.81159,34.0045],[-118.81159,34.0045]],[[-118.81141,34.0042],[-118.81141,34.0042]],[[-118.81123,34.00405],[-118.81123,34.00405]],[[-118.81105,34.0039],[-118.81105,34.0039]],[[-118.81087,34.00375],[-118.81087,34.00375]],[[-118.81068,34.0036],[-118.81068,34.0036]],[[-118.8105,34.0033],[-118.8105,34.0033]],[[-118.81032,34.00315],[-118.81032,34.00315]],[[-118.81014,34.003],[-118.81014,34.003]],[[-118.80996,34.00285],[-118.80996,34.00285]],[[-118.80978,34.00255],[-118.80978,34.00255]],[[-118.80959,34.00239],[-118.80959,34.00239]],[[-118.80941,34.00224],[-118.80941,34.00224]],[[-118.80923,34.00209],[-118.80923,34.00209]],[[-118.80905,34.00194],[-118.80905,34.00194]],[[-118.80887,34.00164],[-118.80887,34.00164]],[[-118.80851,34.00119],[-118.80851,34.00119]],[[-118.80796,34.00104],[-118.80796,34.00104]],[[-118.80778,34.00089],[-118.80778,34.00089]],[[-118.8076,34.00074],[-118.8076,34.00074]],[[-118.80724,34.00029],[-118.80724,34.00029]],[[-118.74353,33.97985],[-118.74385,33.97952],[-118.74371,33.97862],[-118.74381,33.97817],[-118.74426,33.97784],[-118.74535,33.97761],[-118.74971,33.97744],[-118.75061,33.97778],[-118.75188,33.97857],[-118.75243,33.97863],[-118.75333,33.97782],[-118.75479,33.97727],[-118.75588,33.97727],[-118.75715,33.97775],[-118.7586,33.97675],[-118.76016,33.97636],[-118.76168,33.97622],[-118.76277,33.97624],[-118.76422,33.97675],[-118.76531,33.97581],[-118.76822,33.97536],[-118.76985,33.97534],[-118.77148,33.9758],[-118.77275,33.9749],[-118.77366,33.97464],[-118.77747,33.97456],[-118.77802,33.97473],[-118.77892,33.97536],[-118.78038,33.97481],[-118.78292,33.97469],[-118.78364,33.97481],[-118.78491,33.97558],[-118.78655,33.97515],[-118.78727,33.97518],[-118.788,33.97553],[-118.78963,33.97515],[-118.78999,33.97525],[-118.79072,33.97588],[-118.79217,33.9753],[-118.79344,33.97531],[-118.79435,33.97566],[-118.79725,33.97602],[-118.79836,33.97651],[-118.79844,33.97697],[-118.79806,33.97757],[-118.7978,33.97847],[-118.79779,33.97967],[-118.79724,33.98028],[-118.79697,33.98118],[-118.79744,33.9821],[-118.79811,33.98268],[-118.79925,33.98333],[-118.79906,33.98449],[-118.7985,33.98524],[-118.79856,33.98584],[-118.79889,33.98611],[-118.79979,33.98641],[-118.80088,33.98741],[-118.80161,33.9876],[-118.80252,33.9882],[-118.80306,33.98831],[-118.80469,33.9881],[-118.80524,33.98827],[-118.80559,33.98855],[-118.80578,33.98898],[-118.80669,33.98973],[-118.80814,33.99003],[-118.80983,33.99141],[-118.81032,33.9916],[-118.81056,33.99141],[-118.8105,33.99036],[-118.81097,33.98885],[-118.81094,33.98855],[-118.81014,33.98755],[-118.81008,33.98675],[-118.80946,33.98599],[-118.80947,33.98494],[-118.80733,33.98359],[-118.80701,33.98314],[-118.80823,33.98163],[-118.80879,33.98058],[-118.81014,33.97912],[-118.8105,33.97886],[-118.81141,33.97865],[-118.81268,33.97779],[-118.81359,33.9776],[-118.8154,33.97795],[-118.81631,33.97892],[-118.81667,33.97911],[-118.81776,33.97867],[-118.81848,33.97877],[-118.81872,33.97907],[-118.81907,33.98133],[-118.81926,33.98148],[-118.81958,33.98151],[-118.82139,33.98038],[-118.82194,33.98035],[-118.82216,33.98058],[-118.82266,33.98199],[-118.82302,33.9822],[-118.82448,33.98104],[-118.8252,33.98084],[-118.82575,33.98088],[-118.82606,33.98118],[-118.82629,33.98294],[-118.82665,33.98302],[-118.82774,33.98246],[-118.82811,33.98274],[-118.82906,33.98479],[-118.83047,33.98461]],[[-118.80832,33.98148],[-118.80832,33.98148]],[[-118.82048,33.98088],[-118.82048,33.98088]],[[-118.76894,33.97531],[-118.76894,33.97531]]]},"properties":{"depth_m":275}},{"type":"Feature","geometry":{"type":"MultiLineString","coordinates":[[[-118.83047,34.02045],[-118.82883,34.0194],[-118.82484,34.01639],[-118.82466,34.01639],[-118.81722,34.01022],[-118.81649,34.00932],[-118.81558,34.00856],[-118.81558,34.00841],[-118.81232,34.00525],[-118.81159,34.00435],[-118.81068,34.0036],[-118.80996,34.0027],[-118.80905,34.00194],[-118.80887,34.00134],[-118.80832,34.00104],[-118.80796,34.00104],[-118.8076,34.00074],[-118.8076,34.00044],[-118.80742,34.00029],[-118.80705,34.00014],[-118.80615,34.00014],[-118.80597,34.00029],[-118.80542,34.00029],[-118.80506,34.00059],[-118.80506,34.00089],[-118.80488,34.00104],[-118.80488,34.00255],[-118.80433,34.00345],[-118.80433,34.00375],[-118.80234,34.00555],[-118.80052,34.00631],[-118.79943,34.00646],[-118.79925,34.00661],[-118.7978,34.00661],[-118.79762,34.00676],[-118.79616,34.00676],[-118.79598,34.00691],[-118.79544,34.00691],[-118.79417,34.00766],[-118.79381,34.00841],[-118.79381,34.00917],[-118.79417,34.00992],[-118.79399,34.01082],[-118.79362,34.01127],[-118.79254,34.01202],[-118.79235,34.01293],[-118.79181,34.01398],[-118.79072,34.01503],[-118.79072,34.01579],[-118.79054,34.01609],[-118.788,34.01849],[-118.78764,34.0194],[-118.78564,34.0209],[-118.78528,34.0209],[-118.78401,34.0215],[-118.78364,34.0215],[-118.78201,34.02226],[-118.77856,34.02271],[-118.77529,34.02361],[-118.77475,34.02361],[-118.77348,34.02406],[-118.77094,34.02436],[-118.77003,34.02466],[-118.7684,34.02481],[-118.76731,34.02511],[-118.76332,34.02542],[-118.76313,34.02557],[-118.75987,34.02542],[-118.75969,34.02557],[-118.75624,34.02572],[-118.75533,34.02617],[-118.75533,34.02662],[-118.75461,34.02752],[-118.75442,34.02812],[-118.7537,34.02842],[-118.75225,34.02963],[-118.75134,34.02993],[-118.75061,34.03038],[-118.74934,34.03068],[-118.74789,34.03128],[-118.74698,34.03143],[-118.74553,34.03204]],[[-118.76132,34.02557],[-118.76132,34.02557]],[[-118.8301,34.0203],[-118.8301,34.0203]],[[-118.82992,34.02015],[-118.82992,34.02015]],[[-118.82974,34.02],[-118.82974,34.02]],[[-118.82956,34.01985],[-118.82956,34.01985]],[[-118.82938,34.0197],[-118.82938,34.0197]],[[-118.82919,34.01955],[-118.82919,34.01955]],[[-118.82883,34.0194],[-118.82883,34.0194]],[[-118.82865,34.01925],[-118.82865,34.01925]],[[-118.82847,34.0191],[-118.82847,34.0191]],[[-118.82829,34.01895],[-118.82829,34.01895]],[[-118.82811,34.0188],[-118.82811,34.0188]],[[-118.82792,34.01864],[-118.82792,34.01864]],[[-118.82774,34.01849],[-118.82774,34.01849]],[[-118.82738,34.01834],[-118.82738,34.01834]],[[-118.8272,34.01819],[-118.8272,34.01819]],[[-118.82702,34.01804],[-118.82702,34.01804]],[[-118.82684,34.01789],[-118.82684,34.01789]],[[-118.82665,34.01774],[-118.82665,34.01774]],[[-118.82647,34.01759],[-118.82647,34.01759]],[[-118.82629,34.01744],[-118.82629,34.01744]],[[-118.82593,34.01729],[-118.82593,34.01729]],[[-118.82575,34.01714],[-118.82575,34.01714]],[[-118.82557,34.01699],[-118.82557,34.01699]],[[-118.82538,34.01684],[-118.82538,34.01684]],[[-118.8252,34.01669],[-118.8252,34.01669]],[[-118.82502,34.01654],[-118.82502,34.01654]],[[-118.82466,34.01639],[-118.82466,34.01639]],[[-118.82448,34.01624],[-118.82448,34.01624]],[[-118.82429,34.01609],[-118.82429,34.01609]],[[-118.82411,34.01594],[-118.82411,34.01594]],[[-118.82393,34.01579],[-118.82393,34.01579]],[[-118.82375,34.01564],[-118.82375,34.01564]],[[-118.82357,34.01549],[-118.82357,34.01549]],[[-118.82339,34.01533],[-118.82339,34.01533]],[[-118.82321,34.01518],[-118.82321,34.01518]],[[-118.82302,34.01503],[-118.82302,34.01503]],[[-118.82284,34.01488],[-118.82284,34.01488]],[[-118.82266,34.01473],[-118.82266,34.01473]],[[-118.82248,34.01458],[-118.82248,34.01458]],[[-118.8223,34.01443],[-118.8223,34.01443]],[[-118.82212,34.01428],[-118.82212,34.01428]],[[-118.82194,34.01413],[-118.82194,34.01413]],[[-118.82175,34.01398],[-118.82175,34.01398]],[[-118.82157,34.01383],[-118.82157,34.01383]],[[-118.82139,34.01368],[-118.82139,34.01368]],[[-118.82121,34.01353],[-118.82121,34.01353]],[[-118.82103,34.01338],[-118.82103,34.01338]],[[-118.82085,34.01323],[-118.82085,34.01323]],[[-118.82067,34.01308],[-118.82067,34.01308]],[[-118.82048,34.01293],[-118.82048,34.01293]],[[-118.8203,34.01278],[-118.8203,34.01278]],[[-118.82012,34.01263],[-118.82012,34.01263]],[[-118.81994,34.01248],[-118.81994,34.01248]],[[-118.81976,34.01233],[-118.81976,34.01233]],[[-118.81958,34.01217],[-118.81958,34.01217]],[[-118.81939,34.01202],[-118.81939,34.01202]],[[-118.81921,34.01187],[-118.81921,34.01187]],[[-118.81903,34.01172],[-118.81903,34.01172]],[[-118.81885,34.01157],[-118.81885,34.01157]],[[-118.81867,34.01142],[-118.81867,34.01142]],[[-118.81849,34.01127],[-118.81849,34.01127]],[[-118.81831,34.01112],[-118.81831,34.01112]],[[-118.81812,34.01097],[-118.81812,34.01097]],[[-118.81794,34.01082],[-118.81794,34.01082]],[[-118.81776,34.01067],[-118.81776,34.01067]],[[-118.81758,34.01052],[-118.81758,34.01052]],[[-118.8174,34.01037],[-118.8174,34.01037]],[[-118.81722,34.01022],[-118.81722,34.01022]],[[-118.81704,34.00992],[-118.81704,34.00992]],[[-118.81685,34.00977],[-118.81685,34.00977]],[[-118.81667,34.00962],[-118.81667,34.00962]],[[-118.81649,34.00947],[-118.81649,34.00947]],[[-118.81631,34.00917],[-118.81631,34.00917]],[[-118.81613,34.00902],[-118.81613,34.00902]],[[-118.81595,34.00886],[-118.81595,34.00886]],[[-118.81577,34.00871],[-118.81577,34.00871]],[[-118.81558,34.00856],[-118.81558,34.00856]],[[-118.8154,34.00826],[-118.8154,34.00826]],[[-118.81522,34.00811],[-118.81522,34.00811]],[[-118.81504,34.00796],[-118.81504,34.00796]],[[-118.81486,34.00781],[-118.81486,34.00781]],[[-118.81468,34.00751],[-118.81468,34.00751]],[[-118.81449,34.00736],[-118.81449,34.00736]],[[-118.81431,34.00721],[-118.81431,34.00721]],[[-118.81413,34.00706],[-118.81413,34.00706]],[[-118.81395,34.00691],[-118.81395,34.00691]],[[-118.81377,34.00661],[-118.81377,34.00661]],[[-118.81359,34.00646],[-118.81359,34.00646]],[[-118.81341,34.00631],[-118.81341,34.00631]],[[-118.81322,34.00616],[-118.81322,34.00616]],[[-118.81304,34.00586],[-118.81304,34.00586]],[[-118.81286,34.0057],[-118.81286,34.0057]],[[-118.81268,34.00555],[-118.81268,34.00555]],[[-118.8125,34.0054],[-118.8125,34.0054]],[[-118.81232,34.00525],[-118.81232,34.00525]],[[-118.81214,34.00495],[-118.81214,34.00495]],[[-118.81195,34.0048],[-118.81195,34.0048]],[[-118.81177,34.00465],[-118.81177,34.00465]],[[-118.81159,34.0045],[-118.81159,34.0045]],[[-118.81141,34.0042],[-118.81141,34.0042]],[[-118.81123,34.00405],[-118.81123,34.00405]],[[-118.81105,34.0039],[-118.81105,34.0039]],[[-118.81087,34.00375],[-118.81087,34.00375]],[[-118.81068,34.0036],[-118.81068,34.0036]],[[-118.8105,34.0033],[-118.8105,34.0033]],[[-118.81032,34.00315],[-118.81032,34.00315]],[[-118.81014,34.003],[-118.81014,34.003]],[[-118.80996,34.00285],[-118.80996,34.00285]],[[-118.80978,34.00255],[-118.80978,34.00255]],[[-118.80959,34.00239],[-118.80959,34.00239]],[[-118.80941,34.00224],[-118.80941,34.00224]],[[-118.80923,34.00209],[-118.80923,34.00209]],[[-118.80905,34.00194],[-118.80905,34.00194]],[[-118.80887,34.00164],[-118.80887,34.00164]],[[-118.80851,34.00119],[-118.80851,34.00119]],[[-118.80796,34.00104],[-118.80796,34.00104]],[[-118.80778,34.00089],[-118.80778,34.00089]],[[-118.8076,34.00074],[-118.8076,34.00074]],[[-118.80724,34.00029],[-118.80724,34.00029]],[[-118.74353,33.97702],[-118.74608,33.97661],[-118.74952,33.97651],[-118.75058,33.97682],[-118.7517,33.97777],[-118.75225,33.97787],[-118.75273,33.97757],[-118.7537,33.97654],[-118.75434,33.97636],[-118.75569,33.97629],[-118.7566,33.97671],[-118.75715,33.97676],[-118.75819,33.97576],[-118.7586,33.9756],[-118.76205,33.97516],[-118.76386,33.9757],[-118.76513,33.97473],[-118.76749,33.97436],[-118.76967,33.97433],[-118.7713,33.97493],[-118.77239,33.97392],[-118.77366,33.9736],[-118.77729,33.97354],[-118.7782,33.9737],[-118.77892,33.97425],[-118.78056,33.97392],[-118.7831,33.97389],[-118.78397,33.97411],[-118.78491,33.9748],[-118.78528,33.9748],[-118.78673,33.97427],[-118.78727,33.97429],[-118.78836,33.97465],[-118.78981,33.97422],[-118.79018,33.9743],[-118.79108,33.97493],[-118.79217,33.97448],[-118.7929,33.97439],[-118.79362,33.97446],[-118.79489,33.97489],[-118.79725,33.97513],[-118.7987,33.97561],[-118.79913,33.97621],[-118.79892,33.97712],[-118.79816,33.97834],[-118.79825,33.97983],[-118.79759,33.98043],[-118.79743,33.98088],[-118.79759,33.98148],[-118.79803,33.98208],[-118.79871,33.98266],[-118.79934,33.98283],[-118.79964,33.98314],[-118.79943,33.9844],[-118.79898,33.98524],[-118.79909,33.98569],[-118.79998,33.98611],[-118.80106,33.98714],[-118.80179,33.98728],[-118.80288,33.98788],[-118.80342,33.98794],[-118.80451,33.98776],[-118.80534,33.98795],[-118.80669,33.98931],[-118.80941,33.99042],[-118.80978,33.99025],[-118.8104,33.98855],[-118.80972,33.9875],[-118.80954,33.98675],[-118.80899,33.98599],[-118.80905,33.98524],[-118.80742,33.98403],[-118.80669,33.98374],[-118.80646,33.98344],[-118.8065,33.98314],[-118.8076,33.98183],[-118.80785,33.98073],[-118.80941,33.97935],[-118.80988,33.97847],[-118.81014,33.97827],[-118.81115,33.97817],[-118.81268,33.9771],[-118.81359,33.97677],[-118.81577,33.97701],[-118.81667,33.97791],[-118.81794,33.97766],[-118.81903,33.97772],[-118.81936,33.97817],[-118.81941,33.97998],[-118.81951,33.98043],[-118.81976,33.98066],[-118.82212,33.97936],[-118.8223,33.97935],[-118.82261,33.97967],[-118.82295,33.98103],[-118.82321,33.98125],[-118.82448,33.98034],[-118.8252,33.98004],[-118.82647,33.98002],[-118.8268,33.98043],[-118.82665,33.98133],[-118.82671,33.98208],[-118.82702,33.98228],[-118.82792,33.98176],[-118.82826,33.98178],[-118.82847,33.98195],[-118.82883,33.98298],[-118.82938,33.98369],[-118.8301,33.98355],[-118.83047,33.9839]],[[-118.82883,33.98298],[-118.82883,33.98298]],[[-118.81921,33.97787],[-118.81921,33.97787]],[[-118.81903,33.97772],[-118.81903,33.97772]],[[-118.75297,33.97727],[-118.75297,33.97727]]]},"properties":{"depth_m":300}},{"type":"Feature","geometry":{"type":"MultiLineString","coordinates":[[[-118.83047,34.02045],[-118.82883,34.0194],[-118.82484,34.01639],[-118.82466,34.01639],[-118.81722,34.01022],[-118.81649,34.00932],[-118.81558,34.00856],[-118.81558,34.00841],[-118.81232,34.00525],[-118.81159,34.00435],[-118.81068,34.0036],[-118.80996,34.0027],[-118.80905,34.00194],[-118.80887,34.00134],[-118.80832,34.00104],[-118.80796,34.00104],[-118.8076,34.00074],[-118.8076,34.00044],[-118.80742,34.00029],[-118.80705,34.00014],[-118.80615,34.00014],[-118.80597,34.00029],[-118.80542,34.00029],[-118.80506,34.00059],[-118.80506,34.00089],[-118.80488,34.00104],[-118.80488,34.00255],[-118.80433,34.00345],[-118.80433,34.00375],[-118.80234,34.00555],[-118.80052,34.00631],[-118.79943,34.00646],[-118.79925,34.00661],[-118.7978,34.00661],[-118.79762,34.00676],[-118.79616,34.00676],[-118.79598,34.00691],[-118.79544,34.00691],[-118.79417,34.00766],[-118.79381,34.00841],[-118.79381,34.00917],[-118.79417,34.00992],[-118.79399,34.01082],[-118.79362,34.01127],[-118.79254,34.01202],[-118.79235,34.01293],[-118.79181,34.01398],[-118.79072,34.01503],[-118.79072,34.01579],[-118.79054,34.01609],[-118.788,34.01849],[-118.78764,34.0194],[-118.78564,34.0209],[-118.78528,34.0209],[-118.78401,34.0215],[-118.78364,34.0215],[-118.78201,34.02226],[-118.77856,34.02271],[-118.77529,34.02361],[-118.77475,34.02361],[-118.77348,34.02406],[-118.77094,34.02436],[-118.77003,34.02466],[-118.7684,34.02481],[-118.76731,34.02511],[-118.76332,34.02542],[-118.76313,34.02557],[-118.75987,34.02542],[-118.75969,34.02557],[-118.75624,34.02572],[-118.75533,34.02617],[-118.75533,34.02662],[-118.75479,34.02722],[-118.75442,34.02812],[-118.7537,34.02842],[-118.75225,34.02963],[-118.75134,34.02993],[-118.75061,34.03038],[-118.74934,34.03068],[-118.74789,34.03128],[-118.74698,34.03143],[-118.74553,34.03204]],[[-118.76132,34.02557],[-118.76132,34.02557]],[[-118.8301,34.0203],[-118.8301,34.0203]],[[-118.82992,34.02015],[-118.82992,34.02015]],[[-118.82974,34.02],[-118.82974,34.02]],[[-118.82956,34.01985],[-118.82956,34.01985]],[[-118.82938,34.0197],[-118.82938,34.0197]],[[-118.82919,34.01955],[-118.82919,34.01955]],[[-118.82883,34.0194],[-118.82883,34.0194]],[[-118.82865,34.01925],[-118.82865,34.01925]],[[-118.82847,34.0191],[-118.82847,34.0191]],[[-118.82829,34.01895],[-118.82829,34.01895]],[[-118.82811,34.0188],[-118.82811,34.0188]],[[-118.82792,34.01864],[-118.82792,34.01864]],[[-118.82774,34.01849],[-118.82774,34.01849]],[[-118.82738,34.01834],[-118.82738,34.01834]],[[-118.8272,34.01819],[-118.8272,34.01819]],[[-118.82702,34.01804],[-118.82702,34.01804]],[[-118.82684,34.01789],[-118.82684,34.01789]],[[-118.82665,34.01774],[-118.82665,34.01774]],[[-118.82647,34.01759],[-118.82647,34.01759]],[[-118.82629,34.01744],[-118.82629,34.01744]],[[-118.82593,34.01729],[-118.82593,34.01729]],[[-118.82575,34.01714],[-118.82575,34.01714]],[[-118.82557,34.01699],[-118.82557,34.01699]],[[-118.82538,34.01684],[-118.82538,34.01684]],[[-118.8252,34.01669],[-118.8252,34.01669]],[[-118.82502,34.01654],[-118.82502,34.01654]],[[-118.82466,34.01639],[-118.82466,34.01639]],[[-118.82448,34.01624],[-118.82448,34.01624]],[[-118.82429,34.01609],[-118.82429,34.01609]],[[-118.82411,34.01594],[-118.82411,34.01594]],[[-118.82393,34.01579],[-118.82393,34.01579]],[[-118.82375,34.01564],[-118.82375,34.01564]],[[-118.82357,34.01549],[-118.82357,34.01549]],[[-118.82339,34.01533],[-118.82339,34.01533]],[[-118.82321,34.01518],[-118.82321,34.01518]],[[-118.82302,34.01503],[-118.82302,34.01503]],[[-118.82284,34.01488],[-118.82284,34.01488]],[[-118.82266,34.01473],[-118.82266,34.01473]],[[-118.82248,34.01458],[-118.82248,34.01458]],[[-118.8223,34.01443],[-118.8223,34.01443]],[[-118.82212,34.01428],[-118.82212,34.01428]],[[-118.82194,34.01413],[-118.82194,34.01413]],[[-118.82175,34.01398],[-118.82175,34.01398]],[[-118.82157,34.01383],[-118.82157,34.01383]],[[-118.82139,34.01368],[-118.82139,34.01368]],[[-118.82121,34.01353],[-118.82121,34.01353]],[[-118.82103,34.01338],[-118.82103,34.01338]],[[-118.82085,34.01323],[-118.82085,34.01323]],[[-118.82067,34.01308],[-118.82067,34.01308]],[[-118.82048,34.01293],[-118.82048,34.01293]],[[-118.8203,34.01278],[-118.8203,34.01278]],[[-118.82012,34.01263],[-118.82012,34.01263]],[[-118.81994,34.01248],[-118.81994,34.01248]],[[-118.81976,34.01233],[-118.81976,34.01233]],[[-118.81958,34.01217],[-118.81958,34.01217]],[[-118.81939,34.01202],[-118.81939,34.01202]],[[-118.81921,34.01187],[-118.81921,34.01187]],[[-118.81903,34.01172],[-118.81903,34.01172]],[[-118.81885,34.01157],[-118.81885,34.01157]],[[-118.81867,34.01142],[-118.81867,34.01142]],[[-118.81849,34.01127],[-118.81849,34.01127]],[[-118.81831,34.01112],[-118.81831,34.01112]],[[-118.81812,34.01097],[-118.81812,34.01097]],[[-118.81794,34.01082],[-118.81794,34.01082]],[[-118.81776,34.01067],[-118.81776,34.01067]],[[-118.81758,34.01052],[-118.81758,34.01052]],[[-118.8174,34.01037],[-118.8174,34.01037]],[[-118.81722,34.01022],[-118.81722,34.01022]],[[-118.81704,34.00992],[-118.81704,34.00992]],[[-118.81685,34.00977],[-118.81685,34.00977]],[[-118.81667,34.00962],[-118.81667,34.00962]],[[-118.81649,34.00947],[-118.81649,34.00947]],[[-118.81631,34.00917],[-118.81631,34.00917]],[[-118.81613,34.00902],[-118.81613,34.00902]],[[-118.81595,34.00886],[-118.81595,34.00886]],[[-118.81577,34.00871],[-118.81577,34.00871]],[[-118.81558,34.00856],[-118.81558,34.00856]],[[-118.8154,34.00826],[-118.8154,34.00826]],[[-118.81522,34.00811],[-118.81522,34.00811]],[[-118.81504,34.00796],[-118.81504,34.00796]],[[-118.81486,34.00781],[-118.81486,34.00781]],[[-118.81468,34.00751],[-118.81468,34.00751]],[[-118.81449,34.00736],[-118.81449,34.00736]],[[-118.81431,34.00721],[-118.81431,34.00721]],[[-118.81413,34.00706],[-118.81413,34.00706]],[[-118.81395,34.00691],[-118.81395,34.00691]],[[-118.81377,34.00661],[-118.81377,34.00661]],[[-118.81359,34.00646],[-118.81359,34.00646]],[[-118.81341,34.00631],[-118.81341,34.00631]],[[-118.81322,34.00616],[-118.81322,34.00616]],[[-118.81304,34.00586],[-118.81304,34.00586]],[[-118.81286,34.0057],[-118.81286,34.0057]],[[-118.81268,34.00555],[-118.81268,34.00555]],[[-118.8125,34.0054],[-118.8125,34.0054]],[[-118.81232,34.00525],[-118.81232,34.00525]],[[-118.81214,34.00495],[-118.81214,34.00495]],[[-118.81195,34.0048],[-118.81195,34.0048]],[[-118.81177,34.00465],[-118.81177,34.00465]],[[-118.81159,34.0045],[-118.81159,34.0045]],[[-118.81141,34.0042],[-118.81141,34.0042]],[[-118.81123,34.00405],[-118.81123,34.00405]],[[-118.81105,34.0039],[-118.81105,34.0039]],[[-118.81087,34.00375],[-118.81087,34.00375]],[[-118.81068,34.0036],[-118.81068,34.0036]],[[-118.8105,34.0033],[-118.8105,34.0033]],[[-118.81032,34.00315],[-118.81032,34.00315]],[[-118.81014,34.003],[-118.81014,34.003]],[[-118.80996,34.00285],[-118.80996,34.00285]],[[-118.80978,34.00255],[-118.80978,34.00255]],[[-118.80959,34.00239],[-118.80959,34.00239]],[[-118.80941,34.00224],[-118.80941,34.00224]],[[-118.80923,34.00209],[-118.80923,34.00209]],[[-118.80905,34.00194],[-118.80905,34.00194]],[[-118.80887,34.00164],[-118.80887,34.00164]],[[-118.80851,34.00119],[-118.80851,34.00119]],[[-118.80796,34.00104],[-118.80796,34.00104]],[[-118.80778,34.00089],[-118.80778,34.00089]],[[-118.8076,34.00074],[-118.8076,34.00074]],[[-118.80724,34.00029],[-118.80724,34.00029]],[[-118.74353,33.97598],[-118.74553,33.97572],[-118.74971,33.97557],[-118.75035,33.97576],[-118.7517,33.97695],[-118.75206,33.97705],[-118.75243,33.97684],[-118.75319,33.97576],[-118.7537,33.97541],[-118.75533,33.97528],[-118.75678,33.97576],[-118.75824,33.97456],[-118.76168,33.97408],[-118.7635,33.9746],[-118.76459,33.97371],[-118.76731,33.97328],[-118.76931,33.97325],[-118.77003,33.97344],[-118.77076,33.97392],[-118.77112,33.97394],[-118.77221,33.9728],[-118.77366,33.97249],[-118.77802,33.97254],[-118.77929,33.97304],[-118.78346,33.973],[-118.78401,33.97316],[-118.78528,33.97399],[-118.78673,33.97338],[-118.78727,33.97338],[-118.78836,33.97379],[-118.78945,33.97331],[-118.78999,33.97327],[-118.79054,33.97342],[-118.79126,33.97398],[-118.79163,33.97395],[-118.79237,33.97351],[-118.79326,33.97342],[-118.795,33.97396],[-118.7972,33.97411],[-118.7988,33.97456],[-118.79987,33.97606],[-118.79936,33.97712],[-118.79862,33.97817],[-118.79866,33.97998],[-118.79794,33.98073],[-118.79818,33.98148],[-118.79864,33.98208],[-118.79979,33.98274],[-118.80015,33.98314],[-118.79957,33.98539],[-118.80049,33.98599],[-118.80074,33.98645],[-118.80125,33.9868],[-118.80324,33.98755],[-118.80415,33.98744],[-118.80542,33.98758],[-118.80687,33.98886],[-118.80778,33.98935],[-118.80887,33.98959],[-118.8094,33.9893],[-118.80968,33.98855],[-118.80908,33.98705],[-118.80868,33.98645],[-118.80855,33.98539],[-118.80733,33.98449],[-118.80669,33.98434],[-118.80633,33.98407],[-118.806,33.98329],[-118.80603,33.98298],[-118.80702,33.98193],[-118.80797,33.97983],[-118.80905,33.97892],[-118.80941,33.97792],[-118.80978,33.97771],[-118.81105,33.97773],[-118.81268,33.97639],[-118.81377,33.9759],[-118.81577,33.97597],[-118.81631,33.97615],[-118.81722,33.97678],[-118.81831,33.97634],[-118.81958,33.97663],[-118.82004,33.97727],[-118.81989,33.97922],[-118.81994,33.9795],[-118.8203,33.97972],[-118.82284,33.97817],[-118.82319,33.97847],[-118.82325,33.97967],[-118.82339,33.98013],[-118.82357,33.9802],[-118.82463,33.97952],[-118.82629,33.97912],[-118.82744,33.97907],[-118.82777,33.97937],[-118.8273,33.98058],[-118.82729,33.98118],[-118.82756,33.98131],[-118.82847,33.98099],[-118.82875,33.98118],[-118.82938,33.9824],[-118.8301,33.98228],[-118.83047,33.98255]],[[-118.82339,33.98013],[-118.82339,33.98013]],[[-118.80778,33.98028],[-118.80778,33.98028]],[[-118.80814,33.97967],[-118.80814,33.97967]],[[-118.80832,33.97952],[-118.80832,33.97952]],[[-118.80905,33.97892],[-118.80905,33.97892]],[[-118.76096,33.97411],[-118.76096,33.97411]]]},"properties":{"depth_m":325}},{"type":"Feature","geometry":{"type":"MultiLineString","coordinates":[[[-118.83047,34.02045],[-118.82883,34.0194],[-118.82484,34.01639],[-118.82466,34.01639],[-118.81722,34.01022],[-118.81649,34.00932],[-118.81558,34.00856],[-118.81558,34.00841],[-118.81068,34.0036],[-118.80996,34.0027],[-118.80905,34.00194],[-118.80887,34.00134],[-118.80832,34.00104],[-118.80796,34.00104],[-118.8076,34.00074],[-118.8076,34.00044],[-118.80742,34.00029],[-118.80705,34.00014],[-118.80615,34.00014],[-118.80597,34.00029],[-118.80542,34.00029],[-118.80506,34.00059],[-118.80506,34.00089],[-118.80488,34.00104],[-118.80488,34.00255],[-118.80433,34.00345],[-118.80433,34.00375],[-118.80234,34.00555],[-118.80052,34.00631],[-118.79943,34.00646],[-118.79925,34.00661],[-118.7978,34.00661],[-118.79762,34.00676],[-118.79616,34.00676],[-118.79598,34.00691],[-118.79544,34.00691],[-118.79417,34.00766],[-118.79381,34.00841],[-118.79381,34.00917],[-118.79417,34.00992],[-118.79399,34.01082],[-118.79362,34.01127],[-118.79254,34.01202],[-118.79235,34.01293],[-118.79181,34.01398],[-118.79072,34.01503],[-118.79072,34.01579],[-118.79054,34.01609],[-118.788,34.01849],[-118.78764,34.0194],[-118.78564,34.0209],[-118.78528,34.0209],[-118.78401,34.0215],[-118.78364,34.0215],[-118.78201,34.02226],[-118.77856,34.02271],[-118.77529,34.02361],[-118.77475,34.02361],[-118.77348,34.02406],[-118.77094,34.02436],[-118.77003,34.02466],[-118.7684,34.02481],[-118.76731,34.02511],[-118.76332,34.02542],[-118.76313,34.02557],[-118.75987,34.02542],[-118.75969,34.02557],[-118.75624,34.02572],[-118.75533,34.02617],[-118.75533,34.02662],[-118.75461,34.02752],[-118.75442,34.02812],[-118.7537,34.02842],[-118.75225,34.02963],[-118.75134,34.02993],[-118.75061,34.03038],[-118.74934,34.03068],[-118.74789,34.03128],[-118.74698,34.03143],[-118.74553,34.03204]],[[-118.76132,34.02557],[-118.76132,34.02557]],[[-118.8301,34.0203],[-118.8301,34.0203]],[[-118.82992,34.02015],[-118.82992,34.02015]],[[-118.82974,34.02],[-118.82974,34.02]],[[-118.82956,34.01985],[-118.82956,34.01985]],[[-118.82938,34.0197],[-118.82938,34.0197]],[[-118.82919,34.01955],[-118.82919,34.01955]],[[-118.82883,34.0194],[-118.82883,34.0194]],[[-118.82865,34.01925],[-118.82865,34.01925]],[[-118.82847,34.0191],[-118.82847,34.0191]],[[-118.82829,34.01895],[-118.82829,34.01895]],[[-118.82811,34.0188],[-118.82811,34.0188]],[[-118.82792,34.01864],[-118.82792,34.01864]],[[-118.82774,34.01849],[-118.82774,34.01849]],[[-118.82738,34.01834],[-118.82738,34.01834]],[[-118.8272,34.01819],[-118.8272,34.01819]],[[-118.82702,34.01804],[-118.82702,34.01804]],[[-118.82684,34.01789],[-118.82684,34.01789]],[[-118.82665,34.01774],[-118.82665,34.01774]],[[-118.82647,34.01759],[-118.82647,34.01759]],[[-118.82629,34.01744],[-118.82629,34.01744]],[[-118.82593,34.01729],[-118.82593,34.01729]],[[-118.82575,34.01714],[-118.82575,34.01714]],[[-118.82557,34.01699],[-118.82557,34.01699]],[[-118.82538,34.01684],[-118.82538,34.01684]],[[-118.8252,34.01669],[-118.8252,34.01669]],[[-118.82502,34.01654],[-118.82502,34.01654]],[[-118.82466,34.01639],[-118.82466,34.01639]],[[-118.82448,34.01624],[-118.82448,34.01624]],[[-118.82429,34.01609],[-118.82429,34.01609]],[[-118.82411,34.01594],[-118.82411,34.01594]],[[-118.82393,34.01579],[-118.82393,34.01579]],[[-118.82375,34.01564],[-118.82375,34.01564]],[[-118.82357,34.01549],[-118.82357,34.01549]],[[-118.82339,34.01533],[-118.82339,34.01533]],[[-118.82321,34.01518],[-118.82321,34.01518]],[[-118.82302,34.01503],[-118.82302,34.01503]],[[-118.82284,34.01488],[-118.82284,34.01488]],[[-118.82266,34.01473],[-118.82266,34.01473]],[[-118.82248,34.01458],[-118.82248,34.01458]],[[-118.8223,34.01443],[-118.8223,34.01443]],[[-118.82212,34.01428],[-118.82212,34.01428]],[[-118.82194,34.01413],[-118.82194,34.01413]],[[-118.82175,34.01398],[-118.82175,34.01398]],[[-118.82157,34.01383],[-118.82157,34.01383]],[[-118.82139,34.01368],[-118.82139,34.01368]],[[-118.82121,34.01353],[-118.82121,34.01353]],[[-118.82103,34.01338],[-118.82103,34.01338]],[[-118.82085,34.01323],[-118.82085,34.01323]],[[-118.82067,34.01308],[-118.82067,34.01308]],[[-118.82048,34.01293],[-118.82048,34.01293]],[[-118.8203,34.01278],[-118.8203,34.01278]],[[-118.82012,34.01263],[-118.82012,34.01263]],[[-118.81994,34.01248],[-118.81994,34.01248]],[[-118.81976,34.01233],[-118.81976,34.01233]],[[-118.81958,34.01217],[-118.81958,34.01217]],[[-118.81939,34.01202],[-118.81939,34.01202]],[[-118.81921,34.01187],[-118.81921,34.01187]],[[-118.81903,34.01172],[-118.81903,34.01172]],[[-118.81885,34.01157],[-118.81885,34.01157]],[[-118.81867,34.01142],[-118.81867,34.01142]],[[-118.81849,34.01127],[-118.81849,34.01127]],[[-118.81831,34.01112],[-118.81831,34.01112]],[[-118.81812,34.01097],[-118.81812,34.01097]],[[-118.81794,34.01082],[-118.81794,34.01082]],[[-118.81776,34.01067],[-118.81776,34.01067]],[[-118.81758,34.01052],[-118.81758,34.01052]],[[-118.8174,34.01037],[-118.8174,34.01037]],[[-118.81722,34.01022],[-118.81722,34.01022]],[[-118.81704,34.00992],[-118.81704,34.00992]],[[-118.81685,34.00977],[-118.81685,34.00977]],[[-118.81667,34.00962],[-118.81667,34.00962]],[[-118.81649,34.00947],[-118.81649,34.00947]],[[-118.81631,34.00917],[-118.81631,34.00917]],[[-118.81613,34.00902],[-118.81613,34.00902]],[[-118.81595,34.00886],[-118.81595,34.00886]],[[-118.81577,34.00871],[-118.81577,34.00871]],[[-118.81558,34.00856],[-118.81558,34.00856]],[[-118.8154,34.00826],[-118.8154,34.00826]],[[-118.81522,34.00811],[-118.81522,34.00811]],[[-118.81504,34.00796],[-118.81504,34.00796]],[[-118.81486,34.00781],[-118.81486,34.00781]],[[-118.81468,34.00751],[-118.81468,34.00751]],[[-118.81449,34.00736],[-118.81449,34.00736]],[[-118.81431,34.00721],[-118.81431,34.00721]],[[-118.81413,34.00706],[-118.81413,34.00706]],[[-118.81395,34.00691],[-118.81395,34.00691]],[[-118.81377,34.00661],[-118.81377,34.00661]],[[-118.81359,34.00646],[-118.81359,34.00646]],[[-118.81341,34.00631],[-118.81341,34.00631]],[[-118.81322,34.00616],[-118.81322,34.00616]],[[-118.81304,34.00586],[-118.81304,34.00586]],[[-118.81286,34.0057],[-118.81286,34.0057]],[[-118.81268,34.00555],[-118.81268,34.00555]],[[-118.8125,34.0054],[-118.8125,34.0054]],[[-118.81232,34.00525],[-118.81232,34.00525]],[[-118.81214,34.00495],[-118.81214,34.00495]],[[-118.81195,34.0048],[-118.81195,34.0048]],[[-118.81177,34.00465],[-118.81177,34.00465]],[[-118.81159,34.0045],[-118.81159,34.0045]],[[-118.81141,34.0042],[-118.81141,34.0042]],[[-118.81123,34.00405],[-118.81123,34.00405]],[[-118.81105,34.0039],[-118.81105,34.0039]],[[-118.81087,34.00375],[-118.81087,34.00375]],[[-118.81068,34.0036],[-118.81068,34.0036]],[[-118.8105,34.0033],[-118.8105,34.0033]],[[-118.81032,34.00315],[-118.81032,34.00315]],[[-118.81014,34.003],[-118.81014,34.003]],[[-118.80996,34.00285],[-118.80996,34.00285]],[[-118.80978,34.00255],[-118.80978,34.00255]],[[-118.80959,34.00239],[-118.80959,34.00239]],[[-118.80941,34.00224],[-118.80941,34.00224]],[[-118.80923,34.00209],[-118.80923,34.00209]],[[-118.80905,34.00194],[-118.80905,34.00194]],[[-118.80887,34.00164],[-118.80887,34.00164]],[[-118.80851,34.00119],[-118.80851,34.00119]],[[-118.80796,34.00104],[-118.80796,34.00104]],[[-118.80778,34.00089],[-118.80778,34.00089]],[[-118.8076,34.00074],[-118.8076,34.00074]],[[-118.80724,34.00029],[-118.80724,34.00029]],[[-118.74353,33.97493],[-118.74408,33.97501],[-118.74589,33.97476],[-118.74971,33.97455],[-118.75025,33.97473],[-118.7517,33.97597],[-118.75188,33.97597],[-118.75225,33.97569],[-118.75297,33.97466],[-118.7537,33.97423],[-118.75497,33.97413],[-118.7566,33.9746],[-118.75733,33.97374],[-118.75805,33.9734],[-118.76114,33.97298],[-118.76313,33.97346],[-118.76386,33.97262],[-118.76695,33.97216],[-118.76931,33.97222],[-118.77076,33.97284],[-118.77112,33.97262],[-118.77146,33.972],[-118.77185,33.97166],[-118.77384,33.97132],[-118.77874,33.97138],[-118.78128,33.97195],[-118.78346,33.97193],[-118.78455,33.97239],[-118.78546,33.97301],[-118.78691,33.97244],[-118.78854,33.97285],[-118.78927,33.9723],[-118.79018,33.9722],[-118.79072,33.97229],[-118.79145,33.97286],[-118.79181,33.97288],[-118.79272,33.97241],[-118.79326,33.97239],[-118.79526,33.973],[-118.79671,33.97301],[-118.79934,33.97351],[-118.79993,33.97396],[-118.79986,33.97501],[-118.80051,33.97591],[-118.80051,33.97621],[-118.79909,33.97802],[-118.799,33.97862],[-118.79922,33.97952],[-118.79854,33.98088],[-118.79917,33.98193],[-118.80067,33.98314],[-118.80022,33.98404],[-118.80016,33.98523],[-118.80142,33.98645],[-118.80288,33.98708],[-118.8056,33.9872],[-118.80605,33.98735],[-118.80723,33.98825],[-118.80796,33.98839],[-118.80851,33.98831],[-118.80872,33.98795],[-118.80869,33.98761],[-118.80825,33.9869],[-118.80807,33.98554],[-118.80759,33.98509],[-118.80606,33.98434],[-118.8057,33.98389],[-118.8055,33.98314],[-118.80651,33.98203],[-118.80732,33.98028],[-118.80742,33.97948],[-118.80855,33.97862],[-118.80887,33.97752],[-118.80941,33.97728],[-118.81109,33.97727],[-118.81148,33.97697],[-118.81177,33.97626],[-118.81232,33.9758],[-118.81304,33.97571],[-118.81468,33.97475],[-118.81631,33.97494],[-118.8174,33.97537],[-118.81885,33.97503],[-118.82012,33.97538],[-118.82048,33.97577],[-118.82067,33.97636],[-118.82047,33.97847],[-118.82067,33.97866],[-118.82212,33.9779],[-118.82393,33.9765],[-118.82415,33.97651],[-118.82444,33.97682],[-118.82385,33.97817],[-118.82379,33.97862],[-118.82393,33.97895],[-118.82411,33.97901],[-118.8252,33.97852],[-118.82756,33.97807],[-118.82847,33.97809],[-118.82872,33.97832],[-118.82872,33.97877],[-118.82861,33.97922],[-118.82806,33.97998],[-118.82807,33.98028],[-118.82901,33.98035],[-118.8293,33.98058],[-118.82938,33.98096],[-118.82992,33.98104],[-118.83047,33.98142]],[[-118.80705,33.98073],[-118.80705,33.98073]]]},"properties":{"depth_m":350}},{"type":"Feature","geometry":{"type":"MultiLineString","coordinates":[[[-118.83047,34.02045],[-118.82883,34.0194],[-118.82484,34.01639],[-118.82466,34.01639],[-118.81722,34.01022],[-118.81649,34.00932],[-118.81558,34.00856],[-118.81558,34.00841],[-118.81232,34.00525],[-118.81159,34.00435],[-118.81068,34.0036],[-118.80996,34.0027],[-118.80905,34.00194],[-118.80887,34.00134],[-118.80832,34.00104],[-118.80796,34.00104],[-118.8076,34.00074],[-118.8076,34.00044],[-118.80742,34.00029],[-118.80705,34.00014],[-118.80615,34.00014],[-118.80597,34.00029],[-118.80542,34.00029],[-118.80506,34.00059],[-118.80506,34.00089],[-118.80488,34.00104],[-118.80488,34.00255],[-118.80433,34.00345],[-118.80433,34.00375],[-118.80234,34.00555],[-118.80052,34.00631],[-118.79943,34.00646],[-118.79925,34.00661],[-118.7978,34.00661],[-118.79762,34.00676],[-118.79616,34.00676],[-118.79598,34.00691],[-118.79544,34.00691],[-118.79417,34.00766],[-118.79381,34.00841],[-118.79381,34.00917],[-118.79417,34.00992],[-118.79399,34.01082],[-118.79362,34.01127],[-118.79254,34.01202],[-118.79235,34.01293],[-118.79181,34.01398],[-118.79072,34.01503],[-118.79072,34.01579],[-118.79054,34.01609],[-118.788,34.01849],[-118.78764,34.0194],[-118.78564,34.0209],[-118.78528,34.0209],[-118.78401,34.0215],[-118.78364,34.0215],[-118.78201,34.02226],[-118.77856,34.02271],[-118.77529,34.02361],[-118.77475,34.02361],[-118.77348,34.02406],[-118.77094,34.02436],[-118.77003,34.02466],[-118.7684,34.02481],[-118.76731,34.02511],[-118.76332,34.02542],[-118.76313,34.02557],[-118.75987,34.02542],[-118.75969,34.02557],[-118.75624,34.02572],[-118.75533,34.02617],[-118.75533,34.02662],[-118.75461,34.02752],[-118.75442,34.02812],[-118.7537,34.02842],[-118.75225,34.02963],[-118.75134,34.02993],[-118.75061,34.03038],[-118.74934,34.03068],[-118.74789,34.03128],[-118.74698,34.03143],[-118.74553,34.03204]],[[-118.76132,34.02557],[-118.76132,34.02557]],[[-118.8301,34.0203],[-118.8301,34.0203]],[[-118.82992,34.02015],[-118.82992,34.02015]],[[-118.82974,34.02],[-118.82974,34.02]],[[-118.82956,34.01985],[-118.82956,34.01985]],[[-118.82938,34.0197],[-118.82938,34.0197]],[[-118.82919,34.01955],[-118.82919,34.01955]],[[-118.82883,34.0194],[-118.82883,34.0194]],[[-118.82865,34.01925],[-118.82865,34.01925]],[[-118.82847,34.0191],[-118.82847,34.0191]],[[-118.82829,34.01895],[-118.82829,34.01895]],[[-118.82811,34.0188],[-118.82811,34.0188]],[[-118.82792,34.01864],[-118.82792,34.01864]],[[-118.82774,34.01849],[-118.82774,34.01849]],[[-118.82738,34.01834],[-118.82738,34.01834]],[[-118.8272,34.01819],[-118.8272,34.01819]],[[-118.82702,34.01804],[-118.82702,34.01804]],[[-118.82684,34.01789],[-118.82684,34.01789]],[[-118.82665,34.01774],[-118.82665,34.01774]],[[-118.82647,34.01759],[-118.82647,34.01759]],[[-118.82629,34.01744],[-118.82629,34.01744]],[[-118.82593,34.01729],[-118.82593,34.01729]],[[-118.82575,34.01714],[-118.82575,34.01714]],[[-118.82557,34.01699],[-118.82557,34.01699]],[[-118.82538,34.01684],[-118.82538,34.01684]],[[-118.8252,34.01669],[-118.8252,34.01669]],[[-118.82502,34.01654],[-118.82502,34.01654]],[[-118.82466,34.01639],[-118.82466,34.01639]],[[-118.82448,34.01624],[-118.82448,34.01624]],[[-118.82429,34.01609],[-118.82429,34.01609]],[[-118.82411,34.01594],[-118.82411,34.01594]],[[-118.82393,34.01579],[-118.82393,34.01579]],[[-118.82375,34.01564],[-118.82375,34.01564]],[[-118.82357,34.01549],[-118.82357,34.01549]],[[-118.82339,34.01533],[-118.82339,34.01533]],[[-118.82321,34.01518],[-118.82321,34.01518]],[[-118.82302,34.01503],[-118.82302,34.01503]],[[-118.82284,34.01488],[-118.82284,34.01488]],[[-118.82266,34.01473],[-118.82266,34.01473]],[[-118.82248,34.01458],[-118.82248,34.01458]],[[-118.8223,34.01443],[-118.8223,34.01443]],[[-118.82212,34.01428],[-118.82212,34.01428]],[[-118.82194,34.01413],[-118.82194,34.01413]],[[-118.82175,34.01398],[-118.82175,34.01398]],[[-118.82157,34.01383],[-118.82157,34.01383]],[[-118.82139,34.01368],[-118.82139,34.01368]],[[-118.82121,34.01353],[-118.82121,34.01353]],[[-118.82103,34.01338],[-118.82103,34.01338]],[[-118.82085,34.01323],[-118.82085,34.01323]],[[-118.82067,34.01308],[-118.82067,34.01308]],[[-118.82048,34.01293],[-118.82048,34.01293]],[[-118.8203,34.01278],[-118.8203,34.01278]],[[-118.82012,34.01263],[-118.82012,34.01263]],[[-118.81994,34.01248],[-118.81994,34.01248]],[[-118.81976,34.01233],[-118.81976,34.01233]],[[-118.81958,34.01217],[-118.81958,34.01217]],[[-118.81939,34.01202],[-118.81939,34.01202]],[[-118.81921,34.01187],[-118.81921,34.01187]],[[-118.81903,34.01172],[-118.81903,34.01172]],[[-118.81885,34.01157],[-118.81885,34.01157]],[[-118.81867,34.01142],[-118.81867,34.01142]],[[-118.81849,34.01127],[-118.81849,34.01127]],[[-118.81831,34.01112],[-118.81831,34.01112]],[[-118.81812,34.01097],[-118.81812,34.01097]],[[-118.81794,34.01082],[-118.81794,34.01082]],[[-118.81776,34.01067],[-118.81776,34.01067]],[[-118.81758,34.01052],[-118.81758,34.01052]],[[-118.8174,34.01037],[-118.8174,34.01037]],[[-118.81722,34.01022],[-118.81722,34.01022]],[[-118.81704,34.00992],[-118.81704,34.00992]],[[-118.81685,34.00977],[-118.81685,34.00977]],[[-118.81667,34.00962],[-118.81667,34.00962]],[[-118.81649,34.00947],[-118.81649,34.00947]],[[-118.81631,34.00917],[-118.81631,34.00917]],[[-118.81613,34.00902],[-118.81613,34.00902]],[[-118.81595,34.00886],[-118.81595,34.00886]],[[-118.81577,34.00871],[-118.81577,34.00871]],[[-118.81558,34.00856],[-118.81558,34.00856]],[[-118.8154,34.00826],[-118.8154,34.00826]],[[-118.81522,34.00811],[-118.81522,34.00811]],[[-118.81504,34.00796],[-118.81504,34.00796]],[[-118.81486,34.00781],[-118.81486,34.00781]],[[-118.81468,34.00751],[-118.81468,34.00751]],[[-118.81449,34.00736],[-118.81449,34.00736]],[[-118.81431,34.00721],[-118.81431,34.00721]],[[-118.81413,34.00706],[-118.81413,34.00706]],[[-118.81395,34.00691],[-118.81395,34.00691]],[[-118.81377,34.00661],[-118.81377,34.00661]],[[-118.81359,34.00646],[-118.81359,34.00646]],[[-118.81341,34.00631],[-118.81341,34.00631]],[[-118.81322,34.00616],[-118.81322,34.00616]],[[-118.81304,34.00586],[-118.81304,34.00586]],[[-118.81286,34.0057],[-118.81286,34.0057]],[[-118.81268,34.00555],[-118.81268,34.00555]],[[-118.8125,34.0054],[-118.8125,34.0054]],[[-118.81232,34.00525],[-118.81232,34.00525]],[[-118.81214,34.00495],[-118.81214,34.00495]],[[-118.81195,34.0048],[-118.81195,34.0048]],[[-118.81177,34.00465],[-118.81177,34.00465]],[[-118.81159,34.0045],[-118.81159,34.0045]],[[-118.81141,34.0042],[-118.81141,34.0042]],[[-118.81123,34.00405],[-118.81123,34.00405]],[[-118.81105,34.0039],[-118.81105,34.0039]],[[-118.81087,34.00375],[-118.81087,34.00375]],[[-118.81068,34.0036],[-118.81068,34.0036]],[[-118.8105,34.0033],[-118.8105,34.0033]],[[-118.81032,34.00315],[-118.81032,34.00315]],[[-118.81014,34.003],[-118.81014,34.003]],[[-118.80996,34.00285],[-118.80996,34.00285]],[[-118.80978,34.00255],[-118.80978,34.00255]],[[-118.80959,34.00239],[-118.80959,34.00239]],[[-118.80941,34.00224],[-118.80941,34.00224]],[[-118.80923,34.00209],[-118.80923,34.00209]],[[-118.80905,34.00194],[-118.80905,34.00194]],[[-118.80887,34.00164],[-118.80887,34.00164]],[[-118.80851,34.00119],[-118.80851,34.00119]],[[-118.80796,34.00104],[-118.80796,34.00104]],[[-118.80778,34.00089],[-118.80778,34.00089]],[[-118.8076,34.00074],[-118.8076,34.00074]],[[-118.80724,34.00029],[-118.80724,34.00029]],[[-118.74353,33.9737],[-118.74462,33.97383],[-118.74971,33.97342],[-118.75025,33.97355],[-118.75152,33.97457],[-118.7517,33.97457],[-118.75225,33.97424],[-118.75315,33.97326],[-118.7537,33.97302],[-118.75479,33.97303],[-118.75606,33.97343],[-118.75646,33.9732],[-118.75715,33.9724],[-118.75746,33.9723],[-118.76096,33.97185],[-118.76259,33.97235],[-118.76321,33.97155],[-118.76386,33.97119],[-118.76513,33.97119],[-118.76731,33.97088],[-118.76858,33.97096],[-118.77021,33.97167],[-118.77058,33.97147],[-118.77091,33.9708],[-118.7713,33.97042],[-118.77402,33.97],[-118.77475,33.9701],[-118.77802,33.96996],[-118.78056,33.97017],[-118.78255,33.9709],[-118.78401,33.97076],[-118.78546,33.9719],[-118.78673,33.97152],[-118.78818,33.97182],[-118.78945,33.97105],[-118.79036,33.97096],[-118.79108,33.97112],[-118.79181,33.97156],[-118.79362,33.97129],[-118.79562,33.97204],[-118.79762,33.972],[-118.80052,33.97271],[-118.80089,33.97305],[-118.8004,33.97501],[-118.80108,33.97576],[-118.8011,33.97606],[-118.79954,33.97802],[-118.79945,33.97862],[-118.79964,33.97952],[-118.79914,33.98073],[-118.79943,33.98148],[-118.80137,33.98314],[-118.80142,33.98344],[-118.80069,33.98404],[-118.80069,33.98509],[-118.80179,33.98614],[-118.80306,33.98674],[-118.80379,33.98683],[-118.80542,33.98659],[-118.80705,33.98716],[-118.80737,33.98705],[-118.80759,33.98675],[-118.80739,33.98569],[-118.80651,33.98495],[-118.80506,33.98439],[-118.8048,33.98404],[-118.80492,33.98314],[-118.80597,33.98212],[-118.80628,33.98148],[-118.80687,33.97998],[-118.80706,33.97892],[-118.80786,33.97817],[-118.80869,33.97701],[-118.80923,33.97682],[-118.8105,33.97677],[-118.81092,33.97651],[-118.81177,33.97554],[-118.81232,33.97539],[-118.81304,33.97547],[-118.81423,33.97456],[-118.81468,33.97384],[-118.81522,33.97348],[-118.8174,33.97368],[-118.81939,33.97344],[-118.8203,33.97367],[-118.82118,33.97441],[-118.82135,33.97621],[-118.82128,33.97727],[-118.82157,33.9775],[-118.82266,33.97677],[-118.82412,33.97501],[-118.82466,33.9748],[-118.82538,33.97488],[-118.8259,33.97531],[-118.82603,33.97591],[-118.82481,33.97742],[-118.82472,33.97757],[-118.82484,33.97775],[-118.82611,33.97777],[-118.82857,33.97697],[-118.82932,33.97697],[-118.82956,33.97717],[-118.82964,33.97772],[-118.82912,33.97952],[-118.82938,33.97973],[-118.83018,33.97967],[-118.83037,33.97983],[-118.8303,33.98013],[-118.83047,33.98034]],[[-118.80814,33.97772],[-118.80814,33.97772]],[[-118.80088,33.97636],[-118.80088,33.97636]]]},"properties":{"depth_m":375}},{"type":"Feature","geometry":{"type":"MultiLineString","coordinates":[[[-118.83047,34.02045],[-118.82883,34.0194],[-118.82484,34.01639],[-118.82466,34.01639],[-118.81722,34.01022],[-118.81649,34.00932],[-118.81558,34.00856],[-118.81558,34.00841],[-118.81232,34.00525],[-118.81159,34.00435],[-118.81068,34.0036],[-118.80996,34.0027],[-118.80905,34.00194],[-118.80887,34.00134],[-118.80832,34.00104],[-118.80796,34.00104],[-118.8076,34.00074],[-118.8076,34.00044],[-118.80742,34.00029],[-118.80705,34.00014],[-118.80615,34.00014],[-118.80597,34.00029],[-118.80542,34.00029],[-118.80506,34.00059],[-118.80506,34.00089],[-118.80488,34.00104],[-118.80488,34.00255],[-118.80433,34.00345],[-118.80433,34.00375],[-118.80234,34.00555],[-118.80052,34.00631],[-118.79943,34.00646],[-118.79925,34.00661],[-118.7978,34.00661],[-118.79762,34.00676],[-118.79616,34.00676],[-118.79598,34.00691],[-118.79544,34.00691],[-118.79417,34.00766],[-118.79381,34.00841],[-118.79381,34.00917],[-118.79417,34.00992],[-118.79399,34.01082],[-118.79362,34.01127],[-118.79254,34.01202],[-118.79235,34.01293],[-118.79181,34.01398],[-118.79072,34.01503],[-118.79072,34.01579],[-118.79054,34.01609],[-118.788,34.01849],[-118.78764,34.0194],[-118.78564,34.0209],[-118.78528,34.0209],[-118.78401,34.0215],[-118.78364,34.0215],[-118.78201,34.02226],[-118.77856,34.02271],[-118.77529,34.02361],[-118.77475,34.02361],[-118.77348,34.02406],[-118.77094,34.02436],[-118.77003,34.02466],[-118.7684,34.02481],[-118.76731,34.02511],[-118.76332,34.02542],[-118.76313,34.02557],[-118.75987,34.02542],[-118.75969,34.02557],[-118.75624,34.02572],[-118.75533,34.02617],[-118.75533,34.02662],[-118.75461,34.02752],[-118.75442,34.02812],[-118.7537,34.02842],[-118.75225,34.02963],[-118.75134,34.02993],[-118.75061,34.03038],[-118.74934,34.03068],[-118.74789,34.03128],[-118.74698,34.03143],[-118.74553,34.03204]],[[-118.76132,34.02557],[-118.76132,34.02557]],[[-118.8301,34.0203],[-118.8301,34.0203]],[[-118.82992,34.02015],[-118.82992,34.02015]],[[-118.82974,34.02],[-118.82974,34.02]],[[-118.82956,34.01985],[-118.82956,34.01985]],[[-118.82938,34.0197],[-118.82938,34.0197]],[[-118.82919,34.01955],[-118.82919,34.01955]],[[-118.82883,34.0194],[-118.82883,34.0194]],[[-118.82865,34.01925],[-118.82865,34.01925]],[[-118.82847,34.0191],[-118.82847,34.0191]],[[-118.82829,34.01895],[-118.82829,34.01895]],[[-118.82811,34.0188],[-118.82811,34.0188]],[[-118.82792,34.01864],[-118.82792,34.01864]],[[-118.82774,34.01849],[-118.82774,34.01849]],[[-118.82738,34.01834],[-118.82738,34.01834]],[[-118.8272,34.01819],[-118.8272,34.01819]],[[-118.82702,34.01804],[-118.82702,34.01804]],[[-118.82684,34.01789],[-118.82684,34.01789]],[[-118.82665,34.01774],[-118.82665,34.01774]],[[-118.82647,34.01759],[-118.82647,34.01759]],[[-118.82629,34.01744],[-118.82629,34.01744]],[[-118.82593,34.01729],[-118.82593,34.01729]],[[-118.82575,34.01714],[-118.82575,34.01714]],[[-118.82557,34.01699],[-118.82557,34.01699]],[[-118.82538,34.01684],[-118.82538,34.01684]],[[-118.8252,34.01669],[-118.8252,34.01669]],[[-118.82502,34.01654],[-118.82502,34.01654]],[[-118.82466,34.01639],[-118.82466,34.01639]],[[-118.82448,34.01624],[-118.82448,34.01624]],[[-118.82429,34.01609],[-118.82429,34.01609]],[[-118.82411,34.01594],[-118.82411,34.01594]],[[-118.82393,34.01579],[-118.82393,34.01579]],[[-118.82375,34.01564],[-118.82375,34.01564]],[[-118.82357,34.01549],[-118.82357,34.01549]],[[-118.82339,34.01533],[-118.82339,34.01533]],[[-118.82321,34.01518],[-118.82321,34.01518]],[[-118.82302,34.01503],[-118.82302,34.01503]],[[-118.82284,34.01488],[-118.82284,34.01488]],[[-118.82266,34.01473],[-118.82266,34.01473]],[[-118.82248,34.01458],[-118.82248,34.01458]],[[-118.8223,34.01443],[-118.8223,34.01443]],[[-118.82212,34.01428],[-118.82212,34.01428]],[[-118.82194,34.01413],[-118.82194,34.01413]],[[-118.82175,34.01398],[-118.82175,34.01398]],[[-118.82157,34.01383],[-118.82157,34.01383]],[[-118.82139,34.01368],[-118.82139,34.01368]],[[-118.82121,34.01353],[-118.82121,34.01353]],[[-118.82103,34.01338],[-118.82103,34.01338]],[[-118.82085,34.01323],[-118.82085,34.01323]],[[-118.82067,34.01308],[-118.82067,34.01308]],[[-118.82048,34.01293],[-118.82048,34.01293]],[[-118.8203,34.01278],[-118.8203,34.01278]],[[-118.82012,34.01263],[-118.82012,34.01263]],[[-118.81994,34.01248],[-118.81994,34.01248]],[[-118.81976,34.01233],[-118.81976,34.01233]],[[-118.81958,34.01217],[-118.81958,34.01217]],[[-118.81939,34.01202],[-118.81939,34.01202]],[[-118.81921,34.01187],[-118.81921,34.01187]],[[-118.81903,34.01172],[-118.81903,34.01172]],[[-118.81885,34.01157],[-118.81885,34.01157]],[[-118.81867,34.01142],[-118.81867,34.01142]],[[-118.81849,34.01127],[-118.81849,34.01127]],[[-118.81831,34.01112],[-118.81831,34.01112]],[[-118.81812,34.01097],[-118.81812,34.01097]],[[-118.81794,34.01082],[-118.81794,34.01082]],[[-118.81776,34.01067],[-118.81776,34.01067]],[[-118.81758,34.01052],[-118.81758,34.01052]],[[-118.8174,34.01037],[-118.8174,34.01037]],[[-118.81722,34.01022],[-118.81722,34.01022]],[[-118.81704,34.00992],[-118.81704,34.00992]],[[-118.81685,34.00977],[-118.81685,34.00977]],[[-118.81667,34.00962],[-118.81667,34.00962]],[[-118.81649,34.00947],[-118.81649,34.00947]],[[-118.81631,34.00917],[-118.81631,34.00917]],[[-118.81613,34.00902],[-118.81613,34.00902]],[[-118.81595,34.00886],[-118.81595,34.00886]],[[-118.81577,34.00871],[-118.81577,34.00871]],[[-118.81558,34.00856],[-118.81558,34.00856]],[[-118.8154,34.00826],[-118.8154,34.00826]],[[-118.81522,34.00811],[-118.81522,34.00811]],[[-118.81504,34.00796],[-118.81504,34.00796]],[[-118.81486,34.00781],[-118.81486,34.00781]],[[-118.81468,34.00751],[-118.81468,34.00751]],[[-118.81449,34.00736],[-118.81449,34.00736]],[[-118.81431,34.00721],[-118.81431,34.00721]],[[-118.81413,34.00706],[-118.81413,34.00706]],[[-118.81395,34.00691],[-118.81395,34.00691]],[[-118.81377,34.00661],[-118.81377,34.00661]],[[-118.81359,34.00646],[-118.81359,34.00646]],[[-118.81341,34.00631],[-118.81341,34.00631]],[[-118.81322,34.00616],[-118.81322,34.00616]],[[-118.81304,34.00586],[-118.81304,34.00586]],[[-118.81286,34.0057],[-118.81286,34.0057]],[[-118.81268,34.00555],[-118.81268,34.00555]],[[-118.8125,34.0054],[-118.8125,34.0054]],[[-118.81232,34.00525],[-118.81232,34.00525]],[[-118.81214,34.00495],[-118.81214,34.00495]],[[-118.81195,34.0048],[-118.81195,34.0048]],[[-118.81177,34.00465],[-118.81177,34.00465]],[[-118.81159,34.0045],[-118.81159,34.0045]],[[-118.81141,34.0042],[-118.81141,34.0042]],[[-118.81123,34.00405],[-118.81123,34.00405]],[[-118.81105,34.0039],[-118.81105,34.0039]],[[-118.81087,34.00375],[-118.81087,34.00375]],[[-118.81068,34.0036],[-118.81068,34.0036]],[[-118.8105,34.0033],[-118.8105,34.0033]],[[-118.81032,34.00315],[-118.81032,34.00315]],[[-118.81014,34.003],[-118.81014,34.003]],[[-118.80996,34.00285],[-118.80996,34.00285]],[[-118.80978,34.00255],[-118.80978,34.00255]],[[-118.80959,34.00239],[-118.80959,34.00239]],[[-118.80941,34.00224],[-118.80941,34.00224]],[[-118.80923,34.00209],[-118.80923,34.00209]],[[-118.80905,34.00194],[-118.80905,34.00194]],[[-118.80887,34.00164],[-118.80887,34.00164]],[[-118.80851,34.00119],[-118.80851,34.00119]],[[-118.80796,34.00104],[-118.80796,34.00104]],[[-118.80778,34.00089],[-118.80778,34.00089]],[[-118.8076,34.00074],[-118.8076,34.00074]],[[-118.80724,34.00029],[-118.80724,34.00029]],[[-118.74353,33.97219],[-118.74735,33.97235],[-118.75007,33.97218],[-118.75061,33.97236],[-118.75134,33.97304],[-118.7517,33.97314],[-118.75225,33.97273],[-118.75274,33.972],[-118.75333,33.97167],[-118.75406,33.97159],[-118.75551,33.97202],[-118.7566,33.97115],[-118.75823,33.97075],[-118.76023,33.9706],[-118.76168,33.97096],[-118.76205,33.97076],[-118.76248,33.9702],[-118.76295,33.96999],[-118.76404,33.96977],[-118.76477,33.96985],[-118.76749,33.96955],[-118.76822,33.96966],[-118.76967,33.97038],[-118.77003,33.97016],[-118.77058,33.96933],[-118.77094,33.96912],[-118.77384,33.96862],[-118.77693,33.96851],[-118.78056,33.96851],[-118.78165,33.96873],[-118.78292,33.96937],[-118.78419,33.96923],[-118.78473,33.96959],[-118.78514,33.9702],[-118.78564,33.9706],[-118.78673,33.97046],[-118.78782,33.97064],[-118.78872,33.96971],[-118.78927,33.96959],[-118.79072,33.96962],[-118.79199,33.97001],[-118.79344,33.96966],[-118.79399,33.96978],[-118.79598,33.97108],[-118.79762,33.97073],[-118.79943,33.971],[-118.80125,33.97144],[-118.80192,33.972],[-118.80093,33.97471],[-118.80094,33.97501],[-118.80156,33.97561],[-118.8016,33.97591],[-118.80001,33.97802],[-118.79992,33.97862],[-118.80008,33.97937],[-118.7998,33.98088],[-118.80058,33.98208],[-118.80168,33.98298],[-118.80174,33.98374],[-118.80125,33.98449],[-118.80152,33.98524],[-118.80197,33.98574],[-118.80342,33.98637],[-118.80559,33.98599],[-118.8059,33.98569],[-118.80571,33.98539],[-118.80469,33.98491],[-118.80424,33.98449],[-118.80427,33.98359],[-118.80398,33.98314],[-118.8042,33.98283],[-118.80509,33.98238],[-118.8056,33.98181],[-118.80631,33.97998],[-118.80673,33.97817],[-118.80832,33.97652],[-118.81032,33.97637],[-118.81232,33.97446],[-118.81304,33.97403],[-118.81413,33.97401],[-118.81577,33.97245],[-118.81794,33.97263],[-118.8203,33.97253],[-118.82159,33.9723],[-118.82199,33.9729],[-118.82194,33.97503],[-118.82219,33.97591],[-118.82248,33.97616],[-118.82411,33.97408],[-118.82484,33.97354],[-118.82557,33.97353],[-118.82665,33.97432],[-118.82723,33.97516],[-118.82714,33.97561],[-118.82641,33.97682],[-118.82665,33.97703],[-118.82738,33.97696],[-118.82883,33.97625],[-118.82974,33.97604],[-118.83003,33.97636],[-118.83025,33.97727],[-118.83015,33.97862],[-118.83047,33.97893]],[[-118.80578,33.98584],[-118.80578,33.98584]],[[-118.8301,33.97667],[-118.8301,33.97667]],[[-118.82665,33.97636],[-118.82665,33.97636]],[[-118.82702,33.97471],[-118.82702,33.97471]],[[-118.82466,33.97366],[-118.82466,33.97366]],[[-118.81558,33.9726],[-118.81558,33.9726]],[[-118.81649,33.97245],[-118.81649,33.97245]]]},"properties":{"depth_m":400}},{"type":"Feature","geometry":{"type":"MultiLineString","coordinates":[[[-118.83047,34.02045],[-118.82883,34.0194],[-118.82484,34.01639],[-118.82466,34.01639],[-118.81722,34.01022],[-118.81649,34.00932],[-118.81558,34.00856],[-118.81558,34.00841],[-118.81232,34.00525],[-118.81159,34.00435],[-118.81068,34.0036],[-118.80996,34.0027],[-118.80905,34.00194],[-118.80887,34.00134],[-118.80832,34.00104],[-118.80796,34.00104],[-118.8076,34.00074],[-118.8076,34.00044],[-118.80742,34.00029],[-118.80705,34.00014],[-118.80615,34.00014],[-118.80597,34.00029],[-118.80542,34.00029],[-118.80506,34.00059],[-118.80506,34.00089],[-118.80488,34.00104],[-118.80488,34.00255],[-118.80433,34.00345],[-118.80433,34.00375],[-118.80234,34.00555],[-118.80052,34.00631],[-118.79943,34.00646],[-118.79925,34.00661],[-118.7978,34.00661],[-118.79762,34.00676],[-118.79616,34.00676],[-118.79598,34.00691],[-118.79544,34.00691],[-118.79417,34.00766],[-118.79381,34.00841],[-118.79381,34.00917],[-118.79417,34.00992],[-118.79399,34.01082],[-118.79362,34.01127],[-118.79254,34.01202],[-118.79235,34.01293],[-118.79181,34.01398],[-118.79072,34.01503],[-118.79072,34.01579],[-118.79054,34.01609],[-118.788,34.01849],[-118.78764,34.0194],[-118.78564,34.0209],[-118.78528,34.0209],[-118.78401,34.0215],[-118.78364,34.0215],[-118.78201,34.02226],[-118.77856,34.02271],[-118.77529,34.02361],[-118.77475,34.02361],[-118.77348,34.02406],[-118.77094,34.02436],[-118.77003,34.02466],[-118.7684,34.02481],[-118.76731,34.02511],[-118.76332,34.02542],[-118.76313,34.02557],[-118.75987,34.02542],[-118.75969,34.02557],[-118.75624,34.02572],[-118.75533,34.02617],[-118.75533,34.02662],[-118.75479,34.02722],[-118.75442,34.02812],[-118.7537,34.02842],[-118.75225,34.02963],[-118.75134,34.02993],[-118.75061,34.03038],[-118.74934,34.03068],[-118.74789,34.03128],[-118.74698,34.03143],[-118.74553,34.03204]],[[-118.76132,34.02557],[-118.76132,34.02557]],[[-118.8301,34.0203],[-118.8301,34.0203]],[[-118.82992,34.02015],[-118.82992,34.02015]],[[-118.82974,34.02],[-118.82974,34.02]],[[-118.82956,34.01985],[-118.82956,34.01985]],[[-118.82938,34.0197],[-118.82938,34.0197]],[[-118.82919,34.01955],[-118.82919,34.01955]],[[-118.82883,34.0194],[-118.82883,34.0194]],[[-118.82865,34.01925],[-118.82865,34.01925]],[[-118.82847,34.0191],[-118.82847,34.0191]],[[-118.82829,34.01895],[-118.82829,34.01895]],[[-118.82811,34.0188],[-118.82811,34.0188]],[[-118.82792,34.01864],[-118.82792,34.01864]],[[-118.82774,34.01849],[-118.82774,34.01849]],[[-118.82738,34.01834],[-118.82738,34.01834]],[[-118.8272,34.01819],[-118.8272,34.01819]],[[-118.82702,34.01804],[-118.82702,34.01804]],[[-118.82684,34.01789],[-118.82684,34.01789]],[[-118.82665,34.01774],[-118.82665,34.01774]],[[-118.82647,34.01759],[-118.82647,34.01759]],[[-118.82629,34.01744],[-118.82629,34.01744]],[[-118.82593,34.01729],[-118.82593,34.01729]],[[-118.82575,34.01714],[-118.82575,34.01714]],[[-118.82557,34.01699],[-118.82557,34.01699]],[[-118.82538,34.01684],[-118.82538,34.01684]],[[-118.8252,34.01669],[-118.8252,34.01669]],[[-118.82502,34.01654],[-118.82502,34.01654]],[[-118.82466,34.01639],[-118.82466,34.01639]],[[-118.82448,34.01624],[-118.82448,34.01624]],[[-118.82429,34.01609],[-118.82429,34.01609]],[[-118.82411,34.01594],[-118.82411,34.01594]],[[-118.82393,34.01579],[-118.82393,34.01579]],[[-118.82375,34.01564],[-118.82375,34.01564]],[[-118.82357,34.01549],[-118.82357,34.01549]],[[-118.82339,34.01533],[-118.82339,34.01533]],[[-118.82321,34.01518],[-118.82321,34.01518]],[[-118.82302,34.01503],[-118.82302,34.01503]],[[-118.82284,34.01488],[-118.82284,34.01488]],[[-118.82266,34.01473],[-118.82266,34.01473]],[[-118.82248,34.01458],[-118.82248,34.01458]],[[-118.8223,34.01443],[-118.8223,34.01443]],[[-118.82212,34.01428],[-118.82212,34.01428]],[[-118.82194,34.01413],[-118.82194,34.01413]],[[-118.82175,34.01398],[-118.82175,34.01398]],[[-118.82157,34.01383],[-118.82157,34.01383]],[[-118.82139,34.01368],[-118.82139,34.01368]],[[-118.82121,34.01353],[-118.82121,34.01353]],[[-118.82103,34.01338],[-118.82103,34.01338]],[[-118.82085,34.01323],[-118.82085,34.01323]],[[-118.82067,34.01308],[-118.82067,34.01308]],[[-118.82048,34.01293],[-118.82048,34.01293]],[[-118.8203,34.01278],[-118.8203,34.01278]],[[-118.82012,34.01263],[-118.82012,34.01263]],[[-118.81994,34.01248],[-118.81994,34.01248]],[[-118.81976,34.01233],[-118.81976,34.01233]],[[-118.81958,34.01217],[-118.81958,34.01217]],[[-118.81939,34.01202],[-118.81939,34.01202]],[[-118.81921,34.01187],[-118.81921,34.01187]],[[-118.81903,34.01172],[-118.81903,34.01172]],[[-118.81885,34.01157],[-118.81885,34.01157]],[[-118.81867,34.01142],[-118.81867,34.01142]],[[-118.81849,34.01127],[-118.81849,34.01127]],[[-118.81831,34.01112],[-118.81831,34.01112]],[[-118.81812,34.01097],[-118.81812,34.01097]],[[-118.81794,34.01082],[-118.81794,34.01082]],[[-118.81776,34.01067],[-118.81776,34.01067]],[[-118.81758,34.01052],[-118.81758,34.01052]],[[-118.8174,34.01037],[-118.8174,34.01037]],[[-118.81722,34.01022],[-118.81722,34.01022]],[[-118.81704,34.00992],[-118.81704,34.00992]],[[-118.81685,34.00977],[-118.81685,34.00977]],[[-118.81667,34.00962],[-118.81667,34.00962]],[[-118.81649,34.00947],[-118.81649,34.00947]],[[-118.81631,34.00917],[-118.81631,34.00917]],[[-118.81613,34.00902],[-118.81613,34.00902]],[[-118.81595,34.00886],[-118.81595,34.00886]],[[-118.81577,34.00871],[-118.81577,34.00871]],[[-118.81558,34.00856],[-118.81558,34.00856]],[[-118.8154,34.00826],[-118.8154,34.00826]],[[-118.81522,34.00811],[-118.81522,34.00811]],[[-118.81504,34.00796],[-118.81504,34.00796]],[[-118.81486,34.00781],[-118.81486,34.00781]],[[-118.81468,34.00751],[-118.81468,34.00751]],[[-118.81449,34.00736],[-118.81449,34.00736]],[[-118.81431,34.00721],[-118.81431,34.00721]],[[-118.81413,34.00706],[-118.81413,34.00706]],[[-118.81395,34.00691],[-118.81395,34.00691]],[[-118.81377,34.00661],[-118.81377,34.00661]],[[-118.81359,34.00646],[-118.81359,34.00646]],[[-118.81341,34.00631],[-118.81341,34.00631]],[[-118.81322,34.00616],[-118.81322,34.00616]],[[-118.81304,34.00586],[-118.81304,34.00586]],[[-118.81286,34.0057],[-118.81286,34.0057]],[[-118.81268,34.00555],[-118.81268,34.00555]],[[-118.8125,34.0054],[-118.8125,34.0054]],[[-118.81232,34.00525],[-118.81232,34.00525]],[[-118.81214,34.00495],[-118.81214,34.00495]],[[-118.81195,34.0048],[-118.81195,34.0048]],[[-118.81177,34.00465],[-118.81177,34.00465]],[[-118.81159,34.0045],[-118.81159,34.0045]],[[-118.81141,34.0042],[-118.81141,34.0042]],[[-118.81123,34.00405],[-118.81123,34.00405]],[[-118.81105,34.0039],[-118.81105,34.0039]],[[-118.81087,34.00375],[-118.81087,34.00375]],[[-118.81068,34.0036],[-118.81068,34.0036]],[[-118.8105,34.0033],[-118.8105,34.0033]],[[-118.81032,34.00315],[-118.81032,34.00315]],[[-118.81014,34.003],[-118.81014,34.003]],[[-118.80996,34.00285],[-118.80996,34.00285]],[[-118.80978,34.00255],[-118.80978,34.00255]],[[-118.80959,34.00239],[-118.80959,34.00239]],[[-118.80941,34.00224],[-118.80941,34.00224]],[[-118.80923,34.00209],[-118.80923,34.00209]],[[-118.80905,34.00194],[-118.80905,34.00194]],[[-118.80887,34.00164],[-118.80887,34.00164]],[[-118.80851,34.00119],[-118.80851,34.00119]],[[-118.80796,34.00104],[-118.80796,34.00104]],[[-118.80778,34.00089],[-118.80778,34.00089]],[[-118.8076,34.00074],[-118.8076,34.00074]],[[-118.80724,34.00029],[-118.80724,34.00029]],[[-118.74353,33.9697],[-118.74426,33.97005],[-118.74553,33.97028],[-118.75007,33.97037],[-118.75061,33.97056],[-118.75134,33.97118],[-118.7517,33.97117],[-118.75261,33.97022],[-118.75333,33.96995],[-118.75479,33.9703],[-118.75616,33.96959],[-118.75914,33.96912],[-118.76096,33.96949],[-118.76186,33.96871],[-118.76234,33.96854],[-118.76749,33.96804],[-118.76803,33.96806],[-118.76908,33.96899],[-118.76931,33.96902],[-118.77076,33.96763],[-118.77366,33.96719],[-118.77548,33.96723],[-118.77711,33.96707],[-118.78165,33.96715],[-118.78237,33.96739],[-118.7831,33.96789],[-118.78455,33.96759],[-118.78528,33.96815],[-118.78583,33.96899],[-118.78655,33.96934],[-118.78709,33.96926],[-118.78767,33.96854],[-118.78836,33.96801],[-118.79145,33.96822],[-118.79254,33.96789],[-118.79344,33.96783],[-118.79435,33.96805],[-118.79489,33.9684],[-118.79598,33.96979],[-118.79635,33.97004],[-118.79852,33.96919],[-118.80052,33.96951],[-118.80125,33.96973],[-118.80215,33.97033],[-118.8027,33.97084],[-118.80309,33.97155],[-118.80302,33.972],[-118.80215,33.97299],[-118.80165,33.97411],[-118.80152,33.97486],[-118.80194,33.97546],[-118.80193,33.97576],[-118.80161,33.97654],[-118.80087,33.97742],[-118.80044,33.97832],[-118.8004,33.98058],[-118.80049,33.98103],[-118.801,33.98193],[-118.80202,33.98298],[-118.80212,33.98374],[-118.80189,33.98449],[-118.80197,33.98489],[-118.80247,33.98539],[-118.80324,33.98563],[-118.80368,33.98539],[-118.80355,33.98479],[-118.8038,33.98404],[-118.80368,33.98298],[-118.80509,33.98163],[-118.8053,33.98073],[-118.80559,33.98043],[-118.8063,33.97787],[-118.80724,33.97716],[-118.8076,33.97658],[-118.80796,33.97552],[-118.80905,33.97461],[-118.80959,33.97439],[-118.81014,33.97444],[-118.81195,33.97377],[-118.81268,33.97303],[-118.81388,33.97215],[-118.81415,33.9717],[-118.81427,33.97095],[-118.81403,33.96944],[-118.81431,33.96916],[-118.81472,33.96914],[-118.81522,33.9698],[-118.81577,33.97019],[-118.81812,33.96981],[-118.82175,33.97075],[-118.82277,33.9717],[-118.82246,33.97366],[-118.82266,33.97448],[-118.82302,33.97443],[-118.82502,33.97241],[-118.82557,33.97223],[-118.82738,33.97324],[-118.82849,33.97351],[-118.82894,33.97381],[-118.82821,33.97546],[-118.82843,33.97576],[-118.82974,33.97538],[-118.83047,33.97546]],[[-118.788,33.96824],[-118.788,33.96824]],[[-118.77003,33.96824],[-118.77003,33.96824]],[[-118.78818,33.96809],[-118.78818,33.96809]]]},"properties":{"depth_m":425}},{"type":"Feature","geometry":{"type":"MultiLineString","coordinates":[[[-118.83047,34.02045],[-118.82883,34.0194],[-118.82484,34.01639],[-118.82466,34.01639],[-118.81722,34.01022],[-118.81649,34.00932],[-118.81558,34.00856],[-118.81558,34.00841],[-118.81068,34.0036],[-118.80996,34.0027],[-118.80905,34.00194],[-118.80887,34.00134],[-118.80832,34.00104],[-118.80796,34.00104],[-118.8076,34.00074],[-118.8076,34.00044],[-118.80742,34.00029],[-118.80705,34.00014],[-118.80615,34.00014],[-118.80597,34.00029],[-118.80542,34.00029],[-118.80506,34.00059],[-118.80506,34.00089],[-118.80488,34.00104],[-118.80488,34.00255],[-118.80433,34.00345],[-118.80433,34.00375],[-118.80234,34.00555],[-118.80052,34.00631],[-118.79943,34.00646],[-118.79925,34.00661],[-118.7978,34.00661],[-118.79762,34.00676],[-118.79616,34.00676],[-118.79598,34.00691],[-118.79544,34.00691],[-118.79417,34.00766],[-118.79381,34.00841],[-118.79381,34.00917],[-118.79417,34.00992],[-118.79399,34.01082],[-118.79362,34.01127],[-118.79254,34.01202],[-118.79235,34.01293],[-118.79181,34.01398],[-118.79072,34.01503],[-118.79072,34.01579],[-118.79054,34.01609],[-118.788,34.01849],[-118.78764,34.0194],[-118.78564,34.0209],[-118.78528,34.0209],[-118.78401,34.0215],[-118.78364,34.0215],[-118.78201,34.02226],[-118.77856,34.02271],[-118.77529,34.02361],[-118.77475,34.02361],[-118.77348,34.02406],[-118.77094,34.02436],[-118.77003,34.02466],[-118.7684,34.02481],[-118.76731,34.02511],[-118.76332,34.02542],[-118.76313,34.02557],[-118.75987,34.02542],[-118.75969,34.02557],[-118.75624,34.02572],[-118.75533,34.02617],[-118.75533,34.02662],[-118.75461,34.02752],[-118.75442,34.02812],[-118.7537,34.02842],[-118.75225,34.02963],[-118.75134,34.02993],[-118.75061,34.03038],[-118.74934,34.03068],[-118.74789,34.03128],[-118.74698,34.03143],[-118.74553,34.03204]],[[-118.76132,34.02557],[-118.76132,34.02557]],[[-118.8301,34.0203],[-118.8301,34.0203]],[[-118.82992,34.02015],[-118.82992,34.02015]],[[-118.82974,34.02],[-118.82974,34.02]],[[-118.82956,34.01985],[-118.82956,34.01985]],[[-118.82938,34.0197],[-118.82938,34.0197]],[[-118.82919,34.01955],[-118.82919,34.01955]],[[-118.82883,34.0194],[-118.82883,34.0194]],[[-118.82865,34.01925],[-118.82865,34.01925]],[[-118.82847,34.0191],[-118.82847,34.0191]],[[-118.82829,34.01895],[-118.82829,34.01895]],[[-118.82811,34.0188],[-118.82811,34.0188]],[[-118.82792,34.01864],[-118.82792,34.01864]],[[-118.82774,34.01849],[-118.82774,34.01849]],[[-118.82738,34.01834],[-118.82738,34.01834]],[[-118.8272,34.01819],[-118.8272,34.01819]],[[-118.82702,34.01804],[-118.82702,34.01804]],[[-118.82684,34.01789],[-118.82684,34.01789]],[[-118.82665,34.01774],[-118.82665,34.01774]],[[-118.82647,34.01759],[-118.82647,34.01759]],[[-118.82629,34.01744],[-118.82629,34.01744]],[[-118.82593,34.01729],[-118.82593,34.01729]],[[-118.82575,34.01714],[-118.82575,34.01714]],[[-118.82557,34.01699],[-118.82557,34.01699]],[[-118.82538,34.01684],[-118.82538,34.01684]],[[-118.8252,34.01669],[-118.8252,34.01669]],[[-118.82502,34.01654],[-118.82502,34.01654]],[[-118.82466,34.01639],[-118.82466,34.01639]],[[-118.82448,34.01624],[-118.82448,34.01624]],[[-118.82429,34.01609],[-118.82429,34.01609]],[[-118.82411,34.01594],[-118.82411,34.01594]],[[-118.82393,34.01579],[-118.82393,34.01579]],[[-118.82375,34.01564],[-118.82375,34.01564]],[[-118.82357,34.01549],[-118.82357,34.01549]],[[-118.82339,34.01533],[-118.82339,34.01533]],[[-118.82321,34.01518],[-118.82321,34.01518]],[[-118.82302,34.01503],[-118.82302,34.01503]],[[-118.82284,34.01488],[-118.82284,34.01488]],[[-118.82266,34.01473],[-118.82266,34.01473]],[[-118.82248,34.01458],[-118.82248,34.01458]],[[-118.8223,34.01443],[-118.8223,34.01443]],[[-118.82212,34.01428],[-118.82212,34.01428]],[[-118.82194,34.01413],[-118.82194,34.01413]],[[-118.82175,34.01398],[-118.82175,34.01398]],[[-118.82157,34.01383],[-118.82157,34.01383]],[[-118.82139,34.01368],[-118.82139,34.01368]],[[-118.82121,34.01353],[-118.82121,34.01353]],[[-118.82103,34.01338],[-118.82103,34.01338]],[[-118.82085,34.01323],[-118.82085,34.01323]],[[-118.82067,34.01308],[-118.82067,34.01308]],[[-118.82048,34.01293],[-118.82048,34.01293]],[[-118.8203,34.01278],[-118.8203,34.01278]],[[-118.82012,34.01263],[-118.82012,34.01263]],[[-118.81994,34.01248],[-118.81994,34.01248]],[[-118.81976,34.01233],[-118.81976,34.01233]],[[-118.81958,34.01217],[-118.81958,34.01217]],[[-118.81939,34.01202],[-118.81939,34.01202]],[[-118.81921,34.01187],[-118.81921,34.01187]],[[-118.81903,34.01172],[-118.81903,34.01172]],[[-118.81885,34.01157],[-118.81885,34.01157]],[[-118.81867,34.01142],[-118.81867,34.01142]],[[-118.81849,34.01127],[-118.81849,34.01127]],[[-118.81831,34.01112],[-118.81831,34.01112]],[[-118.81812,34.01097],[-118.81812,34.01097]],[[-118.81794,34.01082],[-118.81794,34.01082]],[[-118.81776,34.01067],[-118.81776,34.01067]],[[-118.81758,34.01052],[-118.81758,34.01052]],[[-118.8174,34.01037],[-118.8174,34.01037]],[[-118.81722,34.01022],[-118.81722,34.01022]],[[-118.81704,34.00992],[-118.81704,34.00992]],[[-118.81685,34.00977],[-118.81685,34.00977]],[[-118.81667,34.00962],[-118.81667,34.00962]],[[-118.81649,34.00947],[-118.81649,34.00947]],[[-118.81631,34.00917],[-118.81631,34.00917]],[[-118.81613,34.00902],[-118.81613,34.00902]],[[-118.81595,34.00886],[-118.81595,34.00886]],[[-118.81577,34.00871],[-118.81577,34.00871]],[[-118.81558,34.00856],[-118.81558,34.00856]],[[-118.8154,34.00826],[-118.8154,34.00826]],[[-118.81522,34.00811],[-118.81522,34.00811]],[[-118.81504,34.00796],[-118.81504,34.00796]],[[-118.81486,34.00781],[-118.81486,34.00781]],[[-118.81468,34.00751],[-118.81468,34.00751]],[[-118.81449,34.00736],[-118.81449,34.00736]],[[-118.81431,34.00721],[-118.81431,34.00721]],[[-118.81413,34.00706],[-118.81413,34.00706]],[[-118.81395,34.00691],[-118.81395,34.00691]],[[-118.81377,34.00661],[-118.81377,34.00661]],[[-118.81359,34.00646],[-118.81359,34.00646]],[[-118.81341,34.00631],[-118.81341,34.00631]],[[-118.81322,34.00616],[-118.81322,34.00616]],[[-118.81304,34.00586],[-118.81304,34.00586]],[[-118.81286,34.0057],[-118.81286,34.0057]],[[-118.81268,34.00555],[-118.81268,34.00555]],[[-118.8125,34.0054],[-118.8125,34.0054]],[[-118.81232,34.00525],[-118.81232,34.00525]],[[-118.81214,34.00495],[-118.81214,34.00495]],[[-118.81195,34.0048],[-118.81195,34.0048]],[[-118.81177,34.00465],[-118.81177,34.00465]],[[-118.81159,34.0045],[-118.81159,34.0045]],[[-118.81141,34.0042],[-118.81141,34.0042]],[[-118.81123,34.00405],[-118.81123,34.00405]],[[-118.81105,34.0039],[-118.81105,34.0039]],[[-118.81087,34.00375],[-118.81087,34.00375]],[[-118.81068,34.0036],[-118.81068,34.0036]],[[-118.8105,34.0033],[-118.8105,34.0033]],[[-118.81032,34.00315],[-118.81032,34.00315]],[[-118.81014,34.003],[-118.81014,34.003]],[[-118.80996,34.00285],[-118.80996,34.00285]],[[-118.80978,34.00255],[-118.80978,34.00255]],[[-118.80959,34.00239],[-118.80959,34.00239]],[[-118.80941,34.00224],[-118.80941,34.00224]],[[-118.80923,34.00209],[-118.80923,34.00209]],[[-118.80905,34.00194],[-118.80905,34.00194]],[[-118.80887,34.00164],[-118.80887,34.00164]],[[-118.80851,34.00119],[-118.80851,34.00119]],[[-118.80796,34.00104],[-118.80796,34.00104]],[[-118.80778,34.00089],[-118.80778,34.00089]],[[-118.8076,34.00074],[-118.8076,34.00074]],[[-118.80724,34.00029],[-118.80724,34.00029]],[[-118.74353,33.96616],[-118.74408,33.96623],[-118.74481,33.96678],[-118.74698,33.96756],[-118.74989,33.96785],[-118.75152,33.96826],[-118.75297,33.96799],[-118.75479,33.96798],[-118.75842,33.96744],[-118.75987,33.9676],[-118.76132,33.967],[-118.76368,33.96677],[-118.76586,33.9668],[-118.76749,33.96638],[-118.76822,33.96646],[-118.76931,33.96717],[-118.77039,33.96625],[-118.77094,33.966],[-118.77421,33.96571],[-118.78255,33.96583],[-118.78382,33.96654],[-118.78455,33.96639],[-118.78509,33.96649],[-118.78655,33.96786],[-118.78691,33.96771],[-118.78764,33.96671],[-118.78818,33.96641],[-118.78872,33.96641],[-118.79018,33.96682],[-118.79145,33.96633],[-118.79344,33.96637],[-118.79528,33.96704],[-118.79609,33.96764],[-118.79671,33.96862],[-118.79725,33.96851],[-118.79834,33.96787],[-118.80034,33.96772],[-118.80161,33.96782],[-118.8027,33.96848],[-118.80373,33.96974],[-118.80396,33.9705],[-118.80397,33.97125],[-118.80379,33.97169],[-118.80282,33.9729],[-118.80226,33.97411],[-118.80219,33.97486],[-118.80237,33.97546],[-118.80223,33.97591],[-118.80131,33.97742],[-118.80092,33.97847],[-118.8009,33.98058],[-118.80143,33.98178],[-118.80228,33.98268],[-118.80263,33.98359],[-118.80288,33.98382],[-118.80313,33.98359],[-118.80342,33.98283],[-118.80451,33.98162],[-118.8047,33.98073],[-118.8049,33.98043],[-118.80502,33.97952],[-118.8057,33.97787],[-118.80615,33.97721],[-118.807,33.97651],[-118.80742,33.97525],[-118.80901,33.97351],[-118.81032,33.97268],[-118.81087,33.97215],[-118.81195,33.97167],[-118.81304,33.9715],[-118.81345,33.97125],[-118.81357,33.97065],[-118.81336,33.96989],[-118.81341,33.96914],[-118.8142,33.96824],[-118.8146,33.96749],[-118.81558,33.96683],[-118.816,33.96704],[-118.81624,33.96794],[-118.81667,33.96827],[-118.81921,33.96785],[-118.82194,33.96861],[-118.82302,33.96913],[-118.82414,33.9702],[-118.82365,33.97125],[-118.82366,33.9717],[-118.82393,33.97198],[-118.82429,33.97191],[-118.82575,33.9708],[-118.82756,33.97145],[-118.82901,33.97178],[-118.82989,33.9726],[-118.83047,33.9741]],[[-118.81068,33.9723],[-118.81068,33.9723]],[[-118.82593,33.9708],[-118.82593,33.9708]],[[-118.82575,33.9708],[-118.82575,33.9708]],[[-118.75188,33.96824],[-118.75188,33.96824]]]},"properties":{"depth_m":450}},{"type":"Feature","geometry":{"type":"MultiLineString","coordinates":[[[-118.83047,34.02045],[-118.82883,34.0194],[-118.82484,34.01639],[-118.82466,34.01639],[-118.81722,34.01022],[-118.81649,34.00932],[-118.81558,34.00856],[-118.81486,34.00766],[-118.81322,34.00616],[-118.81322,34.00601],[-118.81068,34.0036],[-118.80996,34.0027],[-118.80905,34.00194],[-118.80887,34.00134],[-118.80832,34.00104],[-118.80796,34.00104],[-118.8076,34.00074],[-118.8076,34.00044],[-118.80742,34.00029],[-118.80705,34.00014],[-118.80615,34.00014],[-118.80597,34.00029],[-118.80542,34.00029],[-118.80506,34.00059],[-118.80506,34.00089],[-118.80488,34.00104],[-118.80488,34.00255],[-118.80433,34.00345],[-118.80433,34.00375],[-118.80234,34.00555],[-118.80052,34.00631],[-118.79943,34.00646],[-118.79925,34.00661],[-118.7978,34.00661],[-118.79762,34.00676],[-118.79616,34.00676],[-118.79598,34.00691],[-118.79544,34.00691],[-118.79417,34.00766],[-118.79381,34.00841],[-118.79381,34.00917],[-118.79417,34.00992],[-118.79399,34.01082],[-118.79362,34.01127],[-118.79254,34.01202],[-118.79235,34.01293],[-118.79181,34.01398],[-118.79072,34.01503],[-118.79072,34.01579],[-118.79054,34.01609],[-118.788,34.01849],[-118.78764,34.0194],[-118.78564,34.0209],[-118.78528,34.0209],[-118.78401,34.0215],[-118.78364,34.0215],[-118.78201,34.02226],[-118.77856,34.02271],[-118.77529,34.02361],[-118.77475,34.02361],[-118.77348,34.02406],[-118.77094,34.02436],[-118.77003,34.02466],[-118.7684,34.02481],[-118.76731,34.02511],[-118.76332,34.02542],[-118.76313,34.02557],[-118.75987,34.02542],[-118.75969,34.02557],[-118.75624,34.02572],[-118.75533,34.02617],[-118.75533,34.02662],[-118.75461,34.02752],[-118.75442,34.02812],[-118.7537,34.02842],[-118.75225,34.02963],[-118.75134,34.02993],[-118.75061,34.03038],[-118.74934,34.03068],[-118.74789,34.03128],[-118.74698,34.03143],[-118.74553,34.03204]],[[-118.76132,34.02557],[-118.76132,34.02557]],[[-118.8301,34.0203],[-118.8301,34.0203]],[[-118.82992,34.02015],[-118.82992,34.02015]],[[-118.82974,34.02],[-118.82974,34.02]],[[-118.82956,34.01985],[-118.82956,34.01985]],[[-118.82938,34.0197],[-118.82938,34.0197]],[[-118.82919,34.01955],[-118.82919,34.01955]],[[-118.82883,34.0194],[-118.82883,34.0194]],[[-118.82865,34.01925],[-118.82865,34.01925]],[[-118.82847,34.0191],[-118.82847,34.0191]],[[-118.82829,34.01895],[-118.82829,34.01895]],[[-118.82811,34.0188],[-118.82811,34.0188]],[[-118.82792,34.01864],[-118.82792,34.01864]],[[-118.82774,34.01849],[-118.82774,34.01849]],[[-118.82738,34.01834],[-118.82738,34.01834]],[[-118.8272,34.01819],[-118.8272,34.01819]],[[-118.82702,34.01804],[-118.82702,34.01804]],[[-118.82684,34.01789],[-118.82684,34.01789]],[[-118.82665,34.01774],[-118.82665,34.01774]],[[-118.82647,34.01759],[-118.82647,34.01759]],[[-118.82629,34.01744],[-118.82629,34.01744]],[[-118.82593,34.01729],[-118.82593,34.01729]],[[-118.82575,34.01714],[-118.82575,34.01714]],[[-118.82557,34.01699],[-118.82557,34.01699]],[[-118.82538,34.01684],[-118.82538,34.01684]],[[-118.8252,34.01669],[-118.8252,34.01669]],[[-118.82502,34.01654],[-118.82502,34.01654]],[[-118.82466,34.01639],[-118.82466,34.01639]],[[-118.82448,34.01624],[-118.82448,34.01624]],[[-118.82429,34.01609],[-118.82429,34.01609]],[[-118.82411,34.01594],[-118.82411,34.01594]],[[-118.82393,34.01579],[-118.82393,34.01579]],[[-118.82375,34.01564],[-118.82375,34.01564]],[[-118.82357,34.01549],[-118.82357,34.01549]],[[-118.82339,34.01533],[-118.82339,34.01533]],[[-118.82321,34.01518],[-118.82321,34.01518]],[[-118.82302,34.01503],[-118.82302,34.01503]],[[-118.82284,34.01488],[-118.82284,34.01488]],[[-118.82266,34.01473],[-118.82266,34.01473]],[[-118.82248,34.01458],[-118.82248,34.01458]],[[-118.8223,34.01443],[-118.8223,34.01443]],[[-118.82212,34.01428],[-118.82212,34.01428]],[[-118.82194,34.01413],[-118.82194,34.01413]],[[-118.82175,34.01398],[-118.82175,34.01398]],[[-118.82157,34.01383],[-118.82157,34.01383]],[[-118.82139,34.01368],[-118.82139,34.01368]],[[-118.82121,34.01353],[-118.82121,34.01353]],[[-118.82103,34.01338],[-118.82103,34.01338]],[[-118.82085,34.01323],[-118.82085,34.01323]],[[-118.82067,34.01308],[-118.82067,34.01308]],[[-118.82048,34.01293],[-118.82048,34.01293]],[[-118.8203,34.01278],[-118.8203,34.01278]],[[-118.82012,34.01263],[-118.82012,34.01263]],[[-118.81994,34.01248],[-118.81994,34.01248]],[[-118.81976,34.01233],[-118.81976,34.01233]],[[-118.81958,34.01217],[-118.81958,34.01217]],[[-118.81939,34.01202],[-118.81939,34.01202]],[[-118.81921,34.01187],[-118.81921,34.01187]],[[-118.81903,34.01172],[-118.81903,34.01172]],[[-118.81885,34.01157],[-118.81885,34.01157]],[[-118.81867,34.01142],[-118.81867,34.01142]],[[-118.81849,34.01127],[-118.81849,34.01127]],[[-118.81831,34.01112],[-118.81831,34.01112]],[[-118.81812,34.01097],[-118.81812,34.01097]],[[-118.81794,34.01082],[-118.81794,34.01082]],[[-118.81776,34.01067],[-118.81776,34.01067]],[[-118.81758,34.01052],[-118.81758,34.01052]],[[-118.8174,34.01037],[-118.8174,34.01037]],[[-118.81722,34.01022],[-118.81722,34.01022]],[[-118.81704,34.00992],[-118.81704,34.00992]],[[-118.81685,34.00977],[-118.81685,34.00977]],[[-118.81667,34.00962],[-118.81667,34.00962]],[[-118.81649,34.00947],[-118.81649,34.00947]],[[-118.81631,34.00917],[-118.81631,34.00917]],[[-118.81613,34.00902],[-118.81613,34.00902]],[[-118.81595,34.00886],[-118.81595,34.00886]],[[-118.81577,34.00871],[-118.81577,34.00871]],[[-118.81558,34.00856],[-118.81558,34.00856]],[[-118.8154,34.00826],[-118.8154,34.00826]],[[-118.81522,34.00811],[-118.81522,34.00811]],[[-118.81504,34.00796],[-118.81504,34.00796]],[[-118.81486,34.00781],[-118.81486,34.00781]],[[-118.81468,34.00751],[-118.81468,34.00751]],[[-118.81449,34.00736],[-118.81449,34.00736]],[[-118.81431,34.00721],[-118.81431,34.00721]],[[-118.81413,34.00706],[-118.81413,34.00706]],[[-118.81395,34.00691],[-118.81395,34.00691]],[[-118.81377,34.00661],[-118.81377,34.00661]],[[-118.81359,34.00646],[-118.81359,34.00646]],[[-118.81341,34.00631],[-118.81341,34.00631]],[[-118.81322,34.00616],[-118.81322,34.00616]],[[-118.81304,34.00586],[-118.81304,34.00586]],[[-118.81286,34.0057],[-118.81286,34.0057]],[[-118.81268,34.00555],[-118.81268,34.00555]],[[-118.8125,34.0054],[-118.8125,34.0054]],[[-118.81232,34.00525],[-118.81232,34.00525]],[[-118.81214,34.00495],[-118.81214,34.00495]],[[-118.81195,34.0048],[-118.81195,34.0048]],[[-118.81177,34.00465],[-118.81177,34.00465]],[[-118.81159,34.0045],[-118.81159,34.0045]],[[-118.81141,34.0042],[-118.81141,34.0042]],[[-118.81123,34.00405],[-118.81123,34.00405]],[[-118.81105,34.0039],[-118.81105,34.0039]],[[-118.81087,34.00375],[-118.81087,34.00375]],[[-118.81068,34.0036],[-118.81068,34.0036]],[[-118.8105,34.0033],[-118.8105,34.0033]],[[-118.81032,34.00315],[-118.81032,34.00315]],[[-118.81014,34.003],[-118.81014,34.003]],[[-118.80996,34.00285],[-118.80996,34.00285]],[[-118.80978,34.00255],[-118.80978,34.00255]],[[-118.80959,34.00239],[-118.80959,34.00239]],[[-118.80941,34.00224],[-118.80941,34.00224]],[[-118.80923,34.00209],[-118.80923,34.00209]],[[-118.80905,34.00194],[-118.80905,34.00194]],[[-118.80887,34.00164],[-118.80887,34.00164]],[[-118.80851,34.00119],[-118.80851,34.00119]],[[-118.80796,34.00104],[-118.80796,34.00104]],[[-118.80778,34.00089],[-118.80778,34.00089]],[[-118.8076,34.00074],[-118.8076,34.00074]],[[-118.80724,34.00029],[-118.80724,34.00029]],[[-118.74353,33.96082],[-118.74462,33.9613],[-118.74589,33.96218],[-118.7468,33.96254],[-118.7489,33.96388],[-118.75127,33.96463],[-118.75333,33.96481],[-118.75606,33.96541],[-118.76441,33.96498],[-118.76568,33.96514],[-118.76767,33.96472],[-118.76822,33.96474],[-118.76912,33.9652],[-118.76949,33.96519],[-118.77058,33.96458],[-118.77257,33.96432],[-118.77784,33.96434],[-118.77892,33.96449],[-118.78183,33.96434],[-118.78419,33.96493],[-118.78528,33.96502],[-118.78655,33.96582],[-118.78691,33.9657],[-118.78764,33.9651],[-118.78818,33.96494],[-118.78945,33.96517],[-118.79163,33.96494],[-118.794,33.96523],[-118.79616,33.96592],[-118.79725,33.96658],[-118.79961,33.96587],[-118.80197,33.9656],[-118.8027,33.96569],[-118.80315,33.96598],[-118.80415,33.96714],[-118.8055,33.96944],[-118.80488,33.97096],[-118.80381,33.97245],[-118.80292,33.97426],[-118.80272,33.97561],[-118.80208,33.97712],[-118.80171,33.97757],[-118.80143,33.97847],[-118.80157,33.98058],[-118.80197,33.98149],[-118.8027,33.98209],[-118.80306,33.98203],[-118.80342,33.98169],[-118.80366,33.98073],[-118.80524,33.97746],[-118.80685,33.97516],[-118.80887,33.97314],[-118.81253,33.97035],[-118.81296,33.96914],[-118.81395,33.9675],[-118.81631,33.96517],[-118.81812,33.96529],[-118.81921,33.96568],[-118.82067,33.96587],[-118.82357,33.96689],[-118.8252,33.96768],[-118.82517,33.96899],[-118.82538,33.96929],[-118.82665,33.96907],[-118.82774,33.96952],[-118.82865,33.9696],[-118.82974,33.97044],[-118.83047,33.97125]],[[-118.80433,33.97952],[-118.80433,33.97952]],[[-118.80342,33.9732],[-118.80342,33.9732]],[[-118.80451,33.9714],[-118.80451,33.9714]],[[-118.83028,33.9711],[-118.83028,33.9711]],[[-118.8252,33.96914],[-118.8252,33.96914]],[[-118.82139,33.96613],[-118.82139,33.96613]],[[-118.81921,33.96568],[-118.81921,33.96568]],[[-118.81885,33.96553],[-118.81885,33.96553]],[[-118.76295,33.96508],[-118.76295,33.96508]]]},"properties":{"depth_m":475}},{"type":"Feature","geometry":{"type":"MultiLineString","coordinates":[[[-118.83047,34.02045],[-118.82883,34.0194],[-118.82484,34.01639],[-118.82466,34.01639],[-118.81722,34.01022],[-118.81649,34.00932],[-118.81558,34.00856],[-118.81558,34.00841],[-118.81232,34.00525],[-118.81159,34.00435],[-118.81068,34.0036],[-118.80996,34.0027],[-118.80905,34.00194],[-118.80887,34.00134],[-118.80832,34.00104],[-118.80796,34.00104],[-118.8076,34.00074],[-118.8076,34.00044],[-118.80742,34.00029],[-118.80705,34.00014],[-118.80615,34.00014],[-118.80597,34.00029],[-118.80542,34.00029],[-118.80506,34.00059],[-118.80506,34.00089],[-118.80488,34.00104],[-118.80488,34.00255],[-118.80433,34.00345],[-118.80433,34.00375],[-118.80234,34.00555],[-118.80052,34.00631],[-118.79943,34.00646],[-118.79925,34.00661],[-118.7978,34.00661],[-118.79762,34.00676],[-118.79616,34.00676],[-118.79598,34.00691],[-118.79544,34.00691],[-118.79417,34.00766],[-118.79381,34.00841],[-118.79381,34.00917],[-118.79417,34.00992],[-118.79399,34.01082],[-118.79362,34.01127],[-118.79254,34.01202],[-118.79235,34.01293],[-118.79181,34.01398],[-118.79072,34.01503],[-118.79072,34.01579],[-118.79054,34.01609],[-118.788,34.01849],[-118.78764,34.0194],[-118.78564,34.0209],[-118.78528,34.0209],[-118.78401,34.0215],[-118.78364,34.0215],[-118.78201,34.02226],[-118.77856,34.02271],[-118.77529,34.02361],[-118.77475,34.02361],[-118.77348,34.02406],[-118.77094,34.02436],[-118.77003,34.02466],[-118.7684,34.02481],[-118.76731,34.02511],[-118.76332,34.02542],[-118.76313,34.02557],[-118.75987,34.02542],[-118.75969,34.02557],[-118.75624,34.02572],[-118.75533,34.02617],[-118.75533,34.02662],[-118.75479,34.02722],[-118.75442,34.02812],[-118.7537,34.02842],[-118.75225,34.02963],[-118.75134,34.02993],[-118.75061,34.03038],[-118.74934,34.03068],[-118.74789,34.03128],[-118.74698,34.03143],[-118.74553,34.03204]],[[-118.76132,34.02557],[-118.76132,34.02557]],[[-118.8301,34.0203],[-118.8301,34.0203]],[[-118.82992,34.02015],[-118.82992,34.02015]],[[-118.82974,34.02],[-118.82974,34.02]],[[-118.82956,34.01985],[-118.82956,34.01985]],[[-118.82938,34.0197],[-118.82938,34.0197]],[[-118.82919,34.01955],[-118.82919,34.01955]],[[-118.82883,34.0194],[-118.82883,34.0194]],[[-118.82865,34.01925],[-118.82865,34.01925]],[[-118.82847,34.0191],[-118.82847,34.0191]],[[-118.82829,34.01895],[-118.82829,34.01895]],[[-118.82811,34.0188],[-118.82811,34.0188]],[[-118.82792,34.01864],[-118.82792,34.01864]],[[-118.82774,34.01849],[-118.82774,34.01849]],[[-118.82738,34.01834],[-118.82738,34.01834]],[[-118.8272,34.01819],[-118.8272,34.01819]],[[-118.82702,34.01804],[-118.82702,34.01804]],[[-118.82684,34.01789],[-118.82684,34.01789]],[[-118.82665,34.01774],[-118.82665,34.01774]],[[-118.82647,34.01759],[-118.82647,34.01759]],[[-118.82629,34.01744],[-118.82629,34.01744]],[[-118.82593,34.01729],[-118.82593,34.01729]],[[-118.82575,34.01714],[-118.82575,34.01714]],[[-118.82557,34.01699],[-118.82557,34.01699]],[[-118.82538,34.01684],[-118.82538,34.01684]],[[-118.8252,34.01669],[-118.8252,34.01669]],[[-118.82502,34.01654],[-118.82502,34.01654]],[[-118.82466,34.01639],[-118.82466,34.01639]],[[-118.82448,34.01624],[-118.82448,34.01624]],[[-118.82429,34.01609],[-118.82429,34.01609]],[[-118.82411,34.01594],[-118.82411,34.01594]],[[-118.82393,34.01579],[-118.82393,34.01579]],[[-118.82375,34.01564],[-118.82375,34.01564]],[[-118.82357,34.01549],[-118.82357,34.01549]],[[-118.82339,34.01533],[-118.82339,34.01533]],[[-118.82321,34.01518],[-118.82321,34.01518]],[[-118.82302,34.01503],[-118.82302,34.01503]],[[-118.82284,34.01488],[-118.82284,34.01488]],[[-118.82266,34.01473],[-118.82266,34.01473]],[[-118.82248,34.01458],[-118.82248,34.01458]],[[-118.8223,34.01443],[-118.8223,34.01443]],[[-118.82212,34.01428],[-118.82212,34.01428]],[[-118.82194,34.01413],[-118.82194,34.01413]],[[-118.82175,34.01398],[-118.82175,34.01398]],[[-118.82157,34.01383],[-118.82157,34.01383]],[[-118.82139,34.01368],[-118.82139,34.01368]],[[-118.82121,34.01353],[-118.82121,34.01353]],[[-118.82103,34.01338],[-118.82103,34.01338]],[[-118.82085,34.01323],[-118.82085,34.01323]],[[-118.82067,34.01308],[-118.82067,34.01308]],[[-118.82048,34.01293],[-118.82048,34.01293]],[[-118.8203,34.01278],[-118.8203,34.01278]],[[-118.82012,34.01263],[-118.82012,34.01263]],[[-118.81994,34.01248],[-118.81994,34.01248]],[[-118.81976,34.01233],[-118.81976,34.01233]],[[-118.81958,34.01217],[-118.81958,34.01217]],[[-118.81939,34.01202],[-118.81939,34.01202]],[[-118.81921,34.01187],[-118.81921,34.01187]],[[-118.81903,34.01172],[-118.81903,34.01172]],[[-118.81885,34.01157],[-118.81885,34.01157]],[[-118.81867,34.01142],[-118.81867,34.01142]],[[-118.81849,34.01127],[-118.81849,34.01127]],[[-118.81831,34.01112],[-118.81831,34.01112]],[[-118.81812,34.01097],[-118.81812,34.01097]],[[-118.81794,34.01082],[-118.81794,34.01082]],[[-118.81776,34.01067],[-118.81776,34.01067]],[[-118.81758,34.01052],[-118.81758,34.01052]],[[-118.8174,34.01037],[-118.8174,34.01037]],[[-118.81722,34.01022],[-118.81722,34.01022]],[[-118.81704,34.00992],[-118.81704,34.00992]],[[-118.81685,34.00977],[-118.81685,34.00977]],[[-118.81667,34.00962],[-118.81667,34.00962]],[[-118.81649,34.00947],[-118.81649,34.00947]],[[-118.81631,34.00917],[-118.81631,34.00917]],[[-118.81613,34.00902],[-118.81613,34.00902]],[[-118.81595,34.00886],[-118.81595,34.00886]],[[-118.81577,34.00871],[-118.81577,34.00871]],[[-118.81558,34.00856],[-118.81558,34.00856]],[[-118.8154,34.00826],[-118.8154,34.00826]],[[-118.81522,34.00811],[-118.81522,34.00811]],[[-118.81504,34.00796],[-118.81504,34.00796]],[[-118.81486,34.00781],[-118.81486,34.00781]],[[-118.81468,34.00751],[-118.81468,34.00751]],[[-118.81449,34.00736],[-118.81449,34.00736]],[[-118.81431,34.00721],[-118.81431,34.00721]],[[-118.81413,34.00706],[-118.81413,34.00706]],[[-118.81395,34.00691],[-118.81395,34.00691]],[[-118.81377,34.00661],[-118.81377,34.00661]],[[-118.81359,34.00646],[-118.81359,34.00646]],[[-118.81341,34.00631],[-118.81341,34.00631]],[[-118.81322,34.00616],[-118.81322,34.00616]],[[-118.81304,34.00586],[-118.81304,34.00586]],[[-118.81286,34.0057],[-118.81286,34.0057]],[[-118.81268,34.00555],[-118.81268,34.00555]],[[-118.8125,34.0054],[-118.8125,34.0054]],[[-118.81232,34.00525],[-118.81232,34.00525]],[[-118.81214,34.00495],[-118.81214,34.00495]],[[-118.81195,34.0048],[-118.81195,34.0048]],[[-118.81177,34.00465],[-118.81177,34.00465]],[[-118.81159,34.0045],[-118.81159,34.0045]],[[-118.81141,34.0042],[-118.81141,34.0042]],[[-118.81123,34.00405],[-118.81123,34.00405]],[[-118.81105,34.0039],[-118.81105,34.0039]],[[-118.81087,34.00375],[-118.81087,34.00375]],[[-118.81068,34.0036],[-118.81068,34.0036]],[[-118.8105,34.0033],[-118.8105,34.0033]],[[-118.81032,34.00315],[-118.81032,34.00315]],[[-118.81014,34.003],[-118.81014,34.003]],[[-118.80996,34.00285],[-118.80996,34.00285]],[[-118.80978,34.00255],[-118.80978,34.00255]],[[-118.80959,34.00239],[-118.80959,34.00239]],[[-118.80941,34.00224],[-118.80941,34.00224]],[[-118.80923,34.00209],[-118.80923,34.00209]],[[-118.80905,34.00194],[-118.80905,34.00194]],[[-118.80887,34.00164],[-118.80887,34.00164]],[[-118.80851,34.00119],[-118.80851,34.00119]],[[-118.80796,34.00104],[-118.80796,34.00104]],[[-118.80778,34.00089],[-118.80778,34.00089]],[[-118.8076,34.00074],[-118.8076,34.00074]],[[-118.80724,34.00029],[-118.80724,34.00029]],[[-118.75367,33.95996],[-118.75464,33.96042],[-118.75642,33.96162],[-118.75715,33.96188],[-118.75896,33.96202],[-118.76096,33.9626],[-118.76277,33.96275],[-118.7635,33.96296],[-118.76459,33.96291],[-118.76549,33.96313],[-118.76822,33.96294],[-118.76949,33.96318],[-118.7713,33.96292],[-118.77511,33.96301],[-118.78038,33.96275],[-118.78455,33.96303],[-118.78618,33.96365],[-118.78754,33.96327],[-118.78909,33.96346],[-118.79036,33.96336],[-118.79199,33.9636],[-118.79435,33.96371],[-118.79489,33.9639],[-118.79671,33.96395],[-118.79798,33.96427],[-118.79907,33.96409],[-118.80088,33.96407],[-118.8027,33.96375],[-118.80324,33.96384],[-118.80451,33.96491],[-118.80619,33.96673],[-118.80733,33.96734],[-118.80755,33.96764],[-118.80724,33.96837],[-118.80665,33.96914],[-118.80613,33.9705],[-118.80494,33.97185],[-118.8041,33.97351],[-118.80319,33.97606],[-118.80241,33.97757],[-118.80245,33.97802],[-118.8027,33.97819],[-118.80324,33.97808],[-118.80379,33.97828],[-118.80415,33.97802],[-118.80469,33.97707],[-118.80669,33.97446],[-118.81214,33.97006],[-118.81341,33.96749],[-118.81518,33.96568],[-118.81667,33.96369],[-118.81812,33.96392],[-118.81994,33.96346],[-118.82139,33.96337],[-118.82393,33.96409],[-118.82522,33.96508],[-118.82538,33.96613],[-118.82566,33.96643],[-118.82593,33.96713],[-118.82629,33.96733],[-118.8277,33.96719],[-118.82851,33.96749],[-118.83047,33.9698]],[[-118.80832,33.9732],[-118.80832,33.9732]],[[-118.80433,33.97305],[-118.80433,33.97305]],[[-118.81431,33.96658],[-118.81431,33.96658]],[[-118.81558,33.96508],[-118.81558,33.96508]]]},"properties":{"depth_m":500}},{"type":"Feature","geometry":{"type":"MultiLineString","coordinates":[[[-118.83047,34.02045],[-118.82883,34.0194],[-118.82484,34.01639],[-118.82466,34.01639],[-118.81722,34.01022],[-118.81649,34.00932],[-118.81558,34.00856],[-118.81558,34.00841],[-118.81232,34.00525],[-118.81159,34.00435],[-118.81068,34.0036],[-118.80996,34.0027],[-118.80905,34.00194],[-118.80887,34.00134],[-118.80832,34.00104],[-118.80796,34.00104],[-118.8076,34.00074],[-118.8076,34.00044],[-118.80742,34.00029],[-118.80705,34.00014],[-118.80615,34.00014],[-118.80597,34.00029],[-118.80542,34.00029],[-118.80506,34.00059],[-118.80506,34.00089],[-118.80488,34.00104],[-118.80488,34.00255],[-118.80433,34.00345],[-118.80433,34.00375],[-118.80234,34.00555],[-118.80052,34.00631],[-118.79943,34.00646],[-118.79925,34.00661],[-118.7978,34.00661],[-118.79762,34.00676],[-118.79616,34.00676],[-118.79598,34.00691],[-118.79544,34.00691],[-118.79417,34.00766],[-118.79381,34.00841],[-118.79381,34.00917],[-118.79417,34.00992],[-118.79399,34.01082],[-118.79362,34.01127],[-118.79254,34.01202],[-118.79235,34.01293],[-118.79181,34.01398],[-118.79072,34.01503],[-118.79072,34.01579],[-118.79054,34.01609],[-118.788,34.01849],[-118.78764,34.0194],[-118.78564,34.0209],[-118.78528,34.0209],[-118.78401,34.0215],[-118.78364,34.0215],[-118.78201,34.02226],[-118.77856,34.02271],[-118.77529,34.02361],[-118.77475,34.02361],[-118.77348,34.02406],[-118.77094,34.02436],[-118.77003,34.02466],[-118.7684,34.02481],[-118.76731,34.02511],[-118.76332,34.02542],[-118.76313,34.02557],[-118.75987,34.02542],[-118.75969,34.02557],[-118.75624,34.02572],[-118.75533,34.02617],[-118.75533,34.02662],[-118.75479,34.02722],[-118.75442,34.02812],[-118.7537,34.02842],[-118.75225,34.02963],[-118.75134,34.02993],[-118.75061,34.03038],[-118.74934,34.03068],[-118.74789,34.03128],[-118.74698,34.03143],[-118.74553,34.03204]],[[-118.76132,34.02557],[-118.76132,34.02557]],[[-118.8301,34.0203],[-118.8301,34.0203]],[[-118.82992,34.02015],[-118.82992,34.02015]],[[-118.82974,34.02],[-118.82974,34.02]],[[-118.82956,34.01985],[-118.82956,34.01985]],[[-118.82938,34.0197],[-118.82938,34.0197]],[[-118.82919,34.01955],[-118.82919,34.01955]],[[-118.82883,34.0194],[-118.82883,34.0194]],[[-118.82865,34.01925],[-118.82865,34.01925]],[[-118.82847,34.0191],[-118.82847,34.0191]],[[-118.82829,34.01895],[-118.82829,34.01895]],[[-118.82811,34.0188],[-118.82811,34.0188]],[[-118.82792,34.01864],[-118.82792,34.01864]],[[-118.82774,34.01849],[-118.82774,34.01849]],[[-118.82738,34.01834],[-118.82738,34.01834]],[[-118.8272,34.01819],[-118.8272,34.01819]],[[-118.82702,34.01804],[-118.82702,34.01804]],[[-118.82684,34.01789],[-118.82684,34.01789]],[[-118.82665,34.01774],[-118.82665,34.01774]],[[-118.82647,34.01759],[-118.82647,34.01759]],[[-118.82629,34.01744],[-118.82629,34.01744]],[[-118.82593,34.01729],[-118.82593,34.01729]],[[-118.82575,34.01714],[-118.82575,34.01714]],[[-118.82557,34.01699],[-118.82557,34.01699]],[[-118.82538,34.01684],[-118.82538,34.01684]],[[-118.8252,34.01669],[-118.8252,34.01669]],[[-118.82502,34.01654],[-118.82502,34.01654]],[[-118.82466,34.01639],[-118.82466,34.01639]],[[-118.82448,34.01624],[-118.82448,34.01624]],[[-118.82429,34.01609],[-118.82429,34.01609]],[[-118.82411,34.01594],[-118.82411,34.01594]],[[-118.82393,34.01579],[-118.82393,34.01579]],[[-118.82375,34.01564],[-118.82375,34.01564]],[[-118.82357,34.01549],[-118.82357,34.01549]],[[-118.82339,34.01533],[-118.82339,34.01533]],[[-118.82321,34.01518],[-118.82321,34.01518]],[[-118.82302,34.01503],[-118.82302,34.01503]],[[-118.82284,34.01488],[-118.82284,34.01488]],[[-118.82266,34.01473],[-118.82266,34.01473]],[[-118.82248,34.01458],[-118.82248,34.01458]],[[-118.8223,34.01443],[-118.8223,34.01443]],[[-118.82212,34.01428],[-118.82212,34.01428]],[[-118.82194,34.01413],[-118.82194,34.01413]],[[-118.82175,34.01398],[-118.82175,34.01398]],[[-118.82157,34.01383],[-118.82157,34.01383]],[[-118.82139,34.01368],[-118.82139,34.01368]],[[-118.82121,34.01353],[-118.82121,34.01353]],[[-118.82103,34.01338],[-118.82103,34.01338]],[[-118.82085,34.01323],[-118.82085,34.01323]],[[-118.82067,34.01308],[-118.82067,34.01308]],[[-118.82048,34.01293],[-118.82048,34.01293]],[[-118.8203,34.01278],[-118.8203,34.01278]],[[-118.82012,34.01263],[-118.82012,34.01263]],[[-118.81994,34.01248],[-118.81994,34.01248]],[[-118.81976,34.01233],[-118.81976,34.01233]],[[-118.81958,34.01217],[-118.81958,34.01217]],[[-118.81939,34.01202],[-118.81939,34.01202]],[[-118.81921,34.01187],[-118.81921,34.01187]],[[-118.81903,34.01172],[-118.81903,34.01172]],[[-118.81885,34.01157],[-118.81885,34.01157]],[[-118.81867,34.01142],[-118.81867,34.01142]],[[-118.81849,34.01127],[-118.81849,34.01127]],[[-118.81831,34.01112],[-118.81831,34.01112]],[[-118.81812,34.01097],[-118.81812,34.01097]],[[-118.81794,34.01082],[-118.81794,34.01082]],[[-118.81776,34.01067],[-118.81776,34.01067]],[[-118.81758,34.01052],[-118.81758,34.01052]],[[-118.8174,34.01037],[-118.8174,34.01037]],[[-118.81722,34.01022],[-118.81722,34.01022]],[[-118.81704,34.00992],[-118.81704,34.00992]],[[-118.81685,34.00977],[-118.81685,34.00977]],[[-118.81667,34.00962],[-118.81667,34.00962]],[[-118.81649,34.00947],[-118.81649,34.00947]],[[-118.81631,34.00917],[-118.81631,34.00917]],[[-118.81613,34.00902],[-118.81613,34.00902]],[[-118.81595,34.00886],[-118.81595,34.00886]],[[-118.81577,34.00871],[-118.81577,34.00871]],[[-118.81558,34.00856],[-118.81558,34.00856]],[[-118.8154,34.00826],[-118.8154,34.00826]],[[-118.81522,34.00811],[-118.81522,34.00811]],[[-118.81504,34.00796],[-118.81504,34.00796]],[[-118.81486,34.00781],[-118.81486,34.00781]],[[-118.81468,34.00751],[-118.81468,34.00751]],[[-118.81449,34.00736],[-118.81449,34.00736]],[[-118.81431,34.00721],[-118.81431,34.00721]],[[-118.81413,34.00706],[-118.81413,34.00706]],[[-118.81395,34.00691],[-118.81395,34.00691]],[[-118.81377,34.00661],[-118.81377,34.00661]],[[-118.81359,34.00646],[-118.81359,34.00646]],[[-118.81341,34.00631],[-118.81341,34.00631]],[[-118.81322,34.00616],[-118.81322,34.00616]],[[-118.81304,34.00586],[-118.81304,34.00586]],[[-118.81286,34.0057],[-118.81286,34.0057]],[[-118.81268,34.00555],[-118.81268,34.00555]],[[-118.8125,34.0054],[-118.8125,34.0054]],[[-118.81232,34.00525],[-118.81232,34.00525]],[[-118.81214,34.00495],[-118.81214,34.00495]],[[-118.81195,34.0048],[-118.81195,34.0048]],[[-118.81177,34.00465],[-118.81177,34.00465]],[[-118.81159,34.0045],[-118.81159,34.0045]],[[-118.81141,34.0042],[-118.81141,34.0042]],[[-118.81123,34.00405],[-118.81123,34.00405]],[[-118.81105,34.0039],[-118.81105,34.0039]],[[-118.81087,34.00375],[-118.81087,34.00375]],[[-118.81068,34.0036],[-118.81068,34.0036]],[[-118.8105,34.0033],[-118.8105,34.0033]],[[-118.81032,34.00315],[-118.81032,34.00315]],[[-118.81014,34.003],[-118.81014,34.003]],[[-118.80996,34.00285],[-118.80996,34.00285]],[[-118.80978,34.00255],[-118.80978,34.00255]],[[-118.80959,34.00239],[-118.80959,34.00239]],[[-118.80941,34.00224],[-118.80941,34.00224]],[[-118.80923,34.00209],[-118.80923,34.00209]],[[-118.80905,34.00194],[-118.80905,34.00194]],[[-118.80887,34.00164],[-118.80887,34.00164]],[[-118.80851,34.00119],[-118.80851,34.00119]],[[-118.80796,34.00104],[-118.80796,34.00104]],[[-118.80778,34.00089],[-118.80778,34.00089]],[[-118.8076,34.00074],[-118.8076,34.00074]],[[-118.80724,34.00029],[-118.80724,34.00029]],[[-118.75367,33.95996],[-118.75464,33.96042],[-118.75642,33.96162],[-118.75715,33.96188],[-118.75896,33.96202],[-118.76096,33.9626],[-118.76277,33.96275],[-118.7635,33.96296],[-118.76459,33.96291],[-118.76549,33.96313],[-118.76822,33.96294],[-118.76949,33.96318],[-118.7713,33.96292],[-118.77511,33.96301],[-118.78038,33.96275],[-118.78455,33.96303],[-118.78618,33.96365],[-118.78754,33.96327],[-118.78909,33.96346],[-118.79036,33.96336],[-118.79199,33.9636],[-118.79435,33.96371],[-118.79489,33.9639],[-118.79671,33.96395],[-118.79798,33.96427],[-118.79907,33.96409],[-118.80088,33.96407],[-118.8027,33.96375],[-118.80324,33.96384],[-118.80451,33.96491],[-118.80619,33.96673],[-118.80733,33.96734],[-118.80755,33.96764],[-118.80724,33.96837],[-118.80665,33.96914],[-118.80613,33.9705],[-118.80494,33.97185],[-118.8041,33.97351],[-118.80319,33.97606],[-118.80241,33.97757],[-118.80245,33.97802],[-118.8027,33.97819],[-118.80324,33.97808],[-118.80379,33.97828],[-118.80415,33.97802],[-118.80469,33.97707],[-118.80669,33.97446],[-118.81214,33.97006],[-118.81341,33.96749],[-118.81518,33.96568],[-118.81667,33.96369],[-118.81812,33.96392],[-118.81994,33.96346],[-118.82139,33.96337],[-118.82393,33.96409],[-118.82522,33.96508],[-118.82538,33.96613],[-118.82566,33.96643],[-118.82593,33.96713],[-118.82629,33.96733],[-118.8277,33.96719],[-118.82851,33.96749],[-118.83047,33.9698]],[[-118.80832,33.9732],[-118.80832,33.9732]],[[-118.80433,33.97305],[-118.80433,33.97305]],[[-118.81431,33.96658],[-118.81431,33.96658]],[[-118.81558,33.96508],[-118.81558,33.96508]]]},"properties":{"depth_m":500}},{"type":"Feature","geometry":{"type":"MultiLineString","coordinates":[[[-118.83047,34.02045],[-118.82883,34.0194],[-118.82484,34.01639],[-118.82466,34.01639],[-118.81722,34.01022],[-118.81649,34.00932],[-118.81558,34.00856],[-118.81558,34.00841],[-118.81232,34.00525],[-118.81159,34.00435],[-118.81068,34.0036],[-118.80996,34.0027],[-118.80905,34.00194],[-118.80887,34.00134],[-118.80832,34.00104],[-118.80796,34.00104],[-118.8076,34.00074],[-118.8076,34.00044],[-118.80742,34.00029],[-118.80705,34.00014],[-118.80615,34.00014],[-118.80597,34.00029],[-118.80542,34.00029],[-118.80506,34.00059],[-118.80506,34.00089],[-118.80488,34.00104],[-118.80488,34.00255],[-118.80433,34.00345],[-118.80433,34.00375],[-118.80234,34.00555],[-118.80052,34.00631],[-118.79943,34.00646],[-118.79925,34.00661],[-118.7978,34.00661],[-118.79762,34.00676],[-118.79616,34.00676],[-118.79598,34.00691],[-118.79544,34.00691],[-118.79417,34.00766],[-118.79381,34.00841],[-118.79381,34.00917],[-118.79417,34.00992],[-118.79399,34.01082],[-118.79362,34.01127],[-118.79254,34.01202],[-118.79235,34.01293],[-118.79181,34.01398],[-118.79072,34.01503],[-118.79072,34.01579],[-118.79054,34.01609],[-118.788,34.01849],[-118.78764,34.0194],[-118.78564,34.0209],[-118.78528,34.0209],[-118.78401,34.0215],[-118.78364,34.0215],[-118.78201,34.02226],[-118.77856,34.02271],[-118.77529,34.02361],[-118.77475,34.02361],[-118.77348,34.02406],[-118.77094,34.02436],[-118.77003,34.02466],[-118.7684,34.02481],[-118.76731,34.02511],[-118.76332,34.02542],[-118.76313,34.02557],[-118.75987,34.02542],[-118.75969,34.02557],[-118.75624,34.02572],[-118.75533,34.02617],[-118.75533,34.02662],[-118.75479,34.02722],[-118.75442,34.02812],[-118.7537,34.02842],[-118.75225,34.02963],[-118.75134,34.02993],[-118.75061,34.03038],[-118.74934,34.03068],[-118.74789,34.03128],[-118.74698,34.03143],[-118.74553,34.03204]],[[-118.76132,34.02557],[-118.76132,34.02557]],[[-118.8301,34.0203],[-118.8301,34.0203]],[[-118.82992,34.02015],[-118.82992,34.02015]],[[-118.82974,34.02],[-118.82974,34.02]],[[-118.82956,34.01985],[-118.82956,34.01985]],[[-118.82938,34.0197],[-118.82938,34.0197]],[[-118.82919,34.01955],[-118.82919,34.01955]],[[-118.82883,34.0194],[-118.82883,34.0194]],[[-118.82865,34.01925],[-118.82865,34.01925]],[[-118.82847,34.0191],[-118.82847,34.0191]],[[-118.82829,34.01895],[-118.82829,34.01895]],[[-118.82811,34.0188],[-118.82811,34.0188]],[[-118.82792,34.01864],[-118.82792,34.01864]],[[-118.82774,34.01849],[-118.82774,34.01849]],[[-118.82738,34.01834],[-118.82738,34.01834]],[[-118.8272,34.01819],[-118.8272,34.01819]],[[-118.82702,34.01804],[-118.82702,34.01804]],[[-118.82684,34.01789],[-118.82684,34.01789]],[[-118.82665,34.01774],[-118.82665,34.01774]],[[-118.82647,34.01759],[-118.82647,34.01759]],[[-118.82629,34.01744],[-118.82629,34.01744]],[[-118.82593,34.01729],[-118.82593,34.01729]],[[-118.82575,34.01714],[-118.82575,34.01714]],[[-118.82557,34.01699],[-118.82557,34.01699]],[[-118.82538,34.01684],[-118.82538,34.01684]],[[-118.8252,34.01669],[-118.8252,34.01669]],[[-118.82502,34.01654],[-118.82502,34.01654]],[[-118.82466,34.01639],[-118.82466,34.01639]],[[-118.82448,34.01624],[-118.82448,34.01624]],[[-118.82429,34.01609],[-118.82429,34.01609]],[[-118.82411,34.01594],[-118.82411,34.01594]],[[-118.82393,34.01579],[-118.82393,34.01579]],[[-118.82375,34.01564],[-118.82375,34.01564]],[[-118.82357,34.01549],[-118.82357,34.01549]],[[-118.82339,34.01533],[-118.82339,34.01533]],[[-118.82321,34.01518],[-118.82321,34.01518]],[[-118.82302,34.01503],[-118.82302,34.01503]],[[-118.82284,34.01488],[-118.82284,34.01488]],[[-118.82266,34.01473],[-118.82266,34.01473]],[[-118.82248,34.01458],[-118.82248,34.01458]],[[-118.8223,34.01443],[-118.8223,34.01443]],[[-118.82212,34.01428],[-118.82212,34.01428]],[[-118.82194,34.01413],[-118.82194,34.01413]],[[-118.82175,34.01398],[-118.82175,34.01398]],[[-118.82157,34.01383],[-118.82157,34.01383]],[[-118.82139,34.01368],[-118.82139,34.01368]],[[-118.82121,34.01353],[-118.82121,34.01353]],[[-118.82103,34.01338],[-118.82103,34.01338]],[[-118.82085,34.01323],[-118.82085,34.01323]],[[-118.82067,34.01308],[-118.82067,34.01308]],[[-118.82048,34.01293],[-118.82048,34.01293]],[[-118.8203,34.01278],[-118.8203,34.01278]],[[-118.82012,34.01263],[-118.82012,34.01263]],[[-118.81994,34.01248],[-118.81994,34.01248]],[[-118.81976,34.01233],[-118.81976,34.01233]],[[-118.81958,34.01217],[-118.81958,34.01217]],[[-118.81939,34.01202],[-118.81939,34.01202]],[[-118.81921,34.01187],[-118.81921,34.01187]],[[-118.81903,34.01172],[-118.81903,34.01172]],[[-118.81885,34.01157],[-118.81885,34.01157]],[[-118.81867,34.01142],[-118.81867,34.01142]],[[-118.81849,34.01127],[-118.81849,34.01127]],[[-118.81831,34.01112],[-118.81831,34.01112]],[[-118.81812,34.01097],[-118.81812,34.01097]],[[-118.81794,34.01082],[-118.81794,34.01082]],[[-118.81776,34.01067],[-118.81776,34.01067]],[[-118.81758,34.01052],[-118.81758,34.01052]],[[-118.8174,34.01037],[-118.8174,34.01037]],[[-118.81722,34.01022],[-118.81722,34.01022]],[[-118.81704,34.00992],[-118.81704,34.00992]],[[-118.81685,34.00977],[-118.81685,34.00977]],[[-118.81667,34.00962],[-118.81667,34.00962]],[[-118.81649,34.00947],[-118.81649,34.00947]],[[-118.81631,34.00917],[-118.81631,34.00917]],[[-118.81613,34.00902],[-118.81613,34.00902]],[[-118.81595,34.00886],[-118.81595,34.00886]],[[-118.81577,34.00871],[-118.81577,34.00871]],[[-118.81558,34.00856],[-118.81558,34.00856]],[[-118.8154,34.00826],[-118.8154,34.00826]],[[-118.81522,34.00811],[-118.81522,34.00811]],[[-118.81504,34.00796],[-118.81504,34.00796]],[[-118.81486,34.00781],[-118.81486,34.00781]],[[-118.81468,34.00751],[-118.81468,34.00751]],[[-118.81449,34.00736],[-118.81449,34.00736]],[[-118.81431,34.00721],[-118.81431,34.00721]],[[-118.81413,34.00706],[-118.81413,34.00706]],[[-118.81395,34.00691],[-118.81395,34.00691]],[[-118.81377,34.00661],[-118.81377,34.00661]],[[-118.81359,34.00646],[-118.81359,34.00646]],[[-118.81341,34.00631],[-118.81341,34.00631]],[[-118.81322,34.00616],[-118.81322,34.00616]],[[-118.81304,34.00586],[-118.81304,34.00586]],[[-118.81286,34.0057],[-118.81286,34.0057]],[[-118.81268,34.00555],[-118.81268,34.00555]],[[-118.8125,34.0054],[-118.8125,34.0054]],[[-118.81232,34.00525],[-118.81232,34.00525]],[[-118.81214,34.00495],[-118.81214,34.00495]],[[-118.81195,34.0048],[-118.81195,34.0048]],[[-118.81177,34.00465],[-118.81177,34.00465]],[[-118.81159,34.0045],[-118.81159,34.0045]],[[-118.81141,34.0042],[-118.81141,34.0042]],[[-118.81123,34.00405],[-118.81123,34.00405]],[[-118.81105,34.0039],[-118.81105,34.0039]],[[-118.81087,34.00375],[-118.81087,34.00375]],[[-118.81068,34.0036],[-118.81068,34.0036]],[[-118.8105,34.0033],[-118.8105,34.0033]],[[-118.81032,34.00315],[-118.81032,34.00315]],[[-118.81014,34.003],[-118.81014,34.003]],[[-118.80996,34.00285],[-118.80996,34.00285]],[[-118.80978,34.00255],[-118.80978,34.00255]],[[-118.80959,34.00239],[-118.80959,34.00239]],[[-118.80941,34.00224],[-118.80941,34.00224]],[[-118.80923,34.00209],[-118.80923,34.00209]],[[-118.80905,34.00194],[-118.80905,34.00194]],[[-118.80887,34.00164],[-118.80887,34.00164]],[[-118.80851,34.00119],[-118.80851,34.00119]],[[-118.80796,34.00104],[-118.80796,34.00104]],[[-118.80778,34.00089],[-118.80778,34.00089]],[[-118.8076,34.00074],[-118.8076,34.00074]],[[-118.80724,34.00029],[-118.80724,34.00029]],[[-118.8123,33.95996],[-118.81232,33.96032],[-118.81286,33.96073],[-118.81324,33.96057],[-118.8136,33.95996]]]},"properties":{"depth_m":600}}]}