{"type":"FeatureCollection","features":[{"type":"Feature","geometry":{"type":"MultiLineString","coordinates":[[[-117.29387,32.43705],[-117.29387,32.43659],[-117.29337,32.43623],[-117.29323,32.43548],[-117.29298,32.43547],[-117.29271,32.43585],[-117.29294,32.4366],[-117.29365,32.43715],[-117.29387,32.43705]],[[-117.24642,32.42138],[-117.24887,32.4212],[-117.24913,32.42099],[-117.24857,32.42043],[-117.2482,32.41974],[-117.24765,32.41949],[-117.24756,32.4193],[-117.24775,32.41892],[-117.24731,32.41855],[-117.24731,32.41836],[-117.24619,32.41793],[-117.24575,32.41824],[-117.24523,32.42005],[-117.2453,32.42015],[-117.24597,32.41968],[-117.24619,32.41968],[-117.24642,32.4193],[-117.24686,32.41892],[-117.24709,32.41892],[-117.24731,32.41911],[-117.24731,32.41986],[-117.24798,32.42024],[-117.24753,32.42062],[-117.24731,32.42043],[-117.24686,32.42043],[-117.24619,32.42118],[-117.24572,32.42118],[-117.24594,32.42137],[-117.24642,32.42138]],[[-117.25132,32.42123],[-117.25204,32.42081],[-117.25226,32.42043],[-117.25222,32.41986],[-117.25176,32.41941],[-117.25154,32.41944],[-117.25154,32.41968],[-117.25176,32.42005],[-117.25176,32.42043],[-117.25154,32.42081],[-117.2511,32.42099],[-117.25103,32.42118],[-117.25132,32.42123]],[[-117.25043,32.42117],[-117.25043,32.42081],[-117.25021,32.42043],[-117.2498,32.42043],[-117.2498,32.42081],[-117.2502,32.42116],[-117.25043,32.42117]],[[-117.24553,32.42108],[-117.24547,32.42099],[-117.24553,32.42108]],[[-117.2511,32.42099],[-117.2511,32.42099]],[[-117.24642,32.42099],[-117.24642,32.42099]],[[-117.25154,32.42062],[-117.25154,32.42062]],[[-117.24664,32.42062],[-117.24664,32.42062]],[[-117.24775,32.42043],[-117.24775,32.42043]],[[-117.24686,32.42043],[-117.24686,32.42043]],[[-117.24753,32.42005],[-117.24753,32.42005]],[[-117.25154,32.41986],[-117.25154,32.41986]],[[-117.24731,32.41986],[-117.24731,32.41986]],[[-117.24798,32.40843],[-117.24887,32.40797],[-117.24954,32.40723],[-117.25192,32.40538],[-117.25211,32.40463],[-117.25182,32.40388],[-117.2512,32.40294],[-117.24892,32.40068],[-117.24784,32.39936],[-117.24642,32.39661],[-117.24597,32.39675],[-117.24548,32.39748],[-117.24553,32.39786],[-117.24597,32.39842],[-117.24597,32.3988],[-117.24575,32.39899],[-117.24619,32.39937],[-117.24635,32.40049],[-117.24619,32.40094],[-117.24575,32.40113],[-117.24575,32.40256],[-117.2457,32.40275],[-117.2453,32.40295],[-117.2453,32.40313],[-117.24642,32.40294],[-117.24686,32.40331],[-117.24686,32.40369],[-117.24664,32.40407],[-117.24686,32.40425],[-117.24686,32.40463],[-117.24642,32.40519],[-117.24575,32.40518],[-117.24548,32.40557],[-117.24575,32.40595],[-117.24575,32.4065],[-117.2462,32.4067],[-117.24674,32.40802],[-117.24731,32.40802],[-117.24798,32.40843]],[[-117.24775,32.40839],[-117.24775,32.40839]],[[-117.24753,32.4082],[-117.24753,32.4082]],[[-117.24686,32.40745],[-117.24753,32.40708],[-117.24753,32.4067],[-117.24731,32.40651],[-117.24731,32.40576],[-117.24709,32.40557],[-117.24664,32.40557],[-117.24642,32.40576],[-117.24642,32.40651],[-117.24664,32.4067],[-117.24664,32.40726],[-117.24686,32.40745]],[[-117.24709,32.40726],[-117.24709,32.40726]],[[-117.24664,32.4067],[-117.24664,32.4067]],[[-117.25065,32.40632],[-117.25065,32.40632]],[[-117.24553,32.40576],[-117.24553,32.40576]],[[-117.25577,32.4056],[-117.25607,32.40519],[-117.25577,32.40472],[-117.25533,32.4047],[-117.25477,32.40519],[-117.25477,32.40538],[-117.25511,32.40568],[-117.25577,32.4056]],[[-117.2404,32.40545],[-117.24123,32.40501],[-117.24085,32.40444],[-117.24085,32.40388],[-117.2403,32.4035],[-117.2404,32.40294],[-117.23973,32.40237],[-117.23973,32.4004],[-117.23951,32.39955],[-117.23907,32.39899],[-117.23907,32.39842],[-117.23884,32.39824],[-117.23884,32.39775],[-117.2384,32.39734],[-117.23817,32.39687],[-117.23773,32.39692],[-117.23706,32.39654],[-117.23675,32.39654],[-117.23694,32.39711],[-117.23685,32.39786],[-117.23705,32.39974],[-117.23656,32.40331],[-117.23672,32.40425],[-117.23706,32.40463],[-117.23773,32.40494],[-117.2404,32.40545]],[[-117.24753,32.40538],[-117.24842,32.40463],[-117.24842,32.4035],[-117.24753,32.40237],[-117.24753,32.402],[-117.24731,32.40181],[-117.24731,32.4003],[-117.24686,32.39974],[-117.24664,32.39993],[-117.24664,32.40049],[-117.24642,32.40068],[-117.24664,32.40106],[-117.24664,32.40143],[-117.24642,32.40162],[-117.24664,32.40181],[-117.24664,32.40219],[-117.24642,32.40237],[-117.24664,32.40275],[-117.24753,32.40331],[-117.24753,32.40369],[-117.24731,32.40407],[-117.24753,32.40425],[-117.24753,32.40482],[-117.24709,32.40519],[-117.24753,32.40538]],[[-117.24775,32.40519],[-117.24775,32.40519]],[[-117.24798,32.40501],[-117.24798,32.40501]],[[-117.2482,32.40482],[-117.2482,32.40482]],[[-117.24664,32.40482],[-117.24664,32.40482]],[[-117.23706,32.40463],[-117.23706,32.40463]],[[-117.23684,32.40444],[-117.23684,32.40444]],[[-117.23795,32.40444],[-117.23862,32.40369],[-117.23951,32.40388],[-117.23973,32.40369],[-117.23973,32.40313],[-117.23884,32.40219],[-117.23884,32.40181],[-117.23907,32.40162],[-117.23884,32.40125],[-117.2384,32.40143],[-117.2384,32.40275],[-117.23862,32.40294],[-117.23862,32.40332],[-117.23773,32.40294],[-117.23706,32.4035],[-117.23706,32.40425],[-117.23728,32.40444],[-117.23795,32.40444]],[[-117.24753,32.40425],[-117.24753,32.40425]],[[-117.24664,32.40407],[-117.24664,32.40407]],[[-117.23817,32.40407],[-117.23817,32.40407]],[[-117.24664,32.40388],[-117.24664,32.40388]],[[-117.2384,32.40388],[-117.2384,32.40388]],[[-117.23884,32.40369],[-117.23884,32.40369]],[[-117.23862,32.40369],[-117.23862,32.40369]],[[-117.24753,32.40331],[-117.24753,32.40331]],[[-117.24664,32.40313],[-117.24664,32.40313]],[[-117.2453,32.40313],[-117.2453,32.40313]],[[-117.24731,32.40313],[-117.24731,32.40313]],[[-117.24686,32.40294],[-117.24686,32.40294]],[[-117.23862,32.40294],[-117.23862,32.40294]],[[-117.24664,32.40256],[-117.24664,32.40256]],[[-117.24664,32.40181],[-117.24664,32.40181]],[[-117.23884,32.40181],[-117.23884,32.40181]],[[-117.24664,32.40087],[-117.24664,32.40087]],[[-117.23862,32.40049],[-117.23907,32.39993],[-117.23884,32.39974],[-117.2384,32.39993],[-117.2384,32.4003],[-117.23862,32.40049]],[[-117.23884,32.40012],[-117.23884,32.40012]],[[-117.24575,32.39899],[-117.24575,32.39899]],[[-117.24575,32.39824],[-117.24575,32.39824]],[[-117.24553,32.39786],[-117.24553,32.39786]],[[-117.24508,32.39627],[-117.245,32.39617],[-117.24508,32.39627]]]},"properties":{"depth_m":1}},{"type":"Feature","geometry":{"type":"MultiLineString","coordinates":[[[-117.29588,32.44641],[-117.29563,32.44638],[-117.29588,32.44641]],[[-117.29543,32.44631],[-117.2954,32.4462],[-117.29543,32.44631]],[[-117.29387,32.43758],[-117.29391,32.43604],[-117.29365,32.43599],[-117.2936,32.43548],[-117.2932,32.43509],[-117.29253,32.43554],[-117.29253,32.43614],[-117.29298,32.43702],[-117.29365,32.43761],[-117.29387,32.43758]],[[-117.24842,32.42175],[-117.25132,32.42156],[-117.25332,32.4212],[-117.25393,32.42081],[-117.25399,32.42024],[-117.2536,32.41968],[-117.25266,32.41881],[-117.25221,32.41867],[-117.25154,32.41805],[-117.2508,32.41798],[-117.25132,32.41855],[-117.25176,32.42043],[-117.25132,32.42099],[-117.25065,32.42118],[-117.2502,32.42062],[-117.25021,32.42043],[-117.24842,32.42005],[-117.2482,32.41986],[-117.24798,32.41949],[-117.24798,32.41911],[-117.24731,32.41855],[-117.24731,32.41798],[-117.24597,32.41704],[-117.24575,32.41663],[-117.24569,32.41704],[-117.24521,32.4178],[-117.24488,32.42005],[-117.24504,32.42099],[-117.24553,32.42147],[-117.24619,32.4217],[-117.24842,32.42175]],[[-117.24619,32.42118],[-117.24686,32.42043],[-117.24731,32.42043],[-117.24753,32.42062],[-117.24798,32.42024],[-117.24731,32.41986],[-117.24731,32.41911],[-117.24709,32.41892],[-117.24686,32.41892],[-117.24619,32.41968],[-117.24597,32.41968],[-117.2453,32.42024],[-117.2453,32.42081],[-117.24575,32.42118],[-117.24619,32.42118]],[[-117.2511,32.42099],[-117.2511,32.42099]],[[-117.24642,32.42099],[-117.24642,32.42099]],[[-117.24553,32.42099],[-117.24553,32.42099]],[[-117.25154,32.42062],[-117.25154,32.42062]],[[-117.24664,32.42062],[-117.24664,32.42062]],[[-117.24775,32.42043],[-117.24775,32.42043]],[[-117.24731,32.42043],[-117.24731,32.42043]],[[-117.24686,32.42043],[-117.24686,32.42043]],[[-117.25154,32.41986],[-117.25154,32.41986]],[[-117.25889,32.41934],[-117.25889,32.41921],[-117.25878,32.4193],[-117.25889,32.41934]],[[-117.25132,32.41892],[-117.25132,32.41892]],[[-117.2511,32.41836],[-117.2511,32.41836]],[[-117.25087,32.41817],[-117.25087,32.41817]],[[-117.24486,32.41559],[-117.24486,32.41535],[-117.24464,32.41519],[-117.24445,32.41535],[-117.24486,32.41559]],[[-117.24909,32.40927],[-117.25049,32.40783],[-117.25176,32.40706],[-117.2531,32.40672],[-117.25533,32.40663],[-117.25619,32.40632],[-117.25687,32.40557],[-117.25692,32.40482],[-117.25667,32.40433],[-117.256,32.40385],[-117.25511,32.40369],[-117.25399,32.4039],[-117.25355,32.40365],[-117.24909,32.39979],[-117.24816,32.39861],[-117.24706,32.39673],[-117.24664,32.39632],[-117.24619,32.39673],[-117.24561,32.39673],[-117.24561,32.39711],[-117.2453,32.39746],[-117.2453,32.39767],[-117.24597,32.39842],[-117.24597,32.3988],[-117.24575,32.39918],[-117.24597,32.39936],[-117.24575,32.39955],[-117.24575,32.39993],[-117.24597,32.4003],[-117.24575,32.40049],[-117.24575,32.40256],[-117.2453,32.40294],[-117.2453,32.40313],[-117.24642,32.40294],[-117.24686,32.40331],[-117.24686,32.40369],[-117.24664,32.40407],[-117.24686,32.40425],[-117.24686,32.40463],[-117.24642,32.40519],[-117.24597,32.40519],[-117.2453,32.40463],[-117.24508,32.40482],[-117.24545,32.40519],[-117.24522,32.40557],[-117.24575,32.40595],[-117.24575,32.40721],[-117.24619,32.40739],[-117.24648,32.40802],[-117.24731,32.40802],[-117.2482,32.40877],[-117.24909,32.40927]],[[-117.24887,32.40914],[-117.24887,32.40914]],[[-117.2482,32.40877],[-117.2482,32.40877]],[[-117.24798,32.40858],[-117.24798,32.40858]],[[-117.24775,32.40839],[-117.24775,32.40839]],[[-117.24753,32.4082],[-117.24753,32.4082]],[[-117.24686,32.40745],[-117.24753,32.40708],[-117.24753,32.4067],[-117.24731,32.40651],[-117.24731,32.40576],[-117.24709,32.40557],[-117.24664,32.40557],[-117.24642,32.40576],[-117.24642,32.40651],[-117.24664,32.4067],[-117.24664,32.40726],[-117.24686,32.40745]],[[-117.24709,32.40726],[-117.24709,32.40726]],[[-117.25332,32.4067],[-117.25332,32.4067]],[[-117.24664,32.4067],[-117.24664,32.4067]],[[-117.2404,32.40642],[-117.24107,32.40576],[-117.24129,32.4059],[-117.24152,32.40576],[-117.24152,32.40538],[-117.24085,32.40444],[-117.24085,32.40388],[-117.24063,32.40369],[-117.24063,32.40331],[-117.2404,32.40294],[-117.23973,32.40237],[-117.23973,32.39993],[-117.23907,32.39899],[-117.23907,32.39842],[-117.23884,32.39824],[-117.23884,32.39707],[-117.2384,32.39653],[-117.23817,32.39653],[-117.23817,32.39673],[-117.23795,32.39692],[-117.23684,32.39654],[-117.23661,32.39635],[-117.23661,32.39586],[-117.23639,32.39586],[-117.23621,32.39711],[-117.23628,32.39993],[-117.236,32.40275],[-117.23618,32.40407],[-117.23661,32.40481],[-117.23728,32.4053],[-117.2404,32.40642]],[[-117.24553,32.40576],[-117.24553,32.40576]],[[-117.24753,32.40538],[-117.24842,32.40463],[-117.24842,32.4035],[-117.24753,32.40237],[-117.24753,32.402],[-117.24731,32.40181],[-117.24731,32.4003],[-117.24686,32.39974],[-117.24664,32.39993],[-117.24664,32.40049],[-117.24642,32.40068],[-117.24664,32.40106],[-117.24664,32.40143],[-117.24642,32.40162],[-117.24664,32.40181],[-117.24664,32.40219],[-117.24642,32.40237],[-117.24664,32.40275],[-117.24753,32.40331],[-117.24753,32.40369],[-117.24731,32.40407],[-117.24753,32.40425],[-117.24753,32.40482],[-117.24709,32.40519],[-117.24753,32.40538]],[[-117.2453,32.40538],[-117.2453,32.40538]],[[-117.24775,32.40519],[-117.24775,32.40519]],[[-117.2453,32.40501],[-117.2453,32.40501]],[[-117.24798,32.40501],[-117.24798,32.40501]],[[-117.2482,32.40482],[-117.2482,32.40482]],[[-117.24664,32.40482],[-117.24664,32.40482]],[[-117.24508,32.40482],[-117.24508,32.40482]],[[-117.2453,32.40463],[-117.2453,32.40463]],[[-117.23795,32.40444],[-117.23862,32.40368],[-117.23907,32.40388],[-117.23951,32.40388],[-117.23973,32.40369],[-117.23973,32.40313],[-117.23907,32.40257],[-117.23884,32.40219],[-117.23884,32.40181],[-117.23907,32.40162],[-117.23884,32.40125],[-117.2384,32.40143],[-117.2384,32.40275],[-117.23862,32.40294],[-117.23862,32.40332],[-117.23773,32.40294],[-117.23706,32.4035],[-117.23706,32.40425],[-117.23728,32.40444],[-117.23795,32.40444]],[[-117.24753,32.40425],[-117.24753,32.40425]],[[-117.24664,32.40407],[-117.24664,32.40407]],[[-117.23817,32.40407],[-117.23817,32.40407]],[[-117.24664,32.40388],[-117.24664,32.40388]],[[-117.2384,32.40388],[-117.2384,32.40388]],[[-117.23884,32.40369],[-117.23884,32.40369]],[[-117.24753,32.40331],[-117.24753,32.40331]],[[-117.24664,32.40313],[-117.24664,32.40313]],[[-117.2453,32.40313],[-117.2453,32.40313]],[[-117.24731,32.40313],[-117.24731,32.40313]],[[-117.24686,32.40294],[-117.24686,32.40294]],[[-117.2453,32.40294],[-117.2453,32.40294]],[[-117.23862,32.40294],[-117.23862,32.40294]],[[-117.24553,32.40275],[-117.24553,32.40275]],[[-117.24664,32.40256],[-117.24664,32.40256]],[[-117.24664,32.40181],[-117.24664,32.40181]],[[-117.23884,32.40181],[-117.23884,32.40181]],[[-117.24664,32.40087],[-117.24664,32.40087]],[[-117.24575,32.40049],[-117.24575,32.40049]],[[-117.23862,32.40049],[-117.23907,32.39993],[-117.23884,32.39974],[-117.2384,32.39993],[-117.2384,32.4003],[-117.23862,32.40049]],[[-117.24575,32.40012],[-117.24575,32.40012]],[[-117.23884,32.40012],[-117.23884,32.40012]],[[-117.24575,32.39955],[-117.24575,32.39955]],[[-117.24575,32.39918],[-117.24575,32.39918]],[[-117.24575,32.39899],[-117.24575,32.39899]],[[-117.24575,32.39824],[-117.24575,32.39824]],[[-117.24553,32.39786],[-117.24553,32.39786]],[[-117.2453,32.39767],[-117.2453,32.39767]],[[-117.24508,32.39658],[-117.24523,32.39635],[-117.24486,32.39617],[-117.24486,32.39641],[-117.24508,32.39658]],[[-117.24642,32.39654],[-117.24642,32.39654]],[[-117.24486,32.39617],[-117.24486,32.39617]],[[-117.23817,32.39506],[-117.23864,32.39485],[-117.23862,32.3941],[-117.2384,32.39407],[-117.2381,32.39447],[-117.23756,32.39466],[-117.23756,32.39485],[-117.23795,32.39485],[-117.23817,32.39506]],[[-117.23684,32.39504],[-117.23684,32.39504]],[[-117.2453,32.39469],[-117.24508,32.39446],[-117.24455,32.39466],[-117.2453,32.39469]]]},"properties":{"depth_m":2}},{"type":"Feature","geometry":{"type":"MultiLineString","coordinates":[[[-117.29588,32.44676],[-117.29521,32.44644],[-117.29521,32.44614],[-117.29565,32.44638],[-117.29634,32.4462],[-117.29632,32.44644],[-117.29588,32.44676]],[[-117.2961,32.4462],[-117.2961,32.4462]],[[-117.29543,32.4462],[-117.29543,32.4462]],[[-117.29543,32.44526],[-117.29526,32.44526],[-117.29543,32.44511],[-117.29543,32.44526]],[[-117.29432,32.43915],[-117.29409,32.4383],[-117.29387,32.43811],[-117.29387,32.43642],[-117.29409,32.43623],[-117.29409,32.43585],[-117.29343,32.43529],[-117.2932,32.4349],[-117.29298,32.43489],[-117.29233,32.43548],[-117.29241,32.43623],[-117.29298,32.43733],[-117.29354,32.43792],[-117.29432,32.43915]],[[-117.29365,32.43811],[-117.29365,32.43811]],[[-117.24954,32.42214],[-117.25399,32.42179],[-117.25488,32.42122],[-117.255,32.42043],[-117.25422,32.41928],[-117.25176,32.41735],[-117.2511,32.41657],[-117.25087,32.41663],[-117.25081,32.41704],[-117.25034,32.41761],[-117.25132,32.41855],[-117.25176,32.42043],[-117.25132,32.42099],[-117.25065,32.42118],[-117.2502,32.42062],[-117.25022,32.42043],[-117.24931,32.42024],[-117.24909,32.42005],[-117.24842,32.42005],[-117.2482,32.41986],[-117.24798,32.41949],[-117.24798,32.41911],[-117.24731,32.41855],[-117.24731,32.41798],[-117.24597,32.41704],[-117.24508,32.41554],[-117.24464,32.41516],[-117.24397,32.4151],[-117.24389,32.41516],[-117.24494,32.41592],[-117.24502,32.41629],[-117.24461,32.41986],[-117.24475,32.42081],[-117.24504,32.42137],[-117.24575,32.42185],[-117.24664,32.42212],[-117.24954,32.42214]],[[-117.24619,32.42118],[-117.24686,32.42043],[-117.24731,32.42043],[-117.24753,32.42062],[-117.24798,32.42024],[-117.24731,32.41986],[-117.24731,32.41911],[-117.24709,32.41892],[-117.24686,32.41892],[-117.24619,32.41968],[-117.24597,32.41968],[-117.2453,32.42024],[-117.2453,32.42081],[-117.24575,32.42118],[-117.24619,32.42118]],[[-117.2511,32.42099],[-117.2511,32.42099]],[[-117.24642,32.42099],[-117.24642,32.42099]],[[-117.24553,32.42099],[-117.24553,32.42099]],[[-117.25154,32.42062],[-117.25154,32.42062]],[[-117.24664,32.42062],[-117.24664,32.42062]],[[-117.24775,32.42043],[-117.24775,32.42043]],[[-117.24731,32.42043],[-117.24731,32.42043]],[[-117.24686,32.42043],[-117.24686,32.42043]],[[-117.25154,32.41986],[-117.25154,32.41986]],[[-117.25912,32.4195],[-117.25889,32.41911],[-117.25844,32.41911],[-117.25845,32.41931],[-117.25912,32.4195]],[[-117.25132,32.41892],[-117.25132,32.41892]],[[-117.2511,32.41836],[-117.2511,32.41836]],[[-117.25087,32.41817],[-117.25087,32.41817]],[[-117.25065,32.41798],[-117.25065,32.41798]],[[-117.25043,32.4178],[-117.25043,32.4178]],[[-117.24998,32.41466],[-117.24998,32.41436],[-117.24976,32.41436],[-117.24976,32.4146],[-117.24998,32.41466]],[[-117.24976,32.4146],[-117.24976,32.4146]],[[-117.24931,32.4098],[-117.25095,32.40839],[-117.25199,32.40778],[-117.2531,32.40747],[-117.25533,32.40717],[-117.25644,32.40671],[-117.25726,32.40576],[-117.25739,32.40519],[-117.25732,32.40463],[-117.25699,32.40407],[-117.25632,32.4035],[-117.25377,32.40266],[-117.25065,32.40055],[-117.24889,32.3988],[-117.24739,32.39654],[-117.24686,32.396],[-117.24664,32.396],[-117.24664,32.39635],[-117.24619,32.39673],[-117.24575,32.39673],[-117.24508,32.39617],[-117.24486,32.39616],[-117.24486,32.39659],[-117.2454,32.39692],[-117.2453,32.39767],[-117.24597,32.39842],[-117.24597,32.3988],[-117.24575,32.39899],[-117.24597,32.39936],[-117.24575,32.39955],[-117.24575,32.40012],[-117.24597,32.4003],[-117.24575,32.40049],[-117.24575,32.40256],[-117.2453,32.40294],[-117.2453,32.40314],[-117.24642,32.40294],[-117.24686,32.40331],[-117.24686,32.40369],[-117.24664,32.40407],[-117.24686,32.40425],[-117.24686,32.40463],[-117.24642,32.40519],[-117.24597,32.40519],[-117.2453,32.40463],[-117.24486,32.40501],[-117.24486,32.40537],[-117.24575,32.40595],[-117.24575,32.40749],[-117.24619,32.40771],[-117.24631,32.40802],[-117.24604,32.4082],[-117.24619,32.40833],[-117.24664,32.40802],[-117.24731,32.40802],[-117.24909,32.40933],[-117.24909,32.40985],[-117.24931,32.4098]],[[-117.24887,32.40914],[-117.24887,32.40914]],[[-117.24842,32.40896],[-117.24842,32.40896]],[[-117.2482,32.40877],[-117.2482,32.40877]],[[-117.24798,32.40858],[-117.24798,32.40858]],[[-117.24775,32.40839],[-117.24775,32.40839]],[[-117.24753,32.4082],[-117.24753,32.4082]],[[-117.24686,32.40745],[-117.24753,32.40708],[-117.24753,32.4067],[-117.24731,32.40651],[-117.24731,32.40576],[-117.24709,32.40557],[-117.24664,32.40557],[-117.24642,32.40576],[-117.24642,32.40651],[-117.24664,32.4067],[-117.24664,32.40726],[-117.24686,32.40745]],[[-117.24709,32.40726],[-117.24709,32.40726]],[[-117.24018,32.40709],[-117.2404,32.40704],[-117.24107,32.40633],[-117.24152,32.4062],[-117.24152,32.40538],[-117.24085,32.40444],[-117.24085,32.40388],[-117.24063,32.40369],[-117.24063,32.40331],[-117.2404,32.40294],[-117.23973,32.40237],[-117.23973,32.39993],[-117.23907,32.39899],[-117.23907,32.39842],[-117.23884,32.39824],[-117.23872,32.39579],[-117.23884,32.39466],[-117.23862,32.39447],[-117.23862,32.3941],[-117.2384,32.39376],[-117.23776,32.39429],[-117.23684,32.3946],[-117.23639,32.39499],[-117.23584,32.39654],[-117.23557,32.4035],[-117.23598,32.40463],[-117.23684,32.40554],[-117.23951,32.40664],[-117.24018,32.40709]],[[-117.24664,32.4067],[-117.24664,32.4067]],[[-117.25689,32.40632],[-117.25689,32.40632]],[[-117.24553,32.40576],[-117.24553,32.40576]],[[-117.24508,32.40557],[-117.24508,32.40557]],[[-117.24753,32.40538],[-117.24842,32.40463],[-117.24842,32.4035],[-117.24753,32.40237],[-117.24753,32.402],[-117.24731,32.40181],[-117.24731,32.4003],[-117.24686,32.39974],[-117.24664,32.39993],[-117.24664,32.40049],[-117.24642,32.40068],[-117.24664,32.40087],[-117.24664,32.40143],[-117.24642,32.40162],[-117.24664,32.402],[-117.24642,32.40237],[-117.24664,32.40275],[-117.24753,32.40331],[-117.24753,32.40369],[-117.24731,32.40407],[-117.24753,32.40425],[-117.24753,32.40482],[-117.24709,32.40519],[-117.24753,32.40538]],[[-117.24775,32.40519],[-117.24775,32.40519]],[[-117.24798,32.40501],[-117.24798,32.40501]],[[-117.2482,32.40482],[-117.2482,32.40482]],[[-117.24664,32.40482],[-117.24664,32.40482]],[[-117.2453,32.40463],[-117.2453,32.40463]],[[-117.23795,32.40444],[-117.23862,32.40368],[-117.23907,32.40388],[-117.23951,32.40388],[-117.23973,32.40369],[-117.23973,32.40313],[-117.23907,32.40257],[-117.23884,32.40219],[-117.23884,32.40181],[-117.23907,32.40162],[-117.23884,32.40125],[-117.2384,32.40143],[-117.2384,32.40275],[-117.23862,32.40294],[-117.23862,32.40333],[-117.23773,32.40294],[-117.23706,32.4035],[-117.23706,32.40425],[-117.23728,32.40444],[-117.23795,32.40444]],[[-117.24753,32.40425],[-117.24753,32.40425]],[[-117.24664,32.40407],[-117.24664,32.40407]],[[-117.23817,32.40407],[-117.23817,32.40407]],[[-117.24664,32.40388],[-117.24664,32.40388]],[[-117.2384,32.40388],[-117.2384,32.40388]],[[-117.23884,32.40369],[-117.23884,32.40369]],[[-117.24753,32.40331],[-117.24753,32.40331]],[[-117.24664,32.40313],[-117.24664,32.40313]],[[-117.24731,32.40313],[-117.24731,32.40313]],[[-117.24686,32.40294],[-117.24686,32.40294]],[[-117.2453,32.40294],[-117.2453,32.40294]],[[-117.23862,32.40294],[-117.23862,32.40294]],[[-117.24553,32.40275],[-117.24553,32.40275]],[[-117.24664,32.40256],[-117.24664,32.40256]],[[-117.24664,32.40181],[-117.24664,32.40181]],[[-117.23884,32.40181],[-117.23884,32.40181]],[[-117.24664,32.40087],[-117.24664,32.40087]],[[-117.24575,32.40049],[-117.24575,32.40049]],[[-117.23862,32.40049],[-117.23907,32.39993],[-117.23884,32.39974],[-117.2384,32.39993],[-117.2384,32.4003],[-117.23862,32.40049]],[[-117.24575,32.40012],[-117.24575,32.40012]],[[-117.23884,32.40012],[-117.23884,32.40012]],[[-117.24575,32.39955],[-117.24575,32.39955]],[[-117.24575,32.39918],[-117.24575,32.39918]],[[-117.24575,32.39899],[-117.24575,32.39899]],[[-117.24575,32.39824],[-117.24575,32.39824]],[[-117.24553,32.39786],[-117.24553,32.39786]],[[-117.2453,32.39767],[-117.2453,32.39767]],[[-117.23795,32.39692],[-117.23817,32.39673],[-117.23817,32.39598],[-117.23852,32.39579],[-117.2385,32.3956],[-117.23817,32.39541],[-117.23817,32.39504],[-117.23795,32.39485],[-117.23706,32.39485],[-117.23661,32.39523],[-117.23661,32.39635],[-117.23795,32.39692]],[[-117.23751,32.39673],[-117.23751,32.39673]],[[-117.24642,32.39654],[-117.24642,32.39654]],[[-117.23706,32.39654],[-117.23706,32.39654]],[[-117.23817,32.39598],[-117.23817,32.39598]],[[-117.24642,32.39535],[-117.24656,32.39523],[-117.24642,32.3951],[-117.24642,32.39535]],[[-117.24619,32.39504],[-117.24635,32.39504],[-117.24619,32.39504]],[[-117.24553,32.39485],[-117.24565,32.39485],[-117.24553,32.39456],[-117.24419,32.3938],[-117.24419,32.39447],[-117.24463,32.39485],[-117.24508,32.39466],[-117.24553,32.39485]],[[-117.2453,32.39485],[-117.2453,32.39485]],[[-117.24419,32.39447],[-117.24419,32.39447]],[[-117.24397,32.39372],[-117.24407,32.39372],[-117.24397,32.39372]],[[-117.24374,32.39362],[-117.24374,32.39347],[-117.24374,32.39362]]]},"properties":{"depth_m":3}},{"type":"Feature","geometry":{"type":"MultiLineString","coordinates":[[[-117.2961,32.44698],[-117.29634,32.44676],[-117.29647,32.4462],[-117.29632,32.44607],[-117.29565,32.44638],[-117.29521,32.44601],[-117.29521,32.44544],[-117.29565,32.44507],[-117.29604,32.44507],[-117.29588,32.44488],[-117.29543,32.44481],[-117.29499,32.44543],[-117.29499,32.44617],[-117.29521,32.44666],[-117.29565,32.44702],[-117.2961,32.44698]],[[-117.2961,32.4462],[-117.2961,32.4462]],[[-117.2961,32.4454],[-117.29627,32.44526],[-117.2961,32.44511],[-117.2961,32.4454]],[[-117.29432,32.43935],[-117.29445,32.43924],[-117.29432,32.43886],[-117.29387,32.43811],[-117.29387,32.43642],[-117.29409,32.43623],[-117.29409,32.43585],[-117.29298,32.43467],[-117.29226,32.4351],[-117.29227,32.43623],[-117.29393,32.43905],[-117.29432,32.43935]],[[-117.25087,32.4225],[-117.25355,32.42242],[-117.255,32.42212],[-117.25577,32.42154],[-117.2559,32.42099],[-117.25578,32.42043],[-117.25535,32.41968],[-117.25465,32.41892],[-117.25199,32.41689],[-117.2511,32.41587],[-117.25087,32.41585],[-117.2506,32.41648],[-117.2506,32.41704],[-117.2502,32.41724],[-117.2502,32.41761],[-117.25132,32.41855],[-117.25176,32.42043],[-117.25132,32.42099],[-117.25065,32.42118],[-117.2502,32.42062],[-117.25022,32.42043],[-117.24931,32.42024],[-117.24909,32.42005],[-117.24842,32.42005],[-117.2482,32.41986],[-117.24798,32.41949],[-117.24798,32.4191],[-117.24731,32.41855],[-117.24731,32.41798],[-117.24597,32.41704],[-117.24508,32.41554],[-117.24464,32.41516],[-117.24366,32.41497],[-117.24374,32.41524],[-117.2446,32.41592],[-117.24442,32.41686],[-117.24434,32.41986],[-117.24451,32.42081],[-117.24493,32.42156],[-117.24575,32.42215],[-117.24664,32.42243],[-117.25087,32.4225]],[[-117.24619,32.42118],[-117.24686,32.42043],[-117.24731,32.42043],[-117.24753,32.42062],[-117.24798,32.42024],[-117.24731,32.41986],[-117.24731,32.41911],[-117.24709,32.41892],[-117.24686,32.41892],[-117.24619,32.41968],[-117.24597,32.41968],[-117.2453,32.42024],[-117.2453,32.42081],[-117.24575,32.42118],[-117.24619,32.42118]],[[-117.2511,32.42099],[-117.2511,32.42099]],[[-117.24642,32.42099],[-117.24642,32.42099]],[[-117.24553,32.42099],[-117.24553,32.42099]],[[-117.25154,32.42062],[-117.25154,32.42062]],[[-117.24664,32.42062],[-117.24664,32.42062]],[[-117.24441,32.42043],[-117.24441,32.42043]],[[-117.24775,32.42043],[-117.24775,32.42043]],[[-117.24731,32.42043],[-117.24731,32.42043]],[[-117.24686,32.42043],[-117.24686,32.42043]],[[-117.25154,32.41986],[-117.25154,32.41986]],[[-117.25912,32.41963],[-117.25912,32.4193],[-117.25889,32.41911],[-117.25833,32.41911],[-117.25845,32.41941],[-117.25912,32.41963]],[[-117.25132,32.41892],[-117.25132,32.41892]],[[-117.2511,32.41836],[-117.2511,32.41836]],[[-117.25087,32.41817],[-117.25087,32.41817]],[[-117.25065,32.41798],[-117.25065,32.41798]],[[-117.25043,32.4178],[-117.25043,32.4178]],[[-117.2502,32.41761],[-117.2502,32.41761]],[[-117.2502,32.41529],[-117.25037,32.41479],[-117.24998,32.41351],[-117.24976,32.41366],[-117.24976,32.4146],[-117.24998,32.41479],[-117.24998,32.41529],[-117.2502,32.41529]],[[-117.24976,32.4146],[-117.24976,32.4146]],[[-117.24308,32.41446],[-117.24308,32.41446]],[[-117.24976,32.41366],[-117.24976,32.41366]],[[-117.24998,32.41068],[-117.25103,32.40914],[-117.25199,32.40847],[-117.2531,32.40804],[-117.25555,32.40754],[-117.25667,32.40698],[-117.25731,32.40632],[-117.25761,32.40576],[-117.25771,32.40501],[-117.25759,32.40444],[-117.25711,32.40373],[-117.25644,32.40318],[-117.2531,32.40169],[-117.25087,32.40019],[-117.24892,32.39824],[-117.24753,32.39622],[-117.24686,32.3956],[-117.24664,32.39499],[-117.24352,32.39321],[-117.24354,32.39353],[-117.24419,32.39391],[-117.24419,32.39447],[-117.24463,32.39485],[-117.24508,32.39466],[-117.2453,32.39485],[-117.24597,32.39485],[-117.24664,32.3956],[-117.24664,32.39635],[-117.24619,32.39673],[-117.24575,32.39673],[-117.24508,32.39617],[-117.24486,32.39616],[-117.24486,32.39673],[-117.2453,32.3973],[-117.2453,32.39767],[-117.24597,32.39842],[-117.24597,32.3988],[-117.24575,32.39899],[-117.24597,32.39936],[-117.24575,32.39955],[-117.24575,32.40012],[-117.24597,32.4003],[-117.24575,32.40049],[-117.24575,32.40256],[-117.2453,32.40294],[-117.2453,32.40314],[-117.24642,32.40294],[-117.24686,32.40331],[-117.24686,32.40369],[-117.24664,32.40407],[-117.24686,32.40425],[-117.24686,32.40463],[-117.24664,32.40501],[-117.24642,32.40519],[-117.24597,32.40519],[-117.2453,32.40463],[-117.24486,32.40501],[-117.24486,32.40538],[-117.24575,32.40595],[-117.24575,32.40762],[-117.24597,32.40783],[-117.24584,32.4082],[-117.24597,32.40839],[-117.2462,32.40839],[-117.24664,32.40802],[-117.24731,32.40802],[-117.24841,32.40896],[-117.24865,32.40896],[-117.24909,32.40933],[-117.24909,32.41019],[-117.24965,32.41065],[-117.24998,32.41068]],[[-117.25087,32.40933],[-117.25087,32.40933]],[[-117.24887,32.40914],[-117.24887,32.40914]],[[-117.24798,32.40858],[-117.24798,32.40858]],[[-117.24775,32.40839],[-117.24775,32.40839]],[[-117.24597,32.40839],[-117.24597,32.40839]],[[-117.24753,32.4082],[-117.24753,32.4082]],[[-117.2404,32.40772],[-117.24069,32.40745],[-117.24085,32.40692],[-117.24107,32.40678],[-117.24152,32.40685],[-117.24152,32.40538],[-117.24085,32.40444],[-117.24085,32.40388],[-117.24063,32.40369],[-117.24063,32.40331],[-117.2404,32.40294],[-117.23973,32.40237],[-117.23973,32.39993],[-117.23907,32.39899],[-117.23907,32.39842],[-117.23884,32.39824],[-117.23884,32.39466],[-117.2384,32.39391],[-117.23862,32.39335],[-117.23862,32.39306],[-117.2384,32.39306],[-117.23795,32.39372],[-117.23726,32.39391],[-117.23629,32.39466],[-117.23564,32.39579],[-117.23536,32.39748],[-117.23513,32.40331],[-117.23551,32.40463],[-117.23647,32.40576],[-117.2404,32.40772]],[[-117.24686,32.40745],[-117.24753,32.40708],[-117.24753,32.4067],[-117.24731,32.40651],[-117.24731,32.40576],[-117.24709,32.40557],[-117.24664,32.40557],[-117.24642,32.40576],[-117.24642,32.40651],[-117.24664,32.4067],[-117.24664,32.40726],[-117.24686,32.40745]],[[-117.24709,32.40726],[-117.24709,32.40726]],[[-117.24664,32.4067],[-117.24664,32.4067]],[[-117.24553,32.40576],[-117.24553,32.40576]],[[-117.24508,32.40557],[-117.24508,32.40557]],[[-117.24486,32.40538],[-117.24486,32.40538]],[[-117.24753,32.40538],[-117.24842,32.40463],[-117.24842,32.4035],[-117.24753,32.40237],[-117.24753,32.402],[-117.24731,32.40181],[-117.24731,32.4003],[-117.24686,32.39974],[-117.24664,32.39993],[-117.24664,32.40049],[-117.24642,32.40068],[-117.24664,32.40106],[-117.24664,32.40143],[-117.24642,32.40162],[-117.24664,32.40181],[-117.24664,32.40219],[-117.24642,32.40237],[-117.24664,32.40275],[-117.24753,32.40331],[-117.24753,32.40369],[-117.24731,32.40407],[-117.24753,32.40425],[-117.24753,32.40482],[-117.24709,32.40519],[-117.24753,32.40538]],[[-117.24775,32.40519],[-117.24775,32.40519]],[[-117.24798,32.40501],[-117.24798,32.40501]],[[-117.24486,32.40501],[-117.24486,32.40501]],[[-117.2482,32.40482],[-117.2482,32.40482]],[[-117.24664,32.40482],[-117.24664,32.40482]],[[-117.23795,32.40444],[-117.23862,32.40367],[-117.23907,32.40388],[-117.23951,32.40388],[-117.23973,32.40369],[-117.23973,32.40313],[-117.23907,32.40258],[-117.23907,32.40237],[-117.23884,32.40219],[-117.23884,32.40181],[-117.23907,32.40162],[-117.23884,32.40125],[-117.2384,32.40143],[-117.2384,32.40275],[-117.23862,32.40294],[-117.23862,32.40333],[-117.23773,32.40294],[-117.23706,32.4035],[-117.23706,32.40425],[-117.23728,32.40444],[-117.23795,32.40444]],[[-117.24753,32.40425],[-117.24753,32.40425]],[[-117.24664,32.40407],[-117.24664,32.40407]],[[-117.23817,32.40407],[-117.23817,32.40407]],[[-117.24664,32.40388],[-117.24664,32.40388]],[[-117.2384,32.40388],[-117.2384,32.40388]],[[-117.23884,32.40369],[-117.23884,32.40369]],[[-117.24753,32.40331],[-117.24753,32.40331]],[[-117.24664,32.40313],[-117.24664,32.40313]],[[-117.24731,32.40313],[-117.24731,32.40313]],[[-117.24686,32.40294],[-117.24686,32.40294]],[[-117.2453,32.40294],[-117.2453,32.40294]],[[-117.23862,32.40294],[-117.23862,32.40294]],[[-117.24553,32.40275],[-117.24553,32.40275]],[[-117.24664,32.40256],[-117.24664,32.40256]],[[-117.24664,32.40181],[-117.24664,32.40181]],[[-117.23884,32.40181],[-117.23884,32.40181]],[[-117.24664,32.40087],[-117.24664,32.40087]],[[-117.24575,32.40049],[-117.24575,32.40049]],[[-117.23862,32.40049],[-117.23907,32.39993],[-117.23884,32.39974],[-117.2384,32.39993],[-117.2384,32.4003],[-117.23862,32.40049]],[[-117.24575,32.40012],[-117.24575,32.40012]],[[-117.23884,32.40012],[-117.23884,32.40012]],[[-117.24575,32.39955],[-117.24575,32.39955]],[[-117.24575,32.39918],[-117.24575,32.39918]],[[-117.24575,32.39899],[-117.24575,32.39899]],[[-117.24575,32.39824],[-117.24575,32.39824]],[[-117.24553,32.39786],[-117.24553,32.39786]],[[-117.2453,32.39767],[-117.2453,32.39767]],[[-117.24508,32.39711],[-117.24508,32.39711]],[[-117.24486,32.39673],[-117.24486,32.39673]],[[-117.23795,32.39692],[-117.23817,32.39673],[-117.23817,32.39598],[-117.2384,32.39579],[-117.23817,32.39541],[-117.23817,32.39504],[-117.23795,32.39485],[-117.23706,32.39485],[-117.23661,32.39523],[-117.23661,32.39635],[-117.23795,32.39692]],[[-117.23751,32.39673],[-117.23751,32.39673]],[[-117.24642,32.39654],[-117.24642,32.39654]],[[-117.23706,32.39654],[-117.23706,32.39654]],[[-117.23817,32.39598],[-117.23817,32.39598]],[[-117.24642,32.39541],[-117.24642,32.39541]],[[-117.23572,32.3956],[-117.23572,32.3956]],[[-117.24619,32.39504],[-117.24619,32.39504]],[[-117.2453,32.39485],[-117.2453,32.39485]],[[-117.24419,32.39447],[-117.24419,32.39447]],[[-117.24374,32.39372],[-117.24374,32.39372]]]},"properties":{"depth_m":4}},{"type":"Feature","geometry":{"type":"MultiLineString","coordinates":[[[-117.2961,32.4473],[-117.29654,32.44676],[-117.29654,32.44586],[-117.29632,32.44585],[-117.29632,32.44601],[-117.29588,32.44638],[-117.29565,32.44638],[-117.29521,32.44601],[-117.29521,32.44544],[-117.29565,32.44507],[-117.29588,32.44507],[-117.29632,32.44561],[-117.29638,32.44544],[-117.29632,32.44514],[-117.29603,32.44488],[-117.29543,32.44469],[-117.29495,32.44526],[-117.29495,32.44638],[-117.29521,32.44691],[-117.29565,32.44731],[-117.2961,32.4473]],[[-117.2961,32.4462],[-117.2961,32.4462]],[[-117.2961,32.44544],[-117.2961,32.44544]],[[-117.29454,32.43957],[-117.29454,32.43924],[-117.29387,32.43811],[-117.29387,32.43642],[-117.29409,32.43623],[-117.29409,32.43585],[-117.29343,32.43529],[-117.2932,32.43491],[-117.2932,32.43443],[-117.29209,32.43497],[-117.29209,32.43604],[-117.29253,32.43707],[-117.29377,32.43905],[-117.29454,32.43957]],[[-117.29209,32.43604],[-117.29209,32.43604]],[[-117.2531,32.42288],[-117.25511,32.42269],[-117.25618,32.42231],[-117.25667,32.42175],[-117.25664,32.42081],[-117.25602,32.41968],[-117.25515,32.41874],[-117.25221,32.41647],[-117.25101,32.41516],[-117.25033,32.41403],[-117.25033,32.41309],[-117.24998,32.41263],[-117.24998,32.41347],[-117.24976,32.41366],[-117.24976,32.4146],[-117.24998,32.41479],[-117.24998,32.41565],[-117.25043,32.41583],[-117.25048,32.4161],[-117.25043,32.41701],[-117.24998,32.41721],[-117.24998,32.41742],[-117.25132,32.41855],[-117.25132,32.41892],[-117.25154,32.41911],[-117.25154,32.41986],[-117.25176,32.42005],[-117.25176,32.42043],[-117.25154,32.42081],[-117.25087,32.42118],[-117.25043,32.42099],[-117.25023,32.42043],[-117.24931,32.42024],[-117.24909,32.42005],[-117.24842,32.42005],[-117.2482,32.41986],[-117.24798,32.41949],[-117.24798,32.4191],[-117.24731,32.41855],[-117.24731,32.41798],[-117.24597,32.41704],[-117.24508,32.41554],[-117.24464,32.41516],[-117.24374,32.41497],[-117.24285,32.41422],[-117.24285,32.41441],[-117.24347,32.41497],[-117.24413,32.41592],[-117.2441,32.42005],[-117.24433,32.42099],[-117.24486,32.42182],[-117.24575,32.42245],[-117.24709,32.42279],[-117.2531,32.42288]],[[-117.24619,32.42118],[-117.24686,32.42043],[-117.24731,32.42043],[-117.24753,32.42062],[-117.24798,32.42024],[-117.24731,32.41986],[-117.24731,32.41911],[-117.24709,32.41892],[-117.24686,32.41892],[-117.24619,32.41968],[-117.24597,32.41968],[-117.2453,32.42024],[-117.2453,32.42081],[-117.24575,32.42118],[-117.24619,32.42118]],[[-117.2511,32.42099],[-117.2511,32.42099]],[[-117.24642,32.42099],[-117.24642,32.42099]],[[-117.24553,32.42099],[-117.24553,32.42099]],[[-117.25154,32.42062],[-117.25154,32.42062]],[[-117.24664,32.42062],[-117.24664,32.42062]],[[-117.24775,32.42043],[-117.24775,32.42043]],[[-117.24731,32.42043],[-117.24731,32.42043]],[[-117.24686,32.42043],[-117.24686,32.42043]],[[-117.25154,32.41986],[-117.25154,32.41986]],[[-117.25934,32.41977],[-117.25943,32.41968],[-117.25889,32.41911],[-117.25823,32.41911],[-117.25821,32.4193],[-117.25842,32.41949],[-117.25912,32.41983],[-117.25934,32.41977]],[[-117.25823,32.41911],[-117.25823,32.41911]],[[-117.25132,32.41892],[-117.25132,32.41892]],[[-117.2511,32.41836],[-117.2511,32.41836]],[[-117.25087,32.41817],[-117.25087,32.41817]],[[-117.258,32.41798],[-117.25723,32.41798],[-117.25756,32.41778],[-117.25804,32.4178],[-117.258,32.41798]],[[-117.25065,32.41798],[-117.25065,32.41798]],[[-117.25043,32.4178],[-117.25043,32.4178]],[[-117.2502,32.41761],[-117.2502,32.41761]],[[-117.24998,32.41742],[-117.24998,32.41742]],[[-117.24976,32.4146],[-117.24976,32.4146]],[[-117.24285,32.41422],[-117.24285,32.41422]],[[-117.24976,32.41366],[-117.24976,32.41366]],[[-117.24976,32.41208],[-117.25043,32.41137],[-117.25091,32.41008],[-117.25187,32.40914],[-117.2531,32.40854],[-117.25577,32.40784],[-117.25711,32.40699],[-117.25788,32.40576],[-117.25798,32.40501],[-117.25786,32.40444],[-117.25733,32.40359],[-117.25657,32.40294],[-117.25332,32.40137],[-117.25087,32.39972],[-117.24919,32.39805],[-117.24673,32.39485],[-117.24553,32.39401],[-117.24397,32.3933],[-117.2433,32.39233],[-117.2433,32.39316],[-117.24374,32.39372],[-117.24419,32.39391],[-117.24419,32.39447],[-117.24462,32.39485],[-117.24508,32.39466],[-117.2453,32.39485],[-117.24597,32.39485],[-117.24664,32.3956],[-117.24664,32.39635],[-117.24619,32.39673],[-117.24575,32.39673],[-117.24508,32.39617],[-117.24486,32.39615],[-117.24486,32.39673],[-117.2453,32.3973],[-117.2453,32.39767],[-117.24597,32.39842],[-117.24597,32.3988],[-117.24575,32.39899],[-117.24597,32.39936],[-117.24575,32.39955],[-117.24575,32.40012],[-117.24597,32.4003],[-117.24575,32.40049],[-117.24575,32.40256],[-117.2453,32.40294],[-117.2453,32.40314],[-117.24642,32.40294],[-117.24686,32.40331],[-117.24686,32.40369],[-117.24664,32.40407],[-117.24686,32.40425],[-117.24686,32.40463],[-117.24664,32.40501],[-117.24642,32.40519],[-117.24597,32.40519],[-117.2453,32.40463],[-117.24486,32.40501],[-117.24486,32.40538],[-117.24575,32.40595],[-117.24575,32.40764],[-117.24597,32.40783],[-117.24575,32.4082],[-117.2462,32.40839],[-117.24664,32.40802],[-117.24731,32.40802],[-117.24841,32.40896],[-117.24865,32.40896],[-117.24909,32.40933],[-117.24909,32.41027],[-117.24978,32.41103],[-117.24979,32.4114],[-117.24954,32.41167],[-117.24954,32.41197],[-117.24976,32.41208]],[[-117.24954,32.41197],[-117.24954,32.41197]],[[-117.24909,32.41027],[-117.24909,32.41027]],[[-117.24887,32.40914],[-117.24887,32.40914]],[[-117.24798,32.40858],[-117.24798,32.40858]],[[-117.24775,32.40839],[-117.24775,32.40839]],[[-117.24597,32.40839],[-117.24597,32.40839]],[[-117.24753,32.4082],[-117.24753,32.4082]],[[-117.24575,32.4082],[-117.24575,32.4082]],[[-117.24063,32.4082],[-117.2404,32.40832],[-117.24018,32.40823],[-117.23951,32.40771],[-117.23706,32.40659],[-117.23617,32.406],[-117.23517,32.40482],[-117.23471,32.40331],[-117.23473,32.40087],[-117.23501,32.3973],[-117.23528,32.39579],[-117.23617,32.39431],[-117.23706,32.39362],[-117.23795,32.3934],[-117.2384,32.39273],[-117.23862,32.39273],[-117.23862,32.39335],[-117.2384,32.39391],[-117.23884,32.39466],[-117.23884,32.39824],[-117.23907,32.39842],[-117.23907,32.39899],[-117.23973,32.39993],[-117.23973,32.40237],[-117.24063,32.40331],[-117.24063,32.40369],[-117.24085,32.40388],[-117.24085,32.40444],[-117.24152,32.40538],[-117.24152,32.40728],[-117.24107,32.40731],[-117.24063,32.4082]],[[-117.24575,32.40802],[-117.24575,32.40802]],[[-117.24575,32.40764],[-117.24575,32.40764]],[[-117.24686,32.40745],[-117.24753,32.40708],[-117.24753,32.4067],[-117.24731,32.40651],[-117.24731,32.40576],[-117.24709,32.40557],[-117.24664,32.40557],[-117.24642,32.40576],[-117.24642,32.40651],[-117.24664,32.4067],[-117.24664,32.40726],[-117.24686,32.40745]],[[-117.24709,32.40726],[-117.24709,32.40726]],[[-117.24664,32.4067],[-117.24664,32.4067]],[[-117.24553,32.40576],[-117.24553,32.40576]],[[-117.24508,32.40557],[-117.24508,32.40557]],[[-117.24486,32.40538],[-117.24486,32.40538]],[[-117.24753,32.40538],[-117.24842,32.40463],[-117.24842,32.4035],[-117.24753,32.40237],[-117.24753,32.402],[-117.24731,32.40181],[-117.24731,32.4003],[-117.24686,32.39974],[-117.24664,32.39993],[-117.24664,32.40049],[-117.24642,32.40068],[-117.24664,32.40106],[-117.24664,32.40143],[-117.24642,32.40162],[-117.24664,32.40181],[-117.24664,32.40219],[-117.24642,32.40237],[-117.24664,32.40275],[-117.24753,32.40331],[-117.24753,32.40369],[-117.24731,32.40407],[-117.24753,32.40425],[-117.24753,32.40482],[-117.24709,32.40519],[-117.24753,32.40538]],[[-117.24152,32.40538],[-117.24152,32.40538]],[[-117.24775,32.40519],[-117.24775,32.40519]],[[-117.24798,32.40501],[-117.24798,32.40501]],[[-117.24486,32.40501],[-117.24486,32.40501]],[[-117.24129,32.40501],[-117.24129,32.40501]],[[-117.2482,32.40482],[-117.2482,32.40482]],[[-117.24664,32.40482],[-117.24664,32.40482]],[[-117.24107,32.40463],[-117.24107,32.40463]],[[-117.23795,32.40444],[-117.23862,32.40367],[-117.23907,32.40388],[-117.23951,32.40388],[-117.23973,32.40369],[-117.23973,32.40313],[-117.23907,32.40258],[-117.23907,32.40237],[-117.23884,32.40219],[-117.23884,32.40181],[-117.23907,32.40162],[-117.23884,32.40125],[-117.2384,32.40143],[-117.2384,32.40275],[-117.23862,32.40294],[-117.23862,32.40333],[-117.2384,32.40313],[-117.23773,32.40294],[-117.23706,32.4035],[-117.23706,32.40425],[-117.23728,32.40444],[-117.23795,32.40444]],[[-117.24753,32.40425],[-117.24753,32.40425]],[[-117.24664,32.40407],[-117.24664,32.40407]],[[-117.23817,32.40407],[-117.23817,32.40407]],[[-117.24664,32.40388],[-117.24664,32.40388]],[[-117.24085,32.40388],[-117.24085,32.40388]],[[-117.2384,32.40388],[-117.2384,32.40388]],[[-117.23884,32.40369],[-117.23884,32.40369]],[[-117.24753,32.40331],[-117.24753,32.40331]],[[-117.24664,32.40313],[-117.24664,32.40313]],[[-117.24063,32.40331],[-117.24063,32.40331]],[[-117.24731,32.40313],[-117.24731,32.40313]],[[-117.24686,32.40294],[-117.24686,32.40294]],[[-117.2453,32.40294],[-117.2453,32.40294]],[[-117.2404,32.40294],[-117.2404,32.40294]],[[-117.23862,32.40294],[-117.23862,32.40294]],[[-117.24553,32.40275],[-117.24553,32.40275]],[[-117.24018,32.40275],[-117.24018,32.40275]],[[-117.24664,32.40256],[-117.24664,32.40256]],[[-117.23996,32.40256],[-117.23996,32.40256]],[[-117.24664,32.40181],[-117.24664,32.40181]],[[-117.23884,32.40181],[-117.23884,32.40181]],[[-117.24664,32.40087],[-117.24664,32.40087]],[[-117.24575,32.40049],[-117.24575,32.40049]],[[-117.23862,32.40049],[-117.23907,32.39993],[-117.23884,32.39974],[-117.2384,32.39993],[-117.2384,32.4003],[-117.23862,32.40049]],[[-117.24575,32.40012],[-117.24575,32.40012]],[[-117.23884,32.40012],[-117.23884,32.40012]],[[-117.23973,32.39993],[-117.23973,32.39993]],[[-117.24575,32.39955],[-117.24575,32.39955]],[[-117.23951,32.39955],[-117.23951,32.39955]],[[-117.24575,32.39918],[-117.24575,32.39918]],[[-117.23929,32.39918],[-117.23929,32.39918]],[[-117.24575,32.39899],[-117.24575,32.39899]],[[-117.24575,32.39824],[-117.24575,32.39824]],[[-117.23907,32.39842],[-117.23907,32.39842]],[[-117.24553,32.39786],[-117.24553,32.39786]],[[-117.2453,32.39767],[-117.2453,32.39767]],[[-117.24508,32.39711],[-117.24508,32.39711]],[[-117.24486,32.39673],[-117.24486,32.39673]],[[-117.23795,32.39692],[-117.23817,32.39673],[-117.23817,32.39598],[-117.2384,32.39579],[-117.23817,32.39541],[-117.23817,32.39504],[-117.23795,32.39485],[-117.23706,32.39485],[-117.23661,32.39523],[-117.23661,32.39635],[-117.23795,32.39692]],[[-117.23506,32.39692],[-117.23506,32.39692]],[[-117.23751,32.39673],[-117.23751,32.39673]],[[-117.24642,32.39654],[-117.24642,32.39654]],[[-117.23706,32.39654],[-117.23706,32.39654]],[[-117.23817,32.39598],[-117.23817,32.39598]],[[-117.24642,32.39541],[-117.24642,32.39541]],[[-117.24619,32.39504],[-117.24619,32.39504]],[[-117.2453,32.39485],[-117.2453,32.39485]],[[-117.24419,32.39447],[-117.24419,32.39447]],[[-117.23884,32.39466],[-117.23884,32.39466]],[[-117.23862,32.3941],[-117.23862,32.3941]],[[-117.24374,32.39372],[-117.24374,32.39372]],[[-117.24352,32.39353],[-117.24352,32.39353]],[[-117.2433,32.39316],[-117.2433,32.39316]],[[-117.24308,32.39222],[-117.24325,32.39222],[-117.24285,32.39177],[-117.24285,32.39203],[-117.24308,32.39222]],[[-117.24285,32.39203],[-117.24285,32.39203]],[[-117.24263,32.39167],[-117.24263,32.39167]]]},"properties":{"depth_m":5}},{"type":"Feature","geometry":{"type":"MultiLineString","coordinates":[[[-117.2101,32.4483],[-117.21033,32.44806],[-117.20988,32.44807],[-117.2101,32.4483]],[[-117.2961,32.44757],[-117.2966,32.44714],[-117.29664,32.44601],[-117.29632,32.44502],[-117.29543,32.44453],[-117.29521,32.44461],[-117.29492,32.44507],[-117.29485,32.44638],[-117.29521,32.44718],[-117.29565,32.44755],[-117.2961,32.44757]],[[-117.29588,32.44638],[-117.29632,32.44601],[-117.29632,32.44563],[-117.29588,32.44507],[-117.29565,32.44507],[-117.29521,32.44544],[-117.29521,32.44601],[-117.29565,32.44638],[-117.29588,32.44638]],[[-117.2961,32.4462],[-117.2961,32.4462]],[[-117.29543,32.4462],[-117.29543,32.4462]],[[-117.29454,32.43975],[-117.29454,32.43924],[-117.29387,32.43811],[-117.29387,32.43642],[-117.29409,32.43623],[-117.29409,32.43585],[-117.2932,32.43491],[-117.29333,32.43435],[-117.2932,32.43424],[-117.29276,32.43451],[-117.29231,32.43452],[-117.29197,32.43491],[-117.29189,32.43529],[-117.2921,32.43642],[-117.29376,32.43924],[-117.29454,32.43975]],[[-117.25577,32.42308],[-117.25689,32.42274],[-117.25738,32.42231],[-117.25752,32.42156],[-117.2571,32.42043],[-117.25533,32.41835],[-117.25185,32.41554],[-117.25116,32.4146],[-117.2506,32.41309],[-117.25019,32.41253],[-117.25014,32.41215],[-117.25072,32.41159],[-117.25135,32.41027],[-117.25221,32.40946],[-117.25332,32.40891],[-117.256,32.40809],[-117.25719,32.40726],[-117.25778,32.40653],[-117.25812,32.40576],[-117.25821,32.40501],[-117.25803,32.40425],[-117.25755,32.4035],[-117.25667,32.40272],[-117.25288,32.40074],[-117.25092,32.39936],[-117.24954,32.39802],[-117.24686,32.39469],[-117.24575,32.39385],[-117.24397,32.3931],[-117.24374,32.39291],[-117.24352,32.39228],[-117.24285,32.39168],[-117.24266,32.39184],[-117.2433,32.39241],[-117.2433,32.39316],[-117.24352,32.39353],[-117.24419,32.39391],[-117.24419,32.39447],[-117.24462,32.39485],[-117.24508,32.39466],[-117.2453,32.39485],[-117.24597,32.39485],[-117.24664,32.3956],[-117.24664,32.39635],[-117.24619,32.39673],[-117.24575,32.39673],[-117.24508,32.39617],[-117.24486,32.39615],[-117.24486,32.39673],[-117.2453,32.3973],[-117.2453,32.39767],[-117.24597,32.39842],[-117.24597,32.3988],[-117.24575,32.39899],[-117.24597,32.39936],[-117.24575,32.39955],[-117.24575,32.40012],[-117.24597,32.4003],[-117.24575,32.40049],[-117.24575,32.40256],[-117.2453,32.40294],[-117.2453,32.40315],[-117.24642,32.40294],[-117.24686,32.40331],[-117.24686,32.40369],[-117.24664,32.40407],[-117.24686,32.40425],[-117.24686,32.40463],[-117.24642,32.40519],[-117.24597,32.40519],[-117.24528,32.40463],[-117.24486,32.40501],[-117.24486,32.40538],[-117.24575,32.40595],[-117.24575,32.40764],[-117.24597,32.40783],[-117.24575,32.4082],[-117.24621,32.40839],[-117.24664,32.40802],[-117.24731,32.40802],[-117.2484,32.40896],[-117.24865,32.40896],[-117.24909,32.40933],[-117.24909,32.41027],[-117.24931,32.41046],[-117.24931,32.41087],[-117.24958,32.41121],[-117.24954,32.41197],[-117.24998,32.41272],[-117.24976,32.41441],[-117.24998,32.41479],[-117.24998,32.41742],[-117.25132,32.41855],[-117.25132,32.41892],[-117.25154,32.41911],[-117.25154,32.41986],[-117.25176,32.42005],[-117.25176,32.42043],[-117.25154,32.42081],[-117.25065,32.42118],[-117.2502,32.42062],[-117.25023,32.42043],[-117.24931,32.42024],[-117.24909,32.42005],[-117.24842,32.42005],[-117.24798,32.41949],[-117.24798,32.41909],[-117.24731,32.41855],[-117.24731,32.41798],[-117.24597,32.41704],[-117.24508,32.41554],[-117.24464,32.41516],[-117.24374,32.41497],[-117.24285,32.41422],[-117.24265,32.41422],[-117.24265,32.41441],[-117.24333,32.41497],[-117.24372,32.41592],[-117.24383,32.41968],[-117.24409,32.42099],[-117.2445,32.42175],[-117.24508,32.42233],[-117.24575,32.42272],[-117.24686,32.42303],[-117.25176,32.42323],[-117.25577,32.42308]],[[-117.24709,32.42306],[-117.24709,32.42306]],[[-117.24619,32.42118],[-117.24686,32.42043],[-117.24731,32.42043],[-117.24753,32.42062],[-117.24798,32.42024],[-117.24731,32.41986],[-117.24731,32.41911],[-117.24709,32.41892],[-117.24686,32.41892],[-117.24642,32.4193],[-117.24642,32.41949],[-117.2453,32.42024],[-117.2453,32.42081],[-117.24575,32.42118],[-117.24619,32.42118]],[[-117.2511,32.42099],[-117.2511,32.42099]],[[-117.24642,32.42099],[-117.24642,32.42099]],[[-117.24553,32.42099],[-117.24553,32.42099]],[[-117.25154,32.42062],[-117.25154,32.42062]],[[-117.24664,32.42062],[-117.24664,32.42062]],[[-117.24775,32.42043],[-117.24775,32.42043]],[[-117.24731,32.42043],[-117.24731,32.42043]],[[-117.24686,32.42043],[-117.24686,32.42043]],[[-117.25956,32.41994],[-117.25986,32.41968],[-117.25934,32.41968],[-117.25889,32.41911],[-117.25823,32.41911],[-117.25807,32.4193],[-117.25889,32.4199],[-117.25956,32.41994]],[[-117.25154,32.41986],[-117.25154,32.41986]],[[-117.25823,32.41911],[-117.25823,32.41911]],[[-117.25132,32.41892],[-117.25132,32.41892]],[[-117.25711,32.41858],[-117.25711,32.41817],[-117.25733,32.41798],[-117.258,32.41798],[-117.25816,32.4178],[-117.25715,32.4178],[-117.25689,32.41803],[-117.25682,32.41836],[-117.25689,32.41857],[-117.25711,32.41858]],[[-117.2511,32.41836],[-117.2511,32.41836]],[[-117.25087,32.41817],[-117.25087,32.41817]],[[-117.25065,32.41798],[-117.25065,32.41798]],[[-117.25043,32.4178],[-117.25043,32.4178]],[[-117.25867,32.41761],[-117.25845,32.41771],[-117.25841,32.41761],[-117.25867,32.41751],[-117.25867,32.41761]],[[-117.2502,32.41761],[-117.2502,32.41761]],[[-117.24998,32.41742],[-117.24998,32.41742]],[[-117.24976,32.4146],[-117.24976,32.4146]],[[-117.24976,32.41366],[-117.24976,32.41366]],[[-117.24976,32.41253],[-117.24976,32.41253]],[[-117.24954,32.41197],[-117.24954,32.41197]],[[-117.24218,32.4121],[-117.24218,32.41183],[-117.24203,32.41197],[-117.24218,32.4121]],[[-117.24196,32.41172],[-117.24196,32.41103],[-117.24174,32.41092],[-117.24171,32.4114],[-117.24196,32.41172]],[[-117.2511,32.41065],[-117.2511,32.41065]],[[-117.24909,32.41027],[-117.24909,32.41027]],[[-117.24887,32.40914],[-117.24887,32.40914]],[[-117.2404,32.40886],[-117.24063,32.40875],[-117.24107,32.40801],[-117.24152,32.40801],[-117.24152,32.40538],[-117.24085,32.40444],[-117.24085,32.40388],[-117.24063,32.40369],[-117.24063,32.40331],[-117.2404,32.40294],[-117.23973,32.40237],[-117.23973,32.39993],[-117.23907,32.39899],[-117.23907,32.39842],[-117.23884,32.39824],[-117.23884,32.39466],[-117.2384,32.39391],[-117.23862,32.39335],[-117.23862,32.39231],[-117.2384,32.39231],[-117.23795,32.39309],[-117.23706,32.39327],[-117.23616,32.39391],[-117.23552,32.39466],[-117.23506,32.39556],[-117.23458,32.39805],[-117.23429,32.40143],[-117.23433,32.40331],[-117.23475,32.40482],[-117.23572,32.40611],[-117.23684,32.40688],[-117.23951,32.40818],[-117.2404,32.40886]],[[-117.24798,32.40858],[-117.24798,32.40858]],[[-117.24775,32.40839],[-117.24775,32.40839]],[[-117.24597,32.40839],[-117.24597,32.40839]],[[-117.24753,32.4082],[-117.24753,32.4082]],[[-117.24575,32.4082],[-117.24575,32.4082]],[[-117.24575,32.40802],[-117.24575,32.40802]],[[-117.24575,32.40764],[-117.24575,32.40764]],[[-117.24686,32.40745],[-117.24753,32.40708],[-117.24753,32.4067],[-117.24731,32.40651],[-117.24731,32.40576],[-117.24709,32.40557],[-117.24664,32.40557],[-117.24642,32.40576],[-117.24642,32.40651],[-117.24664,32.4067],[-117.24664,32.40726],[-117.24686,32.40745]],[[-117.24709,32.40726],[-117.24709,32.40726]],[[-117.24664,32.4067],[-117.24664,32.4067]],[[-117.24553,32.40576],[-117.24553,32.40576]],[[-117.24508,32.40557],[-117.24508,32.40557]],[[-117.24486,32.40538],[-117.24486,32.40538]],[[-117.24753,32.40538],[-117.24842,32.40463],[-117.24842,32.4035],[-117.24753,32.40237],[-117.24753,32.402],[-117.24731,32.40181],[-117.24731,32.4003],[-117.24686,32.39974],[-117.24664,32.39993],[-117.24664,32.40049],[-117.24642,32.40068],[-117.24664,32.40087],[-117.24664,32.40143],[-117.24642,32.40162],[-117.24664,32.402],[-117.24642,32.40237],[-117.24664,32.40275],[-117.24753,32.40331],[-117.24753,32.40369],[-117.24731,32.40407],[-117.24753,32.40425],[-117.24753,32.40482],[-117.24709,32.40519],[-117.24753,32.40538]],[[-117.24775,32.40519],[-117.24775,32.40519]],[[-117.24798,32.40501],[-117.24798,32.40501]],[[-117.24486,32.40501],[-117.24486,32.40501]],[[-117.2482,32.40482],[-117.2482,32.40482]],[[-117.24664,32.40482],[-117.24664,32.40482]],[[-117.23795,32.40444],[-117.23862,32.40367],[-117.23907,32.40388],[-117.23951,32.40388],[-117.23973,32.40369],[-117.23973,32.40313],[-117.23907,32.40259],[-117.23907,32.40237],[-117.23884,32.40219],[-117.23884,32.40181],[-117.23907,32.40162],[-117.23884,32.40125],[-117.2384,32.40143],[-117.2384,32.40275],[-117.23862,32.40294],[-117.23862,32.40334],[-117.2384,32.40313],[-117.23773,32.40294],[-117.23706,32.4035],[-117.23706,32.40425],[-117.23728,32.40444],[-117.23795,32.40444]],[[-117.24753,32.40425],[-117.24753,32.40425]],[[-117.24664,32.40407],[-117.24664,32.40407]],[[-117.23817,32.40407],[-117.23817,32.40407]],[[-117.24664,32.40388],[-117.24664,32.40388]],[[-117.2384,32.40388],[-117.2384,32.40388]],[[-117.23884,32.40369],[-117.23884,32.40369]],[[-117.24753,32.40331],[-117.24753,32.40331]],[[-117.24664,32.40313],[-117.24664,32.40313]],[[-117.24731,32.40313],[-117.24731,32.40313]],[[-117.24686,32.40294],[-117.24686,32.40294]],[[-117.2453,32.40294],[-117.2453,32.40294]],[[-117.23862,32.40294],[-117.23862,32.40294]],[[-117.24553,32.40275],[-117.24553,32.40275]],[[-117.24664,32.40256],[-117.24664,32.40256]],[[-117.24664,32.40181],[-117.24664,32.40181]],[[-117.23884,32.40181],[-117.23884,32.40181]],[[-117.24664,32.40087],[-117.24664,32.40087]],[[-117.24575,32.40049],[-117.24575,32.40049]],[[-117.23862,32.40049],[-117.23907,32.39993],[-117.23884,32.39974],[-117.2384,32.39993],[-117.2384,32.4003],[-117.23862,32.40049]],[[-117.24575,32.40012],[-117.24575,32.40012]],[[-117.23884,32.40012],[-117.23884,32.40012]],[[-117.24575,32.39955],[-117.24575,32.39955]],[[-117.24575,32.39918],[-117.24575,32.39918]],[[-117.24575,32.39899],[-117.24575,32.39899]],[[-117.24575,32.39824],[-117.24575,32.39824]],[[-117.24553,32.39786],[-117.24553,32.39786]],[[-117.2453,32.39767],[-117.2453,32.39767]],[[-117.24508,32.39711],[-117.24508,32.39711]],[[-117.24486,32.39673],[-117.24486,32.39673]],[[-117.23795,32.39692],[-117.23817,32.39673],[-117.23817,32.39598],[-117.2384,32.39579],[-117.23817,32.39541],[-117.23817,32.39504],[-117.23795,32.39485],[-117.23706,32.39485],[-117.23661,32.39523],[-117.23661,32.39635],[-117.23795,32.39692]],[[-117.23751,32.39673],[-117.23751,32.39673]],[[-117.24642,32.39654],[-117.24642,32.39654]],[[-117.23706,32.39654],[-117.23706,32.39654]],[[-117.23483,32.39635],[-117.23483,32.39635]],[[-117.23817,32.39598],[-117.23817,32.39598]],[[-117.24642,32.39541],[-117.24642,32.39541]],[[-117.24619,32.39504],[-117.24619,32.39504]],[[-117.2453,32.39485],[-117.2453,32.39485]],[[-117.24419,32.39447],[-117.24419,32.39447]],[[-117.24374,32.39372],[-117.24374,32.39372]],[[-117.24352,32.39353],[-117.24352,32.39353]],[[-117.2433,32.39316],[-117.2433,32.39316]],[[-117.24308,32.39222],[-117.24308,32.39222]],[[-117.24285,32.39203],[-117.24285,32.39203]],[[-117.24263,32.3918],[-117.2428,32.39165],[-117.24266,32.39071],[-117.24241,32.39056],[-117.24241,32.39146],[-117.24263,32.3918]],[[-117.24241,32.39146],[-117.24241,32.39146]],[[-117.23884,32.39146],[-117.23862,32.39153],[-117.23862,32.39122],[-117.23907,32.39068],[-117.23929,32.39066],[-117.23884,32.39109],[-117.23884,32.39146]],[[-117.24218,32.39052],[-117.24235,32.39052],[-117.24213,32.39034],[-117.2417,32.39034],[-117.24174,32.39052],[-117.24218,32.39052]],[[-117.24174,32.39052],[-117.24174,32.39052]]]},"properties":{"depth_m":6}},{"type":"Feature","geometry":{"type":"MultiLineString","coordinates":[[[-117.21033,32.4483],[-117.21047,32.44808],[-117.21033,32.44793],[-117.2101,32.44785],[-117.20988,32.44801],[-117.20988,32.44826],[-117.2101,32.44842],[-117.21033,32.4483]],[[-117.29632,32.44776],[-117.29677,32.44721],[-117.29676,32.4462],[-117.29632,32.44493],[-117.29543,32.44429],[-117.29509,32.4445],[-117.29483,32.44507],[-117.29479,32.44657],[-117.295,32.44714],[-117.29543,32.44764],[-117.29588,32.44782],[-117.29632,32.44776]],[[-117.29588,32.44638],[-117.29632,32.44601],[-117.29632,32.44563],[-117.29588,32.44507],[-117.29565,32.44507],[-117.29521,32.44544],[-117.29521,32.44601],[-117.29565,32.44638],[-117.29588,32.44638]],[[-117.2961,32.4462],[-117.2961,32.4462]],[[-117.29543,32.4462],[-117.29543,32.4462]],[[-117.2981,32.44566],[-117.2981,32.44566]],[[-117.29499,32.44021],[-117.29499,32.43999],[-117.29409,32.43867],[-117.29409,32.4383],[-117.29387,32.43811],[-117.29387,32.43642],[-117.29409,32.43623],[-117.29409,32.43585],[-117.2932,32.43491],[-117.29343,32.43403],[-117.29298,32.43429],[-117.29231,32.43433],[-117.29191,32.43472],[-117.29179,32.4351],[-117.29182,32.43585],[-117.29209,32.43664],[-117.29386,32.43961],[-117.29472,32.43999],[-117.29476,32.44021],[-117.29499,32.44021]],[[-117.29187,32.43604],[-117.29187,32.43604]],[[-117.25644,32.42346],[-117.25741,32.42325],[-117.25816,32.42269],[-117.25827,32.42193],[-117.258,32.42111],[-117.25732,32.42005],[-117.25555,32.41809],[-117.25302,32.4161],[-117.25205,32.41516],[-117.25127,32.41385],[-117.25102,32.41272],[-117.25132,32.41114],[-117.25232,32.4099],[-117.25332,32.40931],[-117.25622,32.40829],[-117.25756,32.4072],[-117.25833,32.40576],[-117.25841,32.40501],[-117.25823,32.40421],[-117.25756,32.40323],[-117.25667,32.40247],[-117.25288,32.40042],[-117.25087,32.39897],[-117.24957,32.39767],[-117.24709,32.39461],[-117.24575,32.3936],[-117.24415,32.39297],[-117.2436,32.39222],[-117.24277,32.39146],[-117.24263,32.39057],[-117.24232,32.39034],[-117.24174,32.39026],[-117.24163,32.39034],[-117.24174,32.39052],[-117.24218,32.39052],[-117.24241,32.39071],[-117.24241,32.39146],[-117.2433,32.39241],[-117.2433,32.39316],[-117.24374,32.39372],[-117.24419,32.39391],[-117.24419,32.39447],[-117.24461,32.39485],[-117.24508,32.39466],[-117.2453,32.39485],[-117.24597,32.39485],[-117.24664,32.3956],[-117.24664,32.39635],[-117.24619,32.39673],[-117.24575,32.39673],[-117.24508,32.39617],[-117.24486,32.39614],[-117.24486,32.39673],[-117.2453,32.3973],[-117.2453,32.39767],[-117.24597,32.39842],[-117.24597,32.3988],[-117.24575,32.39899],[-117.24597,32.39936],[-117.24575,32.39955],[-117.24575,32.40012],[-117.24597,32.4003],[-117.24575,32.40049],[-117.24575,32.40256],[-117.2453,32.40294],[-117.2453,32.40315],[-117.24642,32.40294],[-117.24686,32.40331],[-117.24686,32.40369],[-117.24664,32.40407],[-117.24686,32.40425],[-117.24686,32.40463],[-117.24642,32.40519],[-117.24597,32.40519],[-117.24528,32.40463],[-117.24486,32.40501],[-117.24486,32.40538],[-117.24575,32.40595],[-117.24575,32.40764],[-117.24597,32.40783],[-117.24575,32.4082],[-117.24621,32.40839],[-117.24664,32.40802],[-117.24731,32.40802],[-117.2484,32.40896],[-117.24865,32.40896],[-117.24909,32.40933],[-117.24909,32.41027],[-117.24931,32.41046],[-117.24931,32.41103],[-117.24954,32.41121],[-117.24954,32.41197],[-117.24998,32.41272],[-117.24976,32.41441],[-117.24998,32.41479],[-117.24998,32.41742],[-117.25132,32.41855],[-117.25132,32.41892],[-117.25154,32.41911],[-117.25154,32.41986],[-117.25176,32.42005],[-117.25176,32.42043],[-117.25154,32.42081],[-117.25065,32.42118],[-117.2502,32.42062],[-117.25024,32.42043],[-117.24931,32.42024],[-117.24909,32.42005],[-117.24842,32.42005],[-117.24798,32.41949],[-117.24798,32.41909],[-117.24731,32.41855],[-117.24731,32.41798],[-117.24597,32.41704],[-117.24508,32.41554],[-117.24464,32.41516],[-117.24374,32.41497],[-117.24263,32.41406],[-117.24253,32.41422],[-117.24263,32.41456],[-117.2433,32.41516],[-117.24361,32.41986],[-117.24397,32.42126],[-117.24441,32.42199],[-117.24508,32.42261],[-117.24575,32.42298],[-117.24686,32.42328],[-117.2502,32.42352],[-117.25644,32.42346]],[[-117.25778,32.42306],[-117.25778,32.42306]],[[-117.258,32.42287],[-117.258,32.42287]],[[-117.24619,32.42118],[-117.24686,32.42043],[-117.24731,32.42043],[-117.24753,32.42062],[-117.24798,32.42024],[-117.24731,32.41986],[-117.24731,32.41911],[-117.24709,32.41892],[-117.24686,32.41892],[-117.24619,32.41968],[-117.24597,32.41968],[-117.2453,32.42024],[-117.2453,32.42081],[-117.24575,32.42118],[-117.24619,32.42118]],[[-117.2511,32.42099],[-117.2511,32.42099]],[[-117.24642,32.42099],[-117.24642,32.42099]],[[-117.24553,32.42099],[-117.24553,32.42099]],[[-117.24374,32.42062],[-117.24374,32.42062]],[[-117.25154,32.42062],[-117.25154,32.42062]],[[-117.24664,32.42062],[-117.24664,32.42062]],[[-117.24775,32.42043],[-117.24775,32.42043]],[[-117.24731,32.42043],[-117.24731,32.42043]],[[-117.24686,32.42043],[-117.24686,32.42043]],[[-117.25934,32.42009],[-117.25978,32.41994],[-117.25996,32.41968],[-117.25934,32.41968],[-117.25889,32.41911],[-117.25823,32.41911],[-117.2579,32.4193],[-117.258,32.41952],[-117.25889,32.42005],[-117.25934,32.42009]],[[-117.25154,32.41986],[-117.25154,32.41986]],[[-117.25823,32.41911],[-117.25823,32.41911]],[[-117.25132,32.41892],[-117.25132,32.41892]],[[-117.25711,32.4188],[-117.25725,32.41874],[-117.25711,32.41817],[-117.25733,32.41798],[-117.258,32.41798],[-117.25887,32.41742],[-117.25867,32.41725],[-117.25823,32.41776],[-117.25701,32.4178],[-117.25679,32.41798],[-117.2567,32.41855],[-117.25711,32.4188]],[[-117.2511,32.41836],[-117.2511,32.41836]],[[-117.25087,32.41817],[-117.25087,32.41817]],[[-117.25065,32.41798],[-117.25065,32.41798]],[[-117.25043,32.4178],[-117.25043,32.4178]],[[-117.2502,32.41761],[-117.2502,32.41761]],[[-117.24998,32.41742],[-117.24998,32.41742]],[[-117.2433,32.41516],[-117.2433,32.41516]],[[-117.24976,32.4146],[-117.24976,32.4146]],[[-117.24263,32.4138],[-117.24263,32.41272],[-117.24241,32.41265],[-117.24238,32.41366],[-117.24241,32.4138],[-117.24263,32.4138]],[[-117.24976,32.41366],[-117.24976,32.41366]],[[-117.24976,32.41253],[-117.24976,32.41253]],[[-117.24218,32.41225],[-117.24228,32.41215],[-117.24218,32.41178],[-117.24196,32.41159],[-117.24196,32.41103],[-117.24174,32.41084],[-117.24174,32.41027],[-117.24152,32.41019],[-117.24142,32.41046],[-117.24166,32.41159],[-117.24218,32.41225]],[[-117.24954,32.41197],[-117.24954,32.41197]],[[-117.24931,32.41103],[-117.24931,32.41103]],[[-117.24909,32.41027],[-117.24909,32.41027]],[[-117.25288,32.40952],[-117.25288,32.40952]],[[-117.24887,32.40914],[-117.24887,32.40914]],[[-117.24063,32.40921],[-117.24085,32.40877],[-117.24152,32.40881],[-117.24152,32.40538],[-117.24085,32.40444],[-117.24085,32.40388],[-117.24063,32.40369],[-117.24063,32.40331],[-117.2404,32.40294],[-117.23973,32.40237],[-117.23973,32.39993],[-117.23907,32.39899],[-117.23907,32.39842],[-117.23884,32.39824],[-117.23884,32.39466],[-117.23862,32.39447],[-117.23862,32.3941],[-117.2384,32.39372],[-117.23862,32.39353],[-117.23862,32.39165],[-117.23929,32.39054],[-117.23862,32.39109],[-117.2385,32.39146],[-117.23858,32.39165],[-117.2384,32.39181],[-117.23817,32.39258],[-117.23773,32.39287],[-117.23702,32.39297],[-117.23617,32.39353],[-117.23544,32.39429],[-117.23489,32.39523],[-117.23427,32.39786],[-117.23395,32.40106],[-117.23392,32.40294],[-117.23434,32.40482],[-117.23483,32.40568],[-117.23542,32.40632],[-117.23661,32.40715],[-117.23929,32.40849],[-117.24018,32.40921],[-117.24063,32.40921]],[[-117.24798,32.40858],[-117.24798,32.40858]],[[-117.24775,32.40839],[-117.24775,32.40839]],[[-117.24597,32.40839],[-117.24597,32.40839]],[[-117.24753,32.4082],[-117.24753,32.4082]],[[-117.24575,32.4082],[-117.24575,32.4082]],[[-117.24575,32.40802],[-117.24575,32.40802]],[[-117.24575,32.40764],[-117.24575,32.40764]],[[-117.25733,32.40745],[-117.25733,32.40745]],[[-117.24686,32.40745],[-117.24753,32.40708],[-117.24753,32.4067],[-117.24731,32.40651],[-117.24731,32.40576],[-117.24709,32.40557],[-117.24664,32.40557],[-117.24642,32.40576],[-117.24642,32.40651],[-117.24664,32.4067],[-117.24664,32.40726],[-117.24686,32.40745]],[[-117.24709,32.40726],[-117.24709,32.40726]],[[-117.23617,32.40689],[-117.23617,32.40689]],[[-117.24664,32.4067],[-117.24664,32.4067]],[[-117.24553,32.40576],[-117.24553,32.40576]],[[-117.24508,32.40557],[-117.24508,32.40557]],[[-117.24486,32.40538],[-117.24486,32.40538]],[[-117.24753,32.40538],[-117.24842,32.40463],[-117.24842,32.4035],[-117.24753,32.40237],[-117.24753,32.402],[-117.24731,32.40181],[-117.24731,32.4003],[-117.24686,32.39974],[-117.24664,32.39993],[-117.24664,32.40049],[-117.24642,32.40068],[-117.24664,32.40087],[-117.24664,32.40143],[-117.24642,32.40162],[-117.24664,32.402],[-117.24642,32.40237],[-117.24664,32.40275],[-117.24753,32.40331],[-117.24753,32.40369],[-117.24731,32.40407],[-117.24753,32.40425],[-117.24753,32.40482],[-117.24709,32.40519],[-117.24753,32.40538]],[[-117.24775,32.40519],[-117.24775,32.40519]],[[-117.24798,32.40501],[-117.24798,32.40501]],[[-117.24486,32.40501],[-117.24486,32.40501]],[[-117.2482,32.40482],[-117.2482,32.40482]],[[-117.24664,32.40482],[-117.24664,32.40482]],[[-117.23795,32.40444],[-117.23862,32.40366],[-117.23907,32.40388],[-117.23951,32.40388],[-117.23973,32.40369],[-117.23973,32.40313],[-117.23907,32.40259],[-117.23907,32.40237],[-117.23884,32.40219],[-117.23884,32.40181],[-117.23907,32.40162],[-117.23884,32.40125],[-117.2384,32.40143],[-117.2384,32.40275],[-117.23862,32.40294],[-117.23862,32.40334],[-117.2384,32.40313],[-117.23773,32.40294],[-117.23706,32.4035],[-117.23706,32.40425],[-117.23728,32.40444],[-117.23795,32.40444]],[[-117.24753,32.40425],[-117.24753,32.40425]],[[-117.24664,32.40407],[-117.24664,32.40407]],[[-117.23817,32.40407],[-117.23817,32.40407]],[[-117.24664,32.40388],[-117.24664,32.40388]],[[-117.2384,32.40388],[-117.2384,32.40388]],[[-117.23884,32.40369],[-117.23884,32.40369]],[[-117.24753,32.40331],[-117.24753,32.40331]],[[-117.24664,32.40313],[-117.24664,32.40313]],[[-117.24731,32.40313],[-117.24731,32.40313]],[[-117.24686,32.40294],[-117.24686,32.40294]],[[-117.2453,32.40294],[-117.2453,32.40294]],[[-117.23862,32.40294],[-117.23862,32.40294]],[[-117.24553,32.40275],[-117.24553,32.40275]],[[-117.24664,32.40256],[-117.24664,32.40256]],[[-117.24664,32.40181],[-117.24664,32.40181]],[[-117.23884,32.40181],[-117.23884,32.40181]],[[-117.24664,32.40087],[-117.24664,32.40087]],[[-117.24575,32.40049],[-117.24575,32.40049]],[[-117.23862,32.40049],[-117.23907,32.39993],[-117.23884,32.39974],[-117.2384,32.39993],[-117.2384,32.4003],[-117.23862,32.40049]],[[-117.24575,32.40012],[-117.24575,32.40012]],[[-117.23884,32.40012],[-117.23884,32.40012]],[[-117.24575,32.39955],[-117.24575,32.39955]],[[-117.24575,32.39918],[-117.24575,32.39918]],[[-117.24575,32.39899],[-117.24575,32.39899]],[[-117.24575,32.39824],[-117.24575,32.39824]],[[-117.24553,32.39786],[-117.24553,32.39786]],[[-117.2453,32.39767],[-117.2453,32.39767]],[[-117.24508,32.39711],[-117.24508,32.39711]],[[-117.24486,32.39673],[-117.24486,32.39673]],[[-117.23795,32.39692],[-117.23817,32.39673],[-117.23817,32.39598],[-117.2384,32.39579],[-117.23817,32.39541],[-117.23817,32.39504],[-117.23795,32.39485],[-117.23706,32.39485],[-117.23661,32.39523],[-117.23661,32.39635],[-117.23795,32.39692]],[[-117.23751,32.39673],[-117.23751,32.39673]],[[-117.24642,32.39654],[-117.24642,32.39654]],[[-117.23706,32.39654],[-117.23706,32.39654]],[[-117.23817,32.39598],[-117.23817,32.39598]],[[-117.24642,32.39541],[-117.24642,32.39541]],[[-117.24619,32.39504],[-117.24619,32.39504]],[[-117.2453,32.39485],[-117.2453,32.39485]],[[-117.24419,32.39447],[-117.24419,32.39447]],[[-117.24374,32.39372],[-117.24374,32.39372]],[[-117.24352,32.39353],[-117.24352,32.39353]],[[-117.2433,32.39316],[-117.2433,32.39316]],[[-117.24308,32.39222],[-117.24308,32.39222]],[[-117.24285,32.39203],[-117.24285,32.39203]],[[-117.24263,32.39184],[-117.24263,32.39184]],[[-117.24241,32.39146],[-117.24241,32.39146]],[[-117.23862,32.39109],[-117.23862,32.39109]],[[-117.23884,32.3909],[-117.23884,32.3909]],[[-117.24174,32.39052],[-117.24174,32.39052]]]},"properties":{"depth_m":7}},{"type":"Feature","geometry":{"type":"MultiLineString","coordinates":[[[-117.21033,32.44848],[-117.21058,32.44826],[-117.21058,32.44808],[-117.2101,32.44778],[-117.20988,32.44796],[-117.20984,32.44826],[-117.21033,32.44848]],[[-117.29632,32.44803],[-117.29685,32.44751],[-117.2969,32.44638],[-117.29637,32.44488],[-117.29543,32.44403],[-117.29499,32.44435],[-117.29474,32.44507],[-117.29473,32.44676],[-117.29499,32.44741],[-117.29543,32.44789],[-117.29632,32.44803]],[[-117.29543,32.44789],[-117.29543,32.44789]],[[-117.29521,32.4477],[-117.29521,32.4477]],[[-117.29588,32.44638],[-117.29632,32.44601],[-117.29632,32.44563],[-117.29588,32.44507],[-117.29565,32.44507],[-117.29521,32.44544],[-117.29521,32.44601],[-117.29565,32.44638],[-117.29588,32.44638]],[[-117.2961,32.4462],[-117.2961,32.4462]],[[-117.29543,32.4462],[-117.29543,32.4462]],[[-117.2981,32.44572],[-117.298,32.44563],[-117.2981,32.44572]],[[-117.29632,32.4436],[-117.29623,32.44356],[-117.29632,32.4436]],[[-117.2961,32.44342],[-117.2961,32.44278],[-117.29588,32.44278],[-117.29588,32.44324],[-117.2961,32.44342]],[[-117.29521,32.441],[-117.29521,32.44074],[-117.29499,32.44055],[-117.29499,32.43999],[-117.29387,32.43811],[-117.29387,32.43642],[-117.29409,32.43623],[-117.29409,32.43585],[-117.2932,32.43491],[-117.29343,32.43389],[-117.29298,32.43417],[-117.29231,32.43415],[-117.29187,32.43452],[-117.29168,32.4351],[-117.29189,32.43642],[-117.29371,32.43961],[-117.29454,32.44009],[-117.29493,32.44093],[-117.29521,32.441]],[[-117.25756,32.42381],[-117.25399,32.42389],[-117.24709,32.42357],[-117.24597,32.42331],[-117.24508,32.42289],[-117.2444,32.42231],[-117.24379,32.42137],[-117.24337,32.41968],[-117.24305,32.41592],[-117.24311,32.41516],[-117.24245,32.41441],[-117.24229,32.41366],[-117.24241,32.41254],[-117.24263,32.41272],[-117.24263,32.41403],[-117.24374,32.41497],[-117.24464,32.41516],[-117.24508,32.41554],[-117.24597,32.41704],[-117.24731,32.41798],[-117.24731,32.41855],[-117.24798,32.41909],[-117.24798,32.41949],[-117.24842,32.42005],[-117.24909,32.42005],[-117.24931,32.42024],[-117.25024,32.42043],[-117.2502,32.42062],[-117.25065,32.42118],[-117.25154,32.42081],[-117.25176,32.42043],[-117.25176,32.42005],[-117.25154,32.41986],[-117.25154,32.41911],[-117.25132,32.41892],[-117.25132,32.41855],[-117.24998,32.41742],[-117.24998,32.41479],[-117.24976,32.41441],[-117.24998,32.41272],[-117.24954,32.41197],[-117.24954,32.41121],[-117.24931,32.41103],[-117.24931,32.41046],[-117.24909,32.41027],[-117.24909,32.40933],[-117.24865,32.40896],[-117.24839,32.40896],[-117.24731,32.40802],[-117.24664,32.40802],[-117.24622,32.40839],[-117.24575,32.4082],[-117.24597,32.40783],[-117.24575,32.40764],[-117.24575,32.40595],[-117.24486,32.40538],[-117.24486,32.40501],[-117.24527,32.40463],[-117.24597,32.40519],[-117.24642,32.40519],[-117.24686,32.40463],[-117.24686,32.40425],[-117.24664,32.40388],[-117.24686,32.40369],[-117.24686,32.40331],[-117.24642,32.40294],[-117.2453,32.40316],[-117.2453,32.40294],[-117.24575,32.40256],[-117.24575,32.40049],[-117.24597,32.4003],[-117.24575,32.40012],[-117.24575,32.39955],[-117.24597,32.39936],[-117.24575,32.39899],[-117.24597,32.3988],[-117.24597,32.39842],[-117.2453,32.39767],[-117.2453,32.3973],[-117.24486,32.39673],[-117.24486,32.39614],[-117.24508,32.39617],[-117.24575,32.39673],[-117.24619,32.39673],[-117.24664,32.39635],[-117.24664,32.3956],[-117.24597,32.39485],[-117.2453,32.39485],[-117.24508,32.39466],[-117.24461,32.39485],[-117.24419,32.39447],[-117.24419,32.39391],[-117.24374,32.39372],[-117.2433,32.39316],[-117.2433,32.39241],[-117.24241,32.39146],[-117.24241,32.39071],[-117.24218,32.39052],[-117.24174,32.39052],[-117.24157,32.39034],[-117.24174,32.39022],[-117.24241,32.39031],[-117.24266,32.39052],[-117.24286,32.39146],[-117.24419,32.39276],[-117.24575,32.39337],[-117.24709,32.39435],[-117.24988,32.39767],[-117.25127,32.39899],[-117.25288,32.40012],[-117.25685,32.40237],[-117.25778,32.40322],[-117.25835,32.40407],[-117.25857,32.40482],[-117.25851,32.40576],[-117.25823,32.40653],[-117.25756,32.40751],[-117.25622,32.40859],[-117.25355,32.40961],[-117.25271,32.41008],[-117.25176,32.41115],[-117.25145,32.41234],[-117.25156,32.41347],[-117.25224,32.41479],[-117.2531,32.41569],[-117.25533,32.41745],[-117.25622,32.41846],[-117.25711,32.41766],[-117.25823,32.41769],[-117.25867,32.41707],[-117.25889,32.41707],[-117.25889,32.41742],[-117.25846,32.4178],[-117.258,32.41798],[-117.25733,32.41798],[-117.25711,32.41817],[-117.25711,32.41855],[-117.25756,32.41912],[-117.25711,32.41909],[-117.25689,32.4193],[-117.25756,32.41983],[-117.25778,32.42031],[-117.25834,32.42081],[-117.25887,32.42175],[-117.25908,32.4225],[-117.25886,32.42325],[-117.25845,32.42356],[-117.25756,32.42381]],[[-117.24619,32.42118],[-117.24686,32.42043],[-117.24731,32.42043],[-117.24753,32.42062],[-117.24798,32.42024],[-117.24731,32.41986],[-117.24731,32.41911],[-117.24709,32.41892],[-117.24686,32.41892],[-117.24619,32.41968],[-117.24597,32.41968],[-117.2453,32.42024],[-117.2453,32.42081],[-117.24575,32.42118],[-117.24619,32.42118]],[[-117.2511,32.42099],[-117.2511,32.42099]],[[-117.24642,32.42099],[-117.24642,32.42099]],[[-117.24553,32.42099],[-117.24553,32.42099]],[[-117.25043,32.42081],[-117.25043,32.42081]],[[-117.25154,32.42062],[-117.25154,32.42062]],[[-117.24664,32.42062],[-117.24664,32.42062]],[[-117.24775,32.42043],[-117.24775,32.42043]],[[-117.24731,32.42043],[-117.24731,32.42043]],[[-117.24686,32.42043],[-117.24686,32.42043]],[[-117.25956,32.42013],[-117.25997,32.41986],[-117.26001,32.41967],[-117.25934,32.41968],[-117.25889,32.41911],[-117.25764,32.4193],[-117.25889,32.42023],[-117.25956,32.42013]],[[-117.24976,32.42024],[-117.24976,32.42024]],[[-117.24909,32.42005],[-117.24909,32.42005]],[[-117.2482,32.41968],[-117.2482,32.41968]],[[-117.25689,32.4193],[-117.25689,32.4193]],[[-117.25823,32.41911],[-117.25823,32.41911]],[[-117.25756,32.41911],[-117.25756,32.41911]],[[-117.25733,32.41874],[-117.25733,32.41874]],[[-117.24753,32.41874],[-117.24753,32.41874]],[[-117.24731,32.41798],[-117.24731,32.41798]],[[-117.24664,32.41742],[-117.24664,32.41742]],[[-117.24619,32.41723],[-117.24619,32.41723]],[[-117.24597,32.41686],[-117.24597,32.41686]],[[-117.25889,32.41645],[-117.25889,32.41592],[-117.25867,32.41589],[-117.25867,32.41645],[-117.25889,32.41645]],[[-117.24575,32.41648],[-117.24575,32.41648]],[[-117.24553,32.41629],[-117.24553,32.41629]],[[-117.2453,32.41592],[-117.2453,32.41592]],[[-117.24508,32.41554],[-117.24508,32.41554]],[[-117.24486,32.41535],[-117.24486,32.41535]],[[-117.24464,32.41516],[-117.24464,32.41516]],[[-117.24397,32.41497],[-117.24397,32.41497]],[[-117.24352,32.41479],[-117.24352,32.41479]],[[-117.2433,32.4146],[-117.2433,32.4146]],[[-117.24308,32.41441],[-117.24308,32.41441]],[[-117.24285,32.41422],[-117.24285,32.41422]],[[-117.24976,32.41366],[-117.24976,32.41366]],[[-117.24263,32.41272],[-117.24263,32.41272]],[[-117.24218,32.41236],[-117.2424,32.41215],[-117.24196,32.41159],[-117.24174,32.41027],[-117.24152,32.41011],[-117.24133,32.41046],[-117.24155,32.41159],[-117.24218,32.41236]],[[-117.2404,32.40994],[-117.24074,32.40971],[-117.24085,32.40936],[-117.24152,32.40963],[-117.24152,32.40538],[-117.24085,32.40444],[-117.24085,32.40388],[-117.24063,32.40369],[-117.24063,32.40331],[-117.2404,32.40294],[-117.23973,32.40237],[-117.23973,32.39993],[-117.23907,32.39899],[-117.23907,32.39842],[-117.23884,32.39824],[-117.23884,32.39466],[-117.23862,32.39447],[-117.23862,32.3941],[-117.2384,32.39372],[-117.23862,32.39353],[-117.23862,32.39165],[-117.23884,32.39146],[-117.23884,32.39109],[-117.2394,32.39052],[-117.23929,32.39043],[-117.23854,32.39109],[-117.23817,32.39223],[-117.23773,32.39256],[-117.23684,32.39274],[-117.23617,32.39318],[-117.23528,32.39405],[-117.23467,32.39504],[-117.23423,32.39635],[-117.23395,32.39786],[-117.23356,32.40275],[-117.23394,32.40482],[-117.2349,32.40632],[-117.23617,32.4073],[-117.23929,32.40891],[-117.2404,32.40994]],[[-117.24575,32.40802],[-117.24575,32.40802]],[[-117.24686,32.40745],[-117.24753,32.40708],[-117.24753,32.4067],[-117.24731,32.40651],[-117.24731,32.40576],[-117.24709,32.40557],[-117.24664,32.40557],[-117.24642,32.40576],[-117.24642,32.40651],[-117.24664,32.4067],[-117.24664,32.40726],[-117.24686,32.40745]],[[-117.24709,32.40726],[-117.24709,32.40726]],[[-117.24664,32.4067],[-117.24664,32.4067]],[[-117.24753,32.40538],[-117.24842,32.40463],[-117.24842,32.4035],[-117.24753,32.40237],[-117.24753,32.402],[-117.24731,32.40181],[-117.24731,32.4003],[-117.24686,32.39974],[-117.24664,32.39993],[-117.24664,32.40049],[-117.24642,32.40068],[-117.24664,32.40106],[-117.24664,32.40143],[-117.24642,32.40162],[-117.24664,32.40181],[-117.24664,32.40219],[-117.24642,32.40237],[-117.24664,32.40275],[-117.24753,32.40331],[-117.24753,32.40369],[-117.24731,32.40407],[-117.24753,32.40425],[-117.24753,32.40482],[-117.24709,32.40519],[-117.24753,32.40538]],[[-117.24775,32.40519],[-117.24775,32.40519]],[[-117.24798,32.40501],[-117.24798,32.40501]],[[-117.24575,32.40501],[-117.24575,32.40501]],[[-117.24486,32.40501],[-117.24486,32.40501]],[[-117.23394,32.40482],[-117.23394,32.40482]],[[-117.2482,32.40482],[-117.2482,32.40482]],[[-117.24664,32.40482],[-117.24664,32.40482]],[[-117.24553,32.40482],[-117.24553,32.40482]],[[-117.2453,32.40463],[-117.2453,32.40463]],[[-117.23795,32.40444],[-117.23862,32.40366],[-117.23907,32.40388],[-117.23951,32.40388],[-117.23973,32.40369],[-117.23973,32.40313],[-117.23907,32.40259],[-117.23907,32.40237],[-117.23884,32.40219],[-117.23884,32.40181],[-117.23907,32.40162],[-117.23884,32.40125],[-117.2384,32.40143],[-117.2384,32.40275],[-117.23862,32.40294],[-117.23862,32.40335],[-117.2384,32.40313],[-117.23773,32.40294],[-117.23706,32.4035],[-117.23706,32.40425],[-117.23728,32.40444],[-117.23795,32.40444]],[[-117.24753,32.40425],[-117.24753,32.40425]],[[-117.23817,32.40407],[-117.23817,32.40407]],[[-117.24664,32.40388],[-117.24664,32.40388]],[[-117.2384,32.40388],[-117.2384,32.40388]],[[-117.23884,32.40369],[-117.23884,32.40369]],[[-117.24753,32.40331],[-117.24753,32.40331]],[[-117.24731,32.40313],[-117.24731,32.40313]],[[-117.24686,32.40294],[-117.24686,32.40294]],[[-117.2453,32.40294],[-117.2453,32.40294]],[[-117.23862,32.40294],[-117.23862,32.40294]],[[-117.24553,32.40275],[-117.24553,32.40275]],[[-117.24664,32.40256],[-117.24664,32.40256]],[[-117.24664,32.40181],[-117.24664,32.40181]],[[-117.23884,32.40181],[-117.23884,32.40181]],[[-117.24664,32.40087],[-117.24664,32.40087]],[[-117.24575,32.40049],[-117.24575,32.40049]],[[-117.23862,32.40049],[-117.23907,32.39993],[-117.23884,32.39974],[-117.2384,32.39993],[-117.2384,32.4003],[-117.23862,32.40049]],[[-117.23884,32.40012],[-117.23884,32.40012]],[[-117.24575,32.39955],[-117.24575,32.39955]],[[-117.24575,32.39899],[-117.24575,32.39899]],[[-117.24909,32.39673],[-117.24909,32.39673]],[[-117.23795,32.39692],[-117.23817,32.39673],[-117.23817,32.39598],[-117.2384,32.39579],[-117.23817,32.39541],[-117.23817,32.39504],[-117.23795,32.39485],[-117.23706,32.39485],[-117.23661,32.39523],[-117.23661,32.39635],[-117.23795,32.39692]],[[-117.23751,32.39673],[-117.23751,32.39673]],[[-117.24642,32.39654],[-117.24642,32.39654]],[[-117.24553,32.39654],[-117.24553,32.39654]],[[-117.23706,32.39654],[-117.23706,32.39654]],[[-117.2453,32.39635],[-117.2453,32.39635]],[[-117.24865,32.39617],[-117.24865,32.39617]],[[-117.24508,32.39617],[-117.24508,32.39617]],[[-117.23817,32.39598],[-117.23817,32.39598]],[[-117.23439,32.39579],[-117.23439,32.39579]],[[-117.24063,32.39034],[-117.24072,32.39015],[-117.24037,32.39015],[-117.24037,32.39034],[-117.24063,32.39034]]]},"properties":{"depth_m":8}},{"type":"Feature","geometry":{"type":"MultiLineString","coordinates":[[[-117.21033,32.44853],[-117.21067,32.44826],[-117.21067,32.44808],[-117.21033,32.44772],[-117.2101,32.44771],[-117.20988,32.4479],[-117.20981,32.44826],[-117.2101,32.44854],[-117.21033,32.44853]],[[-117.29632,32.44829],[-117.29699,32.44773],[-117.29704,32.44657],[-117.29648,32.44488],[-117.29543,32.44381],[-117.29499,32.44407],[-117.29476,32.44464],[-117.29457,32.44582],[-117.29463,32.44676],[-117.29478,32.44732],[-117.29517,32.44789],[-117.29565,32.44821],[-117.29632,32.44829]],[[-117.29588,32.44638],[-117.29632,32.44601],[-117.29632,32.44563],[-117.29588,32.44507],[-117.29565,32.44507],[-117.29521,32.44544],[-117.29521,32.44601],[-117.29565,32.44638],[-117.29588,32.44638]],[[-117.2961,32.4462],[-117.2961,32.4462]],[[-117.29543,32.4462],[-117.29543,32.4462]],[[-117.2981,32.44578],[-117.2981,32.44563],[-117.29793,32.44563],[-117.2981,32.44578]],[[-117.29632,32.44371],[-117.2961,32.44337],[-117.2961,32.44256],[-117.29588,32.44256],[-117.29581,32.44337],[-117.29632,32.44371]],[[-117.29521,32.44112],[-117.29521,32.44074],[-117.29499,32.44055],[-117.29499,32.43999],[-117.29387,32.43811],[-117.29387,32.43642],[-117.29409,32.43623],[-117.29409,32.43585],[-117.2932,32.43491],[-117.29343,32.43397],[-117.29386,32.43378],[-117.29365,32.4336],[-117.29298,32.43404],[-117.29231,32.43398],[-117.29187,32.43431],[-117.29161,32.43491],[-117.29159,32.43566],[-117.29187,32.4366],[-117.29365,32.43973],[-117.29454,32.44027],[-117.29482,32.44093],[-117.29521,32.44112]],[[-117.29187,32.4366],[-117.29187,32.4366]],[[-117.25845,32.42421],[-117.25934,32.42391],[-117.25982,32.42344],[-117.25988,32.42287],[-117.25973,32.42231],[-117.25879,32.42081],[-117.25912,32.42043],[-117.26001,32.41994],[-117.26001,32.41967],[-117.25934,32.41968],[-117.25889,32.41911],[-117.25823,32.41911],[-117.25778,32.4193],[-117.25711,32.41855],[-117.25711,32.41817],[-117.25733,32.41798],[-117.258,32.41798],[-117.25846,32.4178],[-117.25889,32.41742],[-117.25889,32.41592],[-117.25861,32.41592],[-117.25863,32.41704],[-117.25823,32.41761],[-117.25697,32.41761],[-117.25622,32.41795],[-117.25559,32.41723],[-117.25266,32.41471],[-117.25203,32.41366],[-117.25181,32.41253],[-117.25207,32.4114],[-117.25266,32.41062],[-117.25355,32.40999],[-117.25644,32.40875],[-117.25733,32.40804],[-117.25799,32.40726],[-117.25845,32.40645],[-117.25874,32.40538],[-117.25867,32.40448],[-117.25833,32.40369],[-117.25756,32.40275],[-117.25667,32.40203],[-117.25288,32.39985],[-117.2511,32.39854],[-117.24709,32.39412],[-117.24575,32.39315],[-117.2444,32.39259],[-117.24308,32.39158],[-117.24282,32.39071],[-117.24251,32.39034],[-117.24196,32.39018],[-117.24009,32.39015],[-117.24009,32.39034],[-117.24152,32.39034],[-117.24174,32.39052],[-117.24218,32.39052],[-117.24241,32.39071],[-117.24241,32.39146],[-117.2433,32.39241],[-117.2433,32.39316],[-117.24374,32.39372],[-117.24419,32.39391],[-117.24419,32.39447],[-117.2446,32.39485],[-117.24508,32.39466],[-117.2453,32.39485],[-117.24597,32.39485],[-117.24664,32.3956],[-117.24664,32.39635],[-117.24619,32.39673],[-117.24575,32.39673],[-117.24486,32.39613],[-117.24486,32.39673],[-117.2453,32.3973],[-117.2453,32.39767],[-117.24597,32.39842],[-117.24597,32.3988],[-117.24575,32.39899],[-117.24597,32.39936],[-117.24575,32.39955],[-117.24575,32.40012],[-117.24597,32.4003],[-117.24575,32.40049],[-117.24575,32.40256],[-117.2453,32.40294],[-117.2453,32.40316],[-117.24642,32.40294],[-117.24686,32.40331],[-117.24686,32.40369],[-117.24664,32.40407],[-117.24686,32.40425],[-117.24686,32.40463],[-117.24642,32.40519],[-117.24597,32.40519],[-117.24527,32.40463],[-117.24486,32.40501],[-117.24486,32.40538],[-117.24575,32.40595],[-117.24575,32.40764],[-117.24597,32.40783],[-117.24575,32.4082],[-117.24622,32.40839],[-117.24664,32.40802],[-117.24731,32.40802],[-117.24839,32.40896],[-117.24865,32.40896],[-117.24909,32.40933],[-117.24909,32.41027],[-117.24931,32.41046],[-117.24931,32.41103],[-117.24954,32.41121],[-117.24954,32.41197],[-117.24998,32.41272],[-117.24976,32.41441],[-117.24998,32.41479],[-117.24998,32.41742],[-117.25132,32.41855],[-117.25176,32.42043],[-117.25132,32.42099],[-117.25065,32.42118],[-117.2502,32.42062],[-117.25025,32.42043],[-117.24931,32.42024],[-117.24909,32.42005],[-117.24842,32.42005],[-117.24798,32.41949],[-117.24798,32.41908],[-117.24731,32.41855],[-117.24731,32.41798],[-117.24597,32.41704],[-117.24508,32.41554],[-117.24464,32.41516],[-117.24374,32.41497],[-117.24263,32.41403],[-117.24263,32.41272],[-117.24196,32.41159],[-117.24174,32.41027],[-117.24152,32.41008],[-117.24152,32.40538],[-117.24085,32.40444],[-117.24085,32.40388],[-117.24063,32.40369],[-117.24063,32.40331],[-117.2404,32.40294],[-117.23973,32.40237],[-117.23973,32.39993],[-117.23907,32.39899],[-117.23907,32.39842],[-117.23884,32.39824],[-117.23884,32.39466],[-117.23862,32.39447],[-117.23862,32.3941],[-117.2384,32.39372],[-117.23862,32.39353],[-117.23862,32.39165],[-117.23884,32.39146],[-117.23884,32.39109],[-117.23951,32.39052],[-117.23929,32.39033],[-117.23907,32.39045],[-117.23857,32.3909],[-117.23817,32.3919],[-117.23795,32.39209],[-117.23773,32.39227],[-117.23684,32.39242],[-117.23535,32.39353],[-117.23466,32.39447],[-117.23415,32.3956],[-117.23355,32.39842],[-117.2332,32.402],[-117.23335,32.40407],[-117.23394,32.40569],[-117.23456,32.40651],[-117.2355,32.40729],[-117.23884,32.40905],[-117.2404,32.41041],[-117.24107,32.41042],[-117.24153,32.41197],[-117.24219,32.41253],[-117.24232,32.41441],[-117.24281,32.41516],[-117.24314,32.41949],[-117.24342,32.42099],[-117.24398,32.42212],[-117.24486,32.423],[-117.24619,32.42361],[-117.2482,32.42396],[-117.25644,32.4243],[-117.25845,32.42421]],[[-117.24709,32.42381],[-117.24709,32.42381]],[[-117.24619,32.42118],[-117.24686,32.42043],[-117.24731,32.42043],[-117.24753,32.42062],[-117.24798,32.42024],[-117.24731,32.41986],[-117.24731,32.41911],[-117.24709,32.41892],[-117.24686,32.41892],[-117.24642,32.4193],[-117.24642,32.41949],[-117.2453,32.42024],[-117.2453,32.42081],[-117.24575,32.42118],[-117.24619,32.42118]],[[-117.2511,32.42099],[-117.2511,32.42099]],[[-117.24642,32.42099],[-117.24642,32.42099]],[[-117.24553,32.42099],[-117.24553,32.42099]],[[-117.25154,32.42062],[-117.25154,32.42062]],[[-117.24664,32.42062],[-117.24664,32.42062]],[[-117.24775,32.42043],[-117.24775,32.42043]],[[-117.24731,32.42043],[-117.24731,32.42043]],[[-117.24686,32.42043],[-117.24686,32.42043]],[[-117.25154,32.41986],[-117.25154,32.41986]],[[-117.25823,32.41911],[-117.25823,32.41911]],[[-117.25132,32.41892],[-117.25132,32.41892]],[[-117.2511,32.41836],[-117.2511,32.41836]],[[-117.25087,32.41817],[-117.25087,32.41817]],[[-117.25065,32.41798],[-117.25065,32.41798]],[[-117.25043,32.4178],[-117.25043,32.4178]],[[-117.2502,32.41761],[-117.2502,32.41761]],[[-117.24998,32.41742],[-117.24998,32.41742]],[[-117.24976,32.4146],[-117.24976,32.4146]],[[-117.24976,32.41366],[-117.24976,32.41366]],[[-117.24976,32.41253],[-117.24976,32.41253]],[[-117.24954,32.41197],[-117.24954,32.41197]],[[-117.24931,32.41103],[-117.24931,32.41103]],[[-117.24909,32.41027],[-117.24909,32.41027]],[[-117.23973,32.40971],[-117.23973,32.40971]],[[-117.23951,32.40952],[-117.23951,32.40952]],[[-117.24887,32.40914],[-117.24887,32.40914]],[[-117.24798,32.40858],[-117.24798,32.40858]],[[-117.24775,32.40839],[-117.24775,32.40839]],[[-117.24597,32.40839],[-117.24597,32.40839]],[[-117.24753,32.4082],[-117.24753,32.4082]],[[-117.24575,32.4082],[-117.24575,32.4082]],[[-117.24575,32.40802],[-117.24575,32.40802]],[[-117.24575,32.40764],[-117.24575,32.40764]],[[-117.24686,32.40745],[-117.24753,32.40708],[-117.24753,32.4067],[-117.24731,32.40651],[-117.24731,32.40576],[-117.24709,32.40557],[-117.24664,32.40557],[-117.24642,32.40576],[-117.24642,32.40651],[-117.24664,32.4067],[-117.24664,32.40726],[-117.24686,32.40745]],[[-117.24709,32.40726],[-117.24709,32.40726]],[[-117.24664,32.4067],[-117.24664,32.4067]],[[-117.24553,32.40576],[-117.24553,32.40576]],[[-117.24508,32.40557],[-117.24508,32.40557]],[[-117.24486,32.40538],[-117.24486,32.40538]],[[-117.24753,32.40538],[-117.24842,32.40463],[-117.24842,32.4035],[-117.24753,32.40237],[-117.24753,32.402],[-117.24731,32.40181],[-117.24731,32.4003],[-117.24686,32.39974],[-117.24664,32.39993],[-117.24664,32.40049],[-117.24642,32.40068],[-117.24664,32.40087],[-117.24664,32.40143],[-117.24642,32.40162],[-117.24664,32.402],[-117.24642,32.40237],[-117.24664,32.40275],[-117.24753,32.40331],[-117.24753,32.40369],[-117.24731,32.40407],[-117.24753,32.40425],[-117.24753,32.40482],[-117.24709,32.40519],[-117.24753,32.40538]],[[-117.24775,32.40519],[-117.24775,32.40519]],[[-117.24798,32.40501],[-117.24798,32.40501]],[[-117.24486,32.40501],[-117.24486,32.40501]],[[-117.2482,32.40482],[-117.2482,32.40482]],[[-117.24664,32.40482],[-117.24664,32.40482]],[[-117.23795,32.40444],[-117.23862,32.40365],[-117.23907,32.40388],[-117.23951,32.40388],[-117.23973,32.40369],[-117.23973,32.40313],[-117.23907,32.4026],[-117.23907,32.40237],[-117.23884,32.40219],[-117.23884,32.40181],[-117.23907,32.40162],[-117.23884,32.40125],[-117.2384,32.40143],[-117.2384,32.40275],[-117.23862,32.40294],[-117.23862,32.40335],[-117.2384,32.40313],[-117.23773,32.40294],[-117.23706,32.4035],[-117.23706,32.40425],[-117.23728,32.40444],[-117.23795,32.40444]],[[-117.24753,32.40425],[-117.24753,32.40425]],[[-117.24664,32.40407],[-117.24664,32.40407]],[[-117.23817,32.40407],[-117.23817,32.40407]],[[-117.24664,32.40388],[-117.24664,32.40388]],[[-117.2384,32.40388],[-117.2384,32.40388]],[[-117.23884,32.40369],[-117.23884,32.40369]],[[-117.24753,32.40331],[-117.24753,32.40331]],[[-117.24664,32.40313],[-117.24664,32.40313]],[[-117.24731,32.40313],[-117.24731,32.40313]],[[-117.24686,32.40294],[-117.24686,32.40294]],[[-117.2453,32.40294],[-117.2453,32.40294]],[[-117.23862,32.40294],[-117.23862,32.40294]],[[-117.24553,32.40275],[-117.24553,32.40275]],[[-117.24664,32.40256],[-117.24664,32.40256]],[[-117.24664,32.40181],[-117.24664,32.40181]],[[-117.23884,32.40181],[-117.23884,32.40181]],[[-117.24664,32.40087],[-117.24664,32.40087]],[[-117.24575,32.40049],[-117.24575,32.40049]],[[-117.23862,32.40049],[-117.23907,32.39993],[-117.23884,32.39974],[-117.2384,32.39993],[-117.2384,32.4003],[-117.23862,32.40049]],[[-117.24575,32.40012],[-117.24575,32.40012]],[[-117.23884,32.40012],[-117.23884,32.40012]],[[-117.24575,32.39955],[-117.24575,32.39955]],[[-117.24575,32.39918],[-117.24575,32.39918]],[[-117.24575,32.39899],[-117.24575,32.39899]],[[-117.2335,32.3988],[-117.2335,32.3988]],[[-117.24575,32.39824],[-117.24575,32.39824]],[[-117.24553,32.39786],[-117.24553,32.39786]],[[-117.2453,32.39767],[-117.2453,32.39767]],[[-117.24508,32.39711],[-117.24508,32.39711]],[[-117.24486,32.39673],[-117.24486,32.39673]],[[-117.23795,32.39692],[-117.23817,32.39673],[-117.23817,32.39598],[-117.2384,32.39579],[-117.23817,32.39541],[-117.23817,32.39504],[-117.23795,32.39485],[-117.23706,32.39485],[-117.23661,32.39523],[-117.23661,32.39635],[-117.23795,32.39692]],[[-117.23751,32.39673],[-117.23751,32.39673]],[[-117.24642,32.39654],[-117.24642,32.39654]],[[-117.23706,32.39654],[-117.23706,32.39654]],[[-117.23817,32.39598],[-117.23817,32.39598]],[[-117.24642,32.39541],[-117.24642,32.39541]],[[-117.24619,32.39504],[-117.24619,32.39504]],[[-117.2453,32.39485],[-117.2453,32.39485]],[[-117.24419,32.39447],[-117.24419,32.39447]],[[-117.24374,32.39372],[-117.24374,32.39372]],[[-117.24352,32.39353],[-117.24352,32.39353]],[[-117.2433,32.39316],[-117.2433,32.39316]],[[-117.24308,32.39222],[-117.24308,32.39222]],[[-117.24285,32.39203],[-117.24285,32.39203]],[[-117.24263,32.39184],[-117.24263,32.39184]],[[-117.24241,32.39146],[-117.24241,32.39146]],[[-117.24174,32.39052],[-117.24174,32.39052]]]},"properties":{"depth_m":9}},{"type":"Feature","geometry":{"type":"MultiLineString","coordinates":[[[-117.29654,32.44851],[-117.2971,32.44808],[-117.29719,32.44695],[-117.29656,32.44488],[-117.29595,32.44432],[-117.29592,32.44413],[-117.29652,32.44375],[-117.2961,32.44337],[-117.2961,32.44239],[-117.29588,32.44239],[-117.29565,32.44346],[-117.29499,32.44384],[-117.29476,32.44429],[-117.29452,32.44544],[-117.2945,32.44657],[-117.29465,32.44732],[-117.29499,32.44795],[-117.29565,32.44842],[-117.29654,32.44851]],[[-117.21033,32.44859],[-117.21075,32.44826],[-117.21075,32.44808],[-117.21046,32.4477],[-117.2101,32.44766],[-117.20984,32.44789],[-117.20977,32.44826],[-117.2101,32.44859],[-117.21033,32.44859]],[[-117.29588,32.44638],[-117.29632,32.44601],[-117.29632,32.44563],[-117.29588,32.44507],[-117.29565,32.44507],[-117.29521,32.44544],[-117.29521,32.44601],[-117.29565,32.44638],[-117.29588,32.44638]],[[-117.2961,32.4462],[-117.2961,32.4462]],[[-117.29543,32.4462],[-117.29543,32.4462]],[[-117.2981,32.44584],[-117.2981,32.44563],[-117.29788,32.44553],[-117.2981,32.44584]],[[-117.29543,32.44126],[-117.29499,32.44055],[-117.29499,32.43999],[-117.29387,32.43811],[-117.29387,32.43642],[-117.29409,32.43623],[-117.29409,32.43585],[-117.2932,32.43491],[-117.29343,32.43397],[-117.29387,32.43378],[-117.29391,32.43359],[-117.29349,32.43359],[-117.29298,32.4339],[-117.29209,32.43394],[-117.29164,32.43447],[-117.29148,32.4351],[-117.29153,32.43585],[-117.29186,32.43679],[-117.29365,32.43992],[-117.29454,32.44055],[-117.29499,32.44123],[-117.29543,32.44126]],[[-117.29454,32.44055],[-117.29454,32.44055]],[[-117.25934,32.42459],[-117.26023,32.42423],[-117.26067,32.42363],[-117.26041,32.4225],[-117.25925,32.42099],[-117.25933,32.42062],[-117.26001,32.42006],[-117.26001,32.41966],[-117.25934,32.41968],[-117.25889,32.41911],[-117.25823,32.41911],[-117.25778,32.4193],[-117.25711,32.41855],[-117.25711,32.41817],[-117.25733,32.41798],[-117.258,32.41798],[-117.25889,32.41742],[-117.25889,32.41592],[-117.25857,32.41592],[-117.25859,32.41704],[-117.25823,32.41755],[-117.25644,32.41753],[-117.2531,32.41469],[-117.25243,32.41369],[-117.25218,32.41272],[-117.25231,32.41178],[-117.25294,32.41084],[-117.25377,32.41025],[-117.25644,32.40904],[-117.258,32.40753],[-117.25859,32.40651],[-117.25889,32.40538],[-117.25886,32.40463],[-117.2585,32.40369],[-117.25778,32.40277],[-117.25689,32.40199],[-117.2531,32.39974],[-117.2515,32.39861],[-117.2502,32.3974],[-117.24709,32.3939],[-117.24597,32.39307],[-117.24441,32.39234],[-117.24308,32.39148],[-117.24285,32.39064],[-117.24258,32.39034],[-117.24196,32.39014],[-117.23995,32.39015],[-117.23996,32.39034],[-117.24152,32.39034],[-117.24174,32.39052],[-117.24218,32.39052],[-117.24241,32.39071],[-117.24241,32.39146],[-117.2433,32.39241],[-117.2433,32.39316],[-117.24374,32.39372],[-117.24419,32.39391],[-117.24419,32.39447],[-117.24459,32.39485],[-117.24508,32.39466],[-117.2453,32.39485],[-117.24597,32.39485],[-117.24664,32.3956],[-117.24664,32.39635],[-117.24619,32.39673],[-117.24575,32.39673],[-117.24486,32.39613],[-117.24486,32.39673],[-117.2453,32.3973],[-117.2453,32.39767],[-117.24597,32.39842],[-117.24597,32.3988],[-117.24575,32.39899],[-117.24597,32.39936],[-117.24575,32.39955],[-117.24575,32.40012],[-117.24597,32.4003],[-117.24575,32.40049],[-117.24575,32.40256],[-117.2453,32.40294],[-117.2453,32.40317],[-117.24642,32.40294],[-117.24686,32.40331],[-117.24686,32.40369],[-117.24664,32.40407],[-117.24686,32.40425],[-117.24686,32.40463],[-117.24642,32.40519],[-117.24597,32.40519],[-117.24526,32.40463],[-117.24486,32.40501],[-117.24486,32.40538],[-117.24575,32.40595],[-117.24575,32.40764],[-117.24597,32.40783],[-117.24575,32.4082],[-117.24623,32.40839],[-117.24664,32.40802],[-117.24731,32.40802],[-117.24838,32.40896],[-117.24865,32.40896],[-117.24909,32.40933],[-117.24909,32.41027],[-117.24931,32.41046],[-117.24931,32.41103],[-117.24954,32.41121],[-117.24954,32.41197],[-117.24998,32.41272],[-117.24976,32.41441],[-117.24998,32.41479],[-117.24998,32.41742],[-117.25132,32.41855],[-117.25176,32.42043],[-117.25132,32.42099],[-117.25065,32.42118],[-117.2502,32.42062],[-117.25025,32.42043],[-117.24931,32.42024],[-117.24909,32.42005],[-117.24842,32.42005],[-117.24798,32.41949],[-117.24798,32.41908],[-117.24731,32.41855],[-117.24731,32.41798],[-117.24597,32.41704],[-117.24508,32.41554],[-117.24464,32.41516],[-117.24374,32.41497],[-117.24263,32.41403],[-117.24263,32.41272],[-117.24196,32.41159],[-117.24174,32.41027],[-117.24152,32.41008],[-117.24152,32.40538],[-117.24085,32.40444],[-117.24085,32.40388],[-117.24063,32.40369],[-117.24063,32.40331],[-117.2404,32.40294],[-117.23973,32.40237],[-117.23973,32.39993],[-117.23907,32.39899],[-117.23907,32.39842],[-117.23884,32.39824],[-117.23884,32.39466],[-117.23862,32.39447],[-117.23862,32.3941],[-117.2384,32.39372],[-117.23862,32.39353],[-117.23862,32.39165],[-117.23884,32.39146],[-117.23884,32.39109],[-117.23951,32.39052],[-117.23951,32.39033],[-117.23907,32.39037],[-117.23848,32.3909],[-117.23817,32.39164],[-117.23773,32.392],[-117.23684,32.39211],[-117.23533,32.39316],[-117.23456,32.3941],[-117.23392,32.39541],[-117.23327,32.39824],[-117.23285,32.402],[-117.23298,32.40407],[-117.23365,32.40595],[-117.23422,32.4067],[-117.23511,32.40745],[-117.23929,32.40975],[-117.24095,32.4114],[-117.24129,32.41235],[-117.24202,32.41272],[-117.24311,32.42062],[-117.24373,32.42212],[-117.24464,32.42311],[-117.24597,32.42378],[-117.2482,32.4242],[-117.25733,32.4247],[-117.25934,32.42459]],[[-117.25533,32.42457],[-117.25533,32.42457]],[[-117.24352,32.42175],[-117.24352,32.42175]],[[-117.24619,32.42118],[-117.24686,32.42043],[-117.24731,32.42043],[-117.24753,32.42062],[-117.24798,32.42024],[-117.24731,32.41986],[-117.24731,32.41911],[-117.24709,32.41892],[-117.24686,32.41892],[-117.24619,32.41968],[-117.24597,32.41968],[-117.2453,32.42024],[-117.2453,32.42081],[-117.24575,32.42118],[-117.24619,32.42118]],[[-117.2511,32.42099],[-117.2511,32.42099]],[[-117.24642,32.42099],[-117.24642,32.42099]],[[-117.24553,32.42099],[-117.24553,32.42099]],[[-117.25154,32.42062],[-117.25154,32.42062]],[[-117.24664,32.42062],[-117.24664,32.42062]],[[-117.24775,32.42043],[-117.24775,32.42043]],[[-117.24731,32.42043],[-117.24731,32.42043]],[[-117.24686,32.42043],[-117.24686,32.42043]],[[-117.25154,32.41986],[-117.25154,32.41986]],[[-117.25823,32.41911],[-117.25823,32.41911]],[[-117.25132,32.41892],[-117.25132,32.41892]],[[-117.2511,32.41836],[-117.2511,32.41836]],[[-117.25087,32.41817],[-117.25087,32.41817]],[[-117.25065,32.41798],[-117.25065,32.41798]],[[-117.25043,32.4178],[-117.25043,32.4178]],[[-117.2502,32.41761],[-117.2502,32.41761]],[[-117.24998,32.41742],[-117.24998,32.41742]],[[-117.24976,32.4146],[-117.24976,32.4146]],[[-117.24976,32.41366],[-117.24976,32.41366]],[[-117.24976,32.41253],[-117.24976,32.41253]],[[-117.24954,32.41197],[-117.24954,32.41197]],[[-117.24931,32.41103],[-117.24931,32.41103]],[[-117.24909,32.41027],[-117.24909,32.41027]],[[-117.25555,32.40952],[-117.25555,32.40952]],[[-117.24887,32.40914],[-117.24887,32.40914]],[[-117.24798,32.40858],[-117.24798,32.40858]],[[-117.24775,32.40839],[-117.24775,32.40839]],[[-117.24597,32.40839],[-117.24597,32.40839]],[[-117.24753,32.4082],[-117.24753,32.4082]],[[-117.24575,32.4082],[-117.24575,32.4082]],[[-117.24575,32.40802],[-117.24575,32.40802]],[[-117.23572,32.40783],[-117.23572,32.40783]],[[-117.24575,32.40764],[-117.24575,32.40764]],[[-117.24686,32.40745],[-117.24753,32.40708],[-117.24753,32.4067],[-117.24731,32.40651],[-117.24731,32.40576],[-117.24709,32.40557],[-117.24664,32.40557],[-117.24642,32.40576],[-117.24642,32.40651],[-117.24664,32.4067],[-117.24664,32.40726],[-117.24686,32.40745]],[[-117.24709,32.40726],[-117.24709,32.40726]],[[-117.24664,32.4067],[-117.24664,32.4067]],[[-117.24553,32.40576],[-117.24553,32.40576]],[[-117.24508,32.40557],[-117.24508,32.40557]],[[-117.24486,32.40538],[-117.24486,32.40538]],[[-117.24753,32.40538],[-117.24842,32.40463],[-117.24842,32.4035],[-117.24753,32.40237],[-117.24753,32.402],[-117.24731,32.40181],[-117.24731,32.4003],[-117.24686,32.39974],[-117.24664,32.39993],[-117.24664,32.40049],[-117.24642,32.40068],[-117.24664,32.40087],[-117.24664,32.40143],[-117.24642,32.40162],[-117.24664,32.402],[-117.24642,32.40237],[-117.24664,32.40275],[-117.24753,32.40331],[-117.24753,32.40369],[-117.24731,32.40407],[-117.24753,32.40425],[-117.24753,32.40482],[-117.24709,32.40519],[-117.24753,32.40538]],[[-117.24775,32.40519],[-117.24775,32.40519]],[[-117.24798,32.40501],[-117.24798,32.40501]],[[-117.24486,32.40501],[-117.24486,32.40501]],[[-117.2482,32.40482],[-117.2482,32.40482]],[[-117.24664,32.40482],[-117.24664,32.40482]],[[-117.23795,32.40444],[-117.23862,32.40365],[-117.23907,32.40388],[-117.23951,32.40388],[-117.23973,32.40369],[-117.23973,32.40313],[-117.23907,32.4026],[-117.23907,32.40237],[-117.23884,32.40219],[-117.23884,32.40181],[-117.23907,32.40162],[-117.23884,32.40125],[-117.2384,32.40143],[-117.2384,32.40275],[-117.23862,32.40294],[-117.23862,32.40336],[-117.2384,32.40313],[-117.23773,32.40294],[-117.23706,32.4035],[-117.23706,32.40425],[-117.23728,32.40444],[-117.23795,32.40444]],[[-117.24753,32.40425],[-117.24753,32.40425]],[[-117.24664,32.40407],[-117.24664,32.40407]],[[-117.23817,32.40407],[-117.23817,32.40407]],[[-117.24664,32.40388],[-117.24664,32.40388]],[[-117.2384,32.40388],[-117.2384,32.40388]],[[-117.23884,32.40369],[-117.23884,32.40369]],[[-117.24753,32.40331],[-117.24753,32.40331]],[[-117.24664,32.40313],[-117.24664,32.40313]],[[-117.24731,32.40313],[-117.24731,32.40313]],[[-117.24686,32.40294],[-117.24686,32.40294]],[[-117.2453,32.40294],[-117.2453,32.40294]],[[-117.23862,32.40294],[-117.23862,32.40294]],[[-117.24553,32.40275],[-117.24553,32.40275]],[[-117.24664,32.40256],[-117.24664,32.40256]],[[-117.24664,32.40181],[-117.24664,32.40181]],[[-117.23884,32.40181],[-117.23884,32.40181]],[[-117.24664,32.40087],[-117.24664,32.40087]],[[-117.24575,32.40049],[-117.24575,32.40049]],[[-117.23862,32.40049],[-117.23907,32.39993],[-117.23884,32.39974],[-117.2384,32.39993],[-117.2384,32.4003],[-117.23862,32.40049]],[[-117.24575,32.40012],[-117.24575,32.40012]],[[-117.23884,32.40012],[-117.23884,32.40012]],[[-117.24575,32.39955],[-117.24575,32.39955]],[[-117.24575,32.39918],[-117.24575,32.39918]],[[-117.24575,32.39899],[-117.24575,32.39899]],[[-117.24575,32.39824],[-117.24575,32.39824]],[[-117.24553,32.39786],[-117.24553,32.39786]],[[-117.2453,32.39767],[-117.2453,32.39767]],[[-117.24508,32.39711],[-117.24508,32.39711]],[[-117.24486,32.39673],[-117.24486,32.39673]],[[-117.23795,32.39692],[-117.23817,32.39673],[-117.23817,32.39598],[-117.2384,32.39579],[-117.23817,32.39541],[-117.23817,32.39504],[-117.23795,32.39485],[-117.23706,32.39485],[-117.23661,32.39523],[-117.23661,32.39635],[-117.23795,32.39692]],[[-117.23751,32.39673],[-117.23751,32.39673]],[[-117.24642,32.39654],[-117.24642,32.39654]],[[-117.23706,32.39654],[-117.23706,32.39654]],[[-117.23817,32.39598],[-117.23817,32.39598]],[[-117.24642,32.39541],[-117.24642,32.39541]],[[-117.24619,32.39504],[-117.24619,32.39504]],[[-117.2453,32.39485],[-117.2453,32.39485]],[[-117.24419,32.39447],[-117.24419,32.39447]],[[-117.24374,32.39372],[-117.24374,32.39372]],[[-117.24352,32.39353],[-117.24352,32.39353]],[[-117.2433,32.39316],[-117.2433,32.39316]],[[-117.24308,32.39222],[-117.24308,32.39222]],[[-117.24285,32.39203],[-117.24285,32.39203]],[[-117.24263,32.39184],[-117.24263,32.39184]],[[-117.24241,32.39146],[-117.24241,32.39146]],[[-117.24174,32.39052],[-117.24174,32.39052]],[[-117.23996,32.39034],[-117.23996,32.39034]]]},"properties":{"depth_m":10}},{"type":"Feature","geometry":{"type":"MultiLineString","coordinates":[[[-117.29654,32.44851],[-117.2971,32.44808],[-117.29719,32.44695],[-117.29656,32.44488],[-117.29595,32.44432],[-117.29592,32.44413],[-117.29652,32.44375],[-117.2961,32.44337],[-117.2961,32.44239],[-117.29588,32.44239],[-117.29565,32.44346],[-117.29499,32.44384],[-117.29476,32.44429],[-117.29452,32.44544],[-117.2945,32.44657],[-117.29465,32.44732],[-117.29499,32.44795],[-117.29565,32.44842],[-117.29654,32.44851]],[[-117.21033,32.44859],[-117.21075,32.44826],[-117.21075,32.44808],[-117.21046,32.4477],[-117.2101,32.44766],[-117.20984,32.44789],[-117.20977,32.44826],[-117.2101,32.44859],[-117.21033,32.44859]],[[-117.29588,32.44638],[-117.29632,32.44601],[-117.29632,32.44563],[-117.29588,32.44507],[-117.29565,32.44507],[-117.29521,32.44544],[-117.29521,32.44601],[-117.29565,32.44638],[-117.29588,32.44638]],[[-117.2961,32.4462],[-117.2961,32.4462]],[[-117.29543,32.4462],[-117.29543,32.4462]],[[-117.2981,32.44584],[-117.2981,32.44563],[-117.29788,32.44553],[-117.2981,32.44584]],[[-117.29543,32.44126],[-117.29499,32.44055],[-117.29499,32.43999],[-117.29387,32.43811],[-117.29387,32.43642],[-117.29409,32.43623],[-117.29409,32.43585],[-117.2932,32.43491],[-117.29343,32.43397],[-117.29387,32.43378],[-117.29391,32.43359],[-117.29349,32.43359],[-117.29298,32.4339],[-117.29209,32.43394],[-117.29164,32.43447],[-117.29148,32.4351],[-117.29153,32.43585],[-117.29186,32.43679],[-117.29365,32.43992],[-117.29454,32.44055],[-117.29499,32.44123],[-117.29543,32.44126]],[[-117.29454,32.44055],[-117.29454,32.44055]],[[-117.25934,32.42459],[-117.26023,32.42423],[-117.26067,32.42363],[-117.26041,32.4225],[-117.25925,32.42099],[-117.25933,32.42062],[-117.26001,32.42006],[-117.26001,32.41966],[-117.25934,32.41968],[-117.25889,32.41911],[-117.25823,32.41911],[-117.25778,32.4193],[-117.25711,32.41855],[-117.25711,32.41817],[-117.25733,32.41798],[-117.258,32.41798],[-117.25889,32.41742],[-117.25889,32.41592],[-117.25857,32.41592],[-117.25859,32.41704],[-117.25823,32.41755],[-117.25644,32.41753],[-117.2531,32.41469],[-117.25243,32.41369],[-117.25218,32.41272],[-117.25231,32.41178],[-117.25294,32.41084],[-117.25377,32.41025],[-117.25644,32.40904],[-117.258,32.40753],[-117.25859,32.40651],[-117.25889,32.40538],[-117.25886,32.40463],[-117.2585,32.40369],[-117.25778,32.40277],[-117.25689,32.40199],[-117.2531,32.39974],[-117.2515,32.39861],[-117.2502,32.3974],[-117.24709,32.3939],[-117.24597,32.39307],[-117.24441,32.39234],[-117.24308,32.39148],[-117.24285,32.39064],[-117.24258,32.39034],[-117.24196,32.39014],[-117.23995,32.39015],[-117.23996,32.39034],[-117.24152,32.39034],[-117.24174,32.39052],[-117.24218,32.39052],[-117.24241,32.39071],[-117.24241,32.39146],[-117.2433,32.39241],[-117.2433,32.39316],[-117.24374,32.39372],[-117.24419,32.39391],[-117.24419,32.39447],[-117.24459,32.39485],[-117.24508,32.39466],[-117.2453,32.39485],[-117.24597,32.39485],[-117.24664,32.3956],[-117.24664,32.39635],[-117.24619,32.39673],[-117.24575,32.39673],[-117.24486,32.39613],[-117.24486,32.39673],[-117.2453,32.3973],[-117.2453,32.39767],[-117.24597,32.39842],[-117.24597,32.3988],[-117.24575,32.39899],[-117.24597,32.39936],[-117.24575,32.39955],[-117.24575,32.40012],[-117.24597,32.4003],[-117.24575,32.40049],[-117.24575,32.40256],[-117.2453,32.40294],[-117.2453,32.40317],[-117.24642,32.40294],[-117.24686,32.40331],[-117.24686,32.40369],[-117.24664,32.40407],[-117.24686,32.40425],[-117.24686,32.40463],[-117.24642,32.40519],[-117.24597,32.40519],[-117.24526,32.40463],[-117.24486,32.40501],[-117.24486,32.40538],[-117.24575,32.40595],[-117.24575,32.40764],[-117.24597,32.40783],[-117.24575,32.4082],[-117.24623,32.40839],[-117.24664,32.40802],[-117.24731,32.40802],[-117.24838,32.40896],[-117.24865,32.40896],[-117.24909,32.40933],[-117.24909,32.41027],[-117.24931,32.41046],[-117.24931,32.41103],[-117.24954,32.41121],[-117.24954,32.41197],[-117.24998,32.41272],[-117.24976,32.41441],[-117.24998,32.41479],[-117.24998,32.41742],[-117.25132,32.41855],[-117.25176,32.42043],[-117.25132,32.42099],[-117.25065,32.42118],[-117.2502,32.42062],[-117.25025,32.42043],[-117.24931,32.42024],[-117.24909,32.42005],[-117.24842,32.42005],[-117.24798,32.41949],[-117.24798,32.41908],[-117.24731,32.41855],[-117.24731,32.41798],[-117.24597,32.41704],[-117.24508,32.41554],[-117.24464,32.41516],[-117.24374,32.41497],[-117.24263,32.41403],[-117.24263,32.41272],[-117.24196,32.41159],[-117.24174,32.41027],[-117.24152,32.41008],[-117.24152,32.40538],[-117.24085,32.40444],[-117.24085,32.40388],[-117.24063,32.40369],[-117.24063,32.40331],[-117.2404,32.40294],[-117.23973,32.40237],[-117.23973,32.39993],[-117.23907,32.39899],[-117.23907,32.39842],[-117.23884,32.39824],[-117.23884,32.39466],[-117.23862,32.39447],[-117.23862,32.3941],[-117.2384,32.39372],[-117.23862,32.39353],[-117.23862,32.39165],[-117.23884,32.39146],[-117.23884,32.39109],[-117.23951,32.39052],[-117.23951,32.39033],[-117.23907,32.39037],[-117.23848,32.3909],[-117.23817,32.39164],[-117.23773,32.392],[-117.23684,32.39211],[-117.23533,32.39316],[-117.23456,32.3941],[-117.23392,32.39541],[-117.23327,32.39824],[-117.23285,32.402],[-117.23298,32.40407],[-117.23365,32.40595],[-117.23422,32.4067],[-117.23511,32.40745],[-117.23929,32.40975],[-117.24095,32.4114],[-117.24129,32.41235],[-117.24202,32.41272],[-117.24311,32.42062],[-117.24373,32.42212],[-117.24464,32.42311],[-117.24597,32.42378],[-117.2482,32.4242],[-117.25733,32.4247],[-117.25934,32.42459]],[[-117.25533,32.42457],[-117.25533,32.42457]],[[-117.24352,32.42175],[-117.24352,32.42175]],[[-117.24619,32.42118],[-117.24686,32.42043],[-117.24731,32.42043],[-117.24753,32.42062],[-117.24798,32.42024],[-117.24731,32.41986],[-117.24731,32.41911],[-117.24709,32.41892],[-117.24686,32.41892],[-117.24619,32.41968],[-117.24597,32.41968],[-117.2453,32.42024],[-117.2453,32.42081],[-117.24575,32.42118],[-117.24619,32.42118]],[[-117.2511,32.42099],[-117.2511,32.42099]],[[-117.24642,32.42099],[-117.24642,32.42099]],[[-117.24553,32.42099],[-117.24553,32.42099]],[[-117.25154,32.42062],[-117.25154,32.42062]],[[-117.24664,32.42062],[-117.24664,32.42062]],[[-117.24775,32.42043],[-117.24775,32.42043]],[[-117.24731,32.42043],[-117.24731,32.42043]],[[-117.24686,32.42043],[-117.24686,32.42043]],[[-117.25154,32.41986],[-117.25154,32.41986]],[[-117.25823,32.41911],[-117.25823,32.41911]],[[-117.25132,32.41892],[-117.25132,32.41892]],[[-117.2511,32.41836],[-117.2511,32.41836]],[[-117.25087,32.41817],[-117.25087,32.41817]],[[-117.25065,32.41798],[-117.25065,32.41798]],[[-117.25043,32.4178],[-117.25043,32.4178]],[[-117.2502,32.41761],[-117.2502,32.41761]],[[-117.24998,32.41742],[-117.24998,32.41742]],[[-117.24976,32.4146],[-117.24976,32.4146]],[[-117.24976,32.41366],[-117.24976,32.41366]],[[-117.24976,32.41253],[-117.24976,32.41253]],[[-117.24954,32.41197],[-117.24954,32.41197]],[[-117.24931,32.41103],[-117.24931,32.41103]],[[-117.24909,32.41027],[-117.24909,32.41027]],[[-117.25555,32.40952],[-117.25555,32.40952]],[[-117.24887,32.40914],[-117.24887,32.40914]],[[-117.24798,32.40858],[-117.24798,32.40858]],[[-117.24775,32.40839],[-117.24775,32.40839]],[[-117.24597,32.40839],[-117.24597,32.40839]],[[-117.24753,32.4082],[-117.24753,32.4082]],[[-117.24575,32.4082],[-117.24575,32.4082]],[[-117.24575,32.40802],[-117.24575,32.40802]],[[-117.23572,32.40783],[-117.23572,32.40783]],[[-117.24575,32.40764],[-117.24575,32.40764]],[[-117.24686,32.40745],[-117.24753,32.40708],[-117.24753,32.4067],[-117.24731,32.40651],[-117.24731,32.40576],[-117.24709,32.40557],[-117.24664,32.40557],[-117.24642,32.40576],[-117.24642,32.40651],[-117.24664,32.4067],[-117.24664,32.40726],[-117.24686,32.40745]],[[-117.24709,32.40726],[-117.24709,32.40726]],[[-117.24664,32.4067],[-117.24664,32.4067]],[[-117.24553,32.40576],[-117.24553,32.40576]],[[-117.24508,32.40557],[-117.24508,32.40557]],[[-117.24486,32.40538],[-117.24486,32.40538]],[[-117.24753,32.40538],[-117.24842,32.40463],[-117.24842,32.4035],[-117.24753,32.40237],[-117.24753,32.402],[-117.24731,32.40181],[-117.24731,32.4003],[-117.24686,32.39974],[-117.24664,32.39993],[-117.24664,32.40049],[-117.24642,32.40068],[-117.24664,32.40087],[-117.24664,32.40143],[-117.24642,32.40162],[-117.24664,32.402],[-117.24642,32.40237],[-117.24664,32.40275],[-117.24753,32.40331],[-117.24753,32.40369],[-117.24731,32.40407],[-117.24753,32.40425],[-117.24753,32.40482],[-117.24709,32.40519],[-117.24753,32.40538]],[[-117.24775,32.40519],[-117.24775,32.40519]],[[-117.24798,32.40501],[-117.24798,32.40501]],[[-117.24486,32.40501],[-117.24486,32.40501]],[[-117.2482,32.40482],[-117.2482,32.40482]],[[-117.24664,32.40482],[-117.24664,32.40482]],[[-117.23795,32.40444],[-117.23862,32.40365],[-117.23907,32.40388],[-117.23951,32.40388],[-117.23973,32.40369],[-117.23973,32.40313],[-117.23907,32.4026],[-117.23907,32.40237],[-117.23884,32.40219],[-117.23884,32.40181],[-117.23907,32.40162],[-117.23884,32.40125],[-117.2384,32.40143],[-117.2384,32.40275],[-117.23862,32.40294],[-117.23862,32.40336],[-117.2384,32.40313],[-117.23773,32.40294],[-117.23706,32.4035],[-117.23706,32.40425],[-117.23728,32.40444],[-117.23795,32.40444]],[[-117.24753,32.40425],[-117.24753,32.40425]],[[-117.24664,32.40407],[-117.24664,32.40407]],[[-117.23817,32.40407],[-117.23817,32.40407]],[[-117.24664,32.40388],[-117.24664,32.40388]],[[-117.2384,32.40388],[-117.2384,32.40388]],[[-117.23884,32.40369],[-117.23884,32.40369]],[[-117.24753,32.40331],[-117.24753,32.40331]],[[-117.24664,32.40313],[-117.24664,32.40313]],[[-117.24731,32.40313],[-117.24731,32.40313]],[[-117.24686,32.40294],[-117.24686,32.40294]],[[-117.2453,32.40294],[-117.2453,32.40294]],[[-117.23862,32.40294],[-117.23862,32.40294]],[[-117.24553,32.40275],[-117.24553,32.40275]],[[-117.24664,32.40256],[-117.24664,32.40256]],[[-117.24664,32.40181],[-117.24664,32.40181]],[[-117.23884,32.40181],[-117.23884,32.40181]],[[-117.24664,32.40087],[-117.24664,32.40087]],[[-117.24575,32.40049],[-117.24575,32.40049]],[[-117.23862,32.40049],[-117.23907,32.39993],[-117.23884,32.39974],[-117.2384,32.39993],[-117.2384,32.4003],[-117.23862,32.40049]],[[-117.24575,32.40012],[-117.24575,32.40012]],[[-117.23884,32.40012],[-117.23884,32.40012]],[[-117.24575,32.39955],[-117.24575,32.39955]],[[-117.24575,32.39918],[-117.24575,32.39918]],[[-117.24575,32.39899],[-117.24575,32.39899]],[[-117.24575,32.39824],[-117.24575,32.39824]],[[-117.24553,32.39786],[-117.24553,32.39786]],[[-117.2453,32.39767],[-117.2453,32.39767]],[[-117.24508,32.39711],[-117.24508,32.39711]],[[-117.24486,32.39673],[-117.24486,32.39673]],[[-117.23795,32.39692],[-117.23817,32.39673],[-117.23817,32.39598],[-117.2384,32.39579],[-117.23817,32.39541],[-117.23817,32.39504],[-117.23795,32.39485],[-117.23706,32.39485],[-117.23661,32.39523],[-117.23661,32.39635],[-117.23795,32.39692]],[[-117.23751,32.39673],[-117.23751,32.39673]],[[-117.24642,32.39654],[-117.24642,32.39654]],[[-117.23706,32.39654],[-117.23706,32.39654]],[[-117.23817,32.39598],[-117.23817,32.39598]],[[-117.24642,32.39541],[-117.24642,32.39541]],[[-117.24619,32.39504],[-117.24619,32.39504]],[[-117.2453,32.39485],[-117.2453,32.39485]],[[-117.24419,32.39447],[-117.24419,32.39447]],[[-117.24374,32.39372],[-117.24374,32.39372]],[[-117.24352,32.39353],[-117.24352,32.39353]],[[-117.2433,32.39316],[-117.2433,32.39316]],[[-117.24308,32.39222],[-117.24308,32.39222]],[[-117.24285,32.39203],[-117.24285,32.39203]],[[-117.24263,32.39184],[-117.24263,32.39184]],[[-117.24241,32.39146],[-117.24241,32.39146]],[[-117.24174,32.39052],[-117.24174,32.39052]],[[-117.23996,32.39034],[-117.23996,32.39034]]]},"properties":{"depth_m":10}},{"type":"Feature","geometry":{"type":"MultiLineString","coordinates":[[[-117.30234,32.45416],[-117.30323,32.4537],[-117.30419,32.45278],[-117.30576,32.45015],[-117.30532,32.44977],[-117.29989,32.44928],[-117.299,32.449],[-117.29836,32.44845],[-117.29771,32.44714],[-117.29763,32.44638],[-117.2981,32.44612],[-117.299,32.44607],[-117.29902,32.44582],[-117.29833,32.44582],[-117.29766,32.4453],[-117.29721,32.44565],[-117.29699,32.44554],[-117.29679,32.44488],[-117.29721,32.4447],[-117.29721,32.4445],[-117.2961,32.44337],[-117.2961,32.44168],[-117.29521,32.44093],[-117.29499,32.44055],[-117.29499,32.43999],[-117.29387,32.43811],[-117.29387,32.43642],[-117.29409,32.43623],[-117.29409,32.43585],[-117.29343,32.43529],[-117.2932,32.43491],[-117.2932,32.43454],[-117.29343,32.43435],[-117.29343,32.43397],[-117.29408,32.43359],[-117.29387,32.43342],[-117.29276,32.43326],[-117.29209,32.43336],[-117.29155,32.43378],[-117.2912,32.43435],[-117.29107,32.43566],[-117.29145,32.43679],[-117.29398,32.44131],[-117.29429,32.44225],[-117.29442,32.44337],[-117.29411,32.44695],[-117.29433,32.44845],[-117.29499,32.44918],[-117.29712,32.45015],[-117.29855,32.45238],[-117.29989,32.45361],[-117.301,32.45417],[-117.30189,32.45428],[-117.30234,32.45416]],[[-117.30434,32.45259],[-117.30434,32.45259]],[[-117.29588,32.44958],[-117.29588,32.44958]],[[-117.29543,32.44939],[-117.29543,32.44939]],[[-117.21077,32.44868],[-117.21118,32.44826],[-117.21119,32.44789],[-117.21077,32.4475],[-117.2101,32.44742],[-117.20966,32.44785],[-117.20966,32.44836],[-117.2101,32.44881],[-117.21077,32.44868]],[[-117.29588,32.44638],[-117.29632,32.44601],[-117.29632,32.44563],[-117.29588,32.44507],[-117.29565,32.44507],[-117.29521,32.44544],[-117.29521,32.44601],[-117.29565,32.44638],[-117.29588,32.44638]],[[-117.2961,32.4462],[-117.2961,32.4462]],[[-117.29543,32.4462],[-117.29543,32.4462]],[[-117.30011,32.44592],[-117.30021,32.44563],[-117.29989,32.44582],[-117.29989,32.44597],[-117.30011,32.44592]],[[-117.29989,32.44582],[-117.29989,32.44582]],[[-117.30011,32.44563],[-117.30011,32.44563]],[[-117.29387,32.44112],[-117.29387,32.44112]],[[-117.26045,32.42646],[-117.26201,32.42617],[-117.2629,32.42575],[-117.2629,32.42551],[-117.26246,32.42494],[-117.26246,32.42438],[-117.26268,32.42419],[-117.26246,32.42381],[-117.26246,32.42344],[-117.2629,32.42306],[-117.26329,32.42325],[-117.26329,32.42306],[-117.26068,32.42049],[-117.26059,32.42024],[-117.26001,32.41986],[-117.26001,32.41964],[-117.25934,32.41968],[-117.25889,32.41911],[-117.25823,32.41911],[-117.25778,32.4193],[-117.25711,32.41855],[-117.25711,32.41817],[-117.25733,32.41798],[-117.258,32.41798],[-117.2585,32.4178],[-117.25889,32.41742],[-117.25889,32.41592],[-117.25867,32.41573],[-117.25867,32.41497],[-117.25912,32.4146],[-117.25934,32.4146],[-117.25938,32.41441],[-117.25906,32.41441],[-117.25845,32.41508],[-117.25834,32.41704],[-117.258,32.41732],[-117.25756,32.41724],[-117.25731,32.41704],[-117.25689,32.41609],[-117.25466,32.41366],[-117.25409,32.41272],[-117.25422,32.41212],[-117.25622,32.4107],[-117.25733,32.40964],[-117.25823,32.40852],[-117.25896,32.40726],[-117.25939,32.40614],[-117.25953,32.40501],[-117.25934,32.40405],[-117.25871,32.40294],[-117.25689,32.40113],[-117.25176,32.39767],[-117.24709,32.3929],[-117.24464,32.39124],[-117.24357,32.3909],[-117.24285,32.39007],[-117.24196,32.38985],[-117.23929,32.38986],[-117.23684,32.39061],[-117.23506,32.39152],[-117.23394,32.39255],[-117.23317,32.39372],[-117.23256,32.39523],[-117.23198,32.3973],[-117.23137,32.39993],[-117.23113,32.40181],[-117.23115,32.40425],[-117.23139,32.40595],[-117.23192,32.40726],[-117.23283,32.40828],[-117.23394,32.40896],[-117.23773,32.41052],[-117.23884,32.41135],[-117.23966,32.41234],[-117.24038,32.41366],[-117.24103,32.41535],[-117.24227,32.42118],[-117.24311,32.42306],[-117.24374,32.42377],[-117.24464,32.42438],[-117.24709,32.42516],[-117.24954,32.42548],[-117.25422,32.42577],[-117.25845,32.42646],[-117.26045,32.42646]],[[-117.26313,32.42325],[-117.26313,32.42325]],[[-117.25087,32.42118],[-117.25154,32.42081],[-117.25176,32.42043],[-117.25176,32.42005],[-117.25154,32.41986],[-117.25154,32.41911],[-117.25132,32.41892],[-117.25132,32.41855],[-117.24998,32.41742],[-117.24998,32.41479],[-117.24976,32.41441],[-117.24998,32.41272],[-117.24954,32.41197],[-117.24954,32.41121],[-117.24931,32.41103],[-117.24931,32.41046],[-117.24909,32.41027],[-117.24909,32.40933],[-117.24865,32.40896],[-117.24836,32.40896],[-117.24731,32.40802],[-117.24664,32.40802],[-117.24626,32.40839],[-117.24575,32.4082],[-117.24597,32.40783],[-117.24575,32.40764],[-117.24575,32.40595],[-117.24486,32.40538],[-117.24486,32.40501],[-117.24524,32.40463],[-117.24597,32.40519],[-117.24642,32.40519],[-117.24686,32.40463],[-117.24686,32.40425],[-117.24664,32.40388],[-117.24686,32.40369],[-117.24686,32.40331],[-117.24642,32.40294],[-117.2453,32.40319],[-117.2453,32.40294],[-117.24575,32.40256],[-117.24575,32.40049],[-117.24597,32.4003],[-117.24575,32.40012],[-117.24575,32.39955],[-117.24597,32.39936],[-117.24575,32.39899],[-117.24597,32.3988],[-117.24597,32.39842],[-117.2453,32.39767],[-117.2453,32.3973],[-117.24486,32.39673],[-117.24486,32.39611],[-117.24575,32.39673],[-117.24619,32.39673],[-117.24664,32.39635],[-117.24664,32.3956],[-117.24597,32.39485],[-117.2453,32.39485],[-117.24508,32.39466],[-117.24457,32.39485],[-117.24419,32.39447],[-117.24419,32.39391],[-117.24374,32.39372],[-117.2433,32.39316],[-117.2433,32.39241],[-117.24241,32.39146],[-117.24241,32.39071],[-117.24218,32.39052],[-117.24174,32.39052],[-117.24152,32.39034],[-117.23996,32.39034],[-117.23973,32.39015],[-117.23884,32.39109],[-117.23884,32.39146],[-117.23862,32.39165],[-117.23862,32.39353],[-117.2384,32.39391],[-117.23884,32.39466],[-117.23884,32.39824],[-117.23907,32.39842],[-117.23907,32.39899],[-117.23973,32.39993],[-117.23973,32.40237],[-117.24063,32.40331],[-117.24063,32.40369],[-117.24085,32.40388],[-117.24085,32.40444],[-117.24152,32.40538],[-117.24152,32.41008],[-117.24174,32.41027],[-117.24196,32.41159],[-117.24263,32.41272],[-117.24263,32.41403],[-117.24374,32.41497],[-117.24464,32.41516],[-117.24508,32.41554],[-117.24597,32.41704],[-117.24731,32.41798],[-117.24731,32.41855],[-117.24798,32.41905],[-117.24798,32.41949],[-117.2482,32.41986],[-117.24842,32.42005],[-117.24909,32.42005],[-117.24931,32.42024],[-117.25028,32.42043],[-117.2502,32.42062],[-117.25043,32.42099],[-117.25087,32.42118]],[[-117.24619,32.42118],[-117.24686,32.42043],[-117.24731,32.42043],[-117.24753,32.42062],[-117.24798,32.42024],[-117.24731,32.41986],[-117.24731,32.41911],[-117.24709,32.41892],[-117.24686,32.41892],[-117.24642,32.4193],[-117.24642,32.41949],[-117.2453,32.42024],[-117.2453,32.42081],[-117.24575,32.42118],[-117.24619,32.42118]],[[-117.2511,32.42099],[-117.2511,32.42099]],[[-117.24642,32.42099],[-117.24642,32.42099]],[[-117.24553,32.42099],[-117.24553,32.42099]],[[-117.25043,32.42081],[-117.25043,32.42081]],[[-117.25154,32.42062],[-117.25154,32.42062]],[[-117.24664,32.42062],[-117.24664,32.42062]],[[-117.24775,32.42043],[-117.24775,32.42043]],[[-117.24731,32.42043],[-117.24731,32.42043]],[[-117.24686,32.42043],[-117.24686,32.42043]],[[-117.24976,32.42024],[-117.24976,32.42024]],[[-117.24909,32.42005],[-117.24909,32.42005]],[[-117.2482,32.41968],[-117.2482,32.41968]],[[-117.25823,32.41911],[-117.25823,32.41911]],[[-117.24753,32.41874],[-117.24753,32.41874]],[[-117.24731,32.41798],[-117.24731,32.41798]],[[-117.24664,32.41742],[-117.24664,32.41742]],[[-117.24619,32.41723],[-117.24619,32.41723]],[[-117.24597,32.41686],[-117.24597,32.41686]],[[-117.24575,32.41648],[-117.24575,32.41648]],[[-117.24553,32.41629],[-117.24553,32.41629]],[[-117.2453,32.41592],[-117.2453,32.41592]],[[-117.26068,32.41554],[-117.26068,32.41532],[-117.26068,32.41554]],[[-117.24508,32.41554],[-117.24508,32.41554]],[[-117.24486,32.41535],[-117.24486,32.41535]],[[-117.24464,32.41516],[-117.24464,32.41516]],[[-117.24397,32.41497],[-117.24397,32.41497]],[[-117.24352,32.41479],[-117.24352,32.41479]],[[-117.2433,32.4146],[-117.2433,32.4146]],[[-117.24308,32.41441],[-117.24308,32.41441]],[[-117.24285,32.41422],[-117.24285,32.41422]],[[-117.24976,32.41366],[-117.24976,32.41366]],[[-117.24263,32.41272],[-117.24263,32.41272]],[[-117.24241,32.41215],[-117.24241,32.41215]],[[-117.24218,32.41178],[-117.24218,32.41178]],[[-117.24196,32.41103],[-117.24196,32.41103]],[[-117.23795,32.41065],[-117.23795,32.41065]],[[-117.24174,32.41027],[-117.24174,32.41027]],[[-117.23684,32.41008],[-117.23684,32.41008]],[[-117.24575,32.40802],[-117.24575,32.40802]],[[-117.24686,32.40745],[-117.24753,32.40708],[-117.24753,32.4067],[-117.24731,32.40651],[-117.24731,32.40576],[-117.24709,32.40557],[-117.24664,32.40557],[-117.24642,32.40576],[-117.24642,32.40651],[-117.24664,32.4067],[-117.24664,32.40726],[-117.24686,32.40745]],[[-117.24709,32.40726],[-117.24709,32.40726]],[[-117.24664,32.4067],[-117.24664,32.4067]],[[-117.25934,32.40632],[-117.25934,32.40632]],[[-117.24753,32.40538],[-117.24842,32.40463],[-117.24842,32.4035],[-117.24753,32.40237],[-117.24753,32.402],[-117.24731,32.40181],[-117.24731,32.4003],[-117.24686,32.39974],[-117.24664,32.39993],[-117.24664,32.40049],[-117.24642,32.40068],[-117.24664,32.40087],[-117.24664,32.40125],[-117.24642,32.40162],[-117.24664,32.40181],[-117.24664,32.40219],[-117.24642,32.40237],[-117.24664,32.40275],[-117.24753,32.40331],[-117.24753,32.40369],[-117.24731,32.40407],[-117.24753,32.40425],[-117.24753,32.40482],[-117.24709,32.40519],[-117.24753,32.40538]],[[-117.24152,32.40538],[-117.24152,32.40538]],[[-117.24775,32.40519],[-117.24775,32.40519]],[[-117.24798,32.40501],[-117.24798,32.40501]],[[-117.24575,32.40501],[-117.24575,32.40501]],[[-117.24486,32.40501],[-117.24486,32.40501]],[[-117.24129,32.40501],[-117.24129,32.40501]],[[-117.2482,32.40482],[-117.2482,32.40482]],[[-117.24664,32.40482],[-117.24664,32.40482]],[[-117.24553,32.40482],[-117.24553,32.40482]],[[-117.2453,32.40463],[-117.2453,32.40463]],[[-117.24107,32.40463],[-117.24107,32.40463]],[[-117.23795,32.40444],[-117.23862,32.40363],[-117.23907,32.40388],[-117.23951,32.40388],[-117.23973,32.40369],[-117.23973,32.40313],[-117.23907,32.40262],[-117.23907,32.40237],[-117.23884,32.40219],[-117.23884,32.40181],[-117.23907,32.40162],[-117.23884,32.40125],[-117.2384,32.40143],[-117.2384,32.40275],[-117.23869,32.40313],[-117.23862,32.40338],[-117.2384,32.40313],[-117.23773,32.40294],[-117.23706,32.4035],[-117.23706,32.40425],[-117.23728,32.40444],[-117.23795,32.40444]],[[-117.24753,32.40425],[-117.24753,32.40425]],[[-117.23817,32.40407],[-117.23817,32.40407]],[[-117.24664,32.40388],[-117.24664,32.40388]],[[-117.24085,32.40388],[-117.24085,32.40388]],[[-117.2384,32.40388],[-117.2384,32.40388]],[[-117.23884,32.40369],[-117.23884,32.40369]],[[-117.24753,32.40331],[-117.24753,32.40331]],[[-117.24063,32.40331],[-117.24063,32.40331]],[[-117.24731,32.40313],[-117.24731,32.40313]],[[-117.24686,32.40294],[-117.24686,32.40294]],[[-117.2453,32.40294],[-117.2453,32.40294]],[[-117.2404,32.40294],[-117.2404,32.40294]],[[-117.23862,32.40294],[-117.23862,32.40294]],[[-117.24553,32.40275],[-117.24553,32.40275]],[[-117.24018,32.40275],[-117.24018,32.40275]],[[-117.24664,32.40256],[-117.24664,32.40256]],[[-117.23996,32.40256],[-117.23996,32.40256]],[[-117.24664,32.40181],[-117.24664,32.40181]],[[-117.23884,32.40181],[-117.23884,32.40181]],[[-117.24664,32.40087],[-117.24664,32.40087]],[[-117.24575,32.40049],[-117.24575,32.40049]],[[-117.23862,32.40049],[-117.23907,32.39993],[-117.23884,32.39974],[-117.2384,32.39993],[-117.2384,32.4003],[-117.23862,32.40049]],[[-117.23884,32.40012],[-117.23884,32.40012]],[[-117.23973,32.39993],[-117.23973,32.39993]],[[-117.24575,32.39955],[-117.24575,32.39955]],[[-117.23951,32.39955],[-117.23951,32.39955]],[[-117.23929,32.39918],[-117.23929,32.39918]],[[-117.24575,32.39899],[-117.24575,32.39899]],[[-117.23907,32.39842],[-117.23907,32.39842]],[[-117.23795,32.39692],[-117.23817,32.39673],[-117.23817,32.39598],[-117.2384,32.39579],[-117.23817,32.39541],[-117.23817,32.39504],[-117.23795,32.39485],[-117.23706,32.39485],[-117.23661,32.39523],[-117.23661,32.39635],[-117.23795,32.39692]],[[-117.23751,32.39673],[-117.23751,32.39673]],[[-117.24642,32.39654],[-117.24642,32.39654]],[[-117.24553,32.39654],[-117.24553,32.39654]],[[-117.23706,32.39654],[-117.23706,32.39654]],[[-117.2453,32.39635],[-117.2453,32.39635]],[[-117.24508,32.39617],[-117.24508,32.39617]],[[-117.23817,32.39598],[-117.23817,32.39598]],[[-117.23238,32.39579],[-117.23238,32.39579]],[[-117.23884,32.39466],[-117.23884,32.39466]],[[-117.23862,32.3941],[-117.23862,32.3941]]]},"properties":{"depth_m":15}},{"type":"Feature","geometry":{"type":"MultiLineString","coordinates":[[[-117.30482,32.45805],[-117.30641,32.45504],[-117.30724,32.45248],[-117.30771,32.44996],[-117.307,32.44958],[-117.30301,32.44935],[-117.30078,32.44905],[-117.29966,32.44866],[-117.29888,32.44808],[-117.29811,32.44714],[-117.29797,32.44657],[-117.29833,32.44628],[-117.29922,32.44601],[-117.29905,32.44582],[-117.29833,32.44582],[-117.29766,32.44526],[-117.2974,32.44469],[-117.2961,32.44337],[-117.2961,32.44168],[-117.29521,32.44093],[-117.29499,32.44055],[-117.29499,32.43999],[-117.29387,32.43811],[-117.29387,32.43642],[-117.29409,32.43623],[-117.29409,32.43585],[-117.29343,32.43529],[-117.2932,32.43491],[-117.2932,32.43454],[-117.29365,32.43378],[-117.29409,32.43359],[-117.2948,32.43359],[-117.29298,32.43286],[-117.29253,32.43282],[-117.29164,32.43317],[-117.29105,32.43378],[-117.29073,32.43454],[-117.29068,32.43548],[-117.29109,32.43679],[-117.2931,32.44037],[-117.29393,32.44243],[-117.29401,32.44432],[-117.2936,32.44808],[-117.29328,32.44958],[-117.2938,32.45015],[-117.29376,32.45259],[-117.29414,32.45522],[-117.29458,32.45673],[-117.29522,32.45805]],[[-117.29343,32.44977],[-117.29343,32.44977]],[[-117.21033,32.44902],[-117.2111,32.44883],[-117.2117,32.44826],[-117.21163,32.4477],[-117.21122,32.44732],[-117.2101,32.4472],[-117.20957,32.4477],[-117.20958,32.44845],[-117.2101,32.44902],[-117.21033,32.44902]],[[-117.2101,32.44902],[-117.2101,32.44902]],[[-117.20988,32.44883],[-117.20988,32.44883]],[[-117.29989,32.44627],[-117.30033,32.44585],[-117.30039,32.44544],[-117.29966,32.44601],[-117.29989,32.44627]],[[-117.29588,32.44638],[-117.29632,32.44601],[-117.29632,32.44563],[-117.29588,32.44507],[-117.29565,32.44507],[-117.29521,32.44544],[-117.29521,32.44601],[-117.29565,32.44638],[-117.29588,32.44638]],[[-117.29855,32.4462],[-117.29855,32.4462]],[[-117.2961,32.4462],[-117.2961,32.4462]],[[-117.29543,32.4462],[-117.29543,32.4462]],[[-117.29966,32.44601],[-117.29966,32.44601]],[[-117.29989,32.44582],[-117.29989,32.44582]],[[-117.30011,32.44563],[-117.30011,32.44563]],[[-117.30033,32.44544],[-117.30033,32.44544]],[[-117.2609,32.42779],[-117.26313,32.42735],[-117.26447,32.42682],[-117.26535,32.42598],[-117.26564,32.42475],[-117.26543,32.42381],[-117.26485,32.42287],[-117.26157,32.41999],[-117.26134,32.41944],[-117.2609,32.41968],[-117.2609,32.41986],[-117.26045,32.42024],[-117.26001,32.41986],[-117.26001,32.41961],[-117.25934,32.41968],[-117.25889,32.41911],[-117.25823,32.41911],[-117.25778,32.4193],[-117.25711,32.41855],[-117.25711,32.41817],[-117.25733,32.41798],[-117.258,32.41798],[-117.25823,32.4178],[-117.25853,32.4178],[-117.25889,32.41742],[-117.25889,32.41592],[-117.25867,32.41573],[-117.25867,32.41497],[-117.25912,32.4146],[-117.25968,32.41441],[-117.25934,32.41428],[-117.25864,32.41441],[-117.25834,32.41479],[-117.25817,32.41573],[-117.258,32.41593],[-117.25778,32.41593],[-117.25742,32.41535],[-117.25678,32.41309],[-117.25706,32.41178],[-117.25912,32.4082],[-117.25989,32.40614],[-117.25995,32.40444],[-117.25962,32.4035],[-117.25912,32.4027],[-117.25823,32.40163],[-117.25689,32.4004],[-117.25199,32.39692],[-117.24865,32.39342],[-117.24686,32.39181],[-117.24464,32.3902],[-117.24229,32.38883],[-117.24107,32.38838],[-117.23951,32.38836],[-117.23572,32.38936],[-117.23394,32.39026],[-117.23283,32.39131],[-117.23181,32.39297],[-117.22932,32.40049],[-117.22873,32.40726],[-117.22889,32.40858],[-117.2294,32.40971],[-117.22993,32.41021],[-117.2306,32.41053],[-117.23595,32.41145],[-117.23728,32.41195],[-117.238,32.41253],[-117.23915,32.41422],[-117.24007,32.41629],[-117.24065,32.41817],[-117.24149,32.42193],[-117.24196,32.42323],[-117.24271,32.42438],[-117.24374,32.42521],[-117.24553,32.42589],[-117.24887,32.42656],[-117.25422,32.42694],[-117.25845,32.42787],[-117.2609,32.42779]],[[-117.26335,32.42607],[-117.2638,32.42551],[-117.26357,32.42513],[-117.26402,32.42438],[-117.2629,32.42306],[-117.26246,32.42344],[-117.26246,32.42381],[-117.26268,32.42419],[-117.26246,32.42438],[-117.26246,32.42494],[-117.2629,32.4257],[-117.26335,32.42607]],[[-117.26313,32.42588],[-117.26313,32.42588]],[[-117.26357,32.4257],[-117.26357,32.4257]],[[-117.2629,32.42551],[-117.2629,32.42551]],[[-117.26357,32.42513],[-117.26357,32.42513]],[[-117.26268,32.42513],[-117.26268,32.42513]],[[-117.2638,32.42475],[-117.2638,32.42475]],[[-117.26268,32.424],[-117.26268,32.424]],[[-117.25087,32.42118],[-117.25154,32.42081],[-117.25176,32.42043],[-117.25176,32.42005],[-117.25154,32.41986],[-117.25154,32.41911],[-117.25132,32.41892],[-117.25132,32.41855],[-117.24998,32.41742],[-117.24998,32.41479],[-117.24976,32.41441],[-117.24998,32.41272],[-117.24954,32.41197],[-117.24954,32.41121],[-117.24931,32.41103],[-117.24931,32.41046],[-117.24909,32.41027],[-117.249,32.4099],[-117.24909,32.40933],[-117.24865,32.40896],[-117.24833,32.40896],[-117.24731,32.40802],[-117.24664,32.40802],[-117.24628,32.40839],[-117.24597,32.40839],[-117.24575,32.4082],[-117.24597,32.40783],[-117.24575,32.40764],[-117.24575,32.40595],[-117.24486,32.40538],[-117.24486,32.40501],[-117.24521,32.40463],[-117.24597,32.40519],[-117.24642,32.40519],[-117.24686,32.40463],[-117.24686,32.40425],[-117.24664,32.40388],[-117.24686,32.40369],[-117.24686,32.40331],[-117.24642,32.40294],[-117.24597,32.40294],[-117.2453,32.40321],[-117.2453,32.40294],[-117.24575,32.40256],[-117.24575,32.40049],[-117.24597,32.4003],[-117.24575,32.40012],[-117.24575,32.39955],[-117.24597,32.39936],[-117.24575,32.39899],[-117.24597,32.3988],[-117.24597,32.39842],[-117.2453,32.39767],[-117.2453,32.3973],[-117.24486,32.39673],[-117.24486,32.39609],[-117.24575,32.39673],[-117.24619,32.39673],[-117.24664,32.39635],[-117.24664,32.3956],[-117.24597,32.39485],[-117.2453,32.39485],[-117.24508,32.39466],[-117.24464,32.39485],[-117.24441,32.39474],[-117.24419,32.39447],[-117.24419,32.39391],[-117.24374,32.39372],[-117.2433,32.39316],[-117.2433,32.39241],[-117.24241,32.39146],[-117.24241,32.39071],[-117.24218,32.39052],[-117.24174,32.39052],[-117.24152,32.39034],[-117.23996,32.39034],[-117.23973,32.39015],[-117.23884,32.39109],[-117.23884,32.39146],[-117.23862,32.39165],[-117.23862,32.39353],[-117.2384,32.39391],[-117.23884,32.39466],[-117.23884,32.39824],[-117.23907,32.39842],[-117.23907,32.39899],[-117.23973,32.39993],[-117.23973,32.40237],[-117.24063,32.40331],[-117.24063,32.40369],[-117.24085,32.40388],[-117.24085,32.40444],[-117.24152,32.40538],[-117.24152,32.41008],[-117.24174,32.41027],[-117.24196,32.41159],[-117.24263,32.41272],[-117.24263,32.41403],[-117.24374,32.41497],[-117.24464,32.41516],[-117.24508,32.41554],[-117.24597,32.41704],[-117.24642,32.41742],[-117.24696,32.41761],[-117.24731,32.41798],[-117.24731,32.41855],[-117.24798,32.41903],[-117.24798,32.41949],[-117.2482,32.41986],[-117.24842,32.42005],[-117.24909,32.42005],[-117.24931,32.42024],[-117.2503,32.42043],[-117.2502,32.42062],[-117.25043,32.42099],[-117.25087,32.42118]],[[-117.24619,32.42118],[-117.24686,32.42043],[-117.24731,32.42043],[-117.24753,32.42062],[-117.24798,32.42024],[-117.24731,32.41986],[-117.24731,32.41911],[-117.24709,32.41892],[-117.24686,32.41892],[-117.24619,32.41968],[-117.24597,32.41968],[-117.2453,32.42024],[-117.2453,32.42081],[-117.24575,32.42118],[-117.24619,32.42118]],[[-117.2511,32.42099],[-117.2511,32.42099]],[[-117.24642,32.42099],[-117.24642,32.42099]],[[-117.24553,32.42099],[-117.24553,32.42099]],[[-117.25043,32.42081],[-117.25043,32.42081]],[[-117.25154,32.42062],[-117.25154,32.42062]],[[-117.24664,32.42062],[-117.24664,32.42062]],[[-117.24775,32.42043],[-117.24775,32.42043]],[[-117.24731,32.42043],[-117.24731,32.42043]],[[-117.24686,32.42043],[-117.24686,32.42043]],[[-117.24976,32.42024],[-117.24976,32.42024]],[[-117.26068,32.42005],[-117.26068,32.42005]],[[-117.24909,32.42005],[-117.24909,32.42005]],[[-117.2609,32.41968],[-117.2609,32.41968]],[[-117.2482,32.41968],[-117.2482,32.41968]],[[-117.26112,32.41949],[-117.26112,32.41949]],[[-117.25823,32.41911],[-117.25823,32.41911]],[[-117.24753,32.41874],[-117.24753,32.41874]],[[-117.24731,32.41798],[-117.24731,32.41798]],[[-117.24664,32.41742],[-117.24664,32.41742]],[[-117.24619,32.41723],[-117.24619,32.41723]],[[-117.24597,32.41686],[-117.24597,32.41686]],[[-117.24575,32.41648],[-117.24575,32.41648]],[[-117.26112,32.41616],[-117.26112,32.41574],[-117.2609,32.41556],[-117.2609,32.4161],[-117.26112,32.41616]],[[-117.2609,32.4161],[-117.2609,32.4161]],[[-117.24553,32.41629],[-117.24553,32.41629]],[[-117.2453,32.41592],[-117.2453,32.41592]],[[-117.26068,32.41554],[-117.26089,32.41554],[-117.26068,32.41521],[-117.26053,32.41535],[-117.26068,32.41554]],[[-117.24508,32.41554],[-117.24508,32.41554]],[[-117.24486,32.41535],[-117.24486,32.41535]],[[-117.24464,32.41516],[-117.24464,32.41516]],[[-117.26001,32.41479],[-117.26015,32.41479],[-117.26011,32.4146],[-117.25978,32.4145],[-117.26001,32.41479]],[[-117.24397,32.41497],[-117.24397,32.41497]],[[-117.25978,32.4146],[-117.25978,32.4146]],[[-117.24352,32.41479],[-117.24352,32.41479]],[[-117.2433,32.4146],[-117.2433,32.4146]],[[-117.24308,32.41441],[-117.24308,32.41441]],[[-117.24285,32.41422],[-117.24285,32.41422]],[[-117.24976,32.41366],[-117.24976,32.41366]],[[-117.24263,32.41272],[-117.24263,32.41272]],[[-117.24241,32.41215],[-117.24241,32.41215]],[[-117.24218,32.41178],[-117.24218,32.41178]],[[-117.24196,32.41103],[-117.24196,32.41103]],[[-117.23105,32.41065],[-117.23105,32.41065]],[[-117.24174,32.41027],[-117.24174,32.41027]],[[-117.25912,32.4082],[-117.25912,32.4082]],[[-117.24575,32.40802],[-117.24575,32.40802]],[[-117.24686,32.40745],[-117.24753,32.40708],[-117.24753,32.4067],[-117.24731,32.40651],[-117.24731,32.40576],[-117.24709,32.40557],[-117.24664,32.40557],[-117.24642,32.40576],[-117.24642,32.40651],[-117.24664,32.4067],[-117.24664,32.40726],[-117.24686,32.40745]],[[-117.24709,32.40726],[-117.24709,32.40726]],[[-117.24664,32.4067],[-117.24664,32.4067]],[[-117.24753,32.40538],[-117.24842,32.40463],[-117.24842,32.4035],[-117.24753,32.40237],[-117.24753,32.402],[-117.24731,32.40181],[-117.24731,32.4003],[-117.24686,32.39974],[-117.24664,32.39993],[-117.24664,32.40049],[-117.24642,32.40068],[-117.24664,32.40106],[-117.24664,32.40143],[-117.24642,32.40162],[-117.24664,32.40181],[-117.24664,32.40219],[-117.24642,32.40237],[-117.24664,32.40275],[-117.24753,32.40331],[-117.24753,32.40369],[-117.24731,32.40407],[-117.24753,32.40425],[-117.24753,32.40482],[-117.24709,32.40519],[-117.24753,32.40538]],[[-117.24152,32.40538],[-117.24152,32.40538]],[[-117.24775,32.40519],[-117.24775,32.40519]],[[-117.24798,32.40501],[-117.24798,32.40501]],[[-117.24575,32.40501],[-117.24575,32.40501]],[[-117.24486,32.40501],[-117.24486,32.40501]],[[-117.24129,32.40501],[-117.24129,32.40501]],[[-117.2482,32.40482],[-117.2482,32.40482]],[[-117.24664,32.40482],[-117.24664,32.40482]],[[-117.24553,32.40482],[-117.24553,32.40482]],[[-117.2453,32.40463],[-117.2453,32.40463]],[[-117.24107,32.40463],[-117.24107,32.40463]],[[-117.23795,32.40444],[-117.23862,32.40361],[-117.23907,32.40388],[-117.23951,32.40388],[-117.23973,32.40369],[-117.23973,32.40313],[-117.23907,32.40265],[-117.23907,32.40237],[-117.23884,32.40219],[-117.23884,32.40181],[-117.23907,32.40162],[-117.23884,32.40125],[-117.2384,32.40143],[-117.2384,32.40275],[-117.23872,32.40313],[-117.23862,32.4034],[-117.2384,32.40313],[-117.23773,32.40294],[-117.23706,32.4035],[-117.23706,32.40425],[-117.23728,32.40444],[-117.23795,32.40444]],[[-117.24753,32.40425],[-117.24753,32.40425]],[[-117.23817,32.40407],[-117.23817,32.40407]],[[-117.24664,32.40388],[-117.24664,32.40388]],[[-117.24085,32.40388],[-117.24085,32.40388]],[[-117.2384,32.40388],[-117.2384,32.40388]],[[-117.23884,32.40369],[-117.23884,32.40369]],[[-117.24753,32.40331],[-117.24753,32.40331]],[[-117.24063,32.40331],[-117.24063,32.40331]],[[-117.24731,32.40313],[-117.24731,32.40313]],[[-117.24686,32.40294],[-117.24686,32.40294]],[[-117.2453,32.40294],[-117.2453,32.40294]],[[-117.2404,32.40294],[-117.2404,32.40294]],[[-117.23862,32.40294],[-117.23862,32.40294]],[[-117.24553,32.40275],[-117.24553,32.40275]],[[-117.24018,32.40275],[-117.24018,32.40275]],[[-117.24664,32.40256],[-117.24664,32.40256]],[[-117.23996,32.40256],[-117.23996,32.40256]],[[-117.24664,32.40181],[-117.24664,32.40181]],[[-117.23884,32.40181],[-117.23884,32.40181]],[[-117.24664,32.40087],[-117.24664,32.40087]],[[-117.24575,32.40049],[-117.24575,32.40049]],[[-117.23862,32.40049],[-117.23907,32.39993],[-117.23884,32.39974],[-117.2384,32.39993],[-117.2384,32.4003],[-117.23862,32.40049]],[[-117.23884,32.40012],[-117.23884,32.40012]],[[-117.23973,32.39993],[-117.23973,32.39993]],[[-117.24575,32.39955],[-117.24575,32.39955]],[[-117.23951,32.39955],[-117.23951,32.39955]],[[-117.23929,32.39918],[-117.23929,32.39918]],[[-117.24575,32.39899],[-117.24575,32.39899]],[[-117.23907,32.39842],[-117.23907,32.39842]],[[-117.23795,32.39692],[-117.23817,32.39673],[-117.23817,32.39598],[-117.2384,32.39579],[-117.23817,32.39541],[-117.23817,32.39504],[-117.23795,32.39485],[-117.23706,32.39485],[-117.23661,32.39523],[-117.23661,32.39635],[-117.23795,32.39692]],[[-117.23751,32.39673],[-117.23751,32.39673]],[[-117.24642,32.39654],[-117.24642,32.39654]],[[-117.24553,32.39654],[-117.24553,32.39654]],[[-117.23706,32.39654],[-117.23706,32.39654]],[[-117.2453,32.39635],[-117.2453,32.39635]],[[-117.24508,32.39617],[-117.24508,32.39617]],[[-117.23817,32.39598],[-117.23817,32.39598]],[[-117.23884,32.39466],[-117.23884,32.39466]],[[-117.23862,32.3941],[-117.23862,32.3941]],[[-117.21727,32.36795],[-117.21812,32.36921],[-117.21946,32.3707],[-117.22057,32.37152],[-117.22147,32.37179],[-117.22236,32.37164],[-117.22347,32.37091],[-117.22458,32.36976],[-117.22597,32.36795]]]},"properties":{"depth_m":20}},{"type":"Feature","geometry":{"type":"MultiLineString","coordinates":[[[-117.30574,32.45805],[-117.30693,32.4556],[-117.30748,32.4541],[-117.30806,32.45184],[-117.30834,32.44996],[-117.30795,32.44958],[-117.30724,32.44936],[-117.30323,32.44916],[-117.301,32.44879],[-117.29966,32.44822],[-117.29845,32.44714],[-117.29828,32.44657],[-117.29922,32.4462],[-117.29922,32.44597],[-117.29908,32.44582],[-117.29833,32.44582],[-117.29766,32.44526],[-117.29744,32.44469],[-117.2961,32.44337],[-117.2961,32.44168],[-117.29521,32.44093],[-117.29499,32.44055],[-117.29499,32.43999],[-117.29387,32.43811],[-117.29387,32.43642],[-117.29409,32.43623],[-117.29409,32.43585],[-117.29343,32.43529],[-117.2932,32.43491],[-117.2932,32.43454],[-117.29343,32.43435],[-117.29343,32.43397],[-117.29409,32.43359],[-117.29552,32.43378],[-117.29276,32.43246],[-117.29187,32.43264],[-117.29106,32.43322],[-117.29055,32.43397],[-117.29032,32.43491],[-117.29042,32.43585],[-117.29075,32.43677],[-117.29261,32.43999],[-117.29331,32.44149],[-117.29364,32.44262],[-117.29375,32.44375],[-117.29344,32.44676],[-117.29291,32.44845],[-117.29209,32.44926],[-117.29017,32.44977],[-117.28997,32.44996],[-117.29012,32.4541],[-117.2906,32.45805]],[[-117.29031,32.45598],[-117.29031,32.45598]],[[-117.21055,32.44925],[-117.21166,32.44893],[-117.21221,32.44845],[-117.21225,32.4477],[-117.21166,32.44711],[-117.21099,32.44689],[-117.21033,32.4469],[-117.20988,32.44711],[-117.20943,32.44765],[-117.20937,32.44826],[-117.20966,32.4488],[-117.2101,32.44922],[-117.21055,32.44925]],[[-117.29989,32.44643],[-117.30055,32.44563],[-117.3007,32.44526],[-117.30056,32.44514],[-117.29966,32.44601],[-117.29965,32.44638],[-117.29989,32.44643]],[[-117.29588,32.44638],[-117.29632,32.44601],[-117.29632,32.44563],[-117.29588,32.44507],[-117.29565,32.44507],[-117.29521,32.44544],[-117.29521,32.44601],[-117.29565,32.44638],[-117.29588,32.44638]],[[-117.2961,32.4462],[-117.2961,32.4462]],[[-117.29543,32.4462],[-117.29543,32.4462]],[[-117.30033,32.44601],[-117.30033,32.44601]],[[-117.29966,32.44601],[-117.29966,32.44601]],[[-117.29989,32.44582],[-117.29989,32.44582]],[[-117.30011,32.44563],[-117.30011,32.44563]],[[-117.30033,32.44544],[-117.30033,32.44544]],[[-117.20654,32.44162],[-117.20654,32.44142],[-117.20632,32.44142],[-117.20632,32.44162],[-117.20654,32.44162]],[[-117.29053,32.43623],[-117.29053,32.43623]],[[-117.29565,32.43397],[-117.29565,32.43397]],[[-117.29499,32.43378],[-117.29499,32.43378]],[[-117.20364,32.43048],[-117.20381,32.42983],[-117.20364,32.4296]],[[-117.25889,32.42928],[-117.26045,32.42907],[-117.26335,32.4284],[-117.26513,32.42778],[-117.26628,32.42682],[-117.26663,32.42607],[-117.26673,32.42532],[-117.26648,32.42381],[-117.2658,32.42262],[-117.26496,32.42175],[-117.26157,32.41895],[-117.26045,32.42024],[-117.26001,32.41986],[-117.26001,32.41959],[-117.25934,32.41968],[-117.25889,32.41911],[-117.25823,32.41911],[-117.25778,32.4193],[-117.25711,32.41855],[-117.25711,32.41817],[-117.25733,32.41798],[-117.258,32.41798],[-117.25823,32.4178],[-117.25856,32.4178],[-117.25889,32.41742],[-117.25889,32.41592],[-117.25867,32.41573],[-117.25867,32.41497],[-117.25912,32.4146],[-117.25956,32.41441],[-117.26045,32.41516],[-117.26045,32.41535],[-117.2609,32.41573],[-117.2609,32.4161],[-117.26112,32.41626],[-117.26128,32.4161],[-117.26112,32.41556],[-117.26001,32.41437],[-117.25956,32.41419],[-117.25845,32.41412],[-117.25807,32.41385],[-117.25801,32.41347],[-117.25798,32.41253],[-117.25817,32.41159],[-117.25978,32.40787],[-117.26035,32.40595],[-117.26037,32.40444],[-117.25978,32.40301],[-117.25867,32.4015],[-117.25733,32.40014],[-117.25251,32.39654],[-117.24753,32.39151],[-117.24018,32.38539],[-117.23951,32.3851],[-117.23907,32.38508],[-117.23706,32.38645],[-117.23461,32.38689],[-117.23372,32.38728],[-117.23216,32.38846],[-117.23066,32.39034],[-117.22965,32.39259],[-117.22896,32.39579],[-117.22656,32.3988],[-117.22594,32.39993],[-117.22555,32.40181],[-117.22487,32.40783],[-117.22498,32.40952],[-117.22553,32.41103],[-117.22678,32.41234],[-117.22837,32.4131],[-117.22971,32.41326],[-117.23461,32.41311],[-117.23612,32.41347],[-117.23706,32.41407],[-117.23827,32.41554],[-117.23942,32.4178],[-117.24002,32.41968],[-117.24074,32.42325],[-117.24119,32.42457],[-117.24178,32.42551],[-117.24263,32.42621],[-117.24397,32.42673],[-117.24909,32.42786],[-117.25087,32.42808],[-117.25399,32.42813],[-117.25711,32.42912],[-117.25889,32.42928]],[[-117.24709,32.42739],[-117.24709,32.42739]],[[-117.26335,32.42607],[-117.2638,32.42551],[-117.26357,32.42513],[-117.26402,32.42438],[-117.2629,32.42306],[-117.26246,32.42344],[-117.26246,32.42381],[-117.26268,32.42419],[-117.26246,32.42438],[-117.26246,32.42494],[-117.2629,32.4257],[-117.26335,32.42607]],[[-117.24241,32.42607],[-117.24241,32.42607]],[[-117.26313,32.42588],[-117.26313,32.42588]],[[-117.24196,32.4257],[-117.24196,32.4257]],[[-117.26357,32.4257],[-117.26357,32.4257]],[[-117.2629,32.42551],[-117.2629,32.42551]],[[-117.26357,32.42513],[-117.26357,32.42513]],[[-117.26268,32.42513],[-117.26268,32.42513]],[[-117.2638,32.42475],[-117.2638,32.42475]],[[-117.26268,32.424],[-117.26268,32.424]],[[-117.25087,32.42118],[-117.25154,32.42081],[-117.25176,32.42043],[-117.25176,32.42005],[-117.25154,32.41986],[-117.25154,32.41911],[-117.25132,32.41892],[-117.25132,32.41855],[-117.24998,32.41742],[-117.24998,32.41479],[-117.24976,32.41441],[-117.24998,32.41272],[-117.24954,32.41197],[-117.24954,32.41121],[-117.24931,32.41103],[-117.24931,32.41046],[-117.24897,32.4099],[-117.24909,32.40933],[-117.24865,32.40896],[-117.2483,32.40896],[-117.24731,32.40802],[-117.24664,32.40802],[-117.24631,32.40839],[-117.24597,32.40839],[-117.24575,32.4082],[-117.24597,32.40783],[-117.24575,32.40764],[-117.24575,32.40595],[-117.24486,32.40538],[-117.24486,32.40501],[-117.24518,32.40463],[-117.24597,32.40519],[-117.24642,32.40519],[-117.24686,32.40463],[-117.24686,32.40425],[-117.24664,32.40388],[-117.24686,32.40369],[-117.24686,32.40331],[-117.24642,32.40294],[-117.24597,32.40294],[-117.2453,32.40323],[-117.2453,32.40294],[-117.24575,32.40256],[-117.24575,32.40049],[-117.24597,32.4003],[-117.24575,32.40012],[-117.24575,32.39955],[-117.24597,32.39936],[-117.24575,32.39899],[-117.24597,32.3988],[-117.24597,32.39842],[-117.2453,32.39767],[-117.2453,32.3973],[-117.24486,32.39673],[-117.24486,32.39607],[-117.24575,32.39673],[-117.24619,32.39673],[-117.24664,32.39635],[-117.24664,32.3956],[-117.24597,32.39485],[-117.2453,32.39485],[-117.24508,32.39466],[-117.24464,32.39485],[-117.24441,32.39476],[-117.24419,32.39447],[-117.24419,32.39391],[-117.24374,32.39372],[-117.2433,32.39316],[-117.2433,32.39241],[-117.24241,32.39146],[-117.24241,32.39071],[-117.24218,32.39052],[-117.24174,32.39052],[-117.24152,32.39034],[-117.23996,32.39034],[-117.23973,32.39015],[-117.23884,32.39109],[-117.23884,32.39146],[-117.23862,32.39165],[-117.23862,32.39353],[-117.2384,32.39391],[-117.23884,32.39466],[-117.23884,32.39824],[-117.23907,32.39842],[-117.23907,32.39899],[-117.23973,32.39993],[-117.23973,32.40237],[-117.24063,32.40331],[-117.24063,32.40369],[-117.24085,32.40388],[-117.24085,32.40444],[-117.24152,32.40538],[-117.24152,32.41008],[-117.24174,32.41027],[-117.24196,32.41159],[-117.24263,32.41272],[-117.24263,32.41403],[-117.24374,32.41497],[-117.24464,32.41516],[-117.24508,32.41554],[-117.24597,32.41704],[-117.24642,32.41742],[-117.24698,32.41761],[-117.24731,32.41798],[-117.24731,32.41855],[-117.24798,32.41901],[-117.24798,32.41949],[-117.2482,32.41986],[-117.24842,32.42005],[-117.24909,32.42005],[-117.24931,32.42024],[-117.25033,32.42043],[-117.2502,32.42062],[-117.25043,32.42099],[-117.25087,32.42118]],[[-117.24619,32.42118],[-117.24686,32.42043],[-117.24731,32.42043],[-117.24753,32.42062],[-117.24798,32.42024],[-117.24731,32.41986],[-117.24731,32.41911],[-117.24709,32.41892],[-117.24686,32.41892],[-117.24619,32.41968],[-117.24597,32.41968],[-117.2453,32.42024],[-117.2453,32.42081],[-117.24575,32.42118],[-117.24619,32.42118]],[[-117.2511,32.42099],[-117.2511,32.42099]],[[-117.24642,32.42099],[-117.24642,32.42099]],[[-117.24553,32.42099],[-117.24553,32.42099]],[[-117.25043,32.42081],[-117.25043,32.42081]],[[-117.25154,32.42062],[-117.25154,32.42062]],[[-117.24664,32.42062],[-117.24664,32.42062]],[[-117.24775,32.42043],[-117.24775,32.42043]],[[-117.24731,32.42043],[-117.24731,32.42043]],[[-117.24686,32.42043],[-117.24686,32.42043]],[[-117.24976,32.42024],[-117.24976,32.42024]],[[-117.26068,32.42005],[-117.26068,32.42005]],[[-117.24909,32.42005],[-117.24909,32.42005]],[[-117.2609,32.41968],[-117.2609,32.41968]],[[-117.2482,32.41968],[-117.2482,32.41968]],[[-117.26112,32.41949],[-117.26112,32.41949]],[[-117.26134,32.41911],[-117.26134,32.41911]],[[-117.25823,32.41911],[-117.25823,32.41911]],[[-117.24753,32.41874],[-117.24753,32.41874]],[[-117.24731,32.41798],[-117.24731,32.41798]],[[-117.24664,32.41742],[-117.24664,32.41742]],[[-117.24619,32.41723],[-117.24619,32.41723]],[[-117.24597,32.41686],[-117.24597,32.41686]],[[-117.24575,32.41648],[-117.24575,32.41648]],[[-117.2609,32.4161],[-117.2609,32.4161]],[[-117.24553,32.41629],[-117.24553,32.41629]],[[-117.2453,32.41592],[-117.2453,32.41592]],[[-117.26068,32.41554],[-117.26068,32.41554]],[[-117.26045,32.41535],[-117.26045,32.41535]],[[-117.24508,32.41554],[-117.24508,32.41554]],[[-117.24486,32.41535],[-117.24486,32.41535]],[[-117.26023,32.41497],[-117.26023,32.41497]],[[-117.24464,32.41516],[-117.24464,32.41516]],[[-117.26001,32.41479],[-117.26001,32.41479]],[[-117.24397,32.41497],[-117.24397,32.41497]],[[-117.25978,32.4146],[-117.25978,32.4146]],[[-117.24352,32.41479],[-117.24352,32.41479]],[[-117.2433,32.4146],[-117.2433,32.4146]],[[-117.24308,32.41441],[-117.24308,32.41441]],[[-117.24285,32.41422],[-117.24285,32.41422]],[[-117.24976,32.41366],[-117.24976,32.41366]],[[-117.24263,32.41272],[-117.24263,32.41272]],[[-117.24241,32.41215],[-117.24241,32.41215]],[[-117.24218,32.41178],[-117.24218,32.41178]],[[-117.24196,32.41103],[-117.24196,32.41103]],[[-117.24174,32.41027],[-117.24174,32.41027]],[[-117.24575,32.40802],[-117.24575,32.40802]],[[-117.24686,32.40745],[-117.24753,32.40708],[-117.24753,32.4067],[-117.24731,32.40651],[-117.24731,32.40576],[-117.24709,32.40557],[-117.24664,32.40557],[-117.24642,32.40576],[-117.24642,32.40651],[-117.24664,32.4067],[-117.24664,32.40726],[-117.24686,32.40745]],[[-117.24709,32.40726],[-117.24709,32.40726]],[[-117.24664,32.4067],[-117.24664,32.4067]],[[-117.24753,32.40538],[-117.24842,32.40463],[-117.24842,32.4035],[-117.24753,32.40237],[-117.24753,32.402],[-117.24731,32.40181],[-117.24731,32.4003],[-117.24686,32.39974],[-117.24664,32.39993],[-117.24664,32.40049],[-117.24642,32.40068],[-117.24664,32.40087],[-117.24664,32.40143],[-117.24642,32.40162],[-117.24664,32.402],[-117.24642,32.40237],[-117.24664,32.40275],[-117.24753,32.40331],[-117.24753,32.40369],[-117.24731,32.40407],[-117.24753,32.40425],[-117.24753,32.40482],[-117.24709,32.40519],[-117.24753,32.40538]],[[-117.24152,32.40538],[-117.24152,32.40538]],[[-117.24775,32.40519],[-117.24775,32.40519]],[[-117.24798,32.40501],[-117.24798,32.40501]],[[-117.24575,32.40501],[-117.24575,32.40501]],[[-117.24486,32.40501],[-117.24486,32.40501]],[[-117.24129,32.40501],[-117.24129,32.40501]],[[-117.2482,32.40482],[-117.2482,32.40482]],[[-117.24664,32.40482],[-117.24664,32.40482]],[[-117.24553,32.40482],[-117.24553,32.40482]],[[-117.2453,32.40463],[-117.2453,32.40463]],[[-117.24107,32.40463],[-117.24107,32.40463]],[[-117.23795,32.40444],[-117.23862,32.40359],[-117.23907,32.40388],[-117.23951,32.40388],[-117.23973,32.40369],[-117.23973,32.40313],[-117.23907,32.40267],[-117.23907,32.40237],[-117.23884,32.40219],[-117.23884,32.40181],[-117.23907,32.40162],[-117.23884,32.40125],[-117.2384,32.40143],[-117.2384,32.40275],[-117.23874,32.40313],[-117.23862,32.40342],[-117.2384,32.40313],[-117.23773,32.40294],[-117.23706,32.4035],[-117.23706,32.40425],[-117.23728,32.40444],[-117.23795,32.40444]],[[-117.24753,32.40425],[-117.24753,32.40425]],[[-117.23817,32.40407],[-117.23817,32.40407]],[[-117.24664,32.40388],[-117.24664,32.40388]],[[-117.24085,32.40388],[-117.24085,32.40388]],[[-117.2384,32.40388],[-117.2384,32.40388]],[[-117.23884,32.40369],[-117.23884,32.40369]],[[-117.24753,32.40331],[-117.24753,32.40331]],[[-117.24063,32.40331],[-117.24063,32.40331]],[[-117.24731,32.40313],[-117.24731,32.40313]],[[-117.24686,32.40294],[-117.24686,32.40294]],[[-117.2453,32.40294],[-117.2453,32.40294]],[[-117.2404,32.40294],[-117.2404,32.40294]],[[-117.23862,32.40294],[-117.23862,32.40294]],[[-117.24553,32.40275],[-117.24553,32.40275]],[[-117.24018,32.40275],[-117.24018,32.40275]],[[-117.24664,32.40256],[-117.24664,32.40256]],[[-117.23996,32.40256],[-117.23996,32.40256]],[[-117.24664,32.40181],[-117.24664,32.40181]],[[-117.23884,32.40181],[-117.23884,32.40181]],[[-117.24664,32.40087],[-117.24664,32.40087]],[[-117.24575,32.40049],[-117.24575,32.40049]],[[-117.23862,32.40049],[-117.23907,32.39993],[-117.23884,32.39974],[-117.2384,32.39993],[-117.2384,32.4003],[-117.23862,32.40049]],[[-117.23884,32.40012],[-117.23884,32.40012]],[[-117.23973,32.39993],[-117.23973,32.39993]],[[-117.24575,32.39955],[-117.24575,32.39955]],[[-117.23951,32.39955],[-117.23951,32.39955]],[[-117.23929,32.39918],[-117.23929,32.39918]],[[-117.24575,32.39899],[-117.24575,32.39899]],[[-117.23907,32.39842],[-117.23907,32.39842]],[[-117.2208,32.39731],[-117.2217,32.39711],[-117.22244,32.39635],[-117.22265,32.39523],[-117.22232,32.39372],[-117.22147,32.39203],[-117.22057,32.39107],[-117.21968,32.39066],[-117.21857,32.39081],[-117.21768,32.39131],[-117.21656,32.3925],[-117.21611,32.39353],[-117.21618,32.39447],[-117.21679,32.39539],[-117.2179,32.39627],[-117.21946,32.39704],[-117.2208,32.39731]],[[-117.23795,32.39692],[-117.23817,32.39673],[-117.23817,32.39598],[-117.2384,32.39579],[-117.23817,32.39541],[-117.23817,32.39504],[-117.23795,32.39485],[-117.23706,32.39485],[-117.23661,32.39523],[-117.23661,32.39635],[-117.23795,32.39692]],[[-117.23751,32.39673],[-117.23751,32.39673]],[[-117.24642,32.39654],[-117.24642,32.39654]],[[-117.24553,32.39654],[-117.24553,32.39654]],[[-117.23706,32.39654],[-117.23706,32.39654]],[[-117.2453,32.39635],[-117.2453,32.39635]],[[-117.24508,32.39617],[-117.24508,32.39617]],[[-117.23817,32.39598],[-117.23817,32.39598]],[[-117.23884,32.39466],[-117.23884,32.39466]],[[-117.23862,32.3941],[-117.23862,32.3941]],[[-117.21527,32.36795],[-117.2174,32.37228],[-117.21822,32.37435],[-117.21856,32.37604],[-117.21879,32.37918],[-117.21927,32.38093],[-117.22035,32.38269],[-117.22102,32.38321],[-117.22169,32.38338],[-117.22236,32.38329],[-117.22347,32.38268],[-117.22429,32.38187],[-117.22495,32.38093],[-117.22556,32.37962],[-117.22608,32.37792],[-117.22735,32.37228],[-117.22785,32.37078],[-117.22859,32.36973],[-117.23039,32.36852],[-117.23092,32.36795]],[[-117.22258,32.38319],[-117.22258,32.38319]],[[-117.2384,32.38285],[-117.23884,32.38249],[-117.23913,32.38187],[-117.23885,32.38056],[-117.23735,32.37886],[-117.23618,32.3751],[-117.23506,32.3726],[-117.23416,32.37169],[-117.23372,32.37155],[-117.23327,32.37162],[-117.23267,32.37247],[-117.23237,32.37416],[-117.23253,32.37585],[-117.23327,32.37792],[-117.23412,32.37962],[-117.2355,32.38144],[-117.23706,32.38259],[-117.23773,32.38286],[-117.2384,32.38285]]]},"properties":{"depth_m":25}},{"type":"Feature","geometry":{"type":"MultiLineString","coordinates":[[[-117.3066,32.45805],[-117.30816,32.4541],[-117.30868,32.45184],[-117.30893,32.44996],[-117.30857,32.44958],[-117.3076,32.44921],[-117.30323,32.44898],[-117.30145,32.44865],[-117.29989,32.44801],[-117.29864,32.44695],[-117.29858,32.44676],[-117.29874,32.44657],[-117.29922,32.44637],[-117.29922,32.44593],[-117.29833,32.44582],[-117.29766,32.44526],[-117.29744,32.44469],[-117.2961,32.44337],[-117.2961,32.44168],[-117.29521,32.44093],[-117.29499,32.44055],[-117.29499,32.43999],[-117.29387,32.43811],[-117.29387,32.43642],[-117.29409,32.43623],[-117.29409,32.43585],[-117.2932,32.43491],[-117.29343,32.43397],[-117.29409,32.43359],[-117.29476,32.43359],[-117.29499,32.43378],[-117.29581,32.43397],[-117.29547,32.43359],[-117.29416,32.43303],[-117.29343,32.43234],[-117.29276,32.43214],[-117.29187,32.43231],[-117.29082,32.43303],[-117.29021,32.43397],[-117.29001,32.4351],[-117.29038,32.4366],[-117.29244,32.44018],[-117.29328,32.44225],[-117.29349,32.44413],[-117.29316,32.44676],[-117.29264,32.44808],[-117.29164,32.44902],[-117.28986,32.4495],[-117.28679,32.44977],[-117.28601,32.44996],[-117.28581,32.45015],[-117.28602,32.45466],[-117.28646,32.45805]],[[-117.2863,32.4571],[-117.2863,32.4571]],[[-117.21122,32.44941],[-117.21233,32.44912],[-117.21297,32.44864],[-117.21313,32.44826],[-117.21305,32.4477],[-117.21258,32.44714],[-117.21189,32.44674],[-117.21099,32.44658],[-117.2101,32.44671],[-117.20933,32.44751],[-117.20924,32.44826],[-117.2101,32.44947],[-117.21122,32.44941]],[[-117.29164,32.44902],[-117.29164,32.44902]],[[-117.2081,32.44861],[-117.20828,32.44845],[-117.20825,32.44808],[-117.20788,32.44789],[-117.20788,32.44859],[-117.2081,32.44861]],[[-117.20788,32.44789],[-117.20815,32.44751],[-117.20788,32.44704],[-117.20765,32.44708],[-117.20763,32.44732],[-117.20765,32.4477],[-117.20788,32.44789]],[[-117.29989,32.4466],[-117.30033,32.44617],[-117.30078,32.44504],[-117.30056,32.44507],[-117.30056,32.44526],[-117.29966,32.44601],[-117.29966,32.4462],[-117.29924,32.44638],[-117.29989,32.4466]],[[-117.2932,32.44657],[-117.2932,32.44657]],[[-117.29588,32.44638],[-117.29632,32.44601],[-117.29632,32.44563],[-117.29588,32.44507],[-117.29565,32.44507],[-117.29521,32.44544],[-117.29521,32.44601],[-117.29565,32.44638],[-117.29588,32.44638]],[[-117.2961,32.4462],[-117.2961,32.4462]],[[-117.29543,32.4462],[-117.29543,32.4462]],[[-117.29966,32.44601],[-117.29966,32.44601]],[[-117.29989,32.44582],[-117.29989,32.44582]],[[-117.30011,32.44563],[-117.30011,32.44563]],[[-117.20721,32.44553],[-117.20751,32.44526],[-117.20726,32.44469],[-117.20726,32.44394],[-117.20698,32.44324],[-117.20676,32.44324],[-117.20666,32.44375],[-117.20688,32.44413],[-117.20696,32.44526],[-117.20721,32.44553]],[[-117.30033,32.44544],[-117.30033,32.44544]],[[-117.30056,32.44507],[-117.30056,32.44507]],[[-117.20676,32.44289],[-117.20676,32.44255],[-117.20654,32.44255],[-117.20653,32.44281],[-117.20676,32.44289]],[[-117.20654,32.44197],[-117.20664,32.44131],[-117.20632,32.44112],[-117.2061,32.44131],[-117.20614,32.44168],[-117.20632,32.44197],[-117.20654,32.44197]],[[-117.20632,32.44111],[-117.20648,32.44093],[-117.20648,32.43999],[-117.20616,32.43943],[-117.20573,32.43792],[-117.20542,32.43779],[-117.20534,32.4383],[-117.20577,32.43905],[-117.20585,32.44037],[-117.20632,32.44111]],[[-117.29253,32.44037],[-117.29253,32.44037]],[[-117.21338,32.36795],[-117.21546,32.37303],[-117.21623,32.37548],[-117.21666,32.37849],[-117.2167,32.38187],[-117.2164,32.38394],[-117.21585,32.38545],[-117.21298,32.38996],[-117.21202,32.39203],[-117.21164,32.39429],[-117.21174,32.39523],[-117.21201,32.39598],[-117.21324,32.3973],[-117.21852,32.40106],[-117.21948,32.402],[-117.22017,32.40294],[-117.2207,32.40407],[-117.22093,32.40519],[-117.22103,32.40971],[-117.22122,32.41121],[-117.22169,32.41243],[-117.22258,32.41347],[-117.22414,32.41433],[-117.22603,32.41479],[-117.22882,32.41504],[-117.23372,32.41497],[-117.23506,32.41521],[-117.23617,32.41572],[-117.23773,32.41723],[-117.23844,32.41836],[-117.23898,32.41968],[-117.23937,32.42156],[-117.23973,32.42661],[-117.24018,32.42781],[-117.24063,32.42814],[-117.24152,32.42836],[-117.24508,32.42833],[-117.24619,32.42848],[-117.25053,32.4304],[-117.2514,32.43096],[-117.25143,32.43153],[-117.24998,32.43331],[-117.24928,32.43454],[-117.249,32.43548],[-117.24898,32.4366],[-117.24934,32.43773],[-117.2502,32.43872],[-117.25132,32.43916],[-117.25243,32.43907],[-117.25399,32.43825],[-117.2545,32.43773],[-117.25488,32.43703],[-117.25531,32.4351],[-117.25524,32.43247],[-117.25536,32.4319],[-117.2558,32.43153],[-117.26424,32.42911],[-117.26606,32.42833],[-117.26691,32.42761],[-117.26736,32.42682],[-117.26754,32.4257],[-117.2674,32.42438],[-117.26691,32.42303],[-117.26612,32.42193],[-117.26201,32.41862],[-117.26179,32.41825],[-117.26157,32.41825],[-117.26157,32.41892],[-117.26134,32.4193],[-117.26045,32.42024],[-117.26001,32.41986],[-117.26001,32.41956],[-117.25934,32.41968],[-117.25889,32.41911],[-117.25823,32.41911],[-117.25778,32.4193],[-117.25711,32.41855],[-117.25711,32.41817],[-117.25733,32.41798],[-117.25858,32.4178],[-117.25889,32.41742],[-117.25889,32.41592],[-117.25867,32.41573],[-117.25867,32.41497],[-117.25912,32.4146],[-117.25956,32.41441],[-117.2609,32.41573],[-117.2609,32.4161],[-117.26112,32.41648],[-117.2614,32.41648],[-117.26121,32.41554],[-117.26023,32.41443],[-117.25978,32.41415],[-117.25912,32.41401],[-117.25867,32.41366],[-117.25899,32.41121],[-117.26023,32.40782],[-117.26068,32.40614],[-117.26075,32.40463],[-117.26045,32.40356],[-117.25934,32.40175],[-117.25778,32.39997],[-117.25251,32.39579],[-117.24865,32.39176],[-117.24515,32.38846],[-117.24405,32.38714],[-117.24333,32.38582],[-117.24298,32.38469],[-117.24281,32.38112],[-117.24247,32.3798],[-117.2392,32.3751],[-117.23728,32.37054],[-117.23585,32.36795]],[[-117.20542,32.43724],[-117.20551,32.4366],[-117.20526,32.43623],[-117.20522,32.43529],[-117.20498,32.43495],[-117.20476,32.43495],[-117.20466,32.43529],[-117.20512,32.43642],[-117.20505,32.43698],[-117.2052,32.43724],[-117.20542,32.43724]],[[-117.21478,32.43663],[-117.21557,32.43604],[-117.21573,32.4351],[-117.21516,32.43435],[-117.21434,32.43423],[-117.21389,32.43443],[-117.21342,32.43491],[-117.21314,32.43566],[-117.21315,32.43623],[-117.21367,32.43672],[-117.21478,32.43663]],[[-117.20476,32.43487],[-117.20502,32.43454],[-117.20484,32.43322],[-117.20453,32.43268],[-117.20431,32.43268],[-117.20422,32.43341],[-117.20439,32.43435],[-117.20476,32.43487]],[[-117.29632,32.43454],[-117.29632,32.43454]],[[-117.29565,32.43397],[-117.29565,32.43397]],[[-117.29499,32.43378],[-117.29499,32.43378]],[[-117.20364,32.4313],[-117.20385,32.43153],[-117.20398,32.43209],[-117.20431,32.43223],[-117.20448,32.4319],[-117.20416,32.43134],[-117.20423,32.43096],[-117.20406,32.43059],[-117.20401,32.42965],[-117.20364,32.42913]],[[-117.25867,32.43077],[-117.25867,32.43077]],[[-117.20453,32.42618],[-117.20492,32.4257],[-117.20497,32.42513],[-117.20457,32.42419],[-117.20409,32.4239],[-117.20386,32.42407],[-117.20383,32.42438],[-117.20413,32.4257],[-117.20453,32.42618]],[[-117.26335,32.42607],[-117.2638,32.42551],[-117.26357,32.42513],[-117.26402,32.42438],[-117.2629,32.42306],[-117.26246,32.42344],[-117.26258,32.42363],[-117.26246,32.42381],[-117.26268,32.42419],[-117.26246,32.42438],[-117.26246,32.42494],[-117.2629,32.4257],[-117.26335,32.42607]],[[-117.26313,32.42588],[-117.26313,32.42588]],[[-117.26357,32.4257],[-117.26357,32.4257]],[[-117.2629,32.42551],[-117.2629,32.42551]],[[-117.26357,32.42513],[-117.26357,32.42513]],[[-117.26268,32.42513],[-117.26268,32.42513]],[[-117.2638,32.42475],[-117.2638,32.42475]],[[-117.26268,32.424],[-117.26268,32.424]],[[-117.25087,32.42118],[-117.25154,32.42081],[-117.25176,32.42043],[-117.25176,32.42005],[-117.25154,32.41986],[-117.25154,32.41911],[-117.25132,32.41892],[-117.25132,32.41855],[-117.24998,32.41742],[-117.24998,32.41479],[-117.24976,32.41441],[-117.24998,32.41272],[-117.24954,32.41197],[-117.24954,32.41121],[-117.24931,32.41103],[-117.24931,32.41046],[-117.24895,32.4099],[-117.24909,32.40933],[-117.24865,32.40896],[-117.24828,32.40896],[-117.24731,32.40802],[-117.24664,32.40802],[-117.24634,32.40839],[-117.24597,32.40839],[-117.24575,32.4082],[-117.24597,32.40783],[-117.24575,32.40764],[-117.24575,32.40595],[-117.24486,32.40538],[-117.24486,32.40501],[-117.24516,32.40463],[-117.24597,32.40519],[-117.24642,32.40519],[-117.24686,32.40463],[-117.24686,32.40425],[-117.24664,32.40388],[-117.24686,32.40369],[-117.24686,32.40331],[-117.24642,32.40294],[-117.24597,32.40294],[-117.2453,32.40325],[-117.2453,32.40294],[-117.24575,32.40256],[-117.24575,32.40049],[-117.24597,32.4003],[-117.24575,32.40012],[-117.24575,32.39955],[-117.24597,32.39936],[-117.24575,32.39899],[-117.24597,32.3988],[-117.24597,32.39842],[-117.2453,32.39767],[-117.2453,32.3973],[-117.24486,32.39673],[-117.24486,32.39604],[-117.24575,32.39673],[-117.24619,32.39673],[-117.24664,32.39635],[-117.24664,32.3956],[-117.24597,32.39485],[-117.2453,32.39485],[-117.24508,32.39466],[-117.24464,32.39485],[-117.24441,32.39478],[-117.24419,32.39447],[-117.24419,32.39391],[-117.24374,32.39372],[-117.2433,32.39316],[-117.2433,32.39241],[-117.24241,32.39146],[-117.24241,32.39071],[-117.24218,32.39052],[-117.24174,32.39052],[-117.24152,32.39034],[-117.23996,32.39034],[-117.23973,32.39015],[-117.23884,32.39109],[-117.23884,32.39146],[-117.23862,32.39165],[-117.23862,32.39353],[-117.2384,32.39391],[-117.23884,32.39466],[-117.23884,32.39824],[-117.23907,32.39842],[-117.23907,32.39899],[-117.23973,32.39993],[-117.23973,32.40237],[-117.24063,32.40331],[-117.24063,32.40369],[-117.24085,32.40388],[-117.24085,32.40444],[-117.24152,32.40538],[-117.24152,32.41008],[-117.24174,32.41027],[-117.24196,32.41159],[-117.24263,32.41272],[-117.24263,32.41403],[-117.24374,32.41497],[-117.24464,32.41516],[-117.24508,32.41554],[-117.24597,32.41704],[-117.24642,32.41742],[-117.24709,32.41767],[-117.24731,32.41798],[-117.24731,32.41855],[-117.24798,32.41899],[-117.24798,32.41949],[-117.2482,32.41986],[-117.24842,32.42005],[-117.24909,32.42005],[-117.24931,32.42024],[-117.25035,32.42043],[-117.2502,32.42062],[-117.25043,32.42099],[-117.25087,32.42118]],[[-117.24619,32.42118],[-117.24686,32.42043],[-117.24731,32.42043],[-117.24753,32.42062],[-117.24798,32.42024],[-117.24731,32.41986],[-117.24731,32.41911],[-117.24709,32.41892],[-117.24686,32.41892],[-117.24619,32.41968],[-117.24597,32.41968],[-117.2453,32.42024],[-117.2453,32.42081],[-117.24575,32.42118],[-117.24619,32.42118]],[[-117.2511,32.42099],[-117.2511,32.42099]],[[-117.24642,32.42099],[-117.24642,32.42099]],[[-117.24553,32.42099],[-117.24553,32.42099]],[[-117.25043,32.42081],[-117.25043,32.42081]],[[-117.25154,32.42062],[-117.25154,32.42062]],[[-117.24664,32.42062],[-117.24664,32.42062]],[[-117.24775,32.42043],[-117.24775,32.42043]],[[-117.24731,32.42043],[-117.24731,32.42043]],[[-117.24686,32.42043],[-117.24686,32.42043]],[[-117.24976,32.42024],[-117.24976,32.42024]],[[-117.26068,32.42005],[-117.26068,32.42005]],[[-117.24909,32.42005],[-117.24909,32.42005]],[[-117.2609,32.41968],[-117.2609,32.41968]],[[-117.2482,32.41968],[-117.2482,32.41968]],[[-117.26112,32.41949],[-117.26112,32.41949]],[[-117.26134,32.41911],[-117.26134,32.41911]],[[-117.25823,32.41911],[-117.25823,32.41911]],[[-117.24753,32.41874],[-117.24753,32.41874]],[[-117.24731,32.41798],[-117.24731,32.41798]],[[-117.20364,32.41792],[-117.2039,32.41761],[-117.2041,32.41667],[-117.20394,32.41573],[-117.20364,32.41534]],[[-117.24664,32.41742],[-117.24664,32.41742]],[[-117.24619,32.41723],[-117.24619,32.41723]],[[-117.24597,32.41686],[-117.24597,32.41686]],[[-117.26112,32.41648],[-117.26112,32.41648]],[[-117.24575,32.41648],[-117.24575,32.41648]],[[-117.2609,32.4161],[-117.2609,32.4161]],[[-117.24553,32.41629],[-117.24553,32.41629]],[[-117.2453,32.41592],[-117.2453,32.41592]],[[-117.26068,32.41554],[-117.26068,32.41554]],[[-117.26045,32.41535],[-117.26045,32.41535]],[[-117.24508,32.41554],[-117.24508,32.41554]],[[-117.24486,32.41535],[-117.24486,32.41535]],[[-117.26023,32.41497],[-117.26023,32.41497]],[[-117.24464,32.41516],[-117.24464,32.41516]],[[-117.26001,32.41479],[-117.26001,32.41479]],[[-117.24397,32.41497],[-117.24397,32.41497]],[[-117.25978,32.4146],[-117.25978,32.4146]],[[-117.24352,32.41479],[-117.24352,32.41479]],[[-117.2433,32.4146],[-117.2433,32.4146]],[[-117.24308,32.41441],[-117.24308,32.41441]],[[-117.24285,32.41422],[-117.24285,32.41422]],[[-117.24976,32.41366],[-117.24976,32.41366]],[[-117.24263,32.41272],[-117.24263,32.41272]],[[-117.24241,32.41215],[-117.24241,32.41215]],[[-117.24218,32.41178],[-117.24218,32.41178]],[[-117.24196,32.41103],[-117.24196,32.41103]],[[-117.24174,32.41027],[-117.24174,32.41027]],[[-117.24575,32.40802],[-117.24575,32.40802]],[[-117.24686,32.40745],[-117.24753,32.40708],[-117.24753,32.4067],[-117.24731,32.40651],[-117.24731,32.40576],[-117.24709,32.40557],[-117.24664,32.40557],[-117.24642,32.40576],[-117.24642,32.40651],[-117.24664,32.4067],[-117.24664,32.40726],[-117.24686,32.40745]],[[-117.24709,32.40726],[-117.24709,32.40726]],[[-117.24664,32.4067],[-117.24664,32.4067]],[[-117.24753,32.40538],[-117.24842,32.40463],[-117.24842,32.4035],[-117.24753,32.40237],[-117.24753,32.402],[-117.24731,32.40181],[-117.24731,32.4003],[-117.24686,32.39974],[-117.24664,32.39993],[-117.24664,32.40049],[-117.24642,32.40068],[-117.24664,32.40106],[-117.24664,32.40143],[-117.24642,32.40162],[-117.24664,32.40181],[-117.24664,32.40219],[-117.24642,32.40237],[-117.24664,32.40275],[-117.24753,32.40331],[-117.24753,32.40369],[-117.24731,32.40407],[-117.24753,32.40425],[-117.24753,32.40482],[-117.24709,32.40519],[-117.24753,32.40538]],[[-117.24152,32.40538],[-117.24152,32.40538]],[[-117.24775,32.40519],[-117.24775,32.40519]],[[-117.24798,32.40501],[-117.24798,32.40501]],[[-117.24575,32.40501],[-117.24575,32.40501]],[[-117.24486,32.40501],[-117.24486,32.40501]],[[-117.24129,32.40501],[-117.24129,32.40501]],[[-117.2482,32.40482],[-117.2482,32.40482]],[[-117.24664,32.40482],[-117.24664,32.40482]],[[-117.24553,32.40482],[-117.24553,32.40482]],[[-117.2453,32.40463],[-117.2453,32.40463]],[[-117.24107,32.40463],[-117.24107,32.40463]],[[-117.23795,32.40444],[-117.23862,32.40356],[-117.23907,32.40388],[-117.23951,32.40388],[-117.23973,32.40369],[-117.23973,32.40313],[-117.23907,32.40269],[-117.23907,32.40237],[-117.23884,32.40219],[-117.23884,32.40181],[-117.23907,32.40162],[-117.23884,32.40125],[-117.2384,32.40143],[-117.2384,32.40275],[-117.23877,32.40313],[-117.23862,32.40344],[-117.2384,32.40313],[-117.23773,32.40294],[-117.23706,32.4035],[-117.23706,32.40425],[-117.23728,32.40444],[-117.23795,32.40444]],[[-117.24753,32.40425],[-117.24753,32.40425]],[[-117.23817,32.40407],[-117.23817,32.40407]],[[-117.24664,32.40388],[-117.24664,32.40388]],[[-117.24085,32.40388],[-117.24085,32.40388]],[[-117.2384,32.40388],[-117.2384,32.40388]],[[-117.23884,32.40369],[-117.23884,32.40369]],[[-117.24753,32.40331],[-117.24753,32.40331]],[[-117.24063,32.40331],[-117.24063,32.40331]],[[-117.24731,32.40313],[-117.24731,32.40313]],[[-117.24686,32.40294],[-117.24686,32.40294]],[[-117.2453,32.40294],[-117.2453,32.40294]],[[-117.2404,32.40294],[-117.2404,32.40294]],[[-117.23862,32.40294],[-117.23862,32.40294]],[[-117.24553,32.40275],[-117.24553,32.40275]],[[-117.24018,32.40275],[-117.24018,32.40275]],[[-117.24664,32.40256],[-117.24664,32.40256]],[[-117.23996,32.40256],[-117.23996,32.40256]],[[-117.24664,32.40181],[-117.24664,32.40181]],[[-117.23884,32.40181],[-117.23884,32.40181]],[[-117.24664,32.40087],[-117.24664,32.40087]],[[-117.24575,32.40049],[-117.24575,32.40049]],[[-117.23862,32.40049],[-117.23907,32.39993],[-117.23884,32.39974],[-117.2384,32.39993],[-117.2384,32.4003],[-117.23862,32.40049]],[[-117.23884,32.40012],[-117.23884,32.40012]],[[-117.23973,32.39993],[-117.23973,32.39993]],[[-117.24575,32.39955],[-117.24575,32.39955]],[[-117.23951,32.39955],[-117.23951,32.39955]],[[-117.23929,32.39918],[-117.23929,32.39918]],[[-117.24575,32.39899],[-117.24575,32.39899]],[[-117.23907,32.39842],[-117.23907,32.39842]],[[-117.23795,32.39692],[-117.23817,32.39673],[-117.23817,32.39598],[-117.2384,32.39579],[-117.23817,32.39541],[-117.23817,32.39504],[-117.23795,32.39485],[-117.23706,32.39485],[-117.23661,32.39523],[-117.23661,32.39635],[-117.23795,32.39692]],[[-117.23751,32.39673],[-117.23751,32.39673]],[[-117.24642,32.39654],[-117.24642,32.39654]],[[-117.24553,32.39654],[-117.24553,32.39654]],[[-117.23706,32.39654],[-117.23706,32.39654]],[[-117.2453,32.39635],[-117.2453,32.39635]],[[-117.24508,32.39617],[-117.24508,32.39617]],[[-117.23817,32.39598],[-117.23817,32.39598]],[[-117.23884,32.39466],[-117.23884,32.39466]],[[-117.23862,32.3941],[-117.23862,32.3941]]]},"properties":{"depth_m":30}},{"type":"Feature","geometry":{"type":"MultiLineString","coordinates":[[[-117.30743,32.45805],[-117.30878,32.45428],[-117.30927,32.45203],[-117.30951,32.44996],[-117.30888,32.44939],[-117.30791,32.44905],[-117.30256,32.4487],[-117.30056,32.44807],[-117.29969,32.44751],[-117.29918,32.44676],[-117.29966,32.44692],[-117.30011,32.44663],[-117.30056,32.44593],[-117.30085,32.44507],[-117.30056,32.44507],[-117.30056,32.44526],[-117.29966,32.44601],[-117.29944,32.44638],[-117.29922,32.4462],[-117.29915,32.44582],[-117.29833,32.44582],[-117.29766,32.44526],[-117.29744,32.44469],[-117.2961,32.44337],[-117.2961,32.44168],[-117.29521,32.44093],[-117.29499,32.44055],[-117.29499,32.43999],[-117.29409,32.43867],[-117.29409,32.4383],[-117.29387,32.43811],[-117.29387,32.43642],[-117.29409,32.43623],[-117.29409,32.43585],[-117.2932,32.43491],[-117.29343,32.43397],[-117.29409,32.43359],[-117.29543,32.43378],[-117.29596,32.43416],[-117.29591,32.43397],[-117.29559,32.43359],[-117.29441,32.43303],[-117.29356,32.43209],[-117.29276,32.43186],[-117.29164,32.43211],[-117.29061,32.43284],[-117.28996,32.43378],[-117.28972,32.43491],[-117.2901,32.4366],[-117.29228,32.44037],[-117.29308,32.44243],[-117.29325,32.44469],[-117.29304,32.4462],[-117.29269,32.44732],[-117.29224,32.44808],[-117.29164,32.44863],[-117.29053,32.44913],[-117.28808,32.44951],[-117.28246,32.44977],[-117.28152,32.45015],[-117.28147,32.45504],[-117.28188,32.45805]],[[-117.20364,32.45203],[-117.20498,32.45112],[-117.20632,32.45068],[-117.20689,32.45015],[-117.20565,32.449],[-117.20453,32.44887],[-117.20425,32.44864],[-117.20409,32.44807],[-117.20476,32.44746],[-117.2052,32.44655],[-117.2052,32.44602],[-117.20364,32.44482]],[[-117.21411,32.44977],[-117.21478,32.4497],[-117.21516,32.44939],[-117.21509,32.44864],[-117.21435,32.44751],[-117.213,32.44662],[-117.21166,32.44627],[-117.21033,32.44635],[-117.20963,32.44676],[-117.20903,32.4477],[-117.20907,32.44826],[-117.2101,32.44986],[-117.21411,32.44977]],[[-117.20364,32.44185],[-117.20431,32.44227],[-117.2051,32.44187],[-117.20565,32.44129],[-117.20587,32.44136],[-117.2059,32.44187],[-117.20636,32.443],[-117.20633,32.44375],[-117.20676,32.44454],[-117.20678,32.44544],[-117.2071,32.44601],[-117.20753,32.44638],[-117.2078,32.44883],[-117.2081,32.44911],[-117.20832,32.44899],[-117.20847,32.44826],[-117.20829,32.44789],[-117.20836,32.44732],[-117.20807,32.44695],[-117.20822,32.44657],[-117.2078,32.4462],[-117.20762,32.44563],[-117.20739,32.44375],[-117.20687,32.44206],[-117.20673,32.44055],[-117.20656,32.44037],[-117.20674,32.43999],[-117.20647,32.43943],[-117.20663,32.43905],[-117.20608,32.43848],[-117.2058,32.43642],[-117.20544,32.43566],[-117.20535,32.43209],[-117.20587,32.43109],[-117.20698,32.43038],[-117.20832,32.42997],[-117.20921,32.42991],[-117.20988,32.43012],[-117.21033,32.43051],[-117.21072,32.43115],[-117.21103,32.43209],[-117.21141,32.43566],[-117.21177,32.43698],[-117.21236,32.43773],[-117.21344,32.4382],[-117.21478,32.43853],[-117.21612,32.43866],[-117.21723,32.43855],[-117.21812,32.43826],[-117.21922,32.43754],[-117.22015,32.4366],[-117.22078,32.43566],[-117.22097,32.43472],[-117.22082,32.43378],[-117.22013,32.43225],[-117.21856,32.42983],[-117.21746,32.42867],[-117.21656,32.42814],[-117.21567,32.42791],[-117.21099,32.4278],[-117.2101,32.4275],[-117.20645,32.42419],[-117.20453,32.4227],[-117.20364,32.42134]],[[-117.29588,32.44638],[-117.29632,32.44601],[-117.29632,32.44563],[-117.29588,32.44507],[-117.29565,32.44507],[-117.29521,32.44544],[-117.29521,32.44601],[-117.29565,32.44638],[-117.29588,32.44638]],[[-117.2961,32.4462],[-117.2961,32.4462]],[[-117.29543,32.4462],[-117.29543,32.4462]],[[-117.29966,32.44601],[-117.29966,32.44601]],[[-117.29989,32.44582],[-117.29989,32.44582]],[[-117.30011,32.44563],[-117.30011,32.44563]],[[-117.30033,32.44544],[-117.30033,32.44544]],[[-117.30056,32.44507],[-117.30056,32.44507]],[[-117.20364,32.4439],[-117.20395,32.44337],[-117.20364,32.44313]],[[-117.29298,32.44206],[-117.29298,32.44206]],[[-117.21121,32.36795],[-117.21422,32.37548],[-117.21475,32.37774],[-117.21482,32.37962],[-117.21455,32.38131],[-117.21388,32.383],[-117.21296,32.38451],[-117.21067,32.38752],[-117.20954,32.38958],[-117.2091,32.39146],[-117.20927,32.39391],[-117.20978,32.39579],[-117.2107,32.39748],[-117.21189,32.39878],[-117.21545,32.40189],[-117.21632,32.40294],[-117.21706,32.40425],[-117.21741,32.40538],[-117.21764,32.40689],[-117.21753,32.41103],[-117.21769,32.41272],[-117.21993,32.42005],[-117.22035,32.42054],[-117.2208,32.42051],[-117.22223,32.41892],[-117.22347,32.41804],[-117.22503,32.41737],[-117.22681,32.41695],[-117.22949,32.41669],[-117.23283,32.41669],[-117.23461,32.41701],[-117.23595,32.41764],[-117.23706,32.41863],[-117.23773,32.41958],[-117.23813,32.42062],[-117.23824,32.42175],[-117.23808,32.42344],[-117.23773,32.42483],[-117.23607,32.42814],[-117.23564,32.42946],[-117.23555,32.43153],[-117.23572,32.43241],[-117.23604,32.43303],[-117.23661,32.43362],[-117.23728,32.43396],[-117.23907,32.43411],[-117.24085,32.43375],[-117.24374,32.43276],[-117.24441,32.43274],[-117.24506,32.43359],[-117.24562,32.43566],[-117.24628,32.43717],[-117.24747,32.43905],[-117.2482,32.43984],[-117.24931,32.44066],[-117.25043,32.44102],[-117.25132,32.44098],[-117.2531,32.44014],[-117.25488,32.43851],[-117.25575,32.43717],[-117.25721,32.43397],[-117.25845,32.43256],[-117.26134,32.431],[-117.26602,32.42924],[-117.2674,32.42833],[-117.26793,32.42758],[-117.26816,32.42682],[-117.26803,32.42457],[-117.26757,32.42306],[-117.26672,32.42175],[-117.26246,32.41814],[-117.26201,32.41795],[-117.26157,32.41817],[-117.26157,32.41892],[-117.26045,32.42024],[-117.26001,32.41986],[-117.26001,32.41954],[-117.25934,32.41968],[-117.25889,32.41911],[-117.25823,32.41911],[-117.25778,32.4193],[-117.25711,32.41855],[-117.25711,32.41817],[-117.25733,32.41798],[-117.25861,32.4178],[-117.25889,32.41742],[-117.25889,32.41592],[-117.25867,32.41573],[-117.25867,32.41497],[-117.25912,32.4146],[-117.25956,32.41441],[-117.2609,32.41573],[-117.2609,32.4161],[-117.26112,32.41648],[-117.26134,32.4166],[-117.2615,32.41648],[-117.26122,32.41535],[-117.26058,32.41479],[-117.26038,32.41441],[-117.25925,32.41366],[-117.25923,32.41347],[-117.25959,32.41103],[-117.26099,32.40614],[-117.26108,32.40482],[-117.26083,32.40369],[-117.25978,32.40184],[-117.258,32.39965],[-117.25644,32.39821],[-117.25287,32.39541],[-117.24638,32.38864],[-117.24529,32.38733],[-117.24472,32.3862],[-117.24434,32.38488],[-117.24415,32.38093],[-117.24389,32.37962],[-117.2433,32.37856],[-117.24133,32.37604],[-117.24025,32.37435],[-117.23747,32.36795]],[[-117.20565,32.4406],[-117.20567,32.4398],[-117.20542,32.43957],[-117.2052,32.43976],[-117.2052,32.44017],[-117.20542,32.44057],[-117.20565,32.4406]],[[-117.25243,32.44055],[-117.25243,32.44055]],[[-117.29944,32.43946],[-117.29944,32.43946]],[[-117.20364,32.43955],[-117.20416,32.43924],[-117.20439,32.43867],[-117.20409,32.43831],[-117.20364,32.43843]],[[-117.22904,32.43727],[-117.22949,32.43682],[-117.22949,32.43641],[-117.22904,32.43602],[-117.22837,32.43612],[-117.22806,32.43642],[-117.2281,32.43679],[-117.22853,32.43717],[-117.22904,32.43727]],[[-117.20364,32.43648],[-117.20417,32.43585],[-117.20364,32.43551]],[[-117.29632,32.43454],[-117.29652,32.43454],[-117.2961,32.43428],[-117.29632,32.43454]],[[-117.29588,32.43416],[-117.29588,32.43416]],[[-117.29565,32.43397],[-117.29565,32.43397]],[[-117.29499,32.43378],[-117.29499,32.43378]],[[-117.20409,32.43325],[-117.20383,32.43322],[-117.20409,32.43325]],[[-117.20743,32.43021],[-117.20743,32.43021]],[[-117.26335,32.42607],[-117.2638,32.42551],[-117.26357,32.42513],[-117.26402,32.42438],[-117.2629,32.42306],[-117.26246,32.42344],[-117.26261,32.42363],[-117.26246,32.42381],[-117.26268,32.42419],[-117.26246,32.42438],[-117.26246,32.42494],[-117.2629,32.4257],[-117.26335,32.42607]],[[-117.26313,32.42588],[-117.26313,32.42588]],[[-117.26357,32.4257],[-117.26357,32.4257]],[[-117.2629,32.42551],[-117.2629,32.42551]],[[-117.26357,32.42513],[-117.26357,32.42513]],[[-117.26268,32.42513],[-117.26268,32.42513]],[[-117.2638,32.42475],[-117.2638,32.42475]],[[-117.26268,32.424],[-117.26268,32.424]],[[-117.25087,32.42118],[-117.25154,32.42081],[-117.25176,32.42043],[-117.25176,32.42005],[-117.25154,32.41986],[-117.25154,32.41911],[-117.25132,32.41892],[-117.25132,32.41855],[-117.24998,32.41742],[-117.24998,32.41479],[-117.24976,32.41441],[-117.24998,32.41272],[-117.24954,32.41197],[-117.24954,32.41121],[-117.24931,32.41103],[-117.24931,32.41046],[-117.24892,32.4099],[-117.24909,32.40971],[-117.24909,32.40933],[-117.24865,32.40896],[-117.24825,32.40896],[-117.24731,32.40802],[-117.24664,32.40802],[-117.24636,32.40839],[-117.24597,32.40839],[-117.24575,32.4082],[-117.24597,32.40783],[-117.24575,32.40764],[-117.24575,32.40595],[-117.24486,32.40538],[-117.24486,32.40501],[-117.24513,32.40463],[-117.24597,32.40519],[-117.24642,32.40519],[-117.24686,32.40463],[-117.24686,32.40425],[-117.24664,32.40388],[-117.24686,32.40369],[-117.24686,32.40331],[-117.24642,32.40294],[-117.24597,32.40294],[-117.2453,32.40327],[-117.2453,32.40294],[-117.24575,32.40256],[-117.24575,32.40049],[-117.24597,32.4003],[-117.24575,32.40012],[-117.24575,32.39955],[-117.24597,32.39936],[-117.24575,32.39899],[-117.24597,32.3988],[-117.24597,32.39842],[-117.2453,32.39767],[-117.2453,32.3973],[-117.24486,32.39673],[-117.24486,32.39602],[-117.24575,32.39673],[-117.24619,32.39673],[-117.24664,32.39635],[-117.24664,32.3956],[-117.24597,32.39485],[-117.2453,32.39485],[-117.24508,32.39466],[-117.24441,32.39481],[-117.24419,32.39447],[-117.24419,32.39391],[-117.24374,32.39372],[-117.2433,32.39316],[-117.2433,32.39241],[-117.24241,32.39146],[-117.24241,32.39071],[-117.24218,32.39052],[-117.24174,32.39052],[-117.24152,32.39034],[-117.23996,32.39034],[-117.23973,32.39015],[-117.23884,32.39109],[-117.23884,32.39146],[-117.23862,32.39165],[-117.23862,32.39353],[-117.2384,32.39391],[-117.23884,32.39466],[-117.23884,32.39824],[-117.23907,32.39842],[-117.23907,32.39899],[-117.23973,32.39993],[-117.23973,32.40237],[-117.24063,32.40331],[-117.24063,32.40369],[-117.24085,32.40388],[-117.24085,32.40444],[-117.24152,32.40538],[-117.24152,32.41008],[-117.24174,32.41027],[-117.24196,32.41159],[-117.24263,32.41272],[-117.24263,32.41403],[-117.24374,32.41497],[-117.24464,32.41516],[-117.24508,32.41554],[-117.24597,32.41704],[-117.24642,32.41742],[-117.24709,32.41765],[-117.24731,32.41798],[-117.24731,32.41855],[-117.24798,32.41897],[-117.24798,32.41949],[-117.2482,32.41986],[-117.24842,32.42005],[-117.24909,32.42005],[-117.24931,32.42024],[-117.25038,32.42043],[-117.2502,32.42062],[-117.25043,32.42099],[-117.25087,32.42118]],[[-117.24619,32.42118],[-117.24686,32.42043],[-117.24731,32.42043],[-117.24753,32.42062],[-117.24798,32.42024],[-117.24731,32.41986],[-117.24731,32.41911],[-117.24709,32.41892],[-117.24686,32.41892],[-117.24619,32.41968],[-117.24597,32.41968],[-117.2453,32.42024],[-117.2453,32.42081],[-117.24575,32.42118],[-117.24619,32.42118]],[[-117.2511,32.42099],[-117.2511,32.42099]],[[-117.24642,32.42099],[-117.24642,32.42099]],[[-117.24553,32.42099],[-117.24553,32.42099]],[[-117.25043,32.42081],[-117.25043,32.42081]],[[-117.25154,32.42062],[-117.25154,32.42062]],[[-117.24664,32.42062],[-117.24664,32.42062]],[[-117.24775,32.42043],[-117.24775,32.42043]],[[-117.24731,32.42043],[-117.24731,32.42043]],[[-117.24686,32.42043],[-117.24686,32.42043]],[[-117.24976,32.42024],[-117.24976,32.42024]],[[-117.26068,32.42005],[-117.26068,32.42005]],[[-117.24909,32.42005],[-117.24909,32.42005]],[[-117.2609,32.41968],[-117.2609,32.41968]],[[-117.2482,32.41968],[-117.2482,32.41968]],[[-117.26112,32.41949],[-117.26112,32.41949]],[[-117.20364,32.41928],[-117.20463,32.4178],[-117.20499,32.41648],[-117.2047,32.41516],[-117.20364,32.41377]],[[-117.26134,32.41911],[-117.26134,32.41911]],[[-117.25823,32.41911],[-117.25823,32.41911]],[[-117.24753,32.41874],[-117.24753,32.41874]],[[-117.26157,32.41817],[-117.26157,32.41817]],[[-117.26179,32.41798],[-117.26179,32.41798]],[[-117.24731,32.41798],[-117.24731,32.41798]],[[-117.20453,32.41798],[-117.20453,32.41798]],[[-117.24664,32.41742],[-117.24664,32.41742]],[[-117.24619,32.41723],[-117.24619,32.41723]],[[-117.24597,32.41686],[-117.24597,32.41686]],[[-117.26112,32.41648],[-117.26112,32.41648]],[[-117.24575,32.41648],[-117.24575,32.41648]],[[-117.2609,32.4161],[-117.2609,32.4161]],[[-117.24553,32.41629],[-117.24553,32.41629]],[[-117.2453,32.41592],[-117.2453,32.41592]],[[-117.26068,32.41554],[-117.26068,32.41554]],[[-117.26045,32.41535],[-117.26045,32.41535]],[[-117.24508,32.41554],[-117.24508,32.41554]],[[-117.24486,32.41535],[-117.24486,32.41535]],[[-117.26023,32.41497],[-117.26023,32.41497]],[[-117.24464,32.41516],[-117.24464,32.41516]],[[-117.26001,32.41479],[-117.26001,32.41479]],[[-117.24397,32.41497],[-117.24397,32.41497]],[[-117.25978,32.4146],[-117.25978,32.4146]],[[-117.24352,32.41479],[-117.24352,32.41479]],[[-117.2433,32.4146],[-117.2433,32.4146]],[[-117.24308,32.41441],[-117.24308,32.41441]],[[-117.24285,32.41422],[-117.24285,32.41422]],[[-117.24976,32.41366],[-117.24976,32.41366]],[[-117.24263,32.41272],[-117.24263,32.41272]],[[-117.24241,32.41215],[-117.24241,32.41215]],[[-117.24218,32.41178],[-117.24218,32.41178]],[[-117.24196,32.41103],[-117.24196,32.41103]],[[-117.24174,32.41027],[-117.24174,32.41027]],[[-117.24575,32.40802],[-117.24575,32.40802]],[[-117.24686,32.40745],[-117.24753,32.40708],[-117.24753,32.4067],[-117.24731,32.40651],[-117.24731,32.40576],[-117.24709,32.40557],[-117.24664,32.40557],[-117.24642,32.40576],[-117.24642,32.40651],[-117.24664,32.4067],[-117.24664,32.40726],[-117.24686,32.40745]],[[-117.24709,32.40726],[-117.24709,32.40726]],[[-117.24664,32.4067],[-117.24664,32.4067]],[[-117.24753,32.40538],[-117.24842,32.40463],[-117.24842,32.4035],[-117.24753,32.40237],[-117.24753,32.402],[-117.24731,32.40181],[-117.24731,32.4003],[-117.24686,32.39974],[-117.24664,32.39993],[-117.24664,32.40049],[-117.24642,32.40068],[-117.24664,32.40106],[-117.24664,32.40143],[-117.24642,32.40162],[-117.24664,32.40181],[-117.24664,32.40219],[-117.24642,32.40237],[-117.24664,32.40275],[-117.24753,32.40331],[-117.24753,32.40369],[-117.24731,32.40407],[-117.24753,32.40425],[-117.24753,32.40482],[-117.24709,32.40519],[-117.24753,32.40538]],[[-117.24152,32.40538],[-117.24152,32.40538]],[[-117.24775,32.40519],[-117.24775,32.40519]],[[-117.24798,32.40501],[-117.24798,32.40501]],[[-117.24575,32.40501],[-117.24575,32.40501]],[[-117.24486,32.40501],[-117.24486,32.40501]],[[-117.24129,32.40501],[-117.24129,32.40501]],[[-117.2482,32.40482],[-117.2482,32.40482]],[[-117.24664,32.40482],[-117.24664,32.40482]],[[-117.24553,32.40482],[-117.24553,32.40482]],[[-117.2453,32.40463],[-117.2453,32.40463]],[[-117.24107,32.40463],[-117.24107,32.40463]],[[-117.23795,32.40444],[-117.23862,32.40354],[-117.23907,32.40388],[-117.23951,32.40388],[-117.23973,32.40369],[-117.23973,32.40313],[-117.23907,32.40271],[-117.23907,32.40237],[-117.23884,32.40219],[-117.23884,32.40181],[-117.23907,32.40162],[-117.23884,32.40125],[-117.2384,32.40143],[-117.2384,32.40275],[-117.23879,32.40313],[-117.23862,32.40346],[-117.2384,32.40313],[-117.23773,32.40294],[-117.23706,32.4035],[-117.23706,32.40425],[-117.23728,32.40444],[-117.23795,32.40444]],[[-117.24753,32.40425],[-117.24753,32.40425]],[[-117.23817,32.40407],[-117.23817,32.40407]],[[-117.24664,32.40388],[-117.24664,32.40388]],[[-117.24085,32.40388],[-117.24085,32.40388]],[[-117.2384,32.40388],[-117.2384,32.40388]],[[-117.23884,32.40369],[-117.23884,32.40369]],[[-117.24753,32.40331],[-117.24753,32.40331]],[[-117.24063,32.40331],[-117.24063,32.40331]],[[-117.24731,32.40313],[-117.24731,32.40313]],[[-117.24686,32.40294],[-117.24686,32.40294]],[[-117.2453,32.40294],[-117.2453,32.40294]],[[-117.2404,32.40294],[-117.2404,32.40294]],[[-117.23862,32.40294],[-117.23862,32.40294]],[[-117.24553,32.40275],[-117.24553,32.40275]],[[-117.24018,32.40275],[-117.24018,32.40275]],[[-117.24664,32.40256],[-117.24664,32.40256]],[[-117.23996,32.40256],[-117.23996,32.40256]],[[-117.24664,32.40181],[-117.24664,32.40181]],[[-117.23884,32.40181],[-117.23884,32.40181]],[[-117.24664,32.40087],[-117.24664,32.40087]],[[-117.24575,32.40049],[-117.24575,32.40049]],[[-117.23862,32.40049],[-117.23907,32.39993],[-117.23884,32.39974],[-117.2384,32.39993],[-117.2384,32.4003],[-117.23862,32.40049]],[[-117.23884,32.40012],[-117.23884,32.40012]],[[-117.23973,32.39993],[-117.23973,32.39993]],[[-117.24575,32.39955],[-117.24575,32.39955]],[[-117.23951,32.39955],[-117.23951,32.39955]],[[-117.23929,32.39918],[-117.23929,32.39918]],[[-117.24575,32.39899],[-117.24575,32.39899]],[[-117.23907,32.39842],[-117.23907,32.39842]],[[-117.23795,32.39692],[-117.23817,32.39673],[-117.23817,32.39598],[-117.2384,32.39579],[-117.23817,32.39541],[-117.23817,32.39504],[-117.23795,32.39485],[-117.23706,32.39485],[-117.23661,32.39523],[-117.23661,32.39635],[-117.23795,32.39692]],[[-117.23751,32.39673],[-117.23751,32.39673]],[[-117.24642,32.39654],[-117.24642,32.39654]],[[-117.24553,32.39654],[-117.24553,32.39654]],[[-117.23706,32.39654],[-117.23706,32.39654]],[[-117.2453,32.39635],[-117.2453,32.39635]],[[-117.24508,32.39617],[-117.24508,32.39617]],[[-117.23817,32.39598],[-117.23817,32.39598]],[[-117.23884,32.39466],[-117.23884,32.39466]],[[-117.23862,32.3941],[-117.23862,32.3941]]]},"properties":{"depth_m":35}},{"type":"Feature","geometry":{"type":"MultiLineString","coordinates":[[[-117.30824,32.45805],[-117.30953,32.45391],[-117.3101,32.44996],[-117.30947,32.44936],[-117.30791,32.44884],[-117.30367,32.44869],[-117.30145,32.4482],[-117.30033,32.44771],[-117.29998,32.44732],[-117.30082,32.44544],[-117.30091,32.44507],[-117.30078,32.44493],[-117.29944,32.44638],[-117.29922,32.4462],[-117.29919,32.44582],[-117.29833,32.44582],[-117.29766,32.44526],[-117.29744,32.44469],[-117.2961,32.44337],[-117.2961,32.44168],[-117.29521,32.44093],[-117.29499,32.44055],[-117.29499,32.43999],[-117.29409,32.43867],[-117.29409,32.4383],[-117.29387,32.43811],[-117.29387,32.43642],[-117.29409,32.43623],[-117.29409,32.43585],[-117.2932,32.43491],[-117.29343,32.43397],[-117.29409,32.43359],[-117.29543,32.43378],[-117.29654,32.43472],[-117.29695,32.43472],[-117.29695,32.43454],[-117.29654,32.43449],[-117.29565,32.43357],[-117.29485,32.43322],[-117.29365,32.43184],[-117.29276,32.4316],[-117.29164,32.43184],[-117.29043,32.43265],[-117.28974,32.43359],[-117.28944,32.43472],[-117.28952,32.43566],[-117.28983,32.4366],[-117.29205,32.44037],[-117.29291,32.44262],[-117.29306,32.44394],[-117.29299,32.44526],[-117.29272,32.44657],[-117.2923,32.44751],[-117.29186,32.44808],[-117.29098,32.44872],[-117.28897,32.44926],[-117.27795,32.44977],[-117.27684,32.44996],[-117.27662,32.45015],[-117.27653,32.45052],[-117.27578,32.45428],[-117.27565,32.45654],[-117.2758,32.45805]],[[-117.23895,32.45805],[-117.2417,32.45541],[-117.24411,32.45278],[-117.2453,32.45176],[-117.24817,32.44996],[-117.2503,32.44977],[-117.25051,32.44958],[-117.25037,32.44921],[-117.24976,32.44874],[-117.24887,32.44861],[-117.24619,32.44877],[-117.24196,32.44861],[-117.23751,32.44882],[-117.23305,32.44844],[-117.22859,32.44849],[-117.22369,32.4474],[-117.22013,32.44707],[-117.21723,32.44634],[-117.21189,32.44586],[-117.21033,32.44603],[-117.20921,32.44681],[-117.20877,32.44685],[-117.20841,32.44488],[-117.20796,32.44432],[-117.20794,32.44356],[-117.20746,32.44225],[-117.2075,32.44131],[-117.20714,32.44074],[-117.20695,32.43811],[-117.20651,32.43736],[-117.20653,32.43679],[-117.20622,32.43548],[-117.2066,32.43435],[-117.20721,32.43355],[-117.20765,32.43326],[-117.20854,32.43336],[-117.20943,32.43418],[-117.21099,32.43717],[-117.21202,32.4383],[-117.21634,32.44049],[-117.21812,32.44099],[-117.21968,32.44085],[-117.22369,32.43977],[-117.22971,32.43944],[-117.23483,32.43793],[-117.23996,32.43762],[-117.24152,32.43774],[-117.24263,32.43806],[-117.24352,32.43852],[-117.24842,32.44272],[-117.24954,32.44341],[-117.25043,32.44352],[-117.2511,32.44328],[-117.25199,32.44262],[-117.25444,32.4401],[-117.25598,32.43811],[-117.258,32.4348],[-117.25927,32.43341],[-117.26187,32.43171],[-117.26708,32.42946],[-117.26803,32.42876],[-117.26849,32.42814],[-117.26877,32.4272],[-117.26873,32.4257],[-117.26829,32.42363],[-117.26774,32.42231],[-117.26666,32.42099],[-117.26246,32.41742],[-117.26201,32.41758],[-117.26201,32.4178],[-117.26157,32.41817],[-117.26157,32.41892],[-117.26045,32.42024],[-117.26001,32.41986],[-117.26001,32.41951],[-117.25978,32.41968],[-117.25934,32.41968],[-117.25889,32.41911],[-117.25823,32.41911],[-117.25778,32.4193],[-117.25711,32.41855],[-117.25711,32.41817],[-117.25733,32.41798],[-117.25864,32.4178],[-117.25889,32.41742],[-117.25889,32.41592],[-117.25867,32.41573],[-117.25867,32.41497],[-117.25912,32.4146],[-117.25956,32.41441],[-117.2609,32.41573],[-117.2609,32.4161],[-117.26112,32.41648],[-117.26142,32.41667],[-117.26161,32.41648],[-117.26135,32.41535],[-117.26068,32.41476],[-117.26045,32.41419],[-117.25983,32.41366],[-117.26006,32.41103],[-117.2613,32.40595],[-117.26135,32.40463],[-117.26113,32.40369],[-117.26001,32.40167],[-117.25823,32.39937],[-117.25667,32.39785],[-117.253,32.39485],[-117.24809,32.38958],[-117.24625,32.38733],[-117.24569,32.3862],[-117.24532,32.38488],[-117.24506,32.38074],[-117.24482,32.37943],[-117.24431,32.37849],[-117.24217,32.37567],[-117.241,32.37379],[-117.23858,32.36795]],[[-117.20921,32.44979],[-117.20957,32.44939],[-117.20921,32.44889],[-117.20899,32.44889],[-117.20858,32.44939],[-117.20899,32.44979],[-117.20921,32.44979]],[[-117.20721,32.44964],[-117.20761,32.44939],[-117.20772,32.44864],[-117.20746,32.44714],[-117.20662,32.4462],[-117.2067,32.44563],[-117.20632,32.44529],[-117.20587,32.44527],[-117.20567,32.44544],[-117.20543,32.44789],[-117.20643,32.44939],[-117.20676,32.44965],[-117.20721,32.44964]],[[-117.30033,32.44657],[-117.30033,32.44657]],[[-117.29588,32.44638],[-117.29632,32.44601],[-117.29632,32.44563],[-117.29588,32.44507],[-117.29565,32.44507],[-117.29521,32.44544],[-117.29521,32.44601],[-117.29565,32.44638],[-117.29588,32.44638]],[[-117.2961,32.4462],[-117.2961,32.4462]],[[-117.29543,32.4462],[-117.29543,32.4462]],[[-117.29966,32.44601],[-117.29966,32.44601]],[[-117.29989,32.44582],[-117.29989,32.44582]],[[-117.30011,32.44563],[-117.30011,32.44563]],[[-117.30033,32.44544],[-117.30033,32.44544]],[[-117.20565,32.44541],[-117.20623,32.44469],[-117.2062,32.44413],[-117.20598,32.44375],[-117.20587,32.44296],[-117.20542,32.4426],[-117.2052,32.44262],[-117.20459,32.44356],[-117.2045,32.4445],[-117.20493,32.44507],[-117.20565,32.44541]],[[-117.30056,32.44507],[-117.30056,32.44507]],[[-117.25176,32.44281],[-117.25176,32.44281]],[[-117.20498,32.44281],[-117.20498,32.44281]],[[-117.2052,32.44262],[-117.2052,32.44262]],[[-117.25332,32.44131],[-117.25332,32.44131]],[[-117.21701,32.44074],[-117.21701,32.44074]],[[-117.24597,32.44055],[-117.24597,32.44055]],[[-117.29944,32.43954],[-117.29951,32.43943],[-117.29931,32.43943],[-117.29944,32.43954]],[[-117.29922,32.43932],[-117.29922,32.43916],[-117.29922,32.43932]],[[-117.29142,32.43924],[-117.29142,32.43924]],[[-117.299,32.43905],[-117.299,32.43884],[-117.299,32.43905]],[[-117.25689,32.4366],[-117.25689,32.4366]],[[-117.29654,32.43472],[-117.29654,32.43472]],[[-117.20966,32.43454],[-117.20966,32.43454]],[[-117.29588,32.43416],[-117.29588,32.43416]],[[-117.29565,32.43397],[-117.29565,32.43397]],[[-117.29499,32.43378],[-117.29499,32.43378]],[[-117.20698,32.43378],[-117.20698,32.43378]],[[-117.22971,32.43209],[-117.23127,32.43155],[-117.23244,32.4304],[-117.23572,32.42446],[-117.23639,32.42287],[-117.23663,32.42137],[-117.23639,32.42054],[-117.23532,32.41949],[-117.23394,32.41886],[-117.23238,32.41851],[-117.23015,32.41839],[-117.22837,32.4186],[-117.22692,32.41911],[-117.2257,32.41997],[-117.22481,32.42099],[-117.22383,32.42269],[-117.22315,32.42438],[-117.22286,32.42588],[-117.22292,32.42739],[-117.22341,32.42889],[-117.22422,32.43021],[-117.22525,32.43115],[-117.22659,32.43183],[-117.22837,32.43216],[-117.22971,32.43209]],[[-117.22525,32.43115],[-117.22525,32.43115]],[[-117.26335,32.42607],[-117.2638,32.42551],[-117.26357,32.42513],[-117.26402,32.42438],[-117.2629,32.42306],[-117.26246,32.42344],[-117.26265,32.42363],[-117.26246,32.42381],[-117.26268,32.42419],[-117.26246,32.42438],[-117.26246,32.42494],[-117.2629,32.4257],[-117.26335,32.42607]],[[-117.26313,32.42588],[-117.26313,32.42588]],[[-117.26357,32.4257],[-117.26357,32.4257]],[[-117.2629,32.42551],[-117.2629,32.42551]],[[-117.26357,32.42513],[-117.26357,32.42513]],[[-117.26268,32.42513],[-117.26268,32.42513]],[[-117.2638,32.42475],[-117.2638,32.42475]],[[-117.20364,32.41268],[-117.20549,32.4146],[-117.20601,32.41592],[-117.20598,32.41667],[-117.20573,32.41742],[-117.20392,32.42005],[-117.20387,32.42081],[-117.20431,32.42155],[-117.20542,32.42236],[-117.20721,32.42325],[-117.20899,32.42398],[-117.21033,32.42432],[-117.21144,32.42438],[-117.2126,32.42419],[-117.21367,32.42375],[-117.21455,32.42306],[-117.21542,32.42156],[-117.21569,32.41949],[-117.21535,32.41723],[-117.21413,32.41366],[-117.21389,32.41253],[-117.21392,32.41159],[-117.21464,32.40745],[-117.21462,32.40614],[-117.21428,32.40463],[-117.21375,32.4035],[-117.21304,32.40256],[-117.20995,32.39955],[-117.20881,32.39824],[-117.20654,32.39451],[-117.20587,32.39402],[-117.2052,32.39392],[-117.20453,32.39412],[-117.20364,32.39473]],[[-117.26268,32.424],[-117.26268,32.424]],[[-117.25087,32.42118],[-117.25154,32.42081],[-117.25176,32.42043],[-117.25176,32.42005],[-117.25154,32.41986],[-117.25154,32.41911],[-117.25132,32.41892],[-117.25132,32.41855],[-117.24998,32.41742],[-117.24998,32.41479],[-117.24976,32.41441],[-117.24998,32.41272],[-117.24954,32.41197],[-117.24954,32.41121],[-117.24931,32.41103],[-117.24931,32.41046],[-117.24889,32.4099],[-117.24909,32.40971],[-117.24909,32.40933],[-117.24865,32.40896],[-117.24822,32.40896],[-117.2482,32.40877],[-117.24731,32.40802],[-117.24664,32.40802],[-117.24639,32.40839],[-117.24597,32.40839],[-117.24575,32.4082],[-117.24597,32.40783],[-117.24575,32.40764],[-117.24575,32.40595],[-117.24486,32.40538],[-117.24486,32.40501],[-117.24511,32.40463],[-117.2453,32.40463],[-117.24597,32.40519],[-117.24642,32.40519],[-117.24686,32.40463],[-117.24686,32.40425],[-117.24664,32.40388],[-117.24686,32.40369],[-117.24686,32.40331],[-117.24642,32.40294],[-117.24597,32.40294],[-117.2453,32.40329],[-117.2453,32.40294],[-117.24575,32.40256],[-117.24575,32.40049],[-117.24597,32.4003],[-117.24575,32.40012],[-117.24575,32.39955],[-117.24597,32.39936],[-117.24575,32.39899],[-117.24597,32.3988],[-117.24597,32.39842],[-117.2453,32.39767],[-117.2453,32.3973],[-117.24486,32.39673],[-117.24486,32.396],[-117.24575,32.39673],[-117.24619,32.39673],[-117.24664,32.39635],[-117.24664,32.3956],[-117.24597,32.39485],[-117.2453,32.39485],[-117.24508,32.39466],[-117.24441,32.39483],[-117.24419,32.39447],[-117.24419,32.39391],[-117.24374,32.39372],[-117.2433,32.39316],[-117.2433,32.39241],[-117.24241,32.39146],[-117.24241,32.39071],[-117.24218,32.39052],[-117.24174,32.39052],[-117.24152,32.39034],[-117.23996,32.39034],[-117.23973,32.39015],[-117.23884,32.39109],[-117.23884,32.39146],[-117.23862,32.39165],[-117.23862,32.39353],[-117.2384,32.39391],[-117.23884,32.39466],[-117.23884,32.39824],[-117.23907,32.39842],[-117.23907,32.39899],[-117.23973,32.39993],[-117.23973,32.40237],[-117.24063,32.40331],[-117.24063,32.40369],[-117.24085,32.40388],[-117.24085,32.40444],[-117.24152,32.40538],[-117.24152,32.41008],[-117.24174,32.41027],[-117.24196,32.41159],[-117.24263,32.41272],[-117.24263,32.41403],[-117.24374,32.41497],[-117.24464,32.41516],[-117.24508,32.41554],[-117.24597,32.41704],[-117.24642,32.41742],[-117.24709,32.41763],[-117.24731,32.41798],[-117.24731,32.41855],[-117.24798,32.41895],[-117.24798,32.41949],[-117.2482,32.41986],[-117.24842,32.42005],[-117.24909,32.42005],[-117.24931,32.42024],[-117.2504,32.42043],[-117.2502,32.42062],[-117.25043,32.42099],[-117.25087,32.42118]],[[-117.24619,32.42118],[-117.24686,32.42043],[-117.24731,32.42043],[-117.24753,32.42062],[-117.24798,32.42024],[-117.24731,32.41986],[-117.24731,32.41911],[-117.24709,32.41892],[-117.24686,32.41892],[-117.24642,32.4193],[-117.24642,32.41949],[-117.2453,32.42024],[-117.2453,32.42081],[-117.24575,32.42118],[-117.24619,32.42118]],[[-117.2511,32.42099],[-117.2511,32.42099]],[[-117.24642,32.42099],[-117.24642,32.42099]],[[-117.24553,32.42099],[-117.24553,32.42099]],[[-117.25043,32.42081],[-117.25043,32.42081]],[[-117.25154,32.42062],[-117.25154,32.42062]],[[-117.24664,32.42062],[-117.24664,32.42062]],[[-117.24775,32.42043],[-117.24775,32.42043]],[[-117.24731,32.42043],[-117.24731,32.42043]],[[-117.24686,32.42043],[-117.24686,32.42043]],[[-117.24976,32.42024],[-117.24976,32.42024]],[[-117.26068,32.42005],[-117.26068,32.42005]],[[-117.24909,32.42005],[-117.24909,32.42005]],[[-117.2609,32.41968],[-117.2609,32.41968]],[[-117.2482,32.41968],[-117.2482,32.41968]],[[-117.26112,32.41949],[-117.26112,32.41949]],[[-117.26134,32.41911],[-117.26134,32.41911]],[[-117.25823,32.41911],[-117.25823,32.41911]],[[-117.24753,32.41874],[-117.24753,32.41874]],[[-117.22859,32.41855],[-117.22859,32.41855]],[[-117.26157,32.41817],[-117.26157,32.41817]],[[-117.26179,32.41798],[-117.26179,32.41798]],[[-117.24731,32.41798],[-117.24731,32.41798]],[[-117.24664,32.41742],[-117.24664,32.41742]],[[-117.24619,32.41723],[-117.24619,32.41723]],[[-117.26134,32.41667],[-117.26134,32.41667]],[[-117.24597,32.41686],[-117.24597,32.41686]],[[-117.26112,32.41648],[-117.26112,32.41648]],[[-117.24575,32.41648],[-117.24575,32.41648]],[[-117.2609,32.4161],[-117.2609,32.4161]],[[-117.24553,32.41629],[-117.24553,32.41629]],[[-117.2453,32.41592],[-117.2453,32.41592]],[[-117.26068,32.41554],[-117.26068,32.41554]],[[-117.26045,32.41535],[-117.26045,32.41535]],[[-117.24508,32.41554],[-117.24508,32.41554]],[[-117.24486,32.41535],[-117.24486,32.41535]],[[-117.26023,32.41497],[-117.26023,32.41497]],[[-117.24464,32.41516],[-117.24464,32.41516]],[[-117.26001,32.41479],[-117.26001,32.41479]],[[-117.24397,32.41497],[-117.24397,32.41497]],[[-117.25978,32.4146],[-117.25978,32.4146]],[[-117.24352,32.41479],[-117.24352,32.41479]],[[-117.2433,32.4146],[-117.2433,32.4146]],[[-117.24308,32.41441],[-117.24308,32.41441]],[[-117.24285,32.41422],[-117.24285,32.41422]],[[-117.24976,32.41366],[-117.24976,32.41366]],[[-117.24263,32.41272],[-117.24263,32.41272]],[[-117.24241,32.41215],[-117.24241,32.41215]],[[-117.24218,32.41178],[-117.24218,32.41178]],[[-117.24196,32.41103],[-117.24196,32.41103]],[[-117.24174,32.41027],[-117.24174,32.41027]],[[-117.20364,32.40991],[-117.20386,32.40858],[-117.20364,32.40715]],[[-117.24575,32.40802],[-117.24575,32.40802]],[[-117.24686,32.40745],[-117.24753,32.40708],[-117.24753,32.4067],[-117.24731,32.40651],[-117.24731,32.40576],[-117.24709,32.40557],[-117.24664,32.40557],[-117.24642,32.40576],[-117.24642,32.40651],[-117.24664,32.4067],[-117.24664,32.40726],[-117.24686,32.40745]],[[-117.24709,32.40726],[-117.24709,32.40726]],[[-117.24664,32.4067],[-117.24664,32.4067]],[[-117.24753,32.40538],[-117.24842,32.40463],[-117.24842,32.4035],[-117.24753,32.40237],[-117.24753,32.402],[-117.24731,32.40181],[-117.24731,32.4003],[-117.24686,32.39974],[-117.24664,32.39993],[-117.24664,32.40049],[-117.24642,32.40068],[-117.24664,32.40087],[-117.24664,32.40143],[-117.24642,32.40162],[-117.24664,32.402],[-117.24642,32.40237],[-117.24664,32.40275],[-117.24753,32.40331],[-117.24753,32.40369],[-117.24731,32.40407],[-117.24753,32.40425],[-117.24753,32.40482],[-117.24709,32.40519],[-117.24753,32.40538]],[[-117.24152,32.40538],[-117.24152,32.40538]],[[-117.24775,32.40519],[-117.24775,32.40519]],[[-117.24798,32.40501],[-117.24798,32.40501]],[[-117.24575,32.40501],[-117.24575,32.40501]],[[-117.24486,32.40501],[-117.24486,32.40501]],[[-117.24129,32.40501],[-117.24129,32.40501]],[[-117.2482,32.40482],[-117.2482,32.40482]],[[-117.24664,32.40482],[-117.24664,32.40482]],[[-117.24553,32.40482],[-117.24553,32.40482]],[[-117.2453,32.40463],[-117.2453,32.40463]],[[-117.24107,32.40463],[-117.24107,32.40463]],[[-117.23795,32.40444],[-117.23862,32.40352],[-117.23907,32.40388],[-117.23951,32.40388],[-117.23973,32.40369],[-117.23973,32.40313],[-117.23907,32.40273],[-117.23907,32.40237],[-117.23884,32.40219],[-117.23884,32.40181],[-117.23907,32.40162],[-117.23884,32.40125],[-117.2384,32.40143],[-117.2384,32.40275],[-117.23882,32.40313],[-117.23862,32.40348],[-117.2384,32.40313],[-117.23773,32.40294],[-117.23706,32.4035],[-117.23706,32.40425],[-117.23728,32.40444],[-117.23795,32.40444]],[[-117.24753,32.40425],[-117.24753,32.40425]],[[-117.23817,32.40407],[-117.23817,32.40407]],[[-117.24664,32.40388],[-117.24664,32.40388]],[[-117.24085,32.40388],[-117.24085,32.40388]],[[-117.2384,32.40388],[-117.2384,32.40388]],[[-117.23884,32.40369],[-117.23884,32.40369]],[[-117.24753,32.40331],[-117.24753,32.40331]],[[-117.24063,32.40331],[-117.24063,32.40331]],[[-117.24731,32.40313],[-117.24731,32.40313]],[[-117.24686,32.40294],[-117.24686,32.40294]],[[-117.2453,32.40294],[-117.2453,32.40294]],[[-117.2404,32.40294],[-117.2404,32.40294]],[[-117.23862,32.40294],[-117.23862,32.40294]],[[-117.24553,32.40275],[-117.24553,32.40275]],[[-117.24018,32.40275],[-117.24018,32.40275]],[[-117.24664,32.40256],[-117.24664,32.40256]],[[-117.23996,32.40256],[-117.23996,32.40256]],[[-117.24664,32.40181],[-117.24664,32.40181]],[[-117.23884,32.40181],[-117.23884,32.40181]],[[-117.24664,32.40087],[-117.24664,32.40087]],[[-117.24575,32.40049],[-117.24575,32.40049]],[[-117.23862,32.40049],[-117.23907,32.39993],[-117.23884,32.39974],[-117.2384,32.39993],[-117.2384,32.4003],[-117.23862,32.40049]],[[-117.23884,32.40012],[-117.23884,32.40012]],[[-117.23973,32.39993],[-117.23973,32.39993]],[[-117.24575,32.39955],[-117.24575,32.39955]],[[-117.23951,32.39955],[-117.23951,32.39955]],[[-117.23929,32.39918],[-117.23929,32.39918]],[[-117.24575,32.39899],[-117.24575,32.39899]],[[-117.23907,32.39842],[-117.23907,32.39842]],[[-117.23795,32.39692],[-117.23817,32.39673],[-117.23817,32.39598],[-117.2384,32.39579],[-117.23817,32.39541],[-117.23817,32.39504],[-117.23795,32.39485],[-117.23706,32.39485],[-117.23661,32.39523],[-117.23661,32.39635],[-117.23795,32.39692]],[[-117.23751,32.39673],[-117.23751,32.39673]],[[-117.24642,32.39654],[-117.24642,32.39654]],[[-117.24553,32.39654],[-117.24553,32.39654]],[[-117.23706,32.39654],[-117.23706,32.39654]],[[-117.2453,32.39635],[-117.2453,32.39635]],[[-117.24508,32.39617],[-117.24508,32.39617]],[[-117.23817,32.39598],[-117.23817,32.39598]],[[-117.23884,32.39466],[-117.23884,32.39466]],[[-117.23862,32.3941],[-117.23862,32.3941]],[[-117.20364,32.38505],[-117.20476,32.38547],[-117.20565,32.38555],[-117.20654,32.38533],[-117.20743,32.38488],[-117.20966,32.38333],[-117.21122,32.38199],[-117.21233,32.38056],[-117.2128,32.37943],[-117.21278,32.37811],[-117.21214,32.37623],[-117.20782,32.36795]],[[-117.20743,32.38488],[-117.20743,32.38488]]]},"properties":{"depth_m":40}},{"type":"Feature","geometry":{"type":"MultiLineString","coordinates":[[[-117.30902,32.45805],[-117.31036,32.45352]],[[-117.2601,32.45805],[-117.25978,32.45782],[-117.258,32.45737],[-117.25622,32.45726],[-117.25399,32.45756],[-117.2528,32.45805]],[[-117.31036,32.44949],[-117.30835,32.44872],[-117.30345,32.4485],[-117.30211,32.44822],[-117.30078,32.4477],[-117.30033,32.44732],[-117.30033,32.44714],[-117.30096,32.44507],[-117.30081,32.44488],[-117.30078,32.44394],[-117.30078,32.44488],[-117.29944,32.44638],[-117.29922,32.4462],[-117.29922,32.44582],[-117.29833,32.44582],[-117.29766,32.44526],[-117.29744,32.44469],[-117.2961,32.44337],[-117.2961,32.44168],[-117.29521,32.44093],[-117.29499,32.44055],[-117.29499,32.43999],[-117.29409,32.43867],[-117.29409,32.4383],[-117.29387,32.43811],[-117.29387,32.43642],[-117.29409,32.43623],[-117.29409,32.43585],[-117.29343,32.43529],[-117.2932,32.43491],[-117.2932,32.43454],[-117.29365,32.43378],[-117.29409,32.43359],[-117.29454,32.43378],[-117.29476,32.43359],[-117.29499,32.43378],[-117.29543,32.43378],[-117.2961,32.43435],[-117.2961,32.43454],[-117.29654,32.43472],[-117.29731,32.43472],[-117.29654,32.43444],[-117.29565,32.43351],[-117.29483,32.43303],[-117.29387,32.43172],[-117.29298,32.43137],[-117.29187,32.4315],[-117.29073,32.43209],[-117.28964,32.43322],[-117.28921,32.43435],[-117.28919,32.43529],[-117.28942,32.43623],[-117.29203,32.44074],[-117.29261,32.44225],[-117.29285,32.44356],[-117.29278,32.44544],[-117.29234,32.44695],[-117.29164,32.44795],[-117.29053,32.44869],[-117.28919,32.44908],[-117.28741,32.44929],[-117.27248,32.44973],[-117.26157,32.44945],[-117.25889,32.44919],[-117.25667,32.44869],[-117.25488,32.44789],[-117.25377,32.44696],[-117.25326,32.4462],[-117.25297,32.44526],[-117.25301,32.44432],[-117.25328,32.44337],[-117.2543,32.44149],[-117.25811,32.43604],[-117.25957,32.43435],[-117.26147,32.43284],[-117.26335,32.43178],[-117.26736,32.43],[-117.26867,32.42908],[-117.26909,32.42852],[-117.26933,32.42776],[-117.26919,32.4257],[-117.26854,32.42306],[-117.26775,32.42156],[-117.26687,32.42062],[-117.26391,32.41817],[-117.26268,32.41696],[-117.26192,32.41648],[-117.26144,32.41516],[-117.26079,32.4146],[-117.26047,32.41328],[-117.26041,32.41159],[-117.26139,32.40708],[-117.26161,32.40519],[-117.26151,32.40407],[-117.26105,32.40294],[-117.25978,32.40087],[-117.25823,32.39887],[-117.25689,32.39752],[-117.25422,32.39535],[-117.25266,32.39382],[-117.24896,32.38977],[-117.2471,32.38733],[-117.24652,32.3862],[-117.24614,32.38488],[-117.24573,32.38037],[-117.24544,32.37905],[-117.24186,32.37379],[-117.24071,32.37134],[-117.23946,32.36795]],[[-117.20921,32.4495],[-117.20934,32.44939],[-117.20921,32.44928],[-117.20889,32.44939],[-117.20899,32.44954],[-117.20921,32.4495]],[[-117.20721,32.44952],[-117.20761,32.44902],[-117.20764,32.44826],[-117.20745,32.44732],[-117.20641,32.4462],[-117.20656,32.44582],[-117.20632,32.44555],[-117.20601,32.44582],[-117.20563,32.44695],[-117.20567,32.44789],[-117.20654,32.44929],[-117.20676,32.44947],[-117.20721,32.44952]],[[-117.30167,32.44808],[-117.30167,32.44808]],[[-117.30078,32.4477],[-117.30078,32.4477]],[[-117.23884,32.44754],[-117.24263,32.44661],[-117.24575,32.44629],[-117.24646,32.44563],[-117.24645,32.44469],[-117.24597,32.44382],[-117.24522,32.443],[-117.24263,32.44093],[-117.24085,32.44014],[-117.23862,32.4398],[-117.23572,32.43994],[-117.22703,32.44161],[-117.2258,32.44206],[-117.22482,32.44262],[-117.22422,32.44319],[-117.22392,32.44375],[-117.22388,32.44413],[-117.22413,32.44469],[-117.22508,32.44563],[-117.22659,32.44664],[-117.22815,32.44726],[-117.22949,32.44741],[-117.23305,32.44707],[-117.23684,32.44767],[-117.23884,32.44754]],[[-117.29588,32.44638],[-117.29632,32.44601],[-117.29632,32.44563],[-117.29588,32.44507],[-117.29565,32.44507],[-117.29521,32.44544],[-117.29521,32.44601],[-117.29565,32.44638],[-117.29588,32.44638]],[[-117.2961,32.4462],[-117.2961,32.4462]],[[-117.29543,32.4462],[-117.29543,32.4462]],[[-117.20943,32.44609],[-117.21055,32.4456],[-117.213,32.44524],[-117.21434,32.44484],[-117.21553,32.44394],[-117.21578,32.443],[-117.21546,32.44206],[-117.21454,32.44093],[-117.21154,32.43867],[-117.20899,32.43625],[-117.20832,32.43602],[-117.20788,32.43624],[-117.20736,32.43773],[-117.20734,32.44074],[-117.20773,32.44131],[-117.20802,32.44413],[-117.20866,32.44488],[-117.20899,32.44597],[-117.20943,32.44609]],[[-117.29966,32.44601],[-117.29966,32.44601]],[[-117.29989,32.44582],[-117.29989,32.44582]],[[-117.29922,32.44582],[-117.29922,32.44582]],[[-117.30011,32.44563],[-117.30011,32.44563]],[[-117.2981,32.44563],[-117.2981,32.44563]],[[-117.30033,32.44544],[-117.30033,32.44544]],[[-117.29788,32.44544],[-117.29788,32.44544]],[[-117.30056,32.44507],[-117.30056,32.44507]],[[-117.29766,32.44507],[-117.29766,32.44507]],[[-117.20542,32.4449],[-117.20587,32.44468],[-117.20606,32.44432],[-117.20578,32.44319],[-117.20542,32.44287],[-117.20492,32.44337],[-117.20479,32.44394],[-117.20481,32.4445],[-117.2052,32.4449],[-117.20542,32.4449]],[[-117.29744,32.44469],[-117.29744,32.44469]],[[-117.29721,32.4445],[-117.29721,32.4445]],[[-117.29699,32.44432],[-117.29699,32.44432]],[[-117.30078,32.44394],[-117.30078,32.44375],[-117.30078,32.44394]],[[-117.29677,32.44394],[-117.29677,32.44394]],[[-117.30078,32.44375],[-117.30078,32.44356],[-117.30078,32.44375]],[[-117.29654,32.44375],[-117.29654,32.44375]],[[-117.30078,32.44356],[-117.30078,32.44337],[-117.30078,32.44356]],[[-117.29632,32.44356],[-117.29632,32.44356]],[[-117.30078,32.44337],[-117.30078,32.44319],[-117.30078,32.44337]],[[-117.30078,32.44319],[-117.30078,32.443],[-117.30078,32.44319]],[[-117.30078,32.443],[-117.30078,32.44281],[-117.30078,32.443]],[[-117.30078,32.44281],[-117.30078,32.44262],[-117.30078,32.44281]],[[-117.30078,32.44262],[-117.30078,32.44243],[-117.30078,32.44262]],[[-117.30078,32.44243],[-117.30078,32.44243]],[[-117.30056,32.44225],[-117.30033,32.44205],[-117.30033,32.44225],[-117.30056,32.44225]],[[-117.30033,32.44225],[-117.30033,32.44225]],[[-117.30011,32.44187],[-117.30011,32.44168],[-117.30011,32.44187]],[[-117.30011,32.44168],[-117.30011,32.44168]],[[-117.2961,32.44168],[-117.2961,32.44168]],[[-117.29588,32.44149],[-117.29588,32.44149]],[[-117.29565,32.44131],[-117.29565,32.44131]],[[-117.29543,32.44112],[-117.29543,32.44112]],[[-117.29521,32.44074],[-117.29521,32.44074]],[[-117.29499,32.43999],[-117.29499,32.43999]],[[-117.29966,32.43961],[-117.29922,32.43943],[-117.29877,32.43867],[-117.29966,32.43961]],[[-117.29476,32.43961],[-117.29476,32.43961]],[[-117.29454,32.43924],[-117.29454,32.43924]],[[-117.29922,32.43905],[-117.29922,32.43905]],[[-117.29432,32.43886],[-117.29432,32.43886]],[[-117.29877,32.43867],[-117.29877,32.43867]],[[-117.29855,32.43848],[-117.29833,32.43848],[-117.29855,32.43848]],[[-117.29833,32.43848],[-117.29833,32.43848]],[[-117.25644,32.43848],[-117.25644,32.43848]],[[-117.29833,32.43811],[-117.29833,32.43792],[-117.29833,32.43811]],[[-117.29409,32.4383],[-117.29409,32.4383]],[[-117.29833,32.43792],[-117.29833,32.43773],[-117.29833,32.43792]],[[-117.29833,32.43773],[-117.29833,32.43754],[-117.29833,32.43773]],[[-117.29833,32.43754],[-117.29833,32.43736],[-117.29833,32.43754]],[[-117.29833,32.43736],[-117.29833,32.43717],[-117.29833,32.43736]],[[-117.29833,32.43717],[-117.29833,32.43698],[-117.29833,32.43717]],[[-117.29833,32.43698],[-117.29833,32.43679],[-117.29833,32.43698]],[[-117.29833,32.43679],[-117.29833,32.4366],[-117.29833,32.43679]],[[-117.29833,32.4366],[-117.29833,32.4366]],[[-117.2981,32.43642],[-117.29788,32.43621],[-117.29788,32.43642],[-117.2981,32.43642]],[[-117.29788,32.43642],[-117.29788,32.43642]],[[-117.29766,32.43585],[-117.29744,32.43585],[-117.29744,32.43529],[-117.29766,32.43585]],[[-117.29409,32.43585],[-117.29409,32.43585]],[[-117.29387,32.43566],[-117.29387,32.43566]],[[-117.29365,32.43548],[-117.29365,32.43548]],[[-117.29744,32.43529],[-117.29744,32.4351],[-117.29744,32.43529]],[[-117.29744,32.4351],[-117.29744,32.43491],[-117.29744,32.4351]],[[-117.29343,32.4351],[-117.29343,32.4351]],[[-117.29744,32.43491],[-117.29744,32.43491]],[[-117.29008,32.43265],[-117.29008,32.43265]],[[-117.22926,32.42892],[-117.23015,32.4283],[-117.23088,32.42739],[-117.23238,32.42482],[-117.23301,32.42306],[-117.23291,32.42212],[-117.2325,32.42156],[-117.23157,32.42099],[-117.23015,32.42065],[-117.22904,32.42071],[-117.22792,32.42156],[-117.22704,32.42306],[-117.22658,32.42494],[-117.22669,32.42664],[-117.22726,32.42793],[-117.22815,32.42876],[-117.22882,32.42899],[-117.22926,32.42892]],[[-117.26335,32.42607],[-117.2638,32.42551],[-117.26357,32.42513],[-117.26402,32.42438],[-117.2629,32.42306],[-117.26246,32.42344],[-117.26268,32.42363],[-117.26246,32.42381],[-117.26268,32.42419],[-117.26246,32.42438],[-117.26246,32.42494],[-117.2629,32.4257],[-117.26335,32.42607]],[[-117.26313,32.42588],[-117.26313,32.42588]],[[-117.26357,32.4257],[-117.26357,32.4257]],[[-117.2629,32.42551],[-117.2629,32.42551]],[[-117.26357,32.42513],[-117.26357,32.42513]],[[-117.26268,32.42513],[-117.26268,32.42513]],[[-117.2638,32.42475],[-117.2638,32.42475]],[[-117.26268,32.424],[-117.26268,32.424]],[[-117.26268,32.42363],[-117.26268,32.42363]],[[-117.20943,32.42213],[-117.21077,32.42189],[-117.21166,32.42143],[-117.21233,32.42072],[-117.21259,32.41986],[-117.21234,32.41798],[-117.21089,32.41497],[-117.21058,32.41366],[-117.21067,32.41197],[-117.21164,32.40745],[-117.21162,32.40576],[-117.21099,32.40407],[-117.20943,32.40228],[-117.20743,32.40074],[-117.20676,32.40045],[-117.20609,32.40043],[-117.20542,32.40082],[-117.20498,32.40139],[-117.2044,32.40256],[-117.20407,32.40369],[-117.20411,32.40425],[-117.20507,32.40651],[-117.20531,32.40783],[-117.20522,32.40914],[-117.20456,32.41197],[-117.20473,32.41234],[-117.20725,32.41441],[-117.20768,32.41516],[-117.20777,32.41592],[-117.20758,32.41667],[-117.20705,32.41761],[-117.20623,32.41855],[-117.20433,32.42024],[-117.20426,32.42081],[-117.20476,32.42119],[-117.20632,32.42176],[-117.2081,32.42209],[-117.20943,32.42213]],[[-117.25087,32.42118],[-117.25154,32.42081],[-117.25176,32.42043],[-117.25176,32.42005],[-117.25154,32.41986],[-117.25154,32.41911],[-117.25132,32.41892],[-117.25132,32.41855],[-117.24998,32.41742],[-117.24998,32.41479],[-117.24976,32.41441],[-117.24998,32.41272],[-117.24954,32.41197],[-117.24954,32.41121],[-117.24931,32.41103],[-117.24931,32.41046],[-117.24887,32.4099],[-117.24909,32.40971],[-117.24909,32.40933],[-117.24865,32.40896],[-117.2482,32.40896],[-117.2482,32.40877],[-117.24731,32.40802],[-117.24664,32.40802],[-117.24642,32.40839],[-117.24597,32.40839],[-117.24575,32.4082],[-117.24597,32.40783],[-117.24575,32.40764],[-117.24575,32.40595],[-117.24486,32.40538],[-117.24486,32.40501],[-117.24508,32.40463],[-117.2453,32.40463],[-117.24597,32.40519],[-117.24642,32.40519],[-117.24686,32.40463],[-117.24686,32.40425],[-117.24664,32.40388],[-117.24686,32.40369],[-117.24686,32.40331],[-117.24642,32.40294],[-117.24597,32.40294],[-117.24508,32.40331],[-117.24575,32.40256],[-117.24575,32.40049],[-117.24597,32.4003],[-117.24575,32.40012],[-117.24575,32.39955],[-117.24597,32.39936],[-117.24575,32.39899],[-117.24597,32.3988],[-117.24597,32.39842],[-117.2453,32.39767],[-117.2453,32.3973],[-117.24486,32.39673],[-117.24486,32.39598],[-117.24575,32.39673],[-117.24619,32.39673],[-117.24664,32.39635],[-117.24664,32.3956],[-117.24597,32.39485],[-117.2453,32.39485],[-117.24508,32.39466],[-117.24441,32.39485],[-117.24419,32.39447],[-117.24419,32.39391],[-117.24374,32.39372],[-117.2433,32.39316],[-117.2433,32.39241],[-117.24241,32.39146],[-117.24241,32.39071],[-117.24218,32.39052],[-117.24174,32.39052],[-117.24152,32.39034],[-117.23996,32.39034],[-117.23973,32.39015],[-117.23884,32.39109],[-117.23884,32.39146],[-117.23862,32.39165],[-117.23862,32.39353],[-117.2384,32.39391],[-117.23884,32.39466],[-117.23884,32.39824],[-117.23907,32.39842],[-117.23907,32.39899],[-117.23973,32.39993],[-117.23973,32.40237],[-117.24063,32.40331],[-117.24063,32.40369],[-117.24085,32.40388],[-117.24085,32.40444],[-117.24152,32.40538],[-117.24152,32.41008],[-117.24174,32.41027],[-117.24196,32.41159],[-117.24263,32.41272],[-117.24263,32.41403],[-117.24374,32.41497],[-117.24464,32.41516],[-117.24508,32.41554],[-117.24597,32.41704],[-117.24642,32.41742],[-117.24709,32.41761],[-117.24731,32.41798],[-117.24731,32.41855],[-117.24775,32.41892],[-117.24798,32.41892],[-117.24798,32.41949],[-117.2482,32.41986],[-117.24842,32.42005],[-117.24909,32.42005],[-117.24931,32.42024],[-117.25043,32.42043],[-117.2502,32.42062],[-117.25043,32.42099],[-117.25087,32.42118]],[[-117.24619,32.42118],[-117.24686,32.42043],[-117.24731,32.42043],[-117.24753,32.42062],[-117.24798,32.42024],[-117.24731,32.41986],[-117.24731,32.41911],[-117.24709,32.41892],[-117.24686,32.41892],[-117.24619,32.41968],[-117.24597,32.41968],[-117.2453,32.42024],[-117.2453,32.42081],[-117.24575,32.42118],[-117.24619,32.42118]],[[-117.2511,32.42099],[-117.2511,32.42099]],[[-117.24642,32.42099],[-117.24642,32.42099]],[[-117.24553,32.42099],[-117.24553,32.42099]],[[-117.25043,32.42081],[-117.25043,32.42081]],[[-117.25154,32.42062],[-117.25154,32.42062]],[[-117.24664,32.42062],[-117.24664,32.42062]],[[-117.25087,32.42024],[-117.25043,32.42043],[-117.2511,32.42005],[-117.25087,32.42024]],[[-117.24775,32.42043],[-117.24775,32.42043]],[[-117.24731,32.42043],[-117.24731,32.42043]],[[-117.24686,32.42043],[-117.24686,32.42043]],[[-117.26045,32.42024],[-117.26157,32.41892],[-117.26157,32.41817],[-117.26201,32.4178],[-117.26201,32.41723],[-117.26157,32.41667],[-117.26112,32.41648],[-117.2609,32.4161],[-117.2609,32.41573],[-117.25956,32.41441],[-117.25867,32.41497],[-117.25867,32.41573],[-117.25889,32.41592],[-117.25889,32.41742],[-117.25867,32.4178],[-117.25733,32.41798],[-117.25711,32.41817],[-117.25711,32.41855],[-117.25778,32.4193],[-117.25823,32.41911],[-117.25889,32.41911],[-117.25934,32.41968],[-117.25978,32.41968],[-117.26001,32.41949],[-117.26001,32.41986],[-117.26045,32.42024]],[[-117.25065,32.42024],[-117.25065,32.42024]],[[-117.24976,32.42024],[-117.24976,32.42024]],[[-117.26068,32.42005],[-117.26068,32.42005]],[[-117.26023,32.42005],[-117.26023,32.42005]],[[-117.2511,32.42005],[-117.2511,32.41986],[-117.2511,32.42005]],[[-117.24909,32.42005],[-117.24909,32.42005]],[[-117.2511,32.41986],[-117.2511,32.41986]],[[-117.2609,32.41968],[-117.2609,32.41968]],[[-117.2482,32.41968],[-117.2482,32.41968]],[[-117.26112,32.41949],[-117.26112,32.41949]],[[-117.26001,32.41949],[-117.26001,32.41949]],[[-117.25912,32.4193],[-117.25912,32.4193]],[[-117.26134,32.41911],[-117.26134,32.41911]],[[-117.25889,32.41911],[-117.25889,32.41911]],[[-117.25823,32.41911],[-117.25823,32.41911]],[[-117.25756,32.41892],[-117.25756,32.41892]],[[-117.24798,32.41892],[-117.24798,32.41892]],[[-117.25733,32.41874],[-117.25733,32.41874]],[[-117.24753,32.41874],[-117.24753,32.41874]],[[-117.26157,32.41817],[-117.26157,32.41817]],[[-117.26179,32.41798],[-117.26179,32.41798]],[[-117.24731,32.41798],[-117.24731,32.41798]],[[-117.24709,32.41761],[-117.24709,32.41761]],[[-117.24664,32.41742],[-117.24664,32.41742]],[[-117.24619,32.41723],[-117.24619,32.41723]],[[-117.24597,32.41686],[-117.24597,32.41686]],[[-117.24575,32.41648],[-117.24575,32.41648]],[[-117.24553,32.41629],[-117.24553,32.41629]],[[-117.25889,32.41592],[-117.25889,32.41592]],[[-117.2453,32.41592],[-117.2453,32.41592]],[[-117.24508,32.41554],[-117.24508,32.41554]],[[-117.24486,32.41535],[-117.24486,32.41535]],[[-117.24464,32.41516],[-117.24464,32.41516]],[[-117.24397,32.41497],[-117.24397,32.41497]],[[-117.24352,32.41479],[-117.24352,32.41479]],[[-117.2433,32.4146],[-117.2433,32.4146]],[[-117.24308,32.41441],[-117.24308,32.41441]],[[-117.24285,32.41422],[-117.24285,32.41422]],[[-117.24976,32.41366],[-117.24976,32.41366]],[[-117.24263,32.41272],[-117.24263,32.41272]],[[-117.24241,32.41215],[-117.24241,32.41215]],[[-117.24218,32.41178],[-117.24218,32.41178]],[[-117.24196,32.41103],[-117.24196,32.41103]],[[-117.24174,32.41027],[-117.24174,32.41027]],[[-117.24887,32.4099],[-117.24887,32.4099]],[[-117.24575,32.40802],[-117.24575,32.40802]],[[-117.24686,32.40745],[-117.24753,32.40708],[-117.24753,32.4067],[-117.24731,32.40651],[-117.24731,32.40576],[-117.24709,32.40557],[-117.24664,32.40557],[-117.24642,32.40576],[-117.24642,32.40651],[-117.24664,32.4067],[-117.24664,32.40726],[-117.24686,32.40745]],[[-117.24709,32.40726],[-117.24709,32.40726]],[[-117.24664,32.4067],[-117.24664,32.4067]],[[-117.24753,32.40538],[-117.24842,32.40463],[-117.24842,32.4035],[-117.24753,32.40237],[-117.24753,32.402],[-117.24731,32.40181],[-117.24731,32.4003],[-117.24686,32.39974],[-117.24664,32.39993],[-117.24664,32.40049],[-117.24642,32.40068],[-117.24664,32.40106],[-117.24664,32.40143],[-117.24642,32.40162],[-117.24664,32.40181],[-117.24664,32.40219],[-117.24642,32.40237],[-117.24664,32.40275],[-117.24753,32.40331],[-117.24753,32.40369],[-117.24731,32.40407],[-117.24753,32.40425],[-117.24753,32.40482],[-117.24709,32.40519],[-117.24753,32.40538]],[[-117.24152,32.40538],[-117.24152,32.40538]],[[-117.24775,32.40519],[-117.24775,32.40519]],[[-117.24798,32.40501],[-117.24798,32.40501]],[[-117.24575,32.40501],[-117.24575,32.40501]],[[-117.24486,32.40501],[-117.24486,32.40501]],[[-117.24129,32.40501],[-117.24129,32.40501]],[[-117.2482,32.40482],[-117.2482,32.40482]],[[-117.24664,32.40482],[-117.24664,32.40482]],[[-117.24553,32.40482],[-117.24553,32.40482]],[[-117.2453,32.40463],[-117.2453,32.40463]],[[-117.24508,32.40463],[-117.24508,32.40463]],[[-117.24107,32.40463],[-117.24107,32.40463]],[[-117.23795,32.40444],[-117.23862,32.40369],[-117.23862,32.4035],[-117.23907,32.40388],[-117.23951,32.40388],[-117.23973,32.40369],[-117.23973,32.40313],[-117.23929,32.40275],[-117.23907,32.40275],[-117.23907,32.40237],[-117.23884,32.40219],[-117.23884,32.40181],[-117.23907,32.40162],[-117.23884,32.40125],[-117.2384,32.40143],[-117.2384,32.40275],[-117.23884,32.40313],[-117.23862,32.4035],[-117.2384,32.40313],[-117.23773,32.40294],[-117.23706,32.4035],[-117.23706,32.40425],[-117.23728,32.40444],[-117.23795,32.40444]],[[-117.24753,32.40425],[-117.24753,32.40425]],[[-117.23817,32.40407],[-117.23817,32.40407]],[[-117.24664,32.40388],[-117.24664,32.40388]],[[-117.24085,32.40388],[-117.24085,32.40388]],[[-117.2384,32.40388],[-117.2384,32.40388]],[[-117.23884,32.40369],[-117.23884,32.40369]],[[-117.24753,32.40331],[-117.24753,32.40331]],[[-117.24508,32.40331],[-117.24508,32.40331]],[[-117.24063,32.40331],[-117.24063,32.40331]],[[-117.24731,32.40313],[-117.24731,32.40313]],[[-117.23884,32.40313],[-117.23884,32.40313]],[[-117.24686,32.40294],[-117.24686,32.40294]],[[-117.2453,32.40294],[-117.2453,32.40294]],[[-117.2404,32.40294],[-117.2404,32.40294]],[[-117.23862,32.40294],[-117.23862,32.40294]],[[-117.24553,32.40275],[-117.24553,32.40275]],[[-117.24018,32.40275],[-117.24018,32.40275]],[[-117.24664,32.40256],[-117.24664,32.40256]],[[-117.23996,32.40256],[-117.23996,32.40256]],[[-117.24664,32.40181],[-117.24664,32.40181]],[[-117.23884,32.40181],[-117.23884,32.40181]],[[-117.24664,32.40087],[-117.24664,32.40087]],[[-117.24575,32.40049],[-117.24575,32.40049]],[[-117.23862,32.40049],[-117.23907,32.39993],[-117.23884,32.39974],[-117.2384,32.39993],[-117.2384,32.4003],[-117.23862,32.40049]],[[-117.23884,32.40012],[-117.23884,32.40012]],[[-117.23973,32.39993],[-117.23973,32.39993]],[[-117.24575,32.39955],[-117.24575,32.39955]],[[-117.23951,32.39955],[-117.23951,32.39955]],[[-117.23929,32.39918],[-117.23929,32.39918]],[[-117.24575,32.39899],[-117.24575,32.39899]],[[-117.23907,32.39842],[-117.23907,32.39842]],[[-117.23795,32.39692],[-117.23817,32.39673],[-117.23817,32.39598],[-117.2384,32.39579],[-117.23817,32.39541],[-117.23817,32.39504],[-117.23795,32.39485],[-117.23706,32.39485],[-117.23661,32.39523],[-117.23661,32.39635],[-117.23795,32.39692]],[[-117.23751,32.39673],[-117.23751,32.39673]],[[-117.24642,32.39654],[-117.24642,32.39654]],[[-117.24553,32.39654],[-117.24553,32.39654]],[[-117.23706,32.39654],[-117.23706,32.39654]],[[-117.2453,32.39635],[-117.2453,32.39635]],[[-117.24508,32.39617],[-117.24508,32.39617]],[[-117.24486,32.39598],[-117.24486,32.39579],[-117.24486,32.39598]],[[-117.23817,32.39598],[-117.23817,32.39598]],[[-117.24486,32.39579],[-117.24486,32.3956],[-117.24486,32.39579]],[[-117.24486,32.3956],[-117.24486,32.3956]],[[-117.23884,32.39466],[-117.23884,32.39466]],[[-117.23862,32.3941],[-117.23862,32.3941]]]},"properties":{"depth_m":45}},{"type":"Feature","geometry":{"type":"MultiLineString","coordinates":[[[-117.3098,32.45805],[-117.31036,32.45649]],[[-117.24022,32.36795],[-117.2412,32.37078],[-117.24228,32.37322],[-117.24601,32.37905],[-117.24681,32.38469],[-117.24719,32.38601],[-117.24783,32.38733],[-117.24945,32.38958],[-117.2521,32.39259],[-117.25413,32.39466],[-117.25689,32.39701],[-117.25823,32.39838],[-117.25978,32.40042],[-117.2613,32.40294],[-117.26175,32.40407],[-117.26184,32.40519],[-117.26165,32.40708],[-117.2608,32.41159],[-117.26112,32.41441],[-117.26168,32.41497],[-117.26201,32.41585],[-117.26714,32.42035],[-117.26809,32.42137],[-117.26892,32.42305],[-117.26976,32.42645],[-117.26986,32.42833],[-117.26964,32.42889],[-117.26919,32.42946],[-117.26781,32.43039],[-117.26402,32.43213],[-117.26179,32.43348],[-117.25956,32.43541],[-117.25756,32.43784],[-117.25546,32.44093],[-117.25443,32.44319],[-117.25427,32.44413],[-117.25434,32.44507],[-117.25462,32.44582],[-117.25513,32.44657],[-117.25625,32.44751],[-117.258,32.44836],[-117.25978,32.44886],[-117.26224,32.44915],[-117.2707,32.44952],[-117.27894,32.44943],[-117.28741,32.44918],[-117.28897,32.44898],[-117.29017,32.44864],[-117.29142,32.44787],[-117.29211,32.44695],[-117.29259,32.44544],[-117.29267,32.44356],[-117.29242,32.44225],[-117.29182,32.44074],[-117.28925,32.43642],[-117.28893,32.43529],[-117.28893,32.43435],[-117.28934,32.43322],[-117.29036,32.43209],[-117.29164,32.43136],[-117.29298,32.43115],[-117.29387,32.43146],[-117.29435,32.4319],[-117.29502,32.43303],[-117.29588,32.43364],[-117.29654,32.43439],[-117.29743,32.43472],[-117.29654,32.43472],[-117.2961,32.43454],[-117.2961,32.43435],[-117.29543,32.43378],[-117.29499,32.43378],[-117.29476,32.43359],[-117.29454,32.43378],[-117.29409,32.43359],[-117.29365,32.43378],[-117.2932,32.43454],[-117.2932,32.43491],[-117.29343,32.43529],[-117.29409,32.43585],[-117.29409,32.43623],[-117.29387,32.43642],[-117.29387,32.43811],[-117.29409,32.4383],[-117.29409,32.43867],[-117.29499,32.43999],[-117.29499,32.44055],[-117.29521,32.44093],[-117.2961,32.44168],[-117.2961,32.44337],[-117.29744,32.44469],[-117.29766,32.44526],[-117.29833,32.44582],[-117.29922,32.44582],[-117.29922,32.4462],[-117.29944,32.44638],[-117.29966,32.44601],[-117.30056,32.44526],[-117.30078,32.44488],[-117.30078,32.44243],[-117.30033,32.44225],[-117.30011,32.44187],[-117.30012,32.44131],[-117.30015,32.44168],[-117.30078,32.44225],[-117.30085,32.44262],[-117.30102,32.44488],[-117.30054,32.44695],[-117.30056,32.44717],[-117.30087,32.44751],[-117.30189,32.44797],[-117.30323,32.44832],[-117.30796,32.44845],[-117.31036,32.44909]],[[-117.20721,32.44942],[-117.20756,32.44902],[-117.20755,32.44808],[-117.20724,32.44732],[-117.20676,32.44696],[-117.20669,32.44657],[-117.20632,32.44627],[-117.2058,32.44676],[-117.2058,32.4477],[-117.20663,32.44921],[-117.20721,32.44942]],[[-117.31014,32.44902],[-117.31014,32.44902]],[[-117.30167,32.44789],[-117.30167,32.44789]],[[-117.23795,32.44661],[-117.23907,32.4462],[-117.23998,32.44563],[-117.24074,32.44488],[-117.24106,32.44413],[-117.24095,32.44337],[-117.24055,32.44281],[-117.23973,32.44221],[-117.23862,32.44181],[-117.23751,32.44169],[-117.23639,32.44176],[-117.2326,32.4429],[-117.22904,32.44308],[-117.22815,32.44345],[-117.2277,32.44384],[-117.22745,32.44432],[-117.22743,32.44488],[-117.22769,32.44544],[-117.22828,32.44601],[-117.22882,32.44624],[-117.22983,32.4462],[-117.23194,32.44542],[-117.23283,32.44529],[-117.23372,32.44545],[-117.23658,32.44657],[-117.23795,32.44661]],[[-117.29588,32.44638],[-117.29632,32.44601],[-117.29632,32.44563],[-117.29588,32.44507],[-117.29565,32.44507],[-117.29521,32.44544],[-117.29521,32.44601],[-117.29565,32.44638],[-117.29588,32.44638]],[[-117.2961,32.4462],[-117.2961,32.4462]],[[-117.29543,32.4462],[-117.29543,32.4462]],[[-117.29966,32.44601],[-117.29966,32.44601]],[[-117.23506,32.44601],[-117.23506,32.44601]],[[-117.29989,32.44582],[-117.29989,32.44582]],[[-117.29922,32.44582],[-117.29922,32.44582]],[[-117.30011,32.44563],[-117.30011,32.44563]],[[-117.2981,32.44563],[-117.2981,32.44563]],[[-117.20966,32.44545],[-117.21228,32.44469],[-117.21307,32.44432],[-117.21382,32.44356],[-117.21402,32.44243],[-117.21352,32.44131],[-117.21246,32.44018],[-117.20966,32.43805],[-117.20899,32.43777],[-117.20854,32.4378],[-117.20788,32.43834],[-117.20762,32.43961],[-117.20766,32.44074],[-117.20794,32.44131],[-117.20815,32.44413],[-117.20883,32.44469],[-117.20921,32.4453],[-117.20966,32.44545]],[[-117.30033,32.44544],[-117.30033,32.44544]],[[-117.29788,32.44544],[-117.29788,32.44544]],[[-117.30056,32.44507],[-117.30056,32.44507]],[[-117.29766,32.44507],[-117.29766,32.44507]],[[-117.29744,32.44469],[-117.29744,32.44469]],[[-117.20565,32.44467],[-117.20596,32.44413],[-117.20565,32.44322],[-117.20542,32.44306],[-117.20501,32.44356],[-117.20497,32.44432],[-117.2052,32.44459],[-117.20565,32.44467]],[[-117.29721,32.4445],[-117.29721,32.4445]],[[-117.29699,32.44432],[-117.29699,32.44432]],[[-117.29677,32.44394],[-117.29677,32.44394]],[[-117.29654,32.44375],[-117.29654,32.44375]],[[-117.29632,32.44356],[-117.29632,32.44356]],[[-117.2961,32.44168],[-117.2961,32.44168]],[[-117.29588,32.44149],[-117.29588,32.44149]],[[-117.30011,32.44131],[-117.30011,32.44131]],[[-117.29565,32.44131],[-117.29565,32.44131]],[[-117.29543,32.44112],[-117.29543,32.44112]],[[-117.29521,32.44074],[-117.29521,32.44074]],[[-117.29499,32.43999],[-117.29499,32.43999]],[[-117.29966,32.43961],[-117.29922,32.43943],[-117.29922,32.43924],[-117.29877,32.43886],[-117.29877,32.43862],[-117.29966,32.43961]],[[-117.29476,32.43961],[-117.29476,32.43961]],[[-117.29454,32.43924],[-117.29454,32.43924]],[[-117.29432,32.43886],[-117.29432,32.43886]],[[-117.29855,32.43848],[-117.29855,32.43828],[-117.29833,32.43848],[-117.29855,32.43848]],[[-117.29833,32.43848],[-117.29833,32.43848]],[[-117.29833,32.43811],[-117.29834,32.43642],[-117.29788,32.43602],[-117.29788,32.43642],[-117.29833,32.4366],[-117.29833,32.43811]],[[-117.29409,32.4383],[-117.29409,32.4383]],[[-117.29788,32.43642],[-117.29788,32.43642]],[[-117.29766,32.43585],[-117.29744,32.43473],[-117.29744,32.43585],[-117.29766,32.43585]],[[-117.29744,32.43585],[-117.29744,32.43585]],[[-117.29409,32.43585],[-117.29409,32.43585]],[[-117.29387,32.43566],[-117.29387,32.43566]],[[-117.29365,32.43548],[-117.29365,32.43548]],[[-117.29343,32.4351],[-117.29343,32.4351]],[[-117.29721,32.43454],[-117.29721,32.43454]],[[-117.26335,32.42607],[-117.2638,32.42551],[-117.26357,32.42513],[-117.26402,32.42438],[-117.2629,32.42306],[-117.26246,32.42344],[-117.26268,32.42363],[-117.26246,32.42381],[-117.26268,32.42419],[-117.26246,32.42438],[-117.26246,32.42494],[-117.2629,32.4257],[-117.26335,32.42607]],[[-117.26313,32.42588],[-117.26313,32.42588]],[[-117.26357,32.4257],[-117.26357,32.4257]],[[-117.2629,32.42551],[-117.2629,32.42551]],[[-117.26357,32.42513],[-117.26357,32.42513]],[[-117.26268,32.42513],[-117.26268,32.42513]],[[-117.2638,32.42475],[-117.2638,32.42475]],[[-117.26268,32.424],[-117.26268,32.424]],[[-117.26268,32.42363],[-117.26268,32.42363]],[[-117.25087,32.42118],[-117.25154,32.42081],[-117.25176,32.42043],[-117.25176,32.42005],[-117.25154,32.41986],[-117.25154,32.41911],[-117.25132,32.41892],[-117.25132,32.41855],[-117.24998,32.41742],[-117.24998,32.41479],[-117.24976,32.41441],[-117.24998,32.41272],[-117.24954,32.41197],[-117.24954,32.41121],[-117.24931,32.41103],[-117.24931,32.41046],[-117.24887,32.4099],[-117.24909,32.40971],[-117.24909,32.40933],[-117.24865,32.40896],[-117.2482,32.40896],[-117.2482,32.40877],[-117.24731,32.40802],[-117.24664,32.40802],[-117.24642,32.40839],[-117.24597,32.40839],[-117.24575,32.4082],[-117.24597,32.40783],[-117.24575,32.40764],[-117.24575,32.40595],[-117.24486,32.40538],[-117.24486,32.40501],[-117.24508,32.40463],[-117.2453,32.40463],[-117.24597,32.40519],[-117.24642,32.40519],[-117.24686,32.40463],[-117.24686,32.40425],[-117.24664,32.40388],[-117.24686,32.40369],[-117.24686,32.40331],[-117.24642,32.40294],[-117.24597,32.40294],[-117.24508,32.40331],[-117.24575,32.40256],[-117.24575,32.40049],[-117.24597,32.4003],[-117.24575,32.40012],[-117.24575,32.39955],[-117.24597,32.39936],[-117.24575,32.39899],[-117.24597,32.3988],[-117.24597,32.39842],[-117.2453,32.39767],[-117.2453,32.3973],[-117.24486,32.39673],[-117.24486,32.39598],[-117.24575,32.39673],[-117.24619,32.39673],[-117.24664,32.39635],[-117.24664,32.3956],[-117.24597,32.39485],[-117.2453,32.39485],[-117.24508,32.39466],[-117.24441,32.39485],[-117.24419,32.39447],[-117.24419,32.39391],[-117.24374,32.39372],[-117.2433,32.39316],[-117.2433,32.39241],[-117.24241,32.39146],[-117.24241,32.39071],[-117.24218,32.39052],[-117.24174,32.39052],[-117.24152,32.39034],[-117.23996,32.39034],[-117.23973,32.39015],[-117.23884,32.39109],[-117.23884,32.39146],[-117.23862,32.39165],[-117.23862,32.39353],[-117.2384,32.39391],[-117.23884,32.39466],[-117.23884,32.39824],[-117.23907,32.39842],[-117.23907,32.39899],[-117.23973,32.39993],[-117.23973,32.40237],[-117.24063,32.40331],[-117.24063,32.40369],[-117.24085,32.40388],[-117.24085,32.40444],[-117.24152,32.40538],[-117.24152,32.41008],[-117.24174,32.41027],[-117.24196,32.41159],[-117.24263,32.41272],[-117.24263,32.41403],[-117.24374,32.41497],[-117.24464,32.41516],[-117.24508,32.41554],[-117.24597,32.41704],[-117.24642,32.41742],[-117.24709,32.41761],[-117.24731,32.41798],[-117.24731,32.41855],[-117.24775,32.41892],[-117.24798,32.41892],[-117.24798,32.41949],[-117.2482,32.41986],[-117.24842,32.42005],[-117.24909,32.42005],[-117.24931,32.42024],[-117.25043,32.42043],[-117.2502,32.42062],[-117.25043,32.42099],[-117.25087,32.42118]],[[-117.24619,32.42118],[-117.24686,32.42043],[-117.24731,32.42043],[-117.24753,32.42062],[-117.24798,32.42024],[-117.24731,32.41986],[-117.24731,32.41911],[-117.24709,32.41892],[-117.24686,32.41892],[-117.24619,32.41968],[-117.24597,32.41968],[-117.2453,32.42024],[-117.2453,32.42081],[-117.24575,32.42118],[-117.24619,32.42118]],[[-117.2511,32.42099],[-117.2511,32.42099]],[[-117.24642,32.42099],[-117.24642,32.42099]],[[-117.24553,32.42099],[-117.24553,32.42099]],[[-117.25043,32.42081],[-117.25043,32.42081]],[[-117.25154,32.42062],[-117.25154,32.42062]],[[-117.24664,32.42062],[-117.24664,32.42062]],[[-117.25087,32.42024],[-117.25043,32.42043],[-117.2511,32.42005],[-117.25087,32.42024]],[[-117.24775,32.42043],[-117.24775,32.42043]],[[-117.24731,32.42043],[-117.24731,32.42043]],[[-117.24686,32.42043],[-117.24686,32.42043]],[[-117.26045,32.42024],[-117.26157,32.41892],[-117.26157,32.41817],[-117.26201,32.4178],[-117.26201,32.41723],[-117.26157,32.41667],[-117.26112,32.41648],[-117.2609,32.4161],[-117.2609,32.41573],[-117.25956,32.41441],[-117.25867,32.41497],[-117.25867,32.41573],[-117.25889,32.41592],[-117.25889,32.41742],[-117.25867,32.4178],[-117.25733,32.41798],[-117.25711,32.41817],[-117.25711,32.41855],[-117.25778,32.4193],[-117.25823,32.41911],[-117.25889,32.41911],[-117.25934,32.41968],[-117.25978,32.41968],[-117.26001,32.41949],[-117.26001,32.41986],[-117.26045,32.42024]],[[-117.25065,32.42024],[-117.25065,32.42024]],[[-117.24976,32.42024],[-117.24976,32.42024]],[[-117.26068,32.42005],[-117.26068,32.42005]],[[-117.26023,32.42005],[-117.26023,32.42005]],[[-117.2511,32.42005],[-117.2511,32.41986],[-117.2511,32.42005]],[[-117.24909,32.42005],[-117.24909,32.42005]],[[-117.2511,32.41986],[-117.2511,32.41986]],[[-117.2609,32.41968],[-117.2609,32.41968]],[[-117.2482,32.41968],[-117.2482,32.41968]],[[-117.26112,32.41949],[-117.26112,32.41949]],[[-117.26001,32.41949],[-117.26001,32.41949]],[[-117.25912,32.4193],[-117.25912,32.4193]],[[-117.26134,32.41911],[-117.26134,32.41911]],[[-117.25889,32.41911],[-117.25889,32.41911]],[[-117.25823,32.41911],[-117.25823,32.41911]],[[-117.25756,32.41892],[-117.25756,32.41892]],[[-117.24798,32.41892],[-117.24798,32.41892]],[[-117.25733,32.41874],[-117.25733,32.41874]],[[-117.24753,32.41874],[-117.24753,32.41874]],[[-117.26157,32.41817],[-117.26157,32.41817]],[[-117.26179,32.41798],[-117.26179,32.41798]],[[-117.24731,32.41798],[-117.24731,32.41798]],[[-117.24709,32.41761],[-117.24709,32.41761]],[[-117.24664,32.41742],[-117.24664,32.41742]],[[-117.24619,32.41723],[-117.24619,32.41723]],[[-117.24597,32.41686],[-117.24597,32.41686]],[[-117.24575,32.41648],[-117.24575,32.41648]],[[-117.24553,32.41629],[-117.24553,32.41629]],[[-117.25889,32.41592],[-117.25889,32.41592]],[[-117.2453,32.41592],[-117.2453,32.41592]],[[-117.24508,32.41554],[-117.24508,32.41554]],[[-117.24486,32.41535],[-117.24486,32.41535]],[[-117.24464,32.41516],[-117.24464,32.41516]],[[-117.24397,32.41497],[-117.24397,32.41497]],[[-117.24352,32.41479],[-117.24352,32.41479]],[[-117.2433,32.4146],[-117.2433,32.4146]],[[-117.24308,32.41441],[-117.24308,32.41441]],[[-117.24285,32.41422],[-117.24285,32.41422]],[[-117.24976,32.41366],[-117.24976,32.41366]],[[-117.24263,32.41272],[-117.24263,32.41272]],[[-117.24241,32.41215],[-117.24241,32.41215]],[[-117.24218,32.41178],[-117.24218,32.41178]],[[-117.24196,32.41103],[-117.24196,32.41103]],[[-117.24174,32.41027],[-117.24174,32.41027]],[[-117.24887,32.4099],[-117.24887,32.4099]],[[-117.24575,32.40802],[-117.24575,32.40802]],[[-117.24686,32.40745],[-117.24753,32.40708],[-117.24753,32.4067],[-117.24731,32.40651],[-117.24731,32.40576],[-117.24709,32.40557],[-117.24664,32.40557],[-117.24642,32.40576],[-117.24642,32.40651],[-117.24664,32.4067],[-117.24664,32.40726],[-117.24686,32.40745]],[[-117.24709,32.40726],[-117.24709,32.40726]],[[-117.24664,32.4067],[-117.24664,32.4067]],[[-117.24753,32.40538],[-117.24842,32.40463],[-117.24842,32.4035],[-117.24753,32.40237],[-117.24753,32.402],[-117.24731,32.40181],[-117.24731,32.4003],[-117.24686,32.39974],[-117.24664,32.39993],[-117.24664,32.40049],[-117.24642,32.40068],[-117.24664,32.40087],[-117.24664,32.40143],[-117.24642,32.40162],[-117.24664,32.402],[-117.24642,32.40237],[-117.24664,32.40275],[-117.24753,32.40331],[-117.24753,32.40369],[-117.24731,32.40407],[-117.24753,32.40425],[-117.24753,32.40482],[-117.24709,32.40519],[-117.24753,32.40538]],[[-117.24152,32.40538],[-117.24152,32.40538]],[[-117.24775,32.40519],[-117.24775,32.40519]],[[-117.24798,32.40501],[-117.24798,32.40501]],[[-117.24575,32.40501],[-117.24575,32.40501]],[[-117.24486,32.40501],[-117.24486,32.40501]],[[-117.24129,32.40501],[-117.24129,32.40501]],[[-117.2482,32.40482],[-117.2482,32.40482]],[[-117.24664,32.40482],[-117.24664,32.40482]],[[-117.24553,32.40482],[-117.24553,32.40482]],[[-117.2453,32.40463],[-117.2453,32.40463]],[[-117.24508,32.40463],[-117.24508,32.40463]],[[-117.24107,32.40463],[-117.24107,32.40463]],[[-117.23795,32.40444],[-117.23862,32.40369],[-117.23862,32.4035],[-117.23907,32.40388],[-117.23951,32.40388],[-117.23973,32.40369],[-117.23973,32.40313],[-117.23929,32.40275],[-117.23907,32.40275],[-117.23907,32.40237],[-117.23884,32.40219],[-117.23884,32.40181],[-117.23907,32.40162],[-117.23884,32.40125],[-117.2384,32.40143],[-117.2384,32.40275],[-117.23884,32.40313],[-117.23862,32.4035],[-117.2384,32.40313],[-117.23773,32.40294],[-117.23706,32.4035],[-117.23706,32.40425],[-117.23728,32.40444],[-117.23795,32.40444]],[[-117.24753,32.40425],[-117.24753,32.40425]],[[-117.23817,32.40407],[-117.23817,32.40407]],[[-117.24664,32.40388],[-117.24664,32.40388]],[[-117.24085,32.40388],[-117.24085,32.40388]],[[-117.2384,32.40388],[-117.2384,32.40388]],[[-117.23884,32.40369],[-117.23884,32.40369]],[[-117.24753,32.40331],[-117.24753,32.40331]],[[-117.24508,32.40331],[-117.24508,32.40331]],[[-117.24063,32.40331],[-117.24063,32.40331]],[[-117.24731,32.40313],[-117.24731,32.40313]],[[-117.23884,32.40313],[-117.23884,32.40313]],[[-117.24686,32.40294],[-117.24686,32.40294]],[[-117.2453,32.40294],[-117.2453,32.40294]],[[-117.2404,32.40294],[-117.2404,32.40294]],[[-117.23862,32.40294],[-117.23862,32.40294]],[[-117.24553,32.40275],[-117.24553,32.40275]],[[-117.24018,32.40275],[-117.24018,32.40275]],[[-117.24664,32.40256],[-117.24664,32.40256]],[[-117.23996,32.40256],[-117.23996,32.40256]],[[-117.24664,32.40181],[-117.24664,32.40181]],[[-117.23884,32.40181],[-117.23884,32.40181]],[[-117.24664,32.40087],[-117.24664,32.40087]],[[-117.24575,32.40049],[-117.24575,32.40049]],[[-117.23862,32.40049],[-117.23907,32.39993],[-117.23884,32.39974],[-117.2384,32.39993],[-117.2384,32.4003],[-117.23862,32.40049]],[[-117.23884,32.40012],[-117.23884,32.40012]],[[-117.23973,32.39993],[-117.23973,32.39993]],[[-117.24575,32.39955],[-117.24575,32.39955]],[[-117.23951,32.39955],[-117.23951,32.39955]],[[-117.23929,32.39918],[-117.23929,32.39918]],[[-117.24575,32.39899],[-117.24575,32.39899]],[[-117.23907,32.39842],[-117.23907,32.39842]],[[-117.23795,32.39692],[-117.23817,32.39673],[-117.23817,32.39598],[-117.2384,32.39579],[-117.23817,32.39541],[-117.23817,32.39504],[-117.23795,32.39485],[-117.23706,32.39485],[-117.23661,32.39523],[-117.23661,32.39635],[-117.23795,32.39692]],[[-117.23751,32.39673],[-117.23751,32.39673]],[[-117.24642,32.39654],[-117.24642,32.39654]],[[-117.24553,32.39654],[-117.24553,32.39654]],[[-117.23706,32.39654],[-117.23706,32.39654]],[[-117.2453,32.39635],[-117.2453,32.39635]],[[-117.24508,32.39617],[-117.24508,32.39617]],[[-117.24486,32.39598],[-117.24486,32.39579],[-117.24486,32.39598]],[[-117.23817,32.39598],[-117.23817,32.39598]],[[-117.24486,32.39579],[-117.24486,32.3956],[-117.24486,32.39579]],[[-117.24486,32.3956],[-117.24486,32.3956]],[[-117.23884,32.39466],[-117.23884,32.39466]],[[-117.23862,32.3941],[-117.23862,32.3941]]]},"properties":{"depth_m":50}},{"type":"Feature","geometry":{"type":"MultiLineString","coordinates":[[[-117.3098,32.45805],[-117.31036,32.45649]],[[-117.24022,32.36795],[-117.2412,32.37078],[-117.24228,32.37322],[-117.24601,32.37905],[-117.24681,32.38469],[-117.24719,32.38601],[-117.24783,32.38733],[-117.24945,32.38958],[-117.2521,32.39259],[-117.25413,32.39466],[-117.25689,32.39701],[-117.25823,32.39838],[-117.25978,32.40042],[-117.2613,32.40294],[-117.26175,32.40407],[-117.26184,32.40519],[-117.26165,32.40708],[-117.2608,32.41159],[-117.26112,32.41441],[-117.26168,32.41497],[-117.26201,32.41585],[-117.26714,32.42035],[-117.26809,32.42137],[-117.26892,32.42305],[-117.26976,32.42645],[-117.26986,32.42833],[-117.26964,32.42889],[-117.26919,32.42946],[-117.26781,32.43039],[-117.26402,32.43213],[-117.26179,32.43348],[-117.25956,32.43541],[-117.25756,32.43784],[-117.25546,32.44093],[-117.25443,32.44319],[-117.25427,32.44413],[-117.25434,32.44507],[-117.25462,32.44582],[-117.25513,32.44657],[-117.25625,32.44751],[-117.258,32.44836],[-117.25978,32.44886],[-117.26224,32.44915],[-117.2707,32.44952],[-117.27894,32.44943],[-117.28741,32.44918],[-117.28897,32.44898],[-117.29017,32.44864],[-117.29142,32.44787],[-117.29211,32.44695],[-117.29259,32.44544],[-117.29267,32.44356],[-117.29242,32.44225],[-117.29182,32.44074],[-117.28925,32.43642],[-117.28893,32.43529],[-117.28893,32.43435],[-117.28934,32.43322],[-117.29036,32.43209],[-117.29164,32.43136],[-117.29298,32.43115],[-117.29387,32.43146],[-117.29435,32.4319],[-117.29502,32.43303],[-117.29588,32.43364],[-117.29654,32.43439],[-117.29743,32.43472],[-117.29654,32.43472],[-117.2961,32.43454],[-117.2961,32.43435],[-117.29543,32.43378],[-117.29499,32.43378],[-117.29476,32.43359],[-117.29454,32.43378],[-117.29409,32.43359],[-117.29365,32.43378],[-117.2932,32.43454],[-117.2932,32.43491],[-117.29343,32.43529],[-117.29409,32.43585],[-117.29409,32.43623],[-117.29387,32.43642],[-117.29387,32.43811],[-117.29409,32.4383],[-117.29409,32.43867],[-117.29499,32.43999],[-117.29499,32.44055],[-117.29521,32.44093],[-117.2961,32.44168],[-117.2961,32.44337],[-117.29744,32.44469],[-117.29766,32.44526],[-117.29833,32.44582],[-117.29922,32.44582],[-117.29922,32.4462],[-117.29944,32.44638],[-117.29966,32.44601],[-117.30056,32.44526],[-117.30078,32.44488],[-117.30078,32.44243],[-117.30033,32.44225],[-117.30011,32.44187],[-117.30012,32.44131],[-117.30015,32.44168],[-117.30078,32.44225],[-117.30085,32.44262],[-117.30102,32.44488],[-117.30054,32.44695],[-117.30056,32.44717],[-117.30087,32.44751],[-117.30189,32.44797],[-117.30323,32.44832],[-117.30796,32.44845],[-117.31036,32.44909]],[[-117.20721,32.44942],[-117.20756,32.44902],[-117.20755,32.44808],[-117.20724,32.44732],[-117.20676,32.44696],[-117.20669,32.44657],[-117.20632,32.44627],[-117.2058,32.44676],[-117.2058,32.4477],[-117.20663,32.44921],[-117.20721,32.44942]],[[-117.31014,32.44902],[-117.31014,32.44902]],[[-117.30167,32.44789],[-117.30167,32.44789]],[[-117.23795,32.44661],[-117.23907,32.4462],[-117.23998,32.44563],[-117.24074,32.44488],[-117.24106,32.44413],[-117.24095,32.44337],[-117.24055,32.44281],[-117.23973,32.44221],[-117.23862,32.44181],[-117.23751,32.44169],[-117.23639,32.44176],[-117.2326,32.4429],[-117.22904,32.44308],[-117.22815,32.44345],[-117.2277,32.44384],[-117.22745,32.44432],[-117.22743,32.44488],[-117.22769,32.44544],[-117.22828,32.44601],[-117.22882,32.44624],[-117.22983,32.4462],[-117.23194,32.44542],[-117.23283,32.44529],[-117.23372,32.44545],[-117.23658,32.44657],[-117.23795,32.44661]],[[-117.29588,32.44638],[-117.29632,32.44601],[-117.29632,32.44563],[-117.29588,32.44507],[-117.29565,32.44507],[-117.29521,32.44544],[-117.29521,32.44601],[-117.29565,32.44638],[-117.29588,32.44638]],[[-117.2961,32.4462],[-117.2961,32.4462]],[[-117.29543,32.4462],[-117.29543,32.4462]],[[-117.29966,32.44601],[-117.29966,32.44601]],[[-117.23506,32.44601],[-117.23506,32.44601]],[[-117.29989,32.44582],[-117.29989,32.44582]],[[-117.29922,32.44582],[-117.29922,32.44582]],[[-117.30011,32.44563],[-117.30011,32.44563]],[[-117.2981,32.44563],[-117.2981,32.44563]],[[-117.20966,32.44545],[-117.21228,32.44469],[-117.21307,32.44432],[-117.21382,32.44356],[-117.21402,32.44243],[-117.21352,32.44131],[-117.21246,32.44018],[-117.20966,32.43805],[-117.20899,32.43777],[-117.20854,32.4378],[-117.20788,32.43834],[-117.20762,32.43961],[-117.20766,32.44074],[-117.20794,32.44131],[-117.20815,32.44413],[-117.20883,32.44469],[-117.20921,32.4453],[-117.20966,32.44545]],[[-117.30033,32.44544],[-117.30033,32.44544]],[[-117.29788,32.44544],[-117.29788,32.44544]],[[-117.30056,32.44507],[-117.30056,32.44507]],[[-117.29766,32.44507],[-117.29766,32.44507]],[[-117.29744,32.44469],[-117.29744,32.44469]],[[-117.20565,32.44467],[-117.20596,32.44413],[-117.20565,32.44322],[-117.20542,32.44306],[-117.20501,32.44356],[-117.20497,32.44432],[-117.2052,32.44459],[-117.20565,32.44467]],[[-117.29721,32.4445],[-117.29721,32.4445]],[[-117.29699,32.44432],[-117.29699,32.44432]],[[-117.29677,32.44394],[-117.29677,32.44394]],[[-117.29654,32.44375],[-117.29654,32.44375]],[[-117.29632,32.44356],[-117.29632,32.44356]],[[-117.2961,32.44168],[-117.2961,32.44168]],[[-117.29588,32.44149],[-117.29588,32.44149]],[[-117.30011,32.44131],[-117.30011,32.44131]],[[-117.29565,32.44131],[-117.29565,32.44131]],[[-117.29543,32.44112],[-117.29543,32.44112]],[[-117.29521,32.44074],[-117.29521,32.44074]],[[-117.29499,32.43999],[-117.29499,32.43999]],[[-117.29966,32.43961],[-117.29922,32.43943],[-117.29922,32.43924],[-117.29877,32.43886],[-117.29877,32.43862],[-117.29966,32.43961]],[[-117.29476,32.43961],[-117.29476,32.43961]],[[-117.29454,32.43924],[-117.29454,32.43924]],[[-117.29432,32.43886],[-117.29432,32.43886]],[[-117.29855,32.43848],[-117.29855,32.43828],[-117.29833,32.43848],[-117.29855,32.43848]],[[-117.29833,32.43848],[-117.29833,32.43848]],[[-117.29833,32.43811],[-117.29834,32.43642],[-117.29788,32.43602],[-117.29788,32.43642],[-117.29833,32.4366],[-117.29833,32.43811]],[[-117.29409,32.4383],[-117.29409,32.4383]],[[-117.29788,32.43642],[-117.29788,32.43642]],[[-117.29766,32.43585],[-117.29744,32.43473],[-117.29744,32.43585],[-117.29766,32.43585]],[[-117.29744,32.43585],[-117.29744,32.43585]],[[-117.29409,32.43585],[-117.29409,32.43585]],[[-117.29387,32.43566],[-117.29387,32.43566]],[[-117.29365,32.43548],[-117.29365,32.43548]],[[-117.29343,32.4351],[-117.29343,32.4351]],[[-117.29721,32.43454],[-117.29721,32.43454]],[[-117.26335,32.42607],[-117.2638,32.42551],[-117.26357,32.42513],[-117.26402,32.42438],[-117.2629,32.42306],[-117.26246,32.42344],[-117.26268,32.42363],[-117.26246,32.42381],[-117.26268,32.42419],[-117.26246,32.42438],[-117.26246,32.42494],[-117.2629,32.4257],[-117.26335,32.42607]],[[-117.26313,32.42588],[-117.26313,32.42588]],[[-117.26357,32.4257],[-117.26357,32.4257]],[[-117.2629,32.42551],[-117.2629,32.42551]],[[-117.26357,32.42513],[-117.26357,32.42513]],[[-117.26268,32.42513],[-117.26268,32.42513]],[[-117.2638,32.42475],[-117.2638,32.42475]],[[-117.26268,32.424],[-117.26268,32.424]],[[-117.26268,32.42363],[-117.26268,32.42363]],[[-117.25087,32.42118],[-117.25154,32.42081],[-117.25176,32.42043],[-117.25176,32.42005],[-117.25154,32.41986],[-117.25154,32.41911],[-117.25132,32.41892],[-117.25132,32.41855],[-117.24998,32.41742],[-117.24998,32.41479],[-117.24976,32.41441],[-117.24998,32.41272],[-117.24954,32.41197],[-117.24954,32.41121],[-117.24931,32.41103],[-117.24931,32.41046],[-117.24887,32.4099],[-117.24909,32.40971],[-117.24909,32.40933],[-117.24865,32.40896],[-117.2482,32.40896],[-117.2482,32.40877],[-117.24731,32.40802],[-117.24664,32.40802],[-117.24642,32.40839],[-117.24597,32.40839],[-117.24575,32.4082],[-117.24597,32.40783],[-117.24575,32.40764],[-117.24575,32.40595],[-117.24486,32.40538],[-117.24486,32.40501],[-117.24508,32.40463],[-117.2453,32.40463],[-117.24597,32.40519],[-117.24642,32.40519],[-117.24686,32.40463],[-117.24686,32.40425],[-117.24664,32.40388],[-117.24686,32.40369],[-117.24686,32.40331],[-117.24642,32.40294],[-117.24597,32.40294],[-117.24508,32.40331],[-117.24575,32.40256],[-117.24575,32.40049],[-117.24597,32.4003],[-117.24575,32.40012],[-117.24575,32.39955],[-117.24597,32.39936],[-117.24575,32.39899],[-117.24597,32.3988],[-117.24597,32.39842],[-117.2453,32.39767],[-117.2453,32.3973],[-117.24486,32.39673],[-117.24486,32.39598],[-117.24575,32.39673],[-117.24619,32.39673],[-117.24664,32.39635],[-117.24664,32.3956],[-117.24597,32.39485],[-117.2453,32.39485],[-117.24508,32.39466],[-117.24441,32.39485],[-117.24419,32.39447],[-117.24419,32.39391],[-117.24374,32.39372],[-117.2433,32.39316],[-117.2433,32.39241],[-117.24241,32.39146],[-117.24241,32.39071],[-117.24218,32.39052],[-117.24174,32.39052],[-117.24152,32.39034],[-117.23996,32.39034],[-117.23973,32.39015],[-117.23884,32.39109],[-117.23884,32.39146],[-117.23862,32.39165],[-117.23862,32.39353],[-117.2384,32.39391],[-117.23884,32.39466],[-117.23884,32.39824],[-117.23907,32.39842],[-117.23907,32.39899],[-117.23973,32.39993],[-117.23973,32.40237],[-117.24063,32.40331],[-117.24063,32.40369],[-117.24085,32.40388],[-117.24085,32.40444],[-117.24152,32.40538],[-117.24152,32.41008],[-117.24174,32.41027],[-117.24196,32.41159],[-117.24263,32.41272],[-117.24263,32.41403],[-117.24374,32.41497],[-117.24464,32.41516],[-117.24508,32.41554],[-117.24597,32.41704],[-117.24642,32.41742],[-117.24709,32.41761],[-117.24731,32.41798],[-117.24731,32.41855],[-117.24775,32.41892],[-117.24798,32.41892],[-117.24798,32.41949],[-117.2482,32.41986],[-117.24842,32.42005],[-117.24909,32.42005],[-117.24931,32.42024],[-117.25043,32.42043],[-117.2502,32.42062],[-117.25043,32.42099],[-117.25087,32.42118]],[[-117.24619,32.42118],[-117.24686,32.42043],[-117.24731,32.42043],[-117.24753,32.42062],[-117.24798,32.42024],[-117.24731,32.41986],[-117.24731,32.41911],[-117.24709,32.41892],[-117.24686,32.41892],[-117.24619,32.41968],[-117.24597,32.41968],[-117.2453,32.42024],[-117.2453,32.42081],[-117.24575,32.42118],[-117.24619,32.42118]],[[-117.2511,32.42099],[-117.2511,32.42099]],[[-117.24642,32.42099],[-117.24642,32.42099]],[[-117.24553,32.42099],[-117.24553,32.42099]],[[-117.25043,32.42081],[-117.25043,32.42081]],[[-117.25154,32.42062],[-117.25154,32.42062]],[[-117.24664,32.42062],[-117.24664,32.42062]],[[-117.25087,32.42024],[-117.25043,32.42043],[-117.2511,32.42005],[-117.25087,32.42024]],[[-117.24775,32.42043],[-117.24775,32.42043]],[[-117.24731,32.42043],[-117.24731,32.42043]],[[-117.24686,32.42043],[-117.24686,32.42043]],[[-117.26045,32.42024],[-117.26157,32.41892],[-117.26157,32.41817],[-117.26201,32.4178],[-117.26201,32.41723],[-117.26157,32.41667],[-117.26112,32.41648],[-117.2609,32.4161],[-117.2609,32.41573],[-117.25956,32.41441],[-117.25867,32.41497],[-117.25867,32.41573],[-117.25889,32.41592],[-117.25889,32.41742],[-117.25867,32.4178],[-117.25733,32.41798],[-117.25711,32.41817],[-117.25711,32.41855],[-117.25778,32.4193],[-117.25823,32.41911],[-117.25889,32.41911],[-117.25934,32.41968],[-117.25978,32.41968],[-117.26001,32.41949],[-117.26001,32.41986],[-117.26045,32.42024]],[[-117.25065,32.42024],[-117.25065,32.42024]],[[-117.24976,32.42024],[-117.24976,32.42024]],[[-117.26068,32.42005],[-117.26068,32.42005]],[[-117.26023,32.42005],[-117.26023,32.42005]],[[-117.2511,32.42005],[-117.2511,32.41986],[-117.2511,32.42005]],[[-117.24909,32.42005],[-117.24909,32.42005]],[[-117.2511,32.41986],[-117.2511,32.41986]],[[-117.2609,32.41968],[-117.2609,32.41968]],[[-117.2482,32.41968],[-117.2482,32.41968]],[[-117.26112,32.41949],[-117.26112,32.41949]],[[-117.26001,32.41949],[-117.26001,32.41949]],[[-117.25912,32.4193],[-117.25912,32.4193]],[[-117.26134,32.41911],[-117.26134,32.41911]],[[-117.25889,32.41911],[-117.25889,32.41911]],[[-117.25823,32.41911],[-117.25823,32.41911]],[[-117.25756,32.41892],[-117.25756,32.41892]],[[-117.24798,32.41892],[-117.24798,32.41892]],[[-117.25733,32.41874],[-117.25733,32.41874]],[[-117.24753,32.41874],[-117.24753,32.41874]],[[-117.26157,32.41817],[-117.26157,32.41817]],[[-117.26179,32.41798],[-117.26179,32.41798]],[[-117.24731,32.41798],[-117.24731,32.41798]],[[-117.24709,32.41761],[-117.24709,32.41761]],[[-117.24664,32.41742],[-117.24664,32.41742]],[[-117.24619,32.41723],[-117.24619,32.41723]],[[-117.24597,32.41686],[-117.24597,32.41686]],[[-117.24575,32.41648],[-117.24575,32.41648]],[[-117.24553,32.41629],[-117.24553,32.41629]],[[-117.25889,32.41592],[-117.25889,32.41592]],[[-117.2453,32.41592],[-117.2453,32.41592]],[[-117.24508,32.41554],[-117.24508,32.41554]],[[-117.24486,32.41535],[-117.24486,32.41535]],[[-117.24464,32.41516],[-117.24464,32.41516]],[[-117.24397,32.41497],[-117.24397,32.41497]],[[-117.24352,32.41479],[-117.24352,32.41479]],[[-117.2433,32.4146],[-117.2433,32.4146]],[[-117.24308,32.41441],[-117.24308,32.41441]],[[-117.24285,32.41422],[-117.24285,32.41422]],[[-117.24976,32.41366],[-117.24976,32.41366]],[[-117.24263,32.41272],[-117.24263,32.41272]],[[-117.24241,32.41215],[-117.24241,32.41215]],[[-117.24218,32.41178],[-117.24218,32.41178]],[[-117.24196,32.41103],[-117.24196,32.41103]],[[-117.24174,32.41027],[-117.24174,32.41027]],[[-117.24887,32.4099],[-117.24887,32.4099]],[[-117.24575,32.40802],[-117.24575,32.40802]],[[-117.24686,32.40745],[-117.24753,32.40708],[-117.24753,32.4067],[-117.24731,32.40651],[-117.24731,32.40576],[-117.24709,32.40557],[-117.24664,32.40557],[-117.24642,32.40576],[-117.24642,32.40651],[-117.24664,32.4067],[-117.24664,32.40726],[-117.24686,32.40745]],[[-117.24709,32.40726],[-117.24709,32.40726]],[[-117.24664,32.4067],[-117.24664,32.4067]],[[-117.24753,32.40538],[-117.24842,32.40463],[-117.24842,32.4035],[-117.24753,32.40237],[-117.24753,32.402],[-117.24731,32.40181],[-117.24731,32.4003],[-117.24686,32.39974],[-117.24664,32.39993],[-117.24664,32.40049],[-117.24642,32.40068],[-117.24664,32.40087],[-117.24664,32.40143],[-117.24642,32.40162],[-117.24664,32.402],[-117.24642,32.40237],[-117.24664,32.40275],[-117.24753,32.40331],[-117.24753,32.40369],[-117.24731,32.40407],[-117.24753,32.40425],[-117.24753,32.40482],[-117.24709,32.40519],[-117.24753,32.40538]],[[-117.24152,32.40538],[-117.24152,32.40538]],[[-117.24775,32.40519],[-117.24775,32.40519]],[[-117.24798,32.40501],[-117.24798,32.40501]],[[-117.24575,32.40501],[-117.24575,32.40501]],[[-117.24486,32.40501],[-117.24486,32.40501]],[[-117.24129,32.40501],[-117.24129,32.40501]],[[-117.2482,32.40482],[-117.2482,32.40482]],[[-117.24664,32.40482],[-117.24664,32.40482]],[[-117.24553,32.40482],[-117.24553,32.40482]],[[-117.2453,32.40463],[-117.2453,32.40463]],[[-117.24508,32.40463],[-117.24508,32.40463]],[[-117.24107,32.40463],[-117.24107,32.40463]],[[-117.23795,32.40444],[-117.23862,32.40369],[-117.23862,32.4035],[-117.23907,32.40388],[-117.23951,32.40388],[-117.23973,32.40369],[-117.23973,32.40313],[-117.23929,32.40275],[-117.23907,32.40275],[-117.23907,32.40237],[-117.23884,32.40219],[-117.23884,32.40181],[-117.23907,32.40162],[-117.23884,32.40125],[-117.2384,32.40143],[-117.2384,32.40275],[-117.23884,32.40313],[-117.23862,32.4035],[-117.2384,32.40313],[-117.23773,32.40294],[-117.23706,32.4035],[-117.23706,32.40425],[-117.23728,32.40444],[-117.23795,32.40444]],[[-117.24753,32.40425],[-117.24753,32.40425]],[[-117.23817,32.40407],[-117.23817,32.40407]],[[-117.24664,32.40388],[-117.24664,32.40388]],[[-117.24085,32.40388],[-117.24085,32.40388]],[[-117.2384,32.40388],[-117.2384,32.40388]],[[-117.23884,32.40369],[-117.23884,32.40369]],[[-117.24753,32.40331],[-117.24753,32.40331]],[[-117.24508,32.40331],[-117.24508,32.40331]],[[-117.24063,32.40331],[-117.24063,32.40331]],[[-117.24731,32.40313],[-117.24731,32.40313]],[[-117.23884,32.40313],[-117.23884,32.40313]],[[-117.24686,32.40294],[-117.24686,32.40294]],[[-117.2453,32.40294],[-117.2453,32.40294]],[[-117.2404,32.40294],[-117.2404,32.40294]],[[-117.23862,32.40294],[-117.23862,32.40294]],[[-117.24553,32.40275],[-117.24553,32.40275]],[[-117.24018,32.40275],[-117.24018,32.40275]],[[-117.24664,32.40256],[-117.24664,32.40256]],[[-117.23996,32.40256],[-117.23996,32.40256]],[[-117.24664,32.40181],[-117.24664,32.40181]],[[-117.23884,32.40181],[-117.23884,32.40181]],[[-117.24664,32.40087],[-117.24664,32.40087]],[[-117.24575,32.40049],[-117.24575,32.40049]],[[-117.23862,32.40049],[-117.23907,32.39993],[-117.23884,32.39974],[-117.2384,32.39993],[-117.2384,32.4003],[-117.23862,32.40049]],[[-117.23884,32.40012],[-117.23884,32.40012]],[[-117.23973,32.39993],[-117.23973,32.39993]],[[-117.24575,32.39955],[-117.24575,32.39955]],[[-117.23951,32.39955],[-117.23951,32.39955]],[[-117.23929,32.39918],[-117.23929,32.39918]],[[-117.24575,32.39899],[-117.24575,32.39899]],[[-117.23907,32.39842],[-117.23907,32.39842]],[[-117.23795,32.39692],[-117.23817,32.39673],[-117.23817,32.39598],[-117.2384,32.39579],[-117.23817,32.39541],[-117.23817,32.39504],[-117.23795,32.39485],[-117.23706,32.39485],[-117.23661,32.39523],[-117.23661,32.39635],[-117.23795,32.39692]],[[-117.23751,32.39673],[-117.23751,32.39673]],[[-117.24642,32.39654],[-117.24642,32.39654]],[[-117.24553,32.39654],[-117.24553,32.39654]],[[-117.23706,32.39654],[-117.23706,32.39654]],[[-117.2453,32.39635],[-117.2453,32.39635]],[[-117.24508,32.39617],[-117.24508,32.39617]],[[-117.24486,32.39598],[-117.24486,32.39579],[-117.24486,32.39598]],[[-117.23817,32.39598],[-117.23817,32.39598]],[[-117.24486,32.39579],[-117.24486,32.3956],[-117.24486,32.39579]],[[-117.24486,32.3956],[-117.24486,32.3956]],[[-117.23884,32.39466],[-117.23884,32.39466]],[[-117.23862,32.3941],[-117.23862,32.3941]]]},"properties":{"depth_m":50}},{"type":"Feature","geometry":{"type":"MultiLineString","coordinates":[[[-117.20698,32.44903],[-117.20729,32.44883],[-117.20721,32.44857],[-117.20698,32.44848],[-117.20675,32.44864],[-117.20698,32.44903]],[[-117.24296,32.36795],[-117.24366,32.37021],[-117.24459,32.37247],[-117.24797,32.37868],[-117.24967,32.38488],[-117.25078,32.38752],[-117.25174,32.38902],[-117.25295,32.39052],[-117.25867,32.39661],[-117.26001,32.39857],[-117.26179,32.40185],[-117.26252,32.4035],[-117.26274,32.40463],[-117.26246,32.41121],[-117.26256,32.41234],[-117.26281,32.41309],[-117.26351,32.41441],[-117.26465,32.41592],[-117.26847,32.41961],[-117.26959,32.42095],[-117.27106,32.42532],[-117.27261,32.42889],[-117.2725,32.42983],[-117.2716,32.43077],[-117.26625,32.43356],[-117.26466,32.43454],[-117.26068,32.43795],[-117.25926,32.43943],[-117.25805,32.44131],[-117.25753,32.443],[-117.25769,32.44469],[-117.25847,32.44601],[-117.25978,32.44706],[-117.26157,32.44776],[-117.27003,32.44879],[-117.27917,32.44892],[-117.28652,32.44872],[-117.2883,32.44852],[-117.28964,32.44808],[-117.29077,32.44732],[-117.29145,32.44638],[-117.29184,32.44507],[-117.29184,32.44337],[-117.29151,32.44206],[-117.29093,32.44074],[-117.28811,32.43642],[-117.28772,32.4351],[-117.28773,32.43378],[-117.28841,32.43247],[-117.2897,32.43134],[-117.29142,32.43048],[-117.29298,32.43022],[-117.29387,32.4304],[-117.29454,32.43086],[-117.29521,32.43187],[-117.29554,32.43284],[-117.29636,32.43397],[-117.29764,32.43472],[-117.29788,32.43581],[-117.29853,32.4366],[-117.2987,32.4383],[-117.29975,32.43943],[-117.29966,32.43961],[-117.29944,32.43961],[-117.29877,32.43886],[-117.29877,32.43867],[-117.29833,32.43848],[-117.29855,32.4383],[-117.29833,32.43811],[-117.29833,32.4366],[-117.29788,32.43642],[-117.29788,32.43604],[-117.29744,32.43585],[-117.29744,32.43491],[-117.29721,32.43472],[-117.29654,32.43472],[-117.2961,32.43454],[-117.2961,32.43435],[-117.29543,32.43378],[-117.29499,32.43378],[-117.29476,32.43359],[-117.29454,32.43378],[-117.29409,32.43359],[-117.29343,32.43397],[-117.2932,32.43491],[-117.29409,32.43585],[-117.29409,32.43623],[-117.29387,32.43642],[-117.29387,32.43811],[-117.29499,32.43999],[-117.29499,32.44055],[-117.29521,32.44093],[-117.2961,32.44168],[-117.2961,32.44337],[-117.29744,32.44469],[-117.29766,32.44526],[-117.29833,32.44582],[-117.29922,32.44582],[-117.29922,32.4462],[-117.29944,32.44638],[-117.29966,32.44601],[-117.30056,32.44526],[-117.30078,32.44488],[-117.30078,32.44243],[-117.30033,32.44225],[-117.30011,32.44187],[-117.30011,32.44131],[-117.30022,32.44131],[-117.30032,32.44168],[-117.30102,32.44243],[-117.30113,32.44638],[-117.30167,32.44703],[-117.30278,32.44751],[-117.30412,32.44777],[-117.30835,32.44761],[-117.31036,32.44774]],[[-117.27248,32.44883],[-117.27248,32.44883]],[[-117.29588,32.44638],[-117.29632,32.44601],[-117.29632,32.44563],[-117.29588,32.44507],[-117.29565,32.44507],[-117.29521,32.44544],[-117.29521,32.44601],[-117.29565,32.44638],[-117.29588,32.44638]],[[-117.2961,32.4462],[-117.2961,32.4462]],[[-117.29543,32.4462],[-117.29543,32.4462]],[[-117.29966,32.44601],[-117.29966,32.44601]],[[-117.29989,32.44582],[-117.29989,32.44582]],[[-117.29922,32.44582],[-117.29922,32.44582]],[[-117.30011,32.44563],[-117.30011,32.44563]],[[-117.2981,32.44563],[-117.2981,32.44563]],[[-117.30033,32.44544],[-117.30033,32.44544]],[[-117.29788,32.44544],[-117.29788,32.44544]],[[-117.30056,32.44507],[-117.30056,32.44507]],[[-117.29766,32.44507],[-117.29766,32.44507]],[[-117.29744,32.44469],[-117.29744,32.44469]],[[-117.29721,32.4445],[-117.29721,32.4445]],[[-117.29699,32.44432],[-117.29699,32.44432]],[[-117.29677,32.44394],[-117.29677,32.44394]],[[-117.29654,32.44375],[-117.29654,32.44375]],[[-117.29632,32.44356],[-117.29632,32.44356]],[[-117.25756,32.44281],[-117.25756,32.44281]],[[-117.2961,32.44168],[-117.2961,32.44168]],[[-117.29588,32.44149],[-117.29588,32.44149]],[[-117.30011,32.44131],[-117.30011,32.44131]],[[-117.29565,32.44131],[-117.29565,32.44131]],[[-117.29543,32.44112],[-117.29543,32.44112]],[[-117.29521,32.44074],[-117.29521,32.44074]],[[-117.30011,32.4398],[-117.30011,32.4398]],[[-117.29499,32.43999],[-117.29499,32.43999]],[[-117.29476,32.43961],[-117.29476,32.43961]],[[-117.29454,32.43924],[-117.29454,32.43924]],[[-117.29432,32.43886],[-117.29432,32.43886]],[[-117.29833,32.43848],[-117.29833,32.43848]],[[-117.29409,32.4383],[-117.29409,32.4383]],[[-117.26201,32.43679],[-117.26201,32.43679]],[[-117.29409,32.43585],[-117.29409,32.43585]],[[-117.29387,32.43566],[-117.29387,32.43566]],[[-117.29365,32.43548],[-117.29365,32.43548]],[[-117.29343,32.4351],[-117.29343,32.4351]],[[-117.28919,32.43171],[-117.28919,32.43171]],[[-117.26335,32.42607],[-117.2638,32.42551],[-117.26357,32.42513],[-117.26402,32.42438],[-117.2629,32.42306],[-117.26246,32.42344],[-117.26268,32.42363],[-117.26246,32.42381],[-117.26268,32.42419],[-117.26246,32.42438],[-117.26246,32.42494],[-117.2629,32.4257],[-117.26335,32.42607]],[[-117.26313,32.42588],[-117.26313,32.42588]],[[-117.26357,32.4257],[-117.26357,32.4257]],[[-117.2629,32.42551],[-117.2629,32.42551]],[[-117.26357,32.42513],[-117.26357,32.42513]],[[-117.26268,32.42513],[-117.26268,32.42513]],[[-117.2638,32.42475],[-117.2638,32.42475]],[[-117.26268,32.424],[-117.26268,32.424]],[[-117.26268,32.42363],[-117.26268,32.42363]],[[-117.25087,32.42118],[-117.25154,32.42081],[-117.25176,32.42043],[-117.25176,32.42005],[-117.25154,32.41986],[-117.25154,32.41911],[-117.25132,32.41892],[-117.25132,32.41855],[-117.24998,32.41742],[-117.24998,32.41479],[-117.24976,32.41441],[-117.24998,32.41272],[-117.24954,32.41197],[-117.24954,32.41121],[-117.24931,32.41103],[-117.24931,32.41046],[-117.24887,32.4099],[-117.24909,32.40971],[-117.24909,32.40933],[-117.24865,32.40896],[-117.2482,32.40896],[-117.2482,32.40877],[-117.24731,32.40802],[-117.24664,32.40802],[-117.24642,32.40839],[-117.24597,32.40839],[-117.24575,32.4082],[-117.24597,32.40783],[-117.24575,32.40764],[-117.24575,32.40595],[-117.24486,32.40538],[-117.24486,32.40501],[-117.24508,32.40463],[-117.2453,32.40463],[-117.24597,32.40519],[-117.24642,32.40519],[-117.24686,32.40463],[-117.24686,32.40425],[-117.24664,32.40388],[-117.24686,32.40369],[-117.24686,32.40331],[-117.24642,32.40294],[-117.24597,32.40294],[-117.24508,32.40331],[-117.24575,32.40256],[-117.24575,32.40049],[-117.24597,32.4003],[-117.24575,32.40012],[-117.24575,32.39955],[-117.24597,32.39936],[-117.24575,32.39899],[-117.24597,32.3988],[-117.24597,32.39842],[-117.2453,32.39767],[-117.2453,32.3973],[-117.24486,32.39673],[-117.24486,32.39598],[-117.24575,32.39673],[-117.24619,32.39673],[-117.24664,32.39635],[-117.24664,32.3956],[-117.24597,32.39485],[-117.2453,32.39485],[-117.24508,32.39466],[-117.24441,32.39485],[-117.24419,32.39447],[-117.24419,32.39391],[-117.24374,32.39372],[-117.2433,32.39316],[-117.2433,32.39241],[-117.24241,32.39146],[-117.24241,32.39071],[-117.24218,32.39052],[-117.24174,32.39052],[-117.24152,32.39034],[-117.23996,32.39034],[-117.23973,32.39015],[-117.23884,32.39109],[-117.23884,32.39146],[-117.23862,32.39165],[-117.23862,32.39353],[-117.2384,32.39391],[-117.23884,32.39466],[-117.23884,32.39824],[-117.23907,32.39842],[-117.23907,32.39899],[-117.23973,32.39993],[-117.23973,32.40237],[-117.24063,32.40331],[-117.24063,32.40369],[-117.24085,32.40388],[-117.24085,32.40444],[-117.24152,32.40538],[-117.24152,32.41008],[-117.24174,32.41027],[-117.24196,32.41159],[-117.24263,32.41272],[-117.24263,32.41403],[-117.24374,32.41497],[-117.24464,32.41516],[-117.24508,32.41554],[-117.24597,32.41704],[-117.24642,32.41742],[-117.24709,32.41761],[-117.24731,32.41798],[-117.24731,32.41855],[-117.24775,32.41892],[-117.24798,32.41892],[-117.24798,32.41949],[-117.2482,32.41986],[-117.24842,32.42005],[-117.24909,32.42005],[-117.24931,32.42024],[-117.25043,32.42043],[-117.2502,32.42062],[-117.25043,32.42099],[-117.25087,32.42118]],[[-117.24619,32.42118],[-117.24686,32.42043],[-117.24731,32.42043],[-117.24753,32.42062],[-117.24798,32.42024],[-117.24731,32.41986],[-117.24731,32.41911],[-117.24709,32.41892],[-117.24686,32.41892],[-117.24619,32.41968],[-117.24597,32.41968],[-117.2453,32.42024],[-117.2453,32.42081],[-117.24575,32.42118],[-117.24619,32.42118]],[[-117.2511,32.42099],[-117.2511,32.42099]],[[-117.24642,32.42099],[-117.24642,32.42099]],[[-117.24553,32.42099],[-117.24553,32.42099]],[[-117.25043,32.42081],[-117.25043,32.42081]],[[-117.25154,32.42062],[-117.25154,32.42062]],[[-117.24664,32.42062],[-117.24664,32.42062]],[[-117.25087,32.42024],[-117.25043,32.42043],[-117.2511,32.42005],[-117.25087,32.42024]],[[-117.24775,32.42043],[-117.24775,32.42043]],[[-117.24731,32.42043],[-117.24731,32.42043]],[[-117.24686,32.42043],[-117.24686,32.42043]],[[-117.26045,32.42024],[-117.26157,32.41892],[-117.26157,32.41817],[-117.26201,32.4178],[-117.26201,32.41723],[-117.26157,32.41667],[-117.26112,32.41648],[-117.2609,32.4161],[-117.2609,32.41573],[-117.25956,32.41441],[-117.25867,32.41497],[-117.25867,32.41573],[-117.25889,32.41592],[-117.25889,32.41742],[-117.25867,32.4178],[-117.25733,32.41798],[-117.25711,32.41817],[-117.25711,32.41855],[-117.25778,32.4193],[-117.25823,32.41911],[-117.25889,32.41911],[-117.25934,32.41968],[-117.25978,32.41968],[-117.26001,32.41949],[-117.26001,32.41986],[-117.26045,32.42024]],[[-117.25065,32.42024],[-117.25065,32.42024]],[[-117.24976,32.42024],[-117.24976,32.42024]],[[-117.26068,32.42005],[-117.26068,32.42005]],[[-117.26023,32.42005],[-117.26023,32.42005]],[[-117.2511,32.42005],[-117.2511,32.41986],[-117.2511,32.42005]],[[-117.24909,32.42005],[-117.24909,32.42005]],[[-117.2511,32.41986],[-117.2511,32.41986]],[[-117.2609,32.41968],[-117.2609,32.41968]],[[-117.2482,32.41968],[-117.2482,32.41968]],[[-117.26112,32.41949],[-117.26112,32.41949]],[[-117.26001,32.41949],[-117.26001,32.41949]],[[-117.25912,32.4193],[-117.25912,32.4193]],[[-117.26134,32.41911],[-117.26134,32.41911]],[[-117.25889,32.41911],[-117.25889,32.41911]],[[-117.25823,32.41911],[-117.25823,32.41911]],[[-117.25756,32.41892],[-117.25756,32.41892]],[[-117.24798,32.41892],[-117.24798,32.41892]],[[-117.25733,32.41874],[-117.25733,32.41874]],[[-117.24753,32.41874],[-117.24753,32.41874]],[[-117.26157,32.41817],[-117.26157,32.41817]],[[-117.26179,32.41798],[-117.26179,32.41798]],[[-117.24731,32.41798],[-117.24731,32.41798]],[[-117.24709,32.41761],[-117.24709,32.41761]],[[-117.24664,32.41742],[-117.24664,32.41742]],[[-117.24619,32.41723],[-117.24619,32.41723]],[[-117.24597,32.41686],[-117.24597,32.41686]],[[-117.24575,32.41648],[-117.24575,32.41648]],[[-117.24553,32.41629],[-117.24553,32.41629]],[[-117.25889,32.41592],[-117.25889,32.41592]],[[-117.2453,32.41592],[-117.2453,32.41592]],[[-117.24508,32.41554],[-117.24508,32.41554]],[[-117.24486,32.41535],[-117.24486,32.41535]],[[-117.24464,32.41516],[-117.24464,32.41516]],[[-117.24397,32.41497],[-117.24397,32.41497]],[[-117.24352,32.41479],[-117.24352,32.41479]],[[-117.2433,32.4146],[-117.2433,32.4146]],[[-117.24308,32.41441],[-117.24308,32.41441]],[[-117.24285,32.41422],[-117.24285,32.41422]],[[-117.24976,32.41366],[-117.24976,32.41366]],[[-117.24263,32.41272],[-117.24263,32.41272]],[[-117.24241,32.41215],[-117.24241,32.41215]],[[-117.24218,32.41178],[-117.24218,32.41178]],[[-117.24196,32.41103],[-117.24196,32.41103]],[[-117.24174,32.41027],[-117.24174,32.41027]],[[-117.24887,32.4099],[-117.24887,32.4099]],[[-117.24575,32.40802],[-117.24575,32.40802]],[[-117.26268,32.40764],[-117.26268,32.40764]],[[-117.24686,32.40745],[-117.24753,32.40708],[-117.24753,32.4067],[-117.24731,32.40651],[-117.24731,32.40576],[-117.24709,32.40557],[-117.24664,32.40557],[-117.24642,32.40576],[-117.24642,32.40651],[-117.24664,32.4067],[-117.24664,32.40726],[-117.24686,32.40745]],[[-117.24709,32.40726],[-117.24709,32.40726]],[[-117.24664,32.4067],[-117.24664,32.4067]],[[-117.24753,32.40538],[-117.24842,32.40463],[-117.24842,32.4035],[-117.24753,32.40237],[-117.24753,32.402],[-117.24731,32.40181],[-117.24731,32.4003],[-117.24686,32.39974],[-117.24664,32.39993],[-117.24664,32.40049],[-117.24642,32.40068],[-117.24664,32.40087],[-117.24664,32.40143],[-117.24642,32.40162],[-117.24664,32.402],[-117.24642,32.40237],[-117.24664,32.40275],[-117.24753,32.40331],[-117.24753,32.40369],[-117.24731,32.40407],[-117.24753,32.40425],[-117.24753,32.40482],[-117.24709,32.40519],[-117.24753,32.40538]],[[-117.24152,32.40538],[-117.24152,32.40538]],[[-117.24775,32.40519],[-117.24775,32.40519]],[[-117.24798,32.40501],[-117.24798,32.40501]],[[-117.24575,32.40501],[-117.24575,32.40501]],[[-117.24486,32.40501],[-117.24486,32.40501]],[[-117.24129,32.40501],[-117.24129,32.40501]],[[-117.2482,32.40482],[-117.2482,32.40482]],[[-117.24664,32.40482],[-117.24664,32.40482]],[[-117.24553,32.40482],[-117.24553,32.40482]],[[-117.2453,32.40463],[-117.2453,32.40463]],[[-117.24508,32.40463],[-117.24508,32.40463]],[[-117.24107,32.40463],[-117.24107,32.40463]],[[-117.23795,32.40444],[-117.23862,32.40369],[-117.23862,32.4035],[-117.23907,32.40388],[-117.23951,32.40388],[-117.23973,32.40369],[-117.23973,32.40313],[-117.23929,32.40275],[-117.23907,32.40275],[-117.23907,32.40237],[-117.23884,32.40219],[-117.23884,32.40181],[-117.23907,32.40162],[-117.23884,32.40125],[-117.2384,32.40143],[-117.2384,32.40275],[-117.23884,32.40313],[-117.23862,32.4035],[-117.2384,32.40313],[-117.23773,32.40294],[-117.23706,32.4035],[-117.23706,32.40425],[-117.23728,32.40444],[-117.23795,32.40444]],[[-117.24753,32.40425],[-117.24753,32.40425]],[[-117.23817,32.40407],[-117.23817,32.40407]],[[-117.24664,32.40388],[-117.24664,32.40388]],[[-117.24085,32.40388],[-117.24085,32.40388]],[[-117.2384,32.40388],[-117.2384,32.40388]],[[-117.23884,32.40369],[-117.23884,32.40369]],[[-117.24753,32.40331],[-117.24753,32.40331]],[[-117.24508,32.40331],[-117.24508,32.40331]],[[-117.24063,32.40331],[-117.24063,32.40331]],[[-117.24731,32.40313],[-117.24731,32.40313]],[[-117.23884,32.40313],[-117.23884,32.40313]],[[-117.24686,32.40294],[-117.24686,32.40294]],[[-117.2453,32.40294],[-117.2453,32.40294]],[[-117.2404,32.40294],[-117.2404,32.40294]],[[-117.23862,32.40294],[-117.23862,32.40294]],[[-117.24553,32.40275],[-117.24553,32.40275]],[[-117.24018,32.40275],[-117.24018,32.40275]],[[-117.24664,32.40256],[-117.24664,32.40256]],[[-117.23996,32.40256],[-117.23996,32.40256]],[[-117.24664,32.40181],[-117.24664,32.40181]],[[-117.23884,32.40181],[-117.23884,32.40181]],[[-117.24664,32.40087],[-117.24664,32.40087]],[[-117.24575,32.40049],[-117.24575,32.40049]],[[-117.23862,32.40049],[-117.23907,32.39993],[-117.23884,32.39974],[-117.2384,32.39993],[-117.2384,32.4003],[-117.23862,32.40049]],[[-117.23884,32.40012],[-117.23884,32.40012]],[[-117.23973,32.39993],[-117.23973,32.39993]],[[-117.24575,32.39955],[-117.24575,32.39955]],[[-117.23951,32.39955],[-117.23951,32.39955]],[[-117.23929,32.39918],[-117.23929,32.39918]],[[-117.24575,32.39899],[-117.24575,32.39899]],[[-117.23907,32.39842],[-117.23907,32.39842]],[[-117.23795,32.39692],[-117.23817,32.39673],[-117.23817,32.39598],[-117.2384,32.39579],[-117.23817,32.39541],[-117.23817,32.39504],[-117.23795,32.39485],[-117.23706,32.39485],[-117.23661,32.39523],[-117.23661,32.39635],[-117.23795,32.39692]],[[-117.23751,32.39673],[-117.23751,32.39673]],[[-117.24642,32.39654],[-117.24642,32.39654]],[[-117.24553,32.39654],[-117.24553,32.39654]],[[-117.23706,32.39654],[-117.23706,32.39654]],[[-117.2453,32.39635],[-117.2453,32.39635]],[[-117.24508,32.39617],[-117.24508,32.39617]],[[-117.24486,32.39598],[-117.24486,32.39579],[-117.24486,32.39598]],[[-117.23817,32.39598],[-117.23817,32.39598]],[[-117.24486,32.39579],[-117.24486,32.3956],[-117.24486,32.39579]],[[-117.24486,32.3956],[-117.24486,32.3956]],[[-117.23884,32.39466],[-117.23884,32.39466]],[[-117.23862,32.3941],[-117.23862,32.3941]]]},"properties":{"depth_m":75}},{"type":"Feature","geometry":{"type":"MultiLineString","coordinates":[[[-117.24487,32.36795],[-117.24544,32.36984],[-117.24649,32.37247],[-117.24998,32.37905],[-117.25214,32.38545],[-117.25293,32.38733],[-117.25405,32.38902],[-117.25956,32.39571],[-117.26068,32.39762],[-117.26246,32.40148],[-117.26335,32.40407],[-117.26376,32.41084],[-117.26405,32.41215],[-117.26464,32.41347],[-117.26611,32.41554],[-117.26936,32.41902],[-117.27046,32.42043],[-117.27189,32.42457],[-117.27259,32.42588],[-117.27345,32.42701],[-117.27427,32.42778],[-117.27538,32.42846],[-117.27649,32.42878],[-117.27894,32.42903],[-117.27939,32.42944],[-117.27956,32.42983],[-117.2795,32.4304],[-117.27894,32.43088],[-117.27516,32.43143],[-117.27293,32.43217],[-117.26781,32.43465],[-117.26491,32.4366],[-117.26143,32.4398],[-117.26005,32.44168],[-117.25969,32.44262],[-117.25957,32.44375],[-117.25976,32.44469],[-117.2603,32.44563],[-117.26116,32.44638],[-117.26224,32.44685],[-117.26535,32.44722],[-117.27048,32.44824],[-117.27471,32.44823],[-117.27939,32.44847],[-117.28318,32.44823],[-117.28697,32.44824],[-117.28808,32.44807],[-117.28919,32.44767],[-117.29021,32.44695],[-117.29086,32.44601],[-117.2912,32.44469],[-117.29112,32.44319],[-117.29078,32.44206],[-117.29014,32.44074],[-117.28719,32.43658],[-117.28652,32.43472],[-117.28647,32.43322],[-117.28715,32.43209],[-117.28919,32.43064],[-117.2912,32.42977],[-117.29298,32.42952],[-117.29432,32.4298],[-117.29517,32.43059],[-117.29651,32.43378],[-117.29766,32.43454],[-117.29794,32.43566],[-117.29858,32.43642],[-117.29884,32.4383],[-117.29988,32.43943],[-117.29944,32.43961],[-117.29877,32.43886],[-117.29877,32.43867],[-117.29833,32.43848],[-117.29855,32.4383],[-117.29833,32.43811],[-117.29833,32.4366],[-117.29788,32.43642],[-117.29788,32.43604],[-117.29744,32.43585],[-117.29744,32.43491],[-117.29721,32.43472],[-117.29654,32.43472],[-117.2961,32.43454],[-117.2961,32.43435],[-117.29543,32.43378],[-117.29499,32.43378],[-117.29476,32.43359],[-117.29454,32.43378],[-117.29409,32.43359],[-117.29343,32.43397],[-117.2932,32.43491],[-117.29409,32.43585],[-117.29409,32.43623],[-117.29387,32.43642],[-117.29387,32.43811],[-117.29499,32.43999],[-117.29499,32.44055],[-117.29521,32.44093],[-117.2961,32.44168],[-117.2961,32.44337],[-117.29744,32.44469],[-117.29766,32.44526],[-117.29833,32.44582],[-117.29922,32.44582],[-117.29922,32.4462],[-117.29944,32.44638],[-117.29966,32.44601],[-117.30056,32.44526],[-117.30078,32.44488],[-117.30078,32.44243],[-117.30033,32.44225],[-117.30011,32.44187],[-117.30011,32.44131],[-117.30032,32.44131],[-117.30113,32.44243],[-117.30145,32.44587],[-117.30211,32.44652],[-117.30323,32.44701],[-117.30457,32.44721],[-117.31036,32.44672]],[[-117.29588,32.44638],[-117.29632,32.44601],[-117.29632,32.44563],[-117.29588,32.44507],[-117.29565,32.44507],[-117.29521,32.44544],[-117.29521,32.44601],[-117.29565,32.44638],[-117.29588,32.44638]],[[-117.2961,32.4462],[-117.2961,32.4462]],[[-117.29543,32.4462],[-117.29543,32.4462]],[[-117.29966,32.44601],[-117.29966,32.44601]],[[-117.29989,32.44582],[-117.29989,32.44582]],[[-117.29922,32.44582],[-117.29922,32.44582]],[[-117.30011,32.44563],[-117.30011,32.44563]],[[-117.2981,32.44563],[-117.2981,32.44563]],[[-117.30033,32.44544],[-117.30033,32.44544]],[[-117.29788,32.44544],[-117.29788,32.44544]],[[-117.30056,32.44507],[-117.30056,32.44507]],[[-117.29766,32.44507],[-117.29766,32.44507]],[[-117.29744,32.44469],[-117.29744,32.44469]],[[-117.29721,32.4445],[-117.29721,32.4445]],[[-117.29699,32.44432],[-117.29699,32.44432]],[[-117.29677,32.44394],[-117.29677,32.44394]],[[-117.29654,32.44375],[-117.29654,32.44375]],[[-117.29632,32.44356],[-117.29632,32.44356]],[[-117.2961,32.44168],[-117.2961,32.44168]],[[-117.29588,32.44149],[-117.29588,32.44149]],[[-117.30011,32.44131],[-117.30011,32.44131]],[[-117.29565,32.44131],[-117.29565,32.44131]],[[-117.29543,32.44112],[-117.29543,32.44112]],[[-117.29521,32.44074],[-117.29521,32.44074]],[[-117.30011,32.4398],[-117.30022,32.4398],[-117.30011,32.43962],[-117.30011,32.4398]],[[-117.29499,32.43999],[-117.29499,32.43999]],[[-117.29476,32.43961],[-117.29476,32.43961]],[[-117.29454,32.43924],[-117.29454,32.43924]],[[-117.29432,32.43886],[-117.29432,32.43886]],[[-117.29833,32.43848],[-117.29833,32.43848]],[[-117.29409,32.4383],[-117.29409,32.4383]],[[-117.29409,32.43585],[-117.29409,32.43585]],[[-117.29387,32.43566],[-117.29387,32.43566]],[[-117.29365,32.43548],[-117.29365,32.43548]],[[-117.29343,32.4351],[-117.29343,32.4351]],[[-117.29744,32.43435],[-117.29744,32.43435]],[[-117.26335,32.42607],[-117.2638,32.42551],[-117.26357,32.42513],[-117.26402,32.42438],[-117.2629,32.42306],[-117.26246,32.42344],[-117.26268,32.42363],[-117.26246,32.42381],[-117.26268,32.42419],[-117.26246,32.42438],[-117.26246,32.42494],[-117.2629,32.4257],[-117.26335,32.42607]],[[-117.26313,32.42588],[-117.26313,32.42588]],[[-117.26357,32.4257],[-117.26357,32.4257]],[[-117.2629,32.42551],[-117.2629,32.42551]],[[-117.26357,32.42513],[-117.26357,32.42513]],[[-117.26268,32.42513],[-117.26268,32.42513]],[[-117.2638,32.42475],[-117.2638,32.42475]],[[-117.26268,32.424],[-117.26268,32.424]],[[-117.26268,32.42363],[-117.26268,32.42363]],[[-117.25087,32.42118],[-117.25154,32.42081],[-117.25176,32.42043],[-117.25176,32.42005],[-117.25154,32.41986],[-117.25154,32.41911],[-117.25132,32.41892],[-117.25132,32.41855],[-117.24998,32.41742],[-117.24998,32.41479],[-117.24976,32.41441],[-117.24998,32.41272],[-117.24954,32.41197],[-117.24954,32.41121],[-117.24931,32.41103],[-117.24931,32.41046],[-117.24887,32.4099],[-117.24909,32.40971],[-117.24909,32.40933],[-117.24865,32.40896],[-117.2482,32.40896],[-117.2482,32.40877],[-117.24731,32.40802],[-117.24664,32.40802],[-117.24642,32.40839],[-117.24597,32.40839],[-117.24575,32.4082],[-117.24597,32.40783],[-117.24575,32.40764],[-117.24575,32.40595],[-117.24486,32.40538],[-117.24486,32.40501],[-117.24508,32.40463],[-117.2453,32.40463],[-117.24597,32.40519],[-117.24642,32.40519],[-117.24686,32.40463],[-117.24686,32.40425],[-117.24664,32.40388],[-117.24686,32.40369],[-117.24686,32.40331],[-117.24642,32.40294],[-117.24597,32.40294],[-117.24508,32.40331],[-117.24575,32.40256],[-117.24575,32.40049],[-117.24597,32.4003],[-117.24575,32.40012],[-117.24575,32.39955],[-117.24597,32.39936],[-117.24575,32.39899],[-117.24597,32.3988],[-117.24597,32.39842],[-117.2453,32.39767],[-117.2453,32.3973],[-117.24486,32.39673],[-117.24486,32.39598],[-117.24575,32.39673],[-117.24619,32.39673],[-117.24664,32.39635],[-117.24664,32.3956],[-117.24597,32.39485],[-117.2453,32.39485],[-117.24508,32.39466],[-117.24441,32.39485],[-117.24419,32.39447],[-117.24419,32.39391],[-117.24374,32.39372],[-117.2433,32.39316],[-117.2433,32.39241],[-117.24241,32.39146],[-117.24241,32.39071],[-117.24218,32.39052],[-117.24174,32.39052],[-117.24152,32.39034],[-117.23996,32.39034],[-117.23973,32.39015],[-117.23884,32.39109],[-117.23884,32.39146],[-117.23862,32.39165],[-117.23862,32.39353],[-117.2384,32.39391],[-117.23884,32.39466],[-117.23884,32.39824],[-117.23907,32.39842],[-117.23907,32.39899],[-117.23973,32.39993],[-117.23973,32.40237],[-117.24063,32.40331],[-117.24063,32.40369],[-117.24085,32.40388],[-117.24085,32.40444],[-117.24152,32.40538],[-117.24152,32.41008],[-117.24174,32.41027],[-117.24196,32.41159],[-117.24263,32.41272],[-117.24263,32.41403],[-117.24374,32.41497],[-117.24464,32.41516],[-117.24508,32.41554],[-117.24597,32.41704],[-117.24642,32.41742],[-117.24709,32.41761],[-117.24731,32.41798],[-117.24731,32.41855],[-117.24775,32.41892],[-117.24798,32.41892],[-117.24798,32.41949],[-117.2482,32.41986],[-117.24842,32.42005],[-117.24909,32.42005],[-117.24931,32.42024],[-117.25043,32.42043],[-117.2502,32.42062],[-117.25043,32.42099],[-117.25087,32.42118]],[[-117.24619,32.42118],[-117.24686,32.42043],[-117.24731,32.42043],[-117.24753,32.42062],[-117.24798,32.42024],[-117.24731,32.41986],[-117.24731,32.41911],[-117.24709,32.41892],[-117.24686,32.41892],[-117.24619,32.41968],[-117.24597,32.41968],[-117.2453,32.42024],[-117.2453,32.42081],[-117.24575,32.42118],[-117.24619,32.42118]],[[-117.2511,32.42099],[-117.2511,32.42099]],[[-117.24642,32.42099],[-117.24642,32.42099]],[[-117.24553,32.42099],[-117.24553,32.42099]],[[-117.25043,32.42081],[-117.25043,32.42081]],[[-117.25154,32.42062],[-117.25154,32.42062]],[[-117.24664,32.42062],[-117.24664,32.42062]],[[-117.25087,32.42024],[-117.25043,32.42043],[-117.2511,32.42005],[-117.25087,32.42024]],[[-117.24775,32.42043],[-117.24775,32.42043]],[[-117.24731,32.42043],[-117.24731,32.42043]],[[-117.24686,32.42043],[-117.24686,32.42043]],[[-117.26045,32.42024],[-117.26157,32.41892],[-117.26157,32.41817],[-117.26201,32.4178],[-117.26201,32.41723],[-117.26157,32.41667],[-117.26112,32.41648],[-117.2609,32.4161],[-117.2609,32.41573],[-117.25956,32.41441],[-117.25867,32.41497],[-117.25867,32.41573],[-117.25889,32.41592],[-117.25889,32.41742],[-117.25867,32.4178],[-117.25733,32.41798],[-117.25711,32.41817],[-117.25711,32.41855],[-117.25778,32.4193],[-117.25823,32.41911],[-117.25889,32.41911],[-117.25934,32.41968],[-117.25978,32.41968],[-117.26001,32.41949],[-117.26001,32.41986],[-117.26045,32.42024]],[[-117.25065,32.42024],[-117.25065,32.42024]],[[-117.24976,32.42024],[-117.24976,32.42024]],[[-117.26068,32.42005],[-117.26068,32.42005]],[[-117.26023,32.42005],[-117.26023,32.42005]],[[-117.2511,32.42005],[-117.2511,32.41986],[-117.2511,32.42005]],[[-117.24909,32.42005],[-117.24909,32.42005]],[[-117.2511,32.41986],[-117.2511,32.41986]],[[-117.2609,32.41968],[-117.2609,32.41968]],[[-117.2482,32.41968],[-117.2482,32.41968]],[[-117.26112,32.41949],[-117.26112,32.41949]],[[-117.26001,32.41949],[-117.26001,32.41949]],[[-117.25912,32.4193],[-117.25912,32.4193]],[[-117.26134,32.41911],[-117.26134,32.41911]],[[-117.25889,32.41911],[-117.25889,32.41911]],[[-117.25823,32.41911],[-117.25823,32.41911]],[[-117.25756,32.41892],[-117.25756,32.41892]],[[-117.24798,32.41892],[-117.24798,32.41892]],[[-117.25733,32.41874],[-117.25733,32.41874]],[[-117.24753,32.41874],[-117.24753,32.41874]],[[-117.26157,32.41817],[-117.26157,32.41817]],[[-117.26179,32.41798],[-117.26179,32.41798]],[[-117.24731,32.41798],[-117.24731,32.41798]],[[-117.24709,32.41761],[-117.24709,32.41761]],[[-117.24664,32.41742],[-117.24664,32.41742]],[[-117.24619,32.41723],[-117.24619,32.41723]],[[-117.24597,32.41686],[-117.24597,32.41686]],[[-117.24575,32.41648],[-117.24575,32.41648]],[[-117.24553,32.41629],[-117.24553,32.41629]],[[-117.25889,32.41592],[-117.25889,32.41592]],[[-117.2453,32.41592],[-117.2453,32.41592]],[[-117.24508,32.41554],[-117.24508,32.41554]],[[-117.24486,32.41535],[-117.24486,32.41535]],[[-117.24464,32.41516],[-117.24464,32.41516]],[[-117.24397,32.41497],[-117.24397,32.41497]],[[-117.24352,32.41479],[-117.24352,32.41479]],[[-117.2433,32.4146],[-117.2433,32.4146]],[[-117.24308,32.41441],[-117.24308,32.41441]],[[-117.24285,32.41422],[-117.24285,32.41422]],[[-117.24976,32.41366],[-117.24976,32.41366]],[[-117.24263,32.41272],[-117.24263,32.41272]],[[-117.24241,32.41215],[-117.24241,32.41215]],[[-117.24218,32.41178],[-117.24218,32.41178]],[[-117.24196,32.41103],[-117.24196,32.41103]],[[-117.24174,32.41027],[-117.24174,32.41027]],[[-117.24887,32.4099],[-117.24887,32.4099]],[[-117.24575,32.40802],[-117.24575,32.40802]],[[-117.24686,32.40745],[-117.24753,32.40708],[-117.24753,32.4067],[-117.24731,32.40651],[-117.24731,32.40576],[-117.24709,32.40557],[-117.24664,32.40557],[-117.24642,32.40576],[-117.24642,32.40651],[-117.24664,32.4067],[-117.24664,32.40726],[-117.24686,32.40745]],[[-117.24709,32.40726],[-117.24709,32.40726]],[[-117.24664,32.4067],[-117.24664,32.4067]],[[-117.24753,32.40538],[-117.24842,32.40463],[-117.24842,32.4035],[-117.24753,32.40237],[-117.24753,32.402],[-117.24731,32.40181],[-117.24731,32.4003],[-117.24686,32.39974],[-117.24664,32.39993],[-117.24664,32.40049],[-117.24642,32.40068],[-117.24664,32.40106],[-117.24664,32.40143],[-117.24642,32.40162],[-117.24664,32.40181],[-117.24664,32.40219],[-117.24642,32.40237],[-117.24664,32.40275],[-117.24753,32.40331],[-117.24753,32.40369],[-117.24731,32.40407],[-117.24753,32.40425],[-117.24753,32.40482],[-117.24709,32.40519],[-117.24753,32.40538]],[[-117.24152,32.40538],[-117.24152,32.40538]],[[-117.24775,32.40519],[-117.24775,32.40519]],[[-117.24798,32.40501],[-117.24798,32.40501]],[[-117.24575,32.40501],[-117.24575,32.40501]],[[-117.24486,32.40501],[-117.24486,32.40501]],[[-117.24129,32.40501],[-117.24129,32.40501]],[[-117.2482,32.40482],[-117.2482,32.40482]],[[-117.24664,32.40482],[-117.24664,32.40482]],[[-117.24553,32.40482],[-117.24553,32.40482]],[[-117.2453,32.40463],[-117.2453,32.40463]],[[-117.24508,32.40463],[-117.24508,32.40463]],[[-117.24107,32.40463],[-117.24107,32.40463]],[[-117.23795,32.40444],[-117.23862,32.40369],[-117.23862,32.4035],[-117.23907,32.40388],[-117.23951,32.40388],[-117.23973,32.40369],[-117.23973,32.40313],[-117.23929,32.40275],[-117.23907,32.40275],[-117.23907,32.40237],[-117.23884,32.40219],[-117.23884,32.40181],[-117.23907,32.40162],[-117.23884,32.40125],[-117.2384,32.40143],[-117.2384,32.40275],[-117.23884,32.40313],[-117.23862,32.4035],[-117.2384,32.40313],[-117.23773,32.40294],[-117.23706,32.4035],[-117.23706,32.40425],[-117.23728,32.40444],[-117.23795,32.40444]],[[-117.24753,32.40425],[-117.24753,32.40425]],[[-117.23817,32.40407],[-117.23817,32.40407]],[[-117.24664,32.40388],[-117.24664,32.40388]],[[-117.24085,32.40388],[-117.24085,32.40388]],[[-117.2384,32.40388],[-117.2384,32.40388]],[[-117.23884,32.40369],[-117.23884,32.40369]],[[-117.24753,32.40331],[-117.24753,32.40331]],[[-117.24508,32.40331],[-117.24508,32.40331]],[[-117.24063,32.40331],[-117.24063,32.40331]],[[-117.24731,32.40313],[-117.24731,32.40313]],[[-117.23884,32.40313],[-117.23884,32.40313]],[[-117.24686,32.40294],[-117.24686,32.40294]],[[-117.2453,32.40294],[-117.2453,32.40294]],[[-117.2404,32.40294],[-117.2404,32.40294]],[[-117.23862,32.40294],[-117.23862,32.40294]],[[-117.24553,32.40275],[-117.24553,32.40275]],[[-117.24018,32.40275],[-117.24018,32.40275]],[[-117.24664,32.40256],[-117.24664,32.40256]],[[-117.23996,32.40256],[-117.23996,32.40256]],[[-117.24664,32.40181],[-117.24664,32.40181]],[[-117.23884,32.40181],[-117.23884,32.40181]],[[-117.24664,32.40087],[-117.24664,32.40087]],[[-117.24575,32.40049],[-117.24575,32.40049]],[[-117.23862,32.40049],[-117.23907,32.39993],[-117.23884,32.39974],[-117.2384,32.39993],[-117.2384,32.4003],[-117.23862,32.40049]],[[-117.23884,32.40012],[-117.23884,32.40012]],[[-117.23973,32.39993],[-117.23973,32.39993]],[[-117.24575,32.39955],[-117.24575,32.39955]],[[-117.23951,32.39955],[-117.23951,32.39955]],[[-117.23929,32.39918],[-117.23929,32.39918]],[[-117.24575,32.39899],[-117.24575,32.39899]],[[-117.23907,32.39842],[-117.23907,32.39842]],[[-117.23795,32.39692],[-117.23817,32.39673],[-117.23817,32.39598],[-117.2384,32.39579],[-117.23817,32.39541],[-117.23817,32.39504],[-117.23795,32.39485],[-117.23706,32.39485],[-117.23661,32.39523],[-117.23661,32.39635],[-117.23795,32.39692]],[[-117.23751,32.39673],[-117.23751,32.39673]],[[-117.24642,32.39654],[-117.24642,32.39654]],[[-117.24553,32.39654],[-117.24553,32.39654]],[[-117.23706,32.39654],[-117.23706,32.39654]],[[-117.2453,32.39635],[-117.2453,32.39635]],[[-117.24508,32.39617],[-117.24508,32.39617]],[[-117.24486,32.39598],[-117.24486,32.39579],[-117.24486,32.39598]],[[-117.23817,32.39598],[-117.23817,32.39598]],[[-117.24486,32.39579],[-117.24486,32.3956],[-117.24486,32.39579]],[[-117.24486,32.3956],[-117.24486,32.3956]],[[-117.23884,32.39466],[-117.23884,32.39466]],[[-117.23862,32.3941],[-117.23862,32.3941]]]},"properties":{"depth_m":100}},{"type":"Feature","geometry":{"type":"MultiLineString","coordinates":[[[-117.2464,32.36795],[-117.24704,32.37002],[-117.24791,32.37209],[-117.25103,32.37736],[-117.2523,32.37999],[-117.25497,32.38714],[-117.26001,32.39443],[-117.26134,32.39687],[-117.26379,32.40331],[-117.26412,32.40501],[-117.26473,32.41027],[-117.26517,32.41178],[-117.26579,32.41309],[-117.26694,32.41479],[-117.27086,32.41968],[-117.27137,32.42067],[-117.27254,32.424],[-117.27382,32.42595],[-117.27471,32.42674],[-117.27583,32.42736],[-117.27894,32.42812],[-117.27985,32.42852],[-117.28116,32.42965],[-117.28181,32.43077],[-117.28181,32.43115],[-117.28162,32.43146],[-117.2805,32.43203],[-117.2756,32.43276],[-117.27293,32.43358],[-117.26955,32.43529],[-117.26669,32.43709],[-117.26368,32.4398],[-117.26191,32.44206],[-117.26153,32.443],[-117.26142,32.44394],[-117.26157,32.44469],[-117.262,32.44544],[-117.26263,32.44582],[-117.26513,32.44623],[-117.26892,32.44743],[-117.2707,32.44775],[-117.27449,32.44773],[-117.27939,32.44808],[-117.28318,32.44779],[-117.28697,32.44782],[-117.2888,32.44732],[-117.28979,32.44657],[-117.29043,32.44544],[-117.29061,32.44413],[-117.29039,32.44281],[-117.28939,32.44074],[-117.28702,32.43773],[-117.28621,32.43642],[-117.28492,32.43378],[-117.28464,32.43247],[-117.2848,32.43209],[-117.2855,32.43153],[-117.28919,32.42979],[-117.29098,32.42916],[-117.29276,32.42894],[-117.29454,32.42926],[-117.29543,32.42999],[-117.2961,32.43141],[-117.29686,32.43378],[-117.29783,32.43454],[-117.29807,32.43566],[-117.2987,32.43642],[-117.29889,32.43811],[-117.30002,32.43943],[-117.29944,32.43961],[-117.29877,32.43886],[-117.29877,32.43867],[-117.29833,32.43848],[-117.29855,32.4383],[-117.29833,32.43811],[-117.29833,32.4366],[-117.29788,32.43642],[-117.29788,32.43604],[-117.29744,32.43585],[-117.29744,32.43491],[-117.29721,32.43472],[-117.29654,32.43472],[-117.2961,32.43454],[-117.2961,32.43435],[-117.29543,32.43378],[-117.29499,32.43378],[-117.29476,32.43359],[-117.29454,32.43378],[-117.29409,32.43359],[-117.29343,32.43397],[-117.2932,32.43491],[-117.29409,32.43585],[-117.29409,32.43623],[-117.29387,32.43642],[-117.29387,32.43811],[-117.29499,32.43999],[-117.29499,32.44055],[-117.29521,32.44093],[-117.2961,32.44168],[-117.2961,32.44337],[-117.29744,32.44469],[-117.29766,32.44526],[-117.29833,32.44582],[-117.29922,32.44582],[-117.29922,32.4462],[-117.29944,32.44638],[-117.29966,32.44601],[-117.30056,32.44526],[-117.30078,32.44488],[-117.30078,32.44243],[-117.30033,32.44225],[-117.30011,32.44187],[-117.30011,32.44131],[-117.30042,32.44112],[-117.30047,32.44149],[-117.30106,32.44206],[-117.30124,32.44243],[-117.30167,32.44531],[-117.30211,32.4458],[-117.3032,32.44638],[-117.30412,32.44663],[-117.30523,32.44662],[-117.31036,32.44579]],[[-117.29588,32.44638],[-117.29632,32.44601],[-117.29632,32.44563],[-117.29588,32.44507],[-117.29565,32.44507],[-117.29521,32.44544],[-117.29521,32.44601],[-117.29565,32.44638],[-117.29588,32.44638]],[[-117.2961,32.4462],[-117.2961,32.4462]],[[-117.29543,32.4462],[-117.29543,32.4462]],[[-117.29966,32.44601],[-117.29966,32.44601]],[[-117.29989,32.44582],[-117.29989,32.44582]],[[-117.29922,32.44582],[-117.29922,32.44582]],[[-117.30011,32.44563],[-117.30011,32.44563]],[[-117.2981,32.44563],[-117.2981,32.44563]],[[-117.30033,32.44544],[-117.30033,32.44544]],[[-117.29788,32.44544],[-117.29788,32.44544]],[[-117.30056,32.44507],[-117.30056,32.44507]],[[-117.29766,32.44507],[-117.29766,32.44507]],[[-117.29744,32.44469],[-117.29744,32.44469]],[[-117.29721,32.4445],[-117.29721,32.4445]],[[-117.29699,32.44432],[-117.29699,32.44432]],[[-117.29677,32.44394],[-117.29677,32.44394]],[[-117.29654,32.44375],[-117.29654,32.44375]],[[-117.29632,32.44356],[-117.29632,32.44356]],[[-117.2961,32.44168],[-117.2961,32.44168]],[[-117.29588,32.44149],[-117.29588,32.44149]],[[-117.30011,32.44131],[-117.30011,32.44131]],[[-117.29565,32.44131],[-117.29565,32.44131]],[[-117.30033,32.44112],[-117.30033,32.44112]],[[-117.29543,32.44112],[-117.29543,32.44112]],[[-117.30033,32.44074],[-117.30033,32.43985],[-117.30033,32.44074]],[[-117.26268,32.44093],[-117.26268,32.44093]],[[-117.29521,32.44074],[-117.29521,32.44074]],[[-117.30011,32.4398],[-117.30032,32.4398],[-117.30011,32.4395],[-117.30011,32.4398]],[[-117.29499,32.43999],[-117.29499,32.43999]],[[-117.29476,32.43961],[-117.29476,32.43961]],[[-117.29454,32.43924],[-117.29454,32.43924]],[[-117.29432,32.43886],[-117.29432,32.43886]],[[-117.29833,32.43848],[-117.29833,32.43848]],[[-117.29409,32.4383],[-117.29409,32.4383]],[[-117.29409,32.43585],[-117.29409,32.43585]],[[-117.29387,32.43566],[-117.29387,32.43566]],[[-117.29365,32.43548],[-117.29365,32.43548]],[[-117.29343,32.4351],[-117.29343,32.4351]],[[-117.26335,32.42607],[-117.2638,32.42551],[-117.26357,32.42513],[-117.26402,32.42438],[-117.2629,32.42306],[-117.26246,32.42344],[-117.26268,32.42363],[-117.26246,32.42381],[-117.26268,32.42419],[-117.26246,32.42438],[-117.26246,32.42494],[-117.2629,32.4257],[-117.26335,32.42607]],[[-117.26313,32.42588],[-117.26313,32.42588]],[[-117.26357,32.4257],[-117.26357,32.4257]],[[-117.2629,32.42551],[-117.2629,32.42551]],[[-117.26357,32.42513],[-117.26357,32.42513]],[[-117.26268,32.42513],[-117.26268,32.42513]],[[-117.2638,32.42475],[-117.2638,32.42475]],[[-117.26268,32.424],[-117.26268,32.424]],[[-117.26268,32.42363],[-117.26268,32.42363]],[[-117.25087,32.42118],[-117.25154,32.42081],[-117.25176,32.42043],[-117.25176,32.42005],[-117.25154,32.41986],[-117.25154,32.41911],[-117.25132,32.41892],[-117.25132,32.41855],[-117.24998,32.41742],[-117.24998,32.41479],[-117.24976,32.41441],[-117.24998,32.41272],[-117.24954,32.41197],[-117.24954,32.41121],[-117.24931,32.41103],[-117.24931,32.41046],[-117.24887,32.4099],[-117.24909,32.40971],[-117.24909,32.40933],[-117.24865,32.40896],[-117.2482,32.40896],[-117.2482,32.40877],[-117.24731,32.40802],[-117.24664,32.40802],[-117.24642,32.40839],[-117.24597,32.40839],[-117.24575,32.4082],[-117.24597,32.40783],[-117.24575,32.40764],[-117.24575,32.40595],[-117.24486,32.40538],[-117.24486,32.40501],[-117.24508,32.40463],[-117.2453,32.40463],[-117.24597,32.40519],[-117.24642,32.40519],[-117.24686,32.40463],[-117.24686,32.40425],[-117.24664,32.40388],[-117.24686,32.40369],[-117.24686,32.40331],[-117.24642,32.40294],[-117.24597,32.40294],[-117.24508,32.40331],[-117.24575,32.40256],[-117.24575,32.40049],[-117.24597,32.4003],[-117.24575,32.40012],[-117.24575,32.39955],[-117.24597,32.39936],[-117.24575,32.39899],[-117.24597,32.3988],[-117.24597,32.39842],[-117.2453,32.39767],[-117.2453,32.3973],[-117.24486,32.39673],[-117.24486,32.39598],[-117.24575,32.39673],[-117.24619,32.39673],[-117.24664,32.39635],[-117.24664,32.3956],[-117.24597,32.39485],[-117.2453,32.39485],[-117.24508,32.39466],[-117.24441,32.39485],[-117.24419,32.39447],[-117.24419,32.39391],[-117.24374,32.39372],[-117.2433,32.39316],[-117.2433,32.39241],[-117.24241,32.39146],[-117.24241,32.39071],[-117.24218,32.39052],[-117.24174,32.39052],[-117.24152,32.39034],[-117.23996,32.39034],[-117.23973,32.39015],[-117.23884,32.39109],[-117.23884,32.39146],[-117.23862,32.39165],[-117.23862,32.39353],[-117.2384,32.39391],[-117.23884,32.39466],[-117.23884,32.39824],[-117.23907,32.39842],[-117.23907,32.39899],[-117.23973,32.39993],[-117.23973,32.40237],[-117.24063,32.40331],[-117.24063,32.40369],[-117.24085,32.40388],[-117.24085,32.40444],[-117.24152,32.40538],[-117.24152,32.41008],[-117.24174,32.41027],[-117.24196,32.41159],[-117.24263,32.41272],[-117.24263,32.41403],[-117.24374,32.41497],[-117.24464,32.41516],[-117.24508,32.41554],[-117.24597,32.41704],[-117.24642,32.41742],[-117.24709,32.41761],[-117.24731,32.41798],[-117.24731,32.41855],[-117.24775,32.41892],[-117.24798,32.41892],[-117.24798,32.41949],[-117.2482,32.41986],[-117.24842,32.42005],[-117.24909,32.42005],[-117.24931,32.42024],[-117.25043,32.42043],[-117.2502,32.42062],[-117.25043,32.42099],[-117.25087,32.42118]],[[-117.24619,32.42118],[-117.24686,32.42043],[-117.24731,32.42043],[-117.24753,32.42062],[-117.24798,32.42024],[-117.24731,32.41986],[-117.24731,32.41911],[-117.24709,32.41892],[-117.24686,32.41892],[-117.24619,32.41968],[-117.24597,32.41968],[-117.2453,32.42024],[-117.2453,32.42081],[-117.24575,32.42118],[-117.24619,32.42118]],[[-117.2511,32.42099],[-117.2511,32.42099]],[[-117.24642,32.42099],[-117.24642,32.42099]],[[-117.24553,32.42099],[-117.24553,32.42099]],[[-117.25043,32.42081],[-117.25043,32.42081]],[[-117.25154,32.42062],[-117.25154,32.42062]],[[-117.24664,32.42062],[-117.24664,32.42062]],[[-117.25087,32.42024],[-117.25043,32.42043],[-117.2511,32.42005],[-117.25087,32.42024]],[[-117.24775,32.42043],[-117.24775,32.42043]],[[-117.24731,32.42043],[-117.24731,32.42043]],[[-117.24686,32.42043],[-117.24686,32.42043]],[[-117.26045,32.42024],[-117.26157,32.41892],[-117.26157,32.41817],[-117.26201,32.4178],[-117.26201,32.41723],[-117.26157,32.41667],[-117.26112,32.41648],[-117.2609,32.4161],[-117.2609,32.41573],[-117.25956,32.41441],[-117.25867,32.41497],[-117.25867,32.41573],[-117.25889,32.41592],[-117.25889,32.41742],[-117.25867,32.4178],[-117.25733,32.41798],[-117.25711,32.41817],[-117.25711,32.41855],[-117.25778,32.4193],[-117.25823,32.41911],[-117.25889,32.41911],[-117.25934,32.41968],[-117.25978,32.41968],[-117.26001,32.41949],[-117.26001,32.41986],[-117.26045,32.42024]],[[-117.25065,32.42024],[-117.25065,32.42024]],[[-117.24976,32.42024],[-117.24976,32.42024]],[[-117.26068,32.42005],[-117.26068,32.42005]],[[-117.26023,32.42005],[-117.26023,32.42005]],[[-117.2511,32.42005],[-117.2511,32.41986],[-117.2511,32.42005]],[[-117.24909,32.42005],[-117.24909,32.42005]],[[-117.2511,32.41986],[-117.2511,32.41986]],[[-117.2609,32.41968],[-117.2609,32.41968]],[[-117.2482,32.41968],[-117.2482,32.41968]],[[-117.26112,32.41949],[-117.26112,32.41949]],[[-117.26001,32.41949],[-117.26001,32.41949]],[[-117.25912,32.4193],[-117.25912,32.4193]],[[-117.26134,32.41911],[-117.26134,32.41911]],[[-117.25889,32.41911],[-117.25889,32.41911]],[[-117.25823,32.41911],[-117.25823,32.41911]],[[-117.25756,32.41892],[-117.25756,32.41892]],[[-117.24798,32.41892],[-117.24798,32.41892]],[[-117.25733,32.41874],[-117.25733,32.41874]],[[-117.24753,32.41874],[-117.24753,32.41874]],[[-117.26157,32.41817],[-117.26157,32.41817]],[[-117.26179,32.41798],[-117.26179,32.41798]],[[-117.24731,32.41798],[-117.24731,32.41798]],[[-117.24709,32.41761],[-117.24709,32.41761]],[[-117.24664,32.41742],[-117.24664,32.41742]],[[-117.24619,32.41723],[-117.24619,32.41723]],[[-117.24597,32.41686],[-117.24597,32.41686]],[[-117.24575,32.41648],[-117.24575,32.41648]],[[-117.24553,32.41629],[-117.24553,32.41629]],[[-117.25889,32.41592],[-117.25889,32.41592]],[[-117.2453,32.41592],[-117.2453,32.41592]],[[-117.24508,32.41554],[-117.24508,32.41554]],[[-117.24486,32.41535],[-117.24486,32.41535]],[[-117.24464,32.41516],[-117.24464,32.41516]],[[-117.24397,32.41497],[-117.24397,32.41497]],[[-117.24352,32.41479],[-117.24352,32.41479]],[[-117.2433,32.4146],[-117.2433,32.4146]],[[-117.24308,32.41441],[-117.24308,32.41441]],[[-117.24285,32.41422],[-117.24285,32.41422]],[[-117.24976,32.41366],[-117.24976,32.41366]],[[-117.24263,32.41272],[-117.24263,32.41272]],[[-117.24241,32.41215],[-117.24241,32.41215]],[[-117.24218,32.41178],[-117.24218,32.41178]],[[-117.24196,32.41103],[-117.24196,32.41103]],[[-117.24174,32.41027],[-117.24174,32.41027]],[[-117.24887,32.4099],[-117.24887,32.4099]],[[-117.24575,32.40802],[-117.24575,32.40802]],[[-117.24686,32.40745],[-117.24753,32.40708],[-117.24753,32.4067],[-117.24731,32.40651],[-117.24731,32.40576],[-117.24709,32.40557],[-117.24664,32.40557],[-117.24642,32.40576],[-117.24642,32.40651],[-117.24664,32.4067],[-117.24664,32.40726],[-117.24686,32.40745]],[[-117.24709,32.40726],[-117.24709,32.40726]],[[-117.24664,32.4067],[-117.24664,32.4067]],[[-117.24753,32.40538],[-117.24842,32.40463],[-117.24842,32.4035],[-117.24753,32.40237],[-117.24753,32.402],[-117.24731,32.40181],[-117.24731,32.4003],[-117.24686,32.39974],[-117.24664,32.39993],[-117.24664,32.40049],[-117.24642,32.40068],[-117.24664,32.40106],[-117.24664,32.40143],[-117.24642,32.40162],[-117.24664,32.40181],[-117.24664,32.40219],[-117.24642,32.40237],[-117.24664,32.40275],[-117.24753,32.40331],[-117.24753,32.40369],[-117.24731,32.40407],[-117.24753,32.40425],[-117.24753,32.40482],[-117.24709,32.40519],[-117.24753,32.40538]],[[-117.24152,32.40538],[-117.24152,32.40538]],[[-117.24775,32.40519],[-117.24775,32.40519]],[[-117.24798,32.40501],[-117.24798,32.40501]],[[-117.24575,32.40501],[-117.24575,32.40501]],[[-117.24486,32.40501],[-117.24486,32.40501]],[[-117.24129,32.40501],[-117.24129,32.40501]],[[-117.2482,32.40482],[-117.2482,32.40482]],[[-117.24664,32.40482],[-117.24664,32.40482]],[[-117.24553,32.40482],[-117.24553,32.40482]],[[-117.2453,32.40463],[-117.2453,32.40463]],[[-117.24508,32.40463],[-117.24508,32.40463]],[[-117.24107,32.40463],[-117.24107,32.40463]],[[-117.23795,32.40444],[-117.23862,32.40369],[-117.23862,32.4035],[-117.23907,32.40388],[-117.23951,32.40388],[-117.23973,32.40369],[-117.23973,32.40313],[-117.23929,32.40275],[-117.23907,32.40275],[-117.23907,32.40237],[-117.23884,32.40219],[-117.23884,32.40181],[-117.23907,32.40162],[-117.23884,32.40125],[-117.2384,32.40143],[-117.2384,32.40275],[-117.23884,32.40313],[-117.23862,32.4035],[-117.2384,32.40313],[-117.23773,32.40294],[-117.23706,32.4035],[-117.23706,32.40425],[-117.23728,32.40444],[-117.23795,32.40444]],[[-117.24753,32.40425],[-117.24753,32.40425]],[[-117.23817,32.40407],[-117.23817,32.40407]],[[-117.24664,32.40388],[-117.24664,32.40388]],[[-117.24085,32.40388],[-117.24085,32.40388]],[[-117.2384,32.40388],[-117.2384,32.40388]],[[-117.23884,32.40369],[-117.23884,32.40369]],[[-117.24753,32.40331],[-117.24753,32.40331]],[[-117.24508,32.40331],[-117.24508,32.40331]],[[-117.24063,32.40331],[-117.24063,32.40331]],[[-117.24731,32.40313],[-117.24731,32.40313]],[[-117.23884,32.40313],[-117.23884,32.40313]],[[-117.24686,32.40294],[-117.24686,32.40294]],[[-117.2453,32.40294],[-117.2453,32.40294]],[[-117.2404,32.40294],[-117.2404,32.40294]],[[-117.23862,32.40294],[-117.23862,32.40294]],[[-117.24553,32.40275],[-117.24553,32.40275]],[[-117.24018,32.40275],[-117.24018,32.40275]],[[-117.24664,32.40256],[-117.24664,32.40256]],[[-117.23996,32.40256],[-117.23996,32.40256]],[[-117.24664,32.40181],[-117.24664,32.40181]],[[-117.23884,32.40181],[-117.23884,32.40181]],[[-117.24664,32.40087],[-117.24664,32.40087]],[[-117.24575,32.40049],[-117.24575,32.40049]],[[-117.23862,32.40049],[-117.23907,32.39993],[-117.23884,32.39974],[-117.2384,32.39993],[-117.2384,32.4003],[-117.23862,32.40049]],[[-117.23884,32.40012],[-117.23884,32.40012]],[[-117.23973,32.39993],[-117.23973,32.39993]],[[-117.24575,32.39955],[-117.24575,32.39955]],[[-117.23951,32.39955],[-117.23951,32.39955]],[[-117.23929,32.39918],[-117.23929,32.39918]],[[-117.24575,32.39899],[-117.24575,32.39899]],[[-117.23907,32.39842],[-117.23907,32.39842]],[[-117.23795,32.39692],[-117.23817,32.39673],[-117.23817,32.39598],[-117.2384,32.39579],[-117.23817,32.39541],[-117.23817,32.39504],[-117.23795,32.39485],[-117.23706,32.39485],[-117.23661,32.39523],[-117.23661,32.39635],[-117.23795,32.39692]],[[-117.23751,32.39673],[-117.23751,32.39673]],[[-117.24642,32.39654],[-117.24642,32.39654]],[[-117.24553,32.39654],[-117.24553,32.39654]],[[-117.23706,32.39654],[-117.23706,32.39654]],[[-117.2453,32.39635],[-117.2453,32.39635]],[[-117.24508,32.39617],[-117.24508,32.39617]],[[-117.24486,32.39598],[-117.24486,32.39579],[-117.24486,32.39598]],[[-117.23817,32.39598],[-117.23817,32.39598]],[[-117.24486,32.39579],[-117.24486,32.3956],[-117.24486,32.39579]],[[-117.24486,32.3956],[-117.24486,32.3956]],[[-117.23884,32.39466],[-117.23884,32.39466]],[[-117.23862,32.3941],[-117.23862,32.3941]]]},"properties":{"depth_m":125}},{"type":"Feature","geometry":{"type":"MultiLineString","coordinates":[[[-117.27961,32.4477],[-117.28295,32.44739],[-117.28652,32.44745],[-117.28763,32.44731],[-117.28852,32.44696],[-117.28926,32.44638],[-117.28976,32.44563],[-117.28999,32.44488],[-117.29001,32.44394],[-117.28983,32.443],[-117.28879,32.44093],[-117.28407,32.43479],[-117.28318,32.43398],[-117.28229,32.43353],[-117.28028,32.43327],[-117.27716,32.43349],[-117.27493,32.43397],[-117.27271,32.43487],[-117.2687,32.43726],[-117.26681,32.43867],[-117.26489,32.44074],[-117.26385,32.44262],[-117.26381,32.44375],[-117.26437,32.4445],[-117.26705,32.44601],[-117.26918,32.44695],[-117.2707,32.44728],[-117.27449,32.44726],[-117.27961,32.4477]],[[-117.27538,32.44732],[-117.27538,32.44732]],[[-117.24772,32.36795],[-117.24849,32.37021],[-117.24949,32.37228],[-117.25302,32.37717],[-117.25468,32.38018],[-117.25533,32.38177],[-117.25638,32.38563],[-117.25702,32.38733],[-117.2618,32.39579],[-117.26425,32.40294],[-117.26537,32.40914],[-117.26615,32.41159],[-117.26745,32.41385],[-117.27115,32.41885],[-117.27185,32.42024],[-117.27304,32.42344],[-117.27398,32.42494],[-117.27493,32.42589],[-117.27605,32.42658],[-117.27984,32.42777],[-117.28318,32.42962],[-117.28429,32.42999],[-117.28541,32.43007],[-117.28652,32.42992],[-117.29008,32.42876],[-117.29187,32.42844],[-117.29387,32.42856],[-117.29476,32.42884],[-117.29544,32.42927],[-117.29632,32.43088],[-117.29718,32.43359],[-117.2979,32.43435],[-117.29824,32.43566],[-117.29876,32.43623],[-117.29904,32.43811],[-117.30035,32.43961],[-117.30053,32.44074],[-117.30033,32.44074],[-117.30033,32.43999],[-117.30011,32.43961],[-117.29989,32.43943],[-117.29944,32.43961],[-117.29877,32.43886],[-117.29877,32.43867],[-117.29833,32.43848],[-117.29855,32.4383],[-117.29833,32.43811],[-117.29833,32.4366],[-117.29788,32.43642],[-117.29788,32.43604],[-117.29744,32.43585],[-117.29744,32.43491],[-117.29721,32.43472],[-117.29654,32.43472],[-117.2961,32.43454],[-117.2961,32.43435],[-117.29543,32.43378],[-117.29499,32.43378],[-117.29476,32.43359],[-117.29454,32.43378],[-117.29409,32.43359],[-117.29343,32.43397],[-117.2932,32.43491],[-117.29409,32.43585],[-117.29409,32.43623],[-117.29387,32.43642],[-117.29387,32.43792],[-117.29409,32.4383],[-117.29409,32.43867],[-117.29499,32.43999],[-117.29499,32.44055],[-117.29521,32.44093],[-117.2961,32.44168],[-117.2961,32.44337],[-117.29677,32.44394],[-117.29677,32.44413],[-117.29744,32.44469],[-117.29766,32.44526],[-117.29833,32.44582],[-117.29922,32.44582],[-117.29922,32.4462],[-117.29944,32.44638],[-117.30078,32.44488],[-117.30078,32.44243],[-117.30033,32.44225],[-117.30011,32.44187],[-117.30011,32.44131],[-117.30033,32.44112],[-117.30053,32.44112],[-117.30061,32.44149],[-117.30131,32.44225],[-117.30161,32.44413],[-117.30189,32.44483],[-117.30367,32.44597],[-117.30434,32.4461],[-117.30568,32.44597],[-117.31036,32.44485]],[[-117.29588,32.44638],[-117.29632,32.44601],[-117.29632,32.44563],[-117.29588,32.44507],[-117.29565,32.44507],[-117.29521,32.44544],[-117.29521,32.44601],[-117.29565,32.44638],[-117.29588,32.44638]],[[-117.26781,32.44638],[-117.26781,32.44638]],[[-117.2961,32.4462],[-117.2961,32.4462]],[[-117.29543,32.4462],[-117.29543,32.4462]],[[-117.29966,32.44601],[-117.29966,32.44601]],[[-117.26669,32.44582],[-117.26669,32.44582]],[[-117.29989,32.44582],[-117.29989,32.44582]],[[-117.30011,32.44563],[-117.30011,32.44563]],[[-117.30033,32.44544],[-117.30033,32.44544]],[[-117.30056,32.44507],[-117.30056,32.44507]],[[-117.30167,32.44432],[-117.30167,32.44432]],[[-117.30011,32.44131],[-117.30011,32.44131]],[[-117.30033,32.44112],[-117.30033,32.44112]],[[-117.30033,32.44074],[-117.30033,32.44074]],[[-117.30011,32.4398],[-117.30011,32.4398]],[[-117.29944,32.43961],[-117.29944,32.43961]],[[-117.29922,32.43943],[-117.29922,32.43943]],[[-117.299,32.43905],[-117.299,32.43905]],[[-117.29877,32.43886],[-117.29877,32.43886]],[[-117.29833,32.43848],[-117.29833,32.43848]],[[-117.29833,32.43811],[-117.29833,32.43811]],[[-117.29788,32.43642],[-117.29788,32.43642]],[[-117.29744,32.43585],[-117.29744,32.43585]],[[-117.29654,32.43472],[-117.29654,32.43472]],[[-117.2961,32.43454],[-117.2961,32.43454]],[[-117.29588,32.43416],[-117.29588,32.43416]],[[-117.29565,32.43397],[-117.29565,32.43397]],[[-117.29499,32.43378],[-117.29499,32.43378]],[[-117.28964,32.42889],[-117.28964,32.42889]],[[-117.26335,32.42607],[-117.2638,32.42551],[-117.26357,32.42513],[-117.26402,32.42438],[-117.2629,32.42306],[-117.26246,32.42344],[-117.26268,32.42363],[-117.26246,32.42381],[-117.26268,32.42419],[-117.26246,32.42438],[-117.26246,32.42494],[-117.2629,32.4257],[-117.26335,32.42607]],[[-117.26313,32.42588],[-117.26313,32.42588]],[[-117.26357,32.4257],[-117.26357,32.4257]],[[-117.2629,32.42551],[-117.2629,32.42551]],[[-117.26357,32.42513],[-117.26357,32.42513]],[[-117.26268,32.42513],[-117.26268,32.42513]],[[-117.2638,32.42475],[-117.2638,32.42475]],[[-117.26268,32.424],[-117.26268,32.424]],[[-117.26268,32.42363],[-117.26268,32.42363]],[[-117.25087,32.42118],[-117.25154,32.42081],[-117.25176,32.42043],[-117.25176,32.42005],[-117.25154,32.41986],[-117.25154,32.41911],[-117.25132,32.41892],[-117.25132,32.41855],[-117.24998,32.41742],[-117.24998,32.41479],[-117.24976,32.41441],[-117.24998,32.41272],[-117.24954,32.41197],[-117.24954,32.41121],[-117.24931,32.41103],[-117.24931,32.41046],[-117.24887,32.4099],[-117.24909,32.40971],[-117.24909,32.40933],[-117.24865,32.40896],[-117.2482,32.40896],[-117.2482,32.40877],[-117.24731,32.40802],[-117.24664,32.40802],[-117.24642,32.40839],[-117.24597,32.40839],[-117.24575,32.4082],[-117.24597,32.40783],[-117.24575,32.40764],[-117.24575,32.40595],[-117.24486,32.40538],[-117.24486,32.40501],[-117.24508,32.40463],[-117.2453,32.40463],[-117.24597,32.40519],[-117.24642,32.40519],[-117.24686,32.40463],[-117.24686,32.40425],[-117.24664,32.40388],[-117.24686,32.40369],[-117.24686,32.40331],[-117.24642,32.40294],[-117.24597,32.40294],[-117.24508,32.40331],[-117.24575,32.40256],[-117.24575,32.40049],[-117.24597,32.4003],[-117.24575,32.40012],[-117.24575,32.39955],[-117.24597,32.39936],[-117.24575,32.39899],[-117.24597,32.3988],[-117.24597,32.39842],[-117.2453,32.39767],[-117.2453,32.3973],[-117.24486,32.39673],[-117.24486,32.39598],[-117.24575,32.39673],[-117.24619,32.39673],[-117.24664,32.39635],[-117.24664,32.3956],[-117.24597,32.39485],[-117.2453,32.39485],[-117.24508,32.39466],[-117.24441,32.39485],[-117.24419,32.39447],[-117.24419,32.39391],[-117.24374,32.39372],[-117.2433,32.39316],[-117.2433,32.39241],[-117.24241,32.39146],[-117.24241,32.39071],[-117.24218,32.39052],[-117.24174,32.39052],[-117.24152,32.39034],[-117.23996,32.39034],[-117.23973,32.39015],[-117.23884,32.39109],[-117.23884,32.39146],[-117.23862,32.39165],[-117.23862,32.39353],[-117.2384,32.39391],[-117.23884,32.39466],[-117.23884,32.39824],[-117.23907,32.39842],[-117.23907,32.39899],[-117.23973,32.39993],[-117.23973,32.40237],[-117.24063,32.40331],[-117.24063,32.40369],[-117.24085,32.40388],[-117.24085,32.40444],[-117.24152,32.40538],[-117.24152,32.41008],[-117.24174,32.41027],[-117.24196,32.41159],[-117.24263,32.41272],[-117.24263,32.41403],[-117.24374,32.41497],[-117.24464,32.41516],[-117.24508,32.41554],[-117.24597,32.41704],[-117.24642,32.41742],[-117.24709,32.41761],[-117.24731,32.41798],[-117.24731,32.41855],[-117.24775,32.41892],[-117.24798,32.41892],[-117.24798,32.41949],[-117.2482,32.41986],[-117.24842,32.42005],[-117.24909,32.42005],[-117.24931,32.42024],[-117.25043,32.42043],[-117.2502,32.42062],[-117.25043,32.42099],[-117.25087,32.42118]],[[-117.24619,32.42118],[-117.24686,32.42043],[-117.24731,32.42043],[-117.24753,32.42062],[-117.24798,32.42024],[-117.24731,32.41986],[-117.24731,32.41911],[-117.24709,32.41892],[-117.24686,32.41892],[-117.24619,32.41968],[-117.24597,32.41968],[-117.2453,32.42024],[-117.2453,32.42081],[-117.24575,32.42118],[-117.24619,32.42118]],[[-117.2511,32.42099],[-117.2511,32.42099]],[[-117.24642,32.42099],[-117.24642,32.42099]],[[-117.24553,32.42099],[-117.24553,32.42099]],[[-117.25043,32.42081],[-117.25043,32.42081]],[[-117.25154,32.42062],[-117.25154,32.42062]],[[-117.24664,32.42062],[-117.24664,32.42062]],[[-117.25087,32.42024],[-117.25043,32.42043],[-117.2511,32.42005],[-117.25087,32.42024]],[[-117.24775,32.42043],[-117.24775,32.42043]],[[-117.24731,32.42043],[-117.24731,32.42043]],[[-117.24686,32.42043],[-117.24686,32.42043]],[[-117.26045,32.42024],[-117.26157,32.41892],[-117.26157,32.41817],[-117.26201,32.4178],[-117.26201,32.41723],[-117.26157,32.41667],[-117.26112,32.41648],[-117.2609,32.4161],[-117.2609,32.41573],[-117.25956,32.41441],[-117.25867,32.41497],[-117.25867,32.41573],[-117.25889,32.41592],[-117.25889,32.41742],[-117.25867,32.4178],[-117.25733,32.41798],[-117.25711,32.41817],[-117.25711,32.41855],[-117.25778,32.4193],[-117.25823,32.41911],[-117.25889,32.41911],[-117.25934,32.41968],[-117.25978,32.41968],[-117.26001,32.41949],[-117.26001,32.41986],[-117.26045,32.42024]],[[-117.25065,32.42024],[-117.25065,32.42024]],[[-117.24976,32.42024],[-117.24976,32.42024]],[[-117.26068,32.42005],[-117.26068,32.42005]],[[-117.26023,32.42005],[-117.26023,32.42005]],[[-117.2511,32.42005],[-117.2511,32.41986],[-117.2511,32.42005]],[[-117.24909,32.42005],[-117.24909,32.42005]],[[-117.2511,32.41986],[-117.2511,32.41986]],[[-117.2609,32.41968],[-117.2609,32.41968]],[[-117.2482,32.41968],[-117.2482,32.41968]],[[-117.26112,32.41949],[-117.26112,32.41949]],[[-117.26001,32.41949],[-117.26001,32.41949]],[[-117.25912,32.4193],[-117.25912,32.4193]],[[-117.26134,32.41911],[-117.26134,32.41911]],[[-117.25889,32.41911],[-117.25889,32.41911]],[[-117.25823,32.41911],[-117.25823,32.41911]],[[-117.25756,32.41892],[-117.25756,32.41892]],[[-117.24798,32.41892],[-117.24798,32.41892]],[[-117.25733,32.41874],[-117.25733,32.41874]],[[-117.24753,32.41874],[-117.24753,32.41874]],[[-117.26157,32.41817],[-117.26157,32.41817]],[[-117.26179,32.41798],[-117.26179,32.41798]],[[-117.24731,32.41798],[-117.24731,32.41798]],[[-117.24709,32.41761],[-117.24709,32.41761]],[[-117.24664,32.41742],[-117.24664,32.41742]],[[-117.24619,32.41723],[-117.24619,32.41723]],[[-117.24597,32.41686],[-117.24597,32.41686]],[[-117.24575,32.41648],[-117.24575,32.41648]],[[-117.24553,32.41629],[-117.24553,32.41629]],[[-117.25889,32.41592],[-117.25889,32.41592]],[[-117.2453,32.41592],[-117.2453,32.41592]],[[-117.24508,32.41554],[-117.24508,32.41554]],[[-117.24486,32.41535],[-117.24486,32.41535]],[[-117.24464,32.41516],[-117.24464,32.41516]],[[-117.24397,32.41497],[-117.24397,32.41497]],[[-117.24352,32.41479],[-117.24352,32.41479]],[[-117.2433,32.4146],[-117.2433,32.4146]],[[-117.24308,32.41441],[-117.24308,32.41441]],[[-117.24285,32.41422],[-117.24285,32.41422]],[[-117.24976,32.41366],[-117.24976,32.41366]],[[-117.24263,32.41272],[-117.24263,32.41272]],[[-117.24241,32.41215],[-117.24241,32.41215]],[[-117.24218,32.41178],[-117.24218,32.41178]],[[-117.24196,32.41103],[-117.24196,32.41103]],[[-117.24174,32.41027],[-117.24174,32.41027]],[[-117.24887,32.4099],[-117.24887,32.4099]],[[-117.24575,32.40802],[-117.24575,32.40802]],[[-117.24686,32.40745],[-117.24753,32.40708],[-117.24753,32.4067],[-117.24731,32.40651],[-117.24731,32.40576],[-117.24709,32.40557],[-117.24664,32.40557],[-117.24642,32.40576],[-117.24642,32.40651],[-117.24664,32.4067],[-117.24664,32.40726],[-117.24686,32.40745]],[[-117.24709,32.40726],[-117.24709,32.40726]],[[-117.24664,32.4067],[-117.24664,32.4067]],[[-117.24753,32.40538],[-117.24842,32.40463],[-117.24842,32.4035],[-117.24753,32.40237],[-117.24753,32.402],[-117.24731,32.40181],[-117.24731,32.4003],[-117.24686,32.39974],[-117.24664,32.39993],[-117.24664,32.40049],[-117.24642,32.40068],[-117.24664,32.40106],[-117.24664,32.40143],[-117.24642,32.40162],[-117.24664,32.40181],[-117.24664,32.40219],[-117.24642,32.40237],[-117.24664,32.40275],[-117.24753,32.40331],[-117.24753,32.40369],[-117.24731,32.40407],[-117.24753,32.40425],[-117.24753,32.40482],[-117.24709,32.40519],[-117.24753,32.40538]],[[-117.24152,32.40538],[-117.24152,32.40538]],[[-117.24775,32.40519],[-117.24775,32.40519]],[[-117.24798,32.40501],[-117.24798,32.40501]],[[-117.24575,32.40501],[-117.24575,32.40501]],[[-117.24486,32.40501],[-117.24486,32.40501]],[[-117.24129,32.40501],[-117.24129,32.40501]],[[-117.2482,32.40482],[-117.2482,32.40482]],[[-117.24664,32.40482],[-117.24664,32.40482]],[[-117.24553,32.40482],[-117.24553,32.40482]],[[-117.2453,32.40463],[-117.2453,32.40463]],[[-117.24508,32.40463],[-117.24508,32.40463]],[[-117.24107,32.40463],[-117.24107,32.40463]],[[-117.23795,32.40444],[-117.23862,32.40369],[-117.23862,32.4035],[-117.23907,32.40388],[-117.23951,32.40388],[-117.23973,32.40369],[-117.23973,32.40313],[-117.23929,32.40275],[-117.23907,32.40275],[-117.23907,32.40237],[-117.23884,32.40219],[-117.23884,32.40181],[-117.23907,32.40162],[-117.23884,32.40125],[-117.2384,32.40143],[-117.2384,32.40275],[-117.23884,32.40313],[-117.23862,32.4035],[-117.2384,32.40313],[-117.23773,32.40294],[-117.23706,32.4035],[-117.23706,32.40425],[-117.23728,32.40444],[-117.23795,32.40444]],[[-117.24753,32.40425],[-117.24753,32.40425]],[[-117.23817,32.40407],[-117.23817,32.40407]],[[-117.24664,32.40388],[-117.24664,32.40388]],[[-117.24085,32.40388],[-117.24085,32.40388]],[[-117.2384,32.40388],[-117.2384,32.40388]],[[-117.23884,32.40369],[-117.23884,32.40369]],[[-117.24753,32.40331],[-117.24753,32.40331]],[[-117.24508,32.40331],[-117.24508,32.40331]],[[-117.24063,32.40331],[-117.24063,32.40331]],[[-117.24731,32.40313],[-117.24731,32.40313]],[[-117.23884,32.40313],[-117.23884,32.40313]],[[-117.24686,32.40294],[-117.24686,32.40294]],[[-117.2453,32.40294],[-117.2453,32.40294]],[[-117.2404,32.40294],[-117.2404,32.40294]],[[-117.23862,32.40294],[-117.23862,32.40294]],[[-117.24553,32.40275],[-117.24553,32.40275]],[[-117.24018,32.40275],[-117.24018,32.40275]],[[-117.24664,32.40256],[-117.24664,32.40256]],[[-117.23996,32.40256],[-117.23996,32.40256]],[[-117.24664,32.40181],[-117.24664,32.40181]],[[-117.23884,32.40181],[-117.23884,32.40181]],[[-117.24664,32.40087],[-117.24664,32.40087]],[[-117.24575,32.40049],[-117.24575,32.40049]],[[-117.23862,32.40049],[-117.23907,32.39993],[-117.23884,32.39974],[-117.2384,32.39993],[-117.2384,32.4003],[-117.23862,32.40049]],[[-117.23884,32.40012],[-117.23884,32.40012]],[[-117.23973,32.39993],[-117.23973,32.39993]],[[-117.24575,32.39955],[-117.24575,32.39955]],[[-117.23951,32.39955],[-117.23951,32.39955]],[[-117.23929,32.39918],[-117.23929,32.39918]],[[-117.24575,32.39899],[-117.24575,32.39899]],[[-117.23907,32.39842],[-117.23907,32.39842]],[[-117.23795,32.39692],[-117.23817,32.39673],[-117.23817,32.39598],[-117.2384,32.39579],[-117.23817,32.39541],[-117.23817,32.39504],[-117.23795,32.39485],[-117.23706,32.39485],[-117.23661,32.39523],[-117.23661,32.39635],[-117.23795,32.39692]],[[-117.23751,32.39673],[-117.23751,32.39673]],[[-117.24642,32.39654],[-117.24642,32.39654]],[[-117.24553,32.39654],[-117.24553,32.39654]],[[-117.23706,32.39654],[-117.23706,32.39654]],[[-117.2453,32.39635],[-117.2453,32.39635]],[[-117.24508,32.39617],[-117.24508,32.39617]],[[-117.24486,32.39598],[-117.24486,32.39579],[-117.24486,32.39598]],[[-117.23817,32.39598],[-117.23817,32.39598]],[[-117.24486,32.39579],[-117.24486,32.3956],[-117.24486,32.39579]],[[-117.24486,32.3956],[-117.24486,32.3956]],[[-117.23884,32.39466],[-117.23884,32.39466]],[[-117.23862,32.3941],[-117.23862,32.3941]]]},"properties":{"depth_m":150}},{"type":"Feature","geometry":{"type":"MultiLineString","coordinates":[[[-117.27984,32.44734],[-117.28318,32.44697],[-117.28741,32.44696],[-117.28808,32.44672],[-117.28878,32.4462],[-117.28918,32.44563],[-117.28943,32.44488],[-117.28929,32.44319],[-117.28821,32.44112],[-117.28407,32.43613],[-117.28316,32.43529],[-117.28206,32.43463],[-117.28028,32.4342],[-117.27828,32.43419],[-117.27605,32.43457],[-117.27404,32.43528],[-117.27204,32.43638],[-117.26845,32.43886],[-117.26709,32.44018],[-117.26612,32.44168],[-117.26587,32.443],[-117.2663,32.44413],[-117.26766,32.44544],[-117.26936,32.44644],[-117.27092,32.44684],[-117.27427,32.44677],[-117.27828,32.44733],[-117.27984,32.44734]],[[-117.29944,32.44638],[-117.30078,32.44488],[-117.30078,32.44243],[-117.30033,32.44225],[-117.30011,32.44187],[-117.30011,32.44131],[-117.30056,32.44093],[-117.30033,32.44074],[-117.30033,32.43999],[-117.29989,32.43943],[-117.29944,32.43961],[-117.29877,32.43886],[-117.29877,32.43867],[-117.29833,32.43848],[-117.29855,32.4383],[-117.29833,32.43811],[-117.29833,32.4366],[-117.29788,32.43642],[-117.29788,32.43604],[-117.29744,32.43585],[-117.29744,32.43491],[-117.29721,32.43472],[-117.29654,32.43472],[-117.2961,32.43454],[-117.2961,32.43435],[-117.29543,32.43378],[-117.29499,32.43378],[-117.29476,32.43359],[-117.29454,32.43378],[-117.29409,32.43359],[-117.29365,32.43378],[-117.2932,32.43454],[-117.2932,32.43491],[-117.29409,32.43585],[-117.29409,32.43623],[-117.29387,32.43642],[-117.29387,32.43811],[-117.29499,32.43999],[-117.29499,32.44055],[-117.29521,32.44093],[-117.2961,32.44168],[-117.2961,32.44337],[-117.29744,32.44469],[-117.29766,32.44526],[-117.29833,32.44582],[-117.29922,32.44582],[-117.29922,32.4462],[-117.29944,32.44638]],[[-117.29588,32.44638],[-117.29632,32.44601],[-117.29632,32.44563],[-117.29588,32.44507],[-117.29565,32.44507],[-117.29521,32.44544],[-117.29521,32.44601],[-117.29565,32.44638],[-117.29588,32.44638]],[[-117.2961,32.4462],[-117.2961,32.4462]],[[-117.29543,32.4462],[-117.29543,32.4462]],[[-117.29966,32.44601],[-117.29966,32.44601]],[[-117.29989,32.44582],[-117.29989,32.44582]],[[-117.29922,32.44582],[-117.29922,32.44582]],[[-117.24894,32.36795],[-117.2499,32.3704],[-117.25116,32.37247],[-117.25266,32.37408],[-117.25554,32.37642],[-117.25659,32.37792],[-117.25715,32.3798],[-117.25781,32.38451],[-117.25829,32.38657],[-117.25924,32.38902],[-117.2626,32.39579],[-117.26479,32.40294],[-117.26588,32.4082],[-117.2665,32.41027],[-117.26775,32.41272],[-117.27159,32.41835],[-117.27346,32.42287],[-117.27438,32.42438],[-117.27538,32.42537],[-117.27672,32.42616],[-117.27995,32.4272],[-117.28318,32.42853],[-117.28451,32.42892],[-117.28563,32.42904],[-117.28697,32.42897],[-117.29008,32.42814],[-117.29187,32.42793],[-117.29365,32.42808],[-117.29521,32.42862],[-117.29588,32.42917],[-117.29643,32.43021],[-117.29761,32.43359],[-117.29811,32.43435],[-117.29835,32.43548],[-117.29892,32.43623],[-117.29922,32.43796],[-117.30048,32.43961],[-117.3007,32.44131],[-117.30141,32.44206],[-117.30189,32.44388],[-117.30367,32.44524],[-117.30434,32.44546],[-117.3068,32.44507],[-117.31036,32.4439]],[[-117.30011,32.44563],[-117.30011,32.44563]],[[-117.2981,32.44563],[-117.2981,32.44563]],[[-117.30033,32.44544],[-117.30033,32.44544]],[[-117.29788,32.44544],[-117.29788,32.44544]],[[-117.30056,32.44507],[-117.30056,32.44507]],[[-117.29766,32.44507],[-117.29766,32.44507]],[[-117.29744,32.44469],[-117.29744,32.44469]],[[-117.29721,32.4445],[-117.29721,32.4445]],[[-117.29699,32.44432],[-117.29699,32.44432]],[[-117.29677,32.44394],[-117.29677,32.44394]],[[-117.29654,32.44375],[-117.29654,32.44375]],[[-117.29632,32.44356],[-117.29632,32.44356]],[[-117.2961,32.44168],[-117.2961,32.44168]],[[-117.29588,32.44149],[-117.29588,32.44149]],[[-117.30011,32.44131],[-117.30011,32.44131]],[[-117.29565,32.44131],[-117.29565,32.44131]],[[-117.30033,32.44112],[-117.30033,32.44112]],[[-117.29543,32.44112],[-117.29543,32.44112]],[[-117.29521,32.44074],[-117.29521,32.44074]],[[-117.29499,32.43999],[-117.29499,32.43999]],[[-117.29476,32.43961],[-117.29476,32.43961]],[[-117.29454,32.43924],[-117.29454,32.43924]],[[-117.29432,32.43886],[-117.29432,32.43886]],[[-117.29833,32.43848],[-117.29833,32.43848]],[[-117.29409,32.4383],[-117.29409,32.4383]],[[-117.29409,32.43585],[-117.29409,32.43585]],[[-117.29387,32.43566],[-117.29387,32.43566]],[[-117.29365,32.43548],[-117.29365,32.43548]],[[-117.29343,32.4351],[-117.29343,32.4351]],[[-117.26335,32.42607],[-117.2638,32.42551],[-117.26357,32.42513],[-117.26402,32.42438],[-117.2629,32.42306],[-117.26246,32.42344],[-117.26268,32.42363],[-117.26246,32.42381],[-117.26268,32.42419],[-117.26246,32.42438],[-117.26246,32.42494],[-117.2629,32.4257],[-117.26335,32.42607]],[[-117.26313,32.42588],[-117.26313,32.42588]],[[-117.26357,32.4257],[-117.26357,32.4257]],[[-117.2629,32.42551],[-117.2629,32.42551]],[[-117.26357,32.42513],[-117.26357,32.42513]],[[-117.26268,32.42513],[-117.26268,32.42513]],[[-117.2638,32.42475],[-117.2638,32.42475]],[[-117.26268,32.424],[-117.26268,32.424]],[[-117.26268,32.42363],[-117.26268,32.42363]],[[-117.25087,32.42118],[-117.25154,32.42081],[-117.25176,32.42043],[-117.25176,32.42005],[-117.25154,32.41986],[-117.25154,32.41911],[-117.25132,32.41892],[-117.25132,32.41855],[-117.24998,32.41742],[-117.24998,32.41479],[-117.24976,32.41441],[-117.24998,32.41272],[-117.24954,32.41197],[-117.24954,32.41121],[-117.24931,32.41103],[-117.24931,32.41046],[-117.24887,32.4099],[-117.24909,32.40971],[-117.24909,32.40933],[-117.24865,32.40896],[-117.2482,32.40896],[-117.2482,32.40877],[-117.24731,32.40802],[-117.24664,32.40802],[-117.24642,32.40839],[-117.24597,32.40839],[-117.24575,32.4082],[-117.24597,32.40783],[-117.24575,32.40764],[-117.24575,32.40595],[-117.24486,32.40538],[-117.24486,32.40501],[-117.24508,32.40463],[-117.2453,32.40463],[-117.24597,32.40519],[-117.24642,32.40519],[-117.24686,32.40463],[-117.24686,32.40425],[-117.24664,32.40388],[-117.24686,32.40369],[-117.24686,32.40331],[-117.24642,32.40294],[-117.24597,32.40294],[-117.24508,32.40331],[-117.24575,32.40256],[-117.24575,32.40049],[-117.24597,32.4003],[-117.24575,32.40012],[-117.24575,32.39955],[-117.24597,32.39936],[-117.24575,32.39899],[-117.24597,32.3988],[-117.24597,32.39842],[-117.2453,32.39767],[-117.2453,32.3973],[-117.24486,32.39673],[-117.24486,32.39598],[-117.24575,32.39673],[-117.24619,32.39673],[-117.24664,32.39635],[-117.24664,32.3956],[-117.24597,32.39485],[-117.2453,32.39485],[-117.24508,32.39466],[-117.24441,32.39485],[-117.24419,32.39447],[-117.24419,32.39391],[-117.24374,32.39372],[-117.2433,32.39316],[-117.2433,32.39241],[-117.24241,32.39146],[-117.24241,32.39071],[-117.24218,32.39052],[-117.24174,32.39052],[-117.24152,32.39034],[-117.23996,32.39034],[-117.23973,32.39015],[-117.23884,32.39109],[-117.23884,32.39146],[-117.23862,32.39165],[-117.23862,32.39353],[-117.2384,32.39391],[-117.23884,32.39466],[-117.23884,32.39824],[-117.23907,32.39842],[-117.23907,32.39899],[-117.23973,32.39993],[-117.23973,32.40237],[-117.24063,32.40331],[-117.24063,32.40369],[-117.24085,32.40388],[-117.24085,32.40444],[-117.24152,32.40538],[-117.24152,32.41008],[-117.24174,32.41027],[-117.24196,32.41159],[-117.24263,32.41272],[-117.24263,32.41403],[-117.24374,32.41497],[-117.24464,32.41516],[-117.24508,32.41554],[-117.24597,32.41704],[-117.24642,32.41742],[-117.24709,32.41761],[-117.24731,32.41798],[-117.24731,32.41855],[-117.24775,32.41892],[-117.24798,32.41892],[-117.24798,32.41949],[-117.2482,32.41986],[-117.24842,32.42005],[-117.24909,32.42005],[-117.24931,32.42024],[-117.25043,32.42043],[-117.2502,32.42062],[-117.25043,32.42099],[-117.25087,32.42118]],[[-117.24619,32.42118],[-117.24686,32.42043],[-117.24731,32.42043],[-117.24753,32.42062],[-117.24798,32.42024],[-117.24731,32.41986],[-117.24731,32.41911],[-117.24709,32.41892],[-117.24686,32.41892],[-117.24619,32.41968],[-117.24597,32.41968],[-117.2453,32.42024],[-117.2453,32.42081],[-117.24575,32.42118],[-117.24619,32.42118]],[[-117.2511,32.42099],[-117.2511,32.42099]],[[-117.24642,32.42099],[-117.24642,32.42099]],[[-117.24553,32.42099],[-117.24553,32.42099]],[[-117.25043,32.42081],[-117.25043,32.42081]],[[-117.25154,32.42062],[-117.25154,32.42062]],[[-117.24664,32.42062],[-117.24664,32.42062]],[[-117.25087,32.42024],[-117.25043,32.42043],[-117.2511,32.42005],[-117.25087,32.42024]],[[-117.24775,32.42043],[-117.24775,32.42043]],[[-117.24731,32.42043],[-117.24731,32.42043]],[[-117.24686,32.42043],[-117.24686,32.42043]],[[-117.26045,32.42024],[-117.26157,32.41892],[-117.26157,32.41817],[-117.26201,32.4178],[-117.26201,32.41723],[-117.26157,32.41667],[-117.26112,32.41648],[-117.2609,32.4161],[-117.2609,32.41573],[-117.25956,32.41441],[-117.25867,32.41497],[-117.25867,32.41573],[-117.25889,32.41592],[-117.25889,32.41742],[-117.25867,32.4178],[-117.25733,32.41798],[-117.25711,32.41817],[-117.25711,32.41855],[-117.25778,32.4193],[-117.25823,32.41911],[-117.25889,32.41911],[-117.25934,32.41968],[-117.25978,32.41968],[-117.26001,32.41949],[-117.26001,32.41986],[-117.26045,32.42024]],[[-117.25065,32.42024],[-117.25065,32.42024]],[[-117.24976,32.42024],[-117.24976,32.42024]],[[-117.26068,32.42005],[-117.26068,32.42005]],[[-117.26023,32.42005],[-117.26023,32.42005]],[[-117.2511,32.42005],[-117.2511,32.41986],[-117.2511,32.42005]],[[-117.24909,32.42005],[-117.24909,32.42005]],[[-117.2511,32.41986],[-117.2511,32.41986]],[[-117.2609,32.41968],[-117.2609,32.41968]],[[-117.2482,32.41968],[-117.2482,32.41968]],[[-117.26112,32.41949],[-117.26112,32.41949]],[[-117.26001,32.41949],[-117.26001,32.41949]],[[-117.25912,32.4193],[-117.25912,32.4193]],[[-117.26134,32.41911],[-117.26134,32.41911]],[[-117.25889,32.41911],[-117.25889,32.41911]],[[-117.25823,32.41911],[-117.25823,32.41911]],[[-117.25756,32.41892],[-117.25756,32.41892]],[[-117.24798,32.41892],[-117.24798,32.41892]],[[-117.25733,32.41874],[-117.25733,32.41874]],[[-117.24753,32.41874],[-117.24753,32.41874]],[[-117.26157,32.41817],[-117.26157,32.41817]],[[-117.26179,32.41798],[-117.26179,32.41798]],[[-117.24731,32.41798],[-117.24731,32.41798]],[[-117.24709,32.41761],[-117.24709,32.41761]],[[-117.24664,32.41742],[-117.24664,32.41742]],[[-117.24619,32.41723],[-117.24619,32.41723]],[[-117.24597,32.41686],[-117.24597,32.41686]],[[-117.24575,32.41648],[-117.24575,32.41648]],[[-117.24553,32.41629],[-117.24553,32.41629]],[[-117.25889,32.41592],[-117.25889,32.41592]],[[-117.2453,32.41592],[-117.2453,32.41592]],[[-117.24508,32.41554],[-117.24508,32.41554]],[[-117.24486,32.41535],[-117.24486,32.41535]],[[-117.24464,32.41516],[-117.24464,32.41516]],[[-117.24397,32.41497],[-117.24397,32.41497]],[[-117.24352,32.41479],[-117.24352,32.41479]],[[-117.2433,32.4146],[-117.2433,32.4146]],[[-117.24308,32.41441],[-117.24308,32.41441]],[[-117.24285,32.41422],[-117.24285,32.41422]],[[-117.24976,32.41366],[-117.24976,32.41366]],[[-117.24263,32.41272],[-117.24263,32.41272]],[[-117.24241,32.41215],[-117.24241,32.41215]],[[-117.24218,32.41178],[-117.24218,32.41178]],[[-117.24196,32.41103],[-117.24196,32.41103]],[[-117.24174,32.41027],[-117.24174,32.41027]],[[-117.24887,32.4099],[-117.24887,32.4099]],[[-117.24575,32.40802],[-117.24575,32.40802]],[[-117.24686,32.40745],[-117.24753,32.40708],[-117.24753,32.4067],[-117.24731,32.40651],[-117.24731,32.40576],[-117.24709,32.40557],[-117.24664,32.40557],[-117.24642,32.40576],[-117.24642,32.40651],[-117.24664,32.4067],[-117.24664,32.40726],[-117.24686,32.40745]],[[-117.24709,32.40726],[-117.24709,32.40726]],[[-117.24664,32.4067],[-117.24664,32.4067]],[[-117.24753,32.40538],[-117.24842,32.40463],[-117.24842,32.4035],[-117.24753,32.40237],[-117.24753,32.402],[-117.24731,32.40181],[-117.24731,32.4003],[-117.24686,32.39974],[-117.24664,32.39993],[-117.24664,32.40049],[-117.24642,32.40068],[-117.24664,32.40106],[-117.24664,32.40143],[-117.24642,32.40162],[-117.24664,32.40181],[-117.24664,32.40219],[-117.24642,32.40237],[-117.24664,32.40275],[-117.24753,32.40331],[-117.24753,32.40369],[-117.24731,32.40407],[-117.24753,32.40425],[-117.24753,32.40482],[-117.24709,32.40519],[-117.24753,32.40538]],[[-117.24152,32.40538],[-117.24152,32.40538]],[[-117.24775,32.40519],[-117.24775,32.40519]],[[-117.24798,32.40501],[-117.24798,32.40501]],[[-117.24575,32.40501],[-117.24575,32.40501]],[[-117.24486,32.40501],[-117.24486,32.40501]],[[-117.24129,32.40501],[-117.24129,32.40501]],[[-117.2482,32.40482],[-117.2482,32.40482]],[[-117.24664,32.40482],[-117.24664,32.40482]],[[-117.24553,32.40482],[-117.24553,32.40482]],[[-117.2453,32.40463],[-117.2453,32.40463]],[[-117.24508,32.40463],[-117.24508,32.40463]],[[-117.24107,32.40463],[-117.24107,32.40463]],[[-117.23795,32.40444],[-117.23862,32.40369],[-117.23862,32.4035],[-117.23907,32.40388],[-117.23951,32.40388],[-117.23973,32.40369],[-117.23973,32.40313],[-117.23929,32.40275],[-117.23907,32.40275],[-117.23907,32.40237],[-117.23884,32.40219],[-117.23884,32.40181],[-117.23907,32.40162],[-117.23884,32.40125],[-117.2384,32.40143],[-117.2384,32.40275],[-117.23884,32.40313],[-117.23862,32.4035],[-117.2384,32.40313],[-117.23773,32.40294],[-117.23706,32.4035],[-117.23706,32.40425],[-117.23728,32.40444],[-117.23795,32.40444]],[[-117.24753,32.40425],[-117.24753,32.40425]],[[-117.23817,32.40407],[-117.23817,32.40407]],[[-117.24664,32.40388],[-117.24664,32.40388]],[[-117.24085,32.40388],[-117.24085,32.40388]],[[-117.2384,32.40388],[-117.2384,32.40388]],[[-117.23884,32.40369],[-117.23884,32.40369]],[[-117.24753,32.40331],[-117.24753,32.40331]],[[-117.24508,32.40331],[-117.24508,32.40331]],[[-117.24063,32.40331],[-117.24063,32.40331]],[[-117.24731,32.40313],[-117.24731,32.40313]],[[-117.23884,32.40313],[-117.23884,32.40313]],[[-117.24686,32.40294],[-117.24686,32.40294]],[[-117.2453,32.40294],[-117.2453,32.40294]],[[-117.2404,32.40294],[-117.2404,32.40294]],[[-117.23862,32.40294],[-117.23862,32.40294]],[[-117.24553,32.40275],[-117.24553,32.40275]],[[-117.24018,32.40275],[-117.24018,32.40275]],[[-117.24664,32.40256],[-117.24664,32.40256]],[[-117.23996,32.40256],[-117.23996,32.40256]],[[-117.24664,32.40181],[-117.24664,32.40181]],[[-117.23884,32.40181],[-117.23884,32.40181]],[[-117.24664,32.40087],[-117.24664,32.40087]],[[-117.24575,32.40049],[-117.24575,32.40049]],[[-117.23862,32.40049],[-117.23907,32.39993],[-117.23884,32.39974],[-117.2384,32.39993],[-117.2384,32.4003],[-117.23862,32.40049]],[[-117.23884,32.40012],[-117.23884,32.40012]],[[-117.23973,32.39993],[-117.23973,32.39993]],[[-117.24575,32.39955],[-117.24575,32.39955]],[[-117.23951,32.39955],[-117.23951,32.39955]],[[-117.23929,32.39918],[-117.23929,32.39918]],[[-117.24575,32.39899],[-117.24575,32.39899]],[[-117.23907,32.39842],[-117.23907,32.39842]],[[-117.23795,32.39692],[-117.23817,32.39673],[-117.23817,32.39598],[-117.2384,32.39579],[-117.23817,32.39541],[-117.23817,32.39504],[-117.23795,32.39485],[-117.23706,32.39485],[-117.23661,32.39523],[-117.23661,32.39635],[-117.23795,32.39692]],[[-117.23751,32.39673],[-117.23751,32.39673]],[[-117.24642,32.39654],[-117.24642,32.39654]],[[-117.24553,32.39654],[-117.24553,32.39654]],[[-117.23706,32.39654],[-117.23706,32.39654]],[[-117.2453,32.39635],[-117.2453,32.39635]],[[-117.24508,32.39617],[-117.24508,32.39617]],[[-117.24486,32.39598],[-117.24486,32.39579],[-117.24486,32.39598]],[[-117.23817,32.39598],[-117.23817,32.39598]],[[-117.24486,32.39579],[-117.24486,32.3956],[-117.24486,32.39579]],[[-117.24486,32.3956],[-117.24486,32.3956]],[[-117.23884,32.39466],[-117.23884,32.39466]],[[-117.23862,32.3941],[-117.23862,32.3941]]]},"properties":{"depth_m":175}},{"type":"Feature","geometry":{"type":"MultiLineString","coordinates":[[[-117.28006,32.44696],[-117.28318,32.44654],[-117.28741,32.44655],[-117.28832,32.44601],[-117.28887,32.44488],[-117.28889,32.44413],[-117.28868,32.44319],[-117.28761,32.44131],[-117.28383,32.43698],[-117.28273,32.43603],[-117.28162,32.4354],[-117.28006,32.43498],[-117.2785,32.43493],[-117.27649,32.43527],[-117.27471,32.43593],[-117.27271,32.43706],[-117.26971,32.43924],[-117.26847,32.44043],[-117.26766,32.44168],[-117.2674,32.443],[-117.26774,32.44413],[-117.26866,32.44526],[-117.27003,32.44615],[-117.27092,32.44636],[-117.27449,32.4463],[-117.27828,32.44697],[-117.28006,32.44696]],[[-117.29944,32.44638],[-117.30078,32.44488],[-117.30078,32.44243],[-117.30033,32.44225],[-117.30011,32.44187],[-117.30011,32.44131],[-117.30056,32.44093],[-117.30033,32.44074],[-117.30033,32.43999],[-117.29989,32.43943],[-117.29944,32.43961],[-117.29877,32.43886],[-117.29877,32.43867],[-117.29833,32.43848],[-117.29855,32.4383],[-117.29833,32.43811],[-117.29833,32.4366],[-117.29788,32.43642],[-117.29788,32.43604],[-117.29744,32.43585],[-117.29744,32.43491],[-117.29721,32.43472],[-117.29654,32.43472],[-117.2961,32.43454],[-117.2961,32.43435],[-117.29543,32.43378],[-117.29499,32.43378],[-117.29476,32.43359],[-117.29454,32.43378],[-117.29409,32.43359],[-117.29365,32.43378],[-117.2932,32.43454],[-117.2932,32.43491],[-117.29409,32.43585],[-117.29409,32.43623],[-117.29387,32.43642],[-117.29387,32.43811],[-117.29499,32.43999],[-117.29499,32.44055],[-117.29521,32.44093],[-117.2961,32.44168],[-117.2961,32.44337],[-117.29744,32.44469],[-117.29766,32.44526],[-117.29833,32.44582],[-117.29922,32.44582],[-117.29922,32.4462],[-117.29944,32.44638]],[[-117.29588,32.44638],[-117.29632,32.44601],[-117.29632,32.44563],[-117.29588,32.44507],[-117.29565,32.44507],[-117.29521,32.44544],[-117.29521,32.44601],[-117.29565,32.44638],[-117.29588,32.44638]],[[-117.27516,32.44638],[-117.27516,32.44638]],[[-117.2961,32.4462],[-117.2961,32.4462]],[[-117.29543,32.4462],[-117.29543,32.4462]],[[-117.29966,32.44601],[-117.29966,32.44601]],[[-117.29989,32.44582],[-117.29989,32.44582]],[[-117.29922,32.44582],[-117.29922,32.44582]],[[-117.30011,32.44563],[-117.30011,32.44563]],[[-117.2981,32.44563],[-117.2981,32.44563]],[[-117.30033,32.44544],[-117.30033,32.44544]],[[-117.29788,32.44544],[-117.29788,32.44544]],[[-117.30056,32.44507],[-117.30056,32.44507]],[[-117.29766,32.44507],[-117.29766,32.44507]],[[-117.25013,32.36795],[-117.25132,32.37048],[-117.25266,32.37214],[-117.25422,32.37316],[-117.25756,32.37431],[-117.25823,32.37487],[-117.25859,32.37548],[-117.25901,32.37736],[-117.25913,32.38357],[-117.25957,32.38657],[-117.26037,32.38902],[-117.26321,32.3956],[-117.26525,32.40275],[-117.26677,32.40896],[-117.26796,32.41159],[-117.2719,32.41761],[-117.27382,32.42231],[-117.27484,32.424],[-117.27583,32.42495],[-117.27716,32.42573],[-117.28429,32.428],[-117.28674,32.42816],[-117.29008,32.42756],[-117.29187,32.42746],[-117.29365,32.42768],[-117.29521,32.42824],[-117.29605,32.42889],[-117.29661,32.42983],[-117.29836,32.43435],[-117.29855,32.43529],[-117.29907,32.43604],[-117.29944,32.43757],[-117.29999,32.43886],[-117.30064,32.43961],[-117.30088,32.44112],[-117.30161,32.44187],[-117.30189,32.44282],[-117.30367,32.44431],[-117.30479,32.44466],[-117.3059,32.44456],[-117.30746,32.44416],[-117.31036,32.44294]],[[-117.29744,32.44469],[-117.29744,32.44469]],[[-117.29721,32.4445],[-117.29721,32.4445]],[[-117.29699,32.44432],[-117.29699,32.44432]],[[-117.29677,32.44394],[-117.29677,32.44394]],[[-117.29654,32.44375],[-117.29654,32.44375]],[[-117.29632,32.44356],[-117.29632,32.44356]],[[-117.2961,32.44168],[-117.2961,32.44168]],[[-117.29588,32.44149],[-117.29588,32.44149]],[[-117.30011,32.44131],[-117.30011,32.44131]],[[-117.29565,32.44131],[-117.29565,32.44131]],[[-117.30033,32.44112],[-117.30033,32.44112]],[[-117.29543,32.44112],[-117.29543,32.44112]],[[-117.29521,32.44074],[-117.29521,32.44074]],[[-117.2687,32.44018],[-117.2687,32.44018]],[[-117.29499,32.43999],[-117.29499,32.43999]],[[-117.29476,32.43961],[-117.29476,32.43961]],[[-117.29454,32.43924],[-117.29454,32.43924]],[[-117.29432,32.43886],[-117.29432,32.43886]],[[-117.29833,32.43848],[-117.29833,32.43848]],[[-117.29409,32.4383],[-117.29409,32.4383]],[[-117.29409,32.43585],[-117.29409,32.43585]],[[-117.29387,32.43566],[-117.29387,32.43566]],[[-117.29365,32.43548],[-117.29365,32.43548]],[[-117.29343,32.4351],[-117.29343,32.4351]],[[-117.26335,32.42607],[-117.2638,32.42551],[-117.26357,32.42513],[-117.26402,32.42438],[-117.2629,32.42306],[-117.26246,32.42344],[-117.26268,32.42363],[-117.26246,32.42381],[-117.26268,32.42419],[-117.26246,32.42438],[-117.26246,32.42494],[-117.2629,32.4257],[-117.26335,32.42607]],[[-117.26313,32.42588],[-117.26313,32.42588]],[[-117.26357,32.4257],[-117.26357,32.4257]],[[-117.2629,32.42551],[-117.2629,32.42551]],[[-117.26357,32.42513],[-117.26357,32.42513]],[[-117.26268,32.42513],[-117.26268,32.42513]],[[-117.2638,32.42475],[-117.2638,32.42475]],[[-117.26268,32.424],[-117.26268,32.424]],[[-117.26268,32.42363],[-117.26268,32.42363]],[[-117.25087,32.42118],[-117.25154,32.42081],[-117.25176,32.42043],[-117.25176,32.42005],[-117.25154,32.41986],[-117.25154,32.41911],[-117.25132,32.41892],[-117.25132,32.41855],[-117.24998,32.41742],[-117.24998,32.41479],[-117.24976,32.41441],[-117.24998,32.41272],[-117.24954,32.41197],[-117.24954,32.41121],[-117.24931,32.41103],[-117.24931,32.41046],[-117.24887,32.4099],[-117.24909,32.40971],[-117.24909,32.40933],[-117.24865,32.40896],[-117.2482,32.40896],[-117.2482,32.40877],[-117.24731,32.40802],[-117.24664,32.40802],[-117.24642,32.40839],[-117.24597,32.40839],[-117.24575,32.4082],[-117.24597,32.40783],[-117.24575,32.40764],[-117.24575,32.40595],[-117.24486,32.40538],[-117.24486,32.40501],[-117.24508,32.40463],[-117.2453,32.40463],[-117.24597,32.40519],[-117.24642,32.40519],[-117.24686,32.40463],[-117.24686,32.40425],[-117.24664,32.40388],[-117.24686,32.40369],[-117.24686,32.40331],[-117.24642,32.40294],[-117.24597,32.40294],[-117.24508,32.40331],[-117.24575,32.40256],[-117.24575,32.40049],[-117.24597,32.4003],[-117.24575,32.40012],[-117.24575,32.39955],[-117.24597,32.39936],[-117.24575,32.39899],[-117.24597,32.3988],[-117.24597,32.39842],[-117.2453,32.39767],[-117.2453,32.3973],[-117.24486,32.39673],[-117.24486,32.39598],[-117.24575,32.39673],[-117.24619,32.39673],[-117.24664,32.39635],[-117.24664,32.3956],[-117.24597,32.39485],[-117.2453,32.39485],[-117.24508,32.39466],[-117.24441,32.39485],[-117.24419,32.39447],[-117.24419,32.39391],[-117.24374,32.39372],[-117.2433,32.39316],[-117.2433,32.39241],[-117.24241,32.39146],[-117.24241,32.39071],[-117.24218,32.39052],[-117.24174,32.39052],[-117.24152,32.39034],[-117.23996,32.39034],[-117.23973,32.39015],[-117.23884,32.39109],[-117.23884,32.39146],[-117.23862,32.39165],[-117.23862,32.39353],[-117.2384,32.39391],[-117.23884,32.39466],[-117.23884,32.39824],[-117.23907,32.39842],[-117.23907,32.39899],[-117.23973,32.39993],[-117.23973,32.40237],[-117.24063,32.40331],[-117.24063,32.40369],[-117.24085,32.40388],[-117.24085,32.40444],[-117.24152,32.40538],[-117.24152,32.41008],[-117.24174,32.41027],[-117.24196,32.41159],[-117.24263,32.41272],[-117.24263,32.41403],[-117.24374,32.41497],[-117.24464,32.41516],[-117.24508,32.41554],[-117.24597,32.41704],[-117.24642,32.41742],[-117.24709,32.41761],[-117.24731,32.41798],[-117.24731,32.41855],[-117.24775,32.41892],[-117.24798,32.41892],[-117.24798,32.41949],[-117.2482,32.41986],[-117.24842,32.42005],[-117.24909,32.42005],[-117.24931,32.42024],[-117.25043,32.42043],[-117.2502,32.42062],[-117.25043,32.42099],[-117.25087,32.42118]],[[-117.24619,32.42118],[-117.24686,32.42043],[-117.24731,32.42043],[-117.24753,32.42062],[-117.24798,32.42024],[-117.24731,32.41986],[-117.24731,32.41911],[-117.24709,32.41892],[-117.24686,32.41892],[-117.24619,32.41968],[-117.24597,32.41968],[-117.2453,32.42024],[-117.2453,32.42081],[-117.24575,32.42118],[-117.24619,32.42118]],[[-117.2511,32.42099],[-117.2511,32.42099]],[[-117.24642,32.42099],[-117.24642,32.42099]],[[-117.24553,32.42099],[-117.24553,32.42099]],[[-117.25043,32.42081],[-117.25043,32.42081]],[[-117.25154,32.42062],[-117.25154,32.42062]],[[-117.24664,32.42062],[-117.24664,32.42062]],[[-117.25087,32.42024],[-117.25043,32.42043],[-117.2511,32.42005],[-117.25087,32.42024]],[[-117.24775,32.42043],[-117.24775,32.42043]],[[-117.24731,32.42043],[-117.24731,32.42043]],[[-117.24686,32.42043],[-117.24686,32.42043]],[[-117.26045,32.42024],[-117.26157,32.41892],[-117.26157,32.41817],[-117.26201,32.4178],[-117.26201,32.41723],[-117.26157,32.41667],[-117.26112,32.41648],[-117.2609,32.4161],[-117.2609,32.41573],[-117.25956,32.41441],[-117.25867,32.41497],[-117.25867,32.41573],[-117.25889,32.41592],[-117.25889,32.41742],[-117.25867,32.4178],[-117.25733,32.41798],[-117.25711,32.41817],[-117.25711,32.41855],[-117.25778,32.4193],[-117.25823,32.41911],[-117.25889,32.41911],[-117.25934,32.41968],[-117.25978,32.41968],[-117.26001,32.41949],[-117.26001,32.41986],[-117.26045,32.42024]],[[-117.25065,32.42024],[-117.25065,32.42024]],[[-117.24976,32.42024],[-117.24976,32.42024]],[[-117.26068,32.42005],[-117.26068,32.42005]],[[-117.26023,32.42005],[-117.26023,32.42005]],[[-117.2511,32.42005],[-117.2511,32.41986],[-117.2511,32.42005]],[[-117.24909,32.42005],[-117.24909,32.42005]],[[-117.2511,32.41986],[-117.2511,32.41986]],[[-117.2609,32.41968],[-117.2609,32.41968]],[[-117.2482,32.41968],[-117.2482,32.41968]],[[-117.26112,32.41949],[-117.26112,32.41949]],[[-117.26001,32.41949],[-117.26001,32.41949]],[[-117.25912,32.4193],[-117.25912,32.4193]],[[-117.26134,32.41911],[-117.26134,32.41911]],[[-117.25889,32.41911],[-117.25889,32.41911]],[[-117.25823,32.41911],[-117.25823,32.41911]],[[-117.25756,32.41892],[-117.25756,32.41892]],[[-117.24798,32.41892],[-117.24798,32.41892]],[[-117.25733,32.41874],[-117.25733,32.41874]],[[-117.24753,32.41874],[-117.24753,32.41874]],[[-117.26157,32.41817],[-117.26157,32.41817]],[[-117.26179,32.41798],[-117.26179,32.41798]],[[-117.24731,32.41798],[-117.24731,32.41798]],[[-117.24709,32.41761],[-117.24709,32.41761]],[[-117.24664,32.41742],[-117.24664,32.41742]],[[-117.24619,32.41723],[-117.24619,32.41723]],[[-117.24597,32.41686],[-117.24597,32.41686]],[[-117.24575,32.41648],[-117.24575,32.41648]],[[-117.24553,32.41629],[-117.24553,32.41629]],[[-117.25889,32.41592],[-117.25889,32.41592]],[[-117.2453,32.41592],[-117.2453,32.41592]],[[-117.24508,32.41554],[-117.24508,32.41554]],[[-117.24486,32.41535],[-117.24486,32.41535]],[[-117.24464,32.41516],[-117.24464,32.41516]],[[-117.24397,32.41497],[-117.24397,32.41497]],[[-117.24352,32.41479],[-117.24352,32.41479]],[[-117.2433,32.4146],[-117.2433,32.4146]],[[-117.24308,32.41441],[-117.24308,32.41441]],[[-117.24285,32.41422],[-117.24285,32.41422]],[[-117.24976,32.41366],[-117.24976,32.41366]],[[-117.28741,32.41312],[-117.28744,32.41291],[-117.28719,32.41271],[-117.28693,32.41291],[-117.28697,32.41312],[-117.28741,32.41312]],[[-117.24263,32.41272],[-117.24263,32.41272]],[[-117.24241,32.41215],[-117.24241,32.41215]],[[-117.24218,32.41178],[-117.24218,32.41178]],[[-117.24196,32.41103],[-117.24196,32.41103]],[[-117.24174,32.41027],[-117.24174,32.41027]],[[-117.24887,32.4099],[-117.24887,32.4099]],[[-117.24575,32.40802],[-117.24575,32.40802]],[[-117.24686,32.40745],[-117.24753,32.40708],[-117.24753,32.4067],[-117.24731,32.40651],[-117.24731,32.40576],[-117.24709,32.40557],[-117.24664,32.40557],[-117.24642,32.40576],[-117.24642,32.40651],[-117.24664,32.4067],[-117.24664,32.40726],[-117.24686,32.40745]],[[-117.24709,32.40726],[-117.24709,32.40726]],[[-117.24664,32.4067],[-117.24664,32.4067]],[[-117.24753,32.40538],[-117.24842,32.40463],[-117.24842,32.4035],[-117.24753,32.40237],[-117.24753,32.402],[-117.24731,32.40181],[-117.24731,32.4003],[-117.24686,32.39974],[-117.24664,32.39993],[-117.24664,32.40049],[-117.24642,32.40068],[-117.24664,32.40106],[-117.24664,32.40143],[-117.24642,32.40162],[-117.24664,32.40181],[-117.24664,32.40219],[-117.24642,32.40237],[-117.24664,32.40275],[-117.24753,32.40331],[-117.24753,32.40369],[-117.24731,32.40407],[-117.24753,32.40425],[-117.24753,32.40482],[-117.24709,32.40519],[-117.24753,32.40538]],[[-117.24152,32.40538],[-117.24152,32.40538]],[[-117.24775,32.40519],[-117.24775,32.40519]],[[-117.24798,32.40501],[-117.24798,32.40501]],[[-117.24575,32.40501],[-117.24575,32.40501]],[[-117.24486,32.40501],[-117.24486,32.40501]],[[-117.24129,32.40501],[-117.24129,32.40501]],[[-117.2482,32.40482],[-117.2482,32.40482]],[[-117.24664,32.40482],[-117.24664,32.40482]],[[-117.24553,32.40482],[-117.24553,32.40482]],[[-117.2453,32.40463],[-117.2453,32.40463]],[[-117.24508,32.40463],[-117.24508,32.40463]],[[-117.24107,32.40463],[-117.24107,32.40463]],[[-117.23795,32.40444],[-117.23862,32.40369],[-117.23862,32.4035],[-117.23907,32.40388],[-117.23951,32.40388],[-117.23973,32.40369],[-117.23973,32.40313],[-117.23929,32.40275],[-117.23907,32.40275],[-117.23907,32.40237],[-117.23884,32.40219],[-117.23884,32.40181],[-117.23907,32.40162],[-117.23884,32.40125],[-117.2384,32.40143],[-117.2384,32.40275],[-117.23884,32.40313],[-117.23862,32.4035],[-117.2384,32.40313],[-117.23773,32.40294],[-117.23706,32.4035],[-117.23706,32.40425],[-117.23728,32.40444],[-117.23795,32.40444]],[[-117.24753,32.40425],[-117.24753,32.40425]],[[-117.23817,32.40407],[-117.23817,32.40407]],[[-117.24664,32.40388],[-117.24664,32.40388]],[[-117.24085,32.40388],[-117.24085,32.40388]],[[-117.2384,32.40388],[-117.2384,32.40388]],[[-117.23884,32.40369],[-117.23884,32.40369]],[[-117.24753,32.40331],[-117.24753,32.40331]],[[-117.24508,32.40331],[-117.24508,32.40331]],[[-117.24063,32.40331],[-117.24063,32.40331]],[[-117.24731,32.40313],[-117.24731,32.40313]],[[-117.23884,32.40313],[-117.23884,32.40313]],[[-117.24686,32.40294],[-117.24686,32.40294]],[[-117.2453,32.40294],[-117.2453,32.40294]],[[-117.2404,32.40294],[-117.2404,32.40294]],[[-117.23862,32.40294],[-117.23862,32.40294]],[[-117.24553,32.40275],[-117.24553,32.40275]],[[-117.24018,32.40275],[-117.24018,32.40275]],[[-117.24664,32.40256],[-117.24664,32.40256]],[[-117.23996,32.40256],[-117.23996,32.40256]],[[-117.24664,32.40181],[-117.24664,32.40181]],[[-117.23884,32.40181],[-117.23884,32.40181]],[[-117.24664,32.40087],[-117.24664,32.40087]],[[-117.24575,32.40049],[-117.24575,32.40049]],[[-117.23862,32.40049],[-117.23907,32.39993],[-117.23884,32.39974],[-117.2384,32.39993],[-117.2384,32.4003],[-117.23862,32.40049]],[[-117.23884,32.40012],[-117.23884,32.40012]],[[-117.23973,32.39993],[-117.23973,32.39993]],[[-117.24575,32.39955],[-117.24575,32.39955]],[[-117.23951,32.39955],[-117.23951,32.39955]],[[-117.23929,32.39918],[-117.23929,32.39918]],[[-117.24575,32.39899],[-117.24575,32.39899]],[[-117.23907,32.39842],[-117.23907,32.39842]],[[-117.23795,32.39692],[-117.23817,32.39673],[-117.23817,32.39598],[-117.2384,32.39579],[-117.23817,32.39541],[-117.23817,32.39504],[-117.23795,32.39485],[-117.23706,32.39485],[-117.23661,32.39523],[-117.23661,32.39635],[-117.23795,32.39692]],[[-117.23751,32.39673],[-117.23751,32.39673]],[[-117.24642,32.39654],[-117.24642,32.39654]],[[-117.24553,32.39654],[-117.24553,32.39654]],[[-117.23706,32.39654],[-117.23706,32.39654]],[[-117.2453,32.39635],[-117.2453,32.39635]],[[-117.24508,32.39617],[-117.24508,32.39617]],[[-117.24486,32.39598],[-117.24486,32.39579],[-117.24486,32.39598]],[[-117.23817,32.39598],[-117.23817,32.39598]],[[-117.24486,32.39579],[-117.24486,32.3956],[-117.24486,32.39579]],[[-117.24486,32.3956],[-117.24486,32.3956]],[[-117.23884,32.39466],[-117.23884,32.39466]],[[-117.23862,32.3941],[-117.23862,32.3941]]]},"properties":{"depth_m":200}},{"type":"Feature","geometry":{"type":"MultiLineString","coordinates":[[[-117.28006,32.4466],[-117.2834,32.44608],[-117.28719,32.44616],[-117.288,32.44563],[-117.28831,32.44469],[-117.28826,32.44394],[-117.28794,32.443],[-117.28667,32.44112],[-117.2834,32.43756],[-117.28229,32.43667],[-117.28117,32.43607],[-117.27984,32.43571],[-117.2785,32.43566],[-117.27694,32.43594],[-117.27516,32.43663],[-117.27315,32.43783],[-117.27065,32.4398],[-117.26955,32.44093],[-117.26889,32.44206],[-117.2687,32.44319],[-117.26894,32.44413],[-117.26959,32.44507],[-117.27048,32.44573],[-117.27092,32.44583],[-117.27427,32.44576],[-117.2785,32.44665],[-117.28006,32.4466]],[[-117.29944,32.44638],[-117.30078,32.44488],[-117.30078,32.44243],[-117.30033,32.44225],[-117.30011,32.44187],[-117.30011,32.44131],[-117.30056,32.44093],[-117.30033,32.44074],[-117.30033,32.43999],[-117.29989,32.43943],[-117.29944,32.43961],[-117.29877,32.43886],[-117.29877,32.43867],[-117.29833,32.43848],[-117.29855,32.4383],[-117.29833,32.43811],[-117.29833,32.4366],[-117.29788,32.43642],[-117.29788,32.43604],[-117.29744,32.43585],[-117.29744,32.43491],[-117.29721,32.43472],[-117.29654,32.43472],[-117.2961,32.43454],[-117.2961,32.43435],[-117.29543,32.43378],[-117.29499,32.43378],[-117.29476,32.43359],[-117.29454,32.43378],[-117.29409,32.43359],[-117.29365,32.43378],[-117.2932,32.43454],[-117.2932,32.43491],[-117.29409,32.43585],[-117.29409,32.43623],[-117.29387,32.43642],[-117.29387,32.43811],[-117.29499,32.43999],[-117.29499,32.44055],[-117.29521,32.44093],[-117.2961,32.44168],[-117.2961,32.44337],[-117.29744,32.44469],[-117.29766,32.44526],[-117.29833,32.44582],[-117.29922,32.44582],[-117.29922,32.4462],[-117.29944,32.44638]],[[-117.29588,32.44638],[-117.29632,32.44601],[-117.29632,32.44563],[-117.29588,32.44507],[-117.29565,32.44507],[-117.29521,32.44544],[-117.29521,32.44601],[-117.29565,32.44638],[-117.29588,32.44638]],[[-117.27649,32.4462],[-117.27649,32.4462]],[[-117.2961,32.4462],[-117.2961,32.4462]],[[-117.29543,32.4462],[-117.29543,32.4462]],[[-117.29966,32.44601],[-117.29966,32.44601]],[[-117.29989,32.44582],[-117.29989,32.44582]],[[-117.29922,32.44582],[-117.29922,32.44582]],[[-117.30011,32.44563],[-117.30011,32.44563]],[[-117.2981,32.44563],[-117.2981,32.44563]],[[-117.30033,32.44544],[-117.30033,32.44544]],[[-117.29788,32.44544],[-117.29788,32.44544]],[[-117.30056,32.44507],[-117.30056,32.44507]],[[-117.29766,32.44507],[-117.29766,32.44507]],[[-117.26959,32.44507],[-117.26959,32.44507]],[[-117.29744,32.44469],[-117.29744,32.44469]],[[-117.29721,32.4445],[-117.29721,32.4445]],[[-117.26914,32.4445],[-117.26914,32.4445]],[[-117.29699,32.44432],[-117.29699,32.44432]],[[-117.25136,32.36795],[-117.25253,32.37002],[-117.25377,32.37127],[-117.25511,32.37174],[-117.25867,32.37219],[-117.25972,32.37285],[-117.26016,32.3736],[-117.26045,32.37481],[-117.26056,32.37661],[-117.26036,32.38432],[-117.26058,32.3862],[-117.26103,32.38808],[-117.26372,32.39523],[-117.26676,32.40689],[-117.2675,32.40914],[-117.26854,32.41121],[-117.2722,32.41686],[-117.27423,32.42193],[-117.27516,32.42351],[-117.27627,32.42459],[-117.27761,32.42535],[-117.28362,32.4271],[-117.28652,32.4274],[-117.29008,32.42701],[-117.29187,32.42701],[-117.29365,32.4273],[-117.29521,32.42788],[-117.29626,32.4287],[-117.29694,32.42983],[-117.29877,32.43476],[-117.30011,32.43781],[-117.30029,32.43867],[-117.30075,32.43924],[-117.30122,32.44068],[-117.30323,32.44295],[-117.30434,32.44368],[-117.3059,32.44378],[-117.30813,32.44315],[-117.31036,32.44198]],[[-117.29677,32.44394],[-117.29677,32.44394]],[[-117.29654,32.44375],[-117.29654,32.44375]],[[-117.29632,32.44356],[-117.29632,32.44356]],[[-117.2961,32.44168],[-117.2961,32.44168]],[[-117.29588,32.44149],[-117.29588,32.44149]],[[-117.30011,32.44131],[-117.30011,32.44131]],[[-117.29565,32.44131],[-117.29565,32.44131]],[[-117.30033,32.44112],[-117.30033,32.44112]],[[-117.29543,32.44112],[-117.29543,32.44112]],[[-117.29521,32.44074],[-117.29521,32.44074]],[[-117.29499,32.43999],[-117.29499,32.43999]],[[-117.29476,32.43961],[-117.29476,32.43961]],[[-117.29454,32.43924],[-117.29454,32.43924]],[[-117.29432,32.43886],[-117.29432,32.43886]],[[-117.29833,32.43848],[-117.29833,32.43848]],[[-117.29409,32.4383],[-117.29409,32.4383]],[[-117.27449,32.43698],[-117.27449,32.43698]],[[-117.29409,32.43585],[-117.29409,32.43585]],[[-117.29387,32.43566],[-117.29387,32.43566]],[[-117.29365,32.43548],[-117.29365,32.43548]],[[-117.29343,32.4351],[-117.29343,32.4351]],[[-117.26335,32.42607],[-117.2638,32.42551],[-117.26357,32.42513],[-117.26402,32.42438],[-117.2629,32.42306],[-117.26246,32.42344],[-117.26268,32.42363],[-117.26246,32.42381],[-117.26268,32.42419],[-117.26246,32.42438],[-117.26246,32.42494],[-117.2629,32.4257],[-117.26335,32.42607]],[[-117.26313,32.42588],[-117.26313,32.42588]],[[-117.26357,32.4257],[-117.26357,32.4257]],[[-117.2629,32.42551],[-117.2629,32.42551]],[[-117.26357,32.42513],[-117.26357,32.42513]],[[-117.26268,32.42513],[-117.26268,32.42513]],[[-117.2638,32.42475],[-117.2638,32.42475]],[[-117.26268,32.424],[-117.26268,32.424]],[[-117.26268,32.42363],[-117.26268,32.42363]],[[-117.25087,32.42118],[-117.25154,32.42081],[-117.25176,32.42043],[-117.25176,32.42005],[-117.25154,32.41986],[-117.25154,32.41911],[-117.25132,32.41892],[-117.25132,32.41855],[-117.24998,32.41742],[-117.24998,32.41479],[-117.24976,32.41441],[-117.24998,32.41272],[-117.24954,32.41197],[-117.24954,32.41121],[-117.24931,32.41103],[-117.24931,32.41046],[-117.24887,32.4099],[-117.24909,32.40971],[-117.24909,32.40933],[-117.24865,32.40896],[-117.2482,32.40896],[-117.2482,32.40877],[-117.24731,32.40802],[-117.24664,32.40802],[-117.24642,32.40839],[-117.24597,32.40839],[-117.24575,32.4082],[-117.24597,32.40783],[-117.24575,32.40764],[-117.24575,32.40595],[-117.24486,32.40538],[-117.24486,32.40501],[-117.24508,32.40463],[-117.2453,32.40463],[-117.24597,32.40519],[-117.24642,32.40519],[-117.24686,32.40463],[-117.24686,32.40425],[-117.24664,32.40388],[-117.24686,32.40369],[-117.24686,32.40331],[-117.24642,32.40294],[-117.24597,32.40294],[-117.24508,32.40331],[-117.24575,32.40256],[-117.24575,32.40049],[-117.24597,32.4003],[-117.24575,32.40012],[-117.24575,32.39955],[-117.24597,32.39936],[-117.24575,32.39899],[-117.24597,32.3988],[-117.24597,32.39842],[-117.2453,32.39767],[-117.2453,32.3973],[-117.24486,32.39673],[-117.24486,32.39598],[-117.24575,32.39673],[-117.24619,32.39673],[-117.24664,32.39635],[-117.24664,32.3956],[-117.24597,32.39485],[-117.2453,32.39485],[-117.24508,32.39466],[-117.24441,32.39485],[-117.24419,32.39447],[-117.24419,32.39391],[-117.24374,32.39372],[-117.2433,32.39316],[-117.2433,32.39241],[-117.24241,32.39146],[-117.24241,32.39071],[-117.24218,32.39052],[-117.24174,32.39052],[-117.24152,32.39034],[-117.23996,32.39034],[-117.23973,32.39015],[-117.23884,32.39109],[-117.23884,32.39146],[-117.23862,32.39165],[-117.23862,32.39353],[-117.2384,32.39391],[-117.23884,32.39466],[-117.23884,32.39824],[-117.23907,32.39842],[-117.23907,32.39899],[-117.23973,32.39993],[-117.23973,32.40237],[-117.24063,32.40331],[-117.24063,32.40369],[-117.24085,32.40388],[-117.24085,32.40444],[-117.24152,32.40538],[-117.24152,32.41008],[-117.24174,32.41027],[-117.24196,32.41159],[-117.24263,32.41272],[-117.24263,32.41403],[-117.24374,32.41497],[-117.24464,32.41516],[-117.24508,32.41554],[-117.24597,32.41704],[-117.24642,32.41742],[-117.24709,32.41761],[-117.24731,32.41798],[-117.24731,32.41855],[-117.24775,32.41892],[-117.24798,32.41892],[-117.24798,32.41949],[-117.2482,32.41986],[-117.24842,32.42005],[-117.24909,32.42005],[-117.24931,32.42024],[-117.25043,32.42043],[-117.2502,32.42062],[-117.25043,32.42099],[-117.25087,32.42118]],[[-117.24619,32.42118],[-117.24686,32.42043],[-117.24731,32.42043],[-117.24753,32.42062],[-117.24798,32.42024],[-117.24731,32.41986],[-117.24731,32.41911],[-117.24709,32.41892],[-117.24686,32.41892],[-117.24619,32.41968],[-117.24597,32.41968],[-117.2453,32.42024],[-117.2453,32.42081],[-117.24575,32.42118],[-117.24619,32.42118]],[[-117.2511,32.42099],[-117.2511,32.42099]],[[-117.24642,32.42099],[-117.24642,32.42099]],[[-117.24553,32.42099],[-117.24553,32.42099]],[[-117.25043,32.42081],[-117.25043,32.42081]],[[-117.25154,32.42062],[-117.25154,32.42062]],[[-117.24664,32.42062],[-117.24664,32.42062]],[[-117.25087,32.42024],[-117.25043,32.42043],[-117.2511,32.42005],[-117.25087,32.42024]],[[-117.24775,32.42043],[-117.24775,32.42043]],[[-117.24731,32.42043],[-117.24731,32.42043]],[[-117.24686,32.42043],[-117.24686,32.42043]],[[-117.26045,32.42024],[-117.26157,32.41892],[-117.26157,32.41817],[-117.26201,32.4178],[-117.26201,32.41723],[-117.26157,32.41667],[-117.26112,32.41648],[-117.2609,32.4161],[-117.2609,32.41573],[-117.25956,32.41441],[-117.25867,32.41497],[-117.25867,32.41573],[-117.25889,32.41592],[-117.25889,32.41742],[-117.25867,32.4178],[-117.25733,32.41798],[-117.25711,32.41817],[-117.25711,32.41855],[-117.25778,32.4193],[-117.25823,32.41911],[-117.25889,32.41911],[-117.25934,32.41968],[-117.25978,32.41968],[-117.26001,32.41949],[-117.26001,32.41986],[-117.26045,32.42024]],[[-117.25065,32.42024],[-117.25065,32.42024]],[[-117.24976,32.42024],[-117.24976,32.42024]],[[-117.26068,32.42005],[-117.26068,32.42005]],[[-117.26023,32.42005],[-117.26023,32.42005]],[[-117.2511,32.42005],[-117.2511,32.41986],[-117.2511,32.42005]],[[-117.24909,32.42005],[-117.24909,32.42005]],[[-117.2511,32.41986],[-117.2511,32.41986]],[[-117.2609,32.41968],[-117.2609,32.41968]],[[-117.2482,32.41968],[-117.2482,32.41968]],[[-117.26112,32.41949],[-117.26112,32.41949]],[[-117.26001,32.41949],[-117.26001,32.41949]],[[-117.25912,32.4193],[-117.25912,32.4193]],[[-117.26134,32.41911],[-117.26134,32.41911]],[[-117.25889,32.41911],[-117.25889,32.41911]],[[-117.25823,32.41911],[-117.25823,32.41911]],[[-117.25756,32.41892],[-117.25756,32.41892]],[[-117.24798,32.41892],[-117.24798,32.41892]],[[-117.25733,32.41874],[-117.25733,32.41874]],[[-117.24753,32.41874],[-117.24753,32.41874]],[[-117.26157,32.41817],[-117.26157,32.41817]],[[-117.26179,32.41798],[-117.26179,32.41798]],[[-117.24731,32.41798],[-117.24731,32.41798]],[[-117.24709,32.41761],[-117.24709,32.41761]],[[-117.24664,32.41742],[-117.24664,32.41742]],[[-117.24619,32.41723],[-117.24619,32.41723]],[[-117.24597,32.41686],[-117.24597,32.41686]],[[-117.24575,32.41648],[-117.24575,32.41648]],[[-117.24553,32.41629],[-117.24553,32.41629]],[[-117.25889,32.41592],[-117.25889,32.41592]],[[-117.2453,32.41592],[-117.2453,32.41592]],[[-117.24508,32.41554],[-117.24508,32.41554]],[[-117.24486,32.41535],[-117.24486,32.41535]],[[-117.24464,32.41516],[-117.24464,32.41516]],[[-117.24397,32.41497],[-117.24397,32.41497]],[[-117.24352,32.41479],[-117.24352,32.41479]],[[-117.28741,32.4145],[-117.28812,32.41385],[-117.28829,32.41291],[-117.28806,32.41234],[-117.28763,32.41201],[-117.28697,32.41197],[-117.28653,32.41215],[-117.28607,32.41261],[-117.28585,32.41309],[-117.28582,32.41366],[-117.28607,32.41421],[-117.28652,32.41453],[-117.28741,32.4145]],[[-117.2433,32.4146],[-117.2433,32.4146]],[[-117.24308,32.41441],[-117.24308,32.41441]],[[-117.24285,32.41422],[-117.24285,32.41422]],[[-117.24976,32.41366],[-117.24976,32.41366]],[[-117.24263,32.41272],[-117.24263,32.41272]],[[-117.24241,32.41215],[-117.24241,32.41215]],[[-117.24218,32.41178],[-117.24218,32.41178]],[[-117.24196,32.41103],[-117.24196,32.41103]],[[-117.24174,32.41027],[-117.24174,32.41027]],[[-117.24887,32.4099],[-117.24887,32.4099]],[[-117.24575,32.40802],[-117.24575,32.40802]],[[-117.24686,32.40745],[-117.24753,32.40708],[-117.24753,32.4067],[-117.24731,32.40651],[-117.24731,32.40576],[-117.24709,32.40557],[-117.24664,32.40557],[-117.24642,32.40576],[-117.24642,32.40651],[-117.24664,32.4067],[-117.24664,32.40726],[-117.24686,32.40745]],[[-117.24709,32.40726],[-117.24709,32.40726]],[[-117.24664,32.4067],[-117.24664,32.4067]],[[-117.24753,32.40538],[-117.24842,32.40463],[-117.24842,32.4035],[-117.24753,32.40237],[-117.24753,32.402],[-117.24731,32.40181],[-117.24731,32.4003],[-117.24686,32.39974],[-117.24664,32.39993],[-117.24664,32.40049],[-117.24642,32.40068],[-117.24664,32.40106],[-117.24664,32.40143],[-117.24642,32.40162],[-117.24664,32.40181],[-117.24664,32.40219],[-117.24642,32.40237],[-117.24664,32.40275],[-117.24753,32.40331],[-117.24753,32.40369],[-117.24731,32.40407],[-117.24753,32.40425],[-117.24753,32.40482],[-117.24709,32.40519],[-117.24753,32.40538]],[[-117.24152,32.40538],[-117.24152,32.40538]],[[-117.24775,32.40519],[-117.24775,32.40519]],[[-117.24798,32.40501],[-117.24798,32.40501]],[[-117.24575,32.40501],[-117.24575,32.40501]],[[-117.24486,32.40501],[-117.24486,32.40501]],[[-117.24129,32.40501],[-117.24129,32.40501]],[[-117.2482,32.40482],[-117.2482,32.40482]],[[-117.24664,32.40482],[-117.24664,32.40482]],[[-117.24553,32.40482],[-117.24553,32.40482]],[[-117.2453,32.40463],[-117.2453,32.40463]],[[-117.24508,32.40463],[-117.24508,32.40463]],[[-117.24107,32.40463],[-117.24107,32.40463]],[[-117.23795,32.40444],[-117.23862,32.40369],[-117.23862,32.4035],[-117.23907,32.40388],[-117.23951,32.40388],[-117.23973,32.40369],[-117.23973,32.40313],[-117.23929,32.40275],[-117.23907,32.40275],[-117.23907,32.40237],[-117.23884,32.40219],[-117.23884,32.40181],[-117.23907,32.40162],[-117.23884,32.40125],[-117.2384,32.40143],[-117.2384,32.40275],[-117.23884,32.40313],[-117.23862,32.4035],[-117.2384,32.40313],[-117.23773,32.40294],[-117.23706,32.4035],[-117.23706,32.40425],[-117.23728,32.40444],[-117.23795,32.40444]],[[-117.24753,32.40425],[-117.24753,32.40425]],[[-117.23817,32.40407],[-117.23817,32.40407]],[[-117.24664,32.40388],[-117.24664,32.40388]],[[-117.24085,32.40388],[-117.24085,32.40388]],[[-117.2384,32.40388],[-117.2384,32.40388]],[[-117.23884,32.40369],[-117.23884,32.40369]],[[-117.24753,32.40331],[-117.24753,32.40331]],[[-117.24508,32.40331],[-117.24508,32.40331]],[[-117.24063,32.40331],[-117.24063,32.40331]],[[-117.24731,32.40313],[-117.24731,32.40313]],[[-117.23884,32.40313],[-117.23884,32.40313]],[[-117.24686,32.40294],[-117.24686,32.40294]],[[-117.2453,32.40294],[-117.2453,32.40294]],[[-117.2404,32.40294],[-117.2404,32.40294]],[[-117.23862,32.40294],[-117.23862,32.40294]],[[-117.24553,32.40275],[-117.24553,32.40275]],[[-117.24018,32.40275],[-117.24018,32.40275]],[[-117.24664,32.40256],[-117.24664,32.40256]],[[-117.23996,32.40256],[-117.23996,32.40256]],[[-117.24664,32.40181],[-117.24664,32.40181]],[[-117.23884,32.40181],[-117.23884,32.40181]],[[-117.24664,32.40087],[-117.24664,32.40087]],[[-117.24575,32.40049],[-117.24575,32.40049]],[[-117.23862,32.40049],[-117.23907,32.39993],[-117.23884,32.39974],[-117.2384,32.39993],[-117.2384,32.4003],[-117.23862,32.40049]],[[-117.23884,32.40012],[-117.23884,32.40012]],[[-117.23973,32.39993],[-117.23973,32.39993]],[[-117.24575,32.39955],[-117.24575,32.39955]],[[-117.23951,32.39955],[-117.23951,32.39955]],[[-117.23929,32.39918],[-117.23929,32.39918]],[[-117.24575,32.39899],[-117.24575,32.39899]],[[-117.23907,32.39842],[-117.23907,32.39842]],[[-117.23795,32.39692],[-117.23817,32.39673],[-117.23817,32.39598],[-117.2384,32.39579],[-117.23817,32.39541],[-117.23817,32.39504],[-117.23795,32.39485],[-117.23706,32.39485],[-117.23661,32.39523],[-117.23661,32.39635],[-117.23795,32.39692]],[[-117.23751,32.39673],[-117.23751,32.39673]],[[-117.24642,32.39654],[-117.24642,32.39654]],[[-117.24553,32.39654],[-117.24553,32.39654]],[[-117.23706,32.39654],[-117.23706,32.39654]],[[-117.2453,32.39635],[-117.2453,32.39635]],[[-117.24508,32.39617],[-117.24508,32.39617]],[[-117.24486,32.39598],[-117.24486,32.39579],[-117.24486,32.39598]],[[-117.23817,32.39598],[-117.23817,32.39598]],[[-117.24486,32.39579],[-117.24486,32.3956],[-117.24486,32.39579]],[[-117.24486,32.3956],[-117.24486,32.3956]],[[-117.23884,32.39466],[-117.23884,32.39466]],[[-117.23862,32.3941],[-117.23862,32.3941]]]},"properties":{"depth_m":225}},{"type":"Feature","geometry":{"type":"MultiLineString","coordinates":[[[-117.29944,32.44638],[-117.30078,32.44488],[-117.30078,32.44243],[-117.30033,32.44225],[-117.30011,32.44187],[-117.30011,32.44131],[-117.30056,32.44093],[-117.30033,32.44074],[-117.30033,32.43999],[-117.29989,32.43943],[-117.29944,32.43961],[-117.29877,32.43886],[-117.29877,32.43867],[-117.29833,32.43848],[-117.29855,32.4383],[-117.29833,32.43811],[-117.29833,32.4366],[-117.29788,32.43642],[-117.29788,32.43604],[-117.29744,32.43585],[-117.29744,32.43491],[-117.29721,32.43472],[-117.29654,32.43472],[-117.2961,32.43454],[-117.2961,32.43435],[-117.29543,32.43378],[-117.29499,32.43378],[-117.29476,32.43359],[-117.29454,32.43378],[-117.29409,32.43359],[-117.29365,32.43378],[-117.2932,32.43454],[-117.2932,32.43491],[-117.29409,32.43585],[-117.29409,32.43623],[-117.29387,32.43642],[-117.29387,32.43811],[-117.29499,32.43999],[-117.29499,32.44055],[-117.29521,32.44093],[-117.2961,32.44168],[-117.2961,32.44337],[-117.29744,32.44469],[-117.29766,32.44526],[-117.29833,32.44582],[-117.29922,32.44582],[-117.29922,32.4462],[-117.29944,32.44638]],[[-117.29588,32.44638],[-117.29632,32.44601],[-117.29632,32.44563],[-117.29588,32.44507],[-117.29565,32.44507],[-117.29521,32.44544],[-117.29521,32.44601],[-117.29565,32.44638],[-117.29588,32.44638]],[[-117.28006,32.44622],[-117.2834,32.44557],[-117.28697,32.44563],[-117.28748,32.44526],[-117.28763,32.44469],[-117.28754,32.44394],[-117.28719,32.44307],[-117.28546,32.44074],[-117.28295,32.43813],[-117.28184,32.43728],[-117.28073,32.43671],[-117.27939,32.43638],[-117.27828,32.43641],[-117.27694,32.43674],[-117.27554,32.43736],[-117.27382,32.43846],[-117.2722,32.4398],[-117.27092,32.44112],[-117.27021,32.44225],[-117.27001,32.443],[-117.27006,32.44375],[-117.27042,32.4445],[-117.27092,32.44492],[-117.27449,32.44519],[-117.27872,32.44632],[-117.28006,32.44622]],[[-117.2961,32.4462],[-117.2961,32.4462]],[[-117.29543,32.4462],[-117.29543,32.4462]],[[-117.29966,32.44601],[-117.29966,32.44601]],[[-117.29989,32.44582],[-117.29989,32.44582]],[[-117.29922,32.44582],[-117.29922,32.44582]],[[-117.28184,32.44582],[-117.28184,32.44582]],[[-117.30011,32.44563],[-117.30011,32.44563]],[[-117.2981,32.44563],[-117.2981,32.44563]],[[-117.30033,32.44544],[-117.30033,32.44544]],[[-117.29788,32.44544],[-117.29788,32.44544]],[[-117.30056,32.44507],[-117.30056,32.44507]],[[-117.29766,32.44507],[-117.29766,32.44507]],[[-117.29744,32.44469],[-117.29744,32.44469]],[[-117.29721,32.4445],[-117.29721,32.4445]],[[-117.29699,32.44432],[-117.29699,32.44432]],[[-117.29677,32.44394],[-117.29677,32.44394]],[[-117.29654,32.44375],[-117.29654,32.44375]],[[-117.29632,32.44356],[-117.29632,32.44356]],[[-117.25271,32.36795],[-117.25358,32.36908],[-117.25451,32.36984],[-117.25555,32.37017],[-117.25823,32.37047],[-117.25956,32.37079],[-117.26068,32.37144],[-117.26127,32.37228],[-117.26157,32.37345],[-117.26169,32.37548],[-117.26135,32.38432],[-117.26153,32.3862],[-117.26193,32.38808],[-117.26421,32.39485],[-117.26699,32.40576],[-117.26783,32.40839],[-117.26894,32.41065],[-117.27261,32.41629],[-117.27337,32.41798],[-117.27462,32.42156],[-117.2756,32.42323],[-117.2766,32.42419],[-117.27783,32.4249],[-117.28206,32.4261],[-117.28563,32.42664],[-117.28986,32.42646],[-117.29164,32.42654],[-117.29365,32.42692],[-117.29521,32.42754],[-117.29628,32.42833],[-117.29696,32.42927],[-117.30122,32.43949],[-117.30323,32.44201],[-117.30457,32.44285],[-117.30612,32.44296],[-117.30813,32.44236],[-117.31036,32.44106]],[[-117.2961,32.44168],[-117.2961,32.44168]],[[-117.29588,32.44149],[-117.29588,32.44149]],[[-117.30011,32.44131],[-117.30011,32.44131]],[[-117.29565,32.44131],[-117.29565,32.44131]],[[-117.30033,32.44112],[-117.30033,32.44112]],[[-117.29543,32.44112],[-117.29543,32.44112]],[[-117.29521,32.44074],[-117.29521,32.44074]],[[-117.29499,32.43999],[-117.29499,32.43999]],[[-117.29476,32.43961],[-117.29476,32.43961]],[[-117.29454,32.43924],[-117.29454,32.43924]],[[-117.29432,32.43886],[-117.29432,32.43886]],[[-117.29833,32.43848],[-117.29833,32.43848]],[[-117.29409,32.4383],[-117.29409,32.4383]],[[-117.29409,32.43585],[-117.29409,32.43585]],[[-117.29387,32.43566],[-117.29387,32.43566]],[[-117.29365,32.43548],[-117.29365,32.43548]],[[-117.29343,32.4351],[-117.29343,32.4351]],[[-117.26335,32.42607],[-117.2638,32.42551],[-117.26357,32.42513],[-117.26402,32.42438],[-117.2629,32.42306],[-117.26246,32.42344],[-117.26268,32.42363],[-117.26246,32.42381],[-117.26268,32.42419],[-117.26246,32.42438],[-117.26246,32.42494],[-117.2629,32.4257],[-117.26335,32.42607]],[[-117.26313,32.42588],[-117.26313,32.42588]],[[-117.26357,32.4257],[-117.26357,32.4257]],[[-117.2629,32.42551],[-117.2629,32.42551]],[[-117.26357,32.42513],[-117.26357,32.42513]],[[-117.26268,32.42513],[-117.26268,32.42513]],[[-117.2638,32.42475],[-117.2638,32.42475]],[[-117.26268,32.424],[-117.26268,32.424]],[[-117.26268,32.42363],[-117.26268,32.42363]],[[-117.25087,32.42118],[-117.25154,32.42081],[-117.25176,32.42043],[-117.25176,32.42005],[-117.25154,32.41986],[-117.25154,32.41911],[-117.25132,32.41892],[-117.25132,32.41855],[-117.24998,32.41742],[-117.24998,32.41479],[-117.24976,32.41441],[-117.24998,32.41272],[-117.24954,32.41197],[-117.24954,32.41121],[-117.24931,32.41103],[-117.24931,32.41046],[-117.24887,32.4099],[-117.24909,32.40971],[-117.24909,32.40933],[-117.24865,32.40896],[-117.2482,32.40896],[-117.2482,32.40877],[-117.24731,32.40802],[-117.24664,32.40802],[-117.24642,32.40839],[-117.24597,32.40839],[-117.24575,32.4082],[-117.24597,32.40783],[-117.24575,32.40764],[-117.24575,32.40595],[-117.24486,32.40538],[-117.24486,32.40501],[-117.24508,32.40463],[-117.2453,32.40463],[-117.24597,32.40519],[-117.24642,32.40519],[-117.24686,32.40463],[-117.24686,32.40425],[-117.24664,32.40388],[-117.24686,32.40369],[-117.24686,32.40331],[-117.24642,32.40294],[-117.24597,32.40294],[-117.24508,32.40331],[-117.24575,32.40256],[-117.24575,32.40049],[-117.24597,32.4003],[-117.24575,32.40012],[-117.24575,32.39955],[-117.24597,32.39936],[-117.24575,32.39899],[-117.24597,32.3988],[-117.24597,32.39842],[-117.2453,32.39767],[-117.2453,32.3973],[-117.24486,32.39673],[-117.24486,32.39598],[-117.24575,32.39673],[-117.24619,32.39673],[-117.24664,32.39635],[-117.24664,32.3956],[-117.24597,32.39485],[-117.2453,32.39485],[-117.24508,32.39466],[-117.24441,32.39485],[-117.24419,32.39447],[-117.24419,32.39391],[-117.24374,32.39372],[-117.2433,32.39316],[-117.2433,32.39241],[-117.24241,32.39146],[-117.24241,32.39071],[-117.24218,32.39052],[-117.24174,32.39052],[-117.24152,32.39034],[-117.23996,32.39034],[-117.23973,32.39015],[-117.23884,32.39109],[-117.23884,32.39146],[-117.23862,32.39165],[-117.23862,32.39353],[-117.2384,32.39391],[-117.23884,32.39466],[-117.23884,32.39824],[-117.23907,32.39842],[-117.23907,32.39899],[-117.23973,32.39993],[-117.23973,32.40237],[-117.24063,32.40331],[-117.24063,32.40369],[-117.24085,32.40388],[-117.24085,32.40444],[-117.24152,32.40538],[-117.24152,32.41008],[-117.24174,32.41027],[-117.24196,32.41159],[-117.24263,32.41272],[-117.24263,32.41403],[-117.24374,32.41497],[-117.24464,32.41516],[-117.24508,32.41554],[-117.24597,32.41704],[-117.24642,32.41742],[-117.24709,32.41761],[-117.24731,32.41798],[-117.24731,32.41855],[-117.24775,32.41892],[-117.24798,32.41892],[-117.24798,32.41949],[-117.2482,32.41986],[-117.24842,32.42005],[-117.24909,32.42005],[-117.24931,32.42024],[-117.25043,32.42043],[-117.2502,32.42062],[-117.25043,32.42099],[-117.25087,32.42118]],[[-117.24619,32.42118],[-117.24686,32.42043],[-117.24731,32.42043],[-117.24753,32.42062],[-117.24798,32.42024],[-117.24731,32.41986],[-117.24731,32.41911],[-117.24709,32.41892],[-117.24686,32.41892],[-117.24619,32.41968],[-117.24597,32.41968],[-117.2453,32.42024],[-117.2453,32.42081],[-117.24575,32.42118],[-117.24619,32.42118]],[[-117.2511,32.42099],[-117.2511,32.42099]],[[-117.24642,32.42099],[-117.24642,32.42099]],[[-117.24553,32.42099],[-117.24553,32.42099]],[[-117.25043,32.42081],[-117.25043,32.42081]],[[-117.25154,32.42062],[-117.25154,32.42062]],[[-117.24664,32.42062],[-117.24664,32.42062]],[[-117.25087,32.42024],[-117.25043,32.42043],[-117.2511,32.42005],[-117.25087,32.42024]],[[-117.24775,32.42043],[-117.24775,32.42043]],[[-117.24731,32.42043],[-117.24731,32.42043]],[[-117.24686,32.42043],[-117.24686,32.42043]],[[-117.26045,32.42024],[-117.26157,32.41892],[-117.26157,32.41817],[-117.26201,32.4178],[-117.26201,32.41723],[-117.26157,32.41667],[-117.26112,32.41648],[-117.2609,32.4161],[-117.2609,32.41573],[-117.25956,32.41441],[-117.25867,32.41497],[-117.25867,32.41573],[-117.25889,32.41592],[-117.25889,32.41742],[-117.25867,32.4178],[-117.25733,32.41798],[-117.25711,32.41817],[-117.25711,32.41855],[-117.25778,32.4193],[-117.25823,32.41911],[-117.25889,32.41911],[-117.25934,32.41968],[-117.25978,32.41968],[-117.26001,32.41949],[-117.26001,32.41986],[-117.26045,32.42024]],[[-117.25065,32.42024],[-117.25065,32.42024]],[[-117.24976,32.42024],[-117.24976,32.42024]],[[-117.26068,32.42005],[-117.26068,32.42005]],[[-117.26023,32.42005],[-117.26023,32.42005]],[[-117.2511,32.42005],[-117.2511,32.41986],[-117.2511,32.42005]],[[-117.24909,32.42005],[-117.24909,32.42005]],[[-117.2511,32.41986],[-117.2511,32.41986]],[[-117.2609,32.41968],[-117.2609,32.41968]],[[-117.2482,32.41968],[-117.2482,32.41968]],[[-117.26112,32.41949],[-117.26112,32.41949]],[[-117.26001,32.41949],[-117.26001,32.41949]],[[-117.25912,32.4193],[-117.25912,32.4193]],[[-117.26134,32.41911],[-117.26134,32.41911]],[[-117.25889,32.41911],[-117.25889,32.41911]],[[-117.25823,32.41911],[-117.25823,32.41911]],[[-117.25756,32.41892],[-117.25756,32.41892]],[[-117.24798,32.41892],[-117.24798,32.41892]],[[-117.25733,32.41874],[-117.25733,32.41874]],[[-117.24753,32.41874],[-117.24753,32.41874]],[[-117.26157,32.41817],[-117.26157,32.41817]],[[-117.26179,32.41798],[-117.26179,32.41798]],[[-117.24731,32.41798],[-117.24731,32.41798]],[[-117.24709,32.41761],[-117.24709,32.41761]],[[-117.24664,32.41742],[-117.24664,32.41742]],[[-117.24619,32.41723],[-117.24619,32.41723]],[[-117.24597,32.41686],[-117.24597,32.41686]],[[-117.24575,32.41648],[-117.24575,32.41648]],[[-117.24553,32.41629],[-117.24553,32.41629]],[[-117.25889,32.41592],[-117.25889,32.41592]],[[-117.2453,32.41592],[-117.2453,32.41592]],[[-117.28719,32.41537],[-117.28786,32.41509],[-117.2883,32.4147],[-117.28871,32.41403],[-117.28885,32.41347],[-117.28878,32.41272],[-117.28849,32.41215],[-117.28807,32.41178],[-117.28741,32.41154],[-117.28674,32.4116],[-117.286,32.41197],[-117.28533,32.41272],[-117.28508,32.41347],[-117.28518,32.41434],[-117.28563,32.41496],[-117.2863,32.41535],[-117.28719,32.41537]],[[-117.24508,32.41554],[-117.24508,32.41554]],[[-117.24486,32.41535],[-117.24486,32.41535]],[[-117.24464,32.41516],[-117.24464,32.41516]],[[-117.24397,32.41497],[-117.24397,32.41497]],[[-117.24352,32.41479],[-117.24352,32.41479]],[[-117.2433,32.4146],[-117.2433,32.4146]],[[-117.24308,32.41441],[-117.24308,32.41441]],[[-117.24285,32.41422],[-117.24285,32.41422]],[[-117.24976,32.41366],[-117.24976,32.41366]],[[-117.24263,32.41272],[-117.24263,32.41272]],[[-117.24241,32.41215],[-117.24241,32.41215]],[[-117.24218,32.41178],[-117.24218,32.41178]],[[-117.24196,32.41103],[-117.24196,32.41103]],[[-117.24174,32.41027],[-117.24174,32.41027]],[[-117.24887,32.4099],[-117.24887,32.4099]],[[-117.24575,32.40802],[-117.24575,32.40802]],[[-117.24686,32.40745],[-117.24753,32.40708],[-117.24753,32.4067],[-117.24731,32.40651],[-117.24731,32.40576],[-117.24709,32.40557],[-117.24664,32.40557],[-117.24642,32.40576],[-117.24642,32.40651],[-117.24664,32.4067],[-117.24664,32.40726],[-117.24686,32.40745]],[[-117.24709,32.40726],[-117.24709,32.40726]],[[-117.24664,32.4067],[-117.24664,32.4067]],[[-117.24753,32.40538],[-117.24842,32.40463],[-117.24842,32.4035],[-117.24753,32.40237],[-117.24753,32.402],[-117.24731,32.40181],[-117.24731,32.4003],[-117.24686,32.39974],[-117.24664,32.39993],[-117.24664,32.40049],[-117.24642,32.40068],[-117.24664,32.40106],[-117.24664,32.40143],[-117.24642,32.40162],[-117.24664,32.40181],[-117.24664,32.40219],[-117.24642,32.40237],[-117.24664,32.40275],[-117.24753,32.40331],[-117.24753,32.40369],[-117.24731,32.40407],[-117.24753,32.40425],[-117.24753,32.40482],[-117.24709,32.40519],[-117.24753,32.40538]],[[-117.24152,32.40538],[-117.24152,32.40538]],[[-117.24775,32.40519],[-117.24775,32.40519]],[[-117.24798,32.40501],[-117.24798,32.40501]],[[-117.24575,32.40501],[-117.24575,32.40501]],[[-117.24486,32.40501],[-117.24486,32.40501]],[[-117.24129,32.40501],[-117.24129,32.40501]],[[-117.2482,32.40482],[-117.2482,32.40482]],[[-117.24664,32.40482],[-117.24664,32.40482]],[[-117.24553,32.40482],[-117.24553,32.40482]],[[-117.2453,32.40463],[-117.2453,32.40463]],[[-117.24508,32.40463],[-117.24508,32.40463]],[[-117.24107,32.40463],[-117.24107,32.40463]],[[-117.23795,32.40444],[-117.23862,32.40369],[-117.23862,32.4035],[-117.23907,32.40388],[-117.23951,32.40388],[-117.23973,32.40369],[-117.23973,32.40313],[-117.23929,32.40275],[-117.23907,32.40275],[-117.23907,32.40237],[-117.23884,32.40219],[-117.23884,32.40181],[-117.23907,32.40162],[-117.23884,32.40125],[-117.2384,32.40143],[-117.2384,32.40275],[-117.23884,32.40313],[-117.23862,32.4035],[-117.2384,32.40313],[-117.23773,32.40294],[-117.23706,32.4035],[-117.23706,32.40425],[-117.23728,32.40444],[-117.23795,32.40444]],[[-117.24753,32.40425],[-117.24753,32.40425]],[[-117.23817,32.40407],[-117.23817,32.40407]],[[-117.24664,32.40388],[-117.24664,32.40388]],[[-117.24085,32.40388],[-117.24085,32.40388]],[[-117.2384,32.40388],[-117.2384,32.40388]],[[-117.23884,32.40369],[-117.23884,32.40369]],[[-117.24753,32.40331],[-117.24753,32.40331]],[[-117.24508,32.40331],[-117.24508,32.40331]],[[-117.24063,32.40331],[-117.24063,32.40331]],[[-117.24731,32.40313],[-117.24731,32.40313]],[[-117.23884,32.40313],[-117.23884,32.40313]],[[-117.24686,32.40294],[-117.24686,32.40294]],[[-117.2453,32.40294],[-117.2453,32.40294]],[[-117.2404,32.40294],[-117.2404,32.40294]],[[-117.23862,32.40294],[-117.23862,32.40294]],[[-117.24553,32.40275],[-117.24553,32.40275]],[[-117.24018,32.40275],[-117.24018,32.40275]],[[-117.24664,32.40256],[-117.24664,32.40256]],[[-117.23996,32.40256],[-117.23996,32.40256]],[[-117.24664,32.40181],[-117.24664,32.40181]],[[-117.23884,32.40181],[-117.23884,32.40181]],[[-117.24664,32.40087],[-117.24664,32.40087]],[[-117.24575,32.40049],[-117.24575,32.40049]],[[-117.23862,32.40049],[-117.23907,32.39993],[-117.23884,32.39974],[-117.2384,32.39993],[-117.2384,32.4003],[-117.23862,32.40049]],[[-117.23884,32.40012],[-117.23884,32.40012]],[[-117.23973,32.39993],[-117.23973,32.39993]],[[-117.24575,32.39955],[-117.24575,32.39955]],[[-117.23951,32.39955],[-117.23951,32.39955]],[[-117.23929,32.39918],[-117.23929,32.39918]],[[-117.24575,32.39899],[-117.24575,32.39899]],[[-117.23907,32.39842],[-117.23907,32.39842]],[[-117.23795,32.39692],[-117.23817,32.39673],[-117.23817,32.39598],[-117.2384,32.39579],[-117.23817,32.39541],[-117.23817,32.39504],[-117.23795,32.39485],[-117.23706,32.39485],[-117.23661,32.39523],[-117.23661,32.39635],[-117.23795,32.39692]],[[-117.23751,32.39673],[-117.23751,32.39673]],[[-117.24642,32.39654],[-117.24642,32.39654]],[[-117.24553,32.39654],[-117.24553,32.39654]],[[-117.23706,32.39654],[-117.23706,32.39654]],[[-117.2453,32.39635],[-117.2453,32.39635]],[[-117.24508,32.39617],[-117.24508,32.39617]],[[-117.24486,32.39598],[-117.24486,32.39579],[-117.24486,32.39598]],[[-117.23817,32.39598],[-117.23817,32.39598]],[[-117.24486,32.39579],[-117.24486,32.3956],[-117.24486,32.39579]],[[-117.24486,32.3956],[-117.24486,32.3956]],[[-117.23884,32.39466],[-117.23884,32.39466]],[[-117.23862,32.3941],[-117.23862,32.3941]]]},"properties":{"depth_m":250}},{"type":"Feature","geometry":{"type":"MultiLineString","coordinates":[[[-117.29944,32.44638],[-117.30078,32.44488],[-117.30078,32.44243],[-117.30033,32.44225],[-117.30011,32.44187],[-117.30011,32.44131],[-117.30056,32.44093],[-117.30033,32.44074],[-117.30033,32.43999],[-117.29989,32.43943],[-117.29944,32.43961],[-117.29877,32.43886],[-117.29877,32.43867],[-117.29833,32.43848],[-117.29855,32.4383],[-117.29833,32.43811],[-117.29833,32.4366],[-117.29788,32.43642],[-117.29788,32.43604],[-117.29744,32.43585],[-117.29744,32.43491],[-117.29721,32.43472],[-117.29654,32.43472],[-117.2961,32.43454],[-117.2961,32.43435],[-117.29543,32.43378],[-117.29499,32.43378],[-117.29476,32.43359],[-117.29454,32.43378],[-117.29409,32.43359],[-117.29365,32.43378],[-117.2932,32.43454],[-117.2932,32.43491],[-117.29409,32.43585],[-117.29409,32.43623],[-117.29387,32.43642],[-117.29387,32.43811],[-117.29499,32.43999],[-117.29499,32.44055],[-117.29521,32.44093],[-117.2961,32.44168],[-117.2961,32.44337],[-117.29744,32.44469],[-117.29766,32.44526],[-117.29833,32.44582],[-117.29922,32.44582],[-117.29922,32.4462],[-117.29944,32.44638]],[[-117.29588,32.44638],[-117.29632,32.44601],[-117.29632,32.44563],[-117.29588,32.44507],[-117.29565,32.44507],[-117.29521,32.44544],[-117.29521,32.44601],[-117.29565,32.44638],[-117.29588,32.44638]],[[-117.2961,32.4462],[-117.2961,32.4462]],[[-117.29543,32.4462],[-117.29543,32.4462]],[[-117.29966,32.44601],[-117.29966,32.44601]],[[-117.27984,32.44586],[-117.28295,32.44504],[-117.28585,32.44465],[-117.28633,32.44432],[-117.28636,32.44375],[-117.28586,32.44262],[-117.28507,32.44149],[-117.28362,32.4398],[-117.28229,32.43855],[-117.28028,32.43738],[-117.27939,32.43714],[-117.2785,32.43715],[-117.27629,32.43792],[-117.27415,32.43943],[-117.2723,32.44149],[-117.27193,32.44225],[-117.27182,32.443],[-117.27204,32.44348],[-117.27279,32.44394],[-117.27828,32.44583],[-117.27894,32.44596],[-117.27984,32.44586]],[[-117.29989,32.44582],[-117.29989,32.44582]],[[-117.29922,32.44582],[-117.29922,32.44582]],[[-117.30011,32.44563],[-117.30011,32.44563]],[[-117.2981,32.44563],[-117.2981,32.44563]],[[-117.30033,32.44544],[-117.30033,32.44544]],[[-117.29788,32.44544],[-117.29788,32.44544]],[[-117.27672,32.44526],[-117.27672,32.44526]],[[-117.30056,32.44507],[-117.30056,32.44507]],[[-117.29766,32.44507],[-117.29766,32.44507]],[[-117.29744,32.44469],[-117.29744,32.44469]],[[-117.29721,32.4445],[-117.29721,32.4445]],[[-117.29699,32.44432],[-117.29699,32.44432]],[[-117.29677,32.44394],[-117.29677,32.44394]],[[-117.29654,32.44375],[-117.29654,32.44375]],[[-117.29632,32.44356],[-117.29632,32.44356]],[[-117.25454,32.36795],[-117.25577,32.36865],[-117.25912,32.36947],[-117.26045,32.36997],[-117.26165,32.37078],[-117.26212,32.37153],[-117.26244,32.37285],[-117.26257,32.37454],[-117.26222,32.38319],[-117.26245,32.38657],[-117.26296,32.38883],[-117.26474,32.39466],[-117.26722,32.40482],[-117.2679,32.40708],[-117.26867,32.40896],[-117.26959,32.41059],[-117.27312,32.41592],[-117.27386,32.41761],[-117.275,32.42118],[-117.27596,32.42287],[-117.27694,32.42381],[-117.27783,32.42436],[-117.2805,32.42522],[-117.28474,32.42586],[-117.2912,32.42603],[-117.2932,32.42643],[-117.29499,32.42709],[-117.29632,32.428],[-117.29716,32.42908],[-117.301,32.43798],[-117.30181,32.43943],[-117.30323,32.44115],[-117.30412,32.4418],[-117.30479,32.44208],[-117.30635,32.44215],[-117.30835,32.44148],[-117.31036,32.44019]],[[-117.2961,32.44168],[-117.2961,32.44168]],[[-117.29588,32.44149],[-117.29588,32.44149]],[[-117.30011,32.44131],[-117.30011,32.44131]],[[-117.29565,32.44131],[-117.29565,32.44131]],[[-117.30033,32.44112],[-117.30033,32.44112]],[[-117.29543,32.44112],[-117.29543,32.44112]],[[-117.29521,32.44074],[-117.29521,32.44074]],[[-117.29499,32.43999],[-117.29499,32.43999]],[[-117.29476,32.43961],[-117.29476,32.43961]],[[-117.29454,32.43924],[-117.29454,32.43924]],[[-117.29432,32.43886],[-117.29432,32.43886]],[[-117.29833,32.43848],[-117.29833,32.43848]],[[-117.29409,32.4383],[-117.29409,32.4383]],[[-117.29409,32.43585],[-117.29409,32.43585]],[[-117.29387,32.43566],[-117.29387,32.43566]],[[-117.29365,32.43548],[-117.29365,32.43548]],[[-117.29343,32.4351],[-117.29343,32.4351]],[[-117.26335,32.42607],[-117.2638,32.42551],[-117.26357,32.42513],[-117.26402,32.42438],[-117.2629,32.42306],[-117.26246,32.42344],[-117.26268,32.42363],[-117.26246,32.42381],[-117.26268,32.42419],[-117.26246,32.42438],[-117.26246,32.42494],[-117.2629,32.4257],[-117.26335,32.42607]],[[-117.26313,32.42588],[-117.26313,32.42588]],[[-117.26357,32.4257],[-117.26357,32.4257]],[[-117.2629,32.42551],[-117.2629,32.42551]],[[-117.26357,32.42513],[-117.26357,32.42513]],[[-117.26268,32.42513],[-117.26268,32.42513]],[[-117.2638,32.42475],[-117.2638,32.42475]],[[-117.26268,32.424],[-117.26268,32.424]],[[-117.26268,32.42363],[-117.26268,32.42363]],[[-117.25087,32.42118],[-117.25154,32.42081],[-117.25176,32.42043],[-117.25176,32.42005],[-117.25154,32.41986],[-117.25154,32.41911],[-117.25132,32.41892],[-117.25132,32.41855],[-117.24998,32.41742],[-117.24998,32.41479],[-117.24976,32.41441],[-117.24998,32.41272],[-117.24954,32.41197],[-117.24954,32.41121],[-117.24931,32.41103],[-117.24931,32.41046],[-117.24887,32.4099],[-117.24909,32.40971],[-117.24909,32.40933],[-117.24865,32.40896],[-117.2482,32.40896],[-117.2482,32.40877],[-117.24731,32.40802],[-117.24664,32.40802],[-117.24642,32.40839],[-117.24597,32.40839],[-117.24575,32.4082],[-117.24597,32.40783],[-117.24575,32.40764],[-117.24575,32.40595],[-117.24486,32.40538],[-117.24486,32.40501],[-117.24508,32.40463],[-117.2453,32.40463],[-117.24597,32.40519],[-117.24642,32.40519],[-117.24686,32.40463],[-117.24686,32.40425],[-117.24664,32.40388],[-117.24686,32.40369],[-117.24686,32.40331],[-117.24642,32.40294],[-117.24597,32.40294],[-117.24508,32.40331],[-117.24575,32.40256],[-117.24575,32.40049],[-117.24597,32.4003],[-117.24575,32.40012],[-117.24575,32.39955],[-117.24597,32.39936],[-117.24575,32.39899],[-117.24597,32.3988],[-117.24597,32.39842],[-117.2453,32.39767],[-117.2453,32.3973],[-117.24486,32.39673],[-117.24486,32.39598],[-117.24575,32.39673],[-117.24619,32.39673],[-117.24664,32.39635],[-117.24664,32.3956],[-117.24597,32.39485],[-117.2453,32.39485],[-117.24508,32.39466],[-117.24441,32.39485],[-117.24419,32.39447],[-117.24419,32.39391],[-117.24374,32.39372],[-117.2433,32.39316],[-117.2433,32.39241],[-117.24241,32.39146],[-117.24241,32.39071],[-117.24218,32.39052],[-117.24174,32.39052],[-117.24152,32.39034],[-117.23996,32.39034],[-117.23973,32.39015],[-117.23884,32.39109],[-117.23884,32.39146],[-117.23862,32.39165],[-117.23862,32.39353],[-117.2384,32.39391],[-117.23884,32.39466],[-117.23884,32.39824],[-117.23907,32.39842],[-117.23907,32.39899],[-117.23973,32.39993],[-117.23973,32.40237],[-117.24063,32.40331],[-117.24063,32.40369],[-117.24085,32.40388],[-117.24085,32.40444],[-117.24152,32.40538],[-117.24152,32.41008],[-117.24174,32.41027],[-117.24196,32.41159],[-117.24263,32.41272],[-117.24263,32.41403],[-117.24374,32.41497],[-117.24464,32.41516],[-117.24508,32.41554],[-117.24597,32.41704],[-117.24642,32.41742],[-117.24709,32.41761],[-117.24731,32.41798],[-117.24731,32.41855],[-117.24775,32.41892],[-117.24798,32.41892],[-117.24798,32.41949],[-117.2482,32.41986],[-117.24842,32.42005],[-117.24909,32.42005],[-117.24931,32.42024],[-117.25043,32.42043],[-117.2502,32.42062],[-117.25043,32.42099],[-117.25087,32.42118]],[[-117.24619,32.42118],[-117.24686,32.42043],[-117.24731,32.42043],[-117.24753,32.42062],[-117.24798,32.42024],[-117.24731,32.41986],[-117.24731,32.41911],[-117.24709,32.41892],[-117.24686,32.41892],[-117.24619,32.41968],[-117.24597,32.41968],[-117.2453,32.42024],[-117.2453,32.42081],[-117.24575,32.42118],[-117.24619,32.42118]],[[-117.2511,32.42099],[-117.2511,32.42099]],[[-117.24642,32.42099],[-117.24642,32.42099]],[[-117.24553,32.42099],[-117.24553,32.42099]],[[-117.25043,32.42081],[-117.25043,32.42081]],[[-117.25154,32.42062],[-117.25154,32.42062]],[[-117.24664,32.42062],[-117.24664,32.42062]],[[-117.25087,32.42024],[-117.25043,32.42043],[-117.2511,32.42005],[-117.25087,32.42024]],[[-117.24775,32.42043],[-117.24775,32.42043]],[[-117.24731,32.42043],[-117.24731,32.42043]],[[-117.24686,32.42043],[-117.24686,32.42043]],[[-117.26045,32.42024],[-117.26157,32.41892],[-117.26157,32.41817],[-117.26201,32.4178],[-117.26201,32.41723],[-117.26157,32.41667],[-117.26112,32.41648],[-117.2609,32.4161],[-117.2609,32.41573],[-117.25956,32.41441],[-117.25867,32.41497],[-117.25867,32.41573],[-117.25889,32.41592],[-117.25889,32.41742],[-117.25867,32.4178],[-117.25733,32.41798],[-117.25711,32.41817],[-117.25711,32.41855],[-117.25778,32.4193],[-117.25823,32.41911],[-117.25889,32.41911],[-117.25934,32.41968],[-117.25978,32.41968],[-117.26001,32.41949],[-117.26001,32.41986],[-117.26045,32.42024]],[[-117.25065,32.42024],[-117.25065,32.42024]],[[-117.24976,32.42024],[-117.24976,32.42024]],[[-117.26068,32.42005],[-117.26068,32.42005]],[[-117.26023,32.42005],[-117.26023,32.42005]],[[-117.2511,32.42005],[-117.2511,32.41986],[-117.2511,32.42005]],[[-117.24909,32.42005],[-117.24909,32.42005]],[[-117.2511,32.41986],[-117.2511,32.41986]],[[-117.2609,32.41968],[-117.2609,32.41968]],[[-117.2482,32.41968],[-117.2482,32.41968]],[[-117.26112,32.41949],[-117.26112,32.41949]],[[-117.26001,32.41949],[-117.26001,32.41949]],[[-117.25912,32.4193],[-117.25912,32.4193]],[[-117.26134,32.41911],[-117.26134,32.41911]],[[-117.25889,32.41911],[-117.25889,32.41911]],[[-117.25823,32.41911],[-117.25823,32.41911]],[[-117.25756,32.41892],[-117.25756,32.41892]],[[-117.24798,32.41892],[-117.24798,32.41892]],[[-117.25733,32.41874],[-117.25733,32.41874]],[[-117.24753,32.41874],[-117.24753,32.41874]],[[-117.26157,32.41817],[-117.26157,32.41817]],[[-117.26179,32.41798],[-117.26179,32.41798]],[[-117.24731,32.41798],[-117.24731,32.41798]],[[-117.24709,32.41761],[-117.24709,32.41761]],[[-117.24664,32.41742],[-117.24664,32.41742]],[[-117.24619,32.41723],[-117.24619,32.41723]],[[-117.24597,32.41686],[-117.24597,32.41686]],[[-117.24575,32.41648],[-117.24575,32.41648]],[[-117.28697,32.41613],[-117.28786,32.41583],[-117.28852,32.41531],[-117.28903,32.4146],[-117.28931,32.41366],[-117.28925,32.41272],[-117.28886,32.41197],[-117.28814,32.4114],[-117.28741,32.41119],[-117.28652,32.41129],[-117.28557,32.41178],[-117.28474,32.41272],[-117.28442,32.41366],[-117.2845,32.4146],[-117.28496,32.41539],[-117.28585,32.416],[-117.28697,32.41613]],[[-117.24553,32.41629],[-117.24553,32.41629]],[[-117.25889,32.41592],[-117.25889,32.41592]],[[-117.2453,32.41592],[-117.2453,32.41592]],[[-117.24508,32.41554],[-117.24508,32.41554]],[[-117.24486,32.41535],[-117.24486,32.41535]],[[-117.24464,32.41516],[-117.24464,32.41516]],[[-117.24397,32.41497],[-117.24397,32.41497]],[[-117.24352,32.41479],[-117.24352,32.41479]],[[-117.2433,32.4146],[-117.2433,32.4146]],[[-117.24308,32.41441],[-117.24308,32.41441]],[[-117.24285,32.41422],[-117.24285,32.41422]],[[-117.24976,32.41366],[-117.24976,32.41366]],[[-117.28474,32.41272],[-117.28474,32.41272]],[[-117.24263,32.41272],[-117.24263,32.41272]],[[-117.24241,32.41215],[-117.24241,32.41215]],[[-117.24218,32.41178],[-117.24218,32.41178]],[[-117.28585,32.41159],[-117.28585,32.41159]],[[-117.24196,32.41103],[-117.24196,32.41103]],[[-117.24174,32.41027],[-117.24174,32.41027]],[[-117.24887,32.4099],[-117.24887,32.4099]],[[-117.24575,32.40802],[-117.24575,32.40802]],[[-117.24686,32.40745],[-117.24753,32.40708],[-117.24753,32.4067],[-117.24731,32.40651],[-117.24731,32.40576],[-117.24709,32.40557],[-117.24664,32.40557],[-117.24642,32.40576],[-117.24642,32.40651],[-117.24664,32.4067],[-117.24664,32.40726],[-117.24686,32.40745]],[[-117.24709,32.40726],[-117.24709,32.40726]],[[-117.24664,32.4067],[-117.24664,32.4067]],[[-117.24753,32.40538],[-117.24842,32.40463],[-117.24842,32.4035],[-117.24753,32.40237],[-117.24753,32.402],[-117.24731,32.40181],[-117.24731,32.4003],[-117.24686,32.39974],[-117.24664,32.39993],[-117.24664,32.40049],[-117.24642,32.40068],[-117.24664,32.40087],[-117.24664,32.40125],[-117.24642,32.40162],[-117.24664,32.40181],[-117.24664,32.40219],[-117.24642,32.40237],[-117.24664,32.40275],[-117.24753,32.40331],[-117.24753,32.40369],[-117.24731,32.40407],[-117.24753,32.40425],[-117.24753,32.40482],[-117.24709,32.40519],[-117.24753,32.40538]],[[-117.24152,32.40538],[-117.24152,32.40538]],[[-117.24775,32.40519],[-117.24775,32.40519]],[[-117.24798,32.40501],[-117.24798,32.40501]],[[-117.24575,32.40501],[-117.24575,32.40501]],[[-117.24486,32.40501],[-117.24486,32.40501]],[[-117.24129,32.40501],[-117.24129,32.40501]],[[-117.2482,32.40482],[-117.2482,32.40482]],[[-117.24664,32.40482],[-117.24664,32.40482]],[[-117.24553,32.40482],[-117.24553,32.40482]],[[-117.2453,32.40463],[-117.2453,32.40463]],[[-117.24508,32.40463],[-117.24508,32.40463]],[[-117.24107,32.40463],[-117.24107,32.40463]],[[-117.23795,32.40444],[-117.23862,32.40369],[-117.23862,32.4035],[-117.23907,32.40388],[-117.23951,32.40388],[-117.23973,32.40369],[-117.23973,32.40313],[-117.23929,32.40275],[-117.23907,32.40275],[-117.23907,32.40237],[-117.23884,32.40219],[-117.23884,32.40181],[-117.23907,32.40162],[-117.23884,32.40125],[-117.2384,32.40143],[-117.2384,32.40275],[-117.23884,32.40313],[-117.23862,32.4035],[-117.2384,32.40313],[-117.23773,32.40294],[-117.23706,32.4035],[-117.23706,32.40425],[-117.23728,32.40444],[-117.23795,32.40444]],[[-117.24753,32.40425],[-117.24753,32.40425]],[[-117.23817,32.40407],[-117.23817,32.40407]],[[-117.24664,32.40388],[-117.24664,32.40388]],[[-117.24085,32.40388],[-117.24085,32.40388]],[[-117.2384,32.40388],[-117.2384,32.40388]],[[-117.23884,32.40369],[-117.23884,32.40369]],[[-117.24753,32.40331],[-117.24753,32.40331]],[[-117.24508,32.40331],[-117.24508,32.40331]],[[-117.24063,32.40331],[-117.24063,32.40331]],[[-117.24731,32.40313],[-117.24731,32.40313]],[[-117.23884,32.40313],[-117.23884,32.40313]],[[-117.24686,32.40294],[-117.24686,32.40294]],[[-117.2453,32.40294],[-117.2453,32.40294]],[[-117.2404,32.40294],[-117.2404,32.40294]],[[-117.23862,32.40294],[-117.23862,32.40294]],[[-117.24553,32.40275],[-117.24553,32.40275]],[[-117.24018,32.40275],[-117.24018,32.40275]],[[-117.24664,32.40256],[-117.24664,32.40256]],[[-117.23996,32.40256],[-117.23996,32.40256]],[[-117.24664,32.40181],[-117.24664,32.40181]],[[-117.23884,32.40181],[-117.23884,32.40181]],[[-117.24664,32.40087],[-117.24664,32.40087]],[[-117.24575,32.40049],[-117.24575,32.40049]],[[-117.23862,32.40049],[-117.23907,32.39993],[-117.23884,32.39974],[-117.2384,32.39993],[-117.2384,32.4003],[-117.23862,32.40049]],[[-117.23884,32.40012],[-117.23884,32.40012]],[[-117.23973,32.39993],[-117.23973,32.39993]],[[-117.24575,32.39955],[-117.24575,32.39955]],[[-117.23951,32.39955],[-117.23951,32.39955]],[[-117.23929,32.39918],[-117.23929,32.39918]],[[-117.24575,32.39899],[-117.24575,32.39899]],[[-117.23907,32.39842],[-117.23907,32.39842]],[[-117.23795,32.39692],[-117.23817,32.39673],[-117.23817,32.39598],[-117.2384,32.39579],[-117.23817,32.39541],[-117.23817,32.39504],[-117.23795,32.39485],[-117.23706,32.39485],[-117.23661,32.39523],[-117.23661,32.39635],[-117.23795,32.39692]],[[-117.23751,32.39673],[-117.23751,32.39673]],[[-117.24642,32.39654],[-117.24642,32.39654]],[[-117.24553,32.39654],[-117.24553,32.39654]],[[-117.23706,32.39654],[-117.23706,32.39654]],[[-117.2453,32.39635],[-117.2453,32.39635]],[[-117.24508,32.39617],[-117.24508,32.39617]],[[-117.24486,32.39598],[-117.24486,32.39579],[-117.24486,32.39598]],[[-117.23817,32.39598],[-117.23817,32.39598]],[[-117.24486,32.39579],[-117.24486,32.3956],[-117.24486,32.39579]],[[-117.24486,32.3956],[-117.24486,32.3956]],[[-117.23884,32.39466],[-117.23884,32.39466]],[[-117.23862,32.3941],[-117.23862,32.3941]]]},"properties":{"depth_m":275}},{"type":"Feature","geometry":{"type":"MultiLineString","coordinates":[[[-117.29944,32.44638],[-117.30078,32.44488],[-117.30078,32.44243],[-117.30033,32.44225],[-117.30011,32.44187],[-117.30011,32.44131],[-117.30056,32.44093],[-117.30033,32.44074],[-117.30033,32.43999],[-117.29989,32.43943],[-117.29944,32.43961],[-117.29877,32.43886],[-117.29877,32.43867],[-117.29833,32.43848],[-117.29855,32.4383],[-117.29833,32.43811],[-117.29833,32.4366],[-117.29788,32.43642],[-117.29788,32.43604],[-117.29744,32.43585],[-117.29744,32.43491],[-117.29721,32.43472],[-117.29654,32.43472],[-117.2961,32.43454],[-117.2961,32.43435],[-117.29543,32.43378],[-117.29499,32.43378],[-117.29476,32.43359],[-117.29454,32.43378],[-117.29409,32.43359],[-117.29365,32.43378],[-117.2932,32.43454],[-117.2932,32.43491],[-117.29409,32.43585],[-117.29409,32.43623],[-117.29387,32.43642],[-117.29387,32.43811],[-117.29499,32.43999],[-117.29499,32.44055],[-117.29521,32.44093],[-117.2961,32.44168],[-117.2961,32.44337],[-117.29744,32.44469],[-117.29766,32.44526],[-117.29833,32.44582],[-117.29922,32.44582],[-117.29922,32.4462],[-117.29944,32.44638]],[[-117.29588,32.44638],[-117.29632,32.44601],[-117.29632,32.44563],[-117.29588,32.44507],[-117.29565,32.44507],[-117.29521,32.44544],[-117.29521,32.44601],[-117.29565,32.44638],[-117.29588,32.44638]],[[-117.2961,32.4462],[-117.2961,32.4462]],[[-117.29543,32.4462],[-117.29543,32.4462]],[[-117.29966,32.44601],[-117.29966,32.44601]],[[-117.29989,32.44582],[-117.29989,32.44582]],[[-117.29922,32.44582],[-117.29922,32.44582]],[[-117.30011,32.44563],[-117.30011,32.44563]],[[-117.2981,32.44563],[-117.2981,32.44563]],[[-117.27939,32.44547],[-117.28373,32.44394],[-117.2844,32.44337],[-117.28447,32.44281],[-117.28422,32.44206],[-117.28362,32.44112],[-117.28184,32.43927],[-117.28028,32.43833],[-117.27872,32.43804],[-117.27716,32.43852],[-117.27553,32.43961],[-117.27438,32.44093],[-117.27403,32.44168],[-117.27396,32.44225],[-117.27428,32.443],[-117.27554,32.44394],[-117.27815,32.44526],[-117.27894,32.4455],[-117.27939,32.44547]],[[-117.30033,32.44544],[-117.30033,32.44544]],[[-117.29788,32.44544],[-117.29788,32.44544]],[[-117.30056,32.44507],[-117.30056,32.44507]],[[-117.29766,32.44507],[-117.29766,32.44507]],[[-117.29744,32.44469],[-117.29744,32.44469]],[[-117.29721,32.4445],[-117.29721,32.4445]],[[-117.29699,32.44432],[-117.29699,32.44432]],[[-117.29677,32.44394],[-117.29677,32.44394]],[[-117.29654,32.44375],[-117.29654,32.44375]],[[-117.29632,32.44356],[-117.29632,32.44356]],[[-117.27404,32.44262],[-117.27404,32.44262]],[[-117.2961,32.44168],[-117.2961,32.44168]],[[-117.25776,32.36795],[-117.26001,32.36883],[-117.26134,32.36953],[-117.26239,32.3704],[-117.26287,32.37134],[-117.26317,32.37266],[-117.26331,32.37454],[-117.26302,32.38319],[-117.26322,32.38639],[-117.26728,32.40331],[-117.26815,32.40632],[-117.26897,32.40839],[-117.27003,32.41027],[-117.27271,32.41403],[-117.27374,32.41573],[-117.27443,32.41742],[-117.27538,32.42081],[-117.27627,32.42247],[-117.27694,32.42318],[-117.27783,32.42381],[-117.27984,32.42456],[-117.28318,32.42505],[-117.29031,32.4254],[-117.29298,32.42598],[-117.29499,32.42676],[-117.29632,32.42765],[-117.29734,32.42889],[-117.30109,32.43736],[-117.30211,32.43908],[-117.30345,32.44055],[-117.30501,32.44136],[-117.30657,32.44138],[-117.30835,32.44073],[-117.31036,32.4394]],[[-117.29588,32.44149],[-117.29588,32.44149]],[[-117.30011,32.44131],[-117.30011,32.44131]],[[-117.29565,32.44131],[-117.29565,32.44131]],[[-117.30033,32.44112],[-117.30033,32.44112]],[[-117.29543,32.44112],[-117.29543,32.44112]],[[-117.29521,32.44074],[-117.29521,32.44074]],[[-117.29499,32.43999],[-117.29499,32.43999]],[[-117.29476,32.43961],[-117.29476,32.43961]],[[-117.29454,32.43924],[-117.29454,32.43924]],[[-117.29432,32.43886],[-117.29432,32.43886]],[[-117.29833,32.43848],[-117.29833,32.43848]],[[-117.29409,32.4383],[-117.29409,32.4383]],[[-117.29409,32.43585],[-117.29409,32.43585]],[[-117.29387,32.43566],[-117.29387,32.43566]],[[-117.29365,32.43548],[-117.29365,32.43548]],[[-117.29343,32.4351],[-117.29343,32.4351]],[[-117.26335,32.42607],[-117.2638,32.42551],[-117.26357,32.42513],[-117.26402,32.42438],[-117.2629,32.42306],[-117.26246,32.42344],[-117.26268,32.42363],[-117.26246,32.42381],[-117.26268,32.42419],[-117.26246,32.42438],[-117.26246,32.42494],[-117.2629,32.4257],[-117.26335,32.42607]],[[-117.26313,32.42588],[-117.26313,32.42588]],[[-117.26357,32.4257],[-117.26357,32.4257]],[[-117.2629,32.42551],[-117.2629,32.42551]],[[-117.26357,32.42513],[-117.26357,32.42513]],[[-117.26268,32.42513],[-117.26268,32.42513]],[[-117.2638,32.42475],[-117.2638,32.42475]],[[-117.26268,32.424],[-117.26268,32.424]],[[-117.26268,32.42363],[-117.26268,32.42363]],[[-117.25087,32.42118],[-117.25154,32.42081],[-117.25176,32.42043],[-117.25176,32.42005],[-117.25154,32.41986],[-117.25154,32.41911],[-117.25132,32.41892],[-117.25132,32.41855],[-117.24998,32.41742],[-117.24998,32.41479],[-117.24976,32.41441],[-117.24998,32.41272],[-117.24954,32.41197],[-117.24954,32.41121],[-117.24931,32.41103],[-117.24931,32.41046],[-117.24887,32.4099],[-117.24909,32.40971],[-117.24909,32.40933],[-117.24865,32.40896],[-117.2482,32.40896],[-117.2482,32.40877],[-117.24731,32.40802],[-117.24664,32.40802],[-117.24642,32.40839],[-117.24597,32.40839],[-117.24575,32.4082],[-117.24597,32.40783],[-117.24575,32.40764],[-117.24575,32.40595],[-117.24486,32.40538],[-117.24486,32.40501],[-117.24508,32.40463],[-117.2453,32.40463],[-117.24597,32.40519],[-117.24642,32.40519],[-117.24686,32.40463],[-117.24686,32.40425],[-117.24664,32.40388],[-117.24686,32.40369],[-117.24686,32.40331],[-117.24642,32.40294],[-117.24597,32.40294],[-117.24508,32.40331],[-117.24575,32.40256],[-117.24575,32.40049],[-117.24597,32.4003],[-117.24575,32.40012],[-117.24575,32.39955],[-117.24597,32.39936],[-117.24575,32.39899],[-117.24597,32.3988],[-117.24597,32.39842],[-117.2453,32.39767],[-117.2453,32.3973],[-117.24486,32.39673],[-117.24486,32.39598],[-117.24575,32.39673],[-117.24619,32.39673],[-117.24664,32.39635],[-117.24664,32.3956],[-117.24597,32.39485],[-117.2453,32.39485],[-117.24508,32.39466],[-117.24441,32.39485],[-117.24419,32.39447],[-117.24419,32.39391],[-117.24374,32.39372],[-117.2433,32.39316],[-117.2433,32.39241],[-117.24241,32.39146],[-117.24241,32.39071],[-117.24218,32.39052],[-117.24174,32.39052],[-117.24152,32.39034],[-117.23996,32.39034],[-117.23973,32.39015],[-117.23884,32.39109],[-117.23884,32.39146],[-117.23862,32.39165],[-117.23862,32.39353],[-117.2384,32.39391],[-117.23884,32.39466],[-117.23884,32.39824],[-117.23907,32.39842],[-117.23907,32.39899],[-117.23973,32.39993],[-117.23973,32.40237],[-117.24063,32.40331],[-117.24063,32.40369],[-117.24085,32.40388],[-117.24085,32.40444],[-117.24152,32.40538],[-117.24152,32.41008],[-117.24174,32.41027],[-117.24196,32.41159],[-117.24263,32.41272],[-117.24263,32.41403],[-117.24374,32.41497],[-117.24464,32.41516],[-117.24508,32.41554],[-117.24597,32.41704],[-117.24642,32.41742],[-117.24709,32.41761],[-117.24731,32.41798],[-117.24731,32.41855],[-117.24775,32.41892],[-117.24798,32.41892],[-117.24798,32.41949],[-117.2482,32.41986],[-117.24842,32.42005],[-117.24909,32.42005],[-117.24931,32.42024],[-117.25043,32.42043],[-117.2502,32.42062],[-117.25043,32.42099],[-117.25087,32.42118]],[[-117.24619,32.42118],[-117.24686,32.42043],[-117.24731,32.42043],[-117.24753,32.42062],[-117.24798,32.42024],[-117.24731,32.41986],[-117.24731,32.41911],[-117.24709,32.41892],[-117.24686,32.41892],[-117.24642,32.4193],[-117.24642,32.41949],[-117.2453,32.42024],[-117.2453,32.42081],[-117.24575,32.42118],[-117.24619,32.42118]],[[-117.2511,32.42099],[-117.2511,32.42099]],[[-117.24642,32.42099],[-117.24642,32.42099]],[[-117.24553,32.42099],[-117.24553,32.42099]],[[-117.25043,32.42081],[-117.25043,32.42081]],[[-117.25154,32.42062],[-117.25154,32.42062]],[[-117.24664,32.42062],[-117.24664,32.42062]],[[-117.25087,32.42024],[-117.25043,32.42043],[-117.2511,32.42005],[-117.25087,32.42024]],[[-117.24775,32.42043],[-117.24775,32.42043]],[[-117.24731,32.42043],[-117.24731,32.42043]],[[-117.24686,32.42043],[-117.24686,32.42043]],[[-117.26045,32.42024],[-117.26157,32.41892],[-117.26157,32.41817],[-117.26201,32.4178],[-117.26201,32.41723],[-117.26157,32.41667],[-117.26112,32.41648],[-117.2609,32.4161],[-117.2609,32.41573],[-117.25956,32.41441],[-117.25867,32.41497],[-117.25867,32.41573],[-117.25889,32.41592],[-117.25889,32.41742],[-117.25867,32.4178],[-117.25733,32.41798],[-117.25711,32.41817],[-117.25711,32.41855],[-117.25778,32.4193],[-117.25823,32.41911],[-117.25889,32.41911],[-117.25934,32.41968],[-117.25978,32.41968],[-117.26001,32.41949],[-117.26001,32.41986],[-117.26045,32.42024]],[[-117.25065,32.42024],[-117.25065,32.42024]],[[-117.24976,32.42024],[-117.24976,32.42024]],[[-117.26068,32.42005],[-117.26068,32.42005]],[[-117.26023,32.42005],[-117.26023,32.42005]],[[-117.2511,32.42005],[-117.2511,32.41986],[-117.2511,32.42005]],[[-117.24909,32.42005],[-117.24909,32.42005]],[[-117.2511,32.41986],[-117.2511,32.41986]],[[-117.2609,32.41968],[-117.2609,32.41968]],[[-117.2482,32.41968],[-117.2482,32.41968]],[[-117.26112,32.41949],[-117.26112,32.41949]],[[-117.26001,32.41949],[-117.26001,32.41949]],[[-117.25912,32.4193],[-117.25912,32.4193]],[[-117.26134,32.41911],[-117.26134,32.41911]],[[-117.25889,32.41911],[-117.25889,32.41911]],[[-117.25823,32.41911],[-117.25823,32.41911]],[[-117.25756,32.41892],[-117.25756,32.41892]],[[-117.24798,32.41892],[-117.24798,32.41892]],[[-117.25733,32.41874],[-117.25733,32.41874]],[[-117.24753,32.41874],[-117.24753,32.41874]],[[-117.26157,32.41817],[-117.26157,32.41817]],[[-117.26179,32.41798],[-117.26179,32.41798]],[[-117.24731,32.41798],[-117.24731,32.41798]],[[-117.24709,32.41761],[-117.24709,32.41761]],[[-117.24664,32.41742],[-117.24664,32.41742]],[[-117.24619,32.41723],[-117.24619,32.41723]],[[-117.28674,32.41686],[-117.28786,32.41654],[-117.28875,32.41587],[-117.28942,32.41491],[-117.28974,32.41385],[-117.28972,32.41291],[-117.28933,32.41197],[-117.28852,32.41122],[-117.28763,32.41089],[-117.2863,32.41102],[-117.28519,32.41159],[-117.28417,32.41272],[-117.28377,32.41385],[-117.28388,32.41497],[-117.28451,32.41598],[-117.28563,32.41671],[-117.28674,32.41686]],[[-117.24597,32.41686],[-117.24597,32.41686]],[[-117.24575,32.41648],[-117.24575,32.41648]],[[-117.24553,32.41629],[-117.24553,32.41629]],[[-117.28429,32.41573],[-117.28429,32.41573]],[[-117.25889,32.41592],[-117.25889,32.41592]],[[-117.2453,32.41592],[-117.2453,32.41592]],[[-117.24508,32.41554],[-117.24508,32.41554]],[[-117.24486,32.41535],[-117.24486,32.41535]],[[-117.24464,32.41516],[-117.24464,32.41516]],[[-117.24397,32.41497],[-117.24397,32.41497]],[[-117.24352,32.41479],[-117.24352,32.41479]],[[-117.2433,32.4146],[-117.2433,32.4146]],[[-117.24308,32.41441],[-117.24308,32.41441]],[[-117.24285,32.41422],[-117.24285,32.41422]],[[-117.24976,32.41366],[-117.24976,32.41366]],[[-117.28407,32.41291],[-117.28407,32.41291]],[[-117.24263,32.41272],[-117.24263,32.41272]],[[-117.24241,32.41215],[-117.24241,32.41215]],[[-117.24218,32.41178],[-117.24218,32.41178]],[[-117.24196,32.41103],[-117.24196,32.41103]],[[-117.24174,32.41027],[-117.24174,32.41027]],[[-117.24887,32.4099],[-117.24887,32.4099]],[[-117.24575,32.40802],[-117.24575,32.40802]],[[-117.24686,32.40745],[-117.24753,32.40708],[-117.24753,32.4067],[-117.24731,32.40651],[-117.24731,32.40576],[-117.24709,32.40557],[-117.24664,32.40557],[-117.24642,32.40576],[-117.24642,32.40651],[-117.24664,32.4067],[-117.24664,32.40726],[-117.24686,32.40745]],[[-117.24709,32.40726],[-117.24709,32.40726]],[[-117.24664,32.4067],[-117.24664,32.4067]],[[-117.24753,32.40538],[-117.24842,32.40463],[-117.24842,32.4035],[-117.24753,32.40237],[-117.24753,32.402],[-117.24731,32.40181],[-117.24731,32.4003],[-117.24686,32.39974],[-117.24664,32.39993],[-117.24664,32.40049],[-117.24642,32.40068],[-117.24664,32.40087],[-117.24664,32.40125],[-117.24642,32.40162],[-117.24664,32.40181],[-117.24664,32.40219],[-117.24642,32.40237],[-117.24664,32.40275],[-117.24753,32.40331],[-117.24753,32.40369],[-117.24731,32.40407],[-117.24753,32.40425],[-117.24753,32.40482],[-117.24709,32.40519],[-117.24753,32.40538]],[[-117.24152,32.40538],[-117.24152,32.40538]],[[-117.24775,32.40519],[-117.24775,32.40519]],[[-117.24798,32.40501],[-117.24798,32.40501]],[[-117.24575,32.40501],[-117.24575,32.40501]],[[-117.24486,32.40501],[-117.24486,32.40501]],[[-117.24129,32.40501],[-117.24129,32.40501]],[[-117.2482,32.40482],[-117.2482,32.40482]],[[-117.24664,32.40482],[-117.24664,32.40482]],[[-117.24553,32.40482],[-117.24553,32.40482]],[[-117.2453,32.40463],[-117.2453,32.40463]],[[-117.24508,32.40463],[-117.24508,32.40463]],[[-117.24107,32.40463],[-117.24107,32.40463]],[[-117.23795,32.40444],[-117.23862,32.40369],[-117.23862,32.4035],[-117.23907,32.40388],[-117.23951,32.40388],[-117.23973,32.40369],[-117.23973,32.40313],[-117.23929,32.40275],[-117.23907,32.40275],[-117.23907,32.40237],[-117.23884,32.40219],[-117.23884,32.40181],[-117.23907,32.40162],[-117.23884,32.40125],[-117.2384,32.40143],[-117.2384,32.40275],[-117.23884,32.40313],[-117.23862,32.4035],[-117.2384,32.40313],[-117.23773,32.40294],[-117.23706,32.4035],[-117.23706,32.40425],[-117.23728,32.40444],[-117.23795,32.40444]],[[-117.24753,32.40425],[-117.24753,32.40425]],[[-117.23817,32.40407],[-117.23817,32.40407]],[[-117.24664,32.40388],[-117.24664,32.40388]],[[-117.24085,32.40388],[-117.24085,32.40388]],[[-117.2384,32.40388],[-117.2384,32.40388]],[[-117.23884,32.40369],[-117.23884,32.40369]],[[-117.24753,32.40331],[-117.24753,32.40331]],[[-117.24508,32.40331],[-117.24508,32.40331]],[[-117.24063,32.40331],[-117.24063,32.40331]],[[-117.24731,32.40313],[-117.24731,32.40313]],[[-117.23884,32.40313],[-117.23884,32.40313]],[[-117.24686,32.40294],[-117.24686,32.40294]],[[-117.2453,32.40294],[-117.2453,32.40294]],[[-117.2404,32.40294],[-117.2404,32.40294]],[[-117.23862,32.40294],[-117.23862,32.40294]],[[-117.24553,32.40275],[-117.24553,32.40275]],[[-117.24018,32.40275],[-117.24018,32.40275]],[[-117.24664,32.40256],[-117.24664,32.40256]],[[-117.23996,32.40256],[-117.23996,32.40256]],[[-117.24664,32.40181],[-117.24664,32.40181]],[[-117.23884,32.40181],[-117.23884,32.40181]],[[-117.24664,32.40087],[-117.24664,32.40087]],[[-117.24575,32.40049],[-117.24575,32.40049]],[[-117.23862,32.40049],[-117.23907,32.39993],[-117.23884,32.39974],[-117.2384,32.39993],[-117.2384,32.4003],[-117.23862,32.40049]],[[-117.23884,32.40012],[-117.23884,32.40012]],[[-117.23973,32.39993],[-117.23973,32.39993]],[[-117.24575,32.39955],[-117.24575,32.39955]],[[-117.23951,32.39955],[-117.23951,32.39955]],[[-117.23929,32.39918],[-117.23929,32.39918]],[[-117.24575,32.39899],[-117.24575,32.39899]],[[-117.23907,32.39842],[-117.23907,32.39842]],[[-117.23795,32.39692],[-117.23817,32.39673],[-117.23817,32.39598],[-117.2384,32.39579],[-117.23817,32.39541],[-117.23817,32.39504],[-117.23795,32.39485],[-117.23706,32.39485],[-117.23661,32.39523],[-117.23661,32.39635],[-117.23795,32.39692]],[[-117.23751,32.39673],[-117.23751,32.39673]],[[-117.24642,32.39654],[-117.24642,32.39654]],[[-117.24553,32.39654],[-117.24553,32.39654]],[[-117.23706,32.39654],[-117.23706,32.39654]],[[-117.2453,32.39635],[-117.2453,32.39635]],[[-117.24508,32.39617],[-117.24508,32.39617]],[[-117.24486,32.39598],[-117.24486,32.39579],[-117.24486,32.39598]],[[-117.23817,32.39598],[-117.23817,32.39598]],[[-117.24486,32.39579],[-117.24486,32.3956],[-117.24486,32.39579]],[[-117.24486,32.3956],[-117.24486,32.3956]],[[-117.23884,32.39466],[-117.23884,32.39466]],[[-117.23862,32.3941],[-117.23862,32.3941]],[[-117.29766,32.38866],[-117.2983,32.38846],[-117.29877,32.38801],[-117.29894,32.38752],[-117.29877,32.38683],[-117.29833,32.38635],[-117.29766,32.38606],[-117.29699,32.38605],[-117.29632,32.38629],[-117.29565,32.38698],[-117.29565,32.38771],[-117.29654,32.3885],[-117.29766,32.38866]]]},"properties":{"depth_m":300}},{"type":"Feature","geometry":{"type":"MultiLineString","coordinates":[[[-117.29944,32.44638],[-117.30078,32.44488],[-117.30078,32.44243],[-117.30033,32.44225],[-117.30011,32.44187],[-117.30011,32.44131],[-117.30056,32.44093],[-117.30033,32.44074],[-117.30033,32.43999],[-117.29989,32.43943],[-117.29944,32.43961],[-117.29877,32.43886],[-117.29877,32.43867],[-117.29833,32.43848],[-117.29855,32.4383],[-117.29833,32.43811],[-117.29833,32.4366],[-117.29788,32.43642],[-117.29788,32.43604],[-117.29744,32.43585],[-117.29744,32.43491],[-117.29721,32.43472],[-117.29654,32.43472],[-117.2961,32.43454],[-117.2961,32.43435],[-117.29543,32.43378],[-117.29499,32.43378],[-117.29476,32.43359],[-117.29454,32.43378],[-117.29409,32.43359],[-117.29365,32.43378],[-117.2932,32.43454],[-117.2932,32.43491],[-117.29409,32.43585],[-117.29409,32.43623],[-117.29387,32.43642],[-117.29387,32.43811],[-117.29499,32.43999],[-117.29499,32.44055],[-117.29521,32.44093],[-117.2961,32.44168],[-117.2961,32.44337],[-117.29744,32.44469],[-117.29766,32.44526],[-117.29833,32.44582],[-117.29922,32.44582],[-117.29922,32.4462],[-117.29944,32.44638]],[[-117.29588,32.44638],[-117.29632,32.44601],[-117.29632,32.44563],[-117.29588,32.44507],[-117.29565,32.44507],[-117.29521,32.44544],[-117.29521,32.44601],[-117.29565,32.44638],[-117.29588,32.44638]],[[-117.2961,32.4462],[-117.2961,32.4462]],[[-117.29543,32.4462],[-117.29543,32.4462]],[[-117.29966,32.44601],[-117.29966,32.44601]],[[-117.29989,32.44582],[-117.29989,32.44582]],[[-117.29922,32.44582],[-117.29922,32.44582]],[[-117.30011,32.44563],[-117.30011,32.44563]],[[-117.2981,32.44563],[-117.2981,32.44563]],[[-117.30033,32.44544],[-117.30033,32.44544]],[[-117.29788,32.44544],[-117.29788,32.44544]],[[-117.30056,32.44507],[-117.30056,32.44507]],[[-117.29766,32.44507],[-117.29766,32.44507]],[[-117.27961,32.44472],[-117.28111,32.44413],[-117.28227,32.44337],[-117.28268,32.44281],[-117.28271,32.44206],[-117.2821,32.44093],[-117.28095,32.43987],[-117.27961,32.43926],[-117.2785,32.43924],[-117.27739,32.43969],[-117.27649,32.4404],[-117.27589,32.44131],[-117.2758,32.44225],[-117.27632,32.44319],[-117.27748,32.44413],[-117.27872,32.44473],[-117.27961,32.44472]],[[-117.29744,32.44469],[-117.29744,32.44469]],[[-117.29721,32.4445],[-117.29721,32.4445]],[[-117.29699,32.44432],[-117.29699,32.44432]],[[-117.29677,32.44394],[-117.29677,32.44394]],[[-117.29654,32.44375],[-117.29654,32.44375]],[[-117.27694,32.44375],[-117.27694,32.44375]],[[-117.29632,32.44356],[-117.29632,32.44356]],[[-117.27672,32.44356],[-117.27672,32.44356]],[[-117.2961,32.44168],[-117.2961,32.44168]],[[-117.29588,32.44149],[-117.29588,32.44149]],[[-117.30011,32.44131],[-117.30011,32.44131]],[[-117.29565,32.44131],[-117.29565,32.44131]],[[-117.30033,32.44112],[-117.30033,32.44112]],[[-117.29543,32.44112],[-117.29543,32.44112]],[[-117.26012,32.36795],[-117.26179,32.36901],[-117.26268,32.36981],[-117.2633,32.37078],[-117.26371,32.37209],[-117.26397,32.37491],[-117.26376,32.38319],[-117.26399,32.38657],[-117.26703,32.40049],[-117.26821,32.40501],[-117.269,32.40726],[-117.26993,32.40914],[-117.27358,32.41422],[-117.27448,32.41573],[-117.27504,32.41723],[-117.27585,32.42062],[-117.27662,32.42212],[-117.27805,32.42339],[-117.27984,32.42405],[-117.28206,32.42434],[-117.28674,32.42442],[-117.28919,32.42465],[-117.29209,32.42531],[-117.29476,32.42632],[-117.29641,32.42739],[-117.29744,32.42859],[-117.30122,32.43685],[-117.30234,32.43866],[-117.30345,32.43983],[-117.30501,32.44064],[-117.30657,32.44067],[-117.30835,32.44002],[-117.31036,32.43867]],[[-117.29521,32.44074],[-117.29521,32.44074]],[[-117.29499,32.43999],[-117.29499,32.43999]],[[-117.29476,32.43961],[-117.29476,32.43961]],[[-117.29454,32.43924],[-117.29454,32.43924]],[[-117.29432,32.43886],[-117.29432,32.43886]],[[-117.29833,32.43848],[-117.29833,32.43848]],[[-117.29409,32.4383],[-117.29409,32.4383]],[[-117.29409,32.43585],[-117.29409,32.43585]],[[-117.29387,32.43566],[-117.29387,32.43566]],[[-117.29365,32.43548],[-117.29365,32.43548]],[[-117.29343,32.4351],[-117.29343,32.4351]],[[-117.26335,32.42607],[-117.2638,32.42551],[-117.26357,32.42513],[-117.26402,32.42438],[-117.2629,32.42306],[-117.26246,32.42344],[-117.26268,32.42363],[-117.26246,32.42381],[-117.26268,32.42419],[-117.26246,32.42438],[-117.26246,32.42494],[-117.2629,32.4257],[-117.26335,32.42607]],[[-117.26313,32.42588],[-117.26313,32.42588]],[[-117.26357,32.4257],[-117.26357,32.4257]],[[-117.2629,32.42551],[-117.2629,32.42551]],[[-117.26357,32.42513],[-117.26357,32.42513]],[[-117.26268,32.42513],[-117.26268,32.42513]],[[-117.2638,32.42475],[-117.2638,32.42475]],[[-117.26268,32.424],[-117.26268,32.424]],[[-117.26268,32.42363],[-117.26268,32.42363]],[[-117.25087,32.42118],[-117.25154,32.42081],[-117.25176,32.42043],[-117.25176,32.42005],[-117.25154,32.41986],[-117.25154,32.41911],[-117.25132,32.41892],[-117.25132,32.41855],[-117.24998,32.41742],[-117.24998,32.41479],[-117.24976,32.41441],[-117.24998,32.41272],[-117.24954,32.41197],[-117.24954,32.41121],[-117.24931,32.41103],[-117.24931,32.41046],[-117.24887,32.4099],[-117.24909,32.40971],[-117.24909,32.40933],[-117.24865,32.40896],[-117.2482,32.40896],[-117.2482,32.40877],[-117.24731,32.40802],[-117.24664,32.40802],[-117.24642,32.40839],[-117.24597,32.40839],[-117.24575,32.4082],[-117.24597,32.40783],[-117.24575,32.40764],[-117.24575,32.40595],[-117.24486,32.40538],[-117.24486,32.40501],[-117.24508,32.40463],[-117.2453,32.40463],[-117.24597,32.40519],[-117.24642,32.40519],[-117.24686,32.40463],[-117.24686,32.40425],[-117.24664,32.40388],[-117.24686,32.40369],[-117.24686,32.40331],[-117.24642,32.40294],[-117.24597,32.40294],[-117.24508,32.40331],[-117.24575,32.40256],[-117.24575,32.40049],[-117.24597,32.4003],[-117.24575,32.40012],[-117.24575,32.39955],[-117.24597,32.39936],[-117.24575,32.39899],[-117.24597,32.3988],[-117.24597,32.39842],[-117.2453,32.39767],[-117.2453,32.3973],[-117.24486,32.39673],[-117.24486,32.39598],[-117.24575,32.39673],[-117.24619,32.39673],[-117.24664,32.39635],[-117.24664,32.3956],[-117.24597,32.39485],[-117.2453,32.39485],[-117.24508,32.39466],[-117.24441,32.39485],[-117.24419,32.39447],[-117.24419,32.39391],[-117.24374,32.39372],[-117.2433,32.39316],[-117.2433,32.39241],[-117.24241,32.39146],[-117.24241,32.39071],[-117.24218,32.39052],[-117.24174,32.39052],[-117.24152,32.39034],[-117.23996,32.39034],[-117.23973,32.39015],[-117.23884,32.39109],[-117.23884,32.39146],[-117.23862,32.39165],[-117.23862,32.39353],[-117.2384,32.39391],[-117.23884,32.39466],[-117.23884,32.39824],[-117.23907,32.39842],[-117.23907,32.39899],[-117.23973,32.39993],[-117.23973,32.40237],[-117.24063,32.40331],[-117.24063,32.40369],[-117.24085,32.40388],[-117.24085,32.40444],[-117.24152,32.40538],[-117.24152,32.41008],[-117.24174,32.41027],[-117.24196,32.41159],[-117.24263,32.41272],[-117.24263,32.41403],[-117.24374,32.41497],[-117.24464,32.41516],[-117.24508,32.41554],[-117.24597,32.41704],[-117.24642,32.41742],[-117.24709,32.41761],[-117.24731,32.41798],[-117.24731,32.41855],[-117.24775,32.41892],[-117.24798,32.41892],[-117.24798,32.41949],[-117.2482,32.41986],[-117.24842,32.42005],[-117.24909,32.42005],[-117.24931,32.42024],[-117.25043,32.42043],[-117.2502,32.42062],[-117.25043,32.42099],[-117.25087,32.42118]],[[-117.24619,32.42118],[-117.24686,32.42043],[-117.24731,32.42043],[-117.24753,32.42062],[-117.24798,32.42024],[-117.24731,32.41986],[-117.24731,32.41911],[-117.24709,32.41892],[-117.24686,32.41892],[-117.24619,32.41968],[-117.24597,32.41968],[-117.2453,32.42024],[-117.2453,32.42081],[-117.24575,32.42118],[-117.24619,32.42118]],[[-117.2511,32.42099],[-117.2511,32.42099]],[[-117.24642,32.42099],[-117.24642,32.42099]],[[-117.24553,32.42099],[-117.24553,32.42099]],[[-117.25043,32.42081],[-117.25043,32.42081]],[[-117.25154,32.42062],[-117.25154,32.42062]],[[-117.24664,32.42062],[-117.24664,32.42062]],[[-117.25087,32.42024],[-117.25043,32.42043],[-117.2511,32.42005],[-117.25087,32.42024]],[[-117.24775,32.42043],[-117.24775,32.42043]],[[-117.24731,32.42043],[-117.24731,32.42043]],[[-117.24686,32.42043],[-117.24686,32.42043]],[[-117.26045,32.42024],[-117.26157,32.41892],[-117.26157,32.41817],[-117.26201,32.4178],[-117.26201,32.41723],[-117.26157,32.41667],[-117.26112,32.41648],[-117.2609,32.4161],[-117.2609,32.41573],[-117.25956,32.41441],[-117.25867,32.41497],[-117.25867,32.41573],[-117.25889,32.41592],[-117.25889,32.41742],[-117.25867,32.4178],[-117.25733,32.41798],[-117.25711,32.41817],[-117.25711,32.41855],[-117.25778,32.4193],[-117.25823,32.41911],[-117.25889,32.41911],[-117.25934,32.41968],[-117.25978,32.41968],[-117.26001,32.41949],[-117.26001,32.41986],[-117.26045,32.42024]],[[-117.25065,32.42024],[-117.25065,32.42024]],[[-117.24976,32.42024],[-117.24976,32.42024]],[[-117.26068,32.42005],[-117.26068,32.42005]],[[-117.26023,32.42005],[-117.26023,32.42005]],[[-117.2511,32.42005],[-117.2511,32.41986],[-117.2511,32.42005]],[[-117.24909,32.42005],[-117.24909,32.42005]],[[-117.2511,32.41986],[-117.2511,32.41986]],[[-117.2609,32.41968],[-117.2609,32.41968]],[[-117.2482,32.41968],[-117.2482,32.41968]],[[-117.26112,32.41949],[-117.26112,32.41949]],[[-117.26001,32.41949],[-117.26001,32.41949]],[[-117.25912,32.4193],[-117.25912,32.4193]],[[-117.26134,32.41911],[-117.26134,32.41911]],[[-117.25889,32.41911],[-117.25889,32.41911]],[[-117.25823,32.41911],[-117.25823,32.41911]],[[-117.25756,32.41892],[-117.25756,32.41892]],[[-117.24798,32.41892],[-117.24798,32.41892]],[[-117.25733,32.41874],[-117.25733,32.41874]],[[-117.24753,32.41874],[-117.24753,32.41874]],[[-117.26157,32.41817],[-117.26157,32.41817]],[[-117.26179,32.41798],[-117.26179,32.41798]],[[-117.24731,32.41798],[-117.24731,32.41798]],[[-117.28652,32.41762],[-117.28763,32.41737],[-117.28875,32.41664],[-117.28964,32.4155],[-117.29015,32.41403],[-117.29013,32.41291],[-117.28965,32.41178],[-117.28875,32.41097],[-117.28763,32.41059],[-117.2863,32.41069],[-117.28485,32.4114],[-117.28374,32.41253],[-117.28311,32.41403],[-117.28325,32.41535],[-117.28397,32.41648],[-117.28518,32.41735],[-117.28652,32.41762]],[[-117.24709,32.41761],[-117.24709,32.41761]],[[-117.24664,32.41742],[-117.24664,32.41742]],[[-117.24619,32.41723],[-117.24619,32.41723]],[[-117.24597,32.41686],[-117.24597,32.41686]],[[-117.24575,32.41648],[-117.24575,32.41648]],[[-117.24553,32.41629],[-117.24553,32.41629]],[[-117.25889,32.41592],[-117.25889,32.41592]],[[-117.2453,32.41592],[-117.2453,32.41592]],[[-117.24508,32.41554],[-117.24508,32.41554]],[[-117.24486,32.41535],[-117.24486,32.41535]],[[-117.24464,32.41516],[-117.24464,32.41516]],[[-117.24397,32.41497],[-117.24397,32.41497]],[[-117.24352,32.41479],[-117.24352,32.41479]],[[-117.2433,32.4146],[-117.2433,32.4146]],[[-117.24308,32.41441],[-117.24308,32.41441]],[[-117.24285,32.41422],[-117.24285,32.41422]],[[-117.24976,32.41366],[-117.24976,32.41366]],[[-117.24263,32.41272],[-117.24263,32.41272]],[[-117.24241,32.41215],[-117.24241,32.41215]],[[-117.24218,32.41178],[-117.24218,32.41178]],[[-117.24196,32.41103],[-117.24196,32.41103]],[[-117.24174,32.41027],[-117.24174,32.41027]],[[-117.24887,32.4099],[-117.24887,32.4099]],[[-117.24575,32.40802],[-117.24575,32.40802]],[[-117.24686,32.40745],[-117.24753,32.40708],[-117.24753,32.4067],[-117.24731,32.40651],[-117.24731,32.40576],[-117.24709,32.40557],[-117.24664,32.40557],[-117.24642,32.40576],[-117.24642,32.40651],[-117.24664,32.4067],[-117.24664,32.40726],[-117.24686,32.40745]],[[-117.24709,32.40726],[-117.24709,32.40726]],[[-117.24664,32.4067],[-117.24664,32.4067]],[[-117.24753,32.40538],[-117.24842,32.40463],[-117.24842,32.4035],[-117.24753,32.40237],[-117.24753,32.402],[-117.24731,32.40181],[-117.24731,32.4003],[-117.24686,32.39974],[-117.24664,32.39993],[-117.24664,32.40049],[-117.24642,32.40068],[-117.24664,32.40087],[-117.24664,32.40125],[-117.24642,32.40162],[-117.24664,32.40181],[-117.24664,32.40219],[-117.24642,32.40237],[-117.24664,32.40275],[-117.24753,32.40331],[-117.24753,32.40369],[-117.24731,32.40407],[-117.24753,32.40425],[-117.24753,32.40482],[-117.24709,32.40519],[-117.24753,32.40538]],[[-117.24152,32.40538],[-117.24152,32.40538]],[[-117.24775,32.40519],[-117.24775,32.40519]],[[-117.24798,32.40501],[-117.24798,32.40501]],[[-117.24575,32.40501],[-117.24575,32.40501]],[[-117.24486,32.40501],[-117.24486,32.40501]],[[-117.24129,32.40501],[-117.24129,32.40501]],[[-117.2482,32.40482],[-117.2482,32.40482]],[[-117.24664,32.40482],[-117.24664,32.40482]],[[-117.24553,32.40482],[-117.24553,32.40482]],[[-117.2453,32.40463],[-117.2453,32.40463]],[[-117.24508,32.40463],[-117.24508,32.40463]],[[-117.24107,32.40463],[-117.24107,32.40463]],[[-117.23795,32.40444],[-117.23862,32.40369],[-117.23862,32.4035],[-117.23907,32.40388],[-117.23951,32.40388],[-117.23973,32.40369],[-117.23973,32.40313],[-117.23929,32.40275],[-117.23907,32.40275],[-117.23907,32.40237],[-117.23884,32.40219],[-117.23884,32.40181],[-117.23907,32.40162],[-117.23884,32.40125],[-117.2384,32.40143],[-117.2384,32.40275],[-117.23884,32.40313],[-117.23862,32.4035],[-117.2384,32.40313],[-117.23773,32.40294],[-117.23706,32.4035],[-117.23706,32.40425],[-117.23728,32.40444],[-117.23795,32.40444]],[[-117.24753,32.40425],[-117.24753,32.40425]],[[-117.23817,32.40407],[-117.23817,32.40407]],[[-117.24664,32.40388],[-117.24664,32.40388]],[[-117.24085,32.40388],[-117.24085,32.40388]],[[-117.2384,32.40388],[-117.2384,32.40388]],[[-117.23884,32.40369],[-117.23884,32.40369]],[[-117.24753,32.40331],[-117.24753,32.40331]],[[-117.24508,32.40331],[-117.24508,32.40331]],[[-117.24063,32.40331],[-117.24063,32.40331]],[[-117.24731,32.40313],[-117.24731,32.40313]],[[-117.23884,32.40313],[-117.23884,32.40313]],[[-117.24686,32.40294],[-117.24686,32.40294]],[[-117.2453,32.40294],[-117.2453,32.40294]],[[-117.2404,32.40294],[-117.2404,32.40294]],[[-117.23862,32.40294],[-117.23862,32.40294]],[[-117.24553,32.40275],[-117.24553,32.40275]],[[-117.24018,32.40275],[-117.24018,32.40275]],[[-117.24664,32.40256],[-117.24664,32.40256]],[[-117.23996,32.40256],[-117.23996,32.40256]],[[-117.24664,32.40181],[-117.24664,32.40181]],[[-117.23884,32.40181],[-117.23884,32.40181]],[[-117.24664,32.40087],[-117.24664,32.40087]],[[-117.24575,32.40049],[-117.24575,32.40049]],[[-117.23862,32.40049],[-117.23907,32.39993],[-117.23884,32.39974],[-117.2384,32.39993],[-117.2384,32.4003],[-117.23862,32.40049]],[[-117.23884,32.40012],[-117.23884,32.40012]],[[-117.23973,32.39993],[-117.23973,32.39993]],[[-117.24575,32.39955],[-117.24575,32.39955]],[[-117.23951,32.39955],[-117.23951,32.39955]],[[-117.23929,32.39918],[-117.23929,32.39918]],[[-117.24575,32.39899],[-117.24575,32.39899]],[[-117.23907,32.39842],[-117.23907,32.39842]],[[-117.23795,32.39692],[-117.23817,32.39673],[-117.23817,32.39598],[-117.2384,32.39579],[-117.23817,32.39541],[-117.23817,32.39504],[-117.23795,32.39485],[-117.23706,32.39485],[-117.23661,32.39523],[-117.23661,32.39635],[-117.23795,32.39692]],[[-117.23751,32.39673],[-117.23751,32.39673]],[[-117.24642,32.39654],[-117.24642,32.39654]],[[-117.24553,32.39654],[-117.24553,32.39654]],[[-117.23706,32.39654],[-117.23706,32.39654]],[[-117.2453,32.39635],[-117.2453,32.39635]],[[-117.24508,32.39617],[-117.24508,32.39617]],[[-117.24486,32.39598],[-117.24486,32.39579],[-117.24486,32.39598]],[[-117.23817,32.39598],[-117.23817,32.39598]],[[-117.24486,32.39579],[-117.24486,32.3956],[-117.24486,32.39579]],[[-117.24486,32.3956],[-117.24486,32.3956]],[[-117.23884,32.39466],[-117.23884,32.39466]],[[-117.23862,32.3941],[-117.23862,32.3941]],[[-117.29833,32.3896],[-117.29944,32.38925],[-117.30016,32.38864],[-117.30052,32.3877],[-117.30037,32.38676],[-117.29988,32.38601],[-117.29877,32.38527],[-117.29766,32.38507],[-117.29654,32.38528],[-117.29565,32.38586],[-117.29524,32.38639],[-117.29498,32.38714],[-117.29507,32.38789],[-117.29553,32.38864],[-117.29632,32.38924],[-117.29721,32.38955],[-117.29833,32.3896]]]},"properties":{"depth_m":325}},{"type":"Feature","geometry":{"type":"MultiLineString","coordinates":[[[-117.29944,32.44638],[-117.30078,32.44488],[-117.30078,32.44243],[-117.30033,32.44225],[-117.30011,32.44187],[-117.30011,32.44131],[-117.30056,32.44093],[-117.30033,32.44074],[-117.30033,32.43999],[-117.29989,32.43943],[-117.29944,32.43961],[-117.29877,32.43886],[-117.29877,32.43867],[-117.29833,32.43848],[-117.29855,32.4383],[-117.29833,32.43811],[-117.29833,32.4366],[-117.29788,32.43642],[-117.29788,32.43604],[-117.29744,32.43585],[-117.29744,32.43491],[-117.29721,32.43472],[-117.29654,32.43472],[-117.2961,32.43454],[-117.2961,32.43435],[-117.29543,32.43378],[-117.29499,32.43378],[-117.29476,32.43359],[-117.29454,32.43378],[-117.29432,32.43359],[-117.29365,32.43378],[-117.2932,32.43454],[-117.2932,32.43491],[-117.29409,32.43585],[-117.29409,32.43623],[-117.29387,32.43642],[-117.29387,32.43811],[-117.29499,32.43999],[-117.29499,32.44055],[-117.29521,32.44093],[-117.2961,32.44168],[-117.2961,32.44337],[-117.29744,32.44469],[-117.29766,32.44526],[-117.29833,32.44582],[-117.29922,32.44582],[-117.29922,32.4462],[-117.29944,32.44638]],[[-117.29588,32.44638],[-117.29632,32.44601],[-117.29632,32.44563],[-117.29588,32.44507],[-117.29565,32.44507],[-117.29521,32.44544],[-117.29521,32.44601],[-117.29565,32.44638],[-117.29588,32.44638]],[[-117.2961,32.4462],[-117.2961,32.4462]],[[-117.29543,32.4462],[-117.29543,32.4462]],[[-117.29966,32.44601],[-117.29966,32.44601]],[[-117.29989,32.44582],[-117.29989,32.44582]],[[-117.29922,32.44582],[-117.29922,32.44582]],[[-117.30011,32.44563],[-117.30011,32.44563]],[[-117.2981,32.44563],[-117.2981,32.44563]],[[-117.30033,32.44544],[-117.30033,32.44544]],[[-117.29788,32.44544],[-117.29788,32.44544]],[[-117.30056,32.44507],[-117.30056,32.44507]],[[-117.29766,32.44507],[-117.29766,32.44507]],[[-117.29744,32.44469],[-117.29744,32.44469]],[[-117.29721,32.4445],[-117.29721,32.4445]],[[-117.29699,32.44432],[-117.29699,32.44432]],[[-117.29677,32.44394],[-117.29677,32.44394]],[[-117.29654,32.44375],[-117.29654,32.44375]],[[-117.29632,32.44356],[-117.29632,32.44356]],[[-117.27984,32.4434],[-117.28068,32.44262],[-117.28075,32.44206],[-117.28059,32.44168],[-117.28006,32.44115],[-117.27961,32.44095],[-117.27894,32.4409],[-117.27836,32.44112],[-117.2778,32.44187],[-117.27782,32.44243],[-117.278,32.44281],[-117.2785,32.4433],[-117.27894,32.44349],[-117.27984,32.4434]],[[-117.2961,32.44168],[-117.2961,32.44168]],[[-117.29588,32.44149],[-117.29588,32.44149]],[[-117.30011,32.44131],[-117.30011,32.44131]],[[-117.29565,32.44131],[-117.29565,32.44131]],[[-117.30033,32.44112],[-117.30033,32.44112]],[[-117.29543,32.44112],[-117.29543,32.44112]],[[-117.29521,32.44074],[-117.29521,32.44074]],[[-117.26141,32.36795],[-117.26268,32.369],[-117.26338,32.36984],[-117.26397,32.37096],[-117.26432,32.37228],[-117.26457,32.3751],[-117.26444,32.383],[-117.26466,32.38639],[-117.26731,32.39974],[-117.26838,32.40407],[-117.26927,32.4067],[-117.27039,32.40896],[-117.27435,32.41422],[-117.27517,32.41554],[-117.2757,32.41704],[-117.27627,32.42024],[-117.27696,32.42175],[-117.27805,32.42281],[-117.27961,32.42347],[-117.2814,32.4237],[-117.28585,32.42351],[-117.28808,32.42373],[-117.29231,32.42495],[-117.29432,32.42576],[-117.29565,32.42649],[-117.29678,32.42739],[-117.2978,32.4287],[-117.30033,32.43435],[-117.30211,32.43764],[-117.30323,32.43898],[-117.30434,32.43974],[-117.30568,32.44007],[-117.30702,32.43991],[-117.30858,32.43923],[-117.31036,32.43803]],[[-117.29499,32.43999],[-117.29499,32.43999]],[[-117.29476,32.43961],[-117.29476,32.43961]],[[-117.29454,32.43924],[-117.29454,32.43924]],[[-117.29432,32.43886],[-117.29432,32.43886]],[[-117.29833,32.43848],[-117.29833,32.43848]],[[-117.29409,32.4383],[-117.29409,32.4383]],[[-117.29409,32.43585],[-117.29409,32.43585]],[[-117.29387,32.43566],[-117.29387,32.43566]],[[-117.29365,32.43548],[-117.29365,32.43548]],[[-117.29343,32.4351],[-117.29343,32.4351]],[[-117.26335,32.42607],[-117.2638,32.42551],[-117.26357,32.42513],[-117.26402,32.42438],[-117.2629,32.42306],[-117.26246,32.42344],[-117.26268,32.42363],[-117.26246,32.42381],[-117.26268,32.42419],[-117.26246,32.42438],[-117.26246,32.42494],[-117.2629,32.4257],[-117.26335,32.42607]],[[-117.26313,32.42588],[-117.26313,32.42588]],[[-117.26357,32.4257],[-117.26357,32.4257]],[[-117.2629,32.42551],[-117.2629,32.42551]],[[-117.26357,32.42513],[-117.26357,32.42513]],[[-117.26268,32.42513],[-117.26268,32.42513]],[[-117.2638,32.42475],[-117.2638,32.42475]],[[-117.26268,32.424],[-117.26268,32.424]],[[-117.26268,32.42363],[-117.26268,32.42363]],[[-117.25087,32.42118],[-117.25154,32.42081],[-117.25176,32.42043],[-117.25176,32.42005],[-117.25154,32.41986],[-117.25154,32.41911],[-117.25132,32.41892],[-117.25132,32.41855],[-117.24998,32.41742],[-117.24998,32.41479],[-117.24976,32.41441],[-117.24998,32.41272],[-117.24954,32.41197],[-117.24954,32.41121],[-117.24931,32.41103],[-117.24931,32.41046],[-117.24887,32.4099],[-117.24909,32.40971],[-117.24909,32.40933],[-117.24865,32.40896],[-117.2482,32.40896],[-117.2482,32.40877],[-117.24731,32.40802],[-117.24664,32.40802],[-117.24642,32.40839],[-117.24597,32.40839],[-117.24575,32.4082],[-117.24597,32.40783],[-117.24575,32.40764],[-117.24575,32.40595],[-117.24486,32.40538],[-117.24486,32.40501],[-117.24508,32.40463],[-117.2453,32.40463],[-117.24597,32.40519],[-117.24642,32.40519],[-117.24686,32.40463],[-117.24686,32.40425],[-117.24664,32.40388],[-117.24686,32.40369],[-117.24686,32.40331],[-117.24642,32.40294],[-117.24597,32.40294],[-117.24508,32.40331],[-117.24575,32.40256],[-117.24575,32.40049],[-117.24597,32.4003],[-117.24575,32.40012],[-117.24575,32.39955],[-117.24597,32.39936],[-117.24575,32.39899],[-117.24597,32.3988],[-117.24597,32.39842],[-117.2453,32.39767],[-117.2453,32.3973],[-117.24486,32.39673],[-117.24486,32.39598],[-117.24575,32.39673],[-117.24619,32.39673],[-117.24664,32.39635],[-117.24664,32.3956],[-117.24597,32.39485],[-117.2453,32.39485],[-117.24508,32.39466],[-117.24441,32.39485],[-117.24419,32.39447],[-117.24419,32.39391],[-117.24374,32.39372],[-117.2433,32.39316],[-117.2433,32.39241],[-117.24241,32.39146],[-117.24241,32.39071],[-117.24218,32.39052],[-117.24174,32.39052],[-117.24152,32.39034],[-117.23996,32.39034],[-117.23973,32.39015],[-117.23884,32.39109],[-117.23884,32.39146],[-117.23862,32.39165],[-117.23862,32.39353],[-117.2384,32.39391],[-117.23884,32.39466],[-117.23884,32.39824],[-117.23907,32.39842],[-117.23907,32.39899],[-117.23973,32.39993],[-117.23973,32.40237],[-117.24063,32.40331],[-117.24063,32.40369],[-117.24085,32.40388],[-117.24085,32.40444],[-117.24152,32.40538],[-117.24152,32.41008],[-117.24174,32.41027],[-117.24196,32.41159],[-117.24263,32.41272],[-117.24263,32.41403],[-117.24374,32.41497],[-117.24464,32.41516],[-117.24508,32.41554],[-117.24597,32.41704],[-117.24642,32.41742],[-117.24709,32.41761],[-117.24731,32.41798],[-117.24731,32.41855],[-117.24775,32.41892],[-117.24798,32.41892],[-117.24798,32.41949],[-117.2482,32.41986],[-117.24842,32.42005],[-117.24909,32.42005],[-117.24931,32.42024],[-117.25043,32.42043],[-117.2502,32.42062],[-117.25043,32.42099],[-117.25087,32.42118]],[[-117.24619,32.42118],[-117.24686,32.42043],[-117.24731,32.42043],[-117.24753,32.42062],[-117.24798,32.42024],[-117.24731,32.41986],[-117.24731,32.41911],[-117.24709,32.41892],[-117.24686,32.41892],[-117.24619,32.41968],[-117.24597,32.41968],[-117.2453,32.42024],[-117.2453,32.42081],[-117.24575,32.42118],[-117.24619,32.42118]],[[-117.2511,32.42099],[-117.2511,32.42099]],[[-117.24642,32.42099],[-117.24642,32.42099]],[[-117.24553,32.42099],[-117.24553,32.42099]],[[-117.25043,32.42081],[-117.25043,32.42081]],[[-117.25154,32.42062],[-117.25154,32.42062]],[[-117.24664,32.42062],[-117.24664,32.42062]],[[-117.25087,32.42024],[-117.25043,32.42043],[-117.2511,32.42005],[-117.25087,32.42024]],[[-117.24775,32.42043],[-117.24775,32.42043]],[[-117.24731,32.42043],[-117.24731,32.42043]],[[-117.24686,32.42043],[-117.24686,32.42043]],[[-117.26045,32.42024],[-117.26157,32.41892],[-117.26157,32.41817],[-117.26201,32.4178],[-117.26201,32.41723],[-117.26157,32.41667],[-117.26112,32.41648],[-117.2609,32.4161],[-117.2609,32.41573],[-117.25956,32.41441],[-117.25867,32.41497],[-117.25867,32.41573],[-117.25889,32.41592],[-117.25889,32.41742],[-117.25867,32.4178],[-117.25733,32.41798],[-117.25711,32.41817],[-117.25711,32.41855],[-117.25778,32.4193],[-117.25823,32.41911],[-117.25889,32.41911],[-117.25934,32.41968],[-117.25978,32.41968],[-117.26001,32.41949],[-117.26001,32.41986],[-117.26045,32.42024]],[[-117.25065,32.42024],[-117.25065,32.42024]],[[-117.24976,32.42024],[-117.24976,32.42024]],[[-117.26068,32.42005],[-117.26068,32.42005]],[[-117.26023,32.42005],[-117.26023,32.42005]],[[-117.2511,32.42005],[-117.2511,32.41986],[-117.2511,32.42005]],[[-117.24909,32.42005],[-117.24909,32.42005]],[[-117.2511,32.41986],[-117.2511,32.41986]],[[-117.2609,32.41968],[-117.2609,32.41968]],[[-117.2482,32.41968],[-117.2482,32.41968]],[[-117.26112,32.41949],[-117.26112,32.41949]],[[-117.26001,32.41949],[-117.26001,32.41949]],[[-117.25912,32.4193],[-117.25912,32.4193]],[[-117.26134,32.41911],[-117.26134,32.41911]],[[-117.25889,32.41911],[-117.25889,32.41911]],[[-117.25823,32.41911],[-117.25823,32.41911]],[[-117.25756,32.41892],[-117.25756,32.41892]],[[-117.24798,32.41892],[-117.24798,32.41892]],[[-117.25733,32.41874],[-117.25733,32.41874]],[[-117.24753,32.41874],[-117.24753,32.41874]],[[-117.28697,32.41839],[-117.2883,32.41778],[-117.28942,32.4167],[-117.29021,32.41535],[-117.29058,32.41385],[-117.29043,32.41253],[-117.28979,32.4114],[-117.28875,32.41061],[-117.28741,32.41028],[-117.28563,32.41061],[-117.28405,32.41159],[-117.28281,32.41309],[-117.28237,32.4146],[-117.28246,32.41535],[-117.28277,32.4161],[-117.28407,32.4176],[-117.28541,32.41834],[-117.28607,32.41846],[-117.28697,32.41839]],[[-117.26157,32.41817],[-117.26157,32.41817]],[[-117.26179,32.41798],[-117.26179,32.41798]],[[-117.24731,32.41798],[-117.24731,32.41798]],[[-117.24709,32.41761],[-117.24709,32.41761]],[[-117.24664,32.41742],[-117.24664,32.41742]],[[-117.24619,32.41723],[-117.24619,32.41723]],[[-117.24597,32.41686],[-117.24597,32.41686]],[[-117.24575,32.41648],[-117.24575,32.41648]],[[-117.24553,32.41629],[-117.24553,32.41629]],[[-117.25889,32.41592],[-117.25889,32.41592]],[[-117.2453,32.41592],[-117.2453,32.41592]],[[-117.24508,32.41554],[-117.24508,32.41554]],[[-117.24486,32.41535],[-117.24486,32.41535]],[[-117.24464,32.41516],[-117.24464,32.41516]],[[-117.24397,32.41497],[-117.24397,32.41497]],[[-117.24352,32.41479],[-117.24352,32.41479]],[[-117.2433,32.4146],[-117.2433,32.4146]],[[-117.24308,32.41441],[-117.24308,32.41441]],[[-117.24285,32.41422],[-117.24285,32.41422]],[[-117.24976,32.41366],[-117.24976,32.41366]],[[-117.24263,32.41272],[-117.24263,32.41272]],[[-117.24241,32.41215],[-117.24241,32.41215]],[[-117.24218,32.41178],[-117.24218,32.41178]],[[-117.24196,32.41103],[-117.24196,32.41103]],[[-117.24174,32.41027],[-117.24174,32.41027]],[[-117.24887,32.4099],[-117.24887,32.4099]],[[-117.24575,32.40802],[-117.24575,32.40802]],[[-117.24686,32.40745],[-117.24753,32.40708],[-117.24753,32.4067],[-117.24731,32.40651],[-117.24731,32.40576],[-117.24709,32.40557],[-117.24664,32.40557],[-117.24642,32.40576],[-117.24642,32.40651],[-117.24664,32.4067],[-117.24664,32.40726],[-117.24686,32.40745]],[[-117.24709,32.40726],[-117.24709,32.40726]],[[-117.24664,32.4067],[-117.24664,32.4067]],[[-117.24753,32.40538],[-117.24842,32.40463],[-117.24842,32.4035],[-117.24753,32.40237],[-117.24753,32.402],[-117.24731,32.40181],[-117.24731,32.4003],[-117.24686,32.39974],[-117.24664,32.39993],[-117.24664,32.40049],[-117.24642,32.40068],[-117.24664,32.40087],[-117.24664,32.40143],[-117.24642,32.40162],[-117.24664,32.402],[-117.24642,32.40237],[-117.24664,32.40275],[-117.24753,32.40331],[-117.24753,32.40369],[-117.24731,32.40407],[-117.24753,32.40425],[-117.24753,32.40482],[-117.24709,32.40519],[-117.24753,32.40538]],[[-117.24152,32.40538],[-117.24152,32.40538]],[[-117.24775,32.40519],[-117.24775,32.40519]],[[-117.24798,32.40501],[-117.24798,32.40501]],[[-117.24575,32.40501],[-117.24575,32.40501]],[[-117.24486,32.40501],[-117.24486,32.40501]],[[-117.24129,32.40501],[-117.24129,32.40501]],[[-117.2482,32.40482],[-117.2482,32.40482]],[[-117.24664,32.40482],[-117.24664,32.40482]],[[-117.24553,32.40482],[-117.24553,32.40482]],[[-117.2453,32.40463],[-117.2453,32.40463]],[[-117.24508,32.40463],[-117.24508,32.40463]],[[-117.24107,32.40463],[-117.24107,32.40463]],[[-117.23795,32.40444],[-117.23862,32.40369],[-117.23862,32.4035],[-117.23907,32.40388],[-117.23951,32.40388],[-117.23973,32.40369],[-117.23973,32.40313],[-117.23929,32.40275],[-117.23907,32.40275],[-117.23907,32.40237],[-117.23884,32.40219],[-117.23884,32.40181],[-117.23907,32.40162],[-117.23884,32.40125],[-117.2384,32.40143],[-117.2384,32.40275],[-117.23884,32.40313],[-117.23862,32.4035],[-117.2384,32.40313],[-117.23773,32.40294],[-117.23706,32.4035],[-117.23706,32.40425],[-117.23728,32.40444],[-117.23795,32.40444]],[[-117.24753,32.40425],[-117.24753,32.40425]],[[-117.23817,32.40407],[-117.23817,32.40407]],[[-117.24664,32.40388],[-117.24664,32.40388]],[[-117.24085,32.40388],[-117.24085,32.40388]],[[-117.2384,32.40388],[-117.2384,32.40388]],[[-117.23884,32.40369],[-117.23884,32.40369]],[[-117.24753,32.40331],[-117.24753,32.40331]],[[-117.24508,32.40331],[-117.24508,32.40331]],[[-117.24063,32.40331],[-117.24063,32.40331]],[[-117.24731,32.40313],[-117.24731,32.40313]],[[-117.23884,32.40313],[-117.23884,32.40313]],[[-117.24686,32.40294],[-117.24686,32.40294]],[[-117.2453,32.40294],[-117.2453,32.40294]],[[-117.2404,32.40294],[-117.2404,32.40294]],[[-117.23862,32.40294],[-117.23862,32.40294]],[[-117.24553,32.40275],[-117.24553,32.40275]],[[-117.24018,32.40275],[-117.24018,32.40275]],[[-117.24664,32.40256],[-117.24664,32.40256]],[[-117.23996,32.40256],[-117.23996,32.40256]],[[-117.24664,32.40181],[-117.24664,32.40181]],[[-117.23884,32.40181],[-117.23884,32.40181]],[[-117.24664,32.40087],[-117.24664,32.40087]],[[-117.24575,32.40049],[-117.24575,32.40049]],[[-117.23862,32.40049],[-117.23907,32.39993],[-117.23884,32.39974],[-117.2384,32.39993],[-117.2384,32.4003],[-117.23862,32.40049]],[[-117.23884,32.40012],[-117.23884,32.40012]],[[-117.23973,32.39993],[-117.23973,32.39993]],[[-117.24575,32.39955],[-117.24575,32.39955]],[[-117.23951,32.39955],[-117.23951,32.39955]],[[-117.23929,32.39918],[-117.23929,32.39918]],[[-117.24575,32.39899],[-117.24575,32.39899]],[[-117.23907,32.39842],[-117.23907,32.39842]],[[-117.23795,32.39692],[-117.23817,32.39673],[-117.23817,32.39598],[-117.2384,32.39579],[-117.23817,32.39541],[-117.23817,32.39504],[-117.23795,32.39485],[-117.23706,32.39485],[-117.23661,32.39523],[-117.23661,32.39635],[-117.23795,32.39692]],[[-117.23751,32.39673],[-117.23751,32.39673]],[[-117.24642,32.39654],[-117.24642,32.39654]],[[-117.24553,32.39654],[-117.24553,32.39654]],[[-117.23706,32.39654],[-117.23706,32.39654]],[[-117.2453,32.39635],[-117.2453,32.39635]],[[-117.24508,32.39617],[-117.24508,32.39617]],[[-117.24486,32.39598],[-117.24486,32.39579],[-117.24486,32.39598]],[[-117.23817,32.39598],[-117.23817,32.39598]],[[-117.24486,32.39579],[-117.24486,32.3956],[-117.24486,32.39579]],[[-117.24486,32.3956],[-117.24486,32.3956]],[[-117.23884,32.39466],[-117.23884,32.39466]],[[-117.23862,32.3941],[-117.23862,32.3941]],[[-117.29922,32.39035],[-117.30056,32.38993],[-117.30166,32.38902],[-117.30204,32.38789],[-117.30199,32.38714],[-117.30172,32.38639],[-117.3012,32.38563],[-117.30056,32.38507],[-117.29922,32.38441],[-117.29766,32.38425],[-117.29632,32.38464],[-117.29527,32.38545],[-117.29468,32.38639],[-117.2945,32.38752],[-117.29478,32.38846],[-117.29543,32.38931],[-117.29654,32.39003],[-117.29788,32.39037],[-117.29922,32.39035]]]},"properties":{"depth_m":350}},{"type":"Feature","geometry":{"type":"MultiLineString","coordinates":[[[-117.29944,32.44638],[-117.30078,32.44488],[-117.30078,32.44243],[-117.30033,32.44225],[-117.30011,32.44187],[-117.30011,32.44131],[-117.30056,32.44093],[-117.30033,32.44074],[-117.30033,32.43999],[-117.29989,32.43943],[-117.29944,32.43961],[-117.29877,32.43886],[-117.29877,32.43867],[-117.29833,32.43848],[-117.29855,32.4383],[-117.29833,32.43811],[-117.29833,32.4366],[-117.29788,32.43642],[-117.29788,32.43604],[-117.29744,32.43585],[-117.29744,32.43491],[-117.29721,32.43472],[-117.29654,32.43472],[-117.2961,32.43454],[-117.2961,32.43435],[-117.29543,32.43378],[-117.29499,32.43378],[-117.29476,32.43359],[-117.29454,32.43378],[-117.29409,32.43359],[-117.29365,32.43378],[-117.2932,32.43454],[-117.2932,32.43491],[-117.29409,32.43585],[-117.29409,32.43623],[-117.29387,32.43642],[-117.29387,32.43811],[-117.29499,32.43999],[-117.29499,32.44055],[-117.29521,32.44093],[-117.2961,32.44168],[-117.2961,32.44337],[-117.29744,32.44469],[-117.29766,32.44526],[-117.29833,32.44582],[-117.29922,32.44582],[-117.29922,32.4462],[-117.29944,32.44638]],[[-117.29588,32.44638],[-117.29632,32.44601],[-117.29632,32.44563],[-117.29588,32.44507],[-117.29565,32.44507],[-117.29521,32.44544],[-117.29521,32.44601],[-117.29565,32.44638],[-117.29588,32.44638]],[[-117.2961,32.4462],[-117.2961,32.4462]],[[-117.29543,32.4462],[-117.29543,32.4462]],[[-117.29966,32.44601],[-117.29966,32.44601]],[[-117.29989,32.44582],[-117.29989,32.44582]],[[-117.29922,32.44582],[-117.29922,32.44582]],[[-117.30011,32.44563],[-117.30011,32.44563]],[[-117.2981,32.44563],[-117.2981,32.44563]],[[-117.30033,32.44544],[-117.30033,32.44544]],[[-117.29788,32.44544],[-117.29788,32.44544]],[[-117.30056,32.44507],[-117.30056,32.44507]],[[-117.29766,32.44507],[-117.29766,32.44507]],[[-117.29744,32.44469],[-117.29744,32.44469]],[[-117.29721,32.4445],[-117.29721,32.4445]],[[-117.29699,32.44432],[-117.29699,32.44432]],[[-117.29677,32.44394],[-117.29677,32.44394]],[[-117.29654,32.44375],[-117.29654,32.44375]],[[-117.29632,32.44356],[-117.29632,32.44356]],[[-117.2961,32.44168],[-117.2961,32.44168]],[[-117.29588,32.44149],[-117.29588,32.44149]],[[-117.30011,32.44131],[-117.30011,32.44131]],[[-117.29565,32.44131],[-117.29565,32.44131]],[[-117.30033,32.44112],[-117.30033,32.44112]],[[-117.29543,32.44112],[-117.29543,32.44112]],[[-117.29521,32.44074],[-117.29521,32.44074]],[[-117.29499,32.43999],[-117.29499,32.43999]],[[-117.26233,32.36795],[-117.2633,32.3689],[-117.26402,32.3699],[-117.26451,32.37096],[-117.2649,32.37247],[-117.26513,32.3751],[-117.26508,32.38263],[-117.2653,32.3862],[-117.26768,32.39936],[-117.26865,32.4035],[-117.26966,32.40651],[-117.27081,32.40877],[-117.27226,32.41079],[-117.2752,32.41422],[-117.27606,32.41554],[-117.27647,32.41686],[-117.27679,32.42005],[-117.27739,32.42146],[-117.27851,32.4225],[-117.28028,32.42303],[-117.28229,32.42297],[-117.28541,32.42233],[-117.28719,32.42251],[-117.29209,32.42442],[-117.29565,32.42616],[-117.29699,32.42725],[-117.29796,32.42852],[-117.30056,32.43414],[-117.30226,32.43717],[-117.30323,32.43834],[-117.30434,32.43911],[-117.30568,32.43944],[-117.30702,32.43928],[-117.30835,32.43873],[-117.31036,32.43744]],[[-117.29476,32.43961],[-117.29476,32.43961]],[[-117.29454,32.43924],[-117.29454,32.43924]],[[-117.30768,32.43905],[-117.30768,32.43905]],[[-117.29432,32.43886],[-117.29432,32.43886]],[[-117.29833,32.43848],[-117.29833,32.43848]],[[-117.29409,32.4383],[-117.29409,32.4383]],[[-117.29409,32.43585],[-117.29409,32.43585]],[[-117.29387,32.43566],[-117.29387,32.43566]],[[-117.29365,32.43548],[-117.29365,32.43548]],[[-117.29343,32.4351],[-117.29343,32.4351]],[[-117.26335,32.42607],[-117.2638,32.42551],[-117.26357,32.42513],[-117.26402,32.42438],[-117.2629,32.42306],[-117.26246,32.42344],[-117.26268,32.42363],[-117.26246,32.42381],[-117.26268,32.42419],[-117.26246,32.42438],[-117.26246,32.42494],[-117.2629,32.4257],[-117.26335,32.42607]],[[-117.26313,32.42588],[-117.26313,32.42588]],[[-117.26357,32.4257],[-117.26357,32.4257]],[[-117.2629,32.42551],[-117.2629,32.42551]],[[-117.26357,32.42513],[-117.26357,32.42513]],[[-117.26268,32.42513],[-117.26268,32.42513]],[[-117.2638,32.42475],[-117.2638,32.42475]],[[-117.26268,32.424],[-117.26268,32.424]],[[-117.26268,32.42363],[-117.26268,32.42363]],[[-117.25087,32.42118],[-117.25154,32.42081],[-117.25176,32.42043],[-117.25176,32.42005],[-117.25154,32.41986],[-117.25154,32.41911],[-117.25132,32.41892],[-117.25132,32.41855],[-117.24998,32.41742],[-117.24998,32.41479],[-117.24976,32.41441],[-117.24998,32.41272],[-117.24954,32.41197],[-117.24954,32.41121],[-117.24931,32.41103],[-117.24931,32.41046],[-117.24887,32.4099],[-117.24909,32.40971],[-117.24909,32.40933],[-117.24865,32.40896],[-117.2482,32.40896],[-117.2482,32.40877],[-117.24731,32.40802],[-117.24664,32.40802],[-117.24642,32.40839],[-117.24597,32.40839],[-117.24575,32.4082],[-117.24597,32.40783],[-117.24575,32.40764],[-117.24575,32.40595],[-117.24486,32.40538],[-117.24486,32.40501],[-117.24508,32.40463],[-117.2453,32.40463],[-117.24597,32.40519],[-117.24642,32.40519],[-117.24686,32.40463],[-117.24686,32.40425],[-117.24664,32.40388],[-117.24686,32.40369],[-117.24686,32.40331],[-117.24642,32.40294],[-117.24597,32.40294],[-117.24508,32.40331],[-117.24575,32.40256],[-117.24575,32.40049],[-117.24597,32.4003],[-117.24575,32.40012],[-117.24575,32.39955],[-117.24597,32.39936],[-117.24575,32.39899],[-117.24597,32.3988],[-117.24597,32.39842],[-117.2453,32.39767],[-117.2453,32.3973],[-117.24486,32.39673],[-117.24486,32.39598],[-117.24575,32.39673],[-117.24619,32.39673],[-117.24664,32.39635],[-117.24664,32.3956],[-117.24597,32.39485],[-117.2453,32.39485],[-117.24508,32.39466],[-117.24441,32.39485],[-117.24419,32.39447],[-117.24419,32.39391],[-117.24374,32.39372],[-117.2433,32.39316],[-117.2433,32.39241],[-117.24241,32.39146],[-117.24241,32.39071],[-117.24218,32.39052],[-117.24174,32.39052],[-117.24152,32.39034],[-117.23996,32.39034],[-117.23973,32.39015],[-117.23884,32.39109],[-117.23884,32.39146],[-117.23862,32.39165],[-117.23862,32.39353],[-117.2384,32.39391],[-117.23884,32.39466],[-117.23884,32.39824],[-117.23907,32.39842],[-117.23907,32.39899],[-117.23973,32.39993],[-117.23973,32.40237],[-117.24063,32.40331],[-117.24063,32.40369],[-117.24085,32.40388],[-117.24085,32.40444],[-117.24152,32.40538],[-117.24152,32.41008],[-117.24174,32.41027],[-117.24196,32.41159],[-117.24263,32.41272],[-117.24263,32.41403],[-117.24374,32.41497],[-117.24464,32.41516],[-117.24508,32.41554],[-117.24597,32.41704],[-117.24642,32.41742],[-117.24709,32.41761],[-117.24731,32.41798],[-117.24731,32.41855],[-117.24775,32.41892],[-117.24798,32.41892],[-117.24798,32.41949],[-117.2482,32.41986],[-117.24842,32.42005],[-117.24909,32.42005],[-117.24931,32.42024],[-117.25043,32.42043],[-117.2502,32.42062],[-117.25043,32.42099],[-117.25087,32.42118]],[[-117.24619,32.42118],[-117.24686,32.42043],[-117.24731,32.42043],[-117.24753,32.42062],[-117.24798,32.42024],[-117.24731,32.41986],[-117.24731,32.41911],[-117.24709,32.41892],[-117.24686,32.41892],[-117.24642,32.4193],[-117.24642,32.41949],[-117.2453,32.42024],[-117.2453,32.42081],[-117.24575,32.42118],[-117.24619,32.42118]],[[-117.2511,32.42099],[-117.2511,32.42099]],[[-117.24642,32.42099],[-117.24642,32.42099]],[[-117.24553,32.42099],[-117.24553,32.42099]],[[-117.25043,32.42081],[-117.25043,32.42081]],[[-117.25154,32.42062],[-117.25154,32.42062]],[[-117.24664,32.42062],[-117.24664,32.42062]],[[-117.25087,32.42024],[-117.25043,32.42043],[-117.2511,32.42005],[-117.25087,32.42024]],[[-117.24775,32.42043],[-117.24775,32.42043]],[[-117.24731,32.42043],[-117.24731,32.42043]],[[-117.24686,32.42043],[-117.24686,32.42043]],[[-117.26045,32.42024],[-117.26157,32.41892],[-117.26157,32.41817],[-117.26201,32.4178],[-117.26201,32.41723],[-117.26157,32.41667],[-117.26112,32.41648],[-117.2609,32.4161],[-117.2609,32.41573],[-117.25956,32.41441],[-117.25867,32.41497],[-117.25867,32.41573],[-117.25889,32.41592],[-117.25889,32.41742],[-117.25867,32.4178],[-117.25733,32.41798],[-117.25711,32.41817],[-117.25711,32.41855],[-117.25778,32.4193],[-117.25823,32.41911],[-117.25889,32.41911],[-117.25934,32.41968],[-117.25978,32.41968],[-117.26001,32.41949],[-117.26001,32.41986],[-117.26045,32.42024]],[[-117.25065,32.42024],[-117.25065,32.42024]],[[-117.24976,32.42024],[-117.24976,32.42024]],[[-117.26068,32.42005],[-117.26068,32.42005]],[[-117.26023,32.42005],[-117.26023,32.42005]],[[-117.2511,32.42005],[-117.2511,32.41986],[-117.2511,32.42005]],[[-117.24909,32.42005],[-117.24909,32.42005]],[[-117.2511,32.41986],[-117.2511,32.41986]],[[-117.28674,32.41952],[-117.28808,32.41887],[-117.28942,32.41758],[-117.29052,32.41573],[-117.29096,32.41403],[-117.29082,32.41253],[-117.29008,32.41121],[-117.28897,32.41038],[-117.28763,32.41001],[-117.28652,32.41006],[-117.28563,32.4103],[-117.2837,32.4114],[-117.28217,32.41309],[-117.2817,32.41403],[-117.28155,32.41479],[-117.28167,32.41573],[-117.28202,32.41648],[-117.28362,32.41835],[-117.28518,32.41944],[-117.28585,32.41961],[-117.28674,32.41952]],[[-117.2609,32.41968],[-117.2609,32.41968]],[[-117.2482,32.41968],[-117.2482,32.41968]],[[-117.26112,32.41949],[-117.26112,32.41949]],[[-117.26001,32.41949],[-117.26001,32.41949]],[[-117.25912,32.4193],[-117.25912,32.4193]],[[-117.26134,32.41911],[-117.26134,32.41911]],[[-117.25889,32.41911],[-117.25889,32.41911]],[[-117.25823,32.41911],[-117.25823,32.41911]],[[-117.25756,32.41892],[-117.25756,32.41892]],[[-117.24798,32.41892],[-117.24798,32.41892]],[[-117.28407,32.41874],[-117.28407,32.41874]],[[-117.25733,32.41874],[-117.25733,32.41874]],[[-117.24753,32.41874],[-117.24753,32.41874]],[[-117.28385,32.41855],[-117.28385,32.41855]],[[-117.26157,32.41817],[-117.26157,32.41817]],[[-117.26179,32.41798],[-117.26179,32.41798]],[[-117.24731,32.41798],[-117.24731,32.41798]],[[-117.24709,32.41761],[-117.24709,32.41761]],[[-117.24664,32.41742],[-117.24664,32.41742]],[[-117.24619,32.41723],[-117.24619,32.41723]],[[-117.24597,32.41686],[-117.24597,32.41686]],[[-117.24575,32.41648],[-117.24575,32.41648]],[[-117.24553,32.41629],[-117.24553,32.41629]],[[-117.25889,32.41592],[-117.25889,32.41592]],[[-117.2453,32.41592],[-117.2453,32.41592]],[[-117.24508,32.41554],[-117.24508,32.41554]],[[-117.24486,32.41535],[-117.24486,32.41535]],[[-117.24464,32.41516],[-117.24464,32.41516]],[[-117.24397,32.41497],[-117.24397,32.41497]],[[-117.24352,32.41479],[-117.24352,32.41479]],[[-117.2433,32.4146],[-117.2433,32.4146]],[[-117.24308,32.41441],[-117.24308,32.41441]],[[-117.24285,32.41422],[-117.24285,32.41422]],[[-117.24976,32.41366],[-117.24976,32.41366]],[[-117.24263,32.41272],[-117.24263,32.41272]],[[-117.28273,32.41234],[-117.28273,32.41234]],[[-117.24241,32.41215],[-117.24241,32.41215]],[[-117.24218,32.41178],[-117.24218,32.41178]],[[-117.24196,32.41103],[-117.24196,32.41103]],[[-117.24174,32.41027],[-117.24174,32.41027]],[[-117.24887,32.4099],[-117.24887,32.4099]],[[-117.24575,32.40802],[-117.24575,32.40802]],[[-117.24686,32.40745],[-117.24753,32.40708],[-117.24753,32.4067],[-117.24731,32.40651],[-117.24731,32.40576],[-117.24709,32.40557],[-117.24664,32.40557],[-117.24642,32.40576],[-117.24642,32.40651],[-117.24664,32.4067],[-117.24664,32.40726],[-117.24686,32.40745]],[[-117.24709,32.40726],[-117.24709,32.40726]],[[-117.24664,32.4067],[-117.24664,32.4067]],[[-117.24753,32.40538],[-117.24842,32.40463],[-117.24842,32.4035],[-117.24753,32.40237],[-117.24753,32.402],[-117.24731,32.40181],[-117.24731,32.4003],[-117.24686,32.39974],[-117.24664,32.39993],[-117.24664,32.40049],[-117.24642,32.40068],[-117.24664,32.40087],[-117.24664,32.40143],[-117.24642,32.40162],[-117.24664,32.402],[-117.24642,32.40237],[-117.24664,32.40275],[-117.24753,32.40331],[-117.24753,32.40369],[-117.24731,32.40407],[-117.24753,32.40425],[-117.24753,32.40482],[-117.24709,32.40519],[-117.24753,32.40538]],[[-117.24152,32.40538],[-117.24152,32.40538]],[[-117.24775,32.40519],[-117.24775,32.40519]],[[-117.24798,32.40501],[-117.24798,32.40501]],[[-117.24575,32.40501],[-117.24575,32.40501]],[[-117.24486,32.40501],[-117.24486,32.40501]],[[-117.24129,32.40501],[-117.24129,32.40501]],[[-117.2482,32.40482],[-117.2482,32.40482]],[[-117.24664,32.40482],[-117.24664,32.40482]],[[-117.24553,32.40482],[-117.24553,32.40482]],[[-117.2453,32.40463],[-117.2453,32.40463]],[[-117.24508,32.40463],[-117.24508,32.40463]],[[-117.24107,32.40463],[-117.24107,32.40463]],[[-117.23795,32.40444],[-117.23862,32.40369],[-117.23862,32.4035],[-117.23907,32.40388],[-117.23951,32.40388],[-117.23973,32.40369],[-117.23973,32.40313],[-117.23929,32.40275],[-117.23907,32.40275],[-117.23907,32.40237],[-117.23884,32.40219],[-117.23884,32.40181],[-117.23907,32.40162],[-117.23884,32.40125],[-117.2384,32.40143],[-117.2384,32.40275],[-117.23884,32.40313],[-117.23862,32.4035],[-117.2384,32.40313],[-117.23773,32.40294],[-117.23706,32.4035],[-117.23706,32.40425],[-117.23728,32.40444],[-117.23795,32.40444]],[[-117.24753,32.40425],[-117.24753,32.40425]],[[-117.23817,32.40407],[-117.23817,32.40407]],[[-117.24664,32.40388],[-117.24664,32.40388]],[[-117.24085,32.40388],[-117.24085,32.40388]],[[-117.2384,32.40388],[-117.2384,32.40388]],[[-117.23884,32.40369],[-117.23884,32.40369]],[[-117.24753,32.40331],[-117.24753,32.40331]],[[-117.24508,32.40331],[-117.24508,32.40331]],[[-117.24063,32.40331],[-117.24063,32.40331]],[[-117.24731,32.40313],[-117.24731,32.40313]],[[-117.23884,32.40313],[-117.23884,32.40313]],[[-117.24686,32.40294],[-117.24686,32.40294]],[[-117.2453,32.40294],[-117.2453,32.40294]],[[-117.2404,32.40294],[-117.2404,32.40294]],[[-117.23862,32.40294],[-117.23862,32.40294]],[[-117.24553,32.40275],[-117.24553,32.40275]],[[-117.24018,32.40275],[-117.24018,32.40275]],[[-117.24664,32.40256],[-117.24664,32.40256]],[[-117.23996,32.40256],[-117.23996,32.40256]],[[-117.24664,32.40181],[-117.24664,32.40181]],[[-117.23884,32.40181],[-117.23884,32.40181]],[[-117.24664,32.40087],[-117.24664,32.40087]],[[-117.24575,32.40049],[-117.24575,32.40049]],[[-117.23862,32.40049],[-117.23907,32.39993],[-117.23884,32.39974],[-117.2384,32.39993],[-117.2384,32.4003],[-117.23862,32.40049]],[[-117.23884,32.40012],[-117.23884,32.40012]],[[-117.23973,32.39993],[-117.23973,32.39993]],[[-117.24575,32.39955],[-117.24575,32.39955]],[[-117.23951,32.39955],[-117.23951,32.39955]],[[-117.23929,32.39918],[-117.23929,32.39918]],[[-117.24575,32.39899],[-117.24575,32.39899]],[[-117.23907,32.39842],[-117.23907,32.39842]],[[-117.23795,32.39692],[-117.23817,32.39673],[-117.23817,32.39598],[-117.2384,32.39579],[-117.23817,32.39541],[-117.23817,32.39504],[-117.23795,32.39485],[-117.23706,32.39485],[-117.23661,32.39523],[-117.23661,32.39635],[-117.23795,32.39692]],[[-117.23751,32.39673],[-117.23751,32.39673]],[[-117.24642,32.39654],[-117.24642,32.39654]],[[-117.24553,32.39654],[-117.24553,32.39654]],[[-117.23706,32.39654],[-117.23706,32.39654]],[[-117.2453,32.39635],[-117.2453,32.39635]],[[-117.24508,32.39617],[-117.24508,32.39617]],[[-117.24486,32.39598],[-117.24486,32.39579],[-117.24486,32.39598]],[[-117.23817,32.39598],[-117.23817,32.39598]],[[-117.24486,32.39579],[-117.24486,32.3956],[-117.24486,32.39579]],[[-117.24486,32.3956],[-117.24486,32.3956]],[[-117.23884,32.39466],[-117.23884,32.39466]],[[-117.23862,32.3941],[-117.23862,32.3941]],[[-117.29966,32.3911],[-117.30198,32.39052],[-117.30296,32.38996],[-117.30358,32.3894],[-117.30394,32.38883],[-117.30407,32.38827],[-117.30375,32.38657],[-117.30332,32.38582],[-117.30255,32.38507],[-117.30056,32.3839],[-117.29855,32.38345],[-117.29677,32.38376],[-117.29529,32.38469],[-117.29443,32.38582],[-117.29405,32.38714],[-117.29428,32.38846],[-117.29503,32.38958],[-117.29632,32.39052],[-117.29788,32.39102],[-117.29966,32.3911]]]},"properties":{"depth_m":375}},{"type":"Feature","geometry":{"type":"MultiLineString","coordinates":[[[-117.29944,32.44638],[-117.30078,32.44488],[-117.30078,32.44243],[-117.30033,32.44225],[-117.30011,32.44187],[-117.30011,32.44131],[-117.30056,32.44093],[-117.30033,32.44074],[-117.30033,32.43999],[-117.29989,32.43943],[-117.29944,32.43961],[-117.29877,32.43886],[-117.29877,32.43867],[-117.29833,32.43848],[-117.29855,32.4383],[-117.29833,32.43811],[-117.29833,32.4366],[-117.29788,32.43642],[-117.29788,32.43604],[-117.29744,32.43585],[-117.29744,32.43491],[-117.29721,32.43472],[-117.29654,32.43472],[-117.2961,32.43454],[-117.2961,32.43435],[-117.29543,32.43378],[-117.29499,32.43378],[-117.29476,32.43359],[-117.29454,32.43378],[-117.29409,32.43359],[-117.29365,32.43378],[-117.2932,32.43454],[-117.2932,32.43491],[-117.29409,32.43585],[-117.29409,32.43623],[-117.29387,32.43642],[-117.29387,32.43811],[-117.29499,32.43999],[-117.29499,32.44055],[-117.29521,32.44093],[-117.2961,32.44168],[-117.2961,32.44337],[-117.29744,32.44469],[-117.29766,32.44526],[-117.29833,32.44582],[-117.29922,32.44582],[-117.29922,32.4462],[-117.29944,32.44638]],[[-117.29588,32.44638],[-117.29632,32.44601],[-117.29632,32.44563],[-117.29588,32.44507],[-117.29565,32.44507],[-117.29521,32.44544],[-117.29521,32.44601],[-117.29565,32.44638],[-117.29588,32.44638]],[[-117.2961,32.4462],[-117.2961,32.4462]],[[-117.29543,32.4462],[-117.29543,32.4462]],[[-117.29966,32.44601],[-117.29966,32.44601]],[[-117.29989,32.44582],[-117.29989,32.44582]],[[-117.29922,32.44582],[-117.29922,32.44582]],[[-117.30011,32.44563],[-117.30011,32.44563]],[[-117.2981,32.44563],[-117.2981,32.44563]],[[-117.30033,32.44544],[-117.30033,32.44544]],[[-117.29788,32.44544],[-117.29788,32.44544]],[[-117.30056,32.44507],[-117.30056,32.44507]],[[-117.29766,32.44507],[-117.29766,32.44507]],[[-117.29744,32.44469],[-117.29744,32.44469]],[[-117.29721,32.4445],[-117.29721,32.4445]],[[-117.29699,32.44432],[-117.29699,32.44432]],[[-117.29677,32.44394],[-117.29677,32.44394]],[[-117.29654,32.44375],[-117.29654,32.44375]],[[-117.29632,32.44356],[-117.29632,32.44356]],[[-117.2961,32.44168],[-117.2961,32.44168]],[[-117.29588,32.44149],[-117.29588,32.44149]],[[-117.30011,32.44131],[-117.30011,32.44131]],[[-117.29565,32.44131],[-117.29565,32.44131]],[[-117.30033,32.44112],[-117.30033,32.44112]],[[-117.29543,32.44112],[-117.29543,32.44112]],[[-117.29521,32.44074],[-117.29521,32.44074]],[[-117.29499,32.43999],[-117.29499,32.43999]],[[-117.29476,32.43961],[-117.29476,32.43961]],[[-117.29454,32.43924],[-117.29454,32.43924]],[[-117.26312,32.36795],[-117.26402,32.369],[-117.26464,32.37002],[-117.26513,32.37127],[-117.26544,32.37266],[-117.26566,32.3751],[-117.26569,32.38244],[-117.26594,32.3862],[-117.26805,32.39899],[-117.26897,32.40313],[-117.27013,32.40651],[-117.27147,32.40896],[-117.27309,32.41103],[-117.2764,32.41441],[-117.27725,32.41554],[-117.27751,32.41667],[-117.27735,32.41968],[-117.27786,32.42118],[-117.27894,32.4221],[-117.28028,32.4224],[-117.28206,32.42212],[-117.28331,32.42137],[-117.28362,32.42081],[-117.28343,32.41986],[-117.28109,32.41686],[-117.28053,32.41592],[-117.28043,32.41516],[-117.28081,32.41403],[-117.28159,32.41291],[-117.28267,32.41178],[-117.28385,32.41087],[-117.28493,32.41027],[-117.28607,32.40988],[-117.28719,32.40973],[-117.2883,32.40984],[-117.28919,32.41015],[-117.29018,32.41084],[-117.2909,32.41178],[-117.29129,32.41291],[-117.29135,32.41403],[-117.2911,32.41535],[-117.29058,32.41667],[-117.28823,32.42043],[-117.28818,32.42099],[-117.28838,32.42137],[-117.28992,32.42269],[-117.29543,32.42569],[-117.29721,32.42713],[-117.29845,32.42889],[-117.30033,32.43304],[-117.30167,32.43554],[-117.30278,32.43721],[-117.30367,32.43812],[-117.30501,32.43876],[-117.30657,32.43879],[-117.30813,32.43825],[-117.31036,32.43691]],[[-117.29432,32.43886],[-117.29432,32.43886]],[[-117.29833,32.43848],[-117.29833,32.43848]],[[-117.29409,32.4383],[-117.29409,32.4383]],[[-117.29409,32.43585],[-117.29409,32.43585]],[[-117.29387,32.43566],[-117.29387,32.43566]],[[-117.29365,32.43548],[-117.29365,32.43548]],[[-117.29343,32.4351],[-117.29343,32.4351]],[[-117.26335,32.42607],[-117.2638,32.42551],[-117.26357,32.42513],[-117.26402,32.42438],[-117.2629,32.42306],[-117.26246,32.42344],[-117.26268,32.42363],[-117.26246,32.42381],[-117.26268,32.42419],[-117.26246,32.42438],[-117.26246,32.42494],[-117.2629,32.4257],[-117.26335,32.42607]],[[-117.26313,32.42588],[-117.26313,32.42588]],[[-117.26357,32.4257],[-117.26357,32.4257]],[[-117.2629,32.42551],[-117.2629,32.42551]],[[-117.26357,32.42513],[-117.26357,32.42513]],[[-117.26268,32.42513],[-117.26268,32.42513]],[[-117.2638,32.42475],[-117.2638,32.42475]],[[-117.26268,32.424],[-117.26268,32.424]],[[-117.26268,32.42363],[-117.26268,32.42363]],[[-117.25087,32.42118],[-117.25154,32.42081],[-117.25176,32.42043],[-117.25176,32.42005],[-117.25154,32.41986],[-117.25154,32.41911],[-117.25132,32.41892],[-117.25132,32.41855],[-117.24998,32.41742],[-117.24998,32.41479],[-117.24976,32.41441],[-117.24998,32.41272],[-117.24954,32.41197],[-117.24954,32.41121],[-117.24931,32.41103],[-117.24931,32.41046],[-117.24887,32.4099],[-117.24909,32.40971],[-117.24909,32.40933],[-117.24865,32.40896],[-117.2482,32.40896],[-117.2482,32.40877],[-117.24731,32.40802],[-117.24664,32.40802],[-117.24642,32.40839],[-117.24597,32.40839],[-117.24575,32.4082],[-117.24597,32.40783],[-117.24575,32.40764],[-117.24575,32.40595],[-117.24486,32.40538],[-117.24486,32.40501],[-117.24508,32.40463],[-117.2453,32.40463],[-117.24597,32.40519],[-117.24642,32.40519],[-117.24686,32.40463],[-117.24686,32.40425],[-117.24664,32.40388],[-117.24686,32.40369],[-117.24686,32.40331],[-117.24642,32.40294],[-117.24597,32.40294],[-117.24508,32.40331],[-117.24575,32.40256],[-117.24575,32.40049],[-117.24597,32.4003],[-117.24575,32.40012],[-117.24575,32.39955],[-117.24597,32.39936],[-117.24575,32.39899],[-117.24597,32.3988],[-117.24597,32.39842],[-117.2453,32.39767],[-117.2453,32.3973],[-117.24486,32.39673],[-117.24486,32.39598],[-117.24575,32.39673],[-117.24619,32.39673],[-117.24664,32.39635],[-117.24664,32.3956],[-117.24597,32.39485],[-117.2453,32.39485],[-117.24508,32.39466],[-117.24441,32.39485],[-117.24419,32.39447],[-117.24419,32.39391],[-117.24374,32.39372],[-117.2433,32.39316],[-117.2433,32.39241],[-117.24241,32.39146],[-117.24241,32.39071],[-117.24218,32.39052],[-117.24174,32.39052],[-117.24152,32.39034],[-117.23996,32.39034],[-117.23973,32.39015],[-117.23884,32.39109],[-117.23884,32.39146],[-117.23862,32.39165],[-117.23862,32.39353],[-117.2384,32.39391],[-117.23884,32.39466],[-117.23884,32.39824],[-117.23907,32.39842],[-117.23907,32.39899],[-117.23973,32.39993],[-117.23973,32.40237],[-117.24063,32.40331],[-117.24063,32.40369],[-117.24085,32.40388],[-117.24085,32.40444],[-117.24152,32.40538],[-117.24152,32.41008],[-117.24174,32.41027],[-117.24196,32.41159],[-117.24263,32.41272],[-117.24263,32.41403],[-117.24374,32.41497],[-117.24464,32.41516],[-117.24508,32.41554],[-117.24597,32.41704],[-117.24642,32.41742],[-117.24709,32.41761],[-117.24731,32.41798],[-117.24731,32.41855],[-117.24775,32.41892],[-117.24798,32.41892],[-117.24798,32.41949],[-117.2482,32.41986],[-117.24842,32.42005],[-117.24909,32.42005],[-117.24931,32.42024],[-117.25043,32.42043],[-117.2502,32.42062],[-117.25043,32.42099],[-117.25087,32.42118]],[[-117.24619,32.42118],[-117.24686,32.42043],[-117.24731,32.42043],[-117.24753,32.42062],[-117.24798,32.42024],[-117.24731,32.41986],[-117.24731,32.41911],[-117.24709,32.41892],[-117.24686,32.41892],[-117.24642,32.4193],[-117.24642,32.41949],[-117.2453,32.42024],[-117.2453,32.42081],[-117.24575,32.42118],[-117.24619,32.42118]],[[-117.2511,32.42099],[-117.2511,32.42099]],[[-117.24642,32.42099],[-117.24642,32.42099]],[[-117.24553,32.42099],[-117.24553,32.42099]],[[-117.25043,32.42081],[-117.25043,32.42081]],[[-117.25154,32.42062],[-117.25154,32.42062]],[[-117.24664,32.42062],[-117.24664,32.42062]],[[-117.25087,32.42024],[-117.25043,32.42043],[-117.2511,32.42005],[-117.25087,32.42024]],[[-117.24775,32.42043],[-117.24775,32.42043]],[[-117.24731,32.42043],[-117.24731,32.42043]],[[-117.24686,32.42043],[-117.24686,32.42043]],[[-117.26045,32.42024],[-117.26157,32.41892],[-117.26157,32.41817],[-117.26201,32.4178],[-117.26201,32.41723],[-117.26157,32.41667],[-117.26112,32.41648],[-117.2609,32.4161],[-117.2609,32.41573],[-117.25956,32.41441],[-117.25867,32.41497],[-117.25867,32.41573],[-117.25889,32.41592],[-117.25889,32.41742],[-117.25867,32.4178],[-117.25733,32.41798],[-117.25711,32.41817],[-117.25711,32.41855],[-117.25778,32.4193],[-117.25823,32.41911],[-117.25889,32.41911],[-117.25934,32.41968],[-117.25978,32.41968],[-117.26001,32.41949],[-117.26001,32.41986],[-117.26045,32.42024]],[[-117.25065,32.42024],[-117.25065,32.42024]],[[-117.24976,32.42024],[-117.24976,32.42024]],[[-117.26068,32.42005],[-117.26068,32.42005]],[[-117.26023,32.42005],[-117.26023,32.42005]],[[-117.2511,32.42005],[-117.2511,32.41986],[-117.2511,32.42005]],[[-117.24909,32.42005],[-117.24909,32.42005]],[[-117.2511,32.41986],[-117.2511,32.41986]],[[-117.2609,32.41968],[-117.2609,32.41968]],[[-117.2482,32.41968],[-117.2482,32.41968]],[[-117.26112,32.41949],[-117.26112,32.41949]],[[-117.26001,32.41949],[-117.26001,32.41949]],[[-117.25912,32.4193],[-117.25912,32.4193]],[[-117.26134,32.41911],[-117.26134,32.41911]],[[-117.25889,32.41911],[-117.25889,32.41911]],[[-117.25823,32.41911],[-117.25823,32.41911]],[[-117.25756,32.41892],[-117.25756,32.41892]],[[-117.24798,32.41892],[-117.24798,32.41892]],[[-117.25733,32.41874],[-117.25733,32.41874]],[[-117.24753,32.41874],[-117.24753,32.41874]],[[-117.26157,32.41817],[-117.26157,32.41817]],[[-117.26179,32.41798],[-117.26179,32.41798]],[[-117.24731,32.41798],[-117.24731,32.41798]],[[-117.24709,32.41761],[-117.24709,32.41761]],[[-117.24664,32.41742],[-117.24664,32.41742]],[[-117.24619,32.41723],[-117.24619,32.41723]],[[-117.24597,32.41686],[-117.24597,32.41686]],[[-117.24575,32.41648],[-117.24575,32.41648]],[[-117.24553,32.41629],[-117.24553,32.41629]],[[-117.25889,32.41592],[-117.25889,32.41592]],[[-117.2453,32.41592],[-117.2453,32.41592]],[[-117.24508,32.41554],[-117.24508,32.41554]],[[-117.24486,32.41535],[-117.24486,32.41535]],[[-117.24464,32.41516],[-117.24464,32.41516]],[[-117.24397,32.41497],[-117.24397,32.41497]],[[-117.24352,32.41479],[-117.24352,32.41479]],[[-117.2433,32.4146],[-117.2433,32.4146]],[[-117.24308,32.41441],[-117.24308,32.41441]],[[-117.24285,32.41422],[-117.24285,32.41422]],[[-117.24976,32.41366],[-117.24976,32.41366]],[[-117.24263,32.41272],[-117.24263,32.41272]],[[-117.24241,32.41215],[-117.24241,32.41215]],[[-117.24218,32.41178],[-117.24218,32.41178]],[[-117.24196,32.41103],[-117.24196,32.41103]],[[-117.24174,32.41027],[-117.24174,32.41027]],[[-117.24887,32.4099],[-117.24887,32.4099]],[[-117.24575,32.40802],[-117.24575,32.40802]],[[-117.24686,32.40745],[-117.24753,32.40708],[-117.24753,32.4067],[-117.24731,32.40651],[-117.24731,32.40576],[-117.24709,32.40557],[-117.24664,32.40557],[-117.24642,32.40576],[-117.24642,32.40651],[-117.24664,32.4067],[-117.24664,32.40726],[-117.24686,32.40745]],[[-117.24709,32.40726],[-117.24709,32.40726]],[[-117.24664,32.4067],[-117.24664,32.4067]],[[-117.24753,32.40538],[-117.24842,32.40463],[-117.24842,32.4035],[-117.24753,32.40237],[-117.24753,32.402],[-117.24731,32.40181],[-117.24731,32.4003],[-117.24686,32.39974],[-117.24664,32.39993],[-117.24664,32.40049],[-117.24642,32.40068],[-117.24664,32.40087],[-117.24664,32.40143],[-117.24642,32.40162],[-117.24664,32.402],[-117.24642,32.40237],[-117.24664,32.40275],[-117.24753,32.40331],[-117.24753,32.40369],[-117.24731,32.40407],[-117.24753,32.40425],[-117.24753,32.40482],[-117.24709,32.40519],[-117.24753,32.40538]],[[-117.24152,32.40538],[-117.24152,32.40538]],[[-117.24775,32.40519],[-117.24775,32.40519]],[[-117.24798,32.40501],[-117.24798,32.40501]],[[-117.24575,32.40501],[-117.24575,32.40501]],[[-117.24486,32.40501],[-117.24486,32.40501]],[[-117.24129,32.40501],[-117.24129,32.40501]],[[-117.2482,32.40482],[-117.2482,32.40482]],[[-117.24664,32.40482],[-117.24664,32.40482]],[[-117.24553,32.40482],[-117.24553,32.40482]],[[-117.2453,32.40463],[-117.2453,32.40463]],[[-117.24508,32.40463],[-117.24508,32.40463]],[[-117.24107,32.40463],[-117.24107,32.40463]],[[-117.23795,32.40444],[-117.23862,32.40369],[-117.23862,32.4035],[-117.23907,32.40388],[-117.23951,32.40388],[-117.23973,32.40369],[-117.23973,32.40313],[-117.23929,32.40275],[-117.23907,32.40275],[-117.23907,32.40237],[-117.23884,32.40219],[-117.23884,32.40181],[-117.23907,32.40162],[-117.23884,32.40125],[-117.2384,32.40143],[-117.2384,32.40275],[-117.23884,32.40313],[-117.23862,32.4035],[-117.2384,32.40313],[-117.23773,32.40294],[-117.23706,32.4035],[-117.23706,32.40425],[-117.23728,32.40444],[-117.23795,32.40444]],[[-117.24753,32.40425],[-117.24753,32.40425]],[[-117.23817,32.40407],[-117.23817,32.40407]],[[-117.24664,32.40388],[-117.24664,32.40388]],[[-117.24085,32.40388],[-117.24085,32.40388]],[[-117.2384,32.40388],[-117.2384,32.40388]],[[-117.23884,32.40369],[-117.23884,32.40369]],[[-117.24753,32.40331],[-117.24753,32.40331]],[[-117.24508,32.40331],[-117.24508,32.40331]],[[-117.24063,32.40331],[-117.24063,32.40331]],[[-117.24731,32.40313],[-117.24731,32.40313]],[[-117.23884,32.40313],[-117.23884,32.40313]],[[-117.24686,32.40294],[-117.24686,32.40294]],[[-117.2453,32.40294],[-117.2453,32.40294]],[[-117.2404,32.40294],[-117.2404,32.40294]],[[-117.23862,32.40294],[-117.23862,32.40294]],[[-117.24553,32.40275],[-117.24553,32.40275]],[[-117.24018,32.40275],[-117.24018,32.40275]],[[-117.24664,32.40256],[-117.24664,32.40256]],[[-117.23996,32.40256],[-117.23996,32.40256]],[[-117.24664,32.40181],[-117.24664,32.40181]],[[-117.23884,32.40181],[-117.23884,32.40181]],[[-117.24664,32.40087],[-117.24664,32.40087]],[[-117.24575,32.40049],[-117.24575,32.40049]],[[-117.23862,32.40049],[-117.23907,32.39993],[-117.23884,32.39974],[-117.2384,32.39993],[-117.2384,32.4003],[-117.23862,32.40049]],[[-117.23884,32.40012],[-117.23884,32.40012]],[[-117.23973,32.39993],[-117.23973,32.39993]],[[-117.24575,32.39955],[-117.24575,32.39955]],[[-117.23951,32.39955],[-117.23951,32.39955]],[[-117.23929,32.39918],[-117.23929,32.39918]],[[-117.24575,32.39899],[-117.24575,32.39899]],[[-117.23907,32.39842],[-117.23907,32.39842]],[[-117.23795,32.39692],[-117.23817,32.39673],[-117.23817,32.39598],[-117.2384,32.39579],[-117.23817,32.39541],[-117.23817,32.39504],[-117.23795,32.39485],[-117.23706,32.39485],[-117.23661,32.39523],[-117.23661,32.39635],[-117.23795,32.39692]],[[-117.23751,32.39673],[-117.23751,32.39673]],[[-117.24642,32.39654],[-117.24642,32.39654]],[[-117.24553,32.39654],[-117.24553,32.39654]],[[-117.23706,32.39654],[-117.23706,32.39654]],[[-117.2453,32.39635],[-117.2453,32.39635]],[[-117.24508,32.39617],[-117.24508,32.39617]],[[-117.24486,32.39598],[-117.24486,32.39579],[-117.24486,32.39598]],[[-117.23817,32.39598],[-117.23817,32.39598]],[[-117.24486,32.39579],[-117.24486,32.3956],[-117.24486,32.39579]],[[-117.24486,32.3956],[-117.24486,32.3956]],[[-117.23884,32.39466],[-117.23884,32.39466]],[[-117.23862,32.3941],[-117.23862,32.3941]],[[-117.31036,32.3826],[-117.30991,32.38238],[-117.30924,32.38244],[-117.30657,32.38373],[-117.30501,32.38407],[-117.30367,32.38391],[-117.29989,32.38275],[-117.29855,32.38266],[-117.29744,32.38284],[-117.29588,32.38356],[-117.29476,32.38454],[-117.29395,32.38582],[-117.29364,32.38714],[-117.29369,32.38789],[-117.294,32.38883],[-117.29454,32.38969],[-117.29521,32.39036],[-117.29699,32.39136],[-117.29922,32.3918],[-117.30078,32.39178],[-117.30234,32.39155],[-117.30724,32.39015],[-117.30882,32.3894],[-117.31036,32.38804]]]},"properties":{"depth_m":400}},{"type":"Feature","geometry":{"type":"MultiLineString","coordinates":[[[-117.29944,32.44638],[-117.30078,32.44488],[-117.30078,32.44243],[-117.30033,32.44225],[-117.30011,32.44187],[-117.30011,32.44131],[-117.30056,32.44093],[-117.30033,32.44074],[-117.30033,32.43999],[-117.29989,32.43943],[-117.29944,32.43961],[-117.29877,32.43886],[-117.29877,32.43867],[-117.29833,32.43848],[-117.29855,32.4383],[-117.29833,32.43811],[-117.29833,32.4366],[-117.29788,32.43642],[-117.29788,32.43604],[-117.29744,32.43585],[-117.29744,32.43491],[-117.29721,32.43472],[-117.29654,32.43472],[-117.2961,32.43454],[-117.2961,32.43435],[-117.29543,32.43378],[-117.29499,32.43378],[-117.29476,32.43359],[-117.29454,32.43378],[-117.29409,32.43359],[-117.29365,32.43378],[-117.2932,32.43454],[-117.2932,32.43491],[-117.29409,32.43585],[-117.29409,32.43623],[-117.29387,32.43642],[-117.29387,32.43811],[-117.29499,32.43999],[-117.29499,32.44055],[-117.29521,32.44093],[-117.2961,32.44168],[-117.2961,32.44337],[-117.29744,32.44469],[-117.29766,32.44526],[-117.29833,32.44582],[-117.29922,32.44582],[-117.29922,32.4462],[-117.29944,32.44638]],[[-117.29588,32.44638],[-117.29632,32.44601],[-117.29632,32.44563],[-117.29588,32.44507],[-117.29565,32.44507],[-117.29521,32.44544],[-117.29521,32.44601],[-117.29565,32.44638],[-117.29588,32.44638]],[[-117.2961,32.4462],[-117.2961,32.4462]],[[-117.29543,32.4462],[-117.29543,32.4462]],[[-117.29966,32.44601],[-117.29966,32.44601]],[[-117.29989,32.44582],[-117.29989,32.44582]],[[-117.29922,32.44582],[-117.29922,32.44582]],[[-117.30011,32.44563],[-117.30011,32.44563]],[[-117.2981,32.44563],[-117.2981,32.44563]],[[-117.30033,32.44544],[-117.30033,32.44544]],[[-117.29788,32.44544],[-117.29788,32.44544]],[[-117.30056,32.44507],[-117.30056,32.44507]],[[-117.29766,32.44507],[-117.29766,32.44507]],[[-117.29744,32.44469],[-117.29744,32.44469]],[[-117.29721,32.4445],[-117.29721,32.4445]],[[-117.29699,32.44432],[-117.29699,32.44432]],[[-117.29677,32.44394],[-117.29677,32.44394]],[[-117.29654,32.44375],[-117.29654,32.44375]],[[-117.29632,32.44356],[-117.29632,32.44356]],[[-117.2961,32.44168],[-117.2961,32.44168]],[[-117.29588,32.44149],[-117.29588,32.44149]],[[-117.30011,32.44131],[-117.30011,32.44131]],[[-117.29565,32.44131],[-117.29565,32.44131]],[[-117.30033,32.44112],[-117.30033,32.44112]],[[-117.29543,32.44112],[-117.29543,32.44112]],[[-117.29521,32.44074],[-117.29521,32.44074]],[[-117.29499,32.43999],[-117.29499,32.43999]],[[-117.29476,32.43961],[-117.29476,32.43961]],[[-117.29454,32.43924],[-117.29454,32.43924]],[[-117.29432,32.43886],[-117.29432,32.43886]],[[-117.29833,32.43848],[-117.29833,32.43848]],[[-117.26381,32.36795],[-117.26465,32.36908],[-117.26525,32.37021],[-117.26597,32.37285],[-117.26617,32.3751],[-117.26626,32.38206],[-117.26647,32.38545],[-117.26872,32.4003],[-117.27005,32.40519],[-117.27086,32.40708],[-117.27182,32.40868],[-117.27337,32.41062],[-117.27516,32.41234],[-117.27694,32.41367],[-117.27828,32.41426],[-117.27872,32.41427],[-117.27939,32.41402],[-117.28302,32.41103],[-117.28541,32.40979],[-117.28674,32.40949],[-117.28786,32.40949],[-117.28897,32.40974],[-117.29001,32.41027],[-117.29075,32.41095],[-117.2913,32.41178],[-117.29163,32.41272],[-117.29175,32.41366],[-117.29136,32.41592],[-117.28965,32.42005],[-117.28969,32.42099],[-117.2901,32.42175],[-117.29184,32.42325],[-117.2961,32.42581],[-117.29761,32.4272],[-117.29872,32.42889],[-117.30045,32.43265],[-117.30167,32.43489],[-117.30282,32.4366],[-117.3039,32.4377],[-117.30523,32.43823],[-117.30657,32.43822],[-117.30813,32.43769],[-117.31036,32.43642]],[[-117.29409,32.4383],[-117.29409,32.4383]],[[-117.29409,32.43585],[-117.29409,32.43585]],[[-117.29387,32.43566],[-117.29387,32.43566]],[[-117.29365,32.43548],[-117.29365,32.43548]],[[-117.29343,32.4351],[-117.29343,32.4351]],[[-117.26335,32.42607],[-117.2638,32.42551],[-117.26357,32.42513],[-117.26402,32.42438],[-117.2629,32.42306],[-117.26246,32.42344],[-117.26268,32.42363],[-117.26246,32.42381],[-117.26268,32.42419],[-117.26246,32.42438],[-117.26246,32.42494],[-117.2629,32.4257],[-117.26335,32.42607]],[[-117.26313,32.42588],[-117.26313,32.42588]],[[-117.26357,32.4257],[-117.26357,32.4257]],[[-117.2629,32.42551],[-117.2629,32.42551]],[[-117.26357,32.42513],[-117.26357,32.42513]],[[-117.26268,32.42513],[-117.26268,32.42513]],[[-117.2638,32.42475],[-117.2638,32.42475]],[[-117.26268,32.424],[-117.26268,32.424]],[[-117.26268,32.42363],[-117.26268,32.42363]],[[-117.2805,32.42159],[-117.28117,32.42135],[-117.28177,32.42081],[-117.28192,32.42043],[-117.28183,32.41968],[-117.28126,32.41874],[-117.2805,32.41802],[-117.27984,32.41765],[-117.27917,32.41765],[-117.27872,32.41795],[-117.27828,32.41874],[-117.27812,32.41949],[-117.27819,32.42043],[-117.27847,32.42099],[-117.27894,32.4214],[-117.27961,32.42162],[-117.2805,32.42159]],[[-117.25087,32.42118],[-117.25154,32.42081],[-117.25176,32.42043],[-117.25176,32.42005],[-117.25154,32.41986],[-117.25154,32.41911],[-117.25132,32.41892],[-117.25132,32.41855],[-117.24998,32.41742],[-117.24998,32.41479],[-117.24976,32.41441],[-117.24998,32.41272],[-117.24954,32.41197],[-117.24954,32.41121],[-117.24931,32.41103],[-117.24931,32.41046],[-117.24887,32.4099],[-117.24909,32.40971],[-117.24909,32.40933],[-117.24865,32.40896],[-117.2482,32.40896],[-117.2482,32.40877],[-117.24731,32.40802],[-117.24664,32.40802],[-117.24642,32.40839],[-117.24597,32.40839],[-117.24575,32.4082],[-117.24597,32.40783],[-117.24575,32.40764],[-117.24575,32.40595],[-117.24486,32.40538],[-117.24486,32.40501],[-117.24508,32.40463],[-117.2453,32.40463],[-117.24597,32.40519],[-117.24642,32.40519],[-117.24686,32.40463],[-117.24686,32.40425],[-117.24664,32.40388],[-117.24686,32.40369],[-117.24686,32.40331],[-117.24642,32.40294],[-117.24597,32.40294],[-117.24508,32.40331],[-117.24575,32.40256],[-117.24575,32.40049],[-117.24597,32.4003],[-117.24575,32.40012],[-117.24575,32.39955],[-117.24597,32.39936],[-117.24575,32.39899],[-117.24597,32.3988],[-117.24597,32.39842],[-117.2453,32.39767],[-117.2453,32.3973],[-117.24486,32.39673],[-117.24486,32.39598],[-117.24575,32.39673],[-117.24619,32.39673],[-117.24664,32.39635],[-117.24664,32.3956],[-117.24597,32.39485],[-117.2453,32.39485],[-117.24508,32.39466],[-117.24441,32.39485],[-117.24419,32.39447],[-117.24419,32.39391],[-117.24374,32.39372],[-117.2433,32.39316],[-117.2433,32.39241],[-117.24241,32.39146],[-117.24241,32.39071],[-117.24218,32.39052],[-117.24174,32.39052],[-117.24152,32.39034],[-117.23996,32.39034],[-117.23973,32.39015],[-117.23884,32.39109],[-117.23884,32.39146],[-117.23862,32.39165],[-117.23862,32.39353],[-117.2384,32.39391],[-117.23884,32.39466],[-117.23884,32.39824],[-117.23907,32.39842],[-117.23907,32.39899],[-117.23973,32.39993],[-117.23973,32.40237],[-117.24063,32.40331],[-117.24063,32.40369],[-117.24085,32.40388],[-117.24085,32.40444],[-117.24152,32.40538],[-117.24152,32.41008],[-117.24174,32.41027],[-117.24196,32.41159],[-117.24263,32.41272],[-117.24263,32.41403],[-117.24374,32.41497],[-117.24464,32.41516],[-117.24508,32.41554],[-117.24597,32.41704],[-117.24642,32.41742],[-117.24709,32.41761],[-117.24731,32.41798],[-117.24731,32.41855],[-117.24775,32.41892],[-117.24798,32.41892],[-117.24798,32.41949],[-117.2482,32.41986],[-117.24842,32.42005],[-117.24909,32.42005],[-117.24931,32.42024],[-117.25043,32.42043],[-117.2502,32.42062],[-117.25043,32.42099],[-117.25087,32.42118]],[[-117.24619,32.42118],[-117.24686,32.42043],[-117.24731,32.42043],[-117.24753,32.42062],[-117.24798,32.42024],[-117.24731,32.41986],[-117.24731,32.41911],[-117.24709,32.41892],[-117.24686,32.41892],[-117.24619,32.41968],[-117.24597,32.41968],[-117.2453,32.42024],[-117.2453,32.42081],[-117.24575,32.42118],[-117.24619,32.42118]],[[-117.2511,32.42099],[-117.2511,32.42099]],[[-117.24642,32.42099],[-117.24642,32.42099]],[[-117.24553,32.42099],[-117.24553,32.42099]],[[-117.25043,32.42081],[-117.25043,32.42081]],[[-117.25154,32.42062],[-117.25154,32.42062]],[[-117.24664,32.42062],[-117.24664,32.42062]],[[-117.25087,32.42024],[-117.25043,32.42043],[-117.2511,32.42005],[-117.25087,32.42024]],[[-117.24775,32.42043],[-117.24775,32.42043]],[[-117.24731,32.42043],[-117.24731,32.42043]],[[-117.24686,32.42043],[-117.24686,32.42043]],[[-117.26045,32.42024],[-117.26157,32.41892],[-117.26157,32.41817],[-117.26201,32.4178],[-117.26201,32.41723],[-117.26157,32.41667],[-117.26112,32.41648],[-117.2609,32.4161],[-117.2609,32.41573],[-117.25956,32.41441],[-117.25867,32.41497],[-117.25867,32.41573],[-117.25889,32.41592],[-117.25889,32.41742],[-117.25867,32.4178],[-117.25733,32.41798],[-117.25711,32.41817],[-117.25711,32.41855],[-117.25778,32.4193],[-117.25823,32.41911],[-117.25889,32.41911],[-117.25934,32.41968],[-117.25978,32.41968],[-117.26001,32.41949],[-117.26001,32.41986],[-117.26045,32.42024]],[[-117.25065,32.42024],[-117.25065,32.42024]],[[-117.24976,32.42024],[-117.24976,32.42024]],[[-117.26068,32.42005],[-117.26068,32.42005]],[[-117.26023,32.42005],[-117.26023,32.42005]],[[-117.2511,32.42005],[-117.2511,32.41986],[-117.2511,32.42005]],[[-117.24909,32.42005],[-117.24909,32.42005]],[[-117.2511,32.41986],[-117.2511,32.41986]],[[-117.2609,32.41968],[-117.2609,32.41968]],[[-117.2482,32.41968],[-117.2482,32.41968]],[[-117.26112,32.41949],[-117.26112,32.41949]],[[-117.26001,32.41949],[-117.26001,32.41949]],[[-117.25912,32.4193],[-117.25912,32.4193]],[[-117.26134,32.41911],[-117.26134,32.41911]],[[-117.25889,32.41911],[-117.25889,32.41911]],[[-117.25823,32.41911],[-117.25823,32.41911]],[[-117.25756,32.41892],[-117.25756,32.41892]],[[-117.24798,32.41892],[-117.24798,32.41892]],[[-117.27828,32.41874],[-117.27828,32.41874]],[[-117.25733,32.41874],[-117.25733,32.41874]],[[-117.24753,32.41874],[-117.24753,32.41874]],[[-117.26157,32.41817],[-117.26157,32.41817]],[[-117.26179,32.41798],[-117.26179,32.41798]],[[-117.24731,32.41798],[-117.24731,32.41798]],[[-117.24709,32.41761],[-117.24709,32.41761]],[[-117.24664,32.41742],[-117.24664,32.41742]],[[-117.24619,32.41723],[-117.24619,32.41723]],[[-117.24597,32.41686],[-117.24597,32.41686]],[[-117.24575,32.41648],[-117.24575,32.41648]],[[-117.24553,32.41629],[-117.24553,32.41629]],[[-117.25889,32.41592],[-117.25889,32.41592]],[[-117.2453,32.41592],[-117.2453,32.41592]],[[-117.24508,32.41554],[-117.24508,32.41554]],[[-117.24486,32.41535],[-117.24486,32.41535]],[[-117.24464,32.41516],[-117.24464,32.41516]],[[-117.24397,32.41497],[-117.24397,32.41497]],[[-117.24352,32.41479],[-117.24352,32.41479]],[[-117.2433,32.4146],[-117.2433,32.4146]],[[-117.24308,32.41441],[-117.24308,32.41441]],[[-117.24285,32.41422],[-117.24285,32.41422]],[[-117.24976,32.41366],[-117.24976,32.41366]],[[-117.24263,32.41272],[-117.24263,32.41272]],[[-117.24241,32.41215],[-117.24241,32.41215]],[[-117.24218,32.41178],[-117.24218,32.41178]],[[-117.28251,32.4114],[-117.28251,32.4114]],[[-117.24196,32.41103],[-117.24196,32.41103]],[[-117.24174,32.41027],[-117.24174,32.41027]],[[-117.24887,32.4099],[-117.24887,32.4099]],[[-117.24575,32.40802],[-117.24575,32.40802]],[[-117.24686,32.40745],[-117.24753,32.40708],[-117.24753,32.4067],[-117.24731,32.40651],[-117.24731,32.40576],[-117.24709,32.40557],[-117.24664,32.40557],[-117.24642,32.40576],[-117.24642,32.40651],[-117.24664,32.4067],[-117.24664,32.40726],[-117.24686,32.40745]],[[-117.24709,32.40726],[-117.24709,32.40726]],[[-117.24664,32.4067],[-117.24664,32.4067]],[[-117.24753,32.40538],[-117.24842,32.40463],[-117.24842,32.4035],[-117.24753,32.40237],[-117.24753,32.402],[-117.24731,32.40181],[-117.24731,32.4003],[-117.24686,32.39974],[-117.24664,32.39993],[-117.24664,32.40049],[-117.24642,32.40068],[-117.24664,32.40087],[-117.24664,32.40143],[-117.24642,32.40162],[-117.24664,32.402],[-117.24642,32.40237],[-117.24664,32.40275],[-117.24753,32.40331],[-117.24753,32.40369],[-117.24731,32.40407],[-117.24753,32.40425],[-117.24753,32.40482],[-117.24709,32.40519],[-117.24753,32.40538]],[[-117.24152,32.40538],[-117.24152,32.40538]],[[-117.24775,32.40519],[-117.24775,32.40519]],[[-117.24798,32.40501],[-117.24798,32.40501]],[[-117.24575,32.40501],[-117.24575,32.40501]],[[-117.24486,32.40501],[-117.24486,32.40501]],[[-117.24129,32.40501],[-117.24129,32.40501]],[[-117.2482,32.40482],[-117.2482,32.40482]],[[-117.24664,32.40482],[-117.24664,32.40482]],[[-117.24553,32.40482],[-117.24553,32.40482]],[[-117.2453,32.40463],[-117.2453,32.40463]],[[-117.24508,32.40463],[-117.24508,32.40463]],[[-117.24107,32.40463],[-117.24107,32.40463]],[[-117.23795,32.40444],[-117.23862,32.40369],[-117.23862,32.4035],[-117.23907,32.40388],[-117.23951,32.40388],[-117.23973,32.40369],[-117.23973,32.40313],[-117.23929,32.40275],[-117.23907,32.40275],[-117.23907,32.40237],[-117.23884,32.40219],[-117.23884,32.40181],[-117.23907,32.40162],[-117.23884,32.40125],[-117.2384,32.40143],[-117.2384,32.40275],[-117.23884,32.40313],[-117.23862,32.4035],[-117.2384,32.40313],[-117.23773,32.40294],[-117.23706,32.4035],[-117.23706,32.40425],[-117.23728,32.40444],[-117.23795,32.40444]],[[-117.24753,32.40425],[-117.24753,32.40425]],[[-117.23817,32.40407],[-117.23817,32.40407]],[[-117.24664,32.40388],[-117.24664,32.40388]],[[-117.24085,32.40388],[-117.24085,32.40388]],[[-117.2384,32.40388],[-117.2384,32.40388]],[[-117.23884,32.40369],[-117.23884,32.40369]],[[-117.24753,32.40331],[-117.24753,32.40331]],[[-117.24508,32.40331],[-117.24508,32.40331]],[[-117.24063,32.40331],[-117.24063,32.40331]],[[-117.24731,32.40313],[-117.24731,32.40313]],[[-117.23884,32.40313],[-117.23884,32.40313]],[[-117.24686,32.40294],[-117.24686,32.40294]],[[-117.2453,32.40294],[-117.2453,32.40294]],[[-117.2404,32.40294],[-117.2404,32.40294]],[[-117.23862,32.40294],[-117.23862,32.40294]],[[-117.24553,32.40275],[-117.24553,32.40275]],[[-117.24018,32.40275],[-117.24018,32.40275]],[[-117.24664,32.40256],[-117.24664,32.40256]],[[-117.23996,32.40256],[-117.23996,32.40256]],[[-117.24664,32.40181],[-117.24664,32.40181]],[[-117.23884,32.40181],[-117.23884,32.40181]],[[-117.24664,32.40087],[-117.24664,32.40087]],[[-117.24575,32.40049],[-117.24575,32.40049]],[[-117.23862,32.40049],[-117.23907,32.39993],[-117.23884,32.39974],[-117.2384,32.39993],[-117.2384,32.4003],[-117.23862,32.40049]],[[-117.23884,32.40012],[-117.23884,32.40012]],[[-117.23973,32.39993],[-117.23973,32.39993]],[[-117.24575,32.39955],[-117.24575,32.39955]],[[-117.23951,32.39955],[-117.23951,32.39955]],[[-117.23929,32.39918],[-117.23929,32.39918]],[[-117.24575,32.39899],[-117.24575,32.39899]],[[-117.23907,32.39842],[-117.23907,32.39842]],[[-117.23795,32.39692],[-117.23817,32.39673],[-117.23817,32.39598],[-117.2384,32.39579],[-117.23817,32.39541],[-117.23817,32.39504],[-117.23795,32.39485],[-117.23706,32.39485],[-117.23661,32.39523],[-117.23661,32.39635],[-117.23795,32.39692]],[[-117.23751,32.39673],[-117.23751,32.39673]],[[-117.24642,32.39654],[-117.24642,32.39654]],[[-117.24553,32.39654],[-117.24553,32.39654]],[[-117.23706,32.39654],[-117.23706,32.39654]],[[-117.2453,32.39635],[-117.2453,32.39635]],[[-117.24508,32.39617],[-117.24508,32.39617]],[[-117.24486,32.39598],[-117.24486,32.39579],[-117.24486,32.39598]],[[-117.23817,32.39598],[-117.23817,32.39598]],[[-117.24486,32.39579],[-117.24486,32.3956],[-117.24486,32.39579]],[[-117.24486,32.3956],[-117.24486,32.3956]],[[-117.23884,32.39466],[-117.23884,32.39466]],[[-117.23862,32.3941],[-117.23862,32.3941]],[[-117.31036,32.37867],[-117.30947,32.37905],[-117.30679,32.38156],[-117.30523,32.38235],[-117.30345,32.38251],[-117.29922,32.38181],[-117.29788,32.38197],[-117.29677,32.38238],[-117.29543,32.38324],[-117.29432,32.38438],[-117.29351,32.38582],[-117.29325,32.38714],[-117.29333,32.38808],[-117.29364,32.38902],[-117.29475,32.39052],[-117.29654,32.39172],[-117.29855,32.39233],[-117.30167,32.3925],[-117.30552,32.39203],[-117.30835,32.39135],[-117.31036,32.39026]],[[-117.29409,32.38469],[-117.29409,32.38469]],[[-117.30011,32.38187],[-117.30011,32.38187]]]},"properties":{"depth_m":425}},{"type":"Feature","geometry":{"type":"MultiLineString","coordinates":[[[-117.29944,32.44638],[-117.30078,32.44488],[-117.30078,32.44243],[-117.30033,32.44225],[-117.30011,32.44187],[-117.30011,32.44131],[-117.30056,32.44093],[-117.30033,32.44074],[-117.30033,32.43999],[-117.29989,32.43943],[-117.29944,32.43961],[-117.29877,32.43886],[-117.29877,32.43867],[-117.29833,32.43848],[-117.29855,32.4383],[-117.29833,32.43811],[-117.29833,32.4366],[-117.29788,32.43642],[-117.29788,32.43604],[-117.29744,32.43585],[-117.29744,32.43491],[-117.29721,32.43472],[-117.29654,32.43472],[-117.2961,32.43454],[-117.2961,32.43435],[-117.29543,32.43378],[-117.29499,32.43378],[-117.29476,32.43359],[-117.29454,32.43378],[-117.29432,32.43359],[-117.29365,32.43378],[-117.2932,32.43454],[-117.2932,32.43491],[-117.29409,32.43585],[-117.29409,32.43623],[-117.29387,32.43642],[-117.29387,32.43811],[-117.29499,32.43999],[-117.29499,32.44055],[-117.29521,32.44093],[-117.2961,32.44168],[-117.2961,32.44337],[-117.29744,32.44469],[-117.29766,32.44526],[-117.29833,32.44582],[-117.29922,32.44582],[-117.29922,32.4462],[-117.29944,32.44638]],[[-117.29588,32.44638],[-117.29632,32.44601],[-117.29632,32.44563],[-117.29588,32.44507],[-117.29565,32.44507],[-117.29521,32.44544],[-117.29521,32.44601],[-117.29565,32.44638],[-117.29588,32.44638]],[[-117.2961,32.4462],[-117.2961,32.4462]],[[-117.29543,32.4462],[-117.29543,32.4462]],[[-117.29966,32.44601],[-117.29966,32.44601]],[[-117.29989,32.44582],[-117.29989,32.44582]],[[-117.29922,32.44582],[-117.29922,32.44582]],[[-117.30011,32.44563],[-117.30011,32.44563]],[[-117.2981,32.44563],[-117.2981,32.44563]],[[-117.30033,32.44544],[-117.30033,32.44544]],[[-117.29788,32.44544],[-117.29788,32.44544]],[[-117.30056,32.44507],[-117.30056,32.44507]],[[-117.29766,32.44507],[-117.29766,32.44507]],[[-117.29744,32.44469],[-117.29744,32.44469]],[[-117.29721,32.4445],[-117.29721,32.4445]],[[-117.29699,32.44432],[-117.29699,32.44432]],[[-117.29677,32.44394],[-117.29677,32.44394]],[[-117.29654,32.44375],[-117.29654,32.44375]],[[-117.29632,32.44356],[-117.29632,32.44356]],[[-117.2961,32.44168],[-117.2961,32.44168]],[[-117.29588,32.44149],[-117.29588,32.44149]],[[-117.30011,32.44131],[-117.30011,32.44131]],[[-117.29565,32.44131],[-117.29565,32.44131]],[[-117.30033,32.44112],[-117.30033,32.44112]],[[-117.29543,32.44112],[-117.29543,32.44112]],[[-117.29521,32.44074],[-117.29521,32.44074]],[[-117.29499,32.43999],[-117.29499,32.43999]],[[-117.29476,32.43961],[-117.29476,32.43961]],[[-117.29454,32.43924],[-117.29454,32.43924]],[[-117.29432,32.43886],[-117.29432,32.43886]],[[-117.29833,32.43848],[-117.29833,32.43848]],[[-117.29409,32.4383],[-117.29409,32.4383]],[[-117.26444,32.36795],[-117.26576,32.37021],[-117.26646,32.37285],[-117.26666,32.3751],[-117.2668,32.3815],[-117.26703,32.38507],[-117.2691,32.40012],[-117.27034,32.40482],[-117.27114,32.4067],[-117.27204,32.40825],[-117.27337,32.40994],[-117.27516,32.41162],[-117.27672,32.41265],[-117.27805,32.4131],[-117.27872,32.41311],[-117.27961,32.41284],[-117.28362,32.41027],[-117.28585,32.40939],[-117.28719,32.4092],[-117.2883,32.40928],[-117.28942,32.4096],[-117.29031,32.4101],[-117.2911,32.41084],[-117.29161,32.41159],[-117.29197,32.41253],[-117.29212,32.41347],[-117.29189,32.41554],[-117.2905,32.41986],[-117.29063,32.42099],[-117.29118,32.42193],[-117.29264,32.42325],[-117.29632,32.42564],[-117.29777,32.42701],[-117.29889,32.4287],[-117.30167,32.43427],[-117.30301,32.43619],[-117.30399,32.43717],[-117.30523,32.43767],[-117.30657,32.43766],[-117.30813,32.43715],[-117.31036,32.43594]],[[-117.29409,32.43585],[-117.29409,32.43585]],[[-117.29387,32.43566],[-117.29387,32.43566]],[[-117.29365,32.43548],[-117.29365,32.43548]],[[-117.29343,32.4351],[-117.29343,32.4351]],[[-117.26335,32.42607],[-117.2638,32.42551],[-117.26357,32.42513],[-117.26402,32.42438],[-117.2629,32.42306],[-117.26246,32.42344],[-117.26268,32.42363],[-117.26246,32.42381],[-117.26268,32.42419],[-117.26246,32.42438],[-117.26246,32.42494],[-117.2629,32.4257],[-117.26335,32.42607]],[[-117.26313,32.42588],[-117.26313,32.42588]],[[-117.26357,32.4257],[-117.26357,32.4257]],[[-117.2629,32.42551],[-117.2629,32.42551]],[[-117.26357,32.42513],[-117.26357,32.42513]],[[-117.26268,32.42513],[-117.26268,32.42513]],[[-117.2638,32.42475],[-117.2638,32.42475]],[[-117.26268,32.424],[-117.26268,32.424]],[[-117.26268,32.42363],[-117.26268,32.42363]],[[-117.25087,32.42118],[-117.25154,32.42081],[-117.25176,32.42043],[-117.25176,32.42005],[-117.25154,32.41986],[-117.25154,32.41911],[-117.25132,32.41892],[-117.25132,32.41855],[-117.24998,32.41742],[-117.24998,32.41479],[-117.24976,32.41441],[-117.24998,32.41272],[-117.24954,32.41197],[-117.24954,32.41121],[-117.24931,32.41103],[-117.24931,32.41046],[-117.24887,32.4099],[-117.24909,32.40971],[-117.24909,32.40933],[-117.24865,32.40896],[-117.2482,32.40896],[-117.2482,32.40877],[-117.24731,32.40802],[-117.24664,32.40802],[-117.24642,32.40839],[-117.24597,32.40839],[-117.24575,32.4082],[-117.24597,32.40783],[-117.24575,32.40764],[-117.24575,32.40595],[-117.24486,32.40538],[-117.24486,32.40501],[-117.24508,32.40463],[-117.2453,32.40463],[-117.24597,32.40519],[-117.24642,32.40519],[-117.24686,32.40463],[-117.24686,32.40425],[-117.24664,32.40388],[-117.24686,32.40369],[-117.24686,32.40331],[-117.24642,32.40294],[-117.24597,32.40294],[-117.24508,32.40331],[-117.24575,32.40256],[-117.24575,32.40049],[-117.24597,32.4003],[-117.24575,32.40012],[-117.24575,32.39955],[-117.24597,32.39936],[-117.24575,32.39899],[-117.24597,32.3988],[-117.24597,32.39842],[-117.2453,32.39767],[-117.2453,32.3973],[-117.24486,32.39673],[-117.24486,32.39598],[-117.24575,32.39673],[-117.24619,32.39673],[-117.24664,32.39635],[-117.24664,32.3956],[-117.24597,32.39485],[-117.2453,32.39485],[-117.24508,32.39466],[-117.24441,32.39485],[-117.24419,32.39447],[-117.24419,32.39391],[-117.24374,32.39372],[-117.2433,32.39316],[-117.2433,32.39241],[-117.24241,32.39146],[-117.24241,32.39071],[-117.24218,32.39052],[-117.24174,32.39052],[-117.24152,32.39034],[-117.23996,32.39034],[-117.23973,32.39015],[-117.23884,32.39109],[-117.23884,32.39146],[-117.23862,32.39165],[-117.23862,32.39353],[-117.2384,32.39391],[-117.23884,32.39466],[-117.23884,32.39824],[-117.23907,32.39842],[-117.23907,32.39899],[-117.23973,32.39993],[-117.23973,32.40237],[-117.24063,32.40331],[-117.24063,32.40369],[-117.24085,32.40388],[-117.24085,32.40444],[-117.24152,32.40538],[-117.24152,32.41008],[-117.24174,32.41027],[-117.24196,32.41159],[-117.24263,32.41272],[-117.24263,32.41403],[-117.24374,32.41497],[-117.24464,32.41516],[-117.24508,32.41554],[-117.24597,32.41704],[-117.24642,32.41742],[-117.24709,32.41761],[-117.24731,32.41798],[-117.24731,32.41855],[-117.24775,32.41892],[-117.24798,32.41892],[-117.24798,32.41949],[-117.2482,32.41986],[-117.24842,32.42005],[-117.24909,32.42005],[-117.24931,32.42024],[-117.25043,32.42043],[-117.2502,32.42062],[-117.25043,32.42099],[-117.25087,32.42118]],[[-117.24619,32.42118],[-117.24686,32.42043],[-117.24731,32.42043],[-117.24753,32.42062],[-117.24798,32.42024],[-117.24731,32.41986],[-117.24731,32.41911],[-117.24709,32.41892],[-117.24686,32.41892],[-117.24619,32.41968],[-117.24597,32.41968],[-117.2453,32.42024],[-117.2453,32.42081],[-117.24575,32.42118],[-117.24619,32.42118]],[[-117.2511,32.42099],[-117.2511,32.42099]],[[-117.24642,32.42099],[-117.24642,32.42099]],[[-117.24553,32.42099],[-117.24553,32.42099]],[[-117.25043,32.42081],[-117.25043,32.42081]],[[-117.25154,32.42062],[-117.25154,32.42062]],[[-117.24664,32.42062],[-117.24664,32.42062]],[[-117.25087,32.42024],[-117.25043,32.42043],[-117.2511,32.42005],[-117.25087,32.42024]],[[-117.24775,32.42043],[-117.24775,32.42043]],[[-117.24731,32.42043],[-117.24731,32.42043]],[[-117.24686,32.42043],[-117.24686,32.42043]],[[-117.26045,32.42024],[-117.26157,32.41892],[-117.26157,32.41817],[-117.26201,32.4178],[-117.26201,32.41723],[-117.26157,32.41667],[-117.26112,32.41648],[-117.2609,32.4161],[-117.2609,32.41573],[-117.25956,32.41441],[-117.25867,32.41497],[-117.25867,32.41573],[-117.25889,32.41592],[-117.25889,32.41742],[-117.25867,32.4178],[-117.25733,32.41798],[-117.25711,32.41817],[-117.25711,32.41855],[-117.25778,32.4193],[-117.25823,32.41911],[-117.25889,32.41911],[-117.25934,32.41968],[-117.25978,32.41968],[-117.26001,32.41949],[-117.26001,32.41986],[-117.26045,32.42024]],[[-117.25065,32.42024],[-117.25065,32.42024]],[[-117.24976,32.42024],[-117.24976,32.42024]],[[-117.26068,32.42005],[-117.26068,32.42005]],[[-117.26023,32.42005],[-117.26023,32.42005]],[[-117.2511,32.42005],[-117.2511,32.41986],[-117.2511,32.42005]],[[-117.24909,32.42005],[-117.24909,32.42005]],[[-117.2511,32.41986],[-117.2511,32.41986]],[[-117.2609,32.41968],[-117.2609,32.41968]],[[-117.2482,32.41968],[-117.2482,32.41968]],[[-117.26112,32.41949],[-117.26112,32.41949]],[[-117.26001,32.41949],[-117.26001,32.41949]],[[-117.25912,32.4193],[-117.25912,32.4193]],[[-117.26134,32.41911],[-117.26134,32.41911]],[[-117.25889,32.41911],[-117.25889,32.41911]],[[-117.25823,32.41911],[-117.25823,32.41911]],[[-117.25756,32.41892],[-117.25756,32.41892]],[[-117.24798,32.41892],[-117.24798,32.41892]],[[-117.25733,32.41874],[-117.25733,32.41874]],[[-117.24753,32.41874],[-117.24753,32.41874]],[[-117.26157,32.41817],[-117.26157,32.41817]],[[-117.26179,32.41798],[-117.26179,32.41798]],[[-117.24731,32.41798],[-117.24731,32.41798]],[[-117.24709,32.41761],[-117.24709,32.41761]],[[-117.24664,32.41742],[-117.24664,32.41742]],[[-117.24619,32.41723],[-117.24619,32.41723]],[[-117.24597,32.41686],[-117.24597,32.41686]],[[-117.24575,32.41648],[-117.24575,32.41648]],[[-117.24553,32.41629],[-117.24553,32.41629]],[[-117.25889,32.41592],[-117.25889,32.41592]],[[-117.2453,32.41592],[-117.2453,32.41592]],[[-117.24508,32.41554],[-117.24508,32.41554]],[[-117.24486,32.41535],[-117.24486,32.41535]],[[-117.24464,32.41516],[-117.24464,32.41516]],[[-117.24397,32.41497],[-117.24397,32.41497]],[[-117.24352,32.41479],[-117.24352,32.41479]],[[-117.2433,32.4146],[-117.2433,32.4146]],[[-117.24308,32.41441],[-117.24308,32.41441]],[[-117.24285,32.41422],[-117.24285,32.41422]],[[-117.24976,32.41366],[-117.24976,32.41366]],[[-117.24263,32.41272],[-117.24263,32.41272]],[[-117.24241,32.41215],[-117.24241,32.41215]],[[-117.24218,32.41178],[-117.24218,32.41178]],[[-117.24196,32.41103],[-117.24196,32.41103]],[[-117.24174,32.41027],[-117.24174,32.41027]],[[-117.24887,32.4099],[-117.24887,32.4099]],[[-117.24575,32.40802],[-117.24575,32.40802]],[[-117.24686,32.40745],[-117.24753,32.40708],[-117.24753,32.4067],[-117.24731,32.40651],[-117.24731,32.40576],[-117.24709,32.40557],[-117.24664,32.40557],[-117.24642,32.40576],[-117.24642,32.40651],[-117.24664,32.4067],[-117.24664,32.40726],[-117.24686,32.40745]],[[-117.24709,32.40726],[-117.24709,32.40726]],[[-117.24664,32.4067],[-117.24664,32.4067]],[[-117.24753,32.40538],[-117.24842,32.40463],[-117.24842,32.4035],[-117.24753,32.40237],[-117.24753,32.402],[-117.24731,32.40181],[-117.24731,32.4003],[-117.24686,32.39974],[-117.24664,32.39993],[-117.24664,32.40049],[-117.24642,32.40068],[-117.24664,32.40087],[-117.24664,32.40143],[-117.24642,32.40162],[-117.24664,32.402],[-117.24642,32.40237],[-117.24664,32.40275],[-117.24753,32.40331],[-117.24753,32.40369],[-117.24731,32.40407],[-117.24753,32.40425],[-117.24753,32.40482],[-117.24709,32.40519],[-117.24753,32.40538]],[[-117.24152,32.40538],[-117.24152,32.40538]],[[-117.24775,32.40519],[-117.24775,32.40519]],[[-117.24798,32.40501],[-117.24798,32.40501]],[[-117.24575,32.40501],[-117.24575,32.40501]],[[-117.24486,32.40501],[-117.24486,32.40501]],[[-117.24129,32.40501],[-117.24129,32.40501]],[[-117.2482,32.40482],[-117.2482,32.40482]],[[-117.24664,32.40482],[-117.24664,32.40482]],[[-117.24553,32.40482],[-117.24553,32.40482]],[[-117.2453,32.40463],[-117.2453,32.40463]],[[-117.24508,32.40463],[-117.24508,32.40463]],[[-117.24107,32.40463],[-117.24107,32.40463]],[[-117.23795,32.40444],[-117.23862,32.40369],[-117.23862,32.4035],[-117.23907,32.40388],[-117.23951,32.40388],[-117.23973,32.40369],[-117.23973,32.40313],[-117.23929,32.40275],[-117.23907,32.40275],[-117.23907,32.40237],[-117.23884,32.40219],[-117.23884,32.40181],[-117.23907,32.40162],[-117.23884,32.40125],[-117.2384,32.40143],[-117.2384,32.40275],[-117.23884,32.40313],[-117.23862,32.4035],[-117.2384,32.40313],[-117.23773,32.40294],[-117.23706,32.4035],[-117.23706,32.40425],[-117.23728,32.40444],[-117.23795,32.40444]],[[-117.24753,32.40425],[-117.24753,32.40425]],[[-117.23817,32.40407],[-117.23817,32.40407]],[[-117.24664,32.40388],[-117.24664,32.40388]],[[-117.24085,32.40388],[-117.24085,32.40388]],[[-117.2384,32.40388],[-117.2384,32.40388]],[[-117.23884,32.40369],[-117.23884,32.40369]],[[-117.24753,32.40331],[-117.24753,32.40331]],[[-117.24508,32.40331],[-117.24508,32.40331]],[[-117.24063,32.40331],[-117.24063,32.40331]],[[-117.24731,32.40313],[-117.24731,32.40313]],[[-117.23884,32.40313],[-117.23884,32.40313]],[[-117.24686,32.40294],[-117.24686,32.40294]],[[-117.2453,32.40294],[-117.2453,32.40294]],[[-117.2404,32.40294],[-117.2404,32.40294]],[[-117.23862,32.40294],[-117.23862,32.40294]],[[-117.24553,32.40275],[-117.24553,32.40275]],[[-117.24018,32.40275],[-117.24018,32.40275]],[[-117.24664,32.40256],[-117.24664,32.40256]],[[-117.23996,32.40256],[-117.23996,32.40256]],[[-117.24664,32.40181],[-117.24664,32.40181]],[[-117.23884,32.40181],[-117.23884,32.40181]],[[-117.24664,32.40087],[-117.24664,32.40087]],[[-117.24575,32.40049],[-117.24575,32.40049]],[[-117.23862,32.40049],[-117.23907,32.39993],[-117.23884,32.39974],[-117.2384,32.39993],[-117.2384,32.4003],[-117.23862,32.40049]],[[-117.23884,32.40012],[-117.23884,32.40012]],[[-117.23973,32.39993],[-117.23973,32.39993]],[[-117.24575,32.39955],[-117.24575,32.39955]],[[-117.23951,32.39955],[-117.23951,32.39955]],[[-117.23929,32.39918],[-117.23929,32.39918]],[[-117.24575,32.39899],[-117.24575,32.39899]],[[-117.23907,32.39842],[-117.23907,32.39842]],[[-117.23795,32.39692],[-117.23817,32.39673],[-117.23817,32.39598],[-117.2384,32.39579],[-117.23817,32.39541],[-117.23817,32.39504],[-117.23795,32.39485],[-117.23706,32.39485],[-117.23661,32.39523],[-117.23661,32.39635],[-117.23795,32.39692]],[[-117.23751,32.39673],[-117.23751,32.39673]],[[-117.24642,32.39654],[-117.24642,32.39654]],[[-117.24553,32.39654],[-117.24553,32.39654]],[[-117.23706,32.39654],[-117.23706,32.39654]],[[-117.2453,32.39635],[-117.2453,32.39635]],[[-117.24508,32.39617],[-117.24508,32.39617]],[[-117.24486,32.39598],[-117.24486,32.39579],[-117.24486,32.39598]],[[-117.23817,32.39598],[-117.23817,32.39598]],[[-117.24486,32.39579],[-117.24486,32.3956],[-117.24486,32.39579]],[[-117.24486,32.3956],[-117.24486,32.3956]],[[-117.23884,32.39466],[-117.23884,32.39466]],[[-117.23862,32.3941],[-117.23862,32.3941]],[[-117.31036,32.37663],[-117.30969,32.37666],[-117.30902,32.37702],[-117.30655,32.37999],[-117.30568,32.38071],[-117.30479,32.38115],[-117.30323,32.38135],[-117.29922,32.38091],[-117.29788,32.38116],[-117.29654,32.38178],[-117.29499,32.38298],[-117.29387,32.38428],[-117.29316,32.38563],[-117.29286,32.38714],[-117.29294,32.38808],[-117.29322,32.38902],[-117.29432,32.39067],[-117.29588,32.39189],[-117.2981,32.39278],[-117.30078,32.39318],[-117.30434,32.39311],[-117.30813,32.39252],[-117.31036,32.39161]],[[-117.3059,32.38056],[-117.3059,32.38056]],[[-117.29528,32.36795],[-117.2961,32.36841],[-117.29721,32.3686],[-117.29833,32.3684],[-117.29907,32.36795]],[[-117.31036,32.36851],[-117.30976,32.36795]]]},"properties":{"depth_m":450}},{"type":"Feature","geometry":{"type":"MultiLineString","coordinates":[[[-117.29944,32.44638],[-117.30078,32.44488],[-117.30078,32.44243],[-117.30033,32.44225],[-117.30011,32.44187],[-117.30011,32.44131],[-117.30056,32.44093],[-117.30033,32.44074],[-117.30033,32.43999],[-117.29989,32.43943],[-117.29944,32.43961],[-117.29877,32.43886],[-117.29877,32.43867],[-117.29833,32.43848],[-117.29855,32.4383],[-117.29833,32.43811],[-117.29833,32.4366],[-117.29788,32.43642],[-117.29788,32.43604],[-117.29744,32.43585],[-117.29744,32.43491],[-117.29721,32.43472],[-117.29654,32.43472],[-117.2961,32.43454],[-117.2961,32.43435],[-117.29543,32.43378],[-117.29499,32.43378],[-117.29476,32.43359],[-117.29454,32.43378],[-117.29409,32.43359],[-117.29365,32.43378],[-117.2932,32.43454],[-117.2932,32.43491],[-117.29409,32.43585],[-117.29409,32.43623],[-117.29387,32.43642],[-117.29387,32.43811],[-117.29499,32.43999],[-117.29499,32.44055],[-117.29521,32.44093],[-117.2961,32.44168],[-117.2961,32.44337],[-117.29744,32.44469],[-117.29766,32.44526],[-117.29833,32.44582],[-117.29922,32.44582],[-117.29922,32.4462],[-117.29944,32.44638]],[[-117.29588,32.44638],[-117.29632,32.44601],[-117.29632,32.44563],[-117.29588,32.44507],[-117.29565,32.44507],[-117.29521,32.44544],[-117.29521,32.44601],[-117.29565,32.44638],[-117.29588,32.44638]],[[-117.2961,32.4462],[-117.2961,32.4462]],[[-117.29543,32.4462],[-117.29543,32.4462]],[[-117.29966,32.44601],[-117.29966,32.44601]],[[-117.29989,32.44582],[-117.29989,32.44582]],[[-117.29922,32.44582],[-117.29922,32.44582]],[[-117.30011,32.44563],[-117.30011,32.44563]],[[-117.2981,32.44563],[-117.2981,32.44563]],[[-117.30033,32.44544],[-117.30033,32.44544]],[[-117.29788,32.44544],[-117.29788,32.44544]],[[-117.30056,32.44507],[-117.30056,32.44507]],[[-117.29766,32.44507],[-117.29766,32.44507]],[[-117.29744,32.44469],[-117.29744,32.44469]],[[-117.29721,32.4445],[-117.29721,32.4445]],[[-117.29699,32.44432],[-117.29699,32.44432]],[[-117.29677,32.44394],[-117.29677,32.44394]],[[-117.29654,32.44375],[-117.29654,32.44375]],[[-117.29632,32.44356],[-117.29632,32.44356]],[[-117.2961,32.44168],[-117.2961,32.44168]],[[-117.29588,32.44149],[-117.29588,32.44149]],[[-117.30011,32.44131],[-117.30011,32.44131]],[[-117.29565,32.44131],[-117.29565,32.44131]],[[-117.30033,32.44112],[-117.30033,32.44112]],[[-117.29543,32.44112],[-117.29543,32.44112]],[[-117.29521,32.44074],[-117.29521,32.44074]],[[-117.29499,32.43999],[-117.29499,32.43999]],[[-117.29476,32.43961],[-117.29476,32.43961]],[[-117.29454,32.43924],[-117.29454,32.43924]],[[-117.29432,32.43886],[-117.29432,32.43886]],[[-117.29833,32.43848],[-117.29833,32.43848]],[[-117.29409,32.4383],[-117.29409,32.4383]],[[-117.26503,32.36795],[-117.26633,32.3704],[-117.26696,32.37303],[-117.26756,32.38451],[-117.26952,32.40012],[-117.27069,32.40463],[-117.2714,32.40632],[-117.27226,32.40783],[-117.2736,32.40953],[-117.27516,32.41096],[-117.27672,32.41192],[-117.27805,32.41231],[-117.27894,32.41229],[-117.27984,32.41202],[-117.28371,32.4099],[-117.28607,32.40908],[-117.28719,32.40895],[-117.28852,32.40904],[-117.28964,32.40937],[-117.29058,32.4099],[-117.2914,32.41065],[-117.29191,32.4114],[-117.29231,32.41234],[-117.29249,32.41328],[-117.29235,32.41535],[-117.29119,32.41968],[-117.29131,32.42081],[-117.29192,32.42193],[-117.29334,32.42325],[-117.29654,32.42547],[-117.29794,32.42682],[-117.29906,32.42852],[-117.30167,32.43368],[-117.30301,32.43556],[-117.30412,32.43665],[-117.30523,32.43711],[-117.30657,32.43712],[-117.30813,32.43664],[-117.31036,32.43549]],[[-117.29409,32.43585],[-117.29409,32.43585]],[[-117.29387,32.43566],[-117.29387,32.43566]],[[-117.29365,32.43548],[-117.29365,32.43548]],[[-117.29343,32.4351],[-117.29343,32.4351]],[[-117.26335,32.42607],[-117.2638,32.42551],[-117.26357,32.42513],[-117.26402,32.42438],[-117.2629,32.42306],[-117.26246,32.42344],[-117.26268,32.42363],[-117.26246,32.42381],[-117.26268,32.42419],[-117.26246,32.42438],[-117.26246,32.42494],[-117.2629,32.4257],[-117.26335,32.42607]],[[-117.26313,32.42588],[-117.26313,32.42588]],[[-117.26357,32.4257],[-117.26357,32.4257]],[[-117.2629,32.42551],[-117.2629,32.42551]],[[-117.26357,32.42513],[-117.26357,32.42513]],[[-117.26268,32.42513],[-117.26268,32.42513]],[[-117.2638,32.42475],[-117.2638,32.42475]],[[-117.26268,32.424],[-117.26268,32.424]],[[-117.26268,32.42363],[-117.26268,32.42363]],[[-117.25087,32.42118],[-117.25154,32.42081],[-117.25176,32.42043],[-117.25176,32.42005],[-117.25154,32.41986],[-117.25154,32.41911],[-117.25132,32.41892],[-117.25132,32.41855],[-117.24998,32.41742],[-117.24998,32.41479],[-117.24976,32.41441],[-117.24998,32.41272],[-117.24954,32.41197],[-117.24954,32.41121],[-117.24931,32.41103],[-117.24931,32.41046],[-117.24887,32.4099],[-117.24909,32.40971],[-117.24909,32.40933],[-117.24865,32.40896],[-117.2482,32.40896],[-117.2482,32.40877],[-117.24731,32.40802],[-117.24664,32.40802],[-117.24642,32.40839],[-117.24597,32.40839],[-117.24575,32.4082],[-117.24597,32.40783],[-117.24575,32.40764],[-117.24575,32.40595],[-117.24486,32.40538],[-117.24486,32.40501],[-117.24508,32.40463],[-117.2453,32.40463],[-117.24597,32.40519],[-117.24642,32.40519],[-117.24686,32.40463],[-117.24686,32.40425],[-117.24664,32.40388],[-117.24686,32.40369],[-117.24686,32.40331],[-117.24642,32.40294],[-117.24597,32.40294],[-117.24508,32.40331],[-117.24575,32.40256],[-117.24575,32.40049],[-117.24597,32.4003],[-117.24575,32.40012],[-117.24575,32.39955],[-117.24597,32.39936],[-117.24575,32.39899],[-117.24597,32.3988],[-117.24597,32.39842],[-117.2453,32.39767],[-117.2453,32.3973],[-117.24486,32.39673],[-117.24486,32.39598],[-117.24575,32.39673],[-117.24619,32.39673],[-117.24664,32.39635],[-117.24664,32.3956],[-117.24597,32.39485],[-117.2453,32.39485],[-117.24508,32.39466],[-117.24441,32.39485],[-117.24419,32.39447],[-117.24419,32.39391],[-117.24374,32.39372],[-117.2433,32.39316],[-117.2433,32.39241],[-117.24241,32.39146],[-117.24241,32.39071],[-117.24218,32.39052],[-117.24174,32.39052],[-117.24152,32.39034],[-117.23996,32.39034],[-117.23973,32.39015],[-117.23884,32.39109],[-117.23884,32.39146],[-117.23862,32.39165],[-117.23862,32.39353],[-117.2384,32.39391],[-117.23884,32.39466],[-117.23884,32.39824],[-117.23907,32.39842],[-117.23907,32.39899],[-117.23973,32.39993],[-117.23973,32.40237],[-117.24063,32.40331],[-117.24063,32.40369],[-117.24085,32.40388],[-117.24085,32.40444],[-117.24152,32.40538],[-117.24152,32.41008],[-117.24174,32.41027],[-117.24196,32.41159],[-117.24263,32.41272],[-117.24263,32.41403],[-117.24374,32.41497],[-117.24464,32.41516],[-117.24508,32.41554],[-117.24597,32.41704],[-117.24642,32.41742],[-117.24709,32.41761],[-117.24731,32.41798],[-117.24731,32.41855],[-117.24775,32.41892],[-117.24798,32.41892],[-117.24798,32.41949],[-117.2482,32.41986],[-117.24842,32.42005],[-117.24909,32.42005],[-117.24931,32.42024],[-117.25043,32.42043],[-117.2502,32.42062],[-117.25043,32.42099],[-117.25087,32.42118]],[[-117.24619,32.42118],[-117.24686,32.42043],[-117.24731,32.42043],[-117.24753,32.42062],[-117.24798,32.42024],[-117.24731,32.41986],[-117.24731,32.41911],[-117.24709,32.41892],[-117.24686,32.41892],[-117.24619,32.41968],[-117.24597,32.41968],[-117.2453,32.42024],[-117.2453,32.42081],[-117.24575,32.42118],[-117.24619,32.42118]],[[-117.2511,32.42099],[-117.2511,32.42099]],[[-117.24642,32.42099],[-117.24642,32.42099]],[[-117.24553,32.42099],[-117.24553,32.42099]],[[-117.25043,32.42081],[-117.25043,32.42081]],[[-117.25154,32.42062],[-117.25154,32.42062]],[[-117.24664,32.42062],[-117.24664,32.42062]],[[-117.25087,32.42024],[-117.25043,32.42043],[-117.2511,32.42005],[-117.25087,32.42024]],[[-117.24775,32.42043],[-117.24775,32.42043]],[[-117.24731,32.42043],[-117.24731,32.42043]],[[-117.24686,32.42043],[-117.24686,32.42043]],[[-117.26045,32.42024],[-117.26157,32.41892],[-117.26157,32.41817],[-117.26201,32.4178],[-117.26201,32.41723],[-117.26157,32.41667],[-117.26112,32.41648],[-117.2609,32.4161],[-117.2609,32.41573],[-117.25956,32.41441],[-117.25867,32.41497],[-117.25867,32.41573],[-117.25889,32.41592],[-117.25889,32.41742],[-117.25867,32.4178],[-117.25733,32.41798],[-117.25711,32.41817],[-117.25711,32.41855],[-117.25778,32.4193],[-117.25823,32.41911],[-117.25889,32.41911],[-117.25934,32.41968],[-117.25978,32.41968],[-117.26001,32.41949],[-117.26001,32.41986],[-117.26045,32.42024]],[[-117.25065,32.42024],[-117.25065,32.42024]],[[-117.24976,32.42024],[-117.24976,32.42024]],[[-117.26068,32.42005],[-117.26068,32.42005]],[[-117.26023,32.42005],[-117.26023,32.42005]],[[-117.2511,32.42005],[-117.2511,32.41986],[-117.2511,32.42005]],[[-117.24909,32.42005],[-117.24909,32.42005]],[[-117.2511,32.41986],[-117.2511,32.41986]],[[-117.2609,32.41968],[-117.2609,32.41968]],[[-117.2482,32.41968],[-117.2482,32.41968]],[[-117.26112,32.41949],[-117.26112,32.41949]],[[-117.26001,32.41949],[-117.26001,32.41949]],[[-117.25912,32.4193],[-117.25912,32.4193]],[[-117.26134,32.41911],[-117.26134,32.41911]],[[-117.25889,32.41911],[-117.25889,32.41911]],[[-117.25823,32.41911],[-117.25823,32.41911]],[[-117.25756,32.41892],[-117.25756,32.41892]],[[-117.24798,32.41892],[-117.24798,32.41892]],[[-117.25733,32.41874],[-117.25733,32.41874]],[[-117.24753,32.41874],[-117.24753,32.41874]],[[-117.26157,32.41817],[-117.26157,32.41817]],[[-117.26179,32.41798],[-117.26179,32.41798]],[[-117.24731,32.41798],[-117.24731,32.41798]],[[-117.24709,32.41761],[-117.24709,32.41761]],[[-117.24664,32.41742],[-117.24664,32.41742]],[[-117.24619,32.41723],[-117.24619,32.41723]],[[-117.24597,32.41686],[-117.24597,32.41686]],[[-117.24575,32.41648],[-117.24575,32.41648]],[[-117.24553,32.41629],[-117.24553,32.41629]],[[-117.25889,32.41592],[-117.25889,32.41592]],[[-117.2453,32.41592],[-117.2453,32.41592]],[[-117.24508,32.41554],[-117.24508,32.41554]],[[-117.24486,32.41535],[-117.24486,32.41535]],[[-117.24464,32.41516],[-117.24464,32.41516]],[[-117.24397,32.41497],[-117.24397,32.41497]],[[-117.24352,32.41479],[-117.24352,32.41479]],[[-117.2433,32.4146],[-117.2433,32.4146]],[[-117.24308,32.41441],[-117.24308,32.41441]],[[-117.24285,32.41422],[-117.24285,32.41422]],[[-117.24976,32.41366],[-117.24976,32.41366]],[[-117.24263,32.41272],[-117.24263,32.41272]],[[-117.24241,32.41215],[-117.24241,32.41215]],[[-117.24218,32.41178],[-117.24218,32.41178]],[[-117.24196,32.41103],[-117.24196,32.41103]],[[-117.24174,32.41027],[-117.24174,32.41027]],[[-117.24887,32.4099],[-117.24887,32.4099]],[[-117.24575,32.40802],[-117.24575,32.40802]],[[-117.24686,32.40745],[-117.24753,32.40708],[-117.24753,32.4067],[-117.24731,32.40651],[-117.24731,32.40576],[-117.24709,32.40557],[-117.24664,32.40557],[-117.24642,32.40576],[-117.24642,32.40651],[-117.24664,32.4067],[-117.24664,32.40726],[-117.24686,32.40745]],[[-117.24709,32.40726],[-117.24709,32.40726]],[[-117.24664,32.4067],[-117.24664,32.4067]],[[-117.24753,32.40538],[-117.24842,32.40463],[-117.24842,32.4035],[-117.24753,32.40237],[-117.24753,32.402],[-117.24731,32.40181],[-117.24731,32.4003],[-117.24686,32.39974],[-117.24664,32.39993],[-117.24664,32.40049],[-117.24642,32.40068],[-117.24664,32.40106],[-117.24664,32.40143],[-117.24642,32.40162],[-117.24664,32.40181],[-117.24664,32.40219],[-117.24642,32.40237],[-117.24664,32.40275],[-117.24753,32.40331],[-117.24753,32.40369],[-117.24731,32.40407],[-117.24753,32.40425],[-117.24753,32.40482],[-117.24709,32.40519],[-117.24753,32.40538]],[[-117.24152,32.40538],[-117.24152,32.40538]],[[-117.24775,32.40519],[-117.24775,32.40519]],[[-117.24798,32.40501],[-117.24798,32.40501]],[[-117.24575,32.40501],[-117.24575,32.40501]],[[-117.24486,32.40501],[-117.24486,32.40501]],[[-117.24129,32.40501],[-117.24129,32.40501]],[[-117.2482,32.40482],[-117.2482,32.40482]],[[-117.24664,32.40482],[-117.24664,32.40482]],[[-117.24553,32.40482],[-117.24553,32.40482]],[[-117.2453,32.40463],[-117.2453,32.40463]],[[-117.24508,32.40463],[-117.24508,32.40463]],[[-117.24107,32.40463],[-117.24107,32.40463]],[[-117.23795,32.40444],[-117.23862,32.40369],[-117.23862,32.4035],[-117.23907,32.40388],[-117.23951,32.40388],[-117.23973,32.40369],[-117.23973,32.40313],[-117.23929,32.40275],[-117.23907,32.40275],[-117.23907,32.40237],[-117.23884,32.40219],[-117.23884,32.40181],[-117.23907,32.40162],[-117.23884,32.40125],[-117.2384,32.40143],[-117.2384,32.40275],[-117.23884,32.40313],[-117.23862,32.4035],[-117.2384,32.40313],[-117.23773,32.40294],[-117.23706,32.4035],[-117.23706,32.40425],[-117.23728,32.40444],[-117.23795,32.40444]],[[-117.24753,32.40425],[-117.24753,32.40425]],[[-117.23817,32.40407],[-117.23817,32.40407]],[[-117.24664,32.40388],[-117.24664,32.40388]],[[-117.24085,32.40388],[-117.24085,32.40388]],[[-117.2384,32.40388],[-117.2384,32.40388]],[[-117.23884,32.40369],[-117.23884,32.40369]],[[-117.24753,32.40331],[-117.24753,32.40331]],[[-117.24508,32.40331],[-117.24508,32.40331]],[[-117.24063,32.40331],[-117.24063,32.40331]],[[-117.24731,32.40313],[-117.24731,32.40313]],[[-117.23884,32.40313],[-117.23884,32.40313]],[[-117.24686,32.40294],[-117.24686,32.40294]],[[-117.2453,32.40294],[-117.2453,32.40294]],[[-117.2404,32.40294],[-117.2404,32.40294]],[[-117.23862,32.40294],[-117.23862,32.40294]],[[-117.24553,32.40275],[-117.24553,32.40275]],[[-117.24018,32.40275],[-117.24018,32.40275]],[[-117.24664,32.40256],[-117.24664,32.40256]],[[-117.23996,32.40256],[-117.23996,32.40256]],[[-117.24664,32.40181],[-117.24664,32.40181]],[[-117.23884,32.40181],[-117.23884,32.40181]],[[-117.24664,32.40087],[-117.24664,32.40087]],[[-117.24575,32.40049],[-117.24575,32.40049]],[[-117.23862,32.40049],[-117.23907,32.39993],[-117.23884,32.39974],[-117.2384,32.39993],[-117.2384,32.4003],[-117.23862,32.40049]],[[-117.23884,32.40012],[-117.23884,32.40012]],[[-117.23973,32.39993],[-117.23973,32.39993]],[[-117.24575,32.39955],[-117.24575,32.39955]],[[-117.23951,32.39955],[-117.23951,32.39955]],[[-117.23929,32.39918],[-117.23929,32.39918]],[[-117.24575,32.39899],[-117.24575,32.39899]],[[-117.23907,32.39842],[-117.23907,32.39842]],[[-117.23795,32.39692],[-117.23817,32.39673],[-117.23817,32.39598],[-117.2384,32.39579],[-117.23817,32.39541],[-117.23817,32.39504],[-117.23795,32.39485],[-117.23706,32.39485],[-117.23661,32.39523],[-117.23661,32.39635],[-117.23795,32.39692]],[[-117.23751,32.39673],[-117.23751,32.39673]],[[-117.24642,32.39654],[-117.24642,32.39654]],[[-117.24553,32.39654],[-117.24553,32.39654]],[[-117.23706,32.39654],[-117.23706,32.39654]],[[-117.2453,32.39635],[-117.2453,32.39635]],[[-117.24508,32.39617],[-117.24508,32.39617]],[[-117.24486,32.39598],[-117.24486,32.39579],[-117.24486,32.39598]],[[-117.23817,32.39598],[-117.23817,32.39598]],[[-117.24486,32.39579],[-117.24486,32.3956],[-117.24486,32.39579]],[[-117.24486,32.3956],[-117.24486,32.3956]],[[-117.23884,32.39466],[-117.23884,32.39466]],[[-117.23862,32.3941],[-117.23862,32.3941]],[[-117.30779,32.36795],[-117.30852,32.3719],[-117.3085,32.37341],[-117.30758,32.37567],[-117.30572,32.37905],[-117.30489,32.3798],[-117.3039,32.38019],[-117.29944,32.37987],[-117.2981,32.38018],[-117.29677,32.38085],[-117.29499,32.3823],[-117.29343,32.38423],[-117.29265,32.38601],[-117.29251,32.3877],[-117.29308,32.38958],[-117.29432,32.39122],[-117.29591,32.39241],[-117.2981,32.39331],[-117.30078,32.39379],[-117.30412,32.39387],[-117.30813,32.39337],[-117.31036,32.39266]],[[-117.29298,32.38507],[-117.29298,32.38507]],[[-117.2981,32.38018],[-117.2981,32.38018]],[[-117.30635,32.37811],[-117.30635,32.37811]],[[-117.29421,32.36795],[-117.2961,32.36928],[-117.29766,32.36966],[-117.29855,32.36954],[-117.29922,32.36927],[-117.30011,32.36861],[-117.3007,32.36795]]]},"properties":{"depth_m":475}},{"type":"Feature","geometry":{"type":"MultiLineString","coordinates":[[[-117.29944,32.44638],[-117.30078,32.44488],[-117.30078,32.44243],[-117.30033,32.44225],[-117.30011,32.44187],[-117.30011,32.44131],[-117.30056,32.44093],[-117.30033,32.44074],[-117.30033,32.43999],[-117.29989,32.43943],[-117.29944,32.43961],[-117.29877,32.43886],[-117.29877,32.43867],[-117.29833,32.43848],[-117.29855,32.4383],[-117.29833,32.43811],[-117.29833,32.4366],[-117.29788,32.43642],[-117.29788,32.43604],[-117.29744,32.43585],[-117.29744,32.43491],[-117.29721,32.43472],[-117.29654,32.43472],[-117.2961,32.43454],[-117.2961,32.43435],[-117.29543,32.43378],[-117.29499,32.43378],[-117.29476,32.43359],[-117.29454,32.43378],[-117.29409,32.43359],[-117.29365,32.43378],[-117.2932,32.43454],[-117.2932,32.43491],[-117.29409,32.43585],[-117.29409,32.43623],[-117.29387,32.43642],[-117.29387,32.43811],[-117.29499,32.43999],[-117.29499,32.44055],[-117.29521,32.44093],[-117.2961,32.44168],[-117.2961,32.44337],[-117.29744,32.44469],[-117.29766,32.44526],[-117.29833,32.44582],[-117.29922,32.44582],[-117.29922,32.4462],[-117.29944,32.44638]],[[-117.29588,32.44638],[-117.29632,32.44601],[-117.29632,32.44563],[-117.29588,32.44507],[-117.29565,32.44507],[-117.29521,32.44544],[-117.29521,32.44601],[-117.29565,32.44638],[-117.29588,32.44638]],[[-117.2961,32.4462],[-117.2961,32.4462]],[[-117.29543,32.4462],[-117.29543,32.4462]],[[-117.29966,32.44601],[-117.29966,32.44601]],[[-117.29989,32.44582],[-117.29989,32.44582]],[[-117.29922,32.44582],[-117.29922,32.44582]],[[-117.30011,32.44563],[-117.30011,32.44563]],[[-117.2981,32.44563],[-117.2981,32.44563]],[[-117.30033,32.44544],[-117.30033,32.44544]],[[-117.29788,32.44544],[-117.29788,32.44544]],[[-117.30056,32.44507],[-117.30056,32.44507]],[[-117.29766,32.44507],[-117.29766,32.44507]],[[-117.29744,32.44469],[-117.29744,32.44469]],[[-117.29721,32.4445],[-117.29721,32.4445]],[[-117.29699,32.44432],[-117.29699,32.44432]],[[-117.29677,32.44394],[-117.29677,32.44394]],[[-117.29654,32.44375],[-117.29654,32.44375]],[[-117.29632,32.44356],[-117.29632,32.44356]],[[-117.2961,32.44168],[-117.2961,32.44168]],[[-117.29588,32.44149],[-117.29588,32.44149]],[[-117.30011,32.44131],[-117.30011,32.44131]],[[-117.29565,32.44131],[-117.29565,32.44131]],[[-117.30033,32.44112],[-117.30033,32.44112]],[[-117.29543,32.44112],[-117.29543,32.44112]],[[-117.29521,32.44074],[-117.29521,32.44074]],[[-117.29499,32.43999],[-117.29499,32.43999]],[[-117.29476,32.43961],[-117.29476,32.43961]],[[-117.29454,32.43924],[-117.29454,32.43924]],[[-117.29432,32.43886],[-117.29432,32.43886]],[[-117.29833,32.43848],[-117.29833,32.43848]],[[-117.29409,32.4383],[-117.29409,32.4383]],[[-117.2656,32.36795],[-117.26681,32.3704],[-117.26743,32.37303],[-117.26804,32.38375],[-117.26996,32.4003],[-117.2711,32.40463],[-117.27182,32.40628],[-117.27262,32.40764],[-117.27382,32.40914],[-117.27516,32.41035],[-117.27672,32.41129],[-117.27805,32.41166],[-117.27894,32.41165],[-117.27984,32.41143],[-117.28407,32.40943],[-117.2863,32.40878],[-117.28763,32.40869],[-117.28875,32.4088],[-117.28986,32.40914],[-117.29088,32.40971],[-117.29164,32.4104],[-117.29223,32.41121],[-117.29286,32.41309],[-117.29279,32.41516],[-117.29178,32.41949],[-117.29195,32.42081],[-117.29257,32.42193],[-117.29372,32.42306],[-117.29699,32.42549],[-117.2981,32.42664],[-117.29912,32.42814],[-117.30189,32.43346],[-117.30301,32.43497],[-117.30412,32.43603],[-117.30523,32.43655],[-117.30657,32.43659],[-117.30813,32.43614],[-117.31036,32.43504]],[[-117.29409,32.43585],[-117.29409,32.43585]],[[-117.29387,32.43566],[-117.29387,32.43566]],[[-117.29365,32.43548],[-117.29365,32.43548]],[[-117.29343,32.4351],[-117.29343,32.4351]],[[-117.26335,32.42607],[-117.2638,32.42551],[-117.26357,32.42513],[-117.26402,32.42438],[-117.2629,32.42306],[-117.26246,32.42344],[-117.26268,32.42363],[-117.26246,32.42381],[-117.26268,32.42419],[-117.26246,32.42438],[-117.26246,32.42494],[-117.2629,32.4257],[-117.26335,32.42607]],[[-117.26313,32.42588],[-117.26313,32.42588]],[[-117.26357,32.4257],[-117.26357,32.4257]],[[-117.2629,32.42551],[-117.2629,32.42551]],[[-117.26357,32.42513],[-117.26357,32.42513]],[[-117.26268,32.42513],[-117.26268,32.42513]],[[-117.2638,32.42475],[-117.2638,32.42475]],[[-117.26268,32.424],[-117.26268,32.424]],[[-117.26268,32.42363],[-117.26268,32.42363]],[[-117.25087,32.42118],[-117.25154,32.42081],[-117.25176,32.42043],[-117.25176,32.42005],[-117.25154,32.41986],[-117.25154,32.41911],[-117.25132,32.41892],[-117.25132,32.41855],[-117.24998,32.41742],[-117.24998,32.41479],[-117.24976,32.41441],[-117.24998,32.41272],[-117.24954,32.41197],[-117.24954,32.41121],[-117.24931,32.41103],[-117.24931,32.41046],[-117.24887,32.4099],[-117.24909,32.40971],[-117.24909,32.40933],[-117.24865,32.40896],[-117.2482,32.40896],[-117.2482,32.40877],[-117.24731,32.40802],[-117.24664,32.40802],[-117.24642,32.40839],[-117.24597,32.40839],[-117.24575,32.4082],[-117.24597,32.40783],[-117.24575,32.40764],[-117.24575,32.40595],[-117.24486,32.40538],[-117.24486,32.40501],[-117.24508,32.40463],[-117.2453,32.40463],[-117.24597,32.40519],[-117.24642,32.40519],[-117.24686,32.40463],[-117.24686,32.40425],[-117.24664,32.40388],[-117.24686,32.40369],[-117.24686,32.40331],[-117.24642,32.40294],[-117.24597,32.40294],[-117.24508,32.40331],[-117.24575,32.40256],[-117.24575,32.40049],[-117.24597,32.4003],[-117.24575,32.40012],[-117.24575,32.39955],[-117.24597,32.39936],[-117.24575,32.39899],[-117.24597,32.3988],[-117.24597,32.39842],[-117.2453,32.39767],[-117.2453,32.3973],[-117.24486,32.39673],[-117.24486,32.39598],[-117.24575,32.39673],[-117.24619,32.39673],[-117.24664,32.39635],[-117.24664,32.3956],[-117.24597,32.39485],[-117.2453,32.39485],[-117.24508,32.39466],[-117.24441,32.39485],[-117.24419,32.39447],[-117.24419,32.39391],[-117.24374,32.39372],[-117.2433,32.39316],[-117.2433,32.39241],[-117.24241,32.39146],[-117.24241,32.39071],[-117.24218,32.39052],[-117.24174,32.39052],[-117.24152,32.39034],[-117.23996,32.39034],[-117.23973,32.39015],[-117.23884,32.39109],[-117.23884,32.39146],[-117.23862,32.39165],[-117.23862,32.39353],[-117.2384,32.39391],[-117.23884,32.39466],[-117.23884,32.39824],[-117.23907,32.39842],[-117.23907,32.39899],[-117.23973,32.39993],[-117.23973,32.40237],[-117.24063,32.40331],[-117.24063,32.40369],[-117.24085,32.40388],[-117.24085,32.40444],[-117.24152,32.40538],[-117.24152,32.41008],[-117.24174,32.41027],[-117.24196,32.41159],[-117.24263,32.41272],[-117.24263,32.41403],[-117.24374,32.41497],[-117.24464,32.41516],[-117.24508,32.41554],[-117.24597,32.41704],[-117.24642,32.41742],[-117.24709,32.41761],[-117.24731,32.41798],[-117.24731,32.41855],[-117.24775,32.41892],[-117.24798,32.41892],[-117.24798,32.41949],[-117.2482,32.41986],[-117.24842,32.42005],[-117.24909,32.42005],[-117.24931,32.42024],[-117.25043,32.42043],[-117.2502,32.42062],[-117.25043,32.42099],[-117.25087,32.42118]],[[-117.24619,32.42118],[-117.24686,32.42043],[-117.24731,32.42043],[-117.24753,32.42062],[-117.24798,32.42024],[-117.24731,32.41986],[-117.24731,32.41911],[-117.24709,32.41892],[-117.24686,32.41892],[-117.24619,32.41968],[-117.24597,32.41968],[-117.2453,32.42024],[-117.2453,32.42081],[-117.24575,32.42118],[-117.24619,32.42118]],[[-117.2511,32.42099],[-117.2511,32.42099]],[[-117.24642,32.42099],[-117.24642,32.42099]],[[-117.24553,32.42099],[-117.24553,32.42099]],[[-117.25043,32.42081],[-117.25043,32.42081]],[[-117.25154,32.42062],[-117.25154,32.42062]],[[-117.24664,32.42062],[-117.24664,32.42062]],[[-117.25087,32.42024],[-117.25043,32.42043],[-117.2511,32.42005],[-117.25087,32.42024]],[[-117.24775,32.42043],[-117.24775,32.42043]],[[-117.24731,32.42043],[-117.24731,32.42043]],[[-117.24686,32.42043],[-117.24686,32.42043]],[[-117.26045,32.42024],[-117.26157,32.41892],[-117.26157,32.41817],[-117.26201,32.4178],[-117.26201,32.41723],[-117.26157,32.41667],[-117.26112,32.41648],[-117.2609,32.4161],[-117.2609,32.41573],[-117.25956,32.41441],[-117.25867,32.41497],[-117.25867,32.41573],[-117.25889,32.41592],[-117.25889,32.41742],[-117.25867,32.4178],[-117.25733,32.41798],[-117.25711,32.41817],[-117.25711,32.41855],[-117.25778,32.4193],[-117.25823,32.41911],[-117.25889,32.41911],[-117.25934,32.41968],[-117.25978,32.41968],[-117.26001,32.41949],[-117.26001,32.41986],[-117.26045,32.42024]],[[-117.25065,32.42024],[-117.25065,32.42024]],[[-117.24976,32.42024],[-117.24976,32.42024]],[[-117.26068,32.42005],[-117.26068,32.42005]],[[-117.26023,32.42005],[-117.26023,32.42005]],[[-117.2511,32.42005],[-117.2511,32.41986],[-117.2511,32.42005]],[[-117.24909,32.42005],[-117.24909,32.42005]],[[-117.2511,32.41986],[-117.2511,32.41986]],[[-117.2609,32.41968],[-117.2609,32.41968]],[[-117.2482,32.41968],[-117.2482,32.41968]],[[-117.26112,32.41949],[-117.26112,32.41949]],[[-117.26001,32.41949],[-117.26001,32.41949]],[[-117.25912,32.4193],[-117.25912,32.4193]],[[-117.26134,32.41911],[-117.26134,32.41911]],[[-117.25889,32.41911],[-117.25889,32.41911]],[[-117.25823,32.41911],[-117.25823,32.41911]],[[-117.25756,32.41892],[-117.25756,32.41892]],[[-117.24798,32.41892],[-117.24798,32.41892]],[[-117.25733,32.41874],[-117.25733,32.41874]],[[-117.24753,32.41874],[-117.24753,32.41874]],[[-117.26157,32.41817],[-117.26157,32.41817]],[[-117.26179,32.41798],[-117.26179,32.41798]],[[-117.24731,32.41798],[-117.24731,32.41798]],[[-117.24709,32.41761],[-117.24709,32.41761]],[[-117.24664,32.41742],[-117.24664,32.41742]],[[-117.24619,32.41723],[-117.24619,32.41723]],[[-117.24597,32.41686],[-117.24597,32.41686]],[[-117.24575,32.41648],[-117.24575,32.41648]],[[-117.29253,32.41629],[-117.29253,32.41629]],[[-117.24553,32.41629],[-117.24553,32.41629]],[[-117.25889,32.41592],[-117.25889,32.41592]],[[-117.2453,32.41592],[-117.2453,32.41592]],[[-117.24508,32.41554],[-117.24508,32.41554]],[[-117.24486,32.41535],[-117.24486,32.41535]],[[-117.24464,32.41516],[-117.24464,32.41516]],[[-117.24397,32.41497],[-117.24397,32.41497]],[[-117.24352,32.41479],[-117.24352,32.41479]],[[-117.2433,32.4146],[-117.2433,32.4146]],[[-117.24308,32.41441],[-117.24308,32.41441]],[[-117.24285,32.41422],[-117.24285,32.41422]],[[-117.24976,32.41366],[-117.24976,32.41366]],[[-117.24263,32.41272],[-117.24263,32.41272]],[[-117.24241,32.41215],[-117.24241,32.41215]],[[-117.24218,32.41178],[-117.24218,32.41178]],[[-117.24196,32.41103],[-117.24196,32.41103]],[[-117.24174,32.41027],[-117.24174,32.41027]],[[-117.24887,32.4099],[-117.24887,32.4099]],[[-117.24575,32.40802],[-117.24575,32.40802]],[[-117.24686,32.40745],[-117.24753,32.40708],[-117.24753,32.4067],[-117.24731,32.40651],[-117.24731,32.40576],[-117.24709,32.40557],[-117.24664,32.40557],[-117.24642,32.40576],[-117.24642,32.40651],[-117.24664,32.4067],[-117.24664,32.40726],[-117.24686,32.40745]],[[-117.24709,32.40726],[-117.24709,32.40726]],[[-117.24664,32.4067],[-117.24664,32.4067]],[[-117.24753,32.40538],[-117.24842,32.40463],[-117.24842,32.4035],[-117.24753,32.40237],[-117.24753,32.402],[-117.24731,32.40181],[-117.24731,32.4003],[-117.24686,32.39974],[-117.24664,32.39993],[-117.24664,32.40049],[-117.24642,32.40068],[-117.24664,32.40106],[-117.24664,32.40143],[-117.24642,32.40162],[-117.24664,32.40181],[-117.24664,32.40219],[-117.24642,32.40237],[-117.24664,32.40275],[-117.24753,32.40331],[-117.24753,32.40369],[-117.24731,32.40407],[-117.24753,32.40425],[-117.24753,32.40482],[-117.24709,32.40519],[-117.24753,32.40538]],[[-117.24152,32.40538],[-117.24152,32.40538]],[[-117.24775,32.40519],[-117.24775,32.40519]],[[-117.24798,32.40501],[-117.24798,32.40501]],[[-117.24575,32.40501],[-117.24575,32.40501]],[[-117.24486,32.40501],[-117.24486,32.40501]],[[-117.24129,32.40501],[-117.24129,32.40501]],[[-117.2482,32.40482],[-117.2482,32.40482]],[[-117.24664,32.40482],[-117.24664,32.40482]],[[-117.24553,32.40482],[-117.24553,32.40482]],[[-117.2453,32.40463],[-117.2453,32.40463]],[[-117.24508,32.40463],[-117.24508,32.40463]],[[-117.24107,32.40463],[-117.24107,32.40463]],[[-117.23795,32.40444],[-117.23862,32.40369],[-117.23862,32.4035],[-117.23907,32.40388],[-117.23951,32.40388],[-117.23973,32.40369],[-117.23973,32.40313],[-117.23929,32.40275],[-117.23907,32.40275],[-117.23907,32.40237],[-117.23884,32.40219],[-117.23884,32.40181],[-117.23907,32.40162],[-117.23884,32.40125],[-117.2384,32.40143],[-117.2384,32.40275],[-117.23884,32.40313],[-117.23862,32.4035],[-117.2384,32.40313],[-117.23773,32.40294],[-117.23706,32.4035],[-117.23706,32.40425],[-117.23728,32.40444],[-117.23795,32.40444]],[[-117.24753,32.40425],[-117.24753,32.40425]],[[-117.23817,32.40407],[-117.23817,32.40407]],[[-117.24664,32.40388],[-117.24664,32.40388]],[[-117.24085,32.40388],[-117.24085,32.40388]],[[-117.2384,32.40388],[-117.2384,32.40388]],[[-117.23884,32.40369],[-117.23884,32.40369]],[[-117.24753,32.40331],[-117.24753,32.40331]],[[-117.24508,32.40331],[-117.24508,32.40331]],[[-117.24063,32.40331],[-117.24063,32.40331]],[[-117.24731,32.40313],[-117.24731,32.40313]],[[-117.23884,32.40313],[-117.23884,32.40313]],[[-117.24686,32.40294],[-117.24686,32.40294]],[[-117.2453,32.40294],[-117.2453,32.40294]],[[-117.2404,32.40294],[-117.2404,32.40294]],[[-117.23862,32.40294],[-117.23862,32.40294]],[[-117.24553,32.40275],[-117.24553,32.40275]],[[-117.24018,32.40275],[-117.24018,32.40275]],[[-117.24664,32.40256],[-117.24664,32.40256]],[[-117.23996,32.40256],[-117.23996,32.40256]],[[-117.24664,32.40181],[-117.24664,32.40181]],[[-117.23884,32.40181],[-117.23884,32.40181]],[[-117.24664,32.40087],[-117.24664,32.40087]],[[-117.24575,32.40049],[-117.24575,32.40049]],[[-117.23862,32.40049],[-117.23907,32.39993],[-117.23884,32.39974],[-117.2384,32.39993],[-117.2384,32.4003],[-117.23862,32.40049]],[[-117.23884,32.40012],[-117.23884,32.40012]],[[-117.23973,32.39993],[-117.23973,32.39993]],[[-117.24575,32.39955],[-117.24575,32.39955]],[[-117.23951,32.39955],[-117.23951,32.39955]],[[-117.23929,32.39918],[-117.23929,32.39918]],[[-117.24575,32.39899],[-117.24575,32.39899]],[[-117.23907,32.39842],[-117.23907,32.39842]],[[-117.23795,32.39692],[-117.23817,32.39673],[-117.23817,32.39598],[-117.2384,32.39579],[-117.23817,32.39541],[-117.23817,32.39504],[-117.23795,32.39485],[-117.23706,32.39485],[-117.23661,32.39523],[-117.23661,32.39635],[-117.23795,32.39692]],[[-117.23751,32.39673],[-117.23751,32.39673]],[[-117.24642,32.39654],[-117.24642,32.39654]],[[-117.24553,32.39654],[-117.24553,32.39654]],[[-117.23706,32.39654],[-117.23706,32.39654]],[[-117.2453,32.39635],[-117.2453,32.39635]],[[-117.24508,32.39617],[-117.24508,32.39617]],[[-117.24486,32.39598],[-117.24486,32.39579],[-117.24486,32.39598]],[[-117.23817,32.39598],[-117.23817,32.39598]],[[-117.24486,32.39579],[-117.24486,32.3956],[-117.24486,32.39579]],[[-117.24486,32.3956],[-117.24486,32.3956]],[[-117.30599,32.36795],[-117.30627,32.37096],[-117.30615,32.37303],[-117.30537,32.37623],[-117.30445,32.3783],[-117.3039,32.3788],[-117.30359,32.37886],[-117.30078,32.37851],[-117.29944,32.37859],[-117.2981,32.37908],[-117.29677,32.37995],[-117.29454,32.38208],[-117.29298,32.38422],[-117.29223,32.3862],[-117.29219,32.38808],[-117.29287,32.38996],[-117.29409,32.39154],[-117.29588,32.39288],[-117.2981,32.39383],[-117.30078,32.39436],[-117.3039,32.39453],[-117.30801,32.3941],[-117.31036,32.39351]],[[-117.23884,32.39466],[-117.23884,32.39466]],[[-117.23862,32.3941],[-117.23862,32.3941]],[[-117.29352,32.36795],[-117.2961,32.37026],[-117.29744,32.37085],[-117.29855,32.37099],[-117.29966,32.37074],[-117.30056,32.3702],[-117.3015,32.36927],[-117.30239,32.36795]]]},"properties":{"depth_m":500}},{"type":"Feature","geometry":{"type":"MultiLineString","coordinates":[[[-117.29944,32.44638],[-117.30078,32.44488],[-117.30078,32.44243],[-117.30033,32.44225],[-117.30011,32.44187],[-117.30011,32.44131],[-117.30056,32.44093],[-117.30033,32.44074],[-117.30033,32.43999],[-117.29989,32.43943],[-117.29944,32.43961],[-117.29877,32.43886],[-117.29877,32.43867],[-117.29833,32.43848],[-117.29855,32.4383],[-117.29833,32.43811],[-117.29833,32.4366],[-117.29788,32.43642],[-117.29788,32.43604],[-117.29744,32.43585],[-117.29744,32.43491],[-117.29721,32.43472],[-117.29654,32.43472],[-117.2961,32.43454],[-117.2961,32.43435],[-117.29543,32.43378],[-117.29499,32.43378],[-117.29476,32.43359],[-117.29454,32.43378],[-117.29409,32.43359],[-117.29365,32.43378],[-117.2932,32.43454],[-117.2932,32.43491],[-117.29409,32.43585],[-117.29409,32.43623],[-117.29387,32.43642],[-117.29387,32.43811],[-117.29499,32.43999],[-117.29499,32.44055],[-117.29521,32.44093],[-117.2961,32.44168],[-117.2961,32.44337],[-117.29744,32.44469],[-117.29766,32.44526],[-117.29833,32.44582],[-117.29922,32.44582],[-117.29922,32.4462],[-117.29944,32.44638]],[[-117.29588,32.44638],[-117.29632,32.44601],[-117.29632,32.44563],[-117.29588,32.44507],[-117.29565,32.44507],[-117.29521,32.44544],[-117.29521,32.44601],[-117.29565,32.44638],[-117.29588,32.44638]],[[-117.2961,32.4462],[-117.2961,32.4462]],[[-117.29543,32.4462],[-117.29543,32.4462]],[[-117.29966,32.44601],[-117.29966,32.44601]],[[-117.29989,32.44582],[-117.29989,32.44582]],[[-117.29922,32.44582],[-117.29922,32.44582]],[[-117.30011,32.44563],[-117.30011,32.44563]],[[-117.2981,32.44563],[-117.2981,32.44563]],[[-117.30033,32.44544],[-117.30033,32.44544]],[[-117.29788,32.44544],[-117.29788,32.44544]],[[-117.30056,32.44507],[-117.30056,32.44507]],[[-117.29766,32.44507],[-117.29766,32.44507]],[[-117.29744,32.44469],[-117.29744,32.44469]],[[-117.29721,32.4445],[-117.29721,32.4445]],[[-117.29699,32.44432],[-117.29699,32.44432]],[[-117.29677,32.44394],[-117.29677,32.44394]],[[-117.29654,32.44375],[-117.29654,32.44375]],[[-117.29632,32.44356],[-117.29632,32.44356]],[[-117.2961,32.44168],[-117.2961,32.44168]],[[-117.29588,32.44149],[-117.29588,32.44149]],[[-117.30011,32.44131],[-117.30011,32.44131]],[[-117.29565,32.44131],[-117.29565,32.44131]],[[-117.30033,32.44112],[-117.30033,32.44112]],[[-117.29543,32.44112],[-117.29543,32.44112]],[[-117.29521,32.44074],[-117.29521,32.44074]],[[-117.29499,32.43999],[-117.29499,32.43999]],[[-117.29476,32.43961],[-117.29476,32.43961]],[[-117.29454,32.43924],[-117.29454,32.43924]],[[-117.29432,32.43886],[-117.29432,32.43886]],[[-117.29833,32.43848],[-117.29833,32.43848]],[[-117.29409,32.4383],[-117.29409,32.4383]],[[-117.2656,32.36795],[-117.26681,32.3704],[-117.26743,32.37303],[-117.26804,32.38375],[-117.26996,32.4003],[-117.2711,32.40463],[-117.27182,32.40628],[-117.27262,32.40764],[-117.27382,32.40914],[-117.27516,32.41035],[-117.27672,32.41129],[-117.27805,32.41166],[-117.27894,32.41165],[-117.27984,32.41143],[-117.28407,32.40943],[-117.2863,32.40878],[-117.28763,32.40869],[-117.28875,32.4088],[-117.28986,32.40914],[-117.29088,32.40971],[-117.29164,32.4104],[-117.29223,32.41121],[-117.29286,32.41309],[-117.29279,32.41516],[-117.29178,32.41949],[-117.29195,32.42081],[-117.29257,32.42193],[-117.29372,32.42306],[-117.29699,32.42549],[-117.2981,32.42664],[-117.29912,32.42814],[-117.30189,32.43346],[-117.30301,32.43497],[-117.30412,32.43603],[-117.30523,32.43655],[-117.30657,32.43659],[-117.30813,32.43614],[-117.31036,32.43504]],[[-117.29409,32.43585],[-117.29409,32.43585]],[[-117.29387,32.43566],[-117.29387,32.43566]],[[-117.29365,32.43548],[-117.29365,32.43548]],[[-117.29343,32.4351],[-117.29343,32.4351]],[[-117.26335,32.42607],[-117.2638,32.42551],[-117.26357,32.42513],[-117.26402,32.42438],[-117.2629,32.42306],[-117.26246,32.42344],[-117.26268,32.42363],[-117.26246,32.42381],[-117.26268,32.42419],[-117.26246,32.42438],[-117.26246,32.42494],[-117.2629,32.4257],[-117.26335,32.42607]],[[-117.26313,32.42588],[-117.26313,32.42588]],[[-117.26357,32.4257],[-117.26357,32.4257]],[[-117.2629,32.42551],[-117.2629,32.42551]],[[-117.26357,32.42513],[-117.26357,32.42513]],[[-117.26268,32.42513],[-117.26268,32.42513]],[[-117.2638,32.42475],[-117.2638,32.42475]],[[-117.26268,32.424],[-117.26268,32.424]],[[-117.26268,32.42363],[-117.26268,32.42363]],[[-117.25087,32.42118],[-117.25154,32.42081],[-117.25176,32.42043],[-117.25176,32.42005],[-117.25154,32.41986],[-117.25154,32.41911],[-117.25132,32.41892],[-117.25132,32.41855],[-117.24998,32.41742],[-117.24998,32.41479],[-117.24976,32.41441],[-117.24998,32.41272],[-117.24954,32.41197],[-117.24954,32.41121],[-117.24931,32.41103],[-117.24931,32.41046],[-117.24887,32.4099],[-117.24909,32.40971],[-117.24909,32.40933],[-117.24865,32.40896],[-117.2482,32.40896],[-117.2482,32.40877],[-117.24731,32.40802],[-117.24664,32.40802],[-117.24642,32.40839],[-117.24597,32.40839],[-117.24575,32.4082],[-117.24597,32.40783],[-117.24575,32.40764],[-117.24575,32.40595],[-117.24486,32.40538],[-117.24486,32.40501],[-117.24508,32.40463],[-117.2453,32.40463],[-117.24597,32.40519],[-117.24642,32.40519],[-117.24686,32.40463],[-117.24686,32.40425],[-117.24664,32.40388],[-117.24686,32.40369],[-117.24686,32.40331],[-117.24642,32.40294],[-117.24597,32.40294],[-117.24508,32.40331],[-117.24575,32.40256],[-117.24575,32.40049],[-117.24597,32.4003],[-117.24575,32.40012],[-117.24575,32.39955],[-117.24597,32.39936],[-117.24575,32.39899],[-117.24597,32.3988],[-117.24597,32.39842],[-117.2453,32.39767],[-117.2453,32.3973],[-117.24486,32.39673],[-117.24486,32.39598],[-117.24575,32.39673],[-117.24619,32.39673],[-117.24664,32.39635],[-117.24664,32.3956],[-117.24597,32.39485],[-117.2453,32.39485],[-117.24508,32.39466],[-117.24441,32.39485],[-117.24419,32.39447],[-117.24419,32.39391],[-117.24374,32.39372],[-117.2433,32.39316],[-117.2433,32.39241],[-117.24241,32.39146],[-117.24241,32.39071],[-117.24218,32.39052],[-117.24174,32.39052],[-117.24152,32.39034],[-117.23996,32.39034],[-117.23973,32.39015],[-117.23884,32.39109],[-117.23884,32.39146],[-117.23862,32.39165],[-117.23862,32.39353],[-117.2384,32.39391],[-117.23884,32.39466],[-117.23884,32.39824],[-117.23907,32.39842],[-117.23907,32.39899],[-117.23973,32.39993],[-117.23973,32.40237],[-117.24063,32.40331],[-117.24063,32.40369],[-117.24085,32.40388],[-117.24085,32.40444],[-117.24152,32.40538],[-117.24152,32.41008],[-117.24174,32.41027],[-117.24196,32.41159],[-117.24263,32.41272],[-117.24263,32.41403],[-117.24374,32.41497],[-117.24464,32.41516],[-117.24508,32.41554],[-117.24597,32.41704],[-117.24642,32.41742],[-117.24709,32.41761],[-117.24731,32.41798],[-117.24731,32.41855],[-117.24775,32.41892],[-117.24798,32.41892],[-117.24798,32.41949],[-117.2482,32.41986],[-117.24842,32.42005],[-117.24909,32.42005],[-117.24931,32.42024],[-117.25043,32.42043],[-117.2502,32.42062],[-117.25043,32.42099],[-117.25087,32.42118]],[[-117.24619,32.42118],[-117.24686,32.42043],[-117.24731,32.42043],[-117.24753,32.42062],[-117.24798,32.42024],[-117.24731,32.41986],[-117.24731,32.41911],[-117.24709,32.41892],[-117.24686,32.41892],[-117.24619,32.41968],[-117.24597,32.41968],[-117.2453,32.42024],[-117.2453,32.42081],[-117.24575,32.42118],[-117.24619,32.42118]],[[-117.2511,32.42099],[-117.2511,32.42099]],[[-117.24642,32.42099],[-117.24642,32.42099]],[[-117.24553,32.42099],[-117.24553,32.42099]],[[-117.25043,32.42081],[-117.25043,32.42081]],[[-117.25154,32.42062],[-117.25154,32.42062]],[[-117.24664,32.42062],[-117.24664,32.42062]],[[-117.25087,32.42024],[-117.25043,32.42043],[-117.2511,32.42005],[-117.25087,32.42024]],[[-117.24775,32.42043],[-117.24775,32.42043]],[[-117.24731,32.42043],[-117.24731,32.42043]],[[-117.24686,32.42043],[-117.24686,32.42043]],[[-117.26045,32.42024],[-117.26157,32.41892],[-117.26157,32.41817],[-117.26201,32.4178],[-117.26201,32.41723],[-117.26157,32.41667],[-117.26112,32.41648],[-117.2609,32.4161],[-117.2609,32.41573],[-117.25956,32.41441],[-117.25867,32.41497],[-117.25867,32.41573],[-117.25889,32.41592],[-117.25889,32.41742],[-117.25867,32.4178],[-117.25733,32.41798],[-117.25711,32.41817],[-117.25711,32.41855],[-117.25778,32.4193],[-117.25823,32.41911],[-117.25889,32.41911],[-117.25934,32.41968],[-117.25978,32.41968],[-117.26001,32.41949],[-117.26001,32.41986],[-117.26045,32.42024]],[[-117.25065,32.42024],[-117.25065,32.42024]],[[-117.24976,32.42024],[-117.24976,32.42024]],[[-117.26068,32.42005],[-117.26068,32.42005]],[[-117.26023,32.42005],[-117.26023,32.42005]],[[-117.2511,32.42005],[-117.2511,32.41986],[-117.2511,32.42005]],[[-117.24909,32.42005],[-117.24909,32.42005]],[[-117.2511,32.41986],[-117.2511,32.41986]],[[-117.2609,32.41968],[-117.2609,32.41968]],[[-117.2482,32.41968],[-117.2482,32.41968]],[[-117.26112,32.41949],[-117.26112,32.41949]],[[-117.26001,32.41949],[-117.26001,32.41949]],[[-117.25912,32.4193],[-117.25912,32.4193]],[[-117.26134,32.41911],[-117.26134,32.41911]],[[-117.25889,32.41911],[-117.25889,32.41911]],[[-117.25823,32.41911],[-117.25823,32.41911]],[[-117.25756,32.41892],[-117.25756,32.41892]],[[-117.24798,32.41892],[-117.24798,32.41892]],[[-117.25733,32.41874],[-117.25733,32.41874]],[[-117.24753,32.41874],[-117.24753,32.41874]],[[-117.26157,32.41817],[-117.26157,32.41817]],[[-117.26179,32.41798],[-117.26179,32.41798]],[[-117.24731,32.41798],[-117.24731,32.41798]],[[-117.24709,32.41761],[-117.24709,32.41761]],[[-117.24664,32.41742],[-117.24664,32.41742]],[[-117.24619,32.41723],[-117.24619,32.41723]],[[-117.24597,32.41686],[-117.24597,32.41686]],[[-117.24575,32.41648],[-117.24575,32.41648]],[[-117.29253,32.41629],[-117.29253,32.41629]],[[-117.24553,32.41629],[-117.24553,32.41629]],[[-117.25889,32.41592],[-117.25889,32.41592]],[[-117.2453,32.41592],[-117.2453,32.41592]],[[-117.24508,32.41554],[-117.24508,32.41554]],[[-117.24486,32.41535],[-117.24486,32.41535]],[[-117.24464,32.41516],[-117.24464,32.41516]],[[-117.24397,32.41497],[-117.24397,32.41497]],[[-117.24352,32.41479],[-117.24352,32.41479]],[[-117.2433,32.4146],[-117.2433,32.4146]],[[-117.24308,32.41441],[-117.24308,32.41441]],[[-117.24285,32.41422],[-117.24285,32.41422]],[[-117.24976,32.41366],[-117.24976,32.41366]],[[-117.24263,32.41272],[-117.24263,32.41272]],[[-117.24241,32.41215],[-117.24241,32.41215]],[[-117.24218,32.41178],[-117.24218,32.41178]],[[-117.24196,32.41103],[-117.24196,32.41103]],[[-117.24174,32.41027],[-117.24174,32.41027]],[[-117.24887,32.4099],[-117.24887,32.4099]],[[-117.24575,32.40802],[-117.24575,32.40802]],[[-117.24686,32.40745],[-117.24753,32.40708],[-117.24753,32.4067],[-117.24731,32.40651],[-117.24731,32.40576],[-117.24709,32.40557],[-117.24664,32.40557],[-117.24642,32.40576],[-117.24642,32.40651],[-117.24664,32.4067],[-117.24664,32.40726],[-117.24686,32.40745]],[[-117.24709,32.40726],[-117.24709,32.40726]],[[-117.24664,32.4067],[-117.24664,32.4067]],[[-117.24753,32.40538],[-117.24842,32.40463],[-117.24842,32.4035],[-117.24753,32.40237],[-117.24753,32.402],[-117.24731,32.40181],[-117.24731,32.4003],[-117.24686,32.39974],[-117.24664,32.39993],[-117.24664,32.40049],[-117.24642,32.40068],[-117.24664,32.40106],[-117.24664,32.40143],[-117.24642,32.40162],[-117.24664,32.40181],[-117.24664,32.40219],[-117.24642,32.40237],[-117.24664,32.40275],[-117.24753,32.40331],[-117.24753,32.40369],[-117.24731,32.40407],[-117.24753,32.40425],[-117.24753,32.40482],[-117.24709,32.40519],[-117.24753,32.40538]],[[-117.24152,32.40538],[-117.24152,32.40538]],[[-117.24775,32.40519],[-117.24775,32.40519]],[[-117.24798,32.40501],[-117.24798,32.40501]],[[-117.24575,32.40501],[-117.24575,32.40501]],[[-117.24486,32.40501],[-117.24486,32.40501]],[[-117.24129,32.40501],[-117.24129,32.40501]],[[-117.2482,32.40482],[-117.2482,32.40482]],[[-117.24664,32.40482],[-117.24664,32.40482]],[[-117.24553,32.40482],[-117.24553,32.40482]],[[-117.2453,32.40463],[-117.2453,32.40463]],[[-117.24508,32.40463],[-117.24508,32.40463]],[[-117.24107,32.40463],[-117.24107,32.40463]],[[-117.23795,32.40444],[-117.23862,32.40369],[-117.23862,32.4035],[-117.23907,32.40388],[-117.23951,32.40388],[-117.23973,32.40369],[-117.23973,32.40313],[-117.23929,32.40275],[-117.23907,32.40275],[-117.23907,32.40237],[-117.23884,32.40219],[-117.23884,32.40181],[-117.23907,32.40162],[-117.23884,32.40125],[-117.2384,32.40143],[-117.2384,32.40275],[-117.23884,32.40313],[-117.23862,32.4035],[-117.2384,32.40313],[-117.23773,32.40294],[-117.23706,32.4035],[-117.23706,32.40425],[-117.23728,32.40444],[-117.23795,32.40444]],[[-117.24753,32.40425],[-117.24753,32.40425]],[[-117.23817,32.40407],[-117.23817,32.40407]],[[-117.24664,32.40388],[-117.24664,32.40388]],[[-117.24085,32.40388],[-117.24085,32.40388]],[[-117.2384,32.40388],[-117.2384,32.40388]],[[-117.23884,32.40369],[-117.23884,32.40369]],[[-117.24753,32.40331],[-117.24753,32.40331]],[[-117.24508,32.40331],[-117.24508,32.40331]],[[-117.24063,32.40331],[-117.24063,32.40331]],[[-117.24731,32.40313],[-117.24731,32.40313]],[[-117.23884,32.40313],[-117.23884,32.40313]],[[-117.24686,32.40294],[-117.24686,32.40294]],[[-117.2453,32.40294],[-117.2453,32.40294]],[[-117.2404,32.40294],[-117.2404,32.40294]],[[-117.23862,32.40294],[-117.23862,32.40294]],[[-117.24553,32.40275],[-117.24553,32.40275]],[[-117.24018,32.40275],[-117.24018,32.40275]],[[-117.24664,32.40256],[-117.24664,32.40256]],[[-117.23996,32.40256],[-117.23996,32.40256]],[[-117.24664,32.40181],[-117.24664,32.40181]],[[-117.23884,32.40181],[-117.23884,32.40181]],[[-117.24664,32.40087],[-117.24664,32.40087]],[[-117.24575,32.40049],[-117.24575,32.40049]],[[-117.23862,32.40049],[-117.23907,32.39993],[-117.23884,32.39974],[-117.2384,32.39993],[-117.2384,32.4003],[-117.23862,32.40049]],[[-117.23884,32.40012],[-117.23884,32.40012]],[[-117.23973,32.39993],[-117.23973,32.39993]],[[-117.24575,32.39955],[-117.24575,32.39955]],[[-117.23951,32.39955],[-117.23951,32.39955]],[[-117.23929,32.39918],[-117.23929,32.39918]],[[-117.24575,32.39899],[-117.24575,32.39899]],[[-117.23907,32.39842],[-117.23907,32.39842]],[[-117.23795,32.39692],[-117.23817,32.39673],[-117.23817,32.39598],[-117.2384,32.39579],[-117.23817,32.39541],[-117.23817,32.39504],[-117.23795,32.39485],[-117.23706,32.39485],[-117.23661,32.39523],[-117.23661,32.39635],[-117.23795,32.39692]],[[-117.23751,32.39673],[-117.23751,32.39673]],[[-117.24642,32.39654],[-117.24642,32.39654]],[[-117.24553,32.39654],[-117.24553,32.39654]],[[-117.23706,32.39654],[-117.23706,32.39654]],[[-117.2453,32.39635],[-117.2453,32.39635]],[[-117.24508,32.39617],[-117.24508,32.39617]],[[-117.24486,32.39598],[-117.24486,32.39579],[-117.24486,32.39598]],[[-117.23817,32.39598],[-117.23817,32.39598]],[[-117.24486,32.39579],[-117.24486,32.3956],[-117.24486,32.39579]],[[-117.24486,32.3956],[-117.24486,32.3956]],[[-117.30599,32.36795],[-117.30627,32.37096],[-117.30615,32.37303],[-117.30537,32.37623],[-117.30445,32.3783],[-117.3039,32.3788],[-117.30359,32.37886],[-117.30078,32.37851],[-117.29944,32.37859],[-117.2981,32.37908],[-117.29677,32.37995],[-117.29454,32.38208],[-117.29298,32.38422],[-117.29223,32.3862],[-117.29219,32.38808],[-117.29287,32.38996],[-117.29409,32.39154],[-117.29588,32.39288],[-117.2981,32.39383],[-117.30078,32.39436],[-117.3039,32.39453],[-117.30801,32.3941],[-117.31036,32.39351]],[[-117.23884,32.39466],[-117.23884,32.39466]],[[-117.23862,32.3941],[-117.23862,32.3941]],[[-117.29352,32.36795],[-117.2961,32.37026],[-117.29744,32.37085],[-117.29855,32.37099],[-117.29966,32.37074],[-117.30056,32.3702],[-117.3015,32.36927],[-117.30239,32.36795]]]},"properties":{"depth_m":500}},{"type":"Feature","geometry":{"type":"MultiLineString","coordinates":[[[-117.29944,32.44638],[-117.30078,32.44488],[-117.30078,32.44243],[-117.30033,32.44225],[-117.30011,32.44187],[-117.30011,32.44131],[-117.30056,32.44093],[-117.30033,32.44074],[-117.30033,32.43999],[-117.29989,32.43943],[-117.29944,32.43961],[-117.29877,32.43886],[-117.29877,32.43867],[-117.29833,32.43848],[-117.29855,32.4383],[-117.29833,32.43811],[-117.29833,32.4366],[-117.29788,32.43642],[-117.29788,32.43604],[-117.29744,32.43585],[-117.29744,32.43491],[-117.29721,32.43472],[-117.29654,32.43472],[-117.2961,32.43454],[-117.2961,32.43435],[-117.29543,32.43378],[-117.29499,32.43378],[-117.29476,32.43359],[-117.29454,32.43378],[-117.29409,32.43359],[-117.29365,32.43378],[-117.2932,32.43454],[-117.2932,32.43491],[-117.29409,32.43585],[-117.29409,32.43623],[-117.29387,32.43642],[-117.29387,32.43811],[-117.29499,32.43999],[-117.29499,32.44055],[-117.29521,32.44093],[-117.2961,32.44168],[-117.2961,32.44337],[-117.29744,32.44469],[-117.29766,32.44526],[-117.29833,32.44582],[-117.29922,32.44582],[-117.29922,32.4462],[-117.29944,32.44638]],[[-117.29588,32.44638],[-117.29632,32.44601],[-117.29632,32.44563],[-117.29588,32.44507],[-117.29565,32.44507],[-117.29521,32.44544],[-117.29521,32.44601],[-117.29565,32.44638],[-117.29588,32.44638]],[[-117.2961,32.4462],[-117.2961,32.4462]],[[-117.29543,32.4462],[-117.29543,32.4462]],[[-117.29966,32.44601],[-117.29966,32.44601]],[[-117.29989,32.44582],[-117.29989,32.44582]],[[-117.29922,32.44582],[-117.29922,32.44582]],[[-117.30011,32.44563],[-117.30011,32.44563]],[[-117.2981,32.44563],[-117.2981,32.44563]],[[-117.30033,32.44544],[-117.30033,32.44544]],[[-117.29788,32.44544],[-117.29788,32.44544]],[[-117.30056,32.44507],[-117.30056,32.44507]],[[-117.29766,32.44507],[-117.29766,32.44507]],[[-117.29744,32.44469],[-117.29744,32.44469]],[[-117.29721,32.4445],[-117.29721,32.4445]],[[-117.29699,32.44432],[-117.29699,32.44432]],[[-117.29677,32.44394],[-117.29677,32.44394]],[[-117.29654,32.44375],[-117.29654,32.44375]],[[-117.29632,32.44356],[-117.29632,32.44356]],[[-117.2961,32.44168],[-117.2961,32.44168]],[[-117.29588,32.44149],[-117.29588,32.44149]],[[-117.30011,32.44131],[-117.30011,32.44131]],[[-117.29565,32.44131],[-117.29565,32.44131]],[[-117.30033,32.44112],[-117.30033,32.44112]],[[-117.29543,32.44112],[-117.29543,32.44112]],[[-117.29521,32.44074],[-117.29521,32.44074]],[[-117.29499,32.43999],[-117.29499,32.43999]],[[-117.29476,32.43961],[-117.29476,32.43961]],[[-117.29454,32.43924],[-117.29454,32.43924]],[[-117.29432,32.43886],[-117.29432,32.43886]],[[-117.29833,32.43848],[-117.29833,32.43848]],[[-117.29409,32.4383],[-117.29409,32.4383]],[[-117.29409,32.43585],[-117.29409,32.43585]],[[-117.29387,32.43566],[-117.29387,32.43566]],[[-117.29365,32.43548],[-117.29365,32.43548]],[[-117.29343,32.4351],[-117.29343,32.4351]],[[-117.26775,32.36795],[-117.26875,32.3704],[-117.26927,32.37303],[-117.26982,32.38056],[-117.2708,32.38846],[-117.27126,32.39748],[-117.27155,32.4003],[-117.27236,32.40369],[-117.2736,32.40632],[-117.27463,32.40764],[-117.27583,32.40868],[-117.27694,32.40929],[-117.27828,32.40966],[-117.28028,32.40953],[-117.28474,32.40809],[-117.28741,32.40766],[-117.28875,32.40768],[-117.29008,32.40791],[-117.2912,32.40832],[-117.29209,32.40886],[-117.29283,32.40952],[-117.29355,32.41046],[-117.29438,32.41253],[-117.29448,32.4146],[-117.29385,32.41817],[-117.29376,32.41949],[-117.29396,32.42062],[-117.29459,32.42175],[-117.29877,32.42579],[-117.29984,32.42739],[-117.30211,32.43164],[-117.30305,32.43284],[-117.30412,32.43382],[-117.30546,32.43447],[-117.30679,32.43456],[-117.30835,32.43417],[-117.31036,32.43324]],[[-117.26335,32.42607],[-117.2638,32.42551],[-117.26357,32.42513],[-117.26402,32.42438],[-117.2629,32.42306],[-117.26246,32.42344],[-117.26268,32.42363],[-117.26246,32.42381],[-117.26268,32.42419],[-117.26246,32.42438],[-117.26246,32.42494],[-117.2629,32.4257],[-117.26335,32.42607]],[[-117.26313,32.42588],[-117.26313,32.42588]],[[-117.26357,32.4257],[-117.26357,32.4257]],[[-117.2629,32.42551],[-117.2629,32.42551]],[[-117.26357,32.42513],[-117.26357,32.42513]],[[-117.26268,32.42513],[-117.26268,32.42513]],[[-117.2638,32.42475],[-117.2638,32.42475]],[[-117.26268,32.424],[-117.26268,32.424]],[[-117.26268,32.42363],[-117.26268,32.42363]],[[-117.25087,32.42118],[-117.25154,32.42081],[-117.25176,32.42043],[-117.25176,32.42005],[-117.25154,32.41986],[-117.25154,32.41911],[-117.25132,32.41892],[-117.25132,32.41855],[-117.24998,32.41742],[-117.24998,32.41479],[-117.24976,32.41441],[-117.24998,32.41272],[-117.24954,32.41197],[-117.24954,32.41121],[-117.24931,32.41103],[-117.24931,32.41046],[-117.24887,32.4099],[-117.24909,32.40971],[-117.24909,32.40933],[-117.24865,32.40896],[-117.2482,32.40896],[-117.2482,32.40877],[-117.24731,32.40802],[-117.24664,32.40802],[-117.24642,32.40839],[-117.24597,32.40839],[-117.24575,32.4082],[-117.24597,32.40783],[-117.24575,32.40764],[-117.24575,32.40595],[-117.24486,32.40538],[-117.24486,32.40501],[-117.24508,32.40463],[-117.2453,32.40463],[-117.24597,32.40519],[-117.24642,32.40519],[-117.24686,32.40463],[-117.24686,32.40425],[-117.24664,32.40388],[-117.24686,32.40369],[-117.24686,32.40331],[-117.24642,32.40294],[-117.24597,32.40294],[-117.24508,32.40331],[-117.24575,32.40256],[-117.24575,32.40049],[-117.24597,32.4003],[-117.24575,32.40012],[-117.24575,32.39955],[-117.24597,32.39936],[-117.24575,32.39899],[-117.24597,32.3988],[-117.24597,32.39842],[-117.2453,32.39767],[-117.2453,32.3973],[-117.24486,32.39673],[-117.24486,32.39598],[-117.24575,32.39673],[-117.24619,32.39673],[-117.24664,32.39635],[-117.24664,32.3956],[-117.24597,32.39485],[-117.2453,32.39485],[-117.24508,32.39466],[-117.24441,32.39485],[-117.24419,32.39447],[-117.24419,32.39391],[-117.24374,32.39372],[-117.2433,32.39316],[-117.2433,32.39241],[-117.24241,32.39146],[-117.24241,32.39071],[-117.24218,32.39052],[-117.24174,32.39052],[-117.24152,32.39034],[-117.23996,32.39034],[-117.23973,32.39015],[-117.23884,32.39109],[-117.23884,32.39146],[-117.23862,32.39165],[-117.23862,32.39353],[-117.2384,32.39391],[-117.23884,32.39466],[-117.23884,32.39824],[-117.23907,32.39842],[-117.23907,32.39899],[-117.23973,32.39993],[-117.23973,32.40237],[-117.24063,32.40331],[-117.24063,32.40369],[-117.24085,32.40388],[-117.24085,32.40444],[-117.24152,32.40538],[-117.24152,32.41008],[-117.24174,32.41027],[-117.24196,32.41159],[-117.24263,32.41272],[-117.24263,32.41403],[-117.24374,32.41497],[-117.24464,32.41516],[-117.24508,32.41554],[-117.24597,32.41704],[-117.24642,32.41742],[-117.24709,32.41761],[-117.24731,32.41798],[-117.24731,32.41855],[-117.24775,32.41892],[-117.24798,32.41892],[-117.24798,32.41949],[-117.2482,32.41986],[-117.24842,32.42005],[-117.24909,32.42005],[-117.24931,32.42024],[-117.25043,32.42043],[-117.2502,32.42062],[-117.25043,32.42099],[-117.25087,32.42118]],[[-117.24619,32.42118],[-117.24686,32.42043],[-117.24731,32.42043],[-117.24753,32.42062],[-117.24798,32.42024],[-117.24731,32.41986],[-117.24731,32.41911],[-117.24709,32.41892],[-117.24686,32.41892],[-117.24619,32.41968],[-117.24597,32.41968],[-117.2453,32.42024],[-117.2453,32.42081],[-117.24575,32.42118],[-117.24619,32.42118]],[[-117.2511,32.42099],[-117.2511,32.42099]],[[-117.24642,32.42099],[-117.24642,32.42099]],[[-117.24553,32.42099],[-117.24553,32.42099]],[[-117.25043,32.42081],[-117.25043,32.42081]],[[-117.25154,32.42062],[-117.25154,32.42062]],[[-117.24664,32.42062],[-117.24664,32.42062]],[[-117.25087,32.42024],[-117.25043,32.42043],[-117.2511,32.42005],[-117.25087,32.42024]],[[-117.24775,32.42043],[-117.24775,32.42043]],[[-117.24731,32.42043],[-117.24731,32.42043]],[[-117.24686,32.42043],[-117.24686,32.42043]],[[-117.26045,32.42024],[-117.26157,32.41892],[-117.26157,32.41817],[-117.26201,32.4178],[-117.26201,32.41723],[-117.26157,32.41667],[-117.26112,32.41648],[-117.2609,32.4161],[-117.2609,32.41573],[-117.25956,32.41441],[-117.25867,32.41497],[-117.25867,32.41573],[-117.25889,32.41592],[-117.25889,32.41742],[-117.25867,32.4178],[-117.25733,32.41798],[-117.25711,32.41817],[-117.25711,32.41855],[-117.25778,32.4193],[-117.25823,32.41911],[-117.25889,32.41911],[-117.25934,32.41968],[-117.25978,32.41968],[-117.26001,32.41949],[-117.26001,32.41986],[-117.26045,32.42024]],[[-117.25065,32.42024],[-117.25065,32.42024]],[[-117.24976,32.42024],[-117.24976,32.42024]],[[-117.26068,32.42005],[-117.26068,32.42005]],[[-117.26023,32.42005],[-117.26023,32.42005]],[[-117.2511,32.42005],[-117.2511,32.41986],[-117.2511,32.42005]],[[-117.24909,32.42005],[-117.24909,32.42005]],[[-117.2511,32.41986],[-117.2511,32.41986]],[[-117.2609,32.41968],[-117.2609,32.41968]],[[-117.2482,32.41968],[-117.2482,32.41968]],[[-117.26112,32.41949],[-117.26112,32.41949]],[[-117.26001,32.41949],[-117.26001,32.41949]],[[-117.25912,32.4193],[-117.25912,32.4193]],[[-117.26134,32.41911],[-117.26134,32.41911]],[[-117.25889,32.41911],[-117.25889,32.41911]],[[-117.25823,32.41911],[-117.25823,32.41911]],[[-117.25756,32.41892],[-117.25756,32.41892]],[[-117.24798,32.41892],[-117.24798,32.41892]],[[-117.25733,32.41874],[-117.25733,32.41874]],[[-117.24753,32.41874],[-117.24753,32.41874]],[[-117.26157,32.41817],[-117.26157,32.41817]],[[-117.26179,32.41798],[-117.26179,32.41798]],[[-117.24731,32.41798],[-117.24731,32.41798]],[[-117.24709,32.41761],[-117.24709,32.41761]],[[-117.24664,32.41742],[-117.24664,32.41742]],[[-117.24619,32.41723],[-117.24619,32.41723]],[[-117.24597,32.41686],[-117.24597,32.41686]],[[-117.24575,32.41648],[-117.24575,32.41648]],[[-117.24553,32.41629],[-117.24553,32.41629]],[[-117.25889,32.41592],[-117.25889,32.41592]],[[-117.2453,32.41592],[-117.2453,32.41592]],[[-117.24508,32.41554],[-117.24508,32.41554]],[[-117.24486,32.41535],[-117.24486,32.41535]],[[-117.24464,32.41516],[-117.24464,32.41516]],[[-117.24397,32.41497],[-117.24397,32.41497]],[[-117.24352,32.41479],[-117.24352,32.41479]],[[-117.2433,32.4146],[-117.2433,32.4146]],[[-117.24308,32.41441],[-117.24308,32.41441]],[[-117.24285,32.41422],[-117.24285,32.41422]],[[-117.24976,32.41366],[-117.24976,32.41366]],[[-117.24263,32.41272],[-117.24263,32.41272]],[[-117.24241,32.41215],[-117.24241,32.41215]],[[-117.24218,32.41178],[-117.24218,32.41178]],[[-117.24196,32.41103],[-117.24196,32.41103]],[[-117.24174,32.41027],[-117.24174,32.41027]],[[-117.24887,32.4099],[-117.24887,32.4099]],[[-117.24575,32.40802],[-117.24575,32.40802]],[[-117.24686,32.40745],[-117.24753,32.40708],[-117.24753,32.4067],[-117.24731,32.40651],[-117.24731,32.40576],[-117.24709,32.40557],[-117.24664,32.40557],[-117.24642,32.40576],[-117.24642,32.40651],[-117.24664,32.4067],[-117.24664,32.40726],[-117.24686,32.40745]],[[-117.24709,32.40726],[-117.24709,32.40726]],[[-117.24664,32.4067],[-117.24664,32.4067]],[[-117.24753,32.40538],[-117.24842,32.40463],[-117.24842,32.4035],[-117.24753,32.40237],[-117.24753,32.402],[-117.24731,32.40181],[-117.24731,32.4003],[-117.24686,32.39974],[-117.24664,32.39993],[-117.24664,32.40049],[-117.24642,32.40068],[-117.24664,32.40106],[-117.24664,32.40143],[-117.24642,32.40162],[-117.24664,32.40181],[-117.24664,32.40219],[-117.24642,32.40237],[-117.24664,32.40275],[-117.24753,32.40331],[-117.24753,32.40369],[-117.24731,32.40407],[-117.24753,32.40425],[-117.24753,32.40482],[-117.24709,32.40519],[-117.24753,32.40538]],[[-117.24152,32.40538],[-117.24152,32.40538]],[[-117.24775,32.40519],[-117.24775,32.40519]],[[-117.24798,32.40501],[-117.24798,32.40501]],[[-117.24575,32.40501],[-117.24575,32.40501]],[[-117.24486,32.40501],[-117.24486,32.40501]],[[-117.24129,32.40501],[-117.24129,32.40501]],[[-117.2482,32.40482],[-117.2482,32.40482]],[[-117.24664,32.40482],[-117.24664,32.40482]],[[-117.24553,32.40482],[-117.24553,32.40482]],[[-117.2453,32.40463],[-117.2453,32.40463]],[[-117.24508,32.40463],[-117.24508,32.40463]],[[-117.24107,32.40463],[-117.24107,32.40463]],[[-117.23795,32.40444],[-117.23862,32.40369],[-117.23862,32.4035],[-117.23907,32.40388],[-117.23951,32.40388],[-117.23973,32.40369],[-117.23973,32.40313],[-117.23929,32.40275],[-117.23907,32.40275],[-117.23907,32.40237],[-117.23884,32.40219],[-117.23884,32.40181],[-117.23907,32.40162],[-117.23884,32.40125],[-117.2384,32.40143],[-117.2384,32.40275],[-117.23884,32.40313],[-117.23862,32.4035],[-117.2384,32.40313],[-117.23773,32.40294],[-117.23706,32.4035],[-117.23706,32.40425],[-117.23728,32.40444],[-117.23795,32.40444]],[[-117.24753,32.40425],[-117.24753,32.40425]],[[-117.23817,32.40407],[-117.23817,32.40407]],[[-117.24664,32.40388],[-117.24664,32.40388]],[[-117.24085,32.40388],[-117.24085,32.40388]],[[-117.2384,32.40388],[-117.2384,32.40388]],[[-117.23884,32.40369],[-117.23884,32.40369]],[[-117.24753,32.40331],[-117.24753,32.40331]],[[-117.24508,32.40331],[-117.24508,32.40331]],[[-117.24063,32.40331],[-117.24063,32.40331]],[[-117.24731,32.40313],[-117.24731,32.40313]],[[-117.23884,32.40313],[-117.23884,32.40313]],[[-117.24686,32.40294],[-117.24686,32.40294]],[[-117.2453,32.40294],[-117.2453,32.40294]],[[-117.2404,32.40294],[-117.2404,32.40294]],[[-117.23862,32.40294],[-117.23862,32.40294]],[[-117.24553,32.40275],[-117.24553,32.40275]],[[-117.24018,32.40275],[-117.24018,32.40275]],[[-117.24664,32.40256],[-117.24664,32.40256]],[[-117.23996,32.40256],[-117.23996,32.40256]],[[-117.24664,32.40181],[-117.24664,32.40181]],[[-117.23884,32.40181],[-117.23884,32.40181]],[[-117.24664,32.40087],[-117.24664,32.40087]],[[-117.24575,32.40049],[-117.24575,32.40049]],[[-117.23862,32.40049],[-117.23907,32.39993],[-117.23884,32.39974],[-117.2384,32.39993],[-117.2384,32.4003],[-117.23862,32.40049]],[[-117.23884,32.40012],[-117.23884,32.40012]],[[-117.23973,32.39993],[-117.23973,32.39993]],[[-117.24575,32.39955],[-117.24575,32.39955]],[[-117.23951,32.39955],[-117.23951,32.39955]],[[-117.23929,32.39918],[-117.23929,32.39918]],[[-117.24575,32.39899],[-117.24575,32.39899]],[[-117.23907,32.39842],[-117.23907,32.39842]],[[-117.23795,32.39692],[-117.23817,32.39673],[-117.23817,32.39598],[-117.2384,32.39579],[-117.23817,32.39541],[-117.23817,32.39504],[-117.23795,32.39485],[-117.23706,32.39485],[-117.23661,32.39523],[-117.23661,32.39635],[-117.23795,32.39692]],[[-117.29149,32.36795],[-117.29458,32.37285],[-117.29511,32.37416],[-117.29531,32.37548],[-117.29516,32.37679],[-117.29471,32.37811],[-117.29164,32.38356],[-117.29081,32.38582],[-117.29066,32.38714],[-117.29079,32.38846],[-117.29129,32.38996],[-117.29203,32.39128],[-117.29342,32.39297],[-117.29499,32.3943],[-117.29677,32.39533],[-117.29877,32.39605],[-117.301,32.39644],[-117.3039,32.39658],[-117.31036,32.39588]],[[-117.23751,32.39673],[-117.23751,32.39673]],[[-117.24642,32.39654],[-117.24642,32.39654]],[[-117.24553,32.39654],[-117.24553,32.39654]],[[-117.23706,32.39654],[-117.23706,32.39654]],[[-117.2453,32.39635],[-117.2453,32.39635]],[[-117.24508,32.39617],[-117.24508,32.39617]],[[-117.24486,32.39598],[-117.24486,32.39579],[-117.24486,32.39598]],[[-117.23817,32.39598],[-117.23817,32.39598]],[[-117.24486,32.39579],[-117.24486,32.3956],[-117.24486,32.39579]],[[-117.24486,32.3956],[-117.24486,32.3956]],[[-117.23884,32.39466],[-117.23884,32.39466]],[[-117.23862,32.3941],[-117.23862,32.3941]]]},"properties":{"depth_m":600}},{"type":"Feature","geometry":{"type":"MultiLineString","coordinates":[[[-117.29944,32.44638],[-117.30078,32.44488],[-117.30078,32.44243],[-117.30033,32.44225],[-117.30011,32.44187],[-117.30011,32.44131],[-117.30056,32.44093],[-117.30033,32.44074],[-117.30033,32.43999],[-117.29989,32.43943],[-117.29944,32.43961],[-117.29877,32.43886],[-117.29877,32.43867],[-117.29833,32.43848],[-117.29855,32.4383],[-117.29833,32.43811],[-117.29833,32.4366],[-117.29788,32.43642],[-117.29788,32.43604],[-117.29744,32.43585],[-117.29744,32.43491],[-117.29721,32.43472],[-117.29654,32.43472],[-117.2961,32.43454],[-117.2961,32.43435],[-117.29543,32.43378],[-117.29499,32.43378],[-117.29476,32.43359],[-117.29454,32.43378],[-117.29409,32.43359],[-117.29365,32.43378],[-117.2932,32.43454],[-117.2932,32.43491],[-117.29409,32.43585],[-117.29409,32.43623],[-117.29387,32.43642],[-117.29387,32.43811],[-117.29499,32.43999],[-117.29499,32.44055],[-117.29521,32.44093],[-117.2961,32.44168],[-117.2961,32.44337],[-117.29744,32.44469],[-117.29766,32.44526],[-117.29833,32.44582],[-117.29922,32.44582],[-117.29922,32.4462],[-117.29944,32.44638]],[[-117.29588,32.44638],[-117.29632,32.44601],[-117.29632,32.44563],[-117.29588,32.44507],[-117.29565,32.44507],[-117.29521,32.44544],[-117.29521,32.44601],[-117.29565,32.44638],[-117.29588,32.44638]],[[-117.2961,32.4462],[-117.2961,32.4462]],[[-117.29543,32.4462],[-117.29543,32.4462]],[[-117.29966,32.44601],[-117.29966,32.44601]],[[-117.29989,32.44582],[-117.29989,32.44582]],[[-117.29922,32.44582],[-117.29922,32.44582]],[[-117.30011,32.44563],[-117.30011,32.44563]],[[-117.2981,32.44563],[-117.2981,32.44563]],[[-117.30033,32.44544],[-117.30033,32.44544]],[[-117.29788,32.44544],[-117.29788,32.44544]],[[-117.30056,32.44507],[-117.30056,32.44507]],[[-117.29766,32.44507],[-117.29766,32.44507]],[[-117.29744,32.44469],[-117.29744,32.44469]],[[-117.29721,32.4445],[-117.29721,32.4445]],[[-117.29699,32.44432],[-117.29699,32.44432]],[[-117.29677,32.44394],[-117.29677,32.44394]],[[-117.29654,32.44375],[-117.29654,32.44375]],[[-117.29632,32.44356],[-117.29632,32.44356]],[[-117.2961,32.44168],[-117.2961,32.44168]],[[-117.29588,32.44149],[-117.29588,32.44149]],[[-117.30011,32.44131],[-117.30011,32.44131]],[[-117.29565,32.44131],[-117.29565,32.44131]],[[-117.30033,32.44112],[-117.30033,32.44112]],[[-117.29543,32.44112],[-117.29543,32.44112]],[[-117.29521,32.44074],[-117.29521,32.44074]],[[-117.29499,32.43999],[-117.29499,32.43999]],[[-117.29476,32.43961],[-117.29476,32.43961]],[[-117.29454,32.43924],[-117.29454,32.43924]],[[-117.29432,32.43886],[-117.29432,32.43886]],[[-117.29833,32.43848],[-117.29833,32.43848]],[[-117.29409,32.4383],[-117.29409,32.4383]],[[-117.29409,32.43585],[-117.29409,32.43585]],[[-117.29387,32.43566],[-117.29387,32.43566]],[[-117.29365,32.43548],[-117.29365,32.43548]],[[-117.29343,32.4351],[-117.29343,32.4351]],[[-117.2698,32.36795],[-117.27086,32.37134],[-117.27168,32.37962],[-117.27297,32.38733],[-117.27309,32.38996],[-117.27294,32.3973],[-117.27315,32.40049],[-117.27371,32.40313],[-117.27475,32.40538],[-117.2756,32.40647],[-117.27649,32.40723],[-117.27761,32.40783],[-117.27872,32.40811],[-117.2805,32.40807],[-117.28541,32.40688],[-117.28852,32.40654],[-117.2912,32.40675],[-117.29231,32.40713],[-117.2932,32.40764],[-117.29409,32.40842],[-117.29495,32.40952],[-117.29563,32.41084],[-117.29605,32.41215],[-117.29619,32.4146],[-117.29562,32.41911],[-117.29586,32.42062],[-117.29653,32.42156],[-117.29877,32.42392],[-117.29988,32.42532],[-117.30278,32.43053],[-117.30434,32.43201],[-117.30523,32.43244],[-117.30612,32.43263],[-117.30702,32.43261],[-117.30813,32.43233],[-117.31036,32.43114]],[[-117.26335,32.42607],[-117.2638,32.42551],[-117.26357,32.42513],[-117.26402,32.42438],[-117.2629,32.42306],[-117.26246,32.42344],[-117.26268,32.42363],[-117.26246,32.42381],[-117.26268,32.42419],[-117.26246,32.42438],[-117.26246,32.42494],[-117.2629,32.4257],[-117.26335,32.42607]],[[-117.26313,32.42588],[-117.26313,32.42588]],[[-117.26357,32.4257],[-117.26357,32.4257]],[[-117.2629,32.42551],[-117.2629,32.42551]],[[-117.26357,32.42513],[-117.26357,32.42513]],[[-117.26268,32.42513],[-117.26268,32.42513]],[[-117.2638,32.42475],[-117.2638,32.42475]],[[-117.26268,32.424],[-117.26268,32.424]],[[-117.26268,32.42363],[-117.26268,32.42363]],[[-117.25087,32.42118],[-117.25154,32.42081],[-117.25176,32.42043],[-117.25176,32.42005],[-117.25154,32.41986],[-117.25154,32.41911],[-117.25132,32.41892],[-117.25132,32.41855],[-117.24998,32.41742],[-117.24998,32.41479],[-117.24976,32.41441],[-117.24998,32.41272],[-117.24954,32.41197],[-117.24954,32.41121],[-117.24931,32.41103],[-117.24931,32.41046],[-117.24887,32.4099],[-117.24909,32.40971],[-117.24909,32.40933],[-117.24865,32.40896],[-117.2482,32.40896],[-117.2482,32.40877],[-117.24731,32.40802],[-117.24664,32.40802],[-117.24642,32.40839],[-117.24597,32.40839],[-117.24575,32.4082],[-117.24597,32.40783],[-117.24575,32.40764],[-117.24575,32.40595],[-117.24486,32.40538],[-117.24486,32.40501],[-117.24508,32.40463],[-117.2453,32.40463],[-117.24597,32.40519],[-117.24642,32.40519],[-117.24686,32.40463],[-117.24686,32.40425],[-117.24664,32.40388],[-117.24686,32.40369],[-117.24686,32.40331],[-117.24642,32.40294],[-117.24597,32.40294],[-117.24508,32.40331],[-117.24575,32.40256],[-117.24575,32.40049],[-117.24597,32.4003],[-117.24575,32.40012],[-117.24575,32.39955],[-117.24597,32.39936],[-117.24575,32.39899],[-117.24597,32.3988],[-117.24597,32.39842],[-117.2453,32.39767],[-117.2453,32.3973],[-117.24486,32.39673],[-117.24486,32.39598],[-117.24575,32.39673],[-117.24619,32.39673],[-117.24664,32.39635],[-117.24664,32.3956],[-117.24597,32.39485],[-117.2453,32.39485],[-117.24508,32.39466],[-117.24441,32.39485],[-117.24419,32.39447],[-117.24419,32.39391],[-117.24374,32.39372],[-117.2433,32.39316],[-117.2433,32.39241],[-117.24241,32.39146],[-117.24241,32.39071],[-117.24218,32.39052],[-117.24174,32.39052],[-117.24152,32.39034],[-117.23996,32.39034],[-117.23973,32.39015],[-117.23884,32.39109],[-117.23884,32.39146],[-117.23862,32.39165],[-117.23862,32.39353],[-117.2384,32.39391],[-117.23884,32.39466],[-117.23884,32.39824],[-117.23907,32.39842],[-117.23907,32.39899],[-117.23973,32.39993],[-117.23973,32.40237],[-117.24063,32.40331],[-117.24063,32.40369],[-117.24085,32.40388],[-117.24085,32.40444],[-117.24152,32.40538],[-117.24152,32.41008],[-117.24174,32.41027],[-117.24196,32.41159],[-117.24263,32.41272],[-117.24263,32.41403],[-117.24374,32.41497],[-117.24464,32.41516],[-117.24508,32.41554],[-117.24597,32.41704],[-117.24642,32.41742],[-117.24709,32.41761],[-117.24731,32.41798],[-117.24731,32.41855],[-117.24775,32.41892],[-117.24798,32.41892],[-117.24798,32.41949],[-117.2482,32.41986],[-117.24842,32.42005],[-117.24909,32.42005],[-117.24931,32.42024],[-117.25043,32.42043],[-117.2502,32.42062],[-117.25043,32.42099],[-117.25087,32.42118]],[[-117.24619,32.42118],[-117.24686,32.42043],[-117.24731,32.42043],[-117.24753,32.42062],[-117.24798,32.42024],[-117.24731,32.41986],[-117.24731,32.41911],[-117.24709,32.41892],[-117.24686,32.41892],[-117.24642,32.4193],[-117.24642,32.41949],[-117.2453,32.42024],[-117.2453,32.42081],[-117.24575,32.42118],[-117.24619,32.42118]],[[-117.2511,32.42099],[-117.2511,32.42099]],[[-117.24642,32.42099],[-117.24642,32.42099]],[[-117.24553,32.42099],[-117.24553,32.42099]],[[-117.25043,32.42081],[-117.25043,32.42081]],[[-117.25154,32.42062],[-117.25154,32.42062]],[[-117.24664,32.42062],[-117.24664,32.42062]],[[-117.25087,32.42024],[-117.25043,32.42043],[-117.2511,32.42005],[-117.25087,32.42024]],[[-117.24775,32.42043],[-117.24775,32.42043]],[[-117.24731,32.42043],[-117.24731,32.42043]],[[-117.24686,32.42043],[-117.24686,32.42043]],[[-117.26045,32.42024],[-117.26157,32.41892],[-117.26157,32.41817],[-117.26201,32.4178],[-117.26201,32.41723],[-117.26157,32.41667],[-117.26112,32.41648],[-117.2609,32.4161],[-117.2609,32.41573],[-117.25956,32.41441],[-117.25867,32.41497],[-117.25867,32.41573],[-117.25889,32.41592],[-117.25889,32.41742],[-117.25867,32.4178],[-117.25733,32.41798],[-117.25711,32.41817],[-117.25711,32.41855],[-117.25778,32.4193],[-117.25823,32.41911],[-117.25889,32.41911],[-117.25934,32.41968],[-117.25978,32.41968],[-117.26001,32.41949],[-117.26001,32.41986],[-117.26045,32.42024]],[[-117.25065,32.42024],[-117.25065,32.42024]],[[-117.24976,32.42024],[-117.24976,32.42024]],[[-117.26068,32.42005],[-117.26068,32.42005]],[[-117.26023,32.42005],[-117.26023,32.42005]],[[-117.2511,32.42005],[-117.2511,32.41986],[-117.2511,32.42005]],[[-117.24909,32.42005],[-117.24909,32.42005]],[[-117.2511,32.41986],[-117.2511,32.41986]],[[-117.2609,32.41968],[-117.2609,32.41968]],[[-117.2482,32.41968],[-117.2482,32.41968]],[[-117.26112,32.41949],[-117.26112,32.41949]],[[-117.26001,32.41949],[-117.26001,32.41949]],[[-117.25912,32.4193],[-117.25912,32.4193]],[[-117.26134,32.41911],[-117.26134,32.41911]],[[-117.25889,32.41911],[-117.25889,32.41911]],[[-117.25823,32.41911],[-117.25823,32.41911]],[[-117.25756,32.41892],[-117.25756,32.41892]],[[-117.24798,32.41892],[-117.24798,32.41892]],[[-117.25733,32.41874],[-117.25733,32.41874]],[[-117.24753,32.41874],[-117.24753,32.41874]],[[-117.26157,32.41817],[-117.26157,32.41817]],[[-117.26179,32.41798],[-117.26179,32.41798]],[[-117.24731,32.41798],[-117.24731,32.41798]],[[-117.24709,32.41761],[-117.24709,32.41761]],[[-117.24664,32.41742],[-117.24664,32.41742]],[[-117.24619,32.41723],[-117.24619,32.41723]],[[-117.24597,32.41686],[-117.24597,32.41686]],[[-117.24575,32.41648],[-117.24575,32.41648]],[[-117.24553,32.41629],[-117.24553,32.41629]],[[-117.25889,32.41592],[-117.25889,32.41592]],[[-117.2453,32.41592],[-117.2453,32.41592]],[[-117.24508,32.41554],[-117.24508,32.41554]],[[-117.24486,32.41535],[-117.24486,32.41535]],[[-117.24464,32.41516],[-117.24464,32.41516]],[[-117.24397,32.41497],[-117.24397,32.41497]],[[-117.24352,32.41479],[-117.24352,32.41479]],[[-117.2433,32.4146],[-117.2433,32.4146]],[[-117.24308,32.41441],[-117.24308,32.41441]],[[-117.24285,32.41422],[-117.24285,32.41422]],[[-117.24976,32.41366],[-117.24976,32.41366]],[[-117.24263,32.41272],[-117.24263,32.41272]],[[-117.24241,32.41215],[-117.24241,32.41215]],[[-117.24218,32.41178],[-117.24218,32.41178]],[[-117.24196,32.41103],[-117.24196,32.41103]],[[-117.24174,32.41027],[-117.24174,32.41027]],[[-117.24887,32.4099],[-117.24887,32.4099]],[[-117.24575,32.40802],[-117.24575,32.40802]],[[-117.24686,32.40745],[-117.24753,32.40708],[-117.24753,32.4067],[-117.24731,32.40651],[-117.24731,32.40576],[-117.24709,32.40557],[-117.24664,32.40557],[-117.24642,32.40576],[-117.24642,32.40651],[-117.24664,32.4067],[-117.24664,32.40726],[-117.24686,32.40745]],[[-117.24709,32.40726],[-117.24709,32.40726]],[[-117.24664,32.4067],[-117.24664,32.4067]],[[-117.24753,32.40538],[-117.24842,32.40463],[-117.24842,32.4035],[-117.24753,32.40237],[-117.24753,32.402],[-117.24731,32.40181],[-117.24731,32.4003],[-117.24686,32.39974],[-117.24664,32.39993],[-117.24664,32.40049],[-117.24642,32.40068],[-117.24664,32.40087],[-117.24664,32.40125],[-117.24642,32.40162],[-117.24664,32.40181],[-117.24664,32.40219],[-117.24642,32.40237],[-117.24664,32.40275],[-117.24753,32.40331],[-117.24753,32.40369],[-117.24731,32.40407],[-117.24753,32.40425],[-117.24753,32.40482],[-117.24709,32.40519],[-117.24753,32.40538]],[[-117.24152,32.40538],[-117.24152,32.40538]],[[-117.24775,32.40519],[-117.24775,32.40519]],[[-117.24798,32.40501],[-117.24798,32.40501]],[[-117.24575,32.40501],[-117.24575,32.40501]],[[-117.24486,32.40501],[-117.24486,32.40501]],[[-117.24129,32.40501],[-117.24129,32.40501]],[[-117.2482,32.40482],[-117.2482,32.40482]],[[-117.24664,32.40482],[-117.24664,32.40482]],[[-117.24553,32.40482],[-117.24553,32.40482]],[[-117.2453,32.40463],[-117.2453,32.40463]],[[-117.24508,32.40463],[-117.24508,32.40463]],[[-117.24107,32.40463],[-117.24107,32.40463]],[[-117.23795,32.40444],[-117.23862,32.40369],[-117.23862,32.4035],[-117.23907,32.40388],[-117.23951,32.40388],[-117.23973,32.40369],[-117.23973,32.40313],[-117.23929,32.40275],[-117.23907,32.40275],[-117.23907,32.40237],[-117.23884,32.40219],[-117.23884,32.40181],[-117.23907,32.40162],[-117.23884,32.40125],[-117.2384,32.40143],[-117.2384,32.40275],[-117.23884,32.40313],[-117.23862,32.4035],[-117.2384,32.40313],[-117.23773,32.40294],[-117.23706,32.4035],[-117.23706,32.40425],[-117.23728,32.40444],[-117.23795,32.40444]],[[-117.24753,32.40425],[-117.24753,32.40425]],[[-117.23817,32.40407],[-117.23817,32.40407]],[[-117.24664,32.40388],[-117.24664,32.40388]],[[-117.24085,32.40388],[-117.24085,32.40388]],[[-117.2384,32.40388],[-117.2384,32.40388]],[[-117.23884,32.40369],[-117.23884,32.40369]],[[-117.24753,32.40331],[-117.24753,32.40331]],[[-117.24508,32.40331],[-117.24508,32.40331]],[[-117.24063,32.40331],[-117.24063,32.40331]],[[-117.24731,32.40313],[-117.24731,32.40313]],[[-117.23884,32.40313],[-117.23884,32.40313]],[[-117.24686,32.40294],[-117.24686,32.40294]],[[-117.2453,32.40294],[-117.2453,32.40294]],[[-117.2404,32.40294],[-117.2404,32.40294]],[[-117.23862,32.40294],[-117.23862,32.40294]],[[-117.24553,32.40275],[-117.24553,32.40275]],[[-117.24018,32.40275],[-117.24018,32.40275]],[[-117.24664,32.40256],[-117.24664,32.40256]],[[-117.23996,32.40256],[-117.23996,32.40256]],[[-117.24664,32.40181],[-117.24664,32.40181]],[[-117.23884,32.40181],[-117.23884,32.40181]],[[-117.24664,32.40087],[-117.24664,32.40087]],[[-117.24575,32.40049],[-117.24575,32.40049]],[[-117.23862,32.40049],[-117.23907,32.39993],[-117.23884,32.39974],[-117.2384,32.39993],[-117.2384,32.4003],[-117.23862,32.40049]],[[-117.23884,32.40012],[-117.23884,32.40012]],[[-117.23973,32.39993],[-117.23973,32.39993]],[[-117.24575,32.39955],[-117.24575,32.39955]],[[-117.23951,32.39955],[-117.23951,32.39955]],[[-117.23929,32.39918],[-117.23929,32.39918]],[[-117.24575,32.39899],[-117.24575,32.39899]],[[-117.28965,32.36795],[-117.29201,32.37209],[-117.29263,32.37379],[-117.29289,32.37529],[-117.29283,32.37679],[-117.29242,32.37849],[-117.28976,32.38413],[-117.28916,32.38639],[-117.28916,32.38789],[-117.28944,32.38921],[-117.29007,32.39071],[-117.29111,32.39241],[-117.29276,32.39447],[-117.29454,32.39616],[-117.2961,32.3972],[-117.29788,32.39792],[-117.29989,32.39826],[-117.30278,32.3983],[-117.30702,32.398],[-117.31036,32.39753]],[[-117.23907,32.39842],[-117.23907,32.39842]],[[-117.23795,32.39692],[-117.23817,32.39673],[-117.23817,32.39598],[-117.2384,32.39579],[-117.23817,32.39541],[-117.23817,32.39504],[-117.23795,32.39485],[-117.23706,32.39485],[-117.23661,32.39523],[-117.23661,32.39635],[-117.23795,32.39692]],[[-117.23751,32.39673],[-117.23751,32.39673]],[[-117.24642,32.39654],[-117.24642,32.39654]],[[-117.24553,32.39654],[-117.24553,32.39654]],[[-117.23706,32.39654],[-117.23706,32.39654]],[[-117.2453,32.39635],[-117.2453,32.39635]],[[-117.24508,32.39617],[-117.24508,32.39617]],[[-117.24486,32.39598],[-117.24486,32.39579],[-117.24486,32.39598]],[[-117.23817,32.39598],[-117.23817,32.39598]],[[-117.24486,32.39579],[-117.24486,32.3956],[-117.24486,32.39579]],[[-117.24486,32.3956],[-117.24486,32.3956]],[[-117.23884,32.39466],[-117.23884,32.39466]],[[-117.23862,32.3941],[-117.23862,32.3941]]]},"properties":{"depth_m":700}},{"type":"Feature","geometry":{"type":"MultiLineString","coordinates":[[[-117.29944,32.44638],[-117.30078,32.44488],[-117.30078,32.44243],[-117.30033,32.44225],[-117.30011,32.44187],[-117.30011,32.44131],[-117.30056,32.44093],[-117.30033,32.44074],[-117.30033,32.43999],[-117.29989,32.43943],[-117.29944,32.43961],[-117.29877,32.43886],[-117.29877,32.43867],[-117.29833,32.43848],[-117.29855,32.4383],[-117.29833,32.43811],[-117.29833,32.4366],[-117.29788,32.43642],[-117.29788,32.43604],[-117.29744,32.43585],[-117.29744,32.43491],[-117.29721,32.43472],[-117.29654,32.43472],[-117.2961,32.43454],[-117.2961,32.43435],[-117.29543,32.43378],[-117.29499,32.43378],[-117.29476,32.43359],[-117.29454,32.43378],[-117.29409,32.43359],[-117.29365,32.43378],[-117.2932,32.43454],[-117.2932,32.43491],[-117.29409,32.43585],[-117.29409,32.43623],[-117.29387,32.43642],[-117.29387,32.43811],[-117.29499,32.43999],[-117.29499,32.44055],[-117.29521,32.44093],[-117.2961,32.44168],[-117.2961,32.44337],[-117.29744,32.44469],[-117.29766,32.44526],[-117.29833,32.44582],[-117.29922,32.44582],[-117.29922,32.4462],[-117.29944,32.44638]],[[-117.29588,32.44638],[-117.29632,32.44601],[-117.29632,32.44563],[-117.29588,32.44507],[-117.29565,32.44507],[-117.29521,32.44544],[-117.29521,32.44601],[-117.29565,32.44638],[-117.29588,32.44638]],[[-117.2961,32.4462],[-117.2961,32.4462]],[[-117.29543,32.4462],[-117.29543,32.4462]],[[-117.29966,32.44601],[-117.29966,32.44601]],[[-117.29989,32.44582],[-117.29989,32.44582]],[[-117.29922,32.44582],[-117.29922,32.44582]],[[-117.30011,32.44563],[-117.30011,32.44563]],[[-117.2981,32.44563],[-117.2981,32.44563]],[[-117.30033,32.44544],[-117.30033,32.44544]],[[-117.29788,32.44544],[-117.29788,32.44544]],[[-117.30056,32.44507],[-117.30056,32.44507]],[[-117.29766,32.44507],[-117.29766,32.44507]],[[-117.29744,32.44469],[-117.29744,32.44469]],[[-117.29721,32.4445],[-117.29721,32.4445]],[[-117.29699,32.44432],[-117.29699,32.44432]],[[-117.29677,32.44394],[-117.29677,32.44394]],[[-117.29654,32.44375],[-117.29654,32.44375]],[[-117.29632,32.44356],[-117.29632,32.44356]],[[-117.2961,32.44168],[-117.2961,32.44168]],[[-117.29588,32.44149],[-117.29588,32.44149]],[[-117.30011,32.44131],[-117.30011,32.44131]],[[-117.29565,32.44131],[-117.29565,32.44131]],[[-117.30033,32.44112],[-117.30033,32.44112]],[[-117.29543,32.44112],[-117.29543,32.44112]],[[-117.29521,32.44074],[-117.29521,32.44074]],[[-117.29499,32.43999],[-117.29499,32.43999]],[[-117.29476,32.43961],[-117.29476,32.43961]],[[-117.29454,32.43924],[-117.29454,32.43924]],[[-117.29432,32.43886],[-117.29432,32.43886]],[[-117.29833,32.43848],[-117.29833,32.43848]],[[-117.29409,32.4383],[-117.29409,32.4383]],[[-117.29409,32.43585],[-117.29409,32.43585]],[[-117.29387,32.43566],[-117.29387,32.43566]],[[-117.29365,32.43548],[-117.29365,32.43548]],[[-117.29343,32.4351],[-117.29343,32.4351]],[[-117.27176,32.36795],[-117.27265,32.37115],[-117.27372,32.37962],[-117.2756,32.38714],[-117.27562,32.38921],[-117.2748,32.39541],[-117.27466,32.39936],[-117.2751,32.40256],[-117.27558,32.40388],[-117.27627,32.405],[-117.27716,32.40588],[-117.27783,32.4063],[-117.27961,32.40676],[-117.28117,32.40666],[-117.28541,32.40576],[-117.2912,32.40492],[-117.2932,32.40509],[-117.29409,32.40548],[-117.29476,32.40597],[-117.29565,32.40694],[-117.29654,32.40838],[-117.29723,32.4099],[-117.29775,32.41159],[-117.29806,32.41422],[-117.29783,32.41874],[-117.29816,32.42024],[-117.29878,32.42137],[-117.30156,32.42532],[-117.30337,32.42908],[-117.3039,32.4297],[-117.30479,32.43028],[-117.3059,32.43056],[-117.30724,32.43036],[-117.30858,32.42956],[-117.30937,32.42852],[-117.30962,32.42776],[-117.30969,32.42682],[-117.30922,32.42325],[-117.30923,32.42156],[-117.30965,32.41986],[-117.31036,32.41873]],[[-117.26335,32.42607],[-117.2638,32.42551],[-117.26357,32.42513],[-117.26402,32.42438],[-117.2629,32.42306],[-117.26246,32.42344],[-117.26268,32.42363],[-117.26246,32.42381],[-117.26268,32.42419],[-117.26246,32.42438],[-117.26246,32.42494],[-117.2629,32.4257],[-117.26335,32.42607]],[[-117.26313,32.42588],[-117.26313,32.42588]],[[-117.26357,32.4257],[-117.26357,32.4257]],[[-117.2629,32.42551],[-117.2629,32.42551]],[[-117.26357,32.42513],[-117.26357,32.42513]],[[-117.26268,32.42513],[-117.26268,32.42513]],[[-117.2638,32.42475],[-117.2638,32.42475]],[[-117.26268,32.424],[-117.26268,32.424]],[[-117.26268,32.42363],[-117.26268,32.42363]],[[-117.25087,32.42118],[-117.25154,32.42081],[-117.25176,32.42043],[-117.25176,32.42005],[-117.25154,32.41986],[-117.25154,32.41911],[-117.25132,32.41892],[-117.25132,32.41855],[-117.24998,32.41742],[-117.24998,32.41479],[-117.24976,32.41441],[-117.24998,32.41272],[-117.24954,32.41197],[-117.24954,32.41121],[-117.24931,32.41103],[-117.24931,32.41046],[-117.24887,32.4099],[-117.24909,32.40971],[-117.24909,32.40933],[-117.24865,32.40896],[-117.2482,32.40896],[-117.2482,32.40877],[-117.24731,32.40802],[-117.24664,32.40802],[-117.24642,32.40839],[-117.24597,32.40839],[-117.24575,32.4082],[-117.24597,32.40783],[-117.24575,32.40764],[-117.24575,32.40595],[-117.24486,32.40538],[-117.24486,32.40501],[-117.24508,32.40463],[-117.2453,32.40463],[-117.24597,32.40519],[-117.24642,32.40519],[-117.24686,32.40463],[-117.24686,32.40425],[-117.24664,32.40388],[-117.24686,32.40369],[-117.24686,32.40331],[-117.24642,32.40294],[-117.24597,32.40294],[-117.24508,32.40331],[-117.24575,32.40256],[-117.24575,32.40049],[-117.24597,32.4003],[-117.24575,32.40012],[-117.24575,32.39955],[-117.24597,32.39936],[-117.24575,32.39899],[-117.24597,32.3988],[-117.24597,32.39842],[-117.2453,32.39767],[-117.2453,32.3973],[-117.24486,32.39673],[-117.24486,32.39598],[-117.24575,32.39673],[-117.24619,32.39673],[-117.24664,32.39635],[-117.24664,32.3956],[-117.24597,32.39485],[-117.2453,32.39485],[-117.24508,32.39466],[-117.24441,32.39485],[-117.24419,32.39447],[-117.24419,32.39391],[-117.24374,32.39372],[-117.2433,32.39316],[-117.2433,32.39241],[-117.24241,32.39146],[-117.24241,32.39071],[-117.24218,32.39052],[-117.24174,32.39052],[-117.24152,32.39034],[-117.23996,32.39034],[-117.23973,32.39015],[-117.23884,32.39109],[-117.23884,32.39146],[-117.23862,32.39165],[-117.23862,32.39353],[-117.2384,32.39391],[-117.23884,32.39466],[-117.23884,32.39824],[-117.23907,32.39842],[-117.23907,32.39899],[-117.23973,32.39993],[-117.23973,32.40237],[-117.24063,32.40331],[-117.24063,32.40369],[-117.24085,32.40388],[-117.24085,32.40444],[-117.24152,32.40538],[-117.24152,32.41008],[-117.24174,32.41027],[-117.24196,32.41159],[-117.24263,32.41272],[-117.24263,32.41403],[-117.24374,32.41497],[-117.24464,32.41516],[-117.24508,32.41554],[-117.24597,32.41704],[-117.24642,32.41742],[-117.24709,32.41761],[-117.24731,32.41798],[-117.24731,32.41855],[-117.24775,32.41892],[-117.24798,32.41892],[-117.24798,32.41949],[-117.2482,32.41986],[-117.24842,32.42005],[-117.24909,32.42005],[-117.24931,32.42024],[-117.25043,32.42043],[-117.2502,32.42062],[-117.25043,32.42099],[-117.25087,32.42118]],[[-117.24619,32.42118],[-117.24686,32.42043],[-117.24731,32.42043],[-117.24753,32.42062],[-117.24798,32.42024],[-117.24731,32.41986],[-117.24731,32.41911],[-117.24709,32.41892],[-117.24686,32.41892],[-117.24619,32.41968],[-117.24597,32.41968],[-117.2453,32.42024],[-117.2453,32.42081],[-117.24575,32.42118],[-117.24619,32.42118]],[[-117.2511,32.42099],[-117.2511,32.42099]],[[-117.24642,32.42099],[-117.24642,32.42099]],[[-117.24553,32.42099],[-117.24553,32.42099]],[[-117.25043,32.42081],[-117.25043,32.42081]],[[-117.25154,32.42062],[-117.25154,32.42062]],[[-117.24664,32.42062],[-117.24664,32.42062]],[[-117.25087,32.42024],[-117.25043,32.42043],[-117.2511,32.42005],[-117.25087,32.42024]],[[-117.24775,32.42043],[-117.24775,32.42043]],[[-117.24731,32.42043],[-117.24731,32.42043]],[[-117.24686,32.42043],[-117.24686,32.42043]],[[-117.26045,32.42024],[-117.26157,32.41892],[-117.26157,32.41817],[-117.26201,32.4178],[-117.26201,32.41723],[-117.26157,32.41667],[-117.26112,32.41648],[-117.2609,32.4161],[-117.2609,32.41573],[-117.25956,32.41441],[-117.25867,32.41497],[-117.25867,32.41573],[-117.25889,32.41592],[-117.25889,32.41742],[-117.25867,32.4178],[-117.25733,32.41798],[-117.25711,32.41817],[-117.25711,32.41855],[-117.25778,32.4193],[-117.25823,32.41911],[-117.25889,32.41911],[-117.25934,32.41968],[-117.25978,32.41968],[-117.26001,32.41949],[-117.26001,32.41986],[-117.26045,32.42024]],[[-117.25065,32.42024],[-117.25065,32.42024]],[[-117.24976,32.42024],[-117.24976,32.42024]],[[-117.26068,32.42005],[-117.26068,32.42005]],[[-117.26023,32.42005],[-117.26023,32.42005]],[[-117.2511,32.42005],[-117.2511,32.41986],[-117.2511,32.42005]],[[-117.24909,32.42005],[-117.24909,32.42005]],[[-117.2511,32.41986],[-117.2511,32.41986]],[[-117.2609,32.41968],[-117.2609,32.41968]],[[-117.2482,32.41968],[-117.2482,32.41968]],[[-117.26112,32.41949],[-117.26112,32.41949]],[[-117.26001,32.41949],[-117.26001,32.41949]],[[-117.30991,32.4193],[-117.30991,32.4193]],[[-117.25912,32.4193],[-117.25912,32.4193]],[[-117.26134,32.41911],[-117.26134,32.41911]],[[-117.25889,32.41911],[-117.25889,32.41911]],[[-117.25823,32.41911],[-117.25823,32.41911]],[[-117.25756,32.41892],[-117.25756,32.41892]],[[-117.24798,32.41892],[-117.24798,32.41892]],[[-117.25733,32.41874],[-117.25733,32.41874]],[[-117.24753,32.41874],[-117.24753,32.41874]],[[-117.26157,32.41817],[-117.26157,32.41817]],[[-117.26179,32.41798],[-117.26179,32.41798]],[[-117.24731,32.41798],[-117.24731,32.41798]],[[-117.24709,32.41761],[-117.24709,32.41761]],[[-117.24664,32.41742],[-117.24664,32.41742]],[[-117.24619,32.41723],[-117.24619,32.41723]],[[-117.24597,32.41686],[-117.24597,32.41686]],[[-117.24575,32.41648],[-117.24575,32.41648]],[[-117.24553,32.41629],[-117.24553,32.41629]],[[-117.25889,32.41592],[-117.25889,32.41592]],[[-117.2453,32.41592],[-117.2453,32.41592]],[[-117.24508,32.41554],[-117.24508,32.41554]],[[-117.24486,32.41535],[-117.24486,32.41535]],[[-117.24464,32.41516],[-117.24464,32.41516]],[[-117.24397,32.41497],[-117.24397,32.41497]],[[-117.24352,32.41479],[-117.24352,32.41479]],[[-117.2433,32.4146],[-117.2433,32.4146]],[[-117.24308,32.41441],[-117.24308,32.41441]],[[-117.24285,32.41422],[-117.24285,32.41422]],[[-117.24976,32.41366],[-117.24976,32.41366]],[[-117.24263,32.41272],[-117.24263,32.41272]],[[-117.24241,32.41215],[-117.24241,32.41215]],[[-117.24218,32.41178],[-117.24218,32.41178]],[[-117.24196,32.41103],[-117.24196,32.41103]],[[-117.24174,32.41027],[-117.24174,32.41027]],[[-117.24887,32.4099],[-117.24887,32.4099]],[[-117.24575,32.40802],[-117.24575,32.40802]],[[-117.24686,32.40745],[-117.24753,32.40708],[-117.24753,32.4067],[-117.24731,32.40651],[-117.24731,32.40576],[-117.24709,32.40557],[-117.24664,32.40557],[-117.24642,32.40576],[-117.24642,32.40651],[-117.24664,32.4067],[-117.24664,32.40726],[-117.24686,32.40745]],[[-117.24709,32.40726],[-117.24709,32.40726]],[[-117.24664,32.4067],[-117.24664,32.4067]],[[-117.24753,32.40538],[-117.24842,32.40463],[-117.24842,32.4035],[-117.24753,32.40237],[-117.24753,32.402],[-117.24731,32.40181],[-117.24731,32.4003],[-117.24686,32.39974],[-117.24664,32.39993],[-117.24664,32.40049],[-117.24642,32.40068],[-117.24664,32.40087],[-117.24664,32.40143],[-117.24642,32.40162],[-117.24664,32.402],[-117.24642,32.40237],[-117.24664,32.40275],[-117.24753,32.40331],[-117.24753,32.40369],[-117.24731,32.40407],[-117.24753,32.40425],[-117.24753,32.40482],[-117.24709,32.40519],[-117.24753,32.40538]],[[-117.24152,32.40538],[-117.24152,32.40538]],[[-117.24775,32.40519],[-117.24775,32.40519]],[[-117.24798,32.40501],[-117.24798,32.40501]],[[-117.24575,32.40501],[-117.24575,32.40501]],[[-117.24486,32.40501],[-117.24486,32.40501]],[[-117.24129,32.40501],[-117.24129,32.40501]],[[-117.2482,32.40482],[-117.2482,32.40482]],[[-117.24664,32.40482],[-117.24664,32.40482]],[[-117.24553,32.40482],[-117.24553,32.40482]],[[-117.2453,32.40463],[-117.2453,32.40463]],[[-117.24508,32.40463],[-117.24508,32.40463]],[[-117.24107,32.40463],[-117.24107,32.40463]],[[-117.23795,32.40444],[-117.23862,32.40369],[-117.23862,32.4035],[-117.23907,32.40388],[-117.23951,32.40388],[-117.23973,32.40369],[-117.23973,32.40313],[-117.23929,32.40275],[-117.23907,32.40275],[-117.23907,32.40237],[-117.23884,32.40219],[-117.23884,32.40181],[-117.23907,32.40162],[-117.23884,32.40125],[-117.2384,32.40143],[-117.2384,32.40275],[-117.23884,32.40313],[-117.23862,32.4035],[-117.2384,32.40313],[-117.23773,32.40294],[-117.23706,32.4035],[-117.23706,32.40425],[-117.23728,32.40444],[-117.23795,32.40444]],[[-117.24753,32.40425],[-117.24753,32.40425]],[[-117.23817,32.40407],[-117.23817,32.40407]],[[-117.24664,32.40388],[-117.24664,32.40388]],[[-117.24085,32.40388],[-117.24085,32.40388]],[[-117.2384,32.40388],[-117.2384,32.40388]],[[-117.23884,32.40369],[-117.23884,32.40369]],[[-117.24753,32.40331],[-117.24753,32.40331]],[[-117.24508,32.40331],[-117.24508,32.40331]],[[-117.24063,32.40331],[-117.24063,32.40331]],[[-117.24731,32.40313],[-117.24731,32.40313]],[[-117.23884,32.40313],[-117.23884,32.40313]],[[-117.24686,32.40294],[-117.24686,32.40294]],[[-117.2453,32.40294],[-117.2453,32.40294]],[[-117.2404,32.40294],[-117.2404,32.40294]],[[-117.23862,32.40294],[-117.23862,32.40294]],[[-117.24553,32.40275],[-117.24553,32.40275]],[[-117.24018,32.40275],[-117.24018,32.40275]],[[-117.24664,32.40256],[-117.24664,32.40256]],[[-117.23996,32.40256],[-117.23996,32.40256]],[[-117.24664,32.40181],[-117.24664,32.40181]],[[-117.23884,32.40181],[-117.23884,32.40181]],[[-117.24664,32.40087],[-117.24664,32.40087]],[[-117.28253,32.36795],[-117.28362,32.36833],[-117.28652,32.3684],[-117.28763,32.36872],[-117.28836,32.36927],[-117.28914,32.37021],[-117.29039,32.37266],[-117.29099,32.37529],[-117.29082,32.37774],[-117.29008,32.37999],[-117.28769,32.38488],[-117.28733,32.38639],[-117.28734,32.38789],[-117.28779,32.38958],[-117.28864,32.39128],[-117.29164,32.39566],[-117.29365,32.39827],[-117.29476,32.39935],[-117.29565,32.39993],[-117.29677,32.40032],[-117.29788,32.40045],[-117.29966,32.40037],[-117.30724,32.39951],[-117.31036,32.39902]],[[-117.24575,32.40049],[-117.24575,32.40049]],[[-117.23862,32.40049],[-117.23907,32.39993],[-117.23884,32.39974],[-117.2384,32.39993],[-117.2384,32.4003],[-117.23862,32.40049]],[[-117.23884,32.40012],[-117.23884,32.40012]],[[-117.23973,32.39993],[-117.23973,32.39993]],[[-117.24575,32.39955],[-117.24575,32.39955]],[[-117.23951,32.39955],[-117.23951,32.39955]],[[-117.23929,32.39918],[-117.23929,32.39918]],[[-117.24575,32.39899],[-117.24575,32.39899]],[[-117.23907,32.39842],[-117.23907,32.39842]],[[-117.23795,32.39692],[-117.23817,32.39673],[-117.23817,32.39598],[-117.2384,32.39579],[-117.23817,32.39541],[-117.23817,32.39504],[-117.23795,32.39485],[-117.23706,32.39485],[-117.23661,32.39523],[-117.23661,32.39635],[-117.23795,32.39692]],[[-117.23751,32.39673],[-117.23751,32.39673]],[[-117.24642,32.39654],[-117.24642,32.39654]],[[-117.24553,32.39654],[-117.24553,32.39654]],[[-117.23706,32.39654],[-117.23706,32.39654]],[[-117.2453,32.39635],[-117.2453,32.39635]],[[-117.24508,32.39617],[-117.24508,32.39617]],[[-117.24486,32.39598],[-117.24486,32.39579],[-117.24486,32.39598]],[[-117.23817,32.39598],[-117.23817,32.39598]],[[-117.24486,32.39579],[-117.24486,32.3956],[-117.24486,32.39579]],[[-117.24486,32.3956],[-117.24486,32.3956]],[[-117.23884,32.39466],[-117.23884,32.39466]],[[-117.23862,32.3941],[-117.23862,32.3941]],[[-117.28852,32.383],[-117.28852,32.383]]]},"properties":{"depth_m":800}},{"type":"Feature","geometry":{"type":"MultiLineString","coordinates":[[[-117.29944,32.44638],[-117.30078,32.44488],[-117.30078,32.44243],[-117.30033,32.44225],[-117.30011,32.44187],[-117.30011,32.44131],[-117.30056,32.44093],[-117.30033,32.44074],[-117.30033,32.43999],[-117.29989,32.43943],[-117.29944,32.43961],[-117.29877,32.43886],[-117.29877,32.43867],[-117.29833,32.43848],[-117.29855,32.4383],[-117.29833,32.43811],[-117.29833,32.4366],[-117.29788,32.43642],[-117.29788,32.43604],[-117.29744,32.43585],[-117.29744,32.43491],[-117.29721,32.43472],[-117.29654,32.43472],[-117.2961,32.43454],[-117.2961,32.43435],[-117.29543,32.43378],[-117.29499,32.43378],[-117.29476,32.43359],[-117.29454,32.43378],[-117.29409,32.43359],[-117.29365,32.43378],[-117.2932,32.43454],[-117.2932,32.43491],[-117.29409,32.43585],[-117.29409,32.43623],[-117.29387,32.43642],[-117.29387,32.43811],[-117.29499,32.43999],[-117.29499,32.44055],[-117.29521,32.44093],[-117.2961,32.44168],[-117.2961,32.44337],[-117.29744,32.44469],[-117.29766,32.44526],[-117.29833,32.44582],[-117.29922,32.44582],[-117.29922,32.4462],[-117.29944,32.44638]],[[-117.29588,32.44638],[-117.29632,32.44601],[-117.29632,32.44563],[-117.29588,32.44507],[-117.29565,32.44507],[-117.29521,32.44544],[-117.29521,32.44601],[-117.29565,32.44638],[-117.29588,32.44638]],[[-117.2961,32.4462],[-117.2961,32.4462]],[[-117.29543,32.4462],[-117.29543,32.4462]],[[-117.29966,32.44601],[-117.29966,32.44601]],[[-117.29989,32.44582],[-117.29989,32.44582]],[[-117.29922,32.44582],[-117.29922,32.44582]],[[-117.30011,32.44563],[-117.30011,32.44563]],[[-117.2981,32.44563],[-117.2981,32.44563]],[[-117.30033,32.44544],[-117.30033,32.44544]],[[-117.29788,32.44544],[-117.29788,32.44544]],[[-117.30056,32.44507],[-117.30056,32.44507]],[[-117.29766,32.44507],[-117.29766,32.44507]],[[-117.29744,32.44469],[-117.29744,32.44469]],[[-117.29721,32.4445],[-117.29721,32.4445]],[[-117.29699,32.44432],[-117.29699,32.44432]],[[-117.29677,32.44394],[-117.29677,32.44394]],[[-117.29654,32.44375],[-117.29654,32.44375]],[[-117.29632,32.44356],[-117.29632,32.44356]],[[-117.2961,32.44168],[-117.2961,32.44168]],[[-117.29588,32.44149],[-117.29588,32.44149]],[[-117.30011,32.44131],[-117.30011,32.44131]],[[-117.29565,32.44131],[-117.29565,32.44131]],[[-117.30033,32.44112],[-117.30033,32.44112]],[[-117.29543,32.44112],[-117.29543,32.44112]],[[-117.29521,32.44074],[-117.29521,32.44074]],[[-117.29499,32.43999],[-117.29499,32.43999]],[[-117.29476,32.43961],[-117.29476,32.43961]],[[-117.29454,32.43924],[-117.29454,32.43924]],[[-117.29432,32.43886],[-117.29432,32.43886]],[[-117.29833,32.43848],[-117.29833,32.43848]],[[-117.29409,32.4383],[-117.29409,32.4383]],[[-117.29409,32.43585],[-117.29409,32.43585]],[[-117.29387,32.43566],[-117.29387,32.43566]],[[-117.29365,32.43548],[-117.29365,32.43548]],[[-117.29343,32.4351],[-117.29343,32.4351]],[[-117.26335,32.42607],[-117.2638,32.42551],[-117.26357,32.42513],[-117.26402,32.42438],[-117.2629,32.42306],[-117.26246,32.42344],[-117.26268,32.42363],[-117.26246,32.42381],[-117.26268,32.42419],[-117.26246,32.42438],[-117.26246,32.42494],[-117.2629,32.4257],[-117.26335,32.42607]],[[-117.31036,32.40056],[-117.3039,32.40154],[-117.30145,32.40227],[-117.30015,32.40294],[-117.29924,32.40369],[-117.29867,32.40463],[-117.29852,32.40557],[-117.29868,32.40708],[-117.30005,32.41291],[-117.30045,32.41817],[-117.30079,32.41986],[-117.30127,32.42099],[-117.30211,32.42233],[-117.30434,32.42507],[-117.30501,32.42567],[-117.30546,32.42575],[-117.3059,32.42524],[-117.30712,32.42043],[-117.30787,32.41855],[-117.30891,32.41704],[-117.31036,32.41573]],[[-117.26313,32.42588],[-117.26313,32.42588]],[[-117.26357,32.4257],[-117.26357,32.4257]],[[-117.2629,32.42551],[-117.2629,32.42551]],[[-117.26357,32.42513],[-117.26357,32.42513]],[[-117.26268,32.42513],[-117.26268,32.42513]],[[-117.2638,32.42475],[-117.2638,32.42475]],[[-117.26268,32.424],[-117.26268,32.424]],[[-117.26268,32.42363],[-117.26268,32.42363]],[[-117.25087,32.42118],[-117.25154,32.42081],[-117.25176,32.42043],[-117.25176,32.42005],[-117.25154,32.41986],[-117.25154,32.41911],[-117.25132,32.41892],[-117.25132,32.41855],[-117.24998,32.41742],[-117.24998,32.41479],[-117.24976,32.41441],[-117.24998,32.41272],[-117.24954,32.41197],[-117.24954,32.41121],[-117.24931,32.41103],[-117.24931,32.41046],[-117.24887,32.4099],[-117.24909,32.40971],[-117.24909,32.40933],[-117.24865,32.40896],[-117.2482,32.40896],[-117.2482,32.40877],[-117.24731,32.40802],[-117.24664,32.40802],[-117.24642,32.40839],[-117.24597,32.40839],[-117.24575,32.4082],[-117.24597,32.40783],[-117.24575,32.40764],[-117.24575,32.40595],[-117.24486,32.40538],[-117.24486,32.40501],[-117.24508,32.40463],[-117.2453,32.40463],[-117.24597,32.40519],[-117.24642,32.40519],[-117.24686,32.40463],[-117.24686,32.40425],[-117.24664,32.40388],[-117.24686,32.40369],[-117.24686,32.40331],[-117.24642,32.40294],[-117.24597,32.40294],[-117.24508,32.40331],[-117.24575,32.40256],[-117.24575,32.40049],[-117.24597,32.4003],[-117.24575,32.40012],[-117.24575,32.39955],[-117.24597,32.39936],[-117.24575,32.39899],[-117.24597,32.3988],[-117.24597,32.39842],[-117.2453,32.39767],[-117.2453,32.3973],[-117.24486,32.39673],[-117.24486,32.39598],[-117.24575,32.39673],[-117.24619,32.39673],[-117.24664,32.39635],[-117.24664,32.3956],[-117.24597,32.39485],[-117.2453,32.39485],[-117.24508,32.39466],[-117.24441,32.39485],[-117.24419,32.39447],[-117.24419,32.39391],[-117.24374,32.39372],[-117.2433,32.39316],[-117.2433,32.39241],[-117.24241,32.39146],[-117.24241,32.39071],[-117.24218,32.39052],[-117.24174,32.39052],[-117.24152,32.39034],[-117.23996,32.39034],[-117.23973,32.39015],[-117.23884,32.39109],[-117.23884,32.39146],[-117.23862,32.39165],[-117.23862,32.39353],[-117.2384,32.39391],[-117.23884,32.39466],[-117.23884,32.39824],[-117.23907,32.39842],[-117.23907,32.39899],[-117.23973,32.39993],[-117.23973,32.40237],[-117.24063,32.40331],[-117.24063,32.40369],[-117.24085,32.40388],[-117.24085,32.40444],[-117.24152,32.40538],[-117.24152,32.41008],[-117.24174,32.41027],[-117.24196,32.41159],[-117.24263,32.41272],[-117.24263,32.41403],[-117.24374,32.41497],[-117.24464,32.41516],[-117.24508,32.41554],[-117.24597,32.41704],[-117.24642,32.41742],[-117.24709,32.41761],[-117.24731,32.41798],[-117.24731,32.41855],[-117.24775,32.41892],[-117.24798,32.41892],[-117.24798,32.41949],[-117.2482,32.41986],[-117.24842,32.42005],[-117.24909,32.42005],[-117.24931,32.42024],[-117.25043,32.42043],[-117.2502,32.42062],[-117.25043,32.42099],[-117.25087,32.42118]],[[-117.24619,32.42118],[-117.24686,32.42043],[-117.24731,32.42043],[-117.24753,32.42062],[-117.24798,32.42024],[-117.24731,32.41986],[-117.24731,32.41911],[-117.24709,32.41892],[-117.24686,32.41892],[-117.24619,32.41968],[-117.24597,32.41968],[-117.2453,32.42024],[-117.2453,32.42081],[-117.24575,32.42118],[-117.24619,32.42118]],[[-117.2511,32.42099],[-117.2511,32.42099]],[[-117.24642,32.42099],[-117.24642,32.42099]],[[-117.24553,32.42099],[-117.24553,32.42099]],[[-117.30702,32.42081],[-117.30702,32.42081]],[[-117.25043,32.42081],[-117.25043,32.42081]],[[-117.25154,32.42062],[-117.25154,32.42062]],[[-117.24664,32.42062],[-117.24664,32.42062]],[[-117.25087,32.42024],[-117.25043,32.42043],[-117.2511,32.42005],[-117.25087,32.42024]],[[-117.24775,32.42043],[-117.24775,32.42043]],[[-117.24731,32.42043],[-117.24731,32.42043]],[[-117.24686,32.42043],[-117.24686,32.42043]],[[-117.26045,32.42024],[-117.26157,32.41892],[-117.26157,32.41817],[-117.26201,32.4178],[-117.26201,32.41723],[-117.26157,32.41667],[-117.26112,32.41648],[-117.2609,32.4161],[-117.2609,32.41573],[-117.25956,32.41441],[-117.25867,32.41497],[-117.25867,32.41573],[-117.25889,32.41592],[-117.25889,32.41742],[-117.25867,32.4178],[-117.25733,32.41798],[-117.25711,32.41817],[-117.25711,32.41855],[-117.25778,32.4193],[-117.25823,32.41911],[-117.25889,32.41911],[-117.25934,32.41968],[-117.25978,32.41968],[-117.26001,32.41949],[-117.26001,32.41986],[-117.26045,32.42024]],[[-117.25065,32.42024],[-117.25065,32.42024]],[[-117.24976,32.42024],[-117.24976,32.42024]],[[-117.26068,32.42005],[-117.26068,32.42005]],[[-117.26023,32.42005],[-117.26023,32.42005]],[[-117.2511,32.42005],[-117.2511,32.41986],[-117.2511,32.42005]],[[-117.24909,32.42005],[-117.24909,32.42005]],[[-117.2511,32.41986],[-117.2511,32.41986]],[[-117.2609,32.41968],[-117.2609,32.41968]],[[-117.2482,32.41968],[-117.2482,32.41968]],[[-117.26112,32.41949],[-117.26112,32.41949]],[[-117.26001,32.41949],[-117.26001,32.41949]],[[-117.25912,32.4193],[-117.25912,32.4193]],[[-117.26134,32.41911],[-117.26134,32.41911]],[[-117.25889,32.41911],[-117.25889,32.41911]],[[-117.25823,32.41911],[-117.25823,32.41911]],[[-117.30768,32.41892],[-117.30768,32.41892]],[[-117.25756,32.41892],[-117.25756,32.41892]],[[-117.24798,32.41892],[-117.24798,32.41892]],[[-117.25733,32.41874],[-117.25733,32.41874]],[[-117.24753,32.41874],[-117.24753,32.41874]],[[-117.26157,32.41817],[-117.26157,32.41817]],[[-117.26179,32.41798],[-117.26179,32.41798]],[[-117.24731,32.41798],[-117.24731,32.41798]],[[-117.24709,32.41761],[-117.24709,32.41761]],[[-117.24664,32.41742],[-117.24664,32.41742]],[[-117.24619,32.41723],[-117.24619,32.41723]],[[-117.24597,32.41686],[-117.24597,32.41686]],[[-117.24575,32.41648],[-117.24575,32.41648]],[[-117.24553,32.41629],[-117.24553,32.41629]],[[-117.25889,32.41592],[-117.25889,32.41592]],[[-117.2453,32.41592],[-117.2453,32.41592]],[[-117.24508,32.41554],[-117.24508,32.41554]],[[-117.24486,32.41535],[-117.24486,32.41535]],[[-117.24464,32.41516],[-117.24464,32.41516]],[[-117.24397,32.41497],[-117.24397,32.41497]],[[-117.24352,32.41479],[-117.24352,32.41479]],[[-117.2433,32.4146],[-117.2433,32.4146]],[[-117.24308,32.41441],[-117.24308,32.41441]],[[-117.24285,32.41422],[-117.24285,32.41422]],[[-117.24976,32.41366],[-117.24976,32.41366]],[[-117.24263,32.41272],[-117.24263,32.41272]],[[-117.24241,32.41215],[-117.24241,32.41215]],[[-117.24218,32.41178],[-117.24218,32.41178]],[[-117.24196,32.41103],[-117.24196,32.41103]],[[-117.24174,32.41027],[-117.24174,32.41027]],[[-117.24887,32.4099],[-117.24887,32.4099]],[[-117.24575,32.40802],[-117.24575,32.40802]],[[-117.24686,32.40745],[-117.24753,32.40708],[-117.24753,32.4067],[-117.24731,32.40651],[-117.24731,32.40576],[-117.24709,32.40557],[-117.24664,32.40557],[-117.24642,32.40576],[-117.24642,32.40651],[-117.24664,32.4067],[-117.24664,32.40726],[-117.24686,32.40745]],[[-117.24709,32.40726],[-117.24709,32.40726]],[[-117.24664,32.4067],[-117.24664,32.4067]],[[-117.27381,32.36795],[-117.27454,32.3704],[-117.27528,32.37642],[-117.27601,32.37962],[-117.27694,32.38195],[-117.27934,32.38601],[-117.27977,32.38733],[-117.27958,32.38846],[-117.27783,32.39227],[-117.27694,32.39515],[-117.27645,32.39861],[-117.27656,32.40162],[-117.27706,32.40331],[-117.27782,32.40444],[-117.27894,32.40516],[-117.28028,32.40534],[-117.28719,32.40414],[-117.28843,32.40369],[-117.28977,32.40294],[-117.29062,32.40219],[-117.29115,32.40125],[-117.29127,32.4003],[-117.29088,32.39842],[-117.28981,32.39598],[-117.28864,32.3941],[-117.28532,32.38977],[-117.28462,32.38846],[-117.28438,32.38752],[-117.28445,32.38639],[-117.28488,32.38526],[-117.28795,32.38056],[-117.28881,32.37868],[-117.28909,32.37736],[-117.28917,32.37604],[-117.28906,32.37473],[-117.28874,32.37341],[-117.28795,32.37172],[-117.28697,32.37066],[-117.28585,32.3702],[-117.28206,32.36929],[-117.28095,32.36869],[-117.28014,32.36795]],[[-117.24753,32.40538],[-117.24842,32.40463],[-117.24842,32.4035],[-117.24753,32.40237],[-117.24753,32.402],[-117.24731,32.40181],[-117.24731,32.4003],[-117.24686,32.39974],[-117.24664,32.39993],[-117.24664,32.40049],[-117.24642,32.40068],[-117.24664,32.40106],[-117.24664,32.40143],[-117.24642,32.40162],[-117.24664,32.40181],[-117.24664,32.40219],[-117.24642,32.40237],[-117.24664,32.40275],[-117.24753,32.40331],[-117.24753,32.40369],[-117.24731,32.40407],[-117.24753,32.40425],[-117.24753,32.40482],[-117.24709,32.40519],[-117.24753,32.40538]],[[-117.24152,32.40538],[-117.24152,32.40538]],[[-117.24775,32.40519],[-117.24775,32.40519]],[[-117.24798,32.40501],[-117.24798,32.40501]],[[-117.24575,32.40501],[-117.24575,32.40501]],[[-117.24486,32.40501],[-117.24486,32.40501]],[[-117.24129,32.40501],[-117.24129,32.40501]],[[-117.2482,32.40482],[-117.2482,32.40482]],[[-117.24664,32.40482],[-117.24664,32.40482]],[[-117.24553,32.40482],[-117.24553,32.40482]],[[-117.2453,32.40463],[-117.2453,32.40463]],[[-117.24508,32.40463],[-117.24508,32.40463]],[[-117.24107,32.40463],[-117.24107,32.40463]],[[-117.23795,32.40444],[-117.23862,32.40369],[-117.23862,32.4035],[-117.23907,32.40388],[-117.23951,32.40388],[-117.23973,32.40369],[-117.23973,32.40313],[-117.23929,32.40275],[-117.23907,32.40275],[-117.23907,32.40237],[-117.23884,32.40219],[-117.23884,32.40181],[-117.23907,32.40162],[-117.23884,32.40125],[-117.2384,32.40143],[-117.2384,32.40275],[-117.23884,32.40313],[-117.23862,32.4035],[-117.2384,32.40313],[-117.23773,32.40294],[-117.23706,32.4035],[-117.23706,32.40425],[-117.23728,32.40444],[-117.23795,32.40444]],[[-117.24753,32.40425],[-117.24753,32.40425]],[[-117.23817,32.40407],[-117.23817,32.40407]],[[-117.24664,32.40388],[-117.24664,32.40388]],[[-117.24085,32.40388],[-117.24085,32.40388]],[[-117.2384,32.40388],[-117.2384,32.40388]],[[-117.23884,32.40369],[-117.23884,32.40369]],[[-117.24753,32.40331],[-117.24753,32.40331]],[[-117.24508,32.40331],[-117.24508,32.40331]],[[-117.24063,32.40331],[-117.24063,32.40331]],[[-117.24731,32.40313],[-117.24731,32.40313]],[[-117.23884,32.40313],[-117.23884,32.40313]],[[-117.24686,32.40294],[-117.24686,32.40294]],[[-117.2453,32.40294],[-117.2453,32.40294]],[[-117.2404,32.40294],[-117.2404,32.40294]],[[-117.23862,32.40294],[-117.23862,32.40294]],[[-117.24553,32.40275],[-117.24553,32.40275]],[[-117.24018,32.40275],[-117.24018,32.40275]],[[-117.24664,32.40256],[-117.24664,32.40256]],[[-117.23996,32.40256],[-117.23996,32.40256]],[[-117.24664,32.40181],[-117.24664,32.40181]],[[-117.23884,32.40181],[-117.23884,32.40181]],[[-117.24664,32.40087],[-117.24664,32.40087]],[[-117.24575,32.40049],[-117.24575,32.40049]],[[-117.23862,32.40049],[-117.23907,32.39993],[-117.23884,32.39974],[-117.2384,32.39993],[-117.2384,32.4003],[-117.23862,32.40049]],[[-117.23884,32.40012],[-117.23884,32.40012]],[[-117.23973,32.39993],[-117.23973,32.39993]],[[-117.24575,32.39955],[-117.24575,32.39955]],[[-117.23951,32.39955],[-117.23951,32.39955]],[[-117.23929,32.39918],[-117.23929,32.39918]],[[-117.24575,32.39899],[-117.24575,32.39899]],[[-117.23907,32.39842],[-117.23907,32.39842]],[[-117.23795,32.39692],[-117.23817,32.39673],[-117.23817,32.39598],[-117.2384,32.39579],[-117.23817,32.39541],[-117.23817,32.39504],[-117.23795,32.39485],[-117.23706,32.39485],[-117.23661,32.39523],[-117.23661,32.39635],[-117.23795,32.39692]],[[-117.23751,32.39673],[-117.23751,32.39673]],[[-117.24642,32.39654],[-117.24642,32.39654]],[[-117.24553,32.39654],[-117.24553,32.39654]],[[-117.23706,32.39654],[-117.23706,32.39654]],[[-117.2453,32.39635],[-117.2453,32.39635]],[[-117.24508,32.39617],[-117.24508,32.39617]],[[-117.24486,32.39598],[-117.24486,32.39579],[-117.24486,32.39598]],[[-117.23817,32.39598],[-117.23817,32.39598]],[[-117.24486,32.39579],[-117.24486,32.3956],[-117.24486,32.39579]],[[-117.24486,32.3956],[-117.24486,32.3956]],[[-117.23884,32.39466],[-117.23884,32.39466]],[[-117.23862,32.3941],[-117.23862,32.3941]],[[-117.28875,32.37886],[-117.28875,32.37886]]]},"properties":{"depth_m":900}},{"type":"Feature","geometry":{"type":"MultiLineString","coordinates":[[[-117.29944,32.44638],[-117.30078,32.44488],[-117.30078,32.44243],[-117.30033,32.44225],[-117.30011,32.44187],[-117.30011,32.44131],[-117.30056,32.44093],[-117.30033,32.44074],[-117.30033,32.43999],[-117.29989,32.43943],[-117.29944,32.43961],[-117.29877,32.43886],[-117.29877,32.43867],[-117.29833,32.43848],[-117.29855,32.4383],[-117.29833,32.43811],[-117.29833,32.4366],[-117.29788,32.43642],[-117.29788,32.43604],[-117.29744,32.43585],[-117.29744,32.43491],[-117.29721,32.43472],[-117.29654,32.43472],[-117.2961,32.43454],[-117.2961,32.43435],[-117.29543,32.43378],[-117.29499,32.43378],[-117.29476,32.43359],[-117.29454,32.43378],[-117.29409,32.43359],[-117.29365,32.43378],[-117.2932,32.43454],[-117.2932,32.43491],[-117.29409,32.43585],[-117.29409,32.43623],[-117.29387,32.43642],[-117.29387,32.43811],[-117.29499,32.43999],[-117.29499,32.44055],[-117.29521,32.44093],[-117.2961,32.44168],[-117.2961,32.44337],[-117.29744,32.44469],[-117.29766,32.44526],[-117.29833,32.44582],[-117.29922,32.44582],[-117.29922,32.4462],[-117.29944,32.44638]],[[-117.29588,32.44638],[-117.29632,32.44601],[-117.29632,32.44563],[-117.29588,32.44507],[-117.29565,32.44507],[-117.29521,32.44544],[-117.29521,32.44601],[-117.29565,32.44638],[-117.29588,32.44638]],[[-117.2961,32.4462],[-117.2961,32.4462]],[[-117.29543,32.4462],[-117.29543,32.4462]],[[-117.29966,32.44601],[-117.29966,32.44601]],[[-117.29989,32.44582],[-117.29989,32.44582]],[[-117.29922,32.44582],[-117.29922,32.44582]],[[-117.30011,32.44563],[-117.30011,32.44563]],[[-117.2981,32.44563],[-117.2981,32.44563]],[[-117.30033,32.44544],[-117.30033,32.44544]],[[-117.29788,32.44544],[-117.29788,32.44544]],[[-117.30056,32.44507],[-117.30056,32.44507]],[[-117.29766,32.44507],[-117.29766,32.44507]],[[-117.29744,32.44469],[-117.29744,32.44469]],[[-117.29721,32.4445],[-117.29721,32.4445]],[[-117.29699,32.44432],[-117.29699,32.44432]],[[-117.29677,32.44394],[-117.29677,32.44394]],[[-117.29654,32.44375],[-117.29654,32.44375]],[[-117.29632,32.44356],[-117.29632,32.44356]],[[-117.2961,32.44168],[-117.2961,32.44168]],[[-117.29588,32.44149],[-117.29588,32.44149]],[[-117.30011,32.44131],[-117.30011,32.44131]],[[-117.29565,32.44131],[-117.29565,32.44131]],[[-117.30033,32.44112],[-117.30033,32.44112]],[[-117.29543,32.44112],[-117.29543,32.44112]],[[-117.29521,32.44074],[-117.29521,32.44074]],[[-117.29499,32.43999],[-117.29499,32.43999]],[[-117.29476,32.43961],[-117.29476,32.43961]],[[-117.29454,32.43924],[-117.29454,32.43924]],[[-117.29432,32.43886],[-117.29432,32.43886]],[[-117.29833,32.43848],[-117.29833,32.43848]],[[-117.29409,32.4383],[-117.29409,32.4383]],[[-117.29409,32.43585],[-117.29409,32.43585]],[[-117.29387,32.43566],[-117.29387,32.43566]],[[-117.29365,32.43548],[-117.29365,32.43548]],[[-117.29343,32.4351],[-117.29343,32.4351]],[[-117.26335,32.42607],[-117.2638,32.42551],[-117.26357,32.42513],[-117.26402,32.42438],[-117.2629,32.42306],[-117.26246,32.42344],[-117.26268,32.42363],[-117.26246,32.42381],[-117.26268,32.42419],[-117.26246,32.42438],[-117.26246,32.42494],[-117.2629,32.4257],[-117.26335,32.42607]],[[-117.26313,32.42588],[-117.26313,32.42588]],[[-117.26357,32.4257],[-117.26357,32.4257]],[[-117.2629,32.42551],[-117.2629,32.42551]],[[-117.26357,32.42513],[-117.26357,32.42513]],[[-117.26268,32.42513],[-117.26268,32.42513]],[[-117.2638,32.42475],[-117.2638,32.42475]],[[-117.26268,32.424],[-117.26268,32.424]],[[-117.26268,32.42363],[-117.26268,32.42363]],[[-117.25087,32.42118],[-117.25154,32.42081],[-117.25176,32.42043],[-117.25176,32.42005],[-117.25154,32.41986],[-117.25154,32.41911],[-117.25132,32.41892],[-117.25132,32.41855],[-117.24998,32.41742],[-117.24998,32.41479],[-117.24976,32.41441],[-117.24998,32.41272],[-117.24954,32.41197],[-117.24954,32.41121],[-117.24931,32.41103],[-117.24931,32.41046],[-117.24887,32.4099],[-117.24909,32.40971],[-117.24909,32.40933],[-117.24865,32.40896],[-117.2482,32.40896],[-117.2482,32.40877],[-117.24731,32.40802],[-117.24664,32.40802],[-117.24642,32.40839],[-117.24597,32.40839],[-117.24575,32.4082],[-117.24597,32.40783],[-117.24575,32.40764],[-117.24575,32.40595],[-117.24486,32.40538],[-117.24486,32.40501],[-117.24508,32.40463],[-117.2453,32.40463],[-117.24597,32.40519],[-117.24642,32.40519],[-117.24686,32.40463],[-117.24686,32.40425],[-117.24664,32.40388],[-117.24686,32.40369],[-117.24686,32.40331],[-117.24642,32.40294],[-117.24597,32.40294],[-117.24508,32.40331],[-117.24575,32.40256],[-117.24575,32.40049],[-117.24597,32.4003],[-117.24575,32.40012],[-117.24575,32.39955],[-117.24597,32.39936],[-117.24575,32.39899],[-117.24597,32.3988],[-117.24597,32.39842],[-117.2453,32.39767],[-117.2453,32.3973],[-117.24486,32.39673],[-117.24486,32.39598],[-117.24575,32.39673],[-117.24619,32.39673],[-117.24664,32.39635],[-117.24664,32.3956],[-117.24597,32.39485],[-117.2453,32.39485],[-117.24508,32.39466],[-117.24441,32.39485],[-117.24419,32.39447],[-117.24419,32.39391],[-117.24374,32.39372],[-117.2433,32.39316],[-117.2433,32.39241],[-117.24241,32.39146],[-117.24241,32.39071],[-117.24218,32.39052],[-117.24174,32.39052],[-117.24152,32.39034],[-117.23996,32.39034],[-117.23973,32.39015],[-117.23884,32.39109],[-117.23884,32.39146],[-117.23862,32.39165],[-117.23862,32.39353],[-117.2384,32.39391],[-117.23884,32.39466],[-117.23884,32.39824],[-117.23907,32.39842],[-117.23907,32.39899],[-117.23973,32.39993],[-117.23973,32.40237],[-117.24063,32.40331],[-117.24063,32.40369],[-117.24085,32.40388],[-117.24085,32.40444],[-117.24152,32.40538],[-117.24152,32.41008],[-117.24174,32.41027],[-117.24196,32.41159],[-117.24263,32.41272],[-117.24263,32.41403],[-117.24374,32.41497],[-117.24464,32.41516],[-117.24508,32.41554],[-117.24597,32.41704],[-117.24642,32.41742],[-117.24709,32.41761],[-117.24731,32.41798],[-117.24731,32.41855],[-117.24775,32.41892],[-117.24798,32.41892],[-117.24798,32.41949],[-117.2482,32.41986],[-117.24842,32.42005],[-117.24909,32.42005],[-117.24931,32.42024],[-117.25043,32.42043],[-117.2502,32.42062],[-117.25043,32.42099],[-117.25087,32.42118]],[[-117.24619,32.42118],[-117.24686,32.42043],[-117.24731,32.42043],[-117.24753,32.42062],[-117.24798,32.42024],[-117.24731,32.41986],[-117.24731,32.41911],[-117.24709,32.41892],[-117.24686,32.41892],[-117.24619,32.41968],[-117.24597,32.41968],[-117.2453,32.42024],[-117.2453,32.42081],[-117.24575,32.42118],[-117.24619,32.42118]],[[-117.2511,32.42099],[-117.2511,32.42099]],[[-117.24642,32.42099],[-117.24642,32.42099]],[[-117.24553,32.42099],[-117.24553,32.42099]],[[-117.25043,32.42081],[-117.25043,32.42081]],[[-117.25154,32.42062],[-117.25154,32.42062]],[[-117.24664,32.42062],[-117.24664,32.42062]],[[-117.25087,32.42024],[-117.25043,32.42043],[-117.2511,32.42005],[-117.25087,32.42024]],[[-117.24775,32.42043],[-117.24775,32.42043]],[[-117.24731,32.42043],[-117.24731,32.42043]],[[-117.24686,32.42043],[-117.24686,32.42043]],[[-117.26045,32.42024],[-117.26157,32.41892],[-117.26157,32.41817],[-117.26201,32.4178],[-117.26201,32.41723],[-117.26157,32.41667],[-117.26112,32.41648],[-117.2609,32.4161],[-117.2609,32.41573],[-117.25956,32.41441],[-117.25867,32.41497],[-117.25867,32.41573],[-117.25889,32.41592],[-117.25889,32.41742],[-117.25867,32.4178],[-117.25733,32.41798],[-117.25711,32.41817],[-117.25711,32.41855],[-117.25778,32.4193],[-117.25823,32.41911],[-117.25889,32.41911],[-117.25934,32.41968],[-117.25978,32.41968],[-117.26001,32.41949],[-117.26001,32.41986],[-117.26045,32.42024]],[[-117.25065,32.42024],[-117.25065,32.42024]],[[-117.24976,32.42024],[-117.24976,32.42024]],[[-117.26068,32.42005],[-117.26068,32.42005]],[[-117.26023,32.42005],[-117.26023,32.42005]],[[-117.2511,32.42005],[-117.2511,32.41986],[-117.2511,32.42005]],[[-117.24909,32.42005],[-117.24909,32.42005]],[[-117.2511,32.41986],[-117.2511,32.41986]],[[-117.2609,32.41968],[-117.2609,32.41968]],[[-117.2482,32.41968],[-117.2482,32.41968]],[[-117.26112,32.41949],[-117.26112,32.41949]],[[-117.26001,32.41949],[-117.26001,32.41949]],[[-117.25912,32.4193],[-117.25912,32.4193]],[[-117.26134,32.41911],[-117.26134,32.41911]],[[-117.25889,32.41911],[-117.25889,32.41911]],[[-117.25823,32.41911],[-117.25823,32.41911]],[[-117.25756,32.41892],[-117.25756,32.41892]],[[-117.24798,32.41892],[-117.24798,32.41892]],[[-117.25733,32.41874],[-117.25733,32.41874]],[[-117.24753,32.41874],[-117.24753,32.41874]],[[-117.26157,32.41817],[-117.26157,32.41817]],[[-117.26179,32.41798],[-117.26179,32.41798]],[[-117.24731,32.41798],[-117.24731,32.41798]],[[-117.24709,32.41761],[-117.24709,32.41761]],[[-117.24664,32.41742],[-117.24664,32.41742]],[[-117.24619,32.41723],[-117.24619,32.41723]],[[-117.24597,32.41686],[-117.24597,32.41686]],[[-117.24575,32.41648],[-117.24575,32.41648]],[[-117.24553,32.41629],[-117.24553,32.41629]],[[-117.25889,32.41592],[-117.25889,32.41592]],[[-117.2453,32.41592],[-117.2453,32.41592]],[[-117.24508,32.41554],[-117.24508,32.41554]],[[-117.31036,32.40237],[-117.30479,32.40333],[-117.30365,32.40369],[-117.30278,32.40432],[-117.30211,32.40519],[-117.30175,32.40614],[-117.30162,32.40726],[-117.30189,32.4095],[-117.30268,32.41234],[-117.30345,32.41403],[-117.30434,32.41506],[-117.30501,32.4153],[-117.3059,32.41516],[-117.31036,32.41274]],[[-117.24486,32.41535],[-117.24486,32.41535]],[[-117.24464,32.41516],[-117.24464,32.41516]],[[-117.24397,32.41497],[-117.24397,32.41497]],[[-117.24352,32.41479],[-117.24352,32.41479]],[[-117.2433,32.4146],[-117.2433,32.4146]],[[-117.24308,32.41441],[-117.24308,32.41441]],[[-117.24285,32.41422],[-117.24285,32.41422]],[[-117.24976,32.41366],[-117.24976,32.41366]],[[-117.24263,32.41272],[-117.24263,32.41272]],[[-117.24241,32.41215],[-117.24241,32.41215]],[[-117.24218,32.41178],[-117.24218,32.41178]],[[-117.24196,32.41103],[-117.24196,32.41103]],[[-117.24174,32.41027],[-117.24174,32.41027]],[[-117.24887,32.4099],[-117.24887,32.4099]],[[-117.24575,32.40802],[-117.24575,32.40802]],[[-117.24686,32.40745],[-117.24753,32.40708],[-117.24753,32.4067],[-117.24731,32.40651],[-117.24731,32.40576],[-117.24709,32.40557],[-117.24664,32.40557],[-117.24642,32.40576],[-117.24642,32.40651],[-117.24664,32.4067],[-117.24664,32.40726],[-117.24686,32.40745]],[[-117.24709,32.40726],[-117.24709,32.40726]],[[-117.24664,32.4067],[-117.24664,32.4067]],[[-117.24753,32.40538],[-117.24842,32.40463],[-117.24842,32.4035],[-117.24753,32.40237],[-117.24753,32.402],[-117.24731,32.40181],[-117.24731,32.4003],[-117.24686,32.39974],[-117.24664,32.39993],[-117.24664,32.40049],[-117.24642,32.40068],[-117.24664,32.40106],[-117.24664,32.40143],[-117.24642,32.40162],[-117.24664,32.40181],[-117.24664,32.40219],[-117.24642,32.40237],[-117.24664,32.40275],[-117.24753,32.40331],[-117.24753,32.40369],[-117.24731,32.40407],[-117.24753,32.40425],[-117.24753,32.40482],[-117.24709,32.40519],[-117.24753,32.40538]],[[-117.24152,32.40538],[-117.24152,32.40538]],[[-117.24775,32.40519],[-117.24775,32.40519]],[[-117.24798,32.40501],[-117.24798,32.40501]],[[-117.24575,32.40501],[-117.24575,32.40501]],[[-117.24486,32.40501],[-117.24486,32.40501]],[[-117.24129,32.40501],[-117.24129,32.40501]],[[-117.2482,32.40482],[-117.2482,32.40482]],[[-117.24664,32.40482],[-117.24664,32.40482]],[[-117.24553,32.40482],[-117.24553,32.40482]],[[-117.2453,32.40463],[-117.2453,32.40463]],[[-117.24508,32.40463],[-117.24508,32.40463]],[[-117.24107,32.40463],[-117.24107,32.40463]],[[-117.23795,32.40444],[-117.23862,32.40369],[-117.23862,32.4035],[-117.23907,32.40388],[-117.23951,32.40388],[-117.23973,32.40369],[-117.23973,32.40313],[-117.23929,32.40275],[-117.23907,32.40275],[-117.23907,32.40237],[-117.23884,32.40219],[-117.23884,32.40181],[-117.23907,32.40162],[-117.23884,32.40125],[-117.2384,32.40143],[-117.2384,32.40275],[-117.23884,32.40313],[-117.23862,32.4035],[-117.2384,32.40313],[-117.23773,32.40294],[-117.23706,32.4035],[-117.23706,32.40425],[-117.23728,32.40444],[-117.23795,32.40444]],[[-117.24753,32.40425],[-117.24753,32.40425]],[[-117.23817,32.40407],[-117.23817,32.40407]],[[-117.24664,32.40388],[-117.24664,32.40388]],[[-117.24085,32.40388],[-117.24085,32.40388]],[[-117.2384,32.40388],[-117.2384,32.40388]],[[-117.23884,32.40369],[-117.23884,32.40369]],[[-117.28184,32.40331],[-117.28496,32.40263],[-117.28656,32.402],[-117.28763,32.40099],[-117.28818,32.39955],[-117.28808,32.39748],[-117.28738,32.3956],[-117.28652,32.39469],[-117.28541,32.39383],[-117.28429,32.39323],[-117.2834,32.39298],[-117.28251,32.39298],[-117.28184,32.39318],[-117.28117,32.39358],[-117.28044,32.39429],[-117.27939,32.39606],[-117.27874,32.39861],[-117.27865,32.40106],[-117.27883,32.402],[-117.27917,32.40271],[-117.27961,32.40314],[-117.28006,32.40332],[-117.28184,32.40331]],[[-117.24753,32.40331],[-117.24753,32.40331]],[[-117.24508,32.40331],[-117.24508,32.40331]],[[-117.24063,32.40331],[-117.24063,32.40331]],[[-117.24731,32.40313],[-117.24731,32.40313]],[[-117.23884,32.40313],[-117.23884,32.40313]],[[-117.24686,32.40294],[-117.24686,32.40294]],[[-117.2453,32.40294],[-117.2453,32.40294]],[[-117.2404,32.40294],[-117.2404,32.40294]],[[-117.23862,32.40294],[-117.23862,32.40294]],[[-117.24553,32.40275],[-117.24553,32.40275]],[[-117.24018,32.40275],[-117.24018,32.40275]],[[-117.24664,32.40256],[-117.24664,32.40256]],[[-117.23996,32.40256],[-117.23996,32.40256]],[[-117.24664,32.40181],[-117.24664,32.40181]],[[-117.23884,32.40181],[-117.23884,32.40181]],[[-117.24664,32.40087],[-117.24664,32.40087]],[[-117.24575,32.40049],[-117.24575,32.40049]],[[-117.23862,32.40049],[-117.23907,32.39993],[-117.23884,32.39974],[-117.2384,32.39993],[-117.2384,32.4003],[-117.23862,32.40049]],[[-117.23884,32.40012],[-117.23884,32.40012]],[[-117.23973,32.39993],[-117.23973,32.39993]],[[-117.24575,32.39955],[-117.24575,32.39955]],[[-117.23951,32.39955],[-117.23951,32.39955]],[[-117.23929,32.39918],[-117.23929,32.39918]],[[-117.24575,32.39899],[-117.24575,32.39899]],[[-117.23907,32.39842],[-117.23907,32.39842]],[[-117.23795,32.39692],[-117.23817,32.39673],[-117.23817,32.39598],[-117.2384,32.39579],[-117.23817,32.39541],[-117.23817,32.39504],[-117.23795,32.39485],[-117.23706,32.39485],[-117.23661,32.39523],[-117.23661,32.39635],[-117.23795,32.39692]],[[-117.23751,32.39673],[-117.23751,32.39673]],[[-117.24642,32.39654],[-117.24642,32.39654]],[[-117.24553,32.39654],[-117.24553,32.39654]],[[-117.23706,32.39654],[-117.23706,32.39654]],[[-117.2453,32.39635],[-117.2453,32.39635]],[[-117.24508,32.39617],[-117.24508,32.39617]],[[-117.24486,32.39598],[-117.24486,32.39579],[-117.24486,32.39598]],[[-117.23817,32.39598],[-117.23817,32.39598]],[[-117.24486,32.39579],[-117.24486,32.3956],[-117.24486,32.39579]],[[-117.24486,32.3956],[-117.24486,32.3956]],[[-117.23884,32.39466],[-117.23884,32.39466]],[[-117.23862,32.3941],[-117.23862,32.3941]],[[-117.28295,32.38152],[-117.28407,32.38108],[-117.28496,32.38047],[-117.28585,32.37961],[-117.28652,32.37862],[-117.28685,32.37755],[-117.28695,32.37642],[-117.28685,32.37529],[-117.28653,32.37416],[-117.28563,32.37285],[-117.28451,32.37213],[-117.27917,32.37027],[-117.27828,32.3703],[-117.27783,32.37077],[-117.27763,32.37134],[-117.27747,32.37341],[-117.27779,32.37623],[-117.27849,32.37849],[-117.27939,32.37997],[-117.2805,32.381],[-117.28162,32.3815],[-117.28295,32.38152]],[[-117.27783,32.37642],[-117.27783,32.37642]]]},"properties":{"depth_m":1000}},{"type":"Feature","geometry":{"type":"MultiLineString","coordinates":[[[-117.29944,32.44638],[-117.30078,32.44488],[-117.30078,32.44243],[-117.30033,32.44225],[-117.30011,32.44187],[-117.30011,32.44131],[-117.30056,32.44093],[-117.30033,32.44074],[-117.30033,32.43999],[-117.29989,32.43943],[-117.29944,32.43961],[-117.29877,32.43886],[-117.29877,32.43867],[-117.29833,32.43848],[-117.29855,32.4383],[-117.29833,32.43811],[-117.29833,32.4366],[-117.29788,32.43642],[-117.29788,32.43604],[-117.29744,32.43585],[-117.29744,32.43491],[-117.29721,32.43472],[-117.29654,32.43472],[-117.2961,32.43454],[-117.2961,32.43435],[-117.29543,32.43378],[-117.29499,32.43378],[-117.29476,32.43359],[-117.29454,32.43378],[-117.29409,32.43359],[-117.29365,32.43378],[-117.2932,32.43454],[-117.2932,32.43491],[-117.29409,32.43585],[-117.29409,32.43623],[-117.29387,32.43642],[-117.29387,32.43811],[-117.29499,32.43999],[-117.29499,32.44055],[-117.29521,32.44093],[-117.2961,32.44168],[-117.2961,32.44337],[-117.29744,32.44469],[-117.29766,32.44526],[-117.29833,32.44582],[-117.29922,32.44582],[-117.29922,32.4462],[-117.29944,32.44638]],[[-117.29588,32.44638],[-117.29632,32.44601],[-117.29632,32.44563],[-117.29588,32.44507],[-117.29565,32.44507],[-117.29521,32.44544],[-117.29521,32.44601],[-117.29565,32.44638],[-117.29588,32.44638]],[[-117.2961,32.4462],[-117.2961,32.4462]],[[-117.29543,32.4462],[-117.29543,32.4462]],[[-117.29966,32.44601],[-117.29966,32.44601]],[[-117.29989,32.44582],[-117.29989,32.44582]],[[-117.29922,32.44582],[-117.29922,32.44582]],[[-117.30011,32.44563],[-117.30011,32.44563]],[[-117.2981,32.44563],[-117.2981,32.44563]],[[-117.30033,32.44544],[-117.30033,32.44544]],[[-117.29788,32.44544],[-117.29788,32.44544]],[[-117.30056,32.44507],[-117.30056,32.44507]],[[-117.29766,32.44507],[-117.29766,32.44507]],[[-117.29744,32.44469],[-117.29744,32.44469]],[[-117.29721,32.4445],[-117.29721,32.4445]],[[-117.29699,32.44432],[-117.29699,32.44432]],[[-117.29677,32.44394],[-117.29677,32.44394]],[[-117.29654,32.44375],[-117.29654,32.44375]],[[-117.29632,32.44356],[-117.29632,32.44356]],[[-117.2961,32.44168],[-117.2961,32.44168]],[[-117.29588,32.44149],[-117.29588,32.44149]],[[-117.30011,32.44131],[-117.30011,32.44131]],[[-117.29565,32.44131],[-117.29565,32.44131]],[[-117.30033,32.44112],[-117.30033,32.44112]],[[-117.29543,32.44112],[-117.29543,32.44112]],[[-117.29521,32.44074],[-117.29521,32.44074]],[[-117.29499,32.43999],[-117.29499,32.43999]],[[-117.29476,32.43961],[-117.29476,32.43961]],[[-117.29454,32.43924],[-117.29454,32.43924]],[[-117.29432,32.43886],[-117.29432,32.43886]],[[-117.29833,32.43848],[-117.29833,32.43848]],[[-117.29409,32.4383],[-117.29409,32.4383]],[[-117.29409,32.43585],[-117.29409,32.43585]],[[-117.29387,32.43566],[-117.29387,32.43566]],[[-117.29365,32.43548],[-117.29365,32.43548]],[[-117.29343,32.4351],[-117.29343,32.4351]],[[-117.26335,32.42607],[-117.2638,32.42551],[-117.26357,32.42513],[-117.26402,32.42438],[-117.2629,32.42306],[-117.26246,32.42344],[-117.26268,32.42363],[-117.26246,32.42381],[-117.26268,32.42419],[-117.26246,32.42438],[-117.26246,32.42494],[-117.2629,32.4257],[-117.26335,32.42607]],[[-117.26313,32.42588],[-117.26313,32.42588]],[[-117.26357,32.4257],[-117.26357,32.4257]],[[-117.2629,32.42551],[-117.2629,32.42551]],[[-117.26357,32.42513],[-117.26357,32.42513]],[[-117.26268,32.42513],[-117.26268,32.42513]],[[-117.2638,32.42475],[-117.2638,32.42475]],[[-117.26268,32.424],[-117.26268,32.424]],[[-117.26268,32.42363],[-117.26268,32.42363]],[[-117.25087,32.42118],[-117.25154,32.42081],[-117.25176,32.42043],[-117.25176,32.42005],[-117.25154,32.41986],[-117.25154,32.41911],[-117.25132,32.41892],[-117.25132,32.41855],[-117.24998,32.41742],[-117.24998,32.41479],[-117.24976,32.41441],[-117.24998,32.41272],[-117.24954,32.41197],[-117.24954,32.41121],[-117.24931,32.41103],[-117.24931,32.41046],[-117.24887,32.4099],[-117.24909,32.40971],[-117.24909,32.40933],[-117.24865,32.40896],[-117.2482,32.40896],[-117.2482,32.40877],[-117.24731,32.40802],[-117.24664,32.40802],[-117.24642,32.40839],[-117.24597,32.40839],[-117.24575,32.4082],[-117.24597,32.40783],[-117.24575,32.40764],[-117.24575,32.40595],[-117.24486,32.40538],[-117.24486,32.40501],[-117.24508,32.40463],[-117.2453,32.40463],[-117.24597,32.40519],[-117.24642,32.40519],[-117.24686,32.40463],[-117.24686,32.40425],[-117.24664,32.40388],[-117.24686,32.40369],[-117.24686,32.40331],[-117.24642,32.40294],[-117.24597,32.40294],[-117.24508,32.40331],[-117.24575,32.40256],[-117.24575,32.40049],[-117.24597,32.4003],[-117.24575,32.40012],[-117.24575,32.39955],[-117.24597,32.39936],[-117.24575,32.39899],[-117.24597,32.3988],[-117.24597,32.39842],[-117.2453,32.39767],[-117.2453,32.3973],[-117.24486,32.39673],[-117.24486,32.39598],[-117.24575,32.39673],[-117.24619,32.39673],[-117.24664,32.39635],[-117.24664,32.3956],[-117.24597,32.39485],[-117.2453,32.39485],[-117.24508,32.39466],[-117.24441,32.39485],[-117.24419,32.39447],[-117.24419,32.39391],[-117.24374,32.39372],[-117.2433,32.39316],[-117.2433,32.39241],[-117.24241,32.39146],[-117.24241,32.39071],[-117.24218,32.39052],[-117.24174,32.39052],[-117.24152,32.39034],[-117.23996,32.39034],[-117.23973,32.39015],[-117.23884,32.39109],[-117.23884,32.39146],[-117.23862,32.39165],[-117.23862,32.39353],[-117.2384,32.39391],[-117.23884,32.39466],[-117.23884,32.39824],[-117.23907,32.39842],[-117.23907,32.39899],[-117.23973,32.39993],[-117.23973,32.40237],[-117.24063,32.40331],[-117.24063,32.40369],[-117.24085,32.40388],[-117.24085,32.40444],[-117.24152,32.40538],[-117.24152,32.41008],[-117.24174,32.41027],[-117.24196,32.41159],[-117.24263,32.41272],[-117.24263,32.41403],[-117.24374,32.41497],[-117.24464,32.41516],[-117.24508,32.41554],[-117.24597,32.41704],[-117.24642,32.41742],[-117.24709,32.41761],[-117.24731,32.41798],[-117.24731,32.41855],[-117.24775,32.41892],[-117.24798,32.41892],[-117.24798,32.41949],[-117.2482,32.41986],[-117.24842,32.42005],[-117.24909,32.42005],[-117.24931,32.42024],[-117.25043,32.42043],[-117.2502,32.42062],[-117.25043,32.42099],[-117.25087,32.42118]],[[-117.24619,32.42118],[-117.24686,32.42043],[-117.24731,32.42043],[-117.24753,32.42062],[-117.24798,32.42024],[-117.24731,32.41986],[-117.24731,32.41911],[-117.24709,32.41892],[-117.24686,32.41892],[-117.24642,32.4193],[-117.24642,32.41949],[-117.2453,32.42024],[-117.2453,32.42081],[-117.24575,32.42118],[-117.24619,32.42118]],[[-117.2511,32.42099],[-117.2511,32.42099]],[[-117.24642,32.42099],[-117.24642,32.42099]],[[-117.24553,32.42099],[-117.24553,32.42099]],[[-117.25043,32.42081],[-117.25043,32.42081]],[[-117.25154,32.42062],[-117.25154,32.42062]],[[-117.24664,32.42062],[-117.24664,32.42062]],[[-117.25087,32.42024],[-117.25043,32.42043],[-117.2511,32.42005],[-117.25087,32.42024]],[[-117.24775,32.42043],[-117.24775,32.42043]],[[-117.24731,32.42043],[-117.24731,32.42043]],[[-117.24686,32.42043],[-117.24686,32.42043]],[[-117.26045,32.42024],[-117.26157,32.41892],[-117.26157,32.41817],[-117.26201,32.4178],[-117.26201,32.41723],[-117.26157,32.41667],[-117.26112,32.41648],[-117.2609,32.4161],[-117.2609,32.41573],[-117.25956,32.41441],[-117.25867,32.41497],[-117.25867,32.41573],[-117.25889,32.41592],[-117.25889,32.41742],[-117.25867,32.4178],[-117.25733,32.41798],[-117.25711,32.41817],[-117.25711,32.41855],[-117.25778,32.4193],[-117.25823,32.41911],[-117.25889,32.41911],[-117.25934,32.41968],[-117.25978,32.41968],[-117.26001,32.41949],[-117.26001,32.41986],[-117.26045,32.42024]],[[-117.25065,32.42024],[-117.25065,32.42024]],[[-117.24976,32.42024],[-117.24976,32.42024]],[[-117.26068,32.42005],[-117.26068,32.42005]],[[-117.26023,32.42005],[-117.26023,32.42005]],[[-117.2511,32.42005],[-117.2511,32.41986],[-117.2511,32.42005]],[[-117.24909,32.42005],[-117.24909,32.42005]],[[-117.2511,32.41986],[-117.2511,32.41986]],[[-117.2609,32.41968],[-117.2609,32.41968]],[[-117.2482,32.41968],[-117.2482,32.41968]],[[-117.26112,32.41949],[-117.26112,32.41949]],[[-117.26001,32.41949],[-117.26001,32.41949]],[[-117.25912,32.4193],[-117.25912,32.4193]],[[-117.26134,32.41911],[-117.26134,32.41911]],[[-117.25889,32.41911],[-117.25889,32.41911]],[[-117.25823,32.41911],[-117.25823,32.41911]],[[-117.25756,32.41892],[-117.25756,32.41892]],[[-117.24798,32.41892],[-117.24798,32.41892]],[[-117.25733,32.41874],[-117.25733,32.41874]],[[-117.24753,32.41874],[-117.24753,32.41874]],[[-117.26157,32.41817],[-117.26157,32.41817]],[[-117.26179,32.41798],[-117.26179,32.41798]],[[-117.24731,32.41798],[-117.24731,32.41798]],[[-117.24709,32.41761],[-117.24709,32.41761]],[[-117.24664,32.41742],[-117.24664,32.41742]],[[-117.24619,32.41723],[-117.24619,32.41723]],[[-117.24597,32.41686],[-117.24597,32.41686]],[[-117.24575,32.41648],[-117.24575,32.41648]],[[-117.24553,32.41629],[-117.24553,32.41629]],[[-117.25889,32.41592],[-117.25889,32.41592]],[[-117.2453,32.41592],[-117.2453,32.41592]],[[-117.24508,32.41554],[-117.24508,32.41554]],[[-117.24486,32.41535],[-117.24486,32.41535]],[[-117.24464,32.41516],[-117.24464,32.41516]],[[-117.24397,32.41497],[-117.24397,32.41497]],[[-117.24352,32.41479],[-117.24352,32.41479]],[[-117.2433,32.4146],[-117.2433,32.4146]],[[-117.24308,32.41441],[-117.24308,32.41441]],[[-117.24285,32.41422],[-117.24285,32.41422]],[[-117.24976,32.41366],[-117.24976,32.41366]],[[-117.24263,32.41272],[-117.24263,32.41272]],[[-117.24241,32.41215],[-117.24241,32.41215]],[[-117.24218,32.41178],[-117.24218,32.41178]],[[-117.24196,32.41103],[-117.24196,32.41103]],[[-117.24174,32.41027],[-117.24174,32.41027]],[[-117.24887,32.4099],[-117.24887,32.4099]],[[-117.31036,32.40868],[-117.30813,32.40866],[-117.30754,32.40839],[-117.30715,32.40783],[-117.30726,32.40726],[-117.30783,32.4067],[-117.31036,32.4055]],[[-117.24575,32.40802],[-117.24575,32.40802]],[[-117.24686,32.40745],[-117.24753,32.40708],[-117.24753,32.4067],[-117.24731,32.40651],[-117.24731,32.40576],[-117.24709,32.40557],[-117.24664,32.40557],[-117.24642,32.40576],[-117.24642,32.40651],[-117.24664,32.4067],[-117.24664,32.40726],[-117.24686,32.40745]],[[-117.24709,32.40726],[-117.24709,32.40726]],[[-117.24664,32.4067],[-117.24664,32.4067]],[[-117.24753,32.40538],[-117.24842,32.40463],[-117.24842,32.4035],[-117.24753,32.40237],[-117.24753,32.402],[-117.24731,32.40181],[-117.24731,32.4003],[-117.24686,32.39974],[-117.24664,32.39993],[-117.24664,32.40049],[-117.24642,32.40068],[-117.24664,32.40087],[-117.24664,32.40143],[-117.24642,32.40162],[-117.24664,32.402],[-117.24642,32.40237],[-117.24664,32.40275],[-117.24753,32.40331],[-117.24753,32.40369],[-117.24731,32.40407],[-117.24753,32.40425],[-117.24753,32.40482],[-117.24709,32.40519],[-117.24753,32.40538]],[[-117.24152,32.40538],[-117.24152,32.40538]],[[-117.24775,32.40519],[-117.24775,32.40519]],[[-117.24798,32.40501],[-117.24798,32.40501]],[[-117.24575,32.40501],[-117.24575,32.40501]],[[-117.24486,32.40501],[-117.24486,32.40501]],[[-117.24129,32.40501],[-117.24129,32.40501]],[[-117.2482,32.40482],[-117.2482,32.40482]],[[-117.24664,32.40482],[-117.24664,32.40482]],[[-117.24553,32.40482],[-117.24553,32.40482]],[[-117.2453,32.40463],[-117.2453,32.40463]],[[-117.24508,32.40463],[-117.24508,32.40463]],[[-117.24107,32.40463],[-117.24107,32.40463]],[[-117.23795,32.40444],[-117.23862,32.40369],[-117.23862,32.4035],[-117.23907,32.40388],[-117.23951,32.40388],[-117.23973,32.40369],[-117.23973,32.40313],[-117.23929,32.40275],[-117.23907,32.40275],[-117.23907,32.40237],[-117.23884,32.40219],[-117.23884,32.40181],[-117.23907,32.40162],[-117.23884,32.40125],[-117.2384,32.40143],[-117.2384,32.40275],[-117.23884,32.40313],[-117.23862,32.4035],[-117.2384,32.40313],[-117.23773,32.40294],[-117.23706,32.4035],[-117.23706,32.40425],[-117.23728,32.40444],[-117.23795,32.40444]],[[-117.24753,32.40425],[-117.24753,32.40425]],[[-117.23817,32.40407],[-117.23817,32.40407]],[[-117.24664,32.40388],[-117.24664,32.40388]],[[-117.24085,32.40388],[-117.24085,32.40388]],[[-117.2384,32.40388],[-117.2384,32.40388]],[[-117.23884,32.40369],[-117.23884,32.40369]],[[-117.24753,32.40331],[-117.24753,32.40331]],[[-117.24508,32.40331],[-117.24508,32.40331]],[[-117.24063,32.40331],[-117.24063,32.40331]],[[-117.24731,32.40313],[-117.24731,32.40313]],[[-117.23884,32.40313],[-117.23884,32.40313]],[[-117.24686,32.40294],[-117.24686,32.40294]],[[-117.2453,32.40294],[-117.2453,32.40294]],[[-117.2404,32.40294],[-117.2404,32.40294]],[[-117.23862,32.40294],[-117.23862,32.40294]],[[-117.24553,32.40275],[-117.24553,32.40275]],[[-117.24018,32.40275],[-117.24018,32.40275]],[[-117.24664,32.40256],[-117.24664,32.40256]],[[-117.23996,32.40256],[-117.23996,32.40256]],[[-117.24664,32.40181],[-117.24664,32.40181]],[[-117.23884,32.40181],[-117.23884,32.40181]],[[-117.24664,32.40087],[-117.24664,32.40087]],[[-117.24575,32.40049],[-117.24575,32.40049]],[[-117.23862,32.40049],[-117.23907,32.39993],[-117.23884,32.39974],[-117.2384,32.39993],[-117.2384,32.4003],[-117.23862,32.40049]],[[-117.23884,32.40012],[-117.23884,32.40012]],[[-117.23973,32.39993],[-117.23973,32.39993]],[[-117.24575,32.39955],[-117.24575,32.39955]],[[-117.23951,32.39955],[-117.23951,32.39955]],[[-117.23929,32.39918],[-117.23929,32.39918]],[[-117.24575,32.39899],[-117.24575,32.39899]],[[-117.23907,32.39842],[-117.23907,32.39842]],[[-117.23795,32.39692],[-117.23817,32.39673],[-117.23817,32.39598],[-117.2384,32.39579],[-117.23817,32.39541],[-117.23817,32.39504],[-117.23795,32.39485],[-117.23706,32.39485],[-117.23661,32.39523],[-117.23661,32.39635],[-117.23795,32.39692]],[[-117.23751,32.39673],[-117.23751,32.39673]],[[-117.24642,32.39654],[-117.24642,32.39654]],[[-117.24553,32.39654],[-117.24553,32.39654]],[[-117.23706,32.39654],[-117.23706,32.39654]],[[-117.2453,32.39635],[-117.2453,32.39635]],[[-117.24508,32.39617],[-117.24508,32.39617]],[[-117.24486,32.39598],[-117.24486,32.39579],[-117.24486,32.39598]],[[-117.23817,32.39598],[-117.23817,32.39598]],[[-117.24486,32.39579],[-117.24486,32.3956],[-117.24486,32.39579]],[[-117.24486,32.3956],[-117.24486,32.3956]],[[-117.23884,32.39466],[-117.23884,32.39466]],[[-117.23862,32.3941],[-117.23862,32.3941]]]},"properties":{"depth_m":1100}},{"type":"Feature","geometry":{"type":"MultiLineString","coordinates":[[[-117.29944,32.44638],[-117.30078,32.44488],[-117.30078,32.44243],[-117.30033,32.44225],[-117.30011,32.44187],[-117.30011,32.44131],[-117.30056,32.44093],[-117.30033,32.44074],[-117.30033,32.43999],[-117.29989,32.43943],[-117.29944,32.43961],[-117.29877,32.43886],[-117.29877,32.43867],[-117.29833,32.43848],[-117.29855,32.4383],[-117.29833,32.43811],[-117.29833,32.4366],[-117.29788,32.43642],[-117.29788,32.43604],[-117.29744,32.43585],[-117.29744,32.43491],[-117.29721,32.43472],[-117.29654,32.43472],[-117.2961,32.43454],[-117.2961,32.43435],[-117.29543,32.43378],[-117.29499,32.43378],[-117.29476,32.43359],[-117.29454,32.43378],[-117.29409,32.43359],[-117.29365,32.43378],[-117.2932,32.43454],[-117.2932,32.43491],[-117.29409,32.43585],[-117.29409,32.43623],[-117.29387,32.43642],[-117.29387,32.43811],[-117.29499,32.43999],[-117.29499,32.44055],[-117.29521,32.44093],[-117.2961,32.44168],[-117.2961,32.44337],[-117.29744,32.44469],[-117.29766,32.44526],[-117.29833,32.44582],[-117.29922,32.44582],[-117.29922,32.4462],[-117.29944,32.44638]],[[-117.29588,32.44638],[-117.29632,32.44601],[-117.29632,32.44563],[-117.29588,32.44507],[-117.29565,32.44507],[-117.29521,32.44544],[-117.29521,32.44601],[-117.29565,32.44638],[-117.29588,32.44638]],[[-117.2961,32.4462],[-117.2961,32.4462]],[[-117.29543,32.4462],[-117.29543,32.4462]],[[-117.29966,32.44601],[-117.29966,32.44601]],[[-117.29989,32.44582],[-117.29989,32.44582]],[[-117.29922,32.44582],[-117.29922,32.44582]],[[-117.30011,32.44563],[-117.30011,32.44563]],[[-117.2981,32.44563],[-117.2981,32.44563]],[[-117.30033,32.44544],[-117.30033,32.44544]],[[-117.29788,32.44544],[-117.29788,32.44544]],[[-117.30056,32.44507],[-117.30056,32.44507]],[[-117.29766,32.44507],[-117.29766,32.44507]],[[-117.29744,32.44469],[-117.29744,32.44469]],[[-117.29721,32.4445],[-117.29721,32.4445]],[[-117.29699,32.44432],[-117.29699,32.44432]],[[-117.29677,32.44394],[-117.29677,32.44394]],[[-117.29654,32.44375],[-117.29654,32.44375]],[[-117.29632,32.44356],[-117.29632,32.44356]],[[-117.2961,32.44168],[-117.2961,32.44168]],[[-117.29588,32.44149],[-117.29588,32.44149]],[[-117.30011,32.44131],[-117.30011,32.44131]],[[-117.29565,32.44131],[-117.29565,32.44131]],[[-117.30033,32.44112],[-117.30033,32.44112]],[[-117.29543,32.44112],[-117.29543,32.44112]],[[-117.29521,32.44074],[-117.29521,32.44074]],[[-117.29499,32.43999],[-117.29499,32.43999]],[[-117.29476,32.43961],[-117.29476,32.43961]],[[-117.29454,32.43924],[-117.29454,32.43924]],[[-117.29432,32.43886],[-117.29432,32.43886]],[[-117.29833,32.43848],[-117.29833,32.43848]],[[-117.29409,32.4383],[-117.29409,32.4383]],[[-117.29409,32.43585],[-117.29409,32.43585]],[[-117.29387,32.43566],[-117.29387,32.43566]],[[-117.29365,32.43548],[-117.29365,32.43548]],[[-117.29343,32.4351],[-117.29343,32.4351]],[[-117.26335,32.42607],[-117.2638,32.42551],[-117.26357,32.42513],[-117.26402,32.42438],[-117.2629,32.42306],[-117.26246,32.42344],[-117.26268,32.42363],[-117.26246,32.42381],[-117.26268,32.42419],[-117.26246,32.42438],[-117.26246,32.42494],[-117.2629,32.4257],[-117.26335,32.42607]],[[-117.26313,32.42588],[-117.26313,32.42588]],[[-117.26357,32.4257],[-117.26357,32.4257]],[[-117.2629,32.42551],[-117.2629,32.42551]],[[-117.26357,32.42513],[-117.26357,32.42513]],[[-117.26268,32.42513],[-117.26268,32.42513]],[[-117.2638,32.42475],[-117.2638,32.42475]],[[-117.26268,32.424],[-117.26268,32.424]],[[-117.26268,32.42363],[-117.26268,32.42363]],[[-117.25087,32.42118],[-117.25154,32.42081],[-117.25176,32.42043],[-117.25176,32.42005],[-117.25154,32.41986],[-117.25154,32.41911],[-117.25132,32.41892],[-117.25132,32.41855],[-117.24998,32.41742],[-117.24998,32.41479],[-117.24976,32.41441],[-117.24998,32.41272],[-117.24954,32.41197],[-117.24954,32.41121],[-117.24931,32.41103],[-117.24931,32.41046],[-117.24887,32.4099],[-117.24909,32.40971],[-117.24909,32.40933],[-117.24865,32.40896],[-117.2482,32.40896],[-117.2482,32.40877],[-117.24731,32.40802],[-117.24664,32.40802],[-117.24642,32.40839],[-117.24597,32.40839],[-117.24575,32.4082],[-117.24597,32.40783],[-117.24575,32.40764],[-117.24575,32.40595],[-117.24486,32.40538],[-117.24486,32.40501],[-117.24508,32.40463],[-117.2453,32.40463],[-117.24597,32.40519],[-117.24642,32.40519],[-117.24686,32.40463],[-117.24686,32.40425],[-117.24664,32.40388],[-117.24686,32.40369],[-117.24686,32.40331],[-117.24642,32.40294],[-117.24597,32.40294],[-117.24508,32.40331],[-117.24575,32.40256],[-117.24575,32.40049],[-117.24597,32.4003],[-117.24575,32.40012],[-117.24575,32.39955],[-117.24597,32.39936],[-117.24575,32.39899],[-117.24597,32.3988],[-117.24597,32.39842],[-117.2453,32.39767],[-117.2453,32.3973],[-117.24486,32.39673],[-117.24486,32.39598],[-117.24575,32.39673],[-117.24619,32.39673],[-117.24664,32.39635],[-117.24664,32.3956],[-117.24597,32.39485],[-117.2453,32.39485],[-117.24508,32.39466],[-117.24441,32.39485],[-117.24419,32.39447],[-117.24419,32.39391],[-117.24374,32.39372],[-117.2433,32.39316],[-117.2433,32.39241],[-117.24241,32.39146],[-117.24241,32.39071],[-117.24218,32.39052],[-117.24174,32.39052],[-117.24152,32.39034],[-117.23996,32.39034],[-117.23973,32.39015],[-117.23884,32.39109],[-117.23884,32.39146],[-117.23862,32.39165],[-117.23862,32.39353],[-117.2384,32.39391],[-117.23884,32.39466],[-117.23884,32.39824],[-117.23907,32.39842],[-117.23907,32.39899],[-117.23973,32.39993],[-117.23973,32.40237],[-117.24063,32.40331],[-117.24063,32.40369],[-117.24085,32.40388],[-117.24085,32.40444],[-117.24152,32.40538],[-117.24152,32.41008],[-117.24174,32.41027],[-117.24196,32.41159],[-117.24263,32.41272],[-117.24263,32.41403],[-117.24374,32.41497],[-117.24464,32.41516],[-117.24508,32.41554],[-117.24597,32.41704],[-117.24642,32.41742],[-117.24709,32.41761],[-117.24731,32.41798],[-117.24731,32.41855],[-117.24775,32.41892],[-117.24798,32.41892],[-117.24798,32.41949],[-117.2482,32.41986],[-117.24842,32.42005],[-117.24909,32.42005],[-117.24931,32.42024],[-117.25043,32.42043],[-117.2502,32.42062],[-117.25043,32.42099],[-117.25087,32.42118]],[[-117.24619,32.42118],[-117.24686,32.42043],[-117.24731,32.42043],[-117.24753,32.42062],[-117.24798,32.42024],[-117.24731,32.41986],[-117.24731,32.41911],[-117.24709,32.41892],[-117.24686,32.41892],[-117.24619,32.41968],[-117.24597,32.41968],[-117.2453,32.42024],[-117.2453,32.42081],[-117.24575,32.42118],[-117.24619,32.42118]],[[-117.2511,32.42099],[-117.2511,32.42099]],[[-117.24642,32.42099],[-117.24642,32.42099]],[[-117.24553,32.42099],[-117.24553,32.42099]],[[-117.25043,32.42081],[-117.25043,32.42081]],[[-117.25154,32.42062],[-117.25154,32.42062]],[[-117.24664,32.42062],[-117.24664,32.42062]],[[-117.25087,32.42024],[-117.25043,32.42043],[-117.2511,32.42005],[-117.25087,32.42024]],[[-117.24775,32.42043],[-117.24775,32.42043]],[[-117.24731,32.42043],[-117.24731,32.42043]],[[-117.24686,32.42043],[-117.24686,32.42043]],[[-117.26045,32.42024],[-117.26157,32.41892],[-117.26157,32.41817],[-117.26201,32.4178],[-117.26201,32.41723],[-117.26157,32.41667],[-117.26112,32.41648],[-117.2609,32.4161],[-117.2609,32.41573],[-117.25956,32.41441],[-117.25867,32.41497],[-117.25867,32.41573],[-117.25889,32.41592],[-117.25889,32.41742],[-117.25867,32.4178],[-117.25733,32.41798],[-117.25711,32.41817],[-117.25711,32.41855],[-117.25778,32.4193],[-117.25823,32.41911],[-117.25889,32.41911],[-117.25934,32.41968],[-117.25978,32.41968],[-117.26001,32.41949],[-117.26001,32.41986],[-117.26045,32.42024]],[[-117.25065,32.42024],[-117.25065,32.42024]],[[-117.24976,32.42024],[-117.24976,32.42024]],[[-117.26068,32.42005],[-117.26068,32.42005]],[[-117.26023,32.42005],[-117.26023,32.42005]],[[-117.2511,32.42005],[-117.2511,32.41986],[-117.2511,32.42005]],[[-117.24909,32.42005],[-117.24909,32.42005]],[[-117.2511,32.41986],[-117.2511,32.41986]],[[-117.2609,32.41968],[-117.2609,32.41968]],[[-117.2482,32.41968],[-117.2482,32.41968]],[[-117.26112,32.41949],[-117.26112,32.41949]],[[-117.26001,32.41949],[-117.26001,32.41949]],[[-117.25912,32.4193],[-117.25912,32.4193]],[[-117.26134,32.41911],[-117.26134,32.41911]],[[-117.25889,32.41911],[-117.25889,32.41911]],[[-117.25823,32.41911],[-117.25823,32.41911]],[[-117.25756,32.41892],[-117.25756,32.41892]],[[-117.24798,32.41892],[-117.24798,32.41892]],[[-117.25733,32.41874],[-117.25733,32.41874]],[[-117.24753,32.41874],[-117.24753,32.41874]],[[-117.26157,32.41817],[-117.26157,32.41817]],[[-117.26179,32.41798],[-117.26179,32.41798]],[[-117.24731,32.41798],[-117.24731,32.41798]],[[-117.24709,32.41761],[-117.24709,32.41761]],[[-117.24664,32.41742],[-117.24664,32.41742]],[[-117.24619,32.41723],[-117.24619,32.41723]],[[-117.24597,32.41686],[-117.24597,32.41686]],[[-117.24575,32.41648],[-117.24575,32.41648]],[[-117.24553,32.41629],[-117.24553,32.41629]],[[-117.25889,32.41592],[-117.25889,32.41592]],[[-117.2453,32.41592],[-117.2453,32.41592]],[[-117.24508,32.41554],[-117.24508,32.41554]],[[-117.24486,32.41535],[-117.24486,32.41535]],[[-117.24464,32.41516],[-117.24464,32.41516]],[[-117.24397,32.41497],[-117.24397,32.41497]],[[-117.24352,32.41479],[-117.24352,32.41479]],[[-117.2433,32.4146],[-117.2433,32.4146]],[[-117.24308,32.41441],[-117.24308,32.41441]],[[-117.24285,32.41422],[-117.24285,32.41422]],[[-117.24976,32.41366],[-117.24976,32.41366]],[[-117.24263,32.41272],[-117.24263,32.41272]],[[-117.24241,32.41215],[-117.24241,32.41215]],[[-117.24218,32.41178],[-117.24218,32.41178]],[[-117.24196,32.41103],[-117.24196,32.41103]],[[-117.24174,32.41027],[-117.24174,32.41027]],[[-117.24887,32.4099],[-117.24887,32.4099]],[[-117.24575,32.40802],[-117.24575,32.40802]],[[-117.24686,32.40745],[-117.24753,32.40708],[-117.24753,32.4067],[-117.24731,32.40651],[-117.24731,32.40576],[-117.24709,32.40557],[-117.24664,32.40557],[-117.24642,32.40576],[-117.24642,32.40651],[-117.24664,32.4067],[-117.24664,32.40726],[-117.24686,32.40745]],[[-117.24709,32.40726],[-117.24709,32.40726]],[[-117.24664,32.4067],[-117.24664,32.4067]],[[-117.24753,32.40538],[-117.24842,32.40463],[-117.24842,32.4035],[-117.24753,32.40237],[-117.24753,32.402],[-117.24731,32.40181],[-117.24731,32.4003],[-117.24686,32.39974],[-117.24664,32.39993],[-117.24664,32.40049],[-117.24642,32.40068],[-117.24664,32.40087],[-117.24664,32.40143],[-117.24642,32.40162],[-117.24664,32.402],[-117.24642,32.40237],[-117.24664,32.40275],[-117.24753,32.40331],[-117.24753,32.40369],[-117.24731,32.40407],[-117.24753,32.40425],[-117.24753,32.40482],[-117.24709,32.40519],[-117.24753,32.40538]],[[-117.24152,32.40538],[-117.24152,32.40538]],[[-117.24775,32.40519],[-117.24775,32.40519]],[[-117.24798,32.40501],[-117.24798,32.40501]],[[-117.24575,32.40501],[-117.24575,32.40501]],[[-117.24486,32.40501],[-117.24486,32.40501]],[[-117.24129,32.40501],[-117.24129,32.40501]],[[-117.2482,32.40482],[-117.2482,32.40482]],[[-117.24664,32.40482],[-117.24664,32.40482]],[[-117.24553,32.40482],[-117.24553,32.40482]],[[-117.2453,32.40463],[-117.2453,32.40463]],[[-117.24508,32.40463],[-117.24508,32.40463]],[[-117.24107,32.40463],[-117.24107,32.40463]],[[-117.23795,32.40444],[-117.23862,32.40369],[-117.23862,32.4035],[-117.23907,32.40388],[-117.23951,32.40388],[-117.23973,32.40369],[-117.23973,32.40313],[-117.23929,32.40275],[-117.23907,32.40275],[-117.23907,32.40237],[-117.23884,32.40219],[-117.23884,32.40181],[-117.23907,32.40162],[-117.23884,32.40125],[-117.2384,32.40143],[-117.2384,32.40275],[-117.23884,32.40313],[-117.23862,32.4035],[-117.2384,32.40313],[-117.23773,32.40294],[-117.23706,32.4035],[-117.23706,32.40425],[-117.23728,32.40444],[-117.23795,32.40444]],[[-117.24753,32.40425],[-117.24753,32.40425]],[[-117.23817,32.40407],[-117.23817,32.40407]],[[-117.24664,32.40388],[-117.24664,32.40388]],[[-117.24085,32.40388],[-117.24085,32.40388]],[[-117.2384,32.40388],[-117.2384,32.40388]],[[-117.23884,32.40369],[-117.23884,32.40369]],[[-117.24753,32.40331],[-117.24753,32.40331]],[[-117.24508,32.40331],[-117.24508,32.40331]],[[-117.24063,32.40331],[-117.24063,32.40331]],[[-117.24731,32.40313],[-117.24731,32.40313]],[[-117.23884,32.40313],[-117.23884,32.40313]],[[-117.24686,32.40294],[-117.24686,32.40294]],[[-117.2453,32.40294],[-117.2453,32.40294]],[[-117.2404,32.40294],[-117.2404,32.40294]],[[-117.23862,32.40294],[-117.23862,32.40294]],[[-117.24553,32.40275],[-117.24553,32.40275]],[[-117.24018,32.40275],[-117.24018,32.40275]],[[-117.24664,32.40256],[-117.24664,32.40256]],[[-117.23996,32.40256],[-117.23996,32.40256]],[[-117.24664,32.40181],[-117.24664,32.40181]],[[-117.23884,32.40181],[-117.23884,32.40181]],[[-117.24664,32.40087],[-117.24664,32.40087]],[[-117.24575,32.40049],[-117.24575,32.40049]],[[-117.23862,32.40049],[-117.23907,32.39993],[-117.23884,32.39974],[-117.2384,32.39993],[-117.2384,32.4003],[-117.23862,32.40049]],[[-117.23884,32.40012],[-117.23884,32.40012]],[[-117.23973,32.39993],[-117.23973,32.39993]],[[-117.24575,32.39955],[-117.24575,32.39955]],[[-117.23951,32.39955],[-117.23951,32.39955]],[[-117.23929,32.39918],[-117.23929,32.39918]],[[-117.24575,32.39899],[-117.24575,32.39899]],[[-117.23907,32.39842],[-117.23907,32.39842]],[[-117.23795,32.39692],[-117.23817,32.39673],[-117.23817,32.39598],[-117.2384,32.39579],[-117.23817,32.39541],[-117.23817,32.39504],[-117.23795,32.39485],[-117.23706,32.39485],[-117.23661,32.39523],[-117.23661,32.39635],[-117.23795,32.39692]],[[-117.23751,32.39673],[-117.23751,32.39673]],[[-117.24642,32.39654],[-117.24642,32.39654]],[[-117.24553,32.39654],[-117.24553,32.39654]],[[-117.23706,32.39654],[-117.23706,32.39654]],[[-117.2453,32.39635],[-117.2453,32.39635]],[[-117.24508,32.39617],[-117.24508,32.39617]],[[-117.24486,32.39598],[-117.24486,32.39579],[-117.24486,32.39598]],[[-117.23817,32.39598],[-117.23817,32.39598]],[[-117.24486,32.39579],[-117.24486,32.3956],[-117.24486,32.39579]],[[-117.24486,32.3956],[-117.24486,32.3956]],[[-117.23884,32.39466],[-117.23884,32.39466]],[[-117.23862,32.3941],[-117.23862,32.3941]]]},"properties":{"depth_m":1200}}]}