{"type":"FeatureCollection","features":[{"type":"Feature","geometry":{"type":"MultiPolygon","coordinates":[[[[-121.48586703896402,35.93316976856735],[-121.48653227892098,35.933173961860454],[-121.48653227892098,35.933443455212945],[-121.48586703896402,35.933439261919844],[-121.48586703896402,35.93316976856735]]],[[[-121.48475094593601,35.93964136515785],[-121.48441845507502,35.93964136515785],[-121.48441845507502,35.93963716630994],[-121.48408596428303,35.93963716630994],[-121.48408596428303,35.939632966541645],[-121.48375347356001,35.939632966541645],[-121.48375347356001,35.939363473189154],[-121.48408624840597,35.939363473189154],[-121.48408624840597,35.93936767295745],[-121.48441873912898,35.939371871805356],[-121.48541621171098,35.939380266739455],[-121.48541621171098,35.939649760091946],[-121.48475094593601,35.93964136515785]]],[[[-121.48474578432302,35.93991594930335],[-121.48474578432302,35.93964645595086],[-121.48541105122997,35.939650652999156],[-121.48541105122997,35.939920146351646],[-121.48474578432302,35.93991594930335]]],[[[-121.48473546089302,35.940456721701445],[-121.48473546089302,35.940187228348954],[-121.48506823573898,35.940187228348954],[-121.48506823573898,35.940456721701445],[-121.48473546089302,35.940456721701445]]],[[[-121.48438747757902,35.941259482929645],[-121.48405497999703,35.94125528291254],[-121.48372248248403,35.94125528291254],[-121.48372248248403,35.94125108197495],[-121.48338998504002,35.94125108197495],[-121.48338998504002,35.94124688011674],[-121.48305748766403,35.94124688011674],[-121.48305748766403,35.94124267733795],[-121.48272499035703,35.94124267733795],[-121.48272499035703,35.94123847363854],[-121.48239249311902,35.94123847363854],[-121.48239249311902,35.94096898028605],[-121.48272526796498,35.94096898028605],[-121.48272526796498,35.940973183985456],[-121.48372275988598,35.94098578956005],[-121.48505275007598,35.94099838684966],[-121.48505275007598,35.94126788020215],[-121.48471997523002,35.94126788020215],[-121.48471997523002,35.94126368202615],[-121.48438747757902,35.94126368202615],[-121.48438747757902,35.941259482929645]]],[[[-121.48604996652102,35.941015170347654],[-121.48671523936198,35.94101936392075],[-121.48671523936198,35.94128885727324],[-121.48638246451603,35.94128885727324],[-121.48638246451603,35.941284663700145],[-121.48604996652102,35.941284663700145],[-121.48604996652102,35.941015170347654]]],[[[-121.48571258582298,35.941281362119454],[-121.48604508481198,35.94128555665446],[-121.48637758386899,35.94128975026896],[-121.48671008299598,35.94128975026896],[-121.48671008299598,35.94155924362145],[-121.48637730815003,35.94155924362145],[-121.48637730815003,35.94155505000695],[-121.48604480902303,35.94155505000695],[-121.48604480902303,35.941550855471945],[-121.48571230996602,35.941550855471945],[-121.48571230996602,35.94154666001634],[-121.48537981097702,35.94154666001634],[-121.48537981097702,35.94154246364005],[-121.48504731205702,35.94154246364005],[-121.48504731205702,35.94153826634334],[-121.48471481320502,35.94153826634334],[-121.48471481320502,35.94153406812595],[-121.48438231442302,35.94153406812595],[-121.48438231442302,35.94152986898794],[-121.48404981570901,35.94152986898794],[-121.48404981570901,35.941525668929444],[-121.48371731706402,35.941525668929444],[-121.48371731706402,35.941521467950345],[-121.48338481848802,35.941521467950345],[-121.48338481848802,35.941517266050646],[-121.48305231998002,35.941517266050646],[-121.48305231998002,35.941513063230346],[-121.48271982154202,35.941513063230346],[-121.48271982154202,35.941508859489545],[-121.48238732317202,35.941508859489545],[-121.48238732317202,35.941504654828044],[-121.48205482487101,35.941504654828044],[-121.48205482487101,35.941235161475554],[-121.48238759971697,35.941235161475554],[-121.48238759971697,35.941239366137054],[-121.48405009190998,35.94126037563545],[-121.48571258582298,35.941281362119454]]],[[[-121.48570742599298,35.941551748372056],[-121.48603992611298,35.941555942948554],[-121.48637242630298,35.941555942948554],[-121.48637242630298,35.941825436301045],[-121.48603965145702,35.941825436301045],[-121.48603965145702,35.94182124172455],[-121.48570715126702,35.94182124172455],[-121.48570715126702,35.94181704622755],[-121.48537465114703,35.94181704622755],[-121.48537465114703,35.94181284980984],[-121.48504215109502,35.94181284980984],[-121.48504215109502,35.94180865247164],[-121.48470965111203,35.94180865247164],[-121.48470965111203,35.94180445421284],[-121.48437715119702,35.94180445421284],[-121.48437715119702,35.94180025503344],[-121.48404465135202,35.94180025503344],[-121.48404465135202,35.94179605493345],[-121.48371215157502,35.94179605493345],[-121.48371215157502,35.94179185391285],[-121.48337965186703,35.94179185391285],[-121.48337965186703,35.941787651971644],[-121.48304715222802,35.941787651971644],[-121.48304715222802,35.94178344910995],[-121.48271465265702,35.94178344910995],[-121.48271465265702,35.941779245327645],[-121.48238215315602,35.941779245327645],[-121.48238215315602,35.94177504062465],[-121.48204965372302,35.94177504062465],[-121.48204965372302,35.941770835001144],[-121.48171715435902,35.941770835001144],[-121.48171715435902,35.941766628457046],[-121.48138465506501,35.941766628457046],[-121.48138465506501,35.94176242099245],[-121.48105215583902,35.94176242099245],[-121.48105215583902,35.94175821260715],[-121.48071965668203,35.94175821260715],[-121.48071965668203,35.94175400330135],[-121.48038715759402,35.94175400330135],[-121.48038715759402,35.94174979307485],[-121.48005465857501,35.94174979307485],[-121.48005465857501,35.94174558192795],[-121.47972215962503,35.94174558192795],[-121.47972215962503,35.941741369860345],[-121.47938966074402,35.941741369860345],[-121.47938966074402,35.941471876507855],[-121.47972243558998,35.941471876507855],[-121.47972243558998,35.941476088575456],[-121.48271492800198,35.94151395575746],[-121.48570742599298,35.941551748372056]]],[[[-121.48636726866798,35.941826329229656],[-121.48636726866798,35.94209582258215],[-121.48603449382202,35.94209582258215],[-121.48603449382202,35.942091627964345],[-121.48570199250003,35.942091627964345],[-121.48570199250003,35.94208743242584],[-121.48536949124802,35.94208743242584],[-121.48536949124802,35.94208323596675],[-121.48503699006402,35.94208323596675],[-121.48503699006402,35.942079038587146],[-121.48470448894902,35.942079038587146],[-121.48470448894902,35.94207484028684],[-121.48437198790302,35.94207484028684],[-121.48437198790302,35.942070641066046],[-121.48403948692602,35.942070641066046],[-121.48403948692602,35.94206644092465],[-121.48370698601703,35.94206644092465],[-121.48370698601703,35.942062239862544],[-121.48337448517702,35.942062239862544],[-121.48337448517702,35.942058037879946],[-121.48304198440601,35.942058037879946],[-121.48304198440601,35.94205383497665],[-121.48270948370403,35.94205383497665],[-121.48270948370403,35.94204963115285],[-121.48237698307102,35.94204963115285],[-121.48237698307102,35.94204542640845],[-121.48204448250603,35.94204542640845],[-121.48204448250603,35.94204122074345],[-121.48171198201102,35.94204122074345],[-121.48171198201102,35.94203701415785],[-121.48137948158401,35.94203701415785],[-121.48137948158401,35.94203280665155],[-121.48104698122602,35.94203280665155],[-121.48104698122602,35.942028598224745],[-121.48071448093802,35.942028598224745],[-121.48071448093802,35.94202438887744],[-121.48038198071802,35.94202438887744],[-121.48038198071802,35.94202017860945],[-121.48004948056702,35.94202017860945],[-121.48004948056702,35.94201596742084],[-121.47971698048502,35.94201596742084],[-121.47971698048502,35.942011755311746],[-121.47938448047202,35.942011755311746],[-121.47938448047202,35.941742261959256],[-121.47971725531798,35.941742261959256],[-121.47971725531798,35.94174647406835],[-121.48270975791698,35.94178434162416],[-121.48603476734598,35.941826329229656],[-121.48636726866798,35.941826329229656]]],[[[-121.48636211096398,35.942096715497954],[-121.48636211096398,35.942366208850444],[-121.48602933611802,35.942366208850444],[-121.48602933611802,35.94236201419125],[-121.48569683366502,35.94236201419125],[-121.48569683366502,35.94235781861135],[-121.48536433128002,35.94235781861135],[-121.48536433128002,35.94235362211084],[-121.48503182896502,35.94235362211084],[-121.48503182896502,35.942349424689844],[-121.48469932671802,35.942349424689844],[-121.48469932671802,35.942345226348145],[-121.48436682454002,35.942345226348145],[-121.48436682454002,35.942341027085845],[-121.48403432243101,35.942341027085845],[-121.48403432243101,35.942336826902945],[-121.48370182039002,35.942336826902945],[-121.48370182039002,35.942332625799345],[-121.48336931841902,35.942332625799345],[-121.48336931841902,35.942328423775244],[-121.48303681651602,35.942328423775244],[-121.48303681651602,35.94232422083054],[-121.48270431468202,35.94232422083054],[-121.48270431468202,35.94232001696525],[-121.48237181291702,35.94232001696525],[-121.48237181291702,35.942315812179345],[-121.48203931122102,35.942315812179345],[-121.48203931122102,35.94231160647274],[-121.48170680959302,35.94231160647274],[-121.48170680959302,35.942307399845646],[-121.48137430803502,35.942307399845646],[-121.48137430803502,35.94230319229794],[-121.48104180654502,35.94230319229794],[-121.48104180654502,35.942298983829545],[-121.48070930512502,35.942298983829545],[-121.48070930512502,35.94229477444065],[-121.48037680377303,35.94229477444065],[-121.48037680377303,35.94229056413115],[-121.48004430249001,35.94229056413115],[-121.48004430249001,35.94228635290094],[-121.47971180127702,35.94228635290094],[-121.47971180127702,35.94201685954845],[-121.48004457612298,35.94201685954845],[-121.48004457612298,35.94202107077866],[-121.48303708952798,35.94205893042275],[-121.48602960851098,35.942096715497954],[-121.48636211096398,35.942096715497954]]],[[[-121.48602444960598,35.942367101753455],[-121.48668945684499,35.942371295533555],[-121.48668945684499,35.942640788886045],[-121.48635668199903,35.942640788886045],[-121.48635668199903,35.942636595105945],[-121.48602417834502,35.942636595105945],[-121.48602417834502,35.942632400405245],[-121.48569167476002,35.942632400405245],[-121.48569167476002,35.942628204783944],[-121.48535917124403,35.942628204783944],[-121.48535917124403,35.94262400824215],[-121.48502666779702,35.94262400824215],[-121.48502666779702,35.94261981077965],[-121.48469416441802,35.94261981077965],[-121.48469416441802,35.942615612396445],[-121.48436166110803,35.942615612396445],[-121.48436166110803,35.94261141309275],[-121.48402915786703,35.94261141309275],[-121.48402915786703,35.942607212868346],[-121.48369665469502,35.942607212868346],[-121.48369665469502,35.94260301172334],[-121.48336415159102,35.94260301172334],[-121.48336415159102,35.942598809657845],[-121.48303164855702,35.942598809657845],[-121.48303164855702,35.94259460667155],[-121.48269914559103,35.94259460667155],[-121.48269914559103,35.94259040276474],[-121.48236664269402,35.94259040276474],[-121.48236664269402,35.942586197937345],[-121.48203413986602,35.942586197937345],[-121.48203413986602,35.942581992189346],[-121.48170163710702,35.942581992189346],[-121.48170163710702,35.94257778552065],[-121.48136913441702,35.94257778552065],[-121.48136913441702,35.94257357793135],[-121.48103663179502,35.94257357793135],[-121.48103663179502,35.94256936942155],[-121.48070412924302,35.94256936942155],[-121.48070412924302,35.94256515999105],[-121.48037162675902,35.94256515999105],[-121.48037162675902,35.94256094963995],[-121.48003912434503,35.94256094963995],[-121.48003912434503,35.942556738368246],[-121.47970662199901,35.942556738368246],[-121.47970662199901,35.942287245015756],[-121.48602444960598,35.942367101753455]]],[[[-121.48601929063298,35.94263748799605],[-121.48635179534998,35.94263748799605],[-121.48635179534998,35.94290698134854],[-121.48601902050402,35.94290698134854],[-121.48601902050402,35.942902786606545],[-121.48568651578702,35.942902786606545],[-121.48568651578702,35.94289859094385],[-121.48535401113902,35.94289859094385],[-121.48535401113902,35.942894394360444],[-121.48502150656002,35.942894394360444],[-121.48502150656002,35.942890196856546],[-121.48468900204902,35.942890196856546],[-121.48468900204902,35.94288599843205],[-121.48435649760702,35.94288599843205],[-121.48435649760702,35.94288179908685],[-121.48402399323503,35.94288179908685],[-121.48402399323503,35.94287759882094],[-121.48369148893002,35.94287759882094],[-121.48369148893002,35.94287339763454],[-121.48335898469502,35.94287339763454],[-121.48335898469502,35.94286919552744],[-121.48302648052902,35.94286919552744],[-121.48302648052902,35.94286499249974],[-121.48269397643102,35.94286499249974],[-121.48269397643102,35.94286078855144],[-121.48236147240202,35.94286078855144],[-121.48236147240202,35.94285658368255],[-121.48202896844202,35.94285658368255],[-121.48202896844202,35.94285237789295],[-121.48169646455102,35.94285237789295],[-121.48169646455102,35.942848171182845],[-121.48136396072903,35.942848171182845],[-121.48136396072903,35.94284396355204],[-121.48103145697603,35.94284396355204],[-121.48103145697603,35.94257447019955],[-121.48601929063298,35.94263748799605]]],[[[-121.48601413159098,35.94290367944245],[-121.48601413159098,35.94317317279494],[-121.48568135674502,35.94317317279494],[-121.48568135674502,35.94316897709074],[-121.48534885096502,35.94316897709074],[-121.48534885096502,35.94316478046605],[-121.48501634525402,35.94316478046605],[-121.48501634525402,35.94316058292065],[-121.48468383961202,35.94316058292065],[-121.48468383961202,35.943156384454646],[-121.48435133403802,35.943156384454646],[-121.48435133403802,35.943152185068044],[-121.48401882853302,35.943152185068044],[-121.48401882853302,35.94314798476074],[-121.48368632309702,35.94314798476074],[-121.48368632309702,35.94314378353285],[-121.48335381773002,35.94314378353285],[-121.48335381773002,35.943139581384244],[-121.48302131243202,35.943139581384244],[-121.48302131243202,35.94313537831515],[-121.48268880720202,35.94313537831515],[-121.48268880720202,35.943131174325345],[-121.48235630204202,35.943131174325345],[-121.48235630204202,35.94312696941485],[-121.48202379695002,35.94312696941485],[-121.48202379695002,35.943122763583744],[-121.48169129192702,35.943122763583744],[-121.48169129192702,35.94311855683215],[-121.48135878697302,35.94311855683215],[-121.48135878697302,35.94311434915974],[-121.48102628208802,35.94311434915974],[-121.48102628208802,35.94284485580725],[-121.48135905693398,35.94284485580725],[-121.48135905693398,35.942849063479656],[-121.48335408727797,35.942874290180356],[-121.48568162581098,35.94290367944245],[-121.48601413159098,35.94290367944245]]],[[[-121.48600897247998,35.94317826044276],[-121.48667398650998,35.94318245434705],[-121.48667398650998,35.94345194769954],[-121.48634121166403,35.94345194769954],[-121.48634121166403,35.94344775379525],[-121.48600870461502,35.94344775379525],[-121.48600870461502,35.94344355897044],[-121.48567619763402,35.94344355897044],[-121.48567619763402,35.94343936322485],[-121.48534369072202,35.94343936322485],[-121.48534369072202,35.94343516655874],[-121.48501118388002,35.94343516655874],[-121.48501118388002,35.943430968971946],[-121.48467867710502,35.943430968971946],[-121.48467867710502,35.94342677046455],[-121.48434617040002,35.94342677046455],[-121.48434617040002,35.94342257103634],[-121.48401366376302,35.94342257103634],[-121.48401366376302,35.943418370687645],[-121.48368115719502,35.943418370687645],[-121.48368115719502,35.94341416941825],[-121.48334865069602,35.94341416941825],[-121.48334865069602,35.94340996722825],[-121.48301614426602,35.94340996722825],[-121.48301614426602,35.94340576411764],[-121.48268363790503,35.94340576411764],[-121.48268363790503,35.94340156008634],[-121.48235113161202,35.94340156008634],[-121.48235113161202,35.943397355134344],[-121.48201862538902,35.943397355134344],[-121.48201862538902,35.943393149261745],[-121.48168611923403,35.943393149261745],[-121.48168611923403,35.943388942468545],[-121.48135361314802,35.943388942468545],[-121.48135361314802,35.943119449116054],[-121.48600897247998,35.94317826044276]]],[[[-121.48600381330098,35.94344864664686],[-121.48633632141298,35.94345284059246],[-121.48700133784398,35.943457033617456],[-121.48700133784398,35.94372652696995],[-121.48666856299802,35.94372652696995],[-121.48666856299802,35.94372233394495],[-121.48633605474802,35.94372233394495],[-121.48633605474802,35.94371813999935],[-121.48600354656702,35.94371813999935],[-121.48600354656702,35.94371394513315],[-121.48567103845502,35.94371394513315],[-121.48567103845502,35.94370974934615],[-121.48533853041103,35.94370974934615],[-121.48533853041103,35.94370555263855],[-121.48500602243602,35.94370555263855],[-121.48500602243602,35.94370135501035],[-121.48467351453002,35.94370135501035],[-121.48467351453002,35.94369715646145],[-121.48434100669301,35.94369715646145],[-121.48434100669301,35.943692956991946],[-121.48400849892403,35.943692956991946],[-121.48400849892403,35.943688756601745],[-121.48367599122503,35.943688756601745],[-121.48367599122503,35.943684555290844],[-121.48334348359403,35.943684555290844],[-121.48334348359403,35.94368035305945],[-121.48301097603202,35.94368035305945],[-121.48301097603202,35.94367614990725],[-121.48267846853803,35.94367614990725],[-121.48267846853803,35.943671945834446],[-121.48234596111402,35.943671945834446],[-121.48234596111402,35.943667740840944],[-121.48201345375902,35.943667740840944],[-121.48201345375902,35.94366353492685],[-121.48168094647203,35.94366353492685],[-121.48168094647203,35.94339404157436],[-121.48201372131798,35.94339404157436],[-121.48201372131798,35.94339824748845],[-121.48400876607099,35.943423463639455],[-121.48600381330098,35.94344864664686]]],[[[-121.48599865405298,35.94371903283815],[-121.48633116329698,35.943723226825156],[-121.48666367260998,35.943723226825156],[-121.48666367260998,35.94399272017765],[-121.48633089776402,35.94399272017765],[-121.48633089776402,35.943988526190644],[-121.48599838845102,35.943988526190644],[-121.48599838845102,35.94398433128295],[-121.48566587920702,35.94398433128295],[-121.48566587920702,35.943980135454545],[-121.48533337003101,35.943980135454545],[-121.48533337003101,35.94397593870555],[-121.48500086092402,35.94397593870555],[-121.48500086092402,35.943971741035845],[-121.48466835188601,35.943971741035845],[-121.48466835188601,35.94396754244555],[-121.48433584291702,35.94396754244555],[-121.48433584291702,35.943963342934644],[-121.48400333401702,35.943963342934644],[-121.48400333401702,35.94395914250295],[-121.48367082518502,35.94395914250295],[-121.48367082518502,35.943954941150544],[-121.48333831642202,35.943954941150544],[-121.48333831642202,35.943950738877646],[-121.48300580772802,35.943950738877646],[-121.48300580772802,35.94394653568405],[-121.48267329910303,35.94394653568405],[-121.48267329910303,35.943942331569744],[-121.48234079054703,35.943942331569744],[-121.48234079054703,35.943938126534746],[-121.48200828205903,35.943938126534746],[-121.48200828205903,35.943668633182256],[-121.48234105690499,35.943668633182256],[-121.48234105690499,35.94367283821725],[-121.48400360003097,35.943693849582154],[-121.48599865405298,35.94371903283815]]],[[[-121.48665851555698,35.94399361304485],[-121.48665851555698,35.944263106397344],[-121.48632574071102,35.944263106397344],[-121.48632574071102,35.944258912368944],[-121.48599323026602,35.944258912368944],[-121.48599323026602,35.944254717419845],[-121.48566071989002,35.944254717419845],[-121.48566071989002,35.944250521550146],[-121.48532820958202,35.944250521550146],[-121.48532820958202,35.944246324759746],[-121.48499569934403,35.944246324759746],[-121.48499569934403,35.944242127048646],[-121.48466318917401,35.944242127048646],[-121.48466318917401,35.94423792841685],[-121.48433067907303,35.94423792841685],[-121.48433067907303,35.94423372886445],[-121.48399816904002,35.94423372886445],[-121.48399816904002,35.94422952839125],[-121.48366565907702,35.94422952839125],[-121.48366565907702,35.94422532699755],[-121.48333314918202,35.94422532699755],[-121.48333314918202,35.94422112468305],[-121.48300063935602,35.94422112468305],[-121.48300063935602,35.944216921447946],[-121.48266812959902,35.944216921447946],[-121.48266812959902,35.944212717292146],[-121.48233561991103,35.944212717292146],[-121.48233561991103,35.943943223939655],[-121.48266839475698,35.943943223939655],[-121.48266839475698,35.943947428095456],[-121.48433094388598,35.943968435064356],[-121.48632600511198,35.94399361304485],[-121.48665851555698,35.94399361304485]]],[[[-121.48632084685798,35.94452929853455],[-121.48598807201202,35.94452929853455],[-121.48366049289902,35.94449571283155],[-121.48332798187302,35.94449571283155],[-121.48332798187302,35.94449151047564],[-121.48299547091501,35.94449151047564],[-121.48299547091501,35.94448730719905],[-121.48266296002602,35.94448730719905],[-121.48266296002602,35.944483103001744],[-121.48233044920602,35.944483103001744],[-121.48233044920602,35.94421360964925],[-121.48266322405198,35.94421360964925],[-121.48266322405198,35.94421781384656],[-121.48432577884098,35.94423882102276],[-121.48598833534997,35.94425980518206],[-121.48632084685798,35.94425980518206],[-121.48632084685798,35.94452929853455]]],[[[-121.48564008193502,35.94506676848685],[-121.48730291680899,35.945083543421354],[-121.48730291680899,35.945353036773845],[-121.48697014196303,35.945353036773845],[-121.48697014196303,35.945348844421346],[-121.48663762685302,35.945348844421346],[-121.48663762685302,35.94534465114805],[-121.48630511181202,35.94534465114805],[-121.48630511181202,35.94534045695404],[-121.48597259683902,35.94534045695404],[-121.48597259683902,35.945336261839344],[-121.48564008193502,35.945336261839344],[-121.48564008193502,35.94506676848685]]],[[[-121.48663272926098,35.94534973726576],[-121.48696524543497,35.94535392965965],[-121.48729776167698,35.94535392965965],[-121.48729776167698,35.945623423012144],[-121.48696498683103,35.945623423012144],[-121.48696498683103,35.94561923061825],[-121.48663247058902,35.94561923061825],[-121.48663247058902,35.94561503730365],[-121.48629995441502,35.94561503730365],[-121.48629995441502,35.945610843068145],[-121.48596743831003,35.945610843068145],[-121.48596743831003,35.945606647912044],[-121.48563492227402,35.945606647912044],[-121.48563492227402,35.94560245183524],[-121.48530240630703,35.94560245183524],[-121.48530240630703,35.94533295848275],[-121.48563518115299,35.94533295848275],[-121.48563518115299,35.94533715455955],[-121.48596769711997,35.945341349715655],[-121.48663272926098,35.94534973726576]]],[[[-121.48662757179598,35.94562012344986],[-121.48696008910098,35.945624315885155],[-121.48729260647598,35.94562850739975],[-121.48795764142999,35.94563269799365],[-121.48795764142999,35.94590219134614],[-121.48762486658403,35.94590219134614],[-121.48762486658403,35.945898000752244],[-121.48729234907202,35.945898000752244],[-121.48729234907202,35.945893809237646],[-121.48695983163002,35.945893809237646],[-121.48695983163002,35.94588961680235],[-121.48662731425502,35.94588961680235],[-121.48662731425502,35.94588542344624],[-121.48629479695002,35.94588542344624],[-121.48629479695002,35.945881229169444],[-121.48596227971302,35.945881229169444],[-121.48596227971302,35.945877033971946],[-121.48562976254502,35.945877033971946],[-121.48562976254502,35.94587283785375],[-121.48529724544602,35.94587283785375],[-121.48529724544602,35.94560334450126],[-121.48563002029198,35.94560334450126],[-121.48563002029198,35.945607540619456],[-121.48596253739098,35.945611735816954],[-121.48662757179598,35.94562012344986]]],[[[-121.48562460274702,35.945877926666554],[-121.48761996977998,35.94590308428896],[-121.48795248842399,35.94590308428896],[-121.48795248842399,35.94617257764145],[-121.48761971357803,35.94617257764145],[-121.48761971357803,35.946168387006246],[-121.48728719493403,35.946168387006246],[-121.48728719493403,35.946164195450244],[-121.48695467636001,35.946164195450244],[-121.48695467636001,35.94616000297354],[-121.48662215785302,35.94616000297354],[-121.48662215785302,35.94615580957615],[-121.48628963941601,35.94615580957615],[-121.48628963941601,35.946151615257946],[-121.48595712104702,35.946151615257946],[-121.48595712104702,35.946147420019045],[-121.48562460274702,35.946147420019045],[-121.48562460274702,35.945877926666554]]],[[[-121.48728229586698,35.94616927989485],[-121.48761481557398,35.94617347057145],[-121.48827985519398,35.94617766032736],[-121.48827985519398,35.94644715367985],[-121.48628448181302,35.94642619569304],[-121.48628448181302,35.94615670234055],[-121.48661725665897,35.94615670234055],[-121.48661725665897,35.94616089577946],[-121.48694977622898,35.946165088297555],[-121.48728229586698,35.94616927989485]]],[[[-121.48927716041102,35.94646390349565],[-121.48927716041102,35.94619441014316],[-121.48994245544398,35.94619859529526],[-121.48994245544398,35.94646808864775],[-121.48960968059802,35.94646808864775],[-121.48960968059802,35.94646390349565],[-121.48927716041102,35.94646390349565]]],[[[-121.48794192833702,35.94644804663835],[-121.48860722422798,35.946452235514755],[-121.48860722422798,35.946721728867246],[-121.48827444938202,35.946721728867246],[-121.48827444938202,35.94671753999084],[-121.48794192833702,35.94671753999084],[-121.48794192833702,35.94644804663835]]],[[[-121.48960478777398,35.94673428997204],[-121.48927201292803,35.94673428997204],[-121.48927201292803,35.94646479661955],[-121.48960478777398,35.94646479661955],[-121.48960478777398,35.94673428997204]]],[[[-121.48660668823501,35.946701668057656],[-121.48727198498398,35.946705860658554],[-121.48727198498398,35.946975354011045],[-121.48660668823501,35.94697116141015],[-121.48660668823501,35.946701668057656]]],[[[-121.48793677625702,35.94671843293646],[-121.48826955110297,35.94671843293646],[-121.48826955110297,35.946722621854256],[-121.48860207327998,35.946722621854256],[-121.48860207327998,35.94699211520675],[-121.48793677625702,35.94698792628895],[-121.48793677625702,35.94671843293646]]],[[[-121.48330902862698,35.91068478972574],[-121.48297625378102,35.91068058979374],[-121.48264388440403,35.91068058979374],[-121.48264388440403,35.91067638894214],[-121.48231151509601,35.91067638894214],[-121.48231151509601,35.91040689558965],[-121.48264428994197,35.91040689558965],[-121.48264428994197,35.91041109644125],[-121.48330902862698,35.91041529637325],[-121.48330902862698,35.91068478972574]]],[[[-121.48297109161102,35.910950977054945],[-121.48230635066602,35.91094677616194],[-121.48230635066602,35.91067728280945],[-121.48263912551198,35.91067728280945],[-121.48263912551198,35.910681483702454],[-121.48297149594998,35.91068568367596],[-121.48363623703197,35.910689882729955],[-121.48363623703197,35.910959376082445],[-121.48297109161102,35.910950977054945]]],[[[-121.48296592937102,35.911221364303344],[-121.48263355773402,35.911221364303344],[-121.48263355773402,35.91095187095085],[-121.48363107592299,35.91096027006125],[-121.48363107592299,35.91122976341374],[-121.48296592937102,35.911221364303344]]],[[[-121.48343676856598,35.93881340613324],[-121.48310399372002,35.93880920372784],[-121.48277150659902,35.93880920372784],[-121.48277150659902,35.93853971037535],[-121.48343676856598,35.93854391278075],[-121.48343676856598,35.93881340613324]]],[[[-121.48343160150198,35.93908379218284],[-121.48309882665602,35.93907958973585],[-121.48276633840302,35.93907958973585],[-121.48276633840302,35.93881009638336],[-121.48309911324898,35.93881009638336],[-121.48309911324898,35.93881429883035],[-121.48343160150198,35.93881429883035],[-121.48343160150198,35.93908379218284]]],[[[-121.48309365952302,35.93934997573115],[-121.48276117013802,35.93934997573115],[-121.48276117013802,35.93934577232215],[-121.48242868082203,35.93934577232215],[-121.48242868082203,35.93934156799275],[-121.48209619157502,35.93934156799275],[-121.48209619157502,35.93933736274285],[-121.48176370239702,35.93933736274285],[-121.48176370239702,35.93906786939036],[-121.48209647724298,35.93906786939036],[-121.48276145566798,35.93908048237866],[-121.48342643436898,35.93908888643495],[-121.48375892382298,35.93908888643495],[-121.48375892382298,35.93935837978744],[-121.48309365952302,35.93934997573115]]],[[[-121.48409112809001,35.93936678016175],[-121.48409112809001,35.93909728680926],[-121.48475639259698,35.93910148561555],[-121.48475639259698,35.93937097896804],[-121.48409112809001,35.93936678016175]]],[[[-121.48342126716697,35.939624564243346],[-121.48308849232102,35.939620361713445],[-121.48275600180402,35.939620361713445],[-121.48275600180402,35.93961615826304],[-121.48242351135703,35.93961615826304],[-121.48242351135703,35.93961195389215],[-121.48209102097802,35.93961195389215],[-121.48209102097802,35.93960774860074],[-121.48175853066802,35.93960774860074],[-121.48175853066802,35.93933825524825],[-121.48209130551398,35.93933825524825],[-121.48209130551398,35.939342460539656],[-121.48242379582398,35.93934666491055],[-121.48308877664998,35.939355070890855],[-121.48342126716697,35.939355070890855],[-121.48342126716697,35.939624564243346]]],[[[-121.48441357525398,35.93963805909286],[-121.48441357525398,35.93990755244535],[-121.48408080040802,35.93990755244535],[-121.48408080040802,35.93990335263555],[-121.48374830855302,35.93990335263555],[-121.48374830855302,35.939899151905244],[-121.48341581676702,35.939899151905244],[-121.48341581676702,35.93989495025435],[-121.48308332505002,35.93989495025435],[-121.48308332505002,35.939890747683044],[-121.48275083340202,35.939890747683044],[-121.48275083340202,35.93988654419115],[-121.48241834182302,35.93988654419115],[-121.48241834182302,35.93988233977875],[-121.48208585031202,35.93988233977875],[-121.48208585031202,35.93961284642626],[-121.48241862515798,35.93961284642626],[-121.48241862515798,35.939617050838656],[-121.48308360824798,35.93962545690186],[-121.48408108339898,35.93963805909286],[-121.48441357525398,35.93963805909286]]],[[[-121.48374314347701,35.94016953794485],[-121.48341065055902,35.94016953794485],[-121.48341065055902,35.94016533625255],[-121.48307815771102,35.94016533625255],[-121.48307815771102,35.94016113363975],[-121.48274566493102,35.94016113363975],[-121.48274566493102,35.93989164028726],[-121.48307843977697,35.93989164028726],[-121.48307843977697,35.93989584290006],[-121.48341093255698,35.939900044592356],[-121.48374342540498,35.939904245364154],[-121.48407591832297,35.939904245364154],[-121.48407591832297,35.940173738716645],[-121.48374314347701,35.94016953794485]]],[[[-121.48440324729597,35.94044832467765],[-121.48407047245001,35.94044832467765],[-121.48307299030202,35.94043151958355],[-121.48274049639102,35.94043151958355],[-121.48274049639102,35.94016202623106],[-121.48307327123698,35.94016202623106],[-121.48307327123698,35.94016622888535],[-121.48340576514798,35.940170430619155],[-121.48440324729597,35.940178831325156],[-121.48440324729597,35.94044832467765]]],[[[-121.48473057853198,35.94072290978814],[-121.48439780368602,35.94072290978814],[-121.48439780368602,35.94045341643565],[-121.48473057853198,35.94045341643565],[-121.48473057853198,35.94072290978814]]],[[[-121.48372792636899,35.940980695986745],[-121.48273015910402,35.940972291432644],[-121.48273015910402,35.94096808777474],[-121.48239766299803,35.94096808777474],[-121.48239766299803,35.940963883196346],[-121.48206516696003,35.940963883196346],[-121.48206516696003,35.94095967769744],[-121.48173267099202,35.94095967769744],[-121.48173267099202,35.940955471277846],[-121.48140017509202,35.940955471277846],[-121.48140017509202,35.94095126393775],[-121.48106767926203,35.94095126393775],[-121.48106767926203,35.94094705567714],[-121.48073518350002,35.94094705567714],[-121.48073518350002,35.94067756232465],[-121.48106795834597,35.94067756232465],[-121.48106795834597,35.94068177058526],[-121.48206544583797,35.940694389843856],[-121.48339543012499,35.940711202634255],[-121.48372792636899,35.940711202634255],[-121.48372792636899,35.940980695986745]]],[[[-121.48398810149898,35.94477030012945],[-121.48299030240501,35.944757692937245],[-121.48265779038402,35.944757692937245],[-121.48265779038402,35.944488199584754],[-121.48299056522998,35.944488199584754],[-121.48299056522998,35.94449240290285],[-121.48332307725097,35.94449660530025],[-121.48398810149898,35.94450080677696],[-121.48398810149898,35.94477030012945]]],[[[-121.48431028329198,35.94531527245525],[-121.48397750844602,35.94531107181624],[-121.48364499395502,35.94531107181624],[-121.48364499395502,35.945306870256545],[-121.48331247953202,35.945306870256545],[-121.48331247953202,35.94530266777625],[-121.48297996517802,35.94530266777625],[-121.48297996517802,35.94529846437514],[-121.48264745089402,35.94529846437514],[-121.48264745089402,35.94502897102265],[-121.48431028329198,35.945045779102756],[-121.48431028329198,35.94531527245525]]],[[[-121.48397260234798,35.945316164968254],[-121.48463763366398,35.945320364727955],[-121.48463763366398,35.945589858080446],[-121.48430485881802,35.945589858080446],[-121.48430485881802,35.945585658320745],[-121.48397234312603,35.945585658320745],[-121.48397234312603,35.945581457640344],[-121.48363982750202,35.945581457640344],[-121.48363982750202,35.94557725603924],[-121.48330731194802,35.94557725603924],[-121.48330731194802,35.94557305351734],[-121.48297479646202,35.94557305351734],[-121.48297479646202,35.94556885007484],[-121.48264228104502,35.94556885007484],[-121.48264228104502,35.94529935672235],[-121.48297505589098,35.94529935672235],[-121.48297505589098,35.94530356016485],[-121.48330757130798,35.94530776268675],[-121.48397260234798,35.945316164968254]]],[[[-121.48429995258198,35.945856044173546],[-121.48396717773602,35.94585184345164],[-121.48363466098102,35.94585184345164],[-121.48363466098102,35.945847641809046],[-121.48330214429402,35.945847641809046],[-121.48330214429402,35.94584343924574],[-121.48296962767702,35.94584343924574],[-121.48296962767702,35.94557394589325],[-121.48330240252298,35.94557394589325],[-121.48330240252298,35.945578148456555],[-121.48363491913997,35.94558235009915],[-121.48396743582698,35.945586550821055],[-121.48429995258198,35.945586550821055],[-121.48429995258198,35.945856044173546]]],[[[-121.48362949439102,35.946122229250044],[-121.48362949439102,35.94585273589755],[-121.48396226923698,35.94585273589755],[-121.48396226923698,35.94585693666085],[-121.48429478712399,35.94585693666085],[-121.48429478712399,35.946126430013344],[-121.48362949439102,35.946122229250044]]],[[[-121.48232184375102,35.910135614464146],[-121.48232184375102,35.909866121111655],[-121.48265461859698,35.909866121111655],[-121.48265461859698,35.910135614464146],[-121.48232184375102,35.910135614464146]]],[[[-121.48298182248197,35.91014070916715],[-121.48298182248197,35.91041020251964],[-121.48264904763602,35.91041020251964],[-121.48264904763602,35.910406001709546],[-121.48231667945802,35.910406001709546],[-121.48231667945802,35.910136508357056],[-121.48298182248197,35.91014070916715]]],[[[-121.48296076706302,35.91149595159535],[-121.48296076706302,35.91122645824286],[-121.48329354190898,35.91122645824286],[-121.48329354190898,35.91149595159535],[-121.48296076706302,35.91149595159535]]],[[[-121.48209454975903,35.92176314775916],[-121.48275974138897,35.92176735035306],[-121.48275974138897,35.92203684370555],[-121.48242696654302,35.92203684370555],[-121.48242696654302,35.92203264111165],[-121.48209454975903,35.92203264111165],[-121.48209454975903,35.92176314775916]]],[[[-121.48208938243802,35.92230302779185],[-121.48208938243802,35.92203353443936],[-121.48242215728398,35.92203353443936],[-121.48242215728398,35.92203773707475],[-121.48275457519898,35.92203773707475],[-121.48275457519898,35.92230723042724],[-121.48208938243802,35.92230302779185]]],[[[-121.48193465386598,35.930410417423445],[-121.48160187902002,35.930406211702746],[-121.48126942731503,35.930406211702746],[-121.48126942731503,35.93040200506184],[-121.48093697568002,35.93040200506184],[-121.48093697568002,35.930397797500746],[-121.48060452411401,35.930397797500746],[-121.48060452411401,35.930393589019445],[-121.48027207261602,35.930393589019445],[-121.48027207261602,35.93038937961794],[-121.47993962118701,35.93038937961794],[-121.47993962118701,35.930385169296244],[-121.47960716982801,35.930385169296244],[-121.47960716982801,35.93038095805434],[-121.47927471853703,35.93038095805434],[-121.47927471853703,35.930376745892346],[-121.47894226731502,35.930376745892346],[-121.47894226731502,35.930107252539855],[-121.47927504216098,35.930107252539855],[-121.47927504216098,35.93011146470185],[-121.48027239603297,35.930124095666955],[-121.48193465386598,35.930140924070955],[-121.48193465386598,35.930410417423445]]],[[[-121.48192916133702,35.93068080366385],[-121.48159670843302,35.930676597901645],[-121.48126425559802,35.930676597901645],[-121.48126425559802,35.93067239121925],[-121.48093180283102,35.93067239121925],[-121.48093180283102,35.930668183616646],[-121.48059935013302,35.930668183616646],[-121.48059935013302,35.93066397509374],[-121.48026689750502,35.93066397509374],[-121.48026689750502,35.930659765650645],[-121.47993444494502,35.930659765650645],[-121.47993444494502,35.930655555287444],[-121.47960199245402,35.930655555287444],[-121.47960199245402,35.93065134400395],[-121.47926954003202,35.93065134400395],[-121.47926954003202,35.93064713180035],[-121.47893708767901,35.93064713180035],[-121.47893708767901,35.93064291867645],[-121.47860463539602,35.93064291867645],[-121.47860463539602,35.930638704632344],[-121.47827218318102,35.930638704632344],[-121.47827218318102,35.930634489668044],[-121.47793973103502,35.930634489668044],[-121.47793973103502,35.930364996315554],[-121.47827250588098,35.930364996315554],[-121.47827250588098,35.93036921127985],[-121.47993476729998,35.930390272298155],[-121.48192948327898,35.930415515153356],[-121.48226193618298,35.930415515153356],[-121.48226193618298,35.93068500850585],[-121.48192916133702,35.93068500850585],[-121.48192916133702,35.93068080366385]]],[[[-121.48225644591803,35.93095539477495],[-121.48192399181302,35.930951189891445],[-121.48159153777802,35.930951189891445],[-121.48159153777802,35.93094698408775],[-121.48125908381103,35.93094698408775],[-121.48125908381103,35.93094277736375],[-121.48092662991301,35.93094277736375],[-121.48092662991301,35.930938569719544],[-121.48059417608403,35.930938569719544],[-121.48059417608403,35.930934361155145],[-121.48026172232503,35.930934361155145],[-121.48026172232503,35.930930151670545],[-121.47992926863402,35.930930151670545],[-121.47992926863402,35.93092594126575],[-121.47959681501202,35.93092594126575],[-121.47959681501202,35.93092172994074],[-121.47926436145902,35.93092172994074],[-121.47926436145902,35.93091751769545],[-121.47893190797502,35.93091751769545],[-121.47893190797502,35.930913304529945],[-121.47859945456003,35.930913304529945],[-121.47859945456003,35.930909090444345],[-121.47826700121402,35.930909090444345],[-121.47826700121402,35.93090487543844],[-121.47793454793702,35.93090487543844],[-121.47793454793702,35.93063538208595],[-121.47826732278298,35.93063538208595],[-121.47826732278298,35.930639597091854],[-121.48026204347998,35.930664867802655],[-121.48225676665898,35.93069010538576],[-121.48258922076398,35.93069010538576],[-121.48258922076398,35.93095959873825],[-121.48225644591803,35.93095959873825],[-121.48225644591803,35.93095539477495]]],[[[-121.48324896297898,35.930968896932356],[-121.48324896297898,35.93123839028485],[-121.48291618813302,35.93123839028485],[-121.48291618813302,35.93123418812055],[-121.48258373276002,35.93123418812055],[-121.48258373276002,35.93122998503595],[-121.48225127745602,35.93122998503595],[-121.48225127745602,35.931225781031145],[-121.48191882222002,35.931225781031145],[-121.48191882222002,35.93122157610615],[-121.48158636705303,35.93122157610615],[-121.48158636705303,35.931217370260946],[-121.48125391195502,35.931217370260946],[-121.48125391195502,35.93121316349544],[-121.48092145692702,35.93121316349544],[-121.48092145692702,35.931208955809744],[-121.48058900196702,35.931208955809744],[-121.48058900196702,35.93120474720374],[-121.48025654707502,35.93120474720374],[-121.48025654707502,35.93120053767765],[-121.47992409225301,35.93120053767765],[-121.47992409225301,35.93119632723125],[-121.47959163750002,35.93119632723125],[-121.47959163750002,35.93119211586465],[-121.47925918281602,35.93119211586465],[-121.47925918281602,35.931187903577744],[-121.47892672820102,35.931187903577744],[-121.47892672820102,35.931183690370744],[-121.47859427365502,35.931183690370744],[-121.47859427365502,35.93117947624344],[-121.47826181917702,35.93117947624344],[-121.47826181917702,35.931175261195946],[-121.47792936476903,35.931175261195946],[-121.47792936476903,35.930905767843456],[-121.47826213961498,35.930905767843456],[-121.47826213961498,35.93090998289095],[-121.48058932192097,35.93093946245725],[-121.48291650760598,35.930968896932356],[-121.48324896297898,35.930968896932356]]],[[[-121.48291134020597,35.93150457444685],[-121.48257856536001,35.93150457444685],[-121.48257856536001,35.931500371320844],[-121.48224610892503,35.931500371320844],[-121.48224610892503,35.931496167274545],[-121.48191365255802,35.931496167274545],[-121.48191365255802,35.931491962308044],[-121.48158119626002,35.931491962308044],[-121.48158119626002,35.93148775642125],[-121.48124874003102,35.93148775642125],[-121.48124874003102,35.93121826306876],[-121.48158151487698,35.93121826306876],[-121.48158151487698,35.93122246895555],[-121.48191397110598,35.931226673922055],[-121.48257888377098,35.93123508109436],[-121.48291134020597,35.93123508109436],[-121.48291134020597,35.93150457444685]]],[[[-121.48290617273798,35.93150546740795],[-121.48290617273798,35.93177496076044],[-121.48257339789203,35.93177496076044],[-121.48257339789203,35.931770757592844],[-121.48224094032503,35.931770757592844],[-121.48224094032503,35.93176655350504],[-121.48190848282702,35.93176655350504],[-121.48190848282702,35.931762348497045],[-121.48157602539803,35.931762348497045],[-121.48157602539803,35.93175814256875],[-121.48124356803802,35.93175814256875],[-121.48124356803802,35.931753935720145],[-121.48091111074602,35.931753935720145],[-121.48091111074602,35.93174972795145],[-121.48057865352402,35.93174972795145],[-121.48057865352402,35.93174551926244],[-121.48024619637002,35.93174551926244],[-121.48024619637002,35.93174130965315],[-121.47991373928602,35.93174130965315],[-121.47991373928602,35.931737099123644],[-121.47958128227002,35.931737099123644],[-121.47958128227002,35.931732887673846],[-121.47924882532402,35.931732887673846],[-121.47924882532402,35.931728675303845],[-121.47891636844602,35.931728675303845],[-121.47891636844602,35.93172446201365],[-121.47858391163702,35.93172446201365],[-121.47858391163702,35.93172024780314],[-121.47825145489801,35.93172024780314],[-121.47825145489801,35.93171603267245],[-121.47791899822703,35.93171603267245],[-121.47791899822703,35.93144653931996],[-121.47825177307298,35.93144653931996],[-121.47825177307298,35.93145075445065],[-121.48024651413198,35.93147602590995],[-121.48257371517099,35.93150546740795],[-121.48290617273798,35.93150546740795]]],[[[-121.48223577165602,35.93203693972274],[-121.48190331302702,35.93203693972274],[-121.48190331302702,35.93203273467314],[-121.48157085446702,35.93203273467314],[-121.48157085446702,35.93202852870335],[-121.48123839597503,35.93202852870335],[-121.48123839597503,35.932024321813344],[-121.48090593755302,35.932024321813344],[-121.48090593755302,35.932020114002945],[-121.48057347919902,35.932020114002945],[-121.48057347919902,35.93201590527244],[-121.48024102091402,35.93201590527244],[-121.48024102091402,35.93201169562165],[-121.47990856269902,35.93201169562165],[-121.47990856269902,35.93200748505055],[-121.47957610455202,35.93200748505055],[-121.47957610455202,35.932003273559246],[-121.47924364647402,35.932003273559246],[-121.47924364647402,35.93199906114764],[-121.47891118846502,35.93199906114764],[-121.47891118846502,35.931994847815844],[-121.47857873052502,35.931994847815844],[-121.47857873052502,35.93172535446335],[-121.47891150537097,35.93172535446335],[-121.47891150537097,35.93172956779515],[-121.48057379575998,35.931750620650455],[-121.48223608787298,35.931771650499556],[-121.48256854650198,35.931771650499556],[-121.48256854650198,35.93204114385205],[-121.48223577165602,35.93203693972274]]],[[[-121.48223060291902,35.932307325927546],[-121.48189814315802,35.932307325927546],[-121.48189814315802,35.932303120836444],[-121.48156568346702,35.932303120836444],[-121.48156568346702,35.93229891482515],[-121.48123322384401,35.93229891482515],[-121.48123322384401,35.93229470789365],[-121.48090076429003,35.93229470789365],[-121.48090076429003,35.932290500041745],[-121.48056830480502,35.932290500041745],[-121.48056830480502,35.93228629126965],[-121.48023584539003,35.93228629126965],[-121.48023584539003,35.93228208157725],[-121.47990338604302,35.93228208157725],[-121.47990338604302,35.93227787096465],[-121.47957092676403,35.93227787096465],[-121.47957092676403,35.932273659431644],[-121.47923846755502,35.932273659431644],[-121.47923846755502,35.93200416607915],[-121.47957124240098,35.93200416607915],[-121.47957124240098,35.932008377612156],[-121.48090107965098,35.932025214541156],[-121.48223091800398,35.932042036745855],[-121.48256337776498,35.932042036745855],[-121.48256337776498,35.932311530098346],[-121.48223060291902,35.932307325927546]]],[[[-121.48156051239802,35.93256930093415],[-121.48122805164402,35.93256930093415],[-121.48122805164402,35.932565093961045],[-121.48089559095902,35.932565093961045],[-121.48089559095902,35.93256088606765],[-121.48056313034301,35.93256088606765],[-121.48056313034301,35.93255667725395],[-121.48023066979601,35.93255667725395],[-121.48023066979601,35.93255246752005],[-121.47989820931701,35.93255246752005],[-121.47989820931701,35.93254825686584],[-121.47956574890802,35.93254825686584],[-121.47956574890802,35.93227876351335],[-121.47989852375397,35.93227876351335],[-121.47989852375397,35.932282974167556],[-121.48089590518897,35.932295600608555],[-121.48189328724398,35.932308218767055],[-121.48222574806698,35.932308218767055],[-121.48222574806698,35.932577712119546],[-121.48156051239802,35.93256930093415]]],[[[-121.48188811610598,35.93284389312455],[-121.48122287937503,35.93283548001555],[-121.48089041755902,35.93283548001555],[-121.48089041755902,35.93283127208065],[-121.48055795581102,35.93283127208065],[-121.48055795581102,35.932827063225446],[-121.48022549413302,35.932827063225446],[-121.48022549413302,35.932557569872955],[-121.48055826897898,35.932557569872955],[-121.48055826897898,35.93256177872816],[-121.48089073065698,35.93256598666306],[-121.48155565422098,35.93257439977206],[-121.48188811610598,35.93257439977206],[-121.48188811610598,35.93284389312455]]],[[[-121.48207578991497,35.94041890609724],[-121.48174301506901,35.94041890609724],[-121.48174301506901,35.940414699760744],[-121.48141052143302,35.940414699760744],[-121.48141052143302,35.940410492503744],[-121.48107802786602,35.940410492503744],[-121.48107802786602,35.940140999151254],[-121.48207578991497,35.94014941274475],[-121.48207578991497,35.94041890609724]]],[[[-121.48306810262798,35.94043241216205],[-121.48306810262798,35.940701905514544],[-121.48273532778202,35.940701905514544],[-121.48107285359802,35.940676670008045],[-121.48074035896802,35.940676670008045],[-121.48074035896802,35.940407176655555],[-121.48107313381398,35.940407176655555],[-121.48107313381398,35.94041138487466],[-121.48173812314297,35.940419798551254],[-121.48273560765298,35.94043241216205],[-121.48306810262798,35.94043241216205]]],[[[-121.48298539551898,35.945028078662645],[-121.48265262067302,35.945028078662645],[-121.48265262067302,35.944758585310154],[-121.48298539551898,35.944758585310154],[-121.48298539551898,35.945028078662645]]],[[[-121.48042113906799,35.905239215953145],[-121.48008836422203,35.905239215953145],[-121.48008836422203,35.90523500857625],[-121.47975601806301,35.90523500857625],[-121.47975601806301,35.90496551522376],[-121.48042113906799,35.904969722600654],[-121.48042113906799,35.905239215953145]]],[[[-121.48041596810498,35.905509603139244],[-121.48008319325902,35.905505395720745],[-121.47975084597002,35.905505395720745],[-121.47975084597002,35.905501187382946],[-121.47941849874903,35.905501187382946],[-121.47941849874903,35.905231694030455],[-121.47975127359499,35.905231694030455],[-121.47975127359499,35.905235902368254],[-121.48008362081598,35.90524010978675],[-121.48041596810498,35.90524010978675],[-121.48041596810498,35.905509603139244]]],[[[-121.48041037071403,35.905779990312446],[-121.47941332545803,35.90577157447314],[-121.47941332545803,35.90550208112065],[-121.47974610030398,35.90550208112065],[-121.47974610030398,35.905506289499954],[-121.48007844865398,35.905510496959955],[-121.48074314555998,35.90551470350066],[-121.48074314555998,35.90578419685315],[-121.48041037071403,35.90578419685315],[-121.48041037071403,35.905779990312446]]],[[[-121.48073755042903,35.90605458405505],[-121.48040520074302,35.906050377472845],[-121.48007285112502,35.906050377472845],[-121.48007285112502,35.905780884120354],[-121.48040562597097,35.905780884120354],[-121.48040562597097,35.90578509070256],[-121.48107032527498,35.905789296365356],[-121.48107032527498,35.90605878971785],[-121.48073755042903,35.90605878971785],[-121.48073755042903,35.90605458405505]]],[[[-121.48073238151902,35.906324971244146],[-121.48006767995602,35.906320764620446],[-121.48006767995602,35.906051271267955],[-121.48040045480198,35.906051271267955],[-121.48040045480198,35.906055477891655],[-121.48073280554898,35.906059683595956],[-121.48106515636498,35.906059683595956],[-121.48106515636498,35.90632917694845],[-121.48073238151902,35.90632917694845],[-121.48073238151902,35.906324971244146]]],[[[-121.48105956455503,35.90659956416624],[-121.48072721254002,35.90659535842035],[-121.48039486059402,35.90659535842035],[-121.48039486059402,35.906325865067856],[-121.48072763543998,35.906325865067856],[-121.48072763543998,35.90633007081375],[-121.48139233940098,35.906334275640155],[-121.48139233940098,35.906603768992646],[-121.48105956455503,35.906603768992646],[-121.48105956455503,35.90659956416624]]],[[[-121.48105439663603,35.90686995137114],[-121.48072204349202,35.906865745583744],[-121.48038969041602,35.906865745583744],[-121.48038969041602,35.90659625223125],[-121.48072246526198,35.90659625223125],[-121.48072246526198,35.90660045801865],[-121.48105481833798,35.90660466288656],[-121.48138717148198,35.90660466288656],[-121.48138717148198,35.90687415623905],[-121.48105439663603,35.90687415623905],[-121.48105439663603,35.90686995137114]]],[[[-121.48104922864903,35.907140338563146],[-121.48071687437502,35.907136132734344],[-121.48038452016903,35.907136132734344],[-121.48038452016903,35.90686663938185],[-121.48071729501498,35.90686663938185],[-121.48071729501498,35.906870845210655],[-121.48104964922098,35.906875050120156],[-121.48138200349499,35.906875050120156],[-121.48138200349499,35.90714454347265],[-121.48104922864903,35.90714454347265],[-121.48104922864903,35.907140338563146]]],[[[-121.48104406059302,35.907410725742444],[-121.48071170518902,35.90740651987205],[-121.48037934985402,35.90740651987205],[-121.48037934985402,35.90713702651956],[-121.48071212469998,35.90713702651956],[-121.48071212469998,35.907141232389954],[-121.48104448003498,35.90714543734096],[-121.48137683543898,35.90714543734096],[-121.48137683543898,35.90741493069345],[-121.48104406059302,35.90741493069345],[-121.48104406059302,35.907410725742444]]],[[[-121.48037417946902,35.90740741364436],[-121.48070695431498,35.907411619556356],[-121.48103931077998,35.907411619556356],[-121.48103931077998,35.90768111290885],[-121.48037417946902,35.90767690699685],[-121.48037417946902,35.90740741364436]]],[[[-121.48061387561498,35.91254387304745],[-121.48028110076902,35.91254387304745],[-121.48028110076902,35.912539665468344],[-121.47994872403203,35.912539665468344],[-121.47994872403203,35.91253545696954],[-121.47961634736502,35.91253545696954],[-121.47961634736502,35.91253124755124],[-121.47928397076602,35.91253124755124],[-121.47928397076602,35.912527037213245],[-121.47895159423602,35.912527037213245],[-121.47895159423602,35.91252282595575],[-121.47861921777402,35.91252282595575],[-121.47861921777402,35.912518613778545],[-121.47828684138202,35.912518613778545],[-121.47828684138202,35.91251440068184],[-121.47795446505901,35.91251440068184],[-121.47795446505901,35.91251018666554],[-121.47762208880502,35.91251018666554],[-121.47762208880502,35.912505971729544],[-121.47728971262002,35.912505971729544],[-121.47728971262002,35.91250175587405],[-121.47695733650401,35.91250175587405],[-121.47695733650401,35.91249753909894],[-121.47662496045702,35.91249753909894],[-121.47662496045702,35.91249332140425],[-121.47629258447903,35.91249332140425],[-121.47629258447903,35.91248910278995],[-121.47596020857002,35.91248910278995],[-121.47596020857002,35.91248488325605],[-121.47562783273003,35.91248488325605],[-121.47562783273003,35.912480662802544],[-121.47529545695902,35.912480662802544],[-121.47529545695902,35.91247644142955],[-121.47496308125802,35.91247644142955],[-121.47496308125802,35.912472219136845],[-121.47463070562502,35.912472219136845],[-121.47463070562502,35.912202725784354],[-121.47496348047098,35.912202725784354],[-121.47496348047098,35.912206948077056],[-121.47762248746598,35.91224069331305],[-121.48028149887799,35.912274379694956],[-121.48061387561498,35.912274379694956],[-121.48061387561498,35.91254387304745]]],[[[-121.48060870392197,35.91281425992825],[-121.48027592907602,35.91281005230755],[-121.47994355120902,35.91281005230755],[-121.47994355120902,35.912805843767245],[-121.47961117341102,35.912805843767245],[-121.47961117341102,35.91280163430724],[-121.47927879568202,35.91280163430724],[-121.47927879568202,35.91279742392774],[-121.47894641802202,35.91279742392774],[-121.47894641802202,35.91279321262864],[-121.47861404043002,35.91279321262864],[-121.47861404043002,35.912789000409944],[-121.47828166290802,35.912789000409944],[-121.47828166290802,35.91278478727165],[-121.47794928545503,35.91278478727165],[-121.47794928545503,35.912780573213645],[-121.47761690807002,35.912780573213645],[-121.47761690807002,35.912776358236144],[-121.47728453075501,35.912776358236144],[-121.47728453075501,35.912772142339044],[-121.47695215350902,35.912772142339044],[-121.47695215350902,35.912767925522246],[-121.47661977633202,35.912767925522246],[-121.47661977633202,35.91276370778584],[-121.47628739922402,35.91276370778584],[-121.47628739922402,35.91275948912995],[-121.47595502218502,35.91275948912995],[-121.47595502218502,35.912755269554346],[-121.47562264521503,35.912755269554346],[-121.47562264521503,35.912751049059246],[-121.47529026831403,35.912751049059246],[-121.47529026831403,35.91274682764455],[-121.47495789148202,35.91274682764455],[-121.47495789148202,35.91274260531014],[-121.47462551471902,35.91274260531014],[-121.47462551471902,35.91247311195765],[-121.47495828956498,35.91247311195765],[-121.47495828956498,35.912477334292056],[-121.47761730560097,35.912511079861154],[-121.48027632605498,35.912544766575756],[-121.48060870392197,35.912544766575756],[-121.48060870392197,35.91281425992825]]],[[[-121.48060353215998,35.91308464679614],[-121.48027075731402,35.91308043913384],[-121.47993837831702,35.91308043913384],[-121.47993837831702,35.91307623055204],[-121.47960599938803,35.91307623055204],[-121.47960599938803,35.913072021050546],[-121.47927362052901,35.913072021050546],[-121.47927362052901,35.91306781062944],[-121.47894124173902,35.91306781062944],[-121.47894124173902,35.91306359928875],[-121.47860886301702,35.91306359928875],[-121.47860886301702,35.91305938702845],[-121.47827648436503,35.91305938702845],[-121.47827648436503,35.91305517384855],[-121.47794410578102,35.91305517384855],[-121.47794410578102,35.913050959748944],[-121.47761172726702,35.913050959748944],[-121.47761172726702,35.91304674472985],[-121.47727934882101,35.91304674472985],[-121.47727934882101,35.913042528791046],[-121.47694697044503,35.913042528791046],[-121.47694697044503,35.913038311932645],[-121.47661459213802,35.913038311932645],[-121.47661459213802,35.913034094154646],[-121.47628221389903,35.913034094154646],[-121.47628221389903,35.91302987545704],[-121.47594983573002,35.91302987545704],[-121.47594983573002,35.913025655839846],[-121.47561745763002,35.913025655839846],[-121.47561745763002,35.913021435303044],[-121.47528507959902,35.913021435303044],[-121.47528507959902,35.91301721384664],[-121.47495270163702,35.91301721384664],[-121.47495270163702,35.913012991470545],[-121.47462032374402,35.913012991470545],[-121.47462032374402,35.912743498118054],[-121.47495309858998,35.912743498118054],[-121.47495309858998,35.91274772049415],[-121.47761212366697,35.91278146639645],[-121.48027115316297,35.91281515344365],[-121.48060353215998,35.91281515344365],[-121.48060353215998,35.91308464679614]]],[[[-121.47993320535502,35.913346617324045],[-121.47960082529703,35.913346617324045],[-121.47960082529703,35.913342407780945],[-121.47926844530703,35.913342407780945],[-121.47926844530703,35.913338197318346],[-121.47893606538702,35.913338197318346],[-121.47893606538702,35.91333398593604],[-121.47860368553502,35.91333398593604],[-121.47860368553502,35.913329773634146],[-121.47827130575303,35.913329773634146],[-121.47827130575303,35.913325560412545],[-121.47793892603902,35.913325560412545],[-121.47793892603902,35.913321346271445],[-121.47760654639401,35.913321346271445],[-121.47760654639401,35.91331713121065],[-121.47727416681902,35.91331713121065],[-121.47727416681902,35.91331291523024],[-121.47694178731201,35.91331291523024],[-121.47694178731201,35.91330869833025],[-121.47660940787402,35.91330869833025],[-121.47660940787402,35.91330448051065],[-121.47627702850602,35.91330448051065],[-121.47627702850602,35.91330026177135],[-121.47594464920702,35.91330026177135],[-121.47594464920702,35.91329604211244],[-121.47561226997603,35.91329604211244],[-121.47561226997603,35.913291821533946],[-121.47527989081502,35.913291821533946],[-121.47527989081502,35.913022328181455],[-121.47561266566098,35.913022328181455],[-121.47561266566098,35.91302654875995],[-121.47793932123997,35.913056067060054],[-121.48026598020098,35.91308554029865],[-121.48059836032898,35.91308554029865],[-121.48059836032898,35.91335503365114],[-121.47993320535502,35.913346617324045]]],[[[-121.48078593292898,35.92093006832415],[-121.48045315808302,35.92093006832415],[-121.48045315808302,35.920660574971656],[-121.48078593292898,35.920660574971656],[-121.48078593292898,35.92093006832415]]],[[[-121.48078076023099,35.92120045484815],[-121.48044798538503,35.92120045484815],[-121.48044798538503,35.92093096149566],[-121.48078076023099,35.92093096149566],[-121.48078076023099,35.92120045484815]]],[[[-121.47977798446802,35.92145821450855],[-121.47944557049702,35.921454003718445],[-121.47911315659502,35.921454003718445],[-121.47911315659502,35.921449792008445],[-121.47878074276102,35.921449792008445],[-121.47878074276102,35.92144557937865],[-121.47844832899702,35.92144557937865],[-121.47844832899702,35.92144136582885],[-121.47811591530203,35.92144136582885],[-121.47811591530203,35.92143715135914],[-121.47778350167602,35.92143715135914],[-121.47778350167602,35.92143293596965],[-121.47745108811903,35.92143293596965],[-121.47745108811903,35.92142871966025],[-121.47711867463101,35.92142871966025],[-121.47711867463101,35.921424502430945],[-121.47678626121203,35.921424502430945],[-121.47678626121203,35.921420284281645],[-121.47645384786202,35.921420284281645],[-121.47645384786202,35.92141606521255],[-121.47612143458102,35.92141606521255],[-121.47612143458102,35.921411845223545],[-121.47578902136902,35.921411845223545],[-121.47578902136902,35.92140762431465],[-121.47545660822603,35.92140762431465],[-121.47545660822603,35.92140340248584],[-121.47512419515301,35.92140340248584],[-121.47512419515301,35.92113390913335],[-121.47545696999897,35.92113390913335],[-121.47545696999897,35.921138130962156],[-121.47778386296498,35.92116765800665],[-121.48011075931397,35.92119713997646],[-121.48044317335398,35.92119713997646],[-121.48044317335398,35.92146663332895],[-121.48011039850802,35.92146663332895],[-121.48011039850802,35.921462424378646],[-121.47977798446802,35.921462424378646],[-121.47977798446802,35.92145821450855]]],[[[-121.48043763978002,35.921737019785745],[-121.48010522454102,35.92173281079395],[-121.47977280937002,35.92173281079395],[-121.47977280937002,35.92172860088215],[-121.47944039426802,35.92172860088215],[-121.47944039426802,35.92172439005054],[-121.47910797923502,35.92172439005054],[-121.47910797923502,35.92172017829895],[-121.47877556427102,35.92172017829895],[-121.47877556427102,35.92171596562755],[-121.47844314937701,35.92171596562755],[-121.47844314937701,35.921711752036146],[-121.47811073455102,35.921711752036146],[-121.47811073455102,35.921707537524945],[-121.47777831979403,35.921707537524945],[-121.47777831979403,35.92170332209375],[-121.47744590510602,35.92170332209375],[-121.47744590510602,35.92169910574265],[-121.47711349048701,35.92169910574265],[-121.47711349048701,35.92169488847175],[-121.47678107593802,35.92169488847175],[-121.47678107593802,35.921690670280846],[-121.47644866145703,35.921690670280846],[-121.47644866145703,35.921686451170046],[-121.47611624704602,35.921686451170046],[-121.47611624704602,35.92168223113934],[-121.47578383270302,35.92168223113934],[-121.47578383270302,35.92141273778685],[-121.47611660754897,35.92141273778685],[-121.47611660754897,35.921416957817556],[-121.47811109463998,35.921442258683655],[-121.48043799938698,35.921471734505154],[-121.48077041462598,35.921471734505154],[-121.48077041462598,35.921741227857645],[-121.48043763978002,35.921741227857645],[-121.48043763978002,35.921737019785745]]],[[[-121.48043282534998,35.922007406229646],[-121.47943521797002,35.92199477636974],[-121.47910280180702,35.92199477636974],[-121.47910280180702,35.921990564576646],[-121.47877038571202,35.921990564576646],[-121.47877038571202,35.921986351863644],[-121.47843796968702,35.921986351863644],[-121.47843796968702,35.921982138230646],[-121.47810555373002,35.921982138230646],[-121.47810555373002,35.921977923677744],[-121.47777313784302,35.921977923677744],[-121.47777313784302,35.921973708204945],[-121.47744072202403,35.921973708204945],[-121.47744072202403,35.92196949181235],[-121.47710830627503,35.92196949181235],[-121.47710830627503,35.92196527449965],[-121.47677589059502,35.92196527449965],[-121.47677589059502,35.92196105626714],[-121.47644347498301,35.92196105626714],[-121.47644347498301,35.92195683711475],[-121.47611105944102,35.92195683711475],[-121.47611105944102,35.92168734376226],[-121.47644383428698,35.92168734376226],[-121.47644383428698,35.92169156291465],[-121.47810591268897,35.921712644878156],[-121.48010040904897,35.921737912877155],[-121.48043282534998,35.921737912877155],[-121.48043282534998,35.922007406229646]]],[[[-121.48009487639902,35.92227779266074],[-121.48009487639902,35.92200829930825],[-121.48042765124498,35.92200829930825],[-121.48042765124498,35.92227779266074],[-121.48009487639902,35.92227779266074]]],[[[-121.48091660262598,35.93147934188705],[-121.47958645992001,35.931466713183845],[-121.47825663707202,35.931445646940645],[-121.47792418153303,35.931445646940645],[-121.47792418153303,35.931176153588154],[-121.47825695637898,35.931176153588154],[-121.47825695637898,35.93118036867725],[-121.47925432320397,35.93119300842316],[-121.48058414660298,35.93120984853456],[-121.48091660262598,35.93120984853456],[-121.48091660262598,35.93147934188705]]],[[[-121.48121801893598,35.933105866057346],[-121.48088524409002,35.933105866057346],[-121.48088524409002,35.932836372704855],[-121.48121801893598,35.932836372704855],[-121.48121801893598,35.933105866057346]]],[[[-121.48075616863898,35.93986130390885],[-121.48042339379302,35.93986130390885],[-121.48042339379302,35.93959181055636],[-121.48075616863898,35.93959181055636],[-121.48075616863898,35.93986130390885]]],[[[-121.48008572517202,35.94012326870015],[-121.47975323301202,35.94011905688205],[-121.47942074092101,35.94011905688205],[-121.47942074092101,35.939849563529556],[-121.47975351576697,35.939849563529556],[-121.48008600785798,35.93985798624526],[-121.48041850001798,35.93986219622246],[-121.48075099224597,35.93986219622246],[-121.48075099224597,35.94013168957495],[-121.48041821740001,35.94013168957495],[-121.48041821740001,35.94012747959775],[-121.48008572517202,35.94012747959775],[-121.48008572517202,35.94012326870015]]],[[[-121.48008054757803,35.940393654270245],[-121.47974805428701,35.940393654270245],[-121.47974805428701,35.94038944241055],[-121.47941556106402,35.94038944241055],[-121.47941556106402,35.94011994905806],[-121.47974833590997,35.94011994905806],[-121.47974833590997,35.940124160917755],[-121.48008082913297,35.94012837185696],[-121.48041332242398,35.94013258187555],[-121.48074581578398,35.94013258187555],[-121.48074581578398,35.94040207522804],[-121.48008054757803,35.940393654270245]]],[[[-121.48040296702997,35.940938636394144],[-121.48007019218402,35.94093442537184],[-121.47973769662902,35.94093442537184],[-121.47973769662902,35.94093021342905],[-121.47940520114302,35.94093021342905],[-121.47940520114302,35.94066072007656],[-121.47973797598898,35.94066072007656],[-121.47973797598898,35.94066493201935],[-121.48040296702997,35.94066914304165],[-121.48040296702997,35.940938636394144]]],[[[-121.48039778922897,35.941209021967246],[-121.48006501438302,35.94120481090344],[-121.47973251769602,35.94120481090344],[-121.47973251769602,35.94120059891895],[-121.47940002107902,35.94120059891895],[-121.47940002107902,35.940931105566456],[-121.47973279592497,35.940931105566456],[-121.47973279592497,35.94093531755095],[-121.48006529254198,35.940939528614756],[-121.48039778922897,35.940939528614756],[-121.48039778922897,35.941209021967246]]],[[[-121.48172777666498,35.941225857017145],[-121.48139500181902,35.941225857017145],[-121.48139500181902,35.940956363664654],[-121.48172777666498,35.940956363664654],[-121.48172777666498,35.941225857017145]]],[[[-121.48105733038201,35.94122254196785],[-121.48139010522797,35.941226749391056],[-121.48172260332198,35.941226749391056],[-121.48172260332198,35.94149624274355],[-121.48105733038201,35.941492035320344],[-121.48105733038201,35.94122254196785]]],[[[-121.47943962344098,35.904415429803045],[-121.47910684859502,35.90441121979285],[-121.47877450603102,35.90441121979285],[-121.47877450603102,35.904407008863245],[-121.47844216353703,35.904407008863245],[-121.47844216353703,35.90440279701435],[-121.47810982111102,35.90440279701435],[-121.47810982111102,35.904398584246145],[-121.47777747875502,35.904398584246145],[-121.47777747875502,35.90439437055865],[-121.47744513646703,35.90439437055865],[-121.47744513646703,35.90412487720616],[-121.47777791131298,35.90412487720616],[-121.47844259595698,35.904137515510754],[-121.47943962344098,35.904145936450554],[-121.47943962344098,35.904415429803045]]],[[[-121.47943401821102,35.90468581690305],[-121.47910167444903,35.90468160685125],[-121.47876933075602,35.90468160685125],[-121.47876933075602,35.90467739588004],[-121.47843698713201,35.90467739588004],[-121.47843698713201,35.904673183989544],[-121.47810464357703,35.904673183989544],[-121.47810464357703,35.904668971179746],[-121.47777230009002,35.904668971179746],[-121.47777230009002,35.90466475745065],[-121.47743995667302,35.90466475745065],[-121.47743995667302,35.904395264098156],[-121.47777273151898,35.904395264098156],[-121.47777273151898,35.904399477827255],[-121.47843741842298,35.90440790252755],[-121.47943444929498,35.904420532683055],[-121.47976679305698,35.904420532683055],[-121.47976679305698,35.904690026035546],[-121.47943401821102,35.904690026035546],[-121.47943401821102,35.90468581690305]]],[[[-121.47876415541101,35.904951993896745],[-121.47876415541101,35.904682500544254],[-121.47909693025697,35.904682500544254],[-121.47909693025697,35.904686710637655],[-121.47942927507998,35.90469091981166],[-121.48009396493298,35.90469512806636],[-121.48009396493298,35.90496462141885],[-121.47876415541101,35.904951993896745]]],[[[-121.47963744525698,35.91144970039834],[-121.47930467041103,35.91144549022665],[-121.47897229840203,35.91144549022665],[-121.47897229840203,35.911441279135445],[-121.47863992646101,35.911441279135445],[-121.47863992646101,35.911437067124645],[-121.47830755459002,35.911437067124645],[-121.47830755459002,35.911432854194345],[-121.47797518278702,35.911432854194345],[-121.47797518278702,35.91142864034445],[-121.47764281105302,35.91142864034445],[-121.47764281105302,35.91142442557494],[-121.47731043938902,35.91142442557494],[-121.47731043938902,35.91142020988595],[-121.47697806779303,35.91142020988595],[-121.47697806779303,35.911415993277345],[-121.47664569626602,35.911415993277345],[-121.47664569626602,35.911411775749244],[-121.47631332480903,35.911411775749244],[-121.47631332480903,35.911407557301544],[-121.47598095342002,35.911407557301544],[-121.47598095342002,35.91113806394905],[-121.47631372826598,35.91113806394905],[-121.47631372826598,35.91114228239675],[-121.47764321423497,35.911159146991956],[-121.47930507324799,35.91118020704585],[-121.47963744525698,35.91118020704585],[-121.47963744525698,35.91144970039834]]],[[[-121.47963227044897,35.911720087205744],[-121.47929949560302,35.911715876992645],[-121.47896712246403,35.911715876992645],[-121.47896712246403,35.91171166585975],[-121.47863474939302,35.91171166585975],[-121.47863474939302,35.911707453807445],[-121.47830237639103,35.911707453807445],[-121.47830237639103,35.91170324083544],[-121.47797000345803,35.91170324083544],[-121.47797000345803,35.91169902694394],[-121.47763763059503,35.91169902694394],[-121.47763763059503,35.91169481213294],[-121.47730525780003,35.91169481213294],[-121.47730525780003,35.911690596402245],[-121.47697288507402,35.911690596402245],[-121.47697288507402,35.91168637975205],[-121.47664051241802,35.91168637975205],[-121.47664051241802,35.911682162182245],[-121.47630813983002,35.911682162182245],[-121.47630813983002,35.911412668829755],[-121.47664091467598,35.911412668829755],[-121.47664091467598,35.91141688639956],[-121.47797040544098,35.91143374748295],[-121.47929989730999,35.91145059385325],[-121.47963227044897,35.91145059385325],[-121.47963227044897,35.911720087205744]]],[[[-121.47929432072603,35.911986263745646],[-121.47896194645702,35.911986263745646],[-121.47896194645702,35.91198205257125],[-121.47862957225603,35.91198205257125],[-121.47862957225603,35.91197784047735],[-121.47829719812403,35.91197784047735],[-121.47829719812403,35.911973627463745],[-121.47796482406102,35.911973627463745],[-121.47796482406102,35.91196941353065],[-121.47763245006702,35.91196941353065],[-121.47763245006702,35.91196519867795],[-121.47730007614201,35.91196519867795],[-121.47730007614201,35.91196098290575],[-121.47696770228602,35.91196098290575],[-121.47696770228602,35.91195676621385],[-121.47663532850002,35.91195676621385],[-121.47663532850002,35.91195254860244],[-121.47630295478201,35.91195254860244],[-121.47630295478201,35.911948330071446],[-121.47597058113303,35.911948330071446],[-121.47597058113303,35.911944110620944],[-121.47563820755403,35.911944110620944],[-121.47563820755403,35.91193989025074],[-121.47530583404303,35.91193989025074],[-121.47530583404303,35.91167039689825],[-121.47563860888899,35.91167039689825],[-121.47563860888899,35.91167461726845],[-121.47763285098797,35.91169992017816],[-121.47962709557198,35.91172518998315],[-121.47995946991098,35.91172518998315],[-121.47995946991098,35.91199468333564],[-121.47929432072603,35.911986263745646]]],[[[-121.48028667163298,35.91226927861624],[-121.47463589646202,35.912197609780144],[-121.47430352202902,35.912197609780144],[-121.47430352202902,35.91192811642765],[-121.47463629687498,35.91192811642765],[-121.47463629687498,35.91193233959825],[-121.47729529427598,35.91196609185766],[-121.47995429609497,35.91199978526375],[-121.48028667163298,35.91199978526375],[-121.48028667163298,35.91226927861624]]],[[[-121.48026080717098,35.91362121274805],[-121.47959565113602,35.91361700408314],[-121.47859850798402,35.91360016022695],[-121.47826612707102,35.91360016022695],[-121.47826612707102,35.913595946963746],[-121.47793374622702,35.913595946963746],[-121.47793374622702,35.91359173278104],[-121.47760136545303,35.91359173278104],[-121.47760136545303,35.91358751767864],[-121.47726898474703,35.91358751767864],[-121.47726898474703,35.913583301656644],[-121.47693660411002,35.913583301656644],[-121.47693660411002,35.91357908471495],[-121.47660422354203,35.91357908471495],[-121.47660422354203,35.913574866853644],[-121.47627184304402,35.913574866853644],[-121.47627184304402,35.91357064807274],[-121.47593946261402,35.91357064807274],[-121.47593946261402,35.91356642837224],[-121.47560708225302,35.91356642837224],[-121.47560708225302,35.913562207752044],[-121.47527470196202,35.913562207752044],[-121.47527470196202,35.91355798621225],[-121.47494232174002,35.91355798621225],[-121.47494232174002,35.913288492859756],[-121.47527509658597,35.913288492859756],[-121.47527509658597,35.91329271439955],[-121.47760175959299,35.91332223942855],[-121.47992842598198,35.91335171939556],[-121.48026080717098,35.91335171939556],[-121.48026080717098,35.91362121274805]]],[[[-121.47889465208902,35.91549707865145],[-121.47856226319603,35.91549707865145],[-121.47856226319603,35.91549286601685],[-121.47822987437102,35.91549286601685],[-121.47822987437102,35.91548865246244],[-121.47789748561502,35.91548865246244],[-121.47789748561502,35.91548443798845],[-121.47756509692903,35.91548443798845],[-121.47756509692903,35.915480222594745],[-121.47723270831102,35.915480222594745],[-121.47723270831102,35.915476006281345],[-121.47690031976202,35.915476006281345],[-121.47690031976202,35.91547178904825],[-121.47656793128301,35.91547178904825],[-121.47656793128301,35.915467570895345],[-121.47623554287202,35.915467570895345],[-121.47623554287202,35.915463351822844],[-121.47590315453103,35.915463351822844],[-121.47590315453103,35.91519385847035],[-121.47623592937698,35.91519385847035],[-121.47623592937698,35.915198077542854],[-121.47756548315698,35.915214944635956],[-121.47922742693498,35.915236007809156],[-121.47955981589799,35.915236007809156],[-121.47955981589799,35.91550550116165],[-121.47889465208902,35.91549707865145]]],[[[-121.47955464005598,35.91577588777645],[-121.47922186521002,35.91577167693965],[-121.47888947511701,35.91577167693965],[-121.47888947511701,35.915767465183045],[-121.47855708509302,35.915767465183045],[-121.47855708509302,35.91576325250684],[-121.47822469513802,35.91576325250684],[-121.47822469513802,35.91575903891095],[-121.47789230525203,35.91575903891095],[-121.47789230525203,35.91575482439524],[-121.47755991543502,35.91575482439524],[-121.47755991543502,35.91575060895995],[-121.47722752568703,35.91575060895995],[-121.47722752568703,35.915746392604845],[-121.47689513600803,35.915746392604845],[-121.47689513600803,35.915742175330045],[-121.47656274639802,35.915742175330045],[-121.47656274639802,35.91573795713565],[-121.47623035685702,35.91573795713565],[-121.47623035685702,35.915733738021444],[-121.47589796738602,35.915733738021444],[-121.47589796738602,35.91572951798764],[-121.47556557798302,35.91572951798764],[-121.47556557798302,35.91546002463515],[-121.47589835282898,35.91546002463515],[-121.47589835282898,35.915464244668954],[-121.47756030053299,35.91548533104275],[-121.47922224996297,35.91550639442396],[-121.47955464005598,35.91550639442396],[-121.47955464005598,35.91577588777645]]],[[[-121.47954946414498,35.916046274378346],[-121.47921668929902,35.916042063499944],[-121.47888429807502,35.916042063499944],[-121.47888429807502,35.916037851701844],[-121.47855190692103,35.916037851701844],[-121.47855190692103,35.91603363898395],[-121.47821951583602,35.91603363898395],[-121.47821951583602,35.916029425346444],[-121.47788712481902,35.916029425346444],[-121.47788712481902,35.916025210789144],[-121.47755473387203,35.916025210789144],[-121.47755473387203,35.916020995312245],[-121.47722234299403,35.916020995312245],[-121.47722234299403,35.91601677891555],[-121.47688995218502,35.91601677891555],[-121.47688995218502,35.916012561599146],[-121.47655756144403,35.916012561599146],[-121.47655756144403,35.916008343363046],[-121.47622517077302,35.916008343363046],[-121.47622517077302,35.91600412420725],[-121.47589278017102,35.91600412420725],[-121.47589278017102,35.915999904131745],[-121.47556038963802,35.915999904131745],[-121.47556038963802,35.91599568313654],[-121.47522799917402,35.91599568313654],[-121.47522799917402,35.91572618978405],[-121.47556077401998,35.91572618978405],[-121.47556077401998,35.915730410779254],[-121.47722272703098,35.915751501959754],[-121.47921707292097,35.915776781025855],[-121.47954946414498,35.915776781025855],[-121.47954946414498,35.916046274378346]]],[[[-121.47987150566797,35.916591257585445],[-121.47953873082201,35.916591257585445],[-121.47953873082201,35.916321764232954],[-121.47987150566797,35.916321764232954],[-121.47987150566797,35.916591257585445]]],[[[-121.47953355583502,35.91659215083786],[-121.48019872543298,35.916596360001556],[-121.48019872543298,35.91686585335405],[-121.47953355583502,35.91686164419035],[-121.47953355583502,35.91659215083786]]],[[[-121.48012628419399,35.920651265055945],[-121.47979350934803,35.920651265055945],[-121.47979350934803,35.920381771703454],[-121.48012628419399,35.920381771703454],[-121.48012628419399,35.920651265055945]]],[[[-121.47978833445703,35.920921651509644],[-121.47978833445703,35.920652158157154],[-121.48012110930298,35.920652158157154],[-121.48012110930298,35.920921651509644],[-121.47978833445703,35.920921651509644]]],[[[-121.48011593434298,35.92119203795055],[-121.47911833388503,35.92118361737354],[-121.47911833388503,35.92091412402105],[-121.47945110873098,35.92091412402105],[-121.47945110873098,35.92091833476945],[-121.47978352150199,35.920922544598056],[-121.48011593434298,35.920922544598056],[-121.48011593434298,35.92119203795055]]],[[[-121.47876520708502,35.922256738086844],[-121.47843278992802,35.922256738086844],[-121.47843278992802,35.922252524412244],[-121.47810037284103,35.922252524412244],[-121.47810037284103,35.922248309817746],[-121.47776795582303,35.922248309817746],[-121.47776795582303,35.922244094303345],[-121.47743553887402,35.922244094303345],[-121.47743553887402,35.922239877869046],[-121.47710312199402,35.922239877869046],[-121.47710312199402,35.92223566051484],[-121.47677070518301,35.92223566051484],[-121.47677070518301,35.922231442240644],[-121.47643828844102,35.922231442240644],[-121.47643828844102,35.92222722304655],[-121.47610587176803,35.92222722304655],[-121.47610587176803,35.92222300293255],[-121.47577345516402,35.92222300293255],[-121.47577345516402,35.92195350958006],[-121.47610623000998,35.92195350958006],[-121.47610623000998,35.92195772969406],[-121.47743589683998,35.921974600950854],[-121.47909798193098,35.92199566932366],[-121.47943039915597,35.92199566932366],[-121.47943039915597,35.92226516267615],[-121.47876520708502,35.922256738086844]]],[[[-121.47942522158898,35.92253554896965],[-121.47909244674302,35.922531337093346],[-121.47876002838802,35.922531337093346],[-121.47876002838802,35.92252712429715],[-121.47842761010102,35.92252712429715],[-121.47842761010102,35.922522910581044],[-121.47809519188301,35.922522910581044],[-121.47809519188301,35.922518695944945],[-121.47776277373401,35.922518695944945],[-121.47776277373401,35.922249202592454],[-121.47809554857997,35.922249202592454],[-121.47809554857997,35.92225341722855],[-121.47842796672897,35.92225763094466],[-121.47942522158898,35.92226605561716],[-121.47942522158898,35.92253554896965]]],[[[-121.47941968866402,35.922805935250345],[-121.47908726910802,35.92280172333245],[-121.47875484962202,35.92280172333245],[-121.47875484962202,35.92279751049465],[-121.47842243020402,35.92279751049465],[-121.47842243020402,35.92279329673695],[-121.47809001085503,35.92279329673695],[-121.47809001085503,35.922789082059246],[-121.47775759157602,35.922789082059246],[-121.47775759157602,35.92278486646155],[-121.47742517236502,35.92278486646155],[-121.47742517236502,35.922780649944045],[-121.47709275322403,35.922780649944045],[-121.47709275322403,35.922776432506545],[-121.47676033415102,35.922776432506545],[-121.47676033415102,35.92277221414905],[-121.47642791514802,35.92277221414905],[-121.47642791514802,35.92250272079656],[-121.47676068999398,35.92250272079656],[-121.47676068999398,35.922506939154054],[-121.47809036642198,35.92252380338446],[-121.47942004395398,35.922540652895854],[-121.47975246350998,35.922540652895854],[-121.47975246350998,35.922810146248345],[-121.47941968866402,35.922810146248345],[-121.47941968866402,35.922805935250345]]],[[[-121.47941486624998,35.923076321518245],[-121.47908209140402,35.923072109558746],[-121.47874967078702,35.923072109558746],[-121.47874967078702,35.92306789667934],[-121.47841725023802,35.92306789667934],[-121.47841725023802,35.92306368287994],[-121.47808482975903,35.92306368287994],[-121.47808482975903,35.923059468160645],[-121.47775240934902,35.923059468160645],[-121.47775240934902,35.922789974808154],[-121.47808518419498,35.922789974808154],[-121.47808518419498,35.92279418952745],[-121.47841760460499,35.92279840332685],[-121.47908244563298,35.922806828165754],[-121.47941486624998,35.922806828165754],[-121.47941486624998,35.923076321518245]]],[[[-121.48007453217998,35.92335512901535],[-121.47974175733403,35.92335091885425],[-121.47940933544803,35.92335091885425],[-121.47940933544803,35.92334670777325],[-121.47907691363102,35.92334670777325],[-121.47907691363102,35.92334249577215],[-121.47874449188302,35.92334249577215],[-121.47874449188302,35.92333828285115],[-121.47841207020402,35.92333828285115],[-121.47841207020402,35.923334069010146],[-121.47807964859402,35.923334069010146],[-121.47807964859402,35.923329854249246],[-121.47774722705302,35.923329854249246],[-121.47774722705302,35.923060360896756],[-121.47808000189897,35.923060360896756],[-121.47808000189897,35.923064575657655],[-121.47874484504997,35.923073002419656],[-121.47974211029398,35.92308563566286],[-121.48007453217998,35.92308563566286],[-121.48007453217998,35.92335512901535]]],[[[-121.48006935659897,35.923625515340646],[-121.47840689010002,35.92360866901014],[-121.47840689010002,35.92333917565765],[-121.47873966494598,35.92333917565765],[-121.47873966494598,35.923343388620154],[-121.47907208775598,35.92334760066286],[-121.47973693358298,35.923356021988155],[-121.48006935659897,35.923356021988155],[-121.48006935659897,35.923625515340646]]],[[[-121.47961234713202,35.929845289939756],[-121.48027757220697,35.92984950021985],[-121.48027757220697,35.93011899357234],[-121.47961234713202,35.93011478329225],[-121.47961234713202,35.929845289939756]]],[[[-121.47941038113802,35.940390334573756],[-121.47974315598398,35.940390334573756],[-121.47974315598398,35.940394546475055],[-121.48007565033798,35.940394546475055],[-121.48007565033798,35.940664039827546],[-121.47974287549202,35.940664039827546],[-121.47974287549202,35.94065982792625],[-121.47941038113802,35.94065982792625],[-121.47941038113802,35.940390334573756]]],[[[-121.48039261135898,35.941479407527545],[-121.47972733869501,35.94147098439605],[-121.47939484094601,35.94147098439605],[-121.47939484094601,35.94146677144955],[-121.47906234326503,35.94146677144955],[-121.47906234326503,35.94119727809706],[-121.47939511811099,35.94119727809706],[-121.47939511811099,35.94120149104356],[-121.47972761579197,35.941205703069556],[-121.48006011354097,35.941209914175055],[-121.48039261135898,35.941209914175055],[-121.48039261135898,35.941479407527545]]],[[[-121.47844733987301,35.90413662183364],[-121.47844733987301,35.90386712848115],[-121.47878011471897,35.90386712848115],[-121.47878011471897,35.90413662183364],[-121.47844733987301,35.90413662183364]]],[[[-121.47799072035802,35.910617480468645],[-121.47765835201503,35.91061326582405],[-121.47732598374002,35.91061326582405],[-121.47732598374002,35.91060905025994],[-121.47699361553502,35.91060905025994],[-121.47699361553502,35.91060483377625],[-121.47666124739803,35.91060483377625],[-121.47666124739803,35.910600616373046],[-121.47632887933102,35.910600616373046],[-121.47632887933102,35.910331123020555],[-121.47666165417698,35.910331123020555],[-121.47732639038098,35.910343772471556],[-121.47832349520398,35.91035641364675],[-121.47865586361698,35.91035641364675],[-121.47865586361698,35.91062590699924],[-121.47832308877102,35.91062590699924],[-121.47832308877102,35.91062169419374],[-121.47799072035802,35.91062169419374],[-121.47799072035802,35.910617480468645]]],[[[-121.47898265007102,35.910900505648144],[-121.47865028039102,35.910900505648144],[-121.47865028039102,35.91089629372065],[-121.47831791077903,35.91089629372065],[-121.47831791077903,35.910892080873445],[-121.47798554123702,35.910892080873445],[-121.47798554123702,35.910887867106744],[-121.47765317176302,35.910887867106744],[-121.47765317176302,35.910883652420544],[-121.47732080235902,35.910883652420544],[-121.47732080235902,35.910879436814746],[-121.47698843302302,35.910879436814746],[-121.47698843302302,35.91087522028945],[-121.47665606375702,35.91087522028945],[-121.47665606375702,35.910871002844644],[-121.47632369455903,35.910871002844644],[-121.47632369455903,35.91086678448025],[-121.47599132543102,35.91086678448025],[-121.47599132543102,35.91059729112776],[-121.47632410027698,35.91059729112776],[-121.47632410027698,35.91060150949215],[-121.47765357720498,35.910618373754254],[-121.47898305523698,35.91063522330376],[-121.47931542491698,35.91063522330376],[-121.47931542491698,35.91090471665625],[-121.47898265007102,35.910900505648144]]],[[[-121.47931024911698,35.911175103447846],[-121.47631850971902,35.91113717089735],[-121.47598613946002,35.91113717089735],[-121.47598613946002,35.91086767754486],[-121.47631891430598,35.91086767754486],[-121.47631891430598,35.910871895950855],[-121.47764839575397,35.91088876037956],[-121.47897787830598,35.910905610095355],[-121.47931024911698,35.910905610095355],[-121.47931024911698,35.911175103447846]]],[[[-121.47792856634702,35.913862119277745],[-121.47759618444202,35.91385790413374],[-121.47726380260602,35.91385790413374],[-121.47726380260602,35.91385368807015],[-121.47693142083902,35.91385368807015],[-121.47693142083902,35.91384947108674],[-121.47659903914102,35.91384947108674],[-121.47659903914102,35.913845253183844],[-121.47626665751203,35.913845253183844],[-121.47626665751203,35.91384103436135],[-121.47593427595201,35.91384103436135],[-121.47593427595201,35.913836814619145],[-121.47560189446202,35.913836814619145],[-121.47560189446202,35.913832593957245],[-121.47526951304002,35.913832593957245],[-121.47526951304002,35.913828372375846],[-121.47493713168701,35.913828372375846],[-121.47493713168701,35.913558879023356],[-121.47526990653297,35.913558879023356],[-121.47526990653297,35.913563100604755],[-121.47659943235799,35.91357997773425],[-121.47826134119298,35.91360105345446],[-121.47859372316698,35.91360105345446],[-121.47859372316698,35.91387054680695],[-121.47826094832102,35.91387054680695],[-121.47826094832102,35.91386633350214],[-121.47792856634702,35.91386633350214],[-121.47792856634702,35.913862119277745]]],[[[-121.47824541165602,35.914677493040145],[-121.47791302629201,35.914677493040145],[-121.47791302629201,35.91467327869095],[-121.47758064099602,35.91467327869095],[-121.47758064099602,35.914669063422146],[-121.47724825576903,35.914669063422146],[-121.47724825576903,35.914664847233546],[-121.47691587061102,35.914664847233546],[-121.47691587061102,35.91466063012535],[-121.47658348552302,35.91466063012535],[-121.47658348552302,35.91465641209744],[-121.47625110050302,35.91465641209744],[-121.47625110050302,35.91465219314995],[-121.47591871555302,35.91465219314995],[-121.47591871555302,35.91464797328275],[-121.47558633067102,35.91464797328275],[-121.47558633067102,35.91437847993026],[-121.47591910551698,35.91437847993026],[-121.47591910551698,35.91438269979746],[-121.47724864545698,35.914399570069655],[-121.47857818650198,35.91441642562705],[-121.47891057193598,35.91441642562705],[-121.47891057193598,35.91468591897954],[-121.47824541165602,35.914677493040145]]],[[[-121.47857261919403,35.91495209299825],[-121.47824023263001,35.91494787952715],[-121.47790784613503,35.91494787952715],[-121.47790784613503,35.91494366513635],[-121.47757545970902,35.91494366513635],[-121.47757545970902,35.914939449825745],[-121.47724307335201,35.914939449825745],[-121.47724307335201,35.91493523359564],[-121.47691068706402,35.91493523359564],[-121.47691068706402,35.91493101644574],[-121.47657830084502,35.91493101644574],[-121.47657830084502,35.91492679837624],[-121.47624591469503,35.91492679837624],[-121.47624591469503,35.914922579387046],[-121.47591352861502,35.914922579387046],[-121.47591352861502,35.91491835947824],[-121.47558114260302,35.91491835947824],[-121.47558114260302,35.91464886612575],[-121.47591391744898,35.91464886612575],[-121.47591391744898,35.914653086034555],[-121.47724346190998,35.914669956473254],[-121.47857300747597,35.91468681219725],[-121.47890539403998,35.91468681219725],[-121.47890539403998,35.914956305549744],[-121.47857261919403,35.914956305549744],[-121.47857261919403,35.91495209299825]]],[[[-121.47923260383898,35.91523090378035],[-121.47590834160702,35.91518874566095],[-121.47557595446501,35.91518874566095],[-121.47557595446501,35.91491925230846],[-121.47590872931097,35.91491925230846],[-121.47590872931097,35.914923472258955],[-121.47723827829398,35.914940342864156],[-121.47890021607498,35.91496141042786],[-121.47923260383898,35.91496141042786],[-121.47923260383898,35.91523090378035]]],[[[-121.47921189581098,35.91631245004744],[-121.47887912096502,35.91630823820775],[-121.47854672868002,35.91630823820775],[-121.47854672868002,35.91630402544835],[-121.47821433646402,35.91630402544835],[-121.47821433646402,35.91629981176914],[-121.47788194431801,35.91629981176914],[-121.47788194431801,35.91629559717035],[-121.47754955224002,35.91629559717035],[-121.47754955224002,35.916291381651746],[-121.47721716023202,35.916291381651746],[-121.47721716023202,35.91628716521345],[-121.47688476829202,35.91628716521345],[-121.47688476829202,35.91628294785534],[-121.47655237642103,35.91628294785534],[-121.47655237642103,35.91627872957765],[-121.47621998462002,35.91627872957765],[-121.47621998462002,35.91627451038015],[-121.47588759288801,35.91627451038015],[-121.47588759288801,35.91627029026294],[-121.47555520122403,35.91627029026294],[-121.47555520122403,35.91600079691045],[-121.47588797606998,35.91600079691045],[-121.47588797606998,35.91600501702766],[-121.47721754313798,35.916021888299255],[-121.47887950352597,35.91604295669495],[-121.47921189581098,35.91604295669495],[-121.47921189581098,35.91631245004744]]],[[[-121.47920671863098,35.916582836582045],[-121.47887394378502,35.91657862470075],[-121.47854155037002,35.91657862470075],[-121.47854155037002,35.916574411899745],[-121.47820915702403,35.916574411899745],[-121.47820915702403,35.916570198179045],[-121.47787676374702,35.916570198179045],[-121.47787676374702,35.91656598353855],[-121.47754437053902,35.91656598353855],[-121.47754437053902,35.916561767978344],[-121.47721197740002,35.916561767978344],[-121.47721197740002,35.91655755149844],[-121.47687958433002,35.91655755149844],[-121.47687958433002,35.916553334098744],[-121.47654719132902,35.916553334098744],[-121.47654719132902,35.91654911577935],[-121.47621479839802,35.91654911577935],[-121.47621479839802,35.916544896540245],[-121.47588240553502,35.916544896540245],[-121.47588240553502,35.916540676381345],[-121.47555001274102,35.916540676381345],[-121.47555001274102,35.916271183028854],[-121.47588278758698,35.916271183028854],[-121.47588278758698,35.916275403187754],[-121.47721235917598,35.91629227462585],[-121.47887432521598,35.916313343229554],[-121.47920671863098,35.916313343229554],[-121.47920671863098,35.916582836582045]]],[[[-121.47920154138298,35.91685322310394],[-121.47886876653702,35.91684901118104],[-121.47853637199202,35.91684901118104],[-121.47853637199202,35.916844798338445],[-121.47820397751502,35.916844798338445],[-121.47820397751502,35.91684058457604],[-121.47787158310803,35.91684058457604],[-121.47787158310803,35.91683636989394],[-121.47753918876901,35.91683636989394],[-121.47753918876901,35.916832154292145],[-121.47720679450002,35.916832154292145],[-121.47720679450002,35.91682793777055],[-121.47687440030002,35.91682793777055],[-121.47687440030002,35.91682372032925],[-121.47654200616802,35.91682372032925],[-121.47654200616802,35.91681950196825],[-121.47620961210602,35.91681950196825],[-121.47620961210602,35.916815282687345],[-121.47587721811303,35.916815282687345],[-121.47587721811303,35.91681106248684],[-121.47554482418902,35.91681106248684],[-121.47554482418902,35.91680684136664],[-121.47521243033403,35.91680684136664],[-121.47521243033403,35.91653734801415],[-121.47554520517998,35.91653734801415],[-121.47554520517998,35.91654156913435],[-121.47720717514598,35.916562660939654],[-121.47886914683798,35.91658372975145],[-121.47920154138298,35.91658372975145],[-121.47920154138298,35.91685322310394]]],[[[-121.47853119354401,35.91711518476414],[-121.47819879793703,35.917110970960245],[-121.47786640239902,35.917110970960245],[-121.47786640239902,35.91710675623654],[-121.47753400693001,35.91710675623654],[-121.47753400693001,35.91710254059304],[-121.47720161153102,35.91710254059304],[-121.47720161153102,35.917098324029844],[-121.47686921620001,35.917098324029844],[-121.47686921620001,35.91709410654695],[-121.47653682093802,35.91709410654695],[-121.47653682093802,35.91708988814415],[-121.47620442574602,35.91708988814415],[-121.47620442574602,35.91708566882175],[-121.47587203062201,35.91708566882175],[-121.47587203062201,35.917081448579545],[-121.47553963556803,35.917081448579545],[-121.47553963556803,35.91707722741764],[-121.47520724058302,35.91707722741764],[-121.47520724058302,35.91707300533594],[-121.47487484566602,35.91707300533594],[-121.47487484566602,35.917068782334546],[-121.47454245081902,35.917068782334546],[-121.47454245081902,35.916799288982055],[-121.47487522566497,35.916799288982055],[-121.47487522566497,35.91680351198345],[-121.47653720059198,35.91682461319446],[-121.47853157278298,35.91684990429585],[-121.47886396838997,35.91684990429585],[-121.47886396838997,35.91711939764834],[-121.47853119354401,35.91711939764834],[-121.47853119354401,35.91711518476414]]],[[[-121.47819399646798,35.91711607782455],[-121.47852639313598,35.917120290750354],[-121.47885878987297,35.917120290750354],[-121.47885878987297,35.917389784102845],[-121.47852601502701,35.917389784102845],[-121.47852601502701,35.91738557117704],[-121.47819361829002,35.91738557117704],[-121.47819361829002,35.91738135733154],[-121.47786122162202,35.91738135733154],[-121.47786122162202,35.917377142566245],[-121.47752882502202,35.917377142566245],[-121.47752882502202,35.91737292688114],[-121.47719642849202,35.91737292688114],[-121.47719642849202,35.91736871027634],[-121.47686403203102,35.91736871027634],[-121.47686403203102,35.917364492751744],[-121.47653163563902,35.917364492751744],[-121.47653163563902,35.91736027430735],[-121.47619923931602,35.91736027430735],[-121.47619923931602,35.91709078095486],[-121.47653201416198,35.91709078095486],[-121.47653201416198,35.917094999399254],[-121.47719680687698,35.91710343352865],[-121.47819399646798,35.91711607782455]]],[[[-121.47885361128698,35.91766017054454],[-121.47685884779303,35.917639096509845],[-121.47685884779303,35.917369603157354],[-121.47719162263898,35.917369603157354],[-121.47719162263898,35.917373819803856],[-121.47785641789098,35.91738225033755],[-121.47852121341998,35.91739067719205],[-121.47885361128698,35.91739067719205],[-121.47885361128698,35.91766017054454]]],[[[-121.47848458441003,35.919548662017846],[-121.47815217862902,35.91954444783944],[-121.47781977291702,35.91954444783944],[-121.47781977291702,35.91954023274125],[-121.47748736727402,35.91954023274125],[-121.47748736727402,35.91953601672314],[-121.47715496170002,35.91953601672314],[-121.47715496170002,35.91953179978525],[-121.47682255619502,35.91953179978525],[-121.47682255619502,35.91952758192755],[-121.47649015075902,35.91952758192755],[-121.47649015075902,35.91952336314994],[-121.47615774539202,35.91952336314994],[-121.47615774539202,35.91951914345255],[-121.47582534009402,35.91951914345255],[-121.47582534009402,35.919249650100056],[-121.47615811493998,35.919249650100056],[-121.47615811493998,35.91925386979745],[-121.47715533104098,35.91926652337065],[-121.47848495347498,35.919283381923854],[-121.47881735925598,35.919283381923854],[-121.47881735925598,35.919552875276345],[-121.47848458441003,35.919552875276345],[-121.47848458441003,35.919548662017846]]],[[[-121.47881218011798,35.91982326161524],[-121.47847940527203,35.91981904831515],[-121.47814699836002,35.91981904831515],[-121.47814699836002,35.91981483409514],[-121.47781459151803,35.91981483409514],[-121.47781459151803,35.919810618955246],[-121.47748218474402,35.919810618955246],[-121.47748218474402,35.919806402895546],[-121.47714977804002,35.919806402895546],[-121.47714977804002,35.91980218591605],[-121.47681737140402,35.91980218591605],[-121.47681737140402,35.919797968016645],[-121.47648496483802,35.919797968016645],[-121.47648496483802,35.919793749197446],[-121.47615255834103,35.919793749197446],[-121.47615255834103,35.91978952945845],[-121.47582015191202,35.91978952945845],[-121.47582015191202,35.91952003610596],[-121.47615292675798,35.91952003610596],[-121.47615292675798,35.919524255844955],[-121.47715014624998,35.919536909543055],[-121.47847977320598,35.91955376826275],[-121.47881218011798,35.91955376826275],[-121.47881218011798,35.91982326161524]]],[[[-121.47880700091098,35.92009364794124],[-121.47847422606502,35.92008943459955],[-121.47814181802302,35.92008943459955],[-121.47814181802302,35.920085220337945],[-121.47780941005001,35.920085220337945],[-121.47780941005001,35.92008100515645],[-121.47747700214602,35.92008100515645],[-121.47747700214602,35.920076789055145],[-121.47714459431103,35.920076789055145],[-121.47714459431103,35.920072572033945],[-121.47681218654502,35.920072572033945],[-121.47681218654502,35.92006835409295],[-121.47647977884802,35.92006835409295],[-121.47647977884802,35.91979886074046],[-121.47681255369397,35.91979886074046],[-121.47681255369397,35.919803078681454],[-121.47747736915699,35.91981151180396],[-121.47847459286898,35.91982415458875],[-121.47880700091098,35.91982415458875],[-121.47880700091098,35.92009364794124]]],[[[-121.47743477681001,35.90493514432975],[-121.47743477681001,35.90466565097726],[-121.47776755165597,35.90466565097726],[-121.47776755165597,35.90493514432975],[-121.47743477681001,35.90493514432975]]],[[[-121.47733116505302,35.910073385862255],[-121.47832867425699,35.910081814148754],[-121.47832867425699,35.910351307501244],[-121.47733116505302,35.910342879214745],[-121.47733116505302,35.910073385862255]]],[[[-121.47759139524197,35.91386301240925],[-121.47792377820798,35.91386722667515],[-121.47825616124398,35.91386722667515],[-121.47825616124398,35.91413672002764],[-121.47792338639802,35.91413672002764],[-121.47792338639802,35.91413250576174],[-121.47759100336202,35.91413250576174],[-121.47759100336202,35.914128290576045],[-121.47725862039601,35.914128290576045],[-121.47725862039601,35.91412407447075],[-121.47692623749901,35.91412407447075],[-121.47692623749901,35.91411985744585],[-121.47659385467102,35.91411985744585],[-121.47659385467102,35.91411563950125],[-121.47626147191203,35.91411563950125],[-121.47626147191203,35.91411142063705],[-121.47592908922103,35.91411142063705],[-121.47592908922103,35.914107200853145],[-121.47559670660102,35.914107200853145],[-121.47559670660102,35.91410298014964],[-121.47526432404902,35.91410298014964],[-121.47526432404902,35.91383348679715],[-121.47559709889498,35.91383348679715],[-121.47559709889498,35.913837707500655],[-121.47659424675798,35.913850364093356],[-121.47759139524197,35.91386301240925]]],[[[-121.47825098122497,35.914407106540345],[-121.47725343811702,35.91439867700554],[-121.47592390242202,35.91437758707435],[-121.47559151867002,35.91437758707435],[-121.47559151867002,35.91410809372186],[-121.47592429351597,35.91410809372186],[-121.47592429351597,35.914112313547456],[-121.47692144497698,35.914124967506154],[-121.47791859705998,35.914137613187854],[-121.47825098122497,35.914137613187854],[-121.47825098122497,35.914407106540345]]],[[[-121.47749773212502,35.91899524433975],[-121.47716532881202,35.91899524433975],[-121.47716532881202,35.91899102748515],[-121.47683292556802,35.91899102748515],[-121.47683292556802,35.91872153413266],[-121.47716570041398,35.91872153413266],[-121.47716570041398,35.91872575098726],[-121.47749810365798,35.91872996692206],[-121.47816291035298,35.918734181937054],[-121.47816291035298,35.919003675289545],[-121.47749773212502,35.91899524433975]]],[[[-121.47815772909198,35.919274061570945],[-121.47583052820703,35.91924453685834],[-121.47549812410902,35.91924453685834],[-121.47549812410902,35.91897504350585],[-121.47583089895498,35.91897504350585],[-121.47583089895498,35.91897926408146],[-121.47682811145698,35.91899192028915],[-121.47782532457998,35.919004568218455],[-121.47815772909198,35.919004568218455],[-121.47815772909198,35.919274061570945]]],[[[-121.47713941051302,35.920342958139045],[-121.47680700161602,35.920338740156446],[-121.47647459278902,35.920338740156446],[-121.47647459278902,35.920069246803955],[-121.47680736763498,35.920069246803955],[-121.47680736763498,35.920073464786554],[-121.47713977646198,35.92007768184936],[-121.47747218535898,35.920081897992354],[-121.47780459432498,35.920081897992354],[-121.47780459432498,35.920351391344845],[-121.47747181947902,35.920351391344845],[-121.47747181947902,35.92034717520185],[-121.47713941051302,35.92034717520185],[-121.47713941051302,35.920342958139045]]],[[[-121.47813663761703,35.92035982087105],[-121.47813663761703,35.92009032751856],[-121.47846941246299,35.92009032751856],[-121.47846941246299,35.92035982087105],[-121.47813663761703,35.92035982087105]]],[[[-121.47713422664602,35.92061334423124],[-121.47680181661902,35.92061334423124],[-121.47680181661902,35.92060912620705],[-121.47646940666102,35.92060912620705],[-121.47646940666102,35.92033963285456],[-121.47680218150698,35.92033963285456],[-121.47680218150698,35.92034385087875],[-121.47713459146497,35.920348067983255],[-121.47746700149197,35.920352284167755],[-121.47779941158798,35.920352284167755],[-121.47779941158798,35.920621777520246],[-121.47713422664602,35.92061334423124]]],[[[-121.47712904271002,35.92061845410426],[-121.47779422878298,35.92062267033045],[-121.47779422878298,35.92089216368294],[-121.47746145393702,35.92089216368294],[-121.47746145393702,35.92088794745675],[-121.47712904271002,35.92088794745675],[-121.47712904271002,35.92061845410426]]],[[[-121.47712385870503,35.920888840212456],[-121.47745663355099,35.92089305648025],[-121.47778904590798,35.92089305648025],[-121.47778904590798,35.921162549832744],[-121.47712385870503,35.92115833356495],[-121.47712385870503,35.920888840212456]]],[[[-121.47695274778802,35.93008106792445],[-121.47695274778802,35.92981157457196],[-121.47795042205598,35.92982000893505],[-121.47795042205598,35.930089502287544],[-121.47695274778802,35.93008106792445]]],[[[-121.47761246311902,35.93035988804195],[-121.47761246311902,35.93009039468946],[-121.47794523796497,35.93009039468946],[-121.47794523796497,35.93035988804195],[-121.47761246311902,35.93035988804195]]],[[[-121.47683811015102,35.918720641315744],[-121.47683811015102,35.91845114796325],[-121.47750328711098,35.91845536477626],[-121.47750328711098,35.91872485812875],[-121.47717051226502,35.91872485812875],[-121.47717051226502,35.918720641315744],[-121.47683811015102,35.918720641315744]]],[[[-121.47676551970203,35.92250182820125],[-121.47576826629103,35.92249338880985],[-121.47576826629103,35.92222389545736],[-121.47610104113699,35.92222389545736],[-121.47610104113699,35.92222811561305],[-121.47643345887099,35.92223233484876],[-121.47709829454799,35.92224077056046],[-121.47743071248898,35.92224077056046],[-121.47743071248898,35.92251026391295],[-121.47709793764302,35.92251026391295],[-121.47676551970203,35.92250182820125]]],[[[-121.47675514853202,35.923046818483044],[-121.47675514853202,35.92277732513055],[-121.47708792337798,35.92277732513055],[-121.47708792337798,35.922781542609755],[-121.47742034358097,35.922781542609755],[-121.47742034358097,35.923051035962246],[-121.47675514853202,35.923046818483044]]],[[[-121.47502535317503,35.909227584055145],[-121.47469299110303,35.909227584055145],[-121.47469299110303,35.908958090702654],[-121.47502576594898,35.908958090702654],[-121.47502576594898,35.908962312495156],[-121.47569049016198,35.90896653336795],[-121.47569049016198,35.90923602672044],[-121.47502535317503,35.909227584055145]]],[[[-121.47568530234598,35.909506413131346],[-121.47468780102702,35.909497970382645],[-121.47468780102702,35.909228477030155],[-121.47568530234598,35.909236919778856],[-121.47568530234598,35.909506413131346]]],[[[-121.47564898569698,35.91139911764755],[-121.47531621085102,35.911394896441145],[-121.47498383966902,35.911394896441145],[-121.47498383966902,35.911125403088654],[-121.47564898569698,35.91112962429506],[-121.47564898569698,35.91139911764755]]],[[[-121.47497865017002,35.911665282707546],[-121.47497865017002,35.911395789355055],[-121.47531142501597,35.911395789355055],[-121.47531142501597,35.91140001060305],[-121.47597616970798,35.91140423093155],[-121.47597616970798,35.91167372428404],[-121.47564339486202,35.91167372428404],[-121.47564339486202,35.911669503955544],[-121.47531102248102,35.911669503955544],[-121.47531102248102,35.911665282707546],[-121.47497865017002,35.911665282707546]]],[[[-121.47550331328303,35.91870465751595],[-121.47616849109698,35.918708878049856],[-121.47616849109698,35.918978371402346],[-121.47583571625103,35.918978371402346],[-121.47583571625103,35.91897415086844],[-121.47550331328303,35.91897415086844],[-121.47550331328303,35.91870465751595]]],[[[-121.47646422046301,35.920879512244746],[-121.47646422046301,35.920610018892255],[-121.47679699530897,35.920610018892255],[-121.47679699530897,35.920879512244746],[-121.47646422046301,35.920879512244746]]],[[[-121.47564404263498,35.928978423933444],[-121.47531126778902,35.928974200937546],[-121.47497882305102,35.928974200937546],[-121.47497882305102,35.928969977021445],[-121.47464637838303,35.928969977021445],[-121.47464637838303,35.92896575218514],[-121.47431393378503,35.92896575218514],[-121.47431393378503,35.92896152642874],[-121.47398148925502,35.92896152642874],[-121.47398148925502,35.92895729975225],[-121.47364904479502,35.92895729975225],[-121.47364904479502,35.92868780639976],[-121.47564404263498,35.92870893058095],[-121.47564404263498,35.928978423933444]]],[[[-121.47563885090197,35.92924880944785],[-121.47530607605601,35.92924880944785],[-121.47430873865902,35.92923191177625],[-121.47397629299802,35.92923191177625],[-121.47397629299802,35.92896241842376],[-121.47430906784398,35.92896241842376],[-121.47430906784398,35.92896664422185],[-121.47464151350498,35.92897086909986],[-121.47530640503398,35.92897931609536],[-121.47563885090197,35.92897931609536],[-121.47563885090197,35.92924880944785]]],[[[-121.47629822566702,35.929531858666245],[-121.47629822566702,35.929262365313754],[-121.47663100051298,35.929262365313754],[-121.47663100051298,35.929531858666245],[-121.47629822566702,35.929531858666245]]],[[[-121.47430902460198,35.894614039148344],[-121.47397624975602,35.89460981593064],[-121.47364394895702,35.89460981593064],[-121.47364394895702,35.89460559179395],[-121.47331164822602,35.89460559179395],[-121.47331164822602,35.89460136673824],[-121.47297934756502,35.89460136673824],[-121.47297934756502,35.894597140763544],[-121.47264704697302,35.894597140763544],[-121.47264704697302,35.89459291386994],[-121.47231474645002,35.89459291386994],[-121.47231474645002,35.89458868605725],[-121.47198244599602,35.89458868605725],[-121.47198244599602,35.89458445732564],[-121.47165014561102,35.89458445732564],[-121.47165014561102,35.89458022767504],[-121.47131784529603,35.89458022767504],[-121.47131784529603,35.89457599710555],[-121.47098554505003,35.89457599710555],[-121.47098554505003,35.894571765616945],[-121.47065324487302,35.894571765616945],[-121.47065324487302,35.89456753320935],[-121.47032094476602,35.89456753320935],[-121.47032094476602,35.89456329988285],[-121.46998864472702,35.89456329988285],[-121.46998864472702,35.89429380653036],[-121.47032141957298,35.89429380653036],[-121.47032141957298,35.89429803985686],[-121.47198292045698,35.89431919270476],[-121.47397672380298,35.89434454579585],[-121.47430902460198,35.89434454579585],[-121.47430902460198,35.894614039148344]]],[[[-121.47430383487098,35.89461915503256],[-121.47496843893597,35.89462337645396],[-121.47496843893597,35.89489286980645],[-121.47463566409002,35.89489286980645],[-121.47463566409002,35.89488864838505],[-121.47430336202302,35.89488864838505],[-121.47430336202302,35.89488442604465],[-121.47397106002502,35.89488442604465],[-121.47397106002502,35.894880202785245],[-121.47363875809602,35.894880202785245],[-121.47363875809602,35.89487597860685],[-121.47330645623602,35.89487597860685],[-121.47330645623602,35.89487175350945],[-121.47297415444602,35.89487175350945],[-121.47297415444602,35.89486752749305],[-121.47264185272502,35.89486752749305],[-121.47264185272502,35.894863300557645],[-121.47230955107202,35.894863300557645],[-121.47230955107202,35.89485907270325],[-121.47197724948902,35.89485907270325],[-121.47197724948902,35.89485484392984],[-121.47164494797602,35.89485484392984],[-121.47164494797602,35.89485061423745],[-121.47131264653102,35.89485061423745],[-121.47131264653102,35.894846383626145],[-121.47098034515602,35.894846383626145],[-121.47098034515602,35.89484215209575],[-121.47064804385002,35.89484215209575],[-121.47064804385002,35.89483791964645],[-121.47031574261302,35.89483791964645],[-121.47031574261302,35.89456842629396],[-121.47064851745898,35.89456842629396],[-121.47064851745898,35.89457265874326],[-121.47231002433497,35.894593807205155],[-121.47430383487098,35.89461915503256]]],[[[-121.47463094819798,35.89489376342085],[-121.47529555465898,35.89489798396495],[-121.47529555465898,35.89516747731744],[-121.47496277981303,35.89516747731744],[-121.47496277981303,35.895163256773344],[-121.47463047654801,35.895163256773344],[-121.47463047654801,35.89515903531024],[-121.47429817335203,35.89515903531024],[-121.47429817335203,35.89515481292815],[-121.47396587022402,35.89515481292815],[-121.47396587022402,35.89515058962704],[-121.47363356716602,35.89515058962704],[-121.47363356716602,35.895146365406845],[-121.47330126417802,35.895146365406845],[-121.47330126417802,35.895142140267744],[-121.47296896125802,35.895142140267744],[-121.47296896125802,35.89513791420965],[-121.47263665840703,35.89513791420965],[-121.47263665840703,35.895133687232445],[-121.47230435562602,35.895133687232445],[-121.47230435562602,35.895129459336346],[-121.47197205291403,35.895129459336346],[-121.47197205291403,35.895125230521145],[-121.47163975027102,35.895125230521145],[-121.47163975027102,35.89512100078704],[-121.47130744769701,35.89512100078704],[-121.47130744769701,35.895116770133846],[-121.47097514519302,35.895116770133846],[-121.47097514519302,35.894847276781356],[-121.47130792003898,35.894847276781356],[-121.47130792003898,35.89485150743455],[-121.47296943325298,35.89487264691525],[-121.47463094819798,35.89489376342085]]],[[[-121.47495806378198,35.895168370960654],[-121.47529036817699,35.895168370960654],[-121.47529036817699,35.895437864313145],[-121.47495759333103,35.895437864313145],[-121.47495759333103,35.895433643727344],[-121.47462528893602,35.895433643727344],[-121.47462528893602,35.89542942222255],[-121.47429298461103,35.89542942222255],[-121.47429298461103,35.895425199798744],[-121.47396068035502,35.895425199798744],[-121.47396068035502,35.895420976455945],[-121.47362837616703,35.895420976455945],[-121.47362837616703,35.895416752194045],[-121.47329607204902,35.895416752194045],[-121.47329607204902,35.89541252701324],[-121.47296376800102,35.89541252701324],[-121.47296376800102,35.895408300913346],[-121.47263146402102,35.895408300913346],[-121.47263146402102,35.89540407389445],[-121.47229916011003,35.89540407389445],[-121.47229916011003,35.89539984595655],[-121.47196685626902,35.89539984595655],[-121.47196685626902,35.895395617099645],[-121.47163455249702,35.895395617099645],[-121.47163455249702,35.895126123747154],[-121.47495806378198,35.895168370960654]]],[[[-121.47428826526198,35.89543031576955],[-121.47462057064698,35.895434537316056],[-121.47495287610198,35.89543875794355],[-121.47528518162598,35.89543875794355],[-121.47528518162598,35.89570825129604],[-121.47495240678002,35.89570825129604],[-121.47462010125602,35.89569980912204],[-121.47428779580102,35.89569980912204],[-121.47428779580102,35.895695586656544],[-121.47395549041602,35.895695586656544],[-121.47395549041602,35.89569136327204],[-121.47362318509902,35.89569136327204],[-121.47362318509902,35.89568713896845],[-121.47329087985202,35.89568713896845],[-121.47329087985202,35.895682913745844],[-121.47295857467402,35.895682913745844],[-121.47295857467402,35.895678687604246],[-121.47262626956503,35.895678687604246],[-121.47262626956503,35.895674460543646],[-121.47229396452602,35.895674460543646],[-121.47229396452602,35.895670232563944],[-121.47196165955502,35.895670232563944],[-121.47196165955502,35.89566600366535],[-121.47162935465403,35.89566600366535],[-121.47162935465403,35.89566177384764],[-121.47129704982203,35.89566177384764],[-121.47129704982203,35.89539228049515],[-121.47162982466799,35.89539228049515],[-121.47162982466799,35.89539651031286],[-121.47295904441098,35.89541342039335],[-121.47428826526198,35.89543031576955]]],[[[-121.47461538176798,35.89597019600875],[-121.47428260692202,35.89596597350145],[-121.47395030040802,35.89596597350145],[-121.47395030040802,35.895961750075244],[-121.47361799396202,35.895961750075244],[-121.47361799396202,35.89595752572995],[-121.47328568758603,35.89595752572995],[-121.47328568758603,35.89595330046564],[-121.47295338127802,35.89595330046564],[-121.47295338127802,35.89594907428234],[-121.47262107504002,35.89594907428234],[-121.47262107504002,35.89594484717995],[-121.47228876887102,35.89594484717995],[-121.47228876887102,35.895940619158544],[-121.47195646277203,35.895940619158544],[-121.47195646277203,35.89593639021815],[-121.47162415674102,35.89593639021815],[-121.47162415674102,35.89593216035865],[-121.47129185078002,35.89593216035865],[-121.47129185078002,35.89566266700616],[-121.47162462562598,35.89566266700616],[-121.47162462562598,35.895666896865656],[-121.47295384988598,35.89568380711315],[-121.47428307525398,35.89570070265626],[-121.47461538176798,35.89570070265626],[-121.47461538176798,35.89597019600875]]],[[[-121.47461019281998,35.89624058288245],[-121.47427741797402,35.896236360333546],[-121.47394511033102,35.896236360333546],[-121.47394511033102,35.89623213686554],[-121.47361280275602,35.89623213686554],[-121.47361280275602,35.89622791247864],[-121.47328049525002,35.89622791247864],[-121.47328049525002,35.896223687172544],[-121.47294818781403,35.896223687172544],[-121.47294818781403,35.89621946094755],[-121.47261588044601,35.89621946094755],[-121.47261588044601,35.896215233803346],[-121.47228357314802,35.896215233803346],[-121.47228357314802,35.89621100574025],[-121.47195126591902,35.89621100574025],[-121.47195126591902,35.89620677675804],[-121.47161895876002,35.89620677675804],[-121.47161895876002,35.89620254685674],[-121.47128665166902,35.89620254685674],[-121.47128665166902,35.896198316036546],[-121.47095434464802,35.896198316036546],[-121.47095434464802,35.89619408429714],[-121.47062203769602,35.89619408429714],[-121.47062203769602,35.896189851638844],[-121.47028973081402,35.896189851638844],[-121.47028973081402,35.896185618061445],[-121.46995742400001,35.896185618061445],[-121.46995742400001,35.89618138356504],[-121.46962511725602,35.89618138356504],[-121.46962511725602,35.89617714814955],[-121.46929281058202,35.89617714814955],[-121.46929281058202,35.89617291181504],[-121.46896050397602,35.89617291181504],[-121.46896050397602,35.896168674561544],[-121.46862819744003,35.896168674561544],[-121.46862819744003,35.89589918120905],[-121.46896097228598,35.89589918120905],[-121.46896097228598,35.89590341846255],[-121.47161942651498,35.89593728340555],[-121.47427788517697,35.89597108952996],[-121.47461019281998,35.89597108952996],[-121.47461019281998,35.89624058288245]]],[[[-121.47460500380298,35.896510969743446],[-121.47360761148002,35.89649829921444],[-121.47327530284502,35.89649829921444],[-121.47327530284502,35.89649407386665],[-121.47294299428002,35.89649407386665],[-121.47294299428002,35.896489847599845],[-121.47261068578302,35.896489847599845],[-121.47261068578302,35.89648562041395],[-121.47227837735602,35.89648562041395],[-121.47227837735602,35.89648139230905],[-121.47194606899802,35.89648139230905],[-121.47194606899802,35.89647716328515],[-121.47161376070902,35.89647716328515],[-121.47161376070902,35.896472933342146],[-121.47128145248902,35.896472933342146],[-121.47128145248902,35.89646870248004],[-121.47094914433902,35.89646870248004],[-121.47094914433902,35.896464470698945],[-121.47061683625802,35.896464470698945],[-121.47061683625802,35.896460237998745],[-121.47028452824603,35.896460237998745],[-121.47028452824603,35.896456004379544],[-121.46995222030301,35.896456004379544],[-121.46995222030301,35.89645176984135],[-121.46961991243002,35.89645176984135],[-121.46961991243002,35.896447534384045],[-121.46928760462602,35.896447534384045],[-121.46928760462602,35.896443298007746],[-121.46895529689202,35.896443298007746],[-121.46895529689202,35.896173804655255],[-121.46928807173798,35.896173804655255],[-121.46928807173798,35.896178041031554],[-121.47161422733498,35.89620766993266],[-121.47427269502998,35.896241476390955],[-121.47460500380298,35.896241476390955],[-121.47460500380298,35.896510969743446]]],[[[-121.47359203723902,35.897313683898645],[-121.47359203723902,35.897044190546154],[-121.47392481208497,35.897044190546154],[-121.47392481208497,35.897313683898645],[-121.47359203723902,35.897313683898645]]],[[[-121.47390358722402,35.89812996117516],[-121.47456867874799,35.89813418405765],[-121.47456867874799,35.898403677410144],[-121.47423590390203,35.898403677410144],[-121.47423590390203,35.89839945452765],[-121.47390358722402,35.89839945452765],[-121.47390358722402,35.89812996117516]]],[[[-121.47456348917798,35.89867406416825],[-121.47389839652502,35.89866984124404],[-121.47356607878602,35.898661392638246],[-121.47323376111702,35.898661392638246],[-121.47323376111702,35.898657166956646],[-121.47290144351702,35.898657166956646],[-121.47290144351702,35.898652940355944],[-121.47256912598603,35.898652940355944],[-121.47256912598603,35.898383447003454],[-121.47290190083199,35.898383447003454],[-121.47356653596297,35.898396124048254],[-121.47423117137097,35.89840457081576],[-121.47456348917798,35.89840457081576],[-121.47456348917798,35.89867406416825]]],[[[-121.47370151287998,35.90894030151725],[-121.47336873803403,35.90894030151725],[-121.47336873803403,35.908936075169144],[-121.47303637743802,35.908936075169144],[-121.47303637743802,35.90893184790165],[-121.47270401691102,35.90893184790165],[-121.47270401691102,35.908927619714646],[-121.47237165645302,35.908927619714646],[-121.47237165645302,35.908658126362155],[-121.47270443129898,35.908658126362155],[-121.47270443129898,35.90866235454916],[-121.47303679175698,35.908666581816654],[-121.47370151287998,35.90867080816476],[-121.47370151287998,35.90894030151725]]],[[[-121.47469818111001,35.90868770436236],[-121.47536331689798,35.90869192611306],[-121.47536331689798,35.90896141946555],[-121.47503054205202,35.90896141946555],[-121.47503054205202,35.90895719771485],[-121.47469818111001,35.90895719771485],[-121.47469818111001,35.90868770436236]]],[[[-121.47336354350702,35.90920646130095],[-121.47303118178102,35.90920646130095],[-121.47303118178102,35.90920223399174],[-121.47269882012402,35.90920223399174],[-121.47269882012402,35.909198005762946],[-121.47236645853602,35.909198005762946],[-121.47236645853602,35.908928512410455],[-121.47269923338197,35.908928512410455],[-121.47269923338197,35.90893274063925],[-121.47303159496998,35.908936967948456],[-121.47369631835298,35.90894541980865],[-121.47402868014798,35.90894541980865],[-121.47402868014798,35.909214913161144],[-121.47336354350702,35.90920646130095]]],[[[-121.47335834891102,35.909476847419945],[-121.47302598605502,35.90947262006885],[-121.47269362326801,35.90947262006885],[-121.47269362326801,35.909203126716356],[-121.47302639811397,35.909203126716356],[-121.47302639811397,35.909207354067455],[-121.47335876090098,35.909211580498955],[-121.47402348668199,35.909215806010955],[-121.47402348668199,35.909485299363446],[-121.47369071183603,35.909485299363446],[-121.47369071183603,35.909481073851445],[-121.47335834891102,35.909481073851445],[-121.47335834891102,35.909476847419945]]],[[[-121.47368551830102,35.90975145999924],[-121.47335315424603,35.90974723352595],[-121.47302079026002,35.90974723352595],[-121.47302079026002,35.90974300613325],[-121.47268842634303,35.90974300613325],[-121.47268842634303,35.90973877782095],[-121.47235606249502,35.90973877782095],[-121.47235606249502,35.90973454858924],[-121.47202369871702,35.90973454858924],[-121.47202369871702,35.909730318437944],[-121.47169133500802,35.909730318437944],[-121.47169133500802,35.90972608736725],[-121.47135897136802,35.90972608736725],[-121.47135897136802,35.90972185537704],[-121.47102660779802,35.90972185537704],[-121.47102660779802,35.90971762246735],[-121.47069424429702,35.90971762246735],[-121.47069424429702,35.90944812911486],[-121.47102701914298,35.90944812911486],[-121.47102701914298,35.90945236202455],[-121.47235647356298,35.90946928446846],[-121.47368592909199,35.909486192200454],[-121.47401829314698,35.909486192200454],[-121.47401829314698,35.909755685552945],[-121.47368551830102,35.909755685552945],[-121.47368551830102,35.90975145999924]]],[[[-121.47368073435698,35.91002184613424],[-121.47301559439502,35.91001761961915],[-121.47301559439502,35.909748126266656],[-121.47334836924098,35.909748126266656],[-121.47334836924098,35.90975235278175],[-121.47368073435698,35.90975235278175],[-121.47368073435698,35.91002184613424]]],[[[-121.47334276470703,35.910292232256246],[-121.47334276470703,35.910022738903756],[-121.47400790586897,35.910026964540954],[-121.47400790586897,35.910296457893445],[-121.47367513102301,35.910296457893445],[-121.47367513102301,35.910292232256246],[-121.47334276470703,35.910292232256246]]],[[[-121.47400230479403,35.910566844044446],[-121.47333756983502,35.910562618365546],[-121.47333756983502,35.910293125013055],[-121.47367034468098,35.910293125013055],[-121.47367034468098,35.910297350691955],[-121.47433507963999,35.910301575451356],[-121.47433507963999,35.91057106880385],[-121.47400230479403,35.91057106880385],[-121.47400230479403,35.910566844044446]]],[[[-121.47366474346802,35.91056773683005],[-121.47399751831398,35.910571961631156],[-121.47432988695797,35.910571961631156],[-121.47432988695797,35.91084145498365],[-121.47399711211202,35.91084145498365],[-121.47399711211202,35.910837230182544],[-121.47366474346802,35.910837230182544],[-121.47366474346802,35.91056773683005]]],[[[-121.47532699330698,35.910854123869846],[-121.47499421846102,35.910854123869846],[-121.47499421846102,35.910584630517356],[-121.47532699330698,35.910584630517356],[-121.47532699330698,35.910854123869846]]],[[[-121.47365954958703,35.911107616307845],[-121.47365954958703,35.910838122955354],[-121.47399232443298,35.910838122955354],[-121.47399232443298,35.911107616307845],[-121.47365954958703,35.911107616307845]]],[[[-121.47432428920501,35.91111606507395],[-121.47432428920501,35.91084657172146],[-121.47465706405097,35.91084657172146],[-121.47465706405097,35.91111606507395],[-121.47432428920501,35.91111606507395]]],[[[-121.47431909751502,35.91138222730485],[-121.47398672654101,35.91138222730485],[-121.47398672654101,35.91137800242024],[-121.47365435563601,35.91137800242024],[-121.47365435563601,35.91110850906775],[-121.47398713048197,35.91110850906775],[-121.47398713048197,35.91111273395236],[-121.47431950138697,35.91111695791736],[-121.47465187236098,35.91111695791736],[-121.47465187236098,35.91138645126985],[-121.47431909751502,35.91138222730485]]],[[[-121.47431390575503,35.911652613446044],[-121.47364916161702,35.911648388519744],[-121.47364916161702,35.91137889516725],[-121.47398193646298,35.91137889516725],[-121.47398193646298,35.911383120093554],[-121.47464668060098,35.911387344100255],[-121.47464668060098,35.911656837452746],[-121.47431390575503,35.911656837452746],[-121.47431390575503,35.911652613446044]]],[[[-121.47497386207598,35.911931446751744],[-121.47464108723003,35.911927223622946],[-121.47430871392702,35.911927223622946],[-121.47430871392702,35.91192299957454],[-121.47397634069301,35.91192299957454],[-121.47397634069301,35.91165350622205],[-121.47430911553897,35.91165350622205],[-121.47430911553897,35.911657730270456],[-121.47497386207598,35.91166195339925],[-121.47497386207598,35.911931446751744]]],[[[-121.47330120378702,35.91245532077035],[-121.47330120378702,35.91218582741786],[-121.47363397863298,35.91218582741786],[-121.47363397863298,35.91245532077035],[-121.47330120378702,35.91245532077035]]],[[[-121.47385206348298,35.918408036831444],[-121.47351928863702,35.918408036831444],[-121.47351928863702,35.91813854347895],[-121.47385206348298,35.91813854347895],[-121.47385206348298,35.918408036831444]]],[[[-121.47517647376797,35.918695321121945],[-121.47484369892202,35.918691097870344],[-121.47451129729203,35.918691097870344],[-121.47451129729203,35.918686873698945],[-121.47417889573202,35.918686873698945],[-121.47417889573202,35.91868264860785],[-121.47384649424102,35.91868264860785],[-121.47384649424102,35.91841315525536],[-121.47517647376797,35.918425827769454],[-121.47517647376797,35.918695321121945]]],[[[-121.47450610479602,35.91896148374804],[-121.47450610479602,35.91869199039555],[-121.47483887964198,35.91869199039555],[-121.47483887964198,35.918696213688854],[-121.47517128240197,35.918696213688854],[-121.47517128240197,35.918965707041345],[-121.47450610479602,35.91896148374804]]],[[[-121.47516052970602,35.91951070129834],[-121.47516052970602,35.91924120794585],[-121.47549330455197,35.91924120794585],[-121.47549330455197,35.91951070129834],[-121.47516052970602,35.91951070129834]]],[[[-121.47399221420898,35.928416529102144],[-121.47365943936302,35.928416529102144],[-121.47365943936302,35.92814703574965],[-121.47399221420898,35.92814703574965],[-121.47399221420898,35.928416529102144]]],[[[-121.47365424211301,35.92868691443365],[-121.47365424211301,35.92841742108116],[-121.47398701695897,35.92841742108116],[-121.47398701695897,35.92868691443365],[-121.47365424211301,35.92868691443365]]],[[[-121.47364417672998,35.929223457419546],[-121.47331140188402,35.929223457419546],[-121.47331140188402,35.928953964067055],[-121.47364417672998,35.928953964067055],[-121.47364417672998,35.929223457419546]]],[[[-121.47363864994902,35.929228576998455],[-121.47397142479498,35.92923280375835],[-121.47430387151798,35.92923280375835],[-121.47430387151798,35.929502297110844],[-121.47363864994902,35.929498070350945],[-121.47363864994902,35.929228576998455]]],[[[-121.47167613275002,35.893228294670244],[-121.47134383808002,35.893228294670244],[-121.47134383808002,35.892958801317754],[-121.47234120233497,35.89296725928225],[-121.47234120233497,35.89323675263474],[-121.47167613275002,35.893228294670244]]],[[[-121.47300531212203,35.893249432689544],[-121.47300531212203,35.89297993933705],[-121.47333808696798,35.89297993933705],[-121.47333808696798,35.893249432689544],[-121.47300531212203,35.893249432689544]]],[[[-121.47133863966202,35.89349868129685],[-121.47133863966202,35.89322918794436],[-121.47233600617498,35.89323764599246],[-121.47233600617498,35.89350713934495],[-121.47200323132903,35.89350713934495],[-121.47200323132903,35.89350291078035],[-121.47167093546102,35.89350291078035],[-121.47167093546102,35.89349868129685],[-121.47133863966202,35.89349868129685]]],[[[-121.47199283880101,35.894043684078746],[-121.47166054067502,35.894043684078746],[-121.47166054067502,35.89403945451164],[-121.47132824261702,35.89403945451164],[-121.47132824261702,35.89403522402564],[-121.47099594463002,35.89403522402564],[-121.47099594463002,35.89403099262064],[-121.47066364671102,35.89403099262064],[-121.47066364671102,35.89402676029665],[-121.47033134886202,35.89402676029665],[-121.47033134886202,35.89375726694416],[-121.47066412370798,35.89375726694416],[-121.47066412370798,35.89376149926815],[-121.47132871947598,35.89376996115915],[-121.47232561364697,35.89378264710346],[-121.47265791184198,35.89378264710346],[-121.47265791184198,35.89405214045595],[-121.47199283880101,35.894043684078746]]],[[[-121.47331731546097,35.89406148660166],[-121.47331731546097,35.89433097995415],[-121.47298454061502,35.89433097995415],[-121.47032614684802,35.894292913474644],[-121.46999384793902,35.894292913474644],[-121.46999384793902,35.89402342012215],[-121.47032662278498,35.89402342012215],[-121.47032662278498,35.89402765340695],[-121.47165581883698,35.894044577356155],[-121.47331731546097,35.89406148660166]]],[[[-121.47360288521698,35.896499192584855],[-121.47360288521698,35.896768685937346],[-121.47327011037102,35.896768685937346],[-121.47327011037102,35.89676446054794],[-121.47293780067602,35.89676446054794],[-121.47293780067602,35.896760234239345],[-121.47260549105103,35.896760234239345],[-121.47260549105103,35.896756007011746],[-121.47227318149402,35.896756007011746],[-121.47227318149402,35.896751778865045],[-121.47194087200702,35.896751778865045],[-121.47194087200702,35.89674754979934],[-121.47160856258802,35.89674754979934],[-121.47160856258802,35.89674331981455],[-121.47127625324002,35.89674331981455],[-121.47127625324002,35.89673908891064],[-121.47094394396002,35.89673908891064],[-121.47094394396002,35.89673485708784],[-121.47061163475001,35.89673485708784],[-121.47061163475001,35.89673062434584],[-121.47027932560903,35.89673062434584],[-121.47027932560903,35.89672639068485],[-121.46994701653702,35.89672639068485],[-121.46994701653702,35.896722156104744],[-121.46961470753402,35.896722156104744],[-121.46961470753402,35.896717920605646],[-121.46928239860102,35.896717920605646],[-121.46928239860102,35.896448427253155],[-121.46961517344698,35.896448427253155],[-121.46961517344698,35.89645266275225],[-121.47127671880598,35.896473826462056],[-121.47327057552198,35.896499192584855],[-121.47360288521698,35.896499192584855]]],[[[-121.47326538184998,35.896769579294954],[-121.47359769267398,35.896769579294954],[-121.47359769267398,35.897039072647445],[-121.47326491782802,35.897039072647445],[-121.47326491782802,35.89703484721625],[-121.47293260700403,35.89703484721625],[-121.47293260700403,35.89703062086595],[-121.47260029624903,35.89703062086595],[-121.47260029624903,35.89702639359655],[-121.47226798556302,35.89702639359655],[-121.47226798556302,35.897022165408146],[-121.47193567494602,35.897022165408146],[-121.47193567494602,35.89701793630075],[-121.47160336439902,35.89701793630075],[-121.47160336439902,35.897013706274144],[-121.47127105392101,35.897013706274144],[-121.47127105392101,35.897009475328545],[-121.47093874351202,35.897009475328545],[-121.47093874351202,35.897005243463845],[-121.47060643317202,35.897005243463845],[-121.47060643317202,35.89700101068004],[-121.47027412290203,35.89700101068004],[-121.47027412290203,35.89699677697725],[-121.46994181270102,35.89699677697725],[-121.46994181270102,35.89699254235534],[-121.46960950256901,35.89699254235534],[-121.46960950256901,35.89698830681444],[-121.46927719250702,35.89698830681444],[-121.46927719250702,35.89671881346195],[-121.47326538184998,35.896769579294954]]],[[[-121.47326018810799,35.89703574051926],[-121.47326018810799,35.89730523387175],[-121.47292741326203,35.89730523387175],[-121.47292741326203,35.89730100747975],[-121.47259510137802,35.89730100747975],[-121.47259510137802,35.897296780168645],[-121.47226278956302,35.897296780168645],[-121.47226278956302,35.89729255193844],[-121.47193047781703,35.89729255193844],[-121.47193047781703,35.897288322789244],[-121.47159816614003,35.897288322789244],[-121.47159816614003,35.897284092720845],[-121.47126585453302,35.897284092720845],[-121.47126585453302,35.897279861733445],[-121.47093354299503,35.897279861733445],[-121.47093354299503,35.89727562982704],[-121.47060123152602,35.89727562982704],[-121.47060123152602,35.89727139700145],[-121.47026892012602,35.89727139700145],[-121.47026892012602,35.89726716325684],[-121.46993660879602,35.89726716325684],[-121.46993660879602,35.89726292859314],[-121.46960429753501,35.89726292859314],[-121.46960429753501,35.89699343524065],[-121.46993707238097,35.89699343524065],[-121.46993707238097,35.89699766990435],[-121.47126631784099,35.897014599368354],[-121.47292787622398,35.89703574051926],[-121.47326018810799,35.89703574051926]]],[[[-121.47325499429797,35.897575620514445],[-121.47292221945202,35.897575620514445],[-121.47292221945202,35.89757139408064],[-121.47258990643802,35.89757139408064],[-121.47258990643802,35.897567166727846],[-121.47225759349402,35.897567166727846],[-121.47225759349402,35.89756293845595],[-121.47192528061802,35.89756293845595],[-121.47192528061802,35.89755870926484],[-121.47159296781201,35.89755870926484],[-121.47159296781201,35.89755447915474],[-121.47126065507602,35.89755447915474],[-121.47126065507602,35.89755024812555],[-121.47092834240802,35.89755024812555],[-121.47092834240802,35.897546016177344],[-121.47059602981003,35.897546016177344],[-121.47059602981003,35.89754178330995],[-121.47026371728101,35.89754178330995],[-121.47026371728101,35.89753754952355],[-121.46993140482202,35.89753754952355],[-121.46993140482202,35.89753331481805],[-121.46959909243103,35.89753331481805],[-121.46959909243103,35.89752907919345],[-121.46926678011002,35.89752907919345],[-121.46926678011002,35.897259585840956],[-121.46959955495598,35.897259585840956],[-121.46959955495598,35.89726382146556],[-121.47126111725397,35.89728498580225],[-121.47292268128398,35.897306127161954],[-121.47325499429797,35.897306127161954],[-121.47325499429797,35.897575620514445]]],[[[-121.47324980041797,35.897846007144246],[-121.47258471142902,35.89784178066875],[-121.47258471142902,35.897837553274144],[-121.47225239735502,35.897837553274144],[-121.47225239735502,35.897833324960544],[-121.47192008335001,35.897833324960544],[-121.47192008335001,35.897829095727644],[-121.47158776941502,35.897829095727644],[-121.47158776941502,35.89782486557584],[-121.47125545554903,35.89782486557584],[-121.47125545554903,35.897820634504846],[-121.47092314175202,35.897820634504846],[-121.47092314175202,35.89781640251474],[-121.47059082802502,35.89781640251474],[-121.47059082802502,35.89781216960564],[-121.47025851436702,35.89781216960564],[-121.47025851436702,35.89780793577744],[-121.46992620077802,35.89780793577744],[-121.46992620077802,35.89780370103004],[-121.46959388725801,35.89780370103004],[-121.46959388725801,35.89753420767755],[-121.46992666210397,35.89753420767755],[-121.46992666210397,35.89753844242495],[-121.47125591659798,35.89755537222335],[-121.47291748627498,35.897576513791755],[-121.47324980041797,35.897576513791755],[-121.47324980041797,35.897846007144246]]],[[[-121.47257997599299,35.898107939807645],[-121.47158257094902,35.89809948217764],[-121.47125025595302,35.89809102087125],[-121.47091794102703,35.89809102087125],[-121.47091794102703,35.89808678883944],[-121.47058562617002,35.89808678883944],[-121.47058562617002,35.89808255588844],[-121.47025331138302,35.89808255588844],[-121.47025331138302,35.89807832201844],[-121.46992099666502,35.89807832201844],[-121.46992099666502,35.89807408722925],[-121.46958868201602,35.89807408722925],[-121.46958868201602,35.89780459387676],[-121.46992145686198,35.89780459387676],[-121.46992145686198,35.89780882866595],[-121.47091840101598,35.89782152751876],[-121.47224766085898,35.897838446455154],[-121.47257997599299,35.897838446455154],[-121.47257997599299,35.898107939807645]]],[[[-121.47356134293598,35.89893177925835],[-121.47256393070002,35.89892332689264],[-121.47256393070002,35.89865383354015],[-121.47289670554598,35.89865383354015],[-121.47289670554598,35.898658060182555],[-121.47322902420598,35.89866228590586],[-121.47356134293598,35.89866228590586],[-121.47356134293598,35.89893177925835]]],[[[-121.47222687081899,35.89918525729065],[-121.47189409597303,35.89918102784895],[-121.47156177639002,35.89918102784895],[-121.47156177639002,35.898911534496456],[-121.47222687081899,35.898915763938156],[-121.47222687081899,35.89918525729065]]],[[[-121.47155657757803,35.899181920882256],[-121.47188935242399,35.899181920882256],[-121.47188935242399,35.89918615036566],[-121.47222167313498,35.89918615036566],[-121.47222167313498,35.89945564371815],[-121.47155657757803,35.89945141423475],[-121.47155657757803,35.899181920882256]]],[[[-121.47246044410699,35.90432682653074],[-121.47212766926103,35.904322597214744],[-121.47179532814901,35.904322597214744],[-121.47179532814901,35.904318366979545],[-121.47146298710602,35.904318366979545],[-121.47146298710602,35.90431413582495],[-121.47113064613202,35.90431413582495],[-121.47113064613202,35.904044642472456],[-121.47146342097798,35.904044642472456],[-121.47146342097798,35.904048873627055],[-121.47179576195198,35.90405310386225],[-121.47246044410699,35.90405733317825],[-121.47246044410699,35.90432682653074]]],[[[-121.47245524623798,35.904597212755746],[-121.47212247139203,35.90459298339805],[-121.47179012915002,35.90459298339805],[-121.47179012915002,35.90458875312105],[-121.47145778697703,35.90458875312105],[-121.47145778697703,35.90458452192475],[-121.47112544487302,35.90458452192475],[-121.47112544487302,35.904315028572256],[-121.47145821971898,35.904315028572256],[-121.47145821971898,35.904319259768556],[-121.47179056182298,35.904323490045556],[-121.47212290399598,35.904327719403256],[-121.47245524623798,35.904327719403256],[-121.47245524623798,35.904597212755746]]],[[[-121.47343668952398,35.90542105428654],[-121.47310391467802,35.90542105428654],[-121.47310391467802,35.90515156093405],[-121.47343668952398,35.90515156093405],[-121.47343668952398,35.90542105428654]]],[[[-121.47309871992103,35.90569144058534],[-121.47309871992103,35.90542194723285],[-121.47343149476698,35.90542194723285],[-121.47343149476698,35.90569144058534],[-121.47309871992103,35.90569144058534]]],[[[-121.47206529025902,35.90757146038275],[-121.47206529025902,35.90730196703026],[-121.47273041984398,35.90730619592795],[-121.47273041984398,35.90757568928044],[-121.47239764499803,35.90757568928044],[-121.47239764499803,35.90757146038275],[-121.47206529025902,35.90757146038275]]],[[[-121.47272480336503,35.907846075393046],[-121.47239244742703,35.90784184645354],[-121.47206009155802,35.90784184645354],[-121.47206009155802,35.90757235310105],[-121.47239286640398,35.90757235310105],[-121.47239286640398,35.907576582040555],[-121.47305757821098,35.90758081006045],[-121.47305757821098,35.90785030341294],[-121.47272480336503,35.90785030341294],[-121.47272480336503,35.907846075393046]]],[[[-121.47172253585902,35.90810377179074],[-121.47139017899902,35.90810377179074],[-121.47139017899902,35.90783427843825],[-121.47172295384497,35.90783427843825],[-121.47205531070497,35.90784273915895],[-121.47238766763498,35.907846968140156],[-121.47272002463399,35.907846968140156],[-121.47272002463399,35.90811646149265],[-121.47172253585902,35.90810377179074]]],[[[-121.47204969395003,35.908378388614146],[-121.47171733589101,35.90837415775225],[-121.47138497790102,35.90837415775225],[-121.47138497790102,35.908369925971044],[-121.47105261998001,35.908369925971044],[-121.47105261998001,35.90836569327025],[-121.47072026212803,35.90836569327025],[-121.47072026212803,35.908361459650145],[-121.47038790434603,35.908361459650145],[-121.47038790434603,35.90835722511044],[-121.47005554663302,35.90835722511044],[-121.47005554663302,35.90808773175795],[-121.47038832147898,35.90808773175795],[-121.47038832147898,35.908091966297654],[-121.47138539482597,35.90810466439976],[-121.47271482692499,35.90811735422705],[-121.47271482692499,35.90838684757954],[-121.47238205207903,35.90838684757954],[-121.47238205207903,35.908382618556544],[-121.47204969395003,35.908382618556544],[-121.47204969395003,35.908378388614146]]],[[[-121.47337434787097,35.908665689024545],[-121.47304157302501,35.908665689024545],[-121.47270921362802,35.90865723365354],[-121.47237685430002,35.90865723365354],[-121.47237685430002,35.90865300458884],[-121.47204449504203,35.90865300458884],[-121.47204449504203,35.90864877460464],[-121.47171213585302,35.90864877460464],[-121.47171213585302,35.908644543701044],[-121.47137977673302,35.908644543701044],[-121.47137977673302,35.908640311877946],[-121.47104741768202,35.908640311877946],[-121.47104741768202,35.908370818525455],[-121.47138019252797,35.908370818525455],[-121.47138019252797,35.90837505034855],[-121.47204491069898,35.90838351123635],[-121.47304198847398,35.908396195672054],[-121.47337434787097,35.908396195672054],[-121.47337434787097,35.908665689024545]]],[[[-121.47201849946302,35.910000704364144],[-121.47168613462402,35.909996473251645],[-121.47135376985402,35.909996473251645],[-121.47135376985402,35.90999224121965],[-121.47102140515302,35.90999224121965],[-121.47102140515302,35.909988008268144],[-121.47068904052202,35.909988008268144],[-121.47068904052202,35.90971851491565],[-121.47102181536798,35.90971851491565],[-121.47102181536798,35.90972274786716],[-121.47168654469998,35.90973121101165],[-121.47235127430898,35.90973967047815],[-121.47268363921698,35.90973967047815],[-121.47268363921698,35.910009163830644],[-121.47235086437102,35.910009163830644],[-121.47235086437102,35.91000493455714],[-121.47201849946302,35.91000493455714],[-121.47201849946302,35.910000704364144]]],[[[-121.47234607498498,35.91001005647505],[-121.47267844102298,35.91001005647505],[-121.47267844102298,35.91027954982754],[-121.47201330013903,35.91027532051235],[-121.47201330013903,35.91000582715986],[-121.47234607498498,35.91001005647505]]],[[[-121.47228848147702,35.91298430159225],[-121.47295363486099,35.91298853044726],[-121.47295363486099,35.91325802379975],[-121.47262086001503,35.91325802379975],[-121.47262086001503,35.913253794944744],[-121.47228848147702,35.913253794944744],[-121.47228848147702,35.91298430159225]]],[[[-121.47261605729798,35.91352418078735],[-121.47228328245203,35.91352418078735],[-121.47228328245203,35.91325468743486],[-121.47261605729798,35.91325468743486],[-121.47261605729798,35.91352418078735]]],[[[-121.47261046415701,35.91379879555564],[-121.47261046415701,35.91352930220315],[-121.47294323900297,35.91352930220315],[-121.47294323900297,35.91379879555564],[-121.47261046415701,35.91379879555564]]],[[[-121.47199851294798,35.89377329743594],[-121.47066884752603,35.89376060610324],[-121.47066884752603,35.89349111275075],[-121.47100162237199,35.89349111275075],[-121.47133391916198,35.893499574558156],[-121.47166621601998,35.89350380408345],[-121.47199851294798,35.89350380408345],[-121.47199851294798,35.89377329743594]]],[[[-121.47124551507898,35.89836140722485],[-121.46991579248203,35.898348708246544],[-121.46991579248203,35.898079214894054],[-121.47024856732799,35.898079214894054],[-121.47024856732799,35.898083448805956],[-121.47058088317598,35.89808768179866],[-121.47091319909298,35.898091913872356],[-121.47124551507898,35.898091913872356],[-121.47124551507898,35.89836140722485]]],[[[-121.47146818716502,35.90404798082515],[-121.47146818716502,35.90377848747266],[-121.47213330192398,35.903782717666154],[-121.47213330192398,35.904052211018644],[-121.47146818716502,35.90404798082515]]],[[[-121.47112024354502,35.904854908011544],[-121.47112024354502,35.90458541465905],[-121.47145301839097,35.90458541465905],[-121.47145301839097,35.904854908011544],[-121.47112024354502,35.904854908011544]]],[[[-121.47211770492697,35.904863369568446],[-121.47178493008101,35.904863369568446],[-121.47178493008101,35.904593876215955],[-121.47211770492697,35.904593876215955],[-121.47211770492697,35.904863369568446]]],[[[-121.47074107514602,35.907014656328855],[-121.47140620332398,35.90701888886235],[-121.47140620332398,35.907288382214844],[-121.47107342847802,35.907288382214844],[-121.47107342847802,35.907284149681345],[-121.47074107514602,35.907284149681345],[-121.47074107514602,35.907014656328855]]],[[[-121.47140058098903,35.907558768173246],[-121.47106822645802,35.907558768173246],[-121.47106822645802,35.907554535597846],[-121.47073587199603,35.907554535597846],[-121.47073587199603,35.90755030210305],[-121.47040351760302,35.90755030210305],[-121.47040351760302,35.907280808750556],[-121.47073629244898,35.907280808750556],[-121.47073629244898,35.907285042245356],[-121.47106864684199,35.907289274820755],[-121.47173335583498,35.907293506476655],[-121.47173335583498,35.907562999829146],[-121.47140058098903,35.907558768173246]]],[[[-121.47172815487498,35.907833385816446],[-121.47106302436802,35.907829154118645],[-121.47106302436802,35.907824921501444],[-121.47073066877601,35.907824921501444],[-121.47073066877601,35.90782068796494],[-121.47039831325402,35.90782068796494],[-121.47039831325402,35.90781645350894],[-121.47006595780002,35.90781645350894],[-121.47006595780002,35.907812218133444],[-121.46973360241702,35.907812218133444],[-121.46973360241702,35.90754272478095],[-121.47006637726298,35.90754272478095],[-121.47006637726298,35.90754696015645],[-121.47073108809998,35.90755542814895],[-121.47139579921398,35.907563892463955],[-121.47172815487498,35.907563892463955],[-121.47172815487498,35.907833385816446]]],[[[-121.47039310883503,35.90808683931615],[-121.46972839573802,35.90808260389885],[-121.46972839573802,35.90781311054636],[-121.47006117058397,35.90781311054636],[-121.47006117058397,35.90781734596366],[-121.47039352709798,35.90782158046145],[-121.47072588368098,35.90782581403985],[-121.47105824033298,35.90782581403985],[-121.47105824033298,35.908095307392344],[-121.47039310883503,35.90808683931615]]],[[[-121.47170693574502,35.90891492963684],[-121.47137457549601,35.90891492963684],[-121.47137457549601,35.908910697771944],[-121.47104221531502,35.908910697771944],[-121.47104221531502,35.908906464987645],[-121.47070985520402,35.908906464987645],[-121.47070985520402,35.90890223128385],[-121.47037749516203,35.90890223128385],[-121.47037749516203,35.90889799666054],[-121.47004513518903,35.90889799666054],[-121.47004513518903,35.908893761117845],[-121.46971277528603,35.908893761117845],[-121.46971277528603,35.90888952465564],[-121.46938041545202,35.90888952465564],[-121.46938041545202,35.908885287274046],[-121.46904805568703,35.908885287274046],[-121.46904805568703,35.908881048972944],[-121.46871569599202,35.908881048972944],[-121.46871569599202,35.90861155562045],[-121.46904847083798,35.90861155562045],[-121.46904847083798,35.908615793921555],[-121.47037791003498,35.908632737931356],[-121.47170735034197,35.90864966722975],[-121.47203971059098,35.90864966722975],[-121.47203971059098,35.90891916058224],[-121.47170693574502,35.90891492963684]]],[[[-121.47136937418902,35.909181083653145],[-121.47103701287801,35.909181083653145],[-121.47103701287801,35.909176850827045],[-121.47070465163702,35.909176850827045],[-121.47070465163702,35.908907357474554],[-121.47103742648298,35.908907357474554],[-121.47103742648298,35.908911590300654],[-121.47136978772397,35.908915822207355],[-121.47170214903498,35.908915822207355],[-121.47170214903498,35.909185315559846],[-121.47136937418902,35.909181083653145]]],[[[-121.47202931016898,35.90945993249895],[-121.47169653532302,35.90945993249895],[-121.47103181037302,35.90944723665365],[-121.47069944800202,35.90944723665365],[-121.47069944800202,35.90917774330116],[-121.47103222284798,35.90917774330116],[-121.47103222284798,35.90918197616905],[-121.47136458521898,35.909186208117454],[-121.47202931016898,35.90919043914646],[-121.47202931016898,35.90945993249895]]],[[[-121.47134856827002,35.91026262704935],[-121.47101620244003,35.91026262704935],[-121.47101620244003,35.910258394056044],[-121.47068383667902,35.910258394056044],[-121.47068383667902,35.910254160143246],[-121.47035147098703,35.910254160143246],[-121.47035147098703,35.91024992531094],[-121.47001910536402,35.91024992531094],[-121.47001910536402,35.91024568955905],[-121.46968673981102,35.91024568955905],[-121.46968673981102,35.910241452887746],[-121.46935437432703,35.910241452887746],[-121.46935437432703,35.909971959535255],[-121.46968714917298,35.909971959535255],[-121.46968714917298,35.90997619620656],[-121.47035188020998,35.909984666790756],[-121.47134897728598,35.90999736577076],[-121.47168134311597,35.90999736577076],[-121.47168134311597,35.91026685912325],[-121.47134856827002,35.91026262704935]]],[[[-121.47134377450298,35.910533012866345],[-121.46934916589402,35.910511838495545],[-121.46934916589402,35.910242345143054],[-121.46968194073997,35.910242345143054],[-121.46968194073997,35.910246581856256],[-121.47034667403697,35.91025505252406],[-121.47101140761198,35.910263519513855],[-121.47134377450298,35.910263519513855],[-121.47134377450298,35.910533012866345]]],[[[-121.47067342878302,35.910529672241054],[-121.47133857164998,35.910533905317955],[-121.47133857164998,35.910803398670446],[-121.47067342878302,35.910799165593545],[-121.47067342878302,35.910529672241054]]],[[[-121.47129134627602,35.913241102862045],[-121.47129134627602,35.912971609509555],[-121.47162412112198,35.912971609509555],[-121.47162412112198,35.913241102862045],[-121.47129134627602,35.913241102862045]]],[[[-121.46965114034802,35.894829451990745],[-121.46965114034802,35.894559958638254],[-121.46998391519398,35.894559958638254],[-121.46998391519398,35.894829451990745],[-121.46965114034802,35.894829451990745]]],[[[-121.46931363371002,35.89509136691605],[-121.46898133162202,35.89508712982985],[-121.46864902960301,35.89508712982985],[-121.46864902960301,35.894817636477356],[-121.46964640855597,35.89482610973065],[-121.46964640855597,35.89509560308314],[-121.46931363371002,35.89509560308314],[-121.46931363371002,35.89509136691605]]],[[[-121.46997350616498,35.89537022465905],[-121.46964073131902,35.89536598936905],[-121.46930842803202,35.89536598936905],[-121.46930842803202,35.895361753160046],[-121.46897612481501,35.895361753160046],[-121.46897612481501,35.89535751603204],[-121.46864382166602,35.89535751603204],[-121.46864382166602,35.89508802267955],[-121.46897659651198,35.89508802267955],[-121.46897659651198,35.895092259807555],[-121.46930889966097,35.895096496016556],[-121.46997350616498,35.895100731306556],[-121.46997350616498,35.89537022465905]]],[[[-121.47030060603298,35.89537535203416],[-121.47030060603298,35.89564484538665],[-121.46996783118702,35.89564484538665],[-121.46996783118702,35.89564061097384],[-121.46963552670103,35.89564061097384],[-121.46963552670103,35.89563637564205],[-121.46930322228502,35.89563637564205],[-121.46930322228502,35.895632139391246],[-121.46897091793802,35.895632139391246],[-121.46897091793802,35.895362646038755],[-121.46930369278398,35.895362646038755],[-121.46930369278398,35.89536688228956],[-121.46963599713098,35.89537111762135],[-121.47030060603298,35.89537535203416]]],[[[-121.46996309685898,35.89564573837796],[-121.47096001391198,35.89565420453015],[-121.47096001391198,35.895923697882644],[-121.47062723906602,35.895923697882644],[-121.46896571099202,35.895898288397944],[-121.46863340558502,35.895898288397944],[-121.46863340558502,35.895628795045454],[-121.46996309685898,35.89564573837796]]],[[[-121.46893493052298,35.89752060518705],[-121.46860215567702,35.89752060518705],[-121.46860215567702,35.89725111183456],[-121.46893493052298,35.89725111183456],[-121.46893493052298,35.89752060518705]]],[[[-121.46892972196198,35.897790991273546],[-121.46859694711603,35.897790991273546],[-121.46859694711603,35.897521497921055],[-121.46892972196198,35.897521497921055],[-121.46892972196198,35.897790991273546]]],[[[-121.46908972691702,35.90672220176894],[-121.46908972691702,35.90645270841645],[-121.46942250176298,35.90645270841645],[-121.46942250176298,35.90672220176894],[-121.46908972691702,35.90672220176894]]],[[[-121.46906410145998,35.90806989213045],[-121.46873132661402,35.90806989213045],[-121.46873132661402,35.90780039877796],[-121.46906410145998,35.90780039877796],[-121.46906410145998,35.90806989213045]]],[[[-121.46872611647602,35.908340277757446],[-121.46872611647602,35.908070784404956],[-121.46905889132198,35.908070784404956],[-121.46905889132198,35.908340277757446],[-121.46872611647602,35.908340277757446]]],[[[-121.46872090626903,35.908341170019156],[-121.46938603967997,35.90834540827836],[-121.46938603967997,35.90861490163085],[-121.46905326483402,35.90861490163085],[-121.46905326483402,35.90861066337165],[-121.46872090626903,35.90861066337165],[-121.46872090626903,35.908341170019156]]],[[[-121.47071547463499,35.908631845473344],[-121.46971798217201,35.908623375391045],[-121.46971798217201,35.908353882038554],[-121.47005075701797,35.908353882038554],[-121.47005075701797,35.90835811753946],[-121.47038311579198,35.908362352120854],[-121.47071547463499,35.908362352120854],[-121.47071547463499,35.908631845473344]]],[[[-121.46937562131698,35.90915567290435],[-121.46904284647103,35.90915567290435],[-121.46904284647103,35.90888617955186],[-121.46937562131698,35.90888617955186],[-121.46937562131698,35.90915567290435]]],[[[-121.46970756833002,35.90889465347936],[-121.47004034317598,35.908898889063856],[-121.47037270420898,35.908898889063856],[-121.47037270420898,35.90916838241635],[-121.47003992936303,35.90916838241635],[-121.47003992936303,35.90916414683185],[-121.46970756833002,35.90916414683185],[-121.46970756833002,35.90889465347936]]],[[[-121.47003472346702,35.90943453253295],[-121.46970236130402,35.90943453253295],[-121.46970236130402,35.90943029598704],[-121.46936999921002,35.90943029598704],[-121.46936999921002,35.90916080263455],[-121.46970277405597,35.90916080263455],[-121.46970277405597,35.90916503918046],[-121.47003513614997,35.90916927480676],[-121.47036749831298,35.90916927480676],[-121.47036749831298,35.90943876815925],[-121.47003472346702,35.90943453253295]]],[[[-121.46936479098503,35.909431188281054],[-121.46969756583098,35.909431188281054],[-121.46969756583098,35.909435424868654],[-121.47002992905497,35.909435424868654],[-121.47002992905497,35.909704918221145],[-121.46936479098503,35.909700681633545],[-121.46936479098503,35.909431188281054]]],[[[-121.46902721840702,35.909966829718044],[-121.46902721840702,35.909697336365554],[-121.46935999325298,35.909697336365554],[-121.46935999325298,35.909966829718044],[-121.46902721840702,35.909966829718044]]],[[[-121.47002472189098,35.909975303896545],[-121.46969194704502,35.909975303896545],[-121.46969194704502,35.909705810544054],[-121.47002472189098,35.909705810544054],[-121.47002472189098,35.909975303896545]]]]},"properties":{"id":"jadecove-kelp-extent","className":"Kelp Subsurface","years":"Landsat recent","areaKm2":1.331}},{"type":"Feature","geometry":{"type":"MultiPolygon","coordinates":[[[[-121.48407591832297,35.939904245364154],[-121.48407591832297,35.940173738716645],[-121.48374314347701,35.940173738716645],[-121.48374314347701,35.94016953794485],[-121.48341065055902,35.94016953794485],[-121.48341065055902,35.94016533625255],[-121.48307815771102,35.94016533625255],[-121.48307815771102,35.94016113363975],[-121.48274566493102,35.94016113363975],[-121.48274566493102,35.93989164028726],[-121.48407591832297,35.939904245364154]]],[[[-121.48440324729597,35.940178831325156],[-121.48440324729597,35.94044832467765],[-121.48307299030202,35.940435722237844],[-121.48307299030202,35.94016622888535],[-121.48340576514798,35.94016622888535],[-121.48340576514798,35.940170430619155],[-121.48373825912898,35.940174631432455],[-121.48440324729597,35.940178831325156]]],[[[-121.48239766299803,35.94069859442225],[-121.48306293394998,35.94070279808015],[-121.48306293394998,35.940972291432644],[-121.48273015910402,35.940972291432644],[-121.48273015910402,35.94096808777474],[-121.48239766299803,35.94096808777474],[-121.48239766299803,35.94069859442225]]],[[[-121.48302648052902,35.94286499249974],[-121.48269397643102,35.94286078855144],[-121.48236147240202,35.94286078855144],[-121.48236147240202,35.94259129519895],[-121.48335925537498,35.94259970217495],[-121.48335925537498,35.94286919552744],[-121.48302648052902,35.94286919552744],[-121.48302648052902,35.94286499249974]]],[[[-121.48401909794298,35.94287849140825],[-121.48401909794298,35.94314798476074],[-121.48368632309702,35.94314798476074],[-121.48368632309702,35.94314378353285],[-121.48335381773002,35.94314378353285],[-121.48335381773002,35.943139581384244],[-121.48302131243202,35.943139581384244],[-121.48302131243202,35.94313537831515],[-121.48268880720202,35.94313537831515],[-121.48268880720202,35.943131174325345],[-121.48235630204202,35.943131174325345],[-121.48235630204202,35.94312696941485],[-121.48202379695002,35.94312696941485],[-121.48202379695002,35.943122763583744],[-121.48169129192702,35.943122763583744],[-121.48169129192702,35.94311855683215],[-121.48135878697302,35.94311855683215],[-121.48135878697302,35.94311434915974],[-121.48102628208802,35.94311434915974],[-121.48102628208802,35.94284485580725],[-121.48135905693398,35.94284485580725],[-121.48135905693398,35.942849063479656],[-121.48235657179598,35.942861680972854],[-121.48368659257598,35.94287849140825],[-121.48401909794298,35.94287849140825]]],[[[-121.48368142554197,35.943148877335155],[-121.48467894524597,35.94315727711206],[-121.48467894524597,35.94342677046455],[-121.48434617040002,35.94342677046455],[-121.48434617040002,35.94342257103634],[-121.48401366376302,35.94342257103634],[-121.48401366376302,35.943418370687645],[-121.48368115719502,35.943418370687645],[-121.48368115719502,35.94341416941825],[-121.48334865069602,35.94341416941825],[-121.48334865069602,35.94340996722825],[-121.48301614426602,35.94340996722825],[-121.48301614426602,35.94340576411764],[-121.48268363790503,35.94340576411764],[-121.48268363790503,35.94340156008634],[-121.48235113161202,35.94340156008634],[-121.48235113161202,35.943397355134344],[-121.48201862538902,35.943397355134344],[-121.48201862538902,35.943393149261745],[-121.48168611923403,35.943393149261745],[-121.48168611923403,35.943388942468545],[-121.48135361314802,35.943388942468545],[-121.48135361314802,35.943119449116054],[-121.48168638799397,35.943119449116054],[-121.48168638799397,35.943123655909254],[-121.48268390645798,35.94313627076515],[-121.48368142554197,35.943148877335155]]],[[[-121.48334375087798,35.94341506193835],[-121.48367625843998,35.943419263249254],[-121.48400876607099,35.943423463639455],[-121.48434127376999,35.943427663108956],[-121.48467378153897,35.943427663108956],[-121.48467378153897,35.94369715646145],[-121.48434100669301,35.94369715646145],[-121.48434100669301,35.943692956991946],[-121.48400849892403,35.943692956991946],[-121.48400849892403,35.943688756601745],[-121.48367599122503,35.943688756601745],[-121.48367599122503,35.943684555290844],[-121.48334348359403,35.943684555290844],[-121.48334348359403,35.94368035305945],[-121.48301097603202,35.94368035305945],[-121.48301097603202,35.94367614990725],[-121.48267846853803,35.94367614990725],[-121.48267846853803,35.943671945834446],[-121.48234596111402,35.943671945834446],[-121.48234596111402,35.943667740840944],[-121.48201345375902,35.943667740840944],[-121.48201345375902,35.94366353492685],[-121.48168094647203,35.94366353492685],[-121.48168094647203,35.94339404157436],[-121.48201372131798,35.94339404157436],[-121.48201372131798,35.94339824748845],[-121.48267873595998,35.94340665655476],[-121.48334375087798,35.94341506193835]]],[[[-121.48567103845502,35.94371394513315],[-121.48567103845502,35.94344445178066],[-121.48633632141298,35.94344864664686],[-121.48633632141298,35.94371813999935],[-121.48600354656702,35.94371813999935],[-121.48600354656702,35.94371394513315],[-121.48567103845502,35.94371394513315]]],[[[-121.48367109126798,35.94368964915046],[-121.48400360003097,35.943693849582154],[-121.48500112673197,35.94370644535306],[-121.48599865405298,35.94371903283815],[-121.48633116329698,35.94371903283815],[-121.48633116329698,35.943988526190644],[-121.48599838845102,35.943988526190644],[-121.48599838845102,35.94398433128295],[-121.48566587920702,35.94398433128295],[-121.48566587920702,35.943980135454545],[-121.48533337003101,35.943980135454545],[-121.48533337003101,35.94397593870555],[-121.48500086092402,35.94397593870555],[-121.48500086092402,35.943971741035845],[-121.48466835188601,35.943971741035845],[-121.48466835188601,35.94396754244555],[-121.48433584291702,35.94396754244555],[-121.48433584291702,35.943963342934644],[-121.48400333401702,35.943963342934644],[-121.48400333401702,35.94395914250295],[-121.48367082518502,35.94395914250295],[-121.48367082518502,35.943954941150544],[-121.48333831642202,35.943954941150544],[-121.48333831642202,35.943950738877646],[-121.48300580772802,35.943950738877646],[-121.48300580772802,35.94394653568405],[-121.48267329910303,35.94394653568405],[-121.48267329910303,35.943942331569744],[-121.48234079054703,35.943942331569744],[-121.48234079054703,35.943938126534746],[-121.48200828205903,35.943938126534746],[-121.48200828205903,35.943668633182256],[-121.48234105690499,35.943668633182256],[-121.48234105690499,35.94367283821725],[-121.48300607394899,35.943681245525156],[-121.48367109126798,35.94368964915046]]],[[[-121.48366592402797,35.94396003503876],[-121.48399843392298,35.943964235511956],[-121.48466345391898,35.943972633696156],[-121.48566098442798,35.943985224067355],[-121.48599349473598,35.943985224067355],[-121.48599349473598,35.944254717419845],[-121.48566071989002,35.944254717419845],[-121.48566071989002,35.944250521550146],[-121.48532820958202,35.944250521550146],[-121.48532820958202,35.944246324759746],[-121.48499569934403,35.944246324759746],[-121.48499569934403,35.944242127048646],[-121.48466318917401,35.944242127048646],[-121.48466318917401,35.94423792841685],[-121.48433067907303,35.94423792841685],[-121.48433067907303,35.94423372886445],[-121.48399816904002,35.94423372886445],[-121.48399816904002,35.94422952839125],[-121.48366565907702,35.94422952839125],[-121.48366565907702,35.94422532699755],[-121.48333314918202,35.94422532699755],[-121.48333314918202,35.94422112468305],[-121.48300063935602,35.94422112468305],[-121.48300063935602,35.944216921447946],[-121.48266812959902,35.944216921447946],[-121.48266812959902,35.944212717292146],[-121.48233561991103,35.944212717292146],[-121.48233561991103,35.943943223939655],[-121.48266839475698,35.943943223939655],[-121.48266839475698,35.943947428095456],[-121.48300090444498,35.943951631330556],[-121.48366592402797,35.94396003503876]]],[[[-121.48399326774498,35.944234621428855],[-121.48432577884098,35.94423882102276],[-121.48465829000497,35.94423882102276],[-121.48465829000497,35.94450831437525],[-121.48432551515901,35.94450831437525],[-121.48399300399502,35.94449991426684],[-121.48366049289902,35.94449991426684],[-121.48366049289902,35.94449571283155],[-121.48332798187302,35.94449571283155],[-121.48332798187302,35.94449151047564],[-121.48299547091501,35.94449151047564],[-121.48299547091501,35.94448730719905],[-121.48266296002602,35.94448730719905],[-121.48266296002602,35.94421781384656],[-121.48299573487198,35.94421781384656],[-121.48299573487198,35.94422201712315],[-121.48332824576097,35.944226219479056],[-121.48399326774498,35.944234621428855]]],[[[-121.48532304906502,35.94452090763284],[-121.48532304906502,35.94425141428035],[-121.48565582391097,35.94425141428035],[-121.48565582391097,35.944255610191554],[-121.48598833534997,35.944255610191554],[-121.48598833534997,35.944525103544045],[-121.48532304906502,35.94452090763284]]],[[[-121.48398810149898,35.94450080677696],[-121.48398810149898,35.94477030012945],[-121.48365532665302,35.94477030012945],[-121.48365532665302,35.94450080677696],[-121.48398810149898,35.94450080677696]]],[[[-121.48364499395502,35.945306870256545],[-121.48331247953202,35.94530266777625],[-121.48297996517802,35.94530266777625],[-121.48297996517802,35.94529846437514],[-121.48264745089402,35.94529846437514],[-121.48264745089402,35.94502897102265],[-121.48397776880098,35.94504157846375],[-121.48397776880098,35.94531107181624],[-121.48364499395502,35.94531107181624],[-121.48364499395502,35.945306870256545]]],[[[-121.48397260234798,35.945316164968254],[-121.48463763366398,35.945320364727955],[-121.48463763366398,35.945589858080446],[-121.48430485881802,35.945589858080446],[-121.48430485881802,35.945585658320745],[-121.48397234312603,35.945585658320745],[-121.48397234312603,35.945581457640344],[-121.48363982750202,35.945581457640344],[-121.48363982750202,35.94557725603924],[-121.48330731194802,35.94557725603924],[-121.48330731194802,35.94557305351734],[-121.48297479646202,35.94557305351734],[-121.48297479646202,35.94556885007484],[-121.48264228104502,35.94556885007484],[-121.48264228104502,35.94529935672235],[-121.48397260234798,35.945316164968254]]],[[[-121.48563518115299,35.94560245183524],[-121.48530240630703,35.94560245183524],[-121.48530240630703,35.94533295848275],[-121.48563518115299,35.94533295848275],[-121.48563518115299,35.94560245183524]]],[[[-121.48429995258198,35.945856044173546],[-121.48396717773602,35.94585184345164],[-121.48363466098102,35.94585184345164],[-121.48363466098102,35.945847641809046],[-121.48330214429402,35.945847641809046],[-121.48330214429402,35.945578148456555],[-121.48363491913997,35.945578148456555],[-121.48363491913997,35.94558235009915],[-121.48396743582698,35.945586550821055],[-121.48429995258198,35.945586550821055],[-121.48429995258198,35.945856044173546]]],[[[-121.48529724544602,35.94560334450126],[-121.48596253739098,35.945607540619456],[-121.48596253739098,35.945877033971946],[-121.48529724544602,35.94587283785375],[-121.48529724544602,35.94560334450126]]],[[[-121.48396226923698,35.94585273589755],[-121.48396226923698,35.946122229250044],[-121.48362949439102,35.946122229250044],[-121.48362949439102,35.94585273589755],[-121.48396226923698,35.94585273589755]]],[[[-121.48126425559802,35.93067239121925],[-121.48093180283102,35.930668183616646],[-121.48059935013302,35.930668183616646],[-121.48059935013302,35.93066397509374],[-121.48026689750502,35.93066397509374],[-121.48026689750502,35.930659765650645],[-121.47993444494502,35.930659765650645],[-121.47993444494502,35.930655555287444],[-121.47960199245402,35.930655555287444],[-121.47960199245402,35.93065134400395],[-121.47926954003202,35.93065134400395],[-121.47926954003202,35.93064713180035],[-121.47893708767901,35.93064713180035],[-121.47893708767901,35.93064291867645],[-121.47860463539602,35.93064291867645],[-121.47860463539602,35.930638704632344],[-121.47827218318102,35.930638704632344],[-121.47827218318102,35.930634489668044],[-121.47793973103502,35.930634489668044],[-121.47793973103502,35.930364996315554],[-121.47827250588098,35.930364996315554],[-121.47827250588098,35.93036921127985],[-121.47993476729998,35.930390272298155],[-121.48159703044398,35.93041131031136],[-121.48192948327898,35.93041131031136],[-121.48192948327898,35.93068080366385],[-121.48159670843302,35.93068080366385],[-121.48159670843302,35.930676597901645],[-121.48126425559802,35.930676597901645],[-121.48126425559802,35.93067239121925]]],[[[-121.48192431262397,35.930951189891445],[-121.48159153777802,35.93094698408775],[-121.48125908381103,35.93094698408775],[-121.48125908381103,35.93094277736375],[-121.48092662991301,35.93094277736375],[-121.48092662991301,35.930938569719544],[-121.48059417608403,35.930938569719544],[-121.48059417608403,35.930934361155145],[-121.48026172232503,35.930934361155145],[-121.48026172232503,35.930930151670545],[-121.47992926863402,35.930930151670545],[-121.47992926863402,35.93092594126575],[-121.47959681501202,35.93092594126575],[-121.47959681501202,35.93092172994074],[-121.47926436145902,35.93092172994074],[-121.47926436145902,35.93091751769545],[-121.47893190797502,35.93091751769545],[-121.47893190797502,35.930913304529945],[-121.47859945456003,35.930913304529945],[-121.47859945456003,35.930909090444345],[-121.47826700121402,35.930909090444345],[-121.47826700121402,35.93090487543844],[-121.47793454793702,35.93090487543844],[-121.47793454793702,35.93063538208595],[-121.47826732278298,35.93063538208595],[-121.47826732278298,35.930639597091854],[-121.47992958985797,35.930660658318054],[-121.48159185865698,35.930681696538954],[-121.48192431262397,35.930681696538954],[-121.48192431262397,35.930951189891445]]],[[[-121.48191882222002,35.93122157610615],[-121.48158636705303,35.931217370260946],[-121.48125391195502,35.931217370260946],[-121.48125391195502,35.93121316349544],[-121.48092145692702,35.93121316349544],[-121.48092145692702,35.931208955809744],[-121.48058900196702,35.931208955809744],[-121.48058900196702,35.93120474720374],[-121.48025654707502,35.93120474720374],[-121.48025654707502,35.93120053767765],[-121.47992409225301,35.93120053767765],[-121.47992409225301,35.93119632723125],[-121.47959163750002,35.93119632723125],[-121.47959163750002,35.93119211586465],[-121.47925918281602,35.93119211586465],[-121.47925918281602,35.931187903577744],[-121.47892672820102,35.931187903577744],[-121.47892672820102,35.931183690370744],[-121.47859427365502,35.931183690370744],[-121.47859427365502,35.93117947624344],[-121.47826181917702,35.93117947624344],[-121.47826181917702,35.931175261195946],[-121.47792936476903,35.931175261195946],[-121.47792936476903,35.930905767843456],[-121.47826213961498,35.930905767843456],[-121.47826213961498,35.93090998289095],[-121.47992441234598,35.930931044325156],[-121.48191914189898,35.930956287678654],[-121.48225159706598,35.930956287678654],[-121.48225159706598,35.931225781031145],[-121.48191882222002,35.931225781031145],[-121.48191882222002,35.93122157610615]]],[[[-121.48224642740398,35.93123087796835],[-121.48257888377098,35.93123087796835],[-121.48257888377098,35.931500371320844],[-121.48224610892503,35.931500371320844],[-121.48224610892503,35.931496167274545],[-121.48191365255802,35.931496167274545],[-121.48191365255802,35.931491962308044],[-121.48158119626002,35.931491962308044],[-121.48158119626002,35.93148775642125],[-121.48124874003102,35.93148775642125],[-121.48124874003102,35.93121826306876],[-121.48224642740398,35.93123087796835]]],[[[-121.48190880024399,35.93149706015255],[-121.48224125767298,35.93150126424035],[-121.48257371517099,35.93150126424035],[-121.48257371517099,35.931770757592844],[-121.48224094032503,35.931770757592844],[-121.48224094032503,35.93176655350504],[-121.48190848282702,35.93176655350504],[-121.48190848282702,35.931762348497045],[-121.48157602539803,35.931762348497045],[-121.48157602539803,35.93175814256875],[-121.48124356803802,35.93175814256875],[-121.48124356803802,35.931753935720145],[-121.48091111074602,35.931753935720145],[-121.48091111074602,35.93174972795145],[-121.48057865352402,35.93174972795145],[-121.48057865352402,35.93174551926244],[-121.48024619637002,35.93174551926244],[-121.48024619637002,35.93174130965315],[-121.47991373928602,35.93174130965315],[-121.47991373928602,35.931737099123644],[-121.47958128227002,35.931737099123644],[-121.47958128227002,35.931732887673846],[-121.47924882532402,35.931732887673846],[-121.47924882532402,35.931728675303845],[-121.47891636844602,35.931728675303845],[-121.47891636844602,35.93172446201365],[-121.47858391163702,35.93172446201365],[-121.47858391163702,35.93172024780314],[-121.47825145489801,35.93172024780314],[-121.47825145489801,35.93171603267245],[-121.47791899822703,35.93171603267245],[-121.47791899822703,35.93144653931996],[-121.47825177307298,35.93144653931996],[-121.47825177307298,35.93145075445065],[-121.47991405711598,35.93147181630066],[-121.48190880024399,35.93149706015255]]],[[[-121.48157117082098,35.93202852870335],[-121.48123839597503,35.93202852870335],[-121.48123839597503,35.932024321813344],[-121.48090593755302,35.932024321813344],[-121.48090593755302,35.932020114002945],[-121.48057347919902,35.932020114002945],[-121.48057347919902,35.93201590527244],[-121.48024102091402,35.93201590527244],[-121.48024102091402,35.93201169562165],[-121.47990856269902,35.93201169562165],[-121.47990856269902,35.93200748505055],[-121.47957610455202,35.93200748505055],[-121.47957610455202,35.932003273559246],[-121.47924364647402,35.932003273559246],[-121.47924364647402,35.93199906114764],[-121.47891118846502,35.93199906114764],[-121.47891118846502,35.931994847815844],[-121.47857873052502,35.931994847815844],[-121.47857873052502,35.93172535446335],[-121.47891150537097,35.93172535446335],[-121.47891150537097,35.93172956779515],[-121.47990887939798,35.931742202269156],[-121.48123871239898,35.93175903535086],[-121.48157117082098,35.93175903535086],[-121.48157117082098,35.93202852870335]]],[[[-121.48223608787298,35.93203693972274],[-121.48190331302702,35.93203693972274],[-121.48190331302702,35.93176744637025],[-121.48223608787298,35.93176744637025],[-121.48223608787298,35.93203693972274]]],[[[-121.48223091800398,35.932307325927546],[-121.48189814315802,35.932303120836444],[-121.48156568346702,35.932303120836444],[-121.48156568346702,35.93229891482515],[-121.48123322384401,35.93229891482515],[-121.48123322384401,35.93229470789365],[-121.48090076429003,35.93229470789365],[-121.48090076429003,35.932290500041745],[-121.48056830480502,35.932290500041745],[-121.48056830480502,35.93228629126965],[-121.48023584539003,35.93228629126965],[-121.48023584539003,35.93228208157725],[-121.47990338604302,35.93228208157725],[-121.47990338604302,35.93227787096465],[-121.47957092676403,35.93227787096465],[-121.47957092676403,35.932273659431644],[-121.47923846755502,35.932273659431644],[-121.47923846755502,35.93200416607915],[-121.47957124240098,35.93200416607915],[-121.47957124240098,35.932008377612156],[-121.48056862023599,35.932021006689254],[-121.48189845831298,35.932037832575055],[-121.48223091800398,35.932037832575055],[-121.48223091800398,35.932307325927546]]],[[[-121.48222574806698,35.932308218767055],[-121.48222574806698,35.932577712119546],[-121.48189297322102,35.932577712119546],[-121.48189297322102,35.93257350698695],[-121.48156051239802,35.93257350698695],[-121.48156051239802,35.93256930093415],[-121.48122805164402,35.93256930093415],[-121.48122805164402,35.932565093961045],[-121.48089559095902,35.932565093961045],[-121.48089559095902,35.93256088606765],[-121.48056313034301,35.93256088606765],[-121.48056313034301,35.93255667725395],[-121.48023066979601,35.93255667725395],[-121.48023066979601,35.93255246752005],[-121.47989820931701,35.93255246752005],[-121.47989820931701,35.93254825686584],[-121.47956574890802,35.93254825686584],[-121.47956574890802,35.93227876351335],[-121.47989852375397,35.93227876351335],[-121.47989852375397,35.932282974167556],[-121.48089590518897,35.932295600608555],[-121.48189328724398,35.932308218767055],[-121.48222574806698,35.932308218767055]]],[[[-121.48188811610598,35.93284389312455],[-121.48122287937503,35.93283548001555],[-121.48089041755902,35.93283548001555],[-121.48089041755902,35.93283127208065],[-121.48055795581102,35.93283127208065],[-121.48055795581102,35.932827063225446],[-121.48022549413302,35.932827063225446],[-121.48022549413302,35.932557569872955],[-121.48055826897898,35.932557569872955],[-121.48055826897898,35.93256177872816],[-121.48089073065698,35.93256598666306],[-121.48155565422098,35.93257439977206],[-121.48188811610598,35.93257439977206],[-121.48188811610598,35.93284389312455]]],[[[-121.48275628620299,35.93961615826304],[-121.48175853066802,35.93960774860074],[-121.48175853066802,35.93933825524825],[-121.48275628620299,35.93934666491055],[-121.48275628620299,35.93961615826304]]],[[[-121.48275111666898,35.939617050838656],[-121.48275111666898,35.93988654419115],[-121.48241834182302,35.93988654419115],[-121.48241834182302,35.939617050838656],[-121.48275111666898,35.939617050838656]]],[[[-121.48107802786602,35.940140999151254],[-121.48174329627898,35.94014520640825],[-121.48174329627898,35.940414699760744],[-121.48141052143302,35.940414699760744],[-121.48141052143302,35.940410492503744],[-121.48107802786602,35.940410492503744],[-121.48107802786602,35.940140999151254]]],[[[-121.48207061791098,35.940689291903745],[-121.48173784306502,35.94068508552574],[-121.48140534829702,35.94068508552574],[-121.48140534829702,35.94068087822715],[-121.48107285359802,35.94068087822715],[-121.48107285359802,35.940676670008045],[-121.48074035896802,35.940676670008045],[-121.48074035896802,35.940407176655555],[-121.48107313381398,35.940407176655555],[-121.48107313381398,35.94041138487466],[-121.48140562844398,35.94041559217325],[-121.48207061791098,35.940419798551254],[-121.48207061791098,35.940689291903745]]],[[[-121.48106767926203,35.94094705567714],[-121.48073518350002,35.94094705567714],[-121.48073518350002,35.94067756232465],[-121.48106795834597,35.94067756232465],[-121.48106795834597,35.94068177058526],[-121.48140045410798,35.940685977925355],[-121.48173294993798,35.94069018434495],[-121.48206544583797,35.94069018434495],[-121.48206544583797,35.94095967769744],[-121.48106767926203,35.94094705567714]]],[[[-121.48172777666498,35.940956363664654],[-121.48172777666498,35.941225857017145],[-121.48139500181902,35.941225857017145],[-121.48139500181902,35.940956363664654],[-121.48172777666498,35.940956363664654]]],[[[-121.48272526796498,35.94096898028605],[-121.48272526796498,35.94123847363854],[-121.48239249311902,35.94123847363854],[-121.48239249311902,35.94096898028605],[-121.48272526796498,35.94096898028605]]],[[[-121.48105733038201,35.941492035320344],[-121.48105733038201,35.94122254196785],[-121.48139010522797,35.94122254196785],[-121.48139010522797,35.941226749391056],[-121.48172260332198,35.941226749391056],[-121.48172260332198,35.94149624274355],[-121.48138982847603,35.94149624274355],[-121.48138982847603,35.941492035320344],[-121.48105733038201,35.941492035320344]]],[[[-121.48204992920498,35.94150554727216],[-121.48271492800198,35.941509751975154],[-121.48271492800198,35.941779245327645],[-121.48238215315602,35.941779245327645],[-121.48204965372302,35.941770835001144],[-121.48171715435902,35.941770835001144],[-121.48171715435902,35.941766628457046],[-121.48138465506501,35.941766628457046],[-121.48138465506501,35.94176242099245],[-121.48105215583902,35.94176242099245],[-121.48105215583902,35.94175821260715],[-121.48071965668203,35.94175821260715],[-121.48071965668203,35.94175400330135],[-121.48038715759402,35.94175400330135],[-121.48038715759402,35.94174979307485],[-121.48005465857501,35.94174979307485],[-121.48005465857501,35.94174558192795],[-121.47972215962503,35.94174558192795],[-121.47972215962503,35.941741369860345],[-121.47938966074402,35.941741369860345],[-121.47938966074402,35.941471876507855],[-121.47972243558998,35.941471876507855],[-121.47972243558998,35.941476088575456],[-121.48071993243998,35.94148871925466],[-121.48204992920498,35.94150554727216]]],[[[-121.48204475685698,35.94204122074345],[-121.48171198201102,35.94203701415785],[-121.48137948158401,35.94203701415785],[-121.48137948158401,35.94203280665155],[-121.48104698122602,35.94203280665155],[-121.48104698122602,35.942028598224745],[-121.48071448093802,35.942028598224745],[-121.48071448093802,35.94202438887744],[-121.48038198071802,35.94202438887744],[-121.48038198071802,35.94202017860945],[-121.48004948056702,35.94202017860945],[-121.48004948056702,35.94201596742084],[-121.47971698048502,35.94201596742084],[-121.47971698048502,35.942011755311746],[-121.47938448047202,35.942011755311746],[-121.47938448047202,35.941742261959256],[-121.47971725531798,35.941742261959256],[-121.47971725531798,35.94174647406835],[-121.48071475556398,35.941759104872254],[-121.48171225642997,35.94177172739096],[-121.48204475685698,35.94177172739096],[-121.48204475685698,35.94204122074345]]],[[[-121.48170680959302,35.942307399845646],[-121.48037680377303,35.94229056413115],[-121.48004430249001,35.94229056413115],[-121.48004430249001,35.94228635290094],[-121.47971180127702,35.94228635290094],[-121.47971180127702,35.94201685954845],[-121.48004457612298,35.94201685954845],[-121.48004457612298,35.94202107077866],[-121.48070957861898,35.942029490477054],[-121.48170708288097,35.94204211312025],[-121.48203958443898,35.94204211312025],[-121.48203958443898,35.94231160647274],[-121.48170680959302,35.94231160647274],[-121.48170680959302,35.942307399845646]]],[[[-121.48170190926298,35.94257778552065],[-121.48136913441702,35.94257778552065],[-121.48136913441702,35.94230829216816],[-121.48170190926298,35.94230829216816],[-121.48170190926298,35.94257778552065]]],[[[-121.48202923939698,35.94285237789295],[-121.48136396072903,35.94284396355204],[-121.48103145697603,35.94284396355204],[-121.48103145697603,35.94257447019955],[-121.48136423182198,35.94257447019955],[-121.48136423182198,35.942578677830355],[-121.48202923939698,35.94258288454046],[-121.48202923939698,35.94285237789295]]],[[[-121.48009396493298,35.90469512806636],[-121.48009396493298,35.90496462141885],[-121.47976119008702,35.90496462141885],[-121.47976119008702,35.90469512806636],[-121.48009396493298,35.90469512806636]]],[[[-121.48042113906799,35.904969722600654],[-121.48042113906799,35.905239215953145],[-121.48008836422203,35.905239215953145],[-121.48008836422203,35.904969722600654],[-121.48042113906799,35.904969722600654]]],[[[-121.48010040904897,35.92200319719625],[-121.47943521797002,35.92199477636974],[-121.47910280180702,35.92199477636974],[-121.47910280180702,35.92172528301725],[-121.47943557665297,35.92172528301725],[-121.47943557665297,35.92172949389045],[-121.48010040904897,35.921733703843756],[-121.48010040904897,35.92200319719625]]],[[[-121.48093729895997,35.930128304148255],[-121.48093729895997,35.930397797500746],[-121.47894226731502,35.930376745892346],[-121.47894226731502,35.930107252539855],[-121.48093729895997,35.930128304148255]]],[[[-121.48091660262598,35.93120984853456],[-121.48091660262598,35.93147934188705],[-121.48058382778002,35.93147934188705],[-121.47825663707202,35.931445646940645],[-121.47792418153303,35.931445646940645],[-121.47792418153303,35.931176153588154],[-121.47825695637898,35.931176153588154],[-121.47825695637898,35.93118036867725],[-121.47925432320397,35.93119300842316],[-121.48058414660298,35.93120984853456],[-121.48091660262598,35.93120984853456]]],[[[-121.48121801893598,35.933105866057346],[-121.48088524409002,35.933105866057346],[-121.48088524409002,35.932836372704855],[-121.48121801893598,35.932836372704855],[-121.48121801893598,35.933105866057346]]],[[[-121.48075616863898,35.93986130390885],[-121.48042339379302,35.93986130390885],[-121.48042339379302,35.93959181055636],[-121.48075616863898,35.93959181055636],[-121.48075616863898,35.93986130390885]]],[[[-121.48075099224597,35.94013168957495],[-121.48041821740001,35.94012747959775],[-121.48008572517202,35.94012747959775],[-121.48008572517202,35.94012326870015],[-121.47975323301202,35.94012326870015],[-121.47975323301202,35.93985377534766],[-121.48008600785798,35.93985377534766],[-121.48008600785798,35.93985798624526],[-121.48041850001798,35.93986219622246],[-121.48075099224597,35.93986219622246],[-121.48075099224597,35.94013168957495]]],[[[-121.48074581578398,35.94013258187555],[-121.48074581578398,35.94040207522804],[-121.48041304093802,35.94040207522804],[-121.48008054757803,35.940393654270245],[-121.47974805428701,35.940393654270245],[-121.47974805428701,35.940124160917755],[-121.48008082913297,35.940124160917755],[-121.48008082913297,35.94012837185696],[-121.48041332242398,35.94013258187555],[-121.48074581578398,35.94013258187555]]],[[[-121.48007565033798,35.940394546475055],[-121.48007565033798,35.940664039827546],[-121.47974287549202,35.940664039827546],[-121.47974287549202,35.940394546475055],[-121.48007565033798,35.940394546475055]]],[[[-121.48007019218402,35.94093442537184],[-121.47973769662902,35.94093442537184],[-121.47973769662902,35.94093021342905],[-121.47940520114302,35.94093021342905],[-121.47940520114302,35.94066072007656],[-121.47973797598898,35.94066072007656],[-121.47973797598898,35.94066493201935],[-121.48040296702997,35.94066914304165],[-121.48040296702997,35.940938636394144],[-121.48007019218402,35.94093442537184]]],[[[-121.48006501438302,35.94120481090344],[-121.47973251769602,35.94120059891895],[-121.47940002107902,35.94120059891895],[-121.47940002107902,35.940931105566456],[-121.47973279592497,35.940931105566456],[-121.47973279592497,35.94093531755095],[-121.48039778922897,35.940939528614756],[-121.48039778922897,35.941209021967246],[-121.48006501438302,35.941209021967246],[-121.48006501438302,35.94120481090344]]],[[[-121.48039261135898,35.941479407527545],[-121.47972733869501,35.94147098439605],[-121.47939484094601,35.94147098439605],[-121.47939484094601,35.94146677144955],[-121.47906234326503,35.94146677144955],[-121.47906234326503,35.94119727809706],[-121.47939511811099,35.94119727809706],[-121.47939511811099,35.94120149104356],[-121.47972761579197,35.941205703069556],[-121.48006011354097,35.941209914175055],[-121.48039261135898,35.941209914175055],[-121.48039261135898,35.941479407527545]]],[[[-121.48003939684497,35.94229145628746],[-121.48037189919098,35.94229145628746],[-121.48037189919098,35.94256094963995],[-121.47970662199901,35.942556738368246],[-121.47970662199901,35.942287245015756],[-121.48003939684497,35.94229145628746]]],[[[-121.47910167444903,35.90468581690305],[-121.47910167444903,35.90441632355056],[-121.47976679305698,35.904420532683055],[-121.47976679305698,35.904690026035546],[-121.47943401821102,35.904690026035546],[-121.47943401821102,35.90468581690305],[-121.47910167444903,35.90468581690305]]],[[[-121.47942927507998,35.904686710637655],[-121.47942927507998,35.904956203990146],[-121.47909650023402,35.904956203990146],[-121.47909650023402,35.904686710637655],[-121.47942927507998,35.904686710637655]]],[[[-121.47815254776297,35.91927495448695],[-121.47815254776297,35.91954444783944],[-121.47781977291702,35.91954444783944],[-121.47682255619502,35.91952758192755],[-121.47649015075902,35.91952758192755],[-121.47649015075902,35.91952336314994],[-121.47615774539202,35.91952336314994],[-121.47615774539202,35.91951914345255],[-121.47582534009402,35.91951914345255],[-121.47582534009402,35.919249650100056],[-121.47615811493998,35.919249650100056],[-121.47615811493998,35.91925386979745],[-121.47682292560498,35.919262306432756],[-121.47782014211998,35.91927495448695],[-121.47815254776297,35.91927495448695]]],[[[-121.47881735925598,35.919283381923854],[-121.47881735925598,35.919552875276345],[-121.47848458441003,35.919552875276345],[-121.47848458441003,35.919283381923854],[-121.47881735925598,35.919283381923854]]],[[[-121.47814736636398,35.91981483409514],[-121.47781459151803,35.91981483409514],[-121.47781459151803,35.91954534074265],[-121.47814736636398,35.91954534074265],[-121.47814736636398,35.91981483409514]]],[[[-121.47814218489597,35.920085220337945],[-121.47780941005001,35.920085220337945],[-121.47780941005001,35.919815726985455],[-121.47814218489597,35.919815726985455],[-121.47814218489597,35.920085220337945]]],[[[-121.47977834534298,35.92118872115606],[-121.47977834534298,35.92145821450855],[-121.47944557049702,35.92145821450855],[-121.47944557049702,35.92118872115606],[-121.47977834534298,35.92118872115606]]],[[[-121.47811109463998,35.921438044172454],[-121.47811109463998,35.921707537524945],[-121.47777831979403,35.921707537524945],[-121.47777831979403,35.92170332209375],[-121.47744590510602,35.92170332209375],[-121.47744590510602,35.92143382874126],[-121.47811109463998,35.921438044172454]]],[[[-121.47910797923502,35.92172439005054],[-121.47910797923502,35.92145489669805],[-121.47944075408098,35.92145489669805],[-121.47944075408098,35.92145910752966],[-121.47977316911398,35.92145910752966],[-121.47977316911398,35.92172860088215],[-121.47944039426802,35.92172860088215],[-121.47944039426802,35.92172439005054],[-121.47910797923502,35.92172439005054]]],[[[-121.47843832857598,35.921712644878156],[-121.47843832857598,35.921982138230646],[-121.47810555373002,35.921982138230646],[-121.47810555373002,35.921712644878156],[-121.47843832857598,35.921712644878156]]],[[[-121.47943039915597,35.92226516267615],[-121.47909762431001,35.92226516267615],[-121.47909762431001,35.92226095084145],[-121.47876520708502,35.92226095084145],[-121.47876520708502,35.922256738086844],[-121.47843278992802,35.922256738086844],[-121.47843278992802,35.922252524412244],[-121.47810037284103,35.922252524412244],[-121.47810037284103,35.92198303105975],[-121.47843314768699,35.92198303105975],[-121.47876556477398,35.92199145748896],[-121.47909798193098,35.92199566932366],[-121.47943039915597,35.92199566932366],[-121.47943039915597,35.92226516267615]]],[[[-121.47942522158898,35.92253554896965],[-121.47909244674302,35.922531337093346],[-121.47876002838802,35.922531337093346],[-121.47876002838802,35.92252712429715],[-121.47842761010102,35.92252712429715],[-121.47842761010102,35.92225763094466],[-121.47876038494698,35.92225763094466],[-121.47876038494698,35.922261843740856],[-121.47909280323398,35.92226605561716],[-121.47942522158898,35.92226605561716],[-121.47942522158898,35.92253554896965]]],[[[-121.47809036642198,35.922519588706756],[-121.47809036642198,35.922789082059246],[-121.47775759157602,35.922789082059246],[-121.47775759157602,35.922519588706756],[-121.47809036642198,35.922519588706756]]],[[[-121.47875484962202,35.92280172333245],[-121.47875484962202,35.92253222997996],[-121.47908762446798,35.92253222997996],[-121.47908762446798,35.922536441897854],[-121.47942004395398,35.922536441897854],[-121.47942004395398,35.922805935250345],[-121.47875484962202,35.92280172333245]]],[[[-121.47841760460499,35.92306368287994],[-121.47808482975903,35.92306368287994],[-121.47808482975903,35.92279418952745],[-121.47841760460499,35.92279418952745],[-121.47841760460499,35.92306368287994]]],[[[-121.47841242343998,35.923064575657655],[-121.47841242343998,35.923334069010146],[-121.47807964859402,35.923334069010146],[-121.47807964859402,35.923064575657655],[-121.47841242343998,35.923064575657655]]],[[[-121.47907726672898,35.923073002419656],[-121.47907726672898,35.92334249577215],[-121.47874449188302,35.92334249577215],[-121.47874449188302,35.923073002419656],[-121.47907726672898,35.923073002419656]]],[[[-121.47940451063498,35.92361709401535],[-121.47840689010002,35.92360866901014],[-121.47840689010002,35.92333917565765],[-121.47873966494598,35.92333917565765],[-121.47873966494598,35.923343388620154],[-121.47940451063498,35.92334760066286],[-121.47940451063498,35.92361709401535]]],[[[-121.47532699330698,35.910584630517356],[-121.47532699330698,35.910854123869846],[-121.47499421846102,35.910854123869846],[-121.47499421846102,35.910584630517356],[-121.47532699330698,35.910584630517356]]],[[[-121.47496827096403,35.91220183295074],[-121.47430352202902,35.912197609780144],[-121.47430352202902,35.91192811642765],[-121.47463629687498,35.91192811642765],[-121.47463629687498,35.91193233959825],[-121.47530104580999,35.91193656184925],[-121.47530104580999,35.91220605520174],[-121.47496827096403,35.91220605520174],[-121.47496827096403,35.91220183295074]]],[[[-121.47463070562502,35.912472219136845],[-121.47463070562502,35.912202725784354],[-121.47496348047098,35.912202725784354],[-121.47496348047098,35.912206948077056],[-121.47529585610398,35.912206948077056],[-121.47529585610398,35.91247644142955],[-121.47496308125802,35.91247644142955],[-121.47496308125802,35.912472219136845],[-121.47463070562502,35.912472219136845]]],[[[-121.47462551471902,35.91274260531014],[-121.47462551471902,35.91247311195765],[-121.47495828956498,35.91247311195765],[-121.47495828956498,35.912477334292056],[-121.47529066632798,35.912477334292056],[-121.47529066632798,35.91274682764455],[-121.47495789148202,35.91274682764455],[-121.47495789148202,35.91274260531014],[-121.47462551471902,35.91274260531014]]],[[[-121.47561785444498,35.913021435303044],[-121.47462032374402,35.913012991470545],[-121.47462032374402,35.912743498118054],[-121.47495309858998,35.912743498118054],[-121.47495309858998,35.91274772049415],[-121.47561785444498,35.91275194195055],[-121.47561785444498,35.913021435303044]]],[[[-121.47561266566098,35.913291821533946],[-121.47527989081502,35.913291821533946],[-121.47527989081502,35.913022328181455],[-121.47561266566098,35.913022328181455],[-121.47561266566098,35.913291821533946]]],[[[-121.47660980335198,35.913034987158156],[-121.47660980335198,35.91330448051065],[-121.47627702850602,35.91330448051065],[-121.47627702850602,35.913034987158156],[-121.47660980335198,35.913034987158156]]],[[[-121.47658906108798,35.914116532453356],[-121.47658906108798,35.91438602580585],[-121.47625628624202,35.91438602580585],[-121.47625628624202,35.914116532453356],[-121.47658906108798,35.914116532453356]]],[[[-121.47658387534898,35.91438691874495],[-121.47658387534898,35.91465641209744],[-121.47625110050302,35.91465641209744],[-121.47625110050302,35.91438691874495],[-121.47658387534898,35.91438691874495]]],[[[-121.47689552124397,35.915472681977555],[-121.47689552124397,35.915742175330045],[-121.47589796738602,35.915733738021444],[-121.47589796738602,35.915464244668954],[-121.47689552124397,35.915472681977555]]],[[[-121.47554001542898,35.91707722741764],[-121.47454245081902,35.917068782334546],[-121.47454245081902,35.916799288982055],[-121.47554001542898,35.91680773406515],[-121.47554001542898,35.91707722741764]]],[[[-121.47686959578398,35.91709410654695],[-121.47587203062201,35.91708566882175],[-121.47587203062201,35.91681617546926],[-121.47686959578398,35.91682461319446],[-121.47686959578398,35.91709410654695]]],[[[-121.47786678177597,35.91683726288405],[-121.47786678177597,35.91710675623654],[-121.47753400693001,35.91710675623654],[-121.47753400693001,35.91683726288405],[-121.47786678177597,35.91683726288405]]],[[[-121.47653163563902,35.917094999399254],[-121.47752920333798,35.917107649213754],[-121.47786159986798,35.917107649213754],[-121.47786159986798,35.917377142566245],[-121.47653163563902,35.917364492751744],[-121.47653163563902,35.917094999399254]]],[[[-121.47683292556802,35.91872153413266],[-121.47749810365798,35.91872575098726],[-121.47749810365798,35.91899524433975],[-121.47716532881202,35.91899524433975],[-121.47716532881202,35.91899102748515],[-121.47683292556802,35.91899102748515],[-121.47683292556802,35.91872153413266]]],[[[-121.47716051576198,35.91899613718535],[-121.47782532457998,35.919000353161856],[-121.47782532457998,35.91926984651435],[-121.47616293237402,35.91925297708965],[-121.47616293237402,35.91898348373716],[-121.47649570721998,35.91898348373716],[-121.47682811145698,35.91899192028915],[-121.47716051576198,35.91899613718535]]],[[[-121.47681773968398,35.919797968016645],[-121.47582015191202,35.91978952945845],[-121.47582015191202,35.91952003610596],[-121.47615292675798,35.91952003610596],[-121.47615292675798,35.919524255844955],[-121.47648533318699,35.919528474664155],[-121.47681773968398,35.919528474664155],[-121.47681773968398,35.919797968016645]]],[[[-121.47681255369397,35.91979886074046],[-121.47681255369397,35.92006835409295],[-121.47647977884802,35.92006835409295],[-121.47647977884802,35.91979886074046],[-121.47681255369397,35.91979886074046]]],[[[-121.47680736763498,35.920069246803955],[-121.47680736763498,35.920338740156446],[-121.47647459278902,35.920338740156446],[-121.47647459278902,35.920069246803955],[-121.47680736763498,35.920069246803955]]],[[[-121.47779422878298,35.92089216368294],[-121.47746145393702,35.92089216368294],[-121.47746145393702,35.92062267033045],[-121.47779422878298,35.92062267033045],[-121.47779422878298,35.92089216368294]]],[[[-121.47678626121203,35.921420284281645],[-121.47645384786202,35.921420284281645],[-121.47645384786202,35.921150790929154],[-121.47711903605799,35.921155009078454],[-121.47711903605799,35.921424502430945],[-121.47678626121203,35.921420284281645]]],[[[-121.47711385078398,35.92169488847175],[-121.47678107593802,35.921690670280846],[-121.47644866145703,35.921690670280846],[-121.47644866145703,35.921686451170046],[-121.47611624704602,35.921686451170046],[-121.47611624704602,35.92168223113934],[-121.47578383270302,35.92168223113934],[-121.47578383270302,35.92141273778685],[-121.47611660754897,35.92141273778685],[-121.47644902189198,35.921421176928355],[-121.47711385078398,35.92142539511926],[-121.47711385078398,35.92169488847175]]],[[[-121.47677624982897,35.92169578114716],[-121.47744108112099,35.921704214852454],[-121.47777349686999,35.921704214852454],[-121.47777349686999,35.921973708204945],[-121.47744072202403,35.921973708204945],[-121.47744072202403,35.92196949181235],[-121.47710830627503,35.92196949181235],[-121.47710830627503,35.92196527449965],[-121.47677589059502,35.92196527449965],[-121.47677589059502,35.92196105626714],[-121.47644347498301,35.92196105626714],[-121.47644347498301,35.92195683711475],[-121.47611105944102,35.92195683711475],[-121.47611105944102,35.92168734376226],[-121.47644383428698,35.92168734376226],[-121.47644383428698,35.92169156291465],[-121.47677624982897,35.92169578114716]]],[[[-121.47710348002897,35.921970384516555],[-121.47743589683998,35.921974600950854],[-121.47776831371998,35.921974600950854],[-121.47776831371998,35.922244094303345],[-121.47743553887402,35.922244094303345],[-121.47743553887402,35.922239877869046],[-121.47710312199402,35.922239877869046],[-121.47710312199402,35.92223566051484],[-121.47677070518301,35.92223566051484],[-121.47677070518301,35.922231442240644],[-121.47643828844102,35.922231442240644],[-121.47643828844102,35.92222722304655],[-121.47610587176803,35.92222722304655],[-121.47610587176803,35.92195772969406],[-121.47643864661399,35.92195772969406],[-121.47643864661399,35.92196194888815],[-121.47677106328698,35.92196616716235],[-121.47710348002897,35.921970384516555]]],[[[-121.47709793764302,35.92250604651704],[-121.47643310182902,35.92250182820125],[-121.47643310182902,35.92223233484876],[-121.47676587667497,35.92223233484876],[-121.47676587667497,35.92223655316455],[-121.47709829454799,35.92224077056046],[-121.47743071248898,35.92224077056046],[-121.47743071248898,35.92251026391295],[-121.47709793764302,35.92250604651704]]],[[[-121.47709310899698,35.922506939154054],[-121.47709310899698,35.922776432506545],[-121.47676033415102,35.922776432506545],[-121.47676033415102,35.922506939154054],[-121.47709310899698,35.922506939154054]]],[[[-121.47564404263498,35.928978423933444],[-121.47531126778902,35.928974200937546],[-121.47497882305102,35.928974200937546],[-121.47497882305102,35.928969977021445],[-121.47464637838303,35.928969977021445],[-121.47464637838303,35.92896575218514],[-121.47431393378503,35.92896575218514],[-121.47431393378503,35.92896152642874],[-121.47398148925502,35.92896152642874],[-121.47398148925502,35.92895729975225],[-121.47364904479502,35.92895729975225],[-121.47364904479502,35.92868780639976],[-121.47564404263498,35.92870893058095],[-121.47564404263498,35.928978423933444]]],[[[-121.47563885090197,35.92924880944785],[-121.47430873865902,35.92923191177625],[-121.47397629299802,35.92923191177625],[-121.47397629299802,35.92896241842376],[-121.47430906784398,35.92896241842376],[-121.47430906784398,35.92896664422185],[-121.47464151350498,35.92897086909986],[-121.47530640503398,35.92897931609536],[-121.47563885090197,35.92897931609536],[-121.47563885090197,35.92924880944785]]],[[[-121.47663100051298,35.929531858666245],[-121.47629822566702,35.929531858666245],[-121.47629822566702,35.929262365313754],[-121.47663100051298,35.929262365313754],[-121.47663100051298,35.929531858666245]]],[[[-121.47695274778802,35.92981157457196],[-121.47795042205598,35.92982000893505],[-121.47795042205598,35.930089502287544],[-121.47695274778802,35.93008106792445],[-121.47695274778802,35.92981157457196]]],[[[-121.47794523796497,35.93009039468946],[-121.47794523796497,35.93035988804195],[-121.47761246311902,35.93035988804195],[-121.47761246311902,35.93009039468946],[-121.47794523796497,35.93009039468946]]],[[[-121.47198764243302,35.894314070708646],[-121.47165534317801,35.89430984109975],[-121.47132304399102,35.89430984109975],[-121.47132304399102,35.89430561057195],[-121.47099074487402,35.89430561057195],[-121.47099074487402,35.89403611721946],[-121.47132351971997,35.89403611721946],[-121.47132351971997,35.89404034774726],[-121.47165581883698,35.894044577356155],[-121.47232041727898,35.89404880604595],[-121.47232041727898,35.89431829939844],[-121.47198764243302,35.89431829939844],[-121.47198764243302,35.894314070708646]]],[[[-121.47193567494602,35.89701793630075],[-121.47160336439902,35.897013706274144],[-121.47127105392101,35.897013706274144],[-121.47127105392101,35.897009475328545],[-121.47093874351202,35.897009475328545],[-121.47093874351202,35.897005243463845],[-121.47060643317202,35.897005243463845],[-121.47060643317202,35.89700101068004],[-121.47027412290203,35.89700101068004],[-121.47027412290203,35.89699677697725],[-121.46994181270102,35.89699677697725],[-121.46994181270102,35.89699254235534],[-121.46960950256901,35.89699254235534],[-121.46960950256901,35.89698830681444],[-121.46927719250702,35.89698830681444],[-121.46927719250702,35.89671881346195],[-121.46960996735298,35.89671881346195],[-121.46960996735298,35.89672304900285],[-121.47060689774798,35.896735750111354],[-121.47193613924497,35.896752672055655],[-121.47226844979198,35.896752672055655],[-121.47226844979198,35.897022165408146],[-121.47193567494602,35.897022165408146],[-121.47193567494602,35.89701793630075]]],[[[-121.47326018810799,35.89730523387175],[-121.47292741326203,35.89730100747975],[-121.47259510137802,35.89730100747975],[-121.47259510137802,35.897296780168645],[-121.47226278956302,35.897296780168645],[-121.47226278956302,35.89729255193844],[-121.47193047781703,35.89729255193844],[-121.47193047781703,35.897288322789244],[-121.47159816614003,35.897288322789244],[-121.47159816614003,35.897284092720845],[-121.47126585453302,35.897284092720845],[-121.47126585453302,35.897279861733445],[-121.47093354299503,35.897279861733445],[-121.47093354299503,35.89727562982704],[-121.47060123152602,35.89727562982704],[-121.47060123152602,35.89727139700145],[-121.47026892012602,35.89727139700145],[-121.47026892012602,35.89726716325684],[-121.46993660879602,35.89726716325684],[-121.46993660879602,35.89726292859314],[-121.46960429753501,35.89726292859314],[-121.46960429753501,35.89699343524065],[-121.46993707238097,35.89699343524065],[-121.46993707238097,35.89699766990435],[-121.47126631784099,35.897014599368354],[-121.47292787622398,35.89703574051926],[-121.47326018810799,35.89703574051926],[-121.47326018810799,35.89730523387175]]],[[[-121.47392481208497,35.897044190546154],[-121.47392481208497,35.897313683898645],[-121.47359203723902,35.897313683898645],[-121.47359203723902,35.897044190546154],[-121.47392481208497,35.897044190546154]]],[[[-121.47325499429797,35.897575620514445],[-121.47292221945202,35.89757139408064],[-121.47258990643802,35.89757139408064],[-121.47258990643802,35.897567166727846],[-121.47225759349402,35.897567166727846],[-121.47225759349402,35.89756293845595],[-121.47192528061802,35.89756293845595],[-121.47192528061802,35.89755870926484],[-121.47159296781201,35.89755870926484],[-121.47159296781201,35.89755447915474],[-121.47126065507602,35.89755447915474],[-121.47126065507602,35.89755024812555],[-121.47092834240802,35.89755024812555],[-121.47092834240802,35.897546016177344],[-121.47059602981003,35.897546016177344],[-121.47059602981003,35.89754178330995],[-121.47026371728101,35.89754178330995],[-121.47026371728101,35.89753754952355],[-121.46993140482202,35.89753754952355],[-121.46993140482202,35.89726805617106],[-121.47026417966798,35.89726805617106],[-121.47026417966798,35.897272289957456],[-121.47159342992198,35.89728921591235],[-121.47292268128398,35.897306127161954],[-121.47325499429797,35.897306127161954],[-121.47325499429797,35.897575620514445]]],[[[-121.47324980041797,35.897846007144246],[-121.47092314175202,35.89781640251474],[-121.47059082802502,35.89781640251474],[-121.47059082802502,35.89781216960564],[-121.47025851436702,35.89781216960564],[-121.47025851436702,35.89780793577744],[-121.46992620077802,35.89780793577744],[-121.46992620077802,35.89753844242495],[-121.47025897562398,35.89753844242495],[-121.47025897562398,35.89754267625315],[-121.47158823039499,35.89755960237515],[-121.47291748627498,35.897576513791755],[-121.47324980041797,35.897576513791755],[-121.47324980041797,35.897846007144246]]],[[[-121.47222687081899,35.898915763938156],[-121.47222687081899,35.89918525729065],[-121.47189409597303,35.89918525729065],[-121.47189409597303,35.898915763938156],[-121.47222687081899,35.898915763938156]]],[[[-121.47212766926103,35.904322597214744],[-121.47179532814901,35.904318366979545],[-121.47146298710602,35.904318366979545],[-121.47146298710602,35.90431413582495],[-121.47113064613202,35.90431413582495],[-121.47113064613202,35.904044642472456],[-121.47146342097798,35.904044642472456],[-121.47146342097798,35.904048873627055],[-121.47179576195198,35.90405310386225],[-121.47246044410699,35.90405733317825],[-121.47246044410699,35.90432682653074],[-121.47212766926103,35.90432682653074],[-121.47212766926103,35.904322597214744]]],[[[-121.47212247139203,35.90459298339805],[-121.47145778697703,35.90458452192475],[-121.47112544487302,35.90458452192475],[-121.47112544487302,35.904315028572256],[-121.47145821971898,35.904315028572256],[-121.47145821971898,35.904319259768556],[-121.47179056182298,35.904323490045556],[-121.47212290399598,35.904327719403256],[-121.47245524623798,35.904327719403256],[-121.47245524623798,35.904597212755746],[-121.47212247139203,35.904597212755746],[-121.47212247139203,35.90459298339805]]],[[[-121.47343668952398,35.90515156093405],[-121.47343668952398,35.90542105428654],[-121.47310391467802,35.90542105428654],[-121.47310391467802,35.90515156093405],[-121.47343668952398,35.90515156093405]]],[[[-121.47343149476698,35.90542194723285],[-121.47343149476698,35.90569144058534],[-121.47309871992103,35.90569144058534],[-121.47309871992103,35.90542194723285],[-121.47343149476698,35.90542194723285]]],[[[-121.47205489278902,35.908108002610845],[-121.47172253585902,35.90810377179074],[-121.47139017899902,35.90810377179074],[-121.47139017899902,35.90783427843825],[-121.47238766763498,35.90784273915895],[-121.47238766763498,35.90811223251144],[-121.47205489278902,35.90811223251144],[-121.47205489278902,35.908108002610845]]],[[[-121.47238205207903,35.908382618556544],[-121.47204969395003,35.908378388614146],[-121.47171733589101,35.908378388614146],[-121.47171733589101,35.90837415775225],[-121.47138497790102,35.90837415775225],[-121.47138497790102,35.90810466439976],[-121.47171775274698,35.90810466439976],[-121.47171775274698,35.908108895261655],[-121.47205011073697,35.90811312520405],[-121.47271482692499,35.90811735422705],[-121.47271482692499,35.90838684757954],[-121.47238205207903,35.90838684757954],[-121.47238205207903,35.908382618556544]]],[[[-121.47237726988799,35.90865300458884],[-121.47204449504203,35.90865300458884],[-121.47204449504203,35.90864877460464],[-121.47171213585302,35.90864877460464],[-121.47171213585302,35.908644543701044],[-121.47137977673302,35.908644543701044],[-121.47137977673302,35.90837505034855],[-121.47171255157897,35.90837505034855],[-121.47171255157897,35.90837928125215],[-121.47204491069898,35.90838351123635],[-121.47237726988799,35.90838351123635],[-121.47237726988799,35.90865300458884]]],[[[-121.47303679175698,35.90866235454916],[-121.47303679175698,35.90893184790165],[-121.47270401691102,35.90893184790165],[-121.47270401691102,35.90866235454916],[-121.47303679175698,35.90866235454916]]],[[[-121.47303159496998,35.90893274063925],[-121.47303159496998,35.90920223399174],[-121.47269882012402,35.90920223399174],[-121.47269882012402,35.90893274063925],[-121.47303159496998,35.90893274063925]]],[[[-121.47335834891102,35.909481073851445],[-121.47335834891102,35.909211580498955],[-121.47402348668199,35.909215806010955],[-121.47402348668199,35.909485299363446],[-121.47369071183603,35.909485299363446],[-121.47369071183603,35.909481073851445],[-121.47335834891102,35.909481073851445]]],[[[-121.47235606249502,35.90973454858924],[-121.47202369871702,35.90973454858924],[-121.47202369871702,35.909730318437944],[-121.47169133500802,35.909730318437944],[-121.47169133500802,35.90972608736725],[-121.47135897136802,35.90972608736725],[-121.47135897136802,35.90972185537704],[-121.47102660779802,35.90972185537704],[-121.47102660779802,35.90945236202455],[-121.47135938264398,35.90945236202455],[-121.47135938264398,35.909456594014756],[-121.47169174621398,35.90946082508545],[-121.47268883734098,35.90946928446846],[-121.47268883734098,35.90973877782095],[-121.47235606249502,35.90973454858924]]],[[[-121.47335315424603,35.90948196664675],[-121.47368592909199,35.909486192200454],[-121.47401829314698,35.909486192200454],[-121.47401829314698,35.909755685552945],[-121.47335315424603,35.90975145999924],[-121.47335315424603,35.90948196664675]]],[[[-121.47201849946302,35.910000704364144],[-121.47168613462402,35.910000704364144],[-121.47168613462402,35.90973121101165],[-121.47201890946998,35.90973121101165],[-121.47201890946998,35.90973544120465],[-121.47268363921698,35.90973967047815],[-121.47268363921698,35.910009163830644],[-121.47201849946302,35.910000704364144]]],[[[-121.47201330013903,35.91027532051235],[-121.47201330013903,35.91000582715986],[-121.47267844102298,35.91001005647505],[-121.47267844102298,35.91027954982754],[-121.47201330013903,35.91027532051235]]],[[[-121.47400790586897,35.910026964540954],[-121.47400790586897,35.910296457893445],[-121.47367513102301,35.910296457893445],[-121.47367513102301,35.910026964540954],[-121.47400790586897,35.910026964540954]]],[[[-121.47433507963999,35.910301575451356],[-121.47433507963999,35.91057106880385],[-121.47400230479403,35.91057106880385],[-121.47400230479403,35.910566844044446],[-121.47366993728002,35.910566844044446],[-121.47366993728002,35.910562618365546],[-121.47333756983502,35.910562618365546],[-121.47333756983502,35.910293125013055],[-121.47367034468098,35.910293125013055],[-121.47367034468098,35.910297350691955],[-121.47433507963999,35.910301575451356]]],[[[-121.47366474346802,35.910837230182544],[-121.47366474346802,35.91056773683005],[-121.47399751831398,35.91056773683005],[-121.47399751831398,35.910571961631156],[-121.47432988695797,35.910571961631156],[-121.47432988695797,35.91084145498365],[-121.47399711211202,35.91084145498365],[-121.47399711211202,35.910837230182544],[-121.47366474346802,35.910837230182544]]],[[[-121.47399232443298,35.911107616307845],[-121.47365954958703,35.911107616307845],[-121.47365954958703,35.910838122955354],[-121.47399232443298,35.910838122955354],[-121.47399232443298,35.911107616307845]]],[[[-121.47465706405097,35.91084657172146],[-121.47465706405097,35.91111606507395],[-121.47432428920501,35.91111606507395],[-121.47432428920501,35.91084657172146],[-121.47465706405097,35.91084657172146]]],[[[-121.47431909751502,35.91138222730485],[-121.47398672654101,35.91137800242024],[-121.47365435563601,35.91137800242024],[-121.47365435563601,35.91110850906775],[-121.47398713048197,35.91110850906775],[-121.47398713048197,35.91111273395236],[-121.47431950138697,35.91111695791736],[-121.47465187236098,35.91111695791736],[-121.47465187236098,35.91138645126985],[-121.47431909751502,35.91138645126985],[-121.47431909751502,35.91138222730485]]],[[[-121.47464668060098,35.911656837452746],[-121.47431390575503,35.911652613446044],[-121.47398153365103,35.911652613446044],[-121.47398153365103,35.911648388519744],[-121.47364916161702,35.911648388519744],[-121.47364916161702,35.91137889516725],[-121.47398193646298,35.91137889516725],[-121.47398193646298,35.911383120093554],[-121.47431430849699,35.911387344100255],[-121.47464668060098,35.911387344100255],[-121.47464668060098,35.911656837452746]]],[[[-121.47464108723003,35.911927223622946],[-121.47397634069301,35.91192299957454],[-121.47397634069301,35.91165350622205],[-121.47430911553897,35.91165350622205],[-121.47430911553897,35.911657730270456],[-121.47497386207598,35.91166195339925],[-121.47497386207598,35.911931446751744],[-121.47464108723003,35.911927223622946]]],[[[-121.47228848147702,35.913253794944744],[-121.47228848147702,35.91298430159225],[-121.47295363486099,35.91298853044726],[-121.47295363486099,35.91325802379975],[-121.47262086001503,35.91325802379975],[-121.47262086001503,35.913253794944744],[-121.47228848147702,35.913253794944744]]],[[[-121.47261605729798,35.91352418078735],[-121.47228328245203,35.91352418078735],[-121.47228328245203,35.91325468743486],[-121.47261605729798,35.91325468743486],[-121.47261605729798,35.91352418078735]]],[[[-121.47385206348298,35.91813854347895],[-121.47385206348298,35.918408036831444],[-121.47351928863702,35.918408036831444],[-121.47351928863702,35.91813854347895],[-121.47385206348298,35.91813854347895]]],[[[-121.47417926908697,35.91841315525536],[-121.47417926908697,35.91868264860785],[-121.47384649424102,35.91868264860785],[-121.47384649424102,35.91841315525536],[-121.47417926908697,35.91841315525536]]],[[[-121.47399221420898,35.928416529102144],[-121.47365943936302,35.928416529102144],[-121.47365943936302,35.92814703574965],[-121.47399221420898,35.92814703574965],[-121.47399221420898,35.928416529102144]]],[[[-121.47398701695897,35.92868691443365],[-121.47365424211301,35.92868691443365],[-121.47365424211301,35.92841742108116],[-121.47398701695897,35.92841742108116],[-121.47398701695897,35.92868691443365]]],[[[-121.47364417672998,35.929223457419546],[-121.47331140188402,35.929223457419546],[-121.47331140188402,35.928953964067055],[-121.47364417672998,35.928953964067055],[-121.47364417672998,35.929223457419546]]],[[[-121.47363864994902,35.929228576998455],[-121.47397142479498,35.92923280375835],[-121.47430387151798,35.92923280375835],[-121.47430387151798,35.929502297110844],[-121.47363864994902,35.929498070350945],[-121.47363864994902,35.929228576998455]]],[[[-121.47166101746298,35.89403945451164],[-121.47132824261702,35.89403522402564],[-121.47099594463002,35.89403522402564],[-121.47099594463002,35.89376573067315],[-121.47166101746298,35.89376996115915],[-121.47166101746298,35.89403945451164]]],[[[-121.47198292045698,35.89458445732564],[-121.47165014561102,35.89458445732564],[-121.47165014561102,35.89458022767504],[-121.47131784529603,35.89458022767504],[-121.47131784529603,35.89457599710555],[-121.47098554505003,35.89457599710555],[-121.47098554505003,35.89430650375306],[-121.47131831989599,35.89430650375306],[-121.47131831989599,35.89431073432255],[-121.47165062014199,35.89431496397315],[-121.47198292045698,35.89431496397315],[-121.47198292045698,35.89458445732564]]],[[[-121.47164542137698,35.89458112088496],[-121.47164542137698,35.89485061423745],[-121.47131264653102,35.89485061423745],[-121.47131264653102,35.89458112088496],[-121.47164542137698,35.89458112088496]]],[[[-121.47095481254198,35.89619408429714],[-121.47028973081402,35.896185618061445],[-121.46995742400001,35.896185618061445],[-121.46995742400001,35.89618138356504],[-121.46962511725602,35.89618138356504],[-121.46962511725602,35.89617714814955],[-121.46929281058202,35.89617714814955],[-121.46929281058202,35.89617291181504],[-121.46896050397602,35.89617291181504],[-121.46896050397602,35.89590341846255],[-121.46929327882198,35.89590341846255],[-121.46929327882198,35.89590765479706],[-121.46995789210197,35.895916124708954],[-121.47062250565997,35.89592459094465],[-121.47095481254198,35.89592459094465],[-121.47095481254198,35.89619408429714]]],[[[-121.47061683625802,35.896464470698945],[-121.47061683625802,35.896194977346454],[-121.47128191918497,35.89619920912755],[-121.47128191918497,35.89646870248004],[-121.47094914433902,35.89646870248004],[-121.47094914433902,35.896464470698945],[-121.47061683625802,35.896464470698945]]],[[[-121.47160902808598,35.89674331981455],[-121.46961470753402,35.896717920605646],[-121.46928239860102,35.896717920605646],[-121.46928239860102,35.896448427253155],[-121.46961517344698,35.896448427253155],[-121.46961517344698,35.89645266275225],[-121.47027979138298,35.89646113099335],[-121.47127671880598,35.896473826462056],[-121.47160902808598,35.896473826462056],[-121.47160902808598,35.89674331981455]]],[[[-121.47091794102703,35.89808678883944],[-121.47058562617002,35.89808255588844],[-121.47025331138302,35.89808255588844],[-121.47025331138302,35.89807832201844],[-121.46992099666502,35.89807832201844],[-121.46992099666502,35.89807408722925],[-121.46958868201602,35.89807408722925],[-121.46958868201602,35.89780459387676],[-121.46992145686198,35.89780459387676],[-121.46992145686198,35.89780882866595],[-121.47025377151098,35.89781306253595],[-121.47091840101598,35.89782152751876],[-121.47125071587298,35.89782152751876],[-121.47125071587298,35.89809102087125],[-121.47091794102703,35.89809102087125],[-121.47091794102703,35.89808678883944]]],[[[-121.47024810833003,35.898083448805956],[-121.47058088317598,35.898083448805956],[-121.47058088317598,35.89808768179866],[-121.47091319909298,35.898091913872356],[-121.47124551507898,35.898091913872356],[-121.47124551507898,35.89836140722485],[-121.47024810833003,35.898352942158446],[-121.47024810833003,35.898083448805956]]],[[[-121.47146818716502,35.90377848747266],[-121.47213330192398,35.903782717666154],[-121.47213330192398,35.904052211018644],[-121.47146818716502,35.90404798082515],[-121.47146818716502,35.90377848747266]]],[[[-121.47145301839097,35.90458541465905],[-121.47145301839097,35.904854908011544],[-121.47112024354502,35.904854908011544],[-121.47112024354502,35.90458541465905],[-121.47145301839097,35.90458541465905]]],[[[-121.47211770492697,35.904593876215955],[-121.47211770492697,35.904863369568446],[-121.47178493008101,35.904863369568446],[-121.47178493008101,35.904593876215955],[-121.47211770492697,35.904593876215955]]],[[[-121.47140100130397,35.907289274820755],[-121.47140100130397,35.907558768173246],[-121.47106822645802,35.907558768173246],[-121.47106822645802,35.907289274820755],[-121.47140100130397,35.907289274820755]]],[[[-121.47072026212803,35.908361459650145],[-121.47038790434603,35.90835722511044],[-121.47005554663302,35.90835722511044],[-121.47005554663302,35.90808773175795],[-121.47038832147898,35.90808773175795],[-121.47038832147898,35.908091966297654],[-121.47105303697398,35.90809619991776],[-121.47105303697398,35.90836569327025],[-121.47072026212803,35.90836569327025],[-121.47072026212803,35.908361459650145]]],[[[-121.47203971059098,35.90891916058224],[-121.47170693574502,35.90891492963684],[-121.47137457549601,35.90891492963684],[-121.47137457549601,35.908910697771944],[-121.47104221531502,35.908910697771944],[-121.47104221531502,35.908906464987645],[-121.47070985520402,35.908906464987645],[-121.47070985520402,35.90890223128385],[-121.47037749516203,35.90890223128385],[-121.47037749516203,35.90889799666054],[-121.47004513518903,35.90889799666054],[-121.47004513518903,35.908893761117845],[-121.46971277528603,35.908893761117845],[-121.46971277528603,35.90888952465564],[-121.46938041545202,35.90888952465564],[-121.46938041545202,35.908885287274046],[-121.46904805568703,35.908885287274046],[-121.46904805568703,35.908881048972944],[-121.46871569599202,35.908881048972944],[-121.46871569599202,35.90861155562045],[-121.46904847083798,35.90861155562045],[-121.46904847083798,35.908615793921555],[-121.47037791003498,35.908632737931356],[-121.47170735034197,35.90864966722975],[-121.47203971059098,35.90864966722975],[-121.47203971059098,35.90891916058224]]],[[[-121.47136937418902,35.909181083653145],[-121.47103701287801,35.909176850827045],[-121.47070465163702,35.909176850827045],[-121.47070465163702,35.908907357474554],[-121.47103742648298,35.908907357474554],[-121.47103742648298,35.908911590300654],[-121.47136978772397,35.908915822207355],[-121.47170214903498,35.908915822207355],[-121.47170214903498,35.909185315559846],[-121.47136937418902,35.909185315559846],[-121.47136937418902,35.909181083653145]]],[[[-121.47169694765898,35.90919043914646],[-121.47202931016898,35.90919043914646],[-121.47202931016898,35.90945993249895],[-121.47169653532302,35.90945993249895],[-121.47136417281303,35.90945146952154],[-121.47103181037302,35.90945146952154],[-121.47103181037302,35.90944723665365],[-121.47069944800202,35.90944723665365],[-121.47069944800202,35.90917774330116],[-121.47169694765898,35.90919043914646]]],[[[-121.47068904052202,35.90971851491565],[-121.47102181536798,35.90972274786716],[-121.47135417999898,35.90972274786716],[-121.47135417999898,35.90999224121965],[-121.47102140515302,35.90999224121965],[-121.47102140515302,35.909988008268144],[-121.47068904052202,35.909988008268144],[-121.47068904052202,35.90971851491565]]],[[[-121.47035147098703,35.91024992531094],[-121.47001910536402,35.91024992531094],[-121.47001910536402,35.90998043195845],[-121.47035188020998,35.90998043195845],[-121.47068424583298,35.90998890070355],[-121.47101661152497,35.90999313369686],[-121.47134897728598,35.90999313369686],[-121.47134897728598,35.91026262704935],[-121.47035147098703,35.91024992531094]]],[[[-121.47133857164998,35.910533905317955],[-121.47133857164998,35.910803398670446],[-121.47100579680402,35.910803398670446],[-121.47100579680402,35.910533905317955],[-121.47133857164998,35.910533905317955]]],[[[-121.47162412112198,35.912971609509555],[-121.47162412112198,35.913241102862045],[-121.47129134627602,35.913241102862045],[-121.47129134627602,35.912971609509555],[-121.47162412112198,35.912971609509555]]],[[[-121.46898180444897,35.894817636477356],[-121.46898180444897,35.89508712982985],[-121.46864902960301,35.89508712982985],[-121.46864902960301,35.894817636477356],[-121.46898180444897,35.894817636477356]]],[[[-121.46897659651198,35.89508802267955],[-121.46897659651198,35.89535751603204],[-121.46864382166602,35.89535751603204],[-121.46864382166602,35.89508802267955],[-121.46897659651198,35.89508802267955]]],[[[-121.46930369278398,35.895362646038755],[-121.46930369278398,35.895632139391246],[-121.46897091793802,35.895632139391246],[-121.46897091793802,35.895362646038755],[-121.46930369278398,35.895362646038755]]],[[[-121.46863340558502,35.895898288397944],[-121.46863340558502,35.895628795045454],[-121.46896618043098,35.895628795045454],[-121.46896618043098,35.89563303225705],[-121.46929848583798,35.89563303225705],[-121.46929848583798,35.89590252560954],[-121.46863340558502,35.895898288397944]]],[[[-121.47062770815798,35.89591946526605],[-121.46963032201302,35.89591099727595],[-121.46963032201302,35.89564150392346],[-121.47062770815798,35.895649971913556],[-121.47062770815798,35.89591946526605]]],[[[-121.47028499514897,35.896456004379544],[-121.46961991243002,35.89645176984135],[-121.46961991243002,35.896447534384045],[-121.46928760462602,35.896447534384045],[-121.46928760462602,35.896178041031554],[-121.46962037947198,35.896178041031554],[-121.46962037947198,35.89618227648886],[-121.46995268727598,35.896186511027054],[-121.47028499514897,35.896186511027054],[-121.47028499514897,35.896456004379544]]],[[[-121.47039831325402,35.90781645350894],[-121.47006595780002,35.907812218133444],[-121.46973360241702,35.907812218133444],[-121.46973360241702,35.90754272478095],[-121.47073108809998,35.90755119461245],[-121.47073108809998,35.90782068796494],[-121.47039831325402,35.90782068796494],[-121.47039831325402,35.90781645350894]]],[[[-121.46906410145998,35.90780039877796],[-121.46906410145998,35.90806989213045],[-121.46873132661402,35.90806989213045],[-121.46873132661402,35.90780039877796],[-121.46906410145998,35.90780039877796]]],[[[-121.47039310883503,35.90808683931615],[-121.46972839573802,35.90808260389885],[-121.46972839573802,35.90781311054636],[-121.47006117058397,35.90781311054636],[-121.47006117058397,35.90781734596366],[-121.47039352709798,35.90782158046145],[-121.47072588368098,35.90782158046145],[-121.47072588368098,35.90809107381394],[-121.47039310883503,35.90809107381394],[-121.47039310883503,35.90808683931615]]],[[[-121.46905889132198,35.908340277757446],[-121.46872611647602,35.908340277757446],[-121.46872611647602,35.908070784404956],[-121.46905889132198,35.908070784404956],[-121.46905889132198,35.908340277757446]]],[[[-121.46872090626903,35.90861066337165],[-121.46872090626903,35.908341170019156],[-121.46938603967997,35.90834540827836],[-121.46938603967997,35.90861490163085],[-121.46905326483402,35.90861490163085],[-121.46905326483402,35.90861066337165],[-121.46872090626903,35.90861066337165]]],[[[-121.47071547463499,35.908631845473344],[-121.46971798217201,35.908623375391045],[-121.46971798217201,35.908353882038554],[-121.47005075701797,35.908353882038554],[-121.47005075701797,35.90835811753946],[-121.47038311579198,35.908362352120854],[-121.47071547463499,35.908362352120854],[-121.47071547463499,35.908631845473344]]],[[[-121.46937562131698,35.90888617955186],[-121.46937562131698,35.90915567290435],[-121.46904284647103,35.90915567290435],[-121.46904284647103,35.90888617955186],[-121.46937562131698,35.90888617955186]]],[[[-121.46970756833002,35.90889465347936],[-121.47004034317598,35.908898889063856],[-121.47037270420898,35.908898889063856],[-121.47037270420898,35.90916838241635],[-121.47003992936303,35.90916838241635],[-121.47003992936303,35.90916414683185],[-121.46970756833002,35.90916414683185],[-121.46970756833002,35.90889465347936]]],[[[-121.47003472346702,35.90943453253295],[-121.46970236130402,35.90943453253295],[-121.46970236130402,35.90943029598704],[-121.46936999921002,35.90943029598704],[-121.46936999921002,35.90916080263455],[-121.46970277405597,35.90916080263455],[-121.46970277405597,35.90916503918046],[-121.47003513614997,35.90916927480676],[-121.47036749831298,35.90916927480676],[-121.47036749831298,35.90943876815925],[-121.47003472346702,35.90943453253295]]],[[[-121.46936479098503,35.909431188281054],[-121.46969756583098,35.909435424868654],[-121.47002992905497,35.909435424868654],[-121.47002992905497,35.909704918221145],[-121.46936479098503,35.909700681633545],[-121.46936479098503,35.909431188281054]]],[[[-121.46935999325298,35.909966829718044],[-121.46902721840702,35.909966829718044],[-121.46902721840702,35.909697336365554],[-121.46935999325298,35.909697336365554],[-121.46935999325298,35.909966829718044]]],[[[-121.46968714917298,35.910241452887746],[-121.46935437432703,35.910241452887746],[-121.46935437432703,35.909971959535255],[-121.46968714917298,35.909971959535255],[-121.46968714917298,35.910241452887746]]],[[[-121.47034667403697,35.91052031100244],[-121.46934916589402,35.910511838495545],[-121.46934916589402,35.910242345143054],[-121.46968194073997,35.910242345143054],[-121.46968194073997,35.910246581856256],[-121.47001430735398,35.91025081764995],[-121.47034667403697,35.91025081764995],[-121.47034667403697,35.91052031100244]]]]},"properties":{"id":"jadecove-kelp-canopy","className":"Kelp Canopy","years":"Landsat recent","areaKm2":0.53}}]}