{"type":"FeatureCollection","features":[{"type":"Feature","geometry":{"type":"MultiLineString","coordinates":[[[-111.12713,26.0678],[-111.12687,26.0678],[-111.12661,26.06758],[-111.12663,26.06666],[-111.12743,26.06668],[-111.12738,26.06758],[-111.12713,26.0678]],[[-111.12939,26.06698],[-111.12955,26.06645],[-111.12989,26.06609],[-111.13069,26.06577],[-111.1303,26.06532],[-111.1303,26.0651],[-111.13095,26.06487],[-111.13105,26.06464],[-111.13064,26.06431],[-111.13039,26.06427],[-111.12989,26.06464],[-111.13007,26.06487],[-111.12939,26.06577],[-111.12939,26.06622],[-111.12895,26.06668],[-111.12914,26.06705],[-111.12939,26.06698]],[[-111.12411,26.06678],[-111.12443,26.06622],[-111.12411,26.06587],[-111.12361,26.06614],[-111.12349,26.06645],[-111.12386,26.06686],[-111.12411,26.06678]],[[-111.12914,26.06645],[-111.12914,26.06645]],[[-111.12939,26.06577],[-111.12939,26.06577]],[[-111.12336,26.06559],[-111.12437,26.06507],[-111.12462,26.06472],[-111.12411,26.06397],[-111.12411,26.0632],[-111.12386,26.06302],[-111.12261,26.06306],[-111.1221,26.06351],[-111.12185,26.06352],[-111.12135,26.06397],[-111.1211,26.06397],[-111.12009,26.06464],[-111.1207,26.0651],[-111.12236,26.06561],[-111.12286,26.06573],[-111.12336,26.06559]],[[-111.13215,26.06442],[-111.13265,26.06402],[-111.13341,26.06419],[-111.13416,26.06391],[-111.13464,26.06352],[-111.13466,26.06301],[-111.1349,26.06284],[-111.13517,26.06303],[-111.13542,26.06299],[-111.13926,26.06126],[-111.14371,26.05878],[-111.14848,26.05435],[-111.14923,26.05385],[-111.15024,26.05359],[-111.15049,26.05336],[-111.151,26.05336],[-111.15125,26.05313],[-111.15125,26.05155],[-111.15149,26.05134],[-111.15174,26.05134],[-111.15188,26.05155],[-111.15192,26.05223],[-111.15218,26.05268],[-111.1525,26.05284],[-111.15275,26.05271],[-111.15332,26.05223],[-111.1541,26.05065],[-111.15451,26.05047],[-111.15601,26.04896],[-111.15662,26.04885],[-111.15878,26.04781],[-111.16053,26.0461],[-111.16179,26.04532],[-111.16432,26.04433],[-111.16558,26.04343],[-111.16565,26.04275],[-111.16534,26.04253],[-111.1648,26.04253],[-111.16355,26.0432],[-111.16154,26.0432],[-111.16129,26.04343],[-111.16028,26.04343],[-111.16003,26.04365],[-111.15953,26.04365],[-111.15878,26.04433],[-111.15852,26.04433],[-111.15827,26.04456],[-111.15777,26.04456],[-111.15702,26.04501],[-111.15677,26.04501],[-111.15626,26.04546],[-111.15601,26.04546],[-111.15501,26.04614],[-111.1535,26.04614],[-111.15225,26.04727],[-111.15124,26.04727],[-111.15049,26.04772],[-111.15024,26.04749],[-111.14898,26.04749],[-111.14873,26.04727],[-111.14823,26.04727],[-111.14798,26.04704],[-111.14747,26.04704],[-111.14647,26.04772],[-111.14647,26.04817],[-111.14597,26.04862],[-111.14546,26.04862],[-111.14521,26.04839],[-111.14471,26.04839],[-111.14446,26.04817],[-111.14396,26.04817],[-111.14295,26.04907],[-111.1427,26.04907],[-111.1422,26.04952],[-111.14195,26.04952],[-111.14069,26.05043],[-111.13642,26.05223],[-111.13592,26.05268],[-111.13567,26.05268],[-111.13466,26.05359],[-111.13391,26.05381],[-111.13366,26.05404],[-111.13316,26.05404],[-111.13265,26.05447],[-111.13215,26.05449],[-111.13215,26.05562],[-111.13263,26.05584],[-111.13275,26.05697],[-111.1329,26.0572],[-111.1329,26.05878],[-111.13316,26.059],[-111.13366,26.06013],[-111.13391,26.06036],[-111.13391,26.06081],[-111.13416,26.06103],[-111.13316,26.06261],[-111.13316,26.06329],[-111.1324,26.06395],[-111.13214,26.06374],[-111.1318,26.06397],[-111.13215,26.06442]],[[-111.12989,26.06464],[-111.12989,26.06464]],[[-111.13014,26.06442],[-111.13014,26.06442]],[[-111.12035,26.06442],[-111.12035,26.06442]],[[-111.12085,26.06419],[-111.12085,26.06419]],[[-111.1211,26.06397],[-111.1211,26.06397]],[[-111.1216,26.06374],[-111.1216,26.06374]],[[-111.1329,26.06352],[-111.1329,26.06352]],[[-111.12185,26.06352],[-111.12185,26.06352]],[[-111.12261,26.06306],[-111.12261,26.06306]],[[-111.13316,26.06261],[-111.13316,26.06261]],[[-111.13341,26.06216],[-111.13341,26.06216]],[[-111.13366,26.06171],[-111.13366,26.06171]],[[-111.13391,26.06126],[-111.13391,26.06126]],[[-111.13391,26.06081],[-111.13391,26.06081]],[[-111.13366,26.06013],[-111.13366,26.06013]],[[-111.13341,26.05968],[-111.13341,26.05968]],[[-111.13316,26.05923],[-111.13316,26.05923]],[[-111.1329,26.05878],[-111.1329,26.05878]],[[-111.13215,26.05562],[-111.13215,26.05562]],[[-111.13215,26.05449],[-111.13215,26.05449]],[[-111.13316,26.05404],[-111.13316,26.05404]],[[-111.13391,26.05381],[-111.13391,26.05381]],[[-111.13441,26.05359],[-111.13441,26.05359]],[[-111.13491,26.05336],[-111.13491,26.05336]],[[-111.13517,26.05313],[-111.13517,26.05313]],[[-111.13542,26.05291],[-111.13542,26.05291]],[[-111.13567,26.05268],[-111.13567,26.05268]],[[-111.13617,26.05246],[-111.13617,26.05246]],[[-111.13642,26.05223],[-111.13642,26.05223]],[[-111.13692,26.05201],[-111.13692,26.05201]],[[-111.13743,26.05178],[-111.13743,26.05178]],[[-111.13793,26.05155],[-111.13793,26.05155]],[[-111.13843,26.05133],[-111.13843,26.05133]],[[-111.13893,26.0511],[-111.13893,26.0511]],[[-111.13944,26.05088],[-111.13944,26.05088]],[[-111.13994,26.05065],[-111.13994,26.05065]],[[-111.14044,26.05043],[-111.14044,26.05043]],[[-111.14094,26.0502],[-111.14094,26.0502]],[[-111.14119,26.04997],[-111.14119,26.04997]],[[-111.1417,26.04975],[-111.1417,26.04975]],[[-111.14195,26.04952],[-111.14195,26.04952]],[[-111.14245,26.0493],[-111.14245,26.0493]],[[-111.1427,26.04907],[-111.1427,26.04907]],[[-111.1432,26.04885],[-111.1432,26.04885]],[[-111.14345,26.04862],[-111.14345,26.04862]],[[-111.14622,26.04839],[-111.14622,26.04839]],[[-111.14371,26.04839],[-111.14371,26.04839]],[[-111.14396,26.04817],[-111.14396,26.04817]],[[-111.14647,26.04772],[-111.14647,26.04772]],[[-111.15074,26.04749],[-111.15074,26.04749]],[[-111.14672,26.04749],[-111.14672,26.04749]],[[-111.15124,26.04727],[-111.15124,26.04727]],[[-111.14722,26.04727],[-111.14722,26.04727]],[[-111.1525,26.04704],[-111.1525,26.04704]],[[-111.14747,26.04704],[-111.14747,26.04704]],[[-111.15275,26.04681],[-111.15275,26.04681]],[[-111.153,26.04659],[-111.153,26.04659]],[[-111.15325,26.04636],[-111.15325,26.04636]],[[-111.1535,26.04614],[-111.1535,26.04614]],[[-111.15526,26.04591],[-111.15526,26.04591]],[[-111.15576,26.04569],[-111.15576,26.04569]],[[-111.15601,26.04546],[-111.15601,26.04546]],[[-111.15652,26.04523],[-111.15652,26.04523]],[[-111.15677,26.04501],[-111.15677,26.04501]],[[-111.15727,26.04478],[-111.15727,26.04478]],[[-111.15777,26.04456],[-111.15777,26.04456]],[[-111.15852,26.04433],[-111.15852,26.04433]],[[-111.15903,26.04411],[-111.15903,26.04411]],[[-111.15928,26.04388],[-111.15928,26.04388]],[[-111.15953,26.04365],[-111.15953,26.04365]],[[-111.16028,26.04343],[-111.16028,26.04343]],[[-111.16154,26.0432],[-111.16154,26.0432]],[[-111.1638,26.04298],[-111.1638,26.04298]],[[-111.1643,26.04275],[-111.1643,26.04275]],[[-111.17133,26.0423],[-111.17108,26.0423],[-111.17133,26.0423]],[[-111.1648,26.04253],[-111.1648,26.04253]],[[-111.17108,26.0423],[-111.17108,26.0423]],[[-111.1756,26.03555],[-111.17573,26.03553],[-111.17573,26.03508],[-111.17661,26.03491],[-111.17761,26.03417],[-111.17837,26.03414],[-111.17887,26.03394],[-111.17962,26.03309],[-111.17987,26.03327],[-111.17988,26.03305],[-111.18063,26.03238],[-111.18087,26.03192],[-111.18088,26.03146],[-111.18112,26.03124],[-111.18088,26.03102],[-111.17761,26.03102],[-111.17725,26.03056],[-111.17717,26.0274],[-111.17694,26.02718],[-111.1769,26.02673],[-111.1765,26.02605],[-111.17661,26.02554],[-111.17613,26.02492],[-111.17586,26.02419],[-111.17535,26.02403],[-111.17513,26.02379],[-111.17504,26.02334],[-111.17421,26.02266],[-111.17298,26.01905],[-111.17298,26.0186],[-111.1736,26.01726],[-111.17369,26.0168],[-111.17359,26.01657],[-111.17383,26.01635],[-111.1739,26.01589],[-111.1736,26.01556],[-111.17334,26.01553],[-111.16882,26.01551],[-111.16869,26.01567],[-111.16884,26.01612],[-111.16859,26.01635],[-111.16807,26.01635],[-111.16782,26.01657],[-111.16706,26.01567],[-111.16681,26.01567],[-111.16656,26.01589],[-111.16581,26.01589],[-111.16531,26.01555],[-111.16455,26.01567],[-111.16355,26.0168],[-111.1633,26.01747],[-111.16254,26.0186],[-111.16254,26.01973],[-111.16279,26.01996],[-111.16279,26.02063],[-111.16305,26.02086],[-111.1633,26.02154],[-111.16405,26.02221],[-111.1643,26.02221],[-111.16455,26.02199],[-111.16506,26.02199],[-111.16531,26.02176],[-111.16556,26.02176],[-111.16581,26.02154],[-111.16581,26.02109],[-111.16606,26.02086],[-111.16606,26.02063],[-111.16706,26.01973],[-111.16832,26.02018],[-111.16882,26.02063],[-111.16882,26.02086],[-111.16832,26.02131],[-111.16832,26.02379],[-111.16807,26.02402],[-111.16807,26.02447],[-111.16857,26.02492],[-111.16857,26.02515],[-111.16914,26.02605],[-111.17133,26.02808],[-111.17159,26.02876],[-111.17184,26.02898],[-111.17184,26.02944],[-111.17234,26.03011],[-111.17259,26.03124],[-111.17284,26.03147],[-111.17309,26.03214],[-111.1736,26.0326],[-111.17385,26.03372],[-111.17435,26.0344],[-111.17435,26.03463],[-111.17482,26.03508],[-111.17485,26.03555],[-111.1756,26.03555]],[[-111.17435,26.03463],[-111.17435,26.03463]],[[-111.1741,26.03418],[-111.1741,26.03418]],[[-111.17385,26.03372],[-111.17385,26.03372]],[[-111.1736,26.03305],[-111.1736,26.03305]],[[-111.17334,26.03237],[-111.17334,26.03237]],[[-111.17309,26.03214],[-111.17309,26.03214]],[[-111.17284,26.03169],[-111.17284,26.03169]],[[-111.17787,26.03147],[-111.17787,26.03147]],[[-111.17259,26.03124],[-111.17259,26.03124]],[[-111.17234,26.03056],[-111.17234,26.03056]],[[-111.17209,26.02989],[-111.17209,26.02989]],[[-111.18063,26.02983],[-111.18103,26.02944],[-111.18093,26.02853],[-111.18066,26.02786],[-111.18013,26.02749],[-111.17912,26.0273],[-111.17862,26.02728],[-111.1782,26.02763],[-111.17818,26.02944],[-111.17862,26.02984],[-111.18063,26.02983]],[[-111.17184,26.02944],[-111.17184,26.02944]],[[-111.17159,26.02876],[-111.17159,26.02876]],[[-111.17133,26.02831],[-111.17133,26.02831]],[[-111.17108,26.02786],[-111.17108,26.02786]],[[-111.17083,26.02763],[-111.17083,26.02763]],[[-111.17058,26.0274],[-111.17058,26.0274]],[[-111.17033,26.02718],[-111.17033,26.02718]],[[-111.17008,26.02695],[-111.17008,26.02695]],[[-111.16983,26.02673],[-111.16983,26.02673]],[[-111.16882,26.0256],[-111.16882,26.0256]],[[-111.16857,26.02515],[-111.16857,26.02515]],[[-111.16832,26.0247],[-111.16832,26.0247]],[[-111.16807,26.02447],[-111.16807,26.02447]],[[-111.16807,26.02402],[-111.16807,26.02402]],[[-111.16405,26.02221],[-111.16405,26.02221]],[[-111.1638,26.02199],[-111.1638,26.02199]],[[-111.16355,26.02176],[-111.16355,26.02176]],[[-111.1633,26.02154],[-111.1633,26.02154]],[[-111.16832,26.02131],[-111.16832,26.02131]],[[-111.16305,26.02109],[-111.16305,26.02109]],[[-111.16857,26.02109],[-111.16857,26.02109]],[[-111.16279,26.02063],[-111.16279,26.02063]],[[-111.16857,26.02041],[-111.16857,26.02041]],[[-111.16807,26.02018],[-111.16807,26.02018]],[[-111.16757,26.01996],[-111.16757,26.01996]],[[-111.16254,26.01973],[-111.16254,26.01973]],[[-111.16254,26.0186],[-111.16254,26.0186]],[[-111.16279,26.01815],[-111.16279,26.01815]],[[-111.16305,26.0177],[-111.16305,26.0177]],[[-111.1633,26.01725],[-111.1633,26.01725]],[[-111.16355,26.0168],[-111.16355,26.0168]],[[-111.1638,26.01657],[-111.1638,26.01657]],[[-111.1643,26.01589],[-111.1643,26.01589]],[[-111.16681,26.01567],[-111.16681,26.01567]],[[-111.16455,26.01567],[-111.16455,26.01567]],[[-111.17385,26.01499],[-111.1741,26.01476],[-111.17416,26.01409],[-111.17385,26.01377],[-111.1736,26.01375],[-111.16933,26.01373],[-111.16907,26.01398],[-111.16907,26.01454],[-111.16883,26.01477],[-111.16907,26.01499],[-111.17385,26.01499]],[[-111.1741,26.01259],[-111.17435,26.01237],[-111.17438,26.01161],[-111.17385,26.01131],[-111.16933,26.01129],[-111.16933,26.01206],[-111.16907,26.01228],[-111.16933,26.01259],[-111.1741,26.01259]],[[-111.16907,26.01228],[-111.16907,26.01228]],[[-111.17435,26.00859],[-111.1746,26.00837],[-111.17466,26.00664],[-111.17435,26.00615],[-111.17083,26.00619],[-111.16983,26.00709],[-111.16983,26.00732],[-111.16958,26.00754],[-111.16958,26.00799],[-111.17058,26.00859],[-111.17435,26.00859]],[[-111.16983,26.00822],[-111.16983,26.00822]],[[-111.16958,26.00799],[-111.16958,26.00799]],[[-111.16958,26.00754],[-111.16958,26.00754]],[[-111.16983,26.00709],[-111.16983,26.00709]],[[-111.17008,26.00687],[-111.17008,26.00687]],[[-111.17033,26.00664],[-111.17033,26.00664]],[[-111.17058,26.00641],[-111.17058,26.00641]],[[-111.17083,26.00619],[-111.17083,26.00619]],[[-111.1746,26.00536],[-111.17477,26.00506],[-111.17435,26.0048],[-111.17259,26.00476],[-111.17234,26.00504],[-111.17259,26.00536],[-111.1746,26.00536]],[[-111.17485,26.00361],[-111.17497,26.00326],[-111.1746,26.00301],[-111.17259,26.00298],[-111.17234,26.00324],[-111.17259,26.00361],[-111.17485,26.00361]],[[-111.1746,25.99854],[-111.1751,25.99822],[-111.1751,25.99782],[-111.17485,25.9976],[-111.17083,25.9976],[-111.17058,25.99782],[-111.17058,25.99806],[-111.17108,25.99856],[-111.1746,25.99854]],[[-111.17058,25.99806],[-111.17058,25.99806]],[[-111.17435,25.9963],[-111.17482,25.99603],[-111.1746,25.99566],[-111.16983,25.99566],[-111.16966,25.99581],[-111.17008,25.99632],[-111.17435,25.9963]],[[-111.17435,25.9947],[-111.17461,25.99445],[-111.17435,25.99408],[-111.16907,25.99408],[-111.16891,25.99423],[-111.16933,25.99478],[-111.17435,25.9947]],[[-111.1736,25.99336],[-111.1738,25.99332],[-111.1739,25.99287],[-111.1739,25.99242],[-111.17339,25.9922],[-111.17365,25.99152],[-111.17337,25.99129],[-111.17308,25.99062],[-111.17234,25.99039],[-111.17245,25.98994],[-111.17219,25.98949],[-111.17234,25.98918],[-111.172,25.98904],[-111.17259,25.98885],[-111.17309,25.98822],[-111.17513,25.98452],[-111.17273,25.98181],[-111.17234,25.9816],[-111.17108,25.98226],[-111.17083,25.98226],[-111.16983,25.98317],[-111.16983,25.98362],[-111.16958,25.98385],[-111.16958,25.98452],[-111.17008,25.98497],[-111.17008,25.98588],[-111.16983,25.9861],[-111.16958,25.98678],[-111.16907,25.98723],[-111.16907,25.98791],[-111.16882,25.98813],[-111.16882,25.98836],[-111.16807,25.98926],[-111.16807,25.98994],[-111.16832,25.99016],[-111.16832,25.99062],[-111.16807,25.99084],[-111.16807,25.99183],[-111.16822,25.99197],[-111.16819,25.99265],[-111.16857,25.99338],[-111.1736,25.99336]],[[-111.16807,25.99084],[-111.16807,25.99084]],[[-111.16807,25.98994],[-111.16807,25.98994]],[[-111.16807,25.98926],[-111.16807,25.98926]],[[-111.16832,25.98881],[-111.16832,25.98881]],[[-111.16857,25.98858],[-111.16857,25.98858]],[[-111.16882,25.98813],[-111.16882,25.98813]],[[-111.16907,25.98723],[-111.16907,25.98723]],[[-111.16933,25.98701],[-111.16933,25.98701]],[[-111.16958,25.98655],[-111.16958,25.98655]],[[-111.16983,25.9861],[-111.16983,25.9861]],[[-111.11984,25.98563],[-111.12035,25.98514],[-111.1206,25.98536],[-111.1206,25.98566],[-111.12035,25.98588],[-111.12007,25.98588],[-111.11984,25.98568]],[[-111.16983,25.98475],[-111.16983,25.98475]],[[-111.16958,25.98452],[-111.16958,25.98452]],[[-111.12085,25.98432],[-111.1211,25.98394],[-111.12085,25.98372],[-111.1206,25.98372],[-111.12033,25.98407],[-111.1206,25.98433],[-111.12085,25.98432]],[[-111.16958,25.98385],[-111.16958,25.98385]],[[-111.17636,25.98351],[-111.17684,25.98317],[-111.17684,25.98001],[-111.17659,25.97978],[-111.17353,25.98114],[-111.1736,25.98138],[-111.17636,25.98351]],[[-111.1211,25.98335],[-111.1216,25.98272],[-111.12136,25.98249],[-111.12185,25.98192],[-111.12185,25.98068],[-111.1216,25.98066],[-111.12085,25.9814],[-111.12079,25.98181],[-111.12097,25.98204],[-111.12054,25.98294],[-111.12085,25.98333],[-111.1211,25.98335]],[[-111.16983,25.98317],[-111.16983,25.98317]],[[-111.17787,25.98273],[-111.17873,25.98227],[-111.1788,25.98181],[-111.1798,25.98114],[-111.17987,25.98077],[-111.18239,25.97998],[-111.18309,25.97911],[-111.18364,25.97902],[-111.18425,25.97798],[-111.18412,25.9773],[-111.18465,25.97695],[-111.18465,25.97677],[-111.1844,25.97653],[-111.18364,25.97685],[-111.18314,25.97742],[-111.18239,25.97775],[-111.18188,25.9782],[-111.18113,25.9782],[-111.18088,25.97843],[-111.18038,25.97843],[-111.18013,25.97865],[-111.17962,25.97865],[-111.17837,25.97933],[-111.17787,25.97933],[-111.17737,25.97956],[-111.17712,25.97978],[-111.17714,25.98249],[-111.17761,25.9828],[-111.17787,25.98273]],[[-111.17008,25.98294],[-111.17008,25.98294]],[[-111.17033,25.98272],[-111.17033,25.98272]],[[-111.17058,25.98249],[-111.17058,25.98249]],[[-111.17133,25.98204],[-111.17133,25.98204]],[[-111.17184,25.98181],[-111.17184,25.98181]],[[-111.17385,25.98091],[-111.17385,25.98091]],[[-111.17435,25.98069],[-111.17435,25.98069]],[[-111.17485,25.98046],[-111.17485,25.98046]],[[-111.17535,25.98023],[-111.17535,25.98023]],[[-111.17636,25.97978],[-111.17636,25.97978]],[[-111.17912,25.97888],[-111.17912,25.97888]],[[-111.17962,25.97865],[-111.17962,25.97865]],[[-111.18038,25.97843],[-111.18038,25.97843]],[[-111.18113,25.9782],[-111.18113,25.9782]],[[-111.18213,25.97798],[-111.18213,25.97798]],[[-111.18239,25.97775],[-111.18239,25.97775]],[[-111.18289,25.97753],[-111.18289,25.97753]],[[-111.18364,25.97685],[-111.18364,25.97685]],[[-111.18414,25.97662],[-111.18414,25.97662]]]},"properties":{"depth_m":1}},{"type":"Feature","geometry":{"type":"MultiLineString","coordinates":[[[-111.12713,26.06785],[-111.12763,26.06758],[-111.12763,26.06668],[-111.12738,26.06645],[-111.12713,26.06668],[-111.12688,26.06668],[-111.12663,26.06645],[-111.12663,26.06622],[-111.12637,26.06619],[-111.12634,26.06758],[-111.12659,26.0678],[-111.12713,26.06785]],[[-111.12738,26.0678],[-111.12738,26.0678]],[[-111.12939,26.06715],[-111.13019,26.06668],[-111.13083,26.06577],[-111.13087,26.0651],[-111.13115,26.06504],[-111.13182,26.06442],[-111.13265,26.06445],[-111.13434,26.06397],[-111.13567,26.06308],[-111.14142,26.06036],[-111.14371,26.05899],[-111.14571,26.05726],[-111.14856,26.05449],[-111.14998,26.05376],[-111.15176,26.05336],[-111.1525,26.05299],[-111.15342,26.05223],[-111.15432,26.05088],[-111.15576,26.04947],[-111.15887,26.04794],[-111.16053,26.04634],[-111.16129,26.04586],[-111.1648,26.04426],[-111.16589,26.04343],[-111.16589,26.04275],[-111.16564,26.04253],[-111.1648,26.04253],[-111.16355,26.0432],[-111.16154,26.0432],[-111.16129,26.04343],[-111.16028,26.04343],[-111.16003,26.04365],[-111.15953,26.04365],[-111.15878,26.04433],[-111.15852,26.04433],[-111.15827,26.04456],[-111.15777,26.04456],[-111.15702,26.04501],[-111.15677,26.04501],[-111.15626,26.04546],[-111.15601,26.04546],[-111.15501,26.04614],[-111.1535,26.04614],[-111.15225,26.04727],[-111.15124,26.04727],[-111.15049,26.04772],[-111.15024,26.04749],[-111.14898,26.04749],[-111.14873,26.04727],[-111.14823,26.04727],[-111.14798,26.04704],[-111.14747,26.04704],[-111.14647,26.04772],[-111.14647,26.04817],[-111.14597,26.04862],[-111.14546,26.04862],[-111.14521,26.04839],[-111.14471,26.04839],[-111.14446,26.04817],[-111.14396,26.04817],[-111.14295,26.04907],[-111.1427,26.04907],[-111.1422,26.04952],[-111.14195,26.04952],[-111.14069,26.05043],[-111.13642,26.05223],[-111.13592,26.05268],[-111.13567,26.05268],[-111.13466,26.05359],[-111.13391,26.05381],[-111.13366,26.05404],[-111.1324,26.05426],[-111.13215,26.05449],[-111.13215,26.05562],[-111.1324,26.05584],[-111.1324,26.05629],[-111.13265,26.05652],[-111.13265,26.05697],[-111.1329,26.0572],[-111.1329,26.05878],[-111.13316,26.059],[-111.13366,26.06013],[-111.13391,26.06036],[-111.13391,26.06081],[-111.13416,26.06103],[-111.13316,26.06261],[-111.13316,26.06329],[-111.13265,26.06374],[-111.13115,26.06374],[-111.1309,26.06397],[-111.13064,26.06397],[-111.12989,26.06464],[-111.1299,26.06487],[-111.12965,26.0651],[-111.12964,26.06555],[-111.12939,26.06577],[-111.12939,26.06622],[-111.12889,26.06668],[-111.12889,26.06713],[-111.12939,26.06715]],[[-111.12562,26.06732],[-111.12575,26.066],[-111.12562,26.06555],[-111.12437,26.06442],[-111.12437,26.06419],[-111.12411,26.06397],[-111.12411,26.06309],[-111.12386,26.06296],[-111.12261,26.06306],[-111.1206,26.06441],[-111.12035,26.06442],[-111.1199,26.06487],[-111.1202,26.0651],[-111.12296,26.066],[-111.12361,26.06682],[-111.12437,26.06721],[-111.12512,26.06716],[-111.12562,26.06732]],[[-111.12889,26.06668],[-111.12889,26.06668]],[[-111.12914,26.06645],[-111.12914,26.06645]],[[-111.12939,26.06577],[-111.12939,26.06577]],[[-111.12989,26.06464],[-111.12989,26.06464]],[[-111.13014,26.06442],[-111.13014,26.06442]],[[-111.13039,26.06419],[-111.13039,26.06419]],[[-111.13064,26.06397],[-111.13064,26.06397]],[[-111.13115,26.06374],[-111.13115,26.06374]],[[-111.1216,26.06374],[-111.1216,26.06374]],[[-111.1329,26.06352],[-111.1329,26.06352]],[[-111.13316,26.06261],[-111.13316,26.06261]],[[-111.13341,26.06216],[-111.13341,26.06216]],[[-111.13366,26.06171],[-111.13366,26.06171]],[[-111.13391,26.06126],[-111.13391,26.06126]],[[-111.13391,26.06081],[-111.13391,26.06081]],[[-111.13366,26.06013],[-111.13366,26.06013]],[[-111.13341,26.05968],[-111.13341,26.05968]],[[-111.13316,26.05923],[-111.13316,26.05923]],[[-111.1329,26.05878],[-111.1329,26.05878]],[[-111.13265,26.05697],[-111.13265,26.05697]],[[-111.1324,26.05629],[-111.1324,26.05629]],[[-111.14672,26.05629],[-111.14672,26.05629]],[[-111.13215,26.05562],[-111.13215,26.05562]],[[-111.13215,26.05449],[-111.13215,26.05449]],[[-111.1324,26.05426],[-111.1324,26.05426]],[[-111.13316,26.05404],[-111.13316,26.05404]],[[-111.13391,26.05381],[-111.13391,26.05381]],[[-111.13441,26.05359],[-111.13441,26.05359]],[[-111.13491,26.05336],[-111.13491,26.05336]],[[-111.13517,26.05313],[-111.13517,26.05313]],[[-111.13542,26.05291],[-111.13542,26.05291]],[[-111.13567,26.05268],[-111.13567,26.05268]],[[-111.13617,26.05246],[-111.13617,26.05246]],[[-111.13642,26.05223],[-111.13642,26.05223]],[[-111.13692,26.05201],[-111.13692,26.05201]],[[-111.13743,26.05178],[-111.13743,26.05178]],[[-111.13793,26.05155],[-111.13793,26.05155]],[[-111.13843,26.05133],[-111.13843,26.05133]],[[-111.13893,26.0511],[-111.13893,26.0511]],[[-111.13944,26.05088],[-111.13944,26.05088]],[[-111.13994,26.05065],[-111.13994,26.05065]],[[-111.14044,26.05043],[-111.14044,26.05043]],[[-111.14094,26.0502],[-111.14094,26.0502]],[[-111.14119,26.04997],[-111.14119,26.04997]],[[-111.1417,26.04975],[-111.1417,26.04975]],[[-111.14195,26.04952],[-111.14195,26.04952]],[[-111.14245,26.0493],[-111.14245,26.0493]],[[-111.1427,26.04907],[-111.1427,26.04907]],[[-111.1432,26.04885],[-111.1432,26.04885]],[[-111.14345,26.04862],[-111.14345,26.04862]],[[-111.14622,26.04839],[-111.14622,26.04839]],[[-111.14371,26.04839],[-111.14371,26.04839]],[[-111.14396,26.04817],[-111.14396,26.04817]],[[-111.14647,26.04772],[-111.14647,26.04772]],[[-111.15074,26.04749],[-111.15074,26.04749]],[[-111.14672,26.04749],[-111.14672,26.04749]],[[-111.15124,26.04727],[-111.15124,26.04727]],[[-111.14722,26.04727],[-111.14722,26.04727]],[[-111.1525,26.04704],[-111.1525,26.04704]],[[-111.14747,26.04704],[-111.14747,26.04704]],[[-111.15275,26.04681],[-111.15275,26.04681]],[[-111.153,26.04659],[-111.153,26.04659]],[[-111.15325,26.04636],[-111.15325,26.04636]],[[-111.1535,26.04614],[-111.1535,26.04614]],[[-111.15526,26.04591],[-111.15526,26.04591]],[[-111.15576,26.04569],[-111.15576,26.04569]],[[-111.15601,26.04546],[-111.15601,26.04546]],[[-111.15652,26.04523],[-111.15652,26.04523]],[[-111.15677,26.04501],[-111.15677,26.04501]],[[-111.16355,26.04478],[-111.16355,26.04478]],[[-111.15727,26.04478],[-111.15727,26.04478]],[[-111.15777,26.04456],[-111.15777,26.04456]],[[-111.15852,26.04433],[-111.15852,26.04433]],[[-111.15903,26.04411],[-111.15903,26.04411]],[[-111.15928,26.04388],[-111.15928,26.04388]],[[-111.16681,26.04344],[-111.16718,26.0432],[-111.16718,26.04298],[-111.16693,26.04275],[-111.16643,26.04298],[-111.16681,26.04344]],[[-111.15953,26.04365],[-111.15953,26.04365]],[[-111.16857,26.0432],[-111.16895,26.04298],[-111.1687,26.04275],[-111.16832,26.04298],[-111.16857,26.0432]],[[-111.16028,26.04343],[-111.16028,26.04343]],[[-111.16832,26.04298],[-111.16832,26.04298]],[[-111.16154,26.0432],[-111.16154,26.0432]],[[-111.17133,26.04277],[-111.17167,26.04253],[-111.17167,26.0423],[-111.17142,26.04207],[-111.17096,26.0423],[-111.17133,26.04277]],[[-111.17033,26.04278],[-111.17036,26.04253],[-111.17011,26.0423],[-111.16985,26.04253],[-111.16985,26.04275],[-111.17008,26.04295],[-111.17033,26.04278]],[[-111.1638,26.04298],[-111.1638,26.04298]],[[-111.17259,26.04254],[-111.17316,26.0423],[-111.17316,26.04207],[-111.17256,26.04207],[-111.17226,26.0423],[-111.17259,26.04254]],[[-111.1643,26.04275],[-111.1643,26.04275]],[[-111.1648,26.04253],[-111.1648,26.04253]],[[-111.17008,26.0423],[-111.17008,26.0423]],[[-111.17586,26.03856],[-111.17611,26.03824],[-111.17586,26.03801],[-111.1756,26.03801],[-111.1756,26.03834],[-111.17586,26.03856]],[[-111.1756,26.03801],[-111.1756,26.03801]],[[-111.17611,26.03712],[-111.17617,26.03688],[-111.17603,26.03666],[-111.17504,26.03666],[-111.1751,26.037],[-111.17535,26.03712],[-111.17611,26.03712]],[[-111.17636,26.03579],[-111.17662,26.03553],[-111.17644,26.03508],[-111.17736,26.03453],[-111.17912,26.03396],[-111.18009,26.03327],[-111.18065,26.0326],[-111.18138,26.03126],[-111.18515,26.03147],[-111.18549,26.03124],[-111.18565,26.03102],[-111.18567,26.02695],[-111.18515,26.02653],[-111.18138,26.02715],[-111.17736,26.02701],[-111.17711,26.02679],[-111.17613,26.02424],[-111.17449,26.02266],[-111.17325,26.01905],[-111.17324,26.0186],[-111.1737,26.01747],[-111.1741,26.01577],[-111.17451,26.01161],[-111.1741,26.01118],[-111.16933,26.01119],[-111.16933,26.01206],[-111.16907,26.01228],[-111.16907,26.01454],[-111.16857,26.01499],[-111.16857,26.01567],[-111.16882,26.01589],[-111.16882,26.01612],[-111.16857,26.01635],[-111.16807,26.01635],[-111.16782,26.01657],[-111.16706,26.01567],[-111.16681,26.01567],[-111.16656,26.01589],[-111.16581,26.01589],[-111.16531,26.01544],[-111.1648,26.01544],[-111.16355,26.0168],[-111.1633,26.01747],[-111.16254,26.0186],[-111.16254,26.01973],[-111.16279,26.01996],[-111.16279,26.02063],[-111.16305,26.02086],[-111.1633,26.02154],[-111.16405,26.02221],[-111.1643,26.02221],[-111.16455,26.02199],[-111.16506,26.02199],[-111.16531,26.02176],[-111.16556,26.02176],[-111.16581,26.02154],[-111.16581,26.02109],[-111.16606,26.02086],[-111.16606,26.02063],[-111.16706,26.01973],[-111.16832,26.02018],[-111.16882,26.02063],[-111.16882,26.02086],[-111.16832,26.02131],[-111.16832,26.02379],[-111.16807,26.02402],[-111.16807,26.02447],[-111.16857,26.02492],[-111.16907,26.02605],[-111.17133,26.02808],[-111.17159,26.02876],[-111.17184,26.02898],[-111.17184,26.02944],[-111.17234,26.03011],[-111.17259,26.03124],[-111.17284,26.03147],[-111.17309,26.03214],[-111.1736,26.0326],[-111.17385,26.03372],[-111.1746,26.03485],[-111.17485,26.03566],[-111.1751,26.03579],[-111.17636,26.03579]],[[-111.17435,26.03463],[-111.17435,26.03463]],[[-111.1741,26.03418],[-111.1741,26.03418]],[[-111.17385,26.03372],[-111.17385,26.03372]],[[-111.1736,26.03305],[-111.1736,26.03305]],[[-111.17334,26.03237],[-111.17334,26.03237]],[[-111.17309,26.03214],[-111.17309,26.03214]],[[-111.17284,26.03169],[-111.17284,26.03169]],[[-111.17259,26.03124],[-111.17259,26.03124]],[[-111.17234,26.03056],[-111.17234,26.03056]],[[-111.17209,26.02989],[-111.17209,26.02989]],[[-111.17184,26.02944],[-111.17184,26.02944]],[[-111.17159,26.02876],[-111.17159,26.02876]],[[-111.17133,26.02831],[-111.17133,26.02831]],[[-111.17108,26.02786],[-111.17108,26.02786]],[[-111.17083,26.02763],[-111.17083,26.02763]],[[-111.17058,26.0274],[-111.17058,26.0274]],[[-111.17033,26.02718],[-111.17033,26.02718]],[[-111.17008,26.02695],[-111.17008,26.02695]],[[-111.16983,26.02673],[-111.16983,26.02673]],[[-111.16958,26.0265],[-111.16958,26.0265]],[[-111.16933,26.02628],[-111.16933,26.02628]],[[-111.16907,26.02605],[-111.16907,26.02605]],[[-111.16882,26.0256],[-111.16882,26.0256]],[[-111.16857,26.02515],[-111.16857,26.02515]],[[-111.16832,26.0247],[-111.16832,26.0247]],[[-111.16807,26.02447],[-111.16807,26.02447]],[[-111.16807,26.02402],[-111.16807,26.02402]],[[-111.16405,26.02221],[-111.16405,26.02221]],[[-111.1638,26.02199],[-111.1638,26.02199]],[[-111.16355,26.02176],[-111.16355,26.02176]],[[-111.1633,26.02154],[-111.1633,26.02154]],[[-111.16832,26.02131],[-111.16832,26.02131]],[[-111.16305,26.02109],[-111.16305,26.02109]],[[-111.16857,26.02109],[-111.16857,26.02109]],[[-111.16279,26.02063],[-111.16279,26.02063]],[[-111.16857,26.02041],[-111.16857,26.02041]],[[-111.16807,26.02018],[-111.16807,26.02018]],[[-111.16757,26.01996],[-111.16757,26.01996]],[[-111.16254,26.01973],[-111.16254,26.01973]],[[-111.16254,26.0186],[-111.16254,26.0186]],[[-111.16279,26.01815],[-111.16279,26.01815]],[[-111.16305,26.0177],[-111.16305,26.0177]],[[-111.1633,26.01725],[-111.1633,26.01725]],[[-111.16355,26.0168],[-111.16355,26.0168]],[[-111.1638,26.01657],[-111.1638,26.01657]],[[-111.16807,26.01635],[-111.16807,26.01635]],[[-111.16405,26.01612],[-111.16405,26.01612]],[[-111.16857,26.01567],[-111.16857,26.01567]],[[-111.1643,26.01589],[-111.1643,26.01589]],[[-111.16681,26.01567],[-111.16681,26.01567]],[[-111.16455,26.01567],[-111.16455,26.01567]],[[-111.1648,26.01544],[-111.1648,26.01544]],[[-111.16857,26.01499],[-111.16857,26.01499]],[[-111.16882,26.01477],[-111.16882,26.01477]],[[-111.16907,26.01228],[-111.16907,26.01228]],[[-111.17435,26.01071],[-111.1746,26.01049],[-111.17463,26.01003],[-111.17475,26.00664],[-111.17453,26.00619],[-111.17493,26.00506],[-111.1746,26.00469],[-111.17259,26.00466],[-111.17234,26.00494],[-111.17234,26.00529],[-111.17209,26.00551],[-111.1723,26.00574],[-111.17205,26.00596],[-111.17083,26.00619],[-111.16983,26.00709],[-111.16983,26.00732],[-111.16958,26.00754],[-111.16958,26.008],[-111.16983,26.00822],[-111.17008,26.00822],[-111.17058,26.0089],[-111.17058,26.00935],[-111.17008,26.01003],[-111.17008,26.01049],[-111.17033,26.01071],[-111.17435,26.01071]],[[-111.17008,26.01003],[-111.17008,26.01003]],[[-111.17033,26.00957],[-111.17033,26.00957]],[[-111.17033,26.00867],[-111.17033,26.00867]],[[-111.16983,26.00822],[-111.16983,26.00822]],[[-111.16958,26.00754],[-111.16958,26.00754]],[[-111.16983,26.00709],[-111.16983,26.00709]],[[-111.17008,26.00687],[-111.17008,26.00687]],[[-111.17033,26.00664],[-111.17033,26.00664]],[[-111.17058,26.00641],[-111.17058,26.00641]],[[-111.17083,26.00619],[-111.17083,26.00619]],[[-111.17209,26.00551],[-111.17209,26.00551]],[[-111.17485,26.00411],[-111.1751,26.00388],[-111.17515,26.00348],[-111.17515,26.00326],[-111.17485,26.00296],[-111.17259,26.00291],[-111.17234,26.00317],[-111.17234,26.00348],[-111.17284,26.00411],[-111.17485,26.00411]],[[-111.17234,26.00348],[-111.17234,26.00348]],[[-111.17485,25.99857],[-111.17519,25.99806],[-111.1751,25.99734],[-111.17485,25.99711],[-111.17053,25.99716],[-111.17058,25.99806],[-111.17108,25.99862],[-111.17485,25.99857]],[[-111.17058,25.99806],[-111.17058,25.99806]],[[-111.1746,25.99638],[-111.17493,25.99603],[-111.17485,25.99545],[-111.1746,25.99523],[-111.16958,25.99523],[-111.16943,25.99536],[-111.16958,25.99581],[-111.17008,25.99639],[-111.1746,25.99638]],[[-111.16958,25.99581],[-111.16958,25.99581]],[[-111.17435,25.99487],[-111.1747,25.99445],[-111.1746,25.99393],[-111.17424,25.99332],[-111.17438,25.99287],[-111.17361,25.99107],[-111.17251,25.98971],[-111.1727,25.98904],[-111.17385,25.98736],[-111.17475,25.98543],[-111.17594,25.98407],[-111.17711,25.98324],[-111.17887,25.98234],[-111.18038,25.98098],[-111.1826,25.98001],[-111.18364,25.97923],[-111.18445,25.97798],[-111.1849,25.97612],[-111.18465,25.97617],[-111.18389,25.97684],[-111.18364,25.97685],[-111.18264,25.97775],[-111.18238,25.97775],[-111.18188,25.9782],[-111.18113,25.9782],[-111.18088,25.97842],[-111.18037,25.97843],[-111.18013,25.97865],[-111.17962,25.97865],[-111.17837,25.97933],[-111.17711,25.97956],[-111.17686,25.97978],[-111.17635,25.97978],[-111.17309,25.98136],[-111.17083,25.98226],[-111.16983,25.98317],[-111.16983,25.98362],[-111.16958,25.98385],[-111.16958,25.98452],[-111.17008,25.98497],[-111.17008,25.98588],[-111.16983,25.9861],[-111.16958,25.98678],[-111.16907,25.98723],[-111.16907,25.98791],[-111.16882,25.98813],[-111.16882,25.98836],[-111.16807,25.98926],[-111.16807,25.98994],[-111.16832,25.99016],[-111.16832,25.99039],[-111.16832,25.99062],[-111.16807,25.99084],[-111.16807,25.99265],[-111.16832,25.99287],[-111.16832,25.99321],[-111.16874,25.99378],[-111.16882,25.99423],[-111.16933,25.99488],[-111.17435,25.99487]],[[-111.16882,25.99423],[-111.16882,25.99423]],[[-111.16807,25.99265],[-111.16807,25.99265]],[[-111.16807,25.99084],[-111.16807,25.99084]],[[-111.16807,25.98994],[-111.16807,25.98994]],[[-111.16807,25.98926],[-111.16807,25.98926]],[[-111.16832,25.98881],[-111.16832,25.98881]],[[-111.16857,25.98858],[-111.16857,25.98858]],[[-111.16882,25.98813],[-111.16882,25.98813]],[[-111.16907,25.98723],[-111.16907,25.98723]],[[-111.16933,25.98701],[-111.16933,25.98701]],[[-111.16958,25.98655],[-111.16958,25.98655]],[[-111.16983,25.9861],[-111.16983,25.9861]],[[-111.11984,25.98588],[-111.12035,25.98588],[-111.1206,25.98567],[-111.1206,25.98497],[-111.12085,25.98475],[-111.12085,25.9843],[-111.1211,25.98407],[-111.12135,25.98294],[-111.12185,25.98227],[-111.12185,25.98058],[-111.1216,25.98054],[-111.12073,25.98136],[-111.12019,25.98407],[-111.12035,25.9843],[-111.1201,25.98452],[-111.11984,25.98529]],[[-111.16983,25.98475],[-111.16983,25.98475]],[[-111.16958,25.98452],[-111.16958,25.98452]],[[-111.16958,25.98385],[-111.16958,25.98385]],[[-111.16983,25.98317],[-111.16983,25.98317]],[[-111.17008,25.98294],[-111.17008,25.98294]],[[-111.17033,25.98272],[-111.17033,25.98272]],[[-111.17058,25.98249],[-111.17058,25.98249]],[[-111.17133,25.98204],[-111.17133,25.98204]],[[-111.17234,25.98159],[-111.17234,25.98159]],[[-111.17284,25.98136],[-111.17284,25.98136]],[[-111.17334,25.98114],[-111.17334,25.98114]],[[-111.17485,25.98046],[-111.17485,25.98046]],[[-111.17535,25.98023],[-111.17535,25.98023]],[[-111.17711,25.97956],[-111.17711,25.97956]],[[-111.17912,25.97888],[-111.17912,25.97888]],[[-111.17962,25.97865],[-111.17962,25.97865]],[[-111.18113,25.9782],[-111.18113,25.9782]],[[-111.18314,25.9773],[-111.18314,25.9773]],[[-111.18339,25.97707],[-111.18339,25.97707]],[[-111.18364,25.97685],[-111.18364,25.97685]],[[-111.18414,25.97662],[-111.18414,25.97662]],[[-111.18465,25.97617],[-111.18465,25.97617]]]},"properties":{"depth_m":2}},{"type":"Feature","geometry":{"type":"MultiLineString","coordinates":[[[-111.11984,26.06516],[-111.12261,26.06599],[-111.12386,26.0671],[-111.12501,26.06758],[-111.12562,26.06748],[-111.12688,26.06789],[-111.12757,26.0678],[-111.12799,26.06758],[-111.12783,26.06668],[-111.12757,26.06645],[-111.12688,26.06668],[-111.12663,26.06645],[-111.12663,26.06622],[-111.12637,26.066],[-111.12612,26.06617],[-111.12437,26.06442],[-111.12437,26.06419],[-111.12411,26.06397],[-111.12411,26.06306],[-111.12386,26.06291],[-111.12261,26.06306],[-111.1206,26.06441],[-111.12035,26.06441],[-111.11984,26.06487]],[[-111.12838,26.06759],[-111.12964,26.06718],[-111.13014,26.06681],[-111.13067,26.06622],[-111.13106,26.06532],[-111.13165,26.06478],[-111.13458,26.06397],[-111.13567,26.06325],[-111.14177,26.06036],[-111.14371,26.05919],[-111.14578,26.05742],[-111.1488,26.05449],[-111.15024,26.05381],[-111.15199,26.0534],[-111.15275,26.05289],[-111.15375,26.05201],[-111.15485,26.05043],[-111.15601,26.04942],[-111.15912,26.04794],[-111.16053,26.04659],[-111.16179,26.04579],[-111.16455,26.04459],[-111.16606,26.04349],[-111.16656,26.04334],[-111.16681,26.0435],[-111.16721,26.04343],[-111.16746,26.0432],[-111.16746,26.04298],[-111.16721,26.04275],[-111.16656,26.04282],[-111.16588,26.04253],[-111.1648,26.04253],[-111.16355,26.0432],[-111.16154,26.0432],[-111.16129,26.04343],[-111.16028,26.04343],[-111.16003,26.04365],[-111.15953,26.04365],[-111.15878,26.04433],[-111.15852,26.04433],[-111.15827,26.04456],[-111.15777,26.04456],[-111.15702,26.04501],[-111.15677,26.04501],[-111.15626,26.04546],[-111.15601,26.04546],[-111.15501,26.04614],[-111.1535,26.04614],[-111.15225,26.04727],[-111.15124,26.04727],[-111.15049,26.04772],[-111.15024,26.04749],[-111.14898,26.04749],[-111.14873,26.04727],[-111.14823,26.04727],[-111.14798,26.04704],[-111.14747,26.04704],[-111.14647,26.04772],[-111.14647,26.04817],[-111.14597,26.04862],[-111.14546,26.04862],[-111.14521,26.04839],[-111.14471,26.04839],[-111.14446,26.04817],[-111.14396,26.04817],[-111.14295,26.04907],[-111.1427,26.04907],[-111.1422,26.04952],[-111.14195,26.04952],[-111.14069,26.05043],[-111.13642,26.05223],[-111.13592,26.05268],[-111.13567,26.05268],[-111.13466,26.05359],[-111.13391,26.05381],[-111.13366,26.05404],[-111.1324,26.05426],[-111.13215,26.05448],[-111.13215,26.05562],[-111.1324,26.05584],[-111.1324,26.05629],[-111.13265,26.05652],[-111.13265,26.05697],[-111.1329,26.0572],[-111.1329,26.05878],[-111.13316,26.059],[-111.13366,26.06013],[-111.13391,26.06036],[-111.13391,26.06081],[-111.13416,26.06103],[-111.13316,26.06261],[-111.13316,26.06329],[-111.13265,26.06374],[-111.13115,26.06374],[-111.1309,26.06397],[-111.13064,26.06397],[-111.12989,26.06464],[-111.12989,26.06487],[-111.12964,26.0651],[-111.12964,26.06555],[-111.12939,26.06577],[-111.12939,26.06622],[-111.12889,26.06668],[-111.12864,26.06735],[-111.12827,26.06758],[-111.12838,26.06759]],[[-111.12864,26.06713],[-111.12864,26.06713]],[[-111.12889,26.06668],[-111.12889,26.06668]],[[-111.12914,26.06645],[-111.12914,26.06645]],[[-111.12738,26.06645],[-111.12738,26.06645]],[[-111.12939,26.06577],[-111.12939,26.06577]],[[-111.12964,26.0651],[-111.12964,26.0651]],[[-111.12989,26.06464],[-111.12989,26.06464]],[[-111.13014,26.06442],[-111.13014,26.06442]],[[-111.13039,26.06419],[-111.13039,26.06419]],[[-111.13064,26.06397],[-111.13064,26.06397]],[[-111.13115,26.06374],[-111.13115,26.06374]],[[-111.1329,26.06352],[-111.1329,26.06352]],[[-111.13316,26.06261],[-111.13316,26.06261]],[[-111.13341,26.06216],[-111.13341,26.06216]],[[-111.13366,26.06171],[-111.13366,26.06171]],[[-111.13391,26.06126],[-111.13391,26.06126]],[[-111.13391,26.06081],[-111.13391,26.06081]],[[-111.13366,26.06013],[-111.13366,26.06013]],[[-111.13341,26.05968],[-111.13341,26.05968]],[[-111.13316,26.05923],[-111.13316,26.05923]],[[-111.14396,26.059],[-111.14396,26.059]],[[-111.1329,26.05878],[-111.1329,26.05878]],[[-111.13265,26.05697],[-111.13265,26.05697]],[[-111.1324,26.05629],[-111.1324,26.05629]],[[-111.13215,26.05562],[-111.13215,26.05562]],[[-111.1324,26.05426],[-111.1324,26.05426]],[[-111.13316,26.05404],[-111.13316,26.05404]],[[-111.13391,26.05381],[-111.13391,26.05381]],[[-111.13441,26.05359],[-111.13441,26.05359]],[[-111.13491,26.05336],[-111.13491,26.05336]],[[-111.13517,26.05313],[-111.13517,26.05313]],[[-111.13542,26.05291],[-111.13542,26.05291]],[[-111.13567,26.05268],[-111.13567,26.05268]],[[-111.13617,26.05246],[-111.13617,26.05246]],[[-111.13642,26.05223],[-111.13642,26.05223]],[[-111.13692,26.05201],[-111.13692,26.05201]],[[-111.13743,26.05178],[-111.13743,26.05178]],[[-111.13793,26.05155],[-111.13793,26.05155]],[[-111.13843,26.05133],[-111.13843,26.05133]],[[-111.13893,26.0511],[-111.13893,26.0511]],[[-111.13944,26.05088],[-111.13944,26.05088]],[[-111.13994,26.05065],[-111.13994,26.05065]],[[-111.14044,26.05043],[-111.14044,26.05043]],[[-111.14094,26.0502],[-111.14094,26.0502]],[[-111.14119,26.04997],[-111.14119,26.04997]],[[-111.1417,26.04975],[-111.1417,26.04975]],[[-111.14195,26.04952],[-111.14195,26.04952]],[[-111.14245,26.0493],[-111.14245,26.0493]],[[-111.1427,26.04907],[-111.1427,26.04907]],[[-111.1432,26.04885],[-111.1432,26.04885]],[[-111.14345,26.04862],[-111.14345,26.04862]],[[-111.14622,26.04839],[-111.14622,26.04839]],[[-111.14371,26.04839],[-111.14371,26.04839]],[[-111.14396,26.04817],[-111.14396,26.04817]],[[-111.14647,26.04772],[-111.14647,26.04772]],[[-111.15074,26.04749],[-111.15074,26.04749]],[[-111.14672,26.04749],[-111.14672,26.04749]],[[-111.15124,26.04727],[-111.15124,26.04727]],[[-111.14722,26.04727],[-111.14722,26.04727]],[[-111.1525,26.04704],[-111.1525,26.04704]],[[-111.14747,26.04704],[-111.14747,26.04704]],[[-111.15275,26.04681],[-111.15275,26.04681]],[[-111.153,26.04659],[-111.153,26.04659]],[[-111.15325,26.04636],[-111.15325,26.04636]],[[-111.1535,26.04614],[-111.1535,26.04614]],[[-111.15526,26.04591],[-111.15526,26.04591]],[[-111.15576,26.04569],[-111.15576,26.04569]],[[-111.15601,26.04546],[-111.15601,26.04546]],[[-111.15652,26.04523],[-111.15652,26.04523]],[[-111.15677,26.04501],[-111.15677,26.04501]],[[-111.15727,26.04478],[-111.15727,26.04478]],[[-111.15777,26.04456],[-111.15777,26.04456]],[[-111.15852,26.04433],[-111.15852,26.04433]],[[-111.15903,26.04411],[-111.15903,26.04411]],[[-111.15928,26.04388],[-111.15928,26.04388]],[[-111.15953,26.04365],[-111.15953,26.04365]],[[-111.16882,26.04322],[-111.16917,26.04298],[-111.16907,26.04266],[-111.16847,26.04275],[-111.16821,26.04298],[-111.16857,26.04325],[-111.16882,26.04322]],[[-111.16028,26.04343],[-111.16028,26.04343]],[[-111.17008,26.04302],[-111.17057,26.04275],[-111.17057,26.04253],[-111.17032,26.0423],[-111.16974,26.04253],[-111.16968,26.04275],[-111.17008,26.04302]],[[-111.16154,26.0432],[-111.16154,26.0432]],[[-111.17159,26.04276],[-111.17234,26.04243],[-111.17259,26.04259],[-111.17294,26.04253],[-111.17338,26.0423],[-111.17338,26.04207],[-111.1712,26.04207],[-111.17084,26.0423],[-111.17084,26.04253],[-111.1712,26.04275],[-111.17159,26.04276]],[[-111.1638,26.04298],[-111.1638,26.04298]],[[-111.1643,26.04275],[-111.1643,26.04275]],[[-111.1648,26.04253],[-111.1648,26.04253]],[[-111.17008,26.0423],[-111.17008,26.0423]],[[-111.17586,26.03881],[-111.17611,26.03858],[-111.17616,26.03824],[-111.17586,26.03789],[-111.1756,26.03789],[-111.1756,26.03858],[-111.17586,26.03881]],[[-111.17611,26.03736],[-111.1764,26.03688],[-111.17611,26.03655],[-111.1751,26.0365],[-111.17498,26.03666],[-111.1751,26.03713],[-111.17535,26.03736],[-111.17611,26.03736]],[[-111.17636,26.03602],[-111.17661,26.03579],[-111.17667,26.0353],[-111.17736,26.03465],[-111.17887,26.03421],[-111.17987,26.03365],[-111.18049,26.03305],[-111.18138,26.03169],[-111.18515,26.03173],[-111.18565,26.03147],[-111.18589,26.03102],[-111.18604,26.02718],[-111.18565,26.02628],[-111.18515,26.02594],[-111.18138,26.02654],[-111.17736,26.02661],[-111.17711,26.02639],[-111.17661,26.0249],[-111.17614,26.02402],[-111.17476,26.02266],[-111.17357,26.01928],[-111.17348,26.0186],[-111.174,26.01702],[-111.17436,26.01477],[-111.17502,26.00506],[-111.17485,26.00483],[-111.1751,26.00461],[-111.17523,26.00326],[-111.17485,26.00286],[-111.17259,26.00284],[-111.17234,26.00326],[-111.17234,26.00348],[-111.17259,26.00371],[-111.17259,26.00461],[-111.17234,26.00484],[-111.17234,26.00529],[-111.17209,26.00551],[-111.17209,26.00574],[-111.17184,26.00596],[-111.17133,26.00596],[-111.17108,26.00619],[-111.17083,26.00619],[-111.16983,26.00709],[-111.16983,26.00732],[-111.16958,26.00754],[-111.16958,26.008],[-111.17033,26.00845],[-111.17033,26.00867],[-111.17058,26.0089],[-111.17058,26.00935],[-111.17008,26.01003],[-111.17008,26.0107],[-111.16933,26.01115],[-111.16933,26.01206],[-111.16907,26.01228],[-111.16907,26.01454],[-111.16857,26.01499],[-111.16857,26.01567],[-111.16882,26.01589],[-111.16882,26.01612],[-111.16857,26.01635],[-111.16807,26.01635],[-111.16782,26.01657],[-111.16706,26.01567],[-111.16681,26.01567],[-111.16656,26.01589],[-111.16581,26.01589],[-111.16531,26.01544],[-111.1648,26.01544],[-111.16355,26.0168],[-111.1633,26.01747],[-111.16254,26.0186],[-111.16254,26.01973],[-111.16279,26.01996],[-111.16279,26.02063],[-111.16305,26.02086],[-111.1633,26.02154],[-111.16405,26.02221],[-111.16556,26.02176],[-111.16581,26.02154],[-111.16581,26.02109],[-111.16606,26.02086],[-111.16606,26.02063],[-111.16706,26.01973],[-111.16832,26.02018],[-111.16882,26.02063],[-111.16882,26.02086],[-111.16832,26.02131],[-111.16832,26.02379],[-111.16807,26.02402],[-111.16807,26.02447],[-111.16857,26.02492],[-111.16907,26.02605],[-111.17133,26.02808],[-111.17159,26.02876],[-111.17184,26.02898],[-111.17184,26.02944],[-111.17234,26.03011],[-111.17259,26.03124],[-111.17284,26.03147],[-111.17309,26.03214],[-111.1736,26.0326],[-111.17385,26.03372],[-111.1746,26.03485],[-111.1746,26.0353],[-111.17485,26.03553],[-111.17485,26.03579],[-111.1751,26.03602],[-111.17636,26.03602]],[[-111.1746,26.0353],[-111.1746,26.0353]],[[-111.17435,26.03463],[-111.17435,26.03463]],[[-111.1741,26.03418],[-111.1741,26.03418]],[[-111.17385,26.03372],[-111.17385,26.03372]],[[-111.1736,26.03305],[-111.1736,26.03305]],[[-111.17334,26.03237],[-111.17334,26.03237]],[[-111.17309,26.03214],[-111.17309,26.03214]],[[-111.17284,26.03169],[-111.17284,26.03169]],[[-111.17259,26.03124],[-111.17259,26.03124]],[[-111.17234,26.03056],[-111.17234,26.03056]],[[-111.17209,26.02989],[-111.17209,26.02989]],[[-111.17184,26.02944],[-111.17184,26.02944]],[[-111.17159,26.02876],[-111.17159,26.02876]],[[-111.17133,26.02831],[-111.17133,26.02831]],[[-111.17108,26.02786],[-111.17108,26.02786]],[[-111.17083,26.02763],[-111.17083,26.02763]],[[-111.17058,26.0274],[-111.17058,26.0274]],[[-111.17033,26.02718],[-111.17033,26.02718]],[[-111.17008,26.02695],[-111.17008,26.02695]],[[-111.16983,26.02673],[-111.16983,26.02673]],[[-111.16958,26.0265],[-111.16958,26.0265]],[[-111.16933,26.02628],[-111.16933,26.02628]],[[-111.16907,26.02605],[-111.16907,26.02605]],[[-111.16882,26.0256],[-111.16882,26.0256]],[[-111.16857,26.02515],[-111.16857,26.02515]],[[-111.16832,26.0247],[-111.16832,26.0247]],[[-111.16807,26.02447],[-111.16807,26.02447]],[[-111.16807,26.02402],[-111.16807,26.02402]],[[-111.16405,26.02221],[-111.16405,26.02221]],[[-111.1638,26.02199],[-111.1638,26.02199]],[[-111.16355,26.02176],[-111.16355,26.02176]],[[-111.1633,26.02154],[-111.1633,26.02154]],[[-111.16832,26.02131],[-111.16832,26.02131]],[[-111.16305,26.02109],[-111.16305,26.02109]],[[-111.16857,26.02109],[-111.16857,26.02109]],[[-111.16279,26.02063],[-111.16279,26.02063]],[[-111.16857,26.02041],[-111.16857,26.02041]],[[-111.16807,26.02018],[-111.16807,26.02018]],[[-111.16757,26.01996],[-111.16757,26.01996]],[[-111.16254,26.01973],[-111.16254,26.01973]],[[-111.16254,26.0186],[-111.16254,26.0186]],[[-111.16279,26.01815],[-111.16279,26.01815]],[[-111.16305,26.0177],[-111.16305,26.0177]],[[-111.1633,26.01725],[-111.1633,26.01725]],[[-111.16355,26.0168],[-111.16355,26.0168]],[[-111.1638,26.01657],[-111.1638,26.01657]],[[-111.16807,26.01635],[-111.16807,26.01635]],[[-111.16405,26.01612],[-111.16405,26.01612]],[[-111.16857,26.01567],[-111.16857,26.01567]],[[-111.1643,26.01589],[-111.1643,26.01589]],[[-111.16681,26.01567],[-111.16681,26.01567]],[[-111.16455,26.01567],[-111.16455,26.01567]],[[-111.1648,26.01544],[-111.1648,26.01544]],[[-111.16857,26.01499],[-111.16857,26.01499]],[[-111.16882,26.01477],[-111.16882,26.01477]],[[-111.16907,26.01228],[-111.16907,26.01228]],[[-111.16933,26.01115],[-111.16933,26.01115]],[[-111.16958,26.01093],[-111.16958,26.01093]],[[-111.17008,26.01003],[-111.17008,26.01003]],[[-111.17033,26.00957],[-111.17033,26.00957]],[[-111.17033,26.00867],[-111.17033,26.00867]],[[-111.16958,26.00754],[-111.16958,26.00754]],[[-111.16983,26.00709],[-111.16983,26.00709]],[[-111.17008,26.00687],[-111.17008,26.00687]],[[-111.17033,26.00664],[-111.17033,26.00664]],[[-111.17058,26.00641],[-111.17058,26.00641]],[[-111.17083,26.00619],[-111.17083,26.00619]],[[-111.17133,26.00596],[-111.17133,26.00596]],[[-111.17209,26.00551],[-111.17209,26.00551]],[[-111.17485,26.00483],[-111.17485,26.00483]],[[-111.1751,26.00438],[-111.1751,26.00438]],[[-111.17259,26.00438],[-111.17259,26.00438]],[[-111.17234,26.00348],[-111.17234,26.00348]],[[-111.1751,26.00221],[-111.17535,26.0019],[-111.1751,26.00165],[-111.17184,26.00165],[-111.17159,26.00187],[-111.17184,26.00217],[-111.17209,26.00221],[-111.1751,26.00221]],[[-111.17159,26.0019],[-111.17159,26.0019]],[[-111.17485,25.99864],[-111.17523,25.99829],[-111.17525,25.99806],[-111.1751,25.99685],[-111.17482,25.99626],[-111.175,25.99603],[-111.17464,25.99355],[-111.17385,25.99129],[-111.17265,25.98971],[-111.17273,25.98926],[-111.17393,25.98746],[-111.17489,25.98543],[-111.17584,25.9843],[-111.17686,25.98352],[-111.17887,25.98249],[-111.18038,25.98112],[-111.18284,25.98001],[-111.18372,25.97933],[-111.18465,25.97775],[-111.18505,25.97617],[-111.1849,25.97598],[-111.18188,25.9782],[-111.18113,25.9782],[-111.18088,25.97842],[-111.18037,25.97843],[-111.18013,25.97865],[-111.17962,25.97865],[-111.17837,25.97932],[-111.17711,25.97956],[-111.17686,25.97978],[-111.17635,25.97978],[-111.17259,25.98158],[-111.17083,25.98226],[-111.16983,25.98317],[-111.16983,25.98362],[-111.16958,25.98385],[-111.16958,25.98452],[-111.17008,25.98497],[-111.17008,25.98588],[-111.16983,25.9861],[-111.16958,25.98678],[-111.16907,25.98723],[-111.16907,25.98791],[-111.16882,25.98813],[-111.16882,25.98836],[-111.16807,25.98926],[-111.16807,25.98994],[-111.16832,25.99016],[-111.16832,25.99062],[-111.16807,25.99084],[-111.16807,25.99265],[-111.16832,25.99287],[-111.16832,25.99332],[-111.16907,25.99445],[-111.16907,25.9949],[-111.16933,25.99513],[-111.16983,25.99623],[-111.17049,25.99671],[-111.17033,25.99685],[-111.17033,25.99716],[-111.17058,25.99739],[-111.17058,25.99806],[-111.17108,25.99867],[-111.17485,25.99864]],[[-111.17058,25.99806],[-111.17058,25.99806]],[[-111.17033,25.99716],[-111.17033,25.99716]],[[-111.16958,25.99581],[-111.16958,25.99581]],[[-111.16933,25.99536],[-111.16933,25.99536]],[[-111.16907,25.9949],[-111.16907,25.9949]],[[-111.16882,25.99423],[-111.16882,25.99423]],[[-111.16857,25.99378],[-111.16857,25.99378]],[[-111.16832,25.99332],[-111.16832,25.99332]],[[-111.16807,25.99265],[-111.16807,25.99265]],[[-111.16807,25.99084],[-111.16807,25.99084]],[[-111.16807,25.98994],[-111.16807,25.98994]],[[-111.16807,25.98926],[-111.16807,25.98926]],[[-111.16832,25.98881],[-111.16832,25.98881]],[[-111.16857,25.98858],[-111.16857,25.98858]],[[-111.16882,25.98813],[-111.16882,25.98813]],[[-111.16907,25.98723],[-111.16907,25.98723]],[[-111.16933,25.98701],[-111.16933,25.98701]],[[-111.16958,25.98655],[-111.16958,25.98655]],[[-111.16983,25.9861],[-111.16983,25.9861]],[[-111.11984,25.98588],[-111.12035,25.98589],[-111.1206,25.98568],[-111.1206,25.98497],[-111.12085,25.98475],[-111.12085,25.9843],[-111.1211,25.98407],[-111.12135,25.98294],[-111.12185,25.98227],[-111.12185,25.98048],[-111.1216,25.98043],[-111.12061,25.98136],[-111.11984,25.98482]],[[-111.16983,25.98475],[-111.16983,25.98475]],[[-111.16958,25.98452],[-111.16958,25.98452]],[[-111.16958,25.98385],[-111.16958,25.98385]],[[-111.16983,25.98317],[-111.16983,25.98317]],[[-111.17008,25.98294],[-111.17008,25.98294]],[[-111.17033,25.98272],[-111.17033,25.98272]],[[-111.17058,25.98249],[-111.17058,25.98249]],[[-111.17133,25.98204],[-111.17133,25.98204]],[[-111.17284,25.98136],[-111.17284,25.98136]],[[-111.17334,25.98114],[-111.17334,25.98114]],[[-111.17535,25.98023],[-111.17535,25.98023]],[[-111.17711,25.97956],[-111.17711,25.97956]],[[-111.17962,25.97865],[-111.17962,25.97865]],[[-111.18314,25.9773],[-111.18314,25.9773]],[[-111.18339,25.97707],[-111.18339,25.97707]],[[-111.18364,25.97685],[-111.18364,25.97685]],[[-111.18414,25.97662],[-111.18414,25.97662]]]},"properties":{"depth_m":3}},{"type":"Feature","geometry":{"type":"MultiLineString","coordinates":[[[-111.11984,26.06533],[-111.12261,26.06614],[-111.12386,26.06719],[-111.12512,26.06766],[-111.12713,26.06794],[-111.12939,26.06737],[-111.13039,26.06668],[-111.13115,26.06539],[-111.13165,26.06495],[-111.13466,26.06405],[-111.13567,26.06343],[-111.14212,26.06036],[-111.14371,26.0594],[-111.14603,26.05742],[-111.14873,26.05471],[-111.14998,26.05402],[-111.15199,26.05349],[-111.153,26.05277],[-111.15385,26.05201],[-111.15499,26.05043],[-111.15604,26.04952],[-111.15936,26.04794],[-111.16129,26.04631],[-111.16279,26.04548],[-111.16455,26.04476],[-111.16606,26.04368],[-111.16656,26.04347],[-111.16749,26.04343],[-111.16774,26.0432],[-111.16774,26.04298],[-111.16749,26.04275],[-111.16631,26.04275],[-111.16606,26.04253],[-111.1648,26.04253],[-111.16355,26.0432],[-111.16154,26.0432],[-111.16129,26.04343],[-111.16028,26.04343],[-111.16003,26.04365],[-111.15953,26.04365],[-111.15878,26.04433],[-111.15852,26.04433],[-111.15827,26.04456],[-111.15777,26.04456],[-111.15702,26.04501],[-111.15677,26.04501],[-111.15626,26.04546],[-111.15601,26.04546],[-111.15501,26.04614],[-111.1535,26.04614],[-111.15225,26.04727],[-111.15124,26.04727],[-111.15049,26.04772],[-111.15024,26.04749],[-111.14898,26.04749],[-111.14873,26.04727],[-111.14823,26.04727],[-111.14798,26.04704],[-111.14747,26.04704],[-111.14647,26.04772],[-111.14647,26.04817],[-111.14597,26.04862],[-111.14546,26.04862],[-111.14521,26.04839],[-111.14471,26.04839],[-111.14446,26.04817],[-111.14396,26.04817],[-111.14295,26.04907],[-111.1427,26.04907],[-111.1422,26.04952],[-111.14195,26.04952],[-111.14069,26.05043],[-111.13642,26.05223],[-111.13592,26.05268],[-111.13567,26.05268],[-111.13466,26.05359],[-111.13391,26.05381],[-111.13366,26.05404],[-111.1324,26.05426],[-111.13215,26.05448],[-111.13215,26.05562],[-111.1324,26.05584],[-111.1324,26.05629],[-111.13265,26.05652],[-111.13265,26.05697],[-111.1329,26.0572],[-111.1329,26.05878],[-111.13316,26.059],[-111.13366,26.06013],[-111.13391,26.06036],[-111.13391,26.06081],[-111.13416,26.06103],[-111.13316,26.06261],[-111.13316,26.06329],[-111.13265,26.06374],[-111.13115,26.06374],[-111.1309,26.06397],[-111.13064,26.06397],[-111.12989,26.06464],[-111.12989,26.06487],[-111.12964,26.0651],[-111.12964,26.06555],[-111.12939,26.06577],[-111.12939,26.06622],[-111.12889,26.06668],[-111.12864,26.06735],[-111.12838,26.06758],[-111.12788,26.06713],[-111.12788,26.06645],[-111.12738,26.06645],[-111.12713,26.06668],[-111.12688,26.06668],[-111.12663,26.06645],[-111.12663,26.06622],[-111.12638,26.066],[-111.12612,26.066],[-111.12437,26.06442],[-111.12437,26.06419],[-111.12411,26.06397],[-111.12411,26.06306],[-111.12386,26.06285],[-111.12261,26.06306],[-111.1221,26.0635],[-111.12185,26.06351],[-111.1206,26.06441],[-111.12035,26.06441],[-111.11984,26.06487]],[[-111.12864,26.06713],[-111.12864,26.06713]],[[-111.13014,26.0669],[-111.13014,26.0669]],[[-111.12889,26.06668],[-111.12889,26.06668]],[[-111.12914,26.06645],[-111.12914,26.06645]],[[-111.12738,26.06645],[-111.12738,26.06645]],[[-111.12939,26.06577],[-111.12939,26.06577]],[[-111.12964,26.0651],[-111.12964,26.0651]],[[-111.12989,26.06464],[-111.12989,26.06464]],[[-111.13014,26.06442],[-111.13014,26.06442]],[[-111.13039,26.06419],[-111.13039,26.06419]],[[-111.13064,26.06397],[-111.13064,26.06397]],[[-111.13115,26.06374],[-111.13115,26.06374]],[[-111.1329,26.06352],[-111.1329,26.06352]],[[-111.13316,26.06261],[-111.13316,26.06261]],[[-111.13843,26.06216],[-111.13843,26.06216]],[[-111.13341,26.06216],[-111.13341,26.06216]],[[-111.13366,26.06171],[-111.13366,26.06171]],[[-111.13391,26.06126],[-111.13391,26.06126]],[[-111.13391,26.06081],[-111.13391,26.06081]],[[-111.13366,26.06013],[-111.13366,26.06013]],[[-111.13341,26.05968],[-111.13341,26.05968]],[[-111.13316,26.05923],[-111.13316,26.05923]],[[-111.1329,26.05878],[-111.1329,26.05878]],[[-111.13265,26.05697],[-111.13265,26.05697]],[[-111.1324,26.05629],[-111.1324,26.05629]],[[-111.13215,26.05562],[-111.13215,26.05562]],[[-111.1324,26.05426],[-111.1324,26.05426]],[[-111.13316,26.05404],[-111.13316,26.05404]],[[-111.13391,26.05381],[-111.13391,26.05381]],[[-111.13441,26.05359],[-111.13441,26.05359]],[[-111.13491,26.05336],[-111.13491,26.05336]],[[-111.13517,26.05313],[-111.13517,26.05313]],[[-111.13542,26.05291],[-111.13542,26.05291]],[[-111.13567,26.05268],[-111.13567,26.05268]],[[-111.13617,26.05246],[-111.13617,26.05246]],[[-111.13642,26.05223],[-111.13642,26.05223]],[[-111.13692,26.05201],[-111.13692,26.05201]],[[-111.13743,26.05178],[-111.13743,26.05178]],[[-111.13793,26.05155],[-111.13793,26.05155]],[[-111.13843,26.05133],[-111.13843,26.05133]],[[-111.13893,26.0511],[-111.13893,26.0511]],[[-111.13944,26.05088],[-111.13944,26.05088]],[[-111.13994,26.05065],[-111.13994,26.05065]],[[-111.14044,26.05043],[-111.14044,26.05043]],[[-111.14094,26.0502],[-111.14094,26.0502]],[[-111.14119,26.04997],[-111.14119,26.04997]],[[-111.1417,26.04975],[-111.1417,26.04975]],[[-111.14195,26.04952],[-111.14195,26.04952]],[[-111.14245,26.0493],[-111.14245,26.0493]],[[-111.1427,26.04907],[-111.1427,26.04907]],[[-111.1432,26.04885],[-111.1432,26.04885]],[[-111.14345,26.04862],[-111.14345,26.04862]],[[-111.14622,26.04839],[-111.14622,26.04839]],[[-111.14371,26.04839],[-111.14371,26.04839]],[[-111.14396,26.04817],[-111.14396,26.04817]],[[-111.14647,26.04772],[-111.14647,26.04772]],[[-111.15074,26.04749],[-111.15074,26.04749]],[[-111.14672,26.04749],[-111.14672,26.04749]],[[-111.15124,26.04727],[-111.15124,26.04727]],[[-111.14722,26.04727],[-111.14722,26.04727]],[[-111.1525,26.04704],[-111.1525,26.04704]],[[-111.14747,26.04704],[-111.14747,26.04704]],[[-111.15275,26.04681],[-111.15275,26.04681]],[[-111.153,26.04659],[-111.153,26.04659]],[[-111.15325,26.04636],[-111.15325,26.04636]],[[-111.1535,26.04614],[-111.1535,26.04614]],[[-111.15526,26.04591],[-111.15526,26.04591]],[[-111.15576,26.04569],[-111.15576,26.04569]],[[-111.15601,26.04546],[-111.15601,26.04546]],[[-111.15652,26.04523],[-111.15652,26.04523]],[[-111.15677,26.04501],[-111.15677,26.04501]],[[-111.15727,26.04478],[-111.15727,26.04478]],[[-111.15777,26.04456],[-111.15777,26.04456]],[[-111.15852,26.04433],[-111.15852,26.04433]],[[-111.15903,26.04411],[-111.15903,26.04411]],[[-111.15928,26.04388],[-111.15928,26.04388]],[[-111.15953,26.04365],[-111.15953,26.04365]],[[-111.16907,26.04322],[-111.16983,26.04291],[-111.17008,26.04307],[-111.17083,26.04294],[-111.17108,26.04273],[-111.17133,26.04286],[-111.17209,26.04275],[-111.17234,26.04253],[-111.17259,26.04264],[-111.17309,26.04253],[-111.17361,26.0423],[-111.17361,26.04207],[-111.17083,26.04211],[-111.17058,26.04234],[-111.17008,26.0423],[-111.16958,26.04269],[-111.16907,26.04253],[-111.1681,26.04298],[-111.16857,26.04329],[-111.16907,26.04322]],[[-111.16028,26.04343],[-111.16028,26.04343]],[[-111.16154,26.0432],[-111.16154,26.0432]],[[-111.1638,26.04298],[-111.1638,26.04298]],[[-111.1643,26.04275],[-111.1643,26.04275]],[[-111.16907,26.04253],[-111.16907,26.04253]],[[-111.1648,26.04253],[-111.1648,26.04253]],[[-111.17008,26.0423],[-111.17008,26.0423]],[[-111.17586,26.03905],[-111.17611,26.03882],[-111.17618,26.03846],[-111.17621,26.03824],[-111.17603,26.03801],[-111.17641,26.03711],[-111.17646,26.03688],[-111.17628,26.03666],[-111.1764,26.03621],[-111.17661,26.03602],[-111.17678,26.0353],[-111.17736,26.03474],[-111.17887,26.03434],[-111.17987,26.03382],[-111.18049,26.03327],[-111.18138,26.03201],[-111.18515,26.03198],[-111.1854,26.03192],[-111.18608,26.03124],[-111.18635,26.02718],[-111.18565,26.02564],[-111.18515,26.02535],[-111.18138,26.02602],[-111.17736,26.02614],[-111.17711,26.02592],[-111.17631,26.02402],[-111.17504,26.02266],[-111.17385,26.01936],[-111.17371,26.0186],[-111.17421,26.0168],[-111.17454,26.01409],[-111.17493,26.00619],[-111.1753,26.00326],[-111.17515,26.00303],[-111.17535,26.00285],[-111.1754,26.00213],[-111.17535,25.99987],[-111.1751,25.99964],[-111.17159,25.99964],[-111.17133,25.99976],[-111.17108,26.00032],[-111.17133,26.00055],[-111.17133,26.00145],[-111.17234,26.00303],[-111.17234,26.00348],[-111.17259,26.00371],[-111.17259,26.00461],[-111.17234,26.00483],[-111.17234,26.00529],[-111.17209,26.00551],[-111.17209,26.00574],[-111.17184,26.00596],[-111.17133,26.00596],[-111.17108,26.00619],[-111.17083,26.00619],[-111.16983,26.00709],[-111.16983,26.00732],[-111.16958,26.00754],[-111.16958,26.008],[-111.17033,26.00845],[-111.17033,26.00867],[-111.17058,26.0089],[-111.17058,26.00935],[-111.17008,26.01003],[-111.17008,26.0107],[-111.16933,26.01115],[-111.16933,26.01206],[-111.16907,26.01228],[-111.16907,26.01454],[-111.16857,26.01499],[-111.16857,26.01567],[-111.16882,26.01589],[-111.16882,26.01612],[-111.16857,26.01635],[-111.16807,26.01635],[-111.16782,26.01657],[-111.16706,26.01567],[-111.16681,26.01567],[-111.16656,26.01589],[-111.16581,26.01589],[-111.16531,26.01544],[-111.1648,26.01544],[-111.16355,26.0168],[-111.1633,26.01747],[-111.16254,26.0186],[-111.16254,26.01973],[-111.16279,26.01996],[-111.16279,26.02063],[-111.16305,26.02086],[-111.1633,26.02154],[-111.16405,26.02221],[-111.16556,26.02176],[-111.16581,26.02154],[-111.16581,26.02109],[-111.16606,26.02086],[-111.16606,26.02063],[-111.16706,26.01973],[-111.16832,26.02018],[-111.16882,26.02063],[-111.16882,26.02086],[-111.16832,26.02131],[-111.16832,26.02379],[-111.16807,26.02402],[-111.16807,26.02447],[-111.16857,26.02492],[-111.16907,26.02605],[-111.17133,26.02808],[-111.17159,26.02876],[-111.17184,26.02898],[-111.17184,26.02944],[-111.17209,26.02966],[-111.17209,26.02989],[-111.17234,26.03011],[-111.17234,26.03056],[-111.17259,26.03079],[-111.17259,26.03124],[-111.17284,26.03147],[-111.17309,26.03214],[-111.1736,26.0326],[-111.17385,26.03372],[-111.1746,26.03485],[-111.1746,26.0353],[-111.17485,26.03553],[-111.17485,26.03602],[-111.17506,26.03621],[-111.17491,26.03666],[-111.1751,26.03688],[-111.1751,26.03734],[-111.17557,26.03779],[-111.17543,26.03801],[-111.1756,26.03824],[-111.1756,26.03882],[-111.17586,26.03905]],[[-111.1751,26.03734],[-111.1751,26.03734]],[[-111.1746,26.0353],[-111.1746,26.0353]],[[-111.17435,26.03463],[-111.17435,26.03463]],[[-111.1741,26.03418],[-111.1741,26.03418]],[[-111.17385,26.03372],[-111.17385,26.03372]],[[-111.1736,26.03305],[-111.1736,26.03305]],[[-111.17334,26.03237],[-111.17334,26.03237]],[[-111.17309,26.03214],[-111.17309,26.03214]],[[-111.17284,26.03169],[-111.17284,26.03169]],[[-111.17259,26.03124],[-111.17259,26.03124]],[[-111.17234,26.03056],[-111.17234,26.03056]],[[-111.17209,26.02989],[-111.17209,26.02989]],[[-111.17184,26.02944],[-111.17184,26.02944]],[[-111.17159,26.02876],[-111.17159,26.02876]],[[-111.17133,26.02831],[-111.17133,26.02831]],[[-111.17108,26.02786],[-111.17108,26.02786]],[[-111.17083,26.02763],[-111.17083,26.02763]],[[-111.17058,26.0274],[-111.17058,26.0274]],[[-111.17033,26.02718],[-111.17033,26.02718]],[[-111.17008,26.02695],[-111.17008,26.02695]],[[-111.16983,26.02673],[-111.16983,26.02673]],[[-111.16958,26.0265],[-111.16958,26.0265]],[[-111.16933,26.02628],[-111.16933,26.02628]],[[-111.16907,26.02605],[-111.16907,26.02605]],[[-111.16882,26.0256],[-111.16882,26.0256]],[[-111.16857,26.02515],[-111.16857,26.02515]],[[-111.16832,26.0247],[-111.16832,26.0247]],[[-111.16807,26.02447],[-111.16807,26.02447]],[[-111.16807,26.02402],[-111.16807,26.02402]],[[-111.16405,26.02221],[-111.16405,26.02221]],[[-111.1638,26.02199],[-111.1638,26.02199]],[[-111.16355,26.02176],[-111.16355,26.02176]],[[-111.1633,26.02154],[-111.1633,26.02154]],[[-111.16832,26.02131],[-111.16832,26.02131]],[[-111.16305,26.02109],[-111.16305,26.02109]],[[-111.16857,26.02109],[-111.16857,26.02109]],[[-111.16279,26.02063],[-111.16279,26.02063]],[[-111.16857,26.02041],[-111.16857,26.02041]],[[-111.16807,26.02018],[-111.16807,26.02018]],[[-111.16757,26.01996],[-111.16757,26.01996]],[[-111.16254,26.01973],[-111.16254,26.01973]],[[-111.16254,26.0186],[-111.16254,26.0186]],[[-111.16279,26.01815],[-111.16279,26.01815]],[[-111.16305,26.0177],[-111.16305,26.0177]],[[-111.1633,26.01725],[-111.1633,26.01725]],[[-111.16355,26.0168],[-111.16355,26.0168]],[[-111.1638,26.01657],[-111.1638,26.01657]],[[-111.16807,26.01635],[-111.16807,26.01635]],[[-111.16405,26.01612],[-111.16405,26.01612]],[[-111.16857,26.01567],[-111.16857,26.01567]],[[-111.1643,26.01589],[-111.1643,26.01589]],[[-111.16681,26.01567],[-111.16681,26.01567]],[[-111.16455,26.01567],[-111.16455,26.01567]],[[-111.1648,26.01544],[-111.1648,26.01544]],[[-111.16857,26.01499],[-111.16857,26.01499]],[[-111.16882,26.01477],[-111.16882,26.01477]],[[-111.16907,26.01228],[-111.16907,26.01228]],[[-111.16933,26.01115],[-111.16933,26.01115]],[[-111.16958,26.01093],[-111.16958,26.01093]],[[-111.17008,26.01003],[-111.17008,26.01003]],[[-111.17033,26.00957],[-111.17033,26.00957]],[[-111.17033,26.00867],[-111.17033,26.00867]],[[-111.16958,26.00754],[-111.16958,26.00754]],[[-111.16983,26.00709],[-111.16983,26.00709]],[[-111.17008,26.00687],[-111.17008,26.00687]],[[-111.17033,26.00664],[-111.17033,26.00664]],[[-111.17058,26.00641],[-111.17058,26.00641]],[[-111.17083,26.00619],[-111.17083,26.00619]],[[-111.17133,26.00596],[-111.17133,26.00596]],[[-111.17209,26.00551],[-111.17209,26.00551]],[[-111.17234,26.00483],[-111.17234,26.00483]],[[-111.17234,26.00348],[-111.17234,26.00348]],[[-111.17209,26.0028],[-111.17209,26.0028]],[[-111.17184,26.00235],[-111.17184,26.00235]],[[-111.17159,26.0019],[-111.17159,26.0019]],[[-111.17133,26.00145],[-111.17133,26.00145]],[[-111.17108,26.00032],[-111.17108,26.00032]],[[-111.17108,26.0001],[-111.17108,26.0001]],[[-111.1849,25.97595],[-111.18389,25.97684],[-111.18363,25.97685],[-111.18264,25.97774],[-111.18238,25.97775],[-111.18188,25.97819],[-111.18113,25.9782],[-111.18088,25.97842],[-111.18037,25.97843],[-111.18013,25.97865],[-111.17961,25.97865],[-111.17837,25.97932],[-111.1771,25.97956],[-111.17686,25.97977],[-111.17635,25.97978],[-111.17259,25.98158],[-111.17083,25.98226],[-111.16983,25.98317],[-111.16983,25.98362],[-111.16958,25.98385],[-111.16958,25.98452],[-111.17008,25.98497],[-111.17008,25.98588],[-111.16958,25.98655],[-111.16958,25.98678],[-111.16907,25.98723],[-111.16907,25.98791],[-111.16882,25.98813],[-111.16882,25.98836],[-111.16807,25.98926],[-111.16807,25.98994],[-111.16832,25.99016],[-111.16832,25.99062],[-111.16807,25.99084],[-111.16807,25.99265],[-111.16832,25.99287],[-111.16832,25.99332],[-111.16907,25.99445],[-111.16907,25.9949],[-111.16933,25.99513],[-111.16958,25.99581],[-111.17033,25.99671],[-111.17033,25.99716],[-111.17058,25.99739],[-111.17058,25.99806],[-111.17108,25.99872],[-111.17485,25.99872],[-111.1753,25.99829],[-111.17493,25.9949],[-111.17448,25.99265],[-111.17384,25.99107],[-111.17278,25.98971],[-111.17286,25.98926],[-111.17407,25.98746],[-111.175,25.98543],[-111.17636,25.98398],[-111.17887,25.98264],[-111.18051,25.98114],[-111.18265,25.98023],[-111.18365,25.97956],[-111.18459,25.9782],[-111.18522,25.97595]],[[-111.16807,25.99084],[-111.16807,25.99084]],[[-111.16807,25.98926],[-111.16807,25.98926]],[[-111.16832,25.98881],[-111.16832,25.98881]],[[-111.16857,25.98858],[-111.16857,25.98858]],[[-111.16882,25.98813],[-111.16882,25.98813]],[[-111.16907,25.98723],[-111.16907,25.98723]],[[-111.16933,25.98701],[-111.16933,25.98701]],[[-111.16958,25.98655],[-111.16958,25.98655]],[[-111.16983,25.9861],[-111.16983,25.9861]],[[-111.11984,25.98588],[-111.12035,25.9859],[-111.1206,25.98569],[-111.1206,25.98497],[-111.12085,25.98475],[-111.12085,25.9843],[-111.1211,25.98407],[-111.12135,25.98294],[-111.12185,25.98227],[-111.12185,25.98037],[-111.1216,25.98032],[-111.12048,25.98136],[-111.11984,25.98417]],[[-111.16958,25.98385],[-111.16958,25.98385]],[[-111.17736,25.98339],[-111.17736,25.98339]],[[-111.16983,25.98317],[-111.16983,25.98317]],[[-111.17008,25.98294],[-111.17008,25.98294]],[[-111.17033,25.98272],[-111.17033,25.98272]],[[-111.18389,25.97933],[-111.18389,25.97933]],[[-111.1849,25.9773],[-111.1849,25.9773]],[[-111.18339,25.97707],[-111.18339,25.97707]]]},"properties":{"depth_m":4}},{"type":"Feature","geometry":{"type":"MultiLineString","coordinates":[[[-111.11984,26.0655],[-111.12261,26.06629],[-111.12386,26.06727],[-111.12553,26.0678],[-111.12713,26.06798],[-111.12939,26.06743],[-111.13048,26.06668],[-111.13115,26.06554],[-111.13165,26.06511],[-111.13466,26.06417],[-111.14246,26.06036],[-111.14371,26.05961],[-111.14622,26.05747],[-111.14894,26.05471],[-111.15024,26.05404],[-111.15225,26.05344],[-111.15374,26.05223],[-111.15491,26.05065],[-111.15589,26.04975],[-111.15961,26.04794],[-111.16079,26.04689],[-111.16204,26.04607],[-111.16455,26.04492],[-111.16606,26.04382],[-111.16807,26.04338],[-111.16832,26.04319],[-111.16857,26.04334],[-111.16962,26.0432],[-111.16983,26.04302],[-111.17008,26.04311],[-111.17284,26.04264],[-111.1737,26.0423],[-111.1737,26.04207],[-111.17083,26.04207],[-111.17058,26.0423],[-111.17008,26.0423],[-111.16983,26.04253],[-111.16907,26.04253],[-111.16882,26.04275],[-111.16807,26.0428],[-111.16782,26.04298],[-111.16757,26.04275],[-111.16631,26.04275],[-111.16606,26.04253],[-111.1648,26.04253],[-111.16355,26.0432],[-111.16154,26.0432],[-111.16129,26.04343],[-111.16028,26.04343],[-111.16003,26.04365],[-111.15953,26.04365],[-111.15878,26.04433],[-111.15852,26.04433],[-111.15827,26.04456],[-111.15777,26.04456],[-111.15702,26.04501],[-111.15677,26.04501],[-111.15626,26.04546],[-111.15601,26.04546],[-111.15501,26.04614],[-111.1535,26.04614],[-111.15225,26.04727],[-111.15124,26.04727],[-111.15049,26.04772],[-111.15024,26.04749],[-111.14898,26.04749],[-111.14873,26.04727],[-111.14823,26.04727],[-111.14798,26.04704],[-111.14747,26.04704],[-111.14647,26.04772],[-111.14647,26.04817],[-111.14597,26.04862],[-111.14546,26.04862],[-111.14521,26.04839],[-111.14471,26.04839],[-111.14446,26.04817],[-111.14396,26.04817],[-111.14295,26.04907],[-111.1427,26.04907],[-111.1422,26.04952],[-111.14195,26.04952],[-111.14069,26.05043],[-111.13642,26.05223],[-111.13592,26.05268],[-111.13567,26.05268],[-111.13466,26.05359],[-111.13391,26.05381],[-111.13366,26.05404],[-111.1324,26.05426],[-111.13215,26.05448],[-111.13215,26.05562],[-111.1324,26.05584],[-111.1324,26.05629],[-111.13265,26.05652],[-111.13265,26.05697],[-111.1329,26.0572],[-111.1329,26.05878],[-111.13316,26.059],[-111.13366,26.06013],[-111.13391,26.06036],[-111.13391,26.06081],[-111.13416,26.06103],[-111.13316,26.06261],[-111.13316,26.06329],[-111.13265,26.06374],[-111.13115,26.06374],[-111.1309,26.06397],[-111.13064,26.06397],[-111.12989,26.06464],[-111.12989,26.06487],[-111.12964,26.0651],[-111.12964,26.06555],[-111.12939,26.06577],[-111.12939,26.06622],[-111.12889,26.06668],[-111.12864,26.06735],[-111.12838,26.06758],[-111.12788,26.06713],[-111.12788,26.06645],[-111.12738,26.06645],[-111.12713,26.06668],[-111.12688,26.06668],[-111.12663,26.06645],[-111.12663,26.06622],[-111.12638,26.066],[-111.12612,26.066],[-111.12437,26.06442],[-111.12437,26.06419],[-111.12411,26.06397],[-111.12411,26.06306],[-111.12386,26.06284],[-111.12261,26.06306],[-111.1221,26.0635],[-111.12185,26.06351],[-111.1206,26.0644],[-111.12035,26.06441],[-111.11984,26.06487]],[[-111.12864,26.06713],[-111.12864,26.06713]],[[-111.12889,26.06668],[-111.12889,26.06668]],[[-111.12914,26.06645],[-111.12914,26.06645]],[[-111.12738,26.06645],[-111.12738,26.06645]],[[-111.12939,26.06577],[-111.12939,26.06577]],[[-111.1314,26.06532],[-111.1314,26.06532]],[[-111.12964,26.0651],[-111.12964,26.0651]],[[-111.12989,26.06464],[-111.12989,26.06464]],[[-111.13014,26.06442],[-111.13014,26.06442]],[[-111.13039,26.06419],[-111.13039,26.06419]],[[-111.13064,26.06397],[-111.13064,26.06397]],[[-111.13115,26.06374],[-111.13115,26.06374]],[[-111.1329,26.06352],[-111.1329,26.06352]],[[-111.13316,26.06261],[-111.13316,26.06261]],[[-111.13341,26.06216],[-111.13341,26.06216]],[[-111.13366,26.06171],[-111.13366,26.06171]],[[-111.14019,26.06148],[-111.14019,26.06148]],[[-111.13391,26.06126],[-111.13391,26.06126]],[[-111.13391,26.06081],[-111.13391,26.06081]],[[-111.13366,26.06013],[-111.13366,26.06013]],[[-111.13341,26.05968],[-111.13341,26.05968]],[[-111.13316,26.05923],[-111.13316,26.05923]],[[-111.1329,26.05878],[-111.1329,26.05878]],[[-111.13265,26.05697],[-111.13265,26.05697]],[[-111.14697,26.05674],[-111.14697,26.05674]],[[-111.1324,26.05629],[-111.1324,26.05629]],[[-111.13215,26.05562],[-111.13215,26.05562]],[[-111.1324,26.05426],[-111.1324,26.05426]],[[-111.13316,26.05404],[-111.13316,26.05404]],[[-111.13391,26.05381],[-111.13391,26.05381]],[[-111.13441,26.05359],[-111.13441,26.05359]],[[-111.13491,26.05336],[-111.13491,26.05336]],[[-111.13517,26.05313],[-111.13517,26.05313]],[[-111.13542,26.05291],[-111.13542,26.05291]],[[-111.13567,26.05268],[-111.13567,26.05268]],[[-111.13617,26.05246],[-111.13617,26.05246]],[[-111.13642,26.05223],[-111.13642,26.05223]],[[-111.13692,26.05201],[-111.13692,26.05201]],[[-111.13743,26.05178],[-111.13743,26.05178]],[[-111.13793,26.05155],[-111.13793,26.05155]],[[-111.13843,26.05133],[-111.13843,26.05133]],[[-111.13893,26.0511],[-111.13893,26.0511]],[[-111.13944,26.05088],[-111.13944,26.05088]],[[-111.13994,26.05065],[-111.13994,26.05065]],[[-111.14044,26.05043],[-111.14044,26.05043]],[[-111.14094,26.0502],[-111.14094,26.0502]],[[-111.14119,26.04997],[-111.14119,26.04997]],[[-111.1417,26.04975],[-111.1417,26.04975]],[[-111.14195,26.04952],[-111.14195,26.04952]],[[-111.14245,26.0493],[-111.14245,26.0493]],[[-111.1427,26.04907],[-111.1427,26.04907]],[[-111.1432,26.04885],[-111.1432,26.04885]],[[-111.14345,26.04862],[-111.14345,26.04862]],[[-111.14622,26.04839],[-111.14622,26.04839]],[[-111.14371,26.04839],[-111.14371,26.04839]],[[-111.14396,26.04817],[-111.14396,26.04817]],[[-111.14647,26.04772],[-111.14647,26.04772]],[[-111.15074,26.04749],[-111.15074,26.04749]],[[-111.14672,26.04749],[-111.14672,26.04749]],[[-111.15124,26.04727],[-111.15124,26.04727]],[[-111.14722,26.04727],[-111.14722,26.04727]],[[-111.1525,26.04704],[-111.1525,26.04704]],[[-111.14747,26.04704],[-111.14747,26.04704]],[[-111.15275,26.04681],[-111.15275,26.04681]],[[-111.153,26.04659],[-111.153,26.04659]],[[-111.15325,26.04636],[-111.15325,26.04636]],[[-111.1535,26.04614],[-111.1535,26.04614]],[[-111.15526,26.04591],[-111.15526,26.04591]],[[-111.15576,26.04569],[-111.15576,26.04569]],[[-111.15601,26.04546],[-111.15601,26.04546]],[[-111.15652,26.04523],[-111.15652,26.04523]],[[-111.15677,26.04501],[-111.15677,26.04501]],[[-111.15727,26.04478],[-111.15727,26.04478]],[[-111.15777,26.04456],[-111.15777,26.04456]],[[-111.15852,26.04433],[-111.15852,26.04433]],[[-111.15903,26.04411],[-111.15903,26.04411]],[[-111.15928,26.04388],[-111.15928,26.04388]],[[-111.15953,26.04365],[-111.15953,26.04365]],[[-111.16028,26.04343],[-111.16028,26.04343]],[[-111.16154,26.0432],[-111.16154,26.0432]],[[-111.1638,26.04298],[-111.1638,26.04298]],[[-111.1643,26.04275],[-111.1643,26.04275]],[[-111.16907,26.04253],[-111.16907,26.04253]],[[-111.1648,26.04253],[-111.1648,26.04253]],[[-111.17008,26.0423],[-111.17008,26.0423]],[[-111.17083,26.04207],[-111.17083,26.04207]],[[-111.17586,26.04006],[-111.17586,26.03967],[-111.1756,26.03967],[-111.1756,26.04006],[-111.17586,26.04006]],[[-111.18489,25.97595],[-111.18389,25.97684],[-111.18363,25.97685],[-111.18264,25.97774],[-111.18238,25.97775],[-111.18188,25.97819],[-111.18113,25.9782],[-111.18013,25.97864],[-111.17961,25.97865],[-111.17837,25.97932],[-111.1771,25.97956],[-111.17686,25.97977],[-111.17634,25.97978],[-111.17083,25.98226],[-111.16983,25.98317],[-111.16983,25.98362],[-111.16958,25.98385],[-111.16958,25.98452],[-111.17008,25.98497],[-111.17008,25.98588],[-111.16958,25.98655],[-111.16958,25.98678],[-111.16907,25.98723],[-111.16907,25.98791],[-111.16882,25.98813],[-111.16882,25.98836],[-111.16807,25.98926],[-111.16807,25.98994],[-111.16832,25.99016],[-111.16832,25.99062],[-111.16807,25.99084],[-111.16807,25.99265],[-111.16832,25.99287],[-111.16832,25.99332],[-111.16907,25.99445],[-111.16907,25.9949],[-111.16933,25.99513],[-111.16958,25.99581],[-111.17033,25.99671],[-111.17033,25.99716],[-111.17058,25.99739],[-111.17058,25.99806],[-111.17083,25.99829],[-111.17083,25.99874],[-111.17108,25.99897],[-111.17108,25.99919],[-111.17133,25.99942],[-111.17133,25.99987],[-111.17108,26.0001],[-111.17108,26.00032],[-111.17133,26.00055],[-111.17133,26.00145],[-111.17234,26.00303],[-111.17234,26.00348],[-111.17259,26.00371],[-111.17259,26.00461],[-111.17234,26.00483],[-111.17234,26.00529],[-111.17209,26.00551],[-111.17209,26.00574],[-111.17184,26.00596],[-111.17133,26.00596],[-111.17108,26.00619],[-111.17083,26.00619],[-111.16983,26.00709],[-111.16983,26.00732],[-111.16958,26.00754],[-111.16958,26.008],[-111.17033,26.00845],[-111.17033,26.00867],[-111.17058,26.0089],[-111.17058,26.00935],[-111.17008,26.01003],[-111.17008,26.0107],[-111.16933,26.01115],[-111.16933,26.01206],[-111.16907,26.01228],[-111.16907,26.01454],[-111.16857,26.01499],[-111.16857,26.01567],[-111.16882,26.01589],[-111.16882,26.01612],[-111.16857,26.01635],[-111.16807,26.01635],[-111.16782,26.01657],[-111.16757,26.01635],[-111.16757,26.01611],[-111.16706,26.01567],[-111.16681,26.01567],[-111.16656,26.01589],[-111.16581,26.01589],[-111.16531,26.01544],[-111.1648,26.01544],[-111.16355,26.0168],[-111.1633,26.01747],[-111.16254,26.0186],[-111.16254,26.01973],[-111.16279,26.01996],[-111.16279,26.02063],[-111.16305,26.02086],[-111.1633,26.02154],[-111.16405,26.02221],[-111.16556,26.02176],[-111.16581,26.02154],[-111.16581,26.02109],[-111.16606,26.02086],[-111.16606,26.02063],[-111.16706,26.01973],[-111.16832,26.02018],[-111.16882,26.02063],[-111.16882,26.02086],[-111.16832,26.02131],[-111.16832,26.02379],[-111.16807,26.02402],[-111.16807,26.02447],[-111.16857,26.02492],[-111.16907,26.02605],[-111.17133,26.02808],[-111.17133,26.02831],[-111.17184,26.02898],[-111.17184,26.02944],[-111.17234,26.03011],[-111.17234,26.03056],[-111.17259,26.03079],[-111.17259,26.03124],[-111.17284,26.03147],[-111.17309,26.03214],[-111.1736,26.0326],[-111.17385,26.03372],[-111.1746,26.03485],[-111.1746,26.0353],[-111.17485,26.03553],[-111.17485,26.03666],[-111.1751,26.03688],[-111.1751,26.03734],[-111.17535,26.03756],[-111.17535,26.03801],[-111.1756,26.03824],[-111.1756,26.03906],[-111.17586,26.03952],[-111.17602,26.03937],[-111.17623,26.03846],[-111.17615,26.03801],[-111.17636,26.03782],[-111.17651,26.03688],[-111.17639,26.03666],[-111.17661,26.03646],[-111.17686,26.03533],[-111.17736,26.03484],[-111.17887,26.03447],[-111.17987,26.034],[-111.18063,26.03335],[-111.18138,26.03234],[-111.18515,26.03223],[-111.18631,26.03124],[-111.18665,26.02695],[-111.18603,26.0256],[-111.1854,26.02478],[-111.18113,26.02553],[-111.17736,26.02567],[-111.17711,26.02546],[-111.17633,26.02379],[-111.17531,26.02266],[-111.1747,26.02109],[-111.17395,26.0186],[-111.17443,26.01635],[-111.17481,26.01183],[-111.17501,26.00619],[-111.17545,26.00213],[-111.17535,25.99784],[-111.17486,25.994],[-111.1745,25.99242],[-111.17396,25.99107],[-111.17292,25.98971],[-111.17292,25.98949],[-111.17421,25.98746],[-111.17512,25.98543],[-111.17589,25.98452],[-111.17686,25.98374],[-111.17912,25.98262],[-111.18067,25.98114],[-111.18289,25.98025],[-111.18389,25.97952],[-111.18471,25.9782],[-111.18531,25.97595]],[[-111.16807,26.02402],[-111.16807,26.02402]],[[-111.16832,26.02131],[-111.16832,26.02131]],[[-111.16857,26.02109],[-111.16857,26.02109]],[[-111.16254,26.0186],[-111.16254,26.0186]],[[-111.16279,26.01815],[-111.16279,26.01815]],[[-111.16305,26.0177],[-111.16305,26.0177]],[[-111.1633,26.01725],[-111.1633,26.01725]],[[-111.16355,26.0168],[-111.16355,26.0168]],[[-111.1638,26.01657],[-111.1638,26.01657]],[[-111.16807,26.01635],[-111.16807,26.01635]],[[-111.16405,26.01612],[-111.16405,26.01612]],[[-111.16732,26.01589],[-111.16732,26.01589]],[[-111.1643,26.01589],[-111.1643,26.01589]],[[-111.16706,26.01567],[-111.16706,26.01567]],[[-111.16681,26.01567],[-111.16681,26.01567]],[[-111.16531,26.01544],[-111.16531,26.01544]],[[-111.1648,26.01544],[-111.1648,26.01544]],[[-111.16857,26.01499],[-111.16857,26.01499]],[[-111.16882,26.01477],[-111.16882,26.01477]],[[-111.16907,26.01228],[-111.16907,26.01228]],[[-111.16933,26.01115],[-111.16933,26.01115]],[[-111.16958,26.01093],[-111.16958,26.01093]],[[-111.17008,26.01003],[-111.17008,26.01003]],[[-111.17033,26.00957],[-111.17033,26.00957]],[[-111.16958,26.00754],[-111.16958,26.00754]],[[-111.16983,26.00709],[-111.16983,26.00709]],[[-111.17008,26.00687],[-111.17008,26.00687]],[[-111.17033,26.00664],[-111.17033,26.00664]],[[-111.17058,26.00641],[-111.17058,26.00641]],[[-111.17083,26.00619],[-111.17083,26.00619]],[[-111.17133,26.00596],[-111.17133,26.00596]],[[-111.17209,26.00551],[-111.17209,26.00551]],[[-111.17234,26.00483],[-111.17234,26.00483]],[[-111.17535,26.00348],[-111.17535,26.00348]],[[-111.17108,26.0001],[-111.17108,26.0001]],[[-111.16807,25.99084],[-111.16807,25.99084]],[[-111.16807,25.98926],[-111.16807,25.98926]],[[-111.16832,25.98881],[-111.16832,25.98881]],[[-111.16857,25.98858],[-111.16857,25.98858]],[[-111.16882,25.98813],[-111.16882,25.98813]],[[-111.16907,25.98723],[-111.16907,25.98723]],[[-111.16933,25.98701],[-111.16933,25.98701]],[[-111.16958,25.98655],[-111.16958,25.98655]],[[-111.17485,25.9861],[-111.17485,25.9861]],[[-111.16983,25.9861],[-111.16983,25.9861]],[[-111.11984,25.98589],[-111.12035,25.9859],[-111.1206,25.9857],[-111.1206,25.98497],[-111.12085,25.98475],[-111.12085,25.9843],[-111.1211,25.98407],[-111.12135,25.98294],[-111.12185,25.98227],[-111.12185,25.98027],[-111.1216,25.98021],[-111.12049,25.98114],[-111.11984,25.98351]],[[-111.16958,25.98385],[-111.16958,25.98385]],[[-111.16983,25.98317],[-111.16983,25.98317]],[[-111.17008,25.98294],[-111.17008,25.98294]],[[-111.17033,25.98272],[-111.17033,25.98272]]]},"properties":{"depth_m":5}},{"type":"Feature","geometry":{"type":"MultiLineString","coordinates":[[[-111.11984,26.06566],[-111.12261,26.06644],[-111.12386,26.06736],[-111.12526,26.0678],[-111.12713,26.06802],[-111.12939,26.0675],[-111.13057,26.06668],[-111.13115,26.0657],[-111.13165,26.06528],[-111.1349,26.06419],[-111.14371,26.05982],[-111.14647,26.05746],[-111.14898,26.05484],[-111.15024,26.05416],[-111.15199,26.05365],[-111.15325,26.05274],[-111.15406,26.05201],[-111.15504,26.05065],[-111.15605,26.04975],[-111.15985,26.04794],[-111.16154,26.04659],[-111.16455,26.04509],[-111.16618,26.04388],[-111.16757,26.04351],[-111.17284,26.04268],[-111.17378,26.0423],[-111.17378,26.04207],[-111.17083,26.04207],[-111.17058,26.0423],[-111.17008,26.0423],[-111.16983,26.04253],[-111.16907,26.04253],[-111.16882,26.04275],[-111.16807,26.04275],[-111.16782,26.04298],[-111.16757,26.04275],[-111.16631,26.04275],[-111.16606,26.04253],[-111.1648,26.04253],[-111.16355,26.0432],[-111.16154,26.0432],[-111.16129,26.04343],[-111.16028,26.04343],[-111.16003,26.04365],[-111.15953,26.04365],[-111.15878,26.04433],[-111.15852,26.04433],[-111.15827,26.04456],[-111.15777,26.04456],[-111.15702,26.04501],[-111.15677,26.04501],[-111.15626,26.04546],[-111.15601,26.04546],[-111.15501,26.04614],[-111.1535,26.04614],[-111.15225,26.04727],[-111.15124,26.04727],[-111.15049,26.04772],[-111.15024,26.04749],[-111.14898,26.04749],[-111.14873,26.04727],[-111.14823,26.04727],[-111.14798,26.04704],[-111.14747,26.04704],[-111.14647,26.04772],[-111.14647,26.04817],[-111.14597,26.04862],[-111.14546,26.04862],[-111.14521,26.04839],[-111.14471,26.04839],[-111.14446,26.04817],[-111.14396,26.04817],[-111.14295,26.04907],[-111.1427,26.04907],[-111.1422,26.04952],[-111.14195,26.04952],[-111.14069,26.05043],[-111.13642,26.05223],[-111.13592,26.05268],[-111.13567,26.05268],[-111.13466,26.05359],[-111.13391,26.05381],[-111.13366,26.05404],[-111.13316,26.05404],[-111.1329,26.05426],[-111.13239,26.05426],[-111.13215,26.05448],[-111.13215,26.05562],[-111.1324,26.05584],[-111.1324,26.05629],[-111.13265,26.05652],[-111.13265,26.05697],[-111.1329,26.0572],[-111.1329,26.05878],[-111.13316,26.059],[-111.13366,26.06013],[-111.13391,26.06036],[-111.13391,26.06081],[-111.13416,26.06103],[-111.13316,26.06261],[-111.13316,26.06329],[-111.13265,26.06374],[-111.13115,26.06374],[-111.1309,26.06397],[-111.13063,26.06397],[-111.12989,26.06464],[-111.12989,26.06487],[-111.12964,26.0651],[-111.12964,26.06555],[-111.12939,26.06577],[-111.12939,26.06622],[-111.12889,26.06668],[-111.12864,26.06735],[-111.12838,26.06758],[-111.12788,26.06713],[-111.12788,26.06644],[-111.12738,26.06645],[-111.12713,26.06668],[-111.12688,26.06668],[-111.12663,26.06645],[-111.12663,26.06622],[-111.12638,26.066],[-111.12612,26.066],[-111.12437,26.06442],[-111.12437,26.06419],[-111.12411,26.06397],[-111.12411,26.06306],[-111.12386,26.06284],[-111.12261,26.06306],[-111.1221,26.0635],[-111.12185,26.06351],[-111.1206,26.0644],[-111.12035,26.06441],[-111.11984,26.06486]],[[-111.12864,26.06713],[-111.12864,26.06713]],[[-111.12889,26.06668],[-111.12889,26.06668]],[[-111.12914,26.06645],[-111.12914,26.06645]],[[-111.12738,26.06645],[-111.12738,26.06645]],[[-111.12939,26.06577],[-111.12939,26.06577]],[[-111.12964,26.0651],[-111.12964,26.0651]],[[-111.12989,26.06464],[-111.12989,26.06464]],[[-111.13014,26.06442],[-111.13014,26.06442]],[[-111.13115,26.06374],[-111.13115,26.06374]],[[-111.1329,26.06352],[-111.1329,26.06352]],[[-111.13316,26.06261],[-111.13316,26.06261]],[[-111.13341,26.06216],[-111.13341,26.06216]],[[-111.13366,26.06171],[-111.13366,26.06171]],[[-111.13391,26.06126],[-111.13391,26.06126]],[[-111.13391,26.06081],[-111.13391,26.06081]],[[-111.13366,26.06013],[-111.13366,26.06013]],[[-111.13341,26.05968],[-111.13341,26.05968]],[[-111.13316,26.05923],[-111.13316,26.05923]],[[-111.1329,26.05878],[-111.1329,26.05878]],[[-111.13265,26.05697],[-111.13265,26.05697]],[[-111.1324,26.05629],[-111.1324,26.05629]],[[-111.13215,26.05562],[-111.13215,26.05562]],[[-111.13316,26.05404],[-111.13316,26.05404]],[[-111.13391,26.05381],[-111.13391,26.05381]],[[-111.13441,26.05359],[-111.13441,26.05359]],[[-111.13491,26.05336],[-111.13491,26.05336]],[[-111.13517,26.05313],[-111.13517,26.05313]],[[-111.13542,26.05291],[-111.13542,26.05291]],[[-111.13567,26.05268],[-111.13567,26.05268]],[[-111.13617,26.05246],[-111.13617,26.05246]],[[-111.13642,26.05223],[-111.13642,26.05223]],[[-111.13692,26.05201],[-111.13692,26.05201]],[[-111.13743,26.05178],[-111.13743,26.05178]],[[-111.13793,26.05155],[-111.13793,26.05155]],[[-111.13843,26.05133],[-111.13843,26.05133]],[[-111.13893,26.0511],[-111.13893,26.0511]],[[-111.13944,26.05088],[-111.13944,26.05088]],[[-111.13994,26.05065],[-111.13994,26.05065]],[[-111.14044,26.05043],[-111.14044,26.05043]],[[-111.15551,26.0502],[-111.15551,26.0502]],[[-111.14094,26.0502],[-111.14094,26.0502]],[[-111.15576,26.04997],[-111.15576,26.04997]],[[-111.14119,26.04997],[-111.14119,26.04997]],[[-111.1417,26.04975],[-111.1417,26.04975]],[[-111.14195,26.04952],[-111.14195,26.04952]],[[-111.14245,26.0493],[-111.14245,26.0493]],[[-111.1427,26.04907],[-111.1427,26.04907]],[[-111.1432,26.04885],[-111.1432,26.04885]],[[-111.14345,26.04862],[-111.14345,26.04862]],[[-111.14622,26.04839],[-111.14622,26.04839]],[[-111.14371,26.04839],[-111.14371,26.04839]],[[-111.14396,26.04817],[-111.14396,26.04817]],[[-111.14647,26.04772],[-111.14647,26.04772]],[[-111.15074,26.04749],[-111.15074,26.04749]],[[-111.14672,26.04749],[-111.14672,26.04749]],[[-111.15124,26.04727],[-111.15124,26.04727]],[[-111.14722,26.04727],[-111.14722,26.04727]],[[-111.1525,26.04704],[-111.1525,26.04704]],[[-111.14747,26.04704],[-111.14747,26.04704]],[[-111.15275,26.04681],[-111.15275,26.04681]],[[-111.153,26.04659],[-111.153,26.04659]],[[-111.15325,26.04636],[-111.15325,26.04636]],[[-111.16229,26.04614],[-111.16229,26.04614]],[[-111.1535,26.04614],[-111.1535,26.04614]],[[-111.15526,26.04591],[-111.15526,26.04591]],[[-111.15576,26.04569],[-111.15576,26.04569]],[[-111.15601,26.04546],[-111.15601,26.04546]],[[-111.15652,26.04523],[-111.15652,26.04523]],[[-111.15677,26.04501],[-111.15677,26.04501]],[[-111.15727,26.04478],[-111.15727,26.04478]],[[-111.15777,26.04456],[-111.15777,26.04456]],[[-111.15852,26.04433],[-111.15852,26.04433]],[[-111.15903,26.04411],[-111.15903,26.04411]],[[-111.15928,26.04388],[-111.15928,26.04388]],[[-111.15953,26.04365],[-111.15953,26.04365]],[[-111.16028,26.04343],[-111.16028,26.04343]],[[-111.16154,26.0432],[-111.16154,26.0432]],[[-111.1638,26.04298],[-111.1638,26.04298]],[[-111.16807,26.04275],[-111.16807,26.04275]],[[-111.1643,26.04275],[-111.1643,26.04275]],[[-111.16907,26.04253],[-111.16907,26.04253]],[[-111.1648,26.04253],[-111.1648,26.04253]],[[-111.17008,26.0423],[-111.17008,26.0423]],[[-111.17083,26.04207],[-111.17083,26.04207]],[[-111.18489,25.97595],[-111.18389,25.97683],[-111.18363,25.97685],[-111.18264,25.97774],[-111.18238,25.97775],[-111.18188,25.97819],[-111.18113,25.9782],[-111.18013,25.97864],[-111.17961,25.97865],[-111.17837,25.97932],[-111.1771,25.97956],[-111.17686,25.97977],[-111.17634,25.97978],[-111.17083,25.98226],[-111.16983,25.98317],[-111.16983,25.98362],[-111.16958,25.98385],[-111.16958,25.98452],[-111.17008,25.98497],[-111.17008,25.98588],[-111.16958,25.98655],[-111.16958,25.98678],[-111.16907,25.98723],[-111.16907,25.98791],[-111.16882,25.98813],[-111.16882,25.98836],[-111.16807,25.98926],[-111.16807,25.98994],[-111.16832,25.99016],[-111.16832,25.99062],[-111.16807,25.99084],[-111.16807,25.99265],[-111.16832,25.99287],[-111.16832,25.99332],[-111.16907,25.99445],[-111.16907,25.9949],[-111.16933,25.99513],[-111.16958,25.99581],[-111.17033,25.99671],[-111.17033,25.99716],[-111.17058,25.99739],[-111.17058,25.99806],[-111.17083,25.99829],[-111.17083,25.99874],[-111.17108,25.99897],[-111.17108,25.99919],[-111.17133,25.99942],[-111.17133,25.99987],[-111.17108,26.0001],[-111.17108,26.00032],[-111.17133,26.00055],[-111.17133,26.00145],[-111.17234,26.00303],[-111.17234,26.00348],[-111.17259,26.00371],[-111.17259,26.00461],[-111.17234,26.00483],[-111.17234,26.00529],[-111.17209,26.00551],[-111.17209,26.00574],[-111.17184,26.00596],[-111.17133,26.00596],[-111.17108,26.00619],[-111.17083,26.00619],[-111.16983,26.00709],[-111.16983,26.00732],[-111.16958,26.00754],[-111.16958,26.008],[-111.17033,26.00845],[-111.17033,26.00867],[-111.17058,26.0089],[-111.17058,26.00935],[-111.17008,26.01003],[-111.17008,26.0107],[-111.16933,26.01115],[-111.16933,26.01206],[-111.16907,26.01228],[-111.16907,26.01454],[-111.16857,26.01499],[-111.16857,26.01567],[-111.16882,26.01589],[-111.16882,26.01612],[-111.16857,26.01635],[-111.16807,26.01635],[-111.16782,26.01657],[-111.16757,26.01635],[-111.16757,26.01611],[-111.16706,26.01567],[-111.16681,26.01567],[-111.16656,26.01589],[-111.16581,26.01589],[-111.16532,26.01544],[-111.1648,26.01544],[-111.16355,26.0168],[-111.1633,26.01747],[-111.16254,26.0186],[-111.16254,26.01973],[-111.16279,26.01996],[-111.16279,26.02063],[-111.16305,26.02086],[-111.1633,26.02154],[-111.16405,26.02221],[-111.16556,26.02176],[-111.16581,26.02154],[-111.16581,26.02109],[-111.16606,26.02086],[-111.16606,26.02063],[-111.16706,26.01973],[-111.16832,26.02018],[-111.16882,26.02063],[-111.16882,26.02086],[-111.16832,26.02131],[-111.16832,26.02379],[-111.16807,26.02402],[-111.16807,26.02447],[-111.16857,26.02492],[-111.16907,26.02605],[-111.17133,26.02808],[-111.17133,26.02831],[-111.17184,26.02898],[-111.17184,26.02944],[-111.17234,26.03011],[-111.17259,26.03124],[-111.17284,26.03147],[-111.17309,26.03214],[-111.1736,26.0326],[-111.17385,26.03372],[-111.1746,26.03485],[-111.1746,26.0353],[-111.17485,26.03553],[-111.17485,26.03666],[-111.1751,26.03688],[-111.1751,26.03734],[-111.17535,26.03756],[-111.17535,26.03801],[-111.1756,26.03824],[-111.1756,26.04015],[-111.17586,26.04015],[-111.17611,26.03952],[-111.17683,26.03553],[-111.17736,26.03493],[-111.17877,26.03463],[-111.17987,26.03418],[-111.18063,26.03359],[-111.18138,26.03266],[-111.18515,26.03248],[-111.18654,26.03124],[-111.18698,26.02695],[-111.1862,26.02515],[-111.1854,26.02417],[-111.18138,26.02498],[-111.17736,26.0252],[-111.17711,26.02499],[-111.17636,26.02357],[-111.1757,26.02289],[-111.17488,26.02086],[-111.17418,26.0186],[-111.17466,26.01544],[-111.175,26.01048],[-111.17509,26.00619],[-111.17551,26.00213],[-111.17541,25.99784],[-111.17497,25.99423],[-111.1746,25.99246],[-111.17408,25.99107],[-111.17307,25.98971],[-111.17307,25.98949],[-111.17435,25.98746],[-111.17523,25.98543],[-111.17603,25.98452],[-111.17711,25.9837],[-111.17921,25.98272],[-111.18082,25.98114],[-111.18289,25.98039],[-111.18405,25.97956],[-111.18483,25.9782],[-111.18542,25.97595]],[[-111.1854,26.03237],[-111.1854,26.03237]],[[-111.18565,26.03214],[-111.18565,26.03214]],[[-111.16807,26.02402],[-111.16807,26.02402]],[[-111.16832,26.02131],[-111.16832,26.02131]],[[-111.16857,26.02109],[-111.16857,26.02109]],[[-111.16254,26.0186],[-111.16254,26.0186]],[[-111.16279,26.01815],[-111.16279,26.01815]],[[-111.16305,26.0177],[-111.16305,26.0177]],[[-111.1633,26.01725],[-111.1633,26.01725]],[[-111.16355,26.0168],[-111.16355,26.0168]],[[-111.1638,26.01657],[-111.1638,26.01657]],[[-111.16807,26.01635],[-111.16807,26.01635]],[[-111.16405,26.01612],[-111.16405,26.01612]],[[-111.16706,26.01567],[-111.16706,26.01567]],[[-111.16681,26.01567],[-111.16681,26.01567]],[[-111.1648,26.01544],[-111.1648,26.01544]],[[-111.16857,26.01499],[-111.16857,26.01499]],[[-111.16882,26.01477],[-111.16882,26.01477]],[[-111.16907,26.01228],[-111.16907,26.01228]],[[-111.16933,26.01115],[-111.16933,26.01115]],[[-111.16958,26.01093],[-111.16958,26.01093]],[[-111.17008,26.01003],[-111.17008,26.01003]],[[-111.17033,26.00957],[-111.17033,26.00957]],[[-111.16958,26.00754],[-111.16958,26.00754]],[[-111.16983,26.00709],[-111.16983,26.00709]],[[-111.17008,26.00687],[-111.17008,26.00687]],[[-111.17033,26.00664],[-111.17033,26.00664]],[[-111.17058,26.00641],[-111.17058,26.00641]],[[-111.17083,26.00619],[-111.17083,26.00619]],[[-111.17133,26.00596],[-111.17133,26.00596]],[[-111.17209,26.00551],[-111.17209,26.00551]],[[-111.17234,26.00483],[-111.17234,26.00483]],[[-111.17108,26.0001],[-111.17108,26.0001]],[[-111.16807,25.99084],[-111.16807,25.99084]],[[-111.16807,25.98926],[-111.16807,25.98926]],[[-111.16832,25.98881],[-111.16832,25.98881]],[[-111.16857,25.98858],[-111.16857,25.98858]],[[-111.16882,25.98813],[-111.16882,25.98813]],[[-111.16907,25.98723],[-111.16907,25.98723]],[[-111.16933,25.98701],[-111.16933,25.98701]],[[-111.16958,25.98655],[-111.16958,25.98655]],[[-111.16983,25.9861],[-111.16983,25.9861]],[[-111.11984,25.98589],[-111.12035,25.98591],[-111.1206,25.98571],[-111.1206,25.98497],[-111.12085,25.98475],[-111.12085,25.9843],[-111.1211,25.98407],[-111.12135,25.98294],[-111.12185,25.98227],[-111.12185,25.98017],[-111.1216,25.9801],[-111.12036,25.98114],[-111.11984,25.98286]],[[-111.16958,25.98385],[-111.16958,25.98385]],[[-111.16983,25.98317],[-111.16983,25.98317]],[[-111.17008,25.98294],[-111.17008,25.98294]],[[-111.17033,25.98272],[-111.17033,25.98272]]]},"properties":{"depth_m":6}},{"type":"Feature","geometry":{"type":"MultiLineString","coordinates":[[[-111.11984,26.06583],[-111.12286,26.06668],[-111.12386,26.06745],[-111.12537,26.06788],[-111.12738,26.06804],[-111.12964,26.06745],[-111.13064,26.06669],[-111.13115,26.06585],[-111.13165,26.06545],[-111.13491,26.06432],[-111.14371,26.06003],[-111.14672,26.05746],[-111.14898,26.055],[-111.15024,26.05427],[-111.15227,26.05359],[-111.15395,26.05223],[-111.15501,26.05083],[-111.15621,26.04975],[-111.1601,26.04794],[-111.16179,26.04665],[-111.16455,26.04526],[-111.1664,26.04388],[-111.16757,26.04355],[-111.17284,26.04273],[-111.17387,26.0423],[-111.17387,26.04207],[-111.17083,26.04207],[-111.17058,26.0423],[-111.17008,26.0423],[-111.16983,26.04253],[-111.16907,26.04253],[-111.16882,26.04275],[-111.16807,26.04275],[-111.16782,26.04298],[-111.16757,26.04275],[-111.16631,26.04275],[-111.16606,26.04253],[-111.1648,26.04253],[-111.16355,26.0432],[-111.16154,26.0432],[-111.16129,26.04343],[-111.16028,26.04343],[-111.16003,26.04365],[-111.15953,26.04365],[-111.15878,26.04433],[-111.15852,26.04433],[-111.15827,26.04456],[-111.15777,26.04456],[-111.15702,26.04501],[-111.15677,26.04501],[-111.15626,26.04546],[-111.15601,26.04546],[-111.15501,26.04614],[-111.1535,26.04614],[-111.15225,26.04727],[-111.15124,26.04727],[-111.15049,26.04772],[-111.15024,26.04749],[-111.14898,26.04749],[-111.14873,26.04727],[-111.14823,26.04727],[-111.14798,26.04704],[-111.14747,26.04704],[-111.14647,26.04772],[-111.14647,26.04817],[-111.14597,26.04862],[-111.14546,26.04862],[-111.14521,26.04839],[-111.14471,26.04839],[-111.14446,26.04817],[-111.14396,26.04817],[-111.14295,26.04907],[-111.1427,26.04907],[-111.1422,26.04952],[-111.14195,26.04952],[-111.14069,26.05043],[-111.13642,26.05223],[-111.13592,26.05268],[-111.13567,26.05268],[-111.13466,26.05359],[-111.13391,26.05381],[-111.13366,26.05404],[-111.13316,26.05404],[-111.1329,26.05426],[-111.13239,26.05426],[-111.13215,26.05448],[-111.13215,26.05562],[-111.1324,26.05584],[-111.1324,26.05629],[-111.13265,26.05652],[-111.13265,26.05697],[-111.1329,26.0572],[-111.1329,26.05878],[-111.13316,26.059],[-111.13366,26.06013],[-111.13391,26.06036],[-111.13391,26.06081],[-111.13416,26.06103],[-111.13316,26.06261],[-111.13316,26.06329],[-111.13265,26.06374],[-111.13115,26.06374],[-111.1309,26.06397],[-111.13063,26.06397],[-111.12989,26.06464],[-111.12989,26.06487],[-111.12964,26.0651],[-111.12964,26.06555],[-111.12939,26.06577],[-111.12939,26.06622],[-111.12889,26.06668],[-111.12864,26.06735],[-111.12838,26.06758],[-111.12788,26.06713],[-111.12788,26.06644],[-111.12738,26.06645],[-111.12713,26.06668],[-111.12688,26.06668],[-111.12663,26.06645],[-111.12663,26.06621],[-111.12638,26.066],[-111.12612,26.066],[-111.12437,26.06442],[-111.12437,26.06419],[-111.12411,26.06397],[-111.12411,26.06306],[-111.12386,26.06284],[-111.12261,26.06305],[-111.1221,26.06349],[-111.12185,26.0635],[-111.1206,26.0644],[-111.12035,26.06441],[-111.11984,26.06486]],[[-111.12864,26.06713],[-111.12864,26.06713]],[[-111.12889,26.06668],[-111.12889,26.06668]],[[-111.12914,26.06645],[-111.12914,26.06645]],[[-111.12738,26.06645],[-111.12738,26.06645]],[[-111.12939,26.06577],[-111.12939,26.06577]],[[-111.12964,26.0651],[-111.12964,26.0651]],[[-111.12989,26.06464],[-111.12989,26.06464]],[[-111.13014,26.06442],[-111.13014,26.06442]],[[-111.13115,26.06374],[-111.13115,26.06374]],[[-111.1329,26.06352],[-111.1329,26.06352]],[[-111.13316,26.06261],[-111.13316,26.06261]],[[-111.13341,26.06216],[-111.13341,26.06216]],[[-111.13366,26.06171],[-111.13366,26.06171]],[[-111.13391,26.06126],[-111.13391,26.06126]],[[-111.13391,26.06081],[-111.13391,26.06081]],[[-111.13366,26.06013],[-111.13366,26.06013]],[[-111.13341,26.05968],[-111.13341,26.05968]],[[-111.13316,26.05923],[-111.13316,26.05923]],[[-111.1329,26.05878],[-111.1329,26.05878]],[[-111.13265,26.05697],[-111.13265,26.05697]],[[-111.1324,26.05629],[-111.1324,26.05629]],[[-111.13215,26.05562],[-111.13215,26.05562]],[[-111.13316,26.05404],[-111.13316,26.05404]],[[-111.13391,26.05381],[-111.13391,26.05381]],[[-111.13441,26.05359],[-111.13441,26.05359]],[[-111.13491,26.05336],[-111.13491,26.05336]],[[-111.13517,26.05313],[-111.13517,26.05313]],[[-111.13542,26.05291],[-111.13542,26.05291]],[[-111.13567,26.05268],[-111.13567,26.05268]],[[-111.13617,26.05246],[-111.13617,26.05246]],[[-111.13642,26.05223],[-111.13642,26.05223]],[[-111.13692,26.05201],[-111.13692,26.05201]],[[-111.13743,26.05178],[-111.13743,26.05178]],[[-111.13793,26.05155],[-111.13793,26.05155]],[[-111.13843,26.05133],[-111.13843,26.05133]],[[-111.13893,26.0511],[-111.13893,26.0511]],[[-111.13944,26.05088],[-111.13944,26.05088]],[[-111.13994,26.05065],[-111.13994,26.05065]],[[-111.14044,26.05043],[-111.14044,26.05043]],[[-111.14094,26.0502],[-111.14094,26.0502]],[[-111.14119,26.04997],[-111.14119,26.04997]],[[-111.1417,26.04975],[-111.1417,26.04975]],[[-111.14195,26.04952],[-111.14195,26.04952]],[[-111.14245,26.0493],[-111.14245,26.0493]],[[-111.1427,26.04907],[-111.1427,26.04907]],[[-111.1432,26.04885],[-111.1432,26.04885]],[[-111.14345,26.04862],[-111.14345,26.04862]],[[-111.14622,26.04839],[-111.14622,26.04839]],[[-111.14371,26.04839],[-111.14371,26.04839]],[[-111.14396,26.04817],[-111.14396,26.04817]],[[-111.14647,26.04772],[-111.14647,26.04772]],[[-111.15074,26.04749],[-111.15074,26.04749]],[[-111.14672,26.04749],[-111.14672,26.04749]],[[-111.15124,26.04727],[-111.15124,26.04727]],[[-111.14722,26.04727],[-111.14722,26.04727]],[[-111.1525,26.04704],[-111.1525,26.04704]],[[-111.14747,26.04704],[-111.14747,26.04704]],[[-111.15275,26.04681],[-111.15275,26.04681]],[[-111.153,26.04659],[-111.153,26.04659]],[[-111.15325,26.04636],[-111.15325,26.04636]],[[-111.1535,26.04614],[-111.1535,26.04614]],[[-111.15526,26.04591],[-111.15526,26.04591]],[[-111.15576,26.04569],[-111.15576,26.04569]],[[-111.15601,26.04546],[-111.15601,26.04546]],[[-111.15652,26.04523],[-111.15652,26.04523]],[[-111.15677,26.04501],[-111.15677,26.04501]],[[-111.15727,26.04478],[-111.15727,26.04478]],[[-111.15777,26.04456],[-111.15777,26.04456]],[[-111.15852,26.04433],[-111.15852,26.04433]],[[-111.15903,26.04411],[-111.15903,26.04411]],[[-111.15928,26.04388],[-111.15928,26.04388]],[[-111.16706,26.04365],[-111.16706,26.04365]],[[-111.15953,26.04365],[-111.15953,26.04365]],[[-111.16028,26.04343],[-111.16028,26.04343]],[[-111.16154,26.0432],[-111.16154,26.0432]],[[-111.1638,26.04298],[-111.1638,26.04298]],[[-111.16807,26.04275],[-111.16807,26.04275]],[[-111.1643,26.04275],[-111.1643,26.04275]],[[-111.16907,26.04253],[-111.16907,26.04253]],[[-111.1648,26.04253],[-111.1648,26.04253]],[[-111.17008,26.0423],[-111.17008,26.0423]],[[-111.17083,26.04207],[-111.17083,26.04207]],[[-111.18489,25.97595],[-111.18389,25.97683],[-111.18363,25.97685],[-111.18264,25.97773],[-111.18237,25.97775],[-111.18188,25.97818],[-111.18113,25.9782],[-111.18013,25.97864],[-111.1796,25.97865],[-111.17837,25.97931],[-111.17709,25.97956],[-111.17686,25.97977],[-111.17634,25.97978],[-111.17083,25.98225],[-111.16983,25.98317],[-111.16983,25.98362],[-111.16958,25.98385],[-111.16958,25.98452],[-111.17008,25.98497],[-111.17008,25.98588],[-111.16958,25.98655],[-111.16958,25.98678],[-111.16907,25.98723],[-111.16907,25.98791],[-111.16882,25.98813],[-111.16882,25.98836],[-111.16807,25.98926],[-111.16807,25.98994],[-111.16832,25.99016],[-111.16832,25.99062],[-111.16807,25.99084],[-111.16807,25.99265],[-111.16832,25.99287],[-111.16832,25.99332],[-111.16907,25.99445],[-111.16907,25.9949],[-111.16933,25.99513],[-111.16958,25.99581],[-111.17033,25.99671],[-111.17033,25.99716],[-111.17058,25.99739],[-111.17058,25.99806],[-111.17083,25.99829],[-111.17083,25.99874],[-111.17108,25.99897],[-111.17108,25.99919],[-111.17133,25.99942],[-111.17133,25.99987],[-111.17108,26.0001],[-111.17108,26.00032],[-111.17133,26.00055],[-111.17133,26.00145],[-111.17234,26.00303],[-111.17234,26.00348],[-111.17259,26.00371],[-111.17259,26.00461],[-111.17234,26.00483],[-111.17234,26.00529],[-111.17209,26.00551],[-111.17209,26.00574],[-111.17184,26.00596],[-111.17133,26.00596],[-111.17108,26.00619],[-111.17083,26.00619],[-111.16983,26.00709],[-111.16983,26.00732],[-111.16958,26.00754],[-111.16958,26.00801],[-111.17033,26.00845],[-111.17033,26.00867],[-111.17058,26.0089],[-111.17058,26.00935],[-111.17008,26.01003],[-111.17008,26.0107],[-111.16933,26.01115],[-111.16933,26.01206],[-111.16907,26.01228],[-111.16907,26.01454],[-111.16857,26.01499],[-111.16857,26.01567],[-111.16882,26.01589],[-111.16882,26.01612],[-111.16857,26.01635],[-111.16807,26.01635],[-111.16782,26.01657],[-111.16757,26.01635],[-111.16757,26.01611],[-111.16706,26.01567],[-111.16681,26.01567],[-111.16656,26.01589],[-111.16581,26.01589],[-111.16532,26.01544],[-111.1648,26.01544],[-111.16355,26.0168],[-111.1633,26.01747],[-111.16254,26.0186],[-111.16254,26.01973],[-111.16279,26.01996],[-111.16279,26.02063],[-111.16305,26.02086],[-111.1633,26.02154],[-111.16405,26.02221],[-111.16556,26.02176],[-111.16581,26.02154],[-111.16581,26.02109],[-111.16606,26.02086],[-111.16606,26.02063],[-111.16706,26.01973],[-111.16832,26.02018],[-111.16882,26.02063],[-111.16882,26.02086],[-111.16832,26.02131],[-111.16832,26.02379],[-111.16807,26.02402],[-111.16807,26.02447],[-111.16857,26.02492],[-111.16907,26.02605],[-111.17133,26.02808],[-111.17133,26.02831],[-111.17184,26.02898],[-111.17184,26.02944],[-111.17234,26.03011],[-111.17259,26.03124],[-111.17284,26.03147],[-111.17309,26.03214],[-111.1736,26.0326],[-111.17385,26.03372],[-111.1746,26.03485],[-111.1746,26.0353],[-111.17485,26.03553],[-111.17485,26.03666],[-111.1751,26.03688],[-111.1751,26.03734],[-111.17535,26.03756],[-111.17535,26.03801],[-111.1756,26.03824],[-111.1756,26.04024],[-111.17586,26.04024],[-111.17613,26.03959],[-111.17686,26.03564],[-111.17736,26.03502],[-111.17887,26.03473],[-111.17987,26.03435],[-111.18073,26.03372],[-111.18138,26.03298],[-111.18515,26.03273],[-111.18676,26.03124],[-111.18731,26.02695],[-111.18653,26.02492],[-111.18592,26.02402],[-111.1854,26.02358],[-111.18126,26.02447],[-111.17736,26.02474],[-111.17596,26.02289],[-111.17505,26.02063],[-111.17442,26.0186],[-111.17475,26.01589],[-111.17509,26.01048],[-111.17517,26.00619],[-111.17557,26.00213],[-111.17546,25.99784],[-111.17468,25.99242],[-111.17419,25.99107],[-111.17324,25.98971],[-111.17324,25.98949],[-111.17449,25.98746],[-111.17535,25.98543],[-111.17611,25.98458],[-111.17711,25.98381],[-111.17937,25.98276],[-111.18098,25.98114],[-111.18303,25.98046],[-111.18414,25.97967],[-111.18487,25.97843],[-111.18563,25.97595]],[[-111.18565,26.03237],[-111.18565,26.03237]],[[-111.16807,26.02402],[-111.16807,26.02402]],[[-111.16832,26.02131],[-111.16832,26.02131]],[[-111.16857,26.02109],[-111.16857,26.02109]],[[-111.16254,26.0186],[-111.16254,26.0186]],[[-111.16279,26.01815],[-111.16279,26.01815]],[[-111.16305,26.0177],[-111.16305,26.0177]],[[-111.1633,26.01725],[-111.1633,26.01725]],[[-111.16355,26.0168],[-111.16355,26.0168]],[[-111.1638,26.01657],[-111.1638,26.01657]],[[-111.16807,26.01635],[-111.16807,26.01635]],[[-111.16405,26.01612],[-111.16405,26.01612]],[[-111.16706,26.01567],[-111.16706,26.01567]],[[-111.16681,26.01567],[-111.16681,26.01567]],[[-111.1648,26.01544],[-111.1648,26.01544]],[[-111.16857,26.01499],[-111.16857,26.01499]],[[-111.16882,26.01477],[-111.16882,26.01477]],[[-111.16907,26.01228],[-111.16907,26.01228]],[[-111.16933,26.01115],[-111.16933,26.01115]],[[-111.16958,26.01093],[-111.16958,26.01093]],[[-111.17008,26.01003],[-111.17008,26.01003]],[[-111.17033,26.00957],[-111.17033,26.00957]],[[-111.16958,26.00754],[-111.16958,26.00754]],[[-111.16983,26.00709],[-111.16983,26.00709]],[[-111.17008,26.00687],[-111.17008,26.00687]],[[-111.17033,26.00664],[-111.17033,26.00664]],[[-111.17058,26.00641],[-111.17058,26.00641]],[[-111.17083,26.00619],[-111.17083,26.00619]],[[-111.17133,26.00596],[-111.17133,26.00596]],[[-111.17209,26.00551],[-111.17209,26.00551]],[[-111.17234,26.00483],[-111.17234,26.00483]],[[-111.17108,26.0001],[-111.17108,26.0001]],[[-111.16807,25.99084],[-111.16807,25.99084]],[[-111.16807,25.98926],[-111.16807,25.98926]],[[-111.16832,25.98881],[-111.16832,25.98881]],[[-111.16857,25.98858],[-111.16857,25.98858]],[[-111.16882,25.98813],[-111.16882,25.98813]],[[-111.16907,25.98723],[-111.16907,25.98723]],[[-111.16933,25.98701],[-111.16933,25.98701]],[[-111.16958,25.98655],[-111.16958,25.98655]],[[-111.16983,25.9861],[-111.16983,25.9861]],[[-111.11984,25.98589],[-111.12035,25.98591],[-111.1206,25.98573],[-111.1206,25.98497],[-111.12085,25.98475],[-111.12085,25.9843],[-111.1211,25.98407],[-111.12135,25.98294],[-111.12185,25.98227],[-111.12185,25.98007],[-111.12158,25.98001],[-111.12024,25.98114],[-111.11984,25.9822]],[[-111.16958,25.98385],[-111.16958,25.98385]],[[-111.16983,25.98317],[-111.16983,25.98317]],[[-111.17008,25.98294],[-111.17008,25.98294]],[[-111.17033,25.98272],[-111.17033,25.98272]]]},"properties":{"depth_m":7}},{"type":"Feature","geometry":{"type":"MultiLineString","coordinates":[[[-111.11984,26.06599],[-111.12286,26.06681],[-111.12386,26.06753],[-111.12537,26.06793],[-111.12738,26.06808],[-111.12964,26.06752],[-111.13054,26.0669],[-111.13115,26.066],[-111.13165,26.06562],[-111.13517,26.06436],[-111.14371,26.06024],[-111.14697,26.05745],[-111.14898,26.05516],[-111.15002,26.05449],[-111.15199,26.05382],[-111.1525,26.0535],[-111.15405,26.05223],[-111.15509,26.05088],[-111.15626,26.04983],[-111.16035,26.04794],[-111.16229,26.04654],[-111.1648,26.04527],[-111.16663,26.04388],[-111.16782,26.04355],[-111.17284,26.04277],[-111.17396,26.0423],[-111.17396,26.04207],[-111.17083,26.04207],[-111.17058,26.0423],[-111.17008,26.0423],[-111.16983,26.04253],[-111.16907,26.04253],[-111.16882,26.04275],[-111.16807,26.04275],[-111.16782,26.04298],[-111.16757,26.04275],[-111.16631,26.04275],[-111.16606,26.04253],[-111.1648,26.04253],[-111.16355,26.0432],[-111.16154,26.0432],[-111.16129,26.04343],[-111.16028,26.04343],[-111.16003,26.04365],[-111.15953,26.04365],[-111.15878,26.04433],[-111.15852,26.04433],[-111.15827,26.04456],[-111.15777,26.04456],[-111.15702,26.04501],[-111.15677,26.04501],[-111.15626,26.04546],[-111.15601,26.04546],[-111.15501,26.04614],[-111.1535,26.04614],[-111.15225,26.04727],[-111.15124,26.04727],[-111.15049,26.04772],[-111.15024,26.04749],[-111.14898,26.04749],[-111.14873,26.04727],[-111.14823,26.04727],[-111.14798,26.04704],[-111.14747,26.04704],[-111.14647,26.04772],[-111.14647,26.04817],[-111.14597,26.04862],[-111.14546,26.04862],[-111.14521,26.04839],[-111.14471,26.04839],[-111.14446,26.04817],[-111.14396,26.04817],[-111.14295,26.04907],[-111.1427,26.04907],[-111.1422,26.04952],[-111.14195,26.04952],[-111.14069,26.05043],[-111.13642,26.05223],[-111.13592,26.05268],[-111.13567,26.05268],[-111.13466,26.05359],[-111.13391,26.05381],[-111.13366,26.05404],[-111.13316,26.05404],[-111.1329,26.05426],[-111.13239,26.05426],[-111.13215,26.05448],[-111.13215,26.05562],[-111.1324,26.05584],[-111.1324,26.05629],[-111.13265,26.05652],[-111.13265,26.05697],[-111.1329,26.0572],[-111.1329,26.05878],[-111.13316,26.059],[-111.13366,26.06013],[-111.13391,26.06036],[-111.13391,26.06081],[-111.13416,26.06103],[-111.13316,26.06261],[-111.13316,26.06329],[-111.13265,26.06374],[-111.13115,26.06374],[-111.1309,26.06397],[-111.13063,26.06397],[-111.12989,26.06464],[-111.12989,26.06487],[-111.12964,26.0651],[-111.12964,26.06555],[-111.12939,26.06577],[-111.12939,26.06622],[-111.12889,26.06668],[-111.12864,26.06735],[-111.12838,26.06758],[-111.12788,26.06713],[-111.12788,26.06644],[-111.12738,26.06645],[-111.12713,26.06668],[-111.12688,26.06668],[-111.12663,26.06645],[-111.12663,26.06621],[-111.12639,26.066],[-111.12612,26.066],[-111.12437,26.06442],[-111.12437,26.06419],[-111.12411,26.06397],[-111.12411,26.06305],[-111.12386,26.06284],[-111.12261,26.06305],[-111.1221,26.06349],[-111.12185,26.0635],[-111.1206,26.06439],[-111.12035,26.06441],[-111.11984,26.06486]],[[-111.12864,26.06713],[-111.12864,26.06713]],[[-111.12889,26.06668],[-111.12889,26.06668]],[[-111.12914,26.06645],[-111.12914,26.06645]],[[-111.12738,26.06645],[-111.12738,26.06645]],[[-111.12939,26.06577],[-111.12939,26.06577]],[[-111.12964,26.0651],[-111.12964,26.0651]],[[-111.12989,26.06464],[-111.12989,26.06464]],[[-111.13014,26.06442],[-111.13014,26.06442]],[[-111.13115,26.06374],[-111.13115,26.06374]],[[-111.1329,26.06352],[-111.1329,26.06352]],[[-111.13316,26.06261],[-111.13316,26.06261]],[[-111.13341,26.06216],[-111.13341,26.06216]],[[-111.13366,26.06171],[-111.13366,26.06171]],[[-111.13391,26.06126],[-111.13391,26.06126]],[[-111.13391,26.06081],[-111.13391,26.06081]],[[-111.13366,26.06013],[-111.13366,26.06013]],[[-111.13341,26.05968],[-111.13341,26.05968]],[[-111.13316,26.05923],[-111.13316,26.05923]],[[-111.1329,26.05878],[-111.1329,26.05878]],[[-111.13265,26.05697],[-111.13265,26.05697]],[[-111.1324,26.05629],[-111.1324,26.05629]],[[-111.13215,26.05562],[-111.13215,26.05562]],[[-111.14873,26.05539],[-111.14873,26.05539]],[[-111.13316,26.05404],[-111.13316,26.05404]],[[-111.13391,26.05381],[-111.13391,26.05381]],[[-111.13441,26.05359],[-111.13441,26.05359]],[[-111.13491,26.05336],[-111.13491,26.05336]],[[-111.13517,26.05313],[-111.13517,26.05313]],[[-111.13542,26.05291],[-111.13542,26.05291]],[[-111.13567,26.05268],[-111.13567,26.05268]],[[-111.13617,26.05246],[-111.13617,26.05246]],[[-111.13642,26.05223],[-111.13642,26.05223]],[[-111.13692,26.05201],[-111.13692,26.05201]],[[-111.13743,26.05178],[-111.13743,26.05178]],[[-111.13793,26.05155],[-111.13793,26.05155]],[[-111.13843,26.05133],[-111.13843,26.05133]],[[-111.13893,26.0511],[-111.13893,26.0511]],[[-111.13944,26.05088],[-111.13944,26.05088]],[[-111.13994,26.05065],[-111.13994,26.05065]],[[-111.14044,26.05043],[-111.14044,26.05043]],[[-111.14094,26.0502],[-111.14094,26.0502]],[[-111.14119,26.04997],[-111.14119,26.04997]],[[-111.1417,26.04975],[-111.1417,26.04975]],[[-111.14195,26.04952],[-111.14195,26.04952]],[[-111.14245,26.0493],[-111.14245,26.0493]],[[-111.1427,26.04907],[-111.1427,26.04907]],[[-111.1432,26.04885],[-111.1432,26.04885]],[[-111.14345,26.04862],[-111.14345,26.04862]],[[-111.14622,26.04839],[-111.14622,26.04839]],[[-111.14371,26.04839],[-111.14371,26.04839]],[[-111.14396,26.04817],[-111.14396,26.04817]],[[-111.14647,26.04772],[-111.14647,26.04772]],[[-111.15074,26.04749],[-111.15074,26.04749]],[[-111.14672,26.04749],[-111.14672,26.04749]],[[-111.15124,26.04727],[-111.15124,26.04727]],[[-111.14722,26.04727],[-111.14722,26.04727]],[[-111.1525,26.04704],[-111.1525,26.04704]],[[-111.14747,26.04704],[-111.14747,26.04704]],[[-111.15275,26.04681],[-111.15275,26.04681]],[[-111.153,26.04659],[-111.153,26.04659]],[[-111.15325,26.04636],[-111.15325,26.04636]],[[-111.1535,26.04614],[-111.1535,26.04614]],[[-111.15526,26.04591],[-111.15526,26.04591]],[[-111.15576,26.04569],[-111.15576,26.04569]],[[-111.15601,26.04546],[-111.15601,26.04546]],[[-111.15652,26.04523],[-111.15652,26.04523]],[[-111.15677,26.04501],[-111.15677,26.04501]],[[-111.15727,26.04478],[-111.15727,26.04478]],[[-111.15777,26.04456],[-111.15777,26.04456]],[[-111.15852,26.04433],[-111.15852,26.04433]],[[-111.15903,26.04411],[-111.15903,26.04411]],[[-111.15928,26.04388],[-111.15928,26.04388]],[[-111.15953,26.04365],[-111.15953,26.04365]],[[-111.16028,26.04343],[-111.16028,26.04343]],[[-111.16154,26.0432],[-111.16154,26.0432]],[[-111.1638,26.04298],[-111.1638,26.04298]],[[-111.16807,26.04275],[-111.16807,26.04275]],[[-111.1643,26.04275],[-111.1643,26.04275]],[[-111.16907,26.04253],[-111.16907,26.04253]],[[-111.1648,26.04253],[-111.1648,26.04253]],[[-111.17008,26.0423],[-111.17008,26.0423]],[[-111.17083,26.04207],[-111.17083,26.04207]],[[-111.18489,25.97595],[-111.18389,25.97683],[-111.18363,25.97685],[-111.18188,25.97818],[-111.18113,25.9782],[-111.18013,25.97863],[-111.1796,25.97865],[-111.17837,25.97931],[-111.17709,25.97956],[-111.17686,25.97976],[-111.17634,25.97978],[-111.17083,25.98225],[-111.16983,25.98317],[-111.16983,25.98362],[-111.16958,25.98385],[-111.16958,25.98452],[-111.17008,25.98497],[-111.17008,25.98588],[-111.16958,25.98655],[-111.16958,25.98678],[-111.16907,25.98723],[-111.16907,25.98791],[-111.16882,25.98813],[-111.16882,25.98836],[-111.16807,25.98926],[-111.16807,25.98994],[-111.16832,25.99016],[-111.16832,25.99062],[-111.16807,25.99084],[-111.16807,25.99265],[-111.16832,25.99287],[-111.16832,25.99332],[-111.16907,25.99445],[-111.16907,25.9949],[-111.16933,25.99513],[-111.16958,25.99581],[-111.17033,25.99671],[-111.17033,25.99716],[-111.17058,25.99739],[-111.17058,25.99806],[-111.17083,25.99829],[-111.17083,25.99874],[-111.17108,25.99897],[-111.17108,25.99919],[-111.17133,25.99942],[-111.17133,25.99987],[-111.17108,26.0001],[-111.17108,26.00032],[-111.17133,26.00055],[-111.17133,26.00145],[-111.17234,26.00303],[-111.17234,26.00348],[-111.17259,26.00371],[-111.17259,26.00461],[-111.17234,26.00483],[-111.17234,26.00529],[-111.17209,26.00551],[-111.17209,26.00574],[-111.17184,26.00596],[-111.17133,26.00596],[-111.17108,26.00619],[-111.17083,26.00619],[-111.16983,26.00709],[-111.16983,26.00732],[-111.16958,26.00754],[-111.16958,26.00801],[-111.17033,26.00845],[-111.17033,26.00867],[-111.17058,26.0089],[-111.17058,26.00935],[-111.17008,26.01003],[-111.17008,26.0107],[-111.16933,26.01115],[-111.16933,26.01206],[-111.16907,26.01228],[-111.16907,26.01454],[-111.16857,26.01499],[-111.16857,26.01567],[-111.16882,26.01589],[-111.16882,26.01612],[-111.16857,26.01635],[-111.16807,26.01635],[-111.16782,26.01657],[-111.16757,26.01635],[-111.16757,26.01611],[-111.16706,26.01567],[-111.16681,26.01567],[-111.16656,26.01589],[-111.16581,26.01589],[-111.16532,26.01544],[-111.1648,26.01544],[-111.16355,26.0168],[-111.1633,26.01747],[-111.16254,26.0186],[-111.16254,26.01973],[-111.16279,26.01996],[-111.16279,26.02063],[-111.16305,26.02086],[-111.1633,26.02154],[-111.16405,26.02221],[-111.16556,26.02176],[-111.16581,26.02154],[-111.16581,26.02109],[-111.16606,26.02086],[-111.16606,26.02063],[-111.16706,26.01973],[-111.16832,26.02018],[-111.16882,26.02063],[-111.16882,26.02086],[-111.16832,26.02131],[-111.16832,26.02379],[-111.16807,26.02402],[-111.16807,26.02447],[-111.16857,26.02492],[-111.16907,26.02605],[-111.17133,26.02808],[-111.17133,26.02831],[-111.17184,26.02898],[-111.17184,26.02944],[-111.17234,26.03011],[-111.17259,26.03124],[-111.17284,26.03147],[-111.17309,26.03214],[-111.1736,26.0326],[-111.17385,26.03372],[-111.1746,26.03485],[-111.1746,26.0353],[-111.17485,26.03553],[-111.17485,26.03666],[-111.1751,26.03688],[-111.1751,26.03734],[-111.17535,26.03756],[-111.17535,26.03801],[-111.1756,26.03824],[-111.1756,26.04033],[-111.17586,26.04033],[-111.17617,26.03959],[-111.17686,26.03585],[-111.17736,26.03512],[-111.17987,26.03453],[-111.1805,26.03418],[-111.18138,26.03332],[-111.18515,26.03298],[-111.18698,26.03124],[-111.18763,26.02695],[-111.1869,26.0247],[-111.18633,26.02379],[-111.18565,26.0231],[-111.18515,26.023],[-111.18113,26.02397],[-111.17736,26.02427],[-111.17624,26.02289],[-111.17523,26.02041],[-111.17466,26.0186],[-111.17519,26.01048],[-111.17525,26.00619],[-111.17562,26.00213],[-111.17552,25.99784],[-111.17476,25.99242],[-111.17431,25.99107],[-111.17341,25.98971],[-111.17341,25.98949],[-111.1746,25.98752],[-111.17547,25.98543],[-111.17636,25.98448],[-111.17711,25.98392],[-111.17937,25.98293],[-111.18017,25.98227],[-111.18113,25.98114],[-111.18314,25.98056],[-111.18425,25.97978],[-111.18482,25.97888],[-111.1854,25.97681],[-111.18589,25.97595]],[[-111.1854,26.03282],[-111.1854,26.03282]],[[-111.16807,26.02402],[-111.16807,26.02402]],[[-111.16832,26.02131],[-111.16832,26.02131]],[[-111.16857,26.02109],[-111.16857,26.02109]],[[-111.16254,26.0186],[-111.16254,26.0186]],[[-111.16279,26.01815],[-111.16279,26.01815]],[[-111.16305,26.0177],[-111.16305,26.0177]],[[-111.1633,26.01725],[-111.1633,26.01725]],[[-111.16355,26.0168],[-111.16355,26.0168]],[[-111.1638,26.01657],[-111.1638,26.01657]],[[-111.16807,26.01635],[-111.16807,26.01635]],[[-111.16405,26.01612],[-111.16405,26.01612]],[[-111.16706,26.01567],[-111.16706,26.01567]],[[-111.16681,26.01567],[-111.16681,26.01567]],[[-111.1648,26.01544],[-111.1648,26.01544]],[[-111.16857,26.01499],[-111.16857,26.01499]],[[-111.16882,26.01477],[-111.16882,26.01477]],[[-111.16907,26.01228],[-111.16907,26.01228]],[[-111.16933,26.01115],[-111.16933,26.01115]],[[-111.16958,26.01093],[-111.16958,26.01093]],[[-111.17008,26.01003],[-111.17008,26.01003]],[[-111.17033,26.00957],[-111.17033,26.00957]],[[-111.16958,26.00754],[-111.16958,26.00754]],[[-111.16983,26.00709],[-111.16983,26.00709]],[[-111.17008,26.00687],[-111.17008,26.00687]],[[-111.17033,26.00664],[-111.17033,26.00664]],[[-111.17058,26.00641],[-111.17058,26.00641]],[[-111.17083,26.00619],[-111.17083,26.00619]],[[-111.17133,26.00596],[-111.17133,26.00596]],[[-111.17209,26.00551],[-111.17209,26.00551]],[[-111.17234,26.00483],[-111.17234,26.00483]],[[-111.17108,26.0001],[-111.17108,26.0001]],[[-111.16807,25.99084],[-111.16807,25.99084]],[[-111.16807,25.98926],[-111.16807,25.98926]],[[-111.16832,25.98881],[-111.16832,25.98881]],[[-111.16857,25.98858],[-111.16857,25.98858]],[[-111.16882,25.98813],[-111.16882,25.98813]],[[-111.16907,25.98723],[-111.16907,25.98723]],[[-111.16933,25.98701],[-111.16933,25.98701]],[[-111.16958,25.98655],[-111.16958,25.98655]],[[-111.16983,25.9861],[-111.16983,25.9861]],[[-111.11984,25.9859],[-111.12035,25.98592],[-111.1206,25.98574],[-111.1206,25.98497],[-111.12085,25.98475],[-111.12085,25.9843],[-111.1211,25.98407],[-111.12135,25.98294],[-111.12185,25.98227],[-111.12185,25.97996],[-111.1216,25.97989],[-111.12085,25.98043],[-111.11984,25.98155]],[[-111.16958,25.98385],[-111.16958,25.98385]],[[-111.16983,25.98317],[-111.16983,25.98317]],[[-111.17008,25.98294],[-111.17008,25.98294]],[[-111.17033,25.98272],[-111.17033,25.98272]]]},"properties":{"depth_m":8}},{"type":"Feature","geometry":{"type":"MultiLineString","coordinates":[[[-111.11984,26.06616],[-111.12286,26.06695],[-111.12386,26.06762],[-111.12537,26.06798],[-111.12738,26.06811],[-111.12966,26.06758],[-111.13039,26.06713],[-111.13115,26.06616],[-111.13165,26.06579],[-111.1354,26.06442],[-111.14383,26.06036],[-111.14722,26.05744],[-111.14916,26.05517],[-111.15024,26.0545],[-111.15199,26.0539],[-111.1525,26.05359],[-111.15416,26.05223],[-111.15522,26.05088],[-111.15626,26.04994],[-111.16061,26.04794],[-111.16254,26.04659],[-111.1648,26.04544],[-111.16685,26.04388],[-111.16782,26.0436],[-111.17284,26.04281],[-111.17405,26.0423],[-111.17405,26.04207],[-111.17083,26.04207],[-111.17058,26.0423],[-111.17008,26.0423],[-111.16983,26.04253],[-111.16907,26.04253],[-111.16882,26.04275],[-111.16807,26.04275],[-111.16782,26.04298],[-111.16757,26.04275],[-111.16631,26.04275],[-111.16606,26.04253],[-111.1648,26.04253],[-111.16355,26.0432],[-111.16154,26.0432],[-111.16129,26.04343],[-111.16028,26.04343],[-111.16003,26.04365],[-111.15953,26.04365],[-111.15878,26.04433],[-111.15852,26.04433],[-111.15827,26.04456],[-111.15777,26.04456],[-111.15702,26.04501],[-111.15677,26.04501],[-111.15626,26.04546],[-111.15601,26.04546],[-111.15501,26.04614],[-111.1535,26.04614],[-111.15225,26.04727],[-111.15124,26.04727],[-111.15049,26.04772],[-111.15024,26.04749],[-111.14898,26.04749],[-111.14873,26.04727],[-111.14823,26.04727],[-111.14798,26.04704],[-111.14747,26.04704],[-111.14647,26.04772],[-111.14647,26.04817],[-111.14597,26.04862],[-111.14546,26.04862],[-111.14521,26.04839],[-111.14471,26.04839],[-111.14446,26.04817],[-111.14396,26.04817],[-111.14295,26.04907],[-111.1427,26.04907],[-111.1422,26.04952],[-111.14195,26.04952],[-111.14069,26.05043],[-111.13642,26.05223],[-111.13592,26.05268],[-111.13567,26.05268],[-111.13466,26.05359],[-111.13391,26.05381],[-111.13366,26.05404],[-111.13316,26.05404],[-111.1329,26.05426],[-111.13239,26.05426],[-111.13215,26.05447],[-111.13215,26.05562],[-111.1324,26.05584],[-111.1324,26.05629],[-111.13265,26.05652],[-111.13265,26.05697],[-111.1329,26.0572],[-111.1329,26.05878],[-111.13316,26.059],[-111.13366,26.06013],[-111.13391,26.06036],[-111.13391,26.06081],[-111.13416,26.06103],[-111.13316,26.06261],[-111.13316,26.06329],[-111.13265,26.06374],[-111.13115,26.06374],[-111.1309,26.06397],[-111.13063,26.06397],[-111.12989,26.06464],[-111.12989,26.06487],[-111.12964,26.0651],[-111.12964,26.06555],[-111.12939,26.06577],[-111.12939,26.06622],[-111.12889,26.06668],[-111.12864,26.06735],[-111.12838,26.06758],[-111.12788,26.06713],[-111.12788,26.06644],[-111.12738,26.06645],[-111.12713,26.06668],[-111.12688,26.06668],[-111.12663,26.06645],[-111.12663,26.06621],[-111.12639,26.066],[-111.12612,26.066],[-111.12437,26.06442],[-111.12437,26.06419],[-111.12411,26.06397],[-111.12411,26.06305],[-111.12386,26.06283],[-111.12261,26.06305],[-111.1221,26.06349],[-111.12185,26.0635],[-111.1206,26.06439],[-111.12035,26.0644],[-111.11984,26.06486]],[[-111.12864,26.06713],[-111.12864,26.06713]],[[-111.12889,26.06668],[-111.12889,26.06668]],[[-111.12914,26.06645],[-111.12914,26.06645]],[[-111.12738,26.06645],[-111.12738,26.06645]],[[-111.12939,26.06577],[-111.12939,26.06577]],[[-111.12964,26.0651],[-111.12964,26.0651]],[[-111.12989,26.06464],[-111.12989,26.06464]],[[-111.13014,26.06442],[-111.13014,26.06442]],[[-111.13115,26.06374],[-111.13115,26.06374]],[[-111.1329,26.06352],[-111.1329,26.06352]],[[-111.13316,26.06261],[-111.13316,26.06261]],[[-111.13341,26.06216],[-111.13341,26.06216]],[[-111.13366,26.06171],[-111.13366,26.06171]],[[-111.14195,26.06126],[-111.14195,26.06126]],[[-111.13391,26.06126],[-111.13391,26.06126]],[[-111.13391,26.06081],[-111.13391,26.06081]],[[-111.13366,26.06013],[-111.13366,26.06013]],[[-111.13341,26.05968],[-111.13341,26.05968]],[[-111.13316,26.05923],[-111.13316,26.05923]],[[-111.1329,26.05878],[-111.1329,26.05878]],[[-111.13265,26.05697],[-111.13265,26.05697]],[[-111.1324,26.05629],[-111.1324,26.05629]],[[-111.13215,26.05562],[-111.13215,26.05562]],[[-111.13316,26.05404],[-111.13316,26.05404]],[[-111.13391,26.05381],[-111.13391,26.05381]],[[-111.13441,26.05359],[-111.13441,26.05359]],[[-111.13491,26.05336],[-111.13491,26.05336]],[[-111.13517,26.05313],[-111.13517,26.05313]],[[-111.13542,26.05291],[-111.13542,26.05291]],[[-111.13567,26.05268],[-111.13567,26.05268]],[[-111.13617,26.05246],[-111.13617,26.05246]],[[-111.13642,26.05223],[-111.13642,26.05223]],[[-111.13692,26.05201],[-111.13692,26.05201]],[[-111.13743,26.05178],[-111.13743,26.05178]],[[-111.13793,26.05155],[-111.13793,26.05155]],[[-111.13843,26.05133],[-111.13843,26.05133]],[[-111.13893,26.0511],[-111.13893,26.0511]],[[-111.13944,26.05088],[-111.13944,26.05088]],[[-111.13994,26.05065],[-111.13994,26.05065]],[[-111.14044,26.05043],[-111.14044,26.05043]],[[-111.14094,26.0502],[-111.14094,26.0502]],[[-111.14119,26.04997],[-111.14119,26.04997]],[[-111.1417,26.04975],[-111.1417,26.04975]],[[-111.14195,26.04952],[-111.14195,26.04952]],[[-111.14245,26.0493],[-111.14245,26.0493]],[[-111.1427,26.04907],[-111.1427,26.04907]],[[-111.1432,26.04885],[-111.1432,26.04885]],[[-111.14345,26.04862],[-111.14345,26.04862]],[[-111.14622,26.04839],[-111.14622,26.04839]],[[-111.14371,26.04839],[-111.14371,26.04839]],[[-111.14396,26.04817],[-111.14396,26.04817]],[[-111.14647,26.04772],[-111.14647,26.04772]],[[-111.15074,26.04749],[-111.15074,26.04749]],[[-111.14672,26.04749],[-111.14672,26.04749]],[[-111.15124,26.04727],[-111.15124,26.04727]],[[-111.14722,26.04727],[-111.14722,26.04727]],[[-111.1525,26.04704],[-111.1525,26.04704]],[[-111.14747,26.04704],[-111.14747,26.04704]],[[-111.15275,26.04681],[-111.15275,26.04681]],[[-111.153,26.04659],[-111.153,26.04659]],[[-111.15325,26.04636],[-111.15325,26.04636]],[[-111.1535,26.04614],[-111.1535,26.04614]],[[-111.15526,26.04591],[-111.15526,26.04591]],[[-111.15576,26.04569],[-111.15576,26.04569]],[[-111.15601,26.04546],[-111.15601,26.04546]],[[-111.15652,26.04523],[-111.15652,26.04523]],[[-111.15677,26.04501],[-111.15677,26.04501]],[[-111.15727,26.04478],[-111.15727,26.04478]],[[-111.15777,26.04456],[-111.15777,26.04456]],[[-111.16631,26.04433],[-111.16631,26.04433]],[[-111.15852,26.04433],[-111.15852,26.04433]],[[-111.15903,26.04411],[-111.15903,26.04411]],[[-111.15928,26.04388],[-111.15928,26.04388]],[[-111.15953,26.04365],[-111.15953,26.04365]],[[-111.16028,26.04343],[-111.16028,26.04343]],[[-111.16154,26.0432],[-111.16154,26.0432]],[[-111.1638,26.04298],[-111.1638,26.04298]],[[-111.16807,26.04275],[-111.16807,26.04275]],[[-111.1643,26.04275],[-111.1643,26.04275]],[[-111.16907,26.04253],[-111.16907,26.04253]],[[-111.1648,26.04253],[-111.1648,26.04253]],[[-111.17008,26.0423],[-111.17008,26.0423]],[[-111.17083,26.04207],[-111.17083,26.04207]],[[-111.18488,25.97595],[-111.18389,25.97682],[-111.18362,25.97685],[-111.18188,25.97818],[-111.18113,25.9782],[-111.18013,25.97863],[-111.1796,25.97865],[-111.17837,25.97931],[-111.17633,25.97978],[-111.17083,25.98225],[-111.16983,25.98317],[-111.16983,25.98362],[-111.16958,25.98385],[-111.16958,25.98452],[-111.17008,25.98497],[-111.17008,25.98588],[-111.16958,25.98655],[-111.16958,25.98678],[-111.16907,25.98723],[-111.16907,25.98791],[-111.16882,25.98813],[-111.16882,25.98836],[-111.16807,25.98926],[-111.16807,25.98994],[-111.16832,25.99016],[-111.16832,25.99062],[-111.16807,25.99084],[-111.16807,25.99265],[-111.16832,25.99287],[-111.16832,25.99332],[-111.16907,25.99445],[-111.16907,25.9949],[-111.16933,25.99513],[-111.16958,25.99581],[-111.17033,25.99671],[-111.17033,25.99716],[-111.17058,25.99739],[-111.17058,25.99806],[-111.17083,25.99829],[-111.17083,25.99874],[-111.17133,25.99942],[-111.17133,25.99987],[-111.17108,26.0001],[-111.17108,26.00032],[-111.17133,26.00055],[-111.17133,26.00145],[-111.17234,26.00303],[-111.17234,26.00348],[-111.17259,26.00371],[-111.17259,26.00461],[-111.17234,26.00483],[-111.17234,26.00529],[-111.17209,26.00551],[-111.17209,26.00574],[-111.17184,26.00596],[-111.17133,26.00596],[-111.17108,26.00619],[-111.17083,26.00619],[-111.16983,26.00709],[-111.16983,26.00732],[-111.16958,26.00754],[-111.16958,26.00801],[-111.17033,26.00845],[-111.17033,26.00867],[-111.17058,26.0089],[-111.17058,26.00935],[-111.17008,26.01003],[-111.17008,26.0107],[-111.16933,26.01115],[-111.16933,26.01206],[-111.16907,26.01228],[-111.16907,26.01454],[-111.16857,26.01499],[-111.16857,26.01567],[-111.16882,26.01589],[-111.16882,26.01612],[-111.16857,26.01635],[-111.16807,26.01635],[-111.16782,26.01657],[-111.16757,26.01635],[-111.16757,26.01611],[-111.16706,26.01567],[-111.16681,26.01567],[-111.16656,26.01589],[-111.16581,26.01589],[-111.16532,26.01544],[-111.1648,26.01544],[-111.16355,26.0168],[-111.1633,26.01747],[-111.16254,26.0186],[-111.16254,26.01973],[-111.16279,26.01996],[-111.16279,26.02063],[-111.16305,26.02086],[-111.1633,26.02154],[-111.16405,26.02221],[-111.16556,26.02176],[-111.16581,26.02154],[-111.16581,26.02109],[-111.16606,26.02086],[-111.16606,26.02063],[-111.16706,26.01973],[-111.16832,26.02018],[-111.16882,26.02063],[-111.16882,26.02086],[-111.16832,26.02131],[-111.16832,26.02379],[-111.16807,26.02402],[-111.16807,26.02447],[-111.16857,26.02492],[-111.16907,26.02605],[-111.17133,26.02808],[-111.17133,26.02831],[-111.17184,26.02898],[-111.17184,26.02944],[-111.17234,26.03011],[-111.17259,26.03124],[-111.17284,26.03147],[-111.17309,26.03214],[-111.1736,26.0326],[-111.17385,26.03372],[-111.1746,26.03485],[-111.1746,26.0353],[-111.17485,26.03553],[-111.17485,26.03666],[-111.1751,26.03688],[-111.1751,26.03734],[-111.17535,26.03756],[-111.17535,26.03801],[-111.1756,26.03824],[-111.1756,26.04042],[-111.17586,26.04042],[-111.17621,26.03959],[-111.17686,26.03607],[-111.17704,26.03553],[-111.17736,26.03521],[-111.17987,26.03471],[-111.18063,26.03432],[-111.18138,26.03366],[-111.18515,26.03323],[-111.18719,26.03124],[-111.18796,26.02695],[-111.1873,26.02447],[-111.18681,26.02357],[-111.18618,26.02289],[-111.18515,26.02263],[-111.18113,26.02345],[-111.17736,26.0238],[-111.17652,26.02289],[-111.17549,26.02041],[-111.1749,26.0186],[-111.17533,26.00619],[-111.17567,26.00213],[-111.17558,25.99784],[-111.17485,25.99242],[-111.17443,25.99107],[-111.17359,25.98971],[-111.17359,25.98949],[-111.17466,25.98768],[-111.17558,25.98543],[-111.17644,25.98452],[-111.17711,25.98403],[-111.17862,25.9835],[-111.1796,25.98294],[-111.18138,25.98114],[-111.18318,25.98069],[-111.1844,25.97986],[-111.18497,25.97888],[-111.18549,25.97707],[-111.18617,25.97595]],[[-111.18565,26.03282],[-111.18565,26.03282]],[[-111.16807,26.02402],[-111.16807,26.02402]],[[-111.16832,26.02131],[-111.16832,26.02131]],[[-111.16857,26.02109],[-111.16857,26.02109]],[[-111.16254,26.0186],[-111.16254,26.0186]],[[-111.16279,26.01815],[-111.16279,26.01815]],[[-111.16305,26.0177],[-111.16305,26.0177]],[[-111.1633,26.01725],[-111.1633,26.01725]],[[-111.16355,26.0168],[-111.16355,26.0168]],[[-111.1638,26.01657],[-111.1638,26.01657]],[[-111.16807,26.01635],[-111.16807,26.01635]],[[-111.16405,26.01612],[-111.16405,26.01612]],[[-111.16706,26.01567],[-111.16706,26.01567]],[[-111.16681,26.01567],[-111.16681,26.01567]],[[-111.1648,26.01544],[-111.1648,26.01544]],[[-111.16857,26.01499],[-111.16857,26.01499]],[[-111.16882,26.01477],[-111.16882,26.01477]],[[-111.1751,26.01386],[-111.1751,26.01386]],[[-111.16907,26.01228],[-111.16907,26.01228]],[[-111.16933,26.01115],[-111.16933,26.01115]],[[-111.16958,26.01093],[-111.16958,26.01093]],[[-111.17008,26.01003],[-111.17008,26.01003]],[[-111.17033,26.00957],[-111.17033,26.00957]],[[-111.16958,26.00754],[-111.16958,26.00754]],[[-111.16983,26.00709],[-111.16983,26.00709]],[[-111.17008,26.00687],[-111.17008,26.00687]],[[-111.17033,26.00664],[-111.17033,26.00664]],[[-111.17058,26.00641],[-111.17058,26.00641]],[[-111.17083,26.00619],[-111.17083,26.00619]],[[-111.17133,26.00596],[-111.17133,26.00596]],[[-111.17209,26.00551],[-111.17209,26.00551]],[[-111.17234,26.00483],[-111.17234,26.00483]],[[-111.17108,26.0001],[-111.17108,26.0001]],[[-111.16807,25.99084],[-111.16807,25.99084]],[[-111.16807,25.98926],[-111.16807,25.98926]],[[-111.16832,25.98881],[-111.16832,25.98881]],[[-111.16857,25.98858],[-111.16857,25.98858]],[[-111.16882,25.98813],[-111.16882,25.98813]],[[-111.16907,25.98723],[-111.16907,25.98723]],[[-111.16933,25.98701],[-111.16933,25.98701]],[[-111.16958,25.98655],[-111.16958,25.98655]],[[-111.16983,25.9861],[-111.16983,25.9861]],[[-111.11984,25.9859],[-111.12035,25.98592],[-111.1206,25.98575],[-111.1206,25.98497],[-111.12085,25.98475],[-111.12085,25.9843],[-111.1211,25.98407],[-111.12135,25.98294],[-111.12185,25.98227],[-111.12185,25.97986],[-111.1216,25.97978],[-111.12126,25.98001],[-111.11984,25.98124]],[[-111.16958,25.98385],[-111.16958,25.98385]],[[-111.16983,25.98317],[-111.16983,25.98317]],[[-111.17008,25.98294],[-111.17008,25.98294]],[[-111.17033,25.98272],[-111.17033,25.98272]]]},"properties":{"depth_m":9}},{"type":"Feature","geometry":{"type":"MultiLineString","coordinates":[[[-111.11984,26.06633],[-111.12286,26.0671],[-111.12386,26.06771],[-111.12537,26.06803],[-111.12738,26.06815],[-111.12982,26.06758],[-111.13064,26.06701],[-111.1314,26.06608],[-111.13542,26.06459],[-111.14411,26.06036],[-111.14748,26.05742],[-111.14923,26.05526],[-111.15024,26.05462],[-111.15199,26.05398],[-111.15261,26.05359],[-111.15426,26.05223],[-111.15526,26.05097],[-111.15626,26.05005],[-111.16089,26.04794],[-111.16254,26.04679],[-111.1648,26.04561],[-111.16707,26.04388],[-111.16782,26.04364],[-111.17284,26.04284],[-111.17414,26.0423],[-111.17414,26.04207],[-111.17083,26.04207],[-111.17058,26.0423],[-111.17008,26.0423],[-111.16983,26.04253],[-111.16907,26.04253],[-111.16882,26.04275],[-111.16807,26.04275],[-111.16782,26.04298],[-111.16757,26.04275],[-111.16631,26.04275],[-111.16606,26.04253],[-111.1648,26.04253],[-111.16355,26.0432],[-111.16154,26.0432],[-111.16129,26.04343],[-111.16028,26.04343],[-111.16003,26.04365],[-111.15953,26.04365],[-111.15878,26.04433],[-111.15852,26.04433],[-111.15827,26.04456],[-111.15777,26.04456],[-111.15702,26.04501],[-111.15677,26.04501],[-111.15626,26.04546],[-111.15601,26.04546],[-111.15501,26.04614],[-111.1535,26.04614],[-111.15225,26.04727],[-111.15124,26.04727],[-111.15049,26.04772],[-111.15024,26.04749],[-111.14898,26.04749],[-111.14873,26.04727],[-111.14823,26.04727],[-111.14798,26.04704],[-111.14747,26.04704],[-111.14647,26.04772],[-111.14647,26.04817],[-111.14597,26.04862],[-111.14546,26.04862],[-111.14521,26.04839],[-111.14471,26.04839],[-111.14446,26.04817],[-111.14396,26.04817],[-111.14295,26.04907],[-111.1427,26.04907],[-111.1422,26.04952],[-111.14195,26.04952],[-111.14069,26.05043],[-111.13642,26.05223],[-111.13592,26.05268],[-111.13567,26.05268],[-111.13466,26.05359],[-111.13391,26.05381],[-111.13366,26.05404],[-111.13316,26.05404],[-111.1329,26.05426],[-111.13239,26.05426],[-111.13215,26.05447],[-111.13215,26.05562],[-111.1324,26.05584],[-111.1324,26.05629],[-111.13265,26.05652],[-111.13265,26.05697],[-111.1329,26.0572],[-111.1329,26.05878],[-111.13316,26.059],[-111.13366,26.06013],[-111.13391,26.06036],[-111.13391,26.06081],[-111.13416,26.06103],[-111.13316,26.06261],[-111.13316,26.06329],[-111.13265,26.06374],[-111.13115,26.06374],[-111.1309,26.06397],[-111.13063,26.06397],[-111.12989,26.06464],[-111.12989,26.06487],[-111.12964,26.0651],[-111.12964,26.06555],[-111.12939,26.06577],[-111.12939,26.06622],[-111.12889,26.06668],[-111.12864,26.06735],[-111.12838,26.06758],[-111.12788,26.06713],[-111.12788,26.06644],[-111.12738,26.06645],[-111.12713,26.06668],[-111.12688,26.06668],[-111.12663,26.06645],[-111.12663,26.06621],[-111.12639,26.066],[-111.12612,26.066],[-111.12437,26.06442],[-111.12437,26.06419],[-111.12411,26.06397],[-111.12411,26.06305],[-111.12386,26.06283],[-111.12261,26.06305],[-111.1221,26.06348],[-111.12185,26.0635],[-111.1206,26.06439],[-111.12035,26.0644],[-111.11984,26.06486]],[[-111.12864,26.06713],[-111.12864,26.06713]],[[-111.12889,26.06668],[-111.12889,26.06668]],[[-111.12914,26.06645],[-111.12914,26.06645]],[[-111.12738,26.06645],[-111.12738,26.06645]],[[-111.12939,26.06577],[-111.12939,26.06577]],[[-111.12964,26.0651],[-111.12964,26.0651]],[[-111.12989,26.06464],[-111.12989,26.06464]],[[-111.13014,26.06442],[-111.13014,26.06442]],[[-111.13115,26.06374],[-111.13115,26.06374]],[[-111.1329,26.06352],[-111.1329,26.06352]],[[-111.13316,26.06261],[-111.13316,26.06261]],[[-111.13341,26.06216],[-111.13341,26.06216]],[[-111.13366,26.06171],[-111.13366,26.06171]],[[-111.13391,26.06126],[-111.13391,26.06126]],[[-111.13391,26.06081],[-111.13391,26.06081]],[[-111.13366,26.06013],[-111.13366,26.06013]],[[-111.13341,26.05968],[-111.13341,26.05968]],[[-111.13316,26.05923],[-111.13316,26.05923]],[[-111.1329,26.05878],[-111.1329,26.05878]],[[-111.13265,26.05697],[-111.13265,26.05697]],[[-111.1324,26.05629],[-111.1324,26.05629]],[[-111.13215,26.05562],[-111.13215,26.05562]],[[-111.13316,26.05404],[-111.13316,26.05404]],[[-111.13391,26.05381],[-111.13391,26.05381]],[[-111.13441,26.05359],[-111.13441,26.05359]],[[-111.13491,26.05336],[-111.13491,26.05336]],[[-111.13517,26.05313],[-111.13517,26.05313]],[[-111.13542,26.05291],[-111.13542,26.05291]],[[-111.15375,26.05268],[-111.15375,26.05268]],[[-111.13567,26.05268],[-111.13567,26.05268]],[[-111.13617,26.05246],[-111.13617,26.05246]],[[-111.13642,26.05223],[-111.13642,26.05223]],[[-111.13692,26.05201],[-111.13692,26.05201]],[[-111.13743,26.05178],[-111.13743,26.05178]],[[-111.13793,26.05155],[-111.13793,26.05155]],[[-111.13843,26.05133],[-111.13843,26.05133]],[[-111.13893,26.0511],[-111.13893,26.0511]],[[-111.13944,26.05088],[-111.13944,26.05088]],[[-111.13994,26.05065],[-111.13994,26.05065]],[[-111.14044,26.05043],[-111.14044,26.05043]],[[-111.14094,26.0502],[-111.14094,26.0502]],[[-111.14119,26.04997],[-111.14119,26.04997]],[[-111.1417,26.04975],[-111.1417,26.04975]],[[-111.14195,26.04952],[-111.14195,26.04952]],[[-111.14245,26.0493],[-111.14245,26.0493]],[[-111.1427,26.04907],[-111.1427,26.04907]],[[-111.1432,26.04885],[-111.1432,26.04885]],[[-111.14345,26.04862],[-111.14345,26.04862]],[[-111.14622,26.04839],[-111.14622,26.04839]],[[-111.14371,26.04839],[-111.14371,26.04839]],[[-111.14396,26.04817],[-111.14396,26.04817]],[[-111.14647,26.04772],[-111.14647,26.04772]],[[-111.15074,26.04749],[-111.15074,26.04749]],[[-111.14672,26.04749],[-111.14672,26.04749]],[[-111.15124,26.04727],[-111.15124,26.04727]],[[-111.14722,26.04727],[-111.14722,26.04727]],[[-111.1525,26.04704],[-111.1525,26.04704]],[[-111.14747,26.04704],[-111.14747,26.04704]],[[-111.15275,26.04681],[-111.15275,26.04681]],[[-111.153,26.04659],[-111.153,26.04659]],[[-111.15325,26.04636],[-111.15325,26.04636]],[[-111.1535,26.04614],[-111.1535,26.04614]],[[-111.15526,26.04591],[-111.15526,26.04591]],[[-111.15576,26.04569],[-111.15576,26.04569]],[[-111.15601,26.04546],[-111.15601,26.04546]],[[-111.15652,26.04523],[-111.15652,26.04523]],[[-111.15677,26.04501],[-111.15677,26.04501]],[[-111.15727,26.04478],[-111.15727,26.04478]],[[-111.15777,26.04456],[-111.15777,26.04456]],[[-111.15852,26.04433],[-111.15852,26.04433]],[[-111.15903,26.04411],[-111.15903,26.04411]],[[-111.15928,26.04388],[-111.15928,26.04388]],[[-111.15953,26.04365],[-111.15953,26.04365]],[[-111.16028,26.04343],[-111.16028,26.04343]],[[-111.16154,26.0432],[-111.16154,26.0432]],[[-111.17209,26.04298],[-111.17209,26.04298]],[[-111.1638,26.04298],[-111.1638,26.04298]],[[-111.16807,26.04275],[-111.16807,26.04275]],[[-111.1643,26.04275],[-111.1643,26.04275]],[[-111.16907,26.04253],[-111.16907,26.04253]],[[-111.1648,26.04253],[-111.1648,26.04253]],[[-111.17008,26.0423],[-111.17008,26.0423]],[[-111.17083,26.04207],[-111.17083,26.04207]],[[-111.18488,25.97595],[-111.18389,25.97682],[-111.18362,25.97685],[-111.18188,25.97818],[-111.18113,25.97819],[-111.18013,25.97863],[-111.1796,25.97865],[-111.17837,25.97931],[-111.17633,25.97978],[-111.17083,25.98225],[-111.16983,25.98317],[-111.16983,25.98362],[-111.16958,25.98385],[-111.16958,25.98452],[-111.17008,25.98497],[-111.17008,25.98588],[-111.16958,25.98655],[-111.16958,25.98678],[-111.16907,25.98723],[-111.16907,25.98791],[-111.16882,25.98813],[-111.16882,25.98836],[-111.16807,25.98926],[-111.16807,25.98994],[-111.16832,25.99016],[-111.16832,25.99062],[-111.16807,25.99084],[-111.16807,25.99265],[-111.16832,25.99287],[-111.16832,25.99332],[-111.16907,25.99445],[-111.16907,25.9949],[-111.16933,25.99513],[-111.16958,25.99581],[-111.17033,25.99671],[-111.17033,25.99716],[-111.17058,25.99739],[-111.17058,25.99806],[-111.17083,25.99829],[-111.17083,25.99874],[-111.17133,25.99942],[-111.17133,25.99987],[-111.17108,26.0001],[-111.17108,26.00032],[-111.17133,26.00055],[-111.17133,26.00145],[-111.17234,26.00303],[-111.17234,26.00348],[-111.17259,26.00371],[-111.17259,26.00461],[-111.17234,26.00483],[-111.17234,26.00529],[-111.17209,26.00551],[-111.17209,26.00574],[-111.17184,26.00596],[-111.17133,26.00596],[-111.17108,26.00619],[-111.17083,26.00619],[-111.16983,26.00709],[-111.16983,26.00732],[-111.16958,26.00754],[-111.16958,26.00801],[-111.17033,26.00845],[-111.17033,26.00867],[-111.17058,26.0089],[-111.17058,26.00935],[-111.17008,26.01003],[-111.17008,26.0107],[-111.16933,26.01115],[-111.16933,26.01206],[-111.16907,26.01228],[-111.16907,26.01454],[-111.16857,26.01499],[-111.16857,26.01567],[-111.16882,26.01589],[-111.16882,26.01612],[-111.16857,26.01635],[-111.16807,26.01635],[-111.16782,26.01657],[-111.16757,26.01635],[-111.16757,26.0161],[-111.16706,26.01567],[-111.16681,26.01567],[-111.16656,26.01589],[-111.16581,26.01589],[-111.16532,26.01544],[-111.1648,26.01544],[-111.16355,26.0168],[-111.1633,26.01747],[-111.16254,26.0186],[-111.16254,26.01973],[-111.16279,26.01996],[-111.16279,26.02063],[-111.16305,26.02086],[-111.1633,26.02154],[-111.16405,26.02221],[-111.16556,26.02176],[-111.16581,26.02154],[-111.16581,26.02109],[-111.16606,26.02086],[-111.16606,26.02063],[-111.16706,26.01973],[-111.16832,26.02018],[-111.16882,26.02063],[-111.16882,26.02086],[-111.16832,26.02131],[-111.16832,26.02379],[-111.16807,26.02402],[-111.16807,26.02447],[-111.16857,26.02492],[-111.16907,26.02605],[-111.17133,26.02808],[-111.17133,26.02831],[-111.17184,26.02898],[-111.17184,26.02944],[-111.17234,26.03011],[-111.17259,26.03124],[-111.17284,26.03147],[-111.17309,26.03214],[-111.1736,26.0326],[-111.17385,26.03372],[-111.1746,26.03485],[-111.1746,26.0353],[-111.17485,26.03553],[-111.17485,26.03666],[-111.1751,26.03688],[-111.1751,26.03734],[-111.17535,26.03756],[-111.17535,26.03801],[-111.1756,26.03824],[-111.1756,26.04052],[-111.17586,26.04052],[-111.17625,26.03959],[-111.17711,26.03553],[-111.17736,26.0353],[-111.17997,26.03485],[-111.18138,26.034],[-111.18515,26.03348],[-111.18753,26.03102],[-111.18828,26.02718],[-111.18782,26.02447],[-111.18741,26.02343],[-111.18697,26.02289],[-111.18515,26.02231],[-111.17736,26.02334],[-111.17679,26.02289],[-111.17565,26.02018],[-111.17515,26.01883],[-111.17513,26.01838],[-111.17541,26.00619],[-111.17573,26.00213],[-111.17563,25.99784],[-111.17494,25.99242],[-111.17445,25.99084],[-111.17376,25.98971],[-111.17588,25.9852],[-111.17711,25.98413],[-111.17865,25.98362],[-111.17984,25.98294],[-111.18138,25.9813],[-111.18314,25.98085],[-111.18414,25.98033],[-111.1849,25.9794],[-111.18565,25.97725],[-111.18644,25.97595]],[[-111.18816,26.02763],[-111.18816,26.02763]],[[-111.16807,26.02402],[-111.16807,26.02402]],[[-111.16832,26.02131],[-111.16832,26.02131]],[[-111.16857,26.02109],[-111.16857,26.02109]],[[-111.16254,26.0186],[-111.16254,26.0186]],[[-111.16279,26.01815],[-111.16279,26.01815]],[[-111.16305,26.0177],[-111.16305,26.0177]],[[-111.1633,26.01725],[-111.1633,26.01725]],[[-111.16355,26.0168],[-111.16355,26.0168]],[[-111.1638,26.01657],[-111.1638,26.01657]],[[-111.16807,26.01635],[-111.16807,26.01635]],[[-111.16405,26.01612],[-111.16405,26.01612]],[[-111.16706,26.01567],[-111.16706,26.01567]],[[-111.16681,26.01567],[-111.16681,26.01567]],[[-111.1648,26.01544],[-111.1648,26.01544]],[[-111.16857,26.01499],[-111.16857,26.01499]],[[-111.16882,26.01477],[-111.16882,26.01477]],[[-111.16907,26.01228],[-111.16907,26.01228]],[[-111.16933,26.01115],[-111.16933,26.01115]],[[-111.16958,26.01093],[-111.16958,26.01093]],[[-111.17008,26.01003],[-111.17008,26.01003]],[[-111.17033,26.00957],[-111.17033,26.00957]],[[-111.16958,26.00754],[-111.16958,26.00754]],[[-111.16983,26.00709],[-111.16983,26.00709]],[[-111.17008,26.00687],[-111.17008,26.00687]],[[-111.17033,26.00664],[-111.17033,26.00664]],[[-111.17058,26.00641],[-111.17058,26.00641]],[[-111.17083,26.00619],[-111.17083,26.00619]],[[-111.17133,26.00596],[-111.17133,26.00596]],[[-111.17209,26.00551],[-111.17209,26.00551]],[[-111.17234,26.00483],[-111.17234,26.00483]],[[-111.17108,26.0001],[-111.17108,26.0001]],[[-111.16807,25.99084],[-111.16807,25.99084]],[[-111.16807,25.98926],[-111.16807,25.98926]],[[-111.16832,25.98881],[-111.16832,25.98881]],[[-111.16857,25.98858],[-111.16857,25.98858]],[[-111.16882,25.98813],[-111.16882,25.98813]],[[-111.16907,25.98723],[-111.16907,25.98723]],[[-111.16933,25.98701],[-111.16933,25.98701]],[[-111.16958,25.98655],[-111.16958,25.98655]],[[-111.16983,25.9861],[-111.16983,25.9861]],[[-111.11984,25.9859],[-111.12035,25.98593],[-111.1206,25.98576],[-111.1206,25.98497],[-111.12085,25.98475],[-111.12085,25.9843],[-111.1211,25.98407],[-111.12135,25.98294],[-111.12185,25.98227],[-111.12185,25.97976],[-111.1216,25.97968],[-111.12135,25.97983],[-111.11984,25.98107]],[[-111.16958,25.98385],[-111.16958,25.98385]],[[-111.16983,25.98317],[-111.16983,25.98317]],[[-111.17008,25.98294],[-111.17008,25.98294]],[[-111.17033,25.98272],[-111.17033,25.98272]],[[-111.1859,25.97685],[-111.1859,25.97685]]]},"properties":{"depth_m":10}},{"type":"Feature","geometry":{"type":"MultiLineString","coordinates":[[[-111.11984,26.06633],[-111.12286,26.0671],[-111.12386,26.06771],[-111.12537,26.06803],[-111.12738,26.06815],[-111.12982,26.06758],[-111.13064,26.06701],[-111.1314,26.06608],[-111.13542,26.06459],[-111.14411,26.06036],[-111.14748,26.05742],[-111.14923,26.05526],[-111.15024,26.05462],[-111.15199,26.05398],[-111.15261,26.05359],[-111.15426,26.05223],[-111.15526,26.05097],[-111.15626,26.05005],[-111.16089,26.04794],[-111.16254,26.04679],[-111.1648,26.04561],[-111.16707,26.04388],[-111.16782,26.04364],[-111.17284,26.04284],[-111.17414,26.0423],[-111.17414,26.04207],[-111.17083,26.04207],[-111.17058,26.0423],[-111.17008,26.0423],[-111.16983,26.04253],[-111.16907,26.04253],[-111.16882,26.04275],[-111.16807,26.04275],[-111.16782,26.04298],[-111.16757,26.04275],[-111.16631,26.04275],[-111.16606,26.04253],[-111.1648,26.04253],[-111.16355,26.0432],[-111.16154,26.0432],[-111.16129,26.04343],[-111.16028,26.04343],[-111.16003,26.04365],[-111.15953,26.04365],[-111.15878,26.04433],[-111.15852,26.04433],[-111.15827,26.04456],[-111.15777,26.04456],[-111.15702,26.04501],[-111.15677,26.04501],[-111.15626,26.04546],[-111.15601,26.04546],[-111.15501,26.04614],[-111.1535,26.04614],[-111.15225,26.04727],[-111.15124,26.04727],[-111.15049,26.04772],[-111.15024,26.04749],[-111.14898,26.04749],[-111.14873,26.04727],[-111.14823,26.04727],[-111.14798,26.04704],[-111.14747,26.04704],[-111.14647,26.04772],[-111.14647,26.04817],[-111.14597,26.04862],[-111.14546,26.04862],[-111.14521,26.04839],[-111.14471,26.04839],[-111.14446,26.04817],[-111.14396,26.04817],[-111.14295,26.04907],[-111.1427,26.04907],[-111.1422,26.04952],[-111.14195,26.04952],[-111.14069,26.05043],[-111.13642,26.05223],[-111.13592,26.05268],[-111.13567,26.05268],[-111.13466,26.05359],[-111.13391,26.05381],[-111.13366,26.05404],[-111.13316,26.05404],[-111.1329,26.05426],[-111.13239,26.05426],[-111.13215,26.05447],[-111.13215,26.05562],[-111.1324,26.05584],[-111.1324,26.05629],[-111.13265,26.05652],[-111.13265,26.05697],[-111.1329,26.0572],[-111.1329,26.05878],[-111.13316,26.059],[-111.13366,26.06013],[-111.13391,26.06036],[-111.13391,26.06081],[-111.13416,26.06103],[-111.13316,26.06261],[-111.13316,26.06329],[-111.13265,26.06374],[-111.13115,26.06374],[-111.1309,26.06397],[-111.13063,26.06397],[-111.12989,26.06464],[-111.12989,26.06487],[-111.12964,26.0651],[-111.12964,26.06555],[-111.12939,26.06577],[-111.12939,26.06622],[-111.12889,26.06668],[-111.12864,26.06735],[-111.12838,26.06758],[-111.12788,26.06713],[-111.12788,26.06644],[-111.12738,26.06645],[-111.12713,26.06668],[-111.12688,26.06668],[-111.12663,26.06645],[-111.12663,26.06621],[-111.12639,26.066],[-111.12612,26.066],[-111.12437,26.06442],[-111.12437,26.06419],[-111.12411,26.06397],[-111.12411,26.06305],[-111.12386,26.06283],[-111.12261,26.06305],[-111.1221,26.06348],[-111.12185,26.0635],[-111.1206,26.06439],[-111.12035,26.0644],[-111.11984,26.06486]],[[-111.12864,26.06713],[-111.12864,26.06713]],[[-111.12889,26.06668],[-111.12889,26.06668]],[[-111.12914,26.06645],[-111.12914,26.06645]],[[-111.12738,26.06645],[-111.12738,26.06645]],[[-111.12939,26.06577],[-111.12939,26.06577]],[[-111.12964,26.0651],[-111.12964,26.0651]],[[-111.12989,26.06464],[-111.12989,26.06464]],[[-111.13014,26.06442],[-111.13014,26.06442]],[[-111.13115,26.06374],[-111.13115,26.06374]],[[-111.1329,26.06352],[-111.1329,26.06352]],[[-111.13316,26.06261],[-111.13316,26.06261]],[[-111.13341,26.06216],[-111.13341,26.06216]],[[-111.13366,26.06171],[-111.13366,26.06171]],[[-111.13391,26.06126],[-111.13391,26.06126]],[[-111.13391,26.06081],[-111.13391,26.06081]],[[-111.13366,26.06013],[-111.13366,26.06013]],[[-111.13341,26.05968],[-111.13341,26.05968]],[[-111.13316,26.05923],[-111.13316,26.05923]],[[-111.1329,26.05878],[-111.1329,26.05878]],[[-111.13265,26.05697],[-111.13265,26.05697]],[[-111.1324,26.05629],[-111.1324,26.05629]],[[-111.13215,26.05562],[-111.13215,26.05562]],[[-111.13316,26.05404],[-111.13316,26.05404]],[[-111.13391,26.05381],[-111.13391,26.05381]],[[-111.13441,26.05359],[-111.13441,26.05359]],[[-111.13491,26.05336],[-111.13491,26.05336]],[[-111.13517,26.05313],[-111.13517,26.05313]],[[-111.13542,26.05291],[-111.13542,26.05291]],[[-111.15375,26.05268],[-111.15375,26.05268]],[[-111.13567,26.05268],[-111.13567,26.05268]],[[-111.13617,26.05246],[-111.13617,26.05246]],[[-111.13642,26.05223],[-111.13642,26.05223]],[[-111.13692,26.05201],[-111.13692,26.05201]],[[-111.13743,26.05178],[-111.13743,26.05178]],[[-111.13793,26.05155],[-111.13793,26.05155]],[[-111.13843,26.05133],[-111.13843,26.05133]],[[-111.13893,26.0511],[-111.13893,26.0511]],[[-111.13944,26.05088],[-111.13944,26.05088]],[[-111.13994,26.05065],[-111.13994,26.05065]],[[-111.14044,26.05043],[-111.14044,26.05043]],[[-111.14094,26.0502],[-111.14094,26.0502]],[[-111.14119,26.04997],[-111.14119,26.04997]],[[-111.1417,26.04975],[-111.1417,26.04975]],[[-111.14195,26.04952],[-111.14195,26.04952]],[[-111.14245,26.0493],[-111.14245,26.0493]],[[-111.1427,26.04907],[-111.1427,26.04907]],[[-111.1432,26.04885],[-111.1432,26.04885]],[[-111.14345,26.04862],[-111.14345,26.04862]],[[-111.14622,26.04839],[-111.14622,26.04839]],[[-111.14371,26.04839],[-111.14371,26.04839]],[[-111.14396,26.04817],[-111.14396,26.04817]],[[-111.14647,26.04772],[-111.14647,26.04772]],[[-111.15074,26.04749],[-111.15074,26.04749]],[[-111.14672,26.04749],[-111.14672,26.04749]],[[-111.15124,26.04727],[-111.15124,26.04727]],[[-111.14722,26.04727],[-111.14722,26.04727]],[[-111.1525,26.04704],[-111.1525,26.04704]],[[-111.14747,26.04704],[-111.14747,26.04704]],[[-111.15275,26.04681],[-111.15275,26.04681]],[[-111.153,26.04659],[-111.153,26.04659]],[[-111.15325,26.04636],[-111.15325,26.04636]],[[-111.1535,26.04614],[-111.1535,26.04614]],[[-111.15526,26.04591],[-111.15526,26.04591]],[[-111.15576,26.04569],[-111.15576,26.04569]],[[-111.15601,26.04546],[-111.15601,26.04546]],[[-111.15652,26.04523],[-111.15652,26.04523]],[[-111.15677,26.04501],[-111.15677,26.04501]],[[-111.15727,26.04478],[-111.15727,26.04478]],[[-111.15777,26.04456],[-111.15777,26.04456]],[[-111.15852,26.04433],[-111.15852,26.04433]],[[-111.15903,26.04411],[-111.15903,26.04411]],[[-111.15928,26.04388],[-111.15928,26.04388]],[[-111.15953,26.04365],[-111.15953,26.04365]],[[-111.16028,26.04343],[-111.16028,26.04343]],[[-111.16154,26.0432],[-111.16154,26.0432]],[[-111.17209,26.04298],[-111.17209,26.04298]],[[-111.1638,26.04298],[-111.1638,26.04298]],[[-111.16807,26.04275],[-111.16807,26.04275]],[[-111.1643,26.04275],[-111.1643,26.04275]],[[-111.16907,26.04253],[-111.16907,26.04253]],[[-111.1648,26.04253],[-111.1648,26.04253]],[[-111.17008,26.0423],[-111.17008,26.0423]],[[-111.17083,26.04207],[-111.17083,26.04207]],[[-111.18488,25.97595],[-111.18389,25.97682],[-111.18362,25.97685],[-111.18188,25.97818],[-111.18113,25.97819],[-111.18013,25.97863],[-111.1796,25.97865],[-111.17837,25.97931],[-111.17633,25.97978],[-111.17083,25.98225],[-111.16983,25.98317],[-111.16983,25.98362],[-111.16958,25.98385],[-111.16958,25.98452],[-111.17008,25.98497],[-111.17008,25.98588],[-111.16958,25.98655],[-111.16958,25.98678],[-111.16907,25.98723],[-111.16907,25.98791],[-111.16882,25.98813],[-111.16882,25.98836],[-111.16807,25.98926],[-111.16807,25.98994],[-111.16832,25.99016],[-111.16832,25.99062],[-111.16807,25.99084],[-111.16807,25.99265],[-111.16832,25.99287],[-111.16832,25.99332],[-111.16907,25.99445],[-111.16907,25.9949],[-111.16933,25.99513],[-111.16958,25.99581],[-111.17033,25.99671],[-111.17033,25.99716],[-111.17058,25.99739],[-111.17058,25.99806],[-111.17083,25.99829],[-111.17083,25.99874],[-111.17133,25.99942],[-111.17133,25.99987],[-111.17108,26.0001],[-111.17108,26.00032],[-111.17133,26.00055],[-111.17133,26.00145],[-111.17234,26.00303],[-111.17234,26.00348],[-111.17259,26.00371],[-111.17259,26.00461],[-111.17234,26.00483],[-111.17234,26.00529],[-111.17209,26.00551],[-111.17209,26.00574],[-111.17184,26.00596],[-111.17133,26.00596],[-111.17108,26.00619],[-111.17083,26.00619],[-111.16983,26.00709],[-111.16983,26.00732],[-111.16958,26.00754],[-111.16958,26.00801],[-111.17033,26.00845],[-111.17033,26.00867],[-111.17058,26.0089],[-111.17058,26.00935],[-111.17008,26.01003],[-111.17008,26.0107],[-111.16933,26.01115],[-111.16933,26.01206],[-111.16907,26.01228],[-111.16907,26.01454],[-111.16857,26.01499],[-111.16857,26.01567],[-111.16882,26.01589],[-111.16882,26.01612],[-111.16857,26.01635],[-111.16807,26.01635],[-111.16782,26.01657],[-111.16757,26.01635],[-111.16757,26.0161],[-111.16706,26.01567],[-111.16681,26.01567],[-111.16656,26.01589],[-111.16581,26.01589],[-111.16532,26.01544],[-111.1648,26.01544],[-111.16355,26.0168],[-111.1633,26.01747],[-111.16254,26.0186],[-111.16254,26.01973],[-111.16279,26.01996],[-111.16279,26.02063],[-111.16305,26.02086],[-111.1633,26.02154],[-111.16405,26.02221],[-111.16556,26.02176],[-111.16581,26.02154],[-111.16581,26.02109],[-111.16606,26.02086],[-111.16606,26.02063],[-111.16706,26.01973],[-111.16832,26.02018],[-111.16882,26.02063],[-111.16882,26.02086],[-111.16832,26.02131],[-111.16832,26.02379],[-111.16807,26.02402],[-111.16807,26.02447],[-111.16857,26.02492],[-111.16907,26.02605],[-111.17133,26.02808],[-111.17133,26.02831],[-111.17184,26.02898],[-111.17184,26.02944],[-111.17234,26.03011],[-111.17259,26.03124],[-111.17284,26.03147],[-111.17309,26.03214],[-111.1736,26.0326],[-111.17385,26.03372],[-111.1746,26.03485],[-111.1746,26.0353],[-111.17485,26.03553],[-111.17485,26.03666],[-111.1751,26.03688],[-111.1751,26.03734],[-111.17535,26.03756],[-111.17535,26.03801],[-111.1756,26.03824],[-111.1756,26.04052],[-111.17586,26.04052],[-111.17625,26.03959],[-111.17711,26.03553],[-111.17736,26.0353],[-111.17997,26.03485],[-111.18138,26.034],[-111.18515,26.03348],[-111.18753,26.03102],[-111.18828,26.02718],[-111.18782,26.02447],[-111.18741,26.02343],[-111.18697,26.02289],[-111.18515,26.02231],[-111.17736,26.02334],[-111.17679,26.02289],[-111.17565,26.02018],[-111.17515,26.01883],[-111.17513,26.01838],[-111.17541,26.00619],[-111.17573,26.00213],[-111.17563,25.99784],[-111.17494,25.99242],[-111.17445,25.99084],[-111.17376,25.98971],[-111.17588,25.9852],[-111.17711,25.98413],[-111.17865,25.98362],[-111.17984,25.98294],[-111.18138,25.9813],[-111.18314,25.98085],[-111.18414,25.98033],[-111.1849,25.9794],[-111.18565,25.97725],[-111.18644,25.97595]],[[-111.18816,26.02763],[-111.18816,26.02763]],[[-111.16807,26.02402],[-111.16807,26.02402]],[[-111.16832,26.02131],[-111.16832,26.02131]],[[-111.16857,26.02109],[-111.16857,26.02109]],[[-111.16254,26.0186],[-111.16254,26.0186]],[[-111.16279,26.01815],[-111.16279,26.01815]],[[-111.16305,26.0177],[-111.16305,26.0177]],[[-111.1633,26.01725],[-111.1633,26.01725]],[[-111.16355,26.0168],[-111.16355,26.0168]],[[-111.1638,26.01657],[-111.1638,26.01657]],[[-111.16807,26.01635],[-111.16807,26.01635]],[[-111.16405,26.01612],[-111.16405,26.01612]],[[-111.16706,26.01567],[-111.16706,26.01567]],[[-111.16681,26.01567],[-111.16681,26.01567]],[[-111.1648,26.01544],[-111.1648,26.01544]],[[-111.16857,26.01499],[-111.16857,26.01499]],[[-111.16882,26.01477],[-111.16882,26.01477]],[[-111.16907,26.01228],[-111.16907,26.01228]],[[-111.16933,26.01115],[-111.16933,26.01115]],[[-111.16958,26.01093],[-111.16958,26.01093]],[[-111.17008,26.01003],[-111.17008,26.01003]],[[-111.17033,26.00957],[-111.17033,26.00957]],[[-111.16958,26.00754],[-111.16958,26.00754]],[[-111.16983,26.00709],[-111.16983,26.00709]],[[-111.17008,26.00687],[-111.17008,26.00687]],[[-111.17033,26.00664],[-111.17033,26.00664]],[[-111.17058,26.00641],[-111.17058,26.00641]],[[-111.17083,26.00619],[-111.17083,26.00619]],[[-111.17133,26.00596],[-111.17133,26.00596]],[[-111.17209,26.00551],[-111.17209,26.00551]],[[-111.17234,26.00483],[-111.17234,26.00483]],[[-111.17108,26.0001],[-111.17108,26.0001]],[[-111.16807,25.99084],[-111.16807,25.99084]],[[-111.16807,25.98926],[-111.16807,25.98926]],[[-111.16832,25.98881],[-111.16832,25.98881]],[[-111.16857,25.98858],[-111.16857,25.98858]],[[-111.16882,25.98813],[-111.16882,25.98813]],[[-111.16907,25.98723],[-111.16907,25.98723]],[[-111.16933,25.98701],[-111.16933,25.98701]],[[-111.16958,25.98655],[-111.16958,25.98655]],[[-111.16983,25.9861],[-111.16983,25.9861]],[[-111.11984,25.9859],[-111.12035,25.98593],[-111.1206,25.98576],[-111.1206,25.98497],[-111.12085,25.98475],[-111.12085,25.9843],[-111.1211,25.98407],[-111.12135,25.98294],[-111.12185,25.98227],[-111.12185,25.97976],[-111.1216,25.97968],[-111.12135,25.97983],[-111.11984,25.98107]],[[-111.16958,25.98385],[-111.16958,25.98385]],[[-111.16983,25.98317],[-111.16983,25.98317]],[[-111.17008,25.98294],[-111.17008,25.98294]],[[-111.17033,25.98272],[-111.17033,25.98272]],[[-111.1859,25.97685],[-111.1859,25.97685]]]},"properties":{"depth_m":10}},{"type":"Feature","geometry":{"type":"MultiLineString","coordinates":[[[-111.11984,26.06716],[-111.12411,26.06817],[-111.12788,26.06829],[-111.12989,26.06792],[-111.13062,26.06758],[-111.1314,26.06688],[-111.13542,26.06557],[-111.13969,26.06348],[-111.14549,26.06036],[-111.14772,26.0584],[-111.14896,26.05629],[-111.14939,26.05584],[-111.15028,26.05517],[-111.15199,26.0544],[-111.15319,26.05359],[-111.15478,26.05223],[-111.15626,26.05061],[-111.16229,26.04794],[-111.16581,26.0458],[-111.16818,26.04388],[-111.17309,26.04297],[-111.17435,26.04244],[-111.17458,26.0423],[-111.17458,26.04207],[-111.17083,26.04207],[-111.17058,26.0423],[-111.17008,26.0423],[-111.16983,26.04253],[-111.16907,26.04253],[-111.16882,26.04275],[-111.16807,26.04275],[-111.16782,26.04298],[-111.16757,26.04275],[-111.16631,26.04275],[-111.16606,26.04253],[-111.1648,26.04253],[-111.16355,26.0432],[-111.16154,26.0432],[-111.16129,26.04343],[-111.16028,26.04343],[-111.16003,26.04365],[-111.15953,26.04365],[-111.15878,26.04433],[-111.15852,26.04433],[-111.15827,26.04456],[-111.15777,26.04456],[-111.15702,26.04501],[-111.15677,26.04501],[-111.15626,26.04546],[-111.15601,26.04546],[-111.15501,26.04614],[-111.1535,26.04614],[-111.15225,26.04727],[-111.15124,26.04727],[-111.15049,26.04772],[-111.15024,26.04749],[-111.14898,26.04749],[-111.14873,26.04727],[-111.14823,26.04727],[-111.14798,26.04704],[-111.14747,26.04704],[-111.14647,26.04772],[-111.14647,26.04817],[-111.14597,26.04862],[-111.14546,26.04862],[-111.14521,26.04839],[-111.14471,26.04839],[-111.14446,26.04817],[-111.14396,26.04817],[-111.14295,26.04907],[-111.1427,26.04907],[-111.1422,26.04952],[-111.14195,26.04952],[-111.14069,26.05043],[-111.13642,26.05223],[-111.13592,26.05268],[-111.13567,26.05268],[-111.13466,26.05359],[-111.13391,26.05381],[-111.13366,26.05404],[-111.13316,26.05404],[-111.1329,26.05426],[-111.13238,26.05426],[-111.13215,26.05446],[-111.13215,26.05562],[-111.1324,26.05584],[-111.1324,26.05629],[-111.13265,26.05652],[-111.13265,26.05697],[-111.1329,26.0572],[-111.1329,26.05878],[-111.13316,26.059],[-111.13366,26.06013],[-111.13391,26.06036],[-111.13391,26.06081],[-111.13416,26.06103],[-111.13316,26.06261],[-111.13316,26.06329],[-111.13265,26.06374],[-111.13115,26.06374],[-111.1309,26.06397],[-111.13062,26.06397],[-111.12989,26.06464],[-111.12989,26.06487],[-111.12964,26.0651],[-111.12964,26.06555],[-111.12939,26.06577],[-111.12939,26.06622],[-111.12889,26.06668],[-111.12864,26.06735],[-111.12838,26.06758],[-111.12788,26.06713],[-111.12788,26.06643],[-111.12688,26.06668],[-111.12663,26.06645],[-111.12663,26.0662],[-111.1264,26.066],[-111.12612,26.066],[-111.12437,26.06442],[-111.12437,26.06419],[-111.12411,26.06397],[-111.12411,26.06304],[-111.12386,26.06283],[-111.12261,26.06304],[-111.1221,26.06347],[-111.12035,26.06439],[-111.11984,26.06485]],[[-111.12864,26.06713],[-111.12864,26.06713]],[[-111.12889,26.06668],[-111.12889,26.06668]],[[-111.12914,26.06645],[-111.12914,26.06645]],[[-111.12738,26.06645],[-111.12738,26.06645]],[[-111.12939,26.06577],[-111.12939,26.06577]],[[-111.12964,26.0651],[-111.12964,26.0651]],[[-111.12989,26.06464],[-111.12989,26.06464]],[[-111.13014,26.06442],[-111.13014,26.06442]],[[-111.13115,26.06374],[-111.13115,26.06374]],[[-111.1329,26.06352],[-111.1329,26.06352]],[[-111.13316,26.06261],[-111.13316,26.06261]],[[-111.13341,26.06216],[-111.13341,26.06216]],[[-111.13366,26.06171],[-111.13366,26.06171]],[[-111.14345,26.06148],[-111.14345,26.06148]],[[-111.13391,26.06126],[-111.13391,26.06126]],[[-111.13391,26.06081],[-111.13391,26.06081]],[[-111.13366,26.06013],[-111.13366,26.06013]],[[-111.13341,26.05968],[-111.13341,26.05968]],[[-111.13316,26.05923],[-111.13316,26.05923]],[[-111.1329,26.05878],[-111.1329,26.05878]],[[-111.13265,26.05697],[-111.13265,26.05697]],[[-111.1324,26.05629],[-111.1324,26.05629]],[[-111.13215,26.05562],[-111.13215,26.05562]],[[-111.13316,26.05404],[-111.13316,26.05404]],[[-111.13391,26.05381],[-111.13391,26.05381]],[[-111.13441,26.05359],[-111.13441,26.05359]],[[-111.13491,26.05336],[-111.13491,26.05336]],[[-111.13517,26.05313],[-111.13517,26.05313]],[[-111.13542,26.05291],[-111.13542,26.05291]],[[-111.13567,26.05268],[-111.13567,26.05268]],[[-111.13617,26.05246],[-111.13617,26.05246]],[[-111.13642,26.05223],[-111.13642,26.05223]],[[-111.13692,26.05201],[-111.13692,26.05201]],[[-111.13743,26.05178],[-111.13743,26.05178]],[[-111.13793,26.05155],[-111.13793,26.05155]],[[-111.13843,26.05133],[-111.13843,26.05133]],[[-111.13893,26.0511],[-111.13893,26.0511]],[[-111.13944,26.05088],[-111.13944,26.05088]],[[-111.13994,26.05065],[-111.13994,26.05065]],[[-111.14044,26.05043],[-111.14044,26.05043]],[[-111.14094,26.0502],[-111.14094,26.0502]],[[-111.14119,26.04997],[-111.14119,26.04997]],[[-111.1417,26.04975],[-111.1417,26.04975]],[[-111.14195,26.04952],[-111.14195,26.04952]],[[-111.14245,26.0493],[-111.14245,26.0493]],[[-111.1427,26.04907],[-111.1427,26.04907]],[[-111.1432,26.04885],[-111.1432,26.04885]],[[-111.14345,26.04862],[-111.14345,26.04862]],[[-111.14622,26.04839],[-111.14622,26.04839]],[[-111.14371,26.04839],[-111.14371,26.04839]],[[-111.14396,26.04817],[-111.14396,26.04817]],[[-111.14647,26.04772],[-111.14647,26.04772]],[[-111.15074,26.04749],[-111.15074,26.04749]],[[-111.14672,26.04749],[-111.14672,26.04749]],[[-111.15124,26.04727],[-111.15124,26.04727]],[[-111.14722,26.04727],[-111.14722,26.04727]],[[-111.1525,26.04704],[-111.1525,26.04704]],[[-111.14747,26.04704],[-111.14747,26.04704]],[[-111.15275,26.04681],[-111.15275,26.04681]],[[-111.153,26.04659],[-111.153,26.04659]],[[-111.15325,26.04636],[-111.15325,26.04636]],[[-111.1535,26.04614],[-111.1535,26.04614]],[[-111.15526,26.04591],[-111.15526,26.04591]],[[-111.15576,26.04569],[-111.15576,26.04569]],[[-111.15601,26.04546],[-111.15601,26.04546]],[[-111.15652,26.04523],[-111.15652,26.04523]],[[-111.15677,26.04501],[-111.15677,26.04501]],[[-111.15727,26.04478],[-111.15727,26.04478]],[[-111.15777,26.04456],[-111.15777,26.04456]],[[-111.15852,26.04433],[-111.15852,26.04433]],[[-111.15903,26.04411],[-111.15903,26.04411]],[[-111.15928,26.04388],[-111.15928,26.04388]],[[-111.15953,26.04365],[-111.15953,26.04365]],[[-111.16028,26.04343],[-111.16028,26.04343]],[[-111.16154,26.0432],[-111.16154,26.0432]],[[-111.1638,26.04298],[-111.1638,26.04298]],[[-111.16807,26.04275],[-111.16807,26.04275]],[[-111.1643,26.04275],[-111.1643,26.04275]],[[-111.16907,26.04253],[-111.16907,26.04253]],[[-111.1648,26.04253],[-111.1648,26.04253]],[[-111.17008,26.0423],[-111.17008,26.0423]],[[-111.17083,26.04207],[-111.17083,26.04207]],[[-111.18487,25.97595],[-111.18389,25.97681],[-111.18361,25.97685],[-111.18188,25.97816],[-111.18113,25.97819],[-111.18013,25.97862],[-111.17958,25.97865],[-111.17837,25.97929],[-111.17631,25.97978],[-111.17083,25.98224],[-111.16983,25.98317],[-111.16983,25.98362],[-111.16958,25.98385],[-111.16958,25.98452],[-111.17008,25.98497],[-111.17008,25.98588],[-111.16958,25.98655],[-111.16958,25.98678],[-111.16907,25.98723],[-111.16907,25.98791],[-111.16882,25.98813],[-111.16882,25.98836],[-111.16807,25.98926],[-111.16807,25.98994],[-111.16832,25.99016],[-111.16832,25.99062],[-111.16807,25.99084],[-111.16807,25.99265],[-111.16832,25.99287],[-111.16832,25.99332],[-111.16907,25.99445],[-111.16907,25.9949],[-111.16933,25.99513],[-111.16983,25.99626],[-111.17033,25.99671],[-111.17033,25.99716],[-111.17058,25.99739],[-111.17058,25.99806],[-111.17083,25.99829],[-111.17083,25.99874],[-111.17133,25.99942],[-111.17133,25.99987],[-111.17108,26.0001],[-111.17108,26.00032],[-111.17133,26.00055],[-111.17133,26.00145],[-111.17234,26.00303],[-111.17234,26.00348],[-111.17259,26.00371],[-111.17259,26.00461],[-111.17234,26.00483],[-111.17234,26.00529],[-111.17209,26.00551],[-111.17209,26.00574],[-111.17184,26.00596],[-111.17133,26.00596],[-111.17108,26.00619],[-111.17083,26.00619],[-111.16983,26.00709],[-111.16983,26.00732],[-111.16958,26.00754],[-111.16958,26.00802],[-111.17033,26.00845],[-111.17033,26.00867],[-111.17058,26.0089],[-111.17058,26.00935],[-111.17008,26.01003],[-111.17008,26.0107],[-111.16933,26.01115],[-111.16933,26.01206],[-111.16907,26.01228],[-111.16907,26.01454],[-111.16857,26.01499],[-111.16857,26.01567],[-111.16882,26.01589],[-111.16882,26.01612],[-111.16857,26.01635],[-111.16807,26.01635],[-111.16782,26.01657],[-111.16757,26.01635],[-111.16757,26.01609],[-111.16706,26.01567],[-111.16681,26.01567],[-111.16656,26.01589],[-111.16581,26.01589],[-111.16533,26.01544],[-111.1648,26.01544],[-111.16355,26.0168],[-111.1633,26.01747],[-111.16254,26.0186],[-111.16254,26.01973],[-111.16279,26.01996],[-111.16279,26.02063],[-111.16305,26.02086],[-111.1633,26.02154],[-111.16405,26.02221],[-111.16556,26.02176],[-111.16581,26.02154],[-111.16581,26.02109],[-111.16606,26.02086],[-111.16606,26.02063],[-111.16706,26.01973],[-111.16832,26.02018],[-111.16882,26.02063],[-111.16882,26.02086],[-111.16832,26.02131],[-111.16832,26.02379],[-111.16807,26.02402],[-111.16807,26.02447],[-111.16857,26.02492],[-111.16907,26.02605],[-111.17133,26.02808],[-111.17133,26.02831],[-111.17184,26.02898],[-111.17184,26.02944],[-111.17234,26.03011],[-111.17259,26.03124],[-111.17284,26.03147],[-111.17309,26.03214],[-111.1736,26.0326],[-111.17385,26.03372],[-111.1746,26.03485],[-111.1746,26.0353],[-111.17485,26.03553],[-111.17485,26.03666],[-111.1751,26.03688],[-111.1751,26.03734],[-111.17535,26.03756],[-111.17535,26.03801],[-111.1756,26.03824],[-111.1756,26.04097],[-111.17586,26.04097],[-111.1763,26.04004],[-111.17704,26.03666],[-111.17736,26.03618],[-111.18268,26.0353],[-111.18515,26.03473],[-111.1854,26.03451],[-111.18673,26.0326],[-111.18871,26.03102],[-111.18966,26.02718],[-111.1898,26.02289],[-111.18942,26.02237],[-111.1854,26.02069],[-111.18113,26.02101],[-111.17736,26.02059],[-111.17686,26.02001],[-111.17656,26.01928],[-111.17605,26.01747],[-111.17574,26.01477],[-111.17581,26.00619],[-111.17599,26.00213],[-111.17591,25.99784],[-111.17534,25.9922],[-111.17506,25.99084],[-111.17462,25.98971],[-111.17562,25.98746],[-111.17628,25.98543],[-111.17648,25.9852],[-111.17711,25.98467],[-111.17875,25.9843],[-111.17987,25.98386],[-111.18138,25.98271],[-111.18339,25.98206],[-111.18494,25.98114],[-111.1864,25.97926],[-111.18781,25.97595]],[[-111.18917,26.02921],[-111.18917,26.02921]],[[-111.16807,26.02402],[-111.16807,26.02402]],[[-111.16832,26.02131],[-111.16832,26.02131]],[[-111.16857,26.02109],[-111.16857,26.02109]],[[-111.16254,26.0186],[-111.16254,26.0186]],[[-111.16279,26.01815],[-111.16279,26.01815]],[[-111.16305,26.0177],[-111.16305,26.0177]],[[-111.1633,26.01725],[-111.1633,26.01725]],[[-111.16355,26.0168],[-111.16355,26.0168]],[[-111.1638,26.01657],[-111.1638,26.01657]],[[-111.16807,26.01635],[-111.16807,26.01635]],[[-111.16405,26.01612],[-111.16405,26.01612]],[[-111.16706,26.01567],[-111.16706,26.01567]],[[-111.16681,26.01567],[-111.16681,26.01567]],[[-111.1648,26.01544],[-111.1648,26.01544]],[[-111.16857,26.01499],[-111.16857,26.01499]],[[-111.16882,26.01477],[-111.16882,26.01477]],[[-111.16907,26.01228],[-111.16907,26.01228]],[[-111.16933,26.01115],[-111.16933,26.01115]],[[-111.16958,26.01093],[-111.16958,26.01093]],[[-111.17008,26.01003],[-111.17008,26.01003]],[[-111.17033,26.00957],[-111.17033,26.00957]],[[-111.16958,26.00754],[-111.16958,26.00754]],[[-111.16983,26.00709],[-111.16983,26.00709]],[[-111.17008,26.00687],[-111.17008,26.00687]],[[-111.17033,26.00664],[-111.17033,26.00664]],[[-111.17058,26.00641],[-111.17058,26.00641]],[[-111.17083,26.00619],[-111.17083,26.00619]],[[-111.17133,26.00596],[-111.17133,26.00596]],[[-111.17209,26.00551],[-111.17209,26.00551]],[[-111.17234,26.00483],[-111.17234,26.00483]],[[-111.17108,26.0001],[-111.17108,26.0001]],[[-111.16807,25.99084],[-111.16807,25.99084]],[[-111.16807,25.98926],[-111.16807,25.98926]],[[-111.16832,25.98881],[-111.16832,25.98881]],[[-111.16857,25.98858],[-111.16857,25.98858]],[[-111.16882,25.98813],[-111.16882,25.98813]],[[-111.16907,25.98723],[-111.16907,25.98723]],[[-111.16933,25.98701],[-111.16933,25.98701]],[[-111.16958,25.98655],[-111.16958,25.98655]],[[-111.16983,25.9861],[-111.16983,25.9861]],[[-111.11984,25.98592],[-111.12035,25.98596],[-111.1206,25.98582],[-111.1206,25.98497],[-111.12085,25.98475],[-111.12085,25.9843],[-111.1211,25.98407],[-111.12135,25.98294],[-111.12185,25.98227],[-111.12185,25.97924],[-111.1216,25.97914],[-111.12135,25.97927],[-111.11984,25.98034]],[[-111.16958,25.98385],[-111.16958,25.98385]],[[-111.16983,25.98317],[-111.16983,25.98317]],[[-111.17008,25.98294],[-111.17008,25.98294]],[[-111.17033,25.98272],[-111.17033,25.98272]]]},"properties":{"depth_m":15}},{"type":"Feature","geometry":{"type":"MultiLineString","coordinates":[[[-111.11984,26.06798],[-111.12286,26.06859],[-111.12889,26.06843],[-111.13039,26.06818],[-111.1314,26.06771],[-111.13542,26.06656],[-111.14688,26.06036],[-111.14798,26.0593],[-111.14963,26.05629],[-111.15049,26.05558],[-111.15225,26.05467],[-111.1535,26.05379],[-111.15626,26.05119],[-111.16369,26.04794],[-111.16681,26.04601],[-111.16935,26.04388],[-111.17334,26.0431],[-111.17435,26.04271],[-111.17527,26.04207],[-111.1751,26.04191],[-111.17485,26.04207],[-111.17083,26.04207],[-111.17058,26.0423],[-111.17008,26.0423],[-111.16983,26.04253],[-111.16907,26.04253],[-111.16882,26.04275],[-111.16807,26.04275],[-111.16782,26.04298],[-111.16757,26.04275],[-111.16631,26.04275],[-111.16606,26.04253],[-111.1648,26.04253],[-111.16355,26.0432],[-111.16154,26.0432],[-111.16129,26.04343],[-111.16028,26.04343],[-111.16003,26.04365],[-111.15953,26.04365],[-111.15878,26.04433],[-111.15852,26.04433],[-111.15827,26.04456],[-111.15777,26.04456],[-111.15702,26.04501],[-111.15677,26.04501],[-111.15626,26.04546],[-111.15601,26.04546],[-111.15501,26.04614],[-111.1535,26.04614],[-111.15225,26.04727],[-111.15124,26.04727],[-111.15049,26.04772],[-111.15024,26.04749],[-111.14898,26.04749],[-111.14873,26.04727],[-111.14823,26.04727],[-111.14798,26.04704],[-111.14747,26.04704],[-111.14647,26.04772],[-111.14647,26.04817],[-111.14597,26.04862],[-111.14546,26.04862],[-111.14521,26.04839],[-111.14471,26.04839],[-111.14446,26.04817],[-111.14396,26.04817],[-111.14295,26.04907],[-111.1427,26.04907],[-111.1422,26.04952],[-111.14195,26.04952],[-111.14069,26.05043],[-111.13642,26.05223],[-111.13592,26.05268],[-111.13567,26.05268],[-111.13466,26.05359],[-111.13391,26.05381],[-111.13366,26.05404],[-111.13316,26.05404],[-111.1329,26.05426],[-111.13237,26.05426],[-111.13215,26.05445],[-111.13215,26.05562],[-111.1324,26.05584],[-111.1324,26.05629],[-111.13265,26.05652],[-111.13265,26.05697],[-111.1329,26.0572],[-111.1329,26.05878],[-111.13316,26.059],[-111.13366,26.06013],[-111.13391,26.06036],[-111.13391,26.06081],[-111.13416,26.06103],[-111.13316,26.06261],[-111.13316,26.06329],[-111.13265,26.06374],[-111.13115,26.06374],[-111.1309,26.06397],[-111.13061,26.06397],[-111.12989,26.06464],[-111.12989,26.06487],[-111.12964,26.0651],[-111.12964,26.06555],[-111.12939,26.06577],[-111.12939,26.06622],[-111.12889,26.06668],[-111.12864,26.06735],[-111.12838,26.06758],[-111.12788,26.06713],[-111.12788,26.06642],[-111.12688,26.06668],[-111.12663,26.06645],[-111.12663,26.06619],[-111.12641,26.066],[-111.12612,26.066],[-111.12437,26.06442],[-111.12437,26.06419],[-111.12411,26.06397],[-111.12411,26.06303],[-111.12386,26.06283],[-111.12261,26.06303],[-111.1221,26.06345],[-111.12035,26.06439],[-111.11984,26.06484]],[[-111.12864,26.06713],[-111.12864,26.06713]],[[-111.12889,26.06668],[-111.12889,26.06668]],[[-111.12914,26.06645],[-111.12914,26.06645]],[[-111.12738,26.06645],[-111.12738,26.06645]],[[-111.12939,26.06577],[-111.12939,26.06577]],[[-111.12964,26.0651],[-111.12964,26.0651]],[[-111.12989,26.06464],[-111.12989,26.06464]],[[-111.13014,26.06442],[-111.13014,26.06442]],[[-111.13994,26.06419],[-111.13994,26.06419]],[[-111.13115,26.06374],[-111.13115,26.06374]],[[-111.1329,26.06352],[-111.1329,26.06352]],[[-111.13316,26.06261],[-111.13316,26.06261]],[[-111.1432,26.06239],[-111.1432,26.06239]],[[-111.13341,26.06216],[-111.13341,26.06216]],[[-111.13366,26.06171],[-111.13366,26.06171]],[[-111.13391,26.06126],[-111.13391,26.06126]],[[-111.13391,26.06081],[-111.13391,26.06081]],[[-111.13366,26.06013],[-111.13366,26.06013]],[[-111.13341,26.05968],[-111.13341,26.05968]],[[-111.13316,26.05923],[-111.13316,26.05923]],[[-111.1329,26.05878],[-111.1329,26.05878]],[[-111.13265,26.05697],[-111.13265,26.05697]],[[-111.1324,26.05629],[-111.1324,26.05629]],[[-111.13215,26.05562],[-111.13215,26.05562]],[[-111.13316,26.05404],[-111.13316,26.05404]],[[-111.13391,26.05381],[-111.13391,26.05381]],[[-111.13441,26.05359],[-111.13441,26.05359]],[[-111.13491,26.05336],[-111.13491,26.05336]],[[-111.13517,26.05313],[-111.13517,26.05313]],[[-111.13542,26.05291],[-111.13542,26.05291]],[[-111.13567,26.05268],[-111.13567,26.05268]],[[-111.13617,26.05246],[-111.13617,26.05246]],[[-111.13642,26.05223],[-111.13642,26.05223]],[[-111.13692,26.05201],[-111.13692,26.05201]],[[-111.13743,26.05178],[-111.13743,26.05178]],[[-111.13793,26.05155],[-111.13793,26.05155]],[[-111.13843,26.05133],[-111.13843,26.05133]],[[-111.13893,26.0511],[-111.13893,26.0511]],[[-111.13944,26.05088],[-111.13944,26.05088]],[[-111.13994,26.05065],[-111.13994,26.05065]],[[-111.14044,26.05043],[-111.14044,26.05043]],[[-111.14094,26.0502],[-111.14094,26.0502]],[[-111.14119,26.04997],[-111.14119,26.04997]],[[-111.1417,26.04975],[-111.1417,26.04975]],[[-111.14195,26.04952],[-111.14195,26.04952]],[[-111.14245,26.0493],[-111.14245,26.0493]],[[-111.1427,26.04907],[-111.1427,26.04907]],[[-111.1432,26.04885],[-111.1432,26.04885]],[[-111.14345,26.04862],[-111.14345,26.04862]],[[-111.14622,26.04839],[-111.14622,26.04839]],[[-111.14371,26.04839],[-111.14371,26.04839]],[[-111.14396,26.04817],[-111.14396,26.04817]],[[-111.14647,26.04772],[-111.14647,26.04772]],[[-111.15074,26.04749],[-111.15074,26.04749]],[[-111.14672,26.04749],[-111.14672,26.04749]],[[-111.15124,26.04727],[-111.15124,26.04727]],[[-111.14722,26.04727],[-111.14722,26.04727]],[[-111.1525,26.04704],[-111.1525,26.04704]],[[-111.14747,26.04704],[-111.14747,26.04704]],[[-111.15275,26.04681],[-111.15275,26.04681]],[[-111.153,26.04659],[-111.153,26.04659]],[[-111.15325,26.04636],[-111.15325,26.04636]],[[-111.1535,26.04614],[-111.1535,26.04614]],[[-111.15526,26.04591],[-111.15526,26.04591]],[[-111.15576,26.04569],[-111.15576,26.04569]],[[-111.15601,26.04546],[-111.15601,26.04546]],[[-111.15652,26.04523],[-111.15652,26.04523]],[[-111.15677,26.04501],[-111.15677,26.04501]],[[-111.15727,26.04478],[-111.15727,26.04478]],[[-111.15777,26.04456],[-111.15777,26.04456]],[[-111.15852,26.04433],[-111.15852,26.04433]],[[-111.15903,26.04411],[-111.15903,26.04411]],[[-111.15928,26.04388],[-111.15928,26.04388]],[[-111.15953,26.04365],[-111.15953,26.04365]],[[-111.16028,26.04343],[-111.16028,26.04343]],[[-111.16154,26.0432],[-111.16154,26.0432]],[[-111.1638,26.04298],[-111.1638,26.04298]],[[-111.16807,26.04275],[-111.16807,26.04275]],[[-111.1643,26.04275],[-111.1643,26.04275]],[[-111.16907,26.04253],[-111.16907,26.04253]],[[-111.1648,26.04253],[-111.1648,26.04253]],[[-111.17008,26.0423],[-111.17008,26.0423]],[[-111.17083,26.04207],[-111.17083,26.04207]],[[-111.18486,25.97595],[-111.18389,25.97679],[-111.1836,25.97685],[-111.18188,25.97815],[-111.18113,25.97819],[-111.18013,25.9786],[-111.17957,25.97865],[-111.17837,25.97928],[-111.1763,25.97978],[-111.17083,25.98223],[-111.16983,25.98317],[-111.16983,25.98362],[-111.16958,25.98385],[-111.16958,25.98452],[-111.17008,25.98497],[-111.17008,25.98588],[-111.16958,25.98655],[-111.16958,25.98678],[-111.16907,25.98723],[-111.16907,25.98791],[-111.16882,25.98813],[-111.16882,25.98836],[-111.16807,25.98926],[-111.16807,25.98994],[-111.16832,25.99016],[-111.16832,25.99062],[-111.16807,25.99084],[-111.16807,25.99265],[-111.16832,25.99287],[-111.16832,25.99332],[-111.16907,25.99445],[-111.16907,25.9949],[-111.16933,25.99513],[-111.16983,25.99626],[-111.17033,25.99671],[-111.17033,25.99716],[-111.17058,25.99739],[-111.17058,25.99806],[-111.17083,25.99829],[-111.17083,25.99874],[-111.17133,25.99942],[-111.17133,25.99987],[-111.17108,26.0001],[-111.17108,26.00032],[-111.17133,26.00055],[-111.17133,26.00145],[-111.17234,26.00303],[-111.17234,26.00348],[-111.17259,26.00371],[-111.17259,26.00461],[-111.17234,26.00483],[-111.17234,26.00529],[-111.17209,26.00551],[-111.17209,26.00574],[-111.17184,26.00596],[-111.17133,26.00596],[-111.17108,26.00619],[-111.17083,26.00619],[-111.16983,26.00709],[-111.16983,26.00732],[-111.16958,26.00754],[-111.16958,26.00803],[-111.17033,26.00845],[-111.17033,26.00867],[-111.17058,26.0089],[-111.17058,26.00935],[-111.17008,26.01003],[-111.17008,26.0107],[-111.16933,26.01115],[-111.16933,26.01206],[-111.16907,26.01228],[-111.16907,26.01454],[-111.16857,26.01499],[-111.16857,26.01567],[-111.16882,26.01589],[-111.16882,26.01612],[-111.16857,26.01635],[-111.16807,26.01635],[-111.16782,26.01657],[-111.16757,26.01635],[-111.16757,26.01609],[-111.16706,26.01567],[-111.16681,26.01567],[-111.16656,26.01589],[-111.16581,26.01589],[-111.16534,26.01544],[-111.1648,26.01544],[-111.16355,26.0168],[-111.1633,26.01747],[-111.16254,26.0186],[-111.16254,26.01973],[-111.16279,26.01996],[-111.16279,26.02063],[-111.16305,26.02086],[-111.1633,26.02154],[-111.16405,26.02221],[-111.16556,26.02176],[-111.16581,26.02154],[-111.16581,26.02109],[-111.16606,26.02086],[-111.16606,26.02063],[-111.16706,26.01973],[-111.16832,26.02018],[-111.16882,26.02063],[-111.16882,26.02086],[-111.16832,26.02131],[-111.16832,26.02379],[-111.16807,26.02402],[-111.16807,26.02447],[-111.16857,26.02492],[-111.16907,26.02605],[-111.17133,26.02808],[-111.17133,26.02831],[-111.17184,26.02898],[-111.17184,26.02944],[-111.17234,26.03011],[-111.17259,26.03124],[-111.17284,26.03147],[-111.17309,26.03214],[-111.1736,26.0326],[-111.17385,26.03372],[-111.1746,26.03485],[-111.1746,26.0353],[-111.17485,26.03553],[-111.17485,26.03666],[-111.1751,26.03688],[-111.1751,26.03734],[-111.17535,26.03756],[-111.17535,26.03801],[-111.1756,26.03824],[-111.1756,26.04145],[-111.17586,26.04143],[-111.17635,26.04049],[-111.17711,26.03742],[-111.17736,26.0372],[-111.17987,26.03654],[-111.18538,26.03553],[-111.18703,26.03305],[-111.18808,26.03214],[-111.1893,26.03147],[-111.18967,26.03102],[-111.19016,26.02695],[-111.19036,26.02312],[-111.18967,26.02127],[-111.1854,26.01908],[-111.18113,26.0191],[-111.17736,26.01792],[-111.17686,26.01722],[-111.1763,26.01454],[-111.17619,25.99784],[-111.1755,25.98971],[-111.17686,25.98547],[-111.17711,25.98524],[-111.17962,25.98485],[-111.18138,25.98422],[-111.1854,25.98402],[-111.1864,25.98318],[-111.18741,25.98191],[-111.18814,25.98046],[-111.18918,25.97595]],[[-111.16807,26.02402],[-111.16807,26.02402]],[[-111.16832,26.02131],[-111.16832,26.02131]],[[-111.16857,26.02109],[-111.16857,26.02109]],[[-111.16254,26.0186],[-111.16254,26.0186]],[[-111.16279,26.01815],[-111.16279,26.01815]],[[-111.16305,26.0177],[-111.16305,26.0177]],[[-111.1633,26.01725],[-111.1633,26.01725]],[[-111.16355,26.0168],[-111.16355,26.0168]],[[-111.1638,26.01657],[-111.1638,26.01657]],[[-111.16807,26.01635],[-111.16807,26.01635]],[[-111.16405,26.01612],[-111.16405,26.01612]],[[-111.16706,26.01567],[-111.16706,26.01567]],[[-111.16681,26.01567],[-111.16681,26.01567]],[[-111.1648,26.01544],[-111.1648,26.01544]],[[-111.16857,26.01499],[-111.16857,26.01499]],[[-111.16882,26.01477],[-111.16882,26.01477]],[[-111.16907,26.01228],[-111.16907,26.01228]],[[-111.16933,26.01115],[-111.16933,26.01115]],[[-111.16958,26.01093],[-111.16958,26.01093]],[[-111.17008,26.01003],[-111.17008,26.01003]],[[-111.17033,26.00957],[-111.17033,26.00957]],[[-111.16958,26.00754],[-111.16958,26.00754]],[[-111.16983,26.00709],[-111.16983,26.00709]],[[-111.17008,26.00687],[-111.17008,26.00687]],[[-111.17033,26.00664],[-111.17033,26.00664]],[[-111.17058,26.00641],[-111.17058,26.00641]],[[-111.17083,26.00619],[-111.17083,26.00619]],[[-111.17133,26.00596],[-111.17133,26.00596]],[[-111.17209,26.00551],[-111.17209,26.00551]],[[-111.17234,26.00483],[-111.17234,26.00483]],[[-111.17108,26.0001],[-111.17108,26.0001]],[[-111.16807,25.99084],[-111.16807,25.99084]],[[-111.16807,25.98926],[-111.16807,25.98926]],[[-111.16832,25.98881],[-111.16832,25.98881]],[[-111.16857,25.98858],[-111.16857,25.98858]],[[-111.16882,25.98813],[-111.16882,25.98813]],[[-111.16907,25.98723],[-111.16907,25.98723]],[[-111.16933,25.98701],[-111.16933,25.98701]],[[-111.16958,25.98655],[-111.16958,25.98655]],[[-111.16983,25.9861],[-111.16983,25.9861]],[[-111.11984,25.98593],[-111.1206,25.98588],[-111.1206,25.98497],[-111.12085,25.98475],[-111.12085,25.9843],[-111.1211,25.98407],[-111.12135,25.98294],[-111.12185,25.98227],[-111.12185,25.97873],[-111.1216,25.9786],[-111.11984,25.9796]],[[-111.1206,25.98588],[-111.1206,25.98588]],[[-111.16958,25.98385],[-111.16958,25.98385]],[[-111.16983,25.98317],[-111.16983,25.98317]],[[-111.17008,25.98294],[-111.17008,25.98294]],[[-111.17033,25.98272],[-111.17033,25.98272]]]},"properties":{"depth_m":20}},{"type":"Feature","geometry":{"type":"MultiLineString","coordinates":[[[-111.11984,26.06884],[-111.12311,26.06954],[-111.12637,26.06884],[-111.13115,26.0686],[-111.13542,26.06755],[-111.13944,26.06545],[-111.14546,26.06179],[-111.14772,26.06063],[-111.14801,26.06036],[-111.14912,26.0581],[-111.15031,26.05629],[-111.15375,26.05405],[-111.15626,26.05178],[-111.16278,26.04907],[-111.16559,26.04772],[-111.16782,26.04626],[-111.17061,26.04388],[-111.17334,26.0433],[-111.17485,26.04273],[-111.17569,26.04207],[-111.17619,26.0414],[-111.17667,26.04027],[-111.17711,26.03843],[-111.17736,26.03821],[-111.18239,26.03663],[-111.1854,26.03602],[-111.18593,26.03553],[-111.18749,26.03327],[-111.18967,26.03166],[-111.18996,26.03124],[-111.1906,26.02718],[-111.19092,26.02312],[-111.19052,26.02176],[-111.18967,26.01995],[-111.1854,26.01748],[-111.18113,26.01704],[-111.17736,26.01563],[-111.17698,26.01499],[-111.17686,26.01454],[-111.17647,25.99784],[-111.17624,25.99378],[-111.17633,25.98994],[-111.17711,25.9873],[-111.17869,25.98655],[-111.18113,25.98586],[-111.18565,25.9865],[-111.18935,25.98543],[-111.18967,25.98503],[-111.1919,25.97753],[-111.19218,25.97696],[-111.19312,25.97595]],[[-111.11984,26.06483],[-111.12035,26.06438],[-111.12261,26.06302],[-111.12386,26.06282],[-111.12411,26.06302],[-111.12411,26.06397],[-111.12437,26.06419],[-111.12437,26.06442],[-111.12612,26.066],[-111.12642,26.066],[-111.12663,26.06618],[-111.12663,26.06645],[-111.12688,26.06668],[-111.12788,26.06641],[-111.12788,26.06713],[-111.12838,26.06758],[-111.12889,26.0669],[-111.12889,26.06668],[-111.12939,26.06622],[-111.12939,26.06577],[-111.12964,26.06555],[-111.12964,26.0651],[-111.12989,26.06487],[-111.12989,26.06464],[-111.1306,26.06397],[-111.1309,26.06397],[-111.13115,26.06374],[-111.13265,26.06374],[-111.13316,26.06329],[-111.13316,26.06261],[-111.13416,26.06103],[-111.13391,26.06081],[-111.13391,26.06036],[-111.1329,26.05878],[-111.1329,26.0572],[-111.13265,26.05697],[-111.13265,26.05652],[-111.1324,26.05629],[-111.1324,26.05584],[-111.13215,26.05562],[-111.13215,26.05444],[-111.13236,26.05426],[-111.1329,26.05426],[-111.13316,26.05404],[-111.13366,26.05404],[-111.13441,26.05359],[-111.13466,26.05359],[-111.13567,26.05268],[-111.13592,26.05268],[-111.13642,26.05223],[-111.14069,26.05043],[-111.14195,26.04952],[-111.1422,26.04952],[-111.1427,26.04907],[-111.14295,26.04907],[-111.14396,26.04817],[-111.14446,26.04817],[-111.14471,26.04839],[-111.14521,26.04839],[-111.14546,26.04862],[-111.14597,26.04862],[-111.14647,26.04817],[-111.14647,26.04772],[-111.14747,26.04704],[-111.14798,26.04704],[-111.14823,26.04727],[-111.14873,26.04727],[-111.14898,26.04749],[-111.15024,26.04749],[-111.15049,26.04772],[-111.15124,26.04727],[-111.15225,26.04727],[-111.1535,26.04614],[-111.15501,26.04614],[-111.15601,26.04546],[-111.15626,26.04546],[-111.15677,26.04501],[-111.15752,26.04478],[-111.15777,26.04456],[-111.15827,26.04456],[-111.15852,26.04433],[-111.15878,26.04433],[-111.15953,26.04365],[-111.16003,26.04365],[-111.16028,26.04343],[-111.16129,26.04343],[-111.16154,26.0432],[-111.16355,26.0432],[-111.1648,26.04253],[-111.16606,26.04253],[-111.16631,26.04275],[-111.16757,26.04275],[-111.16782,26.04298],[-111.16807,26.04275],[-111.16983,26.04253],[-111.17008,26.0423],[-111.17058,26.0423],[-111.17083,26.04207],[-111.17485,26.04207],[-111.1756,26.04162],[-111.1756,26.03824],[-111.17535,26.03801],[-111.17535,26.03756],[-111.1751,26.03734],[-111.1751,26.03688],[-111.17485,26.03666],[-111.17485,26.03553],[-111.1746,26.0353],[-111.1746,26.03485],[-111.17385,26.03372],[-111.1736,26.0326],[-111.17309,26.03214],[-111.17284,26.03147],[-111.17259,26.03124],[-111.17234,26.03011],[-111.17184,26.02944],[-111.17184,26.02898],[-111.17133,26.02831],[-111.17133,26.02808],[-111.16907,26.02605],[-111.16857,26.02492],[-111.16807,26.02447],[-111.16807,26.02402],[-111.16832,26.02379],[-111.16832,26.02131],[-111.16882,26.02086],[-111.16882,26.02063],[-111.16832,26.02018],[-111.16706,26.01973],[-111.16606,26.02063],[-111.16606,26.02086],[-111.16581,26.02109],[-111.16581,26.02154],[-111.16556,26.02176],[-111.16405,26.02221],[-111.1633,26.02154],[-111.16305,26.02086],[-111.16279,26.02063],[-111.16279,26.01996],[-111.16254,26.01973],[-111.16254,26.0186],[-111.1633,26.01747],[-111.16355,26.0168],[-111.1648,26.01544],[-111.16535,26.01544],[-111.16581,26.01589],[-111.16656,26.01589],[-111.16681,26.01567],[-111.16706,26.01567],[-111.16757,26.01608],[-111.16757,26.01635],[-111.16782,26.01657],[-111.16807,26.01635],[-111.16857,26.01635],[-111.16882,26.01612],[-111.16882,26.01589],[-111.16857,26.01567],[-111.16857,26.01499],[-111.16907,26.01454],[-111.16907,26.01228],[-111.16933,26.01206],[-111.16933,26.01115],[-111.17008,26.0107],[-111.17008,26.01003],[-111.17058,26.00935],[-111.17058,26.0089],[-111.17033,26.00867],[-111.17033,26.00845],[-111.16958,26.00804],[-111.16958,26.00754],[-111.16983,26.00732],[-111.16983,26.00709],[-111.17083,26.00619],[-111.17108,26.00619],[-111.17133,26.00596],[-111.17184,26.00596],[-111.17209,26.00574],[-111.17209,26.00551],[-111.17234,26.00529],[-111.17234,26.00483],[-111.17259,26.00461],[-111.17259,26.00371],[-111.17234,26.00348],[-111.17234,26.00303],[-111.17133,26.00145],[-111.17133,26.00055],[-111.17108,26.00032],[-111.17108,26.0001],[-111.17133,25.99987],[-111.17133,25.99942],[-111.17083,25.99874],[-111.17083,25.99829],[-111.17058,25.99806],[-111.17058,25.99739],[-111.17033,25.99716],[-111.17033,25.99671],[-111.16983,25.99626],[-111.16933,25.99513],[-111.16907,25.9949],[-111.16907,25.99445],[-111.16832,25.99332],[-111.16832,25.99287],[-111.16807,25.99265],[-111.16807,25.99084],[-111.16832,25.99062],[-111.16832,25.99016],[-111.16807,25.98994],[-111.16807,25.98926],[-111.16882,25.98836],[-111.16882,25.98813],[-111.16907,25.98791],[-111.16907,25.98723],[-111.16958,25.98678],[-111.16958,25.98655],[-111.17008,25.98588],[-111.17008,25.98497],[-111.16958,25.98452],[-111.16958,25.98385],[-111.16983,25.98362],[-111.16983,25.98317],[-111.17083,25.98222],[-111.17628,25.97978],[-111.17837,25.97927],[-111.17955,25.97865],[-111.18013,25.97859],[-111.18113,25.97818],[-111.18188,25.97814],[-111.18359,25.97685],[-111.18389,25.97678],[-111.18485,25.97595]],[[-111.12864,26.06713],[-111.12864,26.06713]],[[-111.12889,26.06668],[-111.12889,26.06668]],[[-111.12914,26.06645],[-111.12914,26.06645]],[[-111.12738,26.06645],[-111.12738,26.06645]],[[-111.12939,26.06577],[-111.12939,26.06577]],[[-111.12964,26.0651],[-111.12964,26.0651]],[[-111.12989,26.06464],[-111.12989,26.06464]],[[-111.13014,26.06442],[-111.13014,26.06442]],[[-111.13115,26.06374],[-111.13115,26.06374]],[[-111.1329,26.06352],[-111.1329,26.06352]],[[-111.13316,26.06261],[-111.13316,26.06261]],[[-111.13341,26.06216],[-111.13341,26.06216]],[[-111.14521,26.06194],[-111.14521,26.06194]],[[-111.13366,26.06171],[-111.13366,26.06171]],[[-111.13391,26.06126],[-111.13391,26.06126]],[[-111.18942,26.05835],[-111.18967,26.05825],[-111.18978,26.05652],[-111.18967,26.05624],[-111.18917,26.05609],[-111.18863,26.05652],[-111.18917,26.05813],[-111.18942,26.05835]],[[-111.13316,26.05404],[-111.13316,26.05404]],[[-111.13391,26.05381],[-111.13391,26.05381]],[[-111.13441,26.05359],[-111.13441,26.05359]],[[-111.13491,26.05336],[-111.13491,26.05336]],[[-111.13517,26.05313],[-111.13517,26.05313]],[[-111.13542,26.05291],[-111.13542,26.05291]],[[-111.13567,26.05268],[-111.13567,26.05268]],[[-111.13617,26.05246],[-111.13617,26.05246]],[[-111.13642,26.05223],[-111.13642,26.05223]],[[-111.13692,26.05201],[-111.13692,26.05201]],[[-111.15626,26.05178],[-111.15626,26.05178]],[[-111.13743,26.05178],[-111.13743,26.05178]],[[-111.13793,26.05155],[-111.13793,26.05155]],[[-111.13843,26.05133],[-111.13843,26.05133]],[[-111.13893,26.0511],[-111.13893,26.0511]],[[-111.13944,26.05088],[-111.13944,26.05088]],[[-111.13994,26.05065],[-111.13994,26.05065]],[[-111.14044,26.05043],[-111.14044,26.05043]],[[-111.14094,26.0502],[-111.14094,26.0502]],[[-111.14119,26.04997],[-111.14119,26.04997]],[[-111.1417,26.04975],[-111.1417,26.04975]],[[-111.14195,26.04952],[-111.14195,26.04952]],[[-111.14245,26.0493],[-111.14245,26.0493]],[[-111.1427,26.04907],[-111.1427,26.04907]],[[-111.1432,26.04885],[-111.1432,26.04885]],[[-111.14345,26.04862],[-111.14345,26.04862]],[[-111.14622,26.04839],[-111.14622,26.04839]],[[-111.14521,26.04839],[-111.14521,26.04839]],[[-111.14371,26.04839],[-111.14371,26.04839]],[[-111.14446,26.04817],[-111.14446,26.04817]],[[-111.14396,26.04817],[-111.14396,26.04817]],[[-111.14647,26.04772],[-111.14647,26.04772]],[[-111.15074,26.04749],[-111.15074,26.04749]],[[-111.15024,26.04749],[-111.15024,26.04749]],[[-111.14672,26.04749],[-111.14672,26.04749]],[[-111.15124,26.04727],[-111.15124,26.04727]],[[-111.14873,26.04727],[-111.14873,26.04727]],[[-111.14722,26.04727],[-111.14722,26.04727]],[[-111.1525,26.04704],[-111.1525,26.04704]],[[-111.14798,26.04704],[-111.14798,26.04704]],[[-111.14747,26.04704],[-111.14747,26.04704]],[[-111.15275,26.04681],[-111.15275,26.04681]],[[-111.153,26.04659],[-111.153,26.04659]],[[-111.15325,26.04636],[-111.15325,26.04636]],[[-111.1535,26.04614],[-111.1535,26.04614]],[[-111.15526,26.04591],[-111.15526,26.04591]],[[-111.15576,26.04569],[-111.15576,26.04569]],[[-111.15601,26.04546],[-111.15601,26.04546]],[[-111.15652,26.04523],[-111.15652,26.04523]],[[-111.15677,26.04501],[-111.15677,26.04501]],[[-111.15727,26.04478],[-111.15727,26.04478]],[[-111.15777,26.04456],[-111.15777,26.04456]],[[-111.15852,26.04433],[-111.15852,26.04433]],[[-111.15903,26.04411],[-111.15903,26.04411]],[[-111.15928,26.04388],[-111.15928,26.04388]],[[-111.15953,26.04365],[-111.15953,26.04365]],[[-111.16028,26.04343],[-111.16028,26.04343]],[[-111.16154,26.0432],[-111.16154,26.0432]],[[-111.1638,26.04298],[-111.1638,26.04298]],[[-111.16807,26.04275],[-111.16807,26.04275]],[[-111.16757,26.04275],[-111.16757,26.04275]],[[-111.1643,26.04275],[-111.1643,26.04275]],[[-111.16907,26.04253],[-111.16907,26.04253]],[[-111.16606,26.04253],[-111.16606,26.04253]],[[-111.1648,26.04253],[-111.1648,26.04253]],[[-111.17008,26.0423],[-111.17008,26.0423]],[[-111.17083,26.04207],[-111.17083,26.04207]],[[-111.1751,26.04185],[-111.1751,26.04185]],[[-111.16807,26.02402],[-111.16807,26.02402]],[[-111.16832,26.02131],[-111.16832,26.02131]],[[-111.16857,26.02109],[-111.16857,26.02109]],[[-111.16254,26.0186],[-111.16254,26.0186]],[[-111.16279,26.01815],[-111.16279,26.01815]],[[-111.16305,26.0177],[-111.16305,26.0177]],[[-111.1633,26.01725],[-111.1633,26.01725]],[[-111.16355,26.0168],[-111.16355,26.0168]],[[-111.1638,26.01657],[-111.1638,26.01657]],[[-111.16807,26.01635],[-111.16807,26.01635]],[[-111.16405,26.01612],[-111.16405,26.01612]],[[-111.16706,26.01567],[-111.16706,26.01567]],[[-111.16681,26.01567],[-111.16681,26.01567]],[[-111.1648,26.01544],[-111.1648,26.01544]],[[-111.16857,26.01499],[-111.16857,26.01499]],[[-111.16882,26.01477],[-111.16882,26.01477]],[[-111.16907,26.01228],[-111.16907,26.01228]],[[-111.16933,26.01115],[-111.16933,26.01115]],[[-111.16958,26.01093],[-111.16958,26.01093]],[[-111.17008,26.01003],[-111.17008,26.01003]],[[-111.17033,26.00957],[-111.17033,26.00957]],[[-111.16958,26.00754],[-111.16958,26.00754]],[[-111.16983,26.00709],[-111.16983,26.00709]],[[-111.17008,26.00687],[-111.17008,26.00687]],[[-111.17033,26.00664],[-111.17033,26.00664]],[[-111.17058,26.00641],[-111.17058,26.00641]],[[-111.17083,26.00619],[-111.17083,26.00619]],[[-111.17133,26.00596],[-111.17133,26.00596]],[[-111.17209,26.00551],[-111.17209,26.00551]],[[-111.17234,26.00483],[-111.17234,26.00483]],[[-111.17108,26.0001],[-111.17108,26.0001]],[[-111.16807,25.99084],[-111.16807,25.99084]],[[-111.16807,25.98926],[-111.16807,25.98926]],[[-111.16832,25.98881],[-111.16832,25.98881]],[[-111.16857,25.98858],[-111.16857,25.98858]],[[-111.16882,25.98813],[-111.16882,25.98813]],[[-111.16907,25.98723],[-111.16907,25.98723]],[[-111.16933,25.98701],[-111.16933,25.98701]],[[-111.16958,25.98655],[-111.16958,25.98655]],[[-111.16983,25.9861],[-111.16983,25.9861]],[[-111.11984,25.97886],[-111.12185,25.97799],[-111.12209,25.9782],[-111.12185,25.97843],[-111.12185,25.98227],[-111.12135,25.98294],[-111.1211,25.98407],[-111.12085,25.9843],[-111.12085,25.98475],[-111.1206,25.98497],[-111.1206,25.98588],[-111.12035,25.98602],[-111.11984,25.98595]],[[-111.16958,25.98385],[-111.16958,25.98385]],[[-111.16983,25.98317],[-111.16983,25.98317]],[[-111.17008,25.98294],[-111.17008,25.98294]],[[-111.17033,25.98272],[-111.17033,25.98272]]]},"properties":{"depth_m":25}},{"type":"Feature","geometry":{"type":"MultiLineString","coordinates":[[[-111.11984,26.06987],[-111.12311,26.07059],[-111.12713,26.06979],[-111.13115,26.06973],[-111.13542,26.06855],[-111.13944,26.06645],[-111.142,26.06464],[-111.14772,26.06124],[-111.14852,26.06036],[-111.14955,26.05832],[-111.15079,26.05652],[-111.15407,26.05426],[-111.15626,26.05232],[-111.1633,26.04954],[-111.16706,26.04777],[-111.16983,26.0458],[-111.17188,26.04388],[-111.17435,26.04324],[-111.1756,26.04257],[-111.17639,26.04162],[-111.17711,26.03944],[-111.17736,26.03922],[-111.17912,26.03841],[-111.18239,26.03725],[-111.1854,26.03647],[-111.18639,26.03553],[-111.18791,26.0335],[-111.18967,26.03214],[-111.19034,26.03102],[-111.19111,26.02695],[-111.19148,26.02312],[-111.19106,26.02154],[-111.19018,26.01951],[-111.18967,26.01859],[-111.18917,26.01817],[-111.1854,26.01587],[-111.18163,26.0151],[-111.18017,26.01454],[-111.17933,26.01364],[-111.17869,26.01251],[-111.17736,26.00852],[-111.17711,26.00752],[-111.17677,26.00213],[-111.1766,25.99355],[-111.17686,25.99111],[-111.17711,25.99016],[-111.17736,25.98993],[-111.17924,25.98881],[-111.18113,25.98796],[-111.18565,25.98841],[-111.18967,25.98764],[-111.19188,25.98543],[-111.19319,25.98231],[-111.19426,25.98023],[-111.19494,25.97923],[-111.1962,25.97805],[-111.19796,25.97705],[-111.19938,25.97595]],[[-111.11984,26.06482],[-111.12035,26.06437],[-111.12261,26.06301],[-111.12386,26.06282],[-111.12411,26.06301],[-111.12411,26.06397],[-111.12437,26.06419],[-111.12437,26.06442],[-111.12612,26.066],[-111.12643,26.066],[-111.12663,26.06617],[-111.12663,26.06645],[-111.12688,26.06668],[-111.12788,26.0664],[-111.12788,26.06713],[-111.12838,26.06758],[-111.12889,26.0669],[-111.12889,26.06668],[-111.12939,26.06622],[-111.12939,26.06577],[-111.12964,26.06555],[-111.12964,26.0651],[-111.12989,26.06487],[-111.12989,26.06464],[-111.13059,26.06397],[-111.1309,26.06397],[-111.13115,26.06374],[-111.13265,26.06374],[-111.13316,26.06329],[-111.13316,26.06261],[-111.13416,26.06103],[-111.13391,26.06081],[-111.13391,26.06036],[-111.1329,26.05878],[-111.1329,26.0572],[-111.13265,26.05697],[-111.13265,26.05652],[-111.1324,26.05629],[-111.1324,26.05584],[-111.13215,26.05562],[-111.13215,26.05444],[-111.13235,26.05426],[-111.1329,26.05426],[-111.13316,26.05404],[-111.13366,26.05404],[-111.13441,26.05359],[-111.13466,26.05359],[-111.13567,26.05268],[-111.13592,26.05268],[-111.13642,26.05223],[-111.14069,26.05043],[-111.14195,26.04952],[-111.1422,26.04952],[-111.1427,26.04907],[-111.14295,26.04907],[-111.14396,26.04817],[-111.14446,26.04817],[-111.14471,26.04839],[-111.14597,26.04862],[-111.14647,26.04817],[-111.14647,26.04772],[-111.14747,26.04704],[-111.14798,26.04704],[-111.14823,26.04727],[-111.14873,26.04727],[-111.14898,26.04749],[-111.15024,26.04749],[-111.15049,26.04772],[-111.15124,26.04727],[-111.15225,26.04727],[-111.1535,26.04614],[-111.15501,26.04614],[-111.15601,26.04546],[-111.15626,26.04546],[-111.15677,26.04501],[-111.15752,26.04478],[-111.15777,26.04456],[-111.15827,26.04456],[-111.15852,26.04433],[-111.15878,26.04433],[-111.15953,26.04365],[-111.16003,26.04365],[-111.16028,26.04343],[-111.16129,26.04343],[-111.16154,26.0432],[-111.16355,26.0432],[-111.1648,26.04253],[-111.16606,26.04253],[-111.16631,26.04275],[-111.16757,26.04275],[-111.16782,26.04298],[-111.16807,26.04275],[-111.16983,26.04253],[-111.17008,26.0423],[-111.17058,26.0423],[-111.17083,26.04207],[-111.17485,26.04207],[-111.1756,26.04162],[-111.1756,26.03824],[-111.17535,26.03801],[-111.17535,26.03756],[-111.1751,26.03734],[-111.1751,26.03688],[-111.17485,26.03666],[-111.17485,26.03553],[-111.1746,26.0353],[-111.1746,26.03485],[-111.17385,26.03372],[-111.1736,26.0326],[-111.17309,26.03214],[-111.17284,26.03147],[-111.17259,26.03124],[-111.17234,26.03011],[-111.17184,26.02944],[-111.17184,26.02898],[-111.17159,26.02876],[-111.17133,26.02808],[-111.16907,26.02605],[-111.16857,26.02492],[-111.16807,26.02447],[-111.16807,26.02402],[-111.16832,26.02379],[-111.16832,26.02131],[-111.16882,26.02086],[-111.16882,26.02063],[-111.16832,26.02018],[-111.16706,26.01973],[-111.16606,26.02063],[-111.16606,26.02086],[-111.16581,26.02109],[-111.16581,26.02154],[-111.16556,26.02176],[-111.16405,26.02221],[-111.1633,26.02154],[-111.16305,26.02086],[-111.16279,26.02063],[-111.16279,26.01996],[-111.16254,26.01973],[-111.16254,26.0186],[-111.1633,26.01747],[-111.16355,26.0168],[-111.1648,26.01544],[-111.16536,26.01544],[-111.16581,26.01589],[-111.16656,26.01589],[-111.16681,26.01567],[-111.16706,26.01567],[-111.16757,26.01607],[-111.16757,26.01635],[-111.16782,26.01657],[-111.16807,26.01635],[-111.16857,26.01635],[-111.16882,26.01612],[-111.16882,26.01589],[-111.16857,26.01567],[-111.16857,26.01499],[-111.16907,26.01454],[-111.16907,26.01228],[-111.16933,26.01206],[-111.16927,26.01138],[-111.16958,26.01093],[-111.16983,26.01093],[-111.17008,26.0107],[-111.17008,26.01003],[-111.17058,26.00935],[-111.17058,26.0089],[-111.17033,26.00867],[-111.17033,26.00845],[-111.16958,26.00805],[-111.16958,26.00754],[-111.16983,26.00732],[-111.16983,26.00709],[-111.17083,26.00619],[-111.17108,26.00619],[-111.17133,26.00596],[-111.17184,26.00596],[-111.17209,26.00574],[-111.17209,26.00551],[-111.17234,26.00529],[-111.17234,26.00483],[-111.17259,26.00461],[-111.17259,26.00371],[-111.17234,26.00348],[-111.17234,26.00303],[-111.17133,26.00145],[-111.17133,26.00055],[-111.17108,26.00032],[-111.17108,26.0001],[-111.17133,25.99987],[-111.17133,25.99942],[-111.17083,25.99874],[-111.17083,25.99829],[-111.17058,25.99806],[-111.17058,25.99739],[-111.17033,25.99716],[-111.17033,25.99671],[-111.16983,25.99626],[-111.16933,25.99513],[-111.16907,25.9949],[-111.16907,25.99445],[-111.16832,25.99332],[-111.16832,25.99287],[-111.16807,25.99265],[-111.16807,25.99084],[-111.16832,25.99062],[-111.16832,25.99016],[-111.16807,25.98994],[-111.16807,25.98926],[-111.16882,25.98836],[-111.16882,25.98813],[-111.16907,25.98791],[-111.16907,25.98723],[-111.16958,25.98678],[-111.16958,25.98655],[-111.17008,25.98588],[-111.17008,25.98497],[-111.16958,25.98452],[-111.16958,25.98385],[-111.16983,25.98362],[-111.16983,25.98317],[-111.17083,25.98221],[-111.17627,25.97978],[-111.17837,25.97925],[-111.17954,25.97865],[-111.18113,25.97818],[-111.18188,25.97812],[-111.18484,25.97595]],[[-111.12864,26.06713],[-111.12864,26.06713]],[[-111.12889,26.06668],[-111.12889,26.06668]],[[-111.12914,26.06645],[-111.12914,26.06645]],[[-111.12738,26.06645],[-111.12738,26.06645]],[[-111.12939,26.06577],[-111.12939,26.06577]],[[-111.12964,26.0651],[-111.12964,26.0651]],[[-111.12989,26.06464],[-111.12989,26.06464]],[[-111.13014,26.06442],[-111.13014,26.06442]],[[-111.13115,26.06374],[-111.13115,26.06374]],[[-111.1329,26.06352],[-111.1329,26.06352]],[[-111.13316,26.06261],[-111.13316,26.06261]],[[-111.13341,26.06216],[-111.13341,26.06216]],[[-111.13366,26.06171],[-111.13366,26.06171]],[[-111.13391,26.06126],[-111.13391,26.06126]],[[-111.18967,26.06065],[-111.18997,26.06036],[-111.19014,26.05629],[-111.18942,26.0556],[-111.18729,26.05607],[-111.1869,26.05652],[-111.1881,26.06013],[-111.18873,26.06058],[-111.18967,26.06065]],[[-111.14873,26.0599],[-111.14873,26.0599]],[[-111.13316,26.05404],[-111.13316,26.05404]],[[-111.13391,26.05381],[-111.13391,26.05381]],[[-111.13441,26.05359],[-111.13441,26.05359]],[[-111.13491,26.05336],[-111.13491,26.05336]],[[-111.13517,26.05313],[-111.13517,26.05313]],[[-111.13542,26.05291],[-111.13542,26.05291]],[[-111.13567,26.05268],[-111.13567,26.05268]],[[-111.13617,26.05246],[-111.13617,26.05246]],[[-111.13642,26.05223],[-111.13642,26.05223]],[[-111.13692,26.05201],[-111.13692,26.05201]],[[-111.13743,26.05178],[-111.13743,26.05178]],[[-111.13793,26.05155],[-111.13793,26.05155]],[[-111.13843,26.05133],[-111.13843,26.05133]],[[-111.13893,26.0511],[-111.13893,26.0511]],[[-111.13944,26.05088],[-111.13944,26.05088]],[[-111.13994,26.05065],[-111.13994,26.05065]],[[-111.14044,26.05043],[-111.14044,26.05043]],[[-111.14094,26.0502],[-111.14094,26.0502]],[[-111.14119,26.04997],[-111.14119,26.04997]],[[-111.16279,26.04975],[-111.16279,26.04975]],[[-111.1417,26.04975],[-111.1417,26.04975]],[[-111.14195,26.04952],[-111.14195,26.04952]],[[-111.14245,26.0493],[-111.14245,26.0493]],[[-111.1427,26.04907],[-111.1427,26.04907]],[[-111.1432,26.04885],[-111.1432,26.04885]],[[-111.14345,26.04862],[-111.14345,26.04862]],[[-111.14622,26.04839],[-111.14622,26.04839]],[[-111.14521,26.04839],[-111.14521,26.04839]],[[-111.14371,26.04839],[-111.14371,26.04839]],[[-111.14446,26.04817],[-111.14446,26.04817]],[[-111.14396,26.04817],[-111.14396,26.04817]],[[-111.14647,26.04772],[-111.14647,26.04772]],[[-111.15074,26.04749],[-111.15074,26.04749]],[[-111.15024,26.04749],[-111.15024,26.04749]],[[-111.14672,26.04749],[-111.14672,26.04749]],[[-111.15124,26.04727],[-111.15124,26.04727]],[[-111.14873,26.04727],[-111.14873,26.04727]],[[-111.14722,26.04727],[-111.14722,26.04727]],[[-111.1525,26.04704],[-111.1525,26.04704]],[[-111.14798,26.04704],[-111.14798,26.04704]],[[-111.14747,26.04704],[-111.14747,26.04704]],[[-111.15275,26.04681],[-111.15275,26.04681]],[[-111.153,26.04659],[-111.153,26.04659]],[[-111.15325,26.04636],[-111.15325,26.04636]],[[-111.1535,26.04614],[-111.1535,26.04614]],[[-111.15526,26.04591],[-111.15526,26.04591]],[[-111.15576,26.04569],[-111.15576,26.04569]],[[-111.15601,26.04546],[-111.15601,26.04546]],[[-111.15652,26.04523],[-111.15652,26.04523]],[[-111.15677,26.04501],[-111.15677,26.04501]],[[-111.15727,26.04478],[-111.15727,26.04478]],[[-111.15777,26.04456],[-111.15777,26.04456]],[[-111.15852,26.04433],[-111.15852,26.04433]],[[-111.15903,26.04411],[-111.15903,26.04411]],[[-111.15928,26.04388],[-111.15928,26.04388]],[[-111.15953,26.04365],[-111.15953,26.04365]],[[-111.16028,26.04343],[-111.16028,26.04343]],[[-111.16154,26.0432],[-111.16154,26.0432]],[[-111.1638,26.04298],[-111.1638,26.04298]],[[-111.16807,26.04275],[-111.16807,26.04275]],[[-111.16757,26.04275],[-111.16757,26.04275]],[[-111.1643,26.04275],[-111.1643,26.04275]],[[-111.16907,26.04253],[-111.16907,26.04253]],[[-111.16606,26.04253],[-111.16606,26.04253]],[[-111.1648,26.04253],[-111.1648,26.04253]],[[-111.17008,26.0423],[-111.17008,26.0423]],[[-111.17083,26.04207],[-111.17083,26.04207]],[[-111.1751,26.04185],[-111.1751,26.04185]],[[-111.18791,26.0335],[-111.18791,26.0335]],[[-111.18816,26.03327],[-111.18816,26.03327]],[[-111.16807,26.02402],[-111.16807,26.02402]],[[-111.16832,26.02131],[-111.16832,26.02131]],[[-111.16857,26.02109],[-111.16857,26.02109]],[[-111.16254,26.0186],[-111.16254,26.0186]],[[-111.16279,26.01815],[-111.16279,26.01815]],[[-111.16305,26.0177],[-111.16305,26.0177]],[[-111.1633,26.01725],[-111.1633,26.01725]],[[-111.16355,26.0168],[-111.16355,26.0168]],[[-111.1638,26.01657],[-111.1638,26.01657]],[[-111.16807,26.01635],[-111.16807,26.01635]],[[-111.16405,26.01612],[-111.16405,26.01612]],[[-111.16706,26.01567],[-111.16706,26.01567]],[[-111.16681,26.01567],[-111.16681,26.01567]],[[-111.1648,26.01544],[-111.1648,26.01544]],[[-111.16857,26.01499],[-111.16857,26.01499]],[[-111.16882,26.01477],[-111.16882,26.01477]],[[-111.16907,26.01228],[-111.16907,26.01228]],[[-111.16933,26.01115],[-111.16933,26.01115]],[[-111.16958,26.01093],[-111.16958,26.01093]],[[-111.17008,26.01003],[-111.17008,26.01003]],[[-111.17033,26.00957],[-111.17033,26.00957]],[[-111.16958,26.00754],[-111.16958,26.00754]],[[-111.16983,26.00709],[-111.16983,26.00709]],[[-111.17008,26.00687],[-111.17008,26.00687]],[[-111.17033,26.00664],[-111.17033,26.00664]],[[-111.17058,26.00641],[-111.17058,26.00641]],[[-111.17083,26.00619],[-111.17083,26.00619]],[[-111.17133,26.00596],[-111.17133,26.00596]],[[-111.17209,26.00551],[-111.17209,26.00551]],[[-111.17234,26.00483],[-111.17234,26.00483]],[[-111.17108,26.0001],[-111.17108,26.0001]],[[-111.16807,25.99084],[-111.16807,25.99084]],[[-111.17711,25.99016],[-111.17711,25.99016]],[[-111.16807,25.98926],[-111.16807,25.98926]],[[-111.16832,25.98881],[-111.16832,25.98881]],[[-111.16857,25.98858],[-111.16857,25.98858]],[[-111.16882,25.98813],[-111.16882,25.98813]],[[-111.16907,25.98723],[-111.16907,25.98723]],[[-111.16933,25.98701],[-111.16933,25.98701]],[[-111.16958,25.98655],[-111.16958,25.98655]],[[-111.16983,25.9861],[-111.16983,25.9861]],[[-111.11984,25.97812],[-111.12185,25.97747],[-111.12236,25.97756],[-111.1221,25.9782],[-111.12185,25.97843],[-111.12185,25.98227],[-111.12135,25.98294],[-111.1211,25.98407],[-111.12085,25.9843],[-111.12085,25.98475],[-111.1206,25.98497],[-111.1206,25.98588],[-111.12035,25.98605],[-111.11984,25.98596]],[[-111.19168,25.98565],[-111.19168,25.98565]],[[-111.16958,25.98385],[-111.16958,25.98385]],[[-111.19268,25.98339],[-111.19268,25.98339]],[[-111.16983,25.98317],[-111.16983,25.98317]],[[-111.17008,25.98294],[-111.17008,25.98294]],[[-111.17033,25.98272],[-111.17033,25.98272]],[[-111.19369,25.98136],[-111.19369,25.98136]],[[-111.12085,25.97775],[-111.12085,25.97775]]]},"properties":{"depth_m":30}},{"type":"Feature","geometry":{"type":"MultiLineString","coordinates":[[[-111.11984,26.07091],[-111.12311,26.07165],[-111.12713,26.07109],[-111.13115,26.07096],[-111.13542,26.06972],[-111.13969,26.06728],[-111.14521,26.06335],[-111.14772,26.06186],[-111.14886,26.06058],[-111.15012,26.05832],[-111.15144,26.05652],[-111.15439,26.05449],[-111.15626,26.05286],[-111.16565,26.0493],[-111.16838,26.04794],[-111.17094,26.04614],[-111.17314,26.04388],[-111.17485,26.04335],[-111.17586,26.0428],[-111.17649,26.04207],[-111.17711,26.04051],[-111.17736,26.04028],[-111.1789,26.03937],[-111.18257,26.03779],[-111.1854,26.03691],[-111.18684,26.03553],[-111.18816,26.03385],[-111.18967,26.03261],[-111.19063,26.03124],[-111.19158,26.02695],[-111.19203,26.02312],[-111.19162,26.02131],[-111.19093,26.01946],[-111.18967,26.01697],[-111.18623,26.01477],[-111.1854,26.01407],[-111.18339,26.01313],[-111.18163,26.01207],[-111.18113,26.01166],[-111.18036,26.01048],[-111.17872,26.00619],[-111.17711,26.00276],[-111.17697,25.994],[-111.17711,25.99278],[-111.18113,25.99018],[-111.18565,25.99059],[-111.18967,25.98997],[-111.19193,25.98785],[-111.19394,25.9857],[-111.19546,25.98294],[-111.19702,25.98091],[-111.2027,25.97595]],[[-111.11984,26.06481],[-111.12035,26.06436],[-111.12261,26.06301],[-111.12386,26.06281],[-111.12411,26.063],[-111.12411,26.06397],[-111.12437,26.06419],[-111.12437,26.06442],[-111.12612,26.066],[-111.12663,26.06616],[-111.12663,26.06645],[-111.12688,26.06668],[-111.12788,26.06639],[-111.12788,26.06713],[-111.12838,26.06758],[-111.12889,26.0669],[-111.12889,26.06668],[-111.12939,26.06622],[-111.12939,26.06577],[-111.12964,26.06555],[-111.12964,26.0651],[-111.12989,26.06487],[-111.12989,26.06464],[-111.13058,26.06397],[-111.1309,26.06397],[-111.13115,26.06374],[-111.13265,26.06374],[-111.13316,26.06329],[-111.13316,26.06261],[-111.13416,26.06103],[-111.13391,26.06081],[-111.13391,26.06036],[-111.13366,26.06013],[-111.13366,26.0599],[-111.13284,26.05855],[-111.1329,26.0572],[-111.13265,26.05697],[-111.13265,26.05652],[-111.1324,26.05629],[-111.1324,26.05584],[-111.13215,26.05562],[-111.13215,26.05443],[-111.13234,26.05426],[-111.1329,26.05426],[-111.13316,26.05404],[-111.13366,26.05404],[-111.13441,26.05359],[-111.13466,26.05359],[-111.13567,26.05268],[-111.13592,26.05268],[-111.13642,26.05223],[-111.14069,26.05043],[-111.14195,26.04952],[-111.1422,26.04952],[-111.1427,26.04907],[-111.14295,26.04907],[-111.14396,26.04817],[-111.14446,26.04817],[-111.14471,26.04839],[-111.14521,26.04839],[-111.14546,26.04862],[-111.14597,26.04862],[-111.14647,26.04817],[-111.14647,26.04772],[-111.14747,26.04704],[-111.14798,26.04704],[-111.14823,26.04727],[-111.14873,26.04727],[-111.14898,26.04749],[-111.15024,26.04749],[-111.15049,26.04772],[-111.15124,26.04727],[-111.15225,26.04727],[-111.1535,26.04614],[-111.15501,26.04614],[-111.15601,26.04546],[-111.15626,26.04546],[-111.15677,26.04501],[-111.15702,26.04501],[-111.15777,26.04456],[-111.15827,26.04456],[-111.15852,26.04433],[-111.15878,26.04433],[-111.15953,26.04365],[-111.16003,26.04365],[-111.16028,26.04343],[-111.16129,26.04343],[-111.16154,26.0432],[-111.16355,26.0432],[-111.1648,26.04253],[-111.16606,26.04253],[-111.16631,26.04275],[-111.16757,26.04275],[-111.16782,26.04298],[-111.16807,26.04275],[-111.16983,26.04253],[-111.17008,26.0423],[-111.17058,26.0423],[-111.17083,26.04207],[-111.17485,26.04207],[-111.1756,26.04162],[-111.1756,26.03824],[-111.17535,26.03801],[-111.17535,26.03756],[-111.1751,26.03734],[-111.1751,26.03688],[-111.17485,26.03666],[-111.17485,26.03553],[-111.1746,26.0353],[-111.1746,26.03485],[-111.17385,26.03372],[-111.1736,26.0326],[-111.17309,26.03214],[-111.17284,26.03147],[-111.17259,26.03124],[-111.17234,26.03011],[-111.17184,26.02944],[-111.17184,26.02898],[-111.17133,26.02831],[-111.17133,26.02808],[-111.16907,26.02605],[-111.16857,26.02492],[-111.16807,26.02447],[-111.16807,26.02402],[-111.16832,26.02379],[-111.16832,26.02131],[-111.16882,26.02086],[-111.16882,26.02063],[-111.16832,26.02018],[-111.16706,26.01973],[-111.16606,26.02063],[-111.16606,26.02086],[-111.16581,26.02109],[-111.16581,26.02154],[-111.16556,26.02176],[-111.16405,26.02221],[-111.1633,26.02154],[-111.16305,26.02086],[-111.16279,26.02063],[-111.16279,26.01996],[-111.16254,26.01973],[-111.16254,26.0186],[-111.1633,26.01747],[-111.16355,26.0168],[-111.16405,26.01635],[-111.1643,26.01583],[-111.1648,26.01544],[-111.16537,26.01544],[-111.16581,26.01589],[-111.16656,26.01589],[-111.16681,26.01567],[-111.16706,26.01567],[-111.16757,26.01606],[-111.16757,26.01635],[-111.16782,26.01657],[-111.16807,26.01635],[-111.16857,26.01635],[-111.16882,26.01612],[-111.16882,26.01589],[-111.16857,26.01567],[-111.16857,26.01499],[-111.16907,26.01454],[-111.16907,26.01228],[-111.16933,26.01206],[-111.16926,26.01138],[-111.16958,26.01093],[-111.16983,26.01093],[-111.17008,26.0107],[-111.17008,26.01003],[-111.17058,26.00935],[-111.17058,26.0089],[-111.17033,26.00867],[-111.17033,26.00845],[-111.16958,26.00806],[-111.16958,26.00754],[-111.16983,26.00732],[-111.16983,26.00709],[-111.17083,26.00619],[-111.17108,26.00619],[-111.17133,26.00596],[-111.17184,26.00596],[-111.17209,26.00574],[-111.17209,26.00551],[-111.17234,26.00529],[-111.17234,26.00483],[-111.17259,26.00461],[-111.17259,26.00371],[-111.17234,26.00348],[-111.17234,26.00303],[-111.17133,26.00145],[-111.17133,26.00055],[-111.17108,26.00032],[-111.17108,26.0001],[-111.17133,25.99987],[-111.17133,25.99942],[-111.17083,25.99874],[-111.17083,25.99829],[-111.17058,25.99806],[-111.17058,25.99739],[-111.17033,25.99716],[-111.17033,25.99671],[-111.16983,25.99626],[-111.16933,25.99513],[-111.16907,25.9949],[-111.16907,25.99445],[-111.16832,25.99332],[-111.16832,25.99287],[-111.16807,25.99265],[-111.16807,25.99084],[-111.16832,25.99062],[-111.16832,25.99016],[-111.16807,25.98994],[-111.16807,25.98926],[-111.16882,25.98836],[-111.16882,25.98813],[-111.16907,25.98791],[-111.16907,25.98723],[-111.16958,25.98678],[-111.16958,25.98655],[-111.17008,25.98588],[-111.17008,25.98497],[-111.16958,25.98452],[-111.16958,25.98385],[-111.16983,25.98362],[-111.16983,25.98317],[-111.17083,25.9822],[-111.17625,25.97978],[-111.17837,25.97924],[-111.17952,25.97865],[-111.18113,25.97817],[-111.18188,25.97811],[-111.18482,25.97595]],[[-111.12864,26.06713],[-111.12864,26.06713]],[[-111.12889,26.06668],[-111.12889,26.06668]],[[-111.12914,26.06645],[-111.12914,26.06645]],[[-111.12738,26.06645],[-111.12738,26.06645]],[[-111.12939,26.06577],[-111.12939,26.06577]],[[-111.12964,26.0651],[-111.12964,26.0651]],[[-111.12989,26.06464],[-111.12989,26.06464]],[[-111.13014,26.06442],[-111.13014,26.06442]],[[-111.13115,26.06374],[-111.13115,26.06374]],[[-111.1329,26.06352],[-111.1329,26.06352]],[[-111.13316,26.06261],[-111.13316,26.06261]],[[-111.13341,26.06216],[-111.13341,26.06216]],[[-111.13366,26.06171],[-111.13366,26.06171]],[[-111.18967,26.0612],[-111.19044,26.06036],[-111.1905,26.05629],[-111.18992,26.0555],[-111.18942,26.05512],[-111.18877,26.05517],[-111.18666,26.05556],[-111.18547,26.05607],[-111.18526,26.05629],[-111.1854,26.05717],[-111.18636,26.06013],[-111.18687,26.06058],[-111.18741,26.06077],[-111.18917,26.06121],[-111.18967,26.0612]],[[-111.13391,26.06126],[-111.13391,26.06126]],[[-111.14923,26.0599],[-111.14923,26.0599]],[[-111.13316,26.05404],[-111.13316,26.05404]],[[-111.13391,26.05381],[-111.13391,26.05381]],[[-111.13441,26.05359],[-111.13441,26.05359]],[[-111.13491,26.05336],[-111.13491,26.05336]],[[-111.13517,26.05313],[-111.13517,26.05313]],[[-111.13542,26.05291],[-111.13542,26.05291]],[[-111.13567,26.05268],[-111.13567,26.05268]],[[-111.13617,26.05246],[-111.13617,26.05246]],[[-111.13642,26.05223],[-111.13642,26.05223]],[[-111.13692,26.05201],[-111.13692,26.05201]],[[-111.13743,26.05178],[-111.13743,26.05178]],[[-111.13793,26.05155],[-111.13793,26.05155]],[[-111.13843,26.05133],[-111.13843,26.05133]],[[-111.13893,26.0511],[-111.13893,26.0511]],[[-111.13944,26.05088],[-111.13944,26.05088]],[[-111.13994,26.05065],[-111.13994,26.05065]],[[-111.14044,26.05043],[-111.14044,26.05043]],[[-111.14094,26.0502],[-111.14094,26.0502]],[[-111.14119,26.04997],[-111.14119,26.04997]],[[-111.1417,26.04975],[-111.1417,26.04975]],[[-111.14195,26.04952],[-111.14195,26.04952]],[[-111.14245,26.0493],[-111.14245,26.0493]],[[-111.1427,26.04907],[-111.1427,26.04907]],[[-111.1432,26.04885],[-111.1432,26.04885]],[[-111.14345,26.04862],[-111.14345,26.04862]],[[-111.14622,26.04839],[-111.14622,26.04839]],[[-111.14521,26.04839],[-111.14521,26.04839]],[[-111.14371,26.04839],[-111.14371,26.04839]],[[-111.14446,26.04817],[-111.14446,26.04817]],[[-111.14396,26.04817],[-111.14396,26.04817]],[[-111.14647,26.04772],[-111.14647,26.04772]],[[-111.15074,26.04749],[-111.15074,26.04749]],[[-111.15024,26.04749],[-111.15024,26.04749]],[[-111.14672,26.04749],[-111.14672,26.04749]],[[-111.15124,26.04727],[-111.15124,26.04727]],[[-111.14873,26.04727],[-111.14873,26.04727]],[[-111.14722,26.04727],[-111.14722,26.04727]],[[-111.1525,26.04704],[-111.1525,26.04704]],[[-111.14798,26.04704],[-111.14798,26.04704]],[[-111.14747,26.04704],[-111.14747,26.04704]],[[-111.15275,26.04681],[-111.15275,26.04681]],[[-111.153,26.04659],[-111.153,26.04659]],[[-111.15325,26.04636],[-111.15325,26.04636]],[[-111.1535,26.04614],[-111.1535,26.04614]],[[-111.15526,26.04591],[-111.15526,26.04591]],[[-111.15576,26.04569],[-111.15576,26.04569]],[[-111.15601,26.04546],[-111.15601,26.04546]],[[-111.15652,26.04523],[-111.15652,26.04523]],[[-111.15677,26.04501],[-111.15677,26.04501]],[[-111.15727,26.04478],[-111.15727,26.04478]],[[-111.15777,26.04456],[-111.15777,26.04456]],[[-111.15852,26.04433],[-111.15852,26.04433]],[[-111.15903,26.04411],[-111.15903,26.04411]],[[-111.15928,26.04388],[-111.15928,26.04388]],[[-111.15953,26.04365],[-111.15953,26.04365]],[[-111.16028,26.04343],[-111.16028,26.04343]],[[-111.16154,26.0432],[-111.16154,26.0432]],[[-111.1638,26.04298],[-111.1638,26.04298]],[[-111.16807,26.04275],[-111.16807,26.04275]],[[-111.16757,26.04275],[-111.16757,26.04275]],[[-111.1643,26.04275],[-111.1643,26.04275]],[[-111.16907,26.04253],[-111.16907,26.04253]],[[-111.16606,26.04253],[-111.16606,26.04253]],[[-111.1648,26.04253],[-111.1648,26.04253]],[[-111.17008,26.0423],[-111.17008,26.0423]],[[-111.17083,26.04207],[-111.17083,26.04207]],[[-111.1751,26.04185],[-111.1751,26.04185]],[[-111.18465,26.03711],[-111.18465,26.03711]],[[-111.16807,26.02402],[-111.16807,26.02402]],[[-111.16832,26.02131],[-111.16832,26.02131]],[[-111.16857,26.02109],[-111.16857,26.02109]],[[-111.16254,26.0186],[-111.16254,26.0186]],[[-111.16279,26.01815],[-111.16279,26.01815]],[[-111.16305,26.0177],[-111.16305,26.0177]],[[-111.1633,26.01725],[-111.1633,26.01725]],[[-111.16355,26.0168],[-111.16355,26.0168]],[[-111.1638,26.01657],[-111.1638,26.01657]],[[-111.16807,26.01635],[-111.16807,26.01635]],[[-111.16405,26.01612],[-111.16405,26.01612]],[[-111.16706,26.01567],[-111.16706,26.01567]],[[-111.16681,26.01567],[-111.16681,26.01567]],[[-111.1648,26.01544],[-111.1648,26.01544]],[[-111.16857,26.01499],[-111.16857,26.01499]],[[-111.16882,26.01477],[-111.16882,26.01477]],[[-111.16907,26.01228],[-111.16907,26.01228]],[[-111.16933,26.01115],[-111.16933,26.01115]],[[-111.16958,26.01093],[-111.16958,26.01093]],[[-111.17008,26.01003],[-111.17008,26.01003]],[[-111.17033,26.00957],[-111.17033,26.00957]],[[-111.16958,26.00754],[-111.16958,26.00754]],[[-111.16983,26.00709],[-111.16983,26.00709]],[[-111.17008,26.00687],[-111.17008,26.00687]],[[-111.17033,26.00664],[-111.17033,26.00664]],[[-111.17058,26.00641],[-111.17058,26.00641]],[[-111.17083,26.00619],[-111.17083,26.00619]],[[-111.17133,26.00596],[-111.17133,26.00596]],[[-111.17209,26.00551],[-111.17209,26.00551]],[[-111.17234,26.00483],[-111.17234,26.00483]],[[-111.17108,26.0001],[-111.17108,26.0001]],[[-111.16807,25.99084],[-111.16807,25.99084]],[[-111.16807,25.98926],[-111.16807,25.98926]],[[-111.16832,25.98881],[-111.16832,25.98881]],[[-111.16857,25.98858],[-111.16857,25.98858]],[[-111.16882,25.98813],[-111.16882,25.98813]],[[-111.16907,25.98723],[-111.16907,25.98723]],[[-111.16933,25.98701],[-111.16933,25.98701]],[[-111.19319,25.98655],[-111.19319,25.98655]],[[-111.16958,25.98655],[-111.16958,25.98655]],[[-111.16983,25.9861],[-111.16983,25.9861]],[[-111.12336,25.97595],[-111.12286,25.97707],[-111.12236,25.97753],[-111.12236,25.97775],[-111.12185,25.97843],[-111.12185,25.98227],[-111.12135,25.98294],[-111.1211,25.98407],[-111.12085,25.9843],[-111.12085,25.98475],[-111.1206,25.98497],[-111.1206,25.98588],[-111.12035,25.98608],[-111.11984,25.98597]],[[-111.16958,25.98385],[-111.16958,25.98385]],[[-111.16983,25.98317],[-111.16983,25.98317]],[[-111.17008,25.98294],[-111.17008,25.98294]],[[-111.17033,25.98272],[-111.17033,25.98272]],[[-111.19821,25.97978],[-111.19821,25.97978]],[[-111.11984,25.97739],[-111.12261,25.97652],[-111.12286,25.97629],[-111.12294,25.97595]]]},"properties":{"depth_m":35}},{"type":"Feature","geometry":{"type":"MultiLineString","coordinates":[[[-111.11984,26.07196],[-111.12286,26.07269],[-111.13115,26.07219],[-111.13542,26.07095],[-111.13969,26.06827],[-111.14371,26.06536],[-111.14521,26.06406],[-111.14772,26.06248],[-111.14935,26.06058],[-111.15068,26.05832],[-111.15199,26.05664],[-111.15473,26.05471],[-111.15626,26.0534],[-111.16631,26.04984],[-111.17022,26.04794],[-111.17224,26.04636],[-111.17449,26.04388],[-111.17586,26.04327],[-111.17636,26.04287],[-111.17736,26.04138],[-111.18019,26.03959],[-111.18241,26.03846],[-111.1854,26.03735],[-111.18729,26.03553],[-111.18841,26.03417],[-111.18967,26.03307],[-111.19096,26.03124],[-111.19206,26.02695],[-111.19259,26.02312],[-111.19226,26.02131],[-111.19117,26.01815],[-111.18967,26.01535],[-111.18825,26.01431],[-111.1854,26.01149],[-111.1836,26.01025],[-111.18192,26.00822],[-111.18113,26.007],[-111.17896,26.00213],[-111.17954,25.994],[-111.1799,25.99355],[-111.18113,25.99278],[-111.1854,25.9932],[-111.18967,25.99228],[-111.19369,25.9886],[-111.19846,25.98245],[-111.2053,25.97595]],[[-111.11984,26.0648],[-111.12035,26.06435],[-111.12261,26.063],[-111.12386,26.06281],[-111.12411,26.063],[-111.12411,26.06397],[-111.12437,26.06419],[-111.12437,26.06442],[-111.12612,26.066],[-111.12663,26.06615],[-111.12663,26.06645],[-111.12688,26.06668],[-111.12788,26.06638],[-111.12788,26.06713],[-111.12838,26.06758],[-111.12889,26.0669],[-111.12889,26.06668],[-111.12939,26.06622],[-111.12939,26.06577],[-111.12964,26.06555],[-111.12964,26.0651],[-111.12989,26.06487],[-111.12989,26.06464],[-111.13057,26.06397],[-111.1309,26.06397],[-111.13115,26.06374],[-111.13265,26.06374],[-111.13316,26.06329],[-111.13316,26.06261],[-111.13416,26.06103],[-111.13391,26.06081],[-111.13391,26.06036],[-111.13283,26.05855],[-111.1329,26.0572],[-111.13265,26.05697],[-111.13265,26.05652],[-111.1324,26.05629],[-111.1324,26.05584],[-111.13215,26.05562],[-111.13215,26.05442],[-111.13233,26.05426],[-111.1329,26.05426],[-111.13316,26.05404],[-111.13366,26.05404],[-111.13441,26.05359],[-111.13466,26.05359],[-111.13567,26.05268],[-111.13592,26.05268],[-111.13642,26.05223],[-111.14069,26.05043],[-111.14195,26.04952],[-111.1422,26.04952],[-111.1427,26.04907],[-111.14295,26.04907],[-111.14396,26.04817],[-111.14446,26.04817],[-111.14471,26.04839],[-111.14521,26.04839],[-111.14546,26.04862],[-111.14597,26.04862],[-111.14647,26.04817],[-111.14647,26.04772],[-111.14747,26.04704],[-111.14798,26.04704],[-111.14823,26.04727],[-111.14873,26.04727],[-111.14898,26.04749],[-111.15024,26.04749],[-111.15049,26.04772],[-111.15124,26.04727],[-111.15225,26.04727],[-111.1535,26.04614],[-111.15501,26.04614],[-111.15601,26.04546],[-111.15626,26.04546],[-111.15677,26.04501],[-111.15702,26.04501],[-111.15777,26.04456],[-111.15827,26.04456],[-111.15852,26.04433],[-111.15878,26.04433],[-111.15953,26.04365],[-111.16003,26.04365],[-111.16028,26.04343],[-111.16129,26.04343],[-111.16154,26.0432],[-111.16355,26.0432],[-111.1648,26.04253],[-111.16606,26.04253],[-111.16631,26.04275],[-111.16757,26.04275],[-111.16782,26.04298],[-111.16807,26.04275],[-111.16983,26.04253],[-111.17008,26.0423],[-111.17058,26.0423],[-111.17083,26.04207],[-111.17485,26.04207],[-111.1756,26.04162],[-111.1756,26.03824],[-111.17535,26.03801],[-111.17535,26.03756],[-111.1751,26.03734],[-111.1751,26.03688],[-111.17485,26.03666],[-111.17485,26.03553],[-111.1746,26.0353],[-111.1746,26.03485],[-111.17385,26.03372],[-111.1736,26.0326],[-111.17309,26.03214],[-111.17284,26.03147],[-111.17259,26.03124],[-111.17234,26.03011],[-111.17184,26.02944],[-111.17184,26.02898],[-111.17159,26.02876],[-111.17133,26.02808],[-111.16907,26.02605],[-111.16857,26.02492],[-111.16807,26.02447],[-111.16807,26.02402],[-111.16832,26.02379],[-111.16832,26.02131],[-111.16882,26.02086],[-111.16882,26.02063],[-111.16832,26.02018],[-111.16706,26.01973],[-111.16606,26.02063],[-111.16606,26.02086],[-111.16581,26.02109],[-111.16581,26.02154],[-111.16556,26.02176],[-111.16405,26.02221],[-111.1633,26.02154],[-111.16305,26.02086],[-111.16279,26.02063],[-111.16279,26.01996],[-111.16254,26.01973],[-111.16254,26.0186],[-111.1633,26.01747],[-111.16355,26.0168],[-111.16405,26.01635],[-111.1643,26.01582],[-111.1648,26.01544],[-111.16538,26.01544],[-111.16581,26.01589],[-111.16656,26.01589],[-111.16681,26.01567],[-111.16706,26.01567],[-111.16757,26.01605],[-111.16757,26.01635],[-111.16782,26.01657],[-111.16807,26.01635],[-111.16857,26.01635],[-111.16882,26.01612],[-111.16882,26.01589],[-111.16857,26.01567],[-111.16857,26.01499],[-111.16907,26.01454],[-111.16907,26.01228],[-111.16933,26.01206],[-111.16925,26.01138],[-111.16958,26.01093],[-111.16983,26.01093],[-111.17008,26.0107],[-111.17008,26.01003],[-111.17058,26.00935],[-111.17058,26.0089],[-111.17033,26.00867],[-111.17033,26.00845],[-111.16958,26.00807],[-111.16958,26.00754],[-111.16983,26.00732],[-111.16983,26.00709],[-111.17083,26.00619],[-111.17108,26.00619],[-111.17133,26.00596],[-111.17184,26.00596],[-111.17209,26.00574],[-111.17209,26.00551],[-111.17234,26.00529],[-111.17234,26.00483],[-111.17259,26.00461],[-111.17259,26.00371],[-111.17234,26.00348],[-111.17234,26.00303],[-111.17133,26.00145],[-111.17133,26.00055],[-111.17108,26.00032],[-111.17108,26.0001],[-111.17133,25.99987],[-111.17133,25.99942],[-111.17083,25.99874],[-111.17083,25.99829],[-111.17058,25.99806],[-111.17058,25.99739],[-111.17033,25.99716],[-111.17033,25.99671],[-111.16983,25.99626],[-111.16933,25.99513],[-111.16907,25.9949],[-111.16907,25.99445],[-111.16832,25.99332],[-111.16832,25.99287],[-111.16807,25.99265],[-111.16807,25.99084],[-111.16832,25.99062],[-111.16832,25.99016],[-111.16807,25.98994],[-111.16807,25.98926],[-111.16882,25.98836],[-111.16882,25.98813],[-111.16907,25.98791],[-111.16907,25.98723],[-111.16958,25.98678],[-111.16958,25.98655],[-111.17008,25.98588],[-111.17008,25.98497],[-111.16958,25.98452],[-111.16958,25.98385],[-111.16983,25.98362],[-111.16983,25.98317],[-111.17083,25.98219],[-111.17624,25.97978],[-111.17837,25.97923],[-111.17951,25.97865],[-111.18113,25.97817],[-111.18188,25.97809],[-111.18481,25.97595]],[[-111.12864,26.06713],[-111.12864,26.06713]],[[-111.12889,26.06668],[-111.12889,26.06668]],[[-111.12914,26.06645],[-111.12914,26.06645]],[[-111.12738,26.06645],[-111.12738,26.06645]],[[-111.12939,26.06577],[-111.12939,26.06577]],[[-111.14345,26.06555],[-111.14345,26.06555]],[[-111.12964,26.0651],[-111.12964,26.0651]],[[-111.12989,26.06464],[-111.12989,26.06464]],[[-111.13014,26.06442],[-111.13014,26.06442]],[[-111.13115,26.06374],[-111.13115,26.06374]],[[-111.1329,26.06352],[-111.1329,26.06352]],[[-111.14672,26.06306],[-111.14672,26.06306]],[[-111.13316,26.06261],[-111.13316,26.06261]],[[-111.13341,26.06216],[-111.13341,26.06216]],[[-111.18942,26.06172],[-111.18967,26.0617],[-111.19017,26.06126],[-111.1909,26.06036],[-111.19085,26.05629],[-111.18992,26.05504],[-111.18942,26.05464],[-111.1854,26.05502],[-111.18445,26.05584],[-111.18417,26.05629],[-111.18504,26.06036],[-111.18552,26.06081],[-111.1864,26.06114],[-111.18942,26.06172]],[[-111.13366,26.06171],[-111.13366,26.06171]],[[-111.18992,26.06148],[-111.18992,26.06148]],[[-111.19017,26.06126],[-111.19017,26.06126]],[[-111.13391,26.06126],[-111.13391,26.06126]],[[-111.14973,26.0599],[-111.14973,26.0599]],[[-111.14998,26.05945],[-111.14998,26.05945]],[[-111.13316,26.05404],[-111.13316,26.05404]],[[-111.13391,26.05381],[-111.13391,26.05381]],[[-111.13441,26.05359],[-111.13441,26.05359]],[[-111.13491,26.05336],[-111.13491,26.05336]],[[-111.13517,26.05313],[-111.13517,26.05313]],[[-111.13542,26.05291],[-111.13542,26.05291]],[[-111.13567,26.05268],[-111.13567,26.05268]],[[-111.13617,26.05246],[-111.13617,26.05246]],[[-111.13642,26.05223],[-111.13642,26.05223]],[[-111.13692,26.05201],[-111.13692,26.05201]],[[-111.13743,26.05178],[-111.13743,26.05178]],[[-111.13793,26.05155],[-111.13793,26.05155]],[[-111.13843,26.05133],[-111.13843,26.05133]],[[-111.13893,26.0511],[-111.13893,26.0511]],[[-111.13944,26.05088],[-111.13944,26.05088]],[[-111.13994,26.05065],[-111.13994,26.05065]],[[-111.14044,26.05043],[-111.14044,26.05043]],[[-111.14094,26.0502],[-111.14094,26.0502]],[[-111.14119,26.04997],[-111.14119,26.04997]],[[-111.1417,26.04975],[-111.1417,26.04975]],[[-111.14195,26.04952],[-111.14195,26.04952]],[[-111.14245,26.0493],[-111.14245,26.0493]],[[-111.1427,26.04907],[-111.1427,26.04907]],[[-111.1432,26.04885],[-111.1432,26.04885]],[[-111.14345,26.04862],[-111.14345,26.04862]],[[-111.14622,26.04839],[-111.14622,26.04839]],[[-111.14521,26.04839],[-111.14521,26.04839]],[[-111.14371,26.04839],[-111.14371,26.04839]],[[-111.16983,26.04817],[-111.16983,26.04817]],[[-111.14446,26.04817],[-111.14446,26.04817]],[[-111.14396,26.04817],[-111.14396,26.04817]],[[-111.14647,26.04772],[-111.14647,26.04772]],[[-111.15074,26.04749],[-111.15074,26.04749]],[[-111.15024,26.04749],[-111.15024,26.04749]],[[-111.14672,26.04749],[-111.14672,26.04749]],[[-111.15124,26.04727],[-111.15124,26.04727]],[[-111.14873,26.04727],[-111.14873,26.04727]],[[-111.14722,26.04727],[-111.14722,26.04727]],[[-111.1525,26.04704],[-111.1525,26.04704]],[[-111.14798,26.04704],[-111.14798,26.04704]],[[-111.14747,26.04704],[-111.14747,26.04704]],[[-111.15275,26.04681],[-111.15275,26.04681]],[[-111.153,26.04659],[-111.153,26.04659]],[[-111.15325,26.04636],[-111.15325,26.04636]],[[-111.1535,26.04614],[-111.1535,26.04614]],[[-111.15526,26.04591],[-111.15526,26.04591]],[[-111.15576,26.04569],[-111.15576,26.04569]],[[-111.15601,26.04546],[-111.15601,26.04546]],[[-111.17334,26.04523],[-111.17334,26.04523]],[[-111.15652,26.04523],[-111.15652,26.04523]],[[-111.15677,26.04501],[-111.15677,26.04501]],[[-111.15727,26.04478],[-111.15727,26.04478]],[[-111.15777,26.04456],[-111.15777,26.04456]],[[-111.15852,26.04433],[-111.15852,26.04433]],[[-111.15903,26.04411],[-111.15903,26.04411]],[[-111.15928,26.04388],[-111.15928,26.04388]],[[-111.15953,26.04365],[-111.15953,26.04365]],[[-111.16028,26.04343],[-111.16028,26.04343]],[[-111.16154,26.0432],[-111.16154,26.0432]],[[-111.1638,26.04298],[-111.1638,26.04298]],[[-111.16807,26.04275],[-111.16807,26.04275]],[[-111.16757,26.04275],[-111.16757,26.04275]],[[-111.1643,26.04275],[-111.1643,26.04275]],[[-111.16907,26.04253],[-111.16907,26.04253]],[[-111.16606,26.04253],[-111.16606,26.04253]],[[-111.1648,26.04253],[-111.1648,26.04253]],[[-111.17008,26.0423],[-111.17008,26.0423]],[[-111.17083,26.04207],[-111.17083,26.04207]],[[-111.1751,26.04185],[-111.1751,26.04185]],[[-111.18289,26.03824],[-111.18289,26.03824]],[[-111.16807,26.02402],[-111.16807,26.02402]],[[-111.16832,26.02131],[-111.16832,26.02131]],[[-111.16857,26.02109],[-111.16857,26.02109]],[[-111.16254,26.0186],[-111.16254,26.0186]],[[-111.16279,26.01815],[-111.16279,26.01815]],[[-111.16305,26.0177],[-111.16305,26.0177]],[[-111.1633,26.01725],[-111.1633,26.01725]],[[-111.16355,26.0168],[-111.16355,26.0168]],[[-111.1638,26.01657],[-111.1638,26.01657]],[[-111.16807,26.01635],[-111.16807,26.01635]],[[-111.16405,26.01612],[-111.16405,26.01612]],[[-111.16706,26.01567],[-111.16706,26.01567]],[[-111.16681,26.01567],[-111.16681,26.01567]],[[-111.1648,26.01544],[-111.1648,26.01544]],[[-111.16857,26.01499],[-111.16857,26.01499]],[[-111.16882,26.01477],[-111.16882,26.01477]],[[-111.16907,26.01228],[-111.16907,26.01228]],[[-111.16933,26.01115],[-111.16933,26.01115]],[[-111.16958,26.01093],[-111.16958,26.01093]],[[-111.17008,26.01003],[-111.17008,26.01003]],[[-111.17033,26.00957],[-111.17033,26.00957]],[[-111.16958,26.00754],[-111.16958,26.00754]],[[-111.16983,26.00709],[-111.16983,26.00709]],[[-111.17008,26.00687],[-111.17008,26.00687]],[[-111.17033,26.00664],[-111.17033,26.00664]],[[-111.17058,26.00641],[-111.17058,26.00641]],[[-111.17083,26.00619],[-111.17083,26.00619]],[[-111.17133,26.00596],[-111.17133,26.00596]],[[-111.17209,26.00551],[-111.17209,26.00551]],[[-111.17234,26.00483],[-111.17234,26.00483]],[[-111.17108,26.0001],[-111.17108,26.0001]],[[-111.18063,25.9931],[-111.18063,25.9931]],[[-111.16807,25.99084],[-111.16807,25.99084]],[[-111.16807,25.98926],[-111.16807,25.98926]],[[-111.16832,25.98881],[-111.16832,25.98881]],[[-111.16857,25.98858],[-111.16857,25.98858]],[[-111.16882,25.98813],[-111.16882,25.98813]],[[-111.19444,25.98768],[-111.19444,25.98768]],[[-111.16907,25.98723],[-111.16907,25.98723]],[[-111.16933,25.98701],[-111.16933,25.98701]],[[-111.16958,25.98655],[-111.16958,25.98655]],[[-111.12336,25.97595],[-111.12286,25.97707],[-111.12236,25.97753],[-111.12236,25.97775],[-111.12185,25.97843],[-111.12185,25.98227],[-111.12135,25.98294],[-111.1211,25.98407],[-111.12085,25.9843],[-111.12085,25.98475],[-111.1206,25.98497],[-111.1206,25.98588],[-111.12035,25.9861],[-111.11984,25.98599]],[[-111.16983,25.9861],[-111.16983,25.9861]],[[-111.16958,25.98385],[-111.16958,25.98385]],[[-111.16983,25.98317],[-111.16983,25.98317]],[[-111.17008,25.98294],[-111.17008,25.98294]],[[-111.17033,25.98272],[-111.17033,25.98272]],[[-111.11984,25.97648],[-111.12102,25.97595]]]},"properties":{"depth_m":40}},{"type":"Feature","geometry":{"type":"MultiLineString","coordinates":[[[-111.11984,26.07301],[-111.12286,26.07401],[-111.12713,26.07396],[-111.13115,26.07368],[-111.13274,26.07299],[-111.13542,26.07217],[-111.13944,26.06963],[-111.14069,26.06851],[-111.14371,26.0663],[-111.14568,26.06442],[-111.14772,26.0631],[-111.14948,26.06106],[-111.15109,26.05855],[-111.15225,26.05709],[-111.15308,26.05629],[-111.15626,26.05394],[-111.16028,26.05248],[-111.16702,26.05043],[-111.17133,26.04846],[-111.17385,26.04646],[-111.17578,26.04388],[-111.17736,26.04248],[-111.18113,26.04009],[-111.18239,26.03909],[-111.1854,26.03779],[-111.18967,26.03353],[-111.19129,26.03124],[-111.19254,26.02695],[-111.19315,26.02312],[-111.19268,26.02029],[-111.19158,26.01702],[-111.18967,26.01336],[-111.18687,26.01048],[-111.1854,26.00791],[-111.184,26.00619],[-111.18276,26.00393],[-111.18133,26.00213],[-111.18167,26.00055],[-111.18257,25.99806],[-111.18301,25.99761],[-111.1844,25.99687],[-111.18942,25.99499],[-111.19369,25.99102],[-111.19954,25.98407],[-111.20625,25.97748],[-111.20722,25.97595]],[[-111.11984,26.0648],[-111.12035,26.06434],[-111.12261,26.06299],[-111.12386,26.0628],[-111.12411,26.06299],[-111.12411,26.06397],[-111.12437,26.06419],[-111.12437,26.06442],[-111.12612,26.066],[-111.12663,26.06615],[-111.12663,26.06645],[-111.12688,26.06668],[-111.12788,26.06637],[-111.12788,26.06713],[-111.12838,26.06758],[-111.12889,26.0669],[-111.12889,26.06668],[-111.12939,26.06622],[-111.12939,26.06577],[-111.12964,26.06555],[-111.12964,26.0651],[-111.12989,26.06487],[-111.12989,26.06464],[-111.13056,26.06397],[-111.1309,26.06397],[-111.13115,26.06374],[-111.13265,26.06374],[-111.13316,26.06329],[-111.13316,26.06261],[-111.13416,26.06103],[-111.13391,26.06081],[-111.13391,26.06036],[-111.13282,26.05855],[-111.1329,26.0572],[-111.13265,26.05697],[-111.13265,26.05652],[-111.1324,26.05629],[-111.1324,26.05584],[-111.13215,26.05562],[-111.13215,26.05441],[-111.13232,26.05426],[-111.1329,26.05426],[-111.13316,26.05404],[-111.13366,26.05404],[-111.13441,26.05359],[-111.13466,26.05359],[-111.13567,26.05268],[-111.13592,26.05268],[-111.13642,26.05223],[-111.14069,26.05043],[-111.14195,26.04952],[-111.1422,26.04952],[-111.1427,26.04907],[-111.14295,26.04907],[-111.14396,26.04817],[-111.14446,26.04817],[-111.14471,26.04839],[-111.14597,26.04862],[-111.14647,26.04817],[-111.14647,26.04772],[-111.14747,26.04704],[-111.14798,26.04704],[-111.14823,26.04727],[-111.14873,26.04727],[-111.14898,26.04749],[-111.15024,26.04749],[-111.15049,26.04772],[-111.15124,26.04727],[-111.15225,26.04727],[-111.1535,26.04614],[-111.15501,26.04614],[-111.15601,26.04546],[-111.15626,26.04546],[-111.15677,26.04501],[-111.15752,26.04478],[-111.15777,26.04456],[-111.15827,26.04456],[-111.15852,26.04433],[-111.15878,26.04433],[-111.15953,26.04365],[-111.16003,26.04365],[-111.16028,26.04343],[-111.16129,26.04343],[-111.16154,26.0432],[-111.16355,26.0432],[-111.1648,26.04253],[-111.16606,26.04253],[-111.16631,26.04275],[-111.16757,26.04275],[-111.16782,26.04298],[-111.16807,26.04275],[-111.16983,26.04253],[-111.17008,26.0423],[-111.17058,26.0423],[-111.17083,26.04207],[-111.17485,26.04207],[-111.1756,26.04162],[-111.1756,26.03824],[-111.17535,26.03801],[-111.17535,26.03756],[-111.1751,26.03734],[-111.1751,26.03688],[-111.17485,26.03666],[-111.17485,26.03553],[-111.1746,26.0353],[-111.1746,26.03485],[-111.17385,26.03372],[-111.1736,26.0326],[-111.17309,26.03214],[-111.17284,26.03147],[-111.17259,26.03124],[-111.17234,26.03011],[-111.17184,26.02944],[-111.17184,26.02898],[-111.17159,26.02876],[-111.17133,26.02808],[-111.16907,26.02605],[-111.16857,26.02492],[-111.16807,26.02447],[-111.16807,26.02402],[-111.16832,26.02379],[-111.16832,26.02131],[-111.16882,26.02086],[-111.16882,26.02063],[-111.16832,26.02018],[-111.16706,26.01973],[-111.16606,26.02063],[-111.16606,26.02086],[-111.16581,26.02109],[-111.16581,26.02154],[-111.16556,26.02176],[-111.16405,26.02221],[-111.1633,26.02154],[-111.16305,26.02086],[-111.16279,26.02063],[-111.16279,26.01996],[-111.16254,26.01973],[-111.16254,26.0186],[-111.1633,26.01747],[-111.16355,26.0168],[-111.16405,26.01635],[-111.1643,26.01581],[-111.1648,26.01544],[-111.16539,26.01544],[-111.16581,26.01589],[-111.16656,26.01589],[-111.16681,26.01567],[-111.16706,26.01567],[-111.16757,26.01604],[-111.16757,26.01635],[-111.16782,26.01657],[-111.16807,26.01635],[-111.16857,26.01635],[-111.16882,26.01612],[-111.16882,26.01589],[-111.16857,26.01567],[-111.16857,26.01499],[-111.16907,26.01454],[-111.16907,26.01228],[-111.16933,26.01206],[-111.16924,26.01138],[-111.16958,26.01093],[-111.16983,26.01093],[-111.17008,26.0107],[-111.17008,26.01003],[-111.17058,26.00935],[-111.17058,26.0089],[-111.17033,26.00867],[-111.17033,26.00845],[-111.16958,26.00807],[-111.16958,26.00754],[-111.16983,26.00732],[-111.16983,26.00709],[-111.17083,26.00619],[-111.17108,26.00619],[-111.17133,26.00596],[-111.17184,26.00596],[-111.17209,26.00574],[-111.17209,26.00551],[-111.17234,26.00529],[-111.17234,26.00483],[-111.17259,26.00461],[-111.17259,26.00371],[-111.17234,26.00348],[-111.17234,26.00303],[-111.17133,26.00145],[-111.17133,26.00055],[-111.17108,26.00032],[-111.17108,26.0001],[-111.17133,25.99987],[-111.17133,25.99942],[-111.17083,25.99874],[-111.17083,25.99829],[-111.17058,25.99806],[-111.17058,25.99739],[-111.17033,25.99716],[-111.17033,25.99671],[-111.16983,25.99626],[-111.16933,25.99513],[-111.16907,25.9949],[-111.16907,25.99445],[-111.16832,25.99332],[-111.16832,25.99287],[-111.16807,25.99265],[-111.16807,25.99084],[-111.16832,25.99062],[-111.16832,25.99016],[-111.16807,25.98994],[-111.16807,25.98926],[-111.16882,25.98836],[-111.16882,25.98813],[-111.16907,25.98791],[-111.16907,25.98723],[-111.16958,25.98678],[-111.16958,25.98655],[-111.17008,25.98588],[-111.17008,25.98497],[-111.16958,25.98452],[-111.16958,25.98385],[-111.16983,25.98362],[-111.16983,25.98317],[-111.17083,25.98219],[-111.17623,25.97978],[-111.17837,25.97921],[-111.17949,25.97865],[-111.18188,25.97808],[-111.1848,25.97595]],[[-111.12864,26.06713],[-111.12864,26.06713]],[[-111.12889,26.06668],[-111.12889,26.06668]],[[-111.12914,26.06645],[-111.12914,26.06645]],[[-111.12738,26.06645],[-111.12738,26.06645]],[[-111.12939,26.06577],[-111.12939,26.06577]],[[-111.12964,26.0651],[-111.12964,26.0651]],[[-111.12989,26.06464],[-111.12989,26.06464]],[[-111.13014,26.06442],[-111.13014,26.06442]],[[-111.13115,26.06374],[-111.13115,26.06374]],[[-111.1329,26.06352],[-111.1329,26.06352]],[[-111.13316,26.06261],[-111.13316,26.06261]],[[-111.18967,26.0622],[-111.19072,26.06126],[-111.19137,26.06036],[-111.19121,26.05629],[-111.18992,26.05459],[-111.18942,26.05416],[-111.18565,26.05398],[-111.18515,26.0541],[-111.18389,26.05506],[-111.18311,26.05607],[-111.18309,26.05652],[-111.18413,26.06036],[-111.18555,26.06171],[-111.18766,26.06208],[-111.18967,26.0622]],[[-111.13341,26.06216],[-111.13341,26.06216]],[[-111.13366,26.06171],[-111.13366,26.06171]],[[-111.13391,26.06126],[-111.13391,26.06126]],[[-111.13316,26.05404],[-111.13316,26.05404]],[[-111.13391,26.05381],[-111.13391,26.05381]],[[-111.13441,26.05359],[-111.13441,26.05359]],[[-111.13491,26.05336],[-111.13491,26.05336]],[[-111.13517,26.05313],[-111.13517,26.05313]],[[-111.13542,26.05291],[-111.13542,26.05291]],[[-111.13567,26.05268],[-111.13567,26.05268]],[[-111.13617,26.05246],[-111.13617,26.05246]],[[-111.13642,26.05223],[-111.13642,26.05223]],[[-111.13692,26.05201],[-111.13692,26.05201]],[[-111.13743,26.05178],[-111.13743,26.05178]],[[-111.13793,26.05155],[-111.13793,26.05155]],[[-111.13843,26.05133],[-111.13843,26.05133]],[[-111.13893,26.0511],[-111.13893,26.0511]],[[-111.13944,26.05088],[-111.13944,26.05088]],[[-111.13994,26.05065],[-111.13994,26.05065]],[[-111.14044,26.05043],[-111.14044,26.05043]],[[-111.14094,26.0502],[-111.14094,26.0502]],[[-111.14119,26.04997],[-111.14119,26.04997]],[[-111.1417,26.04975],[-111.1417,26.04975]],[[-111.14195,26.04952],[-111.14195,26.04952]],[[-111.14245,26.0493],[-111.14245,26.0493]],[[-111.1427,26.04907],[-111.1427,26.04907]],[[-111.1432,26.04885],[-111.1432,26.04885]],[[-111.14345,26.04862],[-111.14345,26.04862]],[[-111.14622,26.04839],[-111.14622,26.04839]],[[-111.14521,26.04839],[-111.14521,26.04839]],[[-111.14371,26.04839],[-111.14371,26.04839]],[[-111.14446,26.04817],[-111.14446,26.04817]],[[-111.14396,26.04817],[-111.14396,26.04817]],[[-111.14647,26.04772],[-111.14647,26.04772]],[[-111.15074,26.04749],[-111.15074,26.04749]],[[-111.15024,26.04749],[-111.15024,26.04749]],[[-111.14672,26.04749],[-111.14672,26.04749]],[[-111.15124,26.04727],[-111.15124,26.04727]],[[-111.14873,26.04727],[-111.14873,26.04727]],[[-111.14722,26.04727],[-111.14722,26.04727]],[[-111.1525,26.04704],[-111.1525,26.04704]],[[-111.14798,26.04704],[-111.14798,26.04704]],[[-111.14747,26.04704],[-111.14747,26.04704]],[[-111.15275,26.04681],[-111.15275,26.04681]],[[-111.153,26.04659],[-111.153,26.04659]],[[-111.15325,26.04636],[-111.15325,26.04636]],[[-111.1535,26.04614],[-111.1535,26.04614]],[[-111.15526,26.04591],[-111.15526,26.04591]],[[-111.15576,26.04569],[-111.15576,26.04569]],[[-111.15601,26.04546],[-111.15601,26.04546]],[[-111.15652,26.04523],[-111.15652,26.04523]],[[-111.15677,26.04501],[-111.15677,26.04501]],[[-111.15727,26.04478],[-111.15727,26.04478]],[[-111.15777,26.04456],[-111.15777,26.04456]],[[-111.15852,26.04433],[-111.15852,26.04433]],[[-111.15903,26.04411],[-111.15903,26.04411]],[[-111.15928,26.04388],[-111.15928,26.04388]],[[-111.15953,26.04365],[-111.15953,26.04365]],[[-111.16028,26.04343],[-111.16028,26.04343]],[[-111.16154,26.0432],[-111.16154,26.0432]],[[-111.1638,26.04298],[-111.1638,26.04298]],[[-111.16807,26.04275],[-111.16807,26.04275]],[[-111.16757,26.04275],[-111.16757,26.04275]],[[-111.1643,26.04275],[-111.1643,26.04275]],[[-111.16907,26.04253],[-111.16907,26.04253]],[[-111.16606,26.04253],[-111.16606,26.04253]],[[-111.1648,26.04253],[-111.1648,26.04253]],[[-111.17008,26.0423],[-111.17008,26.0423]],[[-111.17083,26.04207],[-111.17083,26.04207]],[[-111.1751,26.04185],[-111.1751,26.04185]],[[-111.18314,26.03869],[-111.18314,26.03869]],[[-111.16807,26.02402],[-111.16807,26.02402]],[[-111.16832,26.02131],[-111.16832,26.02131]],[[-111.16857,26.02109],[-111.16857,26.02109]],[[-111.16254,26.0186],[-111.16254,26.0186]],[[-111.16279,26.01815],[-111.16279,26.01815]],[[-111.16305,26.0177],[-111.16305,26.0177]],[[-111.1633,26.01725],[-111.1633,26.01725]],[[-111.16355,26.0168],[-111.16355,26.0168]],[[-111.1638,26.01657],[-111.1638,26.01657]],[[-111.16807,26.01635],[-111.16807,26.01635]],[[-111.16405,26.01612],[-111.16405,26.01612]],[[-111.16706,26.01567],[-111.16706,26.01567]],[[-111.16681,26.01567],[-111.16681,26.01567]],[[-111.1648,26.01544],[-111.1648,26.01544]],[[-111.16857,26.01499],[-111.16857,26.01499]],[[-111.16882,26.01477],[-111.16882,26.01477]],[[-111.16907,26.01228],[-111.16907,26.01228]],[[-111.16933,26.01115],[-111.16933,26.01115]],[[-111.16958,26.01093],[-111.16958,26.01093]],[[-111.17008,26.01003],[-111.17008,26.01003]],[[-111.17033,26.00957],[-111.17033,26.00957]],[[-111.16958,26.00754],[-111.16958,26.00754]],[[-111.16983,26.00709],[-111.16983,26.00709]],[[-111.17008,26.00687],[-111.17008,26.00687]],[[-111.17033,26.00664],[-111.17033,26.00664]],[[-111.17058,26.00641],[-111.17058,26.00641]],[[-111.17083,26.00619],[-111.17083,26.00619]],[[-111.17133,26.00596],[-111.17133,26.00596]],[[-111.17209,26.00551],[-111.17209,26.00551]],[[-111.17234,26.00483],[-111.17234,26.00483]],[[-111.17108,26.0001],[-111.17108,26.0001]],[[-111.16807,25.99084],[-111.16807,25.99084]],[[-111.16807,25.98926],[-111.16807,25.98926]],[[-111.16832,25.98881],[-111.16832,25.98881]],[[-111.16857,25.98858],[-111.16857,25.98858]],[[-111.16882,25.98813],[-111.16882,25.98813]],[[-111.16907,25.98723],[-111.16907,25.98723]],[[-111.16933,25.98701],[-111.16933,25.98701]],[[-111.16958,25.98655],[-111.16958,25.98655]],[[-111.11984,25.986],[-111.12035,25.98612],[-111.1206,25.98588],[-111.1206,25.98497],[-111.12085,25.98475],[-111.12085,25.9843],[-111.1211,25.98407],[-111.12135,25.98294],[-111.12185,25.98227],[-111.12185,25.97843],[-111.12236,25.97775],[-111.12236,25.97753],[-111.12286,25.97707],[-111.12336,25.97595]],[[-111.16983,25.9861],[-111.16983,25.9861]],[[-111.16958,25.98385],[-111.16958,25.98385]],[[-111.16983,25.98317],[-111.16983,25.98317]],[[-111.17008,25.98294],[-111.17008,25.98294]],[[-111.17033,25.98272],[-111.17033,25.98272]]]},"properties":{"depth_m":45}},{"type":"Feature","geometry":{"type":"MultiLineString","coordinates":[[[-111.11984,26.07428],[-111.12311,26.07543],[-111.12713,26.07569],[-111.13115,26.07557],[-111.13542,26.07366],[-111.1365,26.07277],[-111.13944,26.07093],[-111.14174,26.06871],[-111.14396,26.06701],[-111.14634,26.06464],[-111.14798,26.06349],[-111.14973,26.06139],[-111.15225,26.05779],[-111.15382,26.05629],[-111.15626,26.05449],[-111.16028,26.05306],[-111.16656,26.05143],[-111.16958,26.05043],[-111.17159,26.04959],[-111.1736,26.04843],[-111.17477,26.04749],[-111.17557,26.04659],[-111.17636,26.04536],[-111.17704,26.04388],[-111.17729,26.04365],[-111.18113,26.04119],[-111.18293,26.03937],[-111.1854,26.03823],[-111.18967,26.03399],[-111.19162,26.03124],[-111.19301,26.02695],[-111.19372,26.02266],[-111.1931,26.01883],[-111.19227,26.01635],[-111.19038,26.01228],[-111.18904,26.01025],[-111.18697,26.00619],[-111.18634,26.0019],[-111.18716,26.00048],[-111.18816,25.9992],[-111.18967,25.9978],[-111.19172,25.99536],[-111.19716,25.98949],[-111.19958,25.98655],[-111.20625,25.97958],[-111.20873,25.97595]],[[-111.11984,26.06479],[-111.12035,26.06433],[-111.12261,26.06298],[-111.12386,26.0628],[-111.12411,26.06298],[-111.12411,26.06397],[-111.12437,26.06419],[-111.12437,26.06442],[-111.12612,26.066],[-111.12663,26.06614],[-111.12663,26.06645],[-111.12688,26.06668],[-111.12788,26.06636],[-111.12788,26.06713],[-111.12838,26.06758],[-111.12889,26.0669],[-111.12889,26.06668],[-111.12939,26.06622],[-111.12939,26.06577],[-111.12964,26.06555],[-111.12964,26.0651],[-111.12989,26.06487],[-111.12989,26.06464],[-111.13055,26.06397],[-111.1309,26.06397],[-111.13115,26.06374],[-111.13265,26.06374],[-111.13316,26.06329],[-111.13316,26.06261],[-111.13416,26.06103],[-111.13391,26.06081],[-111.13391,26.06036],[-111.13281,26.05855],[-111.1329,26.0572],[-111.13265,26.05697],[-111.13265,26.05652],[-111.1324,26.05629],[-111.1324,26.05584],[-111.13215,26.05562],[-111.13215,26.0544],[-111.13231,26.05426],[-111.1329,26.05426],[-111.13316,26.05404],[-111.13366,26.05404],[-111.13441,26.05359],[-111.13466,26.05359],[-111.13567,26.05268],[-111.13592,26.05268],[-111.13642,26.05223],[-111.14069,26.05043],[-111.14195,26.04952],[-111.1422,26.04952],[-111.1427,26.04907],[-111.14295,26.04907],[-111.14396,26.04817],[-111.14446,26.04817],[-111.14471,26.04839],[-111.14521,26.04839],[-111.14546,26.04862],[-111.14597,26.04862],[-111.14647,26.04817],[-111.14647,26.04772],[-111.14747,26.04704],[-111.14798,26.04704],[-111.14823,26.04727],[-111.14873,26.04727],[-111.14898,26.04749],[-111.15024,26.04749],[-111.15049,26.04772],[-111.15124,26.04727],[-111.15225,26.04727],[-111.1535,26.04614],[-111.15501,26.04614],[-111.15601,26.04546],[-111.15626,26.04546],[-111.15677,26.04501],[-111.15752,26.04478],[-111.15777,26.04456],[-111.15827,26.04456],[-111.15852,26.04433],[-111.15878,26.04433],[-111.15953,26.04365],[-111.16003,26.04365],[-111.16028,26.04343],[-111.16129,26.04343],[-111.16154,26.0432],[-111.16355,26.0432],[-111.1648,26.04253],[-111.16606,26.04253],[-111.16631,26.04275],[-111.16757,26.04275],[-111.16782,26.04298],[-111.16807,26.04275],[-111.16983,26.04253],[-111.17008,26.0423],[-111.17058,26.0423],[-111.17083,26.04207],[-111.17485,26.04207],[-111.1756,26.04162],[-111.1756,26.03824],[-111.17535,26.03801],[-111.17535,26.03756],[-111.1751,26.03734],[-111.1751,26.03688],[-111.17485,26.03666],[-111.17485,26.03553],[-111.1746,26.0353],[-111.1746,26.03485],[-111.17385,26.03372],[-111.1736,26.0326],[-111.17309,26.03214],[-111.17284,26.03147],[-111.17259,26.03124],[-111.17234,26.03011],[-111.17184,26.02944],[-111.17184,26.02898],[-111.17133,26.02831],[-111.17133,26.02808],[-111.16907,26.02605],[-111.16857,26.02492],[-111.16807,26.02447],[-111.16807,26.02402],[-111.16832,26.02379],[-111.16832,26.02131],[-111.16882,26.02086],[-111.16882,26.02063],[-111.16832,26.02018],[-111.16706,26.01973],[-111.16606,26.02063],[-111.16606,26.02086],[-111.16581,26.02109],[-111.16581,26.02154],[-111.16556,26.02176],[-111.16405,26.02221],[-111.1633,26.02154],[-111.16305,26.02086],[-111.16279,26.02063],[-111.16279,26.01996],[-111.16254,26.01973],[-111.16254,26.0186],[-111.1633,26.01747],[-111.16355,26.0168],[-111.16405,26.01635],[-111.1643,26.01581],[-111.1648,26.01544],[-111.1654,26.01544],[-111.16581,26.01589],[-111.16656,26.01589],[-111.16681,26.01567],[-111.16706,26.01567],[-111.16757,26.01603],[-111.16757,26.01635],[-111.16782,26.01657],[-111.16807,26.01635],[-111.16857,26.01635],[-111.16882,26.01612],[-111.16882,26.01589],[-111.16857,26.01567],[-111.16857,26.01499],[-111.16907,26.01454],[-111.16907,26.01228],[-111.16933,26.01206],[-111.16923,26.01138],[-111.16958,26.01093],[-111.16983,26.01093],[-111.17008,26.0107],[-111.17008,26.01003],[-111.17058,26.00935],[-111.17058,26.0089],[-111.17033,26.00867],[-111.17033,26.00845],[-111.16958,26.00808],[-111.16958,26.00754],[-111.16983,26.00732],[-111.16983,26.00709],[-111.17083,26.00619],[-111.17108,26.00619],[-111.17133,26.00596],[-111.17184,26.00596],[-111.17209,26.00574],[-111.17209,26.00551],[-111.17234,26.00529],[-111.17234,26.00483],[-111.17259,26.00461],[-111.17259,26.00371],[-111.17234,26.00348],[-111.17234,26.00303],[-111.17133,26.00145],[-111.17133,26.00055],[-111.17108,26.00032],[-111.17108,26.0001],[-111.17133,25.99987],[-111.17133,25.99942],[-111.17083,25.99874],[-111.17083,25.99829],[-111.17058,25.99806],[-111.17058,25.99739],[-111.17033,25.99716],[-111.17033,25.99671],[-111.16983,25.99626],[-111.16933,25.99513],[-111.16907,25.9949],[-111.16907,25.99445],[-111.16832,25.99332],[-111.16832,25.99287],[-111.16807,25.99265],[-111.16807,25.99084],[-111.16832,25.99062],[-111.16832,25.99016],[-111.16807,25.98994],[-111.16807,25.98926],[-111.16882,25.98836],[-111.16882,25.98813],[-111.16907,25.98791],[-111.16907,25.98723],[-111.16958,25.98678],[-111.16958,25.98655],[-111.17008,25.98588],[-111.17008,25.98497],[-111.16958,25.98452],[-111.16958,25.98385],[-111.16983,25.98362],[-111.16983,25.98317],[-111.17083,25.98218],[-111.17621,25.97978],[-111.17812,25.97929],[-111.17948,25.97865],[-111.18188,25.97807],[-111.18479,25.97595]],[[-111.12864,26.06713],[-111.12864,26.06713]],[[-111.12889,26.06668],[-111.12889,26.06668]],[[-111.12914,26.06645],[-111.12914,26.06645]],[[-111.12738,26.06645],[-111.12738,26.06645]],[[-111.14471,26.06622],[-111.14471,26.06622]],[[-111.12939,26.06577],[-111.12939,26.06577]],[[-111.12964,26.0651],[-111.12964,26.0651]],[[-111.12989,26.06464],[-111.12989,26.06464]],[[-111.13014,26.06442],[-111.13014,26.06442]],[[-111.13115,26.06374],[-111.13115,26.06374]],[[-111.1329,26.06352],[-111.1329,26.06352]],[[-111.18967,26.06269],[-111.19093,26.06166],[-111.19183,26.06036],[-111.19156,26.05629],[-111.19143,26.05607],[-111.18992,26.05413],[-111.18942,26.0537],[-111.18741,26.05346],[-111.1854,26.053],[-111.18389,26.05359],[-111.18267,26.05471],[-111.18197,26.05607],[-111.18323,26.06036],[-111.18417,26.06148],[-111.1854,26.06256],[-111.18967,26.06269]],[[-111.13316,26.06261],[-111.13316,26.06261]],[[-111.13341,26.06216],[-111.13341,26.06216]],[[-111.1844,26.06171],[-111.1844,26.06171]],[[-111.13366,26.06171],[-111.13366,26.06171]],[[-111.13391,26.06126],[-111.13391,26.06126]],[[-111.15074,26.0599],[-111.15074,26.0599]],[[-111.13316,26.05404],[-111.13316,26.05404]],[[-111.13391,26.05381],[-111.13391,26.05381]],[[-111.13441,26.05359],[-111.13441,26.05359]],[[-111.13491,26.05336],[-111.13491,26.05336]],[[-111.13517,26.05313],[-111.13517,26.05313]],[[-111.13542,26.05291],[-111.13542,26.05291]],[[-111.13567,26.05268],[-111.13567,26.05268]],[[-111.16279,26.05246],[-111.16279,26.05246]],[[-111.13617,26.05246],[-111.13617,26.05246]],[[-111.13642,26.05223],[-111.13642,26.05223]],[[-111.13692,26.05201],[-111.13692,26.05201]],[[-111.13743,26.05178],[-111.13743,26.05178]],[[-111.13793,26.05155],[-111.13793,26.05155]],[[-111.13843,26.05133],[-111.13843,26.05133]],[[-111.13893,26.0511],[-111.13893,26.0511]],[[-111.13944,26.05088],[-111.13944,26.05088]],[[-111.13994,26.05065],[-111.13994,26.05065]],[[-111.14044,26.05043],[-111.14044,26.05043]],[[-111.14094,26.0502],[-111.14094,26.0502]],[[-111.14119,26.04997],[-111.14119,26.04997]],[[-111.1417,26.04975],[-111.1417,26.04975]],[[-111.14195,26.04952],[-111.14195,26.04952]],[[-111.14245,26.0493],[-111.14245,26.0493]],[[-111.1427,26.04907],[-111.1427,26.04907]],[[-111.1432,26.04885],[-111.1432,26.04885]],[[-111.14345,26.04862],[-111.14345,26.04862]],[[-111.14622,26.04839],[-111.14622,26.04839]],[[-111.14521,26.04839],[-111.14521,26.04839]],[[-111.14371,26.04839],[-111.14371,26.04839]],[[-111.14446,26.04817],[-111.14446,26.04817]],[[-111.14396,26.04817],[-111.14396,26.04817]],[[-111.14647,26.04772],[-111.14647,26.04772]],[[-111.15074,26.04749],[-111.15074,26.04749]],[[-111.15024,26.04749],[-111.15024,26.04749]],[[-111.14672,26.04749],[-111.14672,26.04749]],[[-111.15124,26.04727],[-111.15124,26.04727]],[[-111.14873,26.04727],[-111.14873,26.04727]],[[-111.14722,26.04727],[-111.14722,26.04727]],[[-111.1525,26.04704],[-111.1525,26.04704]],[[-111.14798,26.04704],[-111.14798,26.04704]],[[-111.14747,26.04704],[-111.14747,26.04704]],[[-111.15275,26.04681],[-111.15275,26.04681]],[[-111.153,26.04659],[-111.153,26.04659]],[[-111.15325,26.04636],[-111.15325,26.04636]],[[-111.1535,26.04614],[-111.1535,26.04614]],[[-111.15526,26.04591],[-111.15526,26.04591]],[[-111.15576,26.04569],[-111.15576,26.04569]],[[-111.15601,26.04546],[-111.15601,26.04546]],[[-111.15652,26.04523],[-111.15652,26.04523]],[[-111.15677,26.04501],[-111.15677,26.04501]],[[-111.15727,26.04478],[-111.15727,26.04478]],[[-111.15777,26.04456],[-111.15777,26.04456]],[[-111.15852,26.04433],[-111.15852,26.04433]],[[-111.15903,26.04411],[-111.15903,26.04411]],[[-111.15928,26.04388],[-111.15928,26.04388]],[[-111.15953,26.04365],[-111.15953,26.04365]],[[-111.16028,26.04343],[-111.16028,26.04343]],[[-111.16154,26.0432],[-111.16154,26.0432]],[[-111.1638,26.04298],[-111.1638,26.04298]],[[-111.16807,26.04275],[-111.16807,26.04275]],[[-111.16757,26.04275],[-111.16757,26.04275]],[[-111.1643,26.04275],[-111.1643,26.04275]],[[-111.16907,26.04253],[-111.16907,26.04253]],[[-111.16606,26.04253],[-111.16606,26.04253]],[[-111.1648,26.04253],[-111.1648,26.04253]],[[-111.17008,26.0423],[-111.17008,26.0423]],[[-111.17083,26.04207],[-111.17083,26.04207]],[[-111.1751,26.04185],[-111.1751,26.04185]],[[-111.18565,26.03801],[-111.18565,26.03801]],[[-111.16807,26.02402],[-111.16807,26.02402]],[[-111.16832,26.02131],[-111.16832,26.02131]],[[-111.16857,26.02109],[-111.16857,26.02109]],[[-111.16254,26.0186],[-111.16254,26.0186]],[[-111.16279,26.01815],[-111.16279,26.01815]],[[-111.16305,26.0177],[-111.16305,26.0177]],[[-111.1633,26.01725],[-111.1633,26.01725]],[[-111.16355,26.0168],[-111.16355,26.0168]],[[-111.1638,26.01657],[-111.1638,26.01657]],[[-111.16807,26.01635],[-111.16807,26.01635]],[[-111.16405,26.01612],[-111.16405,26.01612]],[[-111.16706,26.01567],[-111.16706,26.01567]],[[-111.16681,26.01567],[-111.16681,26.01567]],[[-111.1648,26.01544],[-111.1648,26.01544]],[[-111.16857,26.01499],[-111.16857,26.01499]],[[-111.16882,26.01477],[-111.16882,26.01477]],[[-111.16907,26.01228],[-111.16907,26.01228]],[[-111.16933,26.01115],[-111.16933,26.01115]],[[-111.16958,26.01093],[-111.16958,26.01093]],[[-111.17008,26.01003],[-111.17008,26.01003]],[[-111.17033,26.00957],[-111.17033,26.00957]],[[-111.16958,26.00754],[-111.16958,26.00754]],[[-111.16983,26.00709],[-111.16983,26.00709]],[[-111.17008,26.00687],[-111.17008,26.00687]],[[-111.17033,26.00664],[-111.17033,26.00664]],[[-111.17058,26.00641],[-111.17058,26.00641]],[[-111.17083,26.00619],[-111.17083,26.00619]],[[-111.17133,26.00596],[-111.17133,26.00596]],[[-111.17209,26.00551],[-111.17209,26.00551]],[[-111.17234,26.00483],[-111.17234,26.00483]],[[-111.17108,26.0001],[-111.17108,26.0001]],[[-111.16807,25.99084],[-111.16807,25.99084]],[[-111.16807,25.98926],[-111.16807,25.98926]],[[-111.16832,25.98881],[-111.16832,25.98881]],[[-111.16857,25.98858],[-111.16857,25.98858]],[[-111.16882,25.98813],[-111.16882,25.98813]],[[-111.16907,25.98723],[-111.16907,25.98723]],[[-111.16933,25.98701],[-111.16933,25.98701]],[[-111.16958,25.98655],[-111.16958,25.98655]],[[-111.11984,25.98602],[-111.12035,25.98613],[-111.1206,25.98588],[-111.1206,25.98497],[-111.12085,25.98475],[-111.12085,25.9843],[-111.1211,25.98407],[-111.12135,25.98294],[-111.12185,25.98227],[-111.12185,25.97843],[-111.12236,25.97775],[-111.12236,25.97753],[-111.12286,25.97707],[-111.12336,25.97595]],[[-111.16983,25.9861],[-111.16983,25.9861]],[[-111.16958,25.98385],[-111.16958,25.98385]],[[-111.16983,25.98317],[-111.16983,25.98317]],[[-111.17008,25.98294],[-111.17008,25.98294]],[[-111.17033,25.98272],[-111.17033,25.98272]]]},"properties":{"depth_m":50}},{"type":"Feature","geometry":{"type":"MultiLineString","coordinates":[[[-111.11984,26.07428],[-111.12311,26.07543],[-111.12713,26.07569],[-111.13115,26.07557],[-111.13542,26.07366],[-111.1365,26.07277],[-111.13944,26.07093],[-111.14174,26.06871],[-111.14396,26.06701],[-111.14634,26.06464],[-111.14798,26.06349],[-111.14973,26.06139],[-111.15225,26.05779],[-111.15382,26.05629],[-111.15626,26.05449],[-111.16028,26.05306],[-111.16656,26.05143],[-111.16958,26.05043],[-111.17159,26.04959],[-111.1736,26.04843],[-111.17477,26.04749],[-111.17557,26.04659],[-111.17636,26.04536],[-111.17704,26.04388],[-111.17729,26.04365],[-111.18113,26.04119],[-111.18293,26.03937],[-111.1854,26.03823],[-111.18967,26.03399],[-111.19162,26.03124],[-111.19301,26.02695],[-111.19372,26.02266],[-111.1931,26.01883],[-111.19227,26.01635],[-111.19038,26.01228],[-111.18904,26.01025],[-111.18697,26.00619],[-111.18634,26.0019],[-111.18716,26.00048],[-111.18816,25.9992],[-111.18967,25.9978],[-111.19172,25.99536],[-111.19716,25.98949],[-111.19958,25.98655],[-111.20625,25.97958],[-111.20873,25.97595]],[[-111.11984,26.06479],[-111.12035,26.06433],[-111.12261,26.06298],[-111.12386,26.0628],[-111.12411,26.06298],[-111.12411,26.06397],[-111.12437,26.06419],[-111.12437,26.06442],[-111.12612,26.066],[-111.12663,26.06614],[-111.12663,26.06645],[-111.12688,26.06668],[-111.12788,26.06636],[-111.12788,26.06713],[-111.12838,26.06758],[-111.12889,26.0669],[-111.12889,26.06668],[-111.12939,26.06622],[-111.12939,26.06577],[-111.12964,26.06555],[-111.12964,26.0651],[-111.12989,26.06487],[-111.12989,26.06464],[-111.13055,26.06397],[-111.1309,26.06397],[-111.13115,26.06374],[-111.13265,26.06374],[-111.13316,26.06329],[-111.13316,26.06261],[-111.13416,26.06103],[-111.13391,26.06081],[-111.13391,26.06036],[-111.13281,26.05855],[-111.1329,26.0572],[-111.13265,26.05697],[-111.13265,26.05652],[-111.1324,26.05629],[-111.1324,26.05584],[-111.13215,26.05562],[-111.13215,26.0544],[-111.13231,26.05426],[-111.1329,26.05426],[-111.13316,26.05404],[-111.13366,26.05404],[-111.13441,26.05359],[-111.13466,26.05359],[-111.13567,26.05268],[-111.13592,26.05268],[-111.13642,26.05223],[-111.14069,26.05043],[-111.14195,26.04952],[-111.1422,26.04952],[-111.1427,26.04907],[-111.14295,26.04907],[-111.14396,26.04817],[-111.14446,26.04817],[-111.14471,26.04839],[-111.14521,26.04839],[-111.14546,26.04862],[-111.14597,26.04862],[-111.14647,26.04817],[-111.14647,26.04772],[-111.14747,26.04704],[-111.14798,26.04704],[-111.14823,26.04727],[-111.14873,26.04727],[-111.14898,26.04749],[-111.15024,26.04749],[-111.15049,26.04772],[-111.15124,26.04727],[-111.15225,26.04727],[-111.1535,26.04614],[-111.15501,26.04614],[-111.15601,26.04546],[-111.15626,26.04546],[-111.15677,26.04501],[-111.15752,26.04478],[-111.15777,26.04456],[-111.15827,26.04456],[-111.15852,26.04433],[-111.15878,26.04433],[-111.15953,26.04365],[-111.16003,26.04365],[-111.16028,26.04343],[-111.16129,26.04343],[-111.16154,26.0432],[-111.16355,26.0432],[-111.1648,26.04253],[-111.16606,26.04253],[-111.16631,26.04275],[-111.16757,26.04275],[-111.16782,26.04298],[-111.16807,26.04275],[-111.16983,26.04253],[-111.17008,26.0423],[-111.17058,26.0423],[-111.17083,26.04207],[-111.17485,26.04207],[-111.1756,26.04162],[-111.1756,26.03824],[-111.17535,26.03801],[-111.17535,26.03756],[-111.1751,26.03734],[-111.1751,26.03688],[-111.17485,26.03666],[-111.17485,26.03553],[-111.1746,26.0353],[-111.1746,26.03485],[-111.17385,26.03372],[-111.1736,26.0326],[-111.17309,26.03214],[-111.17284,26.03147],[-111.17259,26.03124],[-111.17234,26.03011],[-111.17184,26.02944],[-111.17184,26.02898],[-111.17133,26.02831],[-111.17133,26.02808],[-111.16907,26.02605],[-111.16857,26.02492],[-111.16807,26.02447],[-111.16807,26.02402],[-111.16832,26.02379],[-111.16832,26.02131],[-111.16882,26.02086],[-111.16882,26.02063],[-111.16832,26.02018],[-111.16706,26.01973],[-111.16606,26.02063],[-111.16606,26.02086],[-111.16581,26.02109],[-111.16581,26.02154],[-111.16556,26.02176],[-111.16405,26.02221],[-111.1633,26.02154],[-111.16305,26.02086],[-111.16279,26.02063],[-111.16279,26.01996],[-111.16254,26.01973],[-111.16254,26.0186],[-111.1633,26.01747],[-111.16355,26.0168],[-111.16405,26.01635],[-111.1643,26.01581],[-111.1648,26.01544],[-111.1654,26.01544],[-111.16581,26.01589],[-111.16656,26.01589],[-111.16681,26.01567],[-111.16706,26.01567],[-111.16757,26.01603],[-111.16757,26.01635],[-111.16782,26.01657],[-111.16807,26.01635],[-111.16857,26.01635],[-111.16882,26.01612],[-111.16882,26.01589],[-111.16857,26.01567],[-111.16857,26.01499],[-111.16907,26.01454],[-111.16907,26.01228],[-111.16933,26.01206],[-111.16923,26.01138],[-111.16958,26.01093],[-111.16983,26.01093],[-111.17008,26.0107],[-111.17008,26.01003],[-111.17058,26.00935],[-111.17058,26.0089],[-111.17033,26.00867],[-111.17033,26.00845],[-111.16958,26.00808],[-111.16958,26.00754],[-111.16983,26.00732],[-111.16983,26.00709],[-111.17083,26.00619],[-111.17108,26.00619],[-111.17133,26.00596],[-111.17184,26.00596],[-111.17209,26.00574],[-111.17209,26.00551],[-111.17234,26.00529],[-111.17234,26.00483],[-111.17259,26.00461],[-111.17259,26.00371],[-111.17234,26.00348],[-111.17234,26.00303],[-111.17133,26.00145],[-111.17133,26.00055],[-111.17108,26.00032],[-111.17108,26.0001],[-111.17133,25.99987],[-111.17133,25.99942],[-111.17083,25.99874],[-111.17083,25.99829],[-111.17058,25.99806],[-111.17058,25.99739],[-111.17033,25.99716],[-111.17033,25.99671],[-111.16983,25.99626],[-111.16933,25.99513],[-111.16907,25.9949],[-111.16907,25.99445],[-111.16832,25.99332],[-111.16832,25.99287],[-111.16807,25.99265],[-111.16807,25.99084],[-111.16832,25.99062],[-111.16832,25.99016],[-111.16807,25.98994],[-111.16807,25.98926],[-111.16882,25.98836],[-111.16882,25.98813],[-111.16907,25.98791],[-111.16907,25.98723],[-111.16958,25.98678],[-111.16958,25.98655],[-111.17008,25.98588],[-111.17008,25.98497],[-111.16958,25.98452],[-111.16958,25.98385],[-111.16983,25.98362],[-111.16983,25.98317],[-111.17083,25.98218],[-111.17621,25.97978],[-111.17812,25.97929],[-111.17948,25.97865],[-111.18188,25.97807],[-111.18479,25.97595]],[[-111.12864,26.06713],[-111.12864,26.06713]],[[-111.12889,26.06668],[-111.12889,26.06668]],[[-111.12914,26.06645],[-111.12914,26.06645]],[[-111.12738,26.06645],[-111.12738,26.06645]],[[-111.14471,26.06622],[-111.14471,26.06622]],[[-111.12939,26.06577],[-111.12939,26.06577]],[[-111.12964,26.0651],[-111.12964,26.0651]],[[-111.12989,26.06464],[-111.12989,26.06464]],[[-111.13014,26.06442],[-111.13014,26.06442]],[[-111.13115,26.06374],[-111.13115,26.06374]],[[-111.1329,26.06352],[-111.1329,26.06352]],[[-111.18967,26.06269],[-111.19093,26.06166],[-111.19183,26.06036],[-111.19156,26.05629],[-111.19143,26.05607],[-111.18992,26.05413],[-111.18942,26.0537],[-111.18741,26.05346],[-111.1854,26.053],[-111.18389,26.05359],[-111.18267,26.05471],[-111.18197,26.05607],[-111.18323,26.06036],[-111.18417,26.06148],[-111.1854,26.06256],[-111.18967,26.06269]],[[-111.13316,26.06261],[-111.13316,26.06261]],[[-111.13341,26.06216],[-111.13341,26.06216]],[[-111.1844,26.06171],[-111.1844,26.06171]],[[-111.13366,26.06171],[-111.13366,26.06171]],[[-111.13391,26.06126],[-111.13391,26.06126]],[[-111.15074,26.0599],[-111.15074,26.0599]],[[-111.13316,26.05404],[-111.13316,26.05404]],[[-111.13391,26.05381],[-111.13391,26.05381]],[[-111.13441,26.05359],[-111.13441,26.05359]],[[-111.13491,26.05336],[-111.13491,26.05336]],[[-111.13517,26.05313],[-111.13517,26.05313]],[[-111.13542,26.05291],[-111.13542,26.05291]],[[-111.13567,26.05268],[-111.13567,26.05268]],[[-111.16279,26.05246],[-111.16279,26.05246]],[[-111.13617,26.05246],[-111.13617,26.05246]],[[-111.13642,26.05223],[-111.13642,26.05223]],[[-111.13692,26.05201],[-111.13692,26.05201]],[[-111.13743,26.05178],[-111.13743,26.05178]],[[-111.13793,26.05155],[-111.13793,26.05155]],[[-111.13843,26.05133],[-111.13843,26.05133]],[[-111.13893,26.0511],[-111.13893,26.0511]],[[-111.13944,26.05088],[-111.13944,26.05088]],[[-111.13994,26.05065],[-111.13994,26.05065]],[[-111.14044,26.05043],[-111.14044,26.05043]],[[-111.14094,26.0502],[-111.14094,26.0502]],[[-111.14119,26.04997],[-111.14119,26.04997]],[[-111.1417,26.04975],[-111.1417,26.04975]],[[-111.14195,26.04952],[-111.14195,26.04952]],[[-111.14245,26.0493],[-111.14245,26.0493]],[[-111.1427,26.04907],[-111.1427,26.04907]],[[-111.1432,26.04885],[-111.1432,26.04885]],[[-111.14345,26.04862],[-111.14345,26.04862]],[[-111.14622,26.04839],[-111.14622,26.04839]],[[-111.14521,26.04839],[-111.14521,26.04839]],[[-111.14371,26.04839],[-111.14371,26.04839]],[[-111.14446,26.04817],[-111.14446,26.04817]],[[-111.14396,26.04817],[-111.14396,26.04817]],[[-111.14647,26.04772],[-111.14647,26.04772]],[[-111.15074,26.04749],[-111.15074,26.04749]],[[-111.15024,26.04749],[-111.15024,26.04749]],[[-111.14672,26.04749],[-111.14672,26.04749]],[[-111.15124,26.04727],[-111.15124,26.04727]],[[-111.14873,26.04727],[-111.14873,26.04727]],[[-111.14722,26.04727],[-111.14722,26.04727]],[[-111.1525,26.04704],[-111.1525,26.04704]],[[-111.14798,26.04704],[-111.14798,26.04704]],[[-111.14747,26.04704],[-111.14747,26.04704]],[[-111.15275,26.04681],[-111.15275,26.04681]],[[-111.153,26.04659],[-111.153,26.04659]],[[-111.15325,26.04636],[-111.15325,26.04636]],[[-111.1535,26.04614],[-111.1535,26.04614]],[[-111.15526,26.04591],[-111.15526,26.04591]],[[-111.15576,26.04569],[-111.15576,26.04569]],[[-111.15601,26.04546],[-111.15601,26.04546]],[[-111.15652,26.04523],[-111.15652,26.04523]],[[-111.15677,26.04501],[-111.15677,26.04501]],[[-111.15727,26.04478],[-111.15727,26.04478]],[[-111.15777,26.04456],[-111.15777,26.04456]],[[-111.15852,26.04433],[-111.15852,26.04433]],[[-111.15903,26.04411],[-111.15903,26.04411]],[[-111.15928,26.04388],[-111.15928,26.04388]],[[-111.15953,26.04365],[-111.15953,26.04365]],[[-111.16028,26.04343],[-111.16028,26.04343]],[[-111.16154,26.0432],[-111.16154,26.0432]],[[-111.1638,26.04298],[-111.1638,26.04298]],[[-111.16807,26.04275],[-111.16807,26.04275]],[[-111.16757,26.04275],[-111.16757,26.04275]],[[-111.1643,26.04275],[-111.1643,26.04275]],[[-111.16907,26.04253],[-111.16907,26.04253]],[[-111.16606,26.04253],[-111.16606,26.04253]],[[-111.1648,26.04253],[-111.1648,26.04253]],[[-111.17008,26.0423],[-111.17008,26.0423]],[[-111.17083,26.04207],[-111.17083,26.04207]],[[-111.1751,26.04185],[-111.1751,26.04185]],[[-111.18565,26.03801],[-111.18565,26.03801]],[[-111.16807,26.02402],[-111.16807,26.02402]],[[-111.16832,26.02131],[-111.16832,26.02131]],[[-111.16857,26.02109],[-111.16857,26.02109]],[[-111.16254,26.0186],[-111.16254,26.0186]],[[-111.16279,26.01815],[-111.16279,26.01815]],[[-111.16305,26.0177],[-111.16305,26.0177]],[[-111.1633,26.01725],[-111.1633,26.01725]],[[-111.16355,26.0168],[-111.16355,26.0168]],[[-111.1638,26.01657],[-111.1638,26.01657]],[[-111.16807,26.01635],[-111.16807,26.01635]],[[-111.16405,26.01612],[-111.16405,26.01612]],[[-111.16706,26.01567],[-111.16706,26.01567]],[[-111.16681,26.01567],[-111.16681,26.01567]],[[-111.1648,26.01544],[-111.1648,26.01544]],[[-111.16857,26.01499],[-111.16857,26.01499]],[[-111.16882,26.01477],[-111.16882,26.01477]],[[-111.16907,26.01228],[-111.16907,26.01228]],[[-111.16933,26.01115],[-111.16933,26.01115]],[[-111.16958,26.01093],[-111.16958,26.01093]],[[-111.17008,26.01003],[-111.17008,26.01003]],[[-111.17033,26.00957],[-111.17033,26.00957]],[[-111.16958,26.00754],[-111.16958,26.00754]],[[-111.16983,26.00709],[-111.16983,26.00709]],[[-111.17008,26.00687],[-111.17008,26.00687]],[[-111.17033,26.00664],[-111.17033,26.00664]],[[-111.17058,26.00641],[-111.17058,26.00641]],[[-111.17083,26.00619],[-111.17083,26.00619]],[[-111.17133,26.00596],[-111.17133,26.00596]],[[-111.17209,26.00551],[-111.17209,26.00551]],[[-111.17234,26.00483],[-111.17234,26.00483]],[[-111.17108,26.0001],[-111.17108,26.0001]],[[-111.16807,25.99084],[-111.16807,25.99084]],[[-111.16807,25.98926],[-111.16807,25.98926]],[[-111.16832,25.98881],[-111.16832,25.98881]],[[-111.16857,25.98858],[-111.16857,25.98858]],[[-111.16882,25.98813],[-111.16882,25.98813]],[[-111.16907,25.98723],[-111.16907,25.98723]],[[-111.16933,25.98701],[-111.16933,25.98701]],[[-111.16958,25.98655],[-111.16958,25.98655]],[[-111.11984,25.98602],[-111.12035,25.98613],[-111.1206,25.98588],[-111.1206,25.98497],[-111.12085,25.98475],[-111.12085,25.9843],[-111.1211,25.98407],[-111.12135,25.98294],[-111.12185,25.98227],[-111.12185,25.97843],[-111.12236,25.97775],[-111.12236,25.97753],[-111.12286,25.97707],[-111.12336,25.97595]],[[-111.16983,25.9861],[-111.16983,25.9861]],[[-111.16958,25.98385],[-111.16958,25.98385]],[[-111.16983,25.98317],[-111.16983,25.98317]],[[-111.17008,25.98294],[-111.17008,25.98294]],[[-111.17033,25.98272],[-111.17033,25.98272]]]},"properties":{"depth_m":50}},{"type":"Feature","geometry":{"type":"MultiLineString","coordinates":[[[-111.14057,26.08405],[-111.14051,26.08112],[-111.14154,26.07706],[-111.14403,26.07277],[-111.14663,26.06871],[-111.14798,26.06734],[-111.15299,26.06036],[-111.15476,26.05845],[-111.15626,26.05718],[-111.16028,26.05595],[-111.16455,26.05554],[-111.16857,26.05535],[-111.17083,26.0555],[-111.17309,26.0558],[-111.17686,26.05745],[-111.17736,26.0579],[-111.1784,26.05945],[-111.18063,26.06387],[-111.18278,26.06713],[-111.1854,26.07233],[-111.18565,26.07255],[-111.1867,26.07277],[-111.18942,26.07307],[-111.18996,26.07277],[-111.19093,26.07144],[-111.19246,26.06871],[-111.19161,26.06464],[-111.19276,26.06374],[-111.1933,26.06306],[-111.19369,26.06231],[-111.19413,26.06058],[-111.19333,26.05629],[-111.1901,26.05201],[-111.18942,26.04983],[-111.18762,26.04794],[-111.18598,26.04681],[-111.18419,26.04478],[-111.18369,26.04365],[-111.1854,26.04166],[-111.18623,26.03959],[-111.18967,26.03618],[-111.19328,26.03124],[-111.1952,26.02695],[-111.19629,26.02289],[-111.19648,26.0186],[-111.19595,26.01048],[-111.196,26.00867],[-111.19611,26.00619],[-111.19701,26.00213],[-111.19935,25.99784],[-111.20106,25.99536],[-111.20561,25.98994],[-111.21027,25.98517],[-111.2123,25.98069],[-111.21343,25.9773],[-111.21371,25.97595]],[[-111.11984,26.08191],[-111.12182,26.08405]],[[-111.14345,26.0739],[-111.14345,26.0739]],[[-111.11984,26.06474],[-111.12035,26.06429],[-111.12261,26.06294],[-111.12386,26.06278],[-111.12411,26.06293],[-111.12411,26.06397],[-111.12437,26.06419],[-111.12437,26.06442],[-111.12612,26.066],[-111.12663,26.06609],[-111.12663,26.06645],[-111.12688,26.06668],[-111.12788,26.06632],[-111.12788,26.06713],[-111.12838,26.06758],[-111.12889,26.0669],[-111.12889,26.06668],[-111.12939,26.06622],[-111.12964,26.0651],[-111.13039,26.06406],[-111.13165,26.06361],[-111.13265,26.06374],[-111.13316,26.06329],[-111.13316,26.06261],[-111.13416,26.06103],[-111.13391,26.06081],[-111.13391,26.06036],[-111.13316,26.05923],[-111.13316,26.059],[-111.13276,26.05855],[-111.1329,26.05832],[-111.1329,26.0572],[-111.13265,26.05697],[-111.13265,26.05652],[-111.1324,26.05629],[-111.1324,26.05584],[-111.13215,26.05562],[-111.13215,26.05435],[-111.1329,26.05426],[-111.13316,26.05404],[-111.13366,26.05404],[-111.13441,26.05359],[-111.13466,26.05359],[-111.13567,26.05268],[-111.13592,26.05268],[-111.13642,26.05223],[-111.14069,26.05043],[-111.14195,26.04952],[-111.1422,26.04952],[-111.1427,26.04907],[-111.14295,26.04907],[-111.14396,26.04817],[-111.14446,26.04817],[-111.14471,26.04839],[-111.14597,26.04862],[-111.14647,26.04817],[-111.14647,26.04772],[-111.14747,26.04704],[-111.14798,26.04704],[-111.14823,26.04727],[-111.14873,26.04727],[-111.14898,26.04749],[-111.15024,26.04749],[-111.15049,26.04772],[-111.15124,26.04727],[-111.15225,26.04727],[-111.1535,26.04614],[-111.15501,26.04614],[-111.15601,26.04546],[-111.15626,26.04546],[-111.15677,26.04501],[-111.15752,26.04478],[-111.15777,26.04456],[-111.15827,26.04456],[-111.15852,26.04433],[-111.15878,26.04433],[-111.15953,26.04365],[-111.16003,26.04365],[-111.16028,26.04343],[-111.16129,26.04343],[-111.16154,26.0432],[-111.16355,26.0432],[-111.1648,26.04253],[-111.16606,26.04253],[-111.16631,26.04275],[-111.16757,26.04275],[-111.16782,26.04298],[-111.16807,26.04275],[-111.16983,26.04253],[-111.17008,26.0423],[-111.17058,26.0423],[-111.17083,26.04207],[-111.17184,26.04194],[-111.17209,26.04207],[-111.17485,26.04207],[-111.1756,26.04162],[-111.1756,26.03824],[-111.17535,26.03801],[-111.17535,26.03756],[-111.1751,26.03734],[-111.1751,26.03688],[-111.17485,26.03666],[-111.17485,26.03553],[-111.1746,26.0353],[-111.1746,26.03485],[-111.17385,26.03372],[-111.1736,26.0326],[-111.17309,26.03214],[-111.17284,26.03147],[-111.17259,26.03124],[-111.17234,26.03011],[-111.17184,26.02944],[-111.17184,26.02898],[-111.17133,26.02831],[-111.17133,26.02808],[-111.16907,26.02605],[-111.16857,26.02492],[-111.16807,26.02447],[-111.16807,26.02402],[-111.16832,26.02379],[-111.16832,26.02131],[-111.16882,26.02086],[-111.16882,26.02063],[-111.16832,26.02018],[-111.16706,26.01973],[-111.16606,26.02063],[-111.16606,26.02086],[-111.16581,26.02109],[-111.16581,26.02154],[-111.16556,26.02176],[-111.16405,26.02221],[-111.1633,26.02154],[-111.16305,26.02086],[-111.16279,26.02063],[-111.16279,26.01996],[-111.16254,26.01973],[-111.16254,26.0186],[-111.1633,26.01747],[-111.16355,26.0168],[-111.16405,26.01635],[-111.1643,26.01576],[-111.1648,26.01544],[-111.16545,26.01544],[-111.16581,26.01589],[-111.16656,26.01589],[-111.16681,26.01567],[-111.16706,26.01567],[-111.16757,26.01599],[-111.16757,26.01635],[-111.16782,26.01657],[-111.16807,26.01635],[-111.16857,26.01635],[-111.16882,26.01612],[-111.16882,26.01589],[-111.16857,26.01567],[-111.16857,26.01499],[-111.16907,26.01454],[-111.16907,26.01228],[-111.16933,26.01206],[-111.16918,26.01138],[-111.16958,26.01093],[-111.16983,26.01093],[-111.17008,26.0107],[-111.17008,26.01003],[-111.17058,26.00935],[-111.17058,26.0089],[-111.17033,26.00867],[-111.17033,26.00845],[-111.17008,26.00822],[-111.16958,26.00813],[-111.16958,26.00754],[-111.16983,26.00732],[-111.16983,26.00709],[-111.17083,26.00619],[-111.17108,26.00619],[-111.17133,26.00596],[-111.17184,26.00596],[-111.17209,26.00574],[-111.17209,26.00551],[-111.17234,26.00529],[-111.17234,26.00483],[-111.17259,26.00461],[-111.17259,26.00371],[-111.17234,26.00348],[-111.17234,26.00303],[-111.17133,26.00145],[-111.17133,26.00055],[-111.17108,26.00032],[-111.17108,26.0001],[-111.17133,25.99987],[-111.17133,25.99942],[-111.17083,25.99874],[-111.17083,25.99829],[-111.17058,25.99806],[-111.17058,25.99739],[-111.17033,25.99716],[-111.17033,25.99671],[-111.16983,25.99626],[-111.16933,25.99513],[-111.16907,25.9949],[-111.16907,25.99445],[-111.16832,25.99332],[-111.16832,25.99287],[-111.16807,25.99265],[-111.16807,25.99084],[-111.16832,25.99062],[-111.16832,25.99016],[-111.16807,25.98994],[-111.16807,25.98926],[-111.16882,25.98836],[-111.16882,25.98813],[-111.16907,25.98791],[-111.16907,25.98723],[-111.16958,25.98678],[-111.16958,25.98655],[-111.17008,25.98588],[-111.17008,25.98497],[-111.16958,25.98452],[-111.16958,25.98385],[-111.16983,25.98362],[-111.16983,25.98317],[-111.17083,25.98213],[-111.17614,25.97978],[-111.17812,25.97927],[-111.1794,25.97865],[-111.18188,25.978],[-111.18473,25.97595]],[[-111.12864,26.06713],[-111.12864,26.06713]],[[-111.12889,26.06668],[-111.12889,26.06668]],[[-111.12914,26.06645],[-111.12914,26.06645]],[[-111.12738,26.06645],[-111.12738,26.06645]],[[-111.12939,26.06577],[-111.12939,26.06577]],[[-111.12964,26.0651],[-111.12964,26.0651]],[[-111.12989,26.06464],[-111.12989,26.06464]],[[-111.13014,26.06442],[-111.13014,26.06442]],[[-111.13115,26.06374],[-111.13115,26.06374]],[[-111.1329,26.06352],[-111.1329,26.06352]],[[-111.13316,26.06261],[-111.13316,26.06261]],[[-111.15174,26.06216],[-111.15174,26.06216]],[[-111.13341,26.06216],[-111.13341,26.06216]],[[-111.13366,26.06171],[-111.13366,26.06171]],[[-111.13391,26.06126],[-111.13391,26.06126]],[[-111.13316,26.05404],[-111.13316,26.05404]],[[-111.13391,26.05381],[-111.13391,26.05381]],[[-111.13441,26.05359],[-111.13441,26.05359]],[[-111.13491,26.05336],[-111.13491,26.05336]],[[-111.13517,26.05313],[-111.13517,26.05313]],[[-111.13542,26.05291],[-111.13542,26.05291]],[[-111.13567,26.05268],[-111.13567,26.05268]],[[-111.13617,26.05246],[-111.13617,26.05246]],[[-111.13642,26.05223],[-111.13642,26.05223]],[[-111.13692,26.05201],[-111.13692,26.05201]],[[-111.13743,26.05178],[-111.13743,26.05178]],[[-111.13793,26.05155],[-111.13793,26.05155]],[[-111.13843,26.05133],[-111.13843,26.05133]],[[-111.13893,26.0511],[-111.13893,26.0511]],[[-111.13944,26.05088],[-111.13944,26.05088]],[[-111.13994,26.05065],[-111.13994,26.05065]],[[-111.14044,26.05043],[-111.14044,26.05043]],[[-111.14094,26.0502],[-111.14094,26.0502]],[[-111.14119,26.04997],[-111.14119,26.04997]],[[-111.1417,26.04975],[-111.1417,26.04975]],[[-111.14195,26.04952],[-111.14195,26.04952]],[[-111.14245,26.0493],[-111.14245,26.0493]],[[-111.1427,26.04907],[-111.1427,26.04907]],[[-111.1432,26.04885],[-111.1432,26.04885]],[[-111.14345,26.04862],[-111.14345,26.04862]],[[-111.14622,26.04839],[-111.14622,26.04839]],[[-111.14521,26.04839],[-111.14521,26.04839]],[[-111.14371,26.04839],[-111.14371,26.04839]],[[-111.14446,26.04817],[-111.14446,26.04817]],[[-111.14396,26.04817],[-111.14396,26.04817]],[[-111.14647,26.04772],[-111.14647,26.04772]],[[-111.15074,26.04749],[-111.15074,26.04749]],[[-111.15024,26.04749],[-111.15024,26.04749]],[[-111.14672,26.04749],[-111.14672,26.04749]],[[-111.15124,26.04727],[-111.15124,26.04727]],[[-111.14873,26.04727],[-111.14873,26.04727]],[[-111.14722,26.04727],[-111.14722,26.04727]],[[-111.1525,26.04704],[-111.1525,26.04704]],[[-111.14798,26.04704],[-111.14798,26.04704]],[[-111.14747,26.04704],[-111.14747,26.04704]],[[-111.15275,26.04681],[-111.15275,26.04681]],[[-111.153,26.04659],[-111.153,26.04659]],[[-111.15325,26.04636],[-111.15325,26.04636]],[[-111.1535,26.04614],[-111.1535,26.04614]],[[-111.15526,26.04591],[-111.15526,26.04591]],[[-111.15576,26.04569],[-111.15576,26.04569]],[[-111.15601,26.04546],[-111.15601,26.04546]],[[-111.15652,26.04523],[-111.15652,26.04523]],[[-111.15677,26.04501],[-111.15677,26.04501]],[[-111.15727,26.04478],[-111.15727,26.04478]],[[-111.15777,26.04456],[-111.15777,26.04456]],[[-111.15852,26.04433],[-111.15852,26.04433]],[[-111.15903,26.04411],[-111.15903,26.04411]],[[-111.15928,26.04388],[-111.15928,26.04388]],[[-111.15953,26.04365],[-111.15953,26.04365]],[[-111.16028,26.04343],[-111.16028,26.04343]],[[-111.16154,26.0432],[-111.16154,26.0432]],[[-111.1638,26.04298],[-111.1638,26.04298]],[[-111.16807,26.04275],[-111.16807,26.04275]],[[-111.16757,26.04275],[-111.16757,26.04275]],[[-111.1643,26.04275],[-111.1643,26.04275]],[[-111.16907,26.04253],[-111.16907,26.04253]],[[-111.16606,26.04253],[-111.16606,26.04253]],[[-111.1648,26.04253],[-111.1648,26.04253]],[[-111.17008,26.0423],[-111.17008,26.0423]],[[-111.17083,26.04207],[-111.17083,26.04207]],[[-111.1751,26.04185],[-111.1751,26.04185]],[[-111.19017,26.03553],[-111.19017,26.03553]],[[-111.1952,26.02695],[-111.1952,26.02695]],[[-111.16807,26.02402],[-111.16807,26.02402]],[[-111.16832,26.02131],[-111.16832,26.02131]],[[-111.16857,26.02109],[-111.16857,26.02109]],[[-111.16254,26.0186],[-111.16254,26.0186]],[[-111.16279,26.01815],[-111.16279,26.01815]],[[-111.16305,26.0177],[-111.16305,26.0177]],[[-111.1633,26.01725],[-111.1633,26.01725]],[[-111.16355,26.0168],[-111.16355,26.0168]],[[-111.1638,26.01657],[-111.1638,26.01657]],[[-111.16807,26.01635],[-111.16807,26.01635]],[[-111.16405,26.01612],[-111.16405,26.01612]],[[-111.16706,26.01567],[-111.16706,26.01567]],[[-111.16681,26.01567],[-111.16681,26.01567]],[[-111.1648,26.01544],[-111.1648,26.01544]],[[-111.16857,26.01499],[-111.16857,26.01499]],[[-111.16882,26.01477],[-111.16882,26.01477]],[[-111.16907,26.01228],[-111.16907,26.01228]],[[-111.16933,26.01115],[-111.16933,26.01115]],[[-111.16958,26.01093],[-111.16958,26.01093]],[[-111.17008,26.01003],[-111.17008,26.01003]],[[-111.17033,26.00957],[-111.17033,26.00957]],[[-111.16958,26.00754],[-111.16958,26.00754]],[[-111.16983,26.00709],[-111.16983,26.00709]],[[-111.17008,26.00687],[-111.17008,26.00687]],[[-111.17033,26.00664],[-111.17033,26.00664]],[[-111.17058,26.00641],[-111.17058,26.00641]],[[-111.17083,26.00619],[-111.17083,26.00619]],[[-111.17133,26.00596],[-111.17133,26.00596]],[[-111.17209,26.00551],[-111.17209,26.00551]],[[-111.17234,26.00483],[-111.17234,26.00483]],[[-111.17108,26.0001],[-111.17108,26.0001]],[[-111.16807,25.99084],[-111.16807,25.99084]],[[-111.16807,25.98926],[-111.16807,25.98926]],[[-111.16832,25.98881],[-111.16832,25.98881]],[[-111.16857,25.98858],[-111.16857,25.98858]],[[-111.16882,25.98813],[-111.16882,25.98813]],[[-111.16907,25.98723],[-111.16907,25.98723]],[[-111.16933,25.98701],[-111.16933,25.98701]],[[-111.16958,25.98655],[-111.16958,25.98655]],[[-111.11984,25.98609],[-111.12035,25.98619],[-111.1206,25.98588],[-111.1206,25.98497],[-111.12085,25.98475],[-111.12085,25.9843],[-111.1211,25.98407],[-111.12135,25.98294],[-111.12185,25.98227],[-111.12185,25.97843],[-111.12236,25.97775],[-111.12236,25.97753],[-111.12286,25.97707],[-111.12336,25.97595]],[[-111.16983,25.9861],[-111.16983,25.9861]],[[-111.16958,25.98385],[-111.16958,25.98385]],[[-111.16983,25.98317],[-111.16983,25.98317]],[[-111.17008,25.98294],[-111.17008,25.98294]],[[-111.17033,25.98272],[-111.17033,25.98272]]]},"properties":{"depth_m":75}},{"type":"Feature","geometry":{"type":"MultiLineString","coordinates":[[[-111.14706,26.08405],[-111.14668,26.08112],[-111.1471,26.07728],[-111.14836,26.07299],[-111.15024,26.06871],[-111.15552,26.06058],[-111.15626,26.05979],[-111.16028,26.05898],[-111.16455,26.05912],[-111.16933,26.06022],[-111.17284,26.06176],[-111.1746,26.06328],[-111.17711,26.06612],[-111.17869,26.06871],[-111.18326,26.07457],[-111.18448,26.07683],[-111.1854,26.07756],[-111.18942,26.07742],[-111.19073,26.07706],[-111.19387,26.0748],[-111.19567,26.07299],[-111.19645,26.0703],[-111.19675,26.06848],[-111.19626,26.06464],[-111.19618,26.06036],[-111.19504,26.05629],[-111.19202,26.05201],[-111.19046,26.04772],[-111.18967,26.04661],[-111.18835,26.04569],[-111.18742,26.04478],[-111.18677,26.04388],[-111.18682,26.04343],[-111.18827,26.03959],[-111.18967,26.03819],[-111.19501,26.03124],[-111.19719,26.02718],[-111.19891,26.02289],[-111.19972,26.01883],[-111.20085,26.01025],[-111.20181,26.00641],[-111.20288,26.00348],[-111.20382,26.00145],[-111.20589,25.99806],[-111.21253,25.98986],[-111.21541,25.98543],[-111.21706,25.98114],[-111.2176,25.9773],[-111.21757,25.97595]],[[-111.17887,26.06893],[-111.17887,26.06893]],[[-111.11984,26.0647],[-111.12035,26.06425],[-111.12261,26.0629],[-111.12386,26.06276],[-111.12411,26.06289],[-111.12411,26.06397],[-111.12437,26.06419],[-111.12437,26.06442],[-111.12487,26.06487],[-111.12507,26.06487],[-111.12512,26.0651],[-111.12612,26.066],[-111.12663,26.06605],[-111.12663,26.06645],[-111.12688,26.06668],[-111.12788,26.06627],[-111.12788,26.06713],[-111.12838,26.06758],[-111.12889,26.0669],[-111.12889,26.06668],[-111.12939,26.06622],[-111.12964,26.0651],[-111.13039,26.06419],[-111.13039,26.06401],[-111.1309,26.06397],[-111.13165,26.06356],[-111.1319,26.06374],[-111.13265,26.06374],[-111.13316,26.06329],[-111.13316,26.06261],[-111.13416,26.06103],[-111.13391,26.06081],[-111.13391,26.06036],[-111.13316,26.05923],[-111.13316,26.059],[-111.13271,26.05855],[-111.1329,26.05832],[-111.1329,26.0572],[-111.13265,26.05697],[-111.13265,26.05652],[-111.1324,26.05629],[-111.1324,26.05584],[-111.13215,26.05562],[-111.13215,26.05431],[-111.1329,26.05426],[-111.13316,26.05404],[-111.13366,26.05404],[-111.13441,26.05359],[-111.13466,26.05359],[-111.13567,26.05268],[-111.13592,26.05268],[-111.13642,26.05223],[-111.14069,26.05043],[-111.14195,26.04952],[-111.1422,26.04952],[-111.1427,26.04907],[-111.14295,26.04907],[-111.14396,26.04817],[-111.14446,26.04817],[-111.14471,26.04839],[-111.14597,26.04862],[-111.14647,26.04817],[-111.14647,26.04772],[-111.14747,26.04704],[-111.14798,26.04704],[-111.14823,26.04727],[-111.14873,26.04727],[-111.14898,26.04749],[-111.15024,26.04749],[-111.15049,26.04772],[-111.15124,26.04727],[-111.15225,26.04727],[-111.1535,26.04614],[-111.15501,26.04614],[-111.15601,26.04546],[-111.15626,26.04546],[-111.15677,26.04501],[-111.15752,26.04478],[-111.15777,26.04456],[-111.15827,26.04456],[-111.15852,26.04433],[-111.15878,26.04433],[-111.15953,26.04365],[-111.16003,26.04365],[-111.16028,26.04343],[-111.16129,26.04343],[-111.16154,26.0432],[-111.16355,26.0432],[-111.1648,26.04253],[-111.16606,26.04253],[-111.16631,26.04275],[-111.16757,26.04275],[-111.16782,26.04298],[-111.16807,26.04275],[-111.16983,26.04253],[-111.17008,26.0423],[-111.17058,26.0423],[-111.17083,26.04207],[-111.17159,26.04207],[-111.17184,26.0419],[-111.17209,26.04207],[-111.17485,26.04207],[-111.1756,26.04162],[-111.1756,26.03824],[-111.17535,26.03801],[-111.17535,26.03756],[-111.1751,26.03734],[-111.1751,26.03688],[-111.17485,26.03666],[-111.17485,26.03553],[-111.1746,26.0353],[-111.1746,26.03485],[-111.17385,26.03372],[-111.1736,26.0326],[-111.17309,26.03214],[-111.17284,26.03147],[-111.17259,26.03124],[-111.17234,26.03011],[-111.17184,26.02944],[-111.17184,26.02898],[-111.17159,26.02876],[-111.17133,26.02808],[-111.16907,26.02605],[-111.16857,26.02492],[-111.16807,26.02447],[-111.16807,26.02402],[-111.16832,26.02379],[-111.16832,26.02131],[-111.16882,26.02086],[-111.16882,26.02063],[-111.16832,26.02018],[-111.16706,26.01973],[-111.16606,26.02063],[-111.16606,26.02086],[-111.16581,26.02109],[-111.16581,26.02154],[-111.16556,26.02176],[-111.16405,26.02221],[-111.1633,26.02154],[-111.16305,26.02086],[-111.16279,26.02063],[-111.16279,26.01996],[-111.16254,26.01973],[-111.16254,26.0186],[-111.1633,26.01747],[-111.16355,26.0168],[-111.16405,26.01635],[-111.1643,26.01572],[-111.1648,26.01544],[-111.1655,26.01544],[-111.16581,26.01589],[-111.16656,26.01589],[-111.16681,26.01567],[-111.16706,26.01567],[-111.16757,26.01594],[-111.16757,26.01635],[-111.16782,26.01657],[-111.16807,26.01635],[-111.16857,26.01635],[-111.16882,26.01612],[-111.16882,26.01589],[-111.16857,26.01567],[-111.16857,26.01499],[-111.16907,26.01454],[-111.16907,26.01228],[-111.16933,26.01206],[-111.16933,26.01161],[-111.16913,26.01138],[-111.16958,26.01093],[-111.16983,26.01093],[-111.17008,26.0107],[-111.17008,26.01003],[-111.17058,26.00935],[-111.17058,26.0089],[-111.17033,26.00867],[-111.17033,26.00845],[-111.17008,26.00822],[-111.16958,26.00817],[-111.16958,26.00754],[-111.16983,26.00732],[-111.16983,26.00709],[-111.17083,26.00619],[-111.17108,26.00619],[-111.17133,26.00596],[-111.17184,26.00596],[-111.17209,26.00574],[-111.17209,26.00551],[-111.17234,26.00529],[-111.17234,26.00483],[-111.17259,26.00461],[-111.17259,26.00371],[-111.17234,26.00348],[-111.17234,26.00303],[-111.17133,26.00145],[-111.17133,26.00055],[-111.17108,26.00032],[-111.17108,26.0001],[-111.17133,25.99987],[-111.17133,25.99942],[-111.17083,25.99874],[-111.17083,25.99829],[-111.17058,25.99806],[-111.17058,25.99739],[-111.17033,25.99716],[-111.17033,25.99671],[-111.16983,25.99626],[-111.16933,25.99513],[-111.16907,25.9949],[-111.16907,25.99445],[-111.16832,25.99332],[-111.16832,25.99287],[-111.16807,25.99265],[-111.16807,25.99084],[-111.16832,25.99062],[-111.16832,25.99016],[-111.16807,25.98994],[-111.16807,25.98926],[-111.16882,25.98836],[-111.16882,25.98813],[-111.16907,25.98791],[-111.16907,25.98723],[-111.16958,25.98678],[-111.16958,25.98655],[-111.17008,25.98588],[-111.17008,25.98497],[-111.16958,25.98452],[-111.16958,25.98385],[-111.16983,25.98362],[-111.16983,25.98317],[-111.17083,25.98209],[-111.17611,25.97976],[-111.17812,25.97924],[-111.17937,25.97864],[-111.18188,25.97795],[-111.18467,25.97595]],[[-111.12864,26.06713],[-111.12864,26.06713]],[[-111.12889,26.06668],[-111.12889,26.06668]],[[-111.12914,26.06645],[-111.12914,26.06645]],[[-111.12738,26.06645],[-111.12738,26.06645]],[[-111.12939,26.06577],[-111.12939,26.06577]],[[-111.12964,26.0651],[-111.12964,26.0651]],[[-111.12989,26.06464],[-111.12989,26.06464]],[[-111.13014,26.06442],[-111.13014,26.06442]],[[-111.13115,26.06374],[-111.13115,26.06374]],[[-111.1329,26.06352],[-111.1329,26.06352]],[[-111.13316,26.06261],[-111.13316,26.06261]],[[-111.17309,26.06194],[-111.17309,26.06194]],[[-111.13341,26.06216],[-111.13341,26.06216]],[[-111.13366,26.06171],[-111.13366,26.06171]],[[-111.13391,26.06126],[-111.13391,26.06126]],[[-111.13316,26.05404],[-111.13316,26.05404]],[[-111.13391,26.05381],[-111.13391,26.05381]],[[-111.13441,26.05359],[-111.13441,26.05359]],[[-111.13491,26.05336],[-111.13491,26.05336]],[[-111.13517,26.05313],[-111.13517,26.05313]],[[-111.13542,26.05291],[-111.13542,26.05291]],[[-111.13567,26.05268],[-111.13567,26.05268]],[[-111.13617,26.05246],[-111.13617,26.05246]],[[-111.13642,26.05223],[-111.13642,26.05223]],[[-111.13692,26.05201],[-111.13692,26.05201]],[[-111.13743,26.05178],[-111.13743,26.05178]],[[-111.13793,26.05155],[-111.13793,26.05155]],[[-111.13843,26.05133],[-111.13843,26.05133]],[[-111.13893,26.0511],[-111.13893,26.0511]],[[-111.13944,26.05088],[-111.13944,26.05088]],[[-111.13994,26.05065],[-111.13994,26.05065]],[[-111.14044,26.05043],[-111.14044,26.05043]],[[-111.14094,26.0502],[-111.14094,26.0502]],[[-111.14119,26.04997],[-111.14119,26.04997]],[[-111.1417,26.04975],[-111.1417,26.04975]],[[-111.14195,26.04952],[-111.14195,26.04952]],[[-111.14245,26.0493],[-111.14245,26.0493]],[[-111.1427,26.04907],[-111.1427,26.04907]],[[-111.1432,26.04885],[-111.1432,26.04885]],[[-111.14345,26.04862],[-111.14345,26.04862]],[[-111.14622,26.04839],[-111.14622,26.04839]],[[-111.14521,26.04839],[-111.14521,26.04839]],[[-111.14371,26.04839],[-111.14371,26.04839]],[[-111.14446,26.04817],[-111.14446,26.04817]],[[-111.14396,26.04817],[-111.14396,26.04817]],[[-111.14647,26.04772],[-111.14647,26.04772]],[[-111.15074,26.04749],[-111.15074,26.04749]],[[-111.15024,26.04749],[-111.15024,26.04749]],[[-111.14672,26.04749],[-111.14672,26.04749]],[[-111.15124,26.04727],[-111.15124,26.04727]],[[-111.14873,26.04727],[-111.14873,26.04727]],[[-111.14722,26.04727],[-111.14722,26.04727]],[[-111.1525,26.04704],[-111.1525,26.04704]],[[-111.14798,26.04704],[-111.14798,26.04704]],[[-111.14747,26.04704],[-111.14747,26.04704]],[[-111.15275,26.04681],[-111.15275,26.04681]],[[-111.153,26.04659],[-111.153,26.04659]],[[-111.15325,26.04636],[-111.15325,26.04636]],[[-111.1535,26.04614],[-111.1535,26.04614]],[[-111.15526,26.04591],[-111.15526,26.04591]],[[-111.15576,26.04569],[-111.15576,26.04569]],[[-111.15601,26.04546],[-111.15601,26.04546]],[[-111.15652,26.04523],[-111.15652,26.04523]],[[-111.15677,26.04501],[-111.15677,26.04501]],[[-111.15727,26.04478],[-111.15727,26.04478]],[[-111.15777,26.04456],[-111.15777,26.04456]],[[-111.15852,26.04433],[-111.15852,26.04433]],[[-111.15903,26.04411],[-111.15903,26.04411]],[[-111.15928,26.04388],[-111.15928,26.04388]],[[-111.15953,26.04365],[-111.15953,26.04365]],[[-111.16028,26.04343],[-111.16028,26.04343]],[[-111.16154,26.0432],[-111.16154,26.0432]],[[-111.1638,26.04298],[-111.1638,26.04298]],[[-111.16807,26.04275],[-111.16807,26.04275]],[[-111.16757,26.04275],[-111.16757,26.04275]],[[-111.1643,26.04275],[-111.1643,26.04275]],[[-111.16907,26.04253],[-111.16907,26.04253]],[[-111.16606,26.04253],[-111.16606,26.04253]],[[-111.1648,26.04253],[-111.1648,26.04253]],[[-111.17008,26.0423],[-111.17008,26.0423]],[[-111.17083,26.04207],[-111.17083,26.04207]],[[-111.1751,26.04185],[-111.1751,26.04185]],[[-111.16807,26.02402],[-111.16807,26.02402]],[[-111.16832,26.02131],[-111.16832,26.02131]],[[-111.16857,26.02109],[-111.16857,26.02109]],[[-111.16254,26.0186],[-111.16254,26.0186]],[[-111.16279,26.01815],[-111.16279,26.01815]],[[-111.16305,26.0177],[-111.16305,26.0177]],[[-111.1633,26.01725],[-111.1633,26.01725]],[[-111.16355,26.0168],[-111.16355,26.0168]],[[-111.1638,26.01657],[-111.1638,26.01657]],[[-111.16807,26.01635],[-111.16807,26.01635]],[[-111.16405,26.01612],[-111.16405,26.01612]],[[-111.16706,26.01567],[-111.16706,26.01567]],[[-111.16681,26.01567],[-111.16681,26.01567]],[[-111.1648,26.01544],[-111.1648,26.01544]],[[-111.16857,26.01499],[-111.16857,26.01499]],[[-111.16882,26.01477],[-111.16882,26.01477]],[[-111.16907,26.01228],[-111.16907,26.01228]],[[-111.16933,26.01115],[-111.16933,26.01115]],[[-111.16958,26.01093],[-111.16958,26.01093]],[[-111.17008,26.01003],[-111.17008,26.01003]],[[-111.17033,26.00957],[-111.17033,26.00957]],[[-111.16958,26.00754],[-111.16958,26.00754]],[[-111.16983,26.00709],[-111.16983,26.00709]],[[-111.17008,26.00687],[-111.17008,26.00687]],[[-111.17033,26.00664],[-111.17033,26.00664]],[[-111.17058,26.00641],[-111.17058,26.00641]],[[-111.17083,26.00619],[-111.17083,26.00619]],[[-111.17133,26.00596],[-111.17133,26.00596]],[[-111.17209,26.00551],[-111.17209,26.00551]],[[-111.17234,26.00483],[-111.17234,26.00483]],[[-111.17108,26.0001],[-111.17108,26.0001]],[[-111.16807,25.99084],[-111.16807,25.99084]],[[-111.16807,25.98926],[-111.16807,25.98926]],[[-111.16832,25.98881],[-111.16832,25.98881]],[[-111.16857,25.98858],[-111.16857,25.98858]],[[-111.16882,25.98813],[-111.16882,25.98813]],[[-111.16907,25.98723],[-111.16907,25.98723]],[[-111.16933,25.98701],[-111.16933,25.98701]],[[-111.16958,25.98655],[-111.16958,25.98655]],[[-111.11984,25.98616],[-111.12035,25.98626],[-111.1206,25.98588],[-111.1206,25.98497],[-111.12085,25.98475],[-111.12085,25.9843],[-111.1211,25.98407],[-111.12135,25.98294],[-111.12185,25.98227],[-111.12185,25.97843],[-111.12236,25.97775],[-111.12236,25.97753],[-111.12286,25.97707],[-111.12336,25.97595]],[[-111.16983,25.9861],[-111.16983,25.9861]],[[-111.16958,25.98385],[-111.16958,25.98385]],[[-111.16983,25.98317],[-111.16983,25.98317]],[[-111.17008,25.98294],[-111.17008,25.98294]],[[-111.17033,25.98272],[-111.17033,25.98272]]]},"properties":{"depth_m":100}},{"type":"Feature","geometry":{"type":"MultiLineString","coordinates":[[[-111.15167,26.08405],[-111.15123,26.08135],[-111.15142,26.07706],[-111.15224,26.07299],[-111.15364,26.06871],[-111.15626,26.06429],[-111.15727,26.06374],[-111.16028,26.06263],[-111.16455,26.06344],[-111.16882,26.06533],[-111.17259,26.06801],[-111.17686,26.0716],[-111.17789,26.07277],[-111.18113,26.07554],[-111.18258,26.07728],[-111.1854,26.07895],[-111.18967,26.07943],[-111.19444,26.07847],[-111.19645,26.07779],[-111.19795,26.07706],[-111.19914,26.07593],[-111.19999,26.0748],[-111.20095,26.07299],[-111.20081,26.06893],[-111.19826,26.06036],[-111.19672,26.05629],[-111.19344,26.0512],[-111.19146,26.04704],[-111.19017,26.04518],[-111.18894,26.04388],[-111.18894,26.04343],[-111.19012,26.03959],[-111.19419,26.03427],[-111.19678,26.03124],[-111.19796,26.02918],[-111.19975,26.02695],[-111.20165,26.02289],[-111.20303,26.01883],[-111.20491,26.01183],[-111.20625,26.00782],[-111.20691,26.00619],[-111.20858,26.00303],[-111.21052,26.00002],[-111.21532,25.994],[-111.21842,25.98971],[-111.22083,25.98543],[-111.22209,25.98114],[-111.22215,25.97707],[-111.22181,25.97595]],[[-111.17636,26.07119],[-111.17636,26.07119]],[[-111.1736,26.06893],[-111.1736,26.06893]],[[-111.11984,26.06466],[-111.12035,26.0642],[-111.12261,26.06285],[-111.12386,26.06274],[-111.12411,26.06284],[-111.12411,26.06397],[-111.12437,26.06419],[-111.12437,26.06442],[-111.12487,26.06487],[-111.12512,26.06487],[-111.12512,26.0651],[-111.12612,26.066],[-111.12663,26.066],[-111.12663,26.06645],[-111.12688,26.06668],[-111.12713,26.06668],[-111.12788,26.06623],[-111.12788,26.06713],[-111.12838,26.06758],[-111.12889,26.0669],[-111.12889,26.06668],[-111.12939,26.06622],[-111.12964,26.0651],[-111.13039,26.06419],[-111.13039,26.06397],[-111.1309,26.06397],[-111.13165,26.06352],[-111.1319,26.06374],[-111.13265,26.06374],[-111.13316,26.06329],[-111.13316,26.06261],[-111.13416,26.06103],[-111.13391,26.06081],[-111.13391,26.06036],[-111.13316,26.05923],[-111.13316,26.059],[-111.13266,26.05855],[-111.1329,26.05832],[-111.1329,26.0572],[-111.13265,26.05697],[-111.13265,26.05652],[-111.1324,26.05629],[-111.1324,26.05584],[-111.13215,26.05562],[-111.13215,26.05426],[-111.1329,26.05426],[-111.13316,26.05404],[-111.13366,26.05404],[-111.13391,26.05381],[-111.13466,26.05359],[-111.13567,26.05268],[-111.13592,26.05268],[-111.13642,26.05223],[-111.14069,26.05043],[-111.14195,26.04952],[-111.1422,26.04952],[-111.1427,26.04907],[-111.14295,26.04907],[-111.14396,26.04817],[-111.14446,26.04817],[-111.14471,26.04839],[-111.14597,26.04862],[-111.14647,26.04817],[-111.14647,26.04772],[-111.14747,26.04704],[-111.14798,26.04704],[-111.14823,26.04727],[-111.14873,26.04727],[-111.14898,26.04749],[-111.15024,26.04749],[-111.15049,26.04772],[-111.15124,26.04727],[-111.15225,26.04727],[-111.1535,26.04614],[-111.15501,26.04614],[-111.15601,26.04546],[-111.15626,26.04546],[-111.15677,26.04501],[-111.15752,26.04478],[-111.15777,26.04456],[-111.15827,26.04456],[-111.15852,26.04433],[-111.15878,26.04433],[-111.15953,26.04365],[-111.16003,26.04365],[-111.16028,26.04343],[-111.16129,26.04343],[-111.16154,26.0432],[-111.16355,26.0432],[-111.1648,26.04253],[-111.16606,26.04253],[-111.16631,26.04275],[-111.16757,26.04275],[-111.16782,26.04298],[-111.16807,26.04275],[-111.16983,26.04253],[-111.17008,26.0423],[-111.17058,26.0423],[-111.17083,26.04207],[-111.17159,26.04207],[-111.17184,26.04185],[-111.17209,26.04207],[-111.17485,26.04207],[-111.1756,26.04162],[-111.1756,26.03824],[-111.17535,26.03801],[-111.17535,26.03756],[-111.1751,26.03734],[-111.1751,26.03688],[-111.17485,26.03666],[-111.17485,26.03553],[-111.1746,26.0353],[-111.1746,26.03485],[-111.17385,26.03372],[-111.1736,26.0326],[-111.17309,26.03214],[-111.17309,26.03192],[-111.17259,26.03124],[-111.17234,26.03011],[-111.17184,26.02944],[-111.17184,26.02898],[-111.17133,26.02831],[-111.17133,26.02808],[-111.16907,26.02605],[-111.16857,26.02492],[-111.16807,26.02447],[-111.16807,26.02402],[-111.16832,26.02379],[-111.16832,26.02131],[-111.16882,26.02086],[-111.16882,26.02063],[-111.16832,26.02018],[-111.16706,26.01973],[-111.16606,26.02063],[-111.16606,26.02086],[-111.16581,26.02109],[-111.16581,26.02154],[-111.16556,26.02176],[-111.16405,26.02221],[-111.1633,26.02154],[-111.16305,26.02086],[-111.16279,26.02063],[-111.16279,26.01996],[-111.16254,26.01973],[-111.16254,26.0186],[-111.1633,26.01747],[-111.16355,26.0168],[-111.16405,26.01635],[-111.1643,26.01567],[-111.16455,26.01567],[-111.1648,26.01544],[-111.16556,26.01544],[-111.16556,26.01567],[-111.16581,26.01589],[-111.16656,26.01589],[-111.16681,26.01567],[-111.16706,26.01567],[-111.16732,26.01589],[-111.16757,26.0159],[-111.16757,26.01635],[-111.16782,26.01657],[-111.16807,26.01635],[-111.16857,26.01635],[-111.16882,26.01612],[-111.16882,26.01589],[-111.16857,26.01567],[-111.16857,26.01499],[-111.16907,26.01454],[-111.16907,26.01228],[-111.16933,26.01206],[-111.16933,26.01161],[-111.16908,26.01138],[-111.17008,26.0107],[-111.17008,26.01003],[-111.17058,26.00935],[-111.17058,26.0089],[-111.17033,26.00867],[-111.17033,26.00845],[-111.17008,26.00822],[-111.16958,26.00822],[-111.16958,26.00754],[-111.16983,26.00732],[-111.16983,26.00709],[-111.17083,26.00619],[-111.17108,26.00619],[-111.17133,26.00596],[-111.17184,26.00596],[-111.17209,26.00574],[-111.17209,26.00551],[-111.17234,26.00529],[-111.17234,26.00483],[-111.17259,26.00461],[-111.17259,26.00371],[-111.17234,26.00348],[-111.17234,26.00303],[-111.17133,26.00145],[-111.17133,26.00055],[-111.17108,26.00032],[-111.17108,26.0001],[-111.17133,25.99987],[-111.17133,25.99942],[-111.17083,25.99874],[-111.17083,25.99829],[-111.17058,25.99806],[-111.17058,25.99739],[-111.17033,25.99716],[-111.17033,25.99671],[-111.16983,25.99626],[-111.16933,25.99513],[-111.16907,25.9949],[-111.16907,25.99445],[-111.16832,25.99332],[-111.16832,25.99287],[-111.16807,25.99265],[-111.16807,25.99084],[-111.16832,25.99062],[-111.16832,25.99016],[-111.16807,25.98994],[-111.16807,25.98926],[-111.16882,25.98836],[-111.16882,25.98813],[-111.16907,25.98791],[-111.16907,25.98723],[-111.16958,25.98678],[-111.16958,25.98655],[-111.17008,25.98588],[-111.17008,25.98497],[-111.16958,25.98452],[-111.16958,25.98385],[-111.16983,25.98362],[-111.16983,25.98317],[-111.17058,25.98249],[-111.17058,25.98227],[-111.17083,25.98204],[-111.17611,25.97973],[-111.17812,25.97922],[-111.17937,25.9786],[-111.18188,25.97792],[-111.18462,25.97595]],[[-111.12864,26.06713],[-111.12864,26.06713]],[[-111.12889,26.06668],[-111.12889,26.06668]],[[-111.12914,26.06645],[-111.12914,26.06645]],[[-111.12738,26.06645],[-111.12738,26.06645]],[[-111.12939,26.06577],[-111.12939,26.06577]],[[-111.12964,26.0651],[-111.12964,26.0651]],[[-111.12989,26.06464],[-111.12989,26.06464]],[[-111.13014,26.06442],[-111.13014,26.06442]],[[-111.15727,26.06374],[-111.15727,26.06374]],[[-111.13115,26.06374],[-111.13115,26.06374]],[[-111.1329,26.06352],[-111.1329,26.06352]],[[-111.13316,26.06261],[-111.13316,26.06261]],[[-111.13341,26.06216],[-111.13341,26.06216]],[[-111.13366,26.06171],[-111.13366,26.06171]],[[-111.13391,26.06126],[-111.13391,26.06126]],[[-111.13316,26.05404],[-111.13316,26.05404]],[[-111.13391,26.05381],[-111.13391,26.05381]],[[-111.13441,26.05359],[-111.13441,26.05359]],[[-111.13491,26.05336],[-111.13491,26.05336]],[[-111.13517,26.05313],[-111.13517,26.05313]],[[-111.13542,26.05291],[-111.13542,26.05291]],[[-111.13567,26.05268],[-111.13567,26.05268]],[[-111.13617,26.05246],[-111.13617,26.05246]],[[-111.13642,26.05223],[-111.13642,26.05223]],[[-111.13692,26.05201],[-111.13692,26.05201]],[[-111.13743,26.05178],[-111.13743,26.05178]],[[-111.13793,26.05155],[-111.13793,26.05155]],[[-111.13843,26.05133],[-111.13843,26.05133]],[[-111.13893,26.0511],[-111.13893,26.0511]],[[-111.13944,26.05088],[-111.13944,26.05088]],[[-111.13994,26.05065],[-111.13994,26.05065]],[[-111.14044,26.05043],[-111.14044,26.05043]],[[-111.14094,26.0502],[-111.14094,26.0502]],[[-111.14119,26.04997],[-111.14119,26.04997]],[[-111.1417,26.04975],[-111.1417,26.04975]],[[-111.14195,26.04952],[-111.14195,26.04952]],[[-111.14245,26.0493],[-111.14245,26.0493]],[[-111.1427,26.04907],[-111.1427,26.04907]],[[-111.1432,26.04885],[-111.1432,26.04885]],[[-111.14345,26.04862],[-111.14345,26.04862]],[[-111.14622,26.04839],[-111.14622,26.04839]],[[-111.14521,26.04839],[-111.14521,26.04839]],[[-111.14371,26.04839],[-111.14371,26.04839]],[[-111.14446,26.04817],[-111.14446,26.04817]],[[-111.14396,26.04817],[-111.14396,26.04817]],[[-111.14647,26.04772],[-111.14647,26.04772]],[[-111.15074,26.04749],[-111.15074,26.04749]],[[-111.15024,26.04749],[-111.15024,26.04749]],[[-111.14672,26.04749],[-111.14672,26.04749]],[[-111.15124,26.04727],[-111.15124,26.04727]],[[-111.14873,26.04727],[-111.14873,26.04727]],[[-111.14722,26.04727],[-111.14722,26.04727]],[[-111.1525,26.04704],[-111.1525,26.04704]],[[-111.14798,26.04704],[-111.14798,26.04704]],[[-111.14747,26.04704],[-111.14747,26.04704]],[[-111.15275,26.04681],[-111.15275,26.04681]],[[-111.153,26.04659],[-111.153,26.04659]],[[-111.15325,26.04636],[-111.15325,26.04636]],[[-111.1535,26.04614],[-111.1535,26.04614]],[[-111.15526,26.04591],[-111.15526,26.04591]],[[-111.15576,26.04569],[-111.15576,26.04569]],[[-111.15601,26.04546],[-111.15601,26.04546]],[[-111.15652,26.04523],[-111.15652,26.04523]],[[-111.15677,26.04501],[-111.15677,26.04501]],[[-111.15727,26.04478],[-111.15727,26.04478]],[[-111.15777,26.04456],[-111.15777,26.04456]],[[-111.15852,26.04433],[-111.15852,26.04433]],[[-111.15903,26.04411],[-111.15903,26.04411]],[[-111.15928,26.04388],[-111.15928,26.04388]],[[-111.15953,26.04365],[-111.15953,26.04365]],[[-111.16028,26.04343],[-111.16028,26.04343]],[[-111.16154,26.0432],[-111.16154,26.0432]],[[-111.1638,26.04298],[-111.1638,26.04298]],[[-111.16807,26.04275],[-111.16807,26.04275]],[[-111.16757,26.04275],[-111.16757,26.04275]],[[-111.1643,26.04275],[-111.1643,26.04275]],[[-111.16907,26.04253],[-111.16907,26.04253]],[[-111.16606,26.04253],[-111.16606,26.04253]],[[-111.1648,26.04253],[-111.1648,26.04253]],[[-111.17008,26.0423],[-111.17008,26.0423]],[[-111.17083,26.04207],[-111.17083,26.04207]],[[-111.1751,26.04185],[-111.1751,26.04185]],[[-111.16807,26.02402],[-111.16807,26.02402]],[[-111.16832,26.02131],[-111.16832,26.02131]],[[-111.16857,26.02109],[-111.16857,26.02109]],[[-111.16254,26.0186],[-111.16254,26.0186]],[[-111.16279,26.01815],[-111.16279,26.01815]],[[-111.16305,26.0177],[-111.16305,26.0177]],[[-111.1633,26.01725],[-111.1633,26.01725]],[[-111.16355,26.0168],[-111.16355,26.0168]],[[-111.1638,26.01657],[-111.1638,26.01657]],[[-111.16807,26.01635],[-111.16807,26.01635]],[[-111.16405,26.01612],[-111.16405,26.01612]],[[-111.16706,26.01567],[-111.16706,26.01567]],[[-111.16681,26.01567],[-111.16681,26.01567]],[[-111.16556,26.01544],[-111.16556,26.01544]],[[-111.1648,26.01544],[-111.1648,26.01544]],[[-111.16857,26.01499],[-111.16857,26.01499]],[[-111.16882,26.01477],[-111.16882,26.01477]],[[-111.16907,26.01228],[-111.16907,26.01228]],[[-111.16933,26.01115],[-111.16933,26.01115]],[[-111.16958,26.01093],[-111.16958,26.01093]],[[-111.17008,26.01003],[-111.17008,26.01003]],[[-111.17033,26.00957],[-111.17033,26.00957]],[[-111.16958,26.00754],[-111.16958,26.00754]],[[-111.16983,26.00709],[-111.16983,26.00709]],[[-111.17008,26.00687],[-111.17008,26.00687]],[[-111.17033,26.00664],[-111.17033,26.00664]],[[-111.17058,26.00641],[-111.17058,26.00641]],[[-111.17083,26.00619],[-111.17083,26.00619]],[[-111.17133,26.00596],[-111.17133,26.00596]],[[-111.17209,26.00551],[-111.17209,26.00551]],[[-111.17234,26.00483],[-111.17234,26.00483]],[[-111.17108,26.0001],[-111.17108,26.0001]],[[-111.16807,25.99084],[-111.16807,25.99084]],[[-111.16807,25.98926],[-111.16807,25.98926]],[[-111.16832,25.98881],[-111.16832,25.98881]],[[-111.16857,25.98858],[-111.16857,25.98858]],[[-111.16882,25.98813],[-111.16882,25.98813]],[[-111.16907,25.98723],[-111.16907,25.98723]],[[-111.16933,25.98701],[-111.16933,25.98701]],[[-111.16958,25.98655],[-111.16958,25.98655]],[[-111.11984,25.98623],[-111.12035,25.98633],[-111.12035,25.9861],[-111.1206,25.98588],[-111.1206,25.98497],[-111.12085,25.98475],[-111.12085,25.9843],[-111.1211,25.98407],[-111.12135,25.98294],[-111.12185,25.98227],[-111.12185,25.97843],[-111.12236,25.97775],[-111.12236,25.97753],[-111.12286,25.97707],[-111.12336,25.97595]],[[-111.16983,25.9861],[-111.16983,25.9861]],[[-111.16958,25.98385],[-111.16958,25.98385]],[[-111.16983,25.98317],[-111.16983,25.98317]],[[-111.17008,25.98294],[-111.17008,25.98294]],[[-111.17033,25.98272],[-111.17033,25.98272]],[[-111.18213,25.97775],[-111.18213,25.97775]]]},"properties":{"depth_m":125}},{"type":"Feature","geometry":{"type":"MultiLineString","coordinates":[[[-111.15587,26.08405],[-111.15543,26.08112],[-111.15626,26.07495],[-111.15709,26.07254],[-111.1581,26.07051],[-111.15922,26.06893],[-111.16028,26.06827],[-111.16455,26.06903],[-111.16882,26.07099],[-111.17711,26.07521],[-111.17928,26.07706],[-111.18138,26.07803],[-111.1854,26.08035],[-111.18942,26.08139],[-111.19394,26.08143],[-111.20223,26.08099],[-111.21052,26.08203],[-111.21149,26.08135],[-111.21157,26.08089],[-111.21072,26.07706],[-111.2089,26.07503],[-111.20788,26.07299],[-111.20625,26.07083],[-111.20526,26.06871],[-111.20348,26.06625],[-111.20172,26.06306],[-111.20057,26.06036],[-111.19851,26.05629],[-111.19502,26.0511],[-111.19257,26.04636],[-111.19088,26.04388],[-111.19085,26.04343],[-111.19164,26.03959],[-111.1962,26.03384],[-111.19771,26.03214],[-111.19905,26.03102],[-111.20225,26.02718],[-111.2047,26.02312],[-111.21016,26.0098],[-111.21207,26.00641],[-111.21454,26.0025],[-111.22283,25.99248],[-111.22581,25.98971],[-111.2271,25.98779],[-111.22945,25.98543],[-111.23126,25.98114],[-111.23018,25.97707],[-111.22893,25.97595]],[[-111.18515,26.08022],[-111.18515,26.08022]],[[-111.16405,26.06893],[-111.16405,26.06893]],[[-111.11984,26.06461],[-111.12035,26.06416],[-111.12261,26.06281],[-111.12411,26.06258],[-111.12411,26.06397],[-111.12437,26.06419],[-111.12437,26.06442],[-111.12487,26.06487],[-111.12512,26.06487],[-111.12512,26.0651],[-111.12612,26.066],[-111.12663,26.066],[-111.12663,26.06645],[-111.12688,26.06668],[-111.12713,26.06668],[-111.12788,26.06622],[-111.12788,26.06713],[-111.12838,26.06758],[-111.12889,26.0669],[-111.12889,26.06668],[-111.12939,26.06622],[-111.12964,26.0651],[-111.13039,26.06419],[-111.13039,26.06397],[-111.1309,26.06397],[-111.13165,26.06352],[-111.1319,26.06374],[-111.13265,26.06374],[-111.13316,26.06329],[-111.13316,26.06261],[-111.13416,26.06103],[-111.13391,26.06081],[-111.13391,26.06036],[-111.13316,26.05923],[-111.13316,26.059],[-111.13265,26.05855],[-111.1329,26.05832],[-111.1329,26.0572],[-111.13265,26.05697],[-111.13265,26.05652],[-111.1324,26.05629],[-111.1324,26.05584],[-111.13215,26.05562],[-111.13215,26.05426],[-111.1329,26.05426],[-111.13316,26.05404],[-111.13366,26.05404],[-111.13441,26.05359],[-111.13466,26.05359],[-111.13567,26.05268],[-111.13592,26.05268],[-111.13642,26.05223],[-111.14069,26.05043],[-111.14195,26.04952],[-111.1422,26.04952],[-111.1427,26.04907],[-111.14295,26.04907],[-111.14396,26.04817],[-111.14446,26.04817],[-111.14471,26.04839],[-111.14521,26.04839],[-111.14546,26.04862],[-111.14597,26.04862],[-111.14647,26.04817],[-111.14647,26.04772],[-111.14747,26.04704],[-111.14798,26.04704],[-111.14823,26.04727],[-111.14873,26.04727],[-111.14898,26.04749],[-111.15024,26.04749],[-111.15049,26.04772],[-111.15124,26.04727],[-111.15225,26.04727],[-111.1535,26.04614],[-111.15501,26.04614],[-111.15601,26.04546],[-111.15626,26.04546],[-111.15677,26.04501],[-111.15752,26.04478],[-111.15777,26.04456],[-111.15827,26.04456],[-111.15852,26.04433],[-111.15878,26.04433],[-111.15953,26.04365],[-111.16003,26.04365],[-111.16028,26.04343],[-111.16129,26.04343],[-111.16154,26.0432],[-111.16355,26.0432],[-111.1648,26.04253],[-111.16606,26.04253],[-111.16631,26.04275],[-111.16757,26.04275],[-111.16782,26.04298],[-111.16807,26.04275],[-111.16983,26.04253],[-111.17008,26.0423],[-111.17058,26.0423],[-111.17083,26.04207],[-111.17159,26.04207],[-111.17184,26.04185],[-111.17209,26.04207],[-111.17485,26.04207],[-111.1756,26.04162],[-111.1756,26.03824],[-111.17535,26.03801],[-111.17535,26.03756],[-111.1751,26.03734],[-111.1751,26.03688],[-111.17485,26.03666],[-111.17485,26.03553],[-111.1746,26.0353],[-111.1746,26.03485],[-111.17385,26.03372],[-111.1736,26.0326],[-111.17309,26.03214],[-111.17309,26.03192],[-111.17259,26.03124],[-111.17234,26.03011],[-111.17184,26.02944],[-111.17184,26.02898],[-111.17133,26.02831],[-111.17133,26.02808],[-111.16907,26.02605],[-111.16857,26.02492],[-111.16807,26.02447],[-111.16807,26.02402],[-111.16832,26.02379],[-111.16832,26.02131],[-111.16882,26.02086],[-111.16882,26.02063],[-111.16832,26.02018],[-111.16706,26.01973],[-111.16606,26.02063],[-111.16606,26.02086],[-111.16581,26.02109],[-111.16581,26.02154],[-111.16556,26.02176],[-111.16405,26.02221],[-111.1633,26.02154],[-111.16305,26.02086],[-111.16279,26.02063],[-111.16279,26.01996],[-111.16254,26.01973],[-111.16254,26.0186],[-111.1633,26.01747],[-111.16355,26.0168],[-111.16405,26.01635],[-111.1643,26.01567],[-111.16455,26.01567],[-111.1648,26.01544],[-111.16556,26.01544],[-111.16556,26.01567],[-111.16581,26.01589],[-111.16656,26.01589],[-111.16681,26.01567],[-111.16706,26.01567],[-111.16732,26.01589],[-111.16757,26.01589],[-111.16757,26.01635],[-111.16782,26.01657],[-111.16807,26.01635],[-111.16857,26.01635],[-111.16882,26.01612],[-111.16882,26.01589],[-111.16857,26.01567],[-111.16857,26.01499],[-111.16907,26.01454],[-111.16907,26.01228],[-111.16933,26.01206],[-111.16933,26.01161],[-111.16907,26.01138],[-111.17008,26.0107],[-111.17008,26.01003],[-111.17058,26.00935],[-111.17058,26.0089],[-111.17033,26.00867],[-111.17033,26.00845],[-111.17008,26.00822],[-111.16958,26.00822],[-111.16958,26.00754],[-111.16983,26.00732],[-111.16983,26.00709],[-111.17083,26.00619],[-111.17108,26.00619],[-111.17133,26.00596],[-111.17184,26.00596],[-111.17209,26.00574],[-111.17209,26.00551],[-111.17234,26.00529],[-111.17234,26.00483],[-111.17259,26.00461],[-111.17259,26.00371],[-111.17234,26.00348],[-111.17234,26.00303],[-111.17133,26.00145],[-111.17133,26.00055],[-111.17108,26.00032],[-111.17108,26.0001],[-111.17133,25.99987],[-111.17133,25.99942],[-111.17083,25.99874],[-111.17083,25.99829],[-111.17058,25.99806],[-111.17058,25.99739],[-111.17033,25.99716],[-111.17033,25.99671],[-111.16983,25.99626],[-111.16933,25.99513],[-111.16907,25.9949],[-111.16907,25.99445],[-111.16832,25.99332],[-111.16832,25.99287],[-111.16807,25.99265],[-111.16807,25.99084],[-111.16832,25.99062],[-111.16832,25.99016],[-111.16807,25.98994],[-111.16807,25.98926],[-111.16882,25.98836],[-111.16882,25.98813],[-111.16907,25.98791],[-111.16907,25.98723],[-111.16958,25.98678],[-111.16958,25.98655],[-111.17008,25.98588],[-111.17008,25.98497],[-111.16958,25.98452],[-111.16958,25.98385],[-111.16983,25.98362],[-111.16983,25.98317],[-111.17058,25.98249],[-111.17058,25.98204],[-111.17133,25.98189],[-111.17611,25.97969],[-111.17812,25.9792],[-111.17937,25.97857],[-111.18188,25.97789],[-111.18456,25.97595]],[[-111.12864,26.06713],[-111.12864,26.06713]],[[-111.12889,26.06668],[-111.12889,26.06668]],[[-111.12914,26.06645],[-111.12914,26.06645]],[[-111.12738,26.06645],[-111.12738,26.06645]],[[-111.12788,26.06622],[-111.12788,26.06622]],[[-111.12939,26.06577],[-111.12939,26.06577]],[[-111.12964,26.0651],[-111.12964,26.0651]],[[-111.12989,26.06464],[-111.12989,26.06464]],[[-111.13014,26.06442],[-111.13014,26.06442]],[[-111.13039,26.06397],[-111.13039,26.06397]],[[-111.13115,26.06374],[-111.13115,26.06374]],[[-111.1329,26.06352],[-111.1329,26.06352]],[[-111.13165,26.06352],[-111.13165,26.06352]],[[-111.13316,26.06261],[-111.13316,26.06261]],[[-111.13341,26.06216],[-111.13341,26.06216]],[[-111.13366,26.06171],[-111.13366,26.06171]],[[-111.13391,26.06126],[-111.13391,26.06126]],[[-111.12135,26.05971],[-111.12135,26.05971]],[[-111.13265,26.05855],[-111.13265,26.05855]],[[-111.13215,26.05426],[-111.13215,26.05426]],[[-111.13316,26.05404],[-111.13316,26.05404]],[[-111.13391,26.05381],[-111.13391,26.05381]],[[-111.13441,26.05359],[-111.13441,26.05359]],[[-111.13491,26.05336],[-111.13491,26.05336]],[[-111.13517,26.05313],[-111.13517,26.05313]],[[-111.13542,26.05291],[-111.13542,26.05291]],[[-111.13567,26.05268],[-111.13567,26.05268]],[[-111.13617,26.05246],[-111.13617,26.05246]],[[-111.13642,26.05223],[-111.13642,26.05223]],[[-111.13692,26.05201],[-111.13692,26.05201]],[[-111.13743,26.05178],[-111.13743,26.05178]],[[-111.13793,26.05155],[-111.13793,26.05155]],[[-111.13843,26.05133],[-111.13843,26.05133]],[[-111.13893,26.0511],[-111.13893,26.0511]],[[-111.13944,26.05088],[-111.13944,26.05088]],[[-111.13994,26.05065],[-111.13994,26.05065]],[[-111.14044,26.05043],[-111.14044,26.05043]],[[-111.14094,26.0502],[-111.14094,26.0502]],[[-111.14119,26.04997],[-111.14119,26.04997]],[[-111.1417,26.04975],[-111.1417,26.04975]],[[-111.14195,26.04952],[-111.14195,26.04952]],[[-111.14245,26.0493],[-111.14245,26.0493]],[[-111.1427,26.04907],[-111.1427,26.04907]],[[-111.1432,26.04885],[-111.1432,26.04885]],[[-111.14345,26.04862],[-111.14345,26.04862]],[[-111.14622,26.04839],[-111.14622,26.04839]],[[-111.14521,26.04839],[-111.14521,26.04839]],[[-111.14371,26.04839],[-111.14371,26.04839]],[[-111.14446,26.04817],[-111.14446,26.04817]],[[-111.14396,26.04817],[-111.14396,26.04817]],[[-111.14647,26.04772],[-111.14647,26.04772]],[[-111.15074,26.04749],[-111.15074,26.04749]],[[-111.15024,26.04749],[-111.15024,26.04749]],[[-111.14672,26.04749],[-111.14672,26.04749]],[[-111.15124,26.04727],[-111.15124,26.04727]],[[-111.14873,26.04727],[-111.14873,26.04727]],[[-111.14722,26.04727],[-111.14722,26.04727]],[[-111.1525,26.04704],[-111.1525,26.04704]],[[-111.14798,26.04704],[-111.14798,26.04704]],[[-111.14747,26.04704],[-111.14747,26.04704]],[[-111.15275,26.04681],[-111.15275,26.04681]],[[-111.153,26.04659],[-111.153,26.04659]],[[-111.15325,26.04636],[-111.15325,26.04636]],[[-111.1535,26.04614],[-111.1535,26.04614]],[[-111.15526,26.04591],[-111.15526,26.04591]],[[-111.15576,26.04569],[-111.15576,26.04569]],[[-111.15601,26.04546],[-111.15601,26.04546]],[[-111.15652,26.04523],[-111.15652,26.04523]],[[-111.15677,26.04501],[-111.15677,26.04501]],[[-111.15727,26.04478],[-111.15727,26.04478]],[[-111.15777,26.04456],[-111.15777,26.04456]],[[-111.15852,26.04433],[-111.15852,26.04433]],[[-111.15903,26.04411],[-111.15903,26.04411]],[[-111.15928,26.04388],[-111.15928,26.04388]],[[-111.15953,26.04365],[-111.15953,26.04365]],[[-111.16028,26.04343],[-111.16028,26.04343]],[[-111.16154,26.0432],[-111.16154,26.0432]],[[-111.1638,26.04298],[-111.1638,26.04298]],[[-111.16807,26.04275],[-111.16807,26.04275]],[[-111.16757,26.04275],[-111.16757,26.04275]],[[-111.1643,26.04275],[-111.1643,26.04275]],[[-111.16907,26.04253],[-111.16907,26.04253]],[[-111.16606,26.04253],[-111.16606,26.04253]],[[-111.1648,26.04253],[-111.1648,26.04253]],[[-111.17008,26.0423],[-111.17008,26.0423]],[[-111.17083,26.04207],[-111.17083,26.04207]],[[-111.1751,26.04185],[-111.1751,26.04185]],[[-111.17184,26.04185],[-111.17184,26.04185]],[[-111.19319,26.03756],[-111.19319,26.03756]],[[-111.16807,26.02402],[-111.16807,26.02402]],[[-111.16832,26.02131],[-111.16832,26.02131]],[[-111.16857,26.02109],[-111.16857,26.02109]],[[-111.16254,26.0186],[-111.16254,26.0186]],[[-111.16279,26.01815],[-111.16279,26.01815]],[[-111.16305,26.0177],[-111.16305,26.0177]],[[-111.1633,26.01725],[-111.1633,26.01725]],[[-111.20725,26.01702],[-111.20725,26.01702]],[[-111.16355,26.0168],[-111.16355,26.0168]],[[-111.1638,26.01657],[-111.1638,26.01657]],[[-111.16807,26.01635],[-111.16807,26.01635]],[[-111.16405,26.01612],[-111.16405,26.01612]],[[-111.16757,26.01589],[-111.16757,26.01589]],[[-111.16706,26.01567],[-111.16706,26.01567]],[[-111.16681,26.01567],[-111.16681,26.01567]],[[-111.1643,26.01567],[-111.1643,26.01567]],[[-111.16556,26.01544],[-111.16556,26.01544]],[[-111.1648,26.01544],[-111.1648,26.01544]],[[-111.16857,26.01499],[-111.16857,26.01499]],[[-111.16882,26.01477],[-111.16882,26.01477]],[[-111.16907,26.01228],[-111.16907,26.01228]],[[-111.16907,26.01138],[-111.16907,26.01138]],[[-111.16933,26.01115],[-111.16933,26.01115]],[[-111.16958,26.01093],[-111.16958,26.01093]],[[-111.17008,26.01003],[-111.17008,26.01003]],[[-111.17033,26.00957],[-111.17033,26.00957]],[[-111.16958,26.00754],[-111.16958,26.00754]],[[-111.16983,26.00709],[-111.16983,26.00709]],[[-111.17008,26.00687],[-111.17008,26.00687]],[[-111.17033,26.00664],[-111.17033,26.00664]],[[-111.17058,26.00641],[-111.17058,26.00641]],[[-111.17083,26.00619],[-111.17083,26.00619]],[[-111.17133,26.00596],[-111.17133,26.00596]],[[-111.17209,26.00551],[-111.17209,26.00551]],[[-111.17234,26.00483],[-111.17234,26.00483]],[[-111.21554,26.00122],[-111.21554,26.00122]],[[-111.17108,26.0001],[-111.17108,26.0001]],[[-111.11984,25.99378],[-111.11984,25.99367]],[[-111.16807,25.99084],[-111.16807,25.99084]],[[-111.16807,25.98926],[-111.16807,25.98926]],[[-111.16832,25.98881],[-111.16832,25.98881]],[[-111.16857,25.98858],[-111.16857,25.98858]],[[-111.16882,25.98813],[-111.16882,25.98813]],[[-111.16907,25.98723],[-111.16907,25.98723]],[[-111.16933,25.98701],[-111.16933,25.98701]],[[-111.16958,25.98655],[-111.16958,25.98655]],[[-111.11984,25.98631],[-111.12035,25.9865],[-111.12035,25.9861],[-111.1206,25.98588],[-111.1206,25.98497],[-111.12085,25.98475],[-111.12085,25.9843],[-111.1211,25.98407],[-111.12135,25.98294],[-111.12185,25.98227],[-111.12185,25.97843],[-111.12236,25.97775],[-111.12236,25.97753],[-111.12286,25.97707],[-111.12336,25.97595]],[[-111.16983,25.9861],[-111.16983,25.9861]],[[-111.16958,25.98385],[-111.16958,25.98385]],[[-111.16983,25.98317],[-111.16983,25.98317]],[[-111.17008,25.98294],[-111.17008,25.98294]],[[-111.17033,25.98272],[-111.17033,25.98272]],[[-111.24016,25.98225],[-111.23818,25.98114],[-111.23795,25.97707],[-111.23913,25.97595]],[[-111.17058,25.98204],[-111.17058,25.98204]]]},"properties":{"depth_m":150}},{"type":"Feature","geometry":{"type":"MultiLineString","coordinates":[[[-111.229,26.08405],[-111.22684,26.08323],[-111.22559,26.08257],[-111.22132,26.07938],[-111.21328,26.07142],[-111.21118,26.06893],[-111.20826,26.06685],[-111.20625,26.06496],[-111.20399,26.06197],[-111.20198,26.0589],[-111.2004,26.05607],[-111.19796,26.05304],[-111.19679,26.05133],[-111.19491,26.04817],[-111.19369,26.04553],[-111.19272,26.04388],[-111.19315,26.03959],[-111.19502,26.03711],[-111.19771,26.03401],[-111.2012,26.03147],[-111.20551,26.02718],[-111.20842,26.02289],[-111.21284,26.01409],[-111.21454,26.01113],[-111.21881,26.0049],[-111.22232,26.001],[-111.2271,25.99728],[-111.23136,25.9951],[-111.23538,25.99375],[-111.24016,25.99307]],[[-111.19572,26.08405],[-111.18942,26.08296],[-111.1854,26.08174],[-111.18138,26.07955],[-111.17711,26.07781],[-111.1746,26.07726],[-111.17284,26.07665],[-111.16882,26.07611],[-111.1648,26.07668],[-111.1633,26.07777],[-111.16204,26.07923],[-111.16099,26.08112],[-111.16054,26.08405]],[[-111.11984,26.06457],[-111.12035,26.06412],[-111.12261,26.06277],[-111.12386,26.06269],[-111.12411,26.06254],[-111.12411,26.06397],[-111.12437,26.06419],[-111.12437,26.06442],[-111.12487,26.06487],[-111.12512,26.06487],[-111.12512,26.0651],[-111.12612,26.066],[-111.12663,26.066],[-111.12663,26.06645],[-111.12688,26.06668],[-111.12713,26.06668],[-111.12788,26.06622],[-111.12788,26.06713],[-111.12838,26.06758],[-111.12889,26.0669],[-111.12889,26.06668],[-111.12939,26.06622],[-111.12964,26.0651],[-111.13039,26.06419],[-111.13039,26.06397],[-111.1309,26.06397],[-111.13165,26.06352],[-111.1319,26.06374],[-111.13265,26.06374],[-111.13316,26.06329],[-111.13316,26.06261],[-111.13416,26.06103],[-111.13391,26.06081],[-111.13391,26.06036],[-111.13316,26.05923],[-111.13316,26.059],[-111.13265,26.05855],[-111.1329,26.05832],[-111.1329,26.0572],[-111.13265,26.05697],[-111.13265,26.05652],[-111.1324,26.05629],[-111.1324,26.05584],[-111.13215,26.05562],[-111.13215,26.05426],[-111.1329,26.05426],[-111.13316,26.05404],[-111.13366,26.05404],[-111.13441,26.05359],[-111.13466,26.05359],[-111.13567,26.05268],[-111.13592,26.05268],[-111.13642,26.05223],[-111.14069,26.05043],[-111.14195,26.04952],[-111.1422,26.04952],[-111.1427,26.04907],[-111.14295,26.04907],[-111.14396,26.04817],[-111.14446,26.04817],[-111.14471,26.04839],[-111.14521,26.04839],[-111.14546,26.04862],[-111.14597,26.04862],[-111.14647,26.04817],[-111.14647,26.04772],[-111.14747,26.04704],[-111.14798,26.04704],[-111.14823,26.04727],[-111.14873,26.04727],[-111.14898,26.04749],[-111.15024,26.04749],[-111.15049,26.04772],[-111.15124,26.04727],[-111.15225,26.04727],[-111.1535,26.04614],[-111.15501,26.04614],[-111.15601,26.04546],[-111.15626,26.04546],[-111.15677,26.04501],[-111.15752,26.04478],[-111.15777,26.04456],[-111.15827,26.04456],[-111.15852,26.04433],[-111.15878,26.04433],[-111.15953,26.04365],[-111.16003,26.04365],[-111.16028,26.04343],[-111.16129,26.04343],[-111.16154,26.0432],[-111.16355,26.0432],[-111.1648,26.04253],[-111.16606,26.04253],[-111.16631,26.04275],[-111.16757,26.04275],[-111.16782,26.04298],[-111.16807,26.04275],[-111.16983,26.04253],[-111.17008,26.0423],[-111.17058,26.0423],[-111.17083,26.04207],[-111.17159,26.04207],[-111.17184,26.04185],[-111.17209,26.04207],[-111.17485,26.04207],[-111.1756,26.04162],[-111.1756,26.03824],[-111.17535,26.03801],[-111.17535,26.03756],[-111.1751,26.03734],[-111.1751,26.03688],[-111.17485,26.03666],[-111.17485,26.03553],[-111.1746,26.0353],[-111.1746,26.03485],[-111.17385,26.03372],[-111.1736,26.0326],[-111.17309,26.03214],[-111.17284,26.03147],[-111.17259,26.03124],[-111.17234,26.03011],[-111.17184,26.02944],[-111.17184,26.02898],[-111.17133,26.02831],[-111.17133,26.02808],[-111.16907,26.02605],[-111.16857,26.02492],[-111.16807,26.02447],[-111.16807,26.02402],[-111.16832,26.02379],[-111.16832,26.02131],[-111.16882,26.02086],[-111.16882,26.02063],[-111.16832,26.02018],[-111.16706,26.01973],[-111.16606,26.02063],[-111.16606,26.02086],[-111.16581,26.02109],[-111.16581,26.02154],[-111.16556,26.02176],[-111.16405,26.02221],[-111.1633,26.02154],[-111.16305,26.02086],[-111.16279,26.02063],[-111.16279,26.01996],[-111.16254,26.01973],[-111.16254,26.0186],[-111.1633,26.01747],[-111.16355,26.0168],[-111.16405,26.01635],[-111.1643,26.01567],[-111.16455,26.01567],[-111.1648,26.01544],[-111.16556,26.01544],[-111.16556,26.01567],[-111.16581,26.01589],[-111.16656,26.01589],[-111.16681,26.01567],[-111.16706,26.01567],[-111.16732,26.01589],[-111.16757,26.01589],[-111.16757,26.01635],[-111.16782,26.01657],[-111.16807,26.01635],[-111.16857,26.01635],[-111.16882,26.01612],[-111.16882,26.01589],[-111.16857,26.01567],[-111.16857,26.01499],[-111.16907,26.01454],[-111.16907,26.01228],[-111.16933,26.01206],[-111.16933,26.01161],[-111.16907,26.01138],[-111.17008,26.0107],[-111.17008,26.01003],[-111.17058,26.00935],[-111.17058,26.0089],[-111.17033,26.00867],[-111.17033,26.00845],[-111.17008,26.00822],[-111.16958,26.00822],[-111.16958,26.00754],[-111.16983,26.00732],[-111.16983,26.00709],[-111.17083,26.00619],[-111.17108,26.00619],[-111.17133,26.00596],[-111.17184,26.00596],[-111.17209,26.00574],[-111.17209,26.00551],[-111.17234,26.00529],[-111.17234,26.00483],[-111.17259,26.00461],[-111.17259,26.00371],[-111.17234,26.00348],[-111.17234,26.00303],[-111.17133,26.00145],[-111.17133,26.00055],[-111.17108,26.00032],[-111.17108,26.0001],[-111.17133,25.99987],[-111.17133,25.99942],[-111.17083,25.99874],[-111.17083,25.99829],[-111.17058,25.99806],[-111.17058,25.99739],[-111.17033,25.99716],[-111.17033,25.99671],[-111.16983,25.99626],[-111.16933,25.99513],[-111.16907,25.9949],[-111.16907,25.99445],[-111.16832,25.99332],[-111.16832,25.99287],[-111.16807,25.99265],[-111.16807,25.99084],[-111.16832,25.99062],[-111.16832,25.99016],[-111.16807,25.98994],[-111.16807,25.98926],[-111.16882,25.98836],[-111.16882,25.98813],[-111.16907,25.98791],[-111.16907,25.98723],[-111.16958,25.98678],[-111.16958,25.98655],[-111.17008,25.98588],[-111.17008,25.98497],[-111.16958,25.98452],[-111.16958,25.98385],[-111.16983,25.98362],[-111.16983,25.98317],[-111.17058,25.98249],[-111.17058,25.98204],[-111.17133,25.98187],[-111.17661,25.97947],[-111.17812,25.97918],[-111.17937,25.97854],[-111.18188,25.97785],[-111.18451,25.97595]],[[-111.12864,26.06713],[-111.12864,26.06713]],[[-111.12889,26.06668],[-111.12889,26.06668]],[[-111.12914,26.06645],[-111.12914,26.06645]],[[-111.12738,26.06645],[-111.12738,26.06645]],[[-111.12788,26.06622],[-111.12788,26.06622]],[[-111.12939,26.06577],[-111.12939,26.06577]],[[-111.12964,26.0651],[-111.12964,26.0651]],[[-111.12989,26.06464],[-111.12989,26.06464]],[[-111.13014,26.06442],[-111.13014,26.06442]],[[-111.13039,26.06397],[-111.13039,26.06397]],[[-111.13115,26.06374],[-111.13115,26.06374]],[[-111.1329,26.06352],[-111.1329,26.06352]],[[-111.13165,26.06352],[-111.13165,26.06352]],[[-111.13316,26.06261],[-111.13316,26.06261]],[[-111.13341,26.06216],[-111.13341,26.06216]],[[-111.13366,26.06171],[-111.13366,26.06171]],[[-111.13391,26.06126],[-111.13391,26.06126]],[[-111.12135,26.05975],[-111.12127,26.05968],[-111.12135,26.05975]],[[-111.13265,26.05855],[-111.13265,26.05855]],[[-111.13215,26.05426],[-111.13215,26.05426]],[[-111.13316,26.05404],[-111.13316,26.05404]],[[-111.13391,26.05381],[-111.13391,26.05381]],[[-111.13441,26.05359],[-111.13441,26.05359]],[[-111.13491,26.05336],[-111.13491,26.05336]],[[-111.13517,26.05313],[-111.13517,26.05313]],[[-111.13542,26.05291],[-111.13542,26.05291]],[[-111.13567,26.05268],[-111.13567,26.05268]],[[-111.13617,26.05246],[-111.13617,26.05246]],[[-111.13642,26.05223],[-111.13642,26.05223]],[[-111.13692,26.05201],[-111.13692,26.05201]],[[-111.13743,26.05178],[-111.13743,26.05178]],[[-111.13793,26.05155],[-111.13793,26.05155]],[[-111.13843,26.05133],[-111.13843,26.05133]],[[-111.13893,26.0511],[-111.13893,26.0511]],[[-111.13944,26.05088],[-111.13944,26.05088]],[[-111.13994,26.05065],[-111.13994,26.05065]],[[-111.14044,26.05043],[-111.14044,26.05043]],[[-111.14094,26.0502],[-111.14094,26.0502]],[[-111.14119,26.04997],[-111.14119,26.04997]],[[-111.1417,26.04975],[-111.1417,26.04975]],[[-111.14195,26.04952],[-111.14195,26.04952]],[[-111.14245,26.0493],[-111.14245,26.0493]],[[-111.1427,26.04907],[-111.1427,26.04907]],[[-111.1432,26.04885],[-111.1432,26.04885]],[[-111.14345,26.04862],[-111.14345,26.04862]],[[-111.14622,26.04839],[-111.14622,26.04839]],[[-111.14521,26.04839],[-111.14521,26.04839]],[[-111.14371,26.04839],[-111.14371,26.04839]],[[-111.14446,26.04817],[-111.14446,26.04817]],[[-111.14396,26.04817],[-111.14396,26.04817]],[[-111.14647,26.04772],[-111.14647,26.04772]],[[-111.15074,26.04749],[-111.15074,26.04749]],[[-111.15024,26.04749],[-111.15024,26.04749]],[[-111.14672,26.04749],[-111.14672,26.04749]],[[-111.15124,26.04727],[-111.15124,26.04727]],[[-111.14873,26.04727],[-111.14873,26.04727]],[[-111.14722,26.04727],[-111.14722,26.04727]],[[-111.1525,26.04704],[-111.1525,26.04704]],[[-111.14798,26.04704],[-111.14798,26.04704]],[[-111.14747,26.04704],[-111.14747,26.04704]],[[-111.15275,26.04681],[-111.15275,26.04681]],[[-111.153,26.04659],[-111.153,26.04659]],[[-111.15325,26.04636],[-111.15325,26.04636]],[[-111.1535,26.04614],[-111.1535,26.04614]],[[-111.15526,26.04591],[-111.15526,26.04591]],[[-111.15576,26.04569],[-111.15576,26.04569]],[[-111.15601,26.04546],[-111.15601,26.04546]],[[-111.15652,26.04523],[-111.15652,26.04523]],[[-111.15677,26.04501],[-111.15677,26.04501]],[[-111.15727,26.04478],[-111.15727,26.04478]],[[-111.15777,26.04456],[-111.15777,26.04456]],[[-111.15852,26.04433],[-111.15852,26.04433]],[[-111.15903,26.04411],[-111.15903,26.04411]],[[-111.15928,26.04388],[-111.15928,26.04388]],[[-111.15953,26.04365],[-111.15953,26.04365]],[[-111.16028,26.04343],[-111.16028,26.04343]],[[-111.16154,26.0432],[-111.16154,26.0432]],[[-111.1638,26.04298],[-111.1638,26.04298]],[[-111.16807,26.04275],[-111.16807,26.04275]],[[-111.16757,26.04275],[-111.16757,26.04275]],[[-111.1643,26.04275],[-111.1643,26.04275]],[[-111.16907,26.04253],[-111.16907,26.04253]],[[-111.16606,26.04253],[-111.16606,26.04253]],[[-111.1648,26.04253],[-111.1648,26.04253]],[[-111.17008,26.0423],[-111.17008,26.0423]],[[-111.17083,26.04207],[-111.17083,26.04207]],[[-111.1751,26.04185],[-111.1751,26.04185]],[[-111.17184,26.04185],[-111.17184,26.04185]],[[-111.16807,26.02402],[-111.16807,26.02402]],[[-111.16832,26.02131],[-111.16832,26.02131]],[[-111.16857,26.02109],[-111.16857,26.02109]],[[-111.16254,26.0186],[-111.16254,26.0186]],[[-111.16279,26.01815],[-111.16279,26.01815]],[[-111.16305,26.0177],[-111.16305,26.0177]],[[-111.1633,26.01725],[-111.1633,26.01725]],[[-111.16355,26.0168],[-111.16355,26.0168]],[[-111.1638,26.01657],[-111.1638,26.01657]],[[-111.16807,26.01635],[-111.16807,26.01635]],[[-111.16405,26.01612],[-111.16405,26.01612]],[[-111.16757,26.01589],[-111.16757,26.01589]],[[-111.16706,26.01567],[-111.16706,26.01567]],[[-111.16681,26.01567],[-111.16681,26.01567]],[[-111.1643,26.01567],[-111.1643,26.01567]],[[-111.16556,26.01544],[-111.16556,26.01544]],[[-111.1648,26.01544],[-111.1648,26.01544]],[[-111.21228,26.01522],[-111.21228,26.01522]],[[-111.16857,26.01499],[-111.16857,26.01499]],[[-111.16882,26.01477],[-111.16882,26.01477]],[[-111.16907,26.01228],[-111.16907,26.01228]],[[-111.16907,26.01138],[-111.16907,26.01138]],[[-111.16933,26.01115],[-111.16933,26.01115]],[[-111.16958,26.01093],[-111.16958,26.01093]],[[-111.17008,26.01003],[-111.17008,26.01003]],[[-111.17033,26.00957],[-111.17033,26.00957]],[[-111.16958,26.00754],[-111.16958,26.00754]],[[-111.16983,26.00709],[-111.16983,26.00709]],[[-111.17008,26.00687],[-111.17008,26.00687]],[[-111.21755,26.00664],[-111.21755,26.00664]],[[-111.17033,26.00664],[-111.17033,26.00664]],[[-111.17058,26.00641],[-111.17058,26.00641]],[[-111.17083,26.00619],[-111.17083,26.00619]],[[-111.17133,26.00596],[-111.17133,26.00596]],[[-111.17209,26.00551],[-111.17209,26.00551]],[[-111.17234,26.00483],[-111.17234,26.00483]],[[-111.17108,26.0001],[-111.17108,26.0001]],[[-111.11984,25.99378],[-111.11984,25.99355]],[[-111.11984,25.9933],[-111.11984,25.99265],[-111.12035,25.99197],[-111.12035,25.9861],[-111.1206,25.98588],[-111.1206,25.98497],[-111.12085,25.98475],[-111.12085,25.9843],[-111.1211,25.98407],[-111.12135,25.98294],[-111.12185,25.98227],[-111.12185,25.97843],[-111.12236,25.97775],[-111.12236,25.97753],[-111.12286,25.97707],[-111.12336,25.97595]],[[-111.16807,25.99084],[-111.16807,25.99084]],[[-111.16807,25.98926],[-111.16807,25.98926]],[[-111.16832,25.98881],[-111.16832,25.98881]],[[-111.16857,25.98858],[-111.16857,25.98858]],[[-111.16882,25.98813],[-111.16882,25.98813]],[[-111.16907,25.98723],[-111.16907,25.98723]],[[-111.16933,25.98701],[-111.16933,25.98701]],[[-111.16958,25.98655],[-111.16958,25.98655]],[[-111.16983,25.9861],[-111.16983,25.9861]],[[-111.16958,25.98385],[-111.16958,25.98385]],[[-111.16983,25.98317],[-111.16983,25.98317]],[[-111.17008,25.98294],[-111.17008,25.98294]],[[-111.17033,25.98272],[-111.17033,25.98272]],[[-111.17058,25.98204],[-111.17058,25.98204]]]},"properties":{"depth_m":175}},{"type":"Feature","geometry":{"type":"MultiLineString","coordinates":[[[-111.1879,26.08405],[-111.1854,26.08313],[-111.18113,26.08098],[-111.17711,26.07977],[-111.17309,26.07957],[-111.17058,26.08001],[-111.16855,26.08067],[-111.1668,26.08202],[-111.16527,26.08405]],[[-111.24016,26.08188],[-111.23136,26.07791],[-111.22659,26.07533],[-111.21881,26.07045],[-111.21659,26.06871],[-111.21052,26.06492],[-111.20876,26.06354],[-111.20625,26.06116],[-111.2005,26.05336],[-111.19771,26.05033],[-111.19622,26.04794],[-111.19444,26.04365],[-111.19455,26.03959],[-111.19556,26.03824],[-111.19796,26.03559],[-111.19997,26.03449],[-111.20502,26.03124],[-111.20949,26.02718],[-111.21252,26.02289],[-111.21816,26.01364],[-111.22283,26.00815],[-111.2271,26.00506],[-111.23111,26.00304],[-111.23538,26.0015],[-111.24016,26.00055]],[[-111.16907,26.08044],[-111.16907,26.08044]],[[-111.11984,26.06453],[-111.12035,26.06408],[-111.12261,26.06273],[-111.12386,26.06267],[-111.12411,26.0625],[-111.12411,26.06397],[-111.12437,26.06419],[-111.12437,26.06442],[-111.12487,26.06487],[-111.12512,26.06487],[-111.12512,26.0651],[-111.12612,26.066],[-111.12663,26.066],[-111.12663,26.06645],[-111.12688,26.06668],[-111.12713,26.06668],[-111.12788,26.06622],[-111.12788,26.06713],[-111.12838,26.06758],[-111.12889,26.0669],[-111.12889,26.06668],[-111.12939,26.06622],[-111.12964,26.0651],[-111.13039,26.06419],[-111.13039,26.06397],[-111.1309,26.06397],[-111.13165,26.06352],[-111.1319,26.06374],[-111.13265,26.06374],[-111.13316,26.06329],[-111.13316,26.06261],[-111.13416,26.06103],[-111.13391,26.06081],[-111.13391,26.06036],[-111.13316,26.05923],[-111.13316,26.059],[-111.13265,26.05855],[-111.1329,26.05832],[-111.1329,26.0572],[-111.13265,26.05697],[-111.13265,26.05652],[-111.1324,26.05629],[-111.1324,26.05584],[-111.13215,26.05562],[-111.13215,26.05426],[-111.1329,26.05426],[-111.13316,26.05404],[-111.13366,26.05404],[-111.13441,26.05359],[-111.13466,26.05359],[-111.13567,26.05268],[-111.13592,26.05268],[-111.13642,26.05223],[-111.14069,26.05043],[-111.14195,26.04952],[-111.1422,26.04952],[-111.1427,26.04907],[-111.14295,26.04907],[-111.14396,26.04817],[-111.14446,26.04817],[-111.14471,26.04839],[-111.14521,26.04839],[-111.14546,26.04862],[-111.14597,26.04862],[-111.14647,26.04817],[-111.14647,26.04772],[-111.14747,26.04704],[-111.14798,26.04704],[-111.14823,26.04727],[-111.14873,26.04727],[-111.14898,26.04749],[-111.15024,26.04749],[-111.15049,26.04772],[-111.15124,26.04727],[-111.15225,26.04727],[-111.1535,26.04614],[-111.15501,26.04614],[-111.15601,26.04546],[-111.15626,26.04546],[-111.15677,26.04501],[-111.15752,26.04478],[-111.15777,26.04456],[-111.15827,26.04456],[-111.15852,26.04433],[-111.15878,26.04433],[-111.15953,26.04365],[-111.16003,26.04365],[-111.16028,26.04343],[-111.16129,26.04343],[-111.16154,26.0432],[-111.16355,26.0432],[-111.1648,26.04253],[-111.16606,26.04253],[-111.16631,26.04275],[-111.16757,26.04275],[-111.16782,26.04298],[-111.16807,26.04275],[-111.16983,26.04253],[-111.17008,26.0423],[-111.17058,26.0423],[-111.17083,26.04207],[-111.17159,26.04207],[-111.17184,26.04185],[-111.17209,26.04207],[-111.17485,26.04207],[-111.1756,26.04162],[-111.1756,26.03824],[-111.17535,26.03801],[-111.17535,26.03756],[-111.1751,26.03734],[-111.1751,26.03688],[-111.17485,26.03666],[-111.17485,26.03553],[-111.1746,26.0353],[-111.1746,26.03485],[-111.17385,26.03372],[-111.1736,26.0326],[-111.17309,26.03214],[-111.17284,26.03147],[-111.17259,26.03124],[-111.17234,26.03011],[-111.17184,26.02944],[-111.17184,26.02898],[-111.17133,26.02831],[-111.17133,26.02808],[-111.16907,26.02605],[-111.16857,26.02492],[-111.16807,26.02447],[-111.16807,26.02402],[-111.16832,26.02379],[-111.16832,26.02131],[-111.16882,26.02086],[-111.16882,26.02063],[-111.16832,26.02018],[-111.16706,26.01973],[-111.16606,26.02063],[-111.16606,26.02086],[-111.16581,26.02109],[-111.16581,26.02154],[-111.16556,26.02176],[-111.16405,26.02221],[-111.1633,26.02154],[-111.16305,26.02086],[-111.16279,26.02063],[-111.16279,26.01996],[-111.16254,26.01973],[-111.16254,26.0186],[-111.1633,26.01747],[-111.16355,26.0168],[-111.16405,26.01635],[-111.1643,26.01567],[-111.16455,26.01567],[-111.1648,26.01544],[-111.16556,26.01544],[-111.16556,26.01567],[-111.16581,26.01589],[-111.16656,26.01589],[-111.16681,26.01567],[-111.16706,26.01567],[-111.16732,26.01589],[-111.16757,26.01589],[-111.16757,26.01635],[-111.16782,26.01657],[-111.16807,26.01635],[-111.16857,26.01635],[-111.16882,26.01612],[-111.16882,26.01589],[-111.16857,26.01567],[-111.16857,26.01499],[-111.16907,26.01454],[-111.16907,26.01228],[-111.16933,26.01206],[-111.16933,26.01161],[-111.16907,26.01138],[-111.17008,26.0107],[-111.17008,26.01003],[-111.17058,26.00935],[-111.17058,26.0089],[-111.17033,26.00867],[-111.17033,26.00845],[-111.17008,26.00822],[-111.16958,26.00822],[-111.16958,26.00754],[-111.16983,26.00732],[-111.16983,26.00709],[-111.17083,26.00619],[-111.17108,26.00619],[-111.17133,26.00596],[-111.17184,26.00596],[-111.17209,26.00574],[-111.17209,26.00551],[-111.17234,26.00529],[-111.17234,26.00483],[-111.17259,26.00461],[-111.17259,26.00371],[-111.17234,26.00348],[-111.17234,26.00303],[-111.17133,26.00145],[-111.17133,26.00055],[-111.17108,26.00032],[-111.17108,26.0001],[-111.17133,25.99987],[-111.17133,25.99942],[-111.17083,25.99874],[-111.17083,25.99829],[-111.17058,25.99806],[-111.17058,25.99739],[-111.17033,25.99716],[-111.17033,25.99671],[-111.16983,25.99626],[-111.16933,25.99513],[-111.16907,25.9949],[-111.16907,25.99445],[-111.16832,25.99332],[-111.16832,25.99287],[-111.16807,25.99265],[-111.16807,25.99084],[-111.16832,25.99062],[-111.16832,25.99016],[-111.16807,25.98994],[-111.16807,25.98926],[-111.16882,25.98836],[-111.16882,25.98813],[-111.16907,25.98791],[-111.16907,25.98723],[-111.16958,25.98678],[-111.16958,25.98655],[-111.17008,25.98588],[-111.17008,25.98497],[-111.16958,25.98452],[-111.16958,25.98385],[-111.16983,25.98362],[-111.16983,25.98317],[-111.17058,25.98249],[-111.17058,25.98204],[-111.17083,25.98188],[-111.17133,25.98184],[-111.17661,25.97943],[-111.17812,25.97916],[-111.17937,25.9785],[-111.17987,25.97848],[-111.18013,25.97828],[-111.18063,25.97825],[-111.18088,25.97805],[-111.18188,25.97782],[-111.18445,25.97595]],[[-111.12864,26.06713],[-111.12864,26.06713]],[[-111.12889,26.06668],[-111.12889,26.06668]],[[-111.12914,26.06645],[-111.12914,26.06645]],[[-111.12738,26.06645],[-111.12738,26.06645]],[[-111.12788,26.06622],[-111.12788,26.06622]],[[-111.12939,26.06577],[-111.12939,26.06577]],[[-111.12964,26.0651],[-111.12964,26.0651]],[[-111.12989,26.06464],[-111.12989,26.06464]],[[-111.13014,26.06442],[-111.13014,26.06442]],[[-111.13039,26.06397],[-111.13039,26.06397]],[[-111.13115,26.06374],[-111.13115,26.06374]],[[-111.1329,26.06352],[-111.1329,26.06352]],[[-111.13165,26.06352],[-111.13165,26.06352]],[[-111.13316,26.06261],[-111.13316,26.06261]],[[-111.13341,26.06216],[-111.13341,26.06216]],[[-111.13366,26.06171],[-111.13366,26.06171]],[[-111.13391,26.06126],[-111.13391,26.06126]],[[-111.12135,26.05979],[-111.12123,26.05968],[-111.12135,26.05979]],[[-111.13265,26.05855],[-111.13265,26.05855]],[[-111.13215,26.05426],[-111.13215,26.05426]],[[-111.13316,26.05404],[-111.13316,26.05404]],[[-111.13391,26.05381],[-111.13391,26.05381]],[[-111.13441,26.05359],[-111.13441,26.05359]],[[-111.13491,26.05336],[-111.13491,26.05336]],[[-111.13517,26.05313],[-111.13517,26.05313]],[[-111.13542,26.05291],[-111.13542,26.05291]],[[-111.13567,26.05268],[-111.13567,26.05268]],[[-111.13617,26.05246],[-111.13617,26.05246]],[[-111.13642,26.05223],[-111.13642,26.05223]],[[-111.13692,26.05201],[-111.13692,26.05201]],[[-111.13743,26.05178],[-111.13743,26.05178]],[[-111.13793,26.05155],[-111.13793,26.05155]],[[-111.13843,26.05133],[-111.13843,26.05133]],[[-111.13893,26.0511],[-111.13893,26.0511]],[[-111.13944,26.05088],[-111.13944,26.05088]],[[-111.13994,26.05065],[-111.13994,26.05065]],[[-111.14044,26.05043],[-111.14044,26.05043]],[[-111.14094,26.0502],[-111.14094,26.0502]],[[-111.14119,26.04997],[-111.14119,26.04997]],[[-111.1417,26.04975],[-111.1417,26.04975]],[[-111.14195,26.04952],[-111.14195,26.04952]],[[-111.14245,26.0493],[-111.14245,26.0493]],[[-111.1427,26.04907],[-111.1427,26.04907]],[[-111.1432,26.04885],[-111.1432,26.04885]],[[-111.14345,26.04862],[-111.14345,26.04862]],[[-111.14622,26.04839],[-111.14622,26.04839]],[[-111.14521,26.04839],[-111.14521,26.04839]],[[-111.14371,26.04839],[-111.14371,26.04839]],[[-111.14446,26.04817],[-111.14446,26.04817]],[[-111.14396,26.04817],[-111.14396,26.04817]],[[-111.14647,26.04772],[-111.14647,26.04772]],[[-111.15074,26.04749],[-111.15074,26.04749]],[[-111.15024,26.04749],[-111.15024,26.04749]],[[-111.14672,26.04749],[-111.14672,26.04749]],[[-111.15124,26.04727],[-111.15124,26.04727]],[[-111.14873,26.04727],[-111.14873,26.04727]],[[-111.14722,26.04727],[-111.14722,26.04727]],[[-111.1525,26.04704],[-111.1525,26.04704]],[[-111.14798,26.04704],[-111.14798,26.04704]],[[-111.14747,26.04704],[-111.14747,26.04704]],[[-111.15275,26.04681],[-111.15275,26.04681]],[[-111.153,26.04659],[-111.153,26.04659]],[[-111.15325,26.04636],[-111.15325,26.04636]],[[-111.1535,26.04614],[-111.1535,26.04614]],[[-111.15526,26.04591],[-111.15526,26.04591]],[[-111.15576,26.04569],[-111.15576,26.04569]],[[-111.15601,26.04546],[-111.15601,26.04546]],[[-111.15652,26.04523],[-111.15652,26.04523]],[[-111.15677,26.04501],[-111.15677,26.04501]],[[-111.15727,26.04478],[-111.15727,26.04478]],[[-111.15777,26.04456],[-111.15777,26.04456]],[[-111.15852,26.04433],[-111.15852,26.04433]],[[-111.15903,26.04411],[-111.15903,26.04411]],[[-111.15928,26.04388],[-111.15928,26.04388]],[[-111.15953,26.04365],[-111.15953,26.04365]],[[-111.16028,26.04343],[-111.16028,26.04343]],[[-111.16154,26.0432],[-111.16154,26.0432]],[[-111.1638,26.04298],[-111.1638,26.04298]],[[-111.16807,26.04275],[-111.16807,26.04275]],[[-111.16757,26.04275],[-111.16757,26.04275]],[[-111.1643,26.04275],[-111.1643,26.04275]],[[-111.16907,26.04253],[-111.16907,26.04253]],[[-111.16606,26.04253],[-111.16606,26.04253]],[[-111.1648,26.04253],[-111.1648,26.04253]],[[-111.17008,26.0423],[-111.17008,26.0423]],[[-111.17083,26.04207],[-111.17083,26.04207]],[[-111.1751,26.04185],[-111.1751,26.04185]],[[-111.17184,26.04185],[-111.17184,26.04185]],[[-111.21077,26.02537],[-111.21077,26.02537]],[[-111.16807,26.02402],[-111.16807,26.02402]],[[-111.16832,26.02131],[-111.16832,26.02131]],[[-111.16857,26.02109],[-111.16857,26.02109]],[[-111.16254,26.0186],[-111.16254,26.0186]],[[-111.16279,26.01815],[-111.16279,26.01815]],[[-111.16305,26.0177],[-111.16305,26.0177]],[[-111.1633,26.01725],[-111.1633,26.01725]],[[-111.16355,26.0168],[-111.16355,26.0168]],[[-111.1638,26.01657],[-111.1638,26.01657]],[[-111.16807,26.01635],[-111.16807,26.01635]],[[-111.16405,26.01612],[-111.16405,26.01612]],[[-111.16757,26.01589],[-111.16757,26.01589]],[[-111.16706,26.01567],[-111.16706,26.01567]],[[-111.16681,26.01567],[-111.16681,26.01567]],[[-111.1643,26.01567],[-111.1643,26.01567]],[[-111.16556,26.01544],[-111.16556,26.01544]],[[-111.1648,26.01544],[-111.1648,26.01544]],[[-111.16857,26.01499],[-111.16857,26.01499]],[[-111.16882,26.01477],[-111.16882,26.01477]],[[-111.16907,26.01228],[-111.16907,26.01228]],[[-111.16907,26.01138],[-111.16907,26.01138]],[[-111.16933,26.01115],[-111.16933,26.01115]],[[-111.16958,26.01093],[-111.16958,26.01093]],[[-111.17008,26.01003],[-111.17008,26.01003]],[[-111.17033,26.00957],[-111.17033,26.00957]],[[-111.16958,26.00754],[-111.16958,26.00754]],[[-111.16983,26.00709],[-111.16983,26.00709]],[[-111.17008,26.00687],[-111.17008,26.00687]],[[-111.17033,26.00664],[-111.17033,26.00664]],[[-111.17058,26.00641],[-111.17058,26.00641]],[[-111.17083,26.00619],[-111.17083,26.00619]],[[-111.17133,26.00596],[-111.17133,26.00596]],[[-111.17209,26.00551],[-111.17209,26.00551]],[[-111.17234,26.00483],[-111.17234,26.00483]],[[-111.17108,26.0001],[-111.17108,26.0001]],[[-111.11984,25.99378],[-111.11984,25.99265],[-111.12035,25.99197],[-111.12035,25.9861],[-111.1206,25.98588],[-111.1206,25.98497],[-111.12085,25.98475],[-111.12085,25.9843],[-111.1211,25.98407],[-111.12135,25.98294],[-111.12185,25.98227],[-111.12185,25.97843],[-111.12236,25.97775],[-111.12236,25.97753],[-111.12286,25.97707],[-111.12336,25.97595]],[[-111.16807,25.99084],[-111.16807,25.99084]],[[-111.16807,25.98926],[-111.16807,25.98926]],[[-111.16832,25.98881],[-111.16832,25.98881]],[[-111.16857,25.98858],[-111.16857,25.98858]],[[-111.16882,25.98813],[-111.16882,25.98813]],[[-111.16907,25.98723],[-111.16907,25.98723]],[[-111.16933,25.98701],[-111.16933,25.98701]],[[-111.16958,25.98655],[-111.16958,25.98655]],[[-111.16983,25.9861],[-111.16983,25.9861]],[[-111.16958,25.98385],[-111.16958,25.98385]],[[-111.16983,25.98317],[-111.16983,25.98317]],[[-111.17008,25.98294],[-111.17008,25.98294]],[[-111.17033,25.98272],[-111.17033,25.98272]],[[-111.17058,25.98204],[-111.17058,25.98204]]]},"properties":{"depth_m":200}},{"type":"Feature","geometry":{"type":"MultiLineString","coordinates":[[[-111.18433,26.08405],[-111.18138,26.08245],[-111.17711,26.08172],[-111.17284,26.08241],[-111.17133,26.08316],[-111.17009,26.08405]],[[-111.24016,26.07481],[-111.23538,26.07316],[-111.23136,26.07157],[-111.22512,26.06871],[-111.22283,26.06784],[-111.21027,26.06164],[-111.20625,26.05754],[-111.20424,26.05488],[-111.20072,26.05079],[-111.19771,26.04803],[-111.19613,26.04365],[-111.1959,26.03982],[-111.19605,26.03937],[-111.19796,26.03718],[-111.20022,26.03634],[-111.20449,26.03422],[-111.20926,26.03167],[-111.21052,26.03077],[-111.21396,26.02718],[-111.21718,26.02289],[-111.21881,26.02047],[-111.22283,26.01534],[-111.22382,26.01454],[-111.2271,26.01236],[-111.23136,26.0101],[-111.23642,26.00845],[-111.24016,26.00749]],[[-111.11984,26.06448],[-111.12035,26.06403],[-111.1206,26.06401],[-111.12261,26.06269],[-111.12386,26.06265],[-111.12411,26.06246],[-111.12411,26.06397],[-111.12437,26.06419],[-111.12437,26.06442],[-111.12487,26.06487],[-111.12512,26.06487],[-111.12512,26.0651],[-111.12612,26.066],[-111.12663,26.066],[-111.12663,26.06645],[-111.12688,26.06668],[-111.12713,26.06668],[-111.12788,26.06622],[-111.12788,26.06713],[-111.12838,26.06758],[-111.12889,26.0669],[-111.12889,26.06668],[-111.12939,26.06622],[-111.12964,26.0651],[-111.13039,26.06419],[-111.13039,26.06397],[-111.1309,26.06397],[-111.13165,26.06352],[-111.1319,26.06374],[-111.13265,26.06374],[-111.13316,26.06329],[-111.13316,26.06261],[-111.13416,26.06103],[-111.13391,26.06081],[-111.13391,26.06036],[-111.13316,26.05923],[-111.13316,26.059],[-111.13265,26.05855],[-111.1329,26.05832],[-111.1329,26.0572],[-111.13265,26.05697],[-111.13265,26.05652],[-111.1324,26.05629],[-111.1324,26.05584],[-111.13215,26.05562],[-111.13215,26.05426],[-111.1329,26.05426],[-111.13316,26.05404],[-111.13366,26.05404],[-111.13441,26.05359],[-111.13466,26.05359],[-111.13567,26.05268],[-111.13592,26.05268],[-111.13642,26.05223],[-111.14069,26.05043],[-111.14195,26.04952],[-111.1422,26.04952],[-111.1427,26.04907],[-111.14295,26.04907],[-111.14396,26.04817],[-111.14446,26.04817],[-111.14471,26.04839],[-111.14597,26.04862],[-111.14647,26.04817],[-111.14647,26.04772],[-111.14747,26.04704],[-111.14798,26.04704],[-111.14823,26.04727],[-111.14873,26.04727],[-111.14898,26.04749],[-111.15024,26.04749],[-111.15049,26.04772],[-111.15124,26.04727],[-111.15225,26.04727],[-111.1535,26.04614],[-111.15501,26.04614],[-111.15601,26.04546],[-111.15626,26.04546],[-111.15677,26.04501],[-111.15752,26.04478],[-111.15777,26.04456],[-111.15827,26.04456],[-111.15852,26.04433],[-111.15878,26.04433],[-111.15953,26.04365],[-111.16003,26.04365],[-111.16028,26.04343],[-111.16129,26.04343],[-111.16154,26.0432],[-111.16355,26.0432],[-111.1648,26.04253],[-111.16606,26.04253],[-111.16631,26.04275],[-111.16757,26.04275],[-111.16782,26.04298],[-111.16807,26.04275],[-111.16983,26.04253],[-111.17008,26.0423],[-111.17058,26.0423],[-111.17083,26.04207],[-111.17159,26.04207],[-111.17184,26.04185],[-111.17209,26.04207],[-111.17485,26.04207],[-111.1756,26.04162],[-111.1756,26.03824],[-111.17535,26.03801],[-111.17535,26.03756],[-111.1751,26.03734],[-111.1751,26.03688],[-111.17485,26.03666],[-111.17485,26.03553],[-111.1746,26.0353],[-111.1746,26.03485],[-111.17385,26.03372],[-111.1736,26.0326],[-111.17309,26.03214],[-111.17284,26.03147],[-111.17259,26.03124],[-111.17234,26.03011],[-111.17184,26.02944],[-111.17184,26.02898],[-111.17133,26.02831],[-111.17133,26.02808],[-111.16907,26.02605],[-111.16857,26.02492],[-111.16807,26.02447],[-111.16807,26.02402],[-111.16832,26.02379],[-111.16832,26.02131],[-111.16882,26.02086],[-111.16882,26.02063],[-111.16832,26.02018],[-111.16706,26.01973],[-111.16606,26.02063],[-111.16606,26.02086],[-111.16581,26.02109],[-111.16581,26.02154],[-111.16556,26.02176],[-111.16405,26.02221],[-111.1633,26.02154],[-111.16305,26.02086],[-111.16279,26.02063],[-111.16279,26.01996],[-111.16254,26.01973],[-111.16254,26.0186],[-111.1633,26.01747],[-111.16355,26.0168],[-111.16405,26.01635],[-111.1643,26.01567],[-111.16455,26.01567],[-111.1648,26.01544],[-111.16556,26.01544],[-111.16556,26.01567],[-111.16581,26.01589],[-111.16656,26.01589],[-111.16681,26.01567],[-111.16706,26.01567],[-111.16732,26.01589],[-111.16757,26.01589],[-111.16757,26.01635],[-111.16782,26.01657],[-111.16807,26.01635],[-111.16857,26.01635],[-111.16882,26.01612],[-111.16882,26.01589],[-111.16857,26.01567],[-111.16857,26.01499],[-111.16907,26.01454],[-111.16907,26.01228],[-111.16933,26.01206],[-111.16933,26.01161],[-111.16907,26.01138],[-111.17008,26.0107],[-111.17008,26.01003],[-111.17058,26.00935],[-111.17058,26.0089],[-111.17033,26.00867],[-111.17033,26.00845],[-111.17008,26.00822],[-111.16958,26.00822],[-111.16958,26.00754],[-111.16983,26.00732],[-111.16983,26.00709],[-111.17083,26.00619],[-111.17108,26.00619],[-111.17133,26.00596],[-111.17184,26.00596],[-111.17209,26.00574],[-111.17209,26.00551],[-111.17234,26.00529],[-111.17234,26.00483],[-111.17259,26.00461],[-111.17259,26.00371],[-111.17234,26.00348],[-111.17234,26.00303],[-111.17133,26.00145],[-111.17133,26.00055],[-111.17108,26.00032],[-111.17108,26.0001],[-111.17133,25.99987],[-111.17133,25.99942],[-111.17083,25.99874],[-111.17083,25.99829],[-111.17058,25.99806],[-111.17058,25.99739],[-111.17033,25.99716],[-111.17033,25.99671],[-111.16983,25.99626],[-111.16933,25.99513],[-111.16907,25.9949],[-111.16907,25.99445],[-111.16832,25.99332],[-111.16832,25.99287],[-111.16807,25.99265],[-111.16807,25.99084],[-111.16832,25.99062],[-111.16832,25.99016],[-111.16807,25.98994],[-111.16807,25.98926],[-111.16882,25.98836],[-111.16882,25.98813],[-111.16907,25.98791],[-111.16907,25.98723],[-111.16958,25.98678],[-111.16958,25.98655],[-111.17008,25.98588],[-111.17008,25.98497],[-111.16958,25.98452],[-111.16958,25.98385],[-111.16983,25.98362],[-111.16983,25.98317],[-111.17058,25.98249],[-111.17058,25.98204],[-111.17083,25.98182],[-111.17133,25.98182],[-111.17661,25.97938],[-111.17736,25.97936],[-111.17937,25.97847],[-111.17987,25.97846],[-111.18013,25.97824],[-111.18138,25.978],[-111.18241,25.97753],[-111.1844,25.97595]],[[-111.12864,26.06713],[-111.12864,26.06713]],[[-111.12889,26.06668],[-111.12889,26.06668]],[[-111.12914,26.06645],[-111.12914,26.06645]],[[-111.12738,26.06645],[-111.12738,26.06645]],[[-111.12788,26.06622],[-111.12788,26.06622]],[[-111.12939,26.06577],[-111.12939,26.06577]],[[-111.12964,26.0651],[-111.12964,26.0651]],[[-111.12989,26.06464],[-111.12989,26.06464]],[[-111.13014,26.06442],[-111.13014,26.06442]],[[-111.13039,26.06397],[-111.13039,26.06397]],[[-111.13115,26.06374],[-111.13115,26.06374]],[[-111.1329,26.06352],[-111.1329,26.06352]],[[-111.13165,26.06352],[-111.13165,26.06352]],[[-111.13316,26.06261],[-111.13316,26.06261]],[[-111.13341,26.06216],[-111.13341,26.06216]],[[-111.13366,26.06171],[-111.13366,26.06171]],[[-111.13391,26.06126],[-111.13391,26.06126]],[[-111.12135,26.05983],[-111.12135,26.05968],[-111.12119,26.05968],[-111.12135,26.05983]],[[-111.13265,26.05855],[-111.13265,26.05855]],[[-111.13215,26.05426],[-111.13215,26.05426]],[[-111.13316,26.05404],[-111.13316,26.05404]],[[-111.13391,26.05381],[-111.13391,26.05381]],[[-111.13441,26.05359],[-111.13441,26.05359]],[[-111.13491,26.05336],[-111.13491,26.05336]],[[-111.13517,26.05313],[-111.13517,26.05313]],[[-111.13542,26.05291],[-111.13542,26.05291]],[[-111.13567,26.05268],[-111.13567,26.05268]],[[-111.13617,26.05246],[-111.13617,26.05246]],[[-111.13642,26.05223],[-111.13642,26.05223]],[[-111.13692,26.05201],[-111.13692,26.05201]],[[-111.13743,26.05178],[-111.13743,26.05178]],[[-111.13793,26.05155],[-111.13793,26.05155]],[[-111.13843,26.05133],[-111.13843,26.05133]],[[-111.13893,26.0511],[-111.13893,26.0511]],[[-111.13944,26.05088],[-111.13944,26.05088]],[[-111.13994,26.05065],[-111.13994,26.05065]],[[-111.14044,26.05043],[-111.14044,26.05043]],[[-111.14094,26.0502],[-111.14094,26.0502]],[[-111.14119,26.04997],[-111.14119,26.04997]],[[-111.1417,26.04975],[-111.1417,26.04975]],[[-111.14195,26.04952],[-111.14195,26.04952]],[[-111.14245,26.0493],[-111.14245,26.0493]],[[-111.1427,26.04907],[-111.1427,26.04907]],[[-111.1432,26.04885],[-111.1432,26.04885]],[[-111.14345,26.04862],[-111.14345,26.04862]],[[-111.14622,26.04839],[-111.14622,26.04839]],[[-111.14521,26.04839],[-111.14521,26.04839]],[[-111.14371,26.04839],[-111.14371,26.04839]],[[-111.14446,26.04817],[-111.14446,26.04817]],[[-111.14396,26.04817],[-111.14396,26.04817]],[[-111.14647,26.04772],[-111.14647,26.04772]],[[-111.15074,26.04749],[-111.15074,26.04749]],[[-111.15024,26.04749],[-111.15024,26.04749]],[[-111.14672,26.04749],[-111.14672,26.04749]],[[-111.15124,26.04727],[-111.15124,26.04727]],[[-111.14873,26.04727],[-111.14873,26.04727]],[[-111.14722,26.04727],[-111.14722,26.04727]],[[-111.1525,26.04704],[-111.1525,26.04704]],[[-111.14798,26.04704],[-111.14798,26.04704]],[[-111.14747,26.04704],[-111.14747,26.04704]],[[-111.15275,26.04681],[-111.15275,26.04681]],[[-111.153,26.04659],[-111.153,26.04659]],[[-111.15325,26.04636],[-111.15325,26.04636]],[[-111.1535,26.04614],[-111.1535,26.04614]],[[-111.15526,26.04591],[-111.15526,26.04591]],[[-111.15576,26.04569],[-111.15576,26.04569]],[[-111.15601,26.04546],[-111.15601,26.04546]],[[-111.15652,26.04523],[-111.15652,26.04523]],[[-111.15677,26.04501],[-111.15677,26.04501]],[[-111.15727,26.04478],[-111.15727,26.04478]],[[-111.15777,26.04456],[-111.15777,26.04456]],[[-111.15852,26.04433],[-111.15852,26.04433]],[[-111.15903,26.04411],[-111.15903,26.04411]],[[-111.15928,26.04388],[-111.15928,26.04388]],[[-111.15953,26.04365],[-111.15953,26.04365]],[[-111.16028,26.04343],[-111.16028,26.04343]],[[-111.16154,26.0432],[-111.16154,26.0432]],[[-111.1638,26.04298],[-111.1638,26.04298]],[[-111.16807,26.04275],[-111.16807,26.04275]],[[-111.16757,26.04275],[-111.16757,26.04275]],[[-111.1643,26.04275],[-111.1643,26.04275]],[[-111.16907,26.04253],[-111.16907,26.04253]],[[-111.16606,26.04253],[-111.16606,26.04253]],[[-111.1648,26.04253],[-111.1648,26.04253]],[[-111.17008,26.0423],[-111.17008,26.0423]],[[-111.17083,26.04207],[-111.17083,26.04207]],[[-111.1751,26.04185],[-111.1751,26.04185]],[[-111.17184,26.04185],[-111.17184,26.04185]],[[-111.20097,26.03598],[-111.20097,26.03598]],[[-111.16807,26.02402],[-111.16807,26.02402]],[[-111.16832,26.02131],[-111.16832,26.02131]],[[-111.16857,26.02109],[-111.16857,26.02109]],[[-111.16254,26.0186],[-111.16254,26.0186]],[[-111.16279,26.01815],[-111.16279,26.01815]],[[-111.16305,26.0177],[-111.16305,26.0177]],[[-111.1633,26.01725],[-111.1633,26.01725]],[[-111.16355,26.0168],[-111.16355,26.0168]],[[-111.1638,26.01657],[-111.1638,26.01657]],[[-111.16807,26.01635],[-111.16807,26.01635]],[[-111.16405,26.01612],[-111.16405,26.01612]],[[-111.16757,26.01589],[-111.16757,26.01589]],[[-111.16706,26.01567],[-111.16706,26.01567]],[[-111.16681,26.01567],[-111.16681,26.01567]],[[-111.1643,26.01567],[-111.1643,26.01567]],[[-111.16556,26.01544],[-111.16556,26.01544]],[[-111.1648,26.01544],[-111.1648,26.01544]],[[-111.16857,26.01499],[-111.16857,26.01499]],[[-111.16882,26.01477],[-111.16882,26.01477]],[[-111.22483,26.01386],[-111.22483,26.01386]],[[-111.16907,26.01228],[-111.16907,26.01228]],[[-111.16907,26.01138],[-111.16907,26.01138]],[[-111.16933,26.01115],[-111.16933,26.01115]],[[-111.16958,26.01093],[-111.16958,26.01093]],[[-111.17008,26.01003],[-111.17008,26.01003]],[[-111.17033,26.00957],[-111.17033,26.00957]],[[-111.23965,26.00754],[-111.23965,26.00754]],[[-111.16958,26.00754],[-111.16958,26.00754]],[[-111.16983,26.00709],[-111.16983,26.00709]],[[-111.17008,26.00687],[-111.17008,26.00687]],[[-111.17033,26.00664],[-111.17033,26.00664]],[[-111.17058,26.00641],[-111.17058,26.00641]],[[-111.17083,26.00619],[-111.17083,26.00619]],[[-111.17133,26.00596],[-111.17133,26.00596]],[[-111.17209,26.00551],[-111.17209,26.00551]],[[-111.17234,26.00483],[-111.17234,26.00483]],[[-111.17108,26.0001],[-111.17108,26.0001]],[[-111.11984,25.99378],[-111.11984,25.99265],[-111.12035,25.99197],[-111.12035,25.9861],[-111.1206,25.98588],[-111.1206,25.98497],[-111.12085,25.98475],[-111.12085,25.9843],[-111.1211,25.98407],[-111.12135,25.98294],[-111.12185,25.98227],[-111.12185,25.97843],[-111.12236,25.97775],[-111.12236,25.97753],[-111.12286,25.97707],[-111.12336,25.97595]],[[-111.16807,25.99084],[-111.16807,25.99084]],[[-111.16807,25.98926],[-111.16807,25.98926]],[[-111.16832,25.98881],[-111.16832,25.98881]],[[-111.16857,25.98858],[-111.16857,25.98858]],[[-111.16882,25.98813],[-111.16882,25.98813]],[[-111.16907,25.98723],[-111.16907,25.98723]],[[-111.16933,25.98701],[-111.16933,25.98701]],[[-111.16958,25.98655],[-111.16958,25.98655]],[[-111.16983,25.9861],[-111.16983,25.9861]],[[-111.16958,25.98385],[-111.16958,25.98385]],[[-111.16983,25.98317],[-111.16983,25.98317]],[[-111.17008,25.98294],[-111.17008,25.98294]],[[-111.17033,25.98272],[-111.17033,25.98272]],[[-111.17058,25.98204],[-111.17058,25.98204]]]},"properties":{"depth_m":225}},{"type":"Feature","geometry":{"type":"MultiLineString","coordinates":[[[-111.18168,26.08405],[-111.18113,26.08374],[-111.17736,26.08357],[-111.17567,26.08405]],[[-111.24016,26.06795],[-111.23538,26.06702],[-111.2291,26.0651],[-111.22283,26.06355],[-111.21454,26.06052],[-111.21052,26.05838],[-111.20625,26.05395],[-111.20334,26.05043],[-111.20074,26.04794],[-111.19931,26.04569],[-111.19796,26.04397],[-111.19725,26.03982],[-111.1974,26.03937],[-111.19796,26.03878],[-111.20072,26.03814],[-111.20449,26.03692],[-111.20934,26.03485],[-111.21177,26.03359],[-111.21361,26.03237],[-111.21579,26.03061],[-111.22008,26.02628],[-111.22283,26.02304],[-111.2271,26.01971],[-111.23111,26.01763],[-111.23538,26.01579],[-111.24016,26.01421]],[[-111.11984,26.06444],[-111.12035,26.06399],[-111.1206,26.06398],[-111.12261,26.06265],[-111.12386,26.06263],[-111.12411,26.06242],[-111.12411,26.06397],[-111.12437,26.06419],[-111.12437,26.06442],[-111.12487,26.06487],[-111.12512,26.06487],[-111.12512,26.0651],[-111.12612,26.066],[-111.12663,26.066],[-111.12663,26.06645],[-111.12688,26.06668],[-111.12713,26.06668],[-111.12788,26.06622],[-111.12788,26.06713],[-111.12838,26.06758],[-111.12889,26.0669],[-111.12889,26.06668],[-111.12939,26.06622],[-111.12964,26.0651],[-111.13039,26.06419],[-111.13039,26.06397],[-111.1309,26.06397],[-111.13165,26.06352],[-111.1319,26.06374],[-111.13265,26.06374],[-111.13316,26.06329],[-111.13316,26.06261],[-111.13416,26.06103],[-111.13391,26.06081],[-111.13391,26.06036],[-111.13316,26.05923],[-111.13316,26.059],[-111.13265,26.05855],[-111.1329,26.05832],[-111.1329,26.0572],[-111.13265,26.05697],[-111.13265,26.05652],[-111.1324,26.05629],[-111.1324,26.05584],[-111.13215,26.05562],[-111.13215,26.05426],[-111.1329,26.05426],[-111.13316,26.05404],[-111.13366,26.05404],[-111.13441,26.05359],[-111.13466,26.05359],[-111.13567,26.05268],[-111.13592,26.05268],[-111.13642,26.05223],[-111.14069,26.05043],[-111.14195,26.04952],[-111.1422,26.04952],[-111.1427,26.04907],[-111.14295,26.04907],[-111.14396,26.04817],[-111.14446,26.04817],[-111.14471,26.04839],[-111.14597,26.04862],[-111.14647,26.04817],[-111.14647,26.04772],[-111.14747,26.04704],[-111.14798,26.04704],[-111.14823,26.04727],[-111.14873,26.04727],[-111.14898,26.04749],[-111.15024,26.04749],[-111.15049,26.04772],[-111.15124,26.04727],[-111.15225,26.04727],[-111.1535,26.04614],[-111.15501,26.04614],[-111.15601,26.04546],[-111.15626,26.04546],[-111.15677,26.04501],[-111.15702,26.04501],[-111.15777,26.04456],[-111.15827,26.04456],[-111.15852,26.04433],[-111.15878,26.04433],[-111.15953,26.04365],[-111.16003,26.04365],[-111.16028,26.04343],[-111.16129,26.04343],[-111.16154,26.0432],[-111.16355,26.0432],[-111.1648,26.04253],[-111.16606,26.04253],[-111.16631,26.04275],[-111.16757,26.04275],[-111.16782,26.04298],[-111.16807,26.04275],[-111.16983,26.04253],[-111.17008,26.0423],[-111.17058,26.0423],[-111.17083,26.04207],[-111.17159,26.04207],[-111.17184,26.04185],[-111.17209,26.04207],[-111.17485,26.04207],[-111.1756,26.04162],[-111.1756,26.03824],[-111.17535,26.03801],[-111.17535,26.03756],[-111.1751,26.03734],[-111.1751,26.03688],[-111.17485,26.03666],[-111.17485,26.03553],[-111.1746,26.0353],[-111.1746,26.03485],[-111.17385,26.03372],[-111.1736,26.0326],[-111.17309,26.03214],[-111.17284,26.03147],[-111.17259,26.03124],[-111.17234,26.03011],[-111.17184,26.02944],[-111.17184,26.02898],[-111.17133,26.02831],[-111.17133,26.02808],[-111.16907,26.02605],[-111.16857,26.02492],[-111.16807,26.02447],[-111.16807,26.02402],[-111.16832,26.02379],[-111.16832,26.02131],[-111.16882,26.02086],[-111.16882,26.02063],[-111.16832,26.02018],[-111.16706,26.01973],[-111.16606,26.02063],[-111.16606,26.02086],[-111.16581,26.02109],[-111.16581,26.02154],[-111.16556,26.02176],[-111.16405,26.02221],[-111.1633,26.02154],[-111.16305,26.02086],[-111.16279,26.02063],[-111.16279,26.01996],[-111.16254,26.01973],[-111.16254,26.0186],[-111.1633,26.01747],[-111.16355,26.0168],[-111.16405,26.01635],[-111.1643,26.01567],[-111.16455,26.01567],[-111.1648,26.01544],[-111.16556,26.01544],[-111.16556,26.01567],[-111.16581,26.01589],[-111.16656,26.01589],[-111.16681,26.01567],[-111.16706,26.01567],[-111.16732,26.01589],[-111.16757,26.01589],[-111.16757,26.01635],[-111.16782,26.01657],[-111.16807,26.01635],[-111.16857,26.01635],[-111.16882,26.01612],[-111.16882,26.01589],[-111.16857,26.01567],[-111.16857,26.01499],[-111.16907,26.01454],[-111.16907,26.01228],[-111.16933,26.01206],[-111.16933,26.01161],[-111.16907,26.01138],[-111.17008,26.0107],[-111.17008,26.01003],[-111.17058,26.00935],[-111.17058,26.0089],[-111.17033,26.00867],[-111.17033,26.00845],[-111.17008,26.00822],[-111.16958,26.00822],[-111.16958,26.00754],[-111.16983,26.00732],[-111.16983,26.00709],[-111.17083,26.00619],[-111.17108,26.00619],[-111.17133,26.00596],[-111.17184,26.00596],[-111.17209,26.00574],[-111.17209,26.00551],[-111.17234,26.00529],[-111.17234,26.00483],[-111.17259,26.00461],[-111.17259,26.00371],[-111.17234,26.00348],[-111.17234,26.00303],[-111.17133,26.00145],[-111.17133,26.00055],[-111.17108,26.00032],[-111.17108,26.0001],[-111.17133,25.99987],[-111.17133,25.99942],[-111.17083,25.99874],[-111.17083,25.99829],[-111.17058,25.99806],[-111.17058,25.99739],[-111.17033,25.99716],[-111.17033,25.99671],[-111.16983,25.99626],[-111.16933,25.99513],[-111.16907,25.9949],[-111.16907,25.99445],[-111.16832,25.99332],[-111.16832,25.99287],[-111.16807,25.99265],[-111.16807,25.99084],[-111.16832,25.99062],[-111.16832,25.99016],[-111.16807,25.98994],[-111.16807,25.98926],[-111.16882,25.98836],[-111.16882,25.98813],[-111.16907,25.98791],[-111.16907,25.98723],[-111.16958,25.98678],[-111.16958,25.98655],[-111.17008,25.98588],[-111.17008,25.98497],[-111.16958,25.98452],[-111.16958,25.98385],[-111.16983,25.98362],[-111.16983,25.98317],[-111.17058,25.98249],[-111.17083,25.98136],[-111.17108,25.98114],[-111.17133,25.98114],[-111.17284,25.97978],[-111.17284,25.97956],[-111.1741,25.97843],[-111.17485,25.9782],[-111.17551,25.97775],[-111.17542,25.97956],[-111.17567,25.97978],[-111.17661,25.97934],[-111.17736,25.97934],[-111.17761,25.97911],[-111.17812,25.97911],[-111.17937,25.97844],[-111.17987,25.97843],[-111.18013,25.97821],[-111.18063,25.97821],[-111.18088,25.97799],[-111.18138,25.97798],[-111.18175,25.97775],[-111.18187,25.97753],[-111.18187,25.97595]],[[-111.12864,26.06713],[-111.12864,26.06713]],[[-111.12889,26.06668],[-111.12889,26.06668]],[[-111.12914,26.06645],[-111.12914,26.06645]],[[-111.12738,26.06645],[-111.12738,26.06645]],[[-111.12788,26.06622],[-111.12788,26.06622]],[[-111.12939,26.06577],[-111.12939,26.06577]],[[-111.12964,26.0651],[-111.12964,26.0651]],[[-111.12989,26.06464],[-111.12989,26.06464]],[[-111.13014,26.06442],[-111.13014,26.06442]],[[-111.13039,26.06397],[-111.13039,26.06397]],[[-111.13115,26.06374],[-111.13115,26.06374]],[[-111.1329,26.06352],[-111.1329,26.06352]],[[-111.13165,26.06352],[-111.13165,26.06352]],[[-111.13316,26.06261],[-111.13316,26.06261]],[[-111.13341,26.06216],[-111.13341,26.06216]],[[-111.13366,26.06171],[-111.13366,26.06171]],[[-111.13391,26.06126],[-111.13391,26.06126]],[[-111.12135,26.05986],[-111.12135,26.05968],[-111.12115,26.05968],[-111.12135,26.05986]],[[-111.13265,26.05855],[-111.13265,26.05855]],[[-111.13215,26.05426],[-111.13215,26.05426]],[[-111.13316,26.05404],[-111.13316,26.05404]],[[-111.13391,26.05381],[-111.13391,26.05381]],[[-111.13441,26.05359],[-111.13441,26.05359]],[[-111.13491,26.05336],[-111.13491,26.05336]],[[-111.13517,26.05313],[-111.13517,26.05313]],[[-111.13542,26.05291],[-111.13542,26.05291]],[[-111.13567,26.05268],[-111.13567,26.05268]],[[-111.13617,26.05246],[-111.13617,26.05246]],[[-111.13642,26.05223],[-111.13642,26.05223]],[[-111.13692,26.05201],[-111.13692,26.05201]],[[-111.13743,26.05178],[-111.13743,26.05178]],[[-111.13793,26.05155],[-111.13793,26.05155]],[[-111.13843,26.05133],[-111.13843,26.05133]],[[-111.13893,26.0511],[-111.13893,26.0511]],[[-111.13944,26.05088],[-111.13944,26.05088]],[[-111.13994,26.05065],[-111.13994,26.05065]],[[-111.14044,26.05043],[-111.14044,26.05043]],[[-111.14094,26.0502],[-111.14094,26.0502]],[[-111.14119,26.04997],[-111.14119,26.04997]],[[-111.1417,26.04975],[-111.1417,26.04975]],[[-111.14195,26.04952],[-111.14195,26.04952]],[[-111.14245,26.0493],[-111.14245,26.0493]],[[-111.1427,26.04907],[-111.1427,26.04907]],[[-111.1432,26.04885],[-111.1432,26.04885]],[[-111.14345,26.04862],[-111.14345,26.04862]],[[-111.14622,26.04839],[-111.14622,26.04839]],[[-111.14521,26.04839],[-111.14521,26.04839]],[[-111.14371,26.04839],[-111.14371,26.04839]],[[-111.14446,26.04817],[-111.14446,26.04817]],[[-111.14396,26.04817],[-111.14396,26.04817]],[[-111.14647,26.04772],[-111.14647,26.04772]],[[-111.15074,26.04749],[-111.15074,26.04749]],[[-111.15024,26.04749],[-111.15024,26.04749]],[[-111.14672,26.04749],[-111.14672,26.04749]],[[-111.15124,26.04727],[-111.15124,26.04727]],[[-111.14873,26.04727],[-111.14873,26.04727]],[[-111.14722,26.04727],[-111.14722,26.04727]],[[-111.1525,26.04704],[-111.1525,26.04704]],[[-111.14798,26.04704],[-111.14798,26.04704]],[[-111.14747,26.04704],[-111.14747,26.04704]],[[-111.15275,26.04681],[-111.15275,26.04681]],[[-111.153,26.04659],[-111.153,26.04659]],[[-111.15325,26.04636],[-111.15325,26.04636]],[[-111.1535,26.04614],[-111.1535,26.04614]],[[-111.15526,26.04591],[-111.15526,26.04591]],[[-111.15576,26.04569],[-111.15576,26.04569]],[[-111.15601,26.04546],[-111.15601,26.04546]],[[-111.15652,26.04523],[-111.15652,26.04523]],[[-111.15677,26.04501],[-111.15677,26.04501]],[[-111.15727,26.04478],[-111.15727,26.04478]],[[-111.15777,26.04456],[-111.15777,26.04456]],[[-111.15852,26.04433],[-111.15852,26.04433]],[[-111.15903,26.04411],[-111.15903,26.04411]],[[-111.15928,26.04388],[-111.15928,26.04388]],[[-111.15953,26.04365],[-111.15953,26.04365]],[[-111.16028,26.04343],[-111.16028,26.04343]],[[-111.16154,26.0432],[-111.16154,26.0432]],[[-111.1638,26.04298],[-111.1638,26.04298]],[[-111.16807,26.04275],[-111.16807,26.04275]],[[-111.16757,26.04275],[-111.16757,26.04275]],[[-111.1643,26.04275],[-111.1643,26.04275]],[[-111.16907,26.04253],[-111.16907,26.04253]],[[-111.16606,26.04253],[-111.16606,26.04253]],[[-111.1648,26.04253],[-111.1648,26.04253]],[[-111.17008,26.0423],[-111.17008,26.0423]],[[-111.17083,26.04207],[-111.17083,26.04207]],[[-111.1751,26.04185],[-111.1751,26.04185]],[[-111.17184,26.04185],[-111.17184,26.04185]],[[-111.2183,26.02808],[-111.2183,26.02808]],[[-111.16807,26.02402],[-111.16807,26.02402]],[[-111.22358,26.02244],[-111.22358,26.02244]],[[-111.16832,26.02131],[-111.16832,26.02131]],[[-111.16857,26.02109],[-111.16857,26.02109]],[[-111.16254,26.0186],[-111.16254,26.0186]],[[-111.16279,26.01815],[-111.16279,26.01815]],[[-111.16305,26.0177],[-111.16305,26.0177]],[[-111.1633,26.01725],[-111.1633,26.01725]],[[-111.16355,26.0168],[-111.16355,26.0168]],[[-111.1638,26.01657],[-111.1638,26.01657]],[[-111.16807,26.01635],[-111.16807,26.01635]],[[-111.16405,26.01612],[-111.16405,26.01612]],[[-111.16757,26.01589],[-111.16757,26.01589]],[[-111.16706,26.01567],[-111.16706,26.01567]],[[-111.16681,26.01567],[-111.16681,26.01567]],[[-111.1643,26.01567],[-111.1643,26.01567]],[[-111.16556,26.01544],[-111.16556,26.01544]],[[-111.1648,26.01544],[-111.1648,26.01544]],[[-111.16857,26.01499],[-111.16857,26.01499]],[[-111.16882,26.01477],[-111.16882,26.01477]],[[-111.16907,26.01228],[-111.16907,26.01228]],[[-111.16907,26.01138],[-111.16907,26.01138]],[[-111.16933,26.01115],[-111.16933,26.01115]],[[-111.16958,26.01093],[-111.16958,26.01093]],[[-111.17008,26.01003],[-111.17008,26.01003]],[[-111.17033,26.00957],[-111.17033,26.00957]],[[-111.16958,26.00754],[-111.16958,26.00754]],[[-111.16983,26.00709],[-111.16983,26.00709]],[[-111.17008,26.00687],[-111.17008,26.00687]],[[-111.17033,26.00664],[-111.17033,26.00664]],[[-111.17058,26.00641],[-111.17058,26.00641]],[[-111.17083,26.00619],[-111.17083,26.00619]],[[-111.17133,26.00596],[-111.17133,26.00596]],[[-111.17209,26.00551],[-111.17209,26.00551]],[[-111.17234,26.00483],[-111.17234,26.00483]],[[-111.17108,26.0001],[-111.17108,26.0001]],[[-111.11984,25.99378],[-111.11984,25.99265],[-111.12035,25.99197],[-111.12035,25.9861],[-111.1206,25.98588],[-111.1206,25.98497],[-111.12085,25.98475],[-111.12085,25.9843],[-111.1211,25.98407],[-111.12135,25.98294],[-111.12185,25.98227],[-111.12185,25.97843],[-111.12236,25.97775],[-111.12236,25.97753],[-111.12286,25.97707],[-111.12336,25.97595]],[[-111.16807,25.99084],[-111.16807,25.99084]],[[-111.16807,25.98926],[-111.16807,25.98926]],[[-111.16832,25.98881],[-111.16832,25.98881]],[[-111.16857,25.98858],[-111.16857,25.98858]],[[-111.16882,25.98813],[-111.16882,25.98813]],[[-111.16907,25.98723],[-111.16907,25.98723]],[[-111.16933,25.98701],[-111.16933,25.98701]],[[-111.16958,25.98655],[-111.16958,25.98655]],[[-111.16983,25.9861],[-111.16983,25.9861]],[[-111.16958,25.98385],[-111.16958,25.98385]],[[-111.16983,25.98317],[-111.16983,25.98317]],[[-111.17008,25.98294],[-111.17008,25.98294]],[[-111.17033,25.98272],[-111.17033,25.98272]],[[-111.17058,25.98204],[-111.17058,25.98204]],[[-111.17083,25.98136],[-111.17083,25.98136]],[[-111.17108,25.98114],[-111.17108,25.98114]],[[-111.17159,25.98091],[-111.17159,25.98091]],[[-111.17184,25.98069],[-111.17184,25.98069]],[[-111.17209,25.98046],[-111.17209,25.98046]],[[-111.17234,25.98023],[-111.17234,25.98023]],[[-111.17259,25.98001],[-111.17259,25.98001]],[[-111.17284,25.97956],[-111.17284,25.97956]],[[-111.17309,25.97933],[-111.17309,25.97933]],[[-111.17334,25.97911],[-111.17334,25.97911]],[[-111.1736,25.97888],[-111.1736,25.97888]],[[-111.17385,25.97865],[-111.17385,25.97865]],[[-111.1741,25.97843],[-111.1741,25.97843]],[[-111.1746,25.9782],[-111.1746,25.9782]],[[-111.1751,25.97798],[-111.1751,25.97798]],[[-111.17535,25.97775],[-111.17535,25.97775]]]},"properties":{"depth_m":250}},{"type":"Feature","geometry":{"type":"MultiLineString","coordinates":[[[-111.11984,26.0612],[-111.12185,26.0612],[-111.12204,26.06103],[-111.12311,26.06103],[-111.12386,26.06171],[-111.12386,26.06216],[-111.12411,26.06239],[-111.12411,26.06397],[-111.12437,26.06419],[-111.12437,26.06442],[-111.12487,26.06487],[-111.12512,26.06487],[-111.12512,26.0651],[-111.12612,26.066],[-111.12663,26.066],[-111.12663,26.06645],[-111.12688,26.06668],[-111.12713,26.06668],[-111.12788,26.06622],[-111.12788,26.06713],[-111.12838,26.06758],[-111.12889,26.0669],[-111.12889,26.06668],[-111.12939,26.06622],[-111.12964,26.0651],[-111.13039,26.06419],[-111.13039,26.06397],[-111.1309,26.06397],[-111.13165,26.06352],[-111.1319,26.06374],[-111.13265,26.06374],[-111.13316,26.06329],[-111.13316,26.06261],[-111.13416,26.06103],[-111.13391,26.06081],[-111.13391,26.06036],[-111.13316,26.05923],[-111.13316,26.059],[-111.13265,26.05855],[-111.1329,26.05832],[-111.1329,26.0572],[-111.13265,26.05697],[-111.13265,26.05652],[-111.1324,26.05629],[-111.1324,26.05584],[-111.13215,26.05562],[-111.13215,26.05426],[-111.1329,26.05426],[-111.13316,26.05404],[-111.13366,26.05404],[-111.13441,26.05359],[-111.13466,26.05359],[-111.13567,26.05268],[-111.13592,26.05268],[-111.13642,26.05223],[-111.14069,26.05043],[-111.14195,26.04952],[-111.1422,26.04952],[-111.1427,26.04907],[-111.14295,26.04907],[-111.14396,26.04817],[-111.14446,26.04817],[-111.14471,26.04839],[-111.14521,26.04839],[-111.14546,26.04862],[-111.14597,26.04862],[-111.14647,26.04817],[-111.14647,26.04772],[-111.14747,26.04704],[-111.14798,26.04704],[-111.14823,26.04727],[-111.14873,26.04727],[-111.14898,26.04749],[-111.15024,26.04749],[-111.15049,26.04772],[-111.15124,26.04727],[-111.15225,26.04727],[-111.1535,26.04614],[-111.15501,26.04614],[-111.15601,26.04546],[-111.15626,26.04546],[-111.15677,26.04501],[-111.15752,26.04478],[-111.15777,26.04456],[-111.15827,26.04456],[-111.15852,26.04433],[-111.15878,26.04433],[-111.15953,26.04365],[-111.16003,26.04365],[-111.16028,26.04343],[-111.16129,26.04343],[-111.16154,26.0432],[-111.16355,26.0432],[-111.1648,26.04253],[-111.16606,26.04253],[-111.16631,26.04275],[-111.16757,26.04275],[-111.16782,26.04298],[-111.16807,26.04275],[-111.16983,26.04253],[-111.17008,26.0423],[-111.17058,26.0423],[-111.17083,26.04207],[-111.17159,26.04207],[-111.17184,26.04185],[-111.17209,26.04207],[-111.17485,26.04207],[-111.1756,26.04162],[-111.1756,26.03824],[-111.17535,26.03801],[-111.17535,26.03756],[-111.1751,26.03734],[-111.1751,26.03688],[-111.17485,26.03666],[-111.17485,26.03553],[-111.1746,26.0353],[-111.1746,26.03485],[-111.17385,26.03372],[-111.1736,26.0326],[-111.17309,26.03214],[-111.17284,26.03147],[-111.17259,26.03124],[-111.17234,26.03011],[-111.17184,26.02944],[-111.17184,26.02898],[-111.17133,26.02831],[-111.17133,26.02808],[-111.16907,26.02605],[-111.16857,26.02492],[-111.16807,26.02447],[-111.16807,26.02402],[-111.16832,26.02379],[-111.16832,26.02131],[-111.16882,26.02086],[-111.16882,26.02063],[-111.16832,26.02018],[-111.16706,26.01973],[-111.16606,26.02063],[-111.16606,26.02086],[-111.16581,26.02109],[-111.16581,26.02154],[-111.16556,26.02176],[-111.16405,26.02221],[-111.1633,26.02154],[-111.16305,26.02086],[-111.16279,26.02063],[-111.16279,26.01996],[-111.16254,26.01973],[-111.16254,26.0186],[-111.1633,26.01747],[-111.16355,26.0168],[-111.16405,26.01635],[-111.1643,26.01567],[-111.16455,26.01567],[-111.1648,26.01544],[-111.16556,26.01544],[-111.16556,26.01567],[-111.16581,26.01589],[-111.16656,26.01589],[-111.16681,26.01567],[-111.16706,26.01567],[-111.16732,26.01589],[-111.16757,26.01589],[-111.16757,26.01635],[-111.16782,26.01657],[-111.16807,26.01635],[-111.16857,26.01635],[-111.16882,26.01612],[-111.16882,26.01589],[-111.16857,26.01567],[-111.16857,26.01499],[-111.16907,26.01454],[-111.16907,26.01228],[-111.16933,26.01206],[-111.16933,26.01161],[-111.16907,26.01138],[-111.17008,26.0107],[-111.17008,26.01003],[-111.17058,26.00935],[-111.17058,26.0089],[-111.17033,26.00867],[-111.17033,26.00845],[-111.17008,26.00822],[-111.16958,26.00822],[-111.16958,26.00754],[-111.16983,26.00732],[-111.16983,26.00709],[-111.17083,26.00619],[-111.17108,26.00619],[-111.17133,26.00596],[-111.17184,26.00596],[-111.17209,26.00574],[-111.17209,26.00551],[-111.17234,26.00529],[-111.17234,26.00483],[-111.17259,26.00461],[-111.17259,26.00371],[-111.17234,26.00348],[-111.17234,26.00303],[-111.17133,26.00145],[-111.17133,26.00055],[-111.17108,26.00032],[-111.17108,26.0001],[-111.17133,25.99987],[-111.17133,25.99942],[-111.17083,25.99874],[-111.17083,25.99829],[-111.17058,25.99806],[-111.17058,25.99739],[-111.17033,25.99716],[-111.17033,25.99671],[-111.16983,25.99626],[-111.16933,25.99513],[-111.16907,25.9949],[-111.16907,25.99445],[-111.16832,25.99332],[-111.16832,25.99287],[-111.16807,25.99265],[-111.16807,25.99084],[-111.16832,25.99062],[-111.16832,25.99016],[-111.16807,25.98994],[-111.16807,25.98926],[-111.16882,25.98836],[-111.16882,25.98813],[-111.16907,25.98791],[-111.16907,25.98723],[-111.16958,25.98678],[-111.16958,25.98655],[-111.17008,25.98588],[-111.17008,25.98497],[-111.16958,25.98452],[-111.16958,25.98385],[-111.16983,25.98362],[-111.16983,25.98317],[-111.17058,25.98249],[-111.17083,25.98136],[-111.17108,25.98114],[-111.17133,25.98114],[-111.17284,25.97978],[-111.17284,25.97956],[-111.1741,25.97843],[-111.17485,25.9782],[-111.17535,25.97775],[-111.1756,25.97775],[-111.17586,25.97753],[-111.17636,25.97753],[-111.17661,25.9773],[-111.17812,25.9773],[-111.17887,25.97662],[-111.17912,25.97662],[-111.17937,25.9764],[-111.17937,25.97617],[-111.17962,25.97595]],[[-111.12864,26.06713],[-111.12864,26.06713]],[[-111.12889,26.06668],[-111.12889,26.06668]],[[-111.12914,26.06645],[-111.12914,26.06645]],[[-111.12738,26.06645],[-111.12738,26.06645]],[[-111.12788,26.06622],[-111.12788,26.06622]],[[-111.12939,26.06577],[-111.12939,26.06577]],[[-111.12964,26.0651],[-111.12964,26.0651]],[[-111.12989,26.06464],[-111.12989,26.06464]],[[-111.13014,26.06442],[-111.13014,26.06442]],[[-111.13039,26.06397],[-111.13039,26.06397]],[[-111.13115,26.06374],[-111.13115,26.06374]],[[-111.1329,26.06352],[-111.1329,26.06352]],[[-111.13165,26.06352],[-111.13165,26.06352]],[[-111.13316,26.06261],[-111.13316,26.06261]],[[-111.13341,26.06216],[-111.13341,26.06216]],[[-111.13366,26.06171],[-111.13366,26.06171]],[[-111.24016,26.0612],[-111.22308,26.05918],[-111.21454,26.05655],[-111.21052,26.05459],[-111.20818,26.05223],[-111.20686,26.05043],[-111.20473,26.04794],[-111.20375,26.04591],[-111.20243,26.04388],[-111.20242,26.04365],[-111.20273,26.04252],[-111.20342,26.04117],[-111.20418,26.04027],[-111.20505,26.03959],[-111.20801,26.03871],[-111.2137,26.03643],[-111.2173,26.03455],[-111.221,26.03214],[-111.22308,26.03056],[-111.2271,26.02804],[-111.23111,26.02577],[-111.24016,26.02206]],[[-111.13391,26.06126],[-111.13391,26.06126]],[[-111.12135,26.0599],[-111.12135,26.05968],[-111.12111,26.05968],[-111.12135,26.0599]],[[-111.13265,26.05855],[-111.13265,26.05855]],[[-111.13215,26.05426],[-111.13215,26.05426]],[[-111.13316,26.05404],[-111.13316,26.05404]],[[-111.13391,26.05381],[-111.13391,26.05381]],[[-111.13441,26.05359],[-111.13441,26.05359]],[[-111.13491,26.05336],[-111.13491,26.05336]],[[-111.13517,26.05313],[-111.13517,26.05313]],[[-111.13542,26.05291],[-111.13542,26.05291]],[[-111.13567,26.05268],[-111.13567,26.05268]],[[-111.13617,26.05246],[-111.13617,26.05246]],[[-111.13642,26.05223],[-111.13642,26.05223]],[[-111.13692,26.05201],[-111.13692,26.05201]],[[-111.13743,26.05178],[-111.13743,26.05178]],[[-111.13793,26.05155],[-111.13793,26.05155]],[[-111.13843,26.05133],[-111.13843,26.05133]],[[-111.13893,26.0511],[-111.13893,26.0511]],[[-111.13944,26.05088],[-111.13944,26.05088]],[[-111.13994,26.05065],[-111.13994,26.05065]],[[-111.14044,26.05043],[-111.14044,26.05043]],[[-111.14094,26.0502],[-111.14094,26.0502]],[[-111.14119,26.04997],[-111.14119,26.04997]],[[-111.1417,26.04975],[-111.1417,26.04975]],[[-111.14195,26.04952],[-111.14195,26.04952]],[[-111.14245,26.0493],[-111.14245,26.0493]],[[-111.1427,26.04907],[-111.1427,26.04907]],[[-111.1432,26.04885],[-111.1432,26.04885]],[[-111.14345,26.04862],[-111.14345,26.04862]],[[-111.14622,26.04839],[-111.14622,26.04839]],[[-111.14521,26.04839],[-111.14521,26.04839]],[[-111.14371,26.04839],[-111.14371,26.04839]],[[-111.14446,26.04817],[-111.14446,26.04817]],[[-111.14396,26.04817],[-111.14396,26.04817]],[[-111.14647,26.04772],[-111.14647,26.04772]],[[-111.15074,26.04749],[-111.15074,26.04749]],[[-111.15024,26.04749],[-111.15024,26.04749]],[[-111.14672,26.04749],[-111.14672,26.04749]],[[-111.15124,26.04727],[-111.15124,26.04727]],[[-111.14873,26.04727],[-111.14873,26.04727]],[[-111.14722,26.04727],[-111.14722,26.04727]],[[-111.1525,26.04704],[-111.1525,26.04704]],[[-111.14798,26.04704],[-111.14798,26.04704]],[[-111.14747,26.04704],[-111.14747,26.04704]],[[-111.15275,26.04681],[-111.15275,26.04681]],[[-111.153,26.04659],[-111.153,26.04659]],[[-111.15325,26.04636],[-111.15325,26.04636]],[[-111.1535,26.04614],[-111.1535,26.04614]],[[-111.15526,26.04591],[-111.15526,26.04591]],[[-111.15576,26.04569],[-111.15576,26.04569]],[[-111.15601,26.04546],[-111.15601,26.04546]],[[-111.15652,26.04523],[-111.15652,26.04523]],[[-111.15677,26.04501],[-111.15677,26.04501]],[[-111.15727,26.04478],[-111.15727,26.04478]],[[-111.15777,26.04456],[-111.15777,26.04456]],[[-111.15852,26.04433],[-111.15852,26.04433]],[[-111.15903,26.04411],[-111.15903,26.04411]],[[-111.15928,26.04388],[-111.15928,26.04388]],[[-111.15953,26.04365],[-111.15953,26.04365]],[[-111.16028,26.04343],[-111.16028,26.04343]],[[-111.16154,26.0432],[-111.16154,26.0432]],[[-111.1638,26.04298],[-111.1638,26.04298]],[[-111.16807,26.04275],[-111.16807,26.04275]],[[-111.16757,26.04275],[-111.16757,26.04275]],[[-111.1643,26.04275],[-111.1643,26.04275]],[[-111.16907,26.04253],[-111.16907,26.04253]],[[-111.16606,26.04253],[-111.16606,26.04253]],[[-111.1648,26.04253],[-111.1648,26.04253]],[[-111.17008,26.0423],[-111.17008,26.0423]],[[-111.17083,26.04207],[-111.17083,26.04207]],[[-111.1751,26.04185],[-111.1751,26.04185]],[[-111.17184,26.04185],[-111.17184,26.04185]],[[-111.22458,26.02966],[-111.22458,26.02966]],[[-111.16807,26.02402],[-111.16807,26.02402]],[[-111.16832,26.02131],[-111.16832,26.02131]],[[-111.16857,26.02109],[-111.16857,26.02109]],[[-111.16254,26.0186],[-111.16254,26.0186]],[[-111.16279,26.01815],[-111.16279,26.01815]],[[-111.16305,26.0177],[-111.16305,26.0177]],[[-111.1633,26.01725],[-111.1633,26.01725]],[[-111.16355,26.0168],[-111.16355,26.0168]],[[-111.1638,26.01657],[-111.1638,26.01657]],[[-111.16807,26.01635],[-111.16807,26.01635]],[[-111.16405,26.01612],[-111.16405,26.01612]],[[-111.16757,26.01589],[-111.16757,26.01589]],[[-111.16706,26.01567],[-111.16706,26.01567]],[[-111.16681,26.01567],[-111.16681,26.01567]],[[-111.1643,26.01567],[-111.1643,26.01567]],[[-111.16556,26.01544],[-111.16556,26.01544]],[[-111.1648,26.01544],[-111.1648,26.01544]],[[-111.16857,26.01499],[-111.16857,26.01499]],[[-111.16882,26.01477],[-111.16882,26.01477]],[[-111.16907,26.01228],[-111.16907,26.01228]],[[-111.16907,26.01138],[-111.16907,26.01138]],[[-111.16933,26.01115],[-111.16933,26.01115]],[[-111.16958,26.01093],[-111.16958,26.01093]],[[-111.17008,26.01003],[-111.17008,26.01003]],[[-111.17033,26.00957],[-111.17033,26.00957]],[[-111.16958,26.00754],[-111.16958,26.00754]],[[-111.16983,26.00709],[-111.16983,26.00709]],[[-111.17008,26.00687],[-111.17008,26.00687]],[[-111.17033,26.00664],[-111.17033,26.00664]],[[-111.17058,26.00641],[-111.17058,26.00641]],[[-111.17083,26.00619],[-111.17083,26.00619]],[[-111.17133,26.00596],[-111.17133,26.00596]],[[-111.17209,26.00551],[-111.17209,26.00551]],[[-111.17234,26.00483],[-111.17234,26.00483]],[[-111.17108,26.0001],[-111.17108,26.0001]],[[-111.11984,25.99378],[-111.11984,25.99265],[-111.12035,25.99197],[-111.12035,25.9861],[-111.1206,25.98588],[-111.1206,25.98497],[-111.12085,25.98475],[-111.12085,25.9843],[-111.1211,25.98407],[-111.12135,25.98294],[-111.12185,25.98227],[-111.12185,25.97843],[-111.12236,25.97775],[-111.12236,25.97753],[-111.12286,25.97707],[-111.12336,25.97595]],[[-111.16807,25.99084],[-111.16807,25.99084]],[[-111.16807,25.98926],[-111.16807,25.98926]],[[-111.16832,25.98881],[-111.16832,25.98881]],[[-111.16857,25.98858],[-111.16857,25.98858]],[[-111.16882,25.98813],[-111.16882,25.98813]],[[-111.16907,25.98723],[-111.16907,25.98723]],[[-111.16933,25.98701],[-111.16933,25.98701]],[[-111.16958,25.98655],[-111.16958,25.98655]],[[-111.16983,25.9861],[-111.16983,25.9861]],[[-111.16958,25.98385],[-111.16958,25.98385]],[[-111.16983,25.98317],[-111.16983,25.98317]],[[-111.17008,25.98294],[-111.17008,25.98294]],[[-111.17033,25.98272],[-111.17033,25.98272]],[[-111.17058,25.98204],[-111.17058,25.98204]],[[-111.17083,25.98136],[-111.17083,25.98136]],[[-111.17108,25.98114],[-111.17108,25.98114]],[[-111.17159,25.98091],[-111.17159,25.98091]],[[-111.17184,25.98069],[-111.17184,25.98069]],[[-111.17209,25.98046],[-111.17209,25.98046]],[[-111.17234,25.98023],[-111.17234,25.98023]],[[-111.17259,25.98001],[-111.17259,25.98001]],[[-111.17284,25.97956],[-111.17284,25.97956]],[[-111.17309,25.97933],[-111.17309,25.97933]],[[-111.17334,25.97911],[-111.17334,25.97911]],[[-111.1736,25.97888],[-111.1736,25.97888]],[[-111.17385,25.97865],[-111.17385,25.97865]],[[-111.1741,25.97843],[-111.1741,25.97843]],[[-111.1746,25.9782],[-111.1746,25.9782]],[[-111.1751,25.97798],[-111.1751,25.97798]],[[-111.17535,25.97775],[-111.17535,25.97775]],[[-111.17586,25.97753],[-111.17586,25.97753]],[[-111.17661,25.9773],[-111.17661,25.9773]],[[-111.17837,25.97707],[-111.17837,25.97707]],[[-111.17862,25.97685],[-111.17862,25.97685]],[[-111.17887,25.97662],[-111.17887,25.97662]],[[-111.17937,25.97617],[-111.17937,25.97617]]]},"properties":{"depth_m":275}},{"type":"Feature","geometry":{"type":"MultiLineString","coordinates":[[[-111.11984,26.05923],[-111.12035,26.0599],[-111.1206,26.0599],[-111.12085,26.05968],[-111.12135,26.05968],[-111.12135,26.0599],[-111.1216,26.06013],[-111.1216,26.06058],[-111.1221,26.06103],[-111.12311,26.06103],[-111.12386,26.06171],[-111.12386,26.06216],[-111.12411,26.06239],[-111.12411,26.06397],[-111.12437,26.06419],[-111.12437,26.06442],[-111.12487,26.06487],[-111.12512,26.06487],[-111.12512,26.0651],[-111.12612,26.066],[-111.12663,26.066],[-111.12663,26.06645],[-111.12688,26.06668],[-111.12713,26.06668],[-111.12788,26.06622],[-111.12788,26.06713],[-111.12838,26.06758],[-111.12889,26.0669],[-111.12889,26.06668],[-111.12939,26.06622],[-111.12964,26.0651],[-111.13039,26.06419],[-111.13039,26.06397],[-111.1309,26.06397],[-111.13165,26.06352],[-111.1319,26.06374],[-111.13265,26.06374],[-111.13316,26.06329],[-111.13316,26.06261],[-111.13416,26.06103],[-111.13391,26.06081],[-111.13391,26.06036],[-111.13316,26.05923],[-111.13316,26.059],[-111.13265,26.05855],[-111.1329,26.05832],[-111.1329,26.0572],[-111.13265,26.05697],[-111.13265,26.05652],[-111.1324,26.05629],[-111.1324,26.05584],[-111.13215,26.05562],[-111.13215,26.05426],[-111.1329,26.05426],[-111.13316,26.05404],[-111.13366,26.05404],[-111.13441,26.05359],[-111.13466,26.05359],[-111.13567,26.05268],[-111.13592,26.05268],[-111.13642,26.05223],[-111.14069,26.05043],[-111.14195,26.04952],[-111.1422,26.04952],[-111.1427,26.04907],[-111.14295,26.04907],[-111.14396,26.04817],[-111.14446,26.04817],[-111.14471,26.04839],[-111.14521,26.04839],[-111.14546,26.04862],[-111.14597,26.04862],[-111.14647,26.04817],[-111.14647,26.04772],[-111.14747,26.04704],[-111.14798,26.04704],[-111.14823,26.04727],[-111.14873,26.04727],[-111.14898,26.04749],[-111.15024,26.04749],[-111.15049,26.04772],[-111.15124,26.04727],[-111.15225,26.04727],[-111.1535,26.04614],[-111.15501,26.04614],[-111.15601,26.04546],[-111.15626,26.04546],[-111.15677,26.04501],[-111.15752,26.04478],[-111.15777,26.04456],[-111.15827,26.04456],[-111.15852,26.04433],[-111.15878,26.04433],[-111.15953,26.04365],[-111.16003,26.04365],[-111.16028,26.04343],[-111.16129,26.04343],[-111.16154,26.0432],[-111.16355,26.0432],[-111.1648,26.04253],[-111.16606,26.04253],[-111.16631,26.04275],[-111.16757,26.04275],[-111.16782,26.04298],[-111.16807,26.04275],[-111.16983,26.04253],[-111.17008,26.0423],[-111.17058,26.0423],[-111.17083,26.04207],[-111.17159,26.04207],[-111.17184,26.04185],[-111.17209,26.04207],[-111.17485,26.04207],[-111.1756,26.04162],[-111.1756,26.03824],[-111.17535,26.03801],[-111.17535,26.03756],[-111.1751,26.03734],[-111.1751,26.03688],[-111.17485,26.03666],[-111.17485,26.03553],[-111.1746,26.0353],[-111.1746,26.03485],[-111.17385,26.03372],[-111.1736,26.0326],[-111.17309,26.03214],[-111.17284,26.03147],[-111.17259,26.03124],[-111.17234,26.03011],[-111.17184,26.02944],[-111.17184,26.02898],[-111.17159,26.02876],[-111.17133,26.02808],[-111.16907,26.02605],[-111.16857,26.02492],[-111.16807,26.02447],[-111.16807,26.02402],[-111.16832,26.02379],[-111.16832,26.02131],[-111.16882,26.02086],[-111.16882,26.02063],[-111.16832,26.02018],[-111.16706,26.01973],[-111.16606,26.02063],[-111.16606,26.02086],[-111.16581,26.02109],[-111.16581,26.02154],[-111.16556,26.02176],[-111.16405,26.02221],[-111.1633,26.02154],[-111.16305,26.02086],[-111.16279,26.02063],[-111.16279,26.01996],[-111.16254,26.01973],[-111.16254,26.0186],[-111.1633,26.01747],[-111.16355,26.0168],[-111.16405,26.01635],[-111.1643,26.01567],[-111.16455,26.01567],[-111.1648,26.01544],[-111.16556,26.01544],[-111.16556,26.01567],[-111.16581,26.01589],[-111.16656,26.01589],[-111.16681,26.01567],[-111.16706,26.01567],[-111.16732,26.01589],[-111.16757,26.01589],[-111.16757,26.01635],[-111.16782,26.01657],[-111.16807,26.01635],[-111.16857,26.01635],[-111.16882,26.01612],[-111.16882,26.01589],[-111.16857,26.01567],[-111.16857,26.01499],[-111.16907,26.01454],[-111.16907,26.01228],[-111.16933,26.01206],[-111.16933,26.01161],[-111.16907,26.01138],[-111.17008,26.0107],[-111.17008,26.01003],[-111.17058,26.00935],[-111.17058,26.0089],[-111.17033,26.00867],[-111.17033,26.00845],[-111.17008,26.00822],[-111.16958,26.00822],[-111.16958,26.00754],[-111.16983,26.00732],[-111.16983,26.00709],[-111.17083,26.00619],[-111.17108,26.00619],[-111.17133,26.00596],[-111.17184,26.00596],[-111.17209,26.00574],[-111.17209,26.00551],[-111.17234,26.00529],[-111.17234,26.00483],[-111.17259,26.00461],[-111.17259,26.00371],[-111.17234,26.00348],[-111.17234,26.00303],[-111.17133,26.00145],[-111.17133,26.00055],[-111.17108,26.00032],[-111.17108,26.0001],[-111.17133,25.99987],[-111.17133,25.99942],[-111.17083,25.99874],[-111.17083,25.99829],[-111.17058,25.99806],[-111.17058,25.99739],[-111.17033,25.99716],[-111.17033,25.99671],[-111.16983,25.99626],[-111.16933,25.99513],[-111.16907,25.9949],[-111.16907,25.99445],[-111.16832,25.99332],[-111.16832,25.99287],[-111.16807,25.99265],[-111.16807,25.99084],[-111.16832,25.99062],[-111.16832,25.99016],[-111.16807,25.98994],[-111.16807,25.98926],[-111.16882,25.98836],[-111.16882,25.98813],[-111.16907,25.98791],[-111.16907,25.98723],[-111.16958,25.98678],[-111.16958,25.98655],[-111.17008,25.98588],[-111.17008,25.98497],[-111.16958,25.98452],[-111.16958,25.98385],[-111.16983,25.98362],[-111.16983,25.98317],[-111.17058,25.98249],[-111.17083,25.98136],[-111.17108,25.98114],[-111.17133,25.98114],[-111.17284,25.97978],[-111.17284,25.97956],[-111.1741,25.97843],[-111.17485,25.9782],[-111.17535,25.97775],[-111.1756,25.97775],[-111.17586,25.97753],[-111.17636,25.97753],[-111.17661,25.9773],[-111.17812,25.9773],[-111.17887,25.97662],[-111.17912,25.97662],[-111.17937,25.9764],[-111.17937,25.97617],[-111.17962,25.97595]],[[-111.12864,26.06713],[-111.12864,26.06713]],[[-111.12889,26.06668],[-111.12889,26.06668]],[[-111.12914,26.06645],[-111.12914,26.06645]],[[-111.12738,26.06645],[-111.12738,26.06645]],[[-111.12788,26.06622],[-111.12788,26.06622]],[[-111.12939,26.06577],[-111.12939,26.06577]],[[-111.12964,26.0651],[-111.12964,26.0651]],[[-111.12989,26.06464],[-111.12989,26.06464]],[[-111.13014,26.06442],[-111.13014,26.06442]],[[-111.13039,26.06397],[-111.13039,26.06397]],[[-111.13115,26.06374],[-111.13115,26.06374]],[[-111.1329,26.06352],[-111.1329,26.06352]],[[-111.13165,26.06352],[-111.13165,26.06352]],[[-111.13316,26.06261],[-111.13316,26.06261]],[[-111.13341,26.06216],[-111.13341,26.06216]],[[-111.13366,26.06171],[-111.13366,26.06171]],[[-111.13391,26.06126],[-111.13391,26.06126]],[[-111.12085,26.05968],[-111.12085,26.05968]],[[-111.13265,26.05855],[-111.13265,26.05855]],[[-111.13215,26.05426],[-111.13215,26.05426]],[[-111.13316,26.05404],[-111.13316,26.05404]],[[-111.13391,26.05381],[-111.13391,26.05381]],[[-111.24016,26.03324],[-111.23632,26.03463],[-111.22986,26.03646],[-111.22283,26.03802],[-111.21804,26.03959],[-111.21403,26.04116],[-111.21052,26.04206],[-111.20855,26.04365],[-111.20954,26.04772],[-111.21027,26.04894],[-111.21454,26.05167],[-111.21543,26.05201],[-111.21881,26.05275],[-111.22308,26.05337],[-111.23538,26.05207],[-111.24016,26.052]],[[-111.13441,26.05359],[-111.13441,26.05359]],[[-111.13491,26.05336],[-111.13491,26.05336]],[[-111.13517,26.05313],[-111.13517,26.05313]],[[-111.13542,26.05291],[-111.13542,26.05291]],[[-111.13567,26.05268],[-111.13567,26.05268]],[[-111.13617,26.05246],[-111.13617,26.05246]],[[-111.13642,26.05223],[-111.13642,26.05223]],[[-111.13692,26.05201],[-111.13692,26.05201]],[[-111.13743,26.05178],[-111.13743,26.05178]],[[-111.13793,26.05155],[-111.13793,26.05155]],[[-111.13843,26.05133],[-111.13843,26.05133]],[[-111.13893,26.0511],[-111.13893,26.0511]],[[-111.13944,26.05088],[-111.13944,26.05088]],[[-111.13994,26.05065],[-111.13994,26.05065]],[[-111.14044,26.05043],[-111.14044,26.05043]],[[-111.14094,26.0502],[-111.14094,26.0502]],[[-111.14119,26.04997],[-111.14119,26.04997]],[[-111.1417,26.04975],[-111.1417,26.04975]],[[-111.14195,26.04952],[-111.14195,26.04952]],[[-111.14245,26.0493],[-111.14245,26.0493]],[[-111.1427,26.04907],[-111.1427,26.04907]],[[-111.1432,26.04885],[-111.1432,26.04885]],[[-111.14345,26.04862],[-111.14345,26.04862]],[[-111.14622,26.04839],[-111.14622,26.04839]],[[-111.14521,26.04839],[-111.14521,26.04839]],[[-111.14371,26.04839],[-111.14371,26.04839]],[[-111.14446,26.04817],[-111.14446,26.04817]],[[-111.14396,26.04817],[-111.14396,26.04817]],[[-111.14647,26.04772],[-111.14647,26.04772]],[[-111.15074,26.04749],[-111.15074,26.04749]],[[-111.15024,26.04749],[-111.15024,26.04749]],[[-111.14672,26.04749],[-111.14672,26.04749]],[[-111.15124,26.04727],[-111.15124,26.04727]],[[-111.14873,26.04727],[-111.14873,26.04727]],[[-111.14722,26.04727],[-111.14722,26.04727]],[[-111.1525,26.04704],[-111.1525,26.04704]],[[-111.14798,26.04704],[-111.14798,26.04704]],[[-111.14747,26.04704],[-111.14747,26.04704]],[[-111.15275,26.04681],[-111.15275,26.04681]],[[-111.153,26.04659],[-111.153,26.04659]],[[-111.15325,26.04636],[-111.15325,26.04636]],[[-111.1535,26.04614],[-111.1535,26.04614]],[[-111.15526,26.04591],[-111.15526,26.04591]],[[-111.15576,26.04569],[-111.15576,26.04569]],[[-111.15601,26.04546],[-111.15601,26.04546]],[[-111.15652,26.04523],[-111.15652,26.04523]],[[-111.15677,26.04501],[-111.15677,26.04501]],[[-111.15727,26.04478],[-111.15727,26.04478]],[[-111.15777,26.04456],[-111.15777,26.04456]],[[-111.15852,26.04433],[-111.15852,26.04433]],[[-111.15903,26.04411],[-111.15903,26.04411]],[[-111.15928,26.04388],[-111.15928,26.04388]],[[-111.15953,26.04365],[-111.15953,26.04365]],[[-111.16028,26.04343],[-111.16028,26.04343]],[[-111.16154,26.0432],[-111.16154,26.0432]],[[-111.1638,26.04298],[-111.1638,26.04298]],[[-111.16807,26.04275],[-111.16807,26.04275]],[[-111.16757,26.04275],[-111.16757,26.04275]],[[-111.1643,26.04275],[-111.1643,26.04275]],[[-111.16907,26.04253],[-111.16907,26.04253]],[[-111.16606,26.04253],[-111.16606,26.04253]],[[-111.1648,26.04253],[-111.1648,26.04253]],[[-111.17008,26.0423],[-111.17008,26.0423]],[[-111.17083,26.04207],[-111.17083,26.04207]],[[-111.1751,26.04185],[-111.1751,26.04185]],[[-111.17184,26.04185],[-111.17184,26.04185]],[[-111.22232,26.03824],[-111.22232,26.03824]],[[-111.2291,26.03666],[-111.2291,26.03666]],[[-111.16807,26.02402],[-111.16807,26.02402]],[[-111.16832,26.02131],[-111.16832,26.02131]],[[-111.16857,26.02109],[-111.16857,26.02109]],[[-111.16254,26.0186],[-111.16254,26.0186]],[[-111.16279,26.01815],[-111.16279,26.01815]],[[-111.16305,26.0177],[-111.16305,26.0177]],[[-111.1633,26.01725],[-111.1633,26.01725]],[[-111.16355,26.0168],[-111.16355,26.0168]],[[-111.1638,26.01657],[-111.1638,26.01657]],[[-111.16807,26.01635],[-111.16807,26.01635]],[[-111.16405,26.01612],[-111.16405,26.01612]],[[-111.16757,26.01589],[-111.16757,26.01589]],[[-111.16706,26.01567],[-111.16706,26.01567]],[[-111.16681,26.01567],[-111.16681,26.01567]],[[-111.1643,26.01567],[-111.1643,26.01567]],[[-111.16556,26.01544],[-111.16556,26.01544]],[[-111.1648,26.01544],[-111.1648,26.01544]],[[-111.16857,26.01499],[-111.16857,26.01499]],[[-111.16882,26.01477],[-111.16882,26.01477]],[[-111.16907,26.01228],[-111.16907,26.01228]],[[-111.16907,26.01138],[-111.16907,26.01138]],[[-111.16933,26.01115],[-111.16933,26.01115]],[[-111.16958,26.01093],[-111.16958,26.01093]],[[-111.17008,26.01003],[-111.17008,26.01003]],[[-111.17033,26.00957],[-111.17033,26.00957]],[[-111.16958,26.00754],[-111.16958,26.00754]],[[-111.16983,26.00709],[-111.16983,26.00709]],[[-111.17008,26.00687],[-111.17008,26.00687]],[[-111.17033,26.00664],[-111.17033,26.00664]],[[-111.17058,26.00641],[-111.17058,26.00641]],[[-111.17083,26.00619],[-111.17083,26.00619]],[[-111.17133,26.00596],[-111.17133,26.00596]],[[-111.17209,26.00551],[-111.17209,26.00551]],[[-111.17234,26.00483],[-111.17234,26.00483]],[[-111.17108,26.0001],[-111.17108,26.0001]],[[-111.11984,25.99378],[-111.11984,25.99265],[-111.12035,25.99197],[-111.12035,25.9861],[-111.1206,25.98588],[-111.1206,25.98497],[-111.12085,25.98475],[-111.12085,25.9843],[-111.1211,25.98407],[-111.12135,25.98294],[-111.12185,25.98227],[-111.12185,25.97843],[-111.12236,25.97775],[-111.12236,25.97753],[-111.12286,25.97707],[-111.12336,25.97595]],[[-111.16807,25.99084],[-111.16807,25.99084]],[[-111.16807,25.98926],[-111.16807,25.98926]],[[-111.16832,25.98881],[-111.16832,25.98881]],[[-111.16857,25.98858],[-111.16857,25.98858]],[[-111.16882,25.98813],[-111.16882,25.98813]],[[-111.16907,25.98723],[-111.16907,25.98723]],[[-111.16933,25.98701],[-111.16933,25.98701]],[[-111.16958,25.98655],[-111.16958,25.98655]],[[-111.16983,25.9861],[-111.16983,25.9861]],[[-111.16958,25.98385],[-111.16958,25.98385]],[[-111.16983,25.98317],[-111.16983,25.98317]],[[-111.17008,25.98294],[-111.17008,25.98294]],[[-111.17033,25.98272],[-111.17033,25.98272]],[[-111.17058,25.98204],[-111.17058,25.98204]],[[-111.17083,25.98136],[-111.17083,25.98136]],[[-111.17108,25.98114],[-111.17108,25.98114]],[[-111.17159,25.98091],[-111.17159,25.98091]],[[-111.17184,25.98069],[-111.17184,25.98069]],[[-111.17209,25.98046],[-111.17209,25.98046]],[[-111.17234,25.98023],[-111.17234,25.98023]],[[-111.17259,25.98001],[-111.17259,25.98001]],[[-111.17284,25.97956],[-111.17284,25.97956]],[[-111.17309,25.97933],[-111.17309,25.97933]],[[-111.17334,25.97911],[-111.17334,25.97911]],[[-111.1736,25.97888],[-111.1736,25.97888]],[[-111.17385,25.97865],[-111.17385,25.97865]],[[-111.1741,25.97843],[-111.1741,25.97843]],[[-111.1746,25.9782],[-111.1746,25.9782]],[[-111.1751,25.97798],[-111.1751,25.97798]],[[-111.17535,25.97775],[-111.17535,25.97775]],[[-111.17586,25.97753],[-111.17586,25.97753]],[[-111.17661,25.9773],[-111.17661,25.9773]],[[-111.17837,25.97707],[-111.17837,25.97707]],[[-111.17862,25.97685],[-111.17862,25.97685]],[[-111.17887,25.97662],[-111.17887,25.97662]],[[-111.17937,25.97617],[-111.17937,25.97617]]]},"properties":{"depth_m":300}},{"type":"Feature","geometry":{"type":"MultiLineString","coordinates":[[[-111.11984,26.05923],[-111.12035,26.0599],[-111.1206,26.0599],[-111.12085,26.05968],[-111.12135,26.05968],[-111.12135,26.0599],[-111.1216,26.06013],[-111.1216,26.06058],[-111.1221,26.06103],[-111.12311,26.06103],[-111.12386,26.06171],[-111.12386,26.06216],[-111.12411,26.06239],[-111.12411,26.06397],[-111.12437,26.06419],[-111.12437,26.06442],[-111.12487,26.06487],[-111.12512,26.06487],[-111.12512,26.0651],[-111.12612,26.066],[-111.12663,26.066],[-111.12663,26.06645],[-111.12688,26.06668],[-111.12713,26.06668],[-111.12788,26.06622],[-111.12788,26.06713],[-111.12838,26.06758],[-111.12889,26.0669],[-111.12889,26.06668],[-111.12939,26.06622],[-111.12964,26.0651],[-111.13039,26.06419],[-111.13039,26.06397],[-111.1309,26.06397],[-111.13165,26.06352],[-111.1319,26.06374],[-111.13265,26.06374],[-111.13316,26.06329],[-111.13316,26.06261],[-111.13416,26.06103],[-111.13391,26.06081],[-111.13391,26.06036],[-111.13316,26.05923],[-111.13316,26.059],[-111.13265,26.05855],[-111.1329,26.05832],[-111.1329,26.0572],[-111.13265,26.05697],[-111.13265,26.05652],[-111.1324,26.05629],[-111.1324,26.05584],[-111.13215,26.05562],[-111.13215,26.05426],[-111.1329,26.05426],[-111.13316,26.05404],[-111.13366,26.05404],[-111.13441,26.05359],[-111.13466,26.05359],[-111.13567,26.05268],[-111.13592,26.05268],[-111.13642,26.05223],[-111.14069,26.05043],[-111.14195,26.04952],[-111.1422,26.04952],[-111.1427,26.04907],[-111.14295,26.04907],[-111.14396,26.04817],[-111.14446,26.04817],[-111.14471,26.04839],[-111.14521,26.04839],[-111.14546,26.04862],[-111.14597,26.04862],[-111.14647,26.04817],[-111.14647,26.04772],[-111.14747,26.04704],[-111.14798,26.04704],[-111.14823,26.04727],[-111.14873,26.04727],[-111.14898,26.04749],[-111.15024,26.04749],[-111.15049,26.04772],[-111.15124,26.04727],[-111.15225,26.04727],[-111.1535,26.04614],[-111.15501,26.04614],[-111.15601,26.04546],[-111.15626,26.04546],[-111.15677,26.04501],[-111.15752,26.04478],[-111.15777,26.04456],[-111.15827,26.04456],[-111.15852,26.04433],[-111.15878,26.04433],[-111.15953,26.04365],[-111.16003,26.04365],[-111.16028,26.04343],[-111.16129,26.04343],[-111.16154,26.0432],[-111.16355,26.0432],[-111.1648,26.04253],[-111.16606,26.04253],[-111.16631,26.04275],[-111.16757,26.04275],[-111.16782,26.04298],[-111.16807,26.04275],[-111.16983,26.04253],[-111.17008,26.0423],[-111.17058,26.0423],[-111.17083,26.04207],[-111.17159,26.04207],[-111.17184,26.04185],[-111.17209,26.04207],[-111.17485,26.04207],[-111.1756,26.04162],[-111.1756,26.03824],[-111.17535,26.03801],[-111.17535,26.03756],[-111.1751,26.03734],[-111.1751,26.03688],[-111.17485,26.03666],[-111.17485,26.03553],[-111.1746,26.0353],[-111.1746,26.03485],[-111.17385,26.03372],[-111.1736,26.0326],[-111.17309,26.03214],[-111.17309,26.03192],[-111.17259,26.03124],[-111.17234,26.03011],[-111.17184,26.02944],[-111.17184,26.02898],[-111.17133,26.02831],[-111.17133,26.02808],[-111.16907,26.02605],[-111.16857,26.02492],[-111.16807,26.02447],[-111.16807,26.02402],[-111.16832,26.02379],[-111.16832,26.02131],[-111.16882,26.02086],[-111.16882,26.02063],[-111.16832,26.02018],[-111.16706,26.01973],[-111.16606,26.02063],[-111.16606,26.02086],[-111.16581,26.02109],[-111.16581,26.02154],[-111.16556,26.02176],[-111.16405,26.02221],[-111.1633,26.02154],[-111.16305,26.02086],[-111.16279,26.02063],[-111.16279,26.01996],[-111.16254,26.01973],[-111.16254,26.0186],[-111.1633,26.01747],[-111.16355,26.0168],[-111.16405,26.01635],[-111.1643,26.01567],[-111.16455,26.01567],[-111.1648,26.01544],[-111.16556,26.01544],[-111.16556,26.01567],[-111.16581,26.01589],[-111.16656,26.01589],[-111.16681,26.01567],[-111.16706,26.01567],[-111.16732,26.01589],[-111.16757,26.01589],[-111.16757,26.01635],[-111.16782,26.01657],[-111.16807,26.01635],[-111.16857,26.01635],[-111.16882,26.01612],[-111.16882,26.01589],[-111.16857,26.01567],[-111.16857,26.01499],[-111.16907,26.01454],[-111.16907,26.01228],[-111.16933,26.01206],[-111.16933,26.01161],[-111.16907,26.01138],[-111.17008,26.0107],[-111.17008,26.01003],[-111.17058,26.00935],[-111.17058,26.0089],[-111.17033,26.00867],[-111.17033,26.00845],[-111.17008,26.00822],[-111.16958,26.00822],[-111.16958,26.00754],[-111.16983,26.00732],[-111.16983,26.00709],[-111.17083,26.00619],[-111.17108,26.00619],[-111.17133,26.00596],[-111.17184,26.00596],[-111.17209,26.00574],[-111.17209,26.00551],[-111.17234,26.00529],[-111.17234,26.00483],[-111.17259,26.00461],[-111.17259,26.00371],[-111.17234,26.00348],[-111.17234,26.00303],[-111.17133,26.00145],[-111.17133,26.00055],[-111.17108,26.00032],[-111.17108,26.0001],[-111.17133,25.99987],[-111.17133,25.99942],[-111.17083,25.99874],[-111.17083,25.99829],[-111.17058,25.99806],[-111.17058,25.99739],[-111.17033,25.99716],[-111.17033,25.99671],[-111.16983,25.99626],[-111.16933,25.99513],[-111.16907,25.9949],[-111.16907,25.99445],[-111.16832,25.99332],[-111.16832,25.99287],[-111.16807,25.99265],[-111.16807,25.99084],[-111.16832,25.99062],[-111.16832,25.99016],[-111.16807,25.98994],[-111.16807,25.98926],[-111.16882,25.98836],[-111.16882,25.98813],[-111.16907,25.98791],[-111.16907,25.98723],[-111.16958,25.98678],[-111.16958,25.98655],[-111.17008,25.98588],[-111.17008,25.98497],[-111.16958,25.98452],[-111.16958,25.98385],[-111.16983,25.98362],[-111.16983,25.98317],[-111.17058,25.98249],[-111.17083,25.98136],[-111.17108,25.98114],[-111.17133,25.98114],[-111.17284,25.97978],[-111.17284,25.97956],[-111.1741,25.97843],[-111.17485,25.9782],[-111.17535,25.97775],[-111.1756,25.97775],[-111.17586,25.97753],[-111.17636,25.97753],[-111.17661,25.9773],[-111.17812,25.9773],[-111.17887,25.97662],[-111.17912,25.97662],[-111.17937,25.9764],[-111.17937,25.97617],[-111.17962,25.97595]],[[-111.12864,26.06713],[-111.12864,26.06713]],[[-111.12889,26.06668],[-111.12889,26.06668]],[[-111.12914,26.06645],[-111.12914,26.06645]],[[-111.12738,26.06645],[-111.12738,26.06645]],[[-111.12788,26.06622],[-111.12788,26.06622]],[[-111.12939,26.06577],[-111.12939,26.06577]],[[-111.12964,26.0651],[-111.12964,26.0651]],[[-111.12989,26.06464],[-111.12989,26.06464]],[[-111.13014,26.06442],[-111.13014,26.06442]],[[-111.13039,26.06397],[-111.13039,26.06397]],[[-111.13115,26.06374],[-111.13115,26.06374]],[[-111.1329,26.06352],[-111.1329,26.06352]],[[-111.13165,26.06352],[-111.13165,26.06352]],[[-111.13316,26.06261],[-111.13316,26.06261]],[[-111.13341,26.06216],[-111.13341,26.06216]],[[-111.13366,26.06171],[-111.13366,26.06171]],[[-111.13391,26.06126],[-111.13391,26.06126]],[[-111.12085,26.05968],[-111.12085,26.05968]],[[-111.13265,26.05855],[-111.13265,26.05855]],[[-111.13215,26.05426],[-111.13215,26.05426]],[[-111.13316,26.05404],[-111.13316,26.05404]],[[-111.13391,26.05381],[-111.13391,26.05381]],[[-111.13441,26.05359],[-111.13441,26.05359]],[[-111.13491,26.05336],[-111.13491,26.05336]],[[-111.13517,26.05313],[-111.13517,26.05313]],[[-111.13542,26.05291],[-111.13542,26.05291]],[[-111.13567,26.05268],[-111.13567,26.05268]],[[-111.13617,26.05246],[-111.13617,26.05246]],[[-111.13642,26.05223],[-111.13642,26.05223]],[[-111.13692,26.05201],[-111.13692,26.05201]],[[-111.13743,26.05178],[-111.13743,26.05178]],[[-111.13793,26.05155],[-111.13793,26.05155]],[[-111.13843,26.05133],[-111.13843,26.05133]],[[-111.13893,26.0511],[-111.13893,26.0511]],[[-111.13944,26.05088],[-111.13944,26.05088]],[[-111.13994,26.05065],[-111.13994,26.05065]],[[-111.14044,26.05043],[-111.14044,26.05043]],[[-111.14094,26.0502],[-111.14094,26.0502]],[[-111.14119,26.04997],[-111.14119,26.04997]],[[-111.1417,26.04975],[-111.1417,26.04975]],[[-111.14195,26.04952],[-111.14195,26.04952]],[[-111.14245,26.0493],[-111.14245,26.0493]],[[-111.1427,26.04907],[-111.1427,26.04907]],[[-111.1432,26.04885],[-111.1432,26.04885]],[[-111.14345,26.04862],[-111.14345,26.04862]],[[-111.14622,26.04839],[-111.14622,26.04839]],[[-111.14521,26.04839],[-111.14521,26.04839]],[[-111.14371,26.04839],[-111.14371,26.04839]],[[-111.14446,26.04817],[-111.14446,26.04817]],[[-111.14396,26.04817],[-111.14396,26.04817]],[[-111.14647,26.04772],[-111.14647,26.04772]],[[-111.15074,26.04749],[-111.15074,26.04749]],[[-111.15024,26.04749],[-111.15024,26.04749]],[[-111.14672,26.04749],[-111.14672,26.04749]],[[-111.15124,26.04727],[-111.15124,26.04727]],[[-111.14873,26.04727],[-111.14873,26.04727]],[[-111.14722,26.04727],[-111.14722,26.04727]],[[-111.1525,26.04704],[-111.1525,26.04704]],[[-111.14798,26.04704],[-111.14798,26.04704]],[[-111.14747,26.04704],[-111.14747,26.04704]],[[-111.15275,26.04681],[-111.15275,26.04681]],[[-111.153,26.04659],[-111.153,26.04659]],[[-111.15325,26.04636],[-111.15325,26.04636]],[[-111.1535,26.04614],[-111.1535,26.04614]],[[-111.15526,26.04591],[-111.15526,26.04591]],[[-111.15576,26.04569],[-111.15576,26.04569]],[[-111.15601,26.04546],[-111.15601,26.04546]],[[-111.15652,26.04523],[-111.15652,26.04523]],[[-111.15677,26.04501],[-111.15677,26.04501]],[[-111.15727,26.04478],[-111.15727,26.04478]],[[-111.15777,26.04456],[-111.15777,26.04456]],[[-111.15852,26.04433],[-111.15852,26.04433]],[[-111.15903,26.04411],[-111.15903,26.04411]],[[-111.15928,26.04388],[-111.15928,26.04388]],[[-111.15953,26.04365],[-111.15953,26.04365]],[[-111.16028,26.04343],[-111.16028,26.04343]],[[-111.16154,26.0432],[-111.16154,26.0432]],[[-111.1638,26.04298],[-111.1638,26.04298]],[[-111.16807,26.04275],[-111.16807,26.04275]],[[-111.16757,26.04275],[-111.16757,26.04275]],[[-111.1643,26.04275],[-111.1643,26.04275]],[[-111.16907,26.04253],[-111.16907,26.04253]],[[-111.16606,26.04253],[-111.16606,26.04253]],[[-111.1648,26.04253],[-111.1648,26.04253]],[[-111.17008,26.0423],[-111.17008,26.0423]],[[-111.17083,26.04207],[-111.17083,26.04207]],[[-111.1751,26.04185],[-111.1751,26.04185]],[[-111.17184,26.04185],[-111.17184,26.04185]],[[-111.16807,26.02402],[-111.16807,26.02402]],[[-111.16832,26.02131],[-111.16832,26.02131]],[[-111.16857,26.02109],[-111.16857,26.02109]],[[-111.16254,26.0186],[-111.16254,26.0186]],[[-111.16279,26.01815],[-111.16279,26.01815]],[[-111.16305,26.0177],[-111.16305,26.0177]],[[-111.1633,26.01725],[-111.1633,26.01725]],[[-111.16355,26.0168],[-111.16355,26.0168]],[[-111.1638,26.01657],[-111.1638,26.01657]],[[-111.16807,26.01635],[-111.16807,26.01635]],[[-111.16405,26.01612],[-111.16405,26.01612]],[[-111.16757,26.01589],[-111.16757,26.01589]],[[-111.16706,26.01567],[-111.16706,26.01567]],[[-111.16681,26.01567],[-111.16681,26.01567]],[[-111.1643,26.01567],[-111.1643,26.01567]],[[-111.16556,26.01544],[-111.16556,26.01544]],[[-111.1648,26.01544],[-111.1648,26.01544]],[[-111.16857,26.01499],[-111.16857,26.01499]],[[-111.16882,26.01477],[-111.16882,26.01477]],[[-111.16907,26.01228],[-111.16907,26.01228]],[[-111.16907,26.01138],[-111.16907,26.01138]],[[-111.16933,26.01115],[-111.16933,26.01115]],[[-111.16958,26.01093],[-111.16958,26.01093]],[[-111.17008,26.01003],[-111.17008,26.01003]],[[-111.17033,26.00957],[-111.17033,26.00957]],[[-111.16958,26.00754],[-111.16958,26.00754]],[[-111.16983,26.00709],[-111.16983,26.00709]],[[-111.17008,26.00687],[-111.17008,26.00687]],[[-111.17033,26.00664],[-111.17033,26.00664]],[[-111.17058,26.00641],[-111.17058,26.00641]],[[-111.17083,26.00619],[-111.17083,26.00619]],[[-111.17133,26.00596],[-111.17133,26.00596]],[[-111.17209,26.00551],[-111.17209,26.00551]],[[-111.17234,26.00483],[-111.17234,26.00483]],[[-111.17108,26.0001],[-111.17108,26.0001]],[[-111.11984,25.99378],[-111.11984,25.99265],[-111.12035,25.99197],[-111.12035,25.9861],[-111.1206,25.98588],[-111.1206,25.98497],[-111.12085,25.98475],[-111.12085,25.9843],[-111.1211,25.98407],[-111.12135,25.98294],[-111.12185,25.98227],[-111.12185,25.97843],[-111.12236,25.97775],[-111.12236,25.97753],[-111.12286,25.97707],[-111.12336,25.97595]],[[-111.16807,25.99084],[-111.16807,25.99084]],[[-111.16807,25.98926],[-111.16807,25.98926]],[[-111.16832,25.98881],[-111.16832,25.98881]],[[-111.16857,25.98858],[-111.16857,25.98858]],[[-111.16882,25.98813],[-111.16882,25.98813]],[[-111.16907,25.98723],[-111.16907,25.98723]],[[-111.16933,25.98701],[-111.16933,25.98701]],[[-111.16958,25.98655],[-111.16958,25.98655]],[[-111.16983,25.9861],[-111.16983,25.9861]],[[-111.16958,25.98385],[-111.16958,25.98385]],[[-111.16983,25.98317],[-111.16983,25.98317]],[[-111.17008,25.98294],[-111.17008,25.98294]],[[-111.17033,25.98272],[-111.17033,25.98272]],[[-111.17058,25.98204],[-111.17058,25.98204]],[[-111.17083,25.98136],[-111.17083,25.98136]],[[-111.17108,25.98114],[-111.17108,25.98114]],[[-111.17159,25.98091],[-111.17159,25.98091]],[[-111.17184,25.98069],[-111.17184,25.98069]],[[-111.17209,25.98046],[-111.17209,25.98046]],[[-111.17234,25.98023],[-111.17234,25.98023]],[[-111.17259,25.98001],[-111.17259,25.98001]],[[-111.17284,25.97956],[-111.17284,25.97956]],[[-111.17309,25.97933],[-111.17309,25.97933]],[[-111.17334,25.97911],[-111.17334,25.97911]],[[-111.1736,25.97888],[-111.1736,25.97888]],[[-111.17385,25.97865],[-111.17385,25.97865]],[[-111.1741,25.97843],[-111.1741,25.97843]],[[-111.1746,25.9782],[-111.1746,25.9782]],[[-111.1751,25.97798],[-111.1751,25.97798]],[[-111.17535,25.97775],[-111.17535,25.97775]],[[-111.17586,25.97753],[-111.17586,25.97753]],[[-111.17661,25.9773],[-111.17661,25.9773]],[[-111.17837,25.97707],[-111.17837,25.97707]],[[-111.17862,25.97685],[-111.17862,25.97685]],[[-111.17887,25.97662],[-111.17887,25.97662]],[[-111.17937,25.97617],[-111.17937,25.97617]]]},"properties":{"depth_m":325}}]}