{"type":"FeatureCollection","features":[{"type":"Feature","geometry":{"type":"MultiLineString","coordinates":[[[-121.95158,36.56091],[-121.95145,36.5608],[-121.95186,36.56045],[-121.95244,36.56035],[-121.95214,36.56058],[-121.95186,36.56058],[-121.95158,36.56091]],[[-121.93978,36.56103],[-121.93964,36.5608],[-121.9395,36.56092],[-121.93924,36.56091],[-121.93925,36.5608],[-121.94063,36.56069],[-121.93992,36.56103]],[[-121.93894,36.56103],[-121.9387,36.56103]],[[-121.93515,36.56103],[-121.93515,36.56092],[-121.93515,36.56103]],[[-121.95341,36.5608],[-121.95327,36.56056],[-121.95355,36.56063],[-121.95341,36.5608]],[[-121.93473,36.5608],[-121.93481,36.56069],[-121.93405,36.56024],[-121.93348,36.55945],[-121.93255,36.55708],[-121.93161,36.55561],[-121.93117,36.55403],[-121.93097,36.55369],[-121.93079,36.55367],[-121.93108,36.55437],[-121.93108,36.55505],[-121.9322,36.55742],[-121.93276,36.55933],[-121.93417,36.5608],[-121.93473,36.5608]],[[-121.93417,36.5608],[-121.93417,36.5608]],[[-121.93402,36.56069],[-121.93402,36.56069]],[[-121.94034,36.56069],[-121.94034,36.56069]],[[-121.93388,36.56058],[-121.93388,36.56058]],[[-121.93374,36.56035],[-121.93374,36.56035]],[[-121.9336,36.56012],[-121.9336,36.56012]],[[-121.93346,36.56001],[-121.93346,36.56001]],[[-121.93332,36.5599],[-121.93332,36.5599]],[[-121.93318,36.55979],[-121.93318,36.55979]],[[-121.93304,36.55967],[-121.93304,36.55967]],[[-121.9329,36.55945],[-121.9329,36.55945]],[[-121.93276,36.55933],[-121.93276,36.55933]],[[-121.93262,36.559],[-121.93262,36.559]],[[-121.93248,36.55854],[-121.93248,36.55854]],[[-121.93234,36.55821],[-121.93234,36.55821]],[[-121.9322,36.55775],[-121.9322,36.55775]],[[-121.93206,36.5573],[-121.93206,36.5573]],[[-121.93192,36.55696],[-121.93192,36.55696]],[[-121.93178,36.55663],[-121.93178,36.55663]],[[-121.93164,36.5564],[-121.93164,36.5564]],[[-121.9315,36.55606],[-121.9315,36.55606]],[[-121.93136,36.55572],[-121.93136,36.55572]],[[-121.93122,36.55538],[-121.93122,36.55538]],[[-121.93108,36.55505],[-121.93108,36.55505]],[[-121.93094,36.55426],[-121.93094,36.55426]],[[-121.93079,36.5538],[-121.93079,36.5538]],[[-121.93079,36.55332],[-121.9309,36.5529],[-121.93023,36.55064],[-121.93009,36.55064],[-121.93009,36.5511],[-121.93037,36.55155],[-121.93065,36.55324],[-121.93079,36.55332]],[[-121.93065,36.55324],[-121.93065,36.55324]],[[-121.93051,36.55256],[-121.93051,36.55256]],[[-121.93037,36.552],[-121.93037,36.552]],[[-121.93023,36.55143],[-121.93023,36.55143]],[[-121.93009,36.5511],[-121.93009,36.5511]],[[-121.93009,36.55038],[-121.93009,36.54988],[-121.92995,36.54988],[-121.92995,36.55031],[-121.93009,36.55038]],[[-121.92995,36.55031],[-121.92995,36.55031]],[[-121.92995,36.54881],[-121.92994,36.54737],[-121.92981,36.54726],[-121.92967,36.54737],[-121.92967,36.54839],[-121.92981,36.54881],[-121.92995,36.54881]],[[-121.92967,36.54839],[-121.92967,36.54839]],[[-121.92967,36.54737],[-121.92967,36.54737]],[[-121.93023,36.54633],[-121.93033,36.54624],[-121.93023,36.54616],[-121.93023,36.54633]],[[-121.93037,36.54613],[-121.93051,36.54602],[-121.93037,36.54591],[-121.93037,36.54613]],[[-121.9315,36.54547],[-121.93162,36.54534],[-121.93136,36.54523],[-121.93111,36.54534],[-121.93122,36.5455],[-121.9315,36.54547]],[[-121.9322,36.54515],[-121.93332,36.54501],[-121.93353,36.54478],[-121.93304,36.54466],[-121.93276,36.54489],[-121.93234,36.54466],[-121.93192,36.545],[-121.93192,36.54522],[-121.9322,36.54515]],[[-121.93122,36.54523],[-121.93122,36.54523]],[[-121.93192,36.545],[-121.93192,36.545]],[[-121.93206,36.54489],[-121.93206,36.54489]],[[-121.9322,36.54478],[-121.9322,36.54478]],[[-121.93304,36.54466],[-121.93304,36.54466]],[[-121.93234,36.54466],[-121.93234,36.54466]],[[-121.93402,36.54448],[-121.9341,36.5441],[-121.93374,36.54421],[-121.93402,36.54448]],[[-121.93374,36.54421],[-121.93374,36.54421]],[[-121.93402,36.5441],[-121.93402,36.5441]],[[-121.93431,36.54391],[-121.93453,36.54354],[-121.93417,36.54331],[-121.93432,36.54297],[-121.93346,36.54234],[-121.93346,36.54252],[-121.93374,36.54275],[-121.9336,36.54297],[-121.93431,36.54354],[-121.93417,36.54376],[-121.93431,36.54391]],[[-121.93417,36.54376],[-121.93417,36.54376]],[[-121.93417,36.54365],[-121.93417,36.54365]],[[-121.93388,36.54308],[-121.93388,36.54308]],[[-121.9336,36.54297],[-121.9336,36.54297]],[[-121.9336,36.54286],[-121.9336,36.54286]],[[-121.9336,36.54263],[-121.9336,36.54263]],[[-121.93346,36.54252],[-121.93346,36.54252]],[[-121.93346,36.54179],[-121.93387,36.54139],[-121.93346,36.54128],[-121.93318,36.5415],[-121.93332,36.54179],[-121.93346,36.54179]],[[-121.93318,36.54162],[-121.93318,36.54162]],[[-121.93318,36.5415],[-121.93318,36.5415]],[[-121.93332,36.54139],[-121.93332,36.54139]],[[-121.93346,36.54128],[-121.93346,36.54128]],[[-121.9336,36.54094],[-121.93378,36.54083],[-121.9336,36.54067],[-121.93346,36.54083],[-121.9336,36.54094]],[[-121.93346,36.54083],[-121.93346,36.54083]],[[-121.93346,36.54071],[-121.93346,36.54071]],[[-121.93318,36.54038],[-121.9329,36.54037],[-121.93304,36.54026],[-121.93318,36.54038]],[[-121.93304,36.54026],[-121.93304,36.54026]],[[-121.9315,36.53936],[-121.93136,36.53913],[-121.93164,36.53883],[-121.93243,36.53891],[-121.9322,36.53913],[-121.93178,36.53902],[-121.9315,36.53936]],[[-121.93192,36.5388],[-121.93192,36.5388]],[[-121.93178,36.5388],[-121.93178,36.5388]],[[-121.93431,36.52415],[-121.93448,36.52401],[-121.93389,36.52356],[-121.93332,36.52379],[-121.93388,36.52412],[-121.93431,36.52415]],[[-121.93669,36.52379],[-121.93655,36.52356],[-121.93632,36.52356],[-121.93669,36.52379]],[[-121.93332,36.52379],[-121.93332,36.52379]],[[-121.93304,36.5238],[-121.93304,36.52345],[-121.93248,36.52356],[-121.9322,36.52345],[-121.9321,36.52356],[-121.93262,36.52383],[-121.93304,36.5238]],[[-121.93023,36.52384],[-121.93009,36.52356],[-121.92995,36.52367],[-121.92981,36.52356],[-121.92953,36.52277],[-121.92869,36.52266],[-121.92817,36.52288],[-121.92883,36.52305],[-121.92981,36.52379],[-121.93023,36.52384]],[[-121.92981,36.52379],[-121.92981,36.52379]],[[-121.93164,36.5237],[-121.93164,36.52356],[-121.93116,36.52367],[-121.93164,36.5237]],[[-121.93726,36.52364],[-121.93732,36.52345],[-121.93711,36.52356],[-121.93726,36.52364]],[[-121.93346,36.52367],[-121.93346,36.52367]],[[-121.95214,36.52345],[-121.95198,36.52334],[-121.95214,36.52345]],[[-121.93711,36.52356],[-121.93711,36.52356]],[[-121.93388,36.52356],[-121.93388,36.52356]],[[-121.93122,36.52356],[-121.93122,36.52356]],[[-121.93009,36.52356],[-121.93009,36.52356]],[[-121.93599,36.52337],[-121.93571,36.523],[-121.9355,36.52322],[-121.93599,36.52337]],[[-121.93262,36.52345],[-121.93262,36.52345]],[[-121.9322,36.52345],[-121.9322,36.52345]],[[-121.93487,36.52327],[-121.93529,36.52315],[-121.93529,36.523],[-121.93473,36.52277],[-121.93487,36.52266],[-121.93473,36.52232],[-121.93417,36.52232],[-121.93405,36.52243],[-121.93462,36.52266],[-121.93466,36.52322],[-121.93487,36.52327]],[[-121.93571,36.523],[-121.93571,36.523]],[[-121.94877,36.52283],[-121.94879,36.52266],[-121.94835,36.52243],[-121.94877,36.52283]],[[-121.94849,36.52266],[-121.94849,36.52266]],[[-121.94077,36.52266],[-121.94049,36.52256],[-121.94058,36.52209],[-121.94119,36.52221],[-121.94133,36.52209],[-121.94132,36.52176],[-121.94175,36.52164],[-121.94177,36.52187],[-121.94077,36.52266]],[[-121.92827,36.52277],[-121.92827,36.52277]],[[-121.94835,36.52255],[-121.94835,36.52255]],[[-121.92869,36.52266],[-121.92869,36.52266]],[[-121.94835,36.52243],[-121.94835,36.52243]],[[-121.9447,36.52235],[-121.9447,36.52221],[-121.94447,36.52221],[-121.9447,36.52235]],[[-121.93417,36.52232],[-121.93417,36.52232]],[[-121.94091,36.52209],[-121.94091,36.52209]],[[-121.94175,36.52164],[-121.94175,36.52164]],[[-121.94161,36.52164],[-121.94161,36.52164]],[[-121.94245,36.52126],[-121.94343,36.52089],[-121.94343,36.52074],[-121.94245,36.52085],[-121.94231,36.52108],[-121.94245,36.52126]],[[-121.94456,36.52114],[-121.94456,36.52096],[-121.94437,36.52097],[-121.94456,36.52114]],[[-121.94231,36.52097],[-121.94231,36.52097]],[[-121.94245,36.52085],[-121.94245,36.52085]],[[-121.94329,36.52074],[-121.94329,36.52074]],[[-121.94077,36.51966],[-121.94059,36.51961],[-121.94077,36.51966]],[[-121.95256,36.51814],[-121.95242,36.51801],[-121.95256,36.51814]],[[-121.95284,36.51805],[-121.95284,36.51805]],[[-121.95242,36.51803],[-121.95242,36.51803]],[[-121.95664,36.518],[-121.95622,36.51788],[-121.95622,36.51753],[-121.9565,36.51747],[-121.95664,36.51769]],[[-121.95116,36.51634],[-121.95116,36.51634]],[[-121.94582,36.51318],[-121.94593,36.51307],[-121.94582,36.51296],[-121.94568,36.51305],[-121.94582,36.51318]],[[-121.94568,36.51307],[-121.94568,36.51307]],[[-121.94456,36.51307],[-121.94428,36.51295],[-121.944,36.51307],[-121.94386,36.51273],[-121.944,36.51261],[-121.94442,36.51284],[-121.94484,36.51262],[-121.94498,36.51272],[-121.94456,36.51307]],[[-121.94428,36.51273],[-121.94428,36.51273]],[[-121.94386,36.51273],[-121.94386,36.51273]],[[-121.94484,36.51262],[-121.94484,36.51262]],[[-121.94414,36.51262],[-121.94414,36.51262]],[[-121.94245,36.51183],[-121.94231,36.51171],[-121.94259,36.51159],[-121.94245,36.51183]],[[-121.94231,36.51171],[-121.94231,36.51171]],[[-121.94456,36.50776],[-121.94464,36.50765],[-121.94442,36.50731],[-121.94401,36.50754],[-121.94456,36.50776]],[[-121.94245,36.50697],[-121.94301,36.50765],[-121.94343,36.50771],[-121.94259,36.50697]],[[-121.94414,36.50742],[-121.94414,36.50742]],[[-121.94442,36.50731],[-121.94442,36.50731]]]},"properties":{"depth_m":1}},{"type":"Feature","geometry":{"type":"MultiLineString","coordinates":[[[-121.95468,36.56103],[-121.95467,36.56103]],[[-121.95144,36.56103],[-121.95186,36.56058],[-121.95242,36.56047],[-121.95262,36.56024],[-121.95184,36.56035],[-121.95126,36.56103]],[[-121.9412,36.56103],[-121.94119,36.56076],[-121.94091,36.56061],[-121.94105,36.56091],[-121.94091,36.56103]],[[-121.93845,36.56103],[-121.93922,36.56069],[-121.94086,36.56058],[-121.93992,36.56103]],[[-121.93894,36.56103],[-121.93964,36.5608],[-121.93978,36.56103]],[[-121.93543,36.56091],[-121.93554,36.56091],[-121.93548,36.5608],[-121.93496,36.56046],[-121.93441,36.55979],[-121.9336,36.55753],[-121.93245,36.55561],[-121.93203,36.55437],[-121.93193,36.55313],[-121.93136,36.55227],[-121.93077,36.55008],[-121.93086,36.54884],[-121.93066,36.54749],[-121.93096,36.54658],[-121.9315,36.54574],[-121.93178,36.54554],[-121.93346,36.5452],[-121.93445,36.54481],[-121.93464,36.54421],[-121.93485,36.54331],[-121.93368,36.54184],[-121.93399,36.54139],[-121.93346,36.54128],[-121.93318,36.54162],[-121.93332,36.54173],[-121.93346,36.54252],[-121.93374,36.54275],[-121.9336,36.54297],[-121.93431,36.54354],[-121.93417,36.54376],[-121.93431,36.54387],[-121.93374,36.54421],[-121.93388,36.54466],[-121.93346,36.54478],[-121.93304,36.54466],[-121.93276,36.54489],[-121.93234,36.54466],[-121.93164,36.54534],[-121.93122,36.54523],[-121.93037,36.54591],[-121.92981,36.54681],[-121.92967,36.54839],[-121.92981,36.5485],[-121.93009,36.5511],[-121.93051,36.55211],[-121.93065,36.55324],[-121.93108,36.55437],[-121.93108,36.55505],[-121.9322,36.55742],[-121.93276,36.55933],[-121.93417,36.5608],[-121.93487,36.5608],[-121.93515,36.56103],[-121.93543,36.56091]],[[-121.93501,36.56091],[-121.93501,36.56091]],[[-121.95341,36.5608],[-121.95313,36.56058],[-121.95321,36.56046],[-121.95363,36.56058],[-121.95341,36.5608]],[[-121.93417,36.5608],[-121.93417,36.5608]],[[-121.94091,36.56069],[-121.94091,36.56069]],[[-121.93402,36.56069],[-121.93402,36.56069]],[[-121.95144,36.56069],[-121.95144,36.56069]],[[-121.93388,36.56058],[-121.93388,36.56058]],[[-121.93374,36.56035],[-121.93374,36.56035]],[[-121.9336,36.56012],[-121.9336,36.56012]],[[-121.93346,36.56001],[-121.93346,36.56001]],[[-121.93332,36.5599],[-121.93332,36.5599]],[[-121.93318,36.55979],[-121.93318,36.55979]],[[-121.93304,36.55967],[-121.93304,36.55967]],[[-121.9329,36.55945],[-121.9329,36.55945]],[[-121.93276,36.55933],[-121.93276,36.55933]],[[-121.93262,36.559],[-121.93262,36.559]],[[-121.93248,36.55854],[-121.93248,36.55854]],[[-121.93234,36.55821],[-121.93234,36.55821]],[[-121.9322,36.55775],[-121.9322,36.55775]],[[-121.93206,36.5573],[-121.93206,36.5573]],[[-121.93192,36.55696],[-121.93192,36.55696]],[[-121.93178,36.55663],[-121.93178,36.55663]],[[-121.93164,36.5564],[-121.93164,36.5564]],[[-121.9315,36.55606],[-121.9315,36.55606]],[[-121.93136,36.55572],[-121.93136,36.55572]],[[-121.93122,36.55538],[-121.93122,36.55538]],[[-121.93108,36.55505],[-121.93108,36.55505]],[[-121.93094,36.55426],[-121.93094,36.55426]],[[-121.93079,36.5538],[-121.93079,36.5538]],[[-121.93065,36.55324],[-121.93065,36.55324]],[[-121.93051,36.55256],[-121.93051,36.55256]],[[-121.93037,36.552],[-121.93037,36.552]],[[-121.93023,36.55143],[-121.93023,36.55143]],[[-121.93009,36.5511],[-121.93009,36.5511]],[[-121.92995,36.55031],[-121.92995,36.55031]],[[-121.92981,36.5494],[-121.92981,36.5494]],[[-121.92967,36.54839],[-121.92967,36.54839]],[[-121.92967,36.54737],[-121.92967,36.54737]],[[-121.92981,36.54681],[-121.92981,36.54681]],[[-121.92995,36.54658],[-121.92995,36.54658]],[[-121.93009,36.54636],[-121.93009,36.54636]],[[-121.93023,36.54613],[-121.93023,36.54613]],[[-121.93037,36.54591],[-121.93037,36.54591]],[[-121.93051,36.54579],[-121.93051,36.54579]],[[-121.93065,36.54568],[-121.93065,36.54568]],[[-121.93079,36.54557],[-121.93079,36.54557]],[[-121.93094,36.54545],[-121.93094,36.54545]],[[-121.93108,36.54534],[-121.93108,36.54534]],[[-121.93178,36.54523],[-121.93178,36.54523]],[[-121.93122,36.54523],[-121.93122,36.54523]],[[-121.93192,36.545],[-121.93192,36.545]],[[-121.93206,36.54489],[-121.93206,36.54489]],[[-121.9322,36.54478],[-121.9322,36.54478]],[[-121.93304,36.54466],[-121.93304,36.54466]],[[-121.93234,36.54466],[-121.93234,36.54466]],[[-121.93374,36.54421],[-121.93374,36.54421]],[[-121.93402,36.5441],[-121.93402,36.5441]],[[-121.93417,36.54399],[-121.93417,36.54399]],[[-121.93417,36.54376],[-121.93417,36.54376]],[[-121.93417,36.54365],[-121.93417,36.54365]],[[-121.93445,36.54354],[-121.93473,36.54331],[-121.93431,36.54308],[-121.93417,36.54331],[-121.93445,36.54354]],[[-121.93459,36.54342],[-121.93459,36.54342]],[[-121.93431,36.54342],[-121.93431,36.54342]],[[-121.93388,36.54308],[-121.93388,36.54308]],[[-121.9336,36.54297],[-121.9336,36.54297]],[[-121.9336,36.54286],[-121.9336,36.54286]],[[-121.9336,36.54263],[-121.9336,36.54263]],[[-121.93346,36.54252],[-121.93346,36.54252]],[[-121.93332,36.54218],[-121.93332,36.54218]],[[-121.93318,36.54162],[-121.93318,36.54162]],[[-121.93318,36.5415],[-121.93318,36.5415]],[[-121.93332,36.54139],[-121.93332,36.54139]],[[-121.93346,36.54128],[-121.93346,36.54128]],[[-121.93402,36.54098],[-121.93346,36.54011],[-121.93318,36.54038],[-121.9336,36.5406],[-121.93346,36.54083],[-121.9336,36.54094],[-121.93402,36.54098]],[[-121.9336,36.54094],[-121.9336,36.54094]],[[-121.93346,36.54083],[-121.93346,36.54083]],[[-121.93346,36.54071],[-121.93346,36.54071]],[[-121.93332,36.54049],[-121.93332,36.54049]],[[-121.93318,36.54038],[-121.9329,36.54037],[-121.93304,36.54026],[-121.93318,36.54038]],[[-121.93332,36.54026],[-121.93332,36.54026]],[[-121.93304,36.54026],[-121.93304,36.54026]],[[-121.93332,36.54004],[-121.93339,36.53992],[-121.9329,36.53948],[-121.9329,36.5397],[-121.93332,36.54004]],[[-121.93304,36.53981],[-121.93304,36.53981]],[[-121.9329,36.5397],[-121.9329,36.5397]],[[-121.9315,36.53936],[-121.93121,36.53936],[-121.93136,36.53898],[-121.93192,36.53869],[-121.93248,36.53878],[-121.9329,36.53925],[-121.93248,36.53891],[-121.9322,36.53913],[-121.93178,36.53902],[-121.9315,36.53936]],[[-121.92869,36.53591],[-121.92871,36.53541],[-121.92855,36.53537],[-121.92855,36.53591],[-121.92869,36.53591]],[[-121.92855,36.53512],[-121.92857,36.53451],[-121.92841,36.53444],[-121.92841,36.53507],[-121.92855,36.53512]],[[-121.92841,36.53507],[-121.92841,36.53507]],[[-121.92855,36.53437],[-121.92841,36.53394],[-121.92855,36.53437]],[[-121.92841,36.53394],[-121.92841,36.53394]],[[-121.92728,36.53259],[-121.92729,36.5318],[-121.927,36.53162],[-121.927,36.53248],[-121.92728,36.53259]],[[-121.92714,36.53259],[-121.92714,36.53259]],[[-121.927,36.53248],[-121.927,36.53248]],[[-121.92602,36.53047],[-121.92588,36.53005],[-121.92602,36.53047]],[[-121.92588,36.53033],[-121.92588,36.53033]],[[-121.92588,36.52961],[-121.92602,36.52916],[-121.92574,36.52932],[-121.92574,36.52958],[-121.92588,36.52961]],[[-121.92574,36.52932],[-121.92574,36.52932]],[[-121.92588,36.5292],[-121.92588,36.5292]],[[-121.92546,36.52675],[-121.92546,36.52653],[-121.92532,36.52653],[-121.92532,36.52672],[-121.92546,36.52675]],[[-121.92532,36.52672],[-121.92532,36.52672]],[[-121.92546,36.52615],[-121.92546,36.52582],[-121.92532,36.52582],[-121.92532,36.52615],[-121.92546,36.52615]],[[-121.92532,36.52582],[-121.92532,36.52582]],[[-121.93459,36.52413],[-121.93388,36.52419],[-121.93332,36.52379],[-121.93389,36.52356],[-121.93459,36.52413]],[[-121.93459,36.52401],[-121.93459,36.52401]],[[-121.9329,36.52394],[-121.93304,36.52385],[-121.93304,36.52345],[-121.93248,36.52356],[-121.9322,36.52345],[-121.93178,36.52367],[-121.9315,36.52356],[-121.93065,36.52367],[-121.93079,36.52382],[-121.9322,36.5237],[-121.9329,36.52394]],[[-121.93023,36.52394],[-121.93037,36.52379],[-121.93009,36.52356],[-121.92995,36.52367],[-121.92981,36.52356],[-121.92953,36.52277],[-121.92869,36.52266],[-121.92789,36.523],[-121.92869,36.52312],[-121.92981,36.52385],[-121.93023,36.52394]],[[-121.93669,36.52388],[-121.9368,36.52379],[-121.93655,36.52356],[-121.93618,36.52356],[-121.93669,36.52388]],[[-121.93431,36.5239],[-121.93431,36.5239]],[[-121.93726,36.52371],[-121.9374,36.52334],[-121.93711,36.52356],[-121.93711,36.52374],[-121.93726,36.52371]],[[-121.93417,36.52379],[-121.93417,36.52379]],[[-121.93332,36.52379],[-121.93332,36.52379]],[[-121.93402,36.52367],[-121.93402,36.52367]],[[-121.93346,36.52367],[-121.93346,36.52367]],[[-121.93065,36.52367],[-121.93065,36.52367]],[[-121.92714,36.52357],[-121.92728,36.52345],[-121.92714,36.52357]],[[-121.95214,36.52347],[-121.95214,36.52334],[-121.95195,36.52334],[-121.95214,36.52347]],[[-121.93711,36.52356],[-121.93711,36.52356]],[[-121.93599,36.52346],[-121.93599,36.52322],[-121.93571,36.523],[-121.93543,36.52322],[-121.93529,36.52299],[-121.93473,36.52277],[-121.93487,36.52266],[-121.93473,36.52232],[-121.93417,36.52232],[-121.9336,36.52288],[-121.93388,36.5232],[-121.934,36.52311],[-121.93386,36.52277],[-121.93431,36.52263],[-121.93447,36.52311],[-121.93391,36.52322],[-121.93473,36.52347],[-121.93529,36.52325],[-121.93599,36.52346]],[[-121.93459,36.52345],[-121.93459,36.52345]],[[-121.93388,36.52356],[-121.93388,36.52356]],[[-121.93192,36.52356],[-121.93192,36.52356]],[[-121.93122,36.52356],[-121.93122,36.52356]],[[-121.93009,36.52356],[-121.93009,36.52356]],[[-121.93417,36.52334],[-121.93417,36.52334]],[[-121.9322,36.52345],[-121.9322,36.52345]],[[-121.92714,36.52345],[-121.92714,36.52345]],[[-121.9374,36.52334],[-121.9374,36.52334]],[[-121.93374,36.52311],[-121.93374,36.52311]],[[-121.9336,36.523],[-121.9336,36.523]],[[-121.94877,36.52289],[-121.94891,36.52266],[-121.94863,36.52266],[-121.94835,36.52243],[-121.94863,36.52288],[-121.94877,36.52289]],[[-121.94863,36.52288],[-121.94863,36.52288]],[[-121.93571,36.523],[-121.93571,36.523]],[[-121.94554,36.52277],[-121.94568,36.52266],[-121.94538,36.52255],[-121.94554,36.52277]],[[-121.94063,36.52279],[-121.94122,36.52243],[-121.94187,36.52176],[-121.94161,36.52164],[-121.94132,36.52176],[-121.94133,36.52209],[-121.94119,36.52221],[-121.94063,36.52201],[-121.94052,36.52209],[-121.94044,36.52255],[-121.94063,36.52279]],[[-121.9336,36.52288],[-121.9336,36.52288]],[[-121.92799,36.52288],[-121.92799,36.52288]],[[-121.94849,36.52266],[-121.94849,36.52266]],[[-121.9454,36.52266],[-121.9454,36.52266]],[[-121.92827,36.52277],[-121.92827,36.52277]],[[-121.94835,36.52255],[-121.94835,36.52255]],[[-121.92869,36.52266],[-121.92869,36.52266]],[[-121.93388,36.52255],[-121.93388,36.52255]],[[-121.94835,36.52243],[-121.94835,36.52243]],[[-121.94484,36.52242],[-121.9447,36.52221],[-121.94437,36.52221],[-121.94456,36.52243],[-121.94484,36.52242]],[[-121.93402,36.52243],[-121.93402,36.52243]],[[-121.93417,36.52232],[-121.93417,36.52232]],[[-121.95032,36.52189],[-121.95032,36.52176],[-121.95001,36.52176],[-121.95032,36.52189]],[[-121.94063,36.52164],[-121.94044,36.52164],[-121.94031,36.5213],[-121.94063,36.52164]],[[-121.94975,36.52163],[-121.94961,36.52119],[-121.94947,36.5213],[-121.94975,36.52163]],[[-121.94161,36.52164],[-121.94161,36.52164]],[[-121.94063,36.52153],[-121.94063,36.52153]],[[-121.94947,36.5213],[-121.94947,36.5213]],[[-121.94245,36.52134],[-121.94361,36.52085],[-121.94329,36.52074],[-121.94245,36.52085],[-121.94231,36.52108],[-121.94231,36.52132],[-121.94245,36.52134]],[[-121.94049,36.52142],[-121.94049,36.52142]],[[-121.94456,36.52127],[-121.94456,36.52096],[-121.94431,36.52097],[-121.94442,36.52127],[-121.94456,36.52127]],[[-121.94034,36.5213],[-121.94034,36.5213]],[[-121.93669,36.52122],[-121.93683,36.52108],[-121.93655,36.52129],[-121.93669,36.52122]],[[-121.94961,36.52119],[-121.94961,36.52119]],[[-121.93655,36.52119],[-121.93655,36.52119]],[[-121.93669,36.52108],[-121.93669,36.52108]],[[-121.94231,36.52097],[-121.94231,36.52097]],[[-121.94245,36.52085],[-121.94245,36.52085]],[[-121.94329,36.52074],[-121.94329,36.52074]],[[-121.93697,36.52016],[-121.93719,36.51995],[-121.93711,36.51987],[-121.93683,36.51995],[-121.93697,36.52016]],[[-121.93683,36.52006],[-121.93683,36.52006]],[[-121.94077,36.51995],[-121.94077,36.51961],[-121.94063,36.5195],[-121.94006,36.51916],[-121.93922,36.51893],[-121.93782,36.51905],[-121.93726,36.5195],[-121.9374,36.51976],[-121.93752,36.5195],[-121.93796,36.51921],[-121.93922,36.51912],[-121.94077,36.51995]],[[-121.93683,36.51995],[-121.93683,36.51995]],[[-121.93726,36.51961],[-121.93726,36.51961]],[[-121.95411,36.51953],[-121.95411,36.51953]],[[-121.95411,36.5195],[-121.95411,36.5195]],[[-121.93726,36.5195],[-121.93726,36.5195]],[[-121.93768,36.51916],[-121.93768,36.51916]],[[-121.93782,36.51905],[-121.93782,36.51905]],[[-121.93838,36.51893],[-121.93838,36.51893]],[[-121.95284,36.51814],[-121.95313,36.51746],[-121.95281,36.51769],[-121.95284,36.51803],[-121.9527,36.51814],[-121.95284,36.51814]],[[-121.9527,36.51814],[-121.95242,36.51792],[-121.9527,36.51814]],[[-121.95664,36.51808],[-121.95608,36.51803],[-121.95622,36.51792],[-121.95622,36.51733],[-121.95664,36.51747],[-121.9565,36.51758],[-121.95664,36.51769]],[[-121.95256,36.51803],[-121.95256,36.51803]],[[-121.95242,36.51792],[-121.95242,36.51792]],[[-121.95565,36.51726],[-121.95565,36.51713],[-121.95549,36.51713],[-121.95551,36.51729],[-121.95565,36.51726]],[[-121.95018,36.51702],[-121.95029,36.51702],[-121.95004,36.51679],[-121.9499,36.5169],[-121.9499,36.51702],[-121.95018,36.51702]],[[-121.9499,36.51702],[-121.9499,36.51702]],[[-121.9499,36.5169],[-121.9499,36.5169]],[[-121.9513,36.51645],[-121.9513,36.51645]],[[-121.95116,36.51634],[-121.95092,36.51634],[-121.95116,36.51614],[-121.95116,36.51634]],[[-121.94891,36.51555],[-121.9491,36.51544],[-121.94891,36.51529],[-121.9488,36.51532],[-121.94891,36.51555]],[[-121.94849,36.51501],[-121.94821,36.51457],[-121.94821,36.51487],[-121.94849,36.51501]],[[-121.94835,36.51499],[-121.94835,36.51499]],[[-121.94821,36.51487],[-121.94821,36.51487]],[[-121.94709,36.51352],[-121.94713,36.51341],[-121.94696,36.51341],[-121.94709,36.51352]],[[-121.94582,36.51318],[-121.94616,36.51307],[-121.94568,36.51289],[-121.94582,36.51318]],[[-121.94568,36.51307],[-121.94568,36.51307]],[[-121.94456,36.51307],[-121.94428,36.51295],[-121.944,36.51307],[-121.94386,36.51273],[-121.94414,36.51262],[-121.94456,36.51284],[-121.9447,36.51253],[-121.94518,36.51262],[-121.94456,36.51307]],[[-121.94428,36.51273],[-121.94428,36.51273]],[[-121.94386,36.51273],[-121.94386,36.51273]],[[-121.94414,36.51262],[-121.94414,36.51262]],[[-121.94245,36.51183],[-121.94231,36.51171],[-121.94245,36.5116],[-121.94245,36.5112],[-121.94273,36.5116],[-121.94245,36.51183]],[[-121.94231,36.51171],[-121.94231,36.51171]],[[-121.94231,36.51123],[-121.94243,36.51104],[-121.94231,36.51104],[-121.94231,36.51123]],[[-121.94231,36.51104],[-121.94231,36.51104]],[[-121.94217,36.51092],[-121.94237,36.51081],[-121.94231,36.5107],[-121.94217,36.51092]],[[-121.94217,36.51076],[-121.94236,36.51013],[-121.94189,36.51036],[-121.94217,36.51076]],[[-121.94203,36.51058],[-121.94203,36.51058]],[[-121.94189,36.51047],[-121.94189,36.51047]],[[-121.94189,36.51036],[-121.94189,36.51036]],[[-121.94217,36.51013],[-121.94217,36.51013]],[[-121.94273,36.50901],[-121.94273,36.50901]],[[-121.94273,36.509],[-121.94273,36.509]],[[-121.94259,36.50879],[-121.94259,36.50879]],[[-121.94133,36.50844],[-121.94133,36.50826],[-121.94119,36.50825],[-121.94133,36.50844]],[[-121.94119,36.50833],[-121.94119,36.50833]],[[-121.94105,36.50817],[-121.94105,36.50805],[-121.94091,36.5081],[-121.94105,36.50817]],[[-121.94091,36.5081],[-121.94091,36.5081]],[[-121.94456,36.5078],[-121.9447,36.50765],[-121.94443,36.50731],[-121.9438,36.50765],[-121.94456,36.5078]],[[-121.94245,36.50697],[-121.94301,36.50765],[-121.94361,36.50776],[-121.94259,36.50697]],[[-121.94386,36.50754],[-121.94386,36.50754]],[[-121.94414,36.50742],[-121.94414,36.50742]],[[-121.94442,36.50731],[-121.94442,36.50731]]]},"properties":{"depth_m":2}},{"type":"Feature","geometry":{"type":"MultiLineString","coordinates":[[[-121.95481,36.56103],[-121.95467,36.56103]],[[-121.95425,36.56091],[-121.95438,36.5608],[-121.95411,36.56071],[-121.95425,36.56091]],[[-121.95144,36.56103],[-121.95186,36.56058],[-121.95292,36.56035],[-121.95256,36.56017],[-121.95186,36.56026],[-121.95137,36.56058],[-121.95114,36.56103]],[[-121.94129,36.56103],[-121.94117,36.56058],[-121.94006,36.56043],[-121.93894,36.56068],[-121.93831,36.56103]],[[-121.94091,36.56103],[-121.94105,36.5608],[-121.94077,36.56058],[-121.93992,36.56103]],[[-121.93894,36.56103],[-121.93964,36.5608],[-121.93978,36.56103]],[[-121.93592,36.56103],[-121.93525,36.56046],[-121.93483,36.55956],[-121.93449,36.55922],[-121.93398,36.55742],[-121.93361,36.55696],[-121.9335,36.55651],[-121.9329,36.55594],[-121.93223,36.55392],[-121.93221,36.55301],[-121.93159,36.552],[-121.93102,36.54974],[-121.93109,36.54873],[-121.93092,36.54749],[-121.93158,36.54613],[-121.9329,36.54558],[-121.93332,36.54564],[-121.93388,36.54527],[-121.93479,36.545],[-121.93483,36.54444],[-121.93518,36.5441],[-121.9352,36.54354],[-121.93466,36.54286],[-121.93489,36.54229],[-121.9339,36.54184],[-121.93411,36.54139],[-121.93345,36.54128],[-121.93318,36.5415],[-121.93332,36.54218],[-121.93374,36.54275],[-121.93359,36.54297],[-121.93431,36.54354],[-121.93417,36.54376],[-121.93431,36.54387],[-121.93374,36.5442],[-121.93388,36.54466],[-121.93374,36.54478],[-121.93304,36.54465],[-121.93276,36.54489],[-121.93234,36.54466],[-121.93164,36.54534],[-121.93122,36.54523],[-121.93037,36.54591],[-121.92981,36.54681],[-121.92967,36.54839],[-121.92981,36.5485],[-121.93009,36.5511],[-121.93051,36.55211],[-121.93065,36.55324],[-121.93108,36.55437],[-121.93108,36.55505],[-121.9322,36.55742],[-121.93276,36.55933],[-121.93417,36.5608],[-121.93487,36.5608],[-121.93515,36.56103],[-121.93557,36.56091],[-121.93571,36.56103]],[[-121.93501,36.56091],[-121.93501,36.56091]],[[-121.95411,36.5608],[-121.95411,36.5608]],[[-121.95341,36.5608],[-121.95377,36.56058],[-121.95313,36.5604],[-121.95313,36.56058],[-121.95341,36.5608]],[[-121.93417,36.5608],[-121.93417,36.5608]],[[-121.93402,36.56069],[-121.93402,36.56069]],[[-121.95313,36.56058],[-121.95313,36.56058]],[[-121.93388,36.56058],[-121.93388,36.56058]],[[-121.93374,36.56035],[-121.93374,36.56035]],[[-121.9336,36.56012],[-121.9336,36.56012]],[[-121.93346,36.56001],[-121.93346,36.56001]],[[-121.93332,36.5599],[-121.93332,36.5599]],[[-121.93318,36.55979],[-121.93318,36.55979]],[[-121.93304,36.55967],[-121.93304,36.55967]],[[-121.9329,36.55945],[-121.9329,36.55945]],[[-121.93276,36.55933],[-121.93276,36.55933]],[[-121.93262,36.559],[-121.93262,36.559]],[[-121.93248,36.55854],[-121.93248,36.55854]],[[-121.93234,36.55821],[-121.93234,36.55821]],[[-121.9322,36.55775],[-121.9322,36.55775]],[[-121.93206,36.5573],[-121.93206,36.5573]],[[-121.93192,36.55696],[-121.93192,36.55696]],[[-121.93178,36.55663],[-121.93178,36.55663]],[[-121.93164,36.5564],[-121.93164,36.5564]],[[-121.9315,36.55606],[-121.9315,36.55606]],[[-121.93136,36.55572],[-121.93136,36.55572]],[[-121.93122,36.55538],[-121.93122,36.55538]],[[-121.93108,36.55505],[-121.93108,36.55505]],[[-121.93094,36.55426],[-121.93094,36.55426]],[[-121.93079,36.5538],[-121.93079,36.5538]],[[-121.93065,36.55324],[-121.93065,36.55324]],[[-121.93051,36.55256],[-121.93051,36.55256]],[[-121.93037,36.552],[-121.93037,36.552]],[[-121.93023,36.55143],[-121.93023,36.55143]],[[-121.93009,36.5511],[-121.93009,36.5511]],[[-121.92995,36.55031],[-121.92995,36.55031]],[[-121.92981,36.5494],[-121.92981,36.5494]],[[-121.92967,36.54839],[-121.92967,36.54839]],[[-121.92967,36.54737],[-121.92967,36.54737]],[[-121.92981,36.54681],[-121.92981,36.54681]],[[-121.92995,36.54658],[-121.92995,36.54658]],[[-121.93009,36.54636],[-121.93009,36.54636]],[[-121.93023,36.54613],[-121.93023,36.54613]],[[-121.93037,36.54591],[-121.93037,36.54591]],[[-121.93051,36.54579],[-121.93051,36.54579]],[[-121.93065,36.54568],[-121.93065,36.54568]],[[-121.93079,36.54557],[-121.93079,36.54557]],[[-121.93094,36.54545],[-121.93094,36.54545]],[[-121.93108,36.54534],[-121.93108,36.54534]],[[-121.93178,36.54523],[-121.93178,36.54523]],[[-121.93122,36.54523],[-121.93122,36.54523]],[[-121.93192,36.545],[-121.93192,36.545]],[[-121.93206,36.54489],[-121.93206,36.54489]],[[-121.9322,36.54478],[-121.9322,36.54478]],[[-121.93234,36.54466],[-121.93234,36.54466]],[[-121.93374,36.54421],[-121.93374,36.54421]],[[-121.93402,36.5441],[-121.93402,36.5441]],[[-121.93417,36.54399],[-121.93417,36.54399]],[[-121.93417,36.54376],[-121.93417,36.54376]],[[-121.93417,36.54365],[-121.93417,36.54365]],[[-121.93445,36.54354],[-121.93473,36.54331],[-121.93431,36.54308],[-121.93417,36.54331],[-121.93445,36.54354]],[[-121.93459,36.54342],[-121.93459,36.54342]],[[-121.93431,36.54342],[-121.93431,36.54342]],[[-121.93388,36.54308],[-121.93388,36.54308]],[[-121.9336,36.54263],[-121.9336,36.54263]],[[-121.93346,36.54252],[-121.93346,36.54252]],[[-121.93332,36.54218],[-121.93332,36.54218]],[[-121.93318,36.5415],[-121.93318,36.5415]],[[-121.93417,36.54105],[-121.93413,36.54071],[-121.93431,36.54037],[-121.9336,36.54003],[-121.93326,36.5397],[-121.93304,36.53915],[-121.93248,36.53861],[-121.9315,36.53866],[-121.93094,36.53926],[-121.93036,36.53913],[-121.93079,36.53947],[-121.93136,36.53947],[-121.93178,36.53902],[-121.9322,36.53913],[-121.93248,36.53891],[-121.9329,36.53936],[-121.9329,36.5397],[-121.93346,36.54015],[-121.93318,36.54038],[-121.9336,36.5406],[-121.93346,36.54083],[-121.93417,36.54105]],[[-121.93402,36.54105],[-121.93402,36.54105]],[[-121.9336,36.54094],[-121.9336,36.54094]],[[-121.93346,36.54083],[-121.93346,36.54083]],[[-121.93346,36.54071],[-121.93346,36.54071]],[[-121.93332,36.54049],[-121.93332,36.54049]],[[-121.93318,36.54038],[-121.9329,36.54037],[-121.93304,36.54026],[-121.93318,36.54038]],[[-121.93332,36.54026],[-121.93332,36.54026]],[[-121.93304,36.54026],[-121.93304,36.54026]],[[-121.93332,36.54004],[-121.93332,36.54004]],[[-121.93304,36.53981],[-121.93304,36.53981]],[[-121.9329,36.5397],[-121.9329,36.5397]],[[-121.93079,36.53947],[-121.93079,36.53947]],[[-121.93051,36.53936],[-121.93051,36.53936]],[[-121.93276,36.53925],[-121.93276,36.53925]],[[-121.93037,36.53925],[-121.93037,36.53925]],[[-121.93262,36.53913],[-121.93262,36.53913]],[[-121.93206,36.53913],[-121.93206,36.53913]],[[-121.92981,36.53862],[-121.92981,36.53852],[-121.92981,36.53862]],[[-121.92967,36.53837],[-121.92967,36.53837]],[[-121.92953,36.53823],[-121.92953,36.53804],[-121.92953,36.53823]],[[-121.92939,36.53811],[-121.92952,36.53801],[-121.92939,36.5379],[-121.92939,36.53811]],[[-121.92925,36.53789],[-121.92938,36.53778],[-121.92894,36.53643],[-121.92869,36.5363],[-121.92883,36.53733],[-121.92925,36.53789]],[[-121.92911,36.53767],[-121.92911,36.53767]],[[-121.92897,36.53755],[-121.92897,36.53755]],[[-121.92883,36.53733],[-121.92883,36.53733]],[[-121.92869,36.53688],[-121.92869,36.53688]],[[-121.92869,36.53606],[-121.92888,36.53575],[-121.92868,36.53451],[-121.92881,36.53417],[-121.92836,36.53361],[-121.92834,36.53327],[-121.92799,36.53309],[-121.92855,36.53428],[-121.92841,36.53439],[-121.92841,36.53507],[-121.92855,36.53518],[-121.92855,36.53597],[-121.92869,36.53606]],[[-121.92855,36.53597],[-121.92855,36.53597]],[[-121.92841,36.53507],[-121.92841,36.53507]],[[-121.92841,36.53439],[-121.92841,36.53439]],[[-121.92869,36.53428],[-121.92869,36.53428]],[[-121.92827,36.53383],[-121.92827,36.53383]],[[-121.92813,36.53349],[-121.92813,36.53349]],[[-121.92799,36.53315],[-121.92799,36.53315]],[[-121.92785,36.53304],[-121.92756,36.53293],[-121.92756,36.53279],[-121.92785,36.53304]],[[-121.92742,36.53272],[-121.92751,36.53169],[-121.927,36.53144],[-121.927,36.53248],[-121.92742,36.53272]],[[-121.92714,36.53259],[-121.92714,36.53259]],[[-121.927,36.53248],[-121.927,36.53248]],[[-121.92644,36.53093],[-121.92612,36.52999],[-121.92624,36.52898],[-121.92602,36.52883],[-121.92602,36.52909],[-121.92574,36.52931],[-121.92574,36.52999],[-121.92602,36.53056],[-121.92644,36.53093]],[[-121.9263,36.5309],[-121.9263,36.5309]],[[-121.92616,36.53067],[-121.92616,36.53067]],[[-121.92602,36.53056],[-121.92602,36.53056]],[[-121.92588,36.53033],[-121.92588,36.53033]],[[-121.92574,36.52999],[-121.92574,36.52999]],[[-121.9256,36.52695],[-121.9256,36.52582],[-121.92546,36.52571],[-121.92532,36.52582],[-121.92532,36.52672],[-121.9256,36.52695]],[[-121.92546,36.52683],[-121.92546,36.52683]],[[-121.92532,36.52672],[-121.92532,36.52672]],[[-121.92532,36.52582],[-121.92532,36.52582]],[[-121.9256,36.52554],[-121.9256,36.52534],[-121.92546,36.52537],[-121.92546,36.52554],[-121.9256,36.52554]],[[-121.92546,36.52537],[-121.92546,36.52537]],[[-121.92616,36.52472],[-121.92785,36.5232],[-121.92869,36.52322],[-121.93009,36.52401],[-121.93206,36.52376],[-121.9329,36.52399],[-121.93304,36.52389],[-121.93304,36.52345],[-121.93248,36.52356],[-121.9322,36.52345],[-121.93178,36.52367],[-121.93122,36.52356],[-121.93065,36.52367],[-121.93051,36.5239],[-121.93009,36.52356],[-121.92995,36.52367],[-121.92981,36.52356],[-121.92953,36.52277],[-121.92869,36.52266],[-121.92799,36.52288],[-121.927,36.52356],[-121.92616,36.52472]],[[-121.92616,36.52458],[-121.92616,36.52458]],[[-121.9263,36.52446],[-121.9263,36.52446]],[[-121.93445,36.52425],[-121.93463,36.52401],[-121.9339,36.52356],[-121.93332,36.52379],[-121.93332,36.524],[-121.93374,36.52422],[-121.93445,36.52425]],[[-121.92658,36.52413],[-121.92658,36.52413]],[[-121.93697,36.52391],[-121.9374,36.52364],[-121.9374,36.52334],[-121.93683,36.52379],[-121.93655,36.52355],[-121.93627,36.52356],[-121.93571,36.523],[-121.93543,36.52322],[-121.93529,36.52299],[-121.93487,36.52288],[-121.93473,36.52277],[-121.93487,36.52266],[-121.93474,36.52232],[-121.93417,36.52232],[-121.9336,36.52288],[-121.93388,36.52322],[-121.93473,36.52351],[-121.93529,36.52332],[-121.93599,36.5235],[-121.93655,36.52394],[-121.93697,36.52391]],[[-121.92672,36.5239],[-121.92672,36.5239]],[[-121.93332,36.52379],[-121.93332,36.52379]],[[-121.92686,36.52379],[-121.92686,36.52379]],[[-121.93346,36.52367],[-121.93346,36.52367]],[[-121.93065,36.52367],[-121.93065,36.52367]],[[-121.95214,36.5235],[-121.95214,36.52334],[-121.95192,36.52334],[-121.95214,36.5235]],[[-121.93459,36.52345],[-121.93459,36.52345]],[[-121.93388,36.52356],[-121.93388,36.52356]],[[-121.93192,36.52356],[-121.93192,36.52356]],[[-121.93122,36.52356],[-121.93122,36.52356]],[[-121.93009,36.52356],[-121.93009,36.52356]],[[-121.927,36.52356],[-121.927,36.52356]],[[-121.93417,36.52334],[-121.93417,36.52334]],[[-121.9322,36.52345],[-121.9322,36.52345]],[[-121.92714,36.52345],[-121.92714,36.52345]],[[-121.9374,36.52334],[-121.9374,36.52334]],[[-121.93388,36.52322],[-121.93388,36.52322]],[[-121.92728,36.52334],[-121.92728,36.52334]],[[-121.93374,36.52311],[-121.93374,36.52311]],[[-121.92742,36.52322],[-121.92742,36.52322]],[[-121.9336,36.523],[-121.9336,36.523]],[[-121.92756,36.52311],[-121.92756,36.52311]],[[-121.9513,36.52289],[-121.9513,36.52289]],[[-121.94891,36.52289],[-121.94903,36.52266],[-121.94863,36.52266],[-121.94835,36.52242],[-121.94863,36.52288],[-121.94891,36.52289]],[[-121.94863,36.52288],[-121.94863,36.52288]],[[-121.93571,36.523],[-121.93571,36.523]],[[-121.92785,36.523],[-121.92785,36.523]],[[-121.9513,36.52288],[-121.9513,36.52288]],[[-121.94554,36.52281],[-121.94568,36.52266],[-121.94532,36.52255],[-121.94554,36.52281]],[[-121.94063,36.52284],[-121.94091,36.52255],[-121.9413,36.52243],[-121.94193,36.52176],[-121.94161,36.52164],[-121.94132,36.52176],[-121.94133,36.52209],[-121.94119,36.52221],[-121.94049,36.52196],[-121.9404,36.52255],[-121.94063,36.52284]],[[-121.9336,36.52288],[-121.9336,36.52288]],[[-121.92799,36.52288],[-121.92799,36.52288]],[[-121.94849,36.52266],[-121.94849,36.52266]],[[-121.92827,36.52277],[-121.92827,36.52277]],[[-121.94835,36.52255],[-121.94835,36.52255]],[[-121.93374,36.52266],[-121.93374,36.52266]],[[-121.92869,36.52266],[-121.92869,36.52266]],[[-121.95088,36.5225],[-121.95088,36.52237],[-121.95088,36.5225]],[[-121.94498,36.52244],[-121.94442,36.52199],[-121.94429,36.52209],[-121.94456,36.52248],[-121.94498,36.52244]],[[-121.93388,36.52255],[-121.93388,36.52255]],[[-121.95074,36.5224],[-121.95084,36.52232],[-121.95074,36.52221],[-121.95051,36.52221],[-121.95074,36.5224]],[[-121.93402,36.52243],[-121.93402,36.52243]],[[-121.93417,36.52232],[-121.93417,36.52232]],[[-121.95046,36.52213],[-121.95046,36.52213]],[[-121.95032,36.52202],[-121.95032,36.52176],[-121.9499,36.52164],[-121.94961,36.52119],[-121.94947,36.5213],[-121.94961,36.52142],[-121.94961,36.52185],[-121.95032,36.52202]],[[-121.94049,36.52178],[-121.94063,36.52153],[-121.94015,36.5213],[-121.94049,36.52178]],[[-121.94161,36.52164],[-121.94161,36.52164]],[[-121.93655,36.52162],[-121.93697,36.52108],[-121.93669,36.52108],[-121.93641,36.5213],[-121.93655,36.52162]],[[-121.94442,36.52147],[-121.94456,36.52096],[-121.94415,36.52097],[-121.94442,36.52147]],[[-121.93641,36.52142],[-121.93641,36.52142]],[[-121.94947,36.5213],[-121.94947,36.5213]],[[-121.94245,36.5214],[-121.94369,36.52085],[-121.94343,36.52074],[-121.94245,36.52085],[-121.94231,36.52108],[-121.94231,36.52135],[-121.94245,36.5214]],[[-121.93641,36.5213],[-121.93641,36.5213]],[[-121.94961,36.52119],[-121.94961,36.52119]],[[-121.93655,36.52119],[-121.93655,36.52119]],[[-121.93669,36.52108],[-121.93669,36.52108]],[[-121.94231,36.52097],[-121.94231,36.52097]],[[-121.94245,36.52085],[-121.94245,36.52085]],[[-121.94329,36.52074],[-121.94329,36.52074]],[[-121.9402,36.52063],[-121.94034,36.5204],[-121.9402,36.52063]],[[-121.9402,36.52051],[-121.9402,36.52051]],[[-121.94049,36.52029],[-121.94034,36.5204],[-121.94045,36.52029],[-121.94021,36.51995],[-121.9388,36.51922],[-121.93791,36.51939],[-121.93768,36.51992],[-121.9374,36.51999],[-121.93721,36.52029],[-121.93683,36.51995],[-121.9374,36.51984],[-121.93726,36.5195],[-121.93782,36.51905],[-121.93922,36.51893],[-121.94006,36.51916],[-121.94077,36.51961],[-121.94077,36.51995],[-121.94049,36.52029]],[[-121.93683,36.51995],[-121.93683,36.51995]],[[-121.93711,36.51984],[-121.93711,36.51984]],[[-121.93697,36.51984],[-121.93697,36.51984]],[[-121.95425,36.51963],[-121.95427,36.5195],[-121.95411,36.5195],[-121.95397,36.5197],[-121.95425,36.51963]],[[-121.95397,36.51961],[-121.95397,36.51961]],[[-121.95298,36.51952],[-121.95282,36.51939],[-121.95298,36.51952]],[[-121.94077,36.51961],[-121.94077,36.51961]],[[-121.95411,36.5195],[-121.95411,36.5195]],[[-121.94063,36.5195],[-121.94063,36.5195]],[[-121.93726,36.5195],[-121.93726,36.5195]],[[-121.9527,36.51929],[-121.9527,36.51929]],[[-121.94034,36.51939],[-121.94034,36.51939]],[[-121.95256,36.51918],[-121.95256,36.51918]],[[-121.95186,36.51919],[-121.95206,36.51893],[-121.95172,36.51905],[-121.95172,36.51921],[-121.95186,36.51919]],[[-121.9402,36.51927],[-121.9402,36.51927]],[[-121.94006,36.51916],[-121.94006,36.51916]],[[-121.93768,36.51916],[-121.93768,36.51916]],[[-121.95172,36.51905],[-121.95172,36.51905]],[[-121.93964,36.51905],[-121.93964,36.51905]],[[-121.93782,36.51905],[-121.93782,36.51905]],[[-121.95186,36.51893],[-121.95186,36.51893]],[[-121.93922,36.51893],[-121.93922,36.51893]],[[-121.93838,36.51893],[-121.93838,36.51893]],[[-121.95664,36.51734],[-121.95581,36.51702],[-121.95622,36.51735],[-121.95622,36.51792],[-121.95607,36.51803],[-121.95565,36.51758],[-121.95565,36.51702],[-121.9553,36.5169],[-121.95548,36.51758],[-121.95508,36.51769],[-121.95509,36.51823],[-121.95523,36.51836],[-121.95565,36.51802],[-121.95664,36.51815]],[[-121.95284,36.51814],[-121.95298,36.51804],[-121.95298,36.51769],[-121.95332,36.51747],[-121.9532,36.51735],[-121.95284,36.51744],[-121.95264,36.51769],[-121.95284,36.51792],[-121.9527,36.51814],[-121.95284,36.51814]],[[-121.9527,36.51814],[-121.95242,36.51792],[-121.9527,36.51814]],[[-121.95256,36.51803],[-121.95256,36.51803]],[[-121.95593,36.51792],[-121.95593,36.51792]],[[-121.95242,36.51792],[-121.95242,36.51792]],[[-121.95664,36.51769],[-121.9565,36.51758],[-121.95664,36.51747]],[[-121.95579,36.51769],[-121.95579,36.51769]],[[-121.95565,36.51702],[-121.95565,36.51702]],[[-121.95046,36.51702],[-121.9499,36.51702],[-121.9499,36.51675],[-121.95046,36.51672],[-121.95116,36.51597],[-121.95137,36.516],[-121.95116,36.51634],[-121.95062,36.51668],[-121.95046,36.51702]],[[-121.95158,36.51657],[-121.95144,36.5163],[-121.9513,36.51645],[-121.95158,36.51657]],[[-121.95144,36.51657],[-121.95144,36.51657]],[[-121.9513,36.51645],[-121.9513,36.51645]],[[-121.94891,36.51555],[-121.94941,36.51544],[-121.94905,36.51517],[-121.94877,36.51516],[-121.94891,36.51555]],[[-121.94877,36.51544],[-121.94877,36.51544]],[[-121.94849,36.51507],[-121.94861,36.51499],[-121.94841,36.51453],[-121.94807,36.5143],[-121.94821,36.51487],[-121.94849,36.51507]],[[-121.94835,36.51499],[-121.94835,36.51499]],[[-121.94821,36.51487],[-121.94821,36.51487]],[[-121.94807,36.51442],[-121.94807,36.51442]],[[-121.94709,36.51352],[-121.94722,36.51341],[-121.94695,36.5133],[-121.94709,36.51352]],[[-121.94695,36.51341],[-121.94695,36.51341]],[[-121.94638,36.51318],[-121.94647,36.51307],[-121.9461,36.51282],[-121.94557,36.51284],[-121.94581,36.51318],[-121.9461,36.51307],[-121.94638,36.51318]],[[-121.94624,36.51318],[-121.94624,36.51318]],[[-121.94568,36.51307],[-121.94568,36.51307]],[[-121.94456,36.51307],[-121.94428,36.51295],[-121.944,36.51307],[-121.94386,36.51273],[-121.944,36.51261],[-121.94442,36.51284],[-121.9447,36.51273],[-121.9447,36.5125],[-121.94442,36.51226],[-121.94533,36.51262],[-121.94537,36.51273],[-121.94498,36.51273],[-121.94456,36.51307]],[[-121.94428,36.51273],[-121.94428,36.51273]],[[-121.94386,36.51273],[-121.94386,36.51273]],[[-121.94414,36.51262],[-121.94414,36.51262]],[[-121.94512,36.5125],[-121.94512,36.5125]],[[-121.944,36.51201],[-121.94409,36.51194],[-121.94386,36.51186],[-121.944,36.51201]],[[-121.94386,36.51194],[-121.94386,36.51194]],[[-121.94245,36.51183],[-121.9423,36.51183],[-121.94245,36.5116],[-121.9423,36.51104],[-121.94245,36.51092],[-121.94231,36.51081],[-121.94217,36.51093],[-121.94217,36.5107],[-121.94189,36.51036],[-121.94259,36.51002],[-121.94273,36.50967],[-121.94286,36.50991],[-121.94238,36.51058],[-121.94298,36.5116],[-121.94245,36.51183]],[[-121.94287,36.51171],[-121.94287,36.51171]],[[-121.94231,36.51171],[-121.94231,36.51171]],[[-121.94189,36.51036],[-121.94189,36.51036]],[[-121.94259,36.50979],[-121.94259,36.50979]],[[-121.94245,36.50953],[-121.94287,36.509],[-121.94259,36.50862],[-121.94245,36.50878],[-121.94273,36.509],[-121.94217,36.50923],[-121.94245,36.50953]],[[-121.94231,36.50946],[-121.94231,36.50946]],[[-121.94217,36.50923],[-121.94217,36.50923]],[[-121.94231,36.50912],[-121.94231,36.50912]],[[-121.94259,36.50889],[-121.94259,36.50889]],[[-121.94245,36.50878],[-121.94245,36.50878]],[[-121.94133,36.50844],[-121.94091,36.5081],[-121.94105,36.50799],[-121.94147,36.50821],[-121.94133,36.50844]],[[-121.94301,36.50834],[-121.94287,36.50821],[-121.94301,36.50834]],[[-121.94287,36.50821],[-121.94287,36.50821]],[[-121.94147,36.50821],[-121.94147,36.50821]],[[-121.94091,36.5081],[-121.94091,36.5081]],[[-121.94245,36.50697],[-121.94273,36.50742],[-121.94343,36.50788],[-121.94372,36.50769],[-121.94442,36.50783],[-121.9447,36.50773],[-121.94443,36.50731],[-121.94343,36.50765],[-121.94259,36.50697]],[[-121.94105,36.50799],[-121.94105,36.50799]],[[-121.94386,36.50754],[-121.94386,36.50754]],[[-121.94414,36.50742],[-121.94414,36.50742]],[[-121.94442,36.50731],[-121.94442,36.50731]]]},"properties":{"depth_m":3}},{"type":"Feature","geometry":{"type":"MultiLineString","coordinates":[[[-121.95492,36.56103],[-121.95467,36.56093],[-121.95467,36.56103]],[[-121.95144,36.56103],[-121.95186,36.56058],[-121.95256,36.56035],[-121.95298,36.56035],[-121.95339,36.5608],[-121.95383,36.56058],[-121.95424,36.56091],[-121.95464,36.56091],[-121.95383,36.56046],[-121.95242,36.56011],[-121.95141,36.56035],[-121.95107,36.56058],[-121.95089,36.56103]],[[-121.94137,36.56103],[-121.94119,36.5605],[-121.94006,36.56036],[-121.93894,36.56059],[-121.93818,36.56103]],[[-121.94091,36.56103],[-121.94105,36.5608],[-121.94077,36.56058],[-121.93992,36.56103]],[[-121.93894,36.56103],[-121.93964,36.5608],[-121.93978,36.56103]],[[-121.93621,36.56103],[-121.93547,36.56046],[-121.93535,36.56001],[-121.93464,36.55888],[-121.93431,36.55775],[-121.93434,36.55719],[-121.93389,36.55685],[-121.93394,36.55651],[-121.93318,36.55584],[-121.9325,36.5538],[-121.93238,36.5529],[-121.9315,36.55082],[-121.93134,36.55008],[-121.93144,36.54929],[-121.93114,36.54749],[-121.93144,36.5467],[-121.93194,36.54613],[-121.93262,36.54597],[-121.9329,36.54573],[-121.93332,36.54576],[-121.93388,36.54539],[-121.93516,36.545],[-121.93502,36.54455],[-121.93538,36.5441],[-121.93539,36.54387],[-121.93531,36.54354],[-121.93477,36.54286],[-121.93506,36.54229],[-121.93409,36.54173],[-121.93439,36.54139],[-121.93345,36.54128],[-121.93318,36.5415],[-121.93332,36.54218],[-121.93374,36.54275],[-121.93359,36.54297],[-121.93431,36.54354],[-121.93417,36.54376],[-121.93431,36.54387],[-121.93374,36.5442],[-121.93388,36.54466],[-121.93374,36.54478],[-121.93304,36.54465],[-121.93276,36.54489],[-121.93234,36.54466],[-121.93164,36.54534],[-121.93122,36.54523],[-121.93037,36.54591],[-121.92981,36.54681],[-121.92967,36.54839],[-121.92981,36.5485],[-121.93009,36.5511],[-121.93051,36.55211],[-121.93065,36.55324],[-121.93108,36.55437],[-121.93108,36.55505],[-121.9322,36.55742],[-121.93276,36.55933],[-121.93417,36.5608],[-121.93487,36.5608],[-121.93515,36.56103],[-121.93557,36.56091],[-121.93571,36.56103]],[[-121.93501,36.56091],[-121.93501,36.56091]],[[-121.93417,36.5608],[-121.93417,36.5608]],[[-121.93402,36.56069],[-121.93402,36.56069]],[[-121.93388,36.56058],[-121.93388,36.56058]],[[-121.93374,36.56035],[-121.93374,36.56035]],[[-121.9336,36.56012],[-121.9336,36.56012]],[[-121.93346,36.56001],[-121.93346,36.56001]],[[-121.93332,36.5599],[-121.93332,36.5599]],[[-121.93318,36.55979],[-121.93318,36.55979]],[[-121.93304,36.55967],[-121.93304,36.55967]],[[-121.9329,36.55945],[-121.9329,36.55945]],[[-121.93276,36.55933],[-121.93276,36.55933]],[[-121.93262,36.559],[-121.93262,36.559]],[[-121.93248,36.55854],[-121.93248,36.55854]],[[-121.93234,36.55821],[-121.93234,36.55821]],[[-121.9322,36.55775],[-121.9322,36.55775]],[[-121.93206,36.5573],[-121.93206,36.5573]],[[-121.93192,36.55696],[-121.93192,36.55696]],[[-121.93178,36.55663],[-121.93178,36.55663]],[[-121.93164,36.5564],[-121.93164,36.5564]],[[-121.9315,36.55606],[-121.9315,36.55606]],[[-121.93136,36.55572],[-121.93136,36.55572]],[[-121.93122,36.55538],[-121.93122,36.55538]],[[-121.93108,36.55505],[-121.93108,36.55505]],[[-121.93094,36.55426],[-121.93094,36.55426]],[[-121.93079,36.5538],[-121.93079,36.5538]],[[-121.93065,36.55324],[-121.93065,36.55324]],[[-121.93051,36.55256],[-121.93051,36.55256]],[[-121.93037,36.552],[-121.93037,36.552]],[[-121.93023,36.55143],[-121.93023,36.55143]],[[-121.93009,36.5511],[-121.93009,36.5511]],[[-121.92995,36.55031],[-121.92995,36.55031]],[[-121.92981,36.5494],[-121.92981,36.5494]],[[-121.92967,36.54839],[-121.92967,36.54839]],[[-121.92967,36.54737],[-121.92967,36.54737]],[[-121.92981,36.54681],[-121.92981,36.54681]],[[-121.92995,36.54658],[-121.92995,36.54658]],[[-121.93009,36.54636],[-121.93009,36.54636]],[[-121.93023,36.54613],[-121.93023,36.54613]],[[-121.93037,36.54591],[-121.93037,36.54591]],[[-121.93051,36.54579],[-121.93051,36.54579]],[[-121.93065,36.54568],[-121.93065,36.54568]],[[-121.93079,36.54557],[-121.93079,36.54557]],[[-121.93094,36.54545],[-121.93094,36.54545]],[[-121.93108,36.54534],[-121.93108,36.54534]],[[-121.93178,36.54523],[-121.93178,36.54523]],[[-121.93122,36.54523],[-121.93122,36.54523]],[[-121.93192,36.545],[-121.93192,36.545]],[[-121.93206,36.54489],[-121.93206,36.54489]],[[-121.9322,36.54478],[-121.9322,36.54478]],[[-121.93234,36.54466],[-121.93234,36.54466]],[[-121.93374,36.54421],[-121.93374,36.54421]],[[-121.93402,36.5441],[-121.93402,36.5441]],[[-121.93417,36.54399],[-121.93417,36.54399]],[[-121.93417,36.54376],[-121.93417,36.54376]],[[-121.93417,36.54365],[-121.93417,36.54365]],[[-121.93445,36.54354],[-121.93473,36.54331],[-121.93431,36.54308],[-121.93417,36.54331],[-121.93445,36.54354]],[[-121.93459,36.54342],[-121.93459,36.54342]],[[-121.93431,36.54342],[-121.93431,36.54342]],[[-121.93388,36.54308],[-121.93388,36.54308]],[[-121.9336,36.54263],[-121.9336,36.54263]],[[-121.93346,36.54252],[-121.93346,36.54252]],[[-121.93332,36.54218],[-121.93332,36.54218]],[[-121.93318,36.5415],[-121.93318,36.5415]],[[-121.93431,36.54105],[-121.93424,36.54071],[-121.93445,36.54049],[-121.93434,36.54026],[-121.93332,36.53965],[-121.93287,36.53868],[-121.93262,36.53846],[-121.93146,36.53857],[-121.93094,36.53907],[-121.93018,36.53857],[-121.92924,36.53699],[-121.92906,36.5362],[-121.92909,36.53507],[-121.92883,36.53451],[-121.92894,36.53406],[-121.92853,36.53372],[-121.92838,36.53315],[-121.9277,36.5327],[-121.92783,36.53157],[-121.92728,36.53134],[-121.92687,36.53135],[-121.927,36.53146],[-121.927,36.53248],[-121.92813,36.53327],[-121.92855,36.53428],[-121.92841,36.53439],[-121.92841,36.53507],[-121.92855,36.53518],[-121.92855,36.53597],[-121.92869,36.53609],[-121.92869,36.53688],[-121.92883,36.53699],[-121.92883,36.53733],[-121.92981,36.53868],[-121.93079,36.53947],[-121.93136,36.53947],[-121.93178,36.53902],[-121.9322,36.53913],[-121.93248,36.53891],[-121.9329,36.53936],[-121.9329,36.5397],[-121.93346,36.54015],[-121.93318,36.54038],[-121.9336,36.5406],[-121.93346,36.54083],[-121.93431,36.54105]],[[-121.93402,36.54105],[-121.93402,36.54105]],[[-121.9336,36.54094],[-121.9336,36.54094]],[[-121.93346,36.54083],[-121.93346,36.54083]],[[-121.93346,36.54071],[-121.93346,36.54071]],[[-121.93318,36.54038],[-121.9329,36.54036],[-121.93304,36.54026],[-121.93318,36.54038]],[[-121.93332,36.54026],[-121.93332,36.54026]],[[-121.93304,36.54026],[-121.93304,36.54026]],[[-121.93304,36.53981],[-121.93304,36.53981]],[[-121.9329,36.5397],[-121.9329,36.5397]],[[-121.93079,36.53947],[-121.93079,36.53947]],[[-121.93051,36.53936],[-121.93051,36.53936]],[[-121.93276,36.53925],[-121.93276,36.53925]],[[-121.93037,36.53925],[-121.93037,36.53925]],[[-121.93262,36.53913],[-121.93262,36.53913]],[[-121.93206,36.53913],[-121.93206,36.53913]],[[-121.93023,36.53913],[-121.93023,36.53913]],[[-121.93009,36.53891],[-121.93009,36.53891]],[[-121.92995,36.5388],[-121.92995,36.5388]],[[-121.92981,36.53868],[-121.92981,36.53868]],[[-121.92967,36.53846],[-121.92967,36.53846]],[[-121.92953,36.53823],[-121.92953,36.53823]],[[-121.92939,36.53812],[-121.92939,36.53812]],[[-121.92925,36.53789],[-121.92925,36.53789]],[[-121.92911,36.53767],[-121.92911,36.53767]],[[-121.92897,36.53755],[-121.92897,36.53755]],[[-121.92883,36.53733],[-121.92883,36.53733]],[[-121.92869,36.53688],[-121.92869,36.53688]],[[-121.92855,36.53597],[-121.92855,36.53597]],[[-121.92841,36.53507],[-121.92841,36.53507]],[[-121.92883,36.53439],[-121.92883,36.53439]],[[-121.92841,36.53439],[-121.92841,36.53439]],[[-121.92827,36.53383],[-121.92827,36.53383]],[[-121.92813,36.53349],[-121.92813,36.53349]],[[-121.92799,36.53315],[-121.92799,36.53315]],[[-121.9277,36.53304],[-121.9277,36.53304]],[[-121.92756,36.53293],[-121.92756,36.53293]],[[-121.92742,36.53282],[-121.92742,36.53282]],[[-121.92714,36.53259],[-121.92714,36.53259]],[[-121.927,36.53248],[-121.927,36.53248]],[[-121.92644,36.53101],[-121.92653,36.53078],[-121.92624,36.52999],[-121.92632,36.52898],[-121.92616,36.52871],[-121.92602,36.52875],[-121.92602,36.52909],[-121.92574,36.52931],[-121.92574,36.52999],[-121.92644,36.53101]],[[-121.9263,36.5309],[-121.9263,36.5309]],[[-121.92616,36.53067],[-121.92616,36.53067]],[[-121.92602,36.53056],[-121.92602,36.53056]],[[-121.92588,36.53033],[-121.92588,36.53033]],[[-121.92574,36.52999],[-121.92574,36.52999]],[[-121.92602,36.52875],[-121.92602,36.52875]],[[-121.92602,36.52789],[-121.92602,36.52754],[-121.92588,36.52743],[-121.92588,36.52785],[-121.92602,36.52789]],[[-121.92588,36.52785],[-121.92588,36.52785]],[[-121.92588,36.52721],[-121.92568,36.5265],[-121.92582,36.52525],[-121.92799,36.52331],[-121.92869,36.52331],[-121.93009,36.52406],[-121.9322,36.52383],[-121.93402,36.52432],[-121.93475,36.52413],[-121.9339,36.52356],[-121.93346,36.52367],[-121.93318,36.52401],[-121.93304,36.5239],[-121.93304,36.52345],[-121.9329,36.52344],[-121.93248,36.52356],[-121.9322,36.52345],[-121.93178,36.52367],[-121.93122,36.52356],[-121.93065,36.52367],[-121.93051,36.5239],[-121.93009,36.52356],[-121.92995,36.52367],[-121.92981,36.52356],[-121.92953,36.52277],[-121.92897,36.52266],[-121.92827,36.52277],[-121.927,36.52356],[-121.92546,36.52537],[-121.92532,36.52672],[-121.92588,36.52721]],[[-121.92574,36.52717],[-121.92574,36.52717]],[[-121.9256,36.52695],[-121.9256,36.52695]],[[-121.92546,36.52683],[-121.92546,36.52683]],[[-121.92532,36.52672],[-121.92532,36.52672]],[[-121.92532,36.52582],[-121.92532,36.52582]],[[-121.92546,36.52537],[-121.92546,36.52537]],[[-121.9256,36.52525],[-121.9256,36.52525]],[[-121.92574,36.52503],[-121.92574,36.52503]],[[-121.92588,36.52492],[-121.92588,36.52492]],[[-121.9263,36.5248],[-121.9263,36.5248]],[[-121.92602,36.52469],[-121.92602,36.52469]],[[-121.92616,36.52458],[-121.92616,36.52458]],[[-121.9263,36.52446],[-121.9263,36.52446]],[[-121.92644,36.52424],[-121.92644,36.52424]],[[-121.94695,36.52403],[-121.94681,36.52382],[-121.94666,36.5239],[-121.94695,36.52403]],[[-121.92658,36.52413],[-121.92658,36.52413]],[[-121.93711,36.52393],[-121.93748,36.52356],[-121.9374,36.52334],[-121.93683,36.52379],[-121.93655,36.52355],[-121.93627,36.52356],[-121.93571,36.523],[-121.93543,36.52322],[-121.93529,36.52299],[-121.93487,36.52288],[-121.93473,36.52277],[-121.93487,36.52266],[-121.93474,36.52232],[-121.93417,36.52232],[-121.9336,36.52288],[-121.93388,36.52322],[-121.93445,36.52334],[-121.93473,36.52355],[-121.93529,36.52338],[-121.93599,36.52355],[-121.93655,36.52399],[-121.93711,36.52393]],[[-121.94863,36.52383],[-121.94849,36.52379],[-121.94863,36.52383]],[[-121.92672,36.5239],[-121.92672,36.5239]],[[-121.94849,36.52379],[-121.94849,36.52379]],[[-121.93332,36.52379],[-121.93332,36.52379]],[[-121.92686,36.52379],[-121.92686,36.52379]],[[-121.93346,36.52367],[-121.93346,36.52367]],[[-121.93065,36.52367],[-121.93065,36.52367]],[[-121.95214,36.52352],[-121.95225,36.52345],[-121.95214,36.52334],[-121.95189,36.52334],[-121.95214,36.52352]],[[-121.93459,36.52345],[-121.93459,36.52345]],[[-121.93388,36.52356],[-121.93388,36.52356]],[[-121.93192,36.52356],[-121.93192,36.52356]],[[-121.93122,36.52356],[-121.93122,36.52356]],[[-121.93009,36.52356],[-121.93009,36.52356]],[[-121.927,36.52356],[-121.927,36.52356]],[[-121.93417,36.52334],[-121.93417,36.52334]],[[-121.9322,36.52345],[-121.9322,36.52345]],[[-121.92714,36.52345],[-121.92714,36.52345]],[[-121.94666,36.52324],[-121.94636,36.52311],[-121.94666,36.52324]],[[-121.9374,36.52334],[-121.9374,36.52334]],[[-121.93388,36.52322],[-121.93388,36.52322]],[[-121.92728,36.52334],[-121.92728,36.52334]],[[-121.93374,36.52311],[-121.93374,36.52311]],[[-121.92742,36.52322],[-121.92742,36.52322]],[[-121.9336,36.523],[-121.9336,36.523]],[[-121.92756,36.52311],[-121.92756,36.52311]],[[-121.9513,36.52294],[-121.95114,36.52277],[-121.9513,36.52294]],[[-121.94891,36.52294],[-121.94912,36.52277],[-121.94905,36.52266],[-121.94863,36.52266],[-121.94835,36.52242],[-121.94863,36.52288],[-121.94891,36.52294]],[[-121.94863,36.52288],[-121.94863,36.52288]],[[-121.94063,36.52289],[-121.94091,36.52255],[-121.94133,36.52249],[-121.94199,36.52176],[-121.94161,36.52164],[-121.94131,36.52176],[-121.94133,36.52209],[-121.94105,36.52221],[-121.94049,36.52187],[-121.94063,36.52153],[-121.94034,36.5213],[-121.94005,36.5213],[-121.94042,36.52187],[-121.94036,36.52255],[-121.94049,36.52289],[-121.94063,36.52289]],[[-121.93571,36.523],[-121.93571,36.523]],[[-121.92785,36.523],[-121.92785,36.523]],[[-121.95439,36.52279],[-121.95439,36.52279]],[[-121.94568,36.52283],[-121.94554,36.52255],[-121.94526,36.52255],[-121.94554,36.52285],[-121.94568,36.52283]],[[-121.9336,36.52288],[-121.9336,36.52288]],[[-121.92799,36.52288],[-121.92799,36.52288]],[[-121.95102,36.52267],[-121.95102,36.52267]],[[-121.94849,36.52266],[-121.94849,36.52266]],[[-121.92827,36.52277],[-121.92827,36.52277]],[[-121.95088,36.52261],[-121.95088,36.52232],[-121.95032,36.52198],[-121.95032,36.52176],[-121.9499,36.52164],[-121.94961,36.52119],[-121.94947,36.5213],[-121.94961,36.52142],[-121.94961,36.52201],[-121.95032,36.5221],[-121.95088,36.52261]],[[-121.94835,36.52255],[-121.94835,36.52255]],[[-121.93374,36.52266],[-121.93374,36.52266]],[[-121.92869,36.52266],[-121.92869,36.52266]],[[-121.94498,36.5225],[-121.94511,36.52243],[-121.94426,36.52198],[-121.94442,36.52244],[-121.94498,36.5225]],[[-121.93388,36.52255],[-121.93388,36.52255]],[[-121.93402,36.52243],[-121.93402,36.52243]],[[-121.94428,36.52232],[-121.94428,36.52232]],[[-121.93417,36.52232],[-121.93417,36.52232]],[[-121.95453,36.52187],[-121.95453,36.52187]],[[-121.93683,36.52164],[-121.93697,36.52108],[-121.93668,36.52108],[-121.93641,36.52142],[-121.93655,36.52164],[-121.93683,36.52164]],[[-121.93655,36.52164],[-121.93655,36.52164]],[[-121.94442,36.52153],[-121.944,36.52097],[-121.94301,36.52114],[-121.94245,36.52144],[-121.94231,36.52138],[-121.94231,36.52097],[-121.94329,36.52074],[-121.94456,36.52095],[-121.94442,36.52153]],[[-121.94161,36.52164],[-121.94161,36.52164]],[[-121.93641,36.52142],[-121.93641,36.52142]],[[-121.94947,36.5213],[-121.94947,36.5213]],[[-121.93641,36.5213],[-121.93641,36.5213]],[[-121.94287,36.52119],[-121.94287,36.52119]],[[-121.94343,36.52108],[-121.94343,36.52108]],[[-121.94231,36.52097],[-121.94231,36.52097]],[[-121.944,36.52085],[-121.944,36.52085]],[[-121.94245,36.52085],[-121.94245,36.52085]],[[-121.94006,36.52075],[-121.94077,36.51995],[-121.94077,36.51961],[-121.94006,36.51916],[-121.93922,36.51893],[-121.93782,36.51905],[-121.93726,36.5195],[-121.9374,36.51984],[-121.93683,36.51995],[-121.93711,36.52029],[-121.93738,36.52029],[-121.93786,36.52006],[-121.93796,36.51975],[-121.93824,36.51952],[-121.93894,36.51947],[-121.94014,36.52018],[-121.94006,36.52075]],[[-121.94343,36.52074],[-121.94343,36.52074]],[[-121.94329,36.52074],[-121.94329,36.52074]],[[-121.95186,36.52051],[-121.952,36.52023],[-121.95186,36.52023],[-121.95186,36.52051]],[[-121.93711,36.52029],[-121.93711,36.52029]],[[-121.93697,36.52018],[-121.93697,36.52018]],[[-121.93683,36.52006],[-121.93683,36.52006]],[[-121.95397,36.51987],[-121.95435,36.5195],[-121.9536,36.51972],[-121.95397,36.51987]],[[-121.93683,36.51995],[-121.93683,36.51995]],[[-121.93697,36.51984],[-121.93697,36.51984]],[[-121.95144,36.51967],[-121.95172,36.51935],[-121.95251,36.51905],[-121.95186,36.51893],[-121.9513,36.51961],[-121.95144,36.51967]],[[-121.9513,36.51961],[-121.9513,36.51961]],[[-121.93726,36.51961],[-121.93726,36.51961]],[[-121.95397,36.51961],[-121.95397,36.51961]],[[-121.95298,36.51958],[-121.95274,36.51939],[-121.95298,36.51958]],[[-121.95411,36.5195],[-121.95411,36.5195]],[[-121.93726,36.5195],[-121.93726,36.5195]],[[-121.9527,36.51936],[-121.9527,36.51919],[-121.95259,36.51927],[-121.9527,36.51936]],[[-121.95256,36.51926],[-121.95267,36.51916],[-121.95256,36.51906],[-121.95244,36.51916],[-121.95256,36.51926]],[[-121.95158,36.51927],[-121.95158,36.51927]],[[-121.93768,36.51916],[-121.93768,36.51916]],[[-121.95172,36.51905],[-121.95172,36.51905]],[[-121.93782,36.51905],[-121.93782,36.51905]],[[-121.95186,36.51893],[-121.95186,36.51893]],[[-121.93838,36.51893],[-121.93838,36.51893]],[[-121.95664,36.51729],[-121.95593,36.51693],[-121.95523,36.51684],[-121.95532,36.51747],[-121.95496,36.51769],[-121.95494,36.51792],[-121.95509,36.5185],[-121.95537,36.51826],[-121.95565,36.5186],[-121.95579,36.5182],[-121.95664,36.5182]],[[-121.95284,36.51814],[-121.95298,36.51804],[-121.95298,36.51769],[-121.95343,36.51735],[-121.95298,36.51731],[-121.95242,36.51763],[-121.95242,36.51792],[-121.95284,36.51814]],[[-121.9527,36.51814],[-121.95242,36.51804],[-121.95256,36.51781],[-121.95284,36.51792],[-121.9527,36.51814]],[[-121.95607,36.51803],[-121.95622,36.51792],[-121.95622,36.51735],[-121.95579,36.51702],[-121.95565,36.51713],[-121.95565,36.51758],[-121.95607,36.51803]],[[-121.95256,36.51803],[-121.95256,36.51803]],[[-121.95593,36.51792],[-121.95593,36.51792]],[[-121.95664,36.51769],[-121.9565,36.51758],[-121.95664,36.51747]],[[-121.95579,36.51769],[-121.95579,36.51769]],[[-121.95046,36.51702],[-121.9499,36.51702],[-121.9499,36.51668],[-121.95074,36.51647],[-121.95116,36.51591],[-121.95144,36.51599],[-121.95169,36.51657],[-121.9513,36.51645],[-121.95144,36.51623],[-121.9513,36.51611],[-121.95074,36.51657],[-121.95046,36.51702]],[[-121.9499,36.51668],[-121.9499,36.51668]],[[-121.9513,36.51645],[-121.9513,36.51645]],[[-121.94961,36.5156],[-121.94961,36.51538],[-121.94864,36.51487],[-121.94821,36.51408],[-121.94807,36.51408],[-121.94821,36.51487],[-121.94877,36.51521],[-121.94877,36.51544],[-121.94891,36.51556],[-121.94933,36.51544],[-121.94961,36.5156]],[[-121.94947,36.51555],[-121.94947,36.51555]],[[-121.94877,36.51544],[-121.94877,36.51544]],[[-121.94849,36.5151],[-121.94849,36.5151]],[[-121.94835,36.51499],[-121.94835,36.51499]],[[-121.94821,36.51487],[-121.94821,36.51487]],[[-121.94807,36.51442],[-121.94807,36.51442]],[[-121.94905,36.514],[-121.94889,36.51397],[-121.94905,36.514]],[[-121.94807,36.51408],[-121.94807,36.51408]],[[-121.94779,36.51374],[-121.94751,36.51346],[-121.94751,36.51363],[-121.94779,36.51374]],[[-121.94751,36.51363],[-121.94751,36.51363]],[[-121.94723,36.51352],[-121.94666,36.51318],[-121.9461,36.51307],[-121.94581,36.51318],[-121.9454,36.51273],[-121.94498,36.51273],[-121.94456,36.51307],[-121.94428,36.51295],[-121.944,36.51307],[-121.94386,36.51284],[-121.944,36.5126],[-121.94456,36.51284],[-121.9447,36.5125],[-121.94362,36.51171],[-121.94386,36.5117],[-121.9447,36.5123],[-121.94554,36.51265],[-121.94723,36.51304],[-121.9474,36.51341],[-121.94723,36.51352]],[[-121.94428,36.51273],[-121.94428,36.51273]],[[-121.94386,36.51273],[-121.94386,36.51273]],[[-121.94414,36.51262],[-121.94414,36.51262]],[[-121.94498,36.51239],[-121.94498,36.51239]],[[-121.94343,36.51183],[-121.94356,36.51183],[-121.94329,36.51172],[-121.94343,36.51183]],[[-121.94329,36.51183],[-121.94329,36.51183]],[[-121.94245,36.51183],[-121.9423,36.51183],[-121.94245,36.5116],[-121.9423,36.51104],[-121.94245,36.51092],[-121.94231,36.51081],[-121.94217,36.51093],[-121.94217,36.5107],[-121.94189,36.51036],[-121.94259,36.51002],[-121.94273,36.50968],[-121.94217,36.50923],[-121.94273,36.509],[-121.94245,36.50867],[-121.94245,36.50855],[-121.94273,36.50852],[-121.94282,36.50867],[-121.94259,36.50878],[-121.9429,36.509],[-121.94273,36.50923],[-121.94305,36.50991],[-121.94261,36.51058],[-121.94329,36.51171],[-121.94245,36.51183]],[[-121.94231,36.51171],[-121.94231,36.51171]],[[-121.94189,36.51036],[-121.94189,36.51036]],[[-121.94259,36.50979],[-121.94259,36.50979]],[[-121.94217,36.50923],[-121.94217,36.50923]],[[-121.94231,36.50912],[-121.94231,36.50912]],[[-121.94273,36.50889],[-121.94273,36.50889]],[[-121.94245,36.50855],[-121.94245,36.50855]],[[-121.94133,36.50844],[-121.94091,36.50809],[-121.94105,36.50799],[-121.94178,36.50821],[-121.94178,36.50833],[-121.94133,36.50844]],[[-121.94301,36.5084],[-121.94302,36.50821],[-121.94284,36.50821],[-121.94287,36.50841],[-121.94301,36.5084]],[[-121.94245,36.50697],[-121.94273,36.50742],[-121.94343,36.50791],[-121.94372,36.50778],[-121.94456,36.50787],[-121.94476,36.50776],[-121.94443,36.50731],[-121.94343,36.50765],[-121.94259,36.50697]],[[-121.94245,36.5079],[-121.94231,36.50776],[-121.94245,36.5079]],[[-121.94105,36.50799],[-121.94105,36.50799]],[[-121.94231,36.50776],[-121.94231,36.50776]],[[-121.94386,36.50754],[-121.94386,36.50754]],[[-121.94414,36.50742],[-121.94414,36.50742]],[[-121.94442,36.50731],[-121.94442,36.50731]]]},"properties":{"depth_m":4}},{"type":"Feature","geometry":{"type":"MultiLineString","coordinates":[[[-121.95505,36.56103],[-121.95383,36.5604],[-121.95256,36.56004],[-121.95186,36.5601],[-121.9512,36.56035],[-121.95067,36.56103]],[[-121.95467,36.56103],[-121.95424,36.56091],[-121.95383,36.56058],[-121.95339,36.5608],[-121.95298,36.56035],[-121.95186,36.56058],[-121.95144,36.56103]],[[-121.94145,36.56103],[-121.94119,36.56043],[-121.94006,36.5603],[-121.93894,36.56043],[-121.93803,36.56103]],[[-121.94091,36.56103],[-121.94105,36.5608],[-121.94077,36.56058],[-121.93992,36.56103]],[[-121.93894,36.56103],[-121.93964,36.5608],[-121.93978,36.56103]],[[-121.93654,36.56103],[-121.93594,36.56069],[-121.93588,36.56035],[-121.93551,36.5599],[-121.93547,36.55956],[-121.93485,36.55854],[-121.93465,36.55764],[-121.93486,36.55696],[-121.93445,36.557],[-121.93427,36.55685],[-121.93445,36.55642],[-121.93371,36.55595],[-121.93332,36.5552],[-121.93277,36.55369],[-121.93274,36.55279],[-121.9325,36.55177],[-121.93166,36.55042],[-121.93163,36.54986],[-121.9318,36.5494],[-121.93173,36.54861],[-121.93135,36.5476],[-121.93148,36.54715],[-121.9321,36.54647],[-121.93234,36.54629],[-121.9329,36.54625],[-121.93279,36.54602],[-121.9329,36.54589],[-121.93521,36.54512],[-121.93521,36.54455],[-121.9355,36.54387],[-121.93486,36.54275],[-121.93525,36.54218],[-121.93501,36.54195],[-121.93427,36.54173],[-121.93477,36.54128],[-121.93439,36.54083],[-121.93451,36.54049],[-121.93431,36.54038],[-121.93446,36.54026],[-121.93338,36.53959],[-121.93285,36.53834],[-121.93234,36.53826],[-121.93094,36.53871],[-121.93047,36.53857],[-121.93081,36.53823],[-121.92995,36.53729],[-121.9296,36.5371],[-121.92955,36.5353],[-121.92905,36.53439],[-121.92908,36.53406],[-121.92855,36.53363],[-121.92847,36.53315],[-121.92791,36.5327],[-121.92803,36.53157],[-121.9277,36.53132],[-121.92668,36.53101],[-121.92638,36.53033],[-121.92659,36.52988],[-121.92653,36.52932],[-121.92616,36.52863],[-121.92602,36.52909],[-121.92574,36.52931],[-121.92574,36.52999],[-121.9263,36.5309],[-121.927,36.53146],[-121.927,36.53248],[-121.92813,36.53327],[-121.92839,36.53417],[-121.92855,36.53428],[-121.92841,36.53439],[-121.92841,36.53507],[-121.92855,36.53518],[-121.92855,36.53597],[-121.92869,36.53609],[-121.92869,36.53688],[-121.92897,36.53755],[-121.93023,36.53913],[-121.93079,36.53947],[-121.93136,36.53947],[-121.93178,36.53902],[-121.9322,36.53913],[-121.93248,36.53891],[-121.9329,36.53936],[-121.9329,36.5397],[-121.93346,36.54015],[-121.93318,36.54038],[-121.9336,36.5406],[-121.93346,36.54083],[-121.93445,36.54117],[-121.93431,36.54139],[-121.93344,36.54128],[-121.93316,36.54162],[-121.93332,36.54173],[-121.93346,36.54252],[-121.93374,36.54275],[-121.93358,36.54297],[-121.93431,36.54354],[-121.93417,36.54376],[-121.93431,36.54387],[-121.93374,36.5442],[-121.93388,36.54466],[-121.93346,36.54478],[-121.93304,36.54465],[-121.93276,36.54489],[-121.93234,36.54466],[-121.93164,36.54534],[-121.93122,36.54523],[-121.93037,36.54591],[-121.92981,36.54681],[-121.92967,36.54839],[-121.92981,36.5485],[-121.93009,36.5511],[-121.93051,36.55211],[-121.93065,36.55324],[-121.93108,36.55437],[-121.93108,36.55505],[-121.9322,36.55742],[-121.93276,36.55933],[-121.93417,36.5608],[-121.93487,36.5608],[-121.93515,36.56103],[-121.93557,36.56091],[-121.93571,36.56103]],[[-121.93501,36.56091],[-121.93501,36.56091]],[[-121.93417,36.5608],[-121.93417,36.5608]],[[-121.93402,36.56069],[-121.93402,36.56069]],[[-121.93388,36.56058],[-121.93388,36.56058]],[[-121.93374,36.56035],[-121.93374,36.56035]],[[-121.93978,36.56035],[-121.93978,36.56035]],[[-121.9336,36.56012],[-121.9336,36.56012]],[[-121.93346,36.56001],[-121.93346,36.56001]],[[-121.93332,36.5599],[-121.93332,36.5599]],[[-121.93318,36.55979],[-121.93318,36.55979]],[[-121.93304,36.55967],[-121.93304,36.55967]],[[-121.9329,36.55945],[-121.9329,36.55945]],[[-121.93276,36.55933],[-121.93276,36.55933]],[[-121.93262,36.559],[-121.93262,36.559]],[[-121.93248,36.55854],[-121.93248,36.55854]],[[-121.93234,36.55821],[-121.93234,36.55821]],[[-121.9322,36.55775],[-121.9322,36.55775]],[[-121.93206,36.5573],[-121.93206,36.5573]],[[-121.93192,36.55696],[-121.93192,36.55696]],[[-121.93178,36.55663],[-121.93178,36.55663]],[[-121.93164,36.5564],[-121.93164,36.5564]],[[-121.9315,36.55606],[-121.9315,36.55606]],[[-121.93136,36.55572],[-121.93136,36.55572]],[[-121.93122,36.55538],[-121.93122,36.55538]],[[-121.93108,36.55505],[-121.93108,36.55505]],[[-121.93094,36.55426],[-121.93094,36.55426]],[[-121.93079,36.5538],[-121.93079,36.5538]],[[-121.93065,36.55324],[-121.93065,36.55324]],[[-121.93051,36.55256],[-121.93051,36.55256]],[[-121.93037,36.552],[-121.93037,36.552]],[[-121.93023,36.55143],[-121.93023,36.55143]],[[-121.93009,36.5511],[-121.93009,36.5511]],[[-121.92995,36.55031],[-121.92995,36.55031]],[[-121.93627,36.54994],[-121.93631,36.54974],[-121.93613,36.54971],[-121.93613,36.54994],[-121.93627,36.54994]],[[-121.92981,36.5494],[-121.92981,36.5494]],[[-121.92967,36.54839],[-121.92967,36.54839]],[[-121.92967,36.54737],[-121.92967,36.54737]],[[-121.92981,36.54681],[-121.92981,36.54681]],[[-121.92995,36.54658],[-121.92995,36.54658]],[[-121.93009,36.54636],[-121.93009,36.54636]],[[-121.93023,36.54613],[-121.93023,36.54613]],[[-121.93037,36.54591],[-121.93037,36.54591]],[[-121.93051,36.54579],[-121.93051,36.54579]],[[-121.93065,36.54568],[-121.93065,36.54568]],[[-121.93079,36.54557],[-121.93079,36.54557]],[[-121.93094,36.54545],[-121.93094,36.54545]],[[-121.93108,36.54534],[-121.93108,36.54534]],[[-121.93178,36.54523],[-121.93178,36.54523]],[[-121.93122,36.54523],[-121.93122,36.54523]],[[-121.93192,36.545],[-121.93192,36.545]],[[-121.93206,36.54489],[-121.93206,36.54489]],[[-121.9322,36.54478],[-121.9322,36.54478]],[[-121.93234,36.54466],[-121.93234,36.54466]],[[-121.93374,36.54421],[-121.93374,36.54421]],[[-121.93402,36.5441],[-121.93402,36.5441]],[[-121.93417,36.54399],[-121.93417,36.54399]],[[-121.93417,36.54376],[-121.93417,36.54376]],[[-121.93417,36.54365],[-121.93417,36.54365]],[[-121.93445,36.54354],[-121.93473,36.54331],[-121.93431,36.54308],[-121.93417,36.54331],[-121.93445,36.54354]],[[-121.93459,36.54342],[-121.93459,36.54342]],[[-121.93431,36.54342],[-121.93431,36.54342]],[[-121.93388,36.54308],[-121.93388,36.54308]],[[-121.9336,36.54263],[-121.9336,36.54263]],[[-121.93346,36.54252],[-121.93346,36.54252]],[[-121.93332,36.54218],[-121.93332,36.54218]],[[-121.93318,36.5415],[-121.93318,36.5415]],[[-121.93402,36.54105],[-121.93402,36.54105]],[[-121.9336,36.54094],[-121.9336,36.54094]],[[-121.93346,36.54083],[-121.93346,36.54083]],[[-121.93346,36.54071],[-121.93346,36.54071]],[[-121.93318,36.54038],[-121.9329,36.54036],[-121.93304,36.54026],[-121.93318,36.54038]],[[-121.93332,36.54026],[-121.93332,36.54026]],[[-121.93304,36.54026],[-121.93304,36.54026]],[[-121.93304,36.53981],[-121.93304,36.53981]],[[-121.9329,36.5397],[-121.9329,36.5397]],[[-121.93079,36.53947],[-121.93079,36.53947]],[[-121.93051,36.53936],[-121.93051,36.53936]],[[-121.93276,36.53925],[-121.93276,36.53925]],[[-121.93037,36.53925],[-121.93037,36.53925]],[[-121.93262,36.53913],[-121.93262,36.53913]],[[-121.93206,36.53913],[-121.93206,36.53913]],[[-121.93023,36.53913],[-121.93023,36.53913]],[[-121.93009,36.53891],[-121.93009,36.53891]],[[-121.92995,36.5388],[-121.92995,36.5388]],[[-121.92981,36.53868],[-121.92981,36.53868]],[[-121.92967,36.53846],[-121.92967,36.53846]],[[-121.92953,36.53823],[-121.92953,36.53823]],[[-121.92939,36.53812],[-121.92939,36.53812]],[[-121.92925,36.53789],[-121.92925,36.53789]],[[-121.92911,36.53767],[-121.92911,36.53767]],[[-121.92897,36.53755],[-121.92897,36.53755]],[[-121.92883,36.53733],[-121.92883,36.53733]],[[-121.92869,36.53688],[-121.92869,36.53688]],[[-121.92855,36.53597],[-121.92855,36.53597]],[[-121.92841,36.53507],[-121.92841,36.53507]],[[-121.92841,36.53439],[-121.92841,36.53439]],[[-121.92827,36.53383],[-121.92827,36.53383]],[[-121.92813,36.53349],[-121.92813,36.53349]],[[-121.92799,36.53315],[-121.92799,36.53315]],[[-121.9277,36.53304],[-121.9277,36.53304]],[[-121.92742,36.53282],[-121.92742,36.53282]],[[-121.92714,36.53259],[-121.92714,36.53259]],[[-121.927,36.53248],[-121.927,36.53248]],[[-121.92686,36.53135],[-121.92686,36.53135]],[[-121.92672,36.53124],[-121.92672,36.53124]],[[-121.92658,36.53112],[-121.92658,36.53112]],[[-121.92644,36.53101],[-121.92644,36.53101]],[[-121.9263,36.5309],[-121.9263,36.5309]],[[-121.92616,36.53067],[-121.92616,36.53067]],[[-121.92602,36.53056],[-121.92602,36.53056]],[[-121.92588,36.53033],[-121.92588,36.53033]],[[-121.92574,36.52999],[-121.92574,36.52999]],[[-121.92602,36.52875],[-121.92602,36.52875]],[[-121.9263,36.52849],[-121.9263,36.52834],[-121.92616,36.52834],[-121.92616,36.52849],[-121.9263,36.52849]],[[-121.92602,36.52794],[-121.92614,36.52785],[-121.92581,36.5265],[-121.92588,36.52562],[-121.92644,36.52544],[-121.927,36.52492],[-121.92727,36.52424],[-121.92799,36.52355],[-121.92883,36.52345],[-121.93009,36.52411],[-121.9322,36.52389],[-121.93402,36.52436],[-121.93459,36.52431],[-121.93481,36.52413],[-121.9339,36.52356],[-121.93346,36.52367],[-121.93318,36.52401],[-121.93304,36.5239],[-121.93304,36.52345],[-121.9329,36.52343],[-121.93248,36.52356],[-121.9322,36.52345],[-121.93178,36.52367],[-121.93122,36.52356],[-121.93065,36.52367],[-121.93051,36.5239],[-121.93009,36.52356],[-121.92995,36.52367],[-121.92981,36.52356],[-121.92953,36.52277],[-121.92869,36.52266],[-121.92799,36.52288],[-121.927,36.52356],[-121.92546,36.52537],[-121.92532,36.52672],[-121.92588,36.52729],[-121.92588,36.52785],[-121.92602,36.52794]],[[-121.92588,36.52785],[-121.92588,36.52785]],[[-121.92574,36.52717],[-121.92574,36.52717]],[[-121.9256,36.52695],[-121.9256,36.52695]],[[-121.92546,36.52683],[-121.92546,36.52683]],[[-121.92532,36.52672],[-121.92532,36.52672]],[[-121.92532,36.52582],[-121.92532,36.52582]],[[-121.92546,36.52537],[-121.92546,36.52537]],[[-121.9256,36.52525],[-121.9256,36.52525]],[[-121.92574,36.52503],[-121.92574,36.52503]],[[-121.92588,36.52492],[-121.92588,36.52492]],[[-121.92602,36.52469],[-121.92602,36.52469]],[[-121.92616,36.52458],[-121.92616,36.52458]],[[-121.9263,36.52446],[-121.9263,36.52446]],[[-121.94695,36.52413],[-121.94707,36.52401],[-121.94681,36.5239],[-121.94681,36.52374],[-121.94662,36.5239],[-121.94695,36.52413]],[[-121.92644,36.52424],[-121.92644,36.52424]],[[-121.93683,36.52402],[-121.9374,36.52375],[-121.93751,36.52356],[-121.9374,36.52334],[-121.93683,36.52379],[-121.93655,36.52355],[-121.93627,36.52356],[-121.93571,36.523],[-121.93543,36.52322],[-121.93529,36.52298],[-121.93487,36.52288],[-121.93473,36.52277],[-121.93487,36.52266],[-121.93475,36.52232],[-121.93417,36.52232],[-121.9336,36.52288],[-121.93388,36.52322],[-121.93445,36.52334],[-121.93473,36.52356],[-121.93529,36.52343],[-121.93599,36.52358],[-121.93655,36.52403],[-121.93683,36.52402]],[[-121.92658,36.52413],[-121.92658,36.52413]],[[-121.94863,36.52391],[-121.94878,36.52379],[-121.94865,36.52367],[-121.94846,36.5239],[-121.94863,36.52391]],[[-121.92756,36.5239],[-121.92756,36.5239]],[[-121.92672,36.5239],[-121.92672,36.5239]],[[-121.94849,36.52379],[-121.94849,36.52379]],[[-121.93332,36.52379],[-121.93332,36.52379]],[[-121.92686,36.52379],[-121.92686,36.52379]],[[-121.94863,36.52367],[-121.94863,36.52367]],[[-121.93473,36.52356],[-121.93473,36.52356]],[[-121.93346,36.52367],[-121.93346,36.52367]],[[-121.93065,36.52367],[-121.93065,36.52367]],[[-121.95228,36.52356],[-121.95186,36.52322],[-121.95228,36.52356]],[[-121.952,36.52345],[-121.952,36.52345]],[[-121.93459,36.52345],[-121.93459,36.52345]],[[-121.93388,36.52356],[-121.93388,36.52356]],[[-121.93192,36.52356],[-121.93192,36.52356]],[[-121.93122,36.52356],[-121.93122,36.52356]],[[-121.93009,36.52356],[-121.93009,36.52356]],[[-121.927,36.52356],[-121.927,36.52356]],[[-121.95186,36.52334],[-121.95186,36.52334]],[[-121.94681,36.52343],[-121.94692,36.52334],[-121.94669,36.52334],[-121.94681,36.52343]],[[-121.93417,36.52334],[-121.93417,36.52334]],[[-121.9322,36.52345],[-121.9322,36.52345]],[[-121.92714,36.52345],[-121.92714,36.52345]],[[-121.94666,36.52333],[-121.94638,36.52303],[-121.94628,36.52311],[-121.94666,36.52333]],[[-121.9374,36.52334],[-121.9374,36.52334]],[[-121.93388,36.52322],[-121.93388,36.52322]],[[-121.92728,36.52334],[-121.92728,36.52334]],[[-121.95186,36.52322],[-121.95186,36.52322]],[[-121.93374,36.52311],[-121.93374,36.52311]],[[-121.92742,36.52322],[-121.92742,36.52322]],[[-121.94877,36.523],[-121.94921,36.52277],[-121.94863,36.52266],[-121.94835,36.52242],[-121.94877,36.523]],[[-121.93768,36.52301],[-121.93771,36.52288],[-121.93754,36.52288],[-121.93768,36.52301]],[[-121.93754,36.523],[-121.93754,36.523]],[[-121.9336,36.523],[-121.9336,36.523]],[[-121.92756,36.52311],[-121.92756,36.52311]],[[-121.95495,36.52291],[-121.95505,36.52288],[-121.95474,36.52288],[-121.95495,36.52291]],[[-121.9513,36.52299],[-121.95088,36.52232],[-121.95032,36.52198],[-121.95032,36.52176],[-121.9499,36.52164],[-121.94961,36.52119],[-121.94947,36.52129],[-121.94961,36.52142],[-121.94961,36.52224],[-121.95004,36.52204],[-121.9513,36.52299]],[[-121.94863,36.52288],[-121.94863,36.52288]],[[-121.94568,36.52289],[-121.94554,36.52255],[-121.94424,36.52198],[-121.94428,36.52236],[-121.94451,36.52255],[-121.94512,36.52256],[-121.94568,36.52289]],[[-121.94063,36.52294],[-121.94091,36.52255],[-121.94119,36.52269],[-121.94133,36.52258],[-121.94204,36.52176],[-121.94161,36.52164],[-121.94131,36.52176],[-121.94133,36.52209],[-121.94105,36.52221],[-121.94049,36.52187],[-121.94063,36.52153],[-121.94034,36.5213],[-121.94001,36.5213],[-121.94038,36.52198],[-121.94034,36.52259],[-121.94049,36.52294],[-121.94063,36.52294]],[[-121.93571,36.523],[-121.93571,36.523]],[[-121.92785,36.523],[-121.92785,36.523]],[[-121.95467,36.52284],[-121.95459,36.52277],[-121.95467,36.52284]],[[-121.95439,36.52285],[-121.95449,36.52277],[-121.95429,36.52277],[-121.95439,36.52285]],[[-121.93754,36.52288],[-121.93754,36.52288]],[[-121.9336,36.52288],[-121.9336,36.52288]],[[-121.92799,36.52288],[-121.92799,36.52288]],[[-121.94849,36.52266],[-121.94849,36.52266]],[[-121.92827,36.52277],[-121.92827,36.52277]],[[-121.94835,36.52255],[-121.94835,36.52255]],[[-121.93374,36.52266],[-121.93374,36.52266]],[[-121.92869,36.52266],[-121.92869,36.52266]],[[-121.93388,36.52255],[-121.93388,36.52255]],[[-121.93402,36.52243],[-121.93402,36.52243]],[[-121.93417,36.52232],[-121.93417,36.52232]],[[-121.95453,36.52187],[-121.95453,36.52187]],[[-121.93697,36.52164],[-121.93697,36.52108],[-121.93668,36.52108],[-121.93641,36.5213],[-121.93655,36.52164],[-121.93697,36.52164]],[[-121.93655,36.52164],[-121.93655,36.52164]],[[-121.95411,36.52153],[-121.95411,36.52143],[-121.95411,36.52153]],[[-121.94442,36.52153],[-121.944,36.52106],[-121.94301,36.52118],[-121.94245,36.52147],[-121.94231,36.52141],[-121.94231,36.52097],[-121.94329,36.52074],[-121.94456,36.52095],[-121.94442,36.52153]],[[-121.94161,36.52164],[-121.94161,36.52164]],[[-121.93641,36.52142],[-121.93641,36.52142]],[[-121.94947,36.5213],[-121.94947,36.5213]],[[-121.93641,36.5213],[-121.93641,36.5213]],[[-121.94231,36.52097],[-121.94231,36.52097]],[[-121.94006,36.52085],[-121.93988,36.52085],[-121.93992,36.5203],[-121.93894,36.5198],[-121.93852,36.51976],[-121.93768,36.52034],[-121.93711,36.52029],[-121.93683,36.51995],[-121.9374,36.51984],[-121.93726,36.5195],[-121.93782,36.51905],[-121.93922,36.51893],[-121.94006,36.51916],[-121.94078,36.51972],[-121.94063,36.52018],[-121.94006,36.52085]],[[-121.944,36.52085],[-121.944,36.52085]],[[-121.94245,36.52085],[-121.94245,36.52085]],[[-121.94343,36.52074],[-121.94343,36.52074]],[[-121.94329,36.52074],[-121.94329,36.52074]],[[-121.952,36.52051],[-121.95186,36.52051],[-121.95186,36.51995],[-121.95219,36.52029],[-121.952,36.52051]],[[-121.95397,36.51996],[-121.95453,36.51945],[-121.95411,36.5195],[-121.95383,36.51972],[-121.95327,36.51972],[-121.95397,36.51996]],[[-121.93683,36.51995],[-121.93683,36.51995]],[[-121.95313,36.51973],[-121.95326,36.51961],[-121.95228,36.51893],[-121.95186,36.51893],[-121.9513,36.51961],[-121.95156,36.51972],[-121.95172,36.51948],[-121.95228,36.51923],[-121.95313,36.51973]],[[-121.95144,36.51972],[-121.95144,36.51972]],[[-121.93711,36.51984],[-121.93711,36.51984]],[[-121.93697,36.51984],[-121.93697,36.51984]],[[-121.95397,36.51961],[-121.95397,36.51961]],[[-121.9513,36.51961],[-121.9513,36.51961]],[[-121.94077,36.51961],[-121.94077,36.51961]],[[-121.95411,36.5195],[-121.95411,36.5195]],[[-121.94063,36.5195],[-121.94063,36.5195]],[[-121.93726,36.5195],[-121.93726,36.5195]],[[-121.95144,36.51939],[-121.95144,36.51939]],[[-121.94034,36.51939],[-121.94034,36.51939]],[[-121.95158,36.51927],[-121.95158,36.51927]],[[-121.9402,36.51927],[-121.9402,36.51927]],[[-121.94006,36.51916],[-121.94006,36.51916]],[[-121.93768,36.51916],[-121.93768,36.51916]],[[-121.95172,36.51905],[-121.95172,36.51905]],[[-121.93964,36.51905],[-121.93964,36.51905]],[[-121.93782,36.51905],[-121.93782,36.51905]],[[-121.95186,36.51893],[-121.95186,36.51893]],[[-121.93922,36.51893],[-121.93922,36.51893]],[[-121.93838,36.51893],[-121.93838,36.51893]],[[-121.95664,36.51724],[-121.95593,36.51687],[-121.95523,36.51677],[-121.95509,36.5169],[-121.95517,36.51724],[-121.95482,36.51781],[-121.95509,36.51866],[-121.95565,36.51872],[-121.95607,36.51827],[-121.95664,36.51825]],[[-121.95537,36.5186],[-121.95551,36.51848],[-121.95537,36.51826],[-121.95523,36.51848],[-121.95537,36.5186]],[[-121.95284,36.51814],[-121.95298,36.51804],[-121.95298,36.51769],[-121.95348,36.51735],[-121.95298,36.51724],[-121.95256,36.5175],[-121.95232,36.51747],[-121.95242,36.51792],[-121.95284,36.51814]],[[-121.9527,36.51814],[-121.95242,36.51805],[-121.95256,36.51781],[-121.95284,36.51792],[-121.9527,36.51814]],[[-121.95607,36.51803],[-121.95622,36.51792],[-121.95622,36.51735],[-121.95579,36.51702],[-121.95565,36.51713],[-121.95565,36.51758],[-121.95607,36.51803]],[[-121.95256,36.51803],[-121.95256,36.51803]],[[-121.95593,36.51792],[-121.95593,36.51792]],[[-121.95664,36.51769],[-121.9565,36.51758],[-121.95664,36.51747]],[[-121.95579,36.51769],[-121.95579,36.51769]],[[-121.95284,36.51735],[-121.95284,36.51735]],[[-121.95298,36.51724],[-121.95298,36.51724]],[[-121.95046,36.51702],[-121.9499,36.51702],[-121.9499,36.51668],[-121.9506,36.51644],[-121.95108,36.51589],[-121.95144,36.51595],[-121.95172,36.51657],[-121.9513,36.51645],[-121.95144,36.51623],[-121.9513,36.51611],[-121.95074,36.51657],[-121.95046,36.51702]],[[-121.95509,36.5169],[-121.95509,36.5169]],[[-121.9499,36.51668],[-121.9499,36.51668]],[[-121.9513,36.51645],[-121.9513,36.51645]],[[-121.95622,36.51572],[-121.95607,36.51549],[-121.95593,36.51554],[-121.95622,36.51572]],[[-121.94975,36.51568],[-121.94985,36.51544],[-121.94974,36.51521],[-121.9499,36.51496],[-121.94947,36.51517],[-121.94875,36.51487],[-121.94907,36.51442],[-121.94905,36.51391],[-121.94849,36.51427],[-121.94807,36.51393],[-121.94821,36.51487],[-121.94877,36.51521],[-121.94891,36.51556],[-121.94933,36.51544],[-121.94975,36.51568]],[[-121.95593,36.51555],[-121.95593,36.51555]],[[-121.94947,36.51555],[-121.94947,36.51555]],[[-121.94877,36.51544],[-121.94877,36.51544]],[[-121.94849,36.5151],[-121.94849,36.5151]],[[-121.94835,36.51499],[-121.94835,36.51499]],[[-121.94821,36.51487],[-121.94821,36.51487]],[[-121.94807,36.51442],[-121.94807,36.51442]],[[-121.94793,36.51386],[-121.94709,36.51285],[-121.94638,36.51281],[-121.94484,36.51229],[-121.94343,36.51149],[-121.94291,36.51081],[-121.94312,36.50979],[-121.94288,36.50923],[-121.94294,36.509],[-121.94273,36.50889],[-121.94307,36.50821],[-121.94281,36.50821],[-121.94273,36.50842],[-121.94245,36.5085],[-121.94245,36.50878],[-121.94273,36.509],[-121.94217,36.50923],[-121.94273,36.50968],[-121.94259,36.51002],[-121.94189,36.51036],[-121.94217,36.5107],[-121.94217,36.51094],[-121.94231,36.51081],[-121.94245,36.51092],[-121.9423,36.51104],[-121.94245,36.5116],[-121.94229,36.51183],[-121.94315,36.51171],[-121.94414,36.51205],[-121.9447,36.5125],[-121.9447,36.51273],[-121.94442,36.51284],[-121.944,36.5126],[-121.94386,36.51284],[-121.944,36.51307],[-121.94428,36.51295],[-121.94456,36.51307],[-121.94498,36.51273],[-121.9454,36.51273],[-121.9458,36.51318],[-121.9461,36.51307],[-121.94666,36.51318],[-121.94707,36.51352],[-121.94737,36.51341],[-121.94793,36.51386]],[[-121.94751,36.51363],[-121.94751,36.51363]],[[-121.94681,36.51329],[-121.94681,36.51329]],[[-121.94624,36.51318],[-121.94624,36.51318]],[[-121.944,36.51307],[-121.944,36.51307]],[[-121.94386,36.51295],[-121.94386,36.51295]],[[-121.94554,36.51284],[-121.94554,36.51284]],[[-121.94386,36.51273],[-121.94386,36.51273]],[[-121.94456,36.51239],[-121.94456,36.51239]],[[-121.94442,36.51228],[-121.94442,36.51228]],[[-121.94428,36.51216],[-121.94428,36.51216]],[[-121.944,36.51205],[-121.944,36.51205]],[[-121.94386,36.51194],[-121.94386,36.51194]],[[-121.94329,36.51183],[-121.94329,36.51183]],[[-121.94231,36.51171],[-121.94231,36.51171]],[[-121.94231,36.51126],[-121.94231,36.51126]],[[-121.94203,36.51058],[-121.94203,36.51058]],[[-121.94189,36.51047],[-121.94189,36.51047]],[[-121.94189,36.51036],[-121.94189,36.51036]],[[-121.94259,36.50979],[-121.94259,36.50979]],[[-121.94245,36.50957],[-121.94245,36.50957]],[[-121.94231,36.50946],[-121.94231,36.50946]],[[-121.94217,36.50923],[-121.94217,36.50923]],[[-121.94259,36.50889],[-121.94259,36.50889]],[[-121.94273,36.50889],[-121.94287,36.50878],[-121.94273,36.50867],[-121.94259,36.50878],[-121.94273,36.50889]],[[-121.94245,36.50878],[-121.94245,36.50878]],[[-121.94133,36.50844],[-121.94091,36.50809],[-121.94161,36.50802],[-121.94198,36.50833],[-121.94133,36.50844]],[[-121.94245,36.50697],[-121.94273,36.50742],[-121.94343,36.50794],[-121.94386,36.5078],[-121.9447,36.50789],[-121.94486,36.50776],[-121.94444,36.50731],[-121.94343,36.50765],[-121.94259,36.50697]],[[-121.94245,36.50796],[-121.94245,36.50776],[-121.94231,36.50776],[-121.94231,36.50796],[-121.94245,36.50796]],[[-121.94105,36.50799],[-121.94105,36.50799]],[[-121.94231,36.50776],[-121.94231,36.50776]],[[-121.94386,36.50754],[-121.94386,36.50754]],[[-121.94414,36.50742],[-121.94414,36.50742]],[[-121.94442,36.50731],[-121.94442,36.50731]],[[-121.94484,36.50697],[-121.94498,36.50709],[-121.94501,36.50697]]]},"properties":{"depth_m":5}},{"type":"Feature","geometry":{"type":"MultiLineString","coordinates":[[[-121.95519,36.56103],[-121.95383,36.56033],[-121.95256,36.55997],[-121.95186,36.56],[-121.95102,36.56034],[-121.95054,36.56103]],[[-121.95467,36.56103],[-121.95423,36.56091],[-121.95383,36.56058],[-121.95338,36.5608],[-121.95298,36.56035],[-121.95186,36.56058],[-121.95144,36.56103]],[[-121.94154,36.56103],[-121.94142,36.56058],[-121.94119,36.56036],[-121.94006,36.56024],[-121.93936,36.56038],[-121.93894,36.56024],[-121.93852,36.56061],[-121.93782,36.56091],[-121.93697,36.56033],[-121.93706,36.5608],[-121.93683,36.56085],[-121.93635,36.56058],[-121.93637,36.56024],[-121.93555,36.55933],[-121.93515,36.5585],[-121.93515,36.55827],[-121.93558,36.55832],[-121.93499,36.55764],[-121.93561,36.5564],[-121.93543,36.55621],[-121.93473,36.55626],[-121.93388,36.55562],[-121.9336,36.55506],[-121.93307,36.55358],[-121.93309,36.55211],[-121.93195,36.55053],[-121.93214,36.54884],[-121.9318,36.54828],[-121.93175,36.54726],[-121.9329,36.54644],[-121.93318,36.54593],[-121.93388,36.54559],[-121.93445,36.54549],[-121.93473,36.54565],[-121.93529,36.54522],[-121.93543,36.54455],[-121.93601,36.5441],[-121.93557,36.54375],[-121.93501,36.54286],[-121.9356,36.54207],[-121.93459,36.54162],[-121.9349,36.54128],[-121.93453,36.54071],[-121.93461,36.54038],[-121.93445,36.54049],[-121.93431,36.54038],[-121.93451,36.54026],[-121.93445,36.54016],[-121.93342,36.53947],[-121.93322,36.5388],[-121.93332,36.53812],[-121.93262,36.53791],[-121.93122,36.53845],[-121.93014,36.53722],[-121.92981,36.53643],[-121.92972,36.53518],[-121.92942,36.53417],[-121.92868,36.53361],[-121.92855,36.53312],[-121.92812,36.5327],[-121.92818,36.53157],[-121.9277,36.53119],[-121.927,36.53111],[-121.9267,36.5309],[-121.92651,36.53033],[-121.92678,36.52999],[-121.92675,36.52932],[-121.9263,36.52824],[-121.92616,36.5283],[-121.92602,36.52909],[-121.92574,36.5293],[-121.92574,36.52999],[-121.9263,36.5309],[-121.927,36.53146],[-121.927,36.53248],[-121.92813,36.53327],[-121.92839,36.53417],[-121.92855,36.53428],[-121.92841,36.53439],[-121.92841,36.53507],[-121.92855,36.53518],[-121.92855,36.53597],[-121.92869,36.53609],[-121.92869,36.53688],[-121.92897,36.53755],[-121.93023,36.53913],[-121.93079,36.53947],[-121.93136,36.53947],[-121.93178,36.53902],[-121.9322,36.53913],[-121.93248,36.53891],[-121.9329,36.53936],[-121.9329,36.5397],[-121.93346,36.54015],[-121.93318,36.54038],[-121.9336,36.5406],[-121.93346,36.54083],[-121.93445,36.54117],[-121.93431,36.54139],[-121.93344,36.54128],[-121.93316,36.54162],[-121.93332,36.54173],[-121.93346,36.54252],[-121.93374,36.54275],[-121.93358,36.54297],[-121.93374,36.54297],[-121.93402,36.5432],[-121.93402,36.54344],[-121.93431,36.54354],[-121.93417,36.54376],[-121.93431,36.54387],[-121.93374,36.54419],[-121.93388,36.54466],[-121.93346,36.54478],[-121.93304,36.54464],[-121.93276,36.54489],[-121.93234,36.54466],[-121.93164,36.54534],[-121.93122,36.54523],[-121.93037,36.54591],[-121.92981,36.54681],[-121.92967,36.54839],[-121.92981,36.5485],[-121.93009,36.5511],[-121.93051,36.55211],[-121.93065,36.55324],[-121.93108,36.55437],[-121.93108,36.55505],[-121.9322,36.55742],[-121.93276,36.55933],[-121.93417,36.5608],[-121.93487,36.5608],[-121.93515,36.56103],[-121.93557,36.56091],[-121.93571,36.56103]],[[-121.94091,36.56103],[-121.94105,36.5608],[-121.94077,36.56058],[-121.93992,36.56103]],[[-121.93894,36.56103],[-121.93964,36.5608],[-121.93978,36.56103]],[[-121.93501,36.56091],[-121.93501,36.56091]],[[-121.93417,36.5608],[-121.93417,36.5608]],[[-121.93402,36.56069],[-121.93402,36.56069]],[[-121.93388,36.56058],[-121.93388,36.56058]],[[-121.93374,36.56035],[-121.93374,36.56035]],[[-121.9388,36.56035],[-121.9388,36.56035]],[[-121.93894,36.56024],[-121.93894,36.56024]],[[-121.9336,36.56012],[-121.9336,36.56012]],[[-121.93346,36.56001],[-121.93346,36.56001]],[[-121.93332,36.5599],[-121.93332,36.5599]],[[-121.93318,36.55979],[-121.93318,36.55979]],[[-121.93304,36.55967],[-121.93304,36.55967]],[[-121.9329,36.55945],[-121.9329,36.55945]],[[-121.93276,36.55933],[-121.93276,36.55933]],[[-121.95032,36.55922],[-121.95015,36.55911],[-121.95032,36.55922]],[[-121.93262,36.559],[-121.93262,36.559]],[[-121.93248,36.55854],[-121.93248,36.55854]],[[-121.93234,36.55821],[-121.93234,36.55821]],[[-121.9322,36.55775],[-121.9322,36.55775]],[[-121.93206,36.5573],[-121.93206,36.5573]],[[-121.93192,36.55696],[-121.93192,36.55696]],[[-121.93178,36.55663],[-121.93178,36.55663]],[[-121.93164,36.5564],[-121.93164,36.5564]],[[-121.9315,36.55606],[-121.9315,36.55606]],[[-121.93136,36.55572],[-121.93136,36.55572]],[[-121.93122,36.55538],[-121.93122,36.55538]],[[-121.93108,36.55505],[-121.93108,36.55505]],[[-121.93094,36.55426],[-121.93094,36.55426]],[[-121.93079,36.5538],[-121.93079,36.5538]],[[-121.93065,36.55324],[-121.93065,36.55324]],[[-121.93051,36.55256],[-121.93051,36.55256]],[[-121.93037,36.552],[-121.93037,36.552]],[[-121.93023,36.55143],[-121.93023,36.55143]],[[-121.93009,36.5511],[-121.93009,36.5511]],[[-121.92995,36.55031],[-121.92995,36.55031]],[[-121.93627,36.55011],[-121.93642,36.54986],[-121.93627,36.54954],[-121.93598,36.54997],[-121.93627,36.55011]],[[-121.92981,36.5494],[-121.92981,36.5494]],[[-121.92967,36.54839],[-121.92967,36.54839]],[[-121.92967,36.54737],[-121.92967,36.54737]],[[-121.92981,36.54681],[-121.92981,36.54681]],[[-121.92995,36.54658],[-121.92995,36.54658]],[[-121.93009,36.54636],[-121.93009,36.54636]],[[-121.93023,36.54613],[-121.93023,36.54613]],[[-121.93037,36.54591],[-121.93037,36.54591]],[[-121.93051,36.54579],[-121.93051,36.54579]],[[-121.93065,36.54568],[-121.93065,36.54568]],[[-121.93079,36.54557],[-121.93079,36.54557]],[[-121.93094,36.54545],[-121.93094,36.54545]],[[-121.93108,36.54534],[-121.93108,36.54534]],[[-121.93178,36.54523],[-121.93178,36.54523]],[[-121.93122,36.54523],[-121.93122,36.54523]],[[-121.93192,36.545],[-121.93192,36.545]],[[-121.93206,36.54489],[-121.93206,36.54489]],[[-121.9322,36.54478],[-121.9322,36.54478]],[[-121.93234,36.54466],[-121.93234,36.54466]],[[-121.93374,36.54421],[-121.93374,36.54421]],[[-121.93402,36.5441],[-121.93402,36.5441]],[[-121.93417,36.54399],[-121.93417,36.54399]],[[-121.93417,36.54376],[-121.93417,36.54376]],[[-121.93417,36.54365],[-121.93417,36.54365]],[[-121.93445,36.54354],[-121.93473,36.54331],[-121.93431,36.54308],[-121.93417,36.54331],[-121.93445,36.54354]],[[-121.93459,36.54342],[-121.93459,36.54342]],[[-121.93431,36.54342],[-121.93431,36.54342]],[[-121.93388,36.54308],[-121.93388,36.54308]],[[-121.9336,36.54263],[-121.9336,36.54263]],[[-121.93346,36.54252],[-121.93346,36.54252]],[[-121.93332,36.54218],[-121.93332,36.54218]],[[-121.93318,36.5415],[-121.93318,36.5415]],[[-121.93402,36.54105],[-121.93402,36.54105]],[[-121.9336,36.54094],[-121.9336,36.54094]],[[-121.93346,36.54083],[-121.93346,36.54083]],[[-121.93346,36.54071],[-121.93346,36.54071]],[[-121.93318,36.54038],[-121.9329,36.54036],[-121.93304,36.54026],[-121.93318,36.54038]],[[-121.93332,36.54026],[-121.93332,36.54026]],[[-121.93304,36.54026],[-121.93304,36.54026]],[[-121.93304,36.53981],[-121.93304,36.53981]],[[-121.9329,36.5397],[-121.9329,36.5397]],[[-121.93079,36.53947],[-121.93079,36.53947]],[[-121.93051,36.53936],[-121.93051,36.53936]],[[-121.93276,36.53925],[-121.93276,36.53925]],[[-121.93037,36.53925],[-121.93037,36.53925]],[[-121.93262,36.53913],[-121.93262,36.53913]],[[-121.93206,36.53913],[-121.93206,36.53913]],[[-121.93023,36.53913],[-121.93023,36.53913]],[[-121.93009,36.53891],[-121.93009,36.53891]],[[-121.92995,36.5388],[-121.92995,36.5388]],[[-121.92981,36.53868],[-121.92981,36.53868]],[[-121.92967,36.53846],[-121.92967,36.53846]],[[-121.92953,36.53823],[-121.92953,36.53823]],[[-121.93346,36.53813],[-121.93346,36.53813]],[[-121.92939,36.53812],[-121.92939,36.53812]],[[-121.92925,36.53789],[-121.92925,36.53789]],[[-121.92911,36.53767],[-121.92911,36.53767]],[[-121.92897,36.53755],[-121.92897,36.53755]],[[-121.92883,36.53733],[-121.92883,36.53733]],[[-121.92869,36.53688],[-121.92869,36.53688]],[[-121.92855,36.53597],[-121.92855,36.53597]],[[-121.92841,36.53507],[-121.92841,36.53507]],[[-121.92841,36.53439],[-121.92841,36.53439]],[[-121.92827,36.53383],[-121.92827,36.53383]],[[-121.92813,36.53349],[-121.92813,36.53349]],[[-121.92799,36.53315],[-121.92799,36.53315]],[[-121.92742,36.53282],[-121.92742,36.53282]],[[-121.92714,36.53259],[-121.92714,36.53259]],[[-121.927,36.53248],[-121.927,36.53248]],[[-121.92686,36.53135],[-121.92686,36.53135]],[[-121.92672,36.53124],[-121.92672,36.53124]],[[-121.92658,36.53112],[-121.92658,36.53112]],[[-121.92644,36.53101],[-121.92644,36.53101]],[[-121.9263,36.5309],[-121.9263,36.5309]],[[-121.92616,36.53067],[-121.92616,36.53067]],[[-121.92602,36.53056],[-121.92602,36.53056]],[[-121.92588,36.53033],[-121.92588,36.53033]],[[-121.92574,36.52999],[-121.92574,36.52999]],[[-121.92602,36.52875],[-121.92602,36.52875]],[[-121.92616,36.5283],[-121.92616,36.5283]],[[-121.92602,36.52796],[-121.9262,36.52785],[-121.92602,36.52595],[-121.92658,36.52568],[-121.92869,36.52369],[-121.92939,36.52377],[-121.93023,36.52418],[-121.9322,36.52396],[-121.93402,36.5244],[-121.93461,36.52435],[-121.93488,36.52401],[-121.93445,36.52401],[-121.93388,36.52356],[-121.93346,36.52367],[-121.93318,36.52401],[-121.93304,36.5239],[-121.93304,36.52345],[-121.9329,36.52343],[-121.93248,36.52356],[-121.9322,36.52345],[-121.93178,36.52367],[-121.93122,36.52356],[-121.93065,36.52367],[-121.93051,36.5239],[-121.93009,36.52356],[-121.92995,36.52367],[-121.92981,36.52356],[-121.92953,36.52277],[-121.92869,36.52266],[-121.92799,36.52288],[-121.927,36.52356],[-121.92546,36.52537],[-121.92532,36.52672],[-121.92588,36.52729],[-121.92588,36.52785],[-121.92602,36.52796]],[[-121.92588,36.52785],[-121.92588,36.52785]],[[-121.92574,36.52717],[-121.92574,36.52717]],[[-121.9256,36.52695],[-121.9256,36.52695]],[[-121.92546,36.52683],[-121.92546,36.52683]],[[-121.92532,36.52672],[-121.92532,36.52672]],[[-121.92532,36.52582],[-121.92532,36.52582]],[[-121.92686,36.52537],[-121.92686,36.52537]],[[-121.92546,36.52537],[-121.92546,36.52537]],[[-121.9256,36.52525],[-121.9256,36.52525]],[[-121.92574,36.52503],[-121.92574,36.52503]],[[-121.92588,36.52492],[-121.92588,36.52492]],[[-121.92602,36.52469],[-121.92602,36.52469]],[[-121.92616,36.52458],[-121.92616,36.52458]],[[-121.93374,36.52435],[-121.93374,36.52435]],[[-121.9263,36.52446],[-121.9263,36.52446]],[[-121.94709,36.52413],[-121.94709,36.52398],[-121.94681,36.5239],[-121.94692,36.52379],[-121.94681,36.52369],[-121.94658,36.5239],[-121.94681,36.52415],[-121.94709,36.52413]],[[-121.92644,36.52424],[-121.92644,36.52424]],[[-121.93711,36.52401],[-121.93754,36.52356],[-121.9374,36.52334],[-121.93683,36.52379],[-121.93655,36.52354],[-121.93627,36.52356],[-121.93571,36.523],[-121.93543,36.52322],[-121.93529,36.52298],[-121.93487,36.52288],[-121.93473,36.52277],[-121.93487,36.52266],[-121.93475,36.52232],[-121.93417,36.52232],[-121.9336,36.52288],[-121.93388,36.52322],[-121.93445,36.52334],[-121.93487,36.52365],[-121.93529,36.52349],[-121.93599,36.52362],[-121.93655,36.52407],[-121.93711,36.52401]],[[-121.92658,36.52413],[-121.92658,36.52413]],[[-121.94863,36.52394],[-121.94883,36.52379],[-121.94877,36.52367],[-121.94834,36.5239],[-121.94863,36.52394]],[[-121.92672,36.5239],[-121.92672,36.5239]],[[-121.94849,36.52379],[-121.94849,36.52379]],[[-121.93332,36.52379],[-121.93332,36.52379]],[[-121.92686,36.52379],[-121.92686,36.52379]],[[-121.95341,36.52357],[-121.95355,36.52345],[-121.9534,36.52334],[-121.95341,36.52357]],[[-121.95242,36.52361],[-121.95183,36.52322],[-121.952,36.52351],[-121.95242,36.52361]],[[-121.94863,36.52367],[-121.94863,36.52367]],[[-121.93473,36.52356],[-121.93473,36.52356]],[[-121.93346,36.52367],[-121.93346,36.52367]],[[-121.93065,36.52367],[-121.93065,36.52367]],[[-121.95467,36.52345],[-121.95453,36.52329],[-121.95467,36.52345]],[[-121.94695,36.52353],[-121.94705,36.52345],[-121.94695,36.52334],[-121.94638,36.523],[-121.94609,36.523],[-121.94695,36.52353]],[[-121.93557,36.52356],[-121.93557,36.52356]],[[-121.93459,36.52345],[-121.93459,36.52345]],[[-121.93388,36.52356],[-121.93388,36.52356]],[[-121.93192,36.52356],[-121.93192,36.52356]],[[-121.93122,36.52356],[-121.93122,36.52356]],[[-121.93009,36.52356],[-121.93009,36.52356]],[[-121.927,36.52356],[-121.927,36.52356]],[[-121.95453,36.52334],[-121.95453,36.52334]],[[-121.93417,36.52334],[-121.93417,36.52334]],[[-121.9322,36.52345],[-121.9322,36.52345]],[[-121.92714,36.52345],[-121.92714,36.52345]],[[-121.93754,36.52322],[-121.9374,36.52334],[-121.93754,36.52322]],[[-121.93388,36.52322],[-121.93388,36.52322]],[[-121.92728,36.52334],[-121.92728,36.52334]],[[-121.95158,36.52312],[-121.95102,36.52266],[-121.95088,36.52232],[-121.95032,36.52198],[-121.95032,36.52176],[-121.9499,36.52164],[-121.94961,36.52119],[-121.94947,36.52129],[-121.94961,36.52142],[-121.94961,36.52251],[-121.95018,36.52216],[-121.95116,36.52297],[-121.95158,36.52312]],[[-121.93374,36.52311],[-121.93374,36.52311]],[[-121.92742,36.52322],[-121.92742,36.52322]],[[-121.94905,36.52301],[-121.94945,36.52277],[-121.94863,36.52266],[-121.94835,36.52241],[-121.94863,36.52288],[-121.94905,36.52301]],[[-121.94877,36.523],[-121.94877,36.523]],[[-121.94063,36.523],[-121.94049,36.523],[-121.94034,36.52266],[-121.94034,36.52206],[-121.93997,36.5213],[-121.94034,36.5213],[-121.94063,36.52153],[-121.94049,36.52187],[-121.94105,36.52221],[-121.94133,36.52209],[-121.9413,36.52176],[-121.94175,36.52164],[-121.9421,36.52176],[-121.94133,36.52266],[-121.94119,36.52277],[-121.94091,36.52255],[-121.94063,36.52277],[-121.94063,36.523]],[[-121.93768,36.52307],[-121.93778,36.52288],[-121.93754,36.52288],[-121.93768,36.52307]],[[-121.93754,36.523],[-121.93754,36.523]],[[-121.9336,36.523],[-121.9336,36.523]],[[-121.92756,36.52311],[-121.92756,36.52311]],[[-121.95509,36.52288],[-121.95509,36.52277],[-121.95495,36.52288],[-121.95453,36.52277],[-121.95399,36.52288],[-121.95509,36.52288]],[[-121.94863,36.52288],[-121.94863,36.52288]],[[-121.94582,36.5229],[-121.9454,36.52245],[-121.94422,36.52198],[-121.94428,36.5224],[-121.94446,36.52255],[-121.94582,36.5229]],[[-121.93571,36.523],[-121.93571,36.523]],[[-121.92785,36.523],[-121.92785,36.523]],[[-121.93754,36.52288],[-121.93754,36.52288]],[[-121.9336,36.52288],[-121.9336,36.52288]],[[-121.92799,36.52288],[-121.92799,36.52288]],[[-121.94849,36.52266],[-121.94849,36.52266]],[[-121.92827,36.52277],[-121.92827,36.52277]],[[-121.94835,36.52255],[-121.94835,36.52255]],[[-121.93374,36.52266],[-121.93374,36.52266]],[[-121.92869,36.52266],[-121.92869,36.52266]],[[-121.93388,36.52255],[-121.93388,36.52255]],[[-121.93402,36.52243],[-121.93402,36.52243]],[[-121.93417,36.52232],[-121.93417,36.52232]],[[-121.95467,36.52188],[-121.95423,36.52142],[-121.95397,36.52142],[-121.95439,36.52187],[-121.95467,36.52188]],[[-121.95439,36.52187],[-121.95439,36.52187]],[[-121.94063,36.52198],[-121.94063,36.52198]],[[-121.95425,36.52164],[-121.95425,36.52164]],[[-121.93711,36.5217],[-121.93697,36.52108],[-121.93667,36.52108],[-121.93641,36.5213],[-121.93655,36.52164],[-121.93711,36.5217]],[[-121.93655,36.52164],[-121.93655,36.52164]],[[-121.94442,36.52153],[-121.94456,36.52095],[-121.94329,36.52074],[-121.94231,36.52097],[-121.94231,36.52142],[-121.94245,36.5215],[-121.94301,36.52123],[-121.94372,36.52113],[-121.944,36.52116],[-121.94425,36.52153],[-121.94442,36.52153]],[[-121.94175,36.52164],[-121.94175,36.52164]],[[-121.94161,36.52164],[-121.94161,36.52164]],[[-121.95397,36.52142],[-121.95397,36.52142]],[[-121.94231,36.52142],[-121.94231,36.52142]],[[-121.94063,36.52153],[-121.94063,36.52153]],[[-121.93641,36.52142],[-121.93641,36.52142]],[[-121.94947,36.5213],[-121.94947,36.5213]],[[-121.94049,36.52142],[-121.94049,36.52142]],[[-121.94034,36.5213],[-121.94034,36.5213]],[[-121.93641,36.5213],[-121.93641,36.5213]],[[-121.93992,36.52097],[-121.94063,36.52018],[-121.94079,36.51972],[-121.94006,36.51916],[-121.93922,36.51893],[-121.93782,36.51905],[-121.93726,36.5195],[-121.9374,36.51984],[-121.93683,36.51995],[-121.93711,36.52029],[-121.9374,36.52029],[-121.93768,36.52059],[-121.9381,36.52026],[-121.9388,36.52005],[-121.93922,36.52012],[-121.93975,36.52051],[-121.93992,36.52097]],[[-121.94231,36.52097],[-121.94231,36.52097]],[[-121.94245,36.52085],[-121.94245,36.52085]],[[-121.94329,36.52074],[-121.94329,36.52074]],[[-121.952,36.52051],[-121.95185,36.52051],[-121.95175,36.51995],[-121.95186,36.51986],[-121.95233,36.52029],[-121.952,36.52051]],[[-121.93754,36.52051],[-121.93754,36.52051]],[[-121.93711,36.52029],[-121.93711,36.52029]],[[-121.93697,36.52018],[-121.93697,36.52018]],[[-121.93683,36.52006],[-121.93683,36.52006]],[[-121.95411,36.51996],[-121.95465,36.51961],[-121.95464,36.51905],[-121.95438,36.51916],[-121.95453,36.51939],[-121.95439,36.5195],[-121.95341,36.51972],[-121.95256,36.51905],[-121.95186,36.51893],[-121.9513,36.51961],[-121.95172,36.5199],[-121.95242,36.51934],[-121.95298,36.51977],[-121.95411,36.51996]],[[-121.93683,36.51995],[-121.93683,36.51995]],[[-121.93697,36.51984],[-121.93697,36.51984]],[[-121.93726,36.51961],[-121.93726,36.51961]],[[-121.95397,36.51961],[-121.95397,36.51961]],[[-121.9513,36.51961],[-121.9513,36.51961]],[[-121.95411,36.5195],[-121.95411,36.5195]],[[-121.93726,36.5195],[-121.93726,36.5195]],[[-121.95439,36.51927],[-121.95439,36.51927]],[[-121.95144,36.51939],[-121.95144,36.51939]],[[-121.95158,36.51927],[-121.95158,36.51927]],[[-121.93768,36.51916],[-121.93768,36.51916]],[[-121.95481,36.51894],[-121.95481,36.51894]],[[-121.95453,36.51905],[-121.95453,36.51905]],[[-121.95172,36.51905],[-121.95172,36.51905]],[[-121.93782,36.51905],[-121.93782,36.51905]],[[-121.95664,36.51716],[-121.95621,36.5169],[-121.95523,36.5167],[-121.95472,36.51747],[-121.95467,36.51803],[-121.95438,36.51814],[-121.95453,36.51871],[-121.95481,36.51893],[-121.95495,36.51876],[-121.95579,36.51877],[-121.95607,36.51834],[-121.95664,36.51832]],[[-121.95186,36.51893],[-121.95186,36.51893]],[[-121.93838,36.51893],[-121.93838,36.51893]],[[-121.95537,36.5186],[-121.95551,36.51848],[-121.95537,36.51826],[-121.95523,36.51848],[-121.95537,36.5186]],[[-121.95495,36.51849],[-121.95479,36.51848],[-121.95495,36.51849]],[[-121.95284,36.51814],[-121.95298,36.51805],[-121.95298,36.51769],[-121.95353,36.51735],[-121.95313,36.5172],[-121.95228,36.51735],[-121.95242,36.51792],[-121.95284,36.51814]],[[-121.9527,36.51814],[-121.95242,36.51805],[-121.95256,36.51781],[-121.95284,36.51792],[-121.9527,36.51814]],[[-121.95607,36.51803],[-121.95622,36.51792],[-121.95622,36.51735],[-121.95579,36.51702],[-121.95565,36.51713],[-121.95565,36.51758],[-121.95607,36.51803]],[[-121.95256,36.51803],[-121.95256,36.51803]],[[-121.95593,36.51792],[-121.95593,36.51792]],[[-121.95664,36.51769],[-121.9565,36.51758],[-121.95664,36.51747]],[[-121.95579,36.51769],[-121.95579,36.51769]],[[-121.95228,36.51758],[-121.95228,36.51758]],[[-121.95228,36.51735],[-121.95228,36.51735]],[[-121.95046,36.51702],[-121.9499,36.51702],[-121.9499,36.51668],[-121.95018,36.51635],[-121.9506,36.51635],[-121.95116,36.5158],[-121.95144,36.51591],[-121.95184,36.51645],[-121.95144,36.51657],[-121.9513,36.51645],[-121.95144,36.51623],[-121.9513,36.51611],[-121.95074,36.51657],[-121.95046,36.51702]],[[-121.9499,36.51668],[-121.9499,36.51668]],[[-121.95172,36.51634],[-121.95172,36.51634]],[[-121.9513,36.51645],[-121.9513,36.51645]],[[-121.95636,36.5161],[-121.95648,36.516],[-121.95623,36.51555],[-121.95586,36.51544],[-121.95636,36.5161]],[[-121.94975,36.51588],[-121.95032,36.51532],[-121.95004,36.51517],[-121.9499,36.51484],[-121.94947,36.5151],[-121.94914,36.51487],[-121.949,36.51465],[-121.94913,36.51431],[-121.94905,36.51387],[-121.94877,36.51389],[-121.94849,36.51415],[-121.94709,36.51273],[-121.94638,36.51273],[-121.9454,36.51223],[-121.9447,36.51216],[-121.94349,36.51126],[-121.94323,36.51092],[-121.94327,36.51058],[-121.94308,36.51036],[-121.94318,36.50979],[-121.94297,36.509],[-121.94273,36.50889],[-121.94293,36.50878],[-121.94312,36.50821],[-121.94279,36.50821],[-121.94266,36.50844],[-121.94245,36.50846],[-121.94245,36.50878],[-121.94273,36.509],[-121.94217,36.50923],[-121.94273,36.50968],[-121.94259,36.51002],[-121.94189,36.51036],[-121.94217,36.5107],[-121.94217,36.51094],[-121.94231,36.51081],[-121.94245,36.51092],[-121.94229,36.51104],[-121.94245,36.5116],[-121.94229,36.51183],[-121.94315,36.51171],[-121.94414,36.51205],[-121.9447,36.5125],[-121.9447,36.51273],[-121.94442,36.51284],[-121.944,36.5126],[-121.94386,36.51284],[-121.944,36.51307],[-121.94428,36.51295],[-121.94456,36.51307],[-121.94498,36.51273],[-121.9454,36.51273],[-121.9458,36.51318],[-121.9461,36.51307],[-121.94666,36.51318],[-121.94707,36.51352],[-121.94737,36.51341],[-121.94807,36.51397],[-121.94821,36.51487],[-121.94877,36.51521],[-121.94891,36.51556],[-121.94933,36.51544],[-121.94975,36.51588]],[[-121.94947,36.51555],[-121.94947,36.51555]],[[-121.94877,36.51544],[-121.94877,36.51544]],[[-121.94849,36.5151],[-121.94849,36.5151]],[[-121.94835,36.51499],[-121.94835,36.51499]],[[-121.94821,36.51487],[-121.94821,36.51487]],[[-121.94807,36.51442],[-121.94807,36.51442]],[[-121.94793,36.51386],[-121.94793,36.51386]],[[-121.94751,36.51363],[-121.94751,36.51363]],[[-121.94681,36.51329],[-121.94681,36.51329]],[[-121.94624,36.51318],[-121.94624,36.51318]],[[-121.944,36.51307],[-121.944,36.51307]],[[-121.94386,36.51295],[-121.94386,36.51295]],[[-121.94554,36.51284],[-121.94554,36.51284]],[[-121.94386,36.51273],[-121.94386,36.51273]],[[-121.94456,36.51239],[-121.94456,36.51239]],[[-121.94442,36.51228],[-121.94442,36.51228]],[[-121.94428,36.51216],[-121.94428,36.51216]],[[-121.944,36.51205],[-121.944,36.51205]],[[-121.94386,36.51194],[-121.94386,36.51194]],[[-121.94329,36.51183],[-121.94329,36.51183]],[[-121.94231,36.51171],[-121.94231,36.51171]],[[-121.94231,36.51126],[-121.94231,36.51126]],[[-121.94203,36.51058],[-121.94203,36.51058]],[[-121.94189,36.51047],[-121.94189,36.51047]],[[-121.94189,36.51036],[-121.94189,36.51036]],[[-121.94259,36.50979],[-121.94259,36.50979]],[[-121.94245,36.50957],[-121.94245,36.50957]],[[-121.94231,36.50946],[-121.94231,36.50946]],[[-121.94217,36.50923],[-121.94217,36.50923]],[[-121.94259,36.50889],[-121.94259,36.50889]],[[-121.94273,36.50889],[-121.94287,36.50878],[-121.94273,36.50867],[-121.94259,36.50878],[-121.94273,36.50889]],[[-121.94245,36.50878],[-121.94245,36.50878]],[[-121.94231,36.50844],[-121.94175,36.50799],[-121.94091,36.50809],[-121.94131,36.50844],[-121.94203,36.50833],[-121.94231,36.50844]],[[-121.94217,36.50844],[-121.94217,36.50844]],[[-121.94105,36.50821],[-121.94105,36.50821]],[[-121.94091,36.5081],[-121.94091,36.5081]],[[-121.94245,36.50801],[-121.94245,36.50776],[-121.94231,36.50775],[-121.94226,36.50799],[-121.94245,36.50801]],[[-121.94245,36.50697],[-121.94273,36.50742],[-121.94343,36.50797],[-121.94386,36.50783],[-121.9447,36.50792],[-121.94489,36.50776],[-121.94444,36.50731],[-121.94343,36.50765],[-121.94259,36.50697]],[[-121.94161,36.50799],[-121.94161,36.50799]],[[-121.94386,36.50754],[-121.94386,36.50754]],[[-121.94414,36.50742],[-121.94414,36.50742]],[[-121.94442,36.50731],[-121.94442,36.50731]],[[-121.94484,36.50697],[-121.94498,36.50709],[-121.94504,36.50697]]]},"properties":{"depth_m":6}},{"type":"Feature","geometry":{"type":"MultiLineString","coordinates":[[[-121.9553,36.56103],[-121.95383,36.56026],[-121.95284,36.55991],[-121.95214,36.55987],[-121.95102,36.56021],[-121.95044,36.56103]],[[-121.95467,36.56103],[-121.95423,36.56091],[-121.95383,36.56058],[-121.95338,36.5608],[-121.95298,36.56035],[-121.95186,36.56058],[-121.95144,36.56103]],[[-121.94163,36.56103],[-121.9414,36.56046],[-121.94105,36.56025],[-121.93992,36.56019],[-121.9395,36.56031],[-121.93894,36.56016],[-121.93852,36.56052],[-121.93782,36.56061],[-121.93726,36.5601],[-121.93661,36.56012],[-121.93592,36.55911],[-121.93584,36.55821],[-121.93545,36.55719],[-121.93568,36.55674],[-121.93567,36.55629],[-121.93529,36.55578],[-121.93473,36.55604],[-121.93464,36.55561],[-121.93424,36.55527],[-121.93414,36.55482],[-121.93366,36.55403],[-121.93349,36.55335],[-121.93347,36.55189],[-121.93304,36.5514],[-121.93276,36.55132],[-121.93222,36.55042],[-121.93254,36.54884],[-121.93216,36.54816],[-121.93229,36.54771],[-121.93279,36.54749],[-121.93276,36.54731],[-121.93248,36.54728],[-121.93248,36.54696],[-121.93294,36.54681],[-121.93318,36.54605],[-121.93388,36.54572],[-121.93487,36.54578],[-121.93515,36.54562],[-121.93593,36.54478],[-121.9358,36.54444],[-121.93641,36.54412],[-121.93645,36.54387],[-121.93557,36.54352],[-121.93528,36.54275],[-121.93574,36.54218],[-121.93481,36.54162],[-121.93501,36.54117],[-121.93468,36.54083],[-121.93467,36.54038],[-121.93459,36.54029],[-121.93445,36.54049],[-121.93431,36.54038],[-121.93456,36.54026],[-121.93451,36.54015],[-121.93341,36.53925],[-121.93343,36.53857],[-121.93377,36.53823],[-121.93346,36.53794],[-121.9329,36.53779],[-121.9322,36.53788],[-121.93164,36.53823],[-121.93136,36.53819],[-121.93032,36.5371],[-121.93001,36.53631],[-121.92998,36.5353],[-121.92945,36.53394],[-121.92883,36.53349],[-121.92833,36.5327],[-121.92842,36.53203],[-121.92831,36.53157],[-121.9277,36.53106],[-121.927,36.53102],[-121.92673,36.53078],[-121.92666,36.53045],[-121.92694,36.52999],[-121.92693,36.52932],[-121.92688,36.52898],[-121.9263,36.52814],[-121.92602,36.52909],[-121.92574,36.5293],[-121.92574,36.52999],[-121.9263,36.5309],[-121.927,36.53146],[-121.927,36.53248],[-121.92813,36.53327],[-121.92838,36.53417],[-121.92855,36.53428],[-121.92841,36.53439],[-121.92841,36.53507],[-121.92855,36.53518],[-121.92855,36.53597],[-121.92869,36.53609],[-121.92869,36.53688],[-121.92897,36.53755],[-121.93023,36.53913],[-121.93079,36.53947],[-121.93136,36.53947],[-121.93178,36.53902],[-121.9322,36.53913],[-121.93248,36.53891],[-121.9329,36.53936],[-121.9329,36.5397],[-121.93346,36.54015],[-121.93318,36.54038],[-121.9336,36.5406],[-121.93346,36.54083],[-121.93445,36.54117],[-121.93431,36.54139],[-121.93343,36.54128],[-121.93315,36.54162],[-121.93332,36.54173],[-121.93346,36.54252],[-121.93374,36.54275],[-121.93358,36.54297],[-121.93374,36.54297],[-121.93402,36.5432],[-121.93402,36.54345],[-121.93431,36.54354],[-121.93417,36.54376],[-121.93431,36.54387],[-121.93374,36.54419],[-121.93388,36.54466],[-121.93346,36.54478],[-121.93304,36.54464],[-121.93304,36.54478],[-121.93276,36.54489],[-121.93234,36.54466],[-121.93164,36.54534],[-121.93122,36.54523],[-121.93037,36.54591],[-121.92981,36.54681],[-121.92967,36.54839],[-121.92981,36.5485],[-121.93009,36.5511],[-121.93051,36.55211],[-121.93065,36.55324],[-121.93108,36.55437],[-121.93108,36.55505],[-121.9322,36.55742],[-121.93276,36.55933],[-121.93417,36.5608],[-121.93487,36.5608],[-121.93515,36.56103],[-121.93557,36.56091],[-121.93571,36.56103]],[[-121.94091,36.56103],[-121.94105,36.5608],[-121.94077,36.56058],[-121.93992,36.56103]],[[-121.93894,36.56103],[-121.93964,36.5608],[-121.93978,36.56103]],[[-121.93501,36.56091],[-121.93501,36.56091]],[[-121.93417,36.5608],[-121.93417,36.5608]],[[-121.93402,36.56069],[-121.93402,36.56069]],[[-121.93388,36.56058],[-121.93388,36.56058]],[[-121.93374,36.56035],[-121.93374,36.56035]],[[-121.9336,36.56012],[-121.9336,36.56012]],[[-121.93346,36.56001],[-121.93346,36.56001]],[[-121.93332,36.5599],[-121.93332,36.5599]],[[-121.93318,36.55979],[-121.93318,36.55979]],[[-121.93304,36.55967],[-121.93304,36.55967]],[[-121.9329,36.55945],[-121.9329,36.55945]],[[-121.95018,36.55934],[-121.95035,36.55922],[-121.95032,36.55899],[-121.95005,36.55911],[-121.95018,36.55934]],[[-121.93276,36.55933],[-121.93276,36.55933]],[[-121.93262,36.559],[-121.93262,36.559]],[[-121.93248,36.55854],[-121.93248,36.55854]],[[-121.93234,36.55821],[-121.93234,36.55821]],[[-121.9322,36.55775],[-121.9322,36.55775]],[[-121.93206,36.5573],[-121.93206,36.5573]],[[-121.93192,36.55696],[-121.93192,36.55696]],[[-121.93178,36.55663],[-121.93178,36.55663]],[[-121.93164,36.5564],[-121.93164,36.5564]],[[-121.9315,36.55606],[-121.9315,36.55606]],[[-121.93136,36.55572],[-121.93136,36.55572]],[[-121.93122,36.55538],[-121.93122,36.55538]],[[-121.93557,36.55528],[-121.93557,36.55501],[-121.93535,36.55527],[-121.93557,36.55528]],[[-121.93108,36.55505],[-121.93108,36.55505]],[[-121.93094,36.55426],[-121.93094,36.55426]],[[-121.93079,36.5538],[-121.93079,36.5538]],[[-121.93065,36.55324],[-121.93065,36.55324]],[[-121.93051,36.55256],[-121.93051,36.55256]],[[-121.93037,36.552],[-121.93037,36.552]],[[-121.93023,36.55143],[-121.93023,36.55143]],[[-121.93009,36.5511],[-121.93009,36.5511]],[[-121.93627,36.55033],[-121.93648,36.54997],[-121.93641,36.54938],[-121.93594,36.54986],[-121.93599,36.55037],[-121.93627,36.55033]],[[-121.92995,36.55031],[-121.92995,36.55031]],[[-121.92981,36.5494],[-121.92981,36.5494]],[[-121.92967,36.54839],[-121.92967,36.54839]],[[-121.9336,36.54729],[-121.93348,36.54703],[-121.93319,36.54703],[-121.9336,36.54729]],[[-121.92967,36.54737],[-121.92967,36.54737]],[[-121.92981,36.54681],[-121.92981,36.54681]],[[-121.92995,36.54658],[-121.92995,36.54658]],[[-121.93009,36.54636],[-121.93009,36.54636]],[[-121.93023,36.54613],[-121.93023,36.54613]],[[-121.93037,36.54591],[-121.93037,36.54591]],[[-121.93051,36.54579],[-121.93051,36.54579]],[[-121.93065,36.54568],[-121.93065,36.54568]],[[-121.93079,36.54557],[-121.93079,36.54557]],[[-121.93094,36.54545],[-121.93094,36.54545]],[[-121.93108,36.54534],[-121.93108,36.54534]],[[-121.93178,36.54523],[-121.93178,36.54523]],[[-121.93122,36.54523],[-121.93122,36.54523]],[[-121.93192,36.545],[-121.93192,36.545]],[[-121.93206,36.54489],[-121.93206,36.54489]],[[-121.9322,36.54478],[-121.9322,36.54478]],[[-121.93234,36.54466],[-121.93234,36.54466]],[[-121.93374,36.54421],[-121.93374,36.54421]],[[-121.93402,36.5441],[-121.93402,36.5441]],[[-121.93417,36.54399],[-121.93417,36.54399]],[[-121.93417,36.54376],[-121.93417,36.54376]],[[-121.93417,36.54365],[-121.93417,36.54365]],[[-121.93445,36.54354],[-121.93473,36.54331],[-121.93431,36.54308],[-121.93417,36.54331],[-121.93445,36.54354]],[[-121.93459,36.54342],[-121.93459,36.54342]],[[-121.93431,36.54342],[-121.93431,36.54342]],[[-121.93388,36.54308],[-121.93388,36.54308]],[[-121.9336,36.54263],[-121.9336,36.54263]],[[-121.93346,36.54252],[-121.93346,36.54252]],[[-121.93332,36.54218],[-121.93332,36.54218]],[[-121.93318,36.5415],[-121.93318,36.5415]],[[-121.93402,36.54105],[-121.93402,36.54105]],[[-121.9336,36.54094],[-121.9336,36.54094]],[[-121.93346,36.54083],[-121.93346,36.54083]],[[-121.93346,36.54071],[-121.93346,36.54071]],[[-121.93318,36.54038],[-121.9329,36.54035],[-121.93304,36.54026],[-121.93318,36.54038]],[[-121.93332,36.54026],[-121.93332,36.54026]],[[-121.93304,36.54026],[-121.93304,36.54026]],[[-121.93304,36.53981],[-121.93304,36.53981]],[[-121.9329,36.5397],[-121.9329,36.5397]],[[-121.93079,36.53947],[-121.93079,36.53947]],[[-121.93051,36.53936],[-121.93051,36.53936]],[[-121.93276,36.53925],[-121.93276,36.53925]],[[-121.93037,36.53925],[-121.93037,36.53925]],[[-121.93262,36.53913],[-121.93262,36.53913]],[[-121.93206,36.53913],[-121.93206,36.53913]],[[-121.93023,36.53913],[-121.93023,36.53913]],[[-121.93009,36.53891],[-121.93009,36.53891]],[[-121.92995,36.5388],[-121.92995,36.5388]],[[-121.92981,36.53868],[-121.92981,36.53868]],[[-121.92967,36.53846],[-121.92967,36.53846]],[[-121.92953,36.53823],[-121.92953,36.53823]],[[-121.92939,36.53812],[-121.92939,36.53812]],[[-121.92925,36.53789],[-121.92925,36.53789]],[[-121.92911,36.53767],[-121.92911,36.53767]],[[-121.92897,36.53755],[-121.92897,36.53755]],[[-121.92883,36.53733],[-121.92883,36.53733]],[[-121.92869,36.53688],[-121.92869,36.53688]],[[-121.92855,36.53597],[-121.92855,36.53597]],[[-121.92841,36.53507],[-121.92841,36.53507]],[[-121.92841,36.53439],[-121.92841,36.53439]],[[-121.92827,36.53383],[-121.92827,36.53383]],[[-121.92813,36.53349],[-121.92813,36.53349]],[[-121.92799,36.53315],[-121.92799,36.53315]],[[-121.92742,36.53282],[-121.92742,36.53282]],[[-121.92714,36.53259],[-121.92714,36.53259]],[[-121.927,36.53248],[-121.927,36.53248]],[[-121.92686,36.53135],[-121.92686,36.53135]],[[-121.92672,36.53124],[-121.92672,36.53124]],[[-121.92658,36.53112],[-121.92658,36.53112]],[[-121.92644,36.53101],[-121.92644,36.53101]],[[-121.9263,36.5309],[-121.9263,36.5309]],[[-121.92616,36.53067],[-121.92616,36.53067]],[[-121.92602,36.53056],[-121.92602,36.53056]],[[-121.92588,36.53033],[-121.92588,36.53033]],[[-121.92574,36.52999],[-121.92574,36.52999]],[[-121.92602,36.52875],[-121.92602,36.52875]],[[-121.92616,36.5283],[-121.92616,36.5283]],[[-121.92616,36.52796],[-121.92627,36.52661],[-121.92656,36.52604],[-121.92765,36.5248],[-121.92897,36.52392],[-121.92939,36.52388],[-121.93023,36.52424],[-121.9322,36.52402],[-121.93402,36.52444],[-121.93473,36.52436],[-121.93495,36.52401],[-121.93445,36.52401],[-121.93388,36.52356],[-121.93346,36.52367],[-121.93318,36.52401],[-121.93304,36.5239],[-121.93304,36.52345],[-121.9329,36.52343],[-121.93248,36.52356],[-121.9322,36.52345],[-121.93178,36.52367],[-121.93122,36.52356],[-121.93065,36.52367],[-121.93051,36.5239],[-121.93009,36.52356],[-121.92995,36.52367],[-121.92981,36.52356],[-121.92953,36.52277],[-121.92869,36.52266],[-121.92799,36.52288],[-121.927,36.52356],[-121.92546,36.52537],[-121.92532,36.52672],[-121.92588,36.52729],[-121.92588,36.52785],[-121.92616,36.52796]],[[-121.92602,36.52796],[-121.92602,36.52796]],[[-121.92588,36.52785],[-121.92588,36.52785]],[[-121.92574,36.52717],[-121.92574,36.52717]],[[-121.9256,36.52695],[-121.9256,36.52695]],[[-121.92546,36.52683],[-121.92546,36.52683]],[[-121.92532,36.52672],[-121.92532,36.52672]],[[-121.92532,36.52582],[-121.92532,36.52582]],[[-121.927,36.52559],[-121.927,36.52559]],[[-121.92546,36.52537],[-121.92546,36.52537]],[[-121.9256,36.52525],[-121.9256,36.52525]],[[-121.92574,36.52503],[-121.92574,36.52503]],[[-121.92588,36.52492],[-121.92588,36.52492]],[[-121.92602,36.52469],[-121.92602,36.52469]],[[-121.92616,36.52458],[-121.92616,36.52458]],[[-121.9263,36.52446],[-121.9263,36.52446]],[[-121.94709,36.52413],[-121.94709,36.52393],[-121.94681,36.5239],[-121.94709,36.52356],[-121.94695,36.52334],[-121.94638,36.523],[-121.94582,36.52288],[-121.9454,36.52243],[-121.94456,36.52221],[-121.94428,36.5219],[-121.9442,36.52198],[-121.94442,36.52255],[-121.94526,36.52273],[-121.94656,36.52334],[-121.9468,36.52356],[-121.94653,36.52379],[-121.94657,36.52401],[-121.94681,36.52421],[-121.94709,36.52413]],[[-121.92644,36.52424],[-121.92644,36.52424]],[[-121.93711,36.52406],[-121.9374,36.52386],[-121.93757,36.52345],[-121.9374,36.52334],[-121.93683,36.52379],[-121.93655,36.52354],[-121.93627,36.52356],[-121.93571,36.523],[-121.93543,36.52322],[-121.93529,36.52298],[-121.93487,36.52288],[-121.93473,36.52277],[-121.93487,36.52266],[-121.93476,36.52232],[-121.93417,36.52232],[-121.9336,36.52288],[-121.93388,36.52322],[-121.93445,36.52334],[-121.93487,36.52371],[-121.93543,36.52355],[-121.93599,36.52365],[-121.93655,36.52411],[-121.93711,36.52406]],[[-121.92658,36.52413],[-121.92658,36.52413]],[[-121.94863,36.52398],[-121.94889,36.52379],[-121.94877,36.52367],[-121.94823,36.5239],[-121.94863,36.52398]],[[-121.92672,36.5239],[-121.92672,36.5239]],[[-121.94849,36.52379],[-121.94849,36.52379]],[[-121.93332,36.52379],[-121.93332,36.52379]],[[-121.92686,36.52379],[-121.92686,36.52379]],[[-121.95355,36.5236],[-121.9534,36.52334],[-121.95341,36.52361],[-121.95355,36.5236]],[[-121.95242,36.52366],[-121.952,36.52322],[-121.9518,36.52322],[-121.95199,36.52356],[-121.95242,36.52366]],[[-121.94863,36.52367],[-121.94863,36.52367]],[[-121.93473,36.52356],[-121.93473,36.52356]],[[-121.93346,36.52367],[-121.93346,36.52367]],[[-121.93065,36.52367],[-121.93065,36.52367]],[[-121.95467,36.52345],[-121.95473,36.52334],[-121.95439,36.52321],[-121.95467,36.52345]],[[-121.93459,36.52345],[-121.93459,36.52345]],[[-121.93388,36.52356],[-121.93388,36.52356]],[[-121.93192,36.52356],[-121.93192,36.52356]],[[-121.93122,36.52356],[-121.93122,36.52356]],[[-121.93009,36.52356],[-121.93009,36.52356]],[[-121.927,36.52356],[-121.927,36.52356]],[[-121.95453,36.52334],[-121.95453,36.52334]],[[-121.93417,36.52334],[-121.93417,36.52334]],[[-121.9322,36.52345],[-121.9322,36.52345]],[[-121.92714,36.52345],[-121.92714,36.52345]],[[-121.95439,36.52322],[-121.95439,36.52322]],[[-121.93754,36.52322],[-121.9374,36.52334],[-121.93783,36.52288],[-121.93754,36.52288],[-121.93768,36.52311],[-121.93754,36.52322]],[[-121.93388,36.52322],[-121.93388,36.52322]],[[-121.92728,36.52334],[-121.92728,36.52334]],[[-121.95158,36.52315],[-121.95158,36.523],[-121.95102,36.52266],[-121.95088,36.52232],[-121.95032,36.52198],[-121.95032,36.52176],[-121.95004,36.52176],[-121.94975,36.52153],[-121.94961,36.52119],[-121.94947,36.5213],[-121.94961,36.52142],[-121.94961,36.52266],[-121.94919,36.52277],[-121.94863,36.52266],[-121.94835,36.52241],[-121.94863,36.52288],[-121.94905,36.52306],[-121.94948,36.52288],[-121.95018,36.52221],[-121.9513,36.52312],[-121.95158,36.52315]],[[-121.93374,36.52311],[-121.93374,36.52311]],[[-121.92742,36.52322],[-121.92742,36.52322]],[[-121.95495,36.523],[-121.95425,36.52306],[-121.95397,36.52284],[-121.95518,36.52277],[-121.95495,36.523]],[[-121.94877,36.523],[-121.94877,36.523]],[[-121.94063,36.52303],[-121.94063,36.52277],[-121.94091,36.52255],[-121.94119,36.52266],[-121.94119,36.52286],[-121.94133,36.52275],[-121.94216,36.52176],[-121.94161,36.52164],[-121.9413,36.52176],[-121.94133,36.52209],[-121.94105,36.52221],[-121.94049,36.52187],[-121.94063,36.52153],[-121.94034,36.5213],[-121.93993,36.5213],[-121.94027,36.52209],[-121.94022,36.52243],[-121.94049,36.52303],[-121.94063,36.52303]],[[-121.93754,36.523],[-121.93754,36.523]],[[-121.9336,36.523],[-121.9336,36.523]],[[-121.92756,36.52311],[-121.92756,36.52311]],[[-121.94863,36.52288],[-121.94863,36.52288]],[[-121.93571,36.523],[-121.93571,36.523]],[[-121.92785,36.523],[-121.92785,36.523]],[[-121.93754,36.52288],[-121.93754,36.52288]],[[-121.9336,36.52288],[-121.9336,36.52288]],[[-121.92799,36.52288],[-121.92799,36.52288]],[[-121.95481,36.52277],[-121.95481,36.52277]],[[-121.94849,36.52266],[-121.94849,36.52266]],[[-121.92827,36.52277],[-121.92827,36.52277]],[[-121.94835,36.52255],[-121.94835,36.52255]],[[-121.93374,36.52266],[-121.93374,36.52266]],[[-121.92869,36.52266],[-121.92869,36.52266]],[[-121.93388,36.52255],[-121.93388,36.52255]],[[-121.93402,36.52243],[-121.93402,36.52243]],[[-121.93417,36.52232],[-121.93417,36.52232]],[[-121.95018,36.52221],[-121.95018,36.52221]],[[-121.95467,36.52191],[-121.95425,36.5213],[-121.95397,36.52142],[-121.95439,36.52187],[-121.95467,36.52191]],[[-121.95439,36.52187],[-121.95439,36.52187]],[[-121.93726,36.52176],[-121.93737,36.52153],[-121.93697,36.52108],[-121.93667,36.52108],[-121.93641,36.5213],[-121.93655,36.52164],[-121.93726,36.52176]],[[-121.93711,36.52176],[-121.93711,36.52176]],[[-121.95425,36.52164],[-121.95425,36.52164]],[[-121.93655,36.52164],[-121.93655,36.52164]],[[-121.94442,36.52153],[-121.94456,36.52094],[-121.94329,36.52074],[-121.94231,36.52097],[-121.94231,36.52142],[-121.94245,36.52153],[-121.94358,36.5212],[-121.944,36.52127],[-121.94428,36.52159],[-121.94442,36.52153]],[[-121.94161,36.52164],[-121.94161,36.52164]],[[-121.95397,36.52142],[-121.95397,36.52142]],[[-121.94231,36.52142],[-121.94231,36.52142]],[[-121.93641,36.52142],[-121.93641,36.52142]],[[-121.94947,36.5213],[-121.94947,36.5213]],[[-121.94273,36.52142],[-121.94273,36.52142]],[[-121.95411,36.5213],[-121.95411,36.5213]],[[-121.93992,36.52127],[-121.93992,36.52097],[-121.94063,36.52018],[-121.94079,36.51972],[-121.94006,36.51916],[-121.93922,36.51893],[-121.93782,36.51905],[-121.93726,36.5195],[-121.9374,36.51984],[-121.93683,36.51995],[-121.93711,36.52029],[-121.93754,36.5204],[-121.93782,36.52086],[-121.93852,36.52046],[-121.9388,36.52079],[-121.93922,36.52053],[-121.93957,36.52074],[-121.93992,36.52127]],[[-121.93641,36.5213],[-121.93641,36.5213]],[[-121.94231,36.52097],[-121.94231,36.52097]],[[-121.94245,36.52085],[-121.94245,36.52085]],[[-121.93768,36.52074],[-121.93768,36.52074]],[[-121.94329,36.52074],[-121.94329,36.52074]],[[-121.95664,36.51839],[-121.95593,36.51848],[-121.95593,36.51888],[-121.95579,36.51899],[-121.95537,36.51882],[-121.95467,36.51924],[-121.95473,36.51961],[-121.95439,36.52004],[-121.95298,36.51981],[-121.95242,36.51954],[-121.95198,36.51984],[-121.95243,36.52029],[-121.95239,36.5204],[-121.95185,36.52051],[-121.95186,36.52006],[-121.9513,36.51962],[-121.95186,36.51893],[-121.95256,36.51905],[-121.95341,36.51972],[-121.95439,36.5195],[-121.95453,36.51939],[-121.95438,36.51916],[-121.95467,36.51882],[-121.95425,36.51795],[-121.95456,36.51781],[-121.95457,36.51747],[-121.95495,36.51704],[-121.95498,36.51679],[-121.95523,36.51665],[-121.95565,36.51669],[-121.95664,36.51709]],[[-121.93754,36.52051],[-121.93754,36.52051]],[[-121.93866,36.52051],[-121.93866,36.52051]],[[-121.93711,36.52029],[-121.93711,36.52029]],[[-121.93697,36.52018],[-121.93697,36.52018]],[[-121.93683,36.52006],[-121.93683,36.52006]],[[-121.93683,36.51995],[-121.93683,36.51995]],[[-121.93697,36.51984],[-121.93697,36.51984]],[[-121.93726,36.51961],[-121.93726,36.51961]],[[-121.95397,36.51961],[-121.95397,36.51961]],[[-121.95327,36.51961],[-121.95327,36.51961]],[[-121.9513,36.51961],[-121.9513,36.51961]],[[-121.95411,36.5195],[-121.95411,36.5195]],[[-121.95298,36.5195],[-121.95298,36.5195]],[[-121.93726,36.5195],[-121.93726,36.5195]],[[-121.95284,36.51939],[-121.95284,36.51939]],[[-121.95144,36.51939],[-121.95144,36.51939]],[[-121.95158,36.51927],[-121.95158,36.51927]],[[-121.95495,36.51916],[-121.95495,36.51916]],[[-121.9527,36.51916],[-121.9527,36.51916]],[[-121.93768,36.51916],[-121.93768,36.51916]],[[-121.95453,36.51905],[-121.95453,36.51905]],[[-121.95256,36.51905],[-121.95256,36.51905]],[[-121.95172,36.51905],[-121.95172,36.51905]],[[-121.93782,36.51905],[-121.93782,36.51905]],[[-121.95228,36.51893],[-121.95228,36.51893]],[[-121.95186,36.51893],[-121.95186,36.51893]],[[-121.93838,36.51893],[-121.93838,36.51893]],[[-121.95537,36.5186],[-121.95551,36.51848],[-121.95537,36.51826],[-121.95523,36.51848],[-121.95537,36.5186]],[[-121.95593,36.51848],[-121.95593,36.51848]],[[-121.95284,36.51814],[-121.95298,36.51805],[-121.95298,36.51769],[-121.95327,36.51747],[-121.95359,36.51747],[-121.95358,36.51735],[-121.95313,36.51715],[-121.95242,36.5172],[-121.95228,36.51747],[-121.95242,36.51792],[-121.95284,36.51814]],[[-121.9527,36.51814],[-121.95242,36.51805],[-121.95256,36.51781],[-121.95284,36.51792],[-121.9527,36.51814]],[[-121.95607,36.51803],[-121.95622,36.51792],[-121.95622,36.51735],[-121.95579,36.51702],[-121.95565,36.51713],[-121.95565,36.51758],[-121.95607,36.51803]],[[-121.95256,36.51803],[-121.95256,36.51803]],[[-121.95593,36.51792],[-121.95593,36.51792]],[[-121.95664,36.51769],[-121.9565,36.51758],[-121.95664,36.51747]],[[-121.95579,36.51769],[-121.95579,36.51769]],[[-121.95228,36.51758],[-121.95228,36.51758]],[[-121.95228,36.51735],[-121.95228,36.51735]],[[-121.95046,36.51702],[-121.9499,36.51702],[-121.9499,36.51668],[-121.95004,36.51657],[-121.9499,36.51623],[-121.95018,36.51601],[-121.9506,36.51621],[-121.9513,36.51576],[-121.95189,36.51645],[-121.95144,36.51657],[-121.9513,36.51645],[-121.95144,36.51623],[-121.9513,36.51611],[-121.95074,36.51657],[-121.95046,36.51702]],[[-121.9499,36.51668],[-121.9499,36.51668]],[[-121.9513,36.51645],[-121.9513,36.51645]],[[-121.95636,36.51616],[-121.95655,36.516],[-121.95592,36.51532],[-121.95578,36.51555],[-121.95636,36.51616]],[[-121.94975,36.51611],[-121.94989,36.51611],[-121.94984,36.51589],[-121.95037,36.51532],[-121.94975,36.51472],[-121.94933,36.51498],[-121.9491,36.51465],[-121.94919,36.5142],[-121.94905,36.51383],[-121.94877,36.51376],[-121.94849,36.51408],[-121.94747,36.51318],[-121.94709,36.5126],[-121.94596,36.51235],[-121.94554,36.51211],[-121.9447,36.51209],[-121.94358,36.51118],[-121.9432,36.51025],[-121.943,36.509],[-121.94273,36.50889],[-121.94296,36.50878],[-121.9432,36.50821],[-121.94276,36.50821],[-121.94252,36.50844],[-121.94224,36.50821],[-121.94255,36.50799],[-121.94231,36.50775],[-121.94203,36.5081],[-121.94175,36.50799],[-121.94091,36.50808],[-121.9413,36.50844],[-121.94203,36.50833],[-121.94231,36.50844],[-121.94273,36.509],[-121.94217,36.50921],[-121.94273,36.50968],[-121.94259,36.51002],[-121.94189,36.51036],[-121.94217,36.5107],[-121.94217,36.51094],[-121.94231,36.51081],[-121.94245,36.51092],[-121.94229,36.51104],[-121.94245,36.5116],[-121.94229,36.51183],[-121.94315,36.51171],[-121.94414,36.51205],[-121.9447,36.5125],[-121.9447,36.51273],[-121.94442,36.51284],[-121.944,36.51259],[-121.94386,36.51284],[-121.944,36.51307],[-121.94428,36.51295],[-121.94456,36.51307],[-121.94498,36.51273],[-121.9454,36.51273],[-121.9458,36.51318],[-121.9461,36.51307],[-121.94666,36.51318],[-121.94706,36.51352],[-121.94737,36.51341],[-121.94807,36.51397],[-121.94821,36.51487],[-121.94877,36.51521],[-121.94891,36.51557],[-121.94933,36.51544],[-121.94961,36.51566],[-121.94961,36.516],[-121.94975,36.51611]],[[-121.94961,36.516],[-121.94961,36.516]],[[-121.94947,36.51555],[-121.94947,36.51555]],[[-121.94877,36.51544],[-121.94877,36.51544]],[[-121.94849,36.5151],[-121.94849,36.5151]],[[-121.94835,36.51499],[-121.94835,36.51499]],[[-121.94821,36.51487],[-121.94821,36.51487]],[[-121.94807,36.51442],[-121.94807,36.51442]],[[-121.94793,36.51386],[-121.94793,36.51386]],[[-121.94751,36.51363],[-121.94751,36.51363]],[[-121.94681,36.51329],[-121.94681,36.51329]],[[-121.94624,36.51318],[-121.94624,36.51318]],[[-121.944,36.51307],[-121.944,36.51307]],[[-121.94386,36.51295],[-121.94386,36.51295]],[[-121.94554,36.51284],[-121.94554,36.51284]],[[-121.94386,36.51273],[-121.94386,36.51273]],[[-121.94456,36.51239],[-121.94456,36.51239]],[[-121.94442,36.51228],[-121.94442,36.51228]],[[-121.94428,36.51216],[-121.94428,36.51216]],[[-121.944,36.51205],[-121.944,36.51205]],[[-121.94386,36.51194],[-121.94386,36.51194]],[[-121.94231,36.51171],[-121.94231,36.51171]],[[-121.94231,36.51126],[-121.94231,36.51126]],[[-121.94203,36.51058],[-121.94203,36.51058]],[[-121.94189,36.51047],[-121.94189,36.51047]],[[-121.94189,36.51036],[-121.94189,36.51036]],[[-121.94259,36.50979],[-121.94259,36.50979]],[[-121.94245,36.50957],[-121.94245,36.50957]],[[-121.94231,36.50946],[-121.94231,36.50946]],[[-121.94217,36.50923],[-121.94217,36.50923]],[[-121.94259,36.50889],[-121.94259,36.50889]],[[-121.94273,36.50889],[-121.94287,36.50878],[-121.94273,36.50867],[-121.94259,36.50878],[-121.94273,36.50889]],[[-121.94245,36.50878],[-121.94245,36.50878]],[[-121.94105,36.50821],[-121.94105,36.50821]],[[-121.94091,36.5081],[-121.94091,36.5081]],[[-121.94259,36.50697],[-121.94343,36.50765],[-121.94445,36.50731],[-121.94493,36.50776],[-121.9447,36.50794],[-121.94386,36.50786],[-121.94343,36.50801],[-121.94343,36.50788],[-121.94273,36.50742],[-121.94245,36.50697]],[[-121.94217,36.50799],[-121.94217,36.50799]],[[-121.94161,36.50799],[-121.94161,36.50799]],[[-121.94386,36.50754],[-121.94386,36.50754]],[[-121.94414,36.50742],[-121.94414,36.50742]],[[-121.94442,36.50731],[-121.94442,36.50731]],[[-121.94484,36.50697],[-121.94498,36.50709],[-121.94507,36.50697]]]},"properties":{"depth_m":7}},{"type":"Feature","geometry":{"type":"MultiLineString","coordinates":[[[-121.95539,36.56103],[-121.95397,36.56024],[-121.95256,36.55977],[-121.95214,36.55944],[-121.95144,36.55999],[-121.95094,36.56012],[-121.9504,36.56103]],[[-121.95467,36.56103],[-121.95422,36.56091],[-121.95383,36.56058],[-121.95337,36.5608],[-121.95298,36.56035],[-121.95186,36.56058],[-121.95144,36.56103]],[[-121.9449,36.56103],[-121.94452,36.56103]],[[-121.94171,36.56103],[-121.94147,36.5604],[-121.94113,36.56024],[-121.93992,36.56013],[-121.9395,36.56024],[-121.93894,36.56006],[-121.93852,36.56041],[-121.93796,36.56039],[-121.93726,36.55977],[-121.93661,36.55945],[-121.93666,36.55877],[-121.93618,36.55821],[-121.93583,36.5573],[-121.93585,36.55606],[-121.93557,36.55571],[-121.9348,36.55527],[-121.93459,36.55459],[-121.93394,36.55358],[-121.93399,36.55222],[-121.93382,36.55166],[-121.93327,36.55121],[-121.93263,36.55019],[-121.93302,36.5494],[-121.93307,36.54895],[-121.9325,36.54794],[-121.93262,36.54775],[-121.93318,36.54766],[-121.93346,36.54744],[-121.93402,36.54748],[-121.93402,36.54735],[-121.93308,36.5467],[-121.93314,36.54624],[-121.93332,36.54606],[-121.93445,36.54588],[-121.93529,36.54634],[-121.93552,36.54624],[-121.93523,36.54579],[-121.93604,36.54489],[-121.93599,36.54435],[-121.93627,36.54431],[-121.93653,36.54399],[-121.93592,36.54342],[-121.93627,36.54275],[-121.93613,36.54264],[-121.93585,36.54275],[-121.93578,36.54252],[-121.93599,36.54248],[-121.93598,36.54229],[-121.93511,36.54162],[-121.93503,36.54105],[-121.93472,36.54071],[-121.9347,36.54026],[-121.93401,36.5397],[-121.93445,36.53936],[-121.93358,36.53913],[-121.9336,36.53877],[-121.93423,36.53834],[-121.93346,36.53786],[-121.9329,36.5377],[-121.9315,36.53805],[-121.93051,36.537],[-121.93026,36.53631],[-121.93003,36.53473],[-121.92926,36.53315],[-121.92853,36.5327],[-121.92857,36.53214],[-121.92841,36.53154],[-121.9277,36.53098],[-121.92686,36.53075],[-121.92707,36.53011],[-121.92702,36.52887],[-121.92636,36.52808],[-121.92637,36.52751],[-121.92681,36.52616],[-121.9277,36.52497],[-121.92911,36.52419],[-121.92953,36.52408],[-121.93023,36.52429],[-121.93122,36.52429],[-121.9322,36.52409],[-121.93318,36.52419],[-121.93417,36.5245],[-121.93484,36.52435],[-121.93503,36.52413],[-121.93502,36.52379],[-121.93529,36.52362],[-121.93599,36.52369],[-121.93655,36.52414],[-121.93683,36.52415],[-121.9374,36.52391],[-121.9376,36.52345],[-121.9374,36.52334],[-121.93683,36.52379],[-121.93655,36.52354],[-121.93627,36.52356],[-121.93571,36.523],[-121.93543,36.52322],[-121.93529,36.52297],[-121.93487,36.52288],[-121.93473,36.52277],[-121.93487,36.52266],[-121.93476,36.52232],[-121.93417,36.52232],[-121.93374,36.52266],[-121.9336,36.523],[-121.93487,36.52367],[-121.93473,36.52401],[-121.93445,36.52401],[-121.93388,36.52356],[-121.93346,36.52367],[-121.93318,36.52401],[-121.93304,36.5239],[-121.93304,36.52345],[-121.9329,36.52342],[-121.93248,36.52356],[-121.9322,36.52345],[-121.93178,36.52367],[-121.93122,36.52356],[-121.93065,36.52367],[-121.93051,36.5239],[-121.93009,36.52356],[-121.92995,36.52367],[-121.92981,36.52356],[-121.92953,36.52277],[-121.92869,36.52266],[-121.92799,36.52288],[-121.927,36.52356],[-121.92546,36.52537],[-121.92532,36.52672],[-121.92588,36.52729],[-121.92588,36.52785],[-121.9263,36.52808],[-121.92602,36.52909],[-121.92574,36.5293],[-121.92574,36.52999],[-121.9263,36.5309],[-121.927,36.53146],[-121.927,36.53248],[-121.92813,36.53327],[-121.92838,36.53417],[-121.92855,36.53428],[-121.92841,36.53439],[-121.92841,36.53507],[-121.92855,36.53518],[-121.92855,36.53597],[-121.92869,36.53609],[-121.92883,36.53733],[-121.92981,36.53868],[-121.93079,36.53947],[-121.93136,36.53947],[-121.93178,36.53902],[-121.9322,36.53913],[-121.93248,36.53891],[-121.9329,36.53936],[-121.9329,36.5397],[-121.93346,36.54015],[-121.93318,36.54038],[-121.9336,36.5406],[-121.93346,36.54083],[-121.93445,36.54117],[-121.93431,36.54139],[-121.93343,36.54128],[-121.93315,36.54162],[-121.93332,36.54173],[-121.93346,36.54252],[-121.93374,36.54275],[-121.93357,36.54297],[-121.93374,36.54297],[-121.93402,36.5432],[-121.93402,36.54345],[-121.93431,36.54354],[-121.93417,36.54376],[-121.93431,36.54387],[-121.93374,36.54419],[-121.93388,36.54466],[-121.93346,36.54478],[-121.93304,36.54464],[-121.93304,36.54478],[-121.93276,36.54489],[-121.93234,36.54466],[-121.93164,36.54534],[-121.93122,36.54523],[-121.93037,36.54591],[-121.92981,36.54681],[-121.92967,36.54839],[-121.92981,36.5485],[-121.93009,36.5511],[-121.93051,36.55211],[-121.93065,36.55324],[-121.93108,36.55437],[-121.93108,36.55505],[-121.9322,36.55742],[-121.93276,36.55933],[-121.93417,36.5608],[-121.93487,36.5608],[-121.93515,36.56103],[-121.93557,36.56091],[-121.93571,36.56103]],[[-121.94091,36.56103],[-121.94105,36.5608],[-121.94077,36.56058],[-121.93992,36.56103]],[[-121.93894,36.56103],[-121.93964,36.5608],[-121.93978,36.56103]],[[-121.93501,36.56091],[-121.93501,36.56091]],[[-121.93417,36.5608],[-121.93417,36.5608]],[[-121.9506,36.5608],[-121.9506,36.5608]],[[-121.93402,36.56069],[-121.93402,36.56069]],[[-121.93388,36.56058],[-121.93388,36.56058]],[[-121.93374,36.56035],[-121.93374,36.56035]],[[-121.9336,36.56012],[-121.9336,36.56012]],[[-121.93346,36.56001],[-121.93346,36.56001]],[[-121.93332,36.5599],[-121.93332,36.5599]],[[-121.93318,36.55979],[-121.93318,36.55979]],[[-121.93304,36.55967],[-121.93304,36.55967]],[[-121.9329,36.55945],[-121.9329,36.55945]],[[-121.95032,36.5594],[-121.95038,36.559],[-121.95018,36.55892],[-121.95,36.55922],[-121.95032,36.5594]],[[-121.93276,36.55933],[-121.93276,36.55933]],[[-121.93262,36.559],[-121.93262,36.559]],[[-121.93248,36.55854],[-121.93248,36.55854]],[[-121.93234,36.55821],[-121.93234,36.55821]],[[-121.9322,36.55775],[-121.9322,36.55775]],[[-121.93206,36.5573],[-121.93206,36.5573]],[[-121.93192,36.55696],[-121.93192,36.55696]],[[-121.93178,36.55663],[-121.93178,36.55663]],[[-121.93164,36.5564],[-121.93164,36.5564]],[[-121.9315,36.55606],[-121.9315,36.55606]],[[-121.93136,36.55572],[-121.93136,36.55572]],[[-121.93557,36.5556],[-121.93582,36.55505],[-121.93557,36.55482],[-121.93521,36.55527],[-121.93557,36.5556]],[[-121.93122,36.55538],[-121.93122,36.55538]],[[-121.93655,36.55519],[-121.93657,36.55505],[-121.93621,36.55482],[-121.93641,36.5552],[-121.93655,36.55519]],[[-121.93571,36.55527],[-121.93571,36.55527]],[[-121.93108,36.55505],[-121.93108,36.55505]],[[-121.93094,36.55426],[-121.93094,36.55426]],[[-121.93079,36.5538],[-121.93079,36.5538]],[[-121.93669,36.55375],[-121.93684,36.55347],[-121.93669,36.55335],[-121.9365,36.55358],[-121.93669,36.55375]],[[-121.93065,36.55324],[-121.93065,36.55324]],[[-121.93051,36.55256],[-121.93051,36.55256]],[[-121.93037,36.552],[-121.93037,36.552]],[[-121.93023,36.55143],[-121.93023,36.55143]],[[-121.93473,36.55111],[-121.93493,36.55098],[-121.93487,36.55079],[-121.93462,36.55098],[-121.93473,36.55111]],[[-121.93009,36.5511],[-121.93009,36.5511]],[[-121.93613,36.55059],[-121.93641,36.5504],[-121.93654,36.54997],[-121.93658,36.54952],[-121.93641,36.54932],[-121.93611,36.54952],[-121.93573,36.55019],[-121.93577,36.55042],[-121.93613,36.55059]],[[-121.93402,36.55042],[-121.93388,36.55042],[-121.93402,36.55042]],[[-121.93388,36.55042],[-121.93388,36.55042]],[[-121.92995,36.55031],[-121.92995,36.55031]],[[-121.92981,36.5494],[-121.92981,36.5494]],[[-121.92967,36.54839],[-121.92967,36.54839]],[[-121.93318,36.54743],[-121.93328,36.54737],[-121.93318,36.54724],[-121.93318,36.54743]],[[-121.92967,36.54737],[-121.92967,36.54737]],[[-121.92981,36.54681],[-121.92981,36.54681]],[[-121.92995,36.54658],[-121.92995,36.54658]],[[-121.93009,36.54636],[-121.93009,36.54636]],[[-121.93023,36.54613],[-121.93023,36.54613]],[[-121.93473,36.54602],[-121.93473,36.54602]],[[-121.93037,36.54591],[-121.93037,36.54591]],[[-121.93051,36.54579],[-121.93051,36.54579]],[[-121.93065,36.54568],[-121.93065,36.54568]],[[-121.93079,36.54557],[-121.93079,36.54557]],[[-121.93094,36.54545],[-121.93094,36.54545]],[[-121.93108,36.54534],[-121.93108,36.54534]],[[-121.93178,36.54523],[-121.93178,36.54523]],[[-121.93122,36.54523],[-121.93122,36.54523]],[[-121.93192,36.545],[-121.93192,36.545]],[[-121.93206,36.54489],[-121.93206,36.54489]],[[-121.9322,36.54478],[-121.9322,36.54478]],[[-121.93234,36.54466],[-121.93234,36.54466]],[[-121.93374,36.54421],[-121.93374,36.54421]],[[-121.93402,36.5441],[-121.93402,36.5441]],[[-121.93417,36.54399],[-121.93417,36.54399]],[[-121.93417,36.54376],[-121.93417,36.54376]],[[-121.93417,36.54365],[-121.93417,36.54365]],[[-121.93445,36.54354],[-121.93473,36.54331],[-121.93431,36.54308],[-121.93417,36.54331],[-121.93445,36.54354]],[[-121.93459,36.54342],[-121.93459,36.54342]],[[-121.93431,36.54342],[-121.93431,36.54342]],[[-121.93388,36.54308],[-121.93388,36.54308]],[[-121.9336,36.54263],[-121.9336,36.54263]],[[-121.93346,36.54252],[-121.93346,36.54252]],[[-121.93332,36.54218],[-121.93332,36.54218]],[[-121.93318,36.5415],[-121.93318,36.5415]],[[-121.93402,36.54105],[-121.93402,36.54105]],[[-121.9336,36.54094],[-121.9336,36.54094]],[[-121.93346,36.54083],[-121.93346,36.54083]],[[-121.93346,36.54071],[-121.93346,36.54071]],[[-121.93445,36.54049],[-121.93459,36.54038],[-121.93445,36.54026],[-121.93431,36.54038],[-121.93445,36.54049]],[[-121.93318,36.54038],[-121.9329,36.54035],[-121.93318,36.54038]],[[-121.93332,36.54026],[-121.93332,36.54026]],[[-121.93304,36.54026],[-121.93304,36.54026]],[[-121.93304,36.53981],[-121.93304,36.53981]],[[-121.9329,36.5397],[-121.9329,36.5397]],[[-121.93079,36.53947],[-121.93079,36.53947]],[[-121.93051,36.53936],[-121.93051,36.53936]],[[-121.93276,36.53925],[-121.93276,36.53925]],[[-121.93037,36.53925],[-121.93037,36.53925]],[[-121.93262,36.53913],[-121.93262,36.53913]],[[-121.93206,36.53913],[-121.93206,36.53913]],[[-121.93023,36.53913],[-121.93023,36.53913]],[[-121.93009,36.53891],[-121.93009,36.53891]],[[-121.92995,36.5388],[-121.92995,36.5388]],[[-121.92981,36.53868],[-121.92981,36.53868]],[[-121.92967,36.53846],[-121.92967,36.53846]],[[-121.92953,36.53823],[-121.92953,36.53823]],[[-121.92939,36.53812],[-121.92939,36.53812]],[[-121.92925,36.53789],[-121.92925,36.53789]],[[-121.92911,36.53767],[-121.92911,36.53767]],[[-121.92897,36.53755],[-121.92897,36.53755]],[[-121.92883,36.53733],[-121.92883,36.53733]],[[-121.92869,36.53688],[-121.92869,36.53688]],[[-121.92855,36.53597],[-121.92855,36.53597]],[[-121.92841,36.53507],[-121.92841,36.53507]],[[-121.92841,36.53439],[-121.92841,36.53439]],[[-121.92827,36.53383],[-121.92827,36.53383]],[[-121.92813,36.53349],[-121.92813,36.53349]],[[-121.92799,36.53315],[-121.92799,36.53315]],[[-121.92742,36.53282],[-121.92742,36.53282]],[[-121.92714,36.53259],[-121.92714,36.53259]],[[-121.927,36.53248],[-121.927,36.53248]],[[-121.92686,36.53135],[-121.92686,36.53135]],[[-121.92672,36.53124],[-121.92672,36.53124]],[[-121.92658,36.53112],[-121.92658,36.53112]],[[-121.92644,36.53101],[-121.92644,36.53101]],[[-121.9263,36.5309],[-121.9263,36.5309]],[[-121.92616,36.53067],[-121.92616,36.53067]],[[-121.92602,36.53056],[-121.92602,36.53056]],[[-121.92588,36.53033],[-121.92588,36.53033]],[[-121.92574,36.52999],[-121.92574,36.52999]],[[-121.92602,36.52875],[-121.92602,36.52875]],[[-121.92616,36.5283],[-121.92616,36.5283]],[[-121.92602,36.52796],[-121.92602,36.52796]],[[-121.92588,36.52785],[-121.92588,36.52785]],[[-121.92574,36.52717],[-121.92574,36.52717]],[[-121.9256,36.52695],[-121.9256,36.52695]],[[-121.92546,36.52683],[-121.92546,36.52683]],[[-121.92532,36.52672],[-121.92532,36.52672]],[[-121.92532,36.52582],[-121.92532,36.52582]],[[-121.92546,36.52537],[-121.92546,36.52537]],[[-121.9256,36.52525],[-121.9256,36.52525]],[[-121.92574,36.52503],[-121.92574,36.52503]],[[-121.92588,36.52492],[-121.92588,36.52492]],[[-121.92602,36.52469],[-121.92602,36.52469]],[[-121.92616,36.52458],[-121.92616,36.52458]],[[-121.95467,36.52435],[-121.95467,36.52435]],[[-121.9263,36.52446],[-121.9263,36.52446]],[[-121.94681,36.52425],[-121.94719,36.52413],[-121.94723,36.52356],[-121.94638,36.523],[-121.94582,36.52288],[-121.9454,36.52243],[-121.94456,36.52221],[-121.94428,36.52187],[-121.94421,36.52232],[-121.94442,36.52257],[-121.94526,36.52278],[-121.94662,36.52345],[-121.94666,36.52357],[-121.94615,36.52367],[-121.94681,36.52425]],[[-121.92644,36.52424],[-121.92644,36.52424]],[[-121.94863,36.52402],[-121.94894,36.52379],[-121.94863,36.52367],[-121.94811,36.52401],[-121.94863,36.52402]],[[-121.92658,36.52413],[-121.92658,36.52413]],[[-121.94695,36.52401],[-121.94709,36.5239],[-121.94695,36.52379],[-121.94681,36.5239],[-121.94695,36.52401]],[[-121.94821,36.5239],[-121.94821,36.5239]],[[-121.92672,36.5239],[-121.92672,36.5239]],[[-121.95256,36.5237],[-121.952,36.52322],[-121.95178,36.52322],[-121.952,36.52359],[-121.95256,36.5237]],[[-121.94849,36.52379],[-121.94849,36.52379]],[[-121.93332,36.52379],[-121.93332,36.52379]],[[-121.92686,36.52379],[-121.92686,36.52379]],[[-121.95355,36.52365],[-121.95339,36.52334],[-121.95341,36.52365],[-121.95355,36.52365]],[[-121.94863,36.52367],[-121.94863,36.52367]],[[-121.93473,36.52356],[-121.93473,36.52356]],[[-121.93346,36.52367],[-121.93346,36.52367]],[[-121.93065,36.52367],[-121.93065,36.52367]],[[-121.95467,36.52345],[-121.95478,36.52334],[-121.95443,36.52311],[-121.95509,36.52288],[-121.95523,36.52303],[-121.95523,36.52271],[-121.95509,36.52267],[-121.95495,36.52288],[-121.95481,36.52277],[-121.95397,36.5228],[-121.95467,36.52345]],[[-121.93459,36.52345],[-121.93459,36.52345]],[[-121.93388,36.52356],[-121.93388,36.52356]],[[-121.93192,36.52356],[-121.93192,36.52356]],[[-121.93122,36.52356],[-121.93122,36.52356]],[[-121.93009,36.52356],[-121.93009,36.52356]],[[-121.927,36.52356],[-121.927,36.52356]],[[-121.95453,36.52334],[-121.95453,36.52334]],[[-121.93417,36.52334],[-121.93417,36.52334]],[[-121.9322,36.52345],[-121.9322,36.52345]],[[-121.92714,36.52345],[-121.92714,36.52345]],[[-121.95439,36.52322],[-121.95439,36.52322]],[[-121.93754,36.52322],[-121.9374,36.52334],[-121.93787,36.52288],[-121.93754,36.52288],[-121.93768,36.52311],[-121.93754,36.52322]],[[-121.93388,36.52322],[-121.93388,36.52322]],[[-121.92728,36.52334],[-121.92728,36.52334]],[[-121.95425,36.52311],[-121.95425,36.52311]],[[-121.95158,36.52317],[-121.95158,36.523],[-121.95102,36.52266],[-121.95088,36.52232],[-121.95032,36.52198],[-121.95032,36.52176],[-121.95004,36.52176],[-121.94975,36.52153],[-121.94961,36.52119],[-121.94947,36.5213],[-121.94961,36.52142],[-121.94961,36.52266],[-121.94919,36.52277],[-121.94863,36.52266],[-121.94835,36.52241],[-121.94863,36.52288],[-121.94905,36.52311],[-121.95032,36.5223],[-121.9513,36.52314],[-121.95158,36.52317]],[[-121.94891,36.52311],[-121.94891,36.52311]],[[-121.93374,36.52311],[-121.93374,36.52311]],[[-121.92742,36.52322],[-121.92742,36.52322]],[[-121.95411,36.523],[-121.95411,36.523]],[[-121.94877,36.523],[-121.94877,36.523]],[[-121.94063,36.52306],[-121.94063,36.52277],[-121.94091,36.52255],[-121.94119,36.52266],[-121.94107,36.52288],[-121.94119,36.52298],[-121.94223,36.52176],[-121.94161,36.52164],[-121.9413,36.52176],[-121.94133,36.52209],[-121.94105,36.52221],[-121.94049,36.52187],[-121.94063,36.52153],[-121.93992,36.52119],[-121.94006,36.52074],[-121.94077,36.51995],[-121.94077,36.51961],[-121.94006,36.51916],[-121.93922,36.51893],[-121.93782,36.51905],[-121.9374,36.51936],[-121.93726,36.51961],[-121.9374,36.51984],[-121.93726,36.51995],[-121.93697,36.51984],[-121.93683,36.52006],[-121.93754,36.5204],[-121.93782,36.52113],[-121.93796,36.52117],[-121.9381,36.52109],[-121.93922,36.52147],[-121.93908,36.52085],[-121.93922,36.52074],[-121.93936,36.52084],[-121.93982,36.5213],[-121.94012,36.52232],[-121.94049,36.52306],[-121.94063,36.52306]],[[-121.93754,36.523],[-121.93754,36.523]],[[-121.9336,36.523],[-121.9336,36.523]],[[-121.92756,36.52311],[-121.92756,36.52311]],[[-121.95397,36.52288],[-121.95397,36.52288]],[[-121.94863,36.52288],[-121.94863,36.52288]],[[-121.9454,36.52288],[-121.9454,36.52288]],[[-121.93571,36.523],[-121.93571,36.523]],[[-121.92785,36.523],[-121.92785,36.523]],[[-121.93754,36.52288],[-121.93754,36.52288]],[[-121.9336,36.52288],[-121.9336,36.52288]],[[-121.92799,36.52288],[-121.92799,36.52288]],[[-121.95088,36.52277],[-121.95088,36.52277]],[[-121.94849,36.52266],[-121.94849,36.52266]],[[-121.92827,36.52277],[-121.92827,36.52277]],[[-121.95074,36.52266],[-121.95074,36.52266]],[[-121.94835,36.52255],[-121.94835,36.52255]],[[-121.94147,36.52266],[-121.94147,36.52266]],[[-121.93374,36.52266],[-121.93374,36.52266]],[[-121.92869,36.52266],[-121.92869,36.52266]],[[-121.93388,36.52255],[-121.93388,36.52255]],[[-121.93402,36.52243],[-121.93402,36.52243]],[[-121.93768,36.52224],[-121.93753,36.52209],[-121.93768,36.52224]],[[-121.93754,36.52221],[-121.93754,36.52221]],[[-121.93417,36.52232],[-121.93417,36.52232]],[[-121.95467,36.52195],[-121.95474,36.52176],[-121.95436,36.5213],[-121.95397,36.52142],[-121.95439,36.52188],[-121.95467,36.52195]],[[-121.93726,36.52176],[-121.93751,36.52153],[-121.93697,36.52108],[-121.93666,36.52108],[-121.93641,36.5213],[-121.93655,36.52164],[-121.93726,36.52176]],[[-121.93711,36.52176],[-121.93711,36.52176]],[[-121.95425,36.52164],[-121.95425,36.52164]],[[-121.93655,36.52164],[-121.93655,36.52164]],[[-121.94442,36.52153],[-121.94456,36.52094],[-121.94329,36.52074],[-121.94231,36.52097],[-121.94245,36.52158],[-121.94329,36.52127],[-121.944,36.5214],[-121.94428,36.52163],[-121.94442,36.52153]],[[-121.94161,36.52164],[-121.94161,36.52164]],[[-121.94231,36.52142],[-121.94231,36.52142]],[[-121.93641,36.52142],[-121.93641,36.52142]],[[-121.95397,36.52142],[-121.95397,36.52142]],[[-121.94947,36.5213],[-121.94947,36.5213]],[[-121.93641,36.5213],[-121.93641,36.5213]],[[-121.94231,36.52097],[-121.94231,36.52097]],[[-121.94245,36.52085],[-121.94245,36.52085]],[[-121.93908,36.52085],[-121.93908,36.52085]],[[-121.93768,36.52074],[-121.93768,36.52074]],[[-121.94329,36.52074],[-121.94329,36.52074]],[[-121.93922,36.52074],[-121.93922,36.52074]],[[-121.95664,36.51849],[-121.95607,36.51852],[-121.95598,36.51893],[-121.95579,36.51909],[-121.95537,36.51892],[-121.95509,36.51912],[-121.95461,36.51995],[-121.95467,36.52019],[-121.95228,36.51977],[-121.95214,36.51995],[-121.95252,36.5204],[-121.95184,36.52051],[-121.95186,36.52006],[-121.9513,36.51963],[-121.95186,36.51893],[-121.95256,36.51905],[-121.95341,36.51972],[-121.95439,36.5195],[-121.95453,36.51939],[-121.95438,36.51916],[-121.95467,36.51882],[-121.95397,36.51759],[-121.95481,36.51701],[-121.95509,36.51653],[-121.95664,36.51703]],[[-121.93754,36.52051],[-121.93754,36.52051]],[[-121.93711,36.52029],[-121.93711,36.52029]],[[-121.93697,36.52018],[-121.93697,36.52018]],[[-121.93683,36.52006],[-121.93683,36.52006]],[[-121.93683,36.51995],[-121.93683,36.51995]],[[-121.93697,36.51984],[-121.93697,36.51984]],[[-121.93726,36.51961],[-121.93726,36.51961]],[[-121.95397,36.51961],[-121.95397,36.51961]],[[-121.95327,36.51961],[-121.95327,36.51961]],[[-121.9513,36.51961],[-121.9513,36.51961]],[[-121.95411,36.5195],[-121.95411,36.5195]],[[-121.95298,36.5195],[-121.95298,36.5195]],[[-121.93726,36.5195],[-121.93726,36.5195]],[[-121.95284,36.51939],[-121.95284,36.51939]],[[-121.95144,36.51939],[-121.95144,36.51939]],[[-121.95158,36.51927],[-121.95158,36.51927]],[[-121.9527,36.51916],[-121.9527,36.51916]],[[-121.93768,36.51916],[-121.93768,36.51916]],[[-121.95453,36.51905],[-121.95453,36.51905]],[[-121.95256,36.51905],[-121.95256,36.51905]],[[-121.95172,36.51905],[-121.95172,36.51905]],[[-121.93782,36.51905],[-121.93782,36.51905]],[[-121.95228,36.51893],[-121.95228,36.51893]],[[-121.95186,36.51893],[-121.95186,36.51893]],[[-121.93838,36.51893],[-121.93838,36.51893]],[[-121.95537,36.5186],[-121.95551,36.51848],[-121.95537,36.51826],[-121.95523,36.51848],[-121.95537,36.5186]],[[-121.95284,36.51814],[-121.95298,36.51806],[-121.95298,36.51769],[-121.95327,36.51747],[-121.95365,36.51747],[-121.95362,36.51735],[-121.95313,36.5171],[-121.95242,36.51716],[-121.95228,36.51747],[-121.95242,36.51792],[-121.95284,36.51814]],[[-121.9527,36.51814],[-121.95242,36.51806],[-121.95256,36.51781],[-121.95284,36.51792],[-121.9527,36.51814]],[[-121.95607,36.51803],[-121.95622,36.51792],[-121.95622,36.51735],[-121.95579,36.51702],[-121.95565,36.51713],[-121.95565,36.51758],[-121.95607,36.51803]],[[-121.95256,36.51803],[-121.95256,36.51803]],[[-121.95593,36.51792],[-121.95593,36.51792]],[[-121.95664,36.51769],[-121.9565,36.51758],[-121.95664,36.51747]],[[-121.95579,36.51769],[-121.95579,36.51769]],[[-121.95228,36.51758],[-121.95228,36.51758]],[[-121.95228,36.51735],[-121.95228,36.51735]],[[-121.94259,36.50697],[-121.94343,36.50765],[-121.94445,36.50731],[-121.94497,36.50776],[-121.9447,36.50797],[-121.94372,36.50791],[-121.9432,36.50833],[-121.94299,36.50878],[-121.94273,36.50889],[-121.94301,36.50895],[-121.9433,36.51025],[-121.94372,36.51115],[-121.9447,36.51201],[-121.94554,36.51194],[-121.94711,36.5125],[-121.94738,36.51273],[-121.94753,36.51318],[-121.94849,36.51402],[-121.94877,36.51371],[-121.94905,36.51379],[-121.94924,36.51408],[-121.94918,36.51465],[-121.94933,36.51481],[-121.94975,36.51451],[-121.95003,36.51476],[-121.95042,36.51532],[-121.95001,36.51589],[-121.95074,36.51605],[-121.9513,36.51572],[-121.95194,36.51645],[-121.95144,36.51657],[-121.9513,36.51645],[-121.95144,36.51623],[-121.9513,36.51611],[-121.95074,36.51657],[-121.95046,36.51702],[-121.9499,36.51702],[-121.95004,36.51634],[-121.94961,36.516],[-121.94961,36.51566],[-121.94933,36.51544],[-121.94891,36.51557],[-121.94877,36.51521],[-121.94821,36.51487],[-121.94807,36.51397],[-121.94765,36.51376],[-121.94737,36.51341],[-121.94706,36.51352],[-121.94666,36.51318],[-121.9461,36.51307],[-121.94579,36.51318],[-121.9454,36.51273],[-121.94498,36.51273],[-121.94456,36.51307],[-121.94428,36.51295],[-121.944,36.51307],[-121.94386,36.51284],[-121.944,36.51259],[-121.94442,36.51284],[-121.9447,36.51273],[-121.9447,36.5125],[-121.94414,36.51205],[-121.94315,36.51171],[-121.94228,36.51183],[-121.94245,36.5116],[-121.94228,36.51104],[-121.94245,36.51092],[-121.94231,36.51081],[-121.94217,36.51095],[-121.94217,36.5107],[-121.94189,36.51036],[-121.94259,36.51002],[-121.94273,36.50968],[-121.94217,36.50921],[-121.94273,36.509],[-121.94231,36.50844],[-121.94203,36.50833],[-121.9413,36.50844],[-121.94091,36.50808],[-121.94175,36.50799],[-121.94203,36.5081],[-121.94231,36.50775],[-121.94287,36.50821],[-121.94315,36.50821],[-121.94343,36.50788],[-121.94273,36.50742],[-121.94245,36.50697]],[[-121.95144,36.51657],[-121.95144,36.51657]],[[-121.9499,36.51668],[-121.9499,36.51668]],[[-121.9513,36.51645],[-121.9513,36.51645]],[[-121.9565,36.51615],[-121.9566,36.516],[-121.95629,36.51555],[-121.95593,36.5153],[-121.95579,36.51536],[-121.95575,36.51555],[-121.95622,36.51609],[-121.9565,36.51615]],[[-121.94947,36.51476],[-121.94947,36.51476]],[[-121.94428,36.51273],[-121.94428,36.51273]],[[-121.94386,36.51273],[-121.94386,36.51273]],[[-121.94414,36.51262],[-121.94414,36.51262]],[[-121.94231,36.51171],[-121.94231,36.51171]],[[-121.94189,36.51036],[-121.94189,36.51036]],[[-121.94259,36.50979],[-121.94259,36.50979]],[[-121.94273,36.50889],[-121.94287,36.50878],[-121.94273,36.50867],[-121.94259,36.50878],[-121.94273,36.50889]],[[-121.94259,36.50834],[-121.94272,36.50821],[-121.94259,36.50811],[-121.94244,36.50821],[-121.94259,36.50834]],[[-121.94329,36.5081],[-121.94329,36.5081]],[[-121.94273,36.5081],[-121.94273,36.5081]],[[-121.94259,36.50799],[-121.94259,36.50799]],[[-121.94217,36.50799],[-121.94217,36.50799]],[[-121.94175,36.50799],[-121.94175,36.50799]],[[-121.94161,36.50799],[-121.94161,36.50799]],[[-121.94105,36.50799],[-121.94105,36.50799]],[[-121.94245,36.50776],[-121.94245,36.50776]],[[-121.94386,36.50754],[-121.94386,36.50754]],[[-121.94414,36.50742],[-121.94414,36.50742]],[[-121.94442,36.50731],[-121.94442,36.50731]],[[-121.94484,36.50697],[-121.94498,36.50709],[-121.94511,36.50697]]]},"properties":{"depth_m":8}},{"type":"Feature","geometry":{"type":"MultiLineString","coordinates":[[[-121.95548,36.56103],[-121.95451,36.56058],[-121.95397,36.56013],[-121.95214,36.55938],[-121.95088,36.56005],[-121.95035,36.56103]],[[-121.95467,36.56103],[-121.95422,36.56091],[-121.95383,36.56058],[-121.95337,36.5608],[-121.95298,36.56035],[-121.95186,36.56058],[-121.95144,36.56103]],[[-121.94518,36.56103],[-121.94514,36.56069],[-121.94498,36.5606],[-121.94444,36.56103]],[[-121.9418,36.56103],[-121.94147,36.56024],[-121.93964,36.56005],[-121.93894,36.55952],[-121.93865,36.56012],[-121.93838,36.5603],[-121.93737,36.55956],[-121.93697,36.559],[-121.93656,36.55764],[-121.93632,36.5573],[-121.9366,36.55696],[-121.93645,36.55617],[-121.93585,36.55536],[-121.93599,36.55509],[-121.93655,36.55535],[-121.93673,36.55493],[-121.93613,36.55458],[-121.93529,36.55471],[-121.93448,36.55369],[-121.93444,36.55189],[-121.93418,36.55143],[-121.93326,36.55065],[-121.93316,36.55031],[-121.9336,36.54921],[-121.93416,36.54918],[-121.93323,36.5485],[-121.93346,36.54834],[-121.93339,36.54782],[-121.9336,36.54757],[-121.93402,36.54765],[-121.9342,36.54749],[-121.93328,36.54681],[-121.93318,36.54624],[-121.93431,36.54603],[-121.93501,36.54624],[-121.93543,36.54655],[-121.93557,36.54645],[-121.93566,36.54613],[-121.93555,36.54579],[-121.93584,36.54545],[-121.93618,36.54534],[-121.93607,36.54512],[-121.93622,36.54466],[-121.93649,36.54455],[-121.93669,36.54399],[-121.93613,36.54342],[-121.93643,36.54297],[-121.93639,36.54275],[-121.93613,36.54227],[-121.93525,36.54162],[-121.9351,36.54105],[-121.93483,36.54071],[-121.93494,36.54026],[-121.93417,36.5397],[-121.93454,36.53936],[-121.93399,36.53891],[-121.93445,36.53866],[-121.93463,36.53834],[-121.93374,36.53785],[-121.9329,36.53762],[-121.93172,36.53789],[-121.93071,36.53688],[-121.93041,36.53609],[-121.9302,36.53462],[-121.92978,36.53372],[-121.92888,36.53248],[-121.92838,36.53135],[-121.92713,36.53067],[-121.92716,36.52898],[-121.92644,36.52785],[-121.92655,36.5274],[-121.92705,36.52672],[-121.92699,36.52627],[-121.92769,36.52514],[-121.92869,36.52458],[-121.92967,36.52427],[-121.93136,36.52438],[-121.93206,36.52417],[-121.93318,36.52423],[-121.93388,36.52458],[-121.93473,36.52451],[-121.9351,36.52424],[-121.93529,36.52374],[-121.93585,36.52373],[-121.93655,36.52417],[-121.93697,36.52417],[-121.9374,36.52396],[-121.93763,36.52345],[-121.9374,36.52334],[-121.93683,36.52379],[-121.93655,36.52353],[-121.93627,36.52356],[-121.93571,36.523],[-121.93543,36.52322],[-121.93529,36.52297],[-121.93487,36.52288],[-121.93473,36.52277],[-121.93487,36.52266],[-121.93476,36.52232],[-121.93417,36.52232],[-121.93374,36.52266],[-121.9336,36.523],[-121.93487,36.52367],[-121.93473,36.52401],[-121.93445,36.52401],[-121.93388,36.52356],[-121.93346,36.52367],[-121.93318,36.52401],[-121.93304,36.5239],[-121.93304,36.52345],[-121.9329,36.52342],[-121.93248,36.52356],[-121.9322,36.52345],[-121.93178,36.52367],[-121.9315,36.52353],[-121.93065,36.52367],[-121.93051,36.5239],[-121.93009,36.52356],[-121.92995,36.52367],[-121.92981,36.52356],[-121.92953,36.52277],[-121.92869,36.52266],[-121.92799,36.52288],[-121.927,36.52356],[-121.92546,36.52537],[-121.92532,36.52672],[-121.92588,36.52729],[-121.92588,36.52785],[-121.9263,36.52808],[-121.92602,36.52909],[-121.92574,36.52929],[-121.92574,36.52999],[-121.9263,36.5309],[-121.927,36.53146],[-121.927,36.53248],[-121.92813,36.53327],[-121.92837,36.53417],[-121.92855,36.53428],[-121.92841,36.53439],[-121.92841,36.53507],[-121.92855,36.53518],[-121.92855,36.53597],[-121.92869,36.53609],[-121.92883,36.53733],[-121.92981,36.53868],[-121.93079,36.53947],[-121.93136,36.53947],[-121.93178,36.53902],[-121.9322,36.53913],[-121.93248,36.53891],[-121.9329,36.53936],[-121.9329,36.5397],[-121.93346,36.54015],[-121.93318,36.54038],[-121.9336,36.5406],[-121.93346,36.54083],[-121.93445,36.54117],[-121.93431,36.54139],[-121.93343,36.54128],[-121.93315,36.54162],[-121.93332,36.54173],[-121.93346,36.54252],[-121.93374,36.54275],[-121.93357,36.54297],[-121.93374,36.54297],[-121.93402,36.5432],[-121.93402,36.54345],[-121.93431,36.54354],[-121.93417,36.54376],[-121.93431,36.54387],[-121.93374,36.54418],[-121.93388,36.54466],[-121.93346,36.54478],[-121.93304,36.54463],[-121.93304,36.54478],[-121.93276,36.54489],[-121.93234,36.54466],[-121.93164,36.54534],[-121.93122,36.54523],[-121.93037,36.54591],[-121.92981,36.54681],[-121.92967,36.54839],[-121.92981,36.5485],[-121.93009,36.5511],[-121.93037,36.55155],[-121.93065,36.55324],[-121.93108,36.55437],[-121.93108,36.55505],[-121.9322,36.55742],[-121.93276,36.55933],[-121.93417,36.5608],[-121.93487,36.5608],[-121.93515,36.56103],[-121.93557,36.56091],[-121.93571,36.56103]],[[-121.94091,36.56103],[-121.94105,36.5608],[-121.94077,36.56058],[-121.93992,36.56103]],[[-121.93894,36.56103],[-121.93964,36.5608],[-121.93978,36.56103]],[[-121.93501,36.56091],[-121.93501,36.56091]],[[-121.93417,36.5608],[-121.93417,36.5608]],[[-121.93402,36.56069],[-121.93402,36.56069]],[[-121.93388,36.56058],[-121.93388,36.56058]],[[-121.93374,36.56035],[-121.93374,36.56035]],[[-121.9336,36.56012],[-121.9336,36.56012]],[[-121.93346,36.56001],[-121.93346,36.56001]],[[-121.93332,36.5599],[-121.93332,36.5599]],[[-121.93318,36.55979],[-121.93318,36.55979]],[[-121.93304,36.55967],[-121.93304,36.55967]],[[-121.95032,36.55948],[-121.9505,36.55933],[-121.95043,36.559],[-121.95018,36.55882],[-121.94995,36.55922],[-121.95032,36.55948]],[[-121.9329,36.55945],[-121.9329,36.55945]],[[-121.93276,36.55933],[-121.93276,36.55933]],[[-121.93262,36.559],[-121.93262,36.559]],[[-121.93248,36.55854],[-121.93248,36.55854]],[[-121.93234,36.55821],[-121.93234,36.55821]],[[-121.9322,36.55775],[-121.9322,36.55775]],[[-121.93206,36.5573],[-121.93206,36.5573]],[[-121.93192,36.55696],[-121.93192,36.55696]],[[-121.93178,36.55663],[-121.93178,36.55663]],[[-121.93164,36.5564],[-121.93164,36.5564]],[[-121.9315,36.55606],[-121.9315,36.55606]],[[-121.93136,36.55572],[-121.93136,36.55572]],[[-121.93122,36.55538],[-121.93122,36.55538]],[[-121.93108,36.55505],[-121.93108,36.55505]],[[-121.93094,36.55426],[-121.93094,36.55426]],[[-121.93669,36.55386],[-121.93696,36.55347],[-121.93684,36.55324],[-121.93643,36.55347],[-121.93651,36.5538],[-121.93669,36.55386]],[[-121.93079,36.5538],[-121.93079,36.5538]],[[-121.93065,36.55324],[-121.93065,36.55324]],[[-121.93051,36.55256],[-121.93051,36.55256]],[[-121.93037,36.552],[-121.93037,36.552]],[[-121.93487,36.55149],[-121.93516,36.55087],[-121.93501,36.55055],[-121.93448,36.55098],[-121.93453,36.55132],[-121.93487,36.55149]],[[-121.93023,36.55143],[-121.93023,36.55143]],[[-121.93009,36.5511],[-121.93009,36.5511]],[[-121.93599,36.55088],[-121.93641,36.55052],[-121.93667,36.54997],[-121.9366,36.5494],[-121.93641,36.54927],[-121.93604,36.54952],[-121.93585,36.54987],[-121.93543,36.5497],[-121.93526,36.54986],[-121.9355,36.55053],[-121.93599,36.55088]],[[-121.93417,36.55057],[-121.93431,36.55029],[-121.93374,36.55006],[-121.93384,36.55053],[-121.93417,36.55057]],[[-121.93515,36.5505],[-121.93527,36.55042],[-121.9351,36.55019],[-121.93481,36.55031],[-121.93515,36.5505]],[[-121.93487,36.55042],[-121.93487,36.55042]],[[-121.92995,36.55031],[-121.92995,36.55031]],[[-121.92981,36.5494],[-121.92981,36.5494]],[[-121.92967,36.54839],[-121.92967,36.54839]],[[-121.92967,36.54737],[-121.92967,36.54737]],[[-121.93515,36.54721],[-121.93515,36.54709],[-121.93515,36.54721]],[[-121.92981,36.54681],[-121.92981,36.54681]],[[-121.92995,36.54658],[-121.92995,36.54658]],[[-121.93009,36.54636],[-121.93009,36.54636]],[[-121.93501,36.54624],[-121.93501,36.54624]],[[-121.93318,36.54624],[-121.93318,36.54624]],[[-121.93332,36.54613],[-121.93332,36.54613]],[[-121.93023,36.54613],[-121.93023,36.54613]],[[-121.93037,36.54591],[-121.93037,36.54591]],[[-121.93051,36.54579],[-121.93051,36.54579]],[[-121.93641,36.54558],[-121.93641,36.5454],[-121.93641,36.54558]],[[-121.93065,36.54568],[-121.93065,36.54568]],[[-121.93079,36.54557],[-121.93079,36.54557]],[[-121.93094,36.54545],[-121.93094,36.54545]],[[-121.93108,36.54534],[-121.93108,36.54534]],[[-121.93178,36.54523],[-121.93178,36.54523]],[[-121.93122,36.54523],[-121.93122,36.54523]],[[-121.93192,36.545],[-121.93192,36.545]],[[-121.93206,36.54489],[-121.93206,36.54489]],[[-121.9322,36.54478],[-121.9322,36.54478]],[[-121.93234,36.54466],[-121.93234,36.54466]],[[-121.93374,36.54421],[-121.93374,36.54421]],[[-121.93655,36.5441],[-121.93655,36.5441]],[[-121.93402,36.5441],[-121.93402,36.5441]],[[-121.93417,36.54399],[-121.93417,36.54399]],[[-121.93417,36.54376],[-121.93417,36.54376]],[[-121.93417,36.54365],[-121.93417,36.54365]],[[-121.93445,36.54354],[-121.93473,36.54331],[-121.93431,36.54308],[-121.93417,36.54331],[-121.93445,36.54354]],[[-121.93459,36.54342],[-121.93459,36.54342]],[[-121.93431,36.54342],[-121.93431,36.54342]],[[-121.93683,36.54311],[-121.93686,36.54297],[-121.93668,36.54297],[-121.93683,36.54311]],[[-121.93388,36.54308],[-121.93388,36.54308]],[[-121.9336,36.54263],[-121.9336,36.54263]],[[-121.93346,36.54252],[-121.93346,36.54252]],[[-121.93332,36.54218],[-121.93332,36.54218]],[[-121.93318,36.5415],[-121.93318,36.5415]],[[-121.93402,36.54105],[-121.93402,36.54105]],[[-121.9336,36.54094],[-121.9336,36.54094]],[[-121.93346,36.54083],[-121.93346,36.54083]],[[-121.93346,36.54071],[-121.93346,36.54071]],[[-121.93445,36.54049],[-121.93459,36.54038],[-121.93445,36.54026],[-121.93431,36.54038],[-121.93445,36.54049]],[[-121.93318,36.54038],[-121.9329,36.54035],[-121.93318,36.54038]],[[-121.93332,36.54026],[-121.93332,36.54026]],[[-121.93304,36.54026],[-121.93304,36.54026]],[[-121.93304,36.53981],[-121.93304,36.53981]],[[-121.9329,36.5397],[-121.9329,36.5397]],[[-121.93079,36.53947],[-121.93079,36.53947]],[[-121.93051,36.53936],[-121.93051,36.53936]],[[-121.93276,36.53925],[-121.93276,36.53925]],[[-121.93037,36.53925],[-121.93037,36.53925]],[[-121.93262,36.53913],[-121.93262,36.53913]],[[-121.93206,36.53913],[-121.93206,36.53913]],[[-121.93023,36.53913],[-121.93023,36.53913]],[[-121.93009,36.53891],[-121.93009,36.53891]],[[-121.92995,36.5388],[-121.92995,36.5388]],[[-121.92981,36.53868],[-121.92981,36.53868]],[[-121.92967,36.53846],[-121.92967,36.53846]],[[-121.92953,36.53823],[-121.92953,36.53823]],[[-121.92939,36.53812],[-121.92939,36.53812]],[[-121.92925,36.53789],[-121.92925,36.53789]],[[-121.92911,36.53767],[-121.92911,36.53767]],[[-121.92897,36.53755],[-121.92897,36.53755]],[[-121.92883,36.53733],[-121.92883,36.53733]],[[-121.92869,36.53688],[-121.92869,36.53688]],[[-121.92855,36.53597],[-121.92855,36.53597]],[[-121.92841,36.53507],[-121.92841,36.53507]],[[-121.92841,36.53439],[-121.92841,36.53439]],[[-121.92827,36.53383],[-121.92827,36.53383]],[[-121.92813,36.53349],[-121.92813,36.53349]],[[-121.92799,36.53315],[-121.92799,36.53315]],[[-121.92742,36.53282],[-121.92742,36.53282]],[[-121.92714,36.53259],[-121.92714,36.53259]],[[-121.927,36.53248],[-121.927,36.53248]],[[-121.92686,36.53135],[-121.92686,36.53135]],[[-121.92672,36.53124],[-121.92672,36.53124]],[[-121.92658,36.53112],[-121.92658,36.53112]],[[-121.92644,36.53101],[-121.92644,36.53101]],[[-121.9263,36.5309],[-121.9263,36.5309]],[[-121.92616,36.53067],[-121.92616,36.53067]],[[-121.92602,36.53056],[-121.92602,36.53056]],[[-121.92588,36.53033],[-121.92588,36.53033]],[[-121.92574,36.52999],[-121.92574,36.52999]],[[-121.92602,36.52875],[-121.92602,36.52875]],[[-121.92616,36.5283],[-121.92616,36.5283]],[[-121.92602,36.52796],[-121.92602,36.52796]],[[-121.92588,36.52785],[-121.92588,36.52785]],[[-121.92574,36.52717],[-121.92574,36.52717]],[[-121.9256,36.52695],[-121.9256,36.52695]],[[-121.92546,36.52683],[-121.92546,36.52683]],[[-121.92532,36.52672],[-121.92532,36.52672]],[[-121.92532,36.52582],[-121.92532,36.52582]],[[-121.92742,36.52559],[-121.92742,36.52559]],[[-121.92546,36.52537],[-121.92546,36.52537]],[[-121.9256,36.52525],[-121.9256,36.52525]],[[-121.92574,36.52503],[-121.92574,36.52503]],[[-121.92588,36.52492],[-121.92588,36.52492]],[[-121.93388,36.52458],[-121.93388,36.52458]],[[-121.92602,36.52469],[-121.92602,36.52469]],[[-121.92616,36.52458],[-121.92616,36.52458]],[[-121.95481,36.52441],[-121.95461,36.52435],[-121.95481,36.52441]],[[-121.93346,36.52435],[-121.93346,36.52435]],[[-121.9263,36.52446],[-121.9263,36.52446]],[[-121.94681,36.52429],[-121.94695,36.52413],[-121.94722,36.52413],[-121.94737,36.52367],[-121.94638,36.523],[-121.94582,36.52288],[-121.9454,36.52243],[-121.94442,36.52209],[-121.94428,36.52164],[-121.94456,36.5213],[-121.94456,36.52094],[-121.94329,36.52074],[-121.94231,36.52097],[-121.94245,36.52164],[-121.94315,36.52135],[-121.94386,36.52148],[-121.9441,36.52176],[-121.94424,36.52243],[-121.94651,36.52345],[-121.9461,36.52363],[-121.94608,36.52379],[-121.94681,36.52429]],[[-121.92644,36.52424],[-121.92644,36.52424]],[[-121.94863,36.52404],[-121.94898,36.52379],[-121.94863,36.52367],[-121.94795,36.52401],[-121.94863,36.52404]],[[-121.92658,36.52413],[-121.92658,36.52413]],[[-121.94779,36.52394],[-121.94779,36.52394]],[[-121.94695,36.52401],[-121.94709,36.5239],[-121.94695,36.52379],[-121.94681,36.5239],[-121.94695,36.52401]],[[-121.95397,36.52379],[-121.95381,36.52367],[-121.95397,36.52379]],[[-121.94821,36.5239],[-121.94821,36.5239]],[[-121.94751,36.52382],[-121.94751,36.52382]],[[-121.92672,36.5239],[-121.92672,36.5239]],[[-121.95355,36.52371],[-121.95355,36.52345],[-121.95339,36.52334],[-121.95341,36.52371],[-121.95355,36.52371]],[[-121.95256,36.52374],[-121.952,36.52322],[-121.95175,36.52322],[-121.952,36.52362],[-121.95256,36.52374]],[[-121.94849,36.52379],[-121.94849,36.52379]],[[-121.93332,36.52379],[-121.93332,36.52379]],[[-121.92686,36.52379],[-121.92686,36.52379]],[[-121.95397,36.52367],[-121.95397,36.52367]],[[-121.94863,36.52367],[-121.94863,36.52367]],[[-121.93473,36.52356],[-121.93473,36.52356]],[[-121.93346,36.52367],[-121.93346,36.52367]],[[-121.93065,36.52367],[-121.93065,36.52367]],[[-121.95481,36.52346],[-121.95491,36.52345],[-121.95472,36.52311],[-121.95509,36.52288],[-121.95523,36.52308],[-121.95537,36.52296],[-121.95523,36.52256],[-121.95509,36.52256],[-121.95495,36.52288],[-121.95397,36.52277],[-121.95481,36.52346]],[[-121.95467,36.52345],[-121.95467,36.52345]],[[-121.93459,36.52345],[-121.93459,36.52345]],[[-121.93388,36.52356],[-121.93388,36.52356]],[[-121.93192,36.52356],[-121.93192,36.52356]],[[-121.93122,36.52356],[-121.93122,36.52356]],[[-121.93009,36.52356],[-121.93009,36.52356]],[[-121.927,36.52356],[-121.927,36.52356]],[[-121.95453,36.52334],[-121.95453,36.52334]],[[-121.93417,36.52334],[-121.93417,36.52334]],[[-121.9322,36.52345],[-121.9322,36.52345]],[[-121.92714,36.52345],[-121.92714,36.52345]],[[-121.95439,36.52322],[-121.95439,36.52322]],[[-121.93754,36.52322],[-121.9374,36.52334],[-121.9379,36.52288],[-121.93754,36.52288],[-121.93768,36.52311],[-121.93754,36.52322]],[[-121.93388,36.52322],[-121.93388,36.52322]],[[-121.92728,36.52334],[-121.92728,36.52334]],[[-121.95425,36.52311],[-121.95425,36.52311]],[[-121.95158,36.5232],[-121.95169,36.52311],[-121.95032,36.52198],[-121.95032,36.52176],[-121.95004,36.52176],[-121.94975,36.52153],[-121.94961,36.52119],[-121.94947,36.5213],[-121.94961,36.52142],[-121.94961,36.52266],[-121.94919,36.52277],[-121.94863,36.52266],[-121.94835,36.5224],[-121.94863,36.52288],[-121.94905,36.52318],[-121.9499,36.52276],[-121.95032,36.52236],[-121.9513,36.52317],[-121.95158,36.5232]],[[-121.94891,36.52311],[-121.94891,36.52311]],[[-121.93374,36.52311],[-121.93374,36.52311]],[[-121.92742,36.52322],[-121.92742,36.52322]],[[-121.95411,36.523],[-121.95411,36.523]],[[-121.94877,36.523],[-121.94877,36.523]],[[-121.94119,36.52304],[-121.94231,36.52176],[-121.94161,36.52164],[-121.94129,36.52176],[-121.94133,36.52209],[-121.94105,36.52221],[-121.94049,36.52187],[-121.94063,36.52153],[-121.93992,36.52119],[-121.94006,36.52074],[-121.94077,36.51995],[-121.94077,36.51961],[-121.94063,36.5195],[-121.94006,36.51916],[-121.93922,36.51893],[-121.93838,36.51893],[-121.93782,36.51905],[-121.9374,36.51936],[-121.93726,36.51961],[-121.9374,36.51984],[-121.93726,36.51995],[-121.93711,36.51984],[-121.93683,36.51995],[-121.93711,36.52029],[-121.93754,36.5204],[-121.93782,36.52085],[-121.93782,36.5213],[-121.93726,36.52142],[-121.93697,36.52108],[-121.93666,36.52108],[-121.93641,36.5213],[-121.93655,36.52164],[-121.93752,36.52176],[-121.93824,36.52126],[-121.93894,36.52156],[-121.93922,36.52201],[-121.93936,36.52201],[-121.93926,36.52153],[-121.9395,36.52125],[-121.93964,36.5213],[-121.94049,36.52309],[-121.94063,36.52309],[-121.94063,36.52277],[-121.94091,36.52255],[-121.94119,36.52266],[-121.94105,36.523],[-121.94119,36.52304]],[[-121.93754,36.523],[-121.93754,36.523]],[[-121.9336,36.523],[-121.9336,36.523]],[[-121.92756,36.52311],[-121.92756,36.52311]],[[-121.95397,36.52288],[-121.95397,36.52288]],[[-121.94863,36.52288],[-121.94863,36.52288]],[[-121.93571,36.523],[-121.93571,36.523]],[[-121.92785,36.523],[-121.92785,36.523]],[[-121.94105,36.52288],[-121.94105,36.52288]],[[-121.93754,36.52288],[-121.93754,36.52288]],[[-121.9336,36.52288],[-121.9336,36.52288]],[[-121.92799,36.52288],[-121.92799,36.52288]],[[-121.95397,36.52277],[-121.95397,36.52277]],[[-121.94849,36.52266],[-121.94849,36.52266]],[[-121.92827,36.52277],[-121.92827,36.52277]],[[-121.94835,36.52255],[-121.94835,36.52255]],[[-121.93374,36.52266],[-121.93374,36.52266]],[[-121.92869,36.52266],[-121.92869,36.52266]],[[-121.93388,36.52255],[-121.93388,36.52255]],[[-121.93402,36.52243],[-121.93402,36.52243]],[[-121.93768,36.52228],[-121.93768,36.52208],[-121.93753,36.52209],[-121.93768,36.52228]],[[-121.93754,36.52221],[-121.93754,36.52221]],[[-121.93417,36.52232],[-121.93417,36.52232]],[[-121.95481,36.52198],[-121.95439,36.52188],[-121.95397,36.52142],[-121.95411,36.52126],[-121.95442,36.5213],[-121.95481,36.52175],[-121.95481,36.52198]],[[-121.93711,36.52176],[-121.93711,36.52176]],[[-121.93655,36.52164],[-121.93655,36.52164]],[[-121.94161,36.52164],[-121.94161,36.52164]],[[-121.94273,36.52153],[-121.94273,36.52153]],[[-121.94231,36.52142],[-121.94231,36.52142]],[[-121.93978,36.52142],[-121.93978,36.52142]],[[-121.93641,36.52142],[-121.93641,36.52142]],[[-121.95397,36.52142],[-121.95397,36.52142]],[[-121.94947,36.5213],[-121.94947,36.5213]],[[-121.93641,36.5213],[-121.93641,36.5213]],[[-121.94231,36.52097],[-121.94231,36.52097]],[[-121.94245,36.52085],[-121.94245,36.52085]],[[-121.93768,36.52074],[-121.93768,36.52074]],[[-121.94329,36.52074],[-121.94329,36.52074]],[[-121.95664,36.51872],[-121.95609,36.5186],[-121.95593,36.51911],[-121.95503,36.51939],[-121.95482,36.52018],[-121.95467,36.52025],[-121.95327,36.51992],[-121.95256,36.51996],[-121.95241,36.52006],[-121.9527,36.52042],[-121.95184,36.52051],[-121.95186,36.52006],[-121.9513,36.51963],[-121.95186,36.51893],[-121.95256,36.51905],[-121.95341,36.51972],[-121.95383,36.51972],[-121.95453,36.51939],[-121.95437,36.51916],[-121.95467,36.51882],[-121.95425,36.51792],[-121.95369,36.51747],[-121.95327,36.51747],[-121.95298,36.51769],[-121.95298,36.51806],[-121.95253,36.51814],[-121.95242,36.51792],[-121.9527,36.51814],[-121.95284,36.51792],[-121.95256,36.51781],[-121.95242,36.51792],[-121.95228,36.51747],[-121.95242,36.51713],[-121.95313,36.51705],[-121.95397,36.51742],[-121.95481,36.51691],[-121.95483,36.51668],[-121.95509,36.51649],[-121.95636,36.51673],[-121.95664,36.51697]],[[-121.93754,36.52051],[-121.93754,36.52051]],[[-121.93711,36.52029],[-121.93711,36.52029]],[[-121.93697,36.52018],[-121.93697,36.52018]],[[-121.93683,36.52006],[-121.93683,36.52006]],[[-121.93683,36.51995],[-121.93683,36.51995]],[[-121.93697,36.51984],[-121.93697,36.51984]],[[-121.93726,36.51961],[-121.93726,36.51961]],[[-121.95397,36.51961],[-121.95397,36.51961]],[[-121.95327,36.51961],[-121.95327,36.51961]],[[-121.9513,36.51961],[-121.9513,36.51961]],[[-121.95411,36.5195],[-121.95411,36.5195]],[[-121.95298,36.5195],[-121.95298,36.5195]],[[-121.93726,36.5195],[-121.93726,36.5195]],[[-121.95284,36.51939],[-121.95284,36.51939]],[[-121.95144,36.51939],[-121.95144,36.51939]],[[-121.95158,36.51927],[-121.95158,36.51927]],[[-121.9527,36.51916],[-121.9527,36.51916]],[[-121.93768,36.51916],[-121.93768,36.51916]],[[-121.95453,36.51905],[-121.95453,36.51905]],[[-121.95256,36.51905],[-121.95256,36.51905]],[[-121.95172,36.51905],[-121.95172,36.51905]],[[-121.93782,36.51905],[-121.93782,36.51905]],[[-121.95228,36.51893],[-121.95228,36.51893]],[[-121.95186,36.51893],[-121.95186,36.51893]],[[-121.93838,36.51893],[-121.93838,36.51893]],[[-121.95537,36.5186],[-121.95551,36.51848],[-121.95537,36.51826],[-121.95523,36.51848],[-121.95537,36.5186]],[[-121.95607,36.51803],[-121.95622,36.51792],[-121.95622,36.51735],[-121.95579,36.51702],[-121.95565,36.51713],[-121.95565,36.51758],[-121.95607,36.51803]],[[-121.95256,36.51803],[-121.95256,36.51803]],[[-121.95593,36.51792],[-121.95593,36.51792]],[[-121.95664,36.51769],[-121.9565,36.51758],[-121.95664,36.51747]],[[-121.95579,36.51769],[-121.95579,36.51769]],[[-121.95228,36.51735],[-121.95228,36.51735]],[[-121.95242,36.51713],[-121.95242,36.51713]],[[-121.94259,36.50697],[-121.94343,36.50765],[-121.94442,36.50731],[-121.94484,36.50776],[-121.94501,36.50765],[-121.9447,36.50799],[-121.94372,36.50794],[-121.94303,36.50867],[-121.94343,36.51035],[-121.94409,36.51137],[-121.9447,36.51191],[-121.94554,36.5118],[-121.9472,36.5125],[-121.94759,36.51318],[-121.94849,36.51394],[-121.94877,36.51367],[-121.94905,36.51376],[-121.94931,36.51408],[-121.94921,36.51453],[-121.94933,36.51463],[-121.94975,36.51423],[-121.94995,36.51431],[-121.95047,36.51521],[-121.9502,36.51566],[-121.9504,36.51589],[-121.95074,36.51597],[-121.9513,36.51567],[-121.95199,36.51645],[-121.95144,36.51657],[-121.9513,36.51645],[-121.95144,36.51623],[-121.9513,36.51611],[-121.95074,36.51657],[-121.95046,36.51702],[-121.9499,36.51702],[-121.95004,36.51634],[-121.94961,36.516],[-121.94961,36.51566],[-121.94933,36.51544],[-121.94891,36.51557],[-121.94877,36.51521],[-121.94821,36.51487],[-121.94807,36.51397],[-121.94765,36.51376],[-121.94737,36.51341],[-121.94705,36.51352],[-121.94666,36.51318],[-121.9461,36.51307],[-121.94579,36.51318],[-121.9454,36.51273],[-121.94498,36.51273],[-121.94456,36.51307],[-121.94428,36.51295],[-121.944,36.51307],[-121.94386,36.51284],[-121.944,36.51259],[-121.94442,36.51284],[-121.9447,36.51273],[-121.9447,36.5125],[-121.94414,36.51205],[-121.94315,36.51171],[-121.94228,36.51183],[-121.94245,36.5116],[-121.94228,36.51104],[-121.94245,36.51092],[-121.94231,36.51081],[-121.94217,36.51095],[-121.94217,36.5107],[-121.94189,36.51036],[-121.94259,36.51002],[-121.94273,36.50968],[-121.94217,36.50921],[-121.94273,36.509],[-121.94231,36.50844],[-121.94203,36.50833],[-121.9413,36.50844],[-121.94091,36.50808],[-121.94175,36.50799],[-121.94203,36.5081],[-121.94231,36.50774],[-121.94287,36.50821],[-121.94315,36.50821],[-121.94343,36.50788],[-121.94273,36.50742],[-121.94245,36.50697]],[[-121.95228,36.51668],[-121.95214,36.51666],[-121.95228,36.51668]],[[-121.95144,36.51657],[-121.95144,36.51657]],[[-121.9499,36.51668],[-121.9499,36.51668]],[[-121.9513,36.51645],[-121.9513,36.51645]],[[-121.95664,36.51593],[-121.95607,36.51538],[-121.95571,36.51532],[-121.95572,36.51555],[-121.95622,36.51613],[-121.95636,36.51626],[-121.95664,36.51618]],[[-121.95116,36.51566],[-121.95116,36.51566]],[[-121.94428,36.51273],[-121.94428,36.51273]],[[-121.94386,36.51273],[-121.94386,36.51273]],[[-121.94414,36.51262],[-121.94414,36.51262]],[[-121.94231,36.51171],[-121.94231,36.51171]],[[-121.94189,36.51036],[-121.94189,36.51036]],[[-121.94259,36.50979],[-121.94259,36.50979]],[[-121.94287,36.509],[-121.94301,36.50889],[-121.94287,36.50878],[-121.94273,36.50889],[-121.94287,36.509]],[[-121.94273,36.50889],[-121.94287,36.50878],[-121.94273,36.50867],[-121.94259,36.50878],[-121.94273,36.50889]],[[-121.94315,36.50844],[-121.94315,36.50844]],[[-121.94329,36.5081],[-121.94329,36.5081]],[[-121.94273,36.5081],[-121.94273,36.5081]],[[-121.94259,36.50799],[-121.94259,36.50799]],[[-121.94217,36.50799],[-121.94217,36.50799]],[[-121.94175,36.50799],[-121.94175,36.50799]],[[-121.94161,36.50799],[-121.94161,36.50799]],[[-121.94105,36.50799],[-121.94105,36.50799]],[[-121.94245,36.50776],[-121.94245,36.50776]],[[-121.94498,36.50765],[-121.94498,36.50765]],[[-121.94386,36.50754],[-121.94386,36.50754]],[[-121.94414,36.50742],[-121.94414,36.50742]],[[-121.94442,36.50731],[-121.94442,36.50731]],[[-121.94484,36.50697],[-121.94512,36.50712],[-121.94514,36.50697]]]},"properties":{"depth_m":9}},{"type":"Feature","geometry":{"type":"MultiLineString","coordinates":[[[-121.9556,36.56103],[-121.95461,36.56058],[-121.95397,36.55997],[-121.95355,36.55994],[-121.95302,36.55945],[-121.95214,36.55921],[-121.9513,36.55979],[-121.95073,36.5599],[-121.95053,36.56035],[-121.95058,36.56069],[-121.9503,36.56103]],[[-121.95467,36.56103],[-121.95421,36.56091],[-121.95383,36.56058],[-121.95337,36.5608],[-121.95298,36.56035],[-121.95186,36.56058],[-121.95144,36.56103]],[[-121.94573,36.56103],[-121.94498,36.56041],[-121.94435,36.56103]],[[-121.94188,36.56103],[-121.94159,36.56024],[-121.9403,36.56001],[-121.93894,36.55929],[-121.93864,36.55933],[-121.93862,36.5599],[-121.93824,36.55998],[-121.93726,36.55877],[-121.93744,36.55832],[-121.93703,36.5573],[-121.9369,36.55629],[-121.93699,36.55584],[-121.93686,36.55561],[-121.93724,36.55516],[-121.93664,36.55459],[-121.93674,36.55392],[-121.93726,36.55323],[-121.93697,36.55306],[-121.93655,36.55321],[-121.93637,36.55347],[-121.9365,36.55392],[-121.93571,36.55438],[-121.93504,36.55358],[-121.93477,36.55222],[-121.93529,36.55136],[-121.93531,36.55087],[-121.93543,36.55076],[-121.93599,36.55096],[-121.9365,36.55053],[-121.9368,36.54997],[-121.9367,36.5494],[-121.93641,36.54923],[-121.93571,36.54951],[-121.93417,36.54853],[-121.93374,36.548],[-121.93372,36.54771],[-121.9339,36.54771],[-121.93417,36.54805],[-121.93433,36.54794],[-121.9343,36.54749],[-121.9335,36.54681],[-121.93388,36.5467],[-121.93399,36.54636],[-121.93431,36.54627],[-121.93481,36.54681],[-121.93489,36.54715],[-121.93551,36.54749],[-121.93544,36.54703],[-121.93507,36.54681],[-121.93515,36.54667],[-121.93642,36.54636],[-121.93599,36.54602],[-121.93631,36.54568],[-121.93676,36.54557],[-121.93625,36.54512],[-121.93679,36.545],[-121.93671,36.54455],[-121.93692,36.54421],[-121.93632,36.54354],[-121.93626,36.5432],[-121.93655,36.54309],[-121.93697,36.5432],[-121.93698,36.54297],[-121.93655,36.54276],[-121.93547,36.54173],[-121.93496,36.54071],[-121.93517,36.54038],[-121.9344,36.53981],[-121.93462,36.53936],[-121.93442,36.53913],[-121.93473,36.53832],[-121.93425,36.53812],[-121.9338,36.53767],[-121.93318,36.53765],[-121.93276,36.53744],[-121.93178,36.53767],[-121.93094,36.53688],[-121.9306,36.53609],[-121.93039,36.53462],[-121.92989,36.53349],[-121.92901,36.53236],[-121.92841,36.53125],[-121.92749,36.53067],[-121.92728,36.52898],[-121.92703,36.52864],[-121.92698,36.52819],[-121.92661,36.52785],[-121.92672,36.52737],[-121.92728,36.52695],[-121.9271,36.52638],[-121.92799,36.52496],[-121.92981,36.52447],[-121.9315,36.52446],[-121.93206,36.52426],[-121.93318,36.52428],[-121.93402,36.52469],[-121.93473,36.52467],[-121.93557,36.5238],[-121.93585,36.5238],[-121.93655,36.52421],[-121.93697,36.52422],[-121.93749,36.5239],[-121.93766,36.52345],[-121.9374,36.52334],[-121.93683,36.52379],[-121.93655,36.52353],[-121.93627,36.52356],[-121.93571,36.523],[-121.93543,36.52322],[-121.93529,36.52297],[-121.93487,36.52288],[-121.93473,36.52277],[-121.93487,36.52266],[-121.93477,36.52232],[-121.93417,36.52232],[-121.93374,36.52266],[-121.9336,36.523],[-121.93487,36.52367],[-121.93473,36.52401],[-121.93445,36.52401],[-121.93388,36.52356],[-121.93346,36.52367],[-121.93318,36.52401],[-121.93304,36.5239],[-121.93304,36.52345],[-121.9329,36.52342],[-121.93248,36.52356],[-121.9322,36.52345],[-121.93178,36.52367],[-121.9315,36.52353],[-121.93079,36.52364],[-121.93051,36.5239],[-121.93009,36.52356],[-121.92995,36.52367],[-121.92981,36.52356],[-121.92953,36.52277],[-121.92869,36.52266],[-121.92799,36.52288],[-121.927,36.52356],[-121.92546,36.52537],[-121.92532,36.52672],[-121.92588,36.52729],[-121.92588,36.52785],[-121.9263,36.52808],[-121.92602,36.52909],[-121.92574,36.52929],[-121.92574,36.52999],[-121.9263,36.5309],[-121.927,36.53146],[-121.927,36.53248],[-121.92813,36.53327],[-121.92837,36.53417],[-121.92855,36.53428],[-121.92841,36.53439],[-121.92841,36.53507],[-121.92855,36.53518],[-121.92855,36.53597],[-121.92869,36.53609],[-121.92883,36.53733],[-121.92981,36.53868],[-121.93079,36.53947],[-121.93136,36.53947],[-121.93178,36.53902],[-121.9322,36.53913],[-121.93248,36.53891],[-121.9329,36.53936],[-121.9329,36.5397],[-121.93346,36.54015],[-121.93318,36.54038],[-121.9336,36.5406],[-121.93346,36.54083],[-121.93445,36.54117],[-121.93431,36.54139],[-121.93342,36.54128],[-121.93314,36.54162],[-121.93332,36.54173],[-121.93346,36.54252],[-121.93374,36.54275],[-121.93356,36.54297],[-121.93374,36.54297],[-121.93402,36.5432],[-121.93402,36.54346],[-121.93431,36.54354],[-121.93417,36.54376],[-121.93431,36.54387],[-121.93374,36.54418],[-121.93388,36.54466],[-121.93346,36.54478],[-121.93304,36.54463],[-121.93304,36.54478],[-121.93276,36.54489],[-121.93234,36.54466],[-121.93164,36.54534],[-121.93122,36.54523],[-121.93037,36.54591],[-121.92981,36.54681],[-121.92967,36.54839],[-121.92981,36.5485],[-121.93009,36.5511],[-121.93037,36.55155],[-121.93065,36.55324],[-121.93108,36.55437],[-121.93108,36.55505],[-121.9322,36.55742],[-121.93276,36.55933],[-121.93417,36.5608],[-121.93487,36.5608],[-121.93515,36.56103],[-121.93557,36.56091],[-121.93571,36.56103]],[[-121.94091,36.56103],[-121.94105,36.5608],[-121.94077,36.56058],[-121.93992,36.56103]],[[-121.93894,36.56103],[-121.93964,36.5608],[-121.93978,36.56103]],[[-121.93501,36.56091],[-121.93501,36.56091]],[[-121.93417,36.5608],[-121.93417,36.5608]],[[-121.93402,36.56069],[-121.93402,36.56069]],[[-121.93388,36.56058],[-121.93388,36.56058]],[[-121.93374,36.56035],[-121.93374,36.56035]],[[-121.9336,36.56012],[-121.9336,36.56012]],[[-121.93346,36.56001],[-121.93346,36.56001]],[[-121.93332,36.5599],[-121.93332,36.5599]],[[-121.93318,36.55979],[-121.93318,36.55979]],[[-121.95102,36.55979],[-121.95102,36.55979]],[[-121.93304,36.55967],[-121.93304,36.55967]],[[-121.95046,36.55953],[-121.9506,36.55933],[-121.95047,36.55888],[-121.95018,36.55875],[-121.94991,36.55911],[-121.94994,36.55933],[-121.95018,36.55955],[-121.95046,36.55953]],[[-121.9329,36.55945],[-121.9329,36.55945]],[[-121.93276,36.55933],[-121.93276,36.55933]],[[-121.93262,36.559],[-121.93262,36.559]],[[-121.93248,36.55854],[-121.93248,36.55854]],[[-121.93234,36.55821],[-121.93234,36.55821]],[[-121.9322,36.55775],[-121.9322,36.55775]],[[-121.93206,36.5573],[-121.93206,36.5573]],[[-121.93192,36.55696],[-121.93192,36.55696]],[[-121.93178,36.55663],[-121.93178,36.55663]],[[-121.93164,36.5564],[-121.93164,36.5564]],[[-121.9315,36.55606],[-121.9315,36.55606]],[[-121.93136,36.55572],[-121.93136,36.55572]],[[-121.93122,36.55538],[-121.93122,36.55538]],[[-121.93108,36.55505],[-121.93108,36.55505]],[[-121.93094,36.55426],[-121.93094,36.55426]],[[-121.93079,36.5538],[-121.93079,36.5538]],[[-121.93065,36.55324],[-121.93065,36.55324]],[[-121.93051,36.55256],[-121.93051,36.55256]],[[-121.93037,36.552],[-121.93037,36.552]],[[-121.93023,36.55143],[-121.93023,36.55143]],[[-121.93627,36.55128],[-121.93627,36.55117],[-121.93627,36.55128]],[[-121.93009,36.5511],[-121.93009,36.5511]],[[-121.93529,36.55098],[-121.93529,36.55098]],[[-121.9336,36.5505],[-121.9336,36.55014],[-121.93346,36.55014],[-121.93344,36.55042],[-121.9336,36.5505]],[[-121.92995,36.55031],[-121.92995,36.55031]],[[-121.93459,36.55014],[-121.93494,36.54997],[-121.93468,36.54963],[-121.93404,36.54974],[-121.93431,36.5501],[-121.93459,36.55014]],[[-121.92981,36.5494],[-121.92981,36.5494]],[[-121.92967,36.54839],[-121.92967,36.54839]],[[-121.92967,36.54737],[-121.92967,36.54737]],[[-121.92981,36.54681],[-121.92981,36.54681]],[[-121.92995,36.54658],[-121.92995,36.54658]],[[-121.9336,36.54638],[-121.93371,36.54624],[-121.93338,36.54624],[-121.9336,36.54638]],[[-121.93009,36.54636],[-121.93009,36.54636]],[[-121.93023,36.54613],[-121.93023,36.54613]],[[-121.93037,36.54591],[-121.93037,36.54591]],[[-121.93051,36.54579],[-121.93051,36.54579]],[[-121.93065,36.54568],[-121.93065,36.54568]],[[-121.93079,36.54557],[-121.93079,36.54557]],[[-121.93094,36.54545],[-121.93094,36.54545]],[[-121.93108,36.54534],[-121.93108,36.54534]],[[-121.93178,36.54523],[-121.93178,36.54523]],[[-121.93122,36.54523],[-121.93122,36.54523]],[[-121.93192,36.545],[-121.93192,36.545]],[[-121.93206,36.54489],[-121.93206,36.54489]],[[-121.9322,36.54478],[-121.9322,36.54478]],[[-121.93234,36.54466],[-121.93234,36.54466]],[[-121.93374,36.54421],[-121.93374,36.54421]],[[-121.93402,36.5441],[-121.93402,36.5441]],[[-121.93726,36.5439],[-121.93708,36.54387],[-121.93726,36.5439]],[[-121.93417,36.54399],[-121.93417,36.54399]],[[-121.93417,36.54376],[-121.93417,36.54376]],[[-121.93417,36.54365],[-121.93417,36.54365]],[[-121.93445,36.54354],[-121.93473,36.54331],[-121.93431,36.54308],[-121.93417,36.54331],[-121.93445,36.54354]],[[-121.93459,36.54342],[-121.93459,36.54342]],[[-121.93431,36.54342],[-121.93431,36.54342]],[[-121.93388,36.54308],[-121.93388,36.54308]],[[-121.9336,36.54263],[-121.9336,36.54263]],[[-121.93346,36.54252],[-121.93346,36.54252]],[[-121.93332,36.54218],[-121.93332,36.54218]],[[-121.93318,36.5415],[-121.93318,36.5415]],[[-121.93402,36.54105],[-121.93402,36.54105]],[[-121.9336,36.54094],[-121.9336,36.54094]],[[-121.93346,36.54083],[-121.93346,36.54083]],[[-121.93346,36.54071],[-121.93346,36.54071]],[[-121.93445,36.54049],[-121.93459,36.54038],[-121.93445,36.54026],[-121.93431,36.54038],[-121.93445,36.54049]],[[-121.93318,36.54038],[-121.9329,36.54034],[-121.93318,36.54038]],[[-121.93332,36.54026],[-121.93332,36.54026]],[[-121.93304,36.54026],[-121.93304,36.54026]],[[-121.93304,36.53981],[-121.93304,36.53981]],[[-121.9329,36.5397],[-121.9329,36.5397]],[[-121.93079,36.53947],[-121.93079,36.53947]],[[-121.93051,36.53936],[-121.93051,36.53936]],[[-121.93276,36.53925],[-121.93276,36.53925]],[[-121.93037,36.53925],[-121.93037,36.53925]],[[-121.93262,36.53913],[-121.93262,36.53913]],[[-121.93206,36.53913],[-121.93206,36.53913]],[[-121.93023,36.53913],[-121.93023,36.53913]],[[-121.93009,36.53891],[-121.93009,36.53891]],[[-121.92995,36.5388],[-121.92995,36.5388]],[[-121.92981,36.53868],[-121.92981,36.53868]],[[-121.92967,36.53846],[-121.92967,36.53846]],[[-121.92953,36.53823],[-121.92953,36.53823]],[[-121.92939,36.53812],[-121.92939,36.53812]],[[-121.92925,36.53789],[-121.92925,36.53789]],[[-121.92911,36.53767],[-121.92911,36.53767]],[[-121.92897,36.53755],[-121.92897,36.53755]],[[-121.92883,36.53733],[-121.92883,36.53733]],[[-121.92869,36.53688],[-121.92869,36.53688]],[[-121.92855,36.53597],[-121.92855,36.53597]],[[-121.92841,36.53507],[-121.92841,36.53507]],[[-121.92841,36.53439],[-121.92841,36.53439]],[[-121.92827,36.53383],[-121.92827,36.53383]],[[-121.92813,36.53349],[-121.92813,36.53349]],[[-121.92799,36.53315],[-121.92799,36.53315]],[[-121.92742,36.53282],[-121.92742,36.53282]],[[-121.92714,36.53259],[-121.92714,36.53259]],[[-121.927,36.53248],[-121.927,36.53248]],[[-121.92686,36.53135],[-121.92686,36.53135]],[[-121.92672,36.53124],[-121.92672,36.53124]],[[-121.92658,36.53112],[-121.92658,36.53112]],[[-121.92644,36.53101],[-121.92644,36.53101]],[[-121.9263,36.5309],[-121.9263,36.5309]],[[-121.92616,36.53067],[-121.92616,36.53067]],[[-121.92602,36.53056],[-121.92602,36.53056]],[[-121.92588,36.53033],[-121.92588,36.53033]],[[-121.92574,36.52999],[-121.92574,36.52999]],[[-121.92602,36.52875],[-121.92602,36.52875]],[[-121.92616,36.5283],[-121.92616,36.5283]],[[-121.92602,36.52796],[-121.92602,36.52796]],[[-121.92588,36.52785],[-121.92588,36.52785]],[[-121.92574,36.52717],[-121.92574,36.52717]],[[-121.9256,36.52695],[-121.9256,36.52695]],[[-121.92546,36.52683],[-121.92546,36.52683]],[[-121.92532,36.52672],[-121.92532,36.52672]],[[-121.92532,36.52582],[-121.92532,36.52582]],[[-121.92546,36.52537],[-121.92546,36.52537]],[[-121.9256,36.52525],[-121.9256,36.52525]],[[-121.92574,36.52503],[-121.92574,36.52503]],[[-121.92588,36.52492],[-121.92588,36.52492]],[[-121.92602,36.52469],[-121.92602,36.52469]],[[-121.95481,36.52447],[-121.95481,36.52432],[-121.95456,36.52435],[-121.95481,36.52447]],[[-121.93374,36.52458],[-121.93374,36.52458]],[[-121.92925,36.52458],[-121.92925,36.52458]],[[-121.92616,36.52458],[-121.92616,36.52458]],[[-121.94737,36.5244],[-121.94754,36.52424],[-121.94734,36.5239],[-121.94763,36.52379],[-121.94638,36.523],[-121.94582,36.52288],[-121.9454,36.52243],[-121.94442,36.52209],[-121.94428,36.52164],[-121.94456,36.5213],[-121.94456,36.52093],[-121.94414,36.52097],[-121.94343,36.52074],[-121.94245,36.52085],[-121.94231,36.52108],[-121.94245,36.52164],[-121.94129,36.52176],[-121.94133,36.52209],[-121.94105,36.52221],[-121.94049,36.52187],[-121.94063,36.52153],[-121.93992,36.52119],[-121.93992,36.52097],[-121.94063,36.52018],[-121.9408,36.51972],[-121.94006,36.51916],[-121.93922,36.51893],[-121.93782,36.51905],[-121.93726,36.5195],[-121.9374,36.51984],[-121.93683,36.51995],[-121.93711,36.52029],[-121.93754,36.5204],[-121.93782,36.52085],[-121.93782,36.5213],[-121.93726,36.52142],[-121.93697,36.52108],[-121.93666,36.52108],[-121.93641,36.5213],[-121.93655,36.52164],[-121.93758,36.52187],[-121.93824,36.52138],[-121.93936,36.52212],[-121.93934,36.52153],[-121.93964,36.52145],[-121.94048,36.52311],[-121.94063,36.52312],[-121.94063,36.52277],[-121.94091,36.52255],[-121.94119,36.52266],[-121.94105,36.523],[-121.94119,36.5231],[-121.94217,36.52199],[-121.94287,36.5215],[-121.94344,36.52142],[-121.944,36.5217],[-121.94422,36.52243],[-121.94442,36.5226],[-121.9462,36.52334],[-121.94602,36.52379],[-121.94624,36.52402],[-121.94681,36.52433],[-121.94709,36.52413],[-121.94737,36.5244]],[[-121.9263,36.52446],[-121.9263,36.52446]],[[-121.92644,36.52424],[-121.92644,36.52424]],[[-121.94863,36.52407],[-121.94901,36.52379],[-121.94863,36.52367],[-121.94835,36.5239],[-121.94781,36.52401],[-121.94863,36.52407]],[[-121.92658,36.52413],[-121.92658,36.52413]],[[-121.94779,36.524],[-121.94787,36.5239],[-121.94767,36.5239],[-121.94779,36.524]],[[-121.94695,36.52401],[-121.94709,36.5239],[-121.94695,36.52379],[-121.94681,36.5239],[-121.94695,36.52401]],[[-121.95397,36.52382],[-121.95397,36.52367],[-121.95371,36.52367],[-121.95397,36.52382]],[[-121.95355,36.52379],[-121.95367,36.52367],[-121.95338,36.52334],[-121.95341,36.52379],[-121.95355,36.52379]],[[-121.95341,36.52379],[-121.95341,36.52379]],[[-121.94821,36.5239],[-121.94821,36.5239]],[[-121.92672,36.5239],[-121.92672,36.5239]],[[-121.95256,36.52378],[-121.952,36.52322],[-121.95102,36.52266],[-121.95088,36.52232],[-121.95032,36.52198],[-121.95032,36.52176],[-121.95004,36.52176],[-121.94975,36.52153],[-121.94961,36.52119],[-121.94947,36.5213],[-121.94961,36.52142],[-121.94961,36.52266],[-121.94919,36.52277],[-121.94863,36.52266],[-121.94835,36.5224],[-121.94905,36.52326],[-121.9499,36.52283],[-121.95032,36.52243],[-121.9513,36.5232],[-121.95172,36.52324],[-121.952,36.52364],[-121.95256,36.52378]],[[-121.94849,36.52379],[-121.94849,36.52379]],[[-121.93332,36.52379],[-121.93332,36.52379]],[[-121.92686,36.52379],[-121.92686,36.52379]],[[-121.94863,36.52367],[-121.94863,36.52367]],[[-121.93473,36.52356],[-121.93473,36.52356]],[[-121.93346,36.52367],[-121.93346,36.52367]],[[-121.93065,36.52367],[-121.93065,36.52367]],[[-121.95523,36.52347],[-121.95538,36.52334],[-121.95525,36.52311],[-121.95543,36.52288],[-121.9553,36.52243],[-121.95495,36.52288],[-121.95396,36.52277],[-121.95467,36.52345],[-121.95523,36.52347]],[[-121.95467,36.52345],[-121.95467,36.52345]],[[-121.9461,36.52356],[-121.9461,36.52356]],[[-121.93459,36.52345],[-121.93459,36.52345]],[[-121.93388,36.52356],[-121.93388,36.52356]],[[-121.93192,36.52356],[-121.93192,36.52356]],[[-121.93122,36.52356],[-121.93122,36.52356]],[[-121.93009,36.52356],[-121.93009,36.52356]],[[-121.927,36.52356],[-121.927,36.52356]],[[-121.95453,36.52334],[-121.95453,36.52334]],[[-121.93417,36.52334],[-121.93417,36.52334]],[[-121.9322,36.52345],[-121.9322,36.52345]],[[-121.92714,36.52345],[-121.92714,36.52345]],[[-121.95495,36.52329],[-121.95523,36.523],[-121.95509,36.52288],[-121.95482,36.52311],[-121.95495,36.52329]],[[-121.95439,36.52322],[-121.95439,36.52322]],[[-121.93754,36.52322],[-121.9374,36.52334],[-121.93794,36.52288],[-121.93754,36.52288],[-121.93768,36.52311],[-121.93754,36.52322]],[[-121.93388,36.52322],[-121.93388,36.52322]],[[-121.92728,36.52334],[-121.92728,36.52334]],[[-121.95425,36.52311],[-121.95425,36.52311]],[[-121.94891,36.52311],[-121.94891,36.52311]],[[-121.93374,36.52311],[-121.93374,36.52311]],[[-121.92742,36.52322],[-121.92742,36.52322]],[[-121.95509,36.52311],[-121.95509,36.52311]],[[-121.95411,36.523],[-121.95411,36.523]],[[-121.94877,36.523],[-121.94877,36.523]],[[-121.93754,36.523],[-121.93754,36.523]],[[-121.9336,36.523],[-121.9336,36.523]],[[-121.92756,36.52311],[-121.92756,36.52311]],[[-121.95397,36.52288],[-121.95397,36.52288]],[[-121.94863,36.52288],[-121.94863,36.52288]],[[-121.93571,36.523],[-121.93571,36.523]],[[-121.92785,36.523],[-121.92785,36.523]],[[-121.94105,36.52288],[-121.94105,36.52288]],[[-121.93754,36.52288],[-121.93754,36.52288]],[[-121.9336,36.52288],[-121.9336,36.52288]],[[-121.92799,36.52288],[-121.92799,36.52288]],[[-121.94849,36.52266],[-121.94849,36.52266]],[[-121.92827,36.52277],[-121.92827,36.52277]],[[-121.94835,36.52255],[-121.94835,36.52255]],[[-121.93374,36.52266],[-121.93374,36.52266]],[[-121.92869,36.52266],[-121.92869,36.52266]],[[-121.95509,36.52255],[-121.95509,36.52255]],[[-121.93388,36.52255],[-121.93388,36.52255]],[[-121.95032,36.52243],[-121.95032,36.52243]],[[-121.93768,36.52232],[-121.93768,36.52198],[-121.93752,36.52209],[-121.93768,36.52232]],[[-121.93402,36.52243],[-121.93402,36.52243]],[[-121.93754,36.52221],[-121.93754,36.52221]],[[-121.93417,36.52232],[-121.93417,36.52232]],[[-121.95481,36.522],[-121.95467,36.52147],[-121.95411,36.52125],[-121.95397,36.52144],[-121.95439,36.52189],[-121.95481,36.522]],[[-121.95467,36.52198],[-121.95467,36.52198]],[[-121.93908,36.52187],[-121.93908,36.52187]],[[-121.93768,36.52198],[-121.93768,36.52198]],[[-121.93754,36.52187],[-121.93754,36.52187]],[[-121.93711,36.52176],[-121.93711,36.52176]],[[-121.95425,36.52164],[-121.95425,36.52164]],[[-121.93655,36.52164],[-121.93655,36.52164]],[[-121.94161,36.52164],[-121.94161,36.52164]],[[-121.94231,36.52142],[-121.94231,36.52142]],[[-121.93641,36.52142],[-121.93641,36.52142]],[[-121.95397,36.52142],[-121.95397,36.52142]],[[-121.94947,36.5213],[-121.94947,36.5213]],[[-121.93641,36.5213],[-121.93641,36.5213]],[[-121.95551,36.52086],[-121.95566,36.52074],[-121.95537,36.52056],[-121.95528,36.52063],[-121.95551,36.52086]],[[-121.94231,36.52097],[-121.94231,36.52097]],[[-121.94245,36.52085],[-121.94245,36.52085]],[[-121.93768,36.52074],[-121.93768,36.52074]],[[-121.94329,36.52074],[-121.94329,36.52074]],[[-121.95664,36.51879],[-121.95622,36.51872],[-121.95608,36.51939],[-121.95593,36.51947],[-121.95519,36.51939],[-121.95499,36.51961],[-121.95487,36.52018],[-121.95453,36.52034],[-121.95313,36.52],[-121.95257,36.52018],[-121.95283,36.5204],[-121.9527,36.5205],[-121.95214,36.5204],[-121.95183,36.52051],[-121.95186,36.52006],[-121.9513,36.51963],[-121.95186,36.51893],[-121.95256,36.51905],[-121.95341,36.51972],[-121.95439,36.5195],[-121.95453,36.51939],[-121.95437,36.51916],[-121.95467,36.51882],[-121.95425,36.51792],[-121.95369,36.51747],[-121.95327,36.51747],[-121.95298,36.51769],[-121.95298,36.51806],[-121.95253,36.51814],[-121.95242,36.51792],[-121.9527,36.51814],[-121.95284,36.51792],[-121.95256,36.51781],[-121.95242,36.51792],[-121.95228,36.51735],[-121.95256,36.51701],[-121.95313,36.517],[-121.95369,36.5173],[-121.95397,36.51728],[-121.95472,36.5169],[-121.95463,36.51645],[-121.95481,36.51632],[-121.95523,36.51649],[-121.95622,36.51654],[-121.95633,36.51634],[-121.95568,36.51555],[-121.95555,36.5151],[-121.95664,36.51576]],[[-121.93754,36.52051],[-121.93754,36.52051]],[[-121.95425,36.52029],[-121.95425,36.52029]],[[-121.93711,36.52029],[-121.93711,36.52029]],[[-121.93697,36.52018],[-121.93697,36.52018]],[[-121.93683,36.52006],[-121.93683,36.52006]],[[-121.9527,36.52006],[-121.9527,36.52006]],[[-121.93683,36.51995],[-121.93683,36.51995]],[[-121.93697,36.51984],[-121.93697,36.51984]],[[-121.93726,36.51961],[-121.93726,36.51961]],[[-121.95397,36.51961],[-121.95397,36.51961]],[[-121.95327,36.51961],[-121.95327,36.51961]],[[-121.9513,36.51961],[-121.9513,36.51961]],[[-121.95411,36.5195],[-121.95411,36.5195]],[[-121.95298,36.5195],[-121.95298,36.5195]],[[-121.93726,36.5195],[-121.93726,36.5195]],[[-121.95284,36.51939],[-121.95284,36.51939]],[[-121.95144,36.51939],[-121.95144,36.51939]],[[-121.95158,36.51927],[-121.95158,36.51927]],[[-121.9527,36.51916],[-121.9527,36.51916]],[[-121.93768,36.51916],[-121.93768,36.51916]],[[-121.95453,36.51905],[-121.95453,36.51905]],[[-121.95256,36.51905],[-121.95256,36.51905]],[[-121.95172,36.51905],[-121.95172,36.51905]],[[-121.93782,36.51905],[-121.93782,36.51905]],[[-121.95228,36.51893],[-121.95228,36.51893]],[[-121.95186,36.51893],[-121.95186,36.51893]],[[-121.93838,36.51893],[-121.93838,36.51893]],[[-121.95537,36.5186],[-121.95551,36.51848],[-121.95537,36.51826],[-121.95523,36.51848],[-121.95537,36.5186]],[[-121.95607,36.51803],[-121.95622,36.51792],[-121.95622,36.51735],[-121.95579,36.51702],[-121.95565,36.51713],[-121.95565,36.51758],[-121.95607,36.51803]],[[-121.95256,36.51803],[-121.95256,36.51803]],[[-121.95593,36.51792],[-121.95593,36.51792]],[[-121.95664,36.51769],[-121.9565,36.51758],[-121.95664,36.51747]],[[-121.95579,36.51769],[-121.95579,36.51769]],[[-121.95228,36.51735],[-121.95228,36.51735]],[[-121.95242,36.51713],[-121.95242,36.51713]],[[-121.94259,36.50697],[-121.94343,36.50765],[-121.94442,36.50731],[-121.94484,36.50776],[-121.94506,36.50765],[-121.9447,36.50802],[-121.94372,36.50798],[-121.94306,36.50867],[-121.94358,36.51037],[-121.94428,36.51142],[-121.9447,36.51177],[-121.94582,36.5115],[-121.94601,36.51194],[-121.94638,36.51199],[-121.94743,36.51262],[-121.94766,36.51318],[-121.94835,36.5136],[-121.94849,36.51386],[-121.94891,36.51361],[-121.94947,36.51433],[-121.94975,36.51413],[-121.94991,36.5142],[-121.95051,36.51521],[-121.95028,36.51555],[-121.95046,36.51579],[-121.95074,36.51588],[-121.9513,36.51564],[-121.95236,36.51668],[-121.95186,36.51645],[-121.95144,36.51657],[-121.9513,36.51645],[-121.95144,36.51623],[-121.9513,36.51611],[-121.95074,36.51657],[-121.95046,36.51702],[-121.9499,36.51702],[-121.95004,36.51634],[-121.94961,36.516],[-121.94961,36.51566],[-121.94933,36.51544],[-121.94891,36.51558],[-121.94877,36.51521],[-121.94821,36.51487],[-121.94807,36.51397],[-121.94765,36.51377],[-121.94737,36.51341],[-121.94705,36.51352],[-121.94666,36.51318],[-121.9461,36.51307],[-121.94578,36.51318],[-121.9454,36.51273],[-121.94498,36.51273],[-121.94456,36.51307],[-121.94428,36.51295],[-121.944,36.51307],[-121.94386,36.51284],[-121.944,36.51258],[-121.94442,36.51284],[-121.9447,36.51273],[-121.9447,36.5125],[-121.94414,36.51205],[-121.94315,36.51171],[-121.94227,36.51183],[-121.94245,36.5116],[-121.94227,36.51104],[-121.94245,36.51092],[-121.94231,36.51081],[-121.94217,36.51095],[-121.94217,36.5107],[-121.94189,36.51036],[-121.94259,36.51002],[-121.94273,36.50968],[-121.94231,36.50946],[-121.94217,36.5092],[-121.94273,36.509],[-121.94231,36.50844],[-121.94203,36.50833],[-121.94129,36.50844],[-121.94091,36.50807],[-121.94175,36.50799],[-121.94203,36.5081],[-121.94231,36.50774],[-121.94287,36.50821],[-121.94315,36.50821],[-121.94343,36.50788],[-121.94273,36.50742],[-121.94245,36.50697]],[[-121.95664,36.51691],[-121.95641,36.51657],[-121.95664,36.51639]],[[-121.95214,36.51668],[-121.95214,36.51668]],[[-121.952,36.51657],[-121.952,36.51657]],[[-121.95144,36.51657],[-121.95144,36.51657]],[[-121.9499,36.51668],[-121.9499,36.51668]],[[-121.9513,36.51645],[-121.9513,36.51645]],[[-121.94428,36.51273],[-121.94428,36.51273]],[[-121.94386,36.51273],[-121.94386,36.51273]],[[-121.94793,36.51254],[-121.94796,36.51239],[-121.94768,36.51228],[-121.94773,36.5125],[-121.94793,36.51254]],[[-121.94414,36.51262],[-121.94414,36.51262]],[[-121.94231,36.51171],[-121.94231,36.51171]],[[-121.94189,36.51036],[-121.94189,36.51036]],[[-121.94259,36.50979],[-121.94259,36.50979]],[[-121.94526,36.50948],[-121.94527,36.50934],[-121.94511,36.50934],[-121.94526,36.50948]],[[-121.94287,36.509],[-121.94301,36.50889],[-121.94287,36.50878],[-121.94273,36.50889],[-121.94287,36.509]],[[-121.94273,36.50889],[-121.94287,36.50878],[-121.94273,36.50867],[-121.94259,36.50878],[-121.94273,36.50889]],[[-121.94329,36.5081],[-121.94329,36.5081]],[[-121.94273,36.5081],[-121.94273,36.5081]],[[-121.94259,36.50799],[-121.94259,36.50799]],[[-121.94217,36.50799],[-121.94217,36.50799]],[[-121.94175,36.50799],[-121.94175,36.50799]],[[-121.94161,36.50799],[-121.94161,36.50799]],[[-121.94105,36.50799],[-121.94105,36.50799]],[[-121.94245,36.50776],[-121.94245,36.50776]],[[-121.94498,36.50765],[-121.94498,36.50765]],[[-121.94386,36.50754],[-121.94386,36.50754]],[[-121.94414,36.50742],[-121.94414,36.50742]],[[-121.94442,36.50731],[-121.94442,36.50731]],[[-121.94484,36.50697],[-121.94512,36.50717],[-121.94518,36.50697]]]},"properties":{"depth_m":10}},{"type":"Feature","geometry":{"type":"MultiLineString","coordinates":[[[-121.9556,36.56103],[-121.95461,36.56058],[-121.95397,36.55997],[-121.95355,36.55994],[-121.95302,36.55945],[-121.95214,36.55921],[-121.9513,36.55979],[-121.95073,36.5599],[-121.95053,36.56035],[-121.95058,36.56069],[-121.9503,36.56103]],[[-121.95467,36.56103],[-121.95421,36.56091],[-121.95383,36.56058],[-121.95337,36.5608],[-121.95298,36.56035],[-121.95186,36.56058],[-121.95144,36.56103]],[[-121.94573,36.56103],[-121.94498,36.56041],[-121.94435,36.56103]],[[-121.94188,36.56103],[-121.94159,36.56024],[-121.9403,36.56001],[-121.93894,36.55929],[-121.93864,36.55933],[-121.93862,36.5599],[-121.93824,36.55998],[-121.93726,36.55877],[-121.93744,36.55832],[-121.93703,36.5573],[-121.9369,36.55629],[-121.93699,36.55584],[-121.93686,36.55561],[-121.93724,36.55516],[-121.93664,36.55459],[-121.93674,36.55392],[-121.93726,36.55323],[-121.93697,36.55306],[-121.93655,36.55321],[-121.93637,36.55347],[-121.9365,36.55392],[-121.93571,36.55438],[-121.93504,36.55358],[-121.93477,36.55222],[-121.93529,36.55136],[-121.93531,36.55087],[-121.93543,36.55076],[-121.93599,36.55096],[-121.9365,36.55053],[-121.9368,36.54997],[-121.9367,36.5494],[-121.93641,36.54923],[-121.93571,36.54951],[-121.93417,36.54853],[-121.93374,36.548],[-121.93372,36.54771],[-121.9339,36.54771],[-121.93417,36.54805],[-121.93433,36.54794],[-121.9343,36.54749],[-121.9335,36.54681],[-121.93388,36.5467],[-121.93399,36.54636],[-121.93431,36.54627],[-121.93481,36.54681],[-121.93489,36.54715],[-121.93551,36.54749],[-121.93544,36.54703],[-121.93507,36.54681],[-121.93515,36.54667],[-121.93642,36.54636],[-121.93599,36.54602],[-121.93631,36.54568],[-121.93676,36.54557],[-121.93625,36.54512],[-121.93679,36.545],[-121.93671,36.54455],[-121.93692,36.54421],[-121.93632,36.54354],[-121.93626,36.5432],[-121.93655,36.54309],[-121.93697,36.5432],[-121.93698,36.54297],[-121.93655,36.54276],[-121.93547,36.54173],[-121.93496,36.54071],[-121.93517,36.54038],[-121.9344,36.53981],[-121.93462,36.53936],[-121.93442,36.53913],[-121.93473,36.53832],[-121.93425,36.53812],[-121.9338,36.53767],[-121.93318,36.53765],[-121.93276,36.53744],[-121.93178,36.53767],[-121.93094,36.53688],[-121.9306,36.53609],[-121.93039,36.53462],[-121.92989,36.53349],[-121.92901,36.53236],[-121.92841,36.53125],[-121.92749,36.53067],[-121.92728,36.52898],[-121.92703,36.52864],[-121.92698,36.52819],[-121.92661,36.52785],[-121.92672,36.52737],[-121.92728,36.52695],[-121.9271,36.52638],[-121.92799,36.52496],[-121.92981,36.52447],[-121.9315,36.52446],[-121.93206,36.52426],[-121.93318,36.52428],[-121.93402,36.52469],[-121.93473,36.52467],[-121.93557,36.5238],[-121.93585,36.5238],[-121.93655,36.52421],[-121.93697,36.52422],[-121.93749,36.5239],[-121.93766,36.52345],[-121.9374,36.52334],[-121.93683,36.52379],[-121.93655,36.52353],[-121.93627,36.52356],[-121.93571,36.523],[-121.93543,36.52322],[-121.93529,36.52297],[-121.93487,36.52288],[-121.93473,36.52277],[-121.93487,36.52266],[-121.93477,36.52232],[-121.93417,36.52232],[-121.93374,36.52266],[-121.9336,36.523],[-121.93487,36.52367],[-121.93473,36.52401],[-121.93445,36.52401],[-121.93388,36.52356],[-121.93346,36.52367],[-121.93318,36.52401],[-121.93304,36.5239],[-121.93304,36.52345],[-121.9329,36.52342],[-121.93248,36.52356],[-121.9322,36.52345],[-121.93178,36.52367],[-121.9315,36.52353],[-121.93079,36.52364],[-121.93051,36.5239],[-121.93009,36.52356],[-121.92995,36.52367],[-121.92981,36.52356],[-121.92953,36.52277],[-121.92869,36.52266],[-121.92799,36.52288],[-121.927,36.52356],[-121.92546,36.52537],[-121.92532,36.52672],[-121.92588,36.52729],[-121.92588,36.52785],[-121.9263,36.52808],[-121.92602,36.52909],[-121.92574,36.52929],[-121.92574,36.52999],[-121.9263,36.5309],[-121.927,36.53146],[-121.927,36.53248],[-121.92813,36.53327],[-121.92837,36.53417],[-121.92855,36.53428],[-121.92841,36.53439],[-121.92841,36.53507],[-121.92855,36.53518],[-121.92855,36.53597],[-121.92869,36.53609],[-121.92883,36.53733],[-121.92981,36.53868],[-121.93079,36.53947],[-121.93136,36.53947],[-121.93178,36.53902],[-121.9322,36.53913],[-121.93248,36.53891],[-121.9329,36.53936],[-121.9329,36.5397],[-121.93346,36.54015],[-121.93318,36.54038],[-121.9336,36.5406],[-121.93346,36.54083],[-121.93445,36.54117],[-121.93431,36.54139],[-121.93342,36.54128],[-121.93314,36.54162],[-121.93332,36.54173],[-121.93346,36.54252],[-121.93374,36.54275],[-121.93356,36.54297],[-121.93374,36.54297],[-121.93402,36.5432],[-121.93402,36.54346],[-121.93431,36.54354],[-121.93417,36.54376],[-121.93431,36.54387],[-121.93374,36.54418],[-121.93388,36.54466],[-121.93346,36.54478],[-121.93304,36.54463],[-121.93304,36.54478],[-121.93276,36.54489],[-121.93234,36.54466],[-121.93164,36.54534],[-121.93122,36.54523],[-121.93037,36.54591],[-121.92981,36.54681],[-121.92967,36.54839],[-121.92981,36.5485],[-121.93009,36.5511],[-121.93037,36.55155],[-121.93065,36.55324],[-121.93108,36.55437],[-121.93108,36.55505],[-121.9322,36.55742],[-121.93276,36.55933],[-121.93417,36.5608],[-121.93487,36.5608],[-121.93515,36.56103],[-121.93557,36.56091],[-121.93571,36.56103]],[[-121.94091,36.56103],[-121.94105,36.5608],[-121.94077,36.56058],[-121.93992,36.56103]],[[-121.93894,36.56103],[-121.93964,36.5608],[-121.93978,36.56103]],[[-121.93501,36.56091],[-121.93501,36.56091]],[[-121.93417,36.5608],[-121.93417,36.5608]],[[-121.93402,36.56069],[-121.93402,36.56069]],[[-121.93388,36.56058],[-121.93388,36.56058]],[[-121.93374,36.56035],[-121.93374,36.56035]],[[-121.9336,36.56012],[-121.9336,36.56012]],[[-121.93346,36.56001],[-121.93346,36.56001]],[[-121.93332,36.5599],[-121.93332,36.5599]],[[-121.93318,36.55979],[-121.93318,36.55979]],[[-121.95102,36.55979],[-121.95102,36.55979]],[[-121.93304,36.55967],[-121.93304,36.55967]],[[-121.95046,36.55953],[-121.9506,36.55933],[-121.95047,36.55888],[-121.95018,36.55875],[-121.94991,36.55911],[-121.94994,36.55933],[-121.95018,36.55955],[-121.95046,36.55953]],[[-121.9329,36.55945],[-121.9329,36.55945]],[[-121.93276,36.55933],[-121.93276,36.55933]],[[-121.93262,36.559],[-121.93262,36.559]],[[-121.93248,36.55854],[-121.93248,36.55854]],[[-121.93234,36.55821],[-121.93234,36.55821]],[[-121.9322,36.55775],[-121.9322,36.55775]],[[-121.93206,36.5573],[-121.93206,36.5573]],[[-121.93192,36.55696],[-121.93192,36.55696]],[[-121.93178,36.55663],[-121.93178,36.55663]],[[-121.93164,36.5564],[-121.93164,36.5564]],[[-121.9315,36.55606],[-121.9315,36.55606]],[[-121.93136,36.55572],[-121.93136,36.55572]],[[-121.93122,36.55538],[-121.93122,36.55538]],[[-121.93108,36.55505],[-121.93108,36.55505]],[[-121.93094,36.55426],[-121.93094,36.55426]],[[-121.93079,36.5538],[-121.93079,36.5538]],[[-121.93065,36.55324],[-121.93065,36.55324]],[[-121.93051,36.55256],[-121.93051,36.55256]],[[-121.93037,36.552],[-121.93037,36.552]],[[-121.93023,36.55143],[-121.93023,36.55143]],[[-121.93627,36.55128],[-121.93627,36.55117],[-121.93627,36.55128]],[[-121.93009,36.5511],[-121.93009,36.5511]],[[-121.93529,36.55098],[-121.93529,36.55098]],[[-121.9336,36.5505],[-121.9336,36.55014],[-121.93346,36.55014],[-121.93344,36.55042],[-121.9336,36.5505]],[[-121.92995,36.55031],[-121.92995,36.55031]],[[-121.93459,36.55014],[-121.93494,36.54997],[-121.93468,36.54963],[-121.93404,36.54974],[-121.93431,36.5501],[-121.93459,36.55014]],[[-121.92981,36.5494],[-121.92981,36.5494]],[[-121.92967,36.54839],[-121.92967,36.54839]],[[-121.92967,36.54737],[-121.92967,36.54737]],[[-121.92981,36.54681],[-121.92981,36.54681]],[[-121.92995,36.54658],[-121.92995,36.54658]],[[-121.9336,36.54638],[-121.93371,36.54624],[-121.93338,36.54624],[-121.9336,36.54638]],[[-121.93009,36.54636],[-121.93009,36.54636]],[[-121.93023,36.54613],[-121.93023,36.54613]],[[-121.93037,36.54591],[-121.93037,36.54591]],[[-121.93051,36.54579],[-121.93051,36.54579]],[[-121.93065,36.54568],[-121.93065,36.54568]],[[-121.93079,36.54557],[-121.93079,36.54557]],[[-121.93094,36.54545],[-121.93094,36.54545]],[[-121.93108,36.54534],[-121.93108,36.54534]],[[-121.93178,36.54523],[-121.93178,36.54523]],[[-121.93122,36.54523],[-121.93122,36.54523]],[[-121.93192,36.545],[-121.93192,36.545]],[[-121.93206,36.54489],[-121.93206,36.54489]],[[-121.9322,36.54478],[-121.9322,36.54478]],[[-121.93234,36.54466],[-121.93234,36.54466]],[[-121.93374,36.54421],[-121.93374,36.54421]],[[-121.93402,36.5441],[-121.93402,36.5441]],[[-121.93726,36.5439],[-121.93708,36.54387],[-121.93726,36.5439]],[[-121.93417,36.54399],[-121.93417,36.54399]],[[-121.93417,36.54376],[-121.93417,36.54376]],[[-121.93417,36.54365],[-121.93417,36.54365]],[[-121.93445,36.54354],[-121.93473,36.54331],[-121.93431,36.54308],[-121.93417,36.54331],[-121.93445,36.54354]],[[-121.93459,36.54342],[-121.93459,36.54342]],[[-121.93431,36.54342],[-121.93431,36.54342]],[[-121.93388,36.54308],[-121.93388,36.54308]],[[-121.9336,36.54263],[-121.9336,36.54263]],[[-121.93346,36.54252],[-121.93346,36.54252]],[[-121.93332,36.54218],[-121.93332,36.54218]],[[-121.93318,36.5415],[-121.93318,36.5415]],[[-121.93402,36.54105],[-121.93402,36.54105]],[[-121.9336,36.54094],[-121.9336,36.54094]],[[-121.93346,36.54083],[-121.93346,36.54083]],[[-121.93346,36.54071],[-121.93346,36.54071]],[[-121.93445,36.54049],[-121.93459,36.54038],[-121.93445,36.54026],[-121.93431,36.54038],[-121.93445,36.54049]],[[-121.93318,36.54038],[-121.9329,36.54034],[-121.93318,36.54038]],[[-121.93332,36.54026],[-121.93332,36.54026]],[[-121.93304,36.54026],[-121.93304,36.54026]],[[-121.93304,36.53981],[-121.93304,36.53981]],[[-121.9329,36.5397],[-121.9329,36.5397]],[[-121.93079,36.53947],[-121.93079,36.53947]],[[-121.93051,36.53936],[-121.93051,36.53936]],[[-121.93276,36.53925],[-121.93276,36.53925]],[[-121.93037,36.53925],[-121.93037,36.53925]],[[-121.93262,36.53913],[-121.93262,36.53913]],[[-121.93206,36.53913],[-121.93206,36.53913]],[[-121.93023,36.53913],[-121.93023,36.53913]],[[-121.93009,36.53891],[-121.93009,36.53891]],[[-121.92995,36.5388],[-121.92995,36.5388]],[[-121.92981,36.53868],[-121.92981,36.53868]],[[-121.92967,36.53846],[-121.92967,36.53846]],[[-121.92953,36.53823],[-121.92953,36.53823]],[[-121.92939,36.53812],[-121.92939,36.53812]],[[-121.92925,36.53789],[-121.92925,36.53789]],[[-121.92911,36.53767],[-121.92911,36.53767]],[[-121.92897,36.53755],[-121.92897,36.53755]],[[-121.92883,36.53733],[-121.92883,36.53733]],[[-121.92869,36.53688],[-121.92869,36.53688]],[[-121.92855,36.53597],[-121.92855,36.53597]],[[-121.92841,36.53507],[-121.92841,36.53507]],[[-121.92841,36.53439],[-121.92841,36.53439]],[[-121.92827,36.53383],[-121.92827,36.53383]],[[-121.92813,36.53349],[-121.92813,36.53349]],[[-121.92799,36.53315],[-121.92799,36.53315]],[[-121.92742,36.53282],[-121.92742,36.53282]],[[-121.92714,36.53259],[-121.92714,36.53259]],[[-121.927,36.53248],[-121.927,36.53248]],[[-121.92686,36.53135],[-121.92686,36.53135]],[[-121.92672,36.53124],[-121.92672,36.53124]],[[-121.92658,36.53112],[-121.92658,36.53112]],[[-121.92644,36.53101],[-121.92644,36.53101]],[[-121.9263,36.5309],[-121.9263,36.5309]],[[-121.92616,36.53067],[-121.92616,36.53067]],[[-121.92602,36.53056],[-121.92602,36.53056]],[[-121.92588,36.53033],[-121.92588,36.53033]],[[-121.92574,36.52999],[-121.92574,36.52999]],[[-121.92602,36.52875],[-121.92602,36.52875]],[[-121.92616,36.5283],[-121.92616,36.5283]],[[-121.92602,36.52796],[-121.92602,36.52796]],[[-121.92588,36.52785],[-121.92588,36.52785]],[[-121.92574,36.52717],[-121.92574,36.52717]],[[-121.9256,36.52695],[-121.9256,36.52695]],[[-121.92546,36.52683],[-121.92546,36.52683]],[[-121.92532,36.52672],[-121.92532,36.52672]],[[-121.92532,36.52582],[-121.92532,36.52582]],[[-121.92546,36.52537],[-121.92546,36.52537]],[[-121.9256,36.52525],[-121.9256,36.52525]],[[-121.92574,36.52503],[-121.92574,36.52503]],[[-121.92588,36.52492],[-121.92588,36.52492]],[[-121.92602,36.52469],[-121.92602,36.52469]],[[-121.95481,36.52447],[-121.95481,36.52432],[-121.95456,36.52435],[-121.95481,36.52447]],[[-121.93374,36.52458],[-121.93374,36.52458]],[[-121.92925,36.52458],[-121.92925,36.52458]],[[-121.92616,36.52458],[-121.92616,36.52458]],[[-121.94737,36.5244],[-121.94754,36.52424],[-121.94734,36.5239],[-121.94763,36.52379],[-121.94638,36.523],[-121.94582,36.52288],[-121.9454,36.52243],[-121.94442,36.52209],[-121.94428,36.52164],[-121.94456,36.5213],[-121.94456,36.52093],[-121.94414,36.52097],[-121.94343,36.52074],[-121.94245,36.52085],[-121.94231,36.52108],[-121.94245,36.52164],[-121.94129,36.52176],[-121.94133,36.52209],[-121.94105,36.52221],[-121.94049,36.52187],[-121.94063,36.52153],[-121.93992,36.52119],[-121.93992,36.52097],[-121.94063,36.52018],[-121.9408,36.51972],[-121.94006,36.51916],[-121.93922,36.51893],[-121.93782,36.51905],[-121.93726,36.5195],[-121.9374,36.51984],[-121.93683,36.51995],[-121.93711,36.52029],[-121.93754,36.5204],[-121.93782,36.52085],[-121.93782,36.5213],[-121.93726,36.52142],[-121.93697,36.52108],[-121.93666,36.52108],[-121.93641,36.5213],[-121.93655,36.52164],[-121.93758,36.52187],[-121.93824,36.52138],[-121.93936,36.52212],[-121.93934,36.52153],[-121.93964,36.52145],[-121.94048,36.52311],[-121.94063,36.52312],[-121.94063,36.52277],[-121.94091,36.52255],[-121.94119,36.52266],[-121.94105,36.523],[-121.94119,36.5231],[-121.94217,36.52199],[-121.94287,36.5215],[-121.94344,36.52142],[-121.944,36.5217],[-121.94422,36.52243],[-121.94442,36.5226],[-121.9462,36.52334],[-121.94602,36.52379],[-121.94624,36.52402],[-121.94681,36.52433],[-121.94709,36.52413],[-121.94737,36.5244]],[[-121.9263,36.52446],[-121.9263,36.52446]],[[-121.92644,36.52424],[-121.92644,36.52424]],[[-121.94863,36.52407],[-121.94901,36.52379],[-121.94863,36.52367],[-121.94835,36.5239],[-121.94781,36.52401],[-121.94863,36.52407]],[[-121.92658,36.52413],[-121.92658,36.52413]],[[-121.94779,36.524],[-121.94787,36.5239],[-121.94767,36.5239],[-121.94779,36.524]],[[-121.94695,36.52401],[-121.94709,36.5239],[-121.94695,36.52379],[-121.94681,36.5239],[-121.94695,36.52401]],[[-121.95397,36.52382],[-121.95397,36.52367],[-121.95371,36.52367],[-121.95397,36.52382]],[[-121.95355,36.52379],[-121.95367,36.52367],[-121.95338,36.52334],[-121.95341,36.52379],[-121.95355,36.52379]],[[-121.95341,36.52379],[-121.95341,36.52379]],[[-121.94821,36.5239],[-121.94821,36.5239]],[[-121.92672,36.5239],[-121.92672,36.5239]],[[-121.95256,36.52378],[-121.952,36.52322],[-121.95102,36.52266],[-121.95088,36.52232],[-121.95032,36.52198],[-121.95032,36.52176],[-121.95004,36.52176],[-121.94975,36.52153],[-121.94961,36.52119],[-121.94947,36.5213],[-121.94961,36.52142],[-121.94961,36.52266],[-121.94919,36.52277],[-121.94863,36.52266],[-121.94835,36.5224],[-121.94905,36.52326],[-121.9499,36.52283],[-121.95032,36.52243],[-121.9513,36.5232],[-121.95172,36.52324],[-121.952,36.52364],[-121.95256,36.52378]],[[-121.94849,36.52379],[-121.94849,36.52379]],[[-121.93332,36.52379],[-121.93332,36.52379]],[[-121.92686,36.52379],[-121.92686,36.52379]],[[-121.94863,36.52367],[-121.94863,36.52367]],[[-121.93473,36.52356],[-121.93473,36.52356]],[[-121.93346,36.52367],[-121.93346,36.52367]],[[-121.93065,36.52367],[-121.93065,36.52367]],[[-121.95523,36.52347],[-121.95538,36.52334],[-121.95525,36.52311],[-121.95543,36.52288],[-121.9553,36.52243],[-121.95495,36.52288],[-121.95396,36.52277],[-121.95467,36.52345],[-121.95523,36.52347]],[[-121.95467,36.52345],[-121.95467,36.52345]],[[-121.9461,36.52356],[-121.9461,36.52356]],[[-121.93459,36.52345],[-121.93459,36.52345]],[[-121.93388,36.52356],[-121.93388,36.52356]],[[-121.93192,36.52356],[-121.93192,36.52356]],[[-121.93122,36.52356],[-121.93122,36.52356]],[[-121.93009,36.52356],[-121.93009,36.52356]],[[-121.927,36.52356],[-121.927,36.52356]],[[-121.95453,36.52334],[-121.95453,36.52334]],[[-121.93417,36.52334],[-121.93417,36.52334]],[[-121.9322,36.52345],[-121.9322,36.52345]],[[-121.92714,36.52345],[-121.92714,36.52345]],[[-121.95495,36.52329],[-121.95523,36.523],[-121.95509,36.52288],[-121.95482,36.52311],[-121.95495,36.52329]],[[-121.95439,36.52322],[-121.95439,36.52322]],[[-121.93754,36.52322],[-121.9374,36.52334],[-121.93794,36.52288],[-121.93754,36.52288],[-121.93768,36.52311],[-121.93754,36.52322]],[[-121.93388,36.52322],[-121.93388,36.52322]],[[-121.92728,36.52334],[-121.92728,36.52334]],[[-121.95425,36.52311],[-121.95425,36.52311]],[[-121.94891,36.52311],[-121.94891,36.52311]],[[-121.93374,36.52311],[-121.93374,36.52311]],[[-121.92742,36.52322],[-121.92742,36.52322]],[[-121.95509,36.52311],[-121.95509,36.52311]],[[-121.95411,36.523],[-121.95411,36.523]],[[-121.94877,36.523],[-121.94877,36.523]],[[-121.93754,36.523],[-121.93754,36.523]],[[-121.9336,36.523],[-121.9336,36.523]],[[-121.92756,36.52311],[-121.92756,36.52311]],[[-121.95397,36.52288],[-121.95397,36.52288]],[[-121.94863,36.52288],[-121.94863,36.52288]],[[-121.93571,36.523],[-121.93571,36.523]],[[-121.92785,36.523],[-121.92785,36.523]],[[-121.94105,36.52288],[-121.94105,36.52288]],[[-121.93754,36.52288],[-121.93754,36.52288]],[[-121.9336,36.52288],[-121.9336,36.52288]],[[-121.92799,36.52288],[-121.92799,36.52288]],[[-121.94849,36.52266],[-121.94849,36.52266]],[[-121.92827,36.52277],[-121.92827,36.52277]],[[-121.94835,36.52255],[-121.94835,36.52255]],[[-121.93374,36.52266],[-121.93374,36.52266]],[[-121.92869,36.52266],[-121.92869,36.52266]],[[-121.95509,36.52255],[-121.95509,36.52255]],[[-121.93388,36.52255],[-121.93388,36.52255]],[[-121.95032,36.52243],[-121.95032,36.52243]],[[-121.93768,36.52232],[-121.93768,36.52198],[-121.93752,36.52209],[-121.93768,36.52232]],[[-121.93402,36.52243],[-121.93402,36.52243]],[[-121.93754,36.52221],[-121.93754,36.52221]],[[-121.93417,36.52232],[-121.93417,36.52232]],[[-121.95481,36.522],[-121.95467,36.52147],[-121.95411,36.52125],[-121.95397,36.52144],[-121.95439,36.52189],[-121.95481,36.522]],[[-121.95467,36.52198],[-121.95467,36.52198]],[[-121.93908,36.52187],[-121.93908,36.52187]],[[-121.93768,36.52198],[-121.93768,36.52198]],[[-121.93754,36.52187],[-121.93754,36.52187]],[[-121.93711,36.52176],[-121.93711,36.52176]],[[-121.95425,36.52164],[-121.95425,36.52164]],[[-121.93655,36.52164],[-121.93655,36.52164]],[[-121.94161,36.52164],[-121.94161,36.52164]],[[-121.94231,36.52142],[-121.94231,36.52142]],[[-121.93641,36.52142],[-121.93641,36.52142]],[[-121.95397,36.52142],[-121.95397,36.52142]],[[-121.94947,36.5213],[-121.94947,36.5213]],[[-121.93641,36.5213],[-121.93641,36.5213]],[[-121.95551,36.52086],[-121.95566,36.52074],[-121.95537,36.52056],[-121.95528,36.52063],[-121.95551,36.52086]],[[-121.94231,36.52097],[-121.94231,36.52097]],[[-121.94245,36.52085],[-121.94245,36.52085]],[[-121.93768,36.52074],[-121.93768,36.52074]],[[-121.94329,36.52074],[-121.94329,36.52074]],[[-121.95664,36.51879],[-121.95622,36.51872],[-121.95608,36.51939],[-121.95593,36.51947],[-121.95519,36.51939],[-121.95499,36.51961],[-121.95487,36.52018],[-121.95453,36.52034],[-121.95313,36.52],[-121.95257,36.52018],[-121.95283,36.5204],[-121.9527,36.5205],[-121.95214,36.5204],[-121.95183,36.52051],[-121.95186,36.52006],[-121.9513,36.51963],[-121.95186,36.51893],[-121.95256,36.51905],[-121.95341,36.51972],[-121.95439,36.5195],[-121.95453,36.51939],[-121.95437,36.51916],[-121.95467,36.51882],[-121.95425,36.51792],[-121.95369,36.51747],[-121.95327,36.51747],[-121.95298,36.51769],[-121.95298,36.51806],[-121.95253,36.51814],[-121.95242,36.51792],[-121.9527,36.51814],[-121.95284,36.51792],[-121.95256,36.51781],[-121.95242,36.51792],[-121.95228,36.51735],[-121.95256,36.51701],[-121.95313,36.517],[-121.95369,36.5173],[-121.95397,36.51728],[-121.95472,36.5169],[-121.95463,36.51645],[-121.95481,36.51632],[-121.95523,36.51649],[-121.95622,36.51654],[-121.95633,36.51634],[-121.95568,36.51555],[-121.95555,36.5151],[-121.95664,36.51576]],[[-121.93754,36.52051],[-121.93754,36.52051]],[[-121.95425,36.52029],[-121.95425,36.52029]],[[-121.93711,36.52029],[-121.93711,36.52029]],[[-121.93697,36.52018],[-121.93697,36.52018]],[[-121.93683,36.52006],[-121.93683,36.52006]],[[-121.9527,36.52006],[-121.9527,36.52006]],[[-121.93683,36.51995],[-121.93683,36.51995]],[[-121.93697,36.51984],[-121.93697,36.51984]],[[-121.93726,36.51961],[-121.93726,36.51961]],[[-121.95397,36.51961],[-121.95397,36.51961]],[[-121.95327,36.51961],[-121.95327,36.51961]],[[-121.9513,36.51961],[-121.9513,36.51961]],[[-121.95411,36.5195],[-121.95411,36.5195]],[[-121.95298,36.5195],[-121.95298,36.5195]],[[-121.93726,36.5195],[-121.93726,36.5195]],[[-121.95284,36.51939],[-121.95284,36.51939]],[[-121.95144,36.51939],[-121.95144,36.51939]],[[-121.95158,36.51927],[-121.95158,36.51927]],[[-121.9527,36.51916],[-121.9527,36.51916]],[[-121.93768,36.51916],[-121.93768,36.51916]],[[-121.95453,36.51905],[-121.95453,36.51905]],[[-121.95256,36.51905],[-121.95256,36.51905]],[[-121.95172,36.51905],[-121.95172,36.51905]],[[-121.93782,36.51905],[-121.93782,36.51905]],[[-121.95228,36.51893],[-121.95228,36.51893]],[[-121.95186,36.51893],[-121.95186,36.51893]],[[-121.93838,36.51893],[-121.93838,36.51893]],[[-121.95537,36.5186],[-121.95551,36.51848],[-121.95537,36.51826],[-121.95523,36.51848],[-121.95537,36.5186]],[[-121.95607,36.51803],[-121.95622,36.51792],[-121.95622,36.51735],[-121.95579,36.51702],[-121.95565,36.51713],[-121.95565,36.51758],[-121.95607,36.51803]],[[-121.95256,36.51803],[-121.95256,36.51803]],[[-121.95593,36.51792],[-121.95593,36.51792]],[[-121.95664,36.51769],[-121.9565,36.51758],[-121.95664,36.51747]],[[-121.95579,36.51769],[-121.95579,36.51769]],[[-121.95228,36.51735],[-121.95228,36.51735]],[[-121.95242,36.51713],[-121.95242,36.51713]],[[-121.94259,36.50697],[-121.94343,36.50765],[-121.94442,36.50731],[-121.94484,36.50776],[-121.94506,36.50765],[-121.9447,36.50802],[-121.94372,36.50798],[-121.94306,36.50867],[-121.94358,36.51037],[-121.94428,36.51142],[-121.9447,36.51177],[-121.94582,36.5115],[-121.94601,36.51194],[-121.94638,36.51199],[-121.94743,36.51262],[-121.94766,36.51318],[-121.94835,36.5136],[-121.94849,36.51386],[-121.94891,36.51361],[-121.94947,36.51433],[-121.94975,36.51413],[-121.94991,36.5142],[-121.95051,36.51521],[-121.95028,36.51555],[-121.95046,36.51579],[-121.95074,36.51588],[-121.9513,36.51564],[-121.95236,36.51668],[-121.95186,36.51645],[-121.95144,36.51657],[-121.9513,36.51645],[-121.95144,36.51623],[-121.9513,36.51611],[-121.95074,36.51657],[-121.95046,36.51702],[-121.9499,36.51702],[-121.95004,36.51634],[-121.94961,36.516],[-121.94961,36.51566],[-121.94933,36.51544],[-121.94891,36.51558],[-121.94877,36.51521],[-121.94821,36.51487],[-121.94807,36.51397],[-121.94765,36.51377],[-121.94737,36.51341],[-121.94705,36.51352],[-121.94666,36.51318],[-121.9461,36.51307],[-121.94578,36.51318],[-121.9454,36.51273],[-121.94498,36.51273],[-121.94456,36.51307],[-121.94428,36.51295],[-121.944,36.51307],[-121.94386,36.51284],[-121.944,36.51258],[-121.94442,36.51284],[-121.9447,36.51273],[-121.9447,36.5125],[-121.94414,36.51205],[-121.94315,36.51171],[-121.94227,36.51183],[-121.94245,36.5116],[-121.94227,36.51104],[-121.94245,36.51092],[-121.94231,36.51081],[-121.94217,36.51095],[-121.94217,36.5107],[-121.94189,36.51036],[-121.94259,36.51002],[-121.94273,36.50968],[-121.94231,36.50946],[-121.94217,36.5092],[-121.94273,36.509],[-121.94231,36.50844],[-121.94203,36.50833],[-121.94129,36.50844],[-121.94091,36.50807],[-121.94175,36.50799],[-121.94203,36.5081],[-121.94231,36.50774],[-121.94287,36.50821],[-121.94315,36.50821],[-121.94343,36.50788],[-121.94273,36.50742],[-121.94245,36.50697]],[[-121.95664,36.51691],[-121.95641,36.51657],[-121.95664,36.51639]],[[-121.95214,36.51668],[-121.95214,36.51668]],[[-121.952,36.51657],[-121.952,36.51657]],[[-121.95144,36.51657],[-121.95144,36.51657]],[[-121.9499,36.51668],[-121.9499,36.51668]],[[-121.9513,36.51645],[-121.9513,36.51645]],[[-121.94428,36.51273],[-121.94428,36.51273]],[[-121.94386,36.51273],[-121.94386,36.51273]],[[-121.94793,36.51254],[-121.94796,36.51239],[-121.94768,36.51228],[-121.94773,36.5125],[-121.94793,36.51254]],[[-121.94414,36.51262],[-121.94414,36.51262]],[[-121.94231,36.51171],[-121.94231,36.51171]],[[-121.94189,36.51036],[-121.94189,36.51036]],[[-121.94259,36.50979],[-121.94259,36.50979]],[[-121.94526,36.50948],[-121.94527,36.50934],[-121.94511,36.50934],[-121.94526,36.50948]],[[-121.94287,36.509],[-121.94301,36.50889],[-121.94287,36.50878],[-121.94273,36.50889],[-121.94287,36.509]],[[-121.94273,36.50889],[-121.94287,36.50878],[-121.94273,36.50867],[-121.94259,36.50878],[-121.94273,36.50889]],[[-121.94329,36.5081],[-121.94329,36.5081]],[[-121.94273,36.5081],[-121.94273,36.5081]],[[-121.94259,36.50799],[-121.94259,36.50799]],[[-121.94217,36.50799],[-121.94217,36.50799]],[[-121.94175,36.50799],[-121.94175,36.50799]],[[-121.94161,36.50799],[-121.94161,36.50799]],[[-121.94105,36.50799],[-121.94105,36.50799]],[[-121.94245,36.50776],[-121.94245,36.50776]],[[-121.94498,36.50765],[-121.94498,36.50765]],[[-121.94386,36.50754],[-121.94386,36.50754]],[[-121.94414,36.50742],[-121.94414,36.50742]],[[-121.94442,36.50731],[-121.94442,36.50731]],[[-121.94484,36.50697],[-121.94512,36.50717],[-121.94518,36.50697]]]},"properties":{"depth_m":10}},{"type":"Feature","geometry":{"type":"MultiLineString","coordinates":[[[-121.95467,36.56103],[-121.95419,36.56091],[-121.95383,36.56058],[-121.95335,36.5608],[-121.95298,36.56035],[-121.95256,36.56035],[-121.95214,36.56062],[-121.95186,36.56058],[-121.95144,36.56103]],[[-121.9492,36.56103],[-121.94975,36.56087],[-121.95007,36.56058],[-121.94964,36.55922],[-121.94987,36.55877],[-121.95018,36.55856],[-121.95054,36.55877],[-121.95067,36.55911],[-121.95102,36.55939],[-121.95144,36.55904],[-121.95298,36.55866],[-121.95369,36.55902],[-121.95411,36.55895],[-121.95491,36.55956],[-121.95481,36.56012],[-121.95495,36.56024],[-121.95565,36.56029],[-121.95664,36.56086]],[[-121.94836,36.56103],[-121.94807,36.56067],[-121.94751,36.56096],[-121.94709,36.56096],[-121.94656,36.56069],[-121.94652,36.56034],[-121.94582,36.56057],[-121.94498,36.56023],[-121.94386,36.56051],[-121.94301,36.56032],[-121.94245,36.55956],[-121.94187,36.55922],[-121.94162,36.55832],[-121.93992,36.55663],[-121.93868,36.55459],[-121.93831,36.55369],[-121.93876,36.55324],[-121.93836,36.55245],[-121.93835,36.55211],[-121.93796,36.55166],[-121.93833,36.55132],[-121.93843,36.55098],[-121.93817,36.55065],[-121.93826,36.55019],[-121.93678,36.54873],[-121.93677,36.5485],[-121.93708,36.54816],[-121.9371,36.54771],[-121.93754,36.54754],[-121.93796,36.54703],[-121.93748,36.54636],[-121.93771,36.54579],[-121.93818,36.54568],[-121.93802,36.54545],[-121.93814,36.54512],[-121.9378,36.54421],[-121.93792,36.54399],[-121.93769,36.54365],[-121.93799,36.54342],[-121.93751,36.54297],[-121.93761,36.54252],[-121.93697,36.54213],[-121.93613,36.541],[-121.93543,36.54043],[-121.93543,36.54016],[-121.93584,36.54015],[-121.93513,36.53947],[-121.93544,36.53891],[-121.93503,36.53801],[-121.93374,36.53721],[-121.93304,36.53723],[-121.93215,36.53676],[-121.93164,36.53623],[-121.93111,36.53496],[-121.93072,36.53338],[-121.93031,36.53282],[-121.92898,36.5318],[-121.92886,36.53112],[-121.92815,36.53033],[-121.92747,36.52864],[-121.9275,36.52808],[-121.92731,36.52762],[-121.92779,36.52717],[-121.92744,36.5265],[-121.92799,36.52519],[-121.92911,36.52492],[-121.93023,36.52553],[-121.93065,36.52544],[-121.93122,36.52506],[-121.93346,36.52482],[-121.93388,36.52506],[-121.93585,36.52498],[-121.93613,36.5253],[-121.9364,36.52503],[-121.9361,36.52458],[-121.9374,36.52426],[-121.93838,36.52288],[-121.9381,36.52255],[-121.93782,36.52288],[-121.93754,36.52288],[-121.93782,36.52322],[-121.93754,36.52345],[-121.9374,36.52334],[-121.9372,36.52345],[-121.93711,36.52367],[-121.93683,36.52379],[-121.93655,36.52351],[-121.93627,36.52356],[-121.93571,36.523],[-121.93543,36.52322],[-121.93529,36.52295],[-121.93487,36.52288],[-121.93473,36.52277],[-121.93487,36.52266],[-121.93479,36.52232],[-121.93417,36.52232],[-121.93374,36.52266],[-121.9336,36.523],[-121.93388,36.52322],[-121.93445,36.52334],[-121.93487,36.52367],[-121.93487,36.5239],[-121.93445,36.52401],[-121.93388,36.52356],[-121.93346,36.52367],[-121.93318,36.52401],[-121.93304,36.5239],[-121.93304,36.52345],[-121.9329,36.5234],[-121.93248,36.52356],[-121.9322,36.52345],[-121.93178,36.52367],[-121.9315,36.52351],[-121.93079,36.52363],[-121.93051,36.5239],[-121.93009,36.52356],[-121.92995,36.52367],[-121.92981,36.52356],[-121.92953,36.52277],[-121.92869,36.52266],[-121.92799,36.52288],[-121.927,36.52356],[-121.92546,36.52537],[-121.92532,36.52672],[-121.92588,36.52729],[-121.92588,36.52785],[-121.9263,36.52808],[-121.92602,36.52909],[-121.92574,36.52927],[-121.92574,36.52999],[-121.9263,36.5309],[-121.927,36.53146],[-121.927,36.53248],[-121.92813,36.53327],[-121.92841,36.53394],[-121.92835,36.53417],[-121.92855,36.53428],[-121.92841,36.53439],[-121.92841,36.53507],[-121.92855,36.53518],[-121.92855,36.53597],[-121.92869,36.53609],[-121.92883,36.53733],[-121.92981,36.53868],[-121.93079,36.53947],[-121.93136,36.53947],[-121.93178,36.53902],[-121.9322,36.53913],[-121.93248,36.53891],[-121.9329,36.53936],[-121.9329,36.5397],[-121.93346,36.54015],[-121.93318,36.54038],[-121.9336,36.5406],[-121.93346,36.54083],[-121.93445,36.54117],[-121.93431,36.54139],[-121.9334,36.54128],[-121.93312,36.54162],[-121.93332,36.54173],[-121.93346,36.54252],[-121.93374,36.54275],[-121.93354,36.54297],[-121.93374,36.54297],[-121.93402,36.5432],[-121.93402,36.54347],[-121.93431,36.54354],[-121.93417,36.54376],[-121.93431,36.54387],[-121.93388,36.54421],[-121.93374,36.54416],[-121.93388,36.54466],[-121.93346,36.54478],[-121.93304,36.54462],[-121.93304,36.54478],[-121.93276,36.54489],[-121.93248,36.54462],[-121.93234,36.54466],[-121.93164,36.54534],[-121.93122,36.54523],[-121.93037,36.54591],[-121.92981,36.54681],[-121.92967,36.54839],[-121.92981,36.5485],[-121.93009,36.5511],[-121.93051,36.55211],[-121.93065,36.55324],[-121.93108,36.55437],[-121.93108,36.55505],[-121.9322,36.55742],[-121.93276,36.55933],[-121.93417,36.5608],[-121.93487,36.5608],[-121.93515,36.56103],[-121.93557,36.56091],[-121.93571,36.56103]],[[-121.94091,36.56103],[-121.94105,36.5608],[-121.94077,36.56058],[-121.93992,36.56103]],[[-121.93894,36.56103],[-121.9395,36.56096],[-121.93964,36.5608],[-121.93978,36.56103]],[[-121.93501,36.56091],[-121.93501,36.56091]],[[-121.93417,36.5608],[-121.93417,36.5608]],[[-121.93402,36.56069],[-121.93402,36.56069]],[[-121.93388,36.56058],[-121.93388,36.56058]],[[-121.93374,36.56035],[-121.93374,36.56035]],[[-121.95495,36.56024],[-121.95495,36.56024]],[[-121.9336,36.56012],[-121.9336,36.56012]],[[-121.95481,36.56012],[-121.95481,36.56012]],[[-121.93346,36.56001],[-121.93346,36.56001]],[[-121.93332,36.5599],[-121.93332,36.5599]],[[-121.93318,36.55979],[-121.93318,36.55979]],[[-121.93304,36.55967],[-121.93304,36.55967]],[[-121.9329,36.55945],[-121.9329,36.55945]],[[-121.93276,36.55933],[-121.93276,36.55933]],[[-121.93262,36.559],[-121.93262,36.559]],[[-121.95341,36.55888],[-121.95341,36.55888]],[[-121.95313,36.55866],[-121.95313,36.55866]],[[-121.95298,36.55866],[-121.95298,36.55866]],[[-121.93248,36.55854],[-121.93248,36.55854]],[[-121.93234,36.55821],[-121.93234,36.55821]],[[-121.9322,36.55775],[-121.9322,36.55775]],[[-121.93206,36.5573],[-121.93206,36.5573]],[[-121.93192,36.55696],[-121.93192,36.55696]],[[-121.93178,36.55663],[-121.93178,36.55663]],[[-121.93164,36.5564],[-121.93164,36.5564]],[[-121.9315,36.55606],[-121.9315,36.55606]],[[-121.93136,36.55572],[-121.93136,36.55572]],[[-121.93122,36.55538],[-121.93122,36.55538]],[[-121.93108,36.55505],[-121.93108,36.55505]],[[-121.93922,36.55458],[-121.93922,36.55428],[-121.93906,36.55448],[-121.93922,36.55458]],[[-121.93094,36.55426],[-121.93094,36.55426]],[[-121.93079,36.5538],[-121.93079,36.5538]],[[-121.93065,36.55324],[-121.93065,36.55324]],[[-121.93051,36.55256],[-121.93051,36.55256]],[[-121.93037,36.552],[-121.93037,36.552]],[[-121.93023,36.55143],[-121.93023,36.55143]],[[-121.93009,36.5511],[-121.93009,36.5511]],[[-121.92995,36.55031],[-121.92995,36.55031]],[[-121.92981,36.5494],[-121.92981,36.5494]],[[-121.92967,36.54839],[-121.92967,36.54839]],[[-121.92967,36.54737],[-121.92967,36.54737]],[[-121.92981,36.54681],[-121.92981,36.54681]],[[-121.92995,36.54658],[-121.92995,36.54658]],[[-121.93009,36.54636],[-121.93009,36.54636]],[[-121.93023,36.54613],[-121.93023,36.54613]],[[-121.93037,36.54591],[-121.93037,36.54591]],[[-121.93051,36.54579],[-121.93051,36.54579]],[[-121.93065,36.54568],[-121.93065,36.54568]],[[-121.93079,36.54557],[-121.93079,36.54557]],[[-121.93094,36.54545],[-121.93094,36.54545]],[[-121.93108,36.54534],[-121.93108,36.54534]],[[-121.93178,36.54523],[-121.93178,36.54523]],[[-121.93122,36.54523],[-121.93122,36.54523]],[[-121.93192,36.545],[-121.93192,36.545]],[[-121.93206,36.54489],[-121.93206,36.54489]],[[-121.9322,36.54478],[-121.9322,36.54478]],[[-121.93234,36.54466],[-121.93234,36.54466]],[[-121.93374,36.54421],[-121.93374,36.54421]],[[-121.93402,36.5441],[-121.93402,36.5441]],[[-121.93417,36.54399],[-121.93417,36.54399]],[[-121.93417,36.54376],[-121.93417,36.54376]],[[-121.93417,36.54365],[-121.93417,36.54365]],[[-121.93445,36.54354],[-121.93473,36.54331],[-121.93431,36.54308],[-121.93417,36.54331],[-121.93445,36.54354]],[[-121.93459,36.54342],[-121.93459,36.54342]],[[-121.93431,36.54342],[-121.93431,36.54342]],[[-121.93388,36.54308],[-121.93388,36.54308]],[[-121.9336,36.54263],[-121.9336,36.54263]],[[-121.93346,36.54252],[-121.93346,36.54252]],[[-121.93332,36.54218],[-121.93332,36.54218]],[[-121.93318,36.5415],[-121.93318,36.5415]],[[-121.93402,36.54105],[-121.93402,36.54105]],[[-121.9336,36.54094],[-121.9336,36.54094]],[[-121.93346,36.54083],[-121.93346,36.54083]],[[-121.93346,36.54071],[-121.93346,36.54071]],[[-121.93445,36.54049],[-121.93459,36.54038],[-121.93445,36.54026],[-121.93431,36.54038],[-121.93445,36.54049]],[[-121.93318,36.54038],[-121.9329,36.54033],[-121.93318,36.54038]],[[-121.93332,36.54026],[-121.93332,36.54026]],[[-121.93304,36.54026],[-121.93304,36.54026]],[[-121.93304,36.53981],[-121.93304,36.53981]],[[-121.9329,36.5397],[-121.9329,36.5397]],[[-121.93079,36.53947],[-121.93079,36.53947]],[[-121.93051,36.53936],[-121.93051,36.53936]],[[-121.93276,36.53925],[-121.93276,36.53925]],[[-121.93037,36.53925],[-121.93037,36.53925]],[[-121.93262,36.53913],[-121.93262,36.53913]],[[-121.93206,36.53913],[-121.93206,36.53913]],[[-121.93023,36.53913],[-121.93023,36.53913]],[[-121.93009,36.53891],[-121.93009,36.53891]],[[-121.92995,36.5388],[-121.92995,36.5388]],[[-121.92981,36.53868],[-121.92981,36.53868]],[[-121.92967,36.53846],[-121.92967,36.53846]],[[-121.92953,36.53823],[-121.92953,36.53823]],[[-121.92939,36.53812],[-121.92939,36.53812]],[[-121.92925,36.53789],[-121.92925,36.53789]],[[-121.92911,36.53767],[-121.92911,36.53767]],[[-121.92897,36.53755],[-121.92897,36.53755]],[[-121.92883,36.53733],[-121.92883,36.53733]],[[-121.92869,36.53688],[-121.92869,36.53688]],[[-121.92855,36.53597],[-121.92855,36.53597]],[[-121.92841,36.53507],[-121.92841,36.53507]],[[-121.92841,36.53439],[-121.92841,36.53439]],[[-121.92827,36.53383],[-121.92827,36.53383]],[[-121.92813,36.53349],[-121.92813,36.53349]],[[-121.92799,36.53315],[-121.92799,36.53315]],[[-121.92742,36.53282],[-121.92742,36.53282]],[[-121.92714,36.53259],[-121.92714,36.53259]],[[-121.927,36.53248],[-121.927,36.53248]],[[-121.92686,36.53135],[-121.92686,36.53135]],[[-121.92672,36.53124],[-121.92672,36.53124]],[[-121.92658,36.53112],[-121.92658,36.53112]],[[-121.92644,36.53101],[-121.92644,36.53101]],[[-121.9263,36.5309],[-121.9263,36.5309]],[[-121.92616,36.53067],[-121.92616,36.53067]],[[-121.92602,36.53056],[-121.92602,36.53056]],[[-121.92588,36.53033],[-121.92588,36.53033]],[[-121.92574,36.52999],[-121.92574,36.52999]],[[-121.92602,36.52875],[-121.92602,36.52875]],[[-121.92616,36.5283],[-121.92616,36.5283]],[[-121.92602,36.52796],[-121.92602,36.52796]],[[-121.92588,36.52785],[-121.92588,36.52785]],[[-121.92574,36.52717],[-121.92574,36.52717]],[[-121.9256,36.52695],[-121.9256,36.52695]],[[-121.92546,36.52683],[-121.92546,36.52683]],[[-121.92532,36.52672],[-121.92532,36.52672]],[[-121.92532,36.52582],[-121.92532,36.52582]],[[-121.92546,36.52537],[-121.92546,36.52537]],[[-121.93627,36.52525],[-121.93627,36.52525]],[[-121.9256,36.52525],[-121.9256,36.52525]],[[-121.94919,36.52499],[-121.94928,36.5248],[-121.94887,36.52446],[-121.94894,36.52424],[-121.94961,36.52346],[-121.95032,36.52341],[-121.95074,36.52295],[-121.95188,36.52379],[-121.9527,36.524],[-121.95284,36.5239],[-121.95102,36.52266],[-121.95088,36.52232],[-121.95032,36.52198],[-121.95032,36.52176],[-121.95004,36.52176],[-121.94975,36.52153],[-121.94961,36.52119],[-121.94947,36.5213],[-121.94961,36.52142],[-121.94961,36.52266],[-121.94919,36.52277],[-121.94863,36.52266],[-121.94835,36.52238],[-121.94863,36.52288],[-121.94905,36.52322],[-121.94905,36.52367],[-121.94891,36.52379],[-121.94863,36.52367],[-121.94807,36.52401],[-121.94638,36.523],[-121.94582,36.52288],[-121.9454,36.52243],[-121.94442,36.52209],[-121.94428,36.52164],[-121.94456,36.5213],[-121.94456,36.52092],[-121.94414,36.52097],[-121.94343,36.52074],[-121.94245,36.52085],[-121.94231,36.52097],[-121.94245,36.52164],[-121.94231,36.52176],[-121.94161,36.52164],[-121.94127,36.52176],[-121.94133,36.52209],[-121.94119,36.52221],[-121.94077,36.52209],[-121.94049,36.52187],[-121.94063,36.52153],[-121.93992,36.52119],[-121.93992,36.52097],[-121.94063,36.52018],[-121.94082,36.51972],[-121.94006,36.51916],[-121.93922,36.51893],[-121.93782,36.51905],[-121.93726,36.5195],[-121.9374,36.51984],[-121.93683,36.51995],[-121.93711,36.52029],[-121.93754,36.5204],[-121.93782,36.52085],[-121.93782,36.5213],[-121.93726,36.52142],[-121.93683,36.52103],[-121.93655,36.52115],[-121.93641,36.52142],[-121.93655,36.52164],[-121.9374,36.52176],[-121.93768,36.52198],[-121.93754,36.52221],[-121.93796,36.52255],[-121.93824,36.52229],[-121.93978,36.5224],[-121.94063,36.52322],[-121.94063,36.52277],[-121.94105,36.52255],[-121.94119,36.52277],[-121.94105,36.52288],[-121.94105,36.52332],[-121.94119,36.52332],[-121.94189,36.5231],[-121.94301,36.52302],[-121.94316,36.52277],[-121.94279,36.52221],[-121.94311,36.52187],[-121.94343,36.52185],[-121.94438,36.52266],[-121.94521,36.52311],[-121.94562,36.52356],[-121.94554,36.52381],[-121.94709,36.52474],[-121.94737,36.52482],[-121.94751,36.52455],[-121.94793,36.52445],[-121.94919,36.52499]],[[-121.92574,36.52503],[-121.92574,36.52503]],[[-121.92588,36.52492],[-121.92588,36.52492]],[[-121.95495,36.52459],[-121.95481,36.52424],[-121.95467,36.52435],[-121.95417,36.52401],[-121.95467,36.52458],[-121.95495,36.52459]],[[-121.95467,36.52458],[-121.95467,36.52458]],[[-121.92602,36.52469],[-121.92602,36.52469]],[[-121.95046,36.52456],[-121.95051,36.52446],[-121.95032,36.52442],[-121.95046,36.52456]],[[-121.92616,36.52458],[-121.92616,36.52458]],[[-121.95355,36.52437],[-121.95378,36.52424],[-121.95377,36.52401],[-121.95411,36.52396],[-121.95411,36.52384],[-121.95336,36.52334],[-121.95341,36.5239],[-121.9531,36.52413],[-121.95355,36.52437]],[[-121.94709,36.52446],[-121.94723,36.52424],[-121.94695,36.52413],[-121.94681,36.52424],[-121.94709,36.52446]],[[-121.9263,36.52446],[-121.9263,36.52446]],[[-121.94695,36.52435],[-121.94695,36.52435]],[[-121.94358,36.52414],[-121.9436,36.5239],[-121.94329,36.52369],[-121.94329,36.52396],[-121.94358,36.52414]],[[-121.92644,36.52424],[-121.92644,36.52424]],[[-121.92658,36.52413],[-121.92658,36.52413]],[[-121.95327,36.52401],[-121.95327,36.52401]],[[-121.94695,36.52401],[-121.94709,36.5239],[-121.94695,36.52379],[-121.94681,36.5239],[-121.94695,36.52401]],[[-121.94568,36.5239],[-121.94568,36.5239]],[[-121.94821,36.5239],[-121.94821,36.5239]],[[-121.92672,36.5239],[-121.92672,36.5239]],[[-121.94245,36.50697],[-121.94273,36.50742],[-121.94343,36.50788],[-121.94315,36.50821],[-121.94287,36.50821],[-121.94231,36.50772],[-121.94203,36.5081],[-121.94175,36.50799],[-121.94091,36.50806],[-121.94127,36.50844],[-121.94203,36.50833],[-121.94231,36.50844],[-121.94273,36.509],[-121.94217,36.50919],[-121.94231,36.50946],[-121.94273,36.50968],[-121.94259,36.51002],[-121.94211,36.51013],[-121.94189,36.51036],[-121.94217,36.5107],[-121.94217,36.51097],[-121.94231,36.51081],[-121.94245,36.51092],[-121.94225,36.51104],[-121.94245,36.5116],[-121.94225,36.51183],[-121.94315,36.51171],[-121.94329,36.51187],[-121.94372,36.51183],[-121.94414,36.51205],[-121.9447,36.5125],[-121.9447,36.51273],[-121.94442,36.51284],[-121.944,36.51257],[-121.94386,36.51273],[-121.944,36.51307],[-121.94428,36.51295],[-121.94442,36.51312],[-121.94498,36.51273],[-121.9454,36.51273],[-121.94576,36.51318],[-121.9461,36.51307],[-121.94666,36.51318],[-121.94703,36.51352],[-121.94737,36.51341],[-121.94765,36.51379],[-121.94807,36.51397],[-121.94821,36.51487],[-121.94877,36.51521],[-121.94891,36.5156],[-121.94933,36.51544],[-121.94961,36.51566],[-121.94961,36.516],[-121.95004,36.51634],[-121.9499,36.51702],[-121.95046,36.51702],[-121.95074,36.51657],[-121.9513,36.51611],[-121.95144,36.51623],[-121.9513,36.51645],[-121.95144,36.51657],[-121.95186,36.51645],[-121.95256,36.5169],[-121.95228,36.51758],[-121.95242,36.51792],[-121.9527,36.51781],[-121.95284,36.51803],[-121.9527,36.51814],[-121.95242,36.51792],[-121.9525,36.51814],[-121.95298,36.51808],[-121.95298,36.51769],[-121.95327,36.51747],[-121.95369,36.51747],[-121.95425,36.51792],[-121.95467,36.51882],[-121.95434,36.51916],[-121.95453,36.51939],[-121.95439,36.5195],[-121.95341,36.51972],[-121.95256,36.51905],[-121.95186,36.51893],[-121.9513,36.51965],[-121.95158,36.51972],[-121.95186,36.52006],[-121.95181,36.52051],[-121.95256,36.5204],[-121.95313,36.52063],[-121.95411,36.52119],[-121.95397,36.52146],[-121.95439,36.52176],[-121.95439,36.52191],[-121.95523,36.52232],[-121.95495,36.52288],[-121.95453,36.52273],[-121.95393,36.52277],[-121.95495,36.52368],[-121.95551,36.5235],[-121.95596,36.523],[-121.95551,36.52272],[-121.95547,36.52243],[-121.955,36.52198],[-121.95476,36.52142],[-121.95387,36.52074],[-121.95397,36.52063],[-121.95453,36.52076],[-121.95495,36.52056],[-121.95565,36.52106],[-121.95589,36.52074],[-121.95547,36.5204],[-121.95544,36.52018],[-121.95565,36.52003],[-121.95607,36.52034],[-121.9565,36.52034],[-121.95664,36.51986]],[[-121.94849,36.52379],[-121.94849,36.52379]],[[-121.93332,36.52379],[-121.93332,36.52379]],[[-121.92686,36.52379],[-121.92686,36.52379]],[[-121.94863,36.52367],[-121.94863,36.52367]],[[-121.93473,36.52356],[-121.93473,36.52356]],[[-121.93346,36.52367],[-121.93346,36.52367]],[[-121.93065,36.52367],[-121.93065,36.52367]],[[-121.93459,36.52345],[-121.93459,36.52345]],[[-121.93388,36.52356],[-121.93388,36.52356]],[[-121.93192,36.52356],[-121.93192,36.52356]],[[-121.93122,36.52356],[-121.93122,36.52356]],[[-121.93009,36.52356],[-121.93009,36.52356]],[[-121.927,36.52356],[-121.927,36.52356]],[[-121.93417,36.52334],[-121.93417,36.52334]],[[-121.9322,36.52345],[-121.9322,36.52345]],[[-121.92714,36.52345],[-121.92714,36.52345]],[[-121.93768,36.52334],[-121.93768,36.52334]],[[-121.93754,36.52322],[-121.9374,36.52334],[-121.93768,36.52311],[-121.93754,36.52322]],[[-121.93388,36.52322],[-121.93388,36.52322]],[[-121.92728,36.52334],[-121.92728,36.52334]],[[-121.94891,36.52311],[-121.94891,36.52311]],[[-121.93374,36.52311],[-121.93374,36.52311]],[[-121.92742,36.52322],[-121.92742,36.52322]],[[-121.95509,36.52311],[-121.95523,36.523],[-121.95509,36.52288],[-121.95495,36.523],[-121.95509,36.52311]],[[-121.94877,36.523],[-121.94877,36.523]],[[-121.93754,36.523],[-121.93754,36.523]],[[-121.9336,36.523],[-121.9336,36.523]],[[-121.92756,36.52311],[-121.92756,36.52311]],[[-121.94863,36.52288],[-121.94863,36.52288]],[[-121.93571,36.523],[-121.93571,36.523]],[[-121.92785,36.523],[-121.92785,36.523]],[[-121.94105,36.52288],[-121.94105,36.52288]],[[-121.93754,36.52288],[-121.93754,36.52288]],[[-121.9336,36.52288],[-121.9336,36.52288]],[[-121.92799,36.52288],[-121.92799,36.52288]],[[-121.95481,36.52277],[-121.95481,36.52277]],[[-121.94849,36.52266],[-121.94849,36.52266]],[[-121.93796,36.52277],[-121.93796,36.52277]],[[-121.92827,36.52277],[-121.92827,36.52277]],[[-121.94835,36.52255],[-121.94835,36.52255]],[[-121.93796,36.52255],[-121.93796,36.52255]],[[-121.93374,36.52266],[-121.93374,36.52266]],[[-121.92869,36.52266],[-121.92869,36.52266]],[[-121.95509,36.52255],[-121.95509,36.52255]],[[-121.93782,36.52243],[-121.93782,36.52243]],[[-121.93388,36.52255],[-121.93388,36.52255]],[[-121.93768,36.52232],[-121.93768,36.52232]],[[-121.93402,36.52243],[-121.93402,36.52243]],[[-121.93754,36.52221],[-121.93754,36.52221]],[[-121.93417,36.52232],[-121.93417,36.52232]],[[-121.93754,36.52187],[-121.93754,36.52187]],[[-121.93711,36.52176],[-121.93711,36.52176]],[[-121.93655,36.52164],[-121.93655,36.52164]],[[-121.94161,36.52164],[-121.94161,36.52164]],[[-121.94231,36.52142],[-121.94231,36.52142]],[[-121.93641,36.52142],[-121.93641,36.52142]],[[-121.95397,36.52142],[-121.95397,36.52142]],[[-121.94947,36.5213],[-121.94947,36.5213]],[[-121.93641,36.5213],[-121.93641,36.5213]],[[-121.94231,36.52097],[-121.94231,36.52097]],[[-121.94245,36.52085],[-121.94245,36.52085]],[[-121.93768,36.52074],[-121.93768,36.52074]],[[-121.94329,36.52074],[-121.94329,36.52074]],[[-121.93754,36.52051],[-121.93754,36.52051]],[[-121.93711,36.52029],[-121.93711,36.52029]],[[-121.93697,36.52018],[-121.93697,36.52018]],[[-121.93683,36.52006],[-121.93683,36.52006]],[[-121.93683,36.51995],[-121.93683,36.51995]],[[-121.93697,36.51984],[-121.93697,36.51984]],[[-121.95664,36.51971],[-121.95638,36.51939],[-121.95664,36.5193]],[[-121.93726,36.51961],[-121.93726,36.51961]],[[-121.95397,36.51961],[-121.95397,36.51961]],[[-121.95327,36.51961],[-121.95327,36.51961]],[[-121.9513,36.51961],[-121.9513,36.51961]],[[-121.95411,36.5195],[-121.95411,36.5195]],[[-121.95298,36.5195],[-121.95298,36.5195]],[[-121.93726,36.5195],[-121.93726,36.5195]],[[-121.95284,36.51939],[-121.95284,36.51939]],[[-121.95144,36.51939],[-121.95144,36.51939]],[[-121.95158,36.51927],[-121.95158,36.51927]],[[-121.9527,36.51916],[-121.9527,36.51916]],[[-121.93768,36.51916],[-121.93768,36.51916]],[[-121.95453,36.51905],[-121.95453,36.51905]],[[-121.95256,36.51905],[-121.95256,36.51905]],[[-121.95172,36.51905],[-121.95172,36.51905]],[[-121.93782,36.51905],[-121.93782,36.51905]],[[-121.95228,36.51893],[-121.95228,36.51893]],[[-121.95186,36.51893],[-121.95186,36.51893]],[[-121.93838,36.51893],[-121.93838,36.51893]],[[-121.95537,36.5186],[-121.95551,36.51848],[-121.95537,36.51826],[-121.95523,36.51848],[-121.95537,36.5186]],[[-121.95607,36.51803],[-121.95622,36.51792],[-121.95622,36.51735],[-121.95579,36.51702],[-121.95565,36.51713],[-121.95565,36.51758],[-121.95607,36.51803]],[[-121.95256,36.51803],[-121.95256,36.51803]],[[-121.95593,36.51792],[-121.95593,36.51792]],[[-121.95664,36.51769],[-121.9565,36.51758],[-121.95664,36.51747]],[[-121.95579,36.51769],[-121.95579,36.51769]],[[-121.95228,36.51735],[-121.95228,36.51735]],[[-121.95242,36.51713],[-121.95242,36.51713]],[[-121.9455,36.50697],[-121.94582,36.50773],[-121.94624,36.50753],[-121.94643,36.50776],[-121.9461,36.50798],[-121.9454,36.50802],[-121.94512,36.50835],[-121.94442,36.50807],[-121.94385,36.5081],[-121.94331,36.50855],[-121.94329,36.50886],[-121.94449,36.509],[-121.944,36.50948],[-121.94391,36.50979],[-121.94414,36.51],[-121.94489,36.51013],[-121.94491,36.51047],[-121.94564,36.51115],[-121.94652,36.5113],[-121.94709,36.5117],[-121.94821,36.51181],[-121.94849,36.51229],[-121.94807,36.51308],[-121.94863,36.51309],[-121.94905,36.5134],[-121.94975,36.51334],[-121.94992,36.51352],[-121.9499,36.51378],[-121.95051,36.51374],[-121.95056,36.51408],[-121.95039,36.51431],[-121.95054,36.51465],[-121.95093,36.51487],[-121.95088,36.51538],[-121.95144,36.51553],[-121.95242,36.51638],[-121.95313,36.51659],[-121.95355,36.5165],[-121.95383,36.51625],[-121.95425,36.51638],[-121.95448,36.516],[-121.95437,36.51555],[-121.95453,36.51543],[-121.95509,36.5158],[-121.95551,36.5157],[-121.95503,36.51476],[-121.95516,36.51465],[-121.95622,36.51539],[-121.95664,36.51551]],[[-121.9499,36.51668],[-121.9499,36.51668]],[[-121.9513,36.51645],[-121.9513,36.51645]],[[-121.94428,36.51273],[-121.94428,36.51273]],[[-121.94386,36.51273],[-121.94386,36.51273]],[[-121.94414,36.51262],[-121.94414,36.51262]],[[-121.94231,36.51171],[-121.94231,36.51171]],[[-121.94189,36.51036],[-121.94189,36.51036]],[[-121.94554,36.50972],[-121.9456,36.50946],[-121.94533,36.50923],[-121.94493,36.50934],[-121.94512,36.50967],[-121.94554,36.50972]],[[-121.94259,36.50979],[-121.94259,36.50979]],[[-121.94287,36.509],[-121.94301,36.50889],[-121.94287,36.50878],[-121.94273,36.50889],[-121.94287,36.509]],[[-121.94273,36.50889],[-121.94287,36.50878],[-121.94273,36.50867],[-121.94259,36.50878],[-121.94273,36.50889]],[[-121.94329,36.5081],[-121.94329,36.5081]],[[-121.94273,36.5081],[-121.94273,36.5081]],[[-121.94259,36.50799],[-121.94259,36.50799]],[[-121.94217,36.50799],[-121.94217,36.50799]],[[-121.94175,36.50799],[-121.94175,36.50799]],[[-121.94161,36.50799],[-121.94161,36.50799]],[[-121.94105,36.50799],[-121.94105,36.50799]],[[-121.94259,36.50697],[-121.94343,36.50765],[-121.94448,36.50731],[-121.94484,36.50776],[-121.94512,36.50754],[-121.94512,36.5072],[-121.94484,36.50697]],[[-121.94245,36.50776],[-121.94245,36.50776]],[[-121.94498,36.50765],[-121.94498,36.50765]],[[-121.94386,36.50754],[-121.94386,36.50754]],[[-121.94414,36.50742],[-121.94414,36.50742]],[[-121.94442,36.50731],[-121.94442,36.50731]]]},"properties":{"depth_m":15}},{"type":"Feature","geometry":{"type":"MultiLineString","coordinates":[[[-121.95467,36.56103],[-121.95417,36.56091],[-121.95383,36.56058],[-121.95332,36.5608],[-121.95298,36.56035],[-121.95256,36.56035],[-121.95214,36.56064],[-121.95186,36.56058],[-121.95144,36.56103]],[[-121.94091,36.56103],[-121.94105,36.5608],[-121.94077,36.56058],[-121.94057,36.5608],[-121.9402,36.5608],[-121.93992,36.56103]],[[-121.93894,36.56103],[-121.93908,36.56091],[-121.9395,36.56098],[-121.93964,36.5608],[-121.93978,36.56103]],[[-121.93571,36.56103],[-121.93557,36.56091],[-121.93515,36.56103],[-121.93487,36.5608],[-121.93417,36.5608],[-121.93276,36.55933],[-121.9322,36.55742],[-121.93108,36.55505],[-121.93108,36.55437],[-121.93065,36.55324],[-121.93051,36.55211],[-121.93009,36.5511],[-121.92981,36.5485],[-121.92967,36.54839],[-121.92981,36.54681],[-121.93037,36.54591],[-121.93136,36.54516],[-121.93164,36.54534],[-121.93248,36.5446],[-121.93276,36.54489],[-121.93304,36.54478],[-121.93304,36.5446],[-121.93346,36.54478],[-121.93388,36.54466],[-121.93374,36.54415],[-121.93388,36.54421],[-121.93431,36.54387],[-121.93417,36.54365],[-121.93431,36.54354],[-121.93402,36.54349],[-121.93402,36.5432],[-121.93374,36.54297],[-121.93352,36.54297],[-121.93374,36.54275],[-121.93346,36.54252],[-121.93332,36.54173],[-121.9331,36.54162],[-121.93338,36.54128],[-121.93431,36.54139],[-121.93445,36.54117],[-121.9336,36.54094],[-121.93346,36.54083],[-121.9336,36.5406],[-121.93346,36.54049],[-121.9329,36.54038],[-121.93304,36.54026],[-121.93318,36.54038],[-121.93346,36.54015],[-121.9329,36.5397],[-121.9329,36.53936],[-121.93248,36.53891],[-121.9322,36.53913],[-121.93178,36.53902],[-121.93136,36.53947],[-121.93051,36.53936],[-121.92981,36.53868],[-121.92883,36.53733],[-121.92869,36.53609],[-121.92855,36.53597],[-121.92855,36.53518],[-121.92841,36.53507],[-121.92841,36.53439],[-121.92855,36.53428],[-121.92833,36.53417],[-121.92841,36.53394],[-121.92813,36.53327],[-121.92763,36.53304],[-121.92742,36.5327],[-121.927,36.53248],[-121.927,36.53146],[-121.9263,36.5309],[-121.92574,36.52999],[-121.92574,36.52925],[-121.92602,36.52909],[-121.9263,36.52808],[-121.92588,36.52785],[-121.92588,36.52729],[-121.92532,36.52672],[-121.92532,36.52582],[-121.92546,36.52571],[-121.92546,36.52537],[-121.927,36.52356],[-121.92799,36.52288],[-121.92869,36.52266],[-121.92953,36.52277],[-121.92967,36.52288],[-121.92967,36.52334],[-121.92989,36.52345],[-121.92981,36.52356],[-121.92995,36.52367],[-121.93009,36.52356],[-121.93051,36.5239],[-121.93079,36.52361],[-121.93108,36.52367],[-121.9315,36.5235],[-121.93178,36.52367],[-121.9322,36.52345],[-121.93248,36.52356],[-121.93262,36.52338],[-121.9329,36.52338],[-121.93304,36.52345],[-121.93304,36.5239],[-121.93318,36.52401],[-121.93346,36.52367],[-121.93397,36.52356],[-121.93445,36.52401],[-121.93473,36.52401],[-121.93487,36.52367],[-121.93445,36.52334],[-121.93388,36.52322],[-121.9336,36.52288],[-121.93417,36.52232],[-121.93481,36.52232],[-121.93487,36.52266],[-121.93473,36.52277],[-121.93487,36.52288],[-121.93529,36.52293],[-121.93543,36.52322],[-121.93571,36.523],[-121.93627,36.52356],[-121.93655,36.5235],[-121.93697,36.52379],[-121.93717,36.52345],[-121.9374,36.52334],[-121.93754,36.52345],[-121.93782,36.52322],[-121.93768,36.52311],[-121.9374,36.52334],[-121.93768,36.52311],[-121.93754,36.52288],[-121.93782,36.52288],[-121.9381,36.52266],[-121.93754,36.52221],[-121.93747,36.52209],[-121.93768,36.52198],[-121.93754,36.52187],[-121.93655,36.52164],[-121.93641,36.5213],[-121.93683,36.52102],[-121.93726,36.52142],[-121.93782,36.5213],[-121.93782,36.52085],[-121.93754,36.5204],[-121.93711,36.52029],[-121.93683,36.51995],[-121.93711,36.51984],[-121.93726,36.51995],[-121.9374,36.51984],[-121.93726,36.5195],[-121.9374,36.51932],[-121.93782,36.51905],[-121.93838,36.51893],[-121.93922,36.51893],[-121.94006,36.51916],[-121.94077,36.51961],[-121.94077,36.51995],[-121.94006,36.52074],[-121.93992,36.52119],[-121.94063,36.52153],[-121.94049,36.52187],[-121.94105,36.52221],[-121.94133,36.52209],[-121.94125,36.52176],[-121.94245,36.52164],[-121.94231,36.5213],[-121.94231,36.52097],[-121.94245,36.52085],[-121.94343,36.52074],[-121.94414,36.52097],[-121.94456,36.5209],[-121.94449,36.52153],[-121.94428,36.52164],[-121.94442,36.52209],[-121.9454,36.52243],[-121.94582,36.52288],[-121.94638,36.523],[-121.94807,36.52401],[-121.94863,36.52367],[-121.94891,36.52379],[-121.94905,36.52367],[-121.94905,36.52322],[-121.94835,36.52255],[-121.94835,36.52237],[-121.94863,36.52266],[-121.94919,36.52277],[-121.94961,36.52266],[-121.94961,36.52142],[-121.94947,36.52124],[-121.94961,36.52119],[-121.94975,36.52153],[-121.95004,36.52176],[-121.95032,36.52176],[-121.95032,36.52198],[-121.95088,36.52232],[-121.95102,36.52266],[-121.952,36.52322],[-121.95298,36.52411],[-121.95214,36.52411],[-121.95116,36.52358],[-121.95077,36.52379],[-121.95055,36.52424],[-121.95069,36.52446],[-121.9506,36.52464],[-121.95019,36.52446],[-121.95007,36.52413],[-121.94975,36.52388],[-121.94959,36.52401],[-121.94957,36.52446],[-121.94921,36.52458],[-121.94945,36.52492],[-121.94919,36.52511],[-121.94807,36.52471],[-121.94779,36.52473],[-121.94737,36.52509],[-121.94531,36.52379],[-121.94509,36.52322],[-121.94482,36.523],[-121.94358,36.52242],[-121.94329,36.52255],[-121.94332,36.52345],[-121.94369,36.5239],[-121.94367,36.52413],[-121.94343,36.5243],[-121.94301,36.52366],[-121.94217,36.52393],[-121.94161,36.5236],[-121.94105,36.52375],[-121.93992,36.52287],[-121.93922,36.52275],[-121.93866,36.52332],[-121.93805,36.52356],[-121.93782,36.52425],[-121.93675,36.52492],[-121.93754,36.52575],[-121.93759,36.52604],[-121.9374,36.52615],[-121.93641,36.52583],[-121.93599,36.52594],[-121.93518,36.52548],[-121.93346,36.52509],[-121.9329,36.52531],[-121.9322,36.5253],[-121.93164,36.5259],[-121.93079,36.52606],[-121.93023,36.52592],[-121.92925,36.52506],[-121.92813,36.52524],[-121.92757,36.5265],[-121.92793,36.52729],[-121.92751,36.52762],[-121.92782,36.52819],[-121.92771,36.52875],[-121.92786,36.52943],[-121.92919,36.53067],[-121.92927,36.53101],[-121.92911,36.53174],[-121.93066,36.53282],[-121.93125,36.53361],[-121.9314,36.53394],[-121.93134,36.53473],[-121.93158,36.53541],[-121.93248,36.53615],[-121.93304,36.53603],[-121.9336,36.53654],[-121.93406,36.53654],[-121.93479,36.53722],[-121.93567,36.53755],[-121.93614,36.5388],[-121.93582,36.5397],[-121.93621,36.54026],[-121.93613,36.54056],[-121.93683,36.54135],[-121.93754,36.5415],[-121.93775,36.54207],[-121.93837,36.54286],[-121.93894,36.54282],[-121.93938,36.5432],[-121.93904,36.54365],[-121.9395,36.54444],[-121.93926,36.545],[-121.93938,36.54568],[-121.9389,36.54624],[-121.93922,36.54658],[-121.93964,36.5465],[-121.93997,36.5467],[-121.93972,36.54715],[-121.94037,36.54771],[-121.94014,36.54816],[-121.94032,36.5485],[-121.94024,36.54895],[-121.9397,36.54986],[-121.94018,36.55098],[-121.93981,36.55189],[-121.9402,36.55256],[-121.94107,36.55301],[-121.94088,36.55358],[-121.94304,36.55651],[-121.94419,36.55854],[-121.94446,36.55933],[-121.94526,36.55985],[-121.94666,36.55997],[-121.94765,36.56033],[-121.94905,36.56035],[-121.94953,36.56012],[-121.94955,36.55911],[-121.95004,36.55851],[-121.95032,36.55844],[-121.95088,36.55894],[-121.95144,36.55852],[-121.95214,36.55856],[-121.95256,36.55815],[-121.95383,36.55846],[-121.95519,36.55933],[-121.95664,36.56062]],[[-121.95636,36.56046],[-121.95636,36.56046]],[[-121.95102,36.55888],[-121.95102,36.55888]],[[-121.9506,36.55866],[-121.9506,36.55866]],[[-121.94034,36.55268],[-121.94034,36.55268]],[[-121.93992,36.55166],[-121.93992,36.55166]],[[-121.92967,36.54737],[-121.92967,36.54737]],[[-121.92981,36.54681],[-121.92981,36.54681]],[[-121.92995,36.54658],[-121.92995,36.54658]],[[-121.93009,36.54636],[-121.93009,36.54636]],[[-121.93023,36.54613],[-121.93023,36.54613]],[[-121.93037,36.54591],[-121.93037,36.54591]],[[-121.93051,36.54579],[-121.93051,36.54579]],[[-121.93065,36.54568],[-121.93065,36.54568]],[[-121.93079,36.54557],[-121.93079,36.54557]],[[-121.93094,36.54545],[-121.93094,36.54545]],[[-121.93108,36.54534],[-121.93108,36.54534]],[[-121.93178,36.54523],[-121.93178,36.54523]],[[-121.93122,36.54523],[-121.93122,36.54523]],[[-121.93192,36.545],[-121.93192,36.545]],[[-121.93206,36.54489],[-121.93206,36.54489]],[[-121.93262,36.54478],[-121.93262,36.54478]],[[-121.9322,36.54478],[-121.9322,36.54478]],[[-121.93332,36.54466],[-121.93332,36.54466]],[[-121.93234,36.54466],[-121.93234,36.54466]],[[-121.93402,36.5441],[-121.93402,36.5441]],[[-121.93417,36.54399],[-121.93417,36.54399]],[[-121.93417,36.54365],[-121.93417,36.54365]],[[-121.93445,36.54354],[-121.93473,36.54331],[-121.93431,36.54308],[-121.93417,36.54331],[-121.93445,36.54354]],[[-121.93459,36.54342],[-121.93459,36.54342]],[[-121.93431,36.54342],[-121.93431,36.54342]],[[-121.93754,36.5415],[-121.93754,36.5415]],[[-121.93318,36.5415],[-121.93318,36.5415]],[[-121.9336,36.54128],[-121.9336,36.54128]],[[-121.93346,36.54071],[-121.93346,36.54071]],[[-121.93445,36.54049],[-121.93459,36.54038],[-121.93445,36.54026],[-121.93431,36.54038],[-121.93445,36.54049]],[[-121.93332,36.54026],[-121.93332,36.54026]],[[-121.93304,36.54026],[-121.93304,36.54026]],[[-121.9336,36.53654],[-121.9336,36.53654]],[[-121.93346,36.53643],[-121.93346,36.53643]],[[-121.9315,36.5353],[-121.9315,36.5353]],[[-121.93136,36.53439],[-121.93136,36.53439]],[[-121.92841,36.53439],[-121.92841,36.53439]],[[-121.92925,36.53112],[-121.92925,36.53112]],[[-121.92897,36.53045],[-121.92897,36.53045]],[[-121.92883,36.53033],[-121.92883,36.53033]],[[-121.92602,36.52875],[-121.92602,36.52875]],[[-121.92616,36.5283],[-121.92616,36.5283]],[[-121.92532,36.52582],[-121.92532,36.52582]],[[-121.92546,36.52537],[-121.92546,36.52537]],[[-121.93234,36.52525],[-121.93234,36.52525]],[[-121.9256,36.52525],[-121.9256,36.52525]],[[-121.95369,36.52498],[-121.95342,36.5248],[-121.95355,36.52501],[-121.95369,36.52498]],[[-121.92574,36.52503],[-121.92574,36.52503]],[[-121.92588,36.52492],[-121.92588,36.52492]],[[-121.95495,36.52476],[-121.95515,36.52458],[-121.95502,36.52424],[-121.95467,36.52435],[-121.95397,36.52363],[-121.95369,36.52367],[-121.95333,36.52334],[-121.95341,36.5239],[-121.95299,36.52413],[-121.95369,36.52447],[-121.95439,36.52442],[-121.95495,36.52476]],[[-121.92602,36.52469],[-121.92602,36.52469]],[[-121.92616,36.52458],[-121.92616,36.52458]],[[-121.94709,36.52446],[-121.94723,36.52424],[-121.94695,36.52413],[-121.94681,36.52424],[-121.94709,36.52446]],[[-121.9263,36.52446],[-121.9263,36.52446]],[[-121.95411,36.52428],[-121.95411,36.52411],[-121.95395,36.52413],[-121.95411,36.52428]],[[-121.95242,36.52428],[-121.95228,36.52416],[-121.95242,36.52428]],[[-121.94695,36.52435],[-121.94695,36.52435]],[[-121.95481,36.52424],[-121.95481,36.52424]],[[-121.92644,36.52424],[-121.92644,36.52424]],[[-121.92658,36.52413],[-121.92658,36.52413]],[[-121.95664,36.52055],[-121.95607,36.52061],[-121.95662,36.52108],[-121.95607,36.52112],[-121.95579,36.52154],[-121.95523,36.52129],[-121.95501,36.52142],[-121.9554,36.52221],[-121.95614,36.523],[-121.95602,36.52345],[-121.95622,36.5239],[-121.95565,36.52359],[-121.95523,36.52365],[-121.95495,36.52397],[-121.95481,36.5239],[-121.95495,36.52367],[-121.95391,36.52277],[-121.95453,36.52272],[-121.95495,36.52288],[-121.95523,36.52232],[-121.95453,36.52187],[-121.95439,36.52193],[-121.95439,36.52176],[-121.95397,36.52147],[-121.95411,36.52119],[-121.95313,36.52063],[-121.95256,36.5204],[-121.95179,36.52051],[-121.95186,36.52006],[-121.95158,36.51972],[-121.9513,36.51967],[-121.95186,36.51893],[-121.95256,36.51905],[-121.95341,36.51972],[-121.95439,36.5195],[-121.95453,36.51939],[-121.95432,36.51916],[-121.95467,36.51882],[-121.95425,36.51792],[-121.95369,36.51747],[-121.95327,36.51747],[-121.95298,36.51769],[-121.95298,36.5181],[-121.95248,36.51814],[-121.95242,36.51792],[-121.9527,36.51814],[-121.95284,36.51803],[-121.9527,36.51781],[-121.95242,36.51792],[-121.95228,36.51758],[-121.95256,36.5169],[-121.95186,36.51645],[-121.95144,36.51657],[-121.9513,36.51645],[-121.95144,36.51623],[-121.9513,36.51611],[-121.95074,36.51657],[-121.95046,36.51702],[-121.9499,36.51702],[-121.95004,36.51634],[-121.94961,36.516],[-121.94961,36.51566],[-121.94933,36.51544],[-121.94905,36.51544],[-121.94891,36.51561],[-121.94877,36.51521],[-121.94821,36.51487],[-121.94807,36.51397],[-121.94779,36.51374],[-121.94765,36.5138],[-121.94737,36.51341],[-121.94701,36.51352],[-121.94666,36.51318],[-121.9461,36.51307],[-121.94574,36.51318],[-121.9454,36.51273],[-121.94498,36.51273],[-121.94442,36.51313],[-121.94428,36.51295],[-121.944,36.51307],[-121.94386,36.51284],[-121.944,36.51255],[-121.94442,36.51284],[-121.9447,36.51273],[-121.9447,36.5125],[-121.94414,36.51205],[-121.94372,36.51183],[-121.94329,36.51189],[-121.94315,36.51171],[-121.94223,36.51183],[-121.94245,36.5116],[-121.94223,36.51104],[-121.94245,36.51092],[-121.94231,36.51081],[-121.94217,36.51099],[-121.94217,36.5107],[-121.94189,36.51036],[-121.94209,36.51013],[-121.94259,36.51002],[-121.94273,36.50968],[-121.94231,36.50946],[-121.94217,36.50917],[-121.94273,36.509],[-121.94231,36.50844],[-121.94217,36.5085],[-121.94203,36.50833],[-121.94125,36.50844],[-121.94091,36.50804],[-121.94203,36.5081],[-121.94231,36.5077],[-121.94287,36.50821],[-121.94315,36.50821],[-121.94343,36.50788],[-121.94273,36.50742],[-121.94245,36.50697]],[[-121.95327,36.52401],[-121.95327,36.52401]],[[-121.95298,36.52401],[-121.95298,36.52401]],[[-121.94695,36.52401],[-121.94709,36.5239],[-121.94695,36.52379],[-121.94681,36.5239],[-121.94695,36.52401]],[[-121.95284,36.5239],[-121.95284,36.5239]],[[-121.94821,36.5239],[-121.94821,36.5239]],[[-121.94793,36.5239],[-121.94793,36.5239]],[[-121.93431,36.5239],[-121.93431,36.5239]],[[-121.92672,36.5239],[-121.92672,36.5239]],[[-121.9527,36.52379],[-121.9527,36.52379]],[[-121.94849,36.52379],[-121.94849,36.52379]],[[-121.94765,36.52379],[-121.94765,36.52379]],[[-121.93417,36.52379],[-121.93417,36.52379]],[[-121.93332,36.52379],[-121.93332,36.52379]],[[-121.93037,36.52379],[-121.93037,36.52379]],[[-121.92686,36.52379],[-121.92686,36.52379]],[[-121.95256,36.52367],[-121.95256,36.52367]],[[-121.94877,36.52367],[-121.94877,36.52367]],[[-121.94863,36.52367],[-121.94863,36.52367]],[[-121.94737,36.52367],[-121.94737,36.52367]],[[-121.93669,36.52367],[-121.93669,36.52367]],[[-121.93346,36.52367],[-121.93346,36.52367]],[[-121.93065,36.52367],[-121.93065,36.52367]],[[-121.93023,36.52367],[-121.93023,36.52367]],[[-121.95242,36.52356],[-121.95242,36.52356]],[[-121.94723,36.52356],[-121.94723,36.52356]],[[-121.93388,36.52356],[-121.93388,36.52356]],[[-121.93192,36.52356],[-121.93192,36.52356]],[[-121.93164,36.52356],[-121.93164,36.52356]],[[-121.93122,36.52356],[-121.93122,36.52356]],[[-121.93009,36.52356],[-121.93009,36.52356]],[[-121.927,36.52356],[-121.927,36.52356]],[[-121.95228,36.52345],[-121.95228,36.52345]],[[-121.94709,36.52345],[-121.94709,36.52345]],[[-121.93613,36.52345],[-121.93613,36.52345]],[[-121.93304,36.52345],[-121.93304,36.52345]],[[-121.93234,36.52345],[-121.93234,36.52345]],[[-121.9322,36.52345],[-121.9322,36.52345]],[[-121.92714,36.52345],[-121.92714,36.52345]],[[-121.95214,36.52334],[-121.95214,36.52334]],[[-121.94695,36.52334],[-121.94695,36.52334]],[[-121.94091,36.52334],[-121.94119,36.52277],[-121.94105,36.52255],[-121.94063,36.52277],[-121.94063,36.52322],[-121.94091,36.52334]],[[-121.93768,36.52334],[-121.93768,36.52334]],[[-121.92728,36.52334],[-121.92728,36.52334]],[[-121.952,36.52322],[-121.952,36.52322]],[[-121.94666,36.52322],[-121.94666,36.52322]],[[-121.93599,36.52322],[-121.93599,36.52322]],[[-121.92742,36.52322],[-121.92742,36.52322]],[[-121.95509,36.52311],[-121.95523,36.523],[-121.95509,36.52288],[-121.95495,36.523],[-121.95509,36.52311]],[[-121.95172,36.52311],[-121.95172,36.52311]],[[-121.94652,36.52311],[-121.94652,36.52311]],[[-121.93585,36.52311],[-121.93585,36.52311]],[[-121.92756,36.52311],[-121.92756,36.52311]],[[-121.95158,36.523],[-121.95158,36.523]],[[-121.94638,36.523],[-121.94638,36.523]],[[-121.93571,36.523],[-121.93571,36.523]],[[-121.92785,36.523],[-121.92785,36.523]],[[-121.9513,36.52288],[-121.9513,36.52288]],[[-121.94596,36.52288],[-121.94596,36.52288]],[[-121.94105,36.52288],[-121.94105,36.52288]],[[-121.93754,36.52288],[-121.93754,36.52288]],[[-121.93501,36.52288],[-121.93501,36.52288]],[[-121.9336,36.52288],[-121.9336,36.52288]],[[-121.92967,36.52288],[-121.92967,36.52288]],[[-121.92799,36.52288],[-121.92799,36.52288]],[[-121.95481,36.52277],[-121.95481,36.52277]],[[-121.95116,36.52277],[-121.95116,36.52277]],[[-121.93796,36.52277],[-121.93796,36.52277]],[[-121.92953,36.52277],[-121.92953,36.52277]],[[-121.92827,36.52277],[-121.92827,36.52277]],[[-121.94905,36.52266],[-121.94905,36.52266]],[[-121.94568,36.52266],[-121.94568,36.52266]],[[-121.93374,36.52266],[-121.93374,36.52266]],[[-121.92911,36.52266],[-121.92911,36.52266]],[[-121.92869,36.52266],[-121.92869,36.52266]],[[-121.95509,36.52255],[-121.95509,36.52255]],[[-121.95102,36.52255],[-121.95102,36.52255]],[[-121.94554,36.52255],[-121.94554,36.52255]],[[-121.93388,36.52255],[-121.93388,36.52255]],[[-121.94849,36.52243],[-121.94849,36.52243]],[[-121.9454,36.52243],[-121.9454,36.52243]],[[-121.93402,36.52243],[-121.93402,36.52243]],[[-121.95088,36.52232],[-121.95088,36.52232]],[[-121.94498,36.52232],[-121.94498,36.52232]],[[-121.93417,36.52232],[-121.93417,36.52232]],[[-121.95074,36.52221],[-121.95074,36.52221]],[[-121.9447,36.52221],[-121.9447,36.52221]],[[-121.9506,36.52209],[-121.9506,36.52209]],[[-121.94442,36.52198],[-121.94442,36.52198]],[[-121.94063,36.52198],[-121.94063,36.52198]],[[-121.95032,36.52176],[-121.95032,36.52176]],[[-121.9499,36.52164],[-121.9499,36.52164]],[[-121.94175,36.52164],[-121.94175,36.52164]],[[-121.94161,36.52164],[-121.94161,36.52164]],[[-121.94063,36.52153],[-121.94063,36.52153]],[[-121.95397,36.52142],[-121.95397,36.52142]],[[-121.94049,36.52142],[-121.94049,36.52142]],[[-121.94975,36.5213],[-121.94975,36.5213]],[[-121.94034,36.5213],[-121.94034,36.5213]],[[-121.93711,36.5213],[-121.93711,36.5213]],[[-121.93641,36.5213],[-121.93641,36.5213]],[[-121.94961,36.52119],[-121.94961,36.52119]],[[-121.93697,36.52108],[-121.93697,36.52108]],[[-121.94231,36.52097],[-121.94231,36.52097]],[[-121.944,36.52085],[-121.944,36.52085]],[[-121.94245,36.52085],[-121.94245,36.52085]],[[-121.94343,36.52074],[-121.94343,36.52074]],[[-121.94329,36.52074],[-121.94329,36.52074]],[[-121.93683,36.51995],[-121.93683,36.51995]],[[-121.93711,36.51984],[-121.93711,36.51984]],[[-121.93697,36.51984],[-121.93697,36.51984]],[[-121.95397,36.51961],[-121.95397,36.51961]],[[-121.95327,36.51961],[-121.95327,36.51961]],[[-121.9513,36.51961],[-121.9513,36.51961]],[[-121.94077,36.51961],[-121.94077,36.51961]],[[-121.95411,36.5195],[-121.95411,36.5195]],[[-121.95298,36.5195],[-121.95298,36.5195]],[[-121.94063,36.5195],[-121.94063,36.5195]],[[-121.93726,36.5195],[-121.93726,36.5195]],[[-121.95284,36.51939],[-121.95284,36.51939]],[[-121.95144,36.51939],[-121.95144,36.51939]],[[-121.94034,36.51939],[-121.94034,36.51939]],[[-121.95158,36.51927],[-121.95158,36.51927]],[[-121.9402,36.51927],[-121.9402,36.51927]],[[-121.9527,36.51916],[-121.9527,36.51916]],[[-121.94006,36.51916],[-121.94006,36.51916]],[[-121.93768,36.51916],[-121.93768,36.51916]],[[-121.95453,36.51905],[-121.95453,36.51905]],[[-121.95256,36.51905],[-121.95256,36.51905]],[[-121.95172,36.51905],[-121.95172,36.51905]],[[-121.93964,36.51905],[-121.93964,36.51905]],[[-121.93782,36.51905],[-121.93782,36.51905]],[[-121.95228,36.51893],[-121.95228,36.51893]],[[-121.95186,36.51893],[-121.95186,36.51893]],[[-121.93922,36.51893],[-121.93922,36.51893]],[[-121.93838,36.51893],[-121.93838,36.51893]],[[-121.95537,36.5186],[-121.95551,36.51848],[-121.95537,36.51826],[-121.95523,36.51848],[-121.95537,36.5186]],[[-121.95607,36.51803],[-121.95622,36.51792],[-121.95622,36.51735],[-121.95579,36.51702],[-121.95565,36.51713],[-121.95565,36.51758],[-121.95607,36.51803]],[[-121.95256,36.51803],[-121.95256,36.51803]],[[-121.95593,36.51792],[-121.95593,36.51792]],[[-121.95664,36.51769],[-121.9565,36.51758],[-121.95664,36.51747]],[[-121.95579,36.51769],[-121.95579,36.51769]],[[-121.95228,36.51735],[-121.95228,36.51735]],[[-121.95242,36.51713],[-121.95242,36.51713]],[[-121.9499,36.51668],[-121.9499,36.51668]],[[-121.9513,36.51645],[-121.9513,36.51645]],[[-121.94607,36.50697],[-121.94656,36.50765],[-121.94644,36.5081],[-121.94603,36.50833],[-121.9454,36.50832],[-121.94512,36.50847],[-121.94442,36.50828],[-121.94405,36.50855],[-121.94554,36.50924],[-121.94582,36.50962],[-121.94539,36.50991],[-121.94574,36.51036],[-121.9461,36.51064],[-121.94638,36.51065],[-121.94731,36.51149],[-121.94863,36.51147],[-121.94895,36.5116],[-121.94891,36.51187],[-121.94839,36.51183],[-121.94862,36.51216],[-121.94862,36.51273],[-121.94891,36.51293],[-121.95018,36.51308],[-121.95071,36.51363],[-121.95113,36.51442],[-121.95158,36.51475],[-121.95172,36.51522],[-121.95298,36.51558],[-121.95355,36.51592],[-121.95399,36.51555],[-121.95397,36.51521],[-121.95425,36.5149],[-121.95481,36.51518],[-121.95495,36.51508],[-121.95491,36.51465],[-121.95509,36.51452],[-121.95664,36.51545]],[[-121.94428,36.51273],[-121.94428,36.51273]],[[-121.94386,36.51273],[-121.94386,36.51273]],[[-121.94414,36.51262],[-121.94414,36.51262]],[[-121.94231,36.51171],[-121.94231,36.51171]],[[-121.94189,36.51036],[-121.94189,36.51036]],[[-121.94259,36.50979],[-121.94259,36.50979]],[[-121.94287,36.509],[-121.94301,36.50889],[-121.94287,36.50878],[-121.94273,36.50889],[-121.94287,36.509]],[[-121.94273,36.50889],[-121.94287,36.50878],[-121.94273,36.50867],[-121.94259,36.50878],[-121.94273,36.50889]],[[-121.94329,36.5081],[-121.94329,36.5081]],[[-121.94273,36.5081],[-121.94273,36.5081]],[[-121.94259,36.50799],[-121.94259,36.50799]],[[-121.94217,36.50799],[-121.94217,36.50799]],[[-121.94175,36.50799],[-121.94175,36.50799]],[[-121.94161,36.50799],[-121.94161,36.50799]],[[-121.94105,36.50799],[-121.94105,36.50799]],[[-121.94259,36.50697],[-121.94343,36.50765],[-121.9445,36.50731],[-121.94484,36.50776],[-121.94512,36.50754],[-121.94512,36.5072],[-121.94484,36.50697]],[[-121.94245,36.50776],[-121.94245,36.50776]],[[-121.94498,36.50765],[-121.94498,36.50765]],[[-121.94386,36.50754],[-121.94386,36.50754]],[[-121.94414,36.50742],[-121.94414,36.50742]],[[-121.94442,36.50731],[-121.94442,36.50731]]]},"properties":{"depth_m":20}},{"type":"Feature","geometry":{"type":"MultiLineString","coordinates":[[[-121.95467,36.56103],[-121.95415,36.56091],[-121.95383,36.56058],[-121.9533,36.5608],[-121.95298,36.56035],[-121.95256,36.56035],[-121.95214,36.56066],[-121.95186,36.56058],[-121.95172,36.56088],[-121.95144,36.56103]],[[-121.94091,36.56103],[-121.94105,36.5608],[-121.94077,36.56058],[-121.94059,36.5608],[-121.9402,36.5608],[-121.93992,36.56103]],[[-121.93894,36.56103],[-121.93908,36.56091],[-121.9395,36.561],[-121.93964,36.5608],[-121.93978,36.56103]],[[-121.93571,36.56103],[-121.93557,36.56091],[-121.93515,36.56103],[-121.93487,36.5608],[-121.93417,36.5608],[-121.93276,36.55933],[-121.9322,36.55742],[-121.93108,36.55505],[-121.93108,36.55437],[-121.93065,36.55324],[-121.93051,36.55211],[-121.93009,36.5511],[-121.92981,36.5485],[-121.92967,36.54839],[-121.92981,36.54681],[-121.93037,36.54591],[-121.93136,36.54515],[-121.93164,36.54534],[-121.93248,36.54458],[-121.93276,36.54489],[-121.93304,36.54478],[-121.93304,36.54458],[-121.93346,36.54478],[-121.93388,36.54466],[-121.93374,36.54413],[-121.93388,36.54421],[-121.93431,36.54387],[-121.93417,36.54365],[-121.93431,36.54354],[-121.93402,36.5435],[-121.93392,36.54331],[-121.93402,36.5432],[-121.93374,36.54297],[-121.9335,36.54297],[-121.93374,36.54275],[-121.93346,36.54252],[-121.93332,36.54173],[-121.93308,36.54162],[-121.93336,36.54128],[-121.93431,36.54139],[-121.93445,36.54117],[-121.9336,36.54094],[-121.93346,36.54083],[-121.9336,36.5406],[-121.93346,36.54049],[-121.93332,36.54057],[-121.93318,36.54038],[-121.9329,36.54038],[-121.93304,36.54026],[-121.93318,36.54038],[-121.93346,36.54015],[-121.9329,36.5397],[-121.9329,36.53936],[-121.93248,36.53891],[-121.9322,36.53913],[-121.93178,36.53902],[-121.93136,36.53947],[-121.93051,36.53936],[-121.92981,36.53868],[-121.92883,36.53733],[-121.92869,36.53609],[-121.92855,36.53597],[-121.92855,36.53518],[-121.92841,36.53507],[-121.92841,36.53439],[-121.92855,36.53428],[-121.92831,36.53417],[-121.92841,36.53394],[-121.92813,36.53327],[-121.92761,36.53304],[-121.92742,36.5327],[-121.927,36.53248],[-121.927,36.53146],[-121.9263,36.5309],[-121.92574,36.52999],[-121.92574,36.52924],[-121.92602,36.52909],[-121.9263,36.52808],[-121.92588,36.52785],[-121.92588,36.52729],[-121.92532,36.52672],[-121.92532,36.52582],[-121.92546,36.52571],[-121.92546,36.52537],[-121.927,36.52356],[-121.92799,36.52288],[-121.92869,36.52266],[-121.92953,36.52277],[-121.92967,36.52288],[-121.92967,36.52334],[-121.92991,36.52345],[-121.92981,36.52356],[-121.92995,36.52367],[-121.93009,36.52356],[-121.93051,36.5239],[-121.93079,36.52359],[-121.93108,36.52367],[-121.9315,36.52348],[-121.93178,36.52367],[-121.9322,36.52345],[-121.93248,36.52356],[-121.93262,36.52337],[-121.9329,36.52337],[-121.93318,36.52401],[-121.93346,36.52367],[-121.93399,36.52356],[-121.93445,36.52401],[-121.93473,36.52401],[-121.93487,36.52367],[-121.93445,36.52334],[-121.93388,36.52322],[-121.9336,36.52288],[-121.93417,36.52232],[-121.93483,36.52232],[-121.93487,36.52266],[-121.93473,36.52277],[-121.93487,36.52288],[-121.93529,36.52292],[-121.93543,36.52322],[-121.93571,36.523],[-121.93627,36.52356],[-121.93655,36.52348],[-121.93697,36.52379],[-121.93715,36.52345],[-121.9374,36.52334],[-121.93754,36.52345],[-121.93782,36.52322],[-121.93768,36.52311],[-121.9374,36.52334],[-121.93768,36.52311],[-121.93754,36.52288],[-121.93782,36.52288],[-121.9381,36.52266],[-121.93744,36.52209],[-121.93768,36.52198],[-121.93754,36.52187],[-121.93697,36.52164],[-121.93669,36.52172],[-121.93641,36.5213],[-121.93683,36.521],[-121.93726,36.52142],[-121.93782,36.5213],[-121.93782,36.52085],[-121.93754,36.5204],[-121.93711,36.52029],[-121.93683,36.51995],[-121.9374,36.51984],[-121.93726,36.5195],[-121.93744,36.51927],[-121.93838,36.51893],[-121.93922,36.51893],[-121.94006,36.51916],[-121.94087,36.51972],[-121.94006,36.52074],[-121.93992,36.52119],[-121.94063,36.52153],[-121.94049,36.52187],[-121.94105,36.52221],[-121.94133,36.52209],[-121.94123,36.52176],[-121.94245,36.52164],[-121.94231,36.5213],[-121.94231,36.52097],[-121.94245,36.52085],[-121.94343,36.52074],[-121.94414,36.52097],[-121.94456,36.52088],[-121.94456,36.5213],[-121.94442,36.52142],[-121.94451,36.52153],[-121.94428,36.52164],[-121.94442,36.52209],[-121.9454,36.52243],[-121.94582,36.52288],[-121.94638,36.523],[-121.94807,36.52401],[-121.94863,36.52367],[-121.94891,36.52379],[-121.94905,36.52367],[-121.94905,36.52322],[-121.94835,36.52255],[-121.94835,36.52235],[-121.94863,36.52266],[-121.94919,36.52277],[-121.94961,36.52266],[-121.94961,36.52142],[-121.94947,36.52122],[-121.94961,36.52119],[-121.94975,36.52153],[-121.95004,36.52176],[-121.95032,36.52176],[-121.95032,36.52198],[-121.95088,36.52232],[-121.95102,36.52266],[-121.95313,36.52413],[-121.95341,36.5239],[-121.95341,36.52334],[-121.95369,36.52367],[-121.95397,36.5236],[-121.95411,36.5239],[-121.95467,36.52435],[-121.95495,36.52413],[-121.95474,36.52379],[-121.95495,36.52367],[-121.95388,36.52277],[-121.95453,36.5227],[-121.95495,36.52288],[-121.95523,36.52232],[-121.95453,36.52187],[-121.95439,36.52194],[-121.95439,36.52176],[-121.95397,36.52149],[-121.95411,36.52119],[-121.95313,36.52063],[-121.95256,36.5204],[-121.95176,36.52051],[-121.95186,36.52006],[-121.95158,36.51972],[-121.9513,36.51969],[-121.95186,36.51893],[-121.95256,36.51905],[-121.95341,36.51972],[-121.95439,36.5195],[-121.95453,36.51939],[-121.95429,36.51916],[-121.95467,36.51882],[-121.95425,36.51792],[-121.95369,36.51747],[-121.95327,36.51747],[-121.95298,36.51769],[-121.95298,36.51811],[-121.95246,36.51814],[-121.95242,36.51792],[-121.9527,36.51814],[-121.95284,36.51803],[-121.9527,36.51781],[-121.95242,36.51792],[-121.95228,36.51758],[-121.95256,36.5169],[-121.95186,36.51645],[-121.95158,36.51664],[-121.95144,36.51657],[-121.9513,36.51645],[-121.95144,36.51623],[-121.9513,36.51611],[-121.95074,36.51657],[-121.95046,36.51702],[-121.95004,36.5171],[-121.9499,36.5169],[-121.95004,36.51634],[-121.94961,36.516],[-121.94961,36.51566],[-121.94933,36.51544],[-121.94905,36.51544],[-121.94891,36.51563],[-121.94877,36.51521],[-121.94821,36.51487],[-121.94807,36.51397],[-121.94779,36.51374],[-121.94765,36.51382],[-121.94737,36.51341],[-121.94699,36.51352],[-121.94666,36.51318],[-121.9461,36.51307],[-121.94572,36.51318],[-121.9454,36.51273],[-121.94498,36.51273],[-121.94442,36.51315],[-121.94428,36.51295],[-121.944,36.51307],[-121.94386,36.51284],[-121.944,36.51253],[-121.94442,36.51284],[-121.9447,36.51273],[-121.9447,36.5125],[-121.94414,36.51205],[-121.94372,36.51183],[-121.94329,36.5119],[-121.94315,36.51171],[-121.94221,36.51183],[-121.94245,36.5116],[-121.94221,36.51104],[-121.94245,36.51092],[-121.94231,36.51081],[-121.94217,36.511],[-121.94217,36.5107],[-121.94189,36.51036],[-121.94207,36.51013],[-121.94259,36.51002],[-121.94273,36.50968],[-121.94231,36.50946],[-121.94217,36.50915],[-121.94273,36.509],[-121.94231,36.50844],[-121.94217,36.50852],[-121.94203,36.50833],[-121.94123,36.50844],[-121.94091,36.50802],[-121.94203,36.5081],[-121.94231,36.50788],[-121.94231,36.50768],[-121.94287,36.50821],[-121.94315,36.50821],[-121.94343,36.50788],[-121.94245,36.50717],[-121.94245,36.50697]],[[-121.95664,36.56002],[-121.95411,36.55833],[-121.95313,36.558],[-121.95242,36.55803],[-121.95088,36.55842],[-121.95032,36.55824],[-121.95004,36.55834],[-121.94975,36.5586],[-121.94933,36.55868],[-121.94933,36.55911],[-121.94905,36.55945],[-121.94765,36.55928],[-121.94724,36.559],[-121.94568,36.55617],[-121.94426,36.55403],[-121.9411,36.55019],[-121.94111,36.54997],[-121.9415,36.54963],[-121.94161,36.54873],[-121.94198,36.54839],[-121.94175,36.54816],[-121.94166,36.54771],[-121.94121,36.54726],[-121.9412,36.54681],[-121.94146,36.54658],[-121.94132,36.54624],[-121.94152,36.54591],[-121.94124,36.54545],[-121.94143,36.54523],[-121.94191,36.54523],[-121.94119,36.54484],[-121.9411,36.54455],[-121.94006,36.54416],[-121.93992,36.54387],[-121.94045,36.54376],[-121.94021,36.5432],[-121.93894,36.54254],[-121.93867,36.54207],[-121.93824,36.54193],[-121.93803,36.54162],[-121.9381,36.54121],[-121.9374,36.54121],[-121.93669,36.54072],[-121.93668,36.54049],[-121.93704,36.54004],[-121.9371,36.5397],[-121.93653,36.53925],[-121.93669,36.5388],[-121.93655,36.53846],[-121.93691,36.53823],[-121.9368,36.53801],[-121.93445,36.53623],[-121.93248,36.5357],[-121.93164,36.53524],[-121.93172,36.53372],[-121.93108,36.53327],[-121.93083,36.53282],[-121.92927,36.53169],[-121.92963,36.53056],[-121.92863,36.52999],[-121.92798,36.52943],[-121.92786,36.52887],[-121.92797,36.5283],[-121.92766,36.52774],[-121.92809,36.52729],[-121.92767,36.52661],[-121.92808,36.52548],[-121.92911,36.52516],[-121.92973,36.52548],[-121.93009,36.52614],[-121.93032,36.52627],[-121.93234,36.52605],[-121.9329,36.52559],[-121.93374,36.5254],[-121.93473,36.52568],[-121.93529,36.52605],[-121.93627,36.52614],[-121.93697,36.52644],[-121.93754,36.5264],[-121.93801,36.52593],[-121.93753,36.52525],[-121.93796,36.52497],[-121.93838,36.5249],[-121.93818,36.52446],[-121.93833,36.5239],[-121.93964,36.52339],[-121.94105,36.52388],[-121.94175,36.52386],[-121.94217,36.5241],[-121.94287,36.52406],[-121.94343,36.52442],[-121.94378,36.52413],[-121.94351,36.52345],[-121.94358,36.5231],[-121.94386,36.52286],[-121.94442,36.52288],[-121.94496,36.52334],[-121.94512,36.52386],[-121.94591,36.52435],[-121.94574,36.52469],[-121.94659,36.52514],[-121.9467,36.52548],[-121.94723,36.52576],[-121.94738,36.52559],[-121.94712,36.52525],[-121.94723,36.52522],[-121.94807,36.52522],[-121.94849,36.52507],[-121.94905,36.52537],[-121.94975,36.52542],[-121.94988,36.52525],[-121.94956,36.5248],[-121.94961,36.52459],[-121.9499,36.52445],[-121.95032,36.52482],[-121.9506,36.52485],[-121.95091,36.52458],[-121.95083,36.52435],[-121.95116,36.52385],[-121.95172,36.52397],[-121.95298,36.5248],[-121.95273,36.52503],[-121.95284,36.52519],[-121.95394,36.52514],[-121.95369,36.52478],[-121.95313,36.52463],[-121.95287,36.52435],[-121.95439,36.52458],[-121.95495,36.52485],[-121.95523,36.52469],[-121.95524,36.52401],[-121.95537,36.5239],[-121.95579,36.52378],[-121.95622,36.52398],[-121.95632,36.5239],[-121.95623,36.52345],[-121.95636,36.52335],[-121.95664,36.52348]],[[-121.94933,36.559],[-121.94933,36.559]],[[-121.92967,36.54737],[-121.92967,36.54737]],[[-121.92981,36.54681],[-121.92981,36.54681]],[[-121.92995,36.54658],[-121.92995,36.54658]],[[-121.93009,36.54636],[-121.93009,36.54636]],[[-121.93023,36.54613],[-121.93023,36.54613]],[[-121.93037,36.54591],[-121.93037,36.54591]],[[-121.93051,36.54579],[-121.93051,36.54579]],[[-121.93065,36.54568],[-121.93065,36.54568]],[[-121.93079,36.54557],[-121.93079,36.54557]],[[-121.93094,36.54545],[-121.93094,36.54545]],[[-121.93108,36.54534],[-121.93108,36.54534]],[[-121.94091,36.54516],[-121.94105,36.54495],[-121.9406,36.54489],[-121.94065,36.54512],[-121.94091,36.54516]],[[-121.93178,36.54523],[-121.93178,36.54523]],[[-121.93122,36.54523],[-121.93122,36.54523]],[[-121.93192,36.545],[-121.93192,36.545]],[[-121.93206,36.54489],[-121.93206,36.54489]],[[-121.93262,36.54478],[-121.93262,36.54478]],[[-121.9322,36.54478],[-121.9322,36.54478]],[[-121.93332,36.54466],[-121.93332,36.54466]],[[-121.93234,36.54466],[-121.93234,36.54466]],[[-121.93402,36.5441],[-121.93402,36.5441]],[[-121.93417,36.54399],[-121.93417,36.54399]],[[-121.93992,36.54387],[-121.93992,36.54387]],[[-121.93417,36.54365],[-121.93417,36.54365]],[[-121.93445,36.54354],[-121.93473,36.54331],[-121.93431,36.54308],[-121.93417,36.54331],[-121.93445,36.54354]],[[-121.93459,36.54342],[-121.93459,36.54342]],[[-121.93431,36.54342],[-121.93431,36.54342]],[[-121.93318,36.5415],[-121.93318,36.5415]],[[-121.9336,36.54128],[-121.9336,36.54128]],[[-121.93346,36.54071],[-121.93346,36.54071]],[[-121.93445,36.54049],[-121.93459,36.54038],[-121.93445,36.54026],[-121.93431,36.54038],[-121.93445,36.54049]],[[-121.93683,36.54026],[-121.93683,36.54026]],[[-121.93332,36.54026],[-121.93332,36.54026]],[[-121.93304,36.54026],[-121.93304,36.54026]],[[-121.93697,36.54015],[-121.93697,36.54015]],[[-121.93655,36.53902],[-121.93655,36.53902]],[[-121.93641,36.53688],[-121.93613,36.53693],[-121.9359,36.53676],[-121.9361,36.53654],[-121.93641,36.53653],[-121.93653,36.53676],[-121.93641,36.53688]],[[-121.93599,36.53665],[-121.93599,36.53665]],[[-121.92841,36.53439],[-121.92841,36.53439]],[[-121.92602,36.52875],[-121.92602,36.52875]],[[-121.92616,36.5283],[-121.92616,36.5283]],[[-121.94877,36.52629],[-121.94862,36.52627],[-121.94877,36.52629]],[[-121.92532,36.52582],[-121.92532,36.52582]],[[-121.92546,36.52537],[-121.92546,36.52537]],[[-121.94358,36.52523],[-121.94364,36.52503],[-121.94336,36.52492],[-121.94331,36.52503],[-121.94358,36.52523]],[[-121.9256,36.52525],[-121.9256,36.52525]],[[-121.92574,36.52503],[-121.92574,36.52503]],[[-121.92588,36.52492],[-121.92588,36.52492]],[[-121.92602,36.52469],[-121.92602,36.52469]],[[-121.92616,36.52458],[-121.92616,36.52458]],[[-121.94709,36.52446],[-121.94723,36.52424],[-121.94695,36.52413],[-121.94681,36.52424],[-121.94709,36.52446]],[[-121.9263,36.52446],[-121.9263,36.52446]],[[-121.94695,36.52435],[-121.94695,36.52435]],[[-121.95481,36.52424],[-121.95481,36.52424]],[[-121.95453,36.52424],[-121.95453,36.52424]],[[-121.94568,36.52424],[-121.94568,36.52424]],[[-121.92644,36.52424],[-121.92644,36.52424]],[[-121.95439,36.52413],[-121.95439,36.52413]],[[-121.92658,36.52413],[-121.92658,36.52413]],[[-121.95425,36.52401],[-121.95425,36.52401]],[[-121.95327,36.52401],[-121.95327,36.52401]],[[-121.95298,36.52401],[-121.95298,36.52401]],[[-121.94695,36.52401],[-121.94709,36.5239],[-121.94695,36.52379],[-121.94681,36.5239],[-121.94695,36.52401]],[[-121.95284,36.5239],[-121.95284,36.5239]],[[-121.94821,36.5239],[-121.94821,36.5239]],[[-121.94793,36.5239],[-121.94793,36.5239]],[[-121.94189,36.5239],[-121.94189,36.5239]],[[-121.93431,36.5239],[-121.93431,36.5239]],[[-121.92672,36.5239],[-121.92672,36.5239]],[[-121.95411,36.52379],[-121.95411,36.52379]],[[-121.9527,36.52379],[-121.9527,36.52379]],[[-121.94849,36.52379],[-121.94849,36.52379]],[[-121.94765,36.52379],[-121.94765,36.52379]],[[-121.93417,36.52379],[-121.93417,36.52379]],[[-121.93332,36.52379],[-121.93332,36.52379]],[[-121.93037,36.52379],[-121.93037,36.52379]],[[-121.92686,36.52379],[-121.92686,36.52379]],[[-121.95256,36.52367],[-121.95256,36.52367]],[[-121.94877,36.52367],[-121.94877,36.52367]],[[-121.94863,36.52367],[-121.94863,36.52367]],[[-121.94737,36.52367],[-121.94737,36.52367]],[[-121.93669,36.52367],[-121.93669,36.52367]],[[-121.93346,36.52367],[-121.93346,36.52367]],[[-121.93065,36.52367],[-121.93065,36.52367]],[[-121.93023,36.52367],[-121.93023,36.52367]],[[-121.95242,36.52356],[-121.95242,36.52356]],[[-121.94723,36.52356],[-121.94723,36.52356]],[[-121.93388,36.52356],[-121.93388,36.52356]],[[-121.93192,36.52356],[-121.93192,36.52356]],[[-121.93164,36.52356],[-121.93164,36.52356]],[[-121.93122,36.52356],[-121.93122,36.52356]],[[-121.93009,36.52356],[-121.93009,36.52356]],[[-121.927,36.52356],[-121.927,36.52356]],[[-121.95355,36.52345],[-121.95355,36.52345]],[[-121.95228,36.52345],[-121.95228,36.52345]],[[-121.94709,36.52345],[-121.94709,36.52345]],[[-121.93613,36.52345],[-121.93613,36.52345]],[[-121.93304,36.52345],[-121.93304,36.52345]],[[-121.93234,36.52345],[-121.93234,36.52345]],[[-121.9322,36.52345],[-121.9322,36.52345]],[[-121.92714,36.52345],[-121.92714,36.52345]],[[-121.95341,36.52334],[-121.95341,36.52334]],[[-121.95214,36.52334],[-121.95214,36.52334]],[[-121.94695,36.52334],[-121.94695,36.52334]],[[-121.94091,36.52334],[-121.94119,36.52277],[-121.94105,36.52255],[-121.94063,36.52277],[-121.94063,36.52322],[-121.94091,36.52334]],[[-121.93768,36.52334],[-121.93768,36.52334]],[[-121.92728,36.52334],[-121.92728,36.52334]],[[-121.952,36.52322],[-121.952,36.52322]],[[-121.94666,36.52322],[-121.94666,36.52322]],[[-121.93599,36.52322],[-121.93599,36.52322]],[[-121.92742,36.52322],[-121.92742,36.52322]],[[-121.95664,36.52307],[-121.95636,36.52279],[-121.95593,36.52266],[-121.95566,36.52198],[-121.95578,36.52176],[-121.95617,36.52176],[-121.95636,36.52159],[-121.95664,36.52165]],[[-121.95509,36.52311],[-121.95523,36.523],[-121.95509,36.52288],[-121.95495,36.523],[-121.95509,36.52311]],[[-121.95172,36.52311],[-121.95172,36.52311]],[[-121.94652,36.52311],[-121.94652,36.52311]],[[-121.93585,36.52311],[-121.93585,36.52311]],[[-121.92756,36.52311],[-121.92756,36.52311]],[[-121.95158,36.523],[-121.95158,36.523]],[[-121.94638,36.523],[-121.94638,36.523]],[[-121.93571,36.523],[-121.93571,36.523]],[[-121.92785,36.523],[-121.92785,36.523]],[[-121.9513,36.52288],[-121.9513,36.52288]],[[-121.94596,36.52288],[-121.94596,36.52288]],[[-121.94442,36.52288],[-121.94442,36.52288]],[[-121.94105,36.52288],[-121.94105,36.52288]],[[-121.93754,36.52288],[-121.93754,36.52288]],[[-121.93501,36.52288],[-121.93501,36.52288]],[[-121.9336,36.52288],[-121.9336,36.52288]],[[-121.92967,36.52288],[-121.92967,36.52288]],[[-121.92799,36.52288],[-121.92799,36.52288]],[[-121.95481,36.52277],[-121.95481,36.52277]],[[-121.95116,36.52277],[-121.95116,36.52277]],[[-121.93796,36.52277],[-121.93796,36.52277]],[[-121.92953,36.52277],[-121.92953,36.52277]],[[-121.92827,36.52277],[-121.92827,36.52277]],[[-121.94905,36.52266],[-121.94905,36.52266]],[[-121.94568,36.52266],[-121.94568,36.52266]],[[-121.93374,36.52266],[-121.93374,36.52266]],[[-121.92911,36.52266],[-121.92911,36.52266]],[[-121.92869,36.52266],[-121.92869,36.52266]],[[-121.95509,36.52255],[-121.95509,36.52255]],[[-121.95102,36.52255],[-121.95102,36.52255]],[[-121.94554,36.52255],[-121.94554,36.52255]],[[-121.93388,36.52255],[-121.93388,36.52255]],[[-121.94849,36.52243],[-121.94849,36.52243]],[[-121.9454,36.52243],[-121.9454,36.52243]],[[-121.93402,36.52243],[-121.93402,36.52243]],[[-121.95088,36.52232],[-121.95088,36.52232]],[[-121.94498,36.52232],[-121.94498,36.52232]],[[-121.93417,36.52232],[-121.93417,36.52232]],[[-121.95074,36.52221],[-121.95074,36.52221]],[[-121.9447,36.52221],[-121.9447,36.52221]],[[-121.9506,36.52209],[-121.9506,36.52209]],[[-121.94442,36.52198],[-121.94442,36.52198]],[[-121.94063,36.52198],[-121.94063,36.52198]],[[-121.95032,36.52176],[-121.95032,36.52176]],[[-121.9499,36.52164],[-121.9499,36.52164]],[[-121.94175,36.52164],[-121.94175,36.52164]],[[-121.94161,36.52164],[-121.94161,36.52164]],[[-121.94063,36.52153],[-121.94063,36.52153]],[[-121.95397,36.52142],[-121.95397,36.52142]],[[-121.94049,36.52142],[-121.94049,36.52142]],[[-121.94975,36.5213],[-121.94975,36.5213]],[[-121.94034,36.5213],[-121.94034,36.5213]],[[-121.93711,36.5213],[-121.93711,36.5213]],[[-121.93641,36.5213],[-121.93641,36.5213]],[[-121.94961,36.52119],[-121.94961,36.52119]],[[-121.93697,36.52108],[-121.93697,36.52108]],[[-121.94231,36.52097],[-121.94231,36.52097]],[[-121.944,36.52085],[-121.944,36.52085]],[[-121.94245,36.52085],[-121.94245,36.52085]],[[-121.94343,36.52074],[-121.94343,36.52074]],[[-121.94329,36.52074],[-121.94329,36.52074]],[[-121.93683,36.51995],[-121.93683,36.51995]],[[-121.93711,36.51984],[-121.93711,36.51984]],[[-121.93697,36.51984],[-121.93697,36.51984]],[[-121.95397,36.51961],[-121.95397,36.51961]],[[-121.95327,36.51961],[-121.95327,36.51961]],[[-121.9513,36.51961],[-121.9513,36.51961]],[[-121.94077,36.51961],[-121.94077,36.51961]],[[-121.95411,36.5195],[-121.95411,36.5195]],[[-121.95298,36.5195],[-121.95298,36.5195]],[[-121.94063,36.5195],[-121.94063,36.5195]],[[-121.93726,36.5195],[-121.93726,36.5195]],[[-121.95284,36.51939],[-121.95284,36.51939]],[[-121.95144,36.51939],[-121.95144,36.51939]],[[-121.94034,36.51939],[-121.94034,36.51939]],[[-121.95158,36.51927],[-121.95158,36.51927]],[[-121.9402,36.51927],[-121.9402,36.51927]],[[-121.9527,36.51916],[-121.9527,36.51916]],[[-121.94006,36.51916],[-121.94006,36.51916]],[[-121.93768,36.51916],[-121.93768,36.51916]],[[-121.95453,36.51905],[-121.95453,36.51905]],[[-121.95256,36.51905],[-121.95256,36.51905]],[[-121.95172,36.51905],[-121.95172,36.51905]],[[-121.93964,36.51905],[-121.93964,36.51905]],[[-121.93782,36.51905],[-121.93782,36.51905]],[[-121.95228,36.51893],[-121.95228,36.51893]],[[-121.95186,36.51893],[-121.95186,36.51893]],[[-121.93922,36.51893],[-121.93922,36.51893]],[[-121.93838,36.51893],[-121.93838,36.51893]],[[-121.95537,36.5186],[-121.95551,36.51848],[-121.95537,36.51826],[-121.95523,36.51848],[-121.95537,36.5186]],[[-121.95607,36.51803],[-121.95622,36.51792],[-121.95622,36.51735],[-121.95579,36.51702],[-121.95565,36.51713],[-121.95565,36.51758],[-121.95607,36.51803]],[[-121.95256,36.51803],[-121.95256,36.51803]],[[-121.95593,36.51792],[-121.95593,36.51792]],[[-121.95664,36.51769],[-121.9565,36.51758],[-121.95664,36.51747]],[[-121.95579,36.51769],[-121.95579,36.51769]],[[-121.95228,36.51735],[-121.95228,36.51735]],[[-121.95242,36.51713],[-121.95242,36.51713]],[[-121.9499,36.51668],[-121.9499,36.51668]],[[-121.9513,36.51645],[-121.9513,36.51645]],[[-121.95664,36.51535],[-121.95551,36.51463],[-121.95467,36.5143],[-121.95383,36.51428],[-121.95355,36.51467],[-121.95313,36.51472],[-121.95293,36.51408],[-121.95256,36.51375],[-121.952,36.51384],[-121.9513,36.51331],[-121.9495,36.5125],[-121.9495,36.51216],[-121.9498,36.51183],[-121.94955,36.51149],[-121.94801,36.51115],[-121.94807,36.5107],[-121.94737,36.51058],[-121.94727,36.51013],[-121.94637,36.51025],[-121.94555,36.50878],[-121.94583,36.50855],[-121.94702,36.50821],[-121.94699,36.50731],[-121.94683,36.50697]],[[-121.95242,36.51374],[-121.95242,36.51374]],[[-121.95256,36.51319],[-121.95228,36.51283],[-121.95197,36.51284],[-121.95256,36.51319]],[[-121.94428,36.51273],[-121.94428,36.51273]],[[-121.94386,36.51273],[-121.94386,36.51273]],[[-121.94414,36.51262],[-121.94414,36.51262]],[[-121.94231,36.51171],[-121.94231,36.51171]],[[-121.94189,36.51036],[-121.94189,36.51036]],[[-121.94259,36.50979],[-121.94259,36.50979]],[[-121.94287,36.509],[-121.94301,36.50889],[-121.94287,36.50878],[-121.94273,36.50889],[-121.94287,36.509]],[[-121.94273,36.50889],[-121.94287,36.50878],[-121.94273,36.50867],[-121.94259,36.50878],[-121.94273,36.50889]],[[-121.94329,36.5081],[-121.94329,36.5081]],[[-121.94273,36.5081],[-121.94273,36.5081]],[[-121.94259,36.50799],[-121.94259,36.50799]],[[-121.94217,36.50799],[-121.94217,36.50799]],[[-121.94175,36.50799],[-121.94175,36.50799]],[[-121.94161,36.50799],[-121.94161,36.50799]],[[-121.94105,36.50799],[-121.94105,36.50799]],[[-121.94259,36.50697],[-121.94343,36.50765],[-121.94452,36.50731],[-121.94484,36.50776],[-121.94512,36.50754],[-121.94512,36.5072],[-121.94484,36.50697]],[[-121.94245,36.50776],[-121.94245,36.50776]],[[-121.94498,36.50765],[-121.94498,36.50765]],[[-121.94386,36.50754],[-121.94386,36.50754]],[[-121.94414,36.50742],[-121.94414,36.50742]],[[-121.94442,36.50731],[-121.94442,36.50731]]]},"properties":{"depth_m":25}},{"type":"Feature","geometry":{"type":"MultiLineString","coordinates":[[[-121.95467,36.56103],[-121.95413,36.56091],[-121.95383,36.56058],[-121.95328,36.5608],[-121.95298,36.56035],[-121.95256,36.56035],[-121.95214,36.56067],[-121.95186,36.56058],[-121.95172,36.5609],[-121.95144,36.56103]],[[-121.94091,36.56103],[-121.94105,36.5608],[-121.94077,36.56058],[-121.94061,36.5608],[-121.9402,36.5608],[-121.93992,36.56103]],[[-121.93894,36.56103],[-121.93908,36.56091],[-121.9395,36.56101],[-121.93964,36.5608],[-121.93978,36.56103]],[[-121.93571,36.56103],[-121.93557,36.56091],[-121.93515,36.56103],[-121.93487,36.5608],[-121.93417,36.5608],[-121.93276,36.55933],[-121.9322,36.55742],[-121.93108,36.55505],[-121.93108,36.55437],[-121.93065,36.55324],[-121.93051,36.55211],[-121.93009,36.5511],[-121.92981,36.5485],[-121.92967,36.54839],[-121.92981,36.54681],[-121.93037,36.54591],[-121.93136,36.54513],[-121.93164,36.54534],[-121.93248,36.54457],[-121.93276,36.54489],[-121.93304,36.54478],[-121.93304,36.54457],[-121.93346,36.54478],[-121.93388,36.54466],[-121.93374,36.54411],[-121.93388,36.54421],[-121.93431,36.54387],[-121.93417,36.54365],[-121.93431,36.54354],[-121.93417,36.54342],[-121.93402,36.54352],[-121.9339,36.54331],[-121.93402,36.5432],[-121.93374,36.54297],[-121.93348,36.54297],[-121.93374,36.54275],[-121.93346,36.54252],[-121.93332,36.54173],[-121.93306,36.54162],[-121.93334,36.54128],[-121.93431,36.54139],[-121.93445,36.54117],[-121.9336,36.54094],[-121.93346,36.54083],[-121.9336,36.5406],[-121.93346,36.54049],[-121.93332,36.54059],[-121.93318,36.54038],[-121.9329,36.54038],[-121.93304,36.54026],[-121.93318,36.54038],[-121.93346,36.54015],[-121.9329,36.5397],[-121.9329,36.53936],[-121.93248,36.53891],[-121.9322,36.53913],[-121.93178,36.53902],[-121.93136,36.53947],[-121.93051,36.53936],[-121.92981,36.53868],[-121.92883,36.53733],[-121.92869,36.53609],[-121.92855,36.53597],[-121.92855,36.53518],[-121.92841,36.53507],[-121.92841,36.53439],[-121.92855,36.53428],[-121.92829,36.53417],[-121.92841,36.53394],[-121.92813,36.53327],[-121.92785,36.53304],[-121.92758,36.53304],[-121.92742,36.5327],[-121.927,36.53248],[-121.927,36.53146],[-121.9263,36.5309],[-121.92574,36.52999],[-121.92574,36.52922],[-121.92602,36.52909],[-121.9263,36.52808],[-121.92588,36.52785],[-121.92576,36.52751],[-121.92588,36.52729],[-121.92532,36.52672],[-121.92532,36.52582],[-121.92546,36.52571],[-121.92546,36.52537],[-121.927,36.52356],[-121.92799,36.52288],[-121.92869,36.52266],[-121.92953,36.52277],[-121.92967,36.52288],[-121.92967,36.52334],[-121.92993,36.52345],[-121.92981,36.52356],[-121.92995,36.52367],[-121.93009,36.52356],[-121.93051,36.5239],[-121.93079,36.52358],[-121.93108,36.52367],[-121.9315,36.52346],[-121.93178,36.52367],[-121.9322,36.52345],[-121.93248,36.52356],[-121.93262,36.52335],[-121.9329,36.52335],[-121.93318,36.52401],[-121.93346,36.52367],[-121.93401,36.52356],[-121.93445,36.52401],[-121.93473,36.52401],[-121.93487,36.52367],[-121.93445,36.52334],[-121.93388,36.52322],[-121.9336,36.52288],[-121.93417,36.52232],[-121.93485,36.52232],[-121.93487,36.52266],[-121.93473,36.52277],[-121.93487,36.52288],[-121.93515,36.523],[-121.93529,36.5229],[-121.93543,36.52322],[-121.93571,36.523],[-121.93627,36.52356],[-121.93655,36.52346],[-121.93697,36.52379],[-121.93713,36.52345],[-121.9374,36.52334],[-121.93754,36.52345],[-121.93782,36.52322],[-121.93768,36.52311],[-121.9374,36.52334],[-121.93768,36.52311],[-121.93754,36.52288],[-121.93782,36.52288],[-121.9381,36.52266],[-121.93742,36.52209],[-121.93768,36.52198],[-121.93754,36.52187],[-121.93697,36.52164],[-121.93669,36.52174],[-121.93641,36.5213],[-121.93683,36.52098],[-121.93726,36.52142],[-121.93782,36.5213],[-121.93782,36.52085],[-121.93754,36.5204],[-121.9374,36.52029],[-121.93726,36.52039],[-121.93683,36.51995],[-121.9374,36.51984],[-121.93726,36.5195],[-121.93741,36.51927],[-121.93838,36.51893],[-121.93922,36.51893],[-121.94006,36.51916],[-121.94089,36.51972],[-121.94006,36.52074],[-121.93992,36.52119],[-121.94006,36.5213],[-121.9402,36.52121],[-121.94063,36.52153],[-121.94049,36.52187],[-121.94077,36.52209],[-121.94091,36.522],[-121.94105,36.52221],[-121.94133,36.52209],[-121.94121,36.52176],[-121.94245,36.52164],[-121.94231,36.5213],[-121.94231,36.52097],[-121.94245,36.52085],[-121.94343,36.52074],[-121.94414,36.52097],[-121.94456,36.52087],[-121.94456,36.5213],[-121.94442,36.52142],[-121.94454,36.52153],[-121.94428,36.52164],[-121.94442,36.52209],[-121.9454,36.52243],[-121.94582,36.52288],[-121.94638,36.523],[-121.94807,36.52401],[-121.94863,36.52367],[-121.94891,36.52379],[-121.94905,36.52367],[-121.94905,36.52322],[-121.94835,36.52255],[-121.94835,36.52233],[-121.94863,36.52266],[-121.94919,36.52277],[-121.94961,36.52266],[-121.9495,36.52255],[-121.94961,36.52243],[-121.94961,36.52142],[-121.94947,36.52121],[-121.94961,36.52119],[-121.94975,36.52153],[-121.95004,36.52176],[-121.95032,36.52176],[-121.95032,36.52198],[-121.95088,36.52232],[-121.95102,36.52266],[-121.95313,36.52413],[-121.95341,36.5239],[-121.95329,36.52334],[-121.95341,36.52334],[-121.95369,36.52367],[-121.95397,36.52358],[-121.95411,36.5239],[-121.95467,36.52435],[-121.95495,36.52413],[-121.9547,36.52379],[-121.95495,36.52367],[-121.95385,36.52277],[-121.95453,36.52268],[-121.95495,36.52288],[-121.95523,36.52232],[-121.95453,36.52187],[-121.95439,36.52196],[-121.95439,36.52176],[-121.95397,36.52151],[-121.95411,36.52119],[-121.95313,36.52063],[-121.95256,36.5204],[-121.95174,36.52051],[-121.95186,36.52006],[-121.95158,36.51972],[-121.9513,36.51971],[-121.95186,36.51893],[-121.95256,36.51905],[-121.95341,36.51972],[-121.95439,36.5195],[-121.95453,36.51939],[-121.95427,36.51916],[-121.95467,36.51882],[-121.95425,36.51792],[-121.95369,36.51747],[-121.95327,36.51747],[-121.95298,36.51769],[-121.95298,36.51813],[-121.95244,36.51814],[-121.95242,36.51792],[-121.9527,36.51814],[-121.95284,36.51803],[-121.9527,36.51781],[-121.95242,36.51792],[-121.95228,36.51758],[-121.95256,36.5169],[-121.95186,36.51645],[-121.95158,36.51666],[-121.9513,36.51645],[-121.95144,36.51623],[-121.9513,36.51611],[-121.95074,36.51657],[-121.95046,36.51702],[-121.95004,36.51711],[-121.9499,36.5169],[-121.95004,36.51634],[-121.94961,36.516],[-121.94961,36.51566],[-121.94933,36.51544],[-121.94905,36.51544],[-121.94891,36.51565],[-121.94877,36.51521],[-121.94821,36.51487],[-121.94807,36.51397],[-121.94779,36.51374],[-121.94765,36.51384],[-121.94737,36.51341],[-121.94696,36.51352],[-121.94666,36.51318],[-121.9461,36.51307],[-121.9457,36.51318],[-121.94568,36.51295],[-121.9454,36.51273],[-121.94498,36.51273],[-121.94442,36.51317],[-121.94428,36.51295],[-121.944,36.51307],[-121.94386,36.51284],[-121.944,36.51252],[-121.94442,36.51284],[-121.9447,36.51273],[-121.9447,36.5125],[-121.94414,36.51205],[-121.94372,36.51183],[-121.94329,36.51192],[-121.94315,36.51171],[-121.94219,36.51183],[-121.94245,36.5116],[-121.94219,36.51104],[-121.94245,36.51092],[-121.94231,36.51081],[-121.94217,36.51102],[-121.94217,36.5107],[-121.94189,36.51036],[-121.94205,36.51013],[-121.94259,36.51002],[-121.94273,36.50968],[-121.94231,36.50946],[-121.94217,36.50913],[-121.94273,36.509],[-121.94231,36.50844],[-121.94217,36.50854],[-121.94203,36.50833],[-121.94121,36.50844],[-121.94091,36.508],[-121.94203,36.5081],[-121.94231,36.50788],[-121.94231,36.50767],[-121.94287,36.50821],[-121.94315,36.50821],[-121.94343,36.50788],[-121.94245,36.50718],[-121.94245,36.50697]],[[-121.95664,36.52356],[-121.95622,36.52411],[-121.95579,36.52401],[-121.95551,36.52419],[-121.95509,36.52492],[-121.95439,36.52466],[-121.95369,36.52463],[-121.95436,36.52537],[-121.95284,36.5253],[-121.95245,36.52458],[-121.95186,36.52422],[-121.95172,36.52453],[-121.9513,36.52434],[-121.95103,36.52446],[-121.95102,36.52516],[-121.94992,36.5248],[-121.95021,36.52537],[-121.95004,36.52563],[-121.94975,36.52573],[-121.94905,36.52557],[-121.94821,36.52579],[-121.94779,36.5257],[-121.94765,36.52619],[-121.94709,36.52584],[-121.94652,36.52579],[-121.94623,36.52514],[-121.94554,36.52469],[-121.94537,36.52424],[-121.9447,36.52379],[-121.9442,36.52401],[-121.94346,36.52469],[-121.94383,36.52514],[-121.94358,36.52529],[-121.9431,36.52492],[-121.94301,36.52438],[-121.94245,36.5246],[-121.94189,36.52404],[-121.94147,36.52421],[-121.94049,36.52389],[-121.93908,36.52434],[-121.93895,36.52446],[-121.93904,36.5248],[-121.9389,36.52514],[-121.93818,36.52571],[-121.93843,36.52616],[-121.93754,36.52676],[-121.93641,36.52638],[-121.93557,36.52656],[-121.93459,36.52595],[-121.9336,36.52587],[-121.93262,36.52618],[-121.93122,36.52623],[-121.93023,36.52647],[-121.9297,36.52559],[-121.92925,36.52529],[-121.92821,36.52559],[-121.92777,36.5265],[-121.92825,36.5274],[-121.92778,36.52774],[-121.92808,36.5283],[-121.92797,36.52887],[-121.92807,36.52932],[-121.92869,36.5299],[-121.93005,36.53045],[-121.93002,36.53078],[-121.92957,36.53124],[-121.92949,36.53169],[-121.931,36.53282],[-121.93113,36.53315],[-121.93201,36.53372],[-121.93188,36.53462],[-121.93206,36.53505],[-121.93234,36.53532],[-121.9329,36.53527],[-121.93431,36.53573],[-121.93459,36.53561],[-121.93487,36.53519],[-121.93545,36.53518],[-121.93515,36.53485],[-121.9352,36.53462],[-121.93571,36.53468],[-121.93608,36.53496],[-121.93568,36.53541],[-121.93571,36.53569],[-121.93719,36.53654],[-121.93746,36.53733],[-121.93759,36.53834],[-121.93726,36.53891],[-121.9374,36.53946],[-121.93776,36.53992],[-121.93751,36.54038],[-121.93769,36.54083],[-121.93908,36.54156],[-121.94009,36.54241],[-121.94063,36.54243],[-121.94115,36.54331],[-121.94185,36.54342],[-121.94193,36.54376],[-121.94231,36.54406],[-121.94296,36.54421],[-121.94273,36.54453],[-121.94217,36.54431],[-121.94178,36.54444],[-121.94273,36.54495],[-121.94316,36.545],[-121.94269,36.54512],[-121.9429,36.54568],[-121.94237,36.54636],[-121.94243,36.54715],[-121.94275,36.54749],[-121.94263,36.54771],[-121.94276,36.54805],[-121.94261,36.54839],[-121.94265,36.54918],[-121.94293,36.54974],[-121.94428,36.5511],[-121.94709,36.55507],[-121.94911,36.55753],[-121.95004,36.55799],[-121.95074,36.55789],[-121.952,36.55803],[-121.9527,36.55766],[-121.95355,36.55772],[-121.95453,36.55811],[-121.95509,36.55861],[-121.9559,36.559],[-121.95664,36.55896]],[[-121.95256,36.55775],[-121.95256,36.55775]],[[-121.92967,36.54737],[-121.92967,36.54737]],[[-121.92981,36.54681],[-121.92981,36.54681]],[[-121.92995,36.54658],[-121.92995,36.54658]],[[-121.93009,36.54636],[-121.93009,36.54636]],[[-121.93023,36.54613],[-121.93023,36.54613]],[[-121.93037,36.54591],[-121.93037,36.54591]],[[-121.94287,36.54579],[-121.94287,36.54579]],[[-121.93051,36.54579],[-121.93051,36.54579]],[[-121.93065,36.54568],[-121.93065,36.54568]],[[-121.93079,36.54557],[-121.93079,36.54557]],[[-121.93094,36.54545],[-121.93094,36.54545]],[[-121.93108,36.54534],[-121.93108,36.54534]],[[-121.93178,36.54523],[-121.93178,36.54523]],[[-121.93122,36.54523],[-121.93122,36.54523]],[[-121.93192,36.545],[-121.93192,36.545]],[[-121.93206,36.54489],[-121.93206,36.54489]],[[-121.93262,36.54478],[-121.93262,36.54478]],[[-121.9322,36.54478],[-121.9322,36.54478]],[[-121.93332,36.54466],[-121.93332,36.54466]],[[-121.93234,36.54466],[-121.93234,36.54466]],[[-121.93402,36.5441],[-121.93402,36.5441]],[[-121.93417,36.54399],[-121.93417,36.54399]],[[-121.93417,36.54365],[-121.93417,36.54365]],[[-121.93445,36.54354],[-121.93473,36.54331],[-121.93431,36.54308],[-121.93417,36.54331],[-121.93445,36.54354]],[[-121.93459,36.54342],[-121.93459,36.54342]],[[-121.93431,36.54342],[-121.93431,36.54342]],[[-121.94077,36.54224],[-121.94077,36.54207],[-121.94077,36.54224]],[[-121.93318,36.5415],[-121.93318,36.5415]],[[-121.9336,36.54128],[-121.9336,36.54128]],[[-121.93346,36.54071],[-121.93346,36.54071]],[[-121.93445,36.54049],[-121.93459,36.54038],[-121.93445,36.54026],[-121.93431,36.54038],[-121.93445,36.54049]],[[-121.93332,36.54026],[-121.93332,36.54026]],[[-121.93304,36.54026],[-121.93304,36.54026]],[[-121.93782,36.53651],[-121.9379,36.53631],[-121.93768,36.53626],[-121.93761,36.53643],[-121.93782,36.53651]],[[-121.93529,36.53496],[-121.93529,36.53496]],[[-121.92841,36.53439],[-121.92841,36.53439]],[[-121.92799,36.52875],[-121.92799,36.52875]],[[-121.92602,36.52875],[-121.92602,36.52875]],[[-121.92616,36.5283],[-121.92616,36.5283]],[[-121.94891,36.52642],[-121.94897,36.52627],[-121.94877,36.52609],[-121.94849,36.52617],[-121.94863,36.52645],[-121.94891,36.52642]],[[-121.93641,36.52638],[-121.93641,36.52638]],[[-121.93627,36.52638],[-121.93627,36.52638]],[[-121.93304,36.52604],[-121.93304,36.52604]],[[-121.92532,36.52582],[-121.92532,36.52582]],[[-121.92546,36.52537],[-121.92546,36.52537]],[[-121.9256,36.52525],[-121.9256,36.52525]],[[-121.95256,36.52492],[-121.95256,36.52492]],[[-121.9461,36.52503],[-121.9461,36.52503]],[[-121.92574,36.52503],[-121.92574,36.52503]],[[-121.95467,36.5248],[-121.95467,36.5248]],[[-121.94596,36.52492],[-121.94596,36.52492]],[[-121.92588,36.52492],[-121.92588,36.52492]],[[-121.94568,36.5248],[-121.94568,36.5248]],[[-121.92602,36.52469],[-121.92602,36.52469]],[[-121.92616,36.52458],[-121.92616,36.52458]],[[-121.95537,36.52446],[-121.95537,36.52446]],[[-121.94709,36.52446],[-121.94723,36.52424],[-121.94695,36.52413],[-121.94681,36.52424],[-121.94709,36.52446]],[[-121.9263,36.52446],[-121.9263,36.52446]],[[-121.94695,36.52435],[-121.94695,36.52435]],[[-121.95481,36.52424],[-121.95481,36.52424]],[[-121.95453,36.52424],[-121.95453,36.52424]],[[-121.92644,36.52424],[-121.92644,36.52424]],[[-121.95439,36.52413],[-121.95439,36.52413]],[[-121.92658,36.52413],[-121.92658,36.52413]],[[-121.95425,36.52401],[-121.95425,36.52401]],[[-121.95327,36.52401],[-121.95327,36.52401]],[[-121.95298,36.52401],[-121.95298,36.52401]],[[-121.94695,36.52401],[-121.94709,36.5239],[-121.94695,36.52379],[-121.94681,36.5239],[-121.94695,36.52401]],[[-121.95284,36.5239],[-121.95284,36.5239]],[[-121.94821,36.5239],[-121.94821,36.5239]],[[-121.94793,36.5239],[-121.94793,36.5239]],[[-121.93431,36.5239],[-121.93431,36.5239]],[[-121.92672,36.5239],[-121.92672,36.5239]],[[-121.95411,36.52379],[-121.95411,36.52379]],[[-121.9527,36.52379],[-121.9527,36.52379]],[[-121.94849,36.52379],[-121.94849,36.52379]],[[-121.94765,36.52379],[-121.94765,36.52379]],[[-121.93417,36.52379],[-121.93417,36.52379]],[[-121.93332,36.52379],[-121.93332,36.52379]],[[-121.93037,36.52379],[-121.93037,36.52379]],[[-121.92686,36.52379],[-121.92686,36.52379]],[[-121.95256,36.52367],[-121.95256,36.52367]],[[-121.94877,36.52367],[-121.94877,36.52367]],[[-121.94863,36.52367],[-121.94863,36.52367]],[[-121.94737,36.52367],[-121.94737,36.52367]],[[-121.93669,36.52367],[-121.93669,36.52367]],[[-121.93346,36.52367],[-121.93346,36.52367]],[[-121.93065,36.52367],[-121.93065,36.52367]],[[-121.93023,36.52367],[-121.93023,36.52367]],[[-121.95242,36.52356],[-121.95242,36.52356]],[[-121.94723,36.52356],[-121.94723,36.52356]],[[-121.93388,36.52356],[-121.93388,36.52356]],[[-121.93192,36.52356],[-121.93192,36.52356]],[[-121.93164,36.52356],[-121.93164,36.52356]],[[-121.93122,36.52356],[-121.93122,36.52356]],[[-121.93009,36.52356],[-121.93009,36.52356]],[[-121.927,36.52356],[-121.927,36.52356]],[[-121.95355,36.52345],[-121.95355,36.52345]],[[-121.95228,36.52345],[-121.95228,36.52345]],[[-121.94709,36.52345],[-121.94709,36.52345]],[[-121.93613,36.52345],[-121.93613,36.52345]],[[-121.93304,36.52345],[-121.93304,36.52345]],[[-121.93234,36.52345],[-121.93234,36.52345]],[[-121.9322,36.52345],[-121.9322,36.52345]],[[-121.92714,36.52345],[-121.92714,36.52345]],[[-121.95341,36.52334],[-121.95341,36.52334]],[[-121.95214,36.52334],[-121.95214,36.52334]],[[-121.94695,36.52334],[-121.94695,36.52334]],[[-121.94091,36.52334],[-121.94119,36.52277],[-121.94105,36.52255],[-121.94063,36.52277],[-121.94063,36.52322],[-121.94091,36.52334]],[[-121.93768,36.52334],[-121.93768,36.52334]],[[-121.92728,36.52334],[-121.92728,36.52334]],[[-121.952,36.52322],[-121.952,36.52322]],[[-121.94666,36.52322],[-121.94666,36.52322]],[[-121.93599,36.52322],[-121.93599,36.52322]],[[-121.92742,36.52322],[-121.92742,36.52322]],[[-121.95509,36.52311],[-121.95523,36.523],[-121.95509,36.52288],[-121.95495,36.523],[-121.95509,36.52311]],[[-121.95172,36.52311],[-121.95172,36.52311]],[[-121.94652,36.52311],[-121.94652,36.52311]],[[-121.93585,36.52311],[-121.93585,36.52311]],[[-121.92756,36.52311],[-121.92756,36.52311]],[[-121.95664,36.52293],[-121.95618,36.52232],[-121.95636,36.52216],[-121.95664,36.52224]],[[-121.95158,36.523],[-121.95158,36.523]],[[-121.94638,36.523],[-121.94638,36.523]],[[-121.93571,36.523],[-121.93571,36.523]],[[-121.92785,36.523],[-121.92785,36.523]],[[-121.9513,36.52288],[-121.9513,36.52288]],[[-121.94596,36.52288],[-121.94596,36.52288]],[[-121.94105,36.52288],[-121.94105,36.52288]],[[-121.93754,36.52288],[-121.93754,36.52288]],[[-121.93501,36.52288],[-121.93501,36.52288]],[[-121.9336,36.52288],[-121.9336,36.52288]],[[-121.92967,36.52288],[-121.92967,36.52288]],[[-121.92799,36.52288],[-121.92799,36.52288]],[[-121.95481,36.52277],[-121.95481,36.52277]],[[-121.95116,36.52277],[-121.95116,36.52277]],[[-121.93796,36.52277],[-121.93796,36.52277]],[[-121.92953,36.52277],[-121.92953,36.52277]],[[-121.92827,36.52277],[-121.92827,36.52277]],[[-121.94905,36.52266],[-121.94905,36.52266]],[[-121.94568,36.52266],[-121.94568,36.52266]],[[-121.93374,36.52266],[-121.93374,36.52266]],[[-121.92911,36.52266],[-121.92911,36.52266]],[[-121.92869,36.52266],[-121.92869,36.52266]],[[-121.95509,36.52255],[-121.95509,36.52255]],[[-121.95102,36.52255],[-121.95102,36.52255]],[[-121.94554,36.52255],[-121.94554,36.52255]],[[-121.93388,36.52255],[-121.93388,36.52255]],[[-121.94849,36.52243],[-121.94849,36.52243]],[[-121.9454,36.52243],[-121.9454,36.52243]],[[-121.93402,36.52243],[-121.93402,36.52243]],[[-121.95088,36.52232],[-121.95088,36.52232]],[[-121.94498,36.52232],[-121.94498,36.52232]],[[-121.93417,36.52232],[-121.93417,36.52232]],[[-121.95074,36.52221],[-121.95074,36.52221]],[[-121.9447,36.52221],[-121.9447,36.52221]],[[-121.9506,36.52209],[-121.9506,36.52209]],[[-121.94442,36.52198],[-121.94442,36.52198]],[[-121.94063,36.52198],[-121.94063,36.52198]],[[-121.95032,36.52176],[-121.95032,36.52176]],[[-121.9499,36.52164],[-121.9499,36.52164]],[[-121.94175,36.52164],[-121.94175,36.52164]],[[-121.94161,36.52164],[-121.94161,36.52164]],[[-121.94063,36.52153],[-121.94063,36.52153]],[[-121.95397,36.52142],[-121.95397,36.52142]],[[-121.94049,36.52142],[-121.94049,36.52142]],[[-121.94975,36.5213],[-121.94975,36.5213]],[[-121.94034,36.5213],[-121.94034,36.5213]],[[-121.93711,36.5213],[-121.93711,36.5213]],[[-121.93641,36.5213],[-121.93641,36.5213]],[[-121.94961,36.52119],[-121.94961,36.52119]],[[-121.93697,36.52108],[-121.93697,36.52108]],[[-121.94231,36.52097],[-121.94231,36.52097]],[[-121.944,36.52085],[-121.944,36.52085]],[[-121.94245,36.52085],[-121.94245,36.52085]],[[-121.94343,36.52074],[-121.94343,36.52074]],[[-121.94329,36.52074],[-121.94329,36.52074]],[[-121.93683,36.51995],[-121.93683,36.51995]],[[-121.93711,36.51984],[-121.93711,36.51984]],[[-121.93697,36.51984],[-121.93697,36.51984]],[[-121.95397,36.51961],[-121.95397,36.51961]],[[-121.95327,36.51961],[-121.95327,36.51961]],[[-121.9513,36.51961],[-121.9513,36.51961]],[[-121.94077,36.51961],[-121.94077,36.51961]],[[-121.95411,36.5195],[-121.95411,36.5195]],[[-121.95298,36.5195],[-121.95298,36.5195]],[[-121.94063,36.5195],[-121.94063,36.5195]],[[-121.93726,36.5195],[-121.93726,36.5195]],[[-121.95284,36.51939],[-121.95284,36.51939]],[[-121.95144,36.51939],[-121.95144,36.51939]],[[-121.94034,36.51939],[-121.94034,36.51939]],[[-121.95158,36.51927],[-121.95158,36.51927]],[[-121.9402,36.51927],[-121.9402,36.51927]],[[-121.9527,36.51916],[-121.9527,36.51916]],[[-121.94006,36.51916],[-121.94006,36.51916]],[[-121.93768,36.51916],[-121.93768,36.51916]],[[-121.95453,36.51905],[-121.95453,36.51905]],[[-121.95256,36.51905],[-121.95256,36.51905]],[[-121.95172,36.51905],[-121.95172,36.51905]],[[-121.93964,36.51905],[-121.93964,36.51905]],[[-121.93782,36.51905],[-121.93782,36.51905]],[[-121.95228,36.51893],[-121.95228,36.51893]],[[-121.95186,36.51893],[-121.95186,36.51893]],[[-121.93922,36.51893],[-121.93922,36.51893]],[[-121.93838,36.51893],[-121.93838,36.51893]],[[-121.95537,36.5186],[-121.95551,36.51848],[-121.95537,36.51826],[-121.95523,36.51848],[-121.95537,36.5186]],[[-121.95607,36.51803],[-121.95622,36.51792],[-121.95622,36.51735],[-121.95579,36.51702],[-121.95565,36.51713],[-121.95565,36.51758],[-121.95607,36.51803]],[[-121.95256,36.51803],[-121.95256,36.51803]],[[-121.95593,36.51792],[-121.95593,36.51792]],[[-121.95664,36.51769],[-121.9565,36.51758],[-121.95664,36.51747]],[[-121.95579,36.51769],[-121.95579,36.51769]],[[-121.95228,36.51735],[-121.95228,36.51735]],[[-121.95242,36.51713],[-121.95242,36.51713]],[[-121.9499,36.51668],[-121.9499,36.51668]],[[-121.9513,36.51645],[-121.9513,36.51645]],[[-121.95664,36.51456],[-121.95494,36.51431],[-121.95256,36.5127],[-121.95186,36.51248],[-121.9506,36.51176],[-121.95018,36.5118],[-121.94876,36.51104],[-121.94866,36.51092],[-121.94884,36.51047],[-121.94814,36.51002],[-121.94695,36.50983],[-121.94687,36.50923],[-121.94768,36.50788],[-121.94721,36.50742],[-121.94699,36.50697]],[[-121.94428,36.51273],[-121.94428,36.51273]],[[-121.94386,36.51273],[-121.94386,36.51273]],[[-121.94414,36.51262],[-121.94414,36.51262]],[[-121.94231,36.51171],[-121.94231,36.51171]],[[-121.94189,36.51036],[-121.94189,36.51036]],[[-121.94259,36.50979],[-121.94259,36.50979]],[[-121.94287,36.509],[-121.94301,36.50889],[-121.94287,36.50878],[-121.94273,36.50889],[-121.94287,36.509]],[[-121.94273,36.50889],[-121.94287,36.50878],[-121.94273,36.50867],[-121.94259,36.50878],[-121.94273,36.50889]],[[-121.94793,36.50836],[-121.94779,36.50823],[-121.94773,36.50833],[-121.94793,36.50836]],[[-121.94905,36.50827],[-121.94926,36.5081],[-121.94917,36.50799],[-121.94874,36.50799],[-121.94905,36.50827]],[[-121.94329,36.5081],[-121.94329,36.5081]],[[-121.94273,36.5081],[-121.94273,36.5081]],[[-121.94259,36.50799],[-121.94259,36.50799]],[[-121.94217,36.50799],[-121.94217,36.50799]],[[-121.94175,36.50799],[-121.94175,36.50799]],[[-121.94161,36.50799],[-121.94161,36.50799]],[[-121.94105,36.50799],[-121.94105,36.50799]],[[-121.94259,36.50697],[-121.94343,36.50765],[-121.94454,36.50731],[-121.94456,36.50754],[-121.94484,36.50776],[-121.94512,36.50754],[-121.94512,36.5072],[-121.94484,36.50697]],[[-121.94245,36.50776],[-121.94245,36.50776]],[[-121.94498,36.50765],[-121.94498,36.50765]],[[-121.94386,36.50754],[-121.94386,36.50754]],[[-121.94414,36.50742],[-121.94414,36.50742]],[[-121.94442,36.50731],[-121.94442,36.50731]]]},"properties":{"depth_m":30}},{"type":"Feature","geometry":{"type":"MultiLineString","coordinates":[[[-121.95467,36.56103],[-121.95411,36.56091],[-121.95383,36.56058],[-121.95355,36.5608],[-121.95327,36.5608],[-121.95298,36.56035],[-121.95256,36.56035],[-121.95214,36.56069],[-121.95186,36.56058],[-121.95172,36.56091],[-121.95144,36.56103]],[[-121.94091,36.56103],[-121.94105,36.5608],[-121.94077,36.56058],[-121.94063,36.5608],[-121.9402,36.5608],[-121.93992,36.56103]],[[-121.93894,36.56103],[-121.93908,36.56091],[-121.9395,36.56103],[-121.93964,36.5608],[-121.93978,36.56103]],[[-121.93571,36.56103],[-121.93557,36.56091],[-121.93515,36.56103],[-121.93487,36.5608],[-121.93417,36.5608],[-121.93276,36.55933],[-121.9322,36.55742],[-121.93108,36.55505],[-121.93108,36.55437],[-121.93065,36.55324],[-121.93037,36.55155],[-121.93009,36.5511],[-121.92981,36.5485],[-121.92967,36.54839],[-121.92981,36.54681],[-121.93037,36.54591],[-121.93136,36.54512],[-121.93164,36.54534],[-121.93248,36.54455],[-121.93262,36.54455],[-121.93248,36.54466],[-121.93276,36.54489],[-121.93304,36.54478],[-121.93304,36.54455],[-121.93346,36.54478],[-121.93388,36.54466],[-121.93388,36.54433],[-121.9336,36.5441],[-121.93388,36.54421],[-121.93431,36.54387],[-121.93417,36.54365],[-121.93431,36.54354],[-121.93417,36.54342],[-121.93402,36.54354],[-121.93388,36.54331],[-121.93402,36.5432],[-121.93374,36.54297],[-121.93346,36.54297],[-121.93374,36.54275],[-121.93346,36.54252],[-121.93332,36.54173],[-121.93304,36.54162],[-121.93332,36.54128],[-121.93431,36.54139],[-121.93445,36.54117],[-121.9336,36.54094],[-121.93346,36.54083],[-121.9336,36.5406],[-121.93346,36.54049],[-121.93332,36.5406],[-121.93318,36.54038],[-121.93304,36.54049],[-121.9329,36.54038],[-121.9329,36.54026],[-121.93318,36.54038],[-121.93346,36.54015],[-121.9329,36.5397],[-121.9329,36.53936],[-121.93248,36.53891],[-121.9322,36.53913],[-121.93178,36.53902],[-121.93136,36.53947],[-121.93051,36.53936],[-121.92981,36.53868],[-121.92883,36.53733],[-121.92869,36.53609],[-121.92855,36.53597],[-121.92855,36.53518],[-121.92841,36.53507],[-121.92841,36.53439],[-121.92855,36.53428],[-121.92827,36.53417],[-121.92841,36.53394],[-121.92813,36.53327],[-121.92799,36.53315],[-121.92785,36.53327],[-121.92799,36.53315],[-121.92756,36.53304],[-121.92742,36.5327],[-121.927,36.53248],[-121.927,36.53146],[-121.9263,36.5309],[-121.92574,36.52999],[-121.92574,36.5292],[-121.92602,36.52909],[-121.9263,36.52808],[-121.92588,36.52785],[-121.92574,36.52751],[-121.92588,36.52729],[-121.92532,36.52672],[-121.92532,36.52582],[-121.92546,36.52571],[-121.92546,36.52537],[-121.927,36.52356],[-121.92799,36.52288],[-121.92869,36.52266],[-121.92953,36.52277],[-121.92967,36.52288],[-121.92967,36.52334],[-121.92995,36.52345],[-121.92981,36.52356],[-121.92995,36.52367],[-121.93009,36.52356],[-121.93051,36.5239],[-121.93079,36.52356],[-121.93108,36.52367],[-121.9315,36.52345],[-121.93178,36.52367],[-121.9329,36.52334],[-121.93318,36.52401],[-121.93346,36.52367],[-121.93402,36.52356],[-121.93445,36.52401],[-121.93473,36.52401],[-121.93487,36.52367],[-121.93445,36.52334],[-121.93388,36.52322],[-121.9336,36.52288],[-121.93417,36.52232],[-121.93487,36.52232],[-121.93487,36.52266],[-121.93473,36.52277],[-121.93487,36.52288],[-121.93515,36.523],[-121.93529,36.52288],[-121.93543,36.52322],[-121.93571,36.523],[-121.93627,36.52356],[-121.93655,36.52345],[-121.93697,36.52379],[-121.93711,36.52345],[-121.9374,36.52334],[-121.93754,36.52345],[-121.93782,36.52322],[-121.93768,36.52311],[-121.9374,36.52334],[-121.9374,36.52311],[-121.93754,36.52322],[-121.93768,36.52311],[-121.93754,36.523],[-121.9374,36.52311],[-121.93754,36.52288],[-121.93768,36.52277],[-121.93782,36.52288],[-121.9381,36.52266],[-121.9374,36.52209],[-121.93768,36.52198],[-121.93754,36.52187],[-121.93697,36.52164],[-121.93669,36.52176],[-121.93641,36.5213],[-121.93683,36.52097],[-121.93726,36.52142],[-121.93782,36.5213],[-121.93782,36.52085],[-121.93754,36.5204],[-121.9374,36.52029],[-121.93726,36.5204],[-121.93683,36.51995],[-121.9374,36.51984],[-121.93726,36.5195],[-121.9374,36.51927],[-121.93838,36.51893],[-121.93922,36.51893],[-121.94006,36.51916],[-121.94091,36.51972],[-121.94006,36.52074],[-121.93992,36.52119],[-121.94006,36.5213],[-121.9402,36.52119],[-121.94063,36.52153],[-121.94049,36.52187],[-121.94077,36.52209],[-121.94091,36.52198],[-121.94105,36.52221],[-121.94133,36.52209],[-121.94119,36.52176],[-121.94245,36.52164],[-121.94231,36.5213],[-121.94231,36.52097],[-121.94245,36.52085],[-121.94343,36.52074],[-121.94414,36.52097],[-121.94456,36.52085],[-121.94456,36.5213],[-121.94442,36.52142],[-121.94456,36.52153],[-121.94428,36.52164],[-121.94442,36.52209],[-121.9454,36.52243],[-121.94582,36.52288],[-121.94638,36.523],[-121.94807,36.52401],[-121.94863,36.52367],[-121.94891,36.52379],[-121.94905,36.52367],[-121.94905,36.52322],[-121.94835,36.52255],[-121.94835,36.52232],[-121.94863,36.52266],[-121.94919,36.52277],[-121.94961,36.52266],[-121.94947,36.52255],[-121.94961,36.52243],[-121.94961,36.52142],[-121.94947,36.52119],[-121.94961,36.52119],[-121.94975,36.52153],[-121.95004,36.52176],[-121.95018,36.52164],[-121.95032,36.52198],[-121.95088,36.52232],[-121.95102,36.52266],[-121.95313,36.52413],[-121.95341,36.5239],[-121.95327,36.52322],[-121.95369,36.52367],[-121.95397,36.52356],[-121.95411,36.5239],[-121.95467,36.52435],[-121.95495,36.52413],[-121.95467,36.52379],[-121.95495,36.52367],[-121.95369,36.52277],[-121.95453,36.52266],[-121.95495,36.52288],[-121.95523,36.52232],[-121.95453,36.52187],[-121.95439,36.52198],[-121.95439,36.52176],[-121.95397,36.52153],[-121.95411,36.52119],[-121.95313,36.52063],[-121.95256,36.5204],[-121.95172,36.52051],[-121.95186,36.5204],[-121.95186,36.52006],[-121.95158,36.51972],[-121.9513,36.51972],[-121.95186,36.51893],[-121.95256,36.51905],[-121.95341,36.51972],[-121.95439,36.5195],[-121.95453,36.51939],[-121.95425,36.51916],[-121.95397,36.51939],[-121.95411,36.51916],[-121.95439,36.51916],[-121.95467,36.51893],[-121.95425,36.51792],[-121.95369,36.51747],[-121.95327,36.51747],[-121.95298,36.51769],[-121.95298,36.51814],[-121.95242,36.51814],[-121.95242,36.51792],[-121.9527,36.51814],[-121.95284,36.51803],[-121.9527,36.51781],[-121.95242,36.51792],[-121.95228,36.51758],[-121.95256,36.5169],[-121.95186,36.51645],[-121.95158,36.51668],[-121.9513,36.51645],[-121.95144,36.51623],[-121.9513,36.51611],[-121.95074,36.51657],[-121.95046,36.51702],[-121.95004,36.51713],[-121.9499,36.5169],[-121.95004,36.51634],[-121.94961,36.516],[-121.94961,36.51566],[-121.94933,36.51544],[-121.94905,36.51544],[-121.94891,36.51566],[-121.94877,36.51521],[-121.94821,36.51487],[-121.94807,36.51397],[-121.94779,36.51374],[-121.94765,36.51386],[-121.94737,36.51341],[-121.94695,36.51352],[-121.94666,36.51318],[-121.9461,36.51307],[-121.94568,36.51318],[-121.94568,36.51295],[-121.9454,36.51273],[-121.94498,36.51273],[-121.94428,36.51318],[-121.94442,36.51307],[-121.94428,36.51295],[-121.944,36.51307],[-121.94386,36.51273],[-121.944,36.5125],[-121.94456,36.51284],[-121.9447,36.5125],[-121.94414,36.51205],[-121.94372,36.51183],[-121.94329,36.51194],[-121.94315,36.51171],[-121.94217,36.51183],[-121.94245,36.5116],[-121.94245,36.51137],[-121.94217,36.51092],[-121.94231,36.51104],[-121.94245,36.51092],[-121.94231,36.51081],[-121.94217,36.51092],[-121.94217,36.5107],[-121.94189,36.51036],[-121.94203,36.51013],[-121.94259,36.51002],[-121.94273,36.50968],[-121.94231,36.50946],[-121.94217,36.50912],[-121.94273,36.509],[-121.94231,36.50844],[-121.94217,36.50867],[-121.94203,36.50833],[-121.94119,36.50844],[-121.94091,36.50799],[-121.94203,36.5081],[-121.94231,36.50788],[-121.94231,36.50765],[-121.94287,36.50821],[-121.94315,36.50821],[-121.94343,36.50788],[-121.94245,36.5072],[-121.94245,36.50697]],[[-121.95228,36.5608],[-121.95228,36.5608]],[[-121.95664,36.52407],[-121.95565,36.52433],[-121.95509,36.52499],[-121.95394,36.52469],[-121.954,36.52492],[-121.95451,36.52537],[-121.95383,36.52542],[-121.95341,36.52582],[-121.95269,36.52525],[-121.95228,36.52467],[-121.95133,36.5248],[-121.9512,36.52492],[-121.95137,36.52514],[-121.95116,36.52532],[-121.95074,36.52519],[-121.95046,36.52527],[-121.95046,36.52584],[-121.9499,36.52596],[-121.94933,36.52579],[-121.94912,36.52593],[-121.94922,36.52695],[-121.94905,36.52701],[-121.94849,36.52647],[-121.94666,36.526],[-121.94526,36.52472],[-121.94414,36.52482],[-121.94394,36.52525],[-121.94372,36.52536],[-121.9434,36.52525],[-121.94287,36.52475],[-121.94245,36.52474],[-121.94189,36.52433],[-121.94133,36.52439],[-121.94077,36.52421],[-121.9402,36.52497],[-121.93915,36.52559],[-121.93936,36.52599],[-121.93894,36.5261],[-121.93824,36.5266],[-121.93832,36.52695],[-121.9381,36.52713],[-121.93655,36.52678],[-121.93571,36.52684],[-121.93487,36.52641],[-121.93417,36.52624],[-121.93122,36.5263],[-121.93023,36.52658],[-121.92996,36.52638],[-121.9298,36.52593],[-121.92911,36.52546],[-121.92826,36.52571],[-121.92787,36.52661],[-121.92835,36.52751],[-121.9279,36.52785],[-121.92816,36.52819],[-121.92806,36.52898],[-121.92825,36.52943],[-121.92869,36.52981],[-121.92925,36.53005],[-121.92966,36.52999],[-121.92948,36.52909],[-121.93009,36.52882],[-121.93053,36.52887],[-121.93131,36.52932],[-121.93187,36.53078],[-121.93136,36.53103],[-121.93037,36.53087],[-121.92977,36.53124],[-121.92978,36.53169],[-121.93108,36.53272],[-121.93137,36.53315],[-121.93234,36.53372],[-121.93207,36.53428],[-121.9322,36.53494],[-121.93248,36.53508],[-121.93332,36.53505],[-121.93417,36.53536],[-121.93515,36.53428],[-121.93571,36.53421],[-121.9362,36.53439],[-121.93671,36.53507],[-121.93655,36.53555],[-121.93782,36.53606],[-121.93834,36.53654],[-121.93839,36.53699],[-121.93889,36.53767],[-121.9392,36.5388],[-121.93982,36.54015],[-121.94004,36.54128],[-121.94049,36.54169],[-121.94091,36.54175],[-121.9419,36.54229],[-121.94245,36.54288],[-121.94301,36.54292],[-121.9432,36.54308],[-121.94335,36.54342],[-121.94323,36.54387],[-121.94423,36.545],[-121.94343,36.5456],[-121.94337,36.54602],[-121.94375,36.54624],[-121.94368,36.5467],[-121.94392,36.54703],[-121.94487,36.54715],[-121.94485,36.54749],[-121.94506,36.54782],[-121.94485,36.5485],[-121.94497,36.54929],[-121.94565,36.5511],[-121.94617,36.55211],[-121.94737,36.55347],[-121.95038,36.55606],[-121.95158,36.55746],[-121.95214,36.55752],[-121.95313,36.55721],[-121.95509,36.55778],[-121.95551,36.55702],[-121.95579,36.55687],[-121.95636,36.5569],[-121.95644,36.55606],[-121.95664,36.55587]],[[-121.95664,36.5547],[-121.95623,36.55505],[-121.95664,36.55571]],[[-121.92967,36.54737],[-121.92967,36.54737]],[[-121.92981,36.54681],[-121.92981,36.54681]],[[-121.92995,36.54658],[-121.92995,36.54658]],[[-121.93009,36.54636],[-121.93009,36.54636]],[[-121.93023,36.54613],[-121.93023,36.54613]],[[-121.93037,36.54591],[-121.93037,36.54591]],[[-121.93051,36.54579],[-121.93051,36.54579]],[[-121.93065,36.54568],[-121.93065,36.54568]],[[-121.93079,36.54557],[-121.93079,36.54557]],[[-121.93094,36.54545],[-121.93094,36.54545]],[[-121.93108,36.54534],[-121.93108,36.54534]],[[-121.93178,36.54523],[-121.93178,36.54523]],[[-121.93122,36.54523],[-121.93122,36.54523]],[[-121.93136,36.54512],[-121.93136,36.54512]],[[-121.93192,36.545],[-121.93192,36.545]],[[-121.93206,36.54489],[-121.93206,36.54489]],[[-121.93262,36.54478],[-121.93262,36.54478]],[[-121.9322,36.54478],[-121.9322,36.54478]],[[-121.93332,36.54466],[-121.93332,36.54466]],[[-121.93234,36.54466],[-121.93234,36.54466]],[[-121.93304,36.54455],[-121.93304,36.54455]],[[-121.93262,36.54455],[-121.93262,36.54455]],[[-121.93248,36.54455],[-121.93248,36.54455]],[[-121.944,36.54418],[-121.944,36.54401],[-121.94388,36.5441],[-121.944,36.54418]],[[-121.93402,36.5441],[-121.93402,36.5441]],[[-121.93374,36.5441],[-121.93374,36.5441]],[[-121.9336,36.5441],[-121.9336,36.5441]],[[-121.93417,36.54399],[-121.93417,36.54399]],[[-121.93417,36.54365],[-121.93417,36.54365]],[[-121.93445,36.54354],[-121.93473,36.54331],[-121.93431,36.54308],[-121.93417,36.54331],[-121.93445,36.54354]],[[-121.93459,36.54342],[-121.93459,36.54342]],[[-121.93431,36.54342],[-121.93431,36.54342]],[[-121.93388,36.54331],[-121.93388,36.54331]],[[-121.94414,36.54305],[-121.94424,36.54286],[-121.944,36.54267],[-121.94387,36.54297],[-121.94414,36.54305]],[[-121.93346,36.54286],[-121.93346,36.54286]],[[-121.93304,36.54162],[-121.93304,36.54162]],[[-121.93318,36.5415],[-121.93318,36.5415]],[[-121.9336,36.54128],[-121.9336,36.54128]],[[-121.93332,36.54128],[-121.93332,36.54128]],[[-121.93346,36.54071],[-121.93346,36.54071]],[[-121.93445,36.54049],[-121.93459,36.54038],[-121.93445,36.54026],[-121.93431,36.54038],[-121.93445,36.54049]],[[-121.93332,36.54026],[-121.93332,36.54026]],[[-121.93304,36.54026],[-121.93304,36.54026]],[[-121.9329,36.54026],[-121.9329,36.54026]],[[-121.93262,36.53507],[-121.93262,36.53507]],[[-121.92841,36.53439],[-121.92841,36.53439]],[[-121.92827,36.53417],[-121.92827,36.53417]],[[-121.92785,36.53327],[-121.92785,36.53327]],[[-121.92574,36.5292],[-121.92574,36.5292]],[[-121.92602,36.52875],[-121.92602,36.52875]],[[-121.92616,36.5283],[-121.92616,36.5283]],[[-121.92574,36.52751],[-121.92574,36.52751]],[[-121.93824,36.52706],[-121.93824,36.52706]],[[-121.95074,36.52639],[-121.95074,36.52626],[-121.95074,36.52639]],[[-121.93318,36.52627],[-121.93318,36.52627]],[[-121.94751,36.52627],[-121.94751,36.52627]],[[-121.92967,36.52582],[-121.92967,36.52582]],[[-121.92939,36.52571],[-121.92939,36.52571]],[[-121.92532,36.52582],[-121.92532,36.52582]],[[-121.95284,36.52537],[-121.95284,36.52537]],[[-121.92546,36.52537],[-121.92546,36.52537]],[[-121.9256,36.52525],[-121.9256,36.52525]],[[-121.92574,36.52503],[-121.92574,36.52503]],[[-121.944,36.52492],[-121.944,36.52492]],[[-121.92588,36.52492],[-121.92588,36.52492]],[[-121.92602,36.52469],[-121.92602,36.52469]],[[-121.92616,36.52458],[-121.92616,36.52458]],[[-121.94709,36.52446],[-121.94723,36.52424],[-121.94695,36.52413],[-121.94681,36.52424],[-121.94709,36.52446]],[[-121.9263,36.52446],[-121.9263,36.52446]],[[-121.94695,36.52435],[-121.94695,36.52435]],[[-121.95481,36.52424],[-121.95481,36.52424]],[[-121.95453,36.52424],[-121.95453,36.52424]],[[-121.92644,36.52424],[-121.92644,36.52424]],[[-121.95636,36.52413],[-121.95636,36.52413]],[[-121.95439,36.52413],[-121.95439,36.52413]],[[-121.92658,36.52413],[-121.92658,36.52413]],[[-121.95425,36.52401],[-121.95425,36.52401]],[[-121.95327,36.52401],[-121.95327,36.52401]],[[-121.95298,36.52401],[-121.95298,36.52401]],[[-121.94695,36.52401],[-121.94709,36.5239],[-121.94695,36.52379],[-121.94681,36.5239],[-121.94695,36.52401]],[[-121.95284,36.5239],[-121.95284,36.5239]],[[-121.94821,36.5239],[-121.94821,36.5239]],[[-121.94793,36.5239],[-121.94793,36.5239]],[[-121.93431,36.5239],[-121.93431,36.5239]],[[-121.92672,36.5239],[-121.92672,36.5239]],[[-121.95467,36.52379],[-121.95467,36.52379]],[[-121.95411,36.52379],[-121.95411,36.52379]],[[-121.9527,36.52379],[-121.9527,36.52379]],[[-121.94849,36.52379],[-121.94849,36.52379]],[[-121.94765,36.52379],[-121.94765,36.52379]],[[-121.93417,36.52379],[-121.93417,36.52379]],[[-121.93332,36.52379],[-121.93332,36.52379]],[[-121.93037,36.52379],[-121.93037,36.52379]],[[-121.92686,36.52379],[-121.92686,36.52379]],[[-121.95327,36.52367],[-121.95327,36.52367]],[[-121.95256,36.52367],[-121.95256,36.52367]],[[-121.94877,36.52367],[-121.94877,36.52367]],[[-121.94863,36.52367],[-121.94863,36.52367]],[[-121.94737,36.52367],[-121.94737,36.52367]],[[-121.93669,36.52367],[-121.93669,36.52367]],[[-121.93346,36.52367],[-121.93346,36.52367]],[[-121.93065,36.52367],[-121.93065,36.52367]],[[-121.93023,36.52367],[-121.93023,36.52367]],[[-121.95397,36.52356],[-121.95397,36.52356]],[[-121.95383,36.52345],[-121.95383,36.52345]],[[-121.95242,36.52356],[-121.95242,36.52356]],[[-121.94723,36.52356],[-121.94723,36.52356]],[[-121.93402,36.52356],[-121.93402,36.52356]],[[-121.93388,36.52356],[-121.93388,36.52356]],[[-121.93192,36.52356],[-121.93192,36.52356]],[[-121.93164,36.52356],[-121.93164,36.52356]],[[-121.93122,36.52356],[-121.93122,36.52356]],[[-121.93079,36.52356],[-121.93079,36.52356]],[[-121.93009,36.52356],[-121.93009,36.52356]],[[-121.927,36.52356],[-121.927,36.52356]],[[-121.95355,36.52345],[-121.95355,36.52345]],[[-121.95228,36.52345],[-121.95228,36.52345]],[[-121.94709,36.52345],[-121.94709,36.52345]],[[-121.93711,36.52345],[-121.93711,36.52345]],[[-121.93655,36.52345],[-121.93655,36.52345]],[[-121.93613,36.52345],[-121.93613,36.52345]],[[-121.93304,36.52345],[-121.93304,36.52345]],[[-121.93234,36.52345],[-121.93234,36.52345]],[[-121.9322,36.52345],[-121.9322,36.52345]],[[-121.9315,36.52345],[-121.9315,36.52345]],[[-121.92995,36.52345],[-121.92995,36.52345]],[[-121.92714,36.52345],[-121.92714,36.52345]],[[-121.95341,36.52334],[-121.95341,36.52334]],[[-121.95214,36.52334],[-121.95214,36.52334]],[[-121.94695,36.52334],[-121.94695,36.52334]],[[-121.94091,36.52334],[-121.94119,36.52277],[-121.94105,36.52255],[-121.94063,36.52277],[-121.94063,36.52322],[-121.94091,36.52334]],[[-121.93768,36.52334],[-121.93768,36.52334]],[[-121.9329,36.52334],[-121.9329,36.52334]],[[-121.93262,36.52334],[-121.93262,36.52334]],[[-121.92728,36.52334],[-121.92728,36.52334]],[[-121.95327,36.52322],[-121.95327,36.52322]],[[-121.952,36.52322],[-121.952,36.52322]],[[-121.94666,36.52322],[-121.94666,36.52322]],[[-121.93599,36.52322],[-121.93599,36.52322]],[[-121.92742,36.52322],[-121.92742,36.52322]],[[-121.95509,36.52311],[-121.95523,36.523],[-121.95509,36.52288],[-121.95495,36.523],[-121.95509,36.52311]],[[-121.95369,36.523],[-121.95369,36.523]],[[-121.95172,36.52311],[-121.95172,36.52311]],[[-121.94652,36.52311],[-121.94652,36.52311]],[[-121.9374,36.52311],[-121.9374,36.52311]],[[-121.93585,36.52311],[-121.93585,36.52311]],[[-121.92756,36.52311],[-121.92756,36.52311]],[[-121.95158,36.523],[-121.95158,36.523]],[[-121.94638,36.523],[-121.94638,36.523]],[[-121.93571,36.523],[-121.93557,36.52288],[-121.93571,36.523]],[[-121.93557,36.52288],[-121.93557,36.52288]],[[-121.92785,36.523],[-121.92785,36.523]],[[-121.9513,36.52288],[-121.9513,36.52288]],[[-121.94596,36.52288],[-121.94596,36.52288]],[[-121.94105,36.52288],[-121.94105,36.52288]],[[-121.93754,36.52288],[-121.93754,36.52288]],[[-121.93529,36.52288],[-121.93529,36.52288]],[[-121.93501,36.52288],[-121.93501,36.52288]],[[-121.9336,36.52288],[-121.9336,36.52288]],[[-121.92967,36.52288],[-121.92967,36.52288]],[[-121.92799,36.52288],[-121.92799,36.52288]],[[-121.95481,36.52277],[-121.95481,36.52277]],[[-121.95369,36.52277],[-121.95369,36.52277]],[[-121.95355,36.52266],[-121.95341,36.52255],[-121.95355,36.52266]],[[-121.95116,36.52277],[-121.95116,36.52277]],[[-121.93796,36.52277],[-121.93796,36.52277]],[[-121.93768,36.52277],[-121.93768,36.52277]],[[-121.92953,36.52277],[-121.92953,36.52277]],[[-121.92827,36.52277],[-121.92827,36.52277]],[[-121.95453,36.52266],[-121.95453,36.52266]],[[-121.95425,36.52266],[-121.95425,36.52266]],[[-121.95341,36.52255],[-121.95341,36.52255]],[[-121.94905,36.52266],[-121.94905,36.52266]],[[-121.94568,36.52266],[-121.94568,36.52266]],[[-121.93529,36.52255],[-121.93529,36.52255]],[[-121.93374,36.52266],[-121.93374,36.52266]],[[-121.92911,36.52266],[-121.92911,36.52266]],[[-121.92869,36.52266],[-121.92869,36.52266]],[[-121.95509,36.52255],[-121.95509,36.52255]],[[-121.95102,36.52255],[-121.95102,36.52255]],[[-121.94947,36.52255],[-121.94947,36.52255]],[[-121.94554,36.52255],[-121.94554,36.52255]],[[-121.93388,36.52255],[-121.93388,36.52255]],[[-121.94849,36.52243],[-121.94849,36.52243]],[[-121.9454,36.52243],[-121.9454,36.52243]],[[-121.93402,36.52243],[-121.93402,36.52243]],[[-121.95088,36.52232],[-121.95088,36.52232]],[[-121.94835,36.52232],[-121.94835,36.52232]],[[-121.94498,36.52232],[-121.94498,36.52232]],[[-121.93487,36.52232],[-121.93487,36.52232]],[[-121.93417,36.52232],[-121.93417,36.52232]],[[-121.95074,36.52221],[-121.95074,36.52221]],[[-121.9447,36.52221],[-121.9447,36.52221]],[[-121.9506,36.52209],[-121.9506,36.52209]],[[-121.9374,36.52209],[-121.9374,36.52209]],[[-121.93726,36.52198],[-121.93726,36.52198]],[[-121.94442,36.52198],[-121.94442,36.52198]],[[-121.94091,36.52198],[-121.94091,36.52198]],[[-121.94063,36.52198],[-121.94063,36.52198]],[[-121.95032,36.52176],[-121.95032,36.52176]],[[-121.94119,36.52176],[-121.94119,36.52176]],[[-121.94105,36.52164],[-121.94105,36.52164]],[[-121.95018,36.52164],[-121.95018,36.52164]],[[-121.9499,36.52164],[-121.9499,36.52164]],[[-121.94175,36.52164],[-121.94175,36.52164]],[[-121.94161,36.52164],[-121.94161,36.52164]],[[-121.94456,36.52153],[-121.94456,36.52153]],[[-121.94063,36.52153],[-121.94063,36.52153]],[[-121.95397,36.52142],[-121.95397,36.52142]],[[-121.94049,36.52142],[-121.94049,36.52142]],[[-121.94975,36.5213],[-121.94975,36.5213]],[[-121.94034,36.5213],[-121.94034,36.5213]],[[-121.93711,36.5213],[-121.93711,36.5213]],[[-121.93641,36.5213],[-121.93641,36.5213]],[[-121.94961,36.52119],[-121.94961,36.52119]],[[-121.94947,36.52119],[-121.94947,36.52119]],[[-121.9402,36.52119],[-121.9402,36.52119]],[[-121.93697,36.52108],[-121.93697,36.52108]],[[-121.93655,36.52108],[-121.93655,36.52108]],[[-121.94231,36.52097],[-121.94231,36.52097]],[[-121.93683,36.52097],[-121.93683,36.52097]],[[-121.94456,36.52085],[-121.94456,36.52085]],[[-121.94428,36.52085],[-121.94428,36.52085]],[[-121.944,36.52085],[-121.944,36.52085]],[[-121.94245,36.52085],[-121.94245,36.52085]],[[-121.94343,36.52074],[-121.94343,36.52074]],[[-121.94329,36.52074],[-121.94329,36.52074]],[[-121.95172,36.52051],[-121.95172,36.52051]],[[-121.93683,36.51995],[-121.93683,36.51995]],[[-121.93711,36.51984],[-121.93711,36.51984]],[[-121.93697,36.51984],[-121.93697,36.51984]],[[-121.94091,36.51972],[-121.94091,36.51972]],[[-121.95397,36.51961],[-121.95397,36.51961]],[[-121.95355,36.51961],[-121.95355,36.51961]],[[-121.95327,36.51961],[-121.95327,36.51961]],[[-121.9513,36.51961],[-121.9513,36.51961]],[[-121.94077,36.51961],[-121.94077,36.51961]],[[-121.95411,36.5195],[-121.95411,36.5195]],[[-121.95298,36.5195],[-121.95298,36.5195]],[[-121.94063,36.5195],[-121.94063,36.5195]],[[-121.93726,36.5195],[-121.93726,36.5195]],[[-121.95284,36.51939],[-121.95284,36.51939]],[[-121.95144,36.51939],[-121.95144,36.51939]],[[-121.94034,36.51939],[-121.94034,36.51939]],[[-121.95397,36.51927],[-121.95397,36.51927]],[[-121.95158,36.51927],[-121.95158,36.51927]],[[-121.9402,36.51927],[-121.9402,36.51927]],[[-121.9374,36.51927],[-121.9374,36.51927]],[[-121.95411,36.51916],[-121.95411,36.51916]],[[-121.9527,36.51916],[-121.9527,36.51916]],[[-121.94006,36.51916],[-121.94006,36.51916]],[[-121.93768,36.51916],[-121.93768,36.51916]],[[-121.95453,36.51905],[-121.95453,36.51905]],[[-121.95256,36.51905],[-121.95256,36.51905]],[[-121.95172,36.51905],[-121.95172,36.51905]],[[-121.93964,36.51905],[-121.93964,36.51905]],[[-121.93782,36.51905],[-121.93782,36.51905]],[[-121.95228,36.51893],[-121.95228,36.51893]],[[-121.95186,36.51893],[-121.95186,36.51893]],[[-121.93922,36.51893],[-121.93922,36.51893]],[[-121.93838,36.51893],[-121.93838,36.51893]],[[-121.95537,36.5186],[-121.95551,36.51848],[-121.95537,36.51826],[-121.95523,36.51848],[-121.95537,36.5186]],[[-121.95607,36.51803],[-121.95622,36.51792],[-121.95622,36.51735],[-121.95579,36.51702],[-121.95565,36.51713],[-121.95565,36.51758],[-121.95607,36.51803]],[[-121.95256,36.51803],[-121.95256,36.51803]],[[-121.95593,36.51792],[-121.95593,36.51792]],[[-121.95664,36.51769],[-121.9565,36.51758],[-121.95664,36.51747]],[[-121.95579,36.51769],[-121.95579,36.51769]],[[-121.95228,36.51735],[-121.95228,36.51735]],[[-121.95242,36.51713],[-121.95242,36.51713]],[[-121.9499,36.51668],[-121.9499,36.51668]],[[-121.9513,36.51645],[-121.9513,36.51645]],[[-121.94762,36.50697],[-121.94747,36.50731],[-121.94807,36.50798],[-121.94849,36.50773],[-121.94933,36.50765],[-121.94961,36.50787],[-121.94991,36.50788],[-121.94953,36.50833],[-121.94865,36.50867],[-121.9481,36.50946],[-121.94823,36.50979],[-121.94949,36.51081],[-121.95074,36.51117],[-121.95122,36.5116],[-121.95196,36.51183],[-121.95258,36.51171],[-121.95285,36.51228],[-121.95383,36.51264],[-121.95425,36.51298],[-121.95453,36.51297],[-121.95525,36.51363],[-121.95607,36.51371],[-121.95664,36.51347]],[[-121.94428,36.51318],[-121.94428,36.51318]],[[-121.94428,36.51273],[-121.94428,36.51273]],[[-121.94386,36.51273],[-121.94386,36.51273]],[[-121.94414,36.51262],[-121.94414,36.51262]],[[-121.944,36.5125],[-121.944,36.5125]],[[-121.94386,36.51239],[-121.94386,36.51239]],[[-121.94217,36.51183],[-121.94217,36.51183]],[[-121.94231,36.51171],[-121.94231,36.51171]],[[-121.94189,36.51115],[-121.94189,36.51104],[-121.94189,36.51115]],[[-121.94189,36.51104],[-121.94189,36.51104]],[[-121.94189,36.51036],[-121.94189,36.51036]],[[-121.94203,36.51013],[-121.94203,36.51013]],[[-121.94259,36.50979],[-121.94259,36.50979]],[[-121.94217,36.50912],[-121.94217,36.50912]],[[-121.94287,36.509],[-121.94301,36.50889],[-121.94287,36.50878],[-121.94273,36.50889],[-121.94287,36.509]],[[-121.94849,36.50889],[-121.94849,36.50889]],[[-121.94273,36.50889],[-121.94287,36.50878],[-121.94273,36.50867],[-121.94259,36.50878],[-121.94273,36.50889]],[[-121.94329,36.5081],[-121.94329,36.5081]],[[-121.94273,36.5081],[-121.94273,36.5081]],[[-121.94259,36.50799],[-121.94259,36.50799]],[[-121.94217,36.50799],[-121.94217,36.50799]],[[-121.94175,36.50799],[-121.94175,36.50799]],[[-121.94161,36.50799],[-121.94161,36.50799]],[[-121.94105,36.50799],[-121.94105,36.50799]],[[-121.94091,36.50799],[-121.94091,36.50799]],[[-121.94259,36.50697],[-121.94343,36.50765],[-121.94456,36.50731],[-121.94456,36.50754],[-121.94484,36.50776],[-121.94512,36.50754],[-121.94512,36.5072],[-121.94484,36.50697]],[[-121.94245,36.50776],[-121.94245,36.50776]],[[-121.94498,36.50765],[-121.94498,36.50765]],[[-121.94231,36.50765],[-121.94231,36.50765]],[[-121.94386,36.50754],[-121.94386,36.50754]],[[-121.94414,36.50742],[-121.94414,36.50742]],[[-121.94442,36.50731],[-121.94442,36.50731]],[[-121.94793,36.5071],[-121.94793,36.5071]],[[-121.94049,36.50697],[-121.94034,36.50697]],[[-121.93964,36.50697],[-121.93964,36.50697]]]},"properties":{"depth_m":35}},{"type":"Feature","geometry":{"type":"MultiLineString","coordinates":[[[-121.95467,36.56103],[-121.95411,36.56091],[-121.95383,36.56058],[-121.95355,36.5608],[-121.95327,36.5608],[-121.95298,36.56035],[-121.95256,36.56035],[-121.95214,36.56069],[-121.95186,36.56058],[-121.95172,36.56091],[-121.95144,36.56103]],[[-121.94091,36.56103],[-121.94105,36.5608],[-121.94077,36.56058],[-121.94063,36.5608],[-121.9402,36.5608],[-121.93992,36.56103]],[[-121.93894,36.56103],[-121.93908,36.56091],[-121.9395,36.56103],[-121.93964,36.5608],[-121.93978,36.56103]],[[-121.93571,36.56103],[-121.93557,36.56091],[-121.93515,36.56103],[-121.93487,36.5608],[-121.93417,36.5608],[-121.93276,36.55933],[-121.9322,36.55742],[-121.93108,36.55505],[-121.93108,36.55437],[-121.93065,36.55324],[-121.93051,36.55211],[-121.93009,36.5511],[-121.92981,36.5485],[-121.92967,36.54839],[-121.92981,36.54681],[-121.93037,36.54591],[-121.93136,36.54512],[-121.93164,36.54534],[-121.93248,36.54455],[-121.93262,36.54455],[-121.93248,36.54466],[-121.93276,36.54489],[-121.93304,36.54478],[-121.93304,36.54455],[-121.93346,36.54478],[-121.93388,36.54466],[-121.93388,36.54433],[-121.9336,36.5441],[-121.93388,36.54421],[-121.93431,36.54387],[-121.93417,36.54365],[-121.93431,36.54354],[-121.93417,36.54342],[-121.93402,36.54354],[-121.93388,36.54331],[-121.93402,36.5432],[-121.93374,36.54297],[-121.93346,36.54297],[-121.93374,36.54275],[-121.93346,36.54252],[-121.93332,36.54173],[-121.93304,36.54162],[-121.93332,36.54128],[-121.93431,36.54139],[-121.93445,36.54117],[-121.9336,36.54094],[-121.93346,36.54083],[-121.9336,36.5406],[-121.93346,36.54049],[-121.93332,36.5406],[-121.93318,36.54038],[-121.93304,36.54049],[-121.9329,36.54038],[-121.9329,36.54026],[-121.93318,36.54038],[-121.93346,36.54015],[-121.9329,36.5397],[-121.9329,36.53936],[-121.93248,36.53891],[-121.9322,36.53913],[-121.93178,36.53902],[-121.93136,36.53947],[-121.93051,36.53936],[-121.92981,36.53868],[-121.92883,36.53733],[-121.92869,36.53609],[-121.92855,36.53597],[-121.92855,36.53518],[-121.92841,36.53507],[-121.92841,36.53439],[-121.92855,36.53428],[-121.92827,36.53417],[-121.92841,36.53394],[-121.92813,36.53327],[-121.92799,36.53315],[-121.92785,36.53327],[-121.92799,36.53315],[-121.92756,36.53304],[-121.92742,36.5327],[-121.927,36.53248],[-121.927,36.53146],[-121.9263,36.5309],[-121.92574,36.52999],[-121.92574,36.5292],[-121.92602,36.52909],[-121.9263,36.52808],[-121.92588,36.52785],[-121.92574,36.52751],[-121.92588,36.52729],[-121.92532,36.52672],[-121.92532,36.52582],[-121.92546,36.52571],[-121.92546,36.52537],[-121.927,36.52356],[-121.92799,36.52288],[-121.92869,36.52266],[-121.92953,36.52277],[-121.92967,36.52288],[-121.92967,36.52334],[-121.92995,36.52345],[-121.92981,36.52356],[-121.92995,36.52367],[-121.93009,36.52356],[-121.93051,36.5239],[-121.93079,36.52356],[-121.93108,36.52367],[-121.9315,36.52345],[-121.93178,36.52367],[-121.9329,36.52334],[-121.93318,36.52401],[-121.93346,36.52367],[-121.93402,36.52356],[-121.93445,36.52401],[-121.93473,36.52401],[-121.93487,36.52367],[-121.93445,36.52334],[-121.93388,36.52322],[-121.9336,36.52288],[-121.93417,36.52232],[-121.93487,36.52232],[-121.93487,36.52266],[-121.93473,36.52277],[-121.93487,36.52288],[-121.93515,36.523],[-121.93529,36.52288],[-121.93543,36.52322],[-121.93571,36.523],[-121.93627,36.52356],[-121.93655,36.52345],[-121.93697,36.52379],[-121.93711,36.52345],[-121.9374,36.52334],[-121.93754,36.52345],[-121.93782,36.52322],[-121.93768,36.52311],[-121.9374,36.52334],[-121.9374,36.52311],[-121.93754,36.52322],[-121.93768,36.52311],[-121.93754,36.523],[-121.9374,36.52311],[-121.93754,36.52288],[-121.93768,36.52277],[-121.93782,36.52288],[-121.9381,36.52266],[-121.9374,36.52209],[-121.93768,36.52198],[-121.93754,36.52187],[-121.93697,36.52164],[-121.93669,36.52176],[-121.93641,36.5213],[-121.93683,36.52097],[-121.93726,36.52142],[-121.93782,36.5213],[-121.93782,36.52085],[-121.93754,36.5204],[-121.9374,36.52029],[-121.93726,36.5204],[-121.93683,36.51995],[-121.9374,36.51984],[-121.93726,36.5195],[-121.9374,36.51927],[-121.93838,36.51893],[-121.93922,36.51893],[-121.94006,36.51916],[-121.94091,36.51972],[-121.94006,36.52074],[-121.93992,36.52119],[-121.94006,36.5213],[-121.9402,36.52119],[-121.94063,36.52153],[-121.94049,36.52187],[-121.94077,36.52209],[-121.94091,36.52198],[-121.94105,36.52221],[-121.94133,36.52209],[-121.94119,36.52176],[-121.94245,36.52164],[-121.94231,36.5213],[-121.94231,36.52097],[-121.94245,36.52085],[-121.94343,36.52074],[-121.94414,36.52097],[-121.94456,36.52085],[-121.94456,36.5213],[-121.94442,36.52142],[-121.94456,36.52153],[-121.94428,36.52164],[-121.94442,36.52209],[-121.9454,36.52243],[-121.94582,36.52288],[-121.94638,36.523],[-121.94807,36.52401],[-121.94863,36.52367],[-121.94891,36.52379],[-121.94905,36.52367],[-121.94905,36.52322],[-121.94835,36.52255],[-121.94835,36.52232],[-121.94863,36.52266],[-121.94919,36.52277],[-121.94961,36.52266],[-121.94947,36.52255],[-121.94961,36.52243],[-121.94961,36.52209],[-121.94961,36.52142],[-121.94947,36.52119],[-121.94961,36.52119],[-121.94975,36.52153],[-121.95004,36.52176],[-121.95018,36.52164],[-121.95032,36.52198],[-121.95088,36.52232],[-121.95102,36.52266],[-121.95313,36.52413],[-121.95341,36.5239],[-121.95327,36.52322],[-121.95369,36.52367],[-121.95397,36.52356],[-121.95411,36.5239],[-121.95467,36.52435],[-121.95495,36.52413],[-121.95467,36.52379],[-121.95495,36.52367],[-121.95369,36.52277],[-121.95453,36.52266],[-121.95495,36.52288],[-121.95523,36.52232],[-121.95453,36.52187],[-121.95439,36.52198],[-121.95439,36.52176],[-121.95397,36.52153],[-121.95411,36.52119],[-121.95313,36.52063],[-121.95256,36.5204],[-121.95172,36.52051],[-121.95186,36.5204],[-121.95186,36.52006],[-121.95158,36.51972],[-121.9513,36.51972],[-121.95186,36.51893],[-121.95256,36.51905],[-121.95341,36.51972],[-121.95439,36.5195],[-121.95453,36.51939],[-121.95425,36.51916],[-121.95397,36.51939],[-121.95411,36.51916],[-121.95439,36.51916],[-121.95467,36.51893],[-121.95425,36.51792],[-121.95369,36.51747],[-121.95327,36.51747],[-121.95298,36.51769],[-121.95298,36.51814],[-121.95242,36.51814],[-121.95242,36.51792],[-121.9527,36.51814],[-121.95284,36.51803],[-121.9527,36.51781],[-121.95242,36.51792],[-121.95228,36.51758],[-121.95256,36.5169],[-121.95186,36.51645],[-121.95158,36.51668],[-121.9513,36.51645],[-121.95144,36.51623],[-121.9513,36.51611],[-121.95074,36.51657],[-121.95046,36.51702],[-121.95004,36.51713],[-121.9499,36.5169],[-121.95004,36.51634],[-121.94961,36.516],[-121.94961,36.51566],[-121.94933,36.51544],[-121.94905,36.51544],[-121.94891,36.51566],[-121.94877,36.51521],[-121.94821,36.51487],[-121.94807,36.51397],[-121.94779,36.51374],[-121.94765,36.51386],[-121.94737,36.51341],[-121.94695,36.51352],[-121.94666,36.51318],[-121.9461,36.51307],[-121.94568,36.51318],[-121.94568,36.51295],[-121.9454,36.51273],[-121.94498,36.51273],[-121.94428,36.51318],[-121.94442,36.51307],[-121.94428,36.51295],[-121.944,36.51307],[-121.94386,36.51273],[-121.944,36.5125],[-121.94456,36.51284],[-121.9447,36.5125],[-121.94414,36.51205],[-121.94372,36.51183],[-121.94329,36.51194],[-121.94315,36.51171],[-121.94217,36.51183],[-121.94245,36.5116],[-121.94245,36.51137],[-121.94217,36.51092],[-121.94231,36.51104],[-121.94245,36.51092],[-121.94231,36.51081],[-121.94217,36.51092],[-121.94217,36.5107],[-121.94189,36.51036],[-121.94203,36.51013],[-121.94259,36.51002],[-121.94273,36.50968],[-121.94231,36.50946],[-121.94217,36.50912],[-121.94273,36.509],[-121.94231,36.50844],[-121.94217,36.50867],[-121.94203,36.50833],[-121.94119,36.50844],[-121.94091,36.50799],[-121.94203,36.5081],[-121.94231,36.50788],[-121.94231,36.50765],[-121.94287,36.50821],[-121.94315,36.50821],[-121.94343,36.50788],[-121.94245,36.5072],[-121.94245,36.50697]],[[-121.95228,36.5608],[-121.95228,36.5608]],[[-121.95664,36.52427],[-121.95607,36.5243],[-121.95565,36.52484],[-121.95525,36.52503],[-121.95425,36.52487],[-121.95425,36.52503],[-121.95468,36.52537],[-121.95439,36.52584],[-121.95383,36.52568],[-121.95341,36.52589],[-121.95228,36.5251],[-121.95172,36.52514],[-121.9513,36.52555],[-121.95074,36.52548],[-121.9508,36.52616],[-121.9512,36.52638],[-121.95074,36.5265],[-121.9503,36.52616],[-121.94977,36.52616],[-121.94939,36.52661],[-121.94947,36.52706],[-121.94919,36.52719],[-121.94863,36.52669],[-121.94765,36.52663],[-121.94723,36.52629],[-121.94681,36.5262],[-121.9461,36.52578],[-121.94582,36.52532],[-121.94512,36.52519],[-121.94372,36.52541],[-121.94287,36.52491],[-121.94231,36.52483],[-121.94234,36.52514],[-121.94217,36.52519],[-121.94133,36.52462],[-121.94101,36.5248],[-121.94049,36.52571],[-121.93862,36.52672],[-121.93857,36.52683],[-121.93895,36.52717],[-121.93866,36.52738],[-121.9374,36.52726],[-121.93697,36.52753],[-121.93655,36.5272],[-121.93543,36.527],[-121.93487,36.52665],[-121.9336,36.5266],[-121.93304,36.52633],[-121.93122,36.52638],[-121.93023,36.52667],[-121.92995,36.52649],[-121.92967,36.52597],[-121.92897,36.52565],[-121.92827,36.52592],[-121.92796,36.52661],[-121.92847,36.52751],[-121.928,36.52785],[-121.92824,36.52819],[-121.92816,36.52898],[-121.92869,36.52971],[-121.92925,36.52994],[-121.92947,36.52988],[-121.92936,36.52898],[-121.93009,36.52863],[-121.93122,36.5288],[-121.93183,36.52932],[-121.93207,36.52988],[-121.93199,36.53022],[-121.93231,36.53078],[-121.93178,36.53122],[-121.93051,36.53107],[-121.93002,36.53135],[-121.93011,36.5318],[-121.93129,36.5327],[-121.93136,36.53296],[-121.93262,36.5336],[-121.93226,36.53428],[-121.93241,36.53485],[-121.93262,36.53496],[-121.93417,36.53487],[-121.93459,36.53439],[-121.93585,36.53358],[-121.93669,36.53415],[-121.93726,36.5341],[-121.93744,36.53428],[-121.9374,36.53473],[-121.93805,36.5353],[-121.93838,36.5358],[-121.93873,36.53597],[-121.93887,36.53631],[-121.93972,36.53699],[-121.93973,36.53834],[-121.94092,36.5397],[-121.94147,36.54069],[-121.94192,36.54105],[-121.94151,36.54128],[-121.94167,36.54173],[-121.94245,36.54215],[-121.94329,36.54205],[-121.944,36.54235],[-121.94474,36.54207],[-121.94543,36.54252],[-121.94545,36.54286],[-121.94599,36.54308],[-121.94497,36.5441],[-121.94585,36.545],[-121.94586,36.54545],[-121.94666,36.54564],[-121.94689,36.54591],[-121.94645,36.54624],[-121.94632,36.54692],[-121.94671,36.54726],[-121.94665,36.54782],[-121.94682,36.54816],[-121.94643,36.5511],[-121.94664,36.55177],[-121.94701,36.55222],[-121.94905,36.55372],[-121.95228,36.55512],[-121.95411,36.5565],[-121.95481,36.55651],[-121.95492,36.55629],[-121.95481,36.55591],[-121.95523,36.55608],[-121.95577,36.55584],[-121.95582,36.55572],[-121.95559,36.5555],[-121.95593,36.55545],[-121.95604,36.55527],[-121.95585,36.55459],[-121.95664,36.55422]],[[-121.92967,36.54737],[-121.92967,36.54737]],[[-121.92981,36.54681],[-121.92981,36.54681]],[[-121.92995,36.54658],[-121.92995,36.54658]],[[-121.93009,36.54636],[-121.93009,36.54636]],[[-121.93023,36.54613],[-121.93023,36.54613]],[[-121.93037,36.54591],[-121.93037,36.54591]],[[-121.93051,36.54579],[-121.93051,36.54579]],[[-121.94793,36.5456],[-121.94805,36.54545],[-121.94792,36.54534],[-121.94747,36.54523],[-121.94762,36.54557],[-121.94793,36.5456]],[[-121.93065,36.54568],[-121.93065,36.54568]],[[-121.93079,36.54557],[-121.93079,36.54557]],[[-121.93094,36.54545],[-121.93094,36.54545]],[[-121.94695,36.54532],[-121.94705,36.54523],[-121.94681,36.54507],[-121.94669,36.54523],[-121.94695,36.54532]],[[-121.93108,36.54534],[-121.93108,36.54534]],[[-121.93178,36.54523],[-121.93178,36.54523]],[[-121.93122,36.54523],[-121.93122,36.54523]],[[-121.93136,36.54512],[-121.93136,36.54512]],[[-121.93192,36.545],[-121.93192,36.545]],[[-121.93206,36.54489],[-121.93206,36.54489]],[[-121.93262,36.54478],[-121.93262,36.54478]],[[-121.9322,36.54478],[-121.9322,36.54478]],[[-121.93332,36.54466],[-121.93332,36.54466]],[[-121.93234,36.54466],[-121.93234,36.54466]],[[-121.93304,36.54455],[-121.93304,36.54455]],[[-121.93262,36.54455],[-121.93262,36.54455]],[[-121.93248,36.54455],[-121.93248,36.54455]],[[-121.93402,36.5441],[-121.93402,36.5441]],[[-121.93374,36.5441],[-121.93374,36.5441]],[[-121.9336,36.5441],[-121.9336,36.5441]],[[-121.93417,36.54399],[-121.93417,36.54399]],[[-121.94456,36.54377],[-121.94456,36.54377]],[[-121.93417,36.54365],[-121.93417,36.54365]],[[-121.93445,36.54354],[-121.93473,36.54331],[-121.93431,36.54308],[-121.93417,36.54331],[-121.93445,36.54354]],[[-121.93459,36.54342],[-121.93459,36.54342]],[[-121.93431,36.54342],[-121.93431,36.54342]],[[-121.93388,36.54331],[-121.93388,36.54331]],[[-121.93346,36.54286],[-121.93346,36.54286]],[[-121.93304,36.54162],[-121.93304,36.54162]],[[-121.93318,36.5415],[-121.93318,36.5415]],[[-121.9336,36.54128],[-121.9336,36.54128]],[[-121.93332,36.54128],[-121.93332,36.54128]],[[-121.93346,36.54071],[-121.93346,36.54071]],[[-121.93445,36.54049],[-121.93459,36.54038],[-121.93445,36.54026],[-121.93431,36.54038],[-121.93445,36.54049]],[[-121.93332,36.54026],[-121.93332,36.54026]],[[-121.93304,36.54026],[-121.93304,36.54026]],[[-121.9329,36.54026],[-121.9329,36.54026]],[[-121.92841,36.53439],[-121.92841,36.53439]],[[-121.92827,36.53417],[-121.92827,36.53417]],[[-121.92785,36.53327],[-121.92785,36.53327]],[[-121.92574,36.5292],[-121.92574,36.5292]],[[-121.92602,36.52875],[-121.92602,36.52875]],[[-121.92616,36.5283],[-121.92616,36.5283]],[[-121.92574,36.52751],[-121.92574,36.52751]],[[-121.9402,36.52707],[-121.94034,36.52684],[-121.94006,36.5267],[-121.93995,36.52683],[-121.9402,36.52707]],[[-121.93136,36.52638],[-121.93136,36.52638]],[[-121.92532,36.52582],[-121.92532,36.52582]],[[-121.95102,36.52548],[-121.95102,36.52548]],[[-121.92546,36.52537],[-121.92546,36.52537]],[[-121.9256,36.52525],[-121.9256,36.52525]],[[-121.95172,36.52514],[-121.95172,36.52514]],[[-121.94203,36.52514],[-121.94203,36.52514]],[[-121.94189,36.52503],[-121.94189,36.52503]],[[-121.92574,36.52503],[-121.92574,36.52503]],[[-121.92588,36.52492],[-121.92588,36.52492]],[[-121.92602,36.52469],[-121.92602,36.52469]],[[-121.92616,36.52458],[-121.92616,36.52458]],[[-121.94709,36.52446],[-121.94723,36.52424],[-121.94695,36.52413],[-121.94681,36.52424],[-121.94709,36.52446]],[[-121.9263,36.52446],[-121.9263,36.52446]],[[-121.94695,36.52435],[-121.94695,36.52435]],[[-121.95481,36.52424],[-121.95481,36.52424]],[[-121.95453,36.52424],[-121.95453,36.52424]],[[-121.92644,36.52424],[-121.92644,36.52424]],[[-121.95439,36.52413],[-121.95439,36.52413]],[[-121.92658,36.52413],[-121.92658,36.52413]],[[-121.95425,36.52401],[-121.95425,36.52401]],[[-121.95327,36.52401],[-121.95327,36.52401]],[[-121.95298,36.52401],[-121.95298,36.52401]],[[-121.94695,36.52401],[-121.94709,36.5239],[-121.94695,36.52379],[-121.94681,36.5239],[-121.94695,36.52401]],[[-121.95284,36.5239],[-121.95284,36.5239]],[[-121.94821,36.5239],[-121.94821,36.5239]],[[-121.94793,36.5239],[-121.94793,36.5239]],[[-121.93431,36.5239],[-121.93431,36.5239]],[[-121.92672,36.5239],[-121.92672,36.5239]],[[-121.95467,36.52379],[-121.95467,36.52379]],[[-121.95411,36.52379],[-121.95411,36.52379]],[[-121.9527,36.52379],[-121.9527,36.52379]],[[-121.94849,36.52379],[-121.94849,36.52379]],[[-121.94765,36.52379],[-121.94765,36.52379]],[[-121.93417,36.52379],[-121.93417,36.52379]],[[-121.93332,36.52379],[-121.93332,36.52379]],[[-121.93037,36.52379],[-121.93037,36.52379]],[[-121.92686,36.52379],[-121.92686,36.52379]],[[-121.95327,36.52367],[-121.95327,36.52367]],[[-121.95256,36.52367],[-121.95256,36.52367]],[[-121.94877,36.52367],[-121.94877,36.52367]],[[-121.94863,36.52367],[-121.94863,36.52367]],[[-121.94737,36.52367],[-121.94737,36.52367]],[[-121.93669,36.52367],[-121.93669,36.52367]],[[-121.93346,36.52367],[-121.93346,36.52367]],[[-121.93065,36.52367],[-121.93065,36.52367]],[[-121.93023,36.52367],[-121.93023,36.52367]],[[-121.95397,36.52356],[-121.95397,36.52356]],[[-121.95383,36.52345],[-121.95383,36.52345]],[[-121.95242,36.52356],[-121.95242,36.52356]],[[-121.94723,36.52356],[-121.94723,36.52356]],[[-121.93402,36.52356],[-121.93402,36.52356]],[[-121.93388,36.52356],[-121.93388,36.52356]],[[-121.93192,36.52356],[-121.93192,36.52356]],[[-121.93164,36.52356],[-121.93164,36.52356]],[[-121.93122,36.52356],[-121.93122,36.52356]],[[-121.93079,36.52356],[-121.93079,36.52356]],[[-121.93009,36.52356],[-121.93009,36.52356]],[[-121.927,36.52356],[-121.927,36.52356]],[[-121.95355,36.52345],[-121.95355,36.52345]],[[-121.95228,36.52345],[-121.95228,36.52345]],[[-121.94709,36.52345],[-121.94709,36.52345]],[[-121.93711,36.52345],[-121.93711,36.52345]],[[-121.93655,36.52345],[-121.93655,36.52345]],[[-121.93613,36.52345],[-121.93613,36.52345]],[[-121.93304,36.52345],[-121.93304,36.52345]],[[-121.93234,36.52345],[-121.93234,36.52345]],[[-121.9322,36.52345],[-121.9322,36.52345]],[[-121.9315,36.52345],[-121.9315,36.52345]],[[-121.92995,36.52345],[-121.92995,36.52345]],[[-121.92714,36.52345],[-121.92714,36.52345]],[[-121.95341,36.52334],[-121.95341,36.52334]],[[-121.95214,36.52334],[-121.95214,36.52334]],[[-121.94695,36.52334],[-121.94695,36.52334]],[[-121.94091,36.52334],[-121.94119,36.52277],[-121.94105,36.52255],[-121.94063,36.52277],[-121.94063,36.52322],[-121.94091,36.52334]],[[-121.93768,36.52334],[-121.93768,36.52334]],[[-121.9329,36.52334],[-121.9329,36.52334]],[[-121.93262,36.52334],[-121.93262,36.52334]],[[-121.92728,36.52334],[-121.92728,36.52334]],[[-121.95327,36.52322],[-121.95327,36.52322]],[[-121.952,36.52322],[-121.952,36.52322]],[[-121.94666,36.52322],[-121.94666,36.52322]],[[-121.93599,36.52322],[-121.93599,36.52322]],[[-121.92742,36.52322],[-121.92742,36.52322]],[[-121.95509,36.52311],[-121.95523,36.523],[-121.95509,36.52288],[-121.95495,36.523],[-121.95509,36.52311]],[[-121.95369,36.523],[-121.95369,36.523]],[[-121.95172,36.52311],[-121.95172,36.52311]],[[-121.94652,36.52311],[-121.94652,36.52311]],[[-121.9374,36.52311],[-121.9374,36.52311]],[[-121.93585,36.52311],[-121.93585,36.52311]],[[-121.92756,36.52311],[-121.92756,36.52311]],[[-121.95158,36.523],[-121.95158,36.523]],[[-121.94638,36.523],[-121.94638,36.523]],[[-121.93571,36.523],[-121.93557,36.52288],[-121.93571,36.523]],[[-121.93557,36.52288],[-121.93557,36.52288]],[[-121.92785,36.523],[-121.92785,36.523]],[[-121.9513,36.52288],[-121.9513,36.52288]],[[-121.94596,36.52288],[-121.94596,36.52288]],[[-121.94105,36.52288],[-121.94105,36.52288]],[[-121.93754,36.52288],[-121.93754,36.52288]],[[-121.93529,36.52288],[-121.93529,36.52288]],[[-121.93501,36.52288],[-121.93501,36.52288]],[[-121.9336,36.52288],[-121.9336,36.52288]],[[-121.92967,36.52288],[-121.92967,36.52288]],[[-121.92799,36.52288],[-121.92799,36.52288]],[[-121.95481,36.52277],[-121.95481,36.52277]],[[-121.95369,36.52277],[-121.95369,36.52277]],[[-121.95355,36.52266],[-121.95341,36.52255],[-121.95355,36.52266]],[[-121.95116,36.52277],[-121.95116,36.52277]],[[-121.93796,36.52277],[-121.93796,36.52277]],[[-121.93768,36.52277],[-121.93768,36.52277]],[[-121.92953,36.52277],[-121.92953,36.52277]],[[-121.92827,36.52277],[-121.92827,36.52277]],[[-121.95453,36.52266],[-121.95453,36.52266]],[[-121.95425,36.52266],[-121.95425,36.52266]],[[-121.95341,36.52255],[-121.95341,36.52255]],[[-121.94905,36.52266],[-121.94905,36.52266]],[[-121.94568,36.52266],[-121.94568,36.52266]],[[-121.93529,36.52255],[-121.93529,36.52255]],[[-121.93374,36.52266],[-121.93374,36.52266]],[[-121.92911,36.52266],[-121.92911,36.52266]],[[-121.92869,36.52266],[-121.92869,36.52266]],[[-121.95509,36.52255],[-121.95509,36.52255]],[[-121.95102,36.52255],[-121.95102,36.52255]],[[-121.94947,36.52255],[-121.94947,36.52255]],[[-121.94554,36.52255],[-121.94554,36.52255]],[[-121.93388,36.52255],[-121.93388,36.52255]],[[-121.94849,36.52243],[-121.94849,36.52243]],[[-121.9454,36.52243],[-121.9454,36.52243]],[[-121.93402,36.52243],[-121.93402,36.52243]],[[-121.95088,36.52232],[-121.95088,36.52232]],[[-121.94835,36.52232],[-121.94835,36.52232]],[[-121.94498,36.52232],[-121.94498,36.52232]],[[-121.93487,36.52232],[-121.93487,36.52232]],[[-121.93417,36.52232],[-121.93417,36.52232]],[[-121.95074,36.52221],[-121.95074,36.52221]],[[-121.9447,36.52221],[-121.9447,36.52221]],[[-121.9506,36.52209],[-121.9506,36.52209]],[[-121.9374,36.52209],[-121.9374,36.52209]],[[-121.93726,36.52198],[-121.93726,36.52198]],[[-121.94442,36.52198],[-121.94442,36.52198]],[[-121.94091,36.52198],[-121.94091,36.52198]],[[-121.94063,36.52198],[-121.94063,36.52198]],[[-121.95032,36.52176],[-121.95032,36.52176]],[[-121.94119,36.52176],[-121.94119,36.52176]],[[-121.94105,36.52164],[-121.94105,36.52164]],[[-121.95018,36.52164],[-121.95018,36.52164]],[[-121.9499,36.52164],[-121.9499,36.52164]],[[-121.94175,36.52164],[-121.94175,36.52164]],[[-121.94161,36.52164],[-121.94161,36.52164]],[[-121.94456,36.52153],[-121.94456,36.52153]],[[-121.94063,36.52153],[-121.94063,36.52153]],[[-121.95397,36.52142],[-121.95397,36.52142]],[[-121.94049,36.52142],[-121.94049,36.52142]],[[-121.94975,36.5213],[-121.94975,36.5213]],[[-121.94034,36.5213],[-121.94034,36.5213]],[[-121.93711,36.5213],[-121.93711,36.5213]],[[-121.93641,36.5213],[-121.93641,36.5213]],[[-121.94961,36.52119],[-121.94961,36.52119]],[[-121.94947,36.52119],[-121.94947,36.52119]],[[-121.9402,36.52119],[-121.9402,36.52119]],[[-121.93697,36.52108],[-121.93697,36.52108]],[[-121.93655,36.52108],[-121.93655,36.52108]],[[-121.94231,36.52097],[-121.94231,36.52097]],[[-121.93683,36.52097],[-121.93683,36.52097]],[[-121.94456,36.52085],[-121.94456,36.52085]],[[-121.94428,36.52085],[-121.94428,36.52085]],[[-121.944,36.52085],[-121.944,36.52085]],[[-121.94245,36.52085],[-121.94245,36.52085]],[[-121.94343,36.52074],[-121.94343,36.52074]],[[-121.94329,36.52074],[-121.94329,36.52074]],[[-121.95172,36.52051],[-121.95172,36.52051]],[[-121.93683,36.51995],[-121.93683,36.51995]],[[-121.93711,36.51984],[-121.93711,36.51984]],[[-121.93697,36.51984],[-121.93697,36.51984]],[[-121.94091,36.51972],[-121.94091,36.51972]],[[-121.95397,36.51961],[-121.95397,36.51961]],[[-121.95355,36.51961],[-121.95355,36.51961]],[[-121.95327,36.51961],[-121.95327,36.51961]],[[-121.9513,36.51961],[-121.9513,36.51961]],[[-121.94077,36.51961],[-121.94077,36.51961]],[[-121.95411,36.5195],[-121.95411,36.5195]],[[-121.95298,36.5195],[-121.95298,36.5195]],[[-121.94063,36.5195],[-121.94063,36.5195]],[[-121.93726,36.5195],[-121.93726,36.5195]],[[-121.95284,36.51939],[-121.95284,36.51939]],[[-121.95144,36.51939],[-121.95144,36.51939]],[[-121.94034,36.51939],[-121.94034,36.51939]],[[-121.95397,36.51927],[-121.95397,36.51927]],[[-121.95158,36.51927],[-121.95158,36.51927]],[[-121.9402,36.51927],[-121.9402,36.51927]],[[-121.9374,36.51927],[-121.9374,36.51927]],[[-121.95411,36.51916],[-121.95411,36.51916]],[[-121.9527,36.51916],[-121.9527,36.51916]],[[-121.94006,36.51916],[-121.94006,36.51916]],[[-121.93768,36.51916],[-121.93768,36.51916]],[[-121.95453,36.51905],[-121.95453,36.51905]],[[-121.95256,36.51905],[-121.95256,36.51905]],[[-121.95172,36.51905],[-121.95172,36.51905]],[[-121.93964,36.51905],[-121.93964,36.51905]],[[-121.93782,36.51905],[-121.93782,36.51905]],[[-121.95228,36.51893],[-121.95228,36.51893]],[[-121.95186,36.51893],[-121.95186,36.51893]],[[-121.93922,36.51893],[-121.93922,36.51893]],[[-121.93838,36.51893],[-121.93838,36.51893]],[[-121.95537,36.5186],[-121.95551,36.51848],[-121.95537,36.51826],[-121.95523,36.51848],[-121.95537,36.5186]],[[-121.95607,36.51803],[-121.95622,36.51792],[-121.95622,36.51735],[-121.95579,36.51702],[-121.95565,36.51713],[-121.95565,36.51758],[-121.95607,36.51803]],[[-121.95256,36.51803],[-121.95256,36.51803]],[[-121.95593,36.51792],[-121.95593,36.51792]],[[-121.95664,36.51769],[-121.9565,36.51758],[-121.95664,36.51747]],[[-121.95579,36.51769],[-121.95579,36.51769]],[[-121.95228,36.51735],[-121.95228,36.51735]],[[-121.95242,36.51713],[-121.95242,36.51713]],[[-121.9499,36.51668],[-121.9499,36.51668]],[[-121.9513,36.51645],[-121.9513,36.51645]],[[-121.94428,36.51318],[-121.94428,36.51318]],[[-121.94868,36.50697],[-121.94879,36.50731],[-121.9499,36.50759],[-121.9502,36.50788],[-121.95019,36.50934],[-121.94994,36.50968],[-121.95053,36.51025],[-121.95058,36.51047],[-121.95119,36.51092],[-121.95158,36.51101],[-121.95214,36.51141],[-121.9527,36.51133],[-121.95439,36.51251],[-121.95523,36.51274],[-121.95551,36.51263],[-121.95607,36.51291],[-121.95664,36.51245]],[[-121.94428,36.51273],[-121.94428,36.51273]],[[-121.94386,36.51273],[-121.94386,36.51273]],[[-121.94414,36.51262],[-121.94414,36.51262]],[[-121.944,36.5125],[-121.944,36.5125]],[[-121.94386,36.51239],[-121.94386,36.51239]],[[-121.94217,36.51183],[-121.94217,36.51183]],[[-121.94231,36.51171],[-121.94231,36.51171]],[[-121.95411,36.51135],[-121.95429,36.51104],[-121.95355,36.51051],[-121.9534,36.5107],[-121.95411,36.51135]],[[-121.95397,36.51126],[-121.95397,36.51126]],[[-121.94189,36.51115],[-121.94189,36.51104],[-121.94189,36.51115]],[[-121.94189,36.51104],[-121.94189,36.51104]],[[-121.94189,36.51036],[-121.94189,36.51036]],[[-121.94203,36.51013],[-121.94203,36.51013]],[[-121.94259,36.50979],[-121.94259,36.50979]],[[-121.95074,36.50913],[-121.95074,36.50899],[-121.95074,36.50913]],[[-121.94217,36.50912],[-121.94217,36.50912]],[[-121.94287,36.509],[-121.94301,36.50889],[-121.94287,36.50878],[-121.94273,36.50889],[-121.94287,36.509]],[[-121.94273,36.50889],[-121.94287,36.50878],[-121.94273,36.50867],[-121.94259,36.50878],[-121.94273,36.50889]],[[-121.94329,36.5081],[-121.94329,36.5081]],[[-121.94273,36.5081],[-121.94273,36.5081]],[[-121.94259,36.50799],[-121.94259,36.50799]],[[-121.94217,36.50799],[-121.94217,36.50799]],[[-121.94175,36.50799],[-121.94175,36.50799]],[[-121.94161,36.50799],[-121.94161,36.50799]],[[-121.94105,36.50799],[-121.94105,36.50799]],[[-121.94091,36.50799],[-121.94091,36.50799]],[[-121.94259,36.50697],[-121.94343,36.50765],[-121.94456,36.50731],[-121.94456,36.50754],[-121.94484,36.50776],[-121.94512,36.50754],[-121.94512,36.5072],[-121.94484,36.50697]],[[-121.94245,36.50776],[-121.94245,36.50776]],[[-121.94498,36.50765],[-121.94498,36.50765]],[[-121.94231,36.50765],[-121.94231,36.50765]],[[-121.95074,36.50744],[-121.95074,36.50731],[-121.95074,36.50744]],[[-121.94386,36.50754],[-121.94386,36.50754]],[[-121.94414,36.50742],[-121.94414,36.50742]],[[-121.94442,36.50731],[-121.94442,36.50731]],[[-121.94049,36.50697],[-121.94034,36.50697]],[[-121.93964,36.50697],[-121.93964,36.50697]]]},"properties":{"depth_m":40}},{"type":"Feature","geometry":{"type":"MultiLineString","coordinates":[[[-121.95467,36.56103],[-121.95411,36.56091],[-121.95383,36.56058],[-121.95355,36.5608],[-121.95327,36.5608],[-121.95298,36.56035],[-121.95256,36.56035],[-121.95214,36.56069],[-121.95186,36.56058],[-121.95172,36.56091],[-121.95144,36.56103]],[[-121.94091,36.56103],[-121.94105,36.5608],[-121.94077,36.56058],[-121.94063,36.5608],[-121.9402,36.5608],[-121.93992,36.56103]],[[-121.93894,36.56103],[-121.93908,36.56091],[-121.9395,36.56103],[-121.93964,36.5608],[-121.93978,36.56103]],[[-121.93571,36.56103],[-121.93557,36.56091],[-121.93515,36.56103],[-121.93487,36.5608],[-121.93417,36.5608],[-121.93276,36.55933],[-121.9322,36.55742],[-121.93108,36.55505],[-121.93108,36.55437],[-121.93065,36.55324],[-121.93051,36.55211],[-121.93009,36.5511],[-121.92981,36.5485],[-121.92967,36.54839],[-121.92981,36.54681],[-121.93037,36.54591],[-121.93136,36.54512],[-121.93164,36.54534],[-121.93248,36.54455],[-121.93262,36.54455],[-121.93248,36.54466],[-121.93276,36.54489],[-121.93304,36.54478],[-121.93304,36.54455],[-121.93346,36.54478],[-121.93388,36.54466],[-121.93388,36.54433],[-121.9336,36.5441],[-121.93388,36.54421],[-121.93431,36.54387],[-121.93417,36.54365],[-121.93431,36.54354],[-121.93417,36.54342],[-121.93402,36.54354],[-121.93388,36.54331],[-121.93402,36.5432],[-121.93374,36.54297],[-121.93346,36.54297],[-121.93374,36.54275],[-121.93346,36.54252],[-121.93332,36.54173],[-121.93304,36.54162],[-121.93332,36.54128],[-121.93431,36.54139],[-121.93445,36.54117],[-121.9336,36.54094],[-121.93346,36.54083],[-121.9336,36.5406],[-121.93346,36.54049],[-121.93332,36.5406],[-121.93318,36.54038],[-121.93304,36.54049],[-121.9329,36.54038],[-121.9329,36.54026],[-121.93318,36.54038],[-121.93346,36.54015],[-121.9329,36.5397],[-121.9329,36.53936],[-121.93248,36.53891],[-121.9322,36.53913],[-121.93178,36.53902],[-121.93136,36.53947],[-121.93051,36.53936],[-121.92981,36.53868],[-121.92883,36.53733],[-121.92869,36.53609],[-121.92855,36.53597],[-121.92855,36.53518],[-121.92841,36.53507],[-121.92841,36.53439],[-121.92855,36.53428],[-121.92827,36.53417],[-121.92841,36.53394],[-121.92813,36.53327],[-121.92799,36.53315],[-121.92785,36.53327],[-121.92799,36.53315],[-121.92756,36.53304],[-121.92742,36.5327],[-121.927,36.53248],[-121.927,36.53146],[-121.9263,36.5309],[-121.92574,36.52999],[-121.92574,36.5292],[-121.92602,36.52909],[-121.9263,36.52808],[-121.92588,36.52785],[-121.92574,36.52751],[-121.92588,36.52729],[-121.92532,36.52672],[-121.92532,36.52582],[-121.92546,36.52571],[-121.92546,36.52537],[-121.927,36.52356],[-121.92799,36.52288],[-121.92869,36.52266],[-121.92953,36.52277],[-121.92967,36.52288],[-121.92967,36.52334],[-121.92995,36.52345],[-121.92981,36.52356],[-121.92995,36.52367],[-121.93009,36.52356],[-121.93051,36.5239],[-121.93079,36.52356],[-121.93108,36.52367],[-121.9315,36.52345],[-121.93178,36.52367],[-121.9329,36.52334],[-121.93318,36.52401],[-121.93346,36.52367],[-121.93402,36.52356],[-121.93445,36.52401],[-121.93473,36.52401],[-121.93487,36.52367],[-121.93445,36.52334],[-121.93388,36.52322],[-121.9336,36.52288],[-121.93417,36.52232],[-121.93487,36.52232],[-121.93487,36.52266],[-121.93473,36.52277],[-121.93487,36.52288],[-121.93515,36.523],[-121.93529,36.52288],[-121.93543,36.52322],[-121.93571,36.523],[-121.93627,36.52356],[-121.93655,36.52345],[-121.93697,36.52379],[-121.93711,36.52345],[-121.9374,36.52334],[-121.93754,36.52345],[-121.93782,36.52322],[-121.93768,36.52311],[-121.9374,36.52334],[-121.9374,36.52311],[-121.93754,36.52322],[-121.93768,36.52311],[-121.93754,36.523],[-121.9374,36.52311],[-121.93754,36.52288],[-121.93768,36.52277],[-121.93782,36.52288],[-121.9381,36.52266],[-121.9374,36.52209],[-121.93768,36.52198],[-121.93754,36.52187],[-121.93697,36.52164],[-121.93669,36.52176],[-121.93641,36.5213],[-121.93683,36.52097],[-121.93726,36.52142],[-121.93782,36.5213],[-121.93782,36.52085],[-121.93754,36.5204],[-121.9374,36.52029],[-121.93726,36.5204],[-121.93683,36.51995],[-121.9374,36.51984],[-121.93726,36.5195],[-121.9374,36.51927],[-121.93838,36.51893],[-121.93922,36.51893],[-121.94006,36.51916],[-121.94091,36.51972],[-121.94006,36.52074],[-121.93992,36.52119],[-121.94006,36.5213],[-121.9402,36.52119],[-121.94063,36.52153],[-121.94049,36.52187],[-121.94077,36.52209],[-121.94091,36.52198],[-121.94105,36.52221],[-121.94133,36.52209],[-121.94119,36.52176],[-121.94245,36.52164],[-121.94231,36.5213],[-121.94231,36.52097],[-121.94245,36.52085],[-121.94343,36.52074],[-121.94414,36.52097],[-121.94456,36.52085],[-121.94456,36.5213],[-121.94442,36.52142],[-121.94456,36.52153],[-121.94428,36.52164],[-121.94442,36.52209],[-121.9454,36.52243],[-121.94582,36.52288],[-121.94638,36.523],[-121.94807,36.52401],[-121.94863,36.52367],[-121.94891,36.52379],[-121.94905,36.52367],[-121.94905,36.52322],[-121.94835,36.52255],[-121.94835,36.52232],[-121.94863,36.52266],[-121.94919,36.52277],[-121.94961,36.52266],[-121.94947,36.52255],[-121.94961,36.52243],[-121.94961,36.52142],[-121.94947,36.52119],[-121.94961,36.52119],[-121.94975,36.52153],[-121.95004,36.52176],[-121.95018,36.52164],[-121.95032,36.52198],[-121.95088,36.52232],[-121.95102,36.52266],[-121.95313,36.52413],[-121.95341,36.5239],[-121.95327,36.52322],[-121.95369,36.52367],[-121.95397,36.52356],[-121.95411,36.5239],[-121.95467,36.52435],[-121.95495,36.52413],[-121.95467,36.52379],[-121.95495,36.52367],[-121.95369,36.52277],[-121.95453,36.52266],[-121.95495,36.52288],[-121.95523,36.52232],[-121.95453,36.52187],[-121.95439,36.52198],[-121.95439,36.52176],[-121.95397,36.52153],[-121.95411,36.52119],[-121.95313,36.52063],[-121.95256,36.5204],[-121.95172,36.52051],[-121.95186,36.5204],[-121.95186,36.52006],[-121.95158,36.51972],[-121.9513,36.51972],[-121.95186,36.51893],[-121.95256,36.51905],[-121.95341,36.51972],[-121.95439,36.5195],[-121.95453,36.51939],[-121.95425,36.51916],[-121.95397,36.51939],[-121.95411,36.51916],[-121.95439,36.51916],[-121.95467,36.51893],[-121.95425,36.51792],[-121.95369,36.51747],[-121.95327,36.51747],[-121.95298,36.51769],[-121.95298,36.51814],[-121.95242,36.51814],[-121.95242,36.51792],[-121.9527,36.51814],[-121.95284,36.51803],[-121.9527,36.51781],[-121.95242,36.51792],[-121.95228,36.51758],[-121.95256,36.5169],[-121.95186,36.51645],[-121.95158,36.51668],[-121.9513,36.51645],[-121.95144,36.51623],[-121.9513,36.51611],[-121.95074,36.51657],[-121.95046,36.51702],[-121.95004,36.51713],[-121.9499,36.5169],[-121.95004,36.51634],[-121.94961,36.516],[-121.94961,36.51566],[-121.94933,36.51544],[-121.94905,36.51544],[-121.94891,36.51566],[-121.94877,36.51521],[-121.94821,36.51487],[-121.94807,36.51397],[-121.94779,36.51374],[-121.94765,36.51386],[-121.94737,36.51341],[-121.94695,36.51352],[-121.94666,36.51318],[-121.9461,36.51307],[-121.94568,36.51318],[-121.94568,36.51295],[-121.9454,36.51273],[-121.94498,36.51273],[-121.94428,36.51318],[-121.94442,36.51307],[-121.94428,36.51295],[-121.944,36.51307],[-121.94386,36.51273],[-121.944,36.5125],[-121.94456,36.51284],[-121.9447,36.5125],[-121.94414,36.51205],[-121.94372,36.51183],[-121.94329,36.51194],[-121.94315,36.51171],[-121.94217,36.51183],[-121.94245,36.5116],[-121.94245,36.51137],[-121.94217,36.51092],[-121.94231,36.51104],[-121.94245,36.51092],[-121.94231,36.51081],[-121.94217,36.51092],[-121.94217,36.5107],[-121.94189,36.51036],[-121.94203,36.51013],[-121.94259,36.51002],[-121.94273,36.50968],[-121.94231,36.50946],[-121.94217,36.50912],[-121.94273,36.509],[-121.94231,36.50844],[-121.94217,36.50867],[-121.94203,36.50833],[-121.94119,36.50844],[-121.94091,36.50799],[-121.94203,36.5081],[-121.94231,36.50788],[-121.94231,36.50765],[-121.94287,36.50821],[-121.94315,36.50821],[-121.94343,36.50788],[-121.94245,36.5072],[-121.94245,36.50697]],[[-121.95228,36.5608],[-121.95228,36.5608]],[[-121.95664,36.52466],[-121.95617,36.52446],[-121.95565,36.52509],[-121.95467,36.52513],[-121.95481,36.52548],[-121.95453,36.52597],[-121.95397,36.52593],[-121.95327,36.52619],[-121.9527,36.52581],[-121.95258,36.52593],[-121.95267,36.52604],[-121.95242,36.52611],[-121.95214,36.52569],[-121.9513,36.52579],[-121.95119,36.52593],[-121.95143,36.52638],[-121.9513,36.52655],[-121.95032,36.52649],[-121.95018,36.52714],[-121.94947,36.52723],[-121.94919,36.52724],[-121.94863,36.52687],[-121.94807,36.5269],[-121.94709,36.52638],[-121.94666,36.52633],[-121.94645,36.52604],[-121.94568,36.52561],[-121.94428,36.52559],[-121.94301,36.52515],[-121.94231,36.52539],[-121.94189,36.52534],[-121.94105,36.52589],[-121.94049,36.52661],[-121.94063,36.52695],[-121.94049,36.52714],[-121.9402,36.52717],[-121.93936,36.52652],[-121.93915,36.52672],[-121.9392,36.52729],[-121.93894,36.52754],[-121.93782,36.52756],[-121.93726,36.52779],[-121.93543,36.52721],[-121.93431,36.52667],[-121.9336,36.52672],[-121.93304,36.52641],[-121.93122,36.52646],[-121.93023,36.52674],[-121.92967,36.52613],[-121.92897,36.52582],[-121.92841,36.52598],[-121.92806,36.52661],[-121.92856,36.52751],[-121.92812,36.52796],[-121.92831,36.52819],[-121.92832,36.52909],[-121.92869,36.52954],[-121.92911,36.52976],[-121.92934,36.52954],[-121.92925,36.52898],[-121.93009,36.52854],[-121.93122,36.52861],[-121.93206,36.5292],[-121.932,36.52954],[-121.93233,36.52988],[-121.93217,36.53022],[-121.93251,36.53067],[-121.93251,36.5309],[-121.93192,36.53146],[-121.93051,36.53119],[-121.93025,36.53146],[-121.93055,36.53203],[-121.93136,36.53261],[-121.93167,36.53304],[-121.93206,36.53325],[-121.93276,36.53312],[-121.93296,36.53327],[-121.93297,36.53349],[-121.93253,36.53417],[-121.93257,36.53451],[-121.93276,36.53467],[-121.93402,36.53456],[-121.93459,36.53403],[-121.93571,36.53349],[-121.93669,36.53395],[-121.93786,36.53417],[-121.93936,36.53524],[-121.93999,36.53665],[-121.9405,36.53722],[-121.94046,36.53755],[-121.94013,36.53801],[-121.94016,36.53834],[-121.94207,36.53947],[-121.94248,36.54015],[-121.94235,36.54117],[-121.94257,36.5415],[-121.94301,36.54172],[-121.94358,36.54157],[-121.944,36.54187],[-121.94512,36.54187],[-121.9461,36.54216],[-121.94624,36.54251],[-121.94688,36.54286],[-121.94681,36.54317],[-121.94637,36.54331],[-121.94668,36.54354],[-121.94658,36.54387],[-121.94709,36.54417],[-121.94751,36.54413],[-121.94849,36.54494],[-121.94933,36.54514],[-121.94975,36.54497],[-121.95144,36.54534],[-121.95149,36.54557],[-121.95088,36.54587],[-121.95004,36.54597],[-121.94961,36.54574],[-121.94905,36.54575],[-121.94828,36.54613],[-121.94832,36.5485],[-121.94708,36.55031],[-121.94689,36.55087],[-121.94695,36.55143],[-121.94739,36.552],[-121.94821,36.5526],[-121.94947,36.55316],[-121.9506,36.55346],[-121.95327,36.55376],[-121.95481,36.55451],[-121.95509,36.55455],[-121.95567,36.55414],[-121.95664,36.5539]],[[-121.94807,36.54895],[-121.94807,36.54895]],[[-121.92967,36.54737],[-121.92967,36.54737]],[[-121.92981,36.54681],[-121.92981,36.54681]],[[-121.92995,36.54658],[-121.92995,36.54658]],[[-121.93009,36.54636],[-121.93009,36.54636]],[[-121.93023,36.54613],[-121.93023,36.54613]],[[-121.93037,36.54591],[-121.93037,36.54591]],[[-121.93051,36.54579],[-121.93051,36.54579]],[[-121.93065,36.54568],[-121.93065,36.54568]],[[-121.93079,36.54557],[-121.93079,36.54557]],[[-121.93094,36.54545],[-121.93094,36.54545]],[[-121.93108,36.54534],[-121.93108,36.54534]],[[-121.93178,36.54523],[-121.93178,36.54523]],[[-121.93122,36.54523],[-121.93122,36.54523]],[[-121.93136,36.54512],[-121.93136,36.54512]],[[-121.93192,36.545],[-121.93192,36.545]],[[-121.93206,36.54489],[-121.93206,36.54489]],[[-121.93262,36.54478],[-121.93262,36.54478]],[[-121.9322,36.54478],[-121.9322,36.54478]],[[-121.93332,36.54466],[-121.93332,36.54466]],[[-121.93234,36.54466],[-121.93234,36.54466]],[[-121.93304,36.54455],[-121.93304,36.54455]],[[-121.93262,36.54455],[-121.93262,36.54455]],[[-121.93248,36.54455],[-121.93248,36.54455]],[[-121.93402,36.5441],[-121.93402,36.5441]],[[-121.93374,36.5441],[-121.93374,36.5441]],[[-121.9336,36.5441],[-121.9336,36.5441]],[[-121.93417,36.54399],[-121.93417,36.54399]],[[-121.93417,36.54365],[-121.93417,36.54365]],[[-121.93445,36.54354],[-121.93473,36.54331],[-121.93431,36.54308],[-121.93417,36.54331],[-121.93445,36.54354]],[[-121.93459,36.54342],[-121.93459,36.54342]],[[-121.93431,36.54342],[-121.93431,36.54342]],[[-121.93388,36.54331],[-121.93388,36.54331]],[[-121.93346,36.54286],[-121.93346,36.54286]],[[-121.93304,36.54162],[-121.93304,36.54162]],[[-121.93318,36.5415],[-121.93318,36.5415]],[[-121.9336,36.54128],[-121.9336,36.54128]],[[-121.93332,36.54128],[-121.93332,36.54128]],[[-121.93346,36.54071],[-121.93346,36.54071]],[[-121.93445,36.54049],[-121.93459,36.54038],[-121.93445,36.54026],[-121.93431,36.54038],[-121.93445,36.54049]],[[-121.93332,36.54026],[-121.93332,36.54026]],[[-121.93304,36.54026],[-121.93304,36.54026]],[[-121.9329,36.54026],[-121.9329,36.54026]],[[-121.92841,36.53439],[-121.92841,36.53439]],[[-121.92827,36.53417],[-121.92827,36.53417]],[[-121.92785,36.53327],[-121.92785,36.53327]],[[-121.92574,36.5292],[-121.92574,36.5292]],[[-121.92602,36.52875],[-121.92602,36.52875]],[[-121.92616,36.5283],[-121.92616,36.5283]],[[-121.92574,36.52751],[-121.92574,36.52751]],[[-121.94751,36.52661],[-121.94751,36.52661]],[[-121.93318,36.5265],[-121.93318,36.5265]],[[-121.94652,36.52616],[-121.94652,36.52616]],[[-121.95355,36.52604],[-121.95355,36.52604]],[[-121.92532,36.52582],[-121.92532,36.52582]],[[-121.95664,36.52506],[-121.95646,36.52514],[-121.95664,36.52527]],[[-121.92546,36.52537],[-121.92546,36.52537]],[[-121.9256,36.52525],[-121.9256,36.52525]],[[-121.92574,36.52503],[-121.92574,36.52503]],[[-121.92588,36.52492],[-121.92588,36.52492]],[[-121.92602,36.52469],[-121.92602,36.52469]],[[-121.92616,36.52458],[-121.92616,36.52458]],[[-121.94709,36.52446],[-121.94723,36.52424],[-121.94695,36.52413],[-121.94681,36.52424],[-121.94709,36.52446]],[[-121.9263,36.52446],[-121.9263,36.52446]],[[-121.94695,36.52435],[-121.94695,36.52435]],[[-121.95481,36.52424],[-121.95481,36.52424]],[[-121.95453,36.52424],[-121.95453,36.52424]],[[-121.92644,36.52424],[-121.92644,36.52424]],[[-121.95439,36.52413],[-121.95439,36.52413]],[[-121.92658,36.52413],[-121.92658,36.52413]],[[-121.95425,36.52401],[-121.95425,36.52401]],[[-121.95327,36.52401],[-121.95327,36.52401]],[[-121.95298,36.52401],[-121.95298,36.52401]],[[-121.94695,36.52401],[-121.94709,36.5239],[-121.94695,36.52379],[-121.94681,36.5239],[-121.94695,36.52401]],[[-121.95284,36.5239],[-121.95284,36.5239]],[[-121.94821,36.5239],[-121.94821,36.5239]],[[-121.94793,36.5239],[-121.94793,36.5239]],[[-121.93431,36.5239],[-121.93431,36.5239]],[[-121.92672,36.5239],[-121.92672,36.5239]],[[-121.95467,36.52379],[-121.95467,36.52379]],[[-121.95411,36.52379],[-121.95411,36.52379]],[[-121.9527,36.52379],[-121.9527,36.52379]],[[-121.94849,36.52379],[-121.94849,36.52379]],[[-121.94765,36.52379],[-121.94765,36.52379]],[[-121.93417,36.52379],[-121.93417,36.52379]],[[-121.93332,36.52379],[-121.93332,36.52379]],[[-121.93037,36.52379],[-121.93037,36.52379]],[[-121.92686,36.52379],[-121.92686,36.52379]],[[-121.95327,36.52367],[-121.95327,36.52367]],[[-121.95256,36.52367],[-121.95256,36.52367]],[[-121.94877,36.52367],[-121.94877,36.52367]],[[-121.94863,36.52367],[-121.94863,36.52367]],[[-121.94737,36.52367],[-121.94737,36.52367]],[[-121.93669,36.52367],[-121.93669,36.52367]],[[-121.93346,36.52367],[-121.93346,36.52367]],[[-121.93065,36.52367],[-121.93065,36.52367]],[[-121.93023,36.52367],[-121.93023,36.52367]],[[-121.95397,36.52356],[-121.95397,36.52356]],[[-121.95383,36.52345],[-121.95383,36.52345]],[[-121.95242,36.52356],[-121.95242,36.52356]],[[-121.94723,36.52356],[-121.94723,36.52356]],[[-121.93402,36.52356],[-121.93402,36.52356]],[[-121.93388,36.52356],[-121.93388,36.52356]],[[-121.93192,36.52356],[-121.93192,36.52356]],[[-121.93164,36.52356],[-121.93164,36.52356]],[[-121.93122,36.52356],[-121.93122,36.52356]],[[-121.93079,36.52356],[-121.93079,36.52356]],[[-121.93009,36.52356],[-121.93009,36.52356]],[[-121.927,36.52356],[-121.927,36.52356]],[[-121.95355,36.52345],[-121.95355,36.52345]],[[-121.95228,36.52345],[-121.95228,36.52345]],[[-121.94709,36.52345],[-121.94709,36.52345]],[[-121.93711,36.52345],[-121.93711,36.52345]],[[-121.93655,36.52345],[-121.93655,36.52345]],[[-121.93613,36.52345],[-121.93613,36.52345]],[[-121.93304,36.52345],[-121.93304,36.52345]],[[-121.93234,36.52345],[-121.93234,36.52345]],[[-121.9322,36.52345],[-121.9322,36.52345]],[[-121.9315,36.52345],[-121.9315,36.52345]],[[-121.92995,36.52345],[-121.92995,36.52345]],[[-121.92714,36.52345],[-121.92714,36.52345]],[[-121.95341,36.52334],[-121.95341,36.52334]],[[-121.95214,36.52334],[-121.95214,36.52334]],[[-121.94695,36.52334],[-121.94695,36.52334]],[[-121.94091,36.52334],[-121.94119,36.52277],[-121.94105,36.52255],[-121.94063,36.52277],[-121.94063,36.52322],[-121.94091,36.52334]],[[-121.93768,36.52334],[-121.93768,36.52334]],[[-121.9329,36.52334],[-121.9329,36.52334]],[[-121.93262,36.52334],[-121.93262,36.52334]],[[-121.92728,36.52334],[-121.92728,36.52334]],[[-121.95327,36.52322],[-121.95327,36.52322]],[[-121.952,36.52322],[-121.952,36.52322]],[[-121.94666,36.52322],[-121.94666,36.52322]],[[-121.93599,36.52322],[-121.93599,36.52322]],[[-121.92742,36.52322],[-121.92742,36.52322]],[[-121.95509,36.52311],[-121.95523,36.523],[-121.95509,36.52288],[-121.95495,36.523],[-121.95509,36.52311]],[[-121.95369,36.523],[-121.95369,36.523]],[[-121.95172,36.52311],[-121.95172,36.52311]],[[-121.94652,36.52311],[-121.94652,36.52311]],[[-121.9374,36.52311],[-121.9374,36.52311]],[[-121.93585,36.52311],[-121.93585,36.52311]],[[-121.92756,36.52311],[-121.92756,36.52311]],[[-121.95158,36.523],[-121.95158,36.523]],[[-121.94638,36.523],[-121.94638,36.523]],[[-121.93571,36.523],[-121.93557,36.52288],[-121.93571,36.523]],[[-121.93557,36.52288],[-121.93557,36.52288]],[[-121.92785,36.523],[-121.92785,36.523]],[[-121.9513,36.52288],[-121.9513,36.52288]],[[-121.94596,36.52288],[-121.94596,36.52288]],[[-121.94105,36.52288],[-121.94105,36.52288]],[[-121.93754,36.52288],[-121.93754,36.52288]],[[-121.93529,36.52288],[-121.93529,36.52288]],[[-121.93501,36.52288],[-121.93501,36.52288]],[[-121.9336,36.52288],[-121.9336,36.52288]],[[-121.92967,36.52288],[-121.92967,36.52288]],[[-121.92799,36.52288],[-121.92799,36.52288]],[[-121.95481,36.52277],[-121.95481,36.52277]],[[-121.95369,36.52277],[-121.95369,36.52277]],[[-121.95355,36.52266],[-121.95341,36.52255],[-121.95355,36.52266]],[[-121.95116,36.52277],[-121.95116,36.52277]],[[-121.93796,36.52277],[-121.93796,36.52277]],[[-121.93768,36.52277],[-121.93768,36.52277]],[[-121.92953,36.52277],[-121.92953,36.52277]],[[-121.92827,36.52277],[-121.92827,36.52277]],[[-121.95453,36.52266],[-121.95453,36.52266]],[[-121.95425,36.52266],[-121.95425,36.52266]],[[-121.95341,36.52255],[-121.95341,36.52255]],[[-121.94905,36.52266],[-121.94905,36.52266]],[[-121.94568,36.52266],[-121.94568,36.52266]],[[-121.93529,36.52255],[-121.93529,36.52255]],[[-121.93374,36.52266],[-121.93374,36.52266]],[[-121.92911,36.52266],[-121.92911,36.52266]],[[-121.92869,36.52266],[-121.92869,36.52266]],[[-121.95509,36.52255],[-121.95509,36.52255]],[[-121.95102,36.52255],[-121.95102,36.52255]],[[-121.94947,36.52255],[-121.94947,36.52255]],[[-121.94554,36.52255],[-121.94554,36.52255]],[[-121.93388,36.52255],[-121.93388,36.52255]],[[-121.94849,36.52243],[-121.94849,36.52243]],[[-121.9454,36.52243],[-121.9454,36.52243]],[[-121.93402,36.52243],[-121.93402,36.52243]],[[-121.95088,36.52232],[-121.95088,36.52232]],[[-121.94835,36.52232],[-121.94835,36.52232]],[[-121.94498,36.52232],[-121.94498,36.52232]],[[-121.93487,36.52232],[-121.93487,36.52232]],[[-121.93417,36.52232],[-121.93417,36.52232]],[[-121.95074,36.52221],[-121.95074,36.52221]],[[-121.9447,36.52221],[-121.9447,36.52221]],[[-121.9506,36.52209],[-121.9506,36.52209]],[[-121.9374,36.52209],[-121.9374,36.52209]],[[-121.93726,36.52198],[-121.93726,36.52198]],[[-121.94442,36.52198],[-121.94442,36.52198]],[[-121.94091,36.52198],[-121.94091,36.52198]],[[-121.94063,36.52198],[-121.94063,36.52198]],[[-121.95032,36.52176],[-121.95032,36.52176]],[[-121.94119,36.52176],[-121.94119,36.52176]],[[-121.94105,36.52164],[-121.94105,36.52164]],[[-121.95018,36.52164],[-121.95018,36.52164]],[[-121.9499,36.52164],[-121.9499,36.52164]],[[-121.94175,36.52164],[-121.94175,36.52164]],[[-121.94161,36.52164],[-121.94161,36.52164]],[[-121.94456,36.52153],[-121.94456,36.52153]],[[-121.94063,36.52153],[-121.94063,36.52153]],[[-121.95397,36.52142],[-121.95397,36.52142]],[[-121.94049,36.52142],[-121.94049,36.52142]],[[-121.94975,36.5213],[-121.94975,36.5213]],[[-121.94034,36.5213],[-121.94034,36.5213]],[[-121.93711,36.5213],[-121.93711,36.5213]],[[-121.93641,36.5213],[-121.93641,36.5213]],[[-121.94961,36.52119],[-121.94961,36.52119]],[[-121.94947,36.52119],[-121.94947,36.52119]],[[-121.9402,36.52119],[-121.9402,36.52119]],[[-121.93697,36.52108],[-121.93697,36.52108]],[[-121.93655,36.52108],[-121.93655,36.52108]],[[-121.94231,36.52097],[-121.94231,36.52097]],[[-121.93683,36.52097],[-121.93683,36.52097]],[[-121.94456,36.52085],[-121.94456,36.52085]],[[-121.94428,36.52085],[-121.94428,36.52085]],[[-121.944,36.52085],[-121.944,36.52085]],[[-121.94245,36.52085],[-121.94245,36.52085]],[[-121.94343,36.52074],[-121.94343,36.52074]],[[-121.94329,36.52074],[-121.94329,36.52074]],[[-121.95172,36.52051],[-121.95172,36.52051]],[[-121.93683,36.51995],[-121.93683,36.51995]],[[-121.93711,36.51984],[-121.93711,36.51984]],[[-121.93697,36.51984],[-121.93697,36.51984]],[[-121.94091,36.51972],[-121.94091,36.51972]],[[-121.95397,36.51961],[-121.95397,36.51961]],[[-121.95355,36.51961],[-121.95355,36.51961]],[[-121.95327,36.51961],[-121.95327,36.51961]],[[-121.9513,36.51961],[-121.9513,36.51961]],[[-121.94077,36.51961],[-121.94077,36.51961]],[[-121.95411,36.5195],[-121.95411,36.5195]],[[-121.95298,36.5195],[-121.95298,36.5195]],[[-121.94063,36.5195],[-121.94063,36.5195]],[[-121.93726,36.5195],[-121.93726,36.5195]],[[-121.95284,36.51939],[-121.95284,36.51939]],[[-121.95144,36.51939],[-121.95144,36.51939]],[[-121.94034,36.51939],[-121.94034,36.51939]],[[-121.95397,36.51927],[-121.95397,36.51927]],[[-121.95158,36.51927],[-121.95158,36.51927]],[[-121.9402,36.51927],[-121.9402,36.51927]],[[-121.9374,36.51927],[-121.9374,36.51927]],[[-121.95411,36.51916],[-121.95411,36.51916]],[[-121.9527,36.51916],[-121.9527,36.51916]],[[-121.94006,36.51916],[-121.94006,36.51916]],[[-121.93768,36.51916],[-121.93768,36.51916]],[[-121.95453,36.51905],[-121.95453,36.51905]],[[-121.95256,36.51905],[-121.95256,36.51905]],[[-121.95172,36.51905],[-121.95172,36.51905]],[[-121.93964,36.51905],[-121.93964,36.51905]],[[-121.93782,36.51905],[-121.93782,36.51905]],[[-121.95228,36.51893],[-121.95228,36.51893]],[[-121.95186,36.51893],[-121.95186,36.51893]],[[-121.93922,36.51893],[-121.93922,36.51893]],[[-121.93838,36.51893],[-121.93838,36.51893]],[[-121.95537,36.5186],[-121.95551,36.51848],[-121.95537,36.51826],[-121.95523,36.51848],[-121.95537,36.5186]],[[-121.95607,36.51803],[-121.95622,36.51792],[-121.95622,36.51735],[-121.95579,36.51702],[-121.95565,36.51713],[-121.95565,36.51758],[-121.95607,36.51803]],[[-121.95256,36.51803],[-121.95256,36.51803]],[[-121.95593,36.51792],[-121.95593,36.51792]],[[-121.95664,36.51769],[-121.9565,36.51758],[-121.95664,36.51747]],[[-121.95579,36.51769],[-121.95579,36.51769]],[[-121.95228,36.51735],[-121.95228,36.51735]],[[-121.95242,36.51713],[-121.95242,36.51713]],[[-121.9499,36.51668],[-121.9499,36.51668]],[[-121.9513,36.51645],[-121.9513,36.51645]],[[-121.94428,36.51318],[-121.94428,36.51318]],[[-121.94428,36.51273],[-121.94428,36.51273]],[[-121.94386,36.51273],[-121.94386,36.51273]],[[-121.94414,36.51262],[-121.94414,36.51262]],[[-121.944,36.5125],[-121.944,36.5125]],[[-121.94386,36.51239],[-121.94386,36.51239]],[[-121.94217,36.51183],[-121.94217,36.51183]],[[-121.94231,36.51171],[-121.94231,36.51171]],[[-121.95664,36.51155],[-121.95607,36.51145],[-121.95537,36.51156],[-121.95453,36.51109],[-121.9543,36.5107],[-121.95369,36.51031],[-121.95327,36.5104],[-121.95315,36.5107],[-121.95336,36.51092],[-121.95304,36.51092],[-121.95261,36.51058],[-121.95216,36.50957],[-121.95144,36.50878],[-121.9514,36.50821],[-121.95111,36.50788],[-121.95098,36.50731],[-121.95063,36.50697]],[[-121.94189,36.51115],[-121.94189,36.51104],[-121.94189,36.51115]],[[-121.94189,36.51104],[-121.94189,36.51104]],[[-121.95664,36.51021],[-121.95664,36.51037]],[[-121.94189,36.51036],[-121.94189,36.51036]],[[-121.94203,36.51013],[-121.94203,36.51013]],[[-121.94259,36.50979],[-121.94259,36.50979]],[[-121.94217,36.50912],[-121.94217,36.50912]],[[-121.94287,36.509],[-121.94301,36.50889],[-121.94287,36.50878],[-121.94273,36.50889],[-121.94287,36.509]],[[-121.94273,36.50889],[-121.94287,36.50878],[-121.94273,36.50867],[-121.94259,36.50878],[-121.94273,36.50889]],[[-121.94329,36.5081],[-121.94329,36.5081]],[[-121.94273,36.5081],[-121.94273,36.5081]],[[-121.94259,36.50799],[-121.94259,36.50799]],[[-121.94217,36.50799],[-121.94217,36.50799]],[[-121.94175,36.50799],[-121.94175,36.50799]],[[-121.94161,36.50799],[-121.94161,36.50799]],[[-121.94105,36.50799],[-121.94105,36.50799]],[[-121.94091,36.50799],[-121.94091,36.50799]],[[-121.94259,36.50697],[-121.94343,36.50765],[-121.94456,36.50731],[-121.94456,36.50754],[-121.94484,36.50776],[-121.94512,36.50754],[-121.94512,36.5072],[-121.94484,36.50697]],[[-121.94245,36.50776],[-121.94245,36.50776]],[[-121.94498,36.50765],[-121.94498,36.50765]],[[-121.94231,36.50765],[-121.94231,36.50765]],[[-121.94386,36.50754],[-121.94386,36.50754]],[[-121.94414,36.50742],[-121.94414,36.50742]],[[-121.94442,36.50731],[-121.94442,36.50731]],[[-121.94049,36.50697],[-121.94034,36.50697]],[[-121.93964,36.50697],[-121.93964,36.50697]]]},"properties":{"depth_m":45}},{"type":"Feature","geometry":{"type":"MultiLineString","coordinates":[[[-121.95467,36.56103],[-121.95411,36.56091],[-121.95383,36.56058],[-121.95355,36.5608],[-121.95327,36.5608],[-121.95298,36.56035],[-121.95256,36.56035],[-121.95214,36.56069],[-121.95186,36.56058],[-121.95172,36.56091],[-121.95144,36.56103]],[[-121.94091,36.56103],[-121.94105,36.5608],[-121.94077,36.56058],[-121.94063,36.5608],[-121.9402,36.5608],[-121.93992,36.56103]],[[-121.93894,36.56103],[-121.93908,36.56091],[-121.9395,36.56103],[-121.93964,36.5608],[-121.93978,36.56103]],[[-121.93571,36.56103],[-121.93557,36.56091],[-121.93515,36.56103],[-121.93487,36.5608],[-121.93417,36.5608],[-121.93276,36.55933],[-121.9322,36.55742],[-121.93108,36.55505],[-121.93108,36.55437],[-121.93065,36.55324],[-121.93051,36.55211],[-121.93009,36.5511],[-121.92981,36.5485],[-121.92967,36.54839],[-121.92981,36.54681],[-121.93037,36.54591],[-121.93136,36.54512],[-121.93164,36.54534],[-121.93248,36.54455],[-121.93262,36.54455],[-121.93248,36.54466],[-121.93276,36.54489],[-121.93304,36.54478],[-121.93304,36.54455],[-121.93346,36.54478],[-121.93388,36.54466],[-121.93388,36.54433],[-121.9336,36.5441],[-121.93388,36.54421],[-121.93431,36.54387],[-121.93417,36.54365],[-121.93431,36.54354],[-121.93417,36.54342],[-121.93402,36.54354],[-121.93388,36.54331],[-121.93402,36.5432],[-121.93374,36.54297],[-121.93346,36.54297],[-121.93374,36.54275],[-121.93346,36.54252],[-121.93332,36.54173],[-121.93304,36.54162],[-121.93332,36.54128],[-121.93431,36.54139],[-121.93445,36.54117],[-121.9336,36.54094],[-121.93346,36.54083],[-121.9336,36.5406],[-121.93346,36.54049],[-121.93332,36.5406],[-121.93318,36.54038],[-121.93304,36.54049],[-121.9329,36.54038],[-121.9329,36.54026],[-121.93318,36.54038],[-121.93346,36.54015],[-121.9329,36.5397],[-121.9329,36.53936],[-121.93248,36.53891],[-121.9322,36.53913],[-121.93178,36.53902],[-121.93136,36.53947],[-121.93051,36.53936],[-121.92981,36.53868],[-121.92883,36.53733],[-121.92869,36.53609],[-121.92855,36.53597],[-121.92855,36.53518],[-121.92841,36.53507],[-121.92841,36.53439],[-121.92855,36.53428],[-121.92827,36.53417],[-121.92841,36.53394],[-121.92813,36.53327],[-121.92799,36.53315],[-121.92785,36.53327],[-121.92799,36.53315],[-121.92756,36.53304],[-121.92742,36.5327],[-121.927,36.53248],[-121.927,36.53146],[-121.9263,36.5309],[-121.92574,36.52999],[-121.92574,36.5292],[-121.92602,36.52909],[-121.9263,36.52808],[-121.92588,36.52785],[-121.92574,36.52751],[-121.92588,36.52729],[-121.92532,36.52672],[-121.92532,36.52582],[-121.92546,36.52571],[-121.92546,36.52537],[-121.927,36.52356],[-121.92799,36.52288],[-121.92869,36.52266],[-121.92953,36.52277],[-121.92967,36.52288],[-121.92967,36.52334],[-121.92995,36.52345],[-121.92981,36.52356],[-121.92995,36.52367],[-121.93009,36.52356],[-121.93051,36.5239],[-121.93079,36.52356],[-121.93108,36.52367],[-121.9315,36.52345],[-121.93178,36.52367],[-121.9329,36.52334],[-121.93318,36.52401],[-121.93346,36.52367],[-121.93402,36.52356],[-121.93445,36.52401],[-121.93473,36.52401],[-121.93487,36.52367],[-121.93445,36.52334],[-121.93388,36.52322],[-121.9336,36.52288],[-121.93417,36.52232],[-121.93487,36.52232],[-121.93487,36.52266],[-121.93473,36.52277],[-121.93487,36.52288],[-121.93515,36.523],[-121.93529,36.52288],[-121.93543,36.52322],[-121.93571,36.523],[-121.93627,36.52356],[-121.93655,36.52345],[-121.93697,36.52379],[-121.93711,36.52345],[-121.9374,36.52334],[-121.93754,36.52345],[-121.93782,36.52322],[-121.93768,36.52311],[-121.9374,36.52334],[-121.9374,36.52311],[-121.93754,36.52322],[-121.93768,36.52311],[-121.93754,36.523],[-121.9374,36.52311],[-121.93754,36.52288],[-121.93768,36.52277],[-121.93782,36.52288],[-121.9381,36.52266],[-121.9374,36.52209],[-121.93768,36.52198],[-121.93754,36.52187],[-121.93697,36.52164],[-121.93669,36.52176],[-121.93641,36.5213],[-121.93683,36.52097],[-121.93726,36.52142],[-121.93782,36.5213],[-121.93782,36.52085],[-121.93754,36.5204],[-121.9374,36.52029],[-121.93726,36.5204],[-121.93683,36.51995],[-121.9374,36.51984],[-121.93726,36.5195],[-121.9374,36.51927],[-121.93838,36.51893],[-121.93922,36.51893],[-121.94006,36.51916],[-121.94091,36.51972],[-121.94006,36.52074],[-121.93992,36.52119],[-121.94006,36.5213],[-121.9402,36.52119],[-121.94063,36.52153],[-121.94049,36.52187],[-121.94077,36.52209],[-121.94091,36.52198],[-121.94105,36.52221],[-121.94133,36.52209],[-121.94119,36.52176],[-121.94245,36.52164],[-121.94231,36.5213],[-121.94231,36.52097],[-121.94245,36.52085],[-121.94343,36.52074],[-121.94414,36.52097],[-121.94456,36.52085],[-121.94456,36.5213],[-121.94442,36.52142],[-121.94456,36.52153],[-121.94428,36.52164],[-121.94442,36.52209],[-121.9454,36.52243],[-121.94582,36.52288],[-121.94638,36.523],[-121.94807,36.52401],[-121.94863,36.52367],[-121.94891,36.52379],[-121.94905,36.52367],[-121.94905,36.52322],[-121.94835,36.52255],[-121.94835,36.52232],[-121.94863,36.52266],[-121.94919,36.52277],[-121.94961,36.52266],[-121.94947,36.52255],[-121.94961,36.52243],[-121.94961,36.52142],[-121.94947,36.52119],[-121.94961,36.52119],[-121.94975,36.52153],[-121.95004,36.52176],[-121.95018,36.52164],[-121.95032,36.52198],[-121.95088,36.52232],[-121.95102,36.52266],[-121.95313,36.52413],[-121.95341,36.5239],[-121.95327,36.52322],[-121.95369,36.52367],[-121.95397,36.52356],[-121.95411,36.5239],[-121.95467,36.52435],[-121.95495,36.52413],[-121.95467,36.52379],[-121.95495,36.52367],[-121.95369,36.52277],[-121.95453,36.52266],[-121.95495,36.52288],[-121.95523,36.52232],[-121.95453,36.52187],[-121.95439,36.52198],[-121.95439,36.52176],[-121.95397,36.52153],[-121.95411,36.52119],[-121.95313,36.52063],[-121.95256,36.5204],[-121.95172,36.52051],[-121.95186,36.5204],[-121.95186,36.52006],[-121.95158,36.51972],[-121.9513,36.51972],[-121.95186,36.51893],[-121.95256,36.51905],[-121.95341,36.51972],[-121.95439,36.5195],[-121.95453,36.51939],[-121.95425,36.51916],[-121.95397,36.51939],[-121.95411,36.51916],[-121.95439,36.51916],[-121.95467,36.51893],[-121.95425,36.51792],[-121.95369,36.51747],[-121.95327,36.51747],[-121.95298,36.51769],[-121.95298,36.51814],[-121.95242,36.51814],[-121.95242,36.51792],[-121.9527,36.51814],[-121.95284,36.51803],[-121.9527,36.51781],[-121.95242,36.51792],[-121.95228,36.51758],[-121.95256,36.5169],[-121.95186,36.51645],[-121.95158,36.51668],[-121.9513,36.51645],[-121.95144,36.51623],[-121.9513,36.51611],[-121.95074,36.51657],[-121.95046,36.51702],[-121.95004,36.51713],[-121.9499,36.5169],[-121.95004,36.51634],[-121.94961,36.516],[-121.94961,36.51566],[-121.94933,36.51544],[-121.94905,36.51544],[-121.94891,36.51566],[-121.94877,36.51521],[-121.94821,36.51487],[-121.94807,36.51397],[-121.94779,36.51374],[-121.94765,36.51386],[-121.94737,36.51341],[-121.94695,36.51352],[-121.94666,36.51318],[-121.9461,36.51307],[-121.94568,36.51318],[-121.94568,36.51295],[-121.9454,36.51273],[-121.94498,36.51273],[-121.94428,36.51318],[-121.94442,36.51307],[-121.94428,36.51295],[-121.944,36.51307],[-121.94386,36.51273],[-121.944,36.5125],[-121.94456,36.51284],[-121.9447,36.5125],[-121.94414,36.51205],[-121.94372,36.51183],[-121.94329,36.51194],[-121.94315,36.51171],[-121.94217,36.51183],[-121.94245,36.5116],[-121.94245,36.51137],[-121.94217,36.51092],[-121.94231,36.51104],[-121.94245,36.51092],[-121.94231,36.51081],[-121.94217,36.51092],[-121.94217,36.5107],[-121.94189,36.51036],[-121.94203,36.51013],[-121.94259,36.51002],[-121.94273,36.50968],[-121.94231,36.50946],[-121.94217,36.50912],[-121.94273,36.509],[-121.94231,36.50844],[-121.94217,36.50867],[-121.94203,36.50833],[-121.94119,36.50844],[-121.94091,36.50799],[-121.94203,36.5081],[-121.94231,36.50788],[-121.94231,36.50765],[-121.94287,36.50821],[-121.94315,36.50821],[-121.94343,36.50788],[-121.94245,36.5072],[-121.94245,36.50697]],[[-121.95228,36.5608],[-121.95228,36.5608]],[[-121.95664,36.52539],[-121.95607,36.52496],[-121.95495,36.52554],[-121.95453,36.52607],[-121.95298,36.5265],[-121.95242,36.52639],[-121.95158,36.52657],[-121.95141,36.52672],[-121.95167,36.52706],[-121.95088,36.52687],[-121.95076,36.52706],[-121.95096,36.52729],[-121.95046,36.52748],[-121.94891,36.52718],[-121.94849,36.52741],[-121.94709,36.5265],[-121.94666,36.5265],[-121.9461,36.52621],[-121.94512,36.5262],[-121.94358,36.52561],[-121.94329,36.52583],[-121.94259,36.52568],[-121.94133,36.52609],[-121.94111,36.52627],[-121.94099,36.52683],[-121.94078,36.52706],[-121.94049,36.52726],[-121.94001,36.52729],[-121.93936,36.52783],[-121.93824,36.52781],[-121.93768,36.52805],[-121.93697,36.528],[-121.93431,36.52677],[-121.93346,36.52677],[-121.93304,36.52649],[-121.93122,36.52653],[-121.93037,36.52683],[-121.92953,36.52615],[-121.92883,36.52596],[-121.92845,36.52616],[-121.92819,36.52672],[-121.92862,36.52751],[-121.92822,36.52796],[-121.92837,36.52819],[-121.92839,36.52898],[-121.92883,36.5294],[-121.92911,36.52932],[-121.92917,36.52898],[-121.92939,36.52879],[-121.93009,36.52847],[-121.93122,36.52848],[-121.9322,36.52918],[-121.93215,36.52943],[-121.93257,36.52988],[-121.93233,36.53022],[-121.93275,36.53078],[-121.93231,36.53124],[-121.93234,36.5315],[-121.93206,36.53162],[-121.93079,36.53137],[-121.93049,36.53157],[-121.93072,36.53203],[-121.93192,36.53307],[-121.93234,36.53316],[-121.93276,36.53289],[-121.93306,36.53293],[-121.9333,36.53349],[-121.93284,36.53383],[-121.93276,36.53406],[-121.93304,36.53445],[-121.93402,36.53437],[-121.93473,36.53369],[-121.93529,36.53343],[-121.93726,36.53343],[-121.93824,36.53376],[-121.94006,36.53529],[-121.94068,36.53609],[-121.94095,36.53722],[-121.94044,36.53801],[-121.94049,36.53821],[-121.94133,36.53859],[-121.94231,36.5388],[-121.94278,36.53913],[-121.94314,36.53992],[-121.94296,36.5406],[-121.94317,36.54117],[-121.94358,36.54141],[-121.94442,36.54153],[-121.94526,36.54142],[-121.94666,36.54183],[-121.94775,36.54275],[-121.94732,36.54297],[-121.94737,36.54333],[-121.94854,36.54399],[-121.94889,36.54444],[-121.95074,36.54458],[-121.95126,36.545],[-121.95174,36.54512],[-121.95172,36.54593],[-121.94982,36.54647],[-121.94952,36.54715],[-121.94938,36.54884],[-121.94756,36.55053],[-121.94757,36.55132],[-121.94806,36.552],[-121.94877,36.55246],[-121.9499,36.55279],[-121.95116,36.55287],[-121.95341,36.55259],[-121.95453,36.55294],[-121.95551,36.5536],[-121.95664,36.5535]],[[-121.952,36.55279],[-121.952,36.55279]],[[-121.92967,36.54737],[-121.92967,36.54737]],[[-121.92981,36.54681],[-121.92981,36.54681]],[[-121.92995,36.54658],[-121.92995,36.54658]],[[-121.93009,36.54636],[-121.93009,36.54636]],[[-121.93023,36.54613],[-121.93023,36.54613]],[[-121.93037,36.54591],[-121.93037,36.54591]],[[-121.93051,36.54579],[-121.93051,36.54579]],[[-121.93065,36.54568],[-121.93065,36.54568]],[[-121.93079,36.54557],[-121.93079,36.54557]],[[-121.93094,36.54545],[-121.93094,36.54545]],[[-121.93108,36.54534],[-121.93108,36.54534]],[[-121.93178,36.54523],[-121.93178,36.54523]],[[-121.93122,36.54523],[-121.93122,36.54523]],[[-121.93136,36.54512],[-121.93136,36.54512]],[[-121.93192,36.545],[-121.93192,36.545]],[[-121.93206,36.54489],[-121.93206,36.54489]],[[-121.93262,36.54478],[-121.93262,36.54478]],[[-121.9322,36.54478],[-121.9322,36.54478]],[[-121.93332,36.54466],[-121.93332,36.54466]],[[-121.93234,36.54466],[-121.93234,36.54466]],[[-121.93304,36.54455],[-121.93304,36.54455]],[[-121.93262,36.54455],[-121.93262,36.54455]],[[-121.93248,36.54455],[-121.93248,36.54455]],[[-121.93402,36.5441],[-121.93402,36.5441]],[[-121.93374,36.5441],[-121.93374,36.5441]],[[-121.9336,36.5441],[-121.9336,36.5441]],[[-121.93417,36.54399],[-121.93417,36.54399]],[[-121.93417,36.54365],[-121.93417,36.54365]],[[-121.93445,36.54354],[-121.93473,36.54331],[-121.93431,36.54308],[-121.93417,36.54331],[-121.93445,36.54354]],[[-121.93459,36.54342],[-121.93459,36.54342]],[[-121.93431,36.54342],[-121.93431,36.54342]],[[-121.93388,36.54331],[-121.93388,36.54331]],[[-121.93346,36.54286],[-121.93346,36.54286]],[[-121.93304,36.54162],[-121.93304,36.54162]],[[-121.93318,36.5415],[-121.93318,36.5415]],[[-121.9336,36.54128],[-121.9336,36.54128]],[[-121.93332,36.54128],[-121.93332,36.54128]],[[-121.93346,36.54071],[-121.93346,36.54071]],[[-121.93445,36.54049],[-121.93459,36.54038],[-121.93445,36.54026],[-121.93431,36.54038],[-121.93445,36.54049]],[[-121.93332,36.54026],[-121.93332,36.54026]],[[-121.93304,36.54026],[-121.93304,36.54026]],[[-121.9329,36.54026],[-121.9329,36.54026]],[[-121.92841,36.53439],[-121.92841,36.53439]],[[-121.92827,36.53417],[-121.92827,36.53417]],[[-121.92785,36.53327],[-121.92785,36.53327]],[[-121.93192,36.53157],[-121.93192,36.53157]],[[-121.92574,36.5292],[-121.92574,36.5292]],[[-121.92602,36.52875],[-121.92602,36.52875]],[[-121.92981,36.52864],[-121.92981,36.52864]],[[-121.92616,36.5283],[-121.92616,36.5283]],[[-121.92574,36.52751],[-121.92574,36.52751]],[[-121.93009,36.52672],[-121.93009,36.52672]],[[-121.93065,36.52672],[-121.93065,36.52672]],[[-121.92995,36.52661],[-121.92995,36.52661]],[[-121.92981,36.5265],[-121.92981,36.5265]],[[-121.94709,36.5265],[-121.94709,36.5265]],[[-121.94498,36.52616],[-121.94498,36.52616]],[[-121.92532,36.52582],[-121.92532,36.52582]],[[-121.92546,36.52537],[-121.92546,36.52537]],[[-121.9256,36.52525],[-121.9256,36.52525]],[[-121.92574,36.52503],[-121.92574,36.52503]],[[-121.92588,36.52492],[-121.92588,36.52492]],[[-121.92602,36.52469],[-121.92602,36.52469]],[[-121.92616,36.52458],[-121.92616,36.52458]],[[-121.94709,36.52446],[-121.94723,36.52424],[-121.94695,36.52413],[-121.94681,36.52424],[-121.94709,36.52446]],[[-121.9263,36.52446],[-121.9263,36.52446]],[[-121.94695,36.52435],[-121.94695,36.52435]],[[-121.95481,36.52424],[-121.95481,36.52424]],[[-121.95453,36.52424],[-121.95453,36.52424]],[[-121.92644,36.52424],[-121.92644,36.52424]],[[-121.95439,36.52413],[-121.95439,36.52413]],[[-121.92658,36.52413],[-121.92658,36.52413]],[[-121.95425,36.52401],[-121.95425,36.52401]],[[-121.95327,36.52401],[-121.95327,36.52401]],[[-121.95298,36.52401],[-121.95298,36.52401]],[[-121.94695,36.52401],[-121.94709,36.5239],[-121.94695,36.52379],[-121.94681,36.5239],[-121.94695,36.52401]],[[-121.95284,36.5239],[-121.95284,36.5239]],[[-121.94821,36.5239],[-121.94821,36.5239]],[[-121.94793,36.5239],[-121.94793,36.5239]],[[-121.93431,36.5239],[-121.93431,36.5239]],[[-121.92672,36.5239],[-121.92672,36.5239]],[[-121.95467,36.52379],[-121.95467,36.52379]],[[-121.95411,36.52379],[-121.95411,36.52379]],[[-121.9527,36.52379],[-121.9527,36.52379]],[[-121.94849,36.52379],[-121.94849,36.52379]],[[-121.94765,36.52379],[-121.94765,36.52379]],[[-121.93417,36.52379],[-121.93417,36.52379]],[[-121.93332,36.52379],[-121.93332,36.52379]],[[-121.93037,36.52379],[-121.93037,36.52379]],[[-121.92686,36.52379],[-121.92686,36.52379]],[[-121.95327,36.52367],[-121.95327,36.52367]],[[-121.95256,36.52367],[-121.95256,36.52367]],[[-121.94877,36.52367],[-121.94877,36.52367]],[[-121.94863,36.52367],[-121.94863,36.52367]],[[-121.94737,36.52367],[-121.94737,36.52367]],[[-121.93669,36.52367],[-121.93669,36.52367]],[[-121.93346,36.52367],[-121.93346,36.52367]],[[-121.93065,36.52367],[-121.93065,36.52367]],[[-121.93023,36.52367],[-121.93023,36.52367]],[[-121.95397,36.52356],[-121.95397,36.52356]],[[-121.95383,36.52345],[-121.95383,36.52345]],[[-121.95242,36.52356],[-121.95242,36.52356]],[[-121.94723,36.52356],[-121.94723,36.52356]],[[-121.93402,36.52356],[-121.93402,36.52356]],[[-121.93388,36.52356],[-121.93388,36.52356]],[[-121.93192,36.52356],[-121.93192,36.52356]],[[-121.93164,36.52356],[-121.93164,36.52356]],[[-121.93122,36.52356],[-121.93122,36.52356]],[[-121.93079,36.52356],[-121.93079,36.52356]],[[-121.93009,36.52356],[-121.93009,36.52356]],[[-121.927,36.52356],[-121.927,36.52356]],[[-121.95355,36.52345],[-121.95355,36.52345]],[[-121.95228,36.52345],[-121.95228,36.52345]],[[-121.94709,36.52345],[-121.94709,36.52345]],[[-121.93711,36.52345],[-121.93711,36.52345]],[[-121.93655,36.52345],[-121.93655,36.52345]],[[-121.93613,36.52345],[-121.93613,36.52345]],[[-121.93304,36.52345],[-121.93304,36.52345]],[[-121.93234,36.52345],[-121.93234,36.52345]],[[-121.9322,36.52345],[-121.9322,36.52345]],[[-121.9315,36.52345],[-121.9315,36.52345]],[[-121.92995,36.52345],[-121.92995,36.52345]],[[-121.92714,36.52345],[-121.92714,36.52345]],[[-121.95341,36.52334],[-121.95341,36.52334]],[[-121.95214,36.52334],[-121.95214,36.52334]],[[-121.94695,36.52334],[-121.94695,36.52334]],[[-121.94091,36.52334],[-121.94119,36.52277],[-121.94105,36.52255],[-121.94063,36.52277],[-121.94063,36.52322],[-121.94091,36.52334]],[[-121.93768,36.52334],[-121.93768,36.52334]],[[-121.9329,36.52334],[-121.9329,36.52334]],[[-121.93262,36.52334],[-121.93262,36.52334]],[[-121.92728,36.52334],[-121.92728,36.52334]],[[-121.95327,36.52322],[-121.95327,36.52322]],[[-121.952,36.52322],[-121.952,36.52322]],[[-121.94666,36.52322],[-121.94666,36.52322]],[[-121.93599,36.52322],[-121.93599,36.52322]],[[-121.92742,36.52322],[-121.92742,36.52322]],[[-121.95509,36.52311],[-121.95523,36.523],[-121.95509,36.52288],[-121.95495,36.523],[-121.95509,36.52311]],[[-121.95369,36.523],[-121.95369,36.523]],[[-121.95172,36.52311],[-121.95172,36.52311]],[[-121.94652,36.52311],[-121.94652,36.52311]],[[-121.9374,36.52311],[-121.9374,36.52311]],[[-121.93585,36.52311],[-121.93585,36.52311]],[[-121.92756,36.52311],[-121.92756,36.52311]],[[-121.95158,36.523],[-121.95158,36.523]],[[-121.94638,36.523],[-121.94638,36.523]],[[-121.93571,36.523],[-121.93557,36.52288],[-121.93571,36.523]],[[-121.93557,36.52288],[-121.93557,36.52288]],[[-121.92785,36.523],[-121.92785,36.523]],[[-121.9513,36.52288],[-121.9513,36.52288]],[[-121.94596,36.52288],[-121.94596,36.52288]],[[-121.94105,36.52288],[-121.94105,36.52288]],[[-121.93754,36.52288],[-121.93754,36.52288]],[[-121.93529,36.52288],[-121.93529,36.52288]],[[-121.93501,36.52288],[-121.93501,36.52288]],[[-121.9336,36.52288],[-121.9336,36.52288]],[[-121.92967,36.52288],[-121.92967,36.52288]],[[-121.92799,36.52288],[-121.92799,36.52288]],[[-121.95481,36.52277],[-121.95481,36.52277]],[[-121.95369,36.52277],[-121.95369,36.52277]],[[-121.95355,36.52266],[-121.95341,36.52255],[-121.95355,36.52266]],[[-121.95116,36.52277],[-121.95116,36.52277]],[[-121.93796,36.52277],[-121.93796,36.52277]],[[-121.93768,36.52277],[-121.93768,36.52277]],[[-121.92953,36.52277],[-121.92953,36.52277]],[[-121.92827,36.52277],[-121.92827,36.52277]],[[-121.95453,36.52266],[-121.95453,36.52266]],[[-121.95425,36.52266],[-121.95425,36.52266]],[[-121.95341,36.52255],[-121.95341,36.52255]],[[-121.94905,36.52266],[-121.94905,36.52266]],[[-121.94568,36.52266],[-121.94568,36.52266]],[[-121.93529,36.52255],[-121.93529,36.52255]],[[-121.93374,36.52266],[-121.93374,36.52266]],[[-121.92911,36.52266],[-121.92911,36.52266]],[[-121.92869,36.52266],[-121.92869,36.52266]],[[-121.95509,36.52255],[-121.95509,36.52255]],[[-121.95102,36.52255],[-121.95102,36.52255]],[[-121.94947,36.52255],[-121.94947,36.52255]],[[-121.94554,36.52255],[-121.94554,36.52255]],[[-121.93388,36.52255],[-121.93388,36.52255]],[[-121.94849,36.52243],[-121.94849,36.52243]],[[-121.9454,36.52243],[-121.9454,36.52243]],[[-121.93402,36.52243],[-121.93402,36.52243]],[[-121.95088,36.52232],[-121.95088,36.52232]],[[-121.94835,36.52232],[-121.94835,36.52232]],[[-121.94498,36.52232],[-121.94498,36.52232]],[[-121.93487,36.52232],[-121.93487,36.52232]],[[-121.93417,36.52232],[-121.93417,36.52232]],[[-121.95074,36.52221],[-121.95074,36.52221]],[[-121.9447,36.52221],[-121.9447,36.52221]],[[-121.9506,36.52209],[-121.9506,36.52209]],[[-121.9374,36.52209],[-121.9374,36.52209]],[[-121.93726,36.52198],[-121.93726,36.52198]],[[-121.94442,36.52198],[-121.94442,36.52198]],[[-121.94091,36.52198],[-121.94091,36.52198]],[[-121.94063,36.52198],[-121.94063,36.52198]],[[-121.95032,36.52176],[-121.95032,36.52176]],[[-121.94119,36.52176],[-121.94119,36.52176]],[[-121.94105,36.52164],[-121.94105,36.52164]],[[-121.95018,36.52164],[-121.95018,36.52164]],[[-121.9499,36.52164],[-121.9499,36.52164]],[[-121.94175,36.52164],[-121.94175,36.52164]],[[-121.94161,36.52164],[-121.94161,36.52164]],[[-121.94456,36.52153],[-121.94456,36.52153]],[[-121.94063,36.52153],[-121.94063,36.52153]],[[-121.95397,36.52142],[-121.95397,36.52142]],[[-121.94049,36.52142],[-121.94049,36.52142]],[[-121.94975,36.5213],[-121.94975,36.5213]],[[-121.94034,36.5213],[-121.94034,36.5213]],[[-121.93711,36.5213],[-121.93711,36.5213]],[[-121.93641,36.5213],[-121.93641,36.5213]],[[-121.94961,36.52119],[-121.94961,36.52119]],[[-121.94947,36.52119],[-121.94947,36.52119]],[[-121.9402,36.52119],[-121.9402,36.52119]],[[-121.93697,36.52108],[-121.93697,36.52108]],[[-121.93655,36.52108],[-121.93655,36.52108]],[[-121.94231,36.52097],[-121.94231,36.52097]],[[-121.93683,36.52097],[-121.93683,36.52097]],[[-121.94456,36.52085],[-121.94456,36.52085]],[[-121.94428,36.52085],[-121.94428,36.52085]],[[-121.944,36.52085],[-121.944,36.52085]],[[-121.94245,36.52085],[-121.94245,36.52085]],[[-121.94343,36.52074],[-121.94343,36.52074]],[[-121.94329,36.52074],[-121.94329,36.52074]],[[-121.95172,36.52051],[-121.95172,36.52051]],[[-121.93683,36.51995],[-121.93683,36.51995]],[[-121.93711,36.51984],[-121.93711,36.51984]],[[-121.93697,36.51984],[-121.93697,36.51984]],[[-121.94091,36.51972],[-121.94091,36.51972]],[[-121.95397,36.51961],[-121.95397,36.51961]],[[-121.95355,36.51961],[-121.95355,36.51961]],[[-121.95327,36.51961],[-121.95327,36.51961]],[[-121.9513,36.51961],[-121.9513,36.51961]],[[-121.94077,36.51961],[-121.94077,36.51961]],[[-121.95411,36.5195],[-121.95411,36.5195]],[[-121.95298,36.5195],[-121.95298,36.5195]],[[-121.94063,36.5195],[-121.94063,36.5195]],[[-121.93726,36.5195],[-121.93726,36.5195]],[[-121.95284,36.51939],[-121.95284,36.51939]],[[-121.95144,36.51939],[-121.95144,36.51939]],[[-121.94034,36.51939],[-121.94034,36.51939]],[[-121.95397,36.51927],[-121.95397,36.51927]],[[-121.95158,36.51927],[-121.95158,36.51927]],[[-121.9402,36.51927],[-121.9402,36.51927]],[[-121.9374,36.51927],[-121.9374,36.51927]],[[-121.95411,36.51916],[-121.95411,36.51916]],[[-121.9527,36.51916],[-121.9527,36.51916]],[[-121.94006,36.51916],[-121.94006,36.51916]],[[-121.93768,36.51916],[-121.93768,36.51916]],[[-121.95453,36.51905],[-121.95453,36.51905]],[[-121.95256,36.51905],[-121.95256,36.51905]],[[-121.95172,36.51905],[-121.95172,36.51905]],[[-121.93964,36.51905],[-121.93964,36.51905]],[[-121.93782,36.51905],[-121.93782,36.51905]],[[-121.95228,36.51893],[-121.95228,36.51893]],[[-121.95186,36.51893],[-121.95186,36.51893]],[[-121.93922,36.51893],[-121.93922,36.51893]],[[-121.93838,36.51893],[-121.93838,36.51893]],[[-121.95537,36.5186],[-121.95551,36.51848],[-121.95537,36.51826],[-121.95523,36.51848],[-121.95537,36.5186]],[[-121.95607,36.51803],[-121.95622,36.51792],[-121.95622,36.51735],[-121.95579,36.51702],[-121.95565,36.51713],[-121.95565,36.51758],[-121.95607,36.51803]],[[-121.95256,36.51803],[-121.95256,36.51803]],[[-121.95593,36.51792],[-121.95593,36.51792]],[[-121.95664,36.51769],[-121.9565,36.51758],[-121.95664,36.51747]],[[-121.95579,36.51769],[-121.95579,36.51769]],[[-121.95228,36.51735],[-121.95228,36.51735]],[[-121.95242,36.51713],[-121.95242,36.51713]],[[-121.9499,36.51668],[-121.9499,36.51668]],[[-121.9513,36.51645],[-121.9513,36.51645]],[[-121.94428,36.51318],[-121.94428,36.51318]],[[-121.94428,36.51273],[-121.94428,36.51273]],[[-121.94386,36.51273],[-121.94386,36.51273]],[[-121.94414,36.51262],[-121.94414,36.51262]],[[-121.944,36.5125],[-121.944,36.5125]],[[-121.94386,36.51239],[-121.94386,36.51239]],[[-121.94217,36.51183],[-121.94217,36.51183]],[[-121.94231,36.51171],[-121.94231,36.51171]],[[-121.94189,36.51115],[-121.94189,36.51104],[-121.94189,36.51115]],[[-121.94189,36.51104],[-121.94189,36.51104]],[[-121.95664,36.51077],[-121.95639,36.51058],[-121.95664,36.51055]],[[-121.94189,36.51036],[-121.94189,36.51036]],[[-121.94203,36.51013],[-121.94203,36.51013]],[[-121.94259,36.50979],[-121.94259,36.50979]],[[-121.9549,36.50697],[-121.95468,36.50754],[-121.95536,36.50833],[-121.95522,36.50923],[-121.95593,36.50949],[-121.95664,36.50907]],[[-121.94217,36.50912],[-121.94217,36.50912]],[[-121.94287,36.509],[-121.94301,36.50889],[-121.94287,36.50878],[-121.94273,36.50889],[-121.94287,36.509]],[[-121.94273,36.50889],[-121.94287,36.50878],[-121.94273,36.50867],[-121.94259,36.50878],[-121.94273,36.50889]],[[-121.94329,36.5081],[-121.94329,36.5081]],[[-121.94273,36.5081],[-121.94273,36.5081]],[[-121.94259,36.50799],[-121.94259,36.50799]],[[-121.94217,36.50799],[-121.94217,36.50799]],[[-121.94175,36.50799],[-121.94175,36.50799]],[[-121.94161,36.50799],[-121.94161,36.50799]],[[-121.94105,36.50799],[-121.94105,36.50799]],[[-121.94091,36.50799],[-121.94091,36.50799]],[[-121.94259,36.50697],[-121.94343,36.50765],[-121.94456,36.50731],[-121.94456,36.50754],[-121.94484,36.50776],[-121.94512,36.50754],[-121.94512,36.5072],[-121.94484,36.50697]],[[-121.94245,36.50776],[-121.94245,36.50776]],[[-121.94498,36.50765],[-121.94498,36.50765]],[[-121.94231,36.50765],[-121.94231,36.50765]],[[-121.94386,36.50754],[-121.94386,36.50754]],[[-121.94414,36.50742],[-121.94414,36.50742]],[[-121.94442,36.50731],[-121.94442,36.50731]],[[-121.94049,36.50697],[-121.94034,36.50697]],[[-121.93964,36.50697],[-121.93964,36.50697]]]},"properties":{"depth_m":50}},{"type":"Feature","geometry":{"type":"MultiLineString","coordinates":[[[-121.95467,36.56103],[-121.95411,36.56091],[-121.95383,36.56058],[-121.95355,36.5608],[-121.95327,36.5608],[-121.95298,36.56035],[-121.95256,36.56035],[-121.95214,36.56069],[-121.95186,36.56058],[-121.95172,36.56091],[-121.95144,36.56103]],[[-121.94091,36.56103],[-121.94105,36.5608],[-121.94077,36.56058],[-121.94063,36.5608],[-121.9402,36.5608],[-121.93992,36.56103]],[[-121.93894,36.56103],[-121.93908,36.56091],[-121.9395,36.56103],[-121.93964,36.5608],[-121.93978,36.56103]],[[-121.93571,36.56103],[-121.93557,36.56091],[-121.93515,36.56103],[-121.93487,36.5608],[-121.93417,36.5608],[-121.93276,36.55933],[-121.9322,36.55742],[-121.93108,36.55505],[-121.93108,36.55437],[-121.93065,36.55324],[-121.93051,36.55211],[-121.93009,36.5511],[-121.92981,36.5485],[-121.92967,36.54839],[-121.92981,36.54681],[-121.93037,36.54591],[-121.93136,36.54512],[-121.93164,36.54534],[-121.93248,36.54455],[-121.93262,36.54455],[-121.93248,36.54466],[-121.93276,36.54489],[-121.93304,36.54478],[-121.93304,36.54455],[-121.93346,36.54478],[-121.93388,36.54466],[-121.93388,36.54433],[-121.9336,36.5441],[-121.93388,36.54421],[-121.93431,36.54387],[-121.93417,36.54365],[-121.93431,36.54354],[-121.93417,36.54342],[-121.93402,36.54354],[-121.93388,36.54331],[-121.93402,36.5432],[-121.93374,36.54297],[-121.93346,36.54297],[-121.93374,36.54275],[-121.93346,36.54252],[-121.93332,36.54173],[-121.93304,36.54162],[-121.93332,36.54128],[-121.93431,36.54139],[-121.93445,36.54117],[-121.9336,36.54094],[-121.93346,36.54083],[-121.9336,36.5406],[-121.93346,36.54049],[-121.93332,36.5406],[-121.93318,36.54038],[-121.93304,36.54049],[-121.9329,36.54038],[-121.9329,36.54026],[-121.93318,36.54038],[-121.93346,36.54015],[-121.9329,36.5397],[-121.9329,36.53936],[-121.93248,36.53891],[-121.9322,36.53913],[-121.93178,36.53902],[-121.93136,36.53947],[-121.93051,36.53936],[-121.92981,36.53868],[-121.92883,36.53733],[-121.92869,36.53609],[-121.92855,36.53597],[-121.92855,36.53518],[-121.92841,36.53507],[-121.92841,36.53439],[-121.92855,36.53428],[-121.92827,36.53417],[-121.92841,36.53394],[-121.92813,36.53327],[-121.92799,36.53315],[-121.92785,36.53327],[-121.92799,36.53315],[-121.92756,36.53304],[-121.92742,36.5327],[-121.927,36.53248],[-121.927,36.53146],[-121.9263,36.5309],[-121.92574,36.52999],[-121.92574,36.5292],[-121.92602,36.52909],[-121.9263,36.52808],[-121.92588,36.52785],[-121.92574,36.52751],[-121.92588,36.52729],[-121.92532,36.52672],[-121.92532,36.52582],[-121.92546,36.52571],[-121.92546,36.52537],[-121.927,36.52356],[-121.92799,36.52288],[-121.92869,36.52266],[-121.92953,36.52277],[-121.92967,36.52288],[-121.92967,36.52334],[-121.92995,36.52345],[-121.92981,36.52356],[-121.92995,36.52367],[-121.93009,36.52356],[-121.93051,36.5239],[-121.93079,36.52356],[-121.93108,36.52367],[-121.9315,36.52345],[-121.93178,36.52367],[-121.9329,36.52334],[-121.93318,36.52401],[-121.93346,36.52367],[-121.93402,36.52356],[-121.93445,36.52401],[-121.93473,36.52401],[-121.93487,36.52367],[-121.93445,36.52334],[-121.93388,36.52322],[-121.9336,36.52288],[-121.93417,36.52232],[-121.93487,36.52232],[-121.93487,36.52266],[-121.93473,36.52277],[-121.93487,36.52288],[-121.93515,36.523],[-121.93529,36.52288],[-121.93543,36.52322],[-121.93571,36.523],[-121.93627,36.52356],[-121.93655,36.52345],[-121.93697,36.52379],[-121.93711,36.52345],[-121.9374,36.52334],[-121.93754,36.52345],[-121.93782,36.52322],[-121.93768,36.52311],[-121.9374,36.52334],[-121.9374,36.52311],[-121.93754,36.52322],[-121.93768,36.52311],[-121.93754,36.523],[-121.9374,36.52311],[-121.93754,36.52288],[-121.93768,36.52277],[-121.93782,36.52288],[-121.9381,36.52266],[-121.9374,36.52209],[-121.93768,36.52198],[-121.93754,36.52187],[-121.93697,36.52164],[-121.93669,36.52176],[-121.93641,36.5213],[-121.93683,36.52097],[-121.93726,36.52142],[-121.93782,36.5213],[-121.93782,36.52085],[-121.93754,36.5204],[-121.9374,36.52029],[-121.93726,36.5204],[-121.93683,36.51995],[-121.9374,36.51984],[-121.93726,36.5195],[-121.9374,36.51927],[-121.93838,36.51893],[-121.93922,36.51893],[-121.94006,36.51916],[-121.94091,36.51972],[-121.94006,36.52074],[-121.93992,36.52119],[-121.94006,36.5213],[-121.9402,36.52119],[-121.94063,36.52153],[-121.94049,36.52187],[-121.94077,36.52209],[-121.94091,36.52198],[-121.94105,36.52221],[-121.94133,36.52209],[-121.94119,36.52176],[-121.94245,36.52164],[-121.94231,36.5213],[-121.94231,36.52097],[-121.94245,36.52085],[-121.94343,36.52074],[-121.94414,36.52097],[-121.94456,36.52085],[-121.94456,36.5213],[-121.94442,36.52142],[-121.94456,36.52153],[-121.94428,36.52164],[-121.94442,36.52209],[-121.9454,36.52243],[-121.94582,36.52288],[-121.94638,36.523],[-121.94807,36.52401],[-121.94863,36.52367],[-121.94891,36.52379],[-121.94905,36.52367],[-121.94905,36.52322],[-121.94835,36.52255],[-121.94835,36.52232],[-121.94863,36.52266],[-121.94919,36.52277],[-121.94961,36.52266],[-121.94947,36.52255],[-121.94961,36.52243],[-121.94961,36.52142],[-121.94947,36.52119],[-121.94961,36.52119],[-121.94975,36.52153],[-121.95004,36.52176],[-121.95018,36.52164],[-121.95032,36.52198],[-121.95088,36.52232],[-121.95102,36.52266],[-121.95313,36.52413],[-121.95341,36.5239],[-121.95327,36.52322],[-121.95369,36.52367],[-121.95397,36.52356],[-121.95411,36.5239],[-121.95467,36.52435],[-121.95495,36.52413],[-121.95467,36.52379],[-121.95495,36.52367],[-121.95369,36.52277],[-121.95453,36.52266],[-121.95495,36.52288],[-121.95523,36.52232],[-121.95453,36.52187],[-121.95439,36.52198],[-121.95439,36.52176],[-121.95397,36.52153],[-121.95411,36.52119],[-121.95313,36.52063],[-121.95256,36.5204],[-121.95172,36.52051],[-121.95186,36.5204],[-121.95186,36.52006],[-121.95158,36.51972],[-121.9513,36.51972],[-121.95186,36.51893],[-121.95256,36.51905],[-121.95341,36.51972],[-121.95439,36.5195],[-121.95453,36.51939],[-121.95425,36.51916],[-121.95397,36.51939],[-121.95411,36.51916],[-121.95439,36.51916],[-121.95467,36.51893],[-121.95425,36.51792],[-121.95369,36.51747],[-121.95327,36.51747],[-121.95298,36.51769],[-121.95298,36.51814],[-121.95242,36.51814],[-121.95242,36.51792],[-121.9527,36.51814],[-121.95284,36.51803],[-121.9527,36.51781],[-121.95242,36.51792],[-121.95228,36.51758],[-121.95256,36.5169],[-121.95186,36.51645],[-121.95158,36.51668],[-121.9513,36.51645],[-121.95144,36.51623],[-121.9513,36.51611],[-121.95074,36.51657],[-121.95046,36.51702],[-121.95004,36.51713],[-121.9499,36.5169],[-121.95004,36.51634],[-121.94961,36.516],[-121.94961,36.51566],[-121.94933,36.51544],[-121.94905,36.51544],[-121.94891,36.51566],[-121.94877,36.51521],[-121.94821,36.51487],[-121.94807,36.51397],[-121.94779,36.51374],[-121.94765,36.51386],[-121.94737,36.51341],[-121.94695,36.51352],[-121.94666,36.51318],[-121.9461,36.51307],[-121.94568,36.51318],[-121.94568,36.51295],[-121.9454,36.51273],[-121.94498,36.51273],[-121.94428,36.51318],[-121.94442,36.51307],[-121.94428,36.51295],[-121.944,36.51307],[-121.94386,36.51273],[-121.944,36.5125],[-121.94456,36.51284],[-121.9447,36.5125],[-121.94414,36.51205],[-121.94372,36.51183],[-121.94329,36.51194],[-121.94315,36.51171],[-121.94217,36.51183],[-121.94245,36.5116],[-121.94245,36.51137],[-121.94217,36.51092],[-121.94231,36.51104],[-121.94245,36.51092],[-121.94231,36.51081],[-121.94217,36.51092],[-121.94217,36.5107],[-121.94189,36.51036],[-121.94203,36.51013],[-121.94259,36.51002],[-121.94273,36.50968],[-121.94231,36.50946],[-121.94217,36.50912],[-121.94273,36.509],[-121.94231,36.50844],[-121.94217,36.50867],[-121.94203,36.50833],[-121.94119,36.50844],[-121.94091,36.50799],[-121.94203,36.5081],[-121.94231,36.50788],[-121.94231,36.50765],[-121.94287,36.50821],[-121.94315,36.50821],[-121.94343,36.50788],[-121.94245,36.5072],[-121.94245,36.50697]],[[-121.95228,36.5608],[-121.95228,36.5608]],[[-121.95664,36.52539],[-121.95607,36.52496],[-121.95495,36.52554],[-121.95453,36.52607],[-121.95298,36.5265],[-121.95242,36.52639],[-121.95158,36.52657],[-121.95141,36.52672],[-121.95167,36.52706],[-121.95088,36.52687],[-121.95076,36.52706],[-121.95096,36.52729],[-121.95046,36.52748],[-121.94891,36.52718],[-121.94849,36.52741],[-121.94709,36.5265],[-121.94666,36.5265],[-121.9461,36.52621],[-121.94512,36.5262],[-121.94358,36.52561],[-121.94329,36.52583],[-121.94259,36.52568],[-121.94133,36.52609],[-121.94111,36.52627],[-121.94099,36.52683],[-121.94078,36.52706],[-121.94049,36.52726],[-121.94001,36.52729],[-121.93936,36.52783],[-121.93824,36.52781],[-121.93768,36.52805],[-121.93697,36.528],[-121.93431,36.52677],[-121.93346,36.52677],[-121.93304,36.52649],[-121.93122,36.52653],[-121.93037,36.52683],[-121.92953,36.52615],[-121.92883,36.52596],[-121.92845,36.52616],[-121.92819,36.52672],[-121.92862,36.52751],[-121.92822,36.52796],[-121.92837,36.52819],[-121.92839,36.52898],[-121.92883,36.5294],[-121.92911,36.52932],[-121.92917,36.52898],[-121.92939,36.52879],[-121.93009,36.52847],[-121.93122,36.52848],[-121.9322,36.52918],[-121.93215,36.52943],[-121.93257,36.52988],[-121.93233,36.53022],[-121.93275,36.53078],[-121.93231,36.53124],[-121.93234,36.5315],[-121.93206,36.53162],[-121.93079,36.53137],[-121.93049,36.53157],[-121.93072,36.53203],[-121.93192,36.53307],[-121.93234,36.53316],[-121.93276,36.53289],[-121.93306,36.53293],[-121.9333,36.53349],[-121.93284,36.53383],[-121.93276,36.53406],[-121.93304,36.53445],[-121.93402,36.53437],[-121.93473,36.53369],[-121.93529,36.53343],[-121.93726,36.53343],[-121.93824,36.53376],[-121.94006,36.53529],[-121.94068,36.53609],[-121.94095,36.53722],[-121.94044,36.53801],[-121.94049,36.53821],[-121.94133,36.53859],[-121.94231,36.5388],[-121.94278,36.53913],[-121.94314,36.53992],[-121.94296,36.5406],[-121.94317,36.54117],[-121.94358,36.54141],[-121.94442,36.54153],[-121.94526,36.54142],[-121.94666,36.54183],[-121.94775,36.54275],[-121.94732,36.54297],[-121.94737,36.54333],[-121.94854,36.54399],[-121.94889,36.54444],[-121.95074,36.54458],[-121.95126,36.545],[-121.95174,36.54512],[-121.95172,36.54593],[-121.94982,36.54647],[-121.94952,36.54715],[-121.94938,36.54884],[-121.94756,36.55053],[-121.94757,36.55132],[-121.94806,36.552],[-121.94877,36.55246],[-121.9499,36.55279],[-121.95116,36.55287],[-121.95341,36.55259],[-121.95453,36.55294],[-121.95551,36.5536],[-121.95664,36.5535]],[[-121.952,36.55279],[-121.952,36.55279]],[[-121.92967,36.54737],[-121.92967,36.54737]],[[-121.92981,36.54681],[-121.92981,36.54681]],[[-121.92995,36.54658],[-121.92995,36.54658]],[[-121.93009,36.54636],[-121.93009,36.54636]],[[-121.93023,36.54613],[-121.93023,36.54613]],[[-121.93037,36.54591],[-121.93037,36.54591]],[[-121.93051,36.54579],[-121.93051,36.54579]],[[-121.93065,36.54568],[-121.93065,36.54568]],[[-121.93079,36.54557],[-121.93079,36.54557]],[[-121.93094,36.54545],[-121.93094,36.54545]],[[-121.93108,36.54534],[-121.93108,36.54534]],[[-121.93178,36.54523],[-121.93178,36.54523]],[[-121.93122,36.54523],[-121.93122,36.54523]],[[-121.93136,36.54512],[-121.93136,36.54512]],[[-121.93192,36.545],[-121.93192,36.545]],[[-121.93206,36.54489],[-121.93206,36.54489]],[[-121.93262,36.54478],[-121.93262,36.54478]],[[-121.9322,36.54478],[-121.9322,36.54478]],[[-121.93332,36.54466],[-121.93332,36.54466]],[[-121.93234,36.54466],[-121.93234,36.54466]],[[-121.93304,36.54455],[-121.93304,36.54455]],[[-121.93262,36.54455],[-121.93262,36.54455]],[[-121.93248,36.54455],[-121.93248,36.54455]],[[-121.93402,36.5441],[-121.93402,36.5441]],[[-121.93374,36.5441],[-121.93374,36.5441]],[[-121.9336,36.5441],[-121.9336,36.5441]],[[-121.93417,36.54399],[-121.93417,36.54399]],[[-121.93417,36.54365],[-121.93417,36.54365]],[[-121.93445,36.54354],[-121.93473,36.54331],[-121.93431,36.54308],[-121.93417,36.54331],[-121.93445,36.54354]],[[-121.93459,36.54342],[-121.93459,36.54342]],[[-121.93431,36.54342],[-121.93431,36.54342]],[[-121.93388,36.54331],[-121.93388,36.54331]],[[-121.93346,36.54286],[-121.93346,36.54286]],[[-121.93304,36.54162],[-121.93304,36.54162]],[[-121.93318,36.5415],[-121.93318,36.5415]],[[-121.9336,36.54128],[-121.9336,36.54128]],[[-121.93332,36.54128],[-121.93332,36.54128]],[[-121.93346,36.54071],[-121.93346,36.54071]],[[-121.93445,36.54049],[-121.93459,36.54038],[-121.93445,36.54026],[-121.93431,36.54038],[-121.93445,36.54049]],[[-121.93332,36.54026],[-121.93332,36.54026]],[[-121.93304,36.54026],[-121.93304,36.54026]],[[-121.9329,36.54026],[-121.9329,36.54026]],[[-121.92841,36.53439],[-121.92841,36.53439]],[[-121.92827,36.53417],[-121.92827,36.53417]],[[-121.92785,36.53327],[-121.92785,36.53327]],[[-121.93192,36.53157],[-121.93192,36.53157]],[[-121.92574,36.5292],[-121.92574,36.5292]],[[-121.92602,36.52875],[-121.92602,36.52875]],[[-121.92981,36.52864],[-121.92981,36.52864]],[[-121.92616,36.5283],[-121.92616,36.5283]],[[-121.92574,36.52751],[-121.92574,36.52751]],[[-121.93009,36.52672],[-121.93009,36.52672]],[[-121.93065,36.52672],[-121.93065,36.52672]],[[-121.92995,36.52661],[-121.92995,36.52661]],[[-121.92981,36.5265],[-121.92981,36.5265]],[[-121.94709,36.5265],[-121.94709,36.5265]],[[-121.94498,36.52616],[-121.94498,36.52616]],[[-121.92532,36.52582],[-121.92532,36.52582]],[[-121.92546,36.52537],[-121.92546,36.52537]],[[-121.9256,36.52525],[-121.9256,36.52525]],[[-121.92574,36.52503],[-121.92574,36.52503]],[[-121.92588,36.52492],[-121.92588,36.52492]],[[-121.92602,36.52469],[-121.92602,36.52469]],[[-121.92616,36.52458],[-121.92616,36.52458]],[[-121.94709,36.52446],[-121.94723,36.52424],[-121.94695,36.52413],[-121.94681,36.52424],[-121.94709,36.52446]],[[-121.9263,36.52446],[-121.9263,36.52446]],[[-121.94695,36.52435],[-121.94695,36.52435]],[[-121.95481,36.52424],[-121.95481,36.52424]],[[-121.95453,36.52424],[-121.95453,36.52424]],[[-121.92644,36.52424],[-121.92644,36.52424]],[[-121.95439,36.52413],[-121.95439,36.52413]],[[-121.92658,36.52413],[-121.92658,36.52413]],[[-121.95425,36.52401],[-121.95425,36.52401]],[[-121.95327,36.52401],[-121.95327,36.52401]],[[-121.95298,36.52401],[-121.95298,36.52401]],[[-121.94695,36.52401],[-121.94709,36.5239],[-121.94695,36.52379],[-121.94681,36.5239],[-121.94695,36.52401]],[[-121.95284,36.5239],[-121.95284,36.5239]],[[-121.94821,36.5239],[-121.94821,36.5239]],[[-121.94793,36.5239],[-121.94793,36.5239]],[[-121.93431,36.5239],[-121.93431,36.5239]],[[-121.92672,36.5239],[-121.92672,36.5239]],[[-121.95467,36.52379],[-121.95467,36.52379]],[[-121.95411,36.52379],[-121.95411,36.52379]],[[-121.9527,36.52379],[-121.9527,36.52379]],[[-121.94849,36.52379],[-121.94849,36.52379]],[[-121.94765,36.52379],[-121.94765,36.52379]],[[-121.93417,36.52379],[-121.93417,36.52379]],[[-121.93332,36.52379],[-121.93332,36.52379]],[[-121.93037,36.52379],[-121.93037,36.52379]],[[-121.92686,36.52379],[-121.92686,36.52379]],[[-121.95327,36.52367],[-121.95327,36.52367]],[[-121.95256,36.52367],[-121.95256,36.52367]],[[-121.94877,36.52367],[-121.94877,36.52367]],[[-121.94863,36.52367],[-121.94863,36.52367]],[[-121.94737,36.52367],[-121.94737,36.52367]],[[-121.93669,36.52367],[-121.93669,36.52367]],[[-121.93346,36.52367],[-121.93346,36.52367]],[[-121.93065,36.52367],[-121.93065,36.52367]],[[-121.93023,36.52367],[-121.93023,36.52367]],[[-121.95397,36.52356],[-121.95397,36.52356]],[[-121.95383,36.52345],[-121.95383,36.52345]],[[-121.95242,36.52356],[-121.95242,36.52356]],[[-121.94723,36.52356],[-121.94723,36.52356]],[[-121.93402,36.52356],[-121.93402,36.52356]],[[-121.93388,36.52356],[-121.93388,36.52356]],[[-121.93192,36.52356],[-121.93192,36.52356]],[[-121.93164,36.52356],[-121.93164,36.52356]],[[-121.93122,36.52356],[-121.93122,36.52356]],[[-121.93079,36.52356],[-121.93079,36.52356]],[[-121.93009,36.52356],[-121.93009,36.52356]],[[-121.927,36.52356],[-121.927,36.52356]],[[-121.95355,36.52345],[-121.95355,36.52345]],[[-121.95228,36.52345],[-121.95228,36.52345]],[[-121.94709,36.52345],[-121.94709,36.52345]],[[-121.93711,36.52345],[-121.93711,36.52345]],[[-121.93655,36.52345],[-121.93655,36.52345]],[[-121.93613,36.52345],[-121.93613,36.52345]],[[-121.93304,36.52345],[-121.93304,36.52345]],[[-121.93234,36.52345],[-121.93234,36.52345]],[[-121.9322,36.52345],[-121.9322,36.52345]],[[-121.9315,36.52345],[-121.9315,36.52345]],[[-121.92995,36.52345],[-121.92995,36.52345]],[[-121.92714,36.52345],[-121.92714,36.52345]],[[-121.95341,36.52334],[-121.95341,36.52334]],[[-121.95214,36.52334],[-121.95214,36.52334]],[[-121.94695,36.52334],[-121.94695,36.52334]],[[-121.94091,36.52334],[-121.94119,36.52277],[-121.94105,36.52255],[-121.94063,36.52277],[-121.94063,36.52322],[-121.94091,36.52334]],[[-121.93768,36.52334],[-121.93768,36.52334]],[[-121.9329,36.52334],[-121.9329,36.52334]],[[-121.93262,36.52334],[-121.93262,36.52334]],[[-121.92728,36.52334],[-121.92728,36.52334]],[[-121.95327,36.52322],[-121.95327,36.52322]],[[-121.952,36.52322],[-121.952,36.52322]],[[-121.94666,36.52322],[-121.94666,36.52322]],[[-121.93599,36.52322],[-121.93599,36.52322]],[[-121.92742,36.52322],[-121.92742,36.52322]],[[-121.95509,36.52311],[-121.95523,36.523],[-121.95509,36.52288],[-121.95495,36.523],[-121.95509,36.52311]],[[-121.95369,36.523],[-121.95369,36.523]],[[-121.95172,36.52311],[-121.95172,36.52311]],[[-121.94652,36.52311],[-121.94652,36.52311]],[[-121.9374,36.52311],[-121.9374,36.52311]],[[-121.93585,36.52311],[-121.93585,36.52311]],[[-121.92756,36.52311],[-121.92756,36.52311]],[[-121.95158,36.523],[-121.95158,36.523]],[[-121.94638,36.523],[-121.94638,36.523]],[[-121.93571,36.523],[-121.93557,36.52288],[-121.93571,36.523]],[[-121.93557,36.52288],[-121.93557,36.52288]],[[-121.92785,36.523],[-121.92785,36.523]],[[-121.9513,36.52288],[-121.9513,36.52288]],[[-121.94596,36.52288],[-121.94596,36.52288]],[[-121.94105,36.52288],[-121.94105,36.52288]],[[-121.93754,36.52288],[-121.93754,36.52288]],[[-121.93529,36.52288],[-121.93529,36.52288]],[[-121.93501,36.52288],[-121.93501,36.52288]],[[-121.9336,36.52288],[-121.9336,36.52288]],[[-121.92967,36.52288],[-121.92967,36.52288]],[[-121.92799,36.52288],[-121.92799,36.52288]],[[-121.95481,36.52277],[-121.95481,36.52277]],[[-121.95369,36.52277],[-121.95369,36.52277]],[[-121.95355,36.52266],[-121.95341,36.52255],[-121.95355,36.52266]],[[-121.95116,36.52277],[-121.95116,36.52277]],[[-121.93796,36.52277],[-121.93796,36.52277]],[[-121.93768,36.52277],[-121.93768,36.52277]],[[-121.92953,36.52277],[-121.92953,36.52277]],[[-121.92827,36.52277],[-121.92827,36.52277]],[[-121.95453,36.52266],[-121.95453,36.52266]],[[-121.95425,36.52266],[-121.95425,36.52266]],[[-121.95341,36.52255],[-121.95341,36.52255]],[[-121.94905,36.52266],[-121.94905,36.52266]],[[-121.94568,36.52266],[-121.94568,36.52266]],[[-121.93529,36.52255],[-121.93529,36.52255]],[[-121.93374,36.52266],[-121.93374,36.52266]],[[-121.92911,36.52266],[-121.92911,36.52266]],[[-121.92869,36.52266],[-121.92869,36.52266]],[[-121.95509,36.52255],[-121.95509,36.52255]],[[-121.95102,36.52255],[-121.95102,36.52255]],[[-121.94947,36.52255],[-121.94947,36.52255]],[[-121.94554,36.52255],[-121.94554,36.52255]],[[-121.93388,36.52255],[-121.93388,36.52255]],[[-121.94849,36.52243],[-121.94849,36.52243]],[[-121.9454,36.52243],[-121.9454,36.52243]],[[-121.93402,36.52243],[-121.93402,36.52243]],[[-121.95088,36.52232],[-121.95088,36.52232]],[[-121.94835,36.52232],[-121.94835,36.52232]],[[-121.94498,36.52232],[-121.94498,36.52232]],[[-121.93487,36.52232],[-121.93487,36.52232]],[[-121.93417,36.52232],[-121.93417,36.52232]],[[-121.95074,36.52221],[-121.95074,36.52221]],[[-121.9447,36.52221],[-121.9447,36.52221]],[[-121.9506,36.52209],[-121.9506,36.52209]],[[-121.9374,36.52209],[-121.9374,36.52209]],[[-121.93726,36.52198],[-121.93726,36.52198]],[[-121.94442,36.52198],[-121.94442,36.52198]],[[-121.94091,36.52198],[-121.94091,36.52198]],[[-121.94063,36.52198],[-121.94063,36.52198]],[[-121.95032,36.52176],[-121.95032,36.52176]],[[-121.94119,36.52176],[-121.94119,36.52176]],[[-121.94105,36.52164],[-121.94105,36.52164]],[[-121.95018,36.52164],[-121.95018,36.52164]],[[-121.9499,36.52164],[-121.9499,36.52164]],[[-121.94175,36.52164],[-121.94175,36.52164]],[[-121.94161,36.52164],[-121.94161,36.52164]],[[-121.94456,36.52153],[-121.94456,36.52153]],[[-121.94063,36.52153],[-121.94063,36.52153]],[[-121.95397,36.52142],[-121.95397,36.52142]],[[-121.94049,36.52142],[-121.94049,36.52142]],[[-121.94975,36.5213],[-121.94975,36.5213]],[[-121.94034,36.5213],[-121.94034,36.5213]],[[-121.93711,36.5213],[-121.93711,36.5213]],[[-121.93641,36.5213],[-121.93641,36.5213]],[[-121.94961,36.52119],[-121.94961,36.52119]],[[-121.94947,36.52119],[-121.94947,36.52119]],[[-121.9402,36.52119],[-121.9402,36.52119]],[[-121.93697,36.52108],[-121.93697,36.52108]],[[-121.93655,36.52108],[-121.93655,36.52108]],[[-121.94231,36.52097],[-121.94231,36.52097]],[[-121.93683,36.52097],[-121.93683,36.52097]],[[-121.94456,36.52085],[-121.94456,36.52085]],[[-121.94428,36.52085],[-121.94428,36.52085]],[[-121.944,36.52085],[-121.944,36.52085]],[[-121.94245,36.52085],[-121.94245,36.52085]],[[-121.94343,36.52074],[-121.94343,36.52074]],[[-121.94329,36.52074],[-121.94329,36.52074]],[[-121.95172,36.52051],[-121.95172,36.52051]],[[-121.93683,36.51995],[-121.93683,36.51995]],[[-121.93711,36.51984],[-121.93711,36.51984]],[[-121.93697,36.51984],[-121.93697,36.51984]],[[-121.94091,36.51972],[-121.94091,36.51972]],[[-121.95397,36.51961],[-121.95397,36.51961]],[[-121.95355,36.51961],[-121.95355,36.51961]],[[-121.95327,36.51961],[-121.95327,36.51961]],[[-121.9513,36.51961],[-121.9513,36.51961]],[[-121.94077,36.51961],[-121.94077,36.51961]],[[-121.95411,36.5195],[-121.95411,36.5195]],[[-121.95298,36.5195],[-121.95298,36.5195]],[[-121.94063,36.5195],[-121.94063,36.5195]],[[-121.93726,36.5195],[-121.93726,36.5195]],[[-121.95284,36.51939],[-121.95284,36.51939]],[[-121.95144,36.51939],[-121.95144,36.51939]],[[-121.94034,36.51939],[-121.94034,36.51939]],[[-121.95397,36.51927],[-121.95397,36.51927]],[[-121.95158,36.51927],[-121.95158,36.51927]],[[-121.9402,36.51927],[-121.9402,36.51927]],[[-121.9374,36.51927],[-121.9374,36.51927]],[[-121.95411,36.51916],[-121.95411,36.51916]],[[-121.9527,36.51916],[-121.9527,36.51916]],[[-121.94006,36.51916],[-121.94006,36.51916]],[[-121.93768,36.51916],[-121.93768,36.51916]],[[-121.95453,36.51905],[-121.95453,36.51905]],[[-121.95256,36.51905],[-121.95256,36.51905]],[[-121.95172,36.51905],[-121.95172,36.51905]],[[-121.93964,36.51905],[-121.93964,36.51905]],[[-121.93782,36.51905],[-121.93782,36.51905]],[[-121.95228,36.51893],[-121.95228,36.51893]],[[-121.95186,36.51893],[-121.95186,36.51893]],[[-121.93922,36.51893],[-121.93922,36.51893]],[[-121.93838,36.51893],[-121.93838,36.51893]],[[-121.95537,36.5186],[-121.95551,36.51848],[-121.95537,36.51826],[-121.95523,36.51848],[-121.95537,36.5186]],[[-121.95607,36.51803],[-121.95622,36.51792],[-121.95622,36.51735],[-121.95579,36.51702],[-121.95565,36.51713],[-121.95565,36.51758],[-121.95607,36.51803]],[[-121.95256,36.51803],[-121.95256,36.51803]],[[-121.95593,36.51792],[-121.95593,36.51792]],[[-121.95664,36.51769],[-121.9565,36.51758],[-121.95664,36.51747]],[[-121.95579,36.51769],[-121.95579,36.51769]],[[-121.95228,36.51735],[-121.95228,36.51735]],[[-121.95242,36.51713],[-121.95242,36.51713]],[[-121.9499,36.51668],[-121.9499,36.51668]],[[-121.9513,36.51645],[-121.9513,36.51645]],[[-121.94428,36.51318],[-121.94428,36.51318]],[[-121.94428,36.51273],[-121.94428,36.51273]],[[-121.94386,36.51273],[-121.94386,36.51273]],[[-121.94414,36.51262],[-121.94414,36.51262]],[[-121.944,36.5125],[-121.944,36.5125]],[[-121.94386,36.51239],[-121.94386,36.51239]],[[-121.94217,36.51183],[-121.94217,36.51183]],[[-121.94231,36.51171],[-121.94231,36.51171]],[[-121.94189,36.51115],[-121.94189,36.51104],[-121.94189,36.51115]],[[-121.94189,36.51104],[-121.94189,36.51104]],[[-121.95664,36.51077],[-121.95639,36.51058],[-121.95664,36.51055]],[[-121.94189,36.51036],[-121.94189,36.51036]],[[-121.94203,36.51013],[-121.94203,36.51013]],[[-121.94259,36.50979],[-121.94259,36.50979]],[[-121.9549,36.50697],[-121.95468,36.50754],[-121.95536,36.50833],[-121.95522,36.50923],[-121.95593,36.50949],[-121.95664,36.50907]],[[-121.94217,36.50912],[-121.94217,36.50912]],[[-121.94287,36.509],[-121.94301,36.50889],[-121.94287,36.50878],[-121.94273,36.50889],[-121.94287,36.509]],[[-121.94273,36.50889],[-121.94287,36.50878],[-121.94273,36.50867],[-121.94259,36.50878],[-121.94273,36.50889]],[[-121.94329,36.5081],[-121.94329,36.5081]],[[-121.94273,36.5081],[-121.94273,36.5081]],[[-121.94259,36.50799],[-121.94259,36.50799]],[[-121.94217,36.50799],[-121.94217,36.50799]],[[-121.94175,36.50799],[-121.94175,36.50799]],[[-121.94161,36.50799],[-121.94161,36.50799]],[[-121.94105,36.50799],[-121.94105,36.50799]],[[-121.94091,36.50799],[-121.94091,36.50799]],[[-121.94259,36.50697],[-121.94343,36.50765],[-121.94456,36.50731],[-121.94456,36.50754],[-121.94484,36.50776],[-121.94512,36.50754],[-121.94512,36.5072],[-121.94484,36.50697]],[[-121.94245,36.50776],[-121.94245,36.50776]],[[-121.94498,36.50765],[-121.94498,36.50765]],[[-121.94231,36.50765],[-121.94231,36.50765]],[[-121.94386,36.50754],[-121.94386,36.50754]],[[-121.94414,36.50742],[-121.94414,36.50742]],[[-121.94442,36.50731],[-121.94442,36.50731]],[[-121.94049,36.50697],[-121.94034,36.50697]],[[-121.93964,36.50697],[-121.93964,36.50697]]]},"properties":{"depth_m":50}},{"type":"Feature","geometry":{"type":"MultiLineString","coordinates":[[[-121.95467,36.56103],[-121.95411,36.56091],[-121.95383,36.56058],[-121.95355,36.5608],[-121.95327,36.5608],[-121.95298,36.56035],[-121.95256,36.56035],[-121.95214,36.56069],[-121.95186,36.56058],[-121.95172,36.56091],[-121.95144,36.56103]],[[-121.94091,36.56103],[-121.94105,36.5608],[-121.94077,36.56058],[-121.94063,36.5608],[-121.9402,36.5608],[-121.93992,36.56103]],[[-121.93894,36.56103],[-121.93908,36.56091],[-121.9395,36.56103],[-121.93964,36.5608],[-121.93978,36.56103]],[[-121.93571,36.56103],[-121.93557,36.56091],[-121.93515,36.56103],[-121.93487,36.5608],[-121.93417,36.5608],[-121.93276,36.55933],[-121.9322,36.55742],[-121.93108,36.55505],[-121.93108,36.55437],[-121.93065,36.55324],[-121.93051,36.55211],[-121.93009,36.5511],[-121.92981,36.5485],[-121.92967,36.54839],[-121.92981,36.54681],[-121.93037,36.54591],[-121.93136,36.54512],[-121.93164,36.54534],[-121.93248,36.54455],[-121.93262,36.54455],[-121.93248,36.54466],[-121.93276,36.54489],[-121.93304,36.54478],[-121.93304,36.54455],[-121.93346,36.54478],[-121.93388,36.54466],[-121.93388,36.54433],[-121.9336,36.5441],[-121.93388,36.54421],[-121.93431,36.54387],[-121.93417,36.54365],[-121.93431,36.54354],[-121.93417,36.54342],[-121.93402,36.54354],[-121.93388,36.54331],[-121.93402,36.5432],[-121.93374,36.54297],[-121.93346,36.54297],[-121.93374,36.54275],[-121.93346,36.54252],[-121.93332,36.54173],[-121.93304,36.54162],[-121.93332,36.54128],[-121.93431,36.54139],[-121.93445,36.54117],[-121.9336,36.54094],[-121.93346,36.54083],[-121.9336,36.5406],[-121.93346,36.54049],[-121.93332,36.5406],[-121.93318,36.54038],[-121.93304,36.54049],[-121.9329,36.54038],[-121.9329,36.54026],[-121.93318,36.54038],[-121.93346,36.54015],[-121.9329,36.5397],[-121.9329,36.53936],[-121.93248,36.53891],[-121.9322,36.53913],[-121.93178,36.53902],[-121.93136,36.53947],[-121.93051,36.53936],[-121.92981,36.53868],[-121.92883,36.53733],[-121.92869,36.53609],[-121.92855,36.53597],[-121.92855,36.53518],[-121.92841,36.53507],[-121.92841,36.53439],[-121.92855,36.53428],[-121.92827,36.53417],[-121.92841,36.53394],[-121.92813,36.53327],[-121.92799,36.53315],[-121.92785,36.53327],[-121.92799,36.53315],[-121.92756,36.53304],[-121.92742,36.5327],[-121.927,36.53248],[-121.927,36.53146],[-121.9263,36.5309],[-121.92574,36.52999],[-121.92574,36.5292],[-121.92602,36.52909],[-121.9263,36.52808],[-121.92588,36.52785],[-121.92574,36.52751],[-121.92588,36.52729],[-121.92532,36.52672],[-121.92532,36.52582],[-121.92546,36.52571],[-121.92546,36.52537],[-121.927,36.52356],[-121.92799,36.52288],[-121.92869,36.52266],[-121.92953,36.52277],[-121.92967,36.52288],[-121.92967,36.52334],[-121.92995,36.52345],[-121.92981,36.52356],[-121.92995,36.52367],[-121.93009,36.52356],[-121.93051,36.5239],[-121.93079,36.52356],[-121.93108,36.52367],[-121.9315,36.52345],[-121.93178,36.52367],[-121.9329,36.52334],[-121.93318,36.52401],[-121.93346,36.52367],[-121.93402,36.52356],[-121.93445,36.52401],[-121.93473,36.52401],[-121.93487,36.52367],[-121.93445,36.52334],[-121.93388,36.52322],[-121.9336,36.52288],[-121.93417,36.52232],[-121.93487,36.52232],[-121.93487,36.52266],[-121.93473,36.52277],[-121.93487,36.52288],[-121.93515,36.523],[-121.93529,36.52288],[-121.93543,36.52322],[-121.93571,36.523],[-121.93627,36.52356],[-121.93655,36.52345],[-121.93697,36.52379],[-121.93711,36.52345],[-121.9374,36.52334],[-121.93754,36.52345],[-121.93782,36.52322],[-121.93768,36.52311],[-121.9374,36.52334],[-121.9374,36.52311],[-121.93754,36.52322],[-121.93768,36.52311],[-121.93754,36.523],[-121.9374,36.52311],[-121.93754,36.52288],[-121.93768,36.52277],[-121.93782,36.52288],[-121.9381,36.52266],[-121.9374,36.52209],[-121.93768,36.52198],[-121.93754,36.52187],[-121.93697,36.52164],[-121.93669,36.52176],[-121.93641,36.5213],[-121.93683,36.52097],[-121.93726,36.52142],[-121.93782,36.5213],[-121.93782,36.52085],[-121.93754,36.5204],[-121.9374,36.52029],[-121.93726,36.5204],[-121.93683,36.51995],[-121.9374,36.51984],[-121.93726,36.5195],[-121.9374,36.51927],[-121.93838,36.51893],[-121.93922,36.51893],[-121.94006,36.51916],[-121.94091,36.51972],[-121.94006,36.52074],[-121.93992,36.52119],[-121.94006,36.5213],[-121.9402,36.52119],[-121.94063,36.52153],[-121.94049,36.52187],[-121.94077,36.52209],[-121.94091,36.52198],[-121.94105,36.52221],[-121.94133,36.52209],[-121.94119,36.52176],[-121.94245,36.52164],[-121.94231,36.5213],[-121.94231,36.52097],[-121.94245,36.52085],[-121.94343,36.52074],[-121.94414,36.52097],[-121.94456,36.52085],[-121.94456,36.5213],[-121.94442,36.52142],[-121.94456,36.52153],[-121.94428,36.52164],[-121.94442,36.52209],[-121.9454,36.52243],[-121.94582,36.52288],[-121.94638,36.523],[-121.94807,36.52401],[-121.94863,36.52367],[-121.94891,36.52379],[-121.94905,36.52367],[-121.94905,36.52322],[-121.94835,36.52255],[-121.94835,36.52232],[-121.94863,36.52266],[-121.94919,36.52277],[-121.94961,36.52266],[-121.94947,36.52255],[-121.94961,36.52243],[-121.94961,36.52142],[-121.94947,36.52119],[-121.94961,36.52119],[-121.94975,36.52153],[-121.95004,36.52176],[-121.95018,36.52164],[-121.95032,36.52198],[-121.95088,36.52232],[-121.95102,36.52266],[-121.95313,36.52413],[-121.95341,36.5239],[-121.95327,36.52322],[-121.95369,36.52367],[-121.95397,36.52356],[-121.95411,36.5239],[-121.95467,36.52435],[-121.95495,36.52413],[-121.95467,36.52379],[-121.95495,36.52367],[-121.95369,36.52277],[-121.95453,36.52266],[-121.95495,36.52288],[-121.95523,36.52232],[-121.95453,36.52187],[-121.95439,36.52198],[-121.95439,36.52176],[-121.95397,36.52153],[-121.95411,36.52119],[-121.95313,36.52063],[-121.95256,36.5204],[-121.95172,36.52051],[-121.95186,36.5204],[-121.95186,36.52006],[-121.95158,36.51972],[-121.9513,36.51972],[-121.95186,36.51893],[-121.95256,36.51905],[-121.95341,36.51972],[-121.95439,36.5195],[-121.95453,36.51939],[-121.95425,36.51916],[-121.95397,36.51939],[-121.95411,36.51916],[-121.95439,36.51916],[-121.95467,36.51893],[-121.95425,36.51792],[-121.95369,36.51747],[-121.95327,36.51747],[-121.95298,36.51769],[-121.95298,36.51814],[-121.95242,36.51814],[-121.95242,36.51792],[-121.9527,36.51814],[-121.95284,36.51803],[-121.9527,36.51781],[-121.95242,36.51792],[-121.95228,36.51758],[-121.95256,36.5169],[-121.95186,36.51645],[-121.95158,36.51668],[-121.9513,36.51645],[-121.95144,36.51623],[-121.9513,36.51611],[-121.95074,36.51657],[-121.95046,36.51702],[-121.95004,36.51713],[-121.9499,36.5169],[-121.95004,36.51634],[-121.94961,36.516],[-121.94961,36.51566],[-121.94933,36.51544],[-121.94905,36.51544],[-121.94891,36.51566],[-121.94877,36.51521],[-121.94821,36.51487],[-121.94807,36.51397],[-121.94779,36.51374],[-121.94765,36.51386],[-121.94737,36.51341],[-121.94695,36.51352],[-121.94666,36.51318],[-121.9461,36.51307],[-121.94568,36.51318],[-121.94568,36.51295],[-121.9454,36.51273],[-121.94498,36.51273],[-121.94428,36.51318],[-121.94442,36.51307],[-121.94428,36.51295],[-121.944,36.51307],[-121.94386,36.51273],[-121.944,36.5125],[-121.94456,36.51284],[-121.9447,36.5125],[-121.94414,36.51205],[-121.94372,36.51183],[-121.94329,36.51194],[-121.94315,36.51171],[-121.94217,36.51183],[-121.94245,36.5116],[-121.94245,36.51137],[-121.94217,36.51092],[-121.94231,36.51104],[-121.94245,36.51092],[-121.94231,36.51081],[-121.94217,36.51092],[-121.94217,36.5107],[-121.94189,36.51036],[-121.94203,36.51013],[-121.94259,36.51002],[-121.94273,36.50968],[-121.94231,36.50946],[-121.94217,36.50912],[-121.94273,36.509],[-121.94231,36.50844],[-121.94217,36.50867],[-121.94203,36.50833],[-121.94119,36.50844],[-121.94091,36.50799],[-121.94203,36.5081],[-121.94231,36.50788],[-121.94231,36.50765],[-121.94287,36.50821],[-121.94315,36.50821],[-121.94343,36.50788],[-121.94245,36.5072],[-121.94245,36.50697]],[[-121.95228,36.5608],[-121.95228,36.5608]],[[-121.95664,36.52789],[-121.95593,36.5279],[-121.95411,36.52735],[-121.95318,36.52785],[-121.9527,36.52847],[-121.94961,36.5296],[-121.94807,36.52917],[-121.94652,36.52899],[-121.94483,36.52796],[-121.94329,36.5268],[-121.94189,36.52668],[-121.94166,36.52706],[-121.94191,36.52762],[-121.94196,36.52898],[-121.94186,36.52932],[-121.94133,36.52964],[-121.941,36.52954],[-121.9402,36.52888],[-121.93936,36.52936],[-121.93831,36.52909],[-121.93641,36.52831],[-121.93578,36.52785],[-121.93514,36.52774],[-121.93417,36.52703],[-121.9336,36.52708],[-121.9329,36.5268],[-121.93192,36.52677],[-121.93108,36.52682],[-121.93037,36.52712],[-121.92995,36.52693],[-121.92911,36.52693],[-121.92881,36.52717],[-121.92909,36.52762],[-121.92884,36.52808],[-121.92917,36.52841],[-121.93122,36.5281],[-121.93192,36.52868],[-121.9326,36.52898],[-121.93282,36.52943],[-121.93382,36.53011],[-121.9336,36.53039],[-121.93307,36.53045],[-121.93335,36.53101],[-121.93287,36.53146],[-121.9329,36.53187],[-121.93199,36.53214],[-121.93228,36.53248],[-121.93332,36.53262],[-121.93388,36.53332],[-121.93529,36.53271],[-121.93599,36.53282],[-121.93641,36.53256],[-121.93754,36.53269],[-121.93782,36.53288],[-121.93865,36.53293],[-121.9402,36.53392],[-121.9412,36.53417],[-121.94164,36.53473],[-121.9416,36.5353],[-121.94254,36.53597],[-121.94256,36.5362],[-121.94195,36.53665],[-121.94205,36.5371],[-121.9416,36.53778],[-121.94175,36.53793],[-121.94315,36.53758],[-121.94419,36.53834],[-121.94421,36.53857],[-121.94456,36.53886],[-121.9454,36.53923],[-121.94638,36.53918],[-121.94658,36.53936],[-121.94666,36.53984],[-121.94751,36.54001],[-121.94905,36.54099],[-121.95074,36.54082],[-121.95144,36.54103],[-121.95186,36.54138],[-121.95242,36.54118],[-121.95383,36.54129],[-121.95436,36.5415],[-121.95454,36.54184],[-121.95443,36.54229],[-121.95384,36.54241],[-121.95383,36.54252],[-121.95495,36.54433],[-121.95469,36.54602],[-121.95425,36.54659],[-121.95327,36.54686],[-121.95218,36.54771],[-121.95202,36.54816],[-121.952,36.54929],[-121.95153,36.54986],[-121.95145,36.55042],[-121.95089,36.55076],[-121.95081,36.5511],[-121.95112,36.55143],[-121.95172,36.55165],[-121.95453,36.5511],[-121.95579,36.55129],[-121.95664,36.55162]],[[-121.95172,36.54963],[-121.95172,36.54963]],[[-121.95228,36.5476],[-121.95228,36.5476]],[[-121.92967,36.54737],[-121.92967,36.54737]],[[-121.92981,36.54681],[-121.92981,36.54681]],[[-121.92995,36.54658],[-121.92995,36.54658]],[[-121.93009,36.54636],[-121.93009,36.54636]],[[-121.93023,36.54613],[-121.93023,36.54613]],[[-121.93037,36.54591],[-121.93037,36.54591]],[[-121.93051,36.54579],[-121.93051,36.54579]],[[-121.93065,36.54568],[-121.93065,36.54568]],[[-121.93079,36.54557],[-121.93079,36.54557]],[[-121.93094,36.54545],[-121.93094,36.54545]],[[-121.93108,36.54534],[-121.93108,36.54534]],[[-121.93178,36.54523],[-121.93178,36.54523]],[[-121.93122,36.54523],[-121.93122,36.54523]],[[-121.93136,36.54512],[-121.93136,36.54512]],[[-121.93192,36.545],[-121.93192,36.545]],[[-121.93206,36.54489],[-121.93206,36.54489]],[[-121.93262,36.54478],[-121.93262,36.54478]],[[-121.9322,36.54478],[-121.9322,36.54478]],[[-121.93332,36.54466],[-121.93332,36.54466]],[[-121.93234,36.54466],[-121.93234,36.54466]],[[-121.93304,36.54455],[-121.93304,36.54455]],[[-121.93262,36.54455],[-121.93262,36.54455]],[[-121.93248,36.54455],[-121.93248,36.54455]],[[-121.93402,36.5441],[-121.93402,36.5441]],[[-121.93374,36.5441],[-121.93374,36.5441]],[[-121.9336,36.5441],[-121.9336,36.5441]],[[-121.93417,36.54399],[-121.93417,36.54399]],[[-121.93417,36.54365],[-121.93417,36.54365]],[[-121.93445,36.54354],[-121.93473,36.54331],[-121.93431,36.54308],[-121.93417,36.54331],[-121.93445,36.54354]],[[-121.93459,36.54342],[-121.93459,36.54342]],[[-121.93431,36.54342],[-121.93431,36.54342]],[[-121.93388,36.54331],[-121.93388,36.54331]],[[-121.93346,36.54286],[-121.93346,36.54286]],[[-121.93304,36.54162],[-121.93304,36.54162]],[[-121.93318,36.5415],[-121.93318,36.5415]],[[-121.9336,36.54128],[-121.9336,36.54128]],[[-121.93332,36.54128],[-121.93332,36.54128]],[[-121.93346,36.54071],[-121.93346,36.54071]],[[-121.93445,36.54049],[-121.93459,36.54038],[-121.93445,36.54026],[-121.93431,36.54038],[-121.93445,36.54049]],[[-121.93332,36.54026],[-121.93332,36.54026]],[[-121.93304,36.54026],[-121.93304,36.54026]],[[-121.9329,36.54026],[-121.9329,36.54026]],[[-121.92841,36.53439],[-121.92841,36.53439]],[[-121.92827,36.53417],[-121.92827,36.53417]],[[-121.92785,36.53327],[-121.92785,36.53327]],[[-121.92574,36.5292],[-121.92574,36.5292]],[[-121.94681,36.52909],[-121.94681,36.52909]],[[-121.92602,36.52875],[-121.92602,36.52875]],[[-121.9374,36.52864],[-121.9374,36.52864]],[[-121.92616,36.5283],[-121.92616,36.5283]],[[-121.94456,36.52774],[-121.94456,36.52774]],[[-121.92574,36.52751],[-121.92574,36.52751]],[[-121.94301,36.52672],[-121.94301,36.52672]],[[-121.92532,36.52582],[-121.92532,36.52582]],[[-121.92546,36.52537],[-121.92546,36.52537]],[[-121.9256,36.52525],[-121.9256,36.52525]],[[-121.92574,36.52503],[-121.92574,36.52503]],[[-121.92588,36.52492],[-121.92588,36.52492]],[[-121.92602,36.52469],[-121.92602,36.52469]],[[-121.92616,36.52458],[-121.92616,36.52458]],[[-121.94709,36.52446],[-121.94723,36.52424],[-121.94695,36.52413],[-121.94681,36.52424],[-121.94709,36.52446]],[[-121.9263,36.52446],[-121.9263,36.52446]],[[-121.94695,36.52435],[-121.94695,36.52435]],[[-121.95481,36.52424],[-121.95481,36.52424]],[[-121.95453,36.52424],[-121.95453,36.52424]],[[-121.92644,36.52424],[-121.92644,36.52424]],[[-121.95439,36.52413],[-121.95439,36.52413]],[[-121.92658,36.52413],[-121.92658,36.52413]],[[-121.95425,36.52401],[-121.95425,36.52401]],[[-121.95327,36.52401],[-121.95327,36.52401]],[[-121.95298,36.52401],[-121.95298,36.52401]],[[-121.94695,36.52401],[-121.94709,36.5239],[-121.94695,36.52379],[-121.94681,36.5239],[-121.94695,36.52401]],[[-121.95284,36.5239],[-121.95284,36.5239]],[[-121.94821,36.5239],[-121.94821,36.5239]],[[-121.94793,36.5239],[-121.94793,36.5239]],[[-121.93431,36.5239],[-121.93431,36.5239]],[[-121.92672,36.5239],[-121.92672,36.5239]],[[-121.95467,36.52379],[-121.95467,36.52379]],[[-121.95411,36.52379],[-121.95411,36.52379]],[[-121.9527,36.52379],[-121.9527,36.52379]],[[-121.94849,36.52379],[-121.94849,36.52379]],[[-121.94765,36.52379],[-121.94765,36.52379]],[[-121.93417,36.52379],[-121.93417,36.52379]],[[-121.93332,36.52379],[-121.93332,36.52379]],[[-121.93037,36.52379],[-121.93037,36.52379]],[[-121.92686,36.52379],[-121.92686,36.52379]],[[-121.95327,36.52367],[-121.95327,36.52367]],[[-121.95256,36.52367],[-121.95256,36.52367]],[[-121.94877,36.52367],[-121.94877,36.52367]],[[-121.94863,36.52367],[-121.94863,36.52367]],[[-121.94737,36.52367],[-121.94737,36.52367]],[[-121.93669,36.52367],[-121.93669,36.52367]],[[-121.93346,36.52367],[-121.93346,36.52367]],[[-121.93065,36.52367],[-121.93065,36.52367]],[[-121.93023,36.52367],[-121.93023,36.52367]],[[-121.95397,36.52356],[-121.95397,36.52356]],[[-121.95383,36.52345],[-121.95383,36.52345]],[[-121.95242,36.52356],[-121.95242,36.52356]],[[-121.94723,36.52356],[-121.94723,36.52356]],[[-121.93402,36.52356],[-121.93402,36.52356]],[[-121.93388,36.52356],[-121.93388,36.52356]],[[-121.93192,36.52356],[-121.93192,36.52356]],[[-121.93164,36.52356],[-121.93164,36.52356]],[[-121.93122,36.52356],[-121.93122,36.52356]],[[-121.93079,36.52356],[-121.93079,36.52356]],[[-121.93009,36.52356],[-121.93009,36.52356]],[[-121.927,36.52356],[-121.927,36.52356]],[[-121.95355,36.52345],[-121.95355,36.52345]],[[-121.95228,36.52345],[-121.95228,36.52345]],[[-121.94709,36.52345],[-121.94709,36.52345]],[[-121.93711,36.52345],[-121.93711,36.52345]],[[-121.93655,36.52345],[-121.93655,36.52345]],[[-121.93613,36.52345],[-121.93613,36.52345]],[[-121.93304,36.52345],[-121.93304,36.52345]],[[-121.93234,36.52345],[-121.93234,36.52345]],[[-121.9322,36.52345],[-121.9322,36.52345]],[[-121.9315,36.52345],[-121.9315,36.52345]],[[-121.92995,36.52345],[-121.92995,36.52345]],[[-121.92714,36.52345],[-121.92714,36.52345]],[[-121.95341,36.52334],[-121.95341,36.52334]],[[-121.95214,36.52334],[-121.95214,36.52334]],[[-121.94695,36.52334],[-121.94695,36.52334]],[[-121.94091,36.52334],[-121.94119,36.52277],[-121.94105,36.52255],[-121.94063,36.52277],[-121.94063,36.52322],[-121.94091,36.52334]],[[-121.93768,36.52334],[-121.93768,36.52334]],[[-121.9329,36.52334],[-121.9329,36.52334]],[[-121.93262,36.52334],[-121.93262,36.52334]],[[-121.92728,36.52334],[-121.92728,36.52334]],[[-121.95327,36.52322],[-121.95327,36.52322]],[[-121.952,36.52322],[-121.952,36.52322]],[[-121.94666,36.52322],[-121.94666,36.52322]],[[-121.93599,36.52322],[-121.93599,36.52322]],[[-121.92742,36.52322],[-121.92742,36.52322]],[[-121.95509,36.52311],[-121.95523,36.523],[-121.95509,36.52288],[-121.95495,36.523],[-121.95509,36.52311]],[[-121.95369,36.523],[-121.95369,36.523]],[[-121.95172,36.52311],[-121.95172,36.52311]],[[-121.94652,36.52311],[-121.94652,36.52311]],[[-121.9374,36.52311],[-121.9374,36.52311]],[[-121.93585,36.52311],[-121.93585,36.52311]],[[-121.92756,36.52311],[-121.92756,36.52311]],[[-121.95158,36.523],[-121.95158,36.523]],[[-121.94638,36.523],[-121.94638,36.523]],[[-121.93571,36.523],[-121.93557,36.52288],[-121.93571,36.523]],[[-121.93557,36.52288],[-121.93557,36.52288]],[[-121.92785,36.523],[-121.92785,36.523]],[[-121.9513,36.52288],[-121.9513,36.52288]],[[-121.94596,36.52288],[-121.94596,36.52288]],[[-121.94105,36.52288],[-121.94105,36.52288]],[[-121.93754,36.52288],[-121.93754,36.52288]],[[-121.93529,36.52288],[-121.93529,36.52288]],[[-121.93501,36.52288],[-121.93501,36.52288]],[[-121.9336,36.52288],[-121.9336,36.52288]],[[-121.92967,36.52288],[-121.92967,36.52288]],[[-121.92799,36.52288],[-121.92799,36.52288]],[[-121.95481,36.52277],[-121.95481,36.52277]],[[-121.95369,36.52277],[-121.95369,36.52277]],[[-121.95355,36.52266],[-121.95341,36.52255],[-121.95355,36.52266]],[[-121.95116,36.52277],[-121.95116,36.52277]],[[-121.93796,36.52277],[-121.93796,36.52277]],[[-121.93768,36.52277],[-121.93768,36.52277]],[[-121.92953,36.52277],[-121.92953,36.52277]],[[-121.92827,36.52277],[-121.92827,36.52277]],[[-121.95453,36.52266],[-121.95453,36.52266]],[[-121.95425,36.52266],[-121.95425,36.52266]],[[-121.95341,36.52255],[-121.95341,36.52255]],[[-121.94905,36.52266],[-121.94905,36.52266]],[[-121.94568,36.52266],[-121.94568,36.52266]],[[-121.93529,36.52255],[-121.93529,36.52255]],[[-121.93374,36.52266],[-121.93374,36.52266]],[[-121.92911,36.52266],[-121.92911,36.52266]],[[-121.92869,36.52266],[-121.92869,36.52266]],[[-121.95509,36.52255],[-121.95509,36.52255]],[[-121.95102,36.52255],[-121.95102,36.52255]],[[-121.94947,36.52255],[-121.94947,36.52255]],[[-121.94554,36.52255],[-121.94554,36.52255]],[[-121.93388,36.52255],[-121.93388,36.52255]],[[-121.94849,36.52243],[-121.94849,36.52243]],[[-121.9454,36.52243],[-121.9454,36.52243]],[[-121.93402,36.52243],[-121.93402,36.52243]],[[-121.95088,36.52232],[-121.95088,36.52232]],[[-121.94835,36.52232],[-121.94835,36.52232]],[[-121.94498,36.52232],[-121.94498,36.52232]],[[-121.93487,36.52232],[-121.93487,36.52232]],[[-121.93417,36.52232],[-121.93417,36.52232]],[[-121.95074,36.52221],[-121.95074,36.52221]],[[-121.9447,36.52221],[-121.9447,36.52221]],[[-121.9506,36.52209],[-121.9506,36.52209]],[[-121.9374,36.52209],[-121.9374,36.52209]],[[-121.93726,36.52198],[-121.93726,36.52198]],[[-121.94442,36.52198],[-121.94442,36.52198]],[[-121.94091,36.52198],[-121.94091,36.52198]],[[-121.94063,36.52198],[-121.94063,36.52198]],[[-121.95032,36.52176],[-121.95032,36.52176]],[[-121.94119,36.52176],[-121.94119,36.52176]],[[-121.94105,36.52164],[-121.94105,36.52164]],[[-121.95018,36.52164],[-121.95018,36.52164]],[[-121.9499,36.52164],[-121.9499,36.52164]],[[-121.94175,36.52164],[-121.94175,36.52164]],[[-121.94161,36.52164],[-121.94161,36.52164]],[[-121.94456,36.52153],[-121.94456,36.52153]],[[-121.94063,36.52153],[-121.94063,36.52153]],[[-121.95397,36.52142],[-121.95397,36.52142]],[[-121.94049,36.52142],[-121.94049,36.52142]],[[-121.94975,36.5213],[-121.94975,36.5213]],[[-121.94034,36.5213],[-121.94034,36.5213]],[[-121.93711,36.5213],[-121.93711,36.5213]],[[-121.93641,36.5213],[-121.93641,36.5213]],[[-121.94961,36.52119],[-121.94961,36.52119]],[[-121.94947,36.52119],[-121.94947,36.52119]],[[-121.9402,36.52119],[-121.9402,36.52119]],[[-121.93697,36.52108],[-121.93697,36.52108]],[[-121.93655,36.52108],[-121.93655,36.52108]],[[-121.94231,36.52097],[-121.94231,36.52097]],[[-121.93683,36.52097],[-121.93683,36.52097]],[[-121.94456,36.52085],[-121.94456,36.52085]],[[-121.94428,36.52085],[-121.94428,36.52085]],[[-121.944,36.52085],[-121.944,36.52085]],[[-121.94245,36.52085],[-121.94245,36.52085]],[[-121.94343,36.52074],[-121.94343,36.52074]],[[-121.94329,36.52074],[-121.94329,36.52074]],[[-121.95172,36.52051],[-121.95172,36.52051]],[[-121.93683,36.51995],[-121.93683,36.51995]],[[-121.93711,36.51984],[-121.93711,36.51984]],[[-121.93697,36.51984],[-121.93697,36.51984]],[[-121.94091,36.51972],[-121.94091,36.51972]],[[-121.95397,36.51961],[-121.95397,36.51961]],[[-121.95355,36.51961],[-121.95355,36.51961]],[[-121.95327,36.51961],[-121.95327,36.51961]],[[-121.9513,36.51961],[-121.9513,36.51961]],[[-121.94077,36.51961],[-121.94077,36.51961]],[[-121.95411,36.5195],[-121.95411,36.5195]],[[-121.95298,36.5195],[-121.95298,36.5195]],[[-121.94063,36.5195],[-121.94063,36.5195]],[[-121.93726,36.5195],[-121.93726,36.5195]],[[-121.95284,36.51939],[-121.95284,36.51939]],[[-121.95144,36.51939],[-121.95144,36.51939]],[[-121.94034,36.51939],[-121.94034,36.51939]],[[-121.95397,36.51927],[-121.95397,36.51927]],[[-121.95158,36.51927],[-121.95158,36.51927]],[[-121.9402,36.51927],[-121.9402,36.51927]],[[-121.9374,36.51927],[-121.9374,36.51927]],[[-121.95411,36.51916],[-121.95411,36.51916]],[[-121.9527,36.51916],[-121.9527,36.51916]],[[-121.94006,36.51916],[-121.94006,36.51916]],[[-121.93768,36.51916],[-121.93768,36.51916]],[[-121.95453,36.51905],[-121.95453,36.51905]],[[-121.95256,36.51905],[-121.95256,36.51905]],[[-121.95172,36.51905],[-121.95172,36.51905]],[[-121.93964,36.51905],[-121.93964,36.51905]],[[-121.93782,36.51905],[-121.93782,36.51905]],[[-121.95228,36.51893],[-121.95228,36.51893]],[[-121.95186,36.51893],[-121.95186,36.51893]],[[-121.93922,36.51893],[-121.93922,36.51893]],[[-121.93838,36.51893],[-121.93838,36.51893]],[[-121.95537,36.5186],[-121.95551,36.51848],[-121.95537,36.51826],[-121.95523,36.51848],[-121.95537,36.5186]],[[-121.95607,36.51803],[-121.95622,36.51792],[-121.95622,36.51735],[-121.95579,36.51702],[-121.95565,36.51713],[-121.95565,36.51758],[-121.95607,36.51803]],[[-121.95256,36.51803],[-121.95256,36.51803]],[[-121.95593,36.51792],[-121.95593,36.51792]],[[-121.95664,36.51769],[-121.9565,36.51758],[-121.95664,36.51747]],[[-121.95579,36.51769],[-121.95579,36.51769]],[[-121.95228,36.51735],[-121.95228,36.51735]],[[-121.95242,36.51713],[-121.95242,36.51713]],[[-121.9499,36.51668],[-121.9499,36.51668]],[[-121.9513,36.51645],[-121.9513,36.51645]],[[-121.94428,36.51318],[-121.94428,36.51318]],[[-121.94428,36.51273],[-121.94428,36.51273]],[[-121.94386,36.51273],[-121.94386,36.51273]],[[-121.94414,36.51262],[-121.94414,36.51262]],[[-121.944,36.5125],[-121.944,36.5125]],[[-121.94386,36.51239],[-121.94386,36.51239]],[[-121.94217,36.51183],[-121.94217,36.51183]],[[-121.94231,36.51171],[-121.94231,36.51171]],[[-121.94189,36.51115],[-121.94189,36.51104],[-121.94189,36.51115]],[[-121.94189,36.51104],[-121.94189,36.51104]],[[-121.94189,36.51036],[-121.94189,36.51036]],[[-121.94203,36.51013],[-121.94203,36.51013]],[[-121.94259,36.50979],[-121.94259,36.50979]],[[-121.94217,36.50912],[-121.94217,36.50912]],[[-121.94287,36.509],[-121.94301,36.50889],[-121.94287,36.50878],[-121.94273,36.50889],[-121.94287,36.509]],[[-121.94273,36.50889],[-121.94287,36.50878],[-121.94273,36.50867],[-121.94259,36.50878],[-121.94273,36.50889]],[[-121.94329,36.5081],[-121.94329,36.5081]],[[-121.94273,36.5081],[-121.94273,36.5081]],[[-121.94259,36.50799],[-121.94259,36.50799]],[[-121.94217,36.50799],[-121.94217,36.50799]],[[-121.94175,36.50799],[-121.94175,36.50799]],[[-121.94161,36.50799],[-121.94161,36.50799]],[[-121.94105,36.50799],[-121.94105,36.50799]],[[-121.94091,36.50799],[-121.94091,36.50799]],[[-121.94259,36.50697],[-121.94343,36.50765],[-121.94456,36.50731],[-121.94456,36.50754],[-121.94484,36.50776],[-121.94512,36.50754],[-121.94512,36.5072],[-121.94484,36.50697]],[[-121.94245,36.50776],[-121.94245,36.50776]],[[-121.94498,36.50765],[-121.94498,36.50765]],[[-121.94231,36.50765],[-121.94231,36.50765]],[[-121.94386,36.50754],[-121.94386,36.50754]],[[-121.94414,36.50742],[-121.94414,36.50742]],[[-121.94442,36.50731],[-121.94442,36.50731]],[[-121.94049,36.50697],[-121.94034,36.50697]],[[-121.93964,36.50697],[-121.93964,36.50697]]]},"properties":{"depth_m":75}},{"type":"Feature","geometry":{"type":"MultiLineString","coordinates":[[[-121.95467,36.56103],[-121.95411,36.56091],[-121.95383,36.56058],[-121.95355,36.5608],[-121.95327,36.5608],[-121.95298,36.56035],[-121.95256,36.56035],[-121.95214,36.56069],[-121.95186,36.56058],[-121.95172,36.56091],[-121.95144,36.56103]],[[-121.94091,36.56103],[-121.94105,36.5608],[-121.94077,36.56058],[-121.94063,36.5608],[-121.9402,36.5608],[-121.93992,36.56103]],[[-121.93894,36.56103],[-121.93908,36.56091],[-121.9395,36.56103],[-121.93964,36.5608],[-121.93978,36.56103]],[[-121.93571,36.56103],[-121.93557,36.56091],[-121.93515,36.56103],[-121.93487,36.5608],[-121.93417,36.5608],[-121.93276,36.55933],[-121.9322,36.55742],[-121.93108,36.55505],[-121.93108,36.55437],[-121.93065,36.55324],[-121.93051,36.55211],[-121.93009,36.5511],[-121.92981,36.5485],[-121.92967,36.54839],[-121.92981,36.54681],[-121.93037,36.54591],[-121.93136,36.54512],[-121.93164,36.54534],[-121.93248,36.54455],[-121.93262,36.54455],[-121.93248,36.54466],[-121.93276,36.54489],[-121.93304,36.54478],[-121.93304,36.54455],[-121.93346,36.54478],[-121.93388,36.54466],[-121.93388,36.54433],[-121.9336,36.5441],[-121.93388,36.54421],[-121.93431,36.54387],[-121.93417,36.54365],[-121.93431,36.54354],[-121.93417,36.54342],[-121.93402,36.54354],[-121.93388,36.54331],[-121.93402,36.5432],[-121.93374,36.54297],[-121.93346,36.54297],[-121.93374,36.54275],[-121.93346,36.54252],[-121.93332,36.54173],[-121.93304,36.54162],[-121.93332,36.54128],[-121.93431,36.54139],[-121.93445,36.54117],[-121.9336,36.54094],[-121.93346,36.54083],[-121.9336,36.5406],[-121.93346,36.54049],[-121.93332,36.5406],[-121.93318,36.54038],[-121.93304,36.54049],[-121.9329,36.54038],[-121.9329,36.54026],[-121.93318,36.54038],[-121.93346,36.54015],[-121.9329,36.5397],[-121.9329,36.53936],[-121.93248,36.53891],[-121.9322,36.53913],[-121.93178,36.53902],[-121.93136,36.53947],[-121.93051,36.53936],[-121.92981,36.53868],[-121.92883,36.53733],[-121.92869,36.53609],[-121.92855,36.53597],[-121.92855,36.53518],[-121.92841,36.53507],[-121.92841,36.53439],[-121.92855,36.53428],[-121.92827,36.53417],[-121.92841,36.53394],[-121.92813,36.53327],[-121.92799,36.53315],[-121.92785,36.53327],[-121.92799,36.53315],[-121.92756,36.53304],[-121.92742,36.5327],[-121.927,36.53248],[-121.927,36.53146],[-121.9263,36.5309],[-121.92574,36.52999],[-121.92574,36.5292],[-121.92602,36.52909],[-121.9263,36.52808],[-121.92588,36.52785],[-121.92574,36.52751],[-121.92588,36.52729],[-121.92532,36.52672],[-121.92532,36.52582],[-121.92546,36.52571],[-121.92546,36.52537],[-121.927,36.52356],[-121.92799,36.52288],[-121.92869,36.52266],[-121.92953,36.52277],[-121.92967,36.52288],[-121.92967,36.52334],[-121.92995,36.52345],[-121.92981,36.52356],[-121.92995,36.52367],[-121.93009,36.52356],[-121.93051,36.5239],[-121.93079,36.52356],[-121.93108,36.52367],[-121.9315,36.52345],[-121.93178,36.52367],[-121.9329,36.52334],[-121.93318,36.52401],[-121.93346,36.52367],[-121.93402,36.52356],[-121.93445,36.52401],[-121.93473,36.52401],[-121.93487,36.52367],[-121.93445,36.52334],[-121.93388,36.52322],[-121.9336,36.52288],[-121.93417,36.52232],[-121.93487,36.52232],[-121.93487,36.52266],[-121.93473,36.52277],[-121.93487,36.52288],[-121.93515,36.523],[-121.93529,36.52288],[-121.93543,36.52322],[-121.93571,36.523],[-121.93627,36.52356],[-121.93655,36.52345],[-121.93697,36.52379],[-121.93711,36.52345],[-121.9374,36.52334],[-121.93754,36.52345],[-121.93782,36.52322],[-121.93768,36.52311],[-121.9374,36.52334],[-121.9374,36.52311],[-121.93754,36.52322],[-121.93768,36.52311],[-121.93754,36.523],[-121.9374,36.52311],[-121.93754,36.52288],[-121.93768,36.52277],[-121.93782,36.52288],[-121.9381,36.52266],[-121.9374,36.52209],[-121.93768,36.52198],[-121.93754,36.52187],[-121.93697,36.52164],[-121.93669,36.52176],[-121.93641,36.5213],[-121.93683,36.52097],[-121.93726,36.52142],[-121.93782,36.5213],[-121.93782,36.52085],[-121.93754,36.5204],[-121.9374,36.52029],[-121.93726,36.5204],[-121.93683,36.51995],[-121.9374,36.51984],[-121.93726,36.5195],[-121.9374,36.51927],[-121.93838,36.51893],[-121.93922,36.51893],[-121.94006,36.51916],[-121.94091,36.51972],[-121.94006,36.52074],[-121.93992,36.52119],[-121.94006,36.5213],[-121.9402,36.52119],[-121.94063,36.52153],[-121.94049,36.52187],[-121.94077,36.52209],[-121.94091,36.52198],[-121.94105,36.52221],[-121.94133,36.52209],[-121.94119,36.52176],[-121.94245,36.52164],[-121.94231,36.5213],[-121.94231,36.52097],[-121.94245,36.52085],[-121.94343,36.52074],[-121.94414,36.52097],[-121.94456,36.52085],[-121.94456,36.5213],[-121.94442,36.52142],[-121.94456,36.52153],[-121.94428,36.52164],[-121.94442,36.52209],[-121.9454,36.52243],[-121.94582,36.52288],[-121.94638,36.523],[-121.94807,36.52401],[-121.94863,36.52367],[-121.94891,36.52379],[-121.94905,36.52367],[-121.94905,36.52322],[-121.94835,36.52255],[-121.94835,36.52232],[-121.94863,36.52266],[-121.94919,36.52277],[-121.94961,36.52266],[-121.94947,36.52255],[-121.94961,36.52243],[-121.94961,36.52142],[-121.94947,36.52119],[-121.94961,36.52119],[-121.94975,36.52153],[-121.95004,36.52176],[-121.95018,36.52164],[-121.95032,36.52198],[-121.95088,36.52232],[-121.95102,36.52266],[-121.95313,36.52413],[-121.95341,36.5239],[-121.95327,36.52322],[-121.95369,36.52367],[-121.95397,36.52356],[-121.95411,36.5239],[-121.95467,36.52435],[-121.95495,36.52413],[-121.95467,36.52379],[-121.95495,36.52367],[-121.95369,36.52277],[-121.95453,36.52266],[-121.95495,36.52288],[-121.95523,36.52232],[-121.95453,36.52187],[-121.95439,36.52198],[-121.95439,36.52176],[-121.95397,36.52153],[-121.95411,36.52119],[-121.95313,36.52063],[-121.95256,36.5204],[-121.95172,36.52051],[-121.95186,36.5204],[-121.95186,36.52006],[-121.95158,36.51972],[-121.9513,36.51972],[-121.95186,36.51893],[-121.95256,36.51905],[-121.95341,36.51972],[-121.95439,36.5195],[-121.95453,36.51939],[-121.95425,36.51916],[-121.95397,36.51939],[-121.95411,36.51916],[-121.95439,36.51916],[-121.95467,36.51893],[-121.95425,36.51792],[-121.95369,36.51747],[-121.95327,36.51747],[-121.95298,36.51769],[-121.95298,36.51814],[-121.95242,36.51814],[-121.95242,36.51792],[-121.9527,36.51814],[-121.95284,36.51803],[-121.9527,36.51781],[-121.95242,36.51792],[-121.95228,36.51758],[-121.95256,36.5169],[-121.95186,36.51645],[-121.95158,36.51668],[-121.9513,36.51645],[-121.95144,36.51623],[-121.9513,36.51611],[-121.95074,36.51657],[-121.95046,36.51702],[-121.95004,36.51713],[-121.9499,36.5169],[-121.95004,36.51634],[-121.94961,36.516],[-121.94961,36.51566],[-121.94933,36.51544],[-121.94905,36.51544],[-121.94891,36.51566],[-121.94877,36.51521],[-121.94821,36.51487],[-121.94807,36.51397],[-121.94779,36.51374],[-121.94765,36.51386],[-121.94737,36.51341],[-121.94695,36.51352],[-121.94666,36.51318],[-121.9461,36.51307],[-121.94568,36.51318],[-121.94568,36.51295],[-121.9454,36.51273],[-121.94498,36.51273],[-121.94428,36.51318],[-121.94442,36.51307],[-121.94428,36.51295],[-121.944,36.51307],[-121.94386,36.51273],[-121.944,36.5125],[-121.94456,36.51284],[-121.9447,36.5125],[-121.94414,36.51205],[-121.94372,36.51183],[-121.94329,36.51194],[-121.94315,36.51171],[-121.94217,36.51183],[-121.94245,36.5116],[-121.94245,36.51137],[-121.94217,36.51092],[-121.94231,36.51104],[-121.94245,36.51092],[-121.94231,36.51081],[-121.94217,36.51092],[-121.94217,36.5107],[-121.94189,36.51036],[-121.94203,36.51013],[-121.94259,36.51002],[-121.94273,36.50968],[-121.94231,36.50946],[-121.94217,36.50912],[-121.94273,36.509],[-121.94231,36.50844],[-121.94217,36.50867],[-121.94203,36.50833],[-121.94119,36.50844],[-121.94091,36.50799],[-121.94203,36.5081],[-121.94231,36.50788],[-121.94231,36.50765],[-121.94287,36.50821],[-121.94315,36.50821],[-121.94343,36.50788],[-121.94245,36.5072],[-121.94245,36.50697]],[[-121.95228,36.5608],[-121.95228,36.5608]],[[-121.95664,36.55118],[-121.95467,36.55067],[-121.95284,36.55091],[-121.95256,36.55083],[-121.95233,36.55053],[-121.95243,36.54986],[-121.95335,36.54907],[-121.95338,36.54884],[-121.95313,36.54839],[-121.95333,36.54782],[-121.95569,36.54613],[-121.95625,36.545],[-121.95664,36.54458]],[[-121.95256,36.54974],[-121.95256,36.54974]],[[-121.92967,36.54737],[-121.92967,36.54737]],[[-121.92981,36.54681],[-121.92981,36.54681]],[[-121.92995,36.54658],[-121.92995,36.54658]],[[-121.93009,36.54636],[-121.93009,36.54636]],[[-121.93023,36.54613],[-121.93023,36.54613]],[[-121.93037,36.54591],[-121.93037,36.54591]],[[-121.93051,36.54579],[-121.93051,36.54579]],[[-121.93065,36.54568],[-121.93065,36.54568]],[[-121.93079,36.54557],[-121.93079,36.54557]],[[-121.93094,36.54545],[-121.93094,36.54545]],[[-121.93108,36.54534],[-121.93108,36.54534]],[[-121.93178,36.54523],[-121.93178,36.54523]],[[-121.93122,36.54523],[-121.93122,36.54523]],[[-121.93136,36.54512],[-121.93136,36.54512]],[[-121.93192,36.545],[-121.93192,36.545]],[[-121.93206,36.54489],[-121.93206,36.54489]],[[-121.93262,36.54478],[-121.93262,36.54478]],[[-121.9322,36.54478],[-121.9322,36.54478]],[[-121.93332,36.54466],[-121.93332,36.54466]],[[-121.93234,36.54466],[-121.93234,36.54466]],[[-121.93304,36.54455],[-121.93304,36.54455]],[[-121.93262,36.54455],[-121.93262,36.54455]],[[-121.93248,36.54455],[-121.93248,36.54455]],[[-121.93402,36.5441],[-121.93402,36.5441]],[[-121.93374,36.5441],[-121.93374,36.5441]],[[-121.9336,36.5441],[-121.9336,36.5441]],[[-121.93417,36.54399],[-121.93417,36.54399]],[[-121.93417,36.54365],[-121.93417,36.54365]],[[-121.93445,36.54354],[-121.93473,36.54331],[-121.93431,36.54308],[-121.93417,36.54331],[-121.93445,36.54354]],[[-121.93459,36.54342],[-121.93459,36.54342]],[[-121.93431,36.54342],[-121.93431,36.54342]],[[-121.93388,36.54331],[-121.93388,36.54331]],[[-121.93346,36.54286],[-121.93346,36.54286]],[[-121.93304,36.54162],[-121.93304,36.54162]],[[-121.93318,36.5415],[-121.93318,36.5415]],[[-121.9336,36.54128],[-121.9336,36.54128]],[[-121.93332,36.54128],[-121.93332,36.54128]],[[-121.95664,36.54083],[-121.95551,36.54002],[-121.95524,36.53925],[-121.95467,36.53889],[-121.9527,36.53932],[-121.95102,36.53934],[-121.95046,36.54026],[-121.94905,36.54059],[-121.94845,36.54026],[-121.94779,36.53962],[-121.94718,36.53959],[-121.94706,36.53947],[-121.9472,36.53902],[-121.94681,36.53869],[-121.94638,36.53863],[-121.94596,36.53889],[-121.94554,36.53891],[-121.94484,36.53869],[-121.94468,36.53857],[-121.94456,36.53799],[-121.94372,36.53748],[-121.94315,36.53724],[-121.94239,36.53733],[-121.94245,36.53673],[-121.94325,36.53631],[-121.94353,36.53597],[-121.94319,36.53564],[-121.94229,36.5353],[-121.94221,36.53451],[-121.94147,36.5339],[-121.94034,36.53365],[-121.93995,36.53327],[-121.93936,36.53312],[-121.93866,36.53266],[-121.93796,36.53267],[-121.9374,36.53239],[-121.93543,36.53242],[-121.93445,36.53269],[-121.93408,36.53259],[-121.93482,36.53146],[-121.93417,36.53163],[-121.93338,36.53225],[-121.93334,36.53146],[-121.93363,36.53112],[-121.9336,36.53077],[-121.93403,36.53056],[-121.93435,36.52999],[-121.93136,36.52789],[-121.93051,36.52796],[-121.9302,36.52751],[-121.93122,36.52701],[-121.93276,36.52703],[-121.93332,36.52727],[-121.93402,36.52731],[-121.93487,36.52787],[-121.93776,36.5292],[-121.93936,36.52971],[-121.9402,36.52924],[-121.94133,36.53011],[-121.94223,36.52966],[-121.94236,36.52932],[-121.9423,36.52729],[-121.94273,36.52713],[-121.94386,36.52756],[-121.94447,36.52819],[-121.94498,36.52844],[-121.94691,36.53056],[-121.94765,36.53081],[-121.94849,36.53085],[-121.94933,36.53127],[-121.94985,36.53112],[-121.94971,36.53045],[-121.9499,36.53029],[-121.9506,36.5301],[-121.952,36.52909],[-121.95326,36.52887],[-121.9534,36.52875],[-121.95341,36.52822],[-121.95358,36.52808],[-121.95439,36.52781],[-121.95486,36.52796],[-121.95551,36.52846],[-121.95664,36.52838]],[[-121.93346,36.54071],[-121.93346,36.54071]],[[-121.93445,36.54049],[-121.93459,36.54038],[-121.93445,36.54026],[-121.93431,36.54038],[-121.93445,36.54049]],[[-121.93332,36.54026],[-121.93332,36.54026]],[[-121.93304,36.54026],[-121.93304,36.54026]],[[-121.9329,36.54026],[-121.9329,36.54026]],[[-121.92841,36.53439],[-121.92841,36.53439]],[[-121.92827,36.53417],[-121.92827,36.53417]],[[-121.92785,36.53327],[-121.92785,36.53327]],[[-121.93866,36.52943],[-121.93866,36.52943]],[[-121.95186,36.5292],[-121.95186,36.5292]],[[-121.94568,36.52909],[-121.94568,36.52909]],[[-121.92574,36.5292],[-121.92574,36.5292]],[[-121.952,36.52909],[-121.952,36.52909]],[[-121.94554,36.52898],[-121.94554,36.52898]],[[-121.92602,36.52875],[-121.92602,36.52875]],[[-121.95537,36.52841],[-121.95537,36.52841]],[[-121.95523,36.5283],[-121.95523,36.5283]],[[-121.92616,36.5283],[-121.92616,36.5283]],[[-121.92574,36.52751],[-121.92574,36.52751]],[[-121.92532,36.52582],[-121.92532,36.52582]],[[-121.92546,36.52537],[-121.92546,36.52537]],[[-121.9256,36.52525],[-121.9256,36.52525]],[[-121.92574,36.52503],[-121.92574,36.52503]],[[-121.92588,36.52492],[-121.92588,36.52492]],[[-121.92602,36.52469],[-121.92602,36.52469]],[[-121.92616,36.52458],[-121.92616,36.52458]],[[-121.94709,36.52446],[-121.94723,36.52424],[-121.94695,36.52413],[-121.94681,36.52424],[-121.94709,36.52446]],[[-121.9263,36.52446],[-121.9263,36.52446]],[[-121.94695,36.52435],[-121.94695,36.52435]],[[-121.95481,36.52424],[-121.95481,36.52424]],[[-121.95453,36.52424],[-121.95453,36.52424]],[[-121.92644,36.52424],[-121.92644,36.52424]],[[-121.95439,36.52413],[-121.95439,36.52413]],[[-121.92658,36.52413],[-121.92658,36.52413]],[[-121.95425,36.52401],[-121.95425,36.52401]],[[-121.95327,36.52401],[-121.95327,36.52401]],[[-121.95298,36.52401],[-121.95298,36.52401]],[[-121.94695,36.52401],[-121.94709,36.5239],[-121.94695,36.52379],[-121.94681,36.5239],[-121.94695,36.52401]],[[-121.95284,36.5239],[-121.95284,36.5239]],[[-121.94821,36.5239],[-121.94821,36.5239]],[[-121.94793,36.5239],[-121.94793,36.5239]],[[-121.93431,36.5239],[-121.93431,36.5239]],[[-121.92672,36.5239],[-121.92672,36.5239]],[[-121.95467,36.52379],[-121.95467,36.52379]],[[-121.95411,36.52379],[-121.95411,36.52379]],[[-121.9527,36.52379],[-121.9527,36.52379]],[[-121.94849,36.52379],[-121.94849,36.52379]],[[-121.94765,36.52379],[-121.94765,36.52379]],[[-121.93417,36.52379],[-121.93417,36.52379]],[[-121.93332,36.52379],[-121.93332,36.52379]],[[-121.93037,36.52379],[-121.93037,36.52379]],[[-121.92686,36.52379],[-121.92686,36.52379]],[[-121.95327,36.52367],[-121.95327,36.52367]],[[-121.95256,36.52367],[-121.95256,36.52367]],[[-121.94877,36.52367],[-121.94877,36.52367]],[[-121.94863,36.52367],[-121.94863,36.52367]],[[-121.94737,36.52367],[-121.94737,36.52367]],[[-121.93669,36.52367],[-121.93669,36.52367]],[[-121.93346,36.52367],[-121.93346,36.52367]],[[-121.93065,36.52367],[-121.93065,36.52367]],[[-121.93023,36.52367],[-121.93023,36.52367]],[[-121.95397,36.52356],[-121.95397,36.52356]],[[-121.95383,36.52345],[-121.95383,36.52345]],[[-121.95242,36.52356],[-121.95242,36.52356]],[[-121.94723,36.52356],[-121.94723,36.52356]],[[-121.93402,36.52356],[-121.93402,36.52356]],[[-121.93388,36.52356],[-121.93388,36.52356]],[[-121.93192,36.52356],[-121.93192,36.52356]],[[-121.93164,36.52356],[-121.93164,36.52356]],[[-121.93122,36.52356],[-121.93122,36.52356]],[[-121.93079,36.52356],[-121.93079,36.52356]],[[-121.93009,36.52356],[-121.93009,36.52356]],[[-121.927,36.52356],[-121.927,36.52356]],[[-121.95355,36.52345],[-121.95355,36.52345]],[[-121.95228,36.52345],[-121.95228,36.52345]],[[-121.94709,36.52345],[-121.94709,36.52345]],[[-121.93711,36.52345],[-121.93711,36.52345]],[[-121.93655,36.52345],[-121.93655,36.52345]],[[-121.93613,36.52345],[-121.93613,36.52345]],[[-121.93304,36.52345],[-121.93304,36.52345]],[[-121.93234,36.52345],[-121.93234,36.52345]],[[-121.9322,36.52345],[-121.9322,36.52345]],[[-121.9315,36.52345],[-121.9315,36.52345]],[[-121.92995,36.52345],[-121.92995,36.52345]],[[-121.92714,36.52345],[-121.92714,36.52345]],[[-121.95341,36.52334],[-121.95341,36.52334]],[[-121.95214,36.52334],[-121.95214,36.52334]],[[-121.94695,36.52334],[-121.94695,36.52334]],[[-121.94091,36.52334],[-121.94119,36.52277],[-121.94105,36.52255],[-121.94063,36.52277],[-121.94063,36.52322],[-121.94091,36.52334]],[[-121.93768,36.52334],[-121.93768,36.52334]],[[-121.9329,36.52334],[-121.9329,36.52334]],[[-121.93262,36.52334],[-121.93262,36.52334]],[[-121.92728,36.52334],[-121.92728,36.52334]],[[-121.95327,36.52322],[-121.95327,36.52322]],[[-121.952,36.52322],[-121.952,36.52322]],[[-121.94666,36.52322],[-121.94666,36.52322]],[[-121.93599,36.52322],[-121.93599,36.52322]],[[-121.92742,36.52322],[-121.92742,36.52322]],[[-121.95509,36.52311],[-121.95523,36.523],[-121.95509,36.52288],[-121.95495,36.523],[-121.95509,36.52311]],[[-121.95369,36.523],[-121.95369,36.523]],[[-121.95172,36.52311],[-121.95172,36.52311]],[[-121.94652,36.52311],[-121.94652,36.52311]],[[-121.9374,36.52311],[-121.9374,36.52311]],[[-121.93585,36.52311],[-121.93585,36.52311]],[[-121.92756,36.52311],[-121.92756,36.52311]],[[-121.95158,36.523],[-121.95158,36.523]],[[-121.94638,36.523],[-121.94638,36.523]],[[-121.93571,36.523],[-121.93557,36.52288],[-121.93571,36.523]],[[-121.93557,36.52288],[-121.93557,36.52288]],[[-121.92785,36.523],[-121.92785,36.523]],[[-121.9513,36.52288],[-121.9513,36.52288]],[[-121.94596,36.52288],[-121.94596,36.52288]],[[-121.94105,36.52288],[-121.94105,36.52288]],[[-121.93754,36.52288],[-121.93754,36.52288]],[[-121.93529,36.52288],[-121.93529,36.52288]],[[-121.93501,36.52288],[-121.93501,36.52288]],[[-121.9336,36.52288],[-121.9336,36.52288]],[[-121.92967,36.52288],[-121.92967,36.52288]],[[-121.92799,36.52288],[-121.92799,36.52288]],[[-121.95481,36.52277],[-121.95481,36.52277]],[[-121.95369,36.52277],[-121.95369,36.52277]],[[-121.95355,36.52266],[-121.95341,36.52255],[-121.95355,36.52266]],[[-121.95116,36.52277],[-121.95116,36.52277]],[[-121.93796,36.52277],[-121.93796,36.52277]],[[-121.93768,36.52277],[-121.93768,36.52277]],[[-121.92953,36.52277],[-121.92953,36.52277]],[[-121.92827,36.52277],[-121.92827,36.52277]],[[-121.95453,36.52266],[-121.95453,36.52266]],[[-121.95425,36.52266],[-121.95425,36.52266]],[[-121.95341,36.52255],[-121.95341,36.52255]],[[-121.94905,36.52266],[-121.94905,36.52266]],[[-121.94568,36.52266],[-121.94568,36.52266]],[[-121.93529,36.52255],[-121.93529,36.52255]],[[-121.93374,36.52266],[-121.93374,36.52266]],[[-121.92911,36.52266],[-121.92911,36.52266]],[[-121.92869,36.52266],[-121.92869,36.52266]],[[-121.95509,36.52255],[-121.95509,36.52255]],[[-121.95102,36.52255],[-121.95102,36.52255]],[[-121.94947,36.52255],[-121.94947,36.52255]],[[-121.94554,36.52255],[-121.94554,36.52255]],[[-121.93388,36.52255],[-121.93388,36.52255]],[[-121.94849,36.52243],[-121.94849,36.52243]],[[-121.9454,36.52243],[-121.9454,36.52243]],[[-121.93402,36.52243],[-121.93402,36.52243]],[[-121.95088,36.52232],[-121.95088,36.52232]],[[-121.94835,36.52232],[-121.94835,36.52232]],[[-121.94498,36.52232],[-121.94498,36.52232]],[[-121.93487,36.52232],[-121.93487,36.52232]],[[-121.93417,36.52232],[-121.93417,36.52232]],[[-121.95074,36.52221],[-121.95074,36.52221]],[[-121.9447,36.52221],[-121.9447,36.52221]],[[-121.9506,36.52209],[-121.9506,36.52209]],[[-121.9374,36.52209],[-121.9374,36.52209]],[[-121.93726,36.52198],[-121.93726,36.52198]],[[-121.94442,36.52198],[-121.94442,36.52198]],[[-121.94091,36.52198],[-121.94091,36.52198]],[[-121.94063,36.52198],[-121.94063,36.52198]],[[-121.95032,36.52176],[-121.95032,36.52176]],[[-121.94119,36.52176],[-121.94119,36.52176]],[[-121.94105,36.52164],[-121.94105,36.52164]],[[-121.95018,36.52164],[-121.95018,36.52164]],[[-121.9499,36.52164],[-121.9499,36.52164]],[[-121.94175,36.52164],[-121.94175,36.52164]],[[-121.94161,36.52164],[-121.94161,36.52164]],[[-121.94456,36.52153],[-121.94456,36.52153]],[[-121.94063,36.52153],[-121.94063,36.52153]],[[-121.95397,36.52142],[-121.95397,36.52142]],[[-121.94049,36.52142],[-121.94049,36.52142]],[[-121.94975,36.5213],[-121.94975,36.5213]],[[-121.94034,36.5213],[-121.94034,36.5213]],[[-121.93711,36.5213],[-121.93711,36.5213]],[[-121.93641,36.5213],[-121.93641,36.5213]],[[-121.94961,36.52119],[-121.94961,36.52119]],[[-121.94947,36.52119],[-121.94947,36.52119]],[[-121.9402,36.52119],[-121.9402,36.52119]],[[-121.93697,36.52108],[-121.93697,36.52108]],[[-121.93655,36.52108],[-121.93655,36.52108]],[[-121.94231,36.52097],[-121.94231,36.52097]],[[-121.93683,36.52097],[-121.93683,36.52097]],[[-121.94456,36.52085],[-121.94456,36.52085]],[[-121.94428,36.52085],[-121.94428,36.52085]],[[-121.944,36.52085],[-121.944,36.52085]],[[-121.94245,36.52085],[-121.94245,36.52085]],[[-121.94343,36.52074],[-121.94343,36.52074]],[[-121.94329,36.52074],[-121.94329,36.52074]],[[-121.95172,36.52051],[-121.95172,36.52051]],[[-121.93683,36.51995],[-121.93683,36.51995]],[[-121.93711,36.51984],[-121.93711,36.51984]],[[-121.93697,36.51984],[-121.93697,36.51984]],[[-121.94091,36.51972],[-121.94091,36.51972]],[[-121.95397,36.51961],[-121.95397,36.51961]],[[-121.95355,36.51961],[-121.95355,36.51961]],[[-121.95327,36.51961],[-121.95327,36.51961]],[[-121.9513,36.51961],[-121.9513,36.51961]],[[-121.94077,36.51961],[-121.94077,36.51961]],[[-121.95411,36.5195],[-121.95411,36.5195]],[[-121.95298,36.5195],[-121.95298,36.5195]],[[-121.94063,36.5195],[-121.94063,36.5195]],[[-121.93726,36.5195],[-121.93726,36.5195]],[[-121.95284,36.51939],[-121.95284,36.51939]],[[-121.95144,36.51939],[-121.95144,36.51939]],[[-121.94034,36.51939],[-121.94034,36.51939]],[[-121.95397,36.51927],[-121.95397,36.51927]],[[-121.95158,36.51927],[-121.95158,36.51927]],[[-121.9402,36.51927],[-121.9402,36.51927]],[[-121.9374,36.51927],[-121.9374,36.51927]],[[-121.95411,36.51916],[-121.95411,36.51916]],[[-121.9527,36.51916],[-121.9527,36.51916]],[[-121.94006,36.51916],[-121.94006,36.51916]],[[-121.93768,36.51916],[-121.93768,36.51916]],[[-121.95453,36.51905],[-121.95453,36.51905]],[[-121.95256,36.51905],[-121.95256,36.51905]],[[-121.95172,36.51905],[-121.95172,36.51905]],[[-121.93964,36.51905],[-121.93964,36.51905]],[[-121.93782,36.51905],[-121.93782,36.51905]],[[-121.95228,36.51893],[-121.95228,36.51893]],[[-121.95186,36.51893],[-121.95186,36.51893]],[[-121.93922,36.51893],[-121.93922,36.51893]],[[-121.93838,36.51893],[-121.93838,36.51893]],[[-121.95537,36.5186],[-121.95551,36.51848],[-121.95537,36.51826],[-121.95523,36.51848],[-121.95537,36.5186]],[[-121.95607,36.51803],[-121.95622,36.51792],[-121.95622,36.51735],[-121.95579,36.51702],[-121.95565,36.51713],[-121.95565,36.51758],[-121.95607,36.51803]],[[-121.95256,36.51803],[-121.95256,36.51803]],[[-121.95593,36.51792],[-121.95593,36.51792]],[[-121.95664,36.51769],[-121.9565,36.51758],[-121.95664,36.51747]],[[-121.95579,36.51769],[-121.95579,36.51769]],[[-121.95228,36.51735],[-121.95228,36.51735]],[[-121.95242,36.51713],[-121.95242,36.51713]],[[-121.9499,36.51668],[-121.9499,36.51668]],[[-121.9513,36.51645],[-121.9513,36.51645]],[[-121.94428,36.51318],[-121.94428,36.51318]],[[-121.94428,36.51273],[-121.94428,36.51273]],[[-121.94386,36.51273],[-121.94386,36.51273]],[[-121.94414,36.51262],[-121.94414,36.51262]],[[-121.944,36.5125],[-121.944,36.5125]],[[-121.94386,36.51239],[-121.94386,36.51239]],[[-121.94217,36.51183],[-121.94217,36.51183]],[[-121.94231,36.51171],[-121.94231,36.51171]],[[-121.94189,36.51115],[-121.94189,36.51104],[-121.94189,36.51115]],[[-121.94189,36.51104],[-121.94189,36.51104]],[[-121.94189,36.51036],[-121.94189,36.51036]],[[-121.94203,36.51013],[-121.94203,36.51013]],[[-121.94259,36.50979],[-121.94259,36.50979]],[[-121.94217,36.50912],[-121.94217,36.50912]],[[-121.94287,36.509],[-121.94301,36.50889],[-121.94287,36.50878],[-121.94273,36.50889],[-121.94287,36.509]],[[-121.94273,36.50889],[-121.94287,36.50878],[-121.94273,36.50867],[-121.94259,36.50878],[-121.94273,36.50889]],[[-121.94329,36.5081],[-121.94329,36.5081]],[[-121.94273,36.5081],[-121.94273,36.5081]],[[-121.94259,36.50799],[-121.94259,36.50799]],[[-121.94217,36.50799],[-121.94217,36.50799]],[[-121.94175,36.50799],[-121.94175,36.50799]],[[-121.94161,36.50799],[-121.94161,36.50799]],[[-121.94105,36.50799],[-121.94105,36.50799]],[[-121.94091,36.50799],[-121.94091,36.50799]],[[-121.94259,36.50697],[-121.94343,36.50765],[-121.94456,36.50731],[-121.94456,36.50754],[-121.94484,36.50776],[-121.94512,36.50754],[-121.94512,36.5072],[-121.94484,36.50697]],[[-121.94245,36.50776],[-121.94245,36.50776]],[[-121.94498,36.50765],[-121.94498,36.50765]],[[-121.94231,36.50765],[-121.94231,36.50765]],[[-121.94386,36.50754],[-121.94386,36.50754]],[[-121.94414,36.50742],[-121.94414,36.50742]],[[-121.94442,36.50731],[-121.94442,36.50731]],[[-121.94049,36.50697],[-121.94034,36.50697]],[[-121.93964,36.50697],[-121.93964,36.50697]]]},"properties":{"depth_m":100}},{"type":"Feature","geometry":{"type":"MultiLineString","coordinates":[[[-121.95467,36.56103],[-121.95411,36.56091],[-121.95383,36.56058],[-121.95355,36.5608],[-121.95327,36.5608],[-121.95298,36.56035],[-121.95256,36.56035],[-121.95214,36.56069],[-121.95186,36.56058],[-121.95172,36.56091],[-121.95144,36.56103]],[[-121.94091,36.56103],[-121.94105,36.5608],[-121.94077,36.56058],[-121.94063,36.5608],[-121.9402,36.5608],[-121.93992,36.56103]],[[-121.93894,36.56103],[-121.93908,36.56091],[-121.9395,36.56103],[-121.93964,36.5608],[-121.93978,36.56103]],[[-121.93571,36.56103],[-121.93557,36.56091],[-121.93515,36.56103],[-121.93487,36.5608],[-121.93417,36.5608],[-121.93276,36.55933],[-121.9322,36.55742],[-121.93108,36.55505],[-121.93108,36.55437],[-121.93065,36.55324],[-121.93051,36.55211],[-121.93009,36.5511],[-121.92981,36.5485],[-121.92967,36.54839],[-121.92981,36.54681],[-121.93037,36.54591],[-121.93136,36.54512],[-121.93164,36.54534],[-121.93248,36.54455],[-121.93262,36.54455],[-121.93248,36.54466],[-121.93276,36.54489],[-121.93304,36.54478],[-121.93304,36.54455],[-121.93346,36.54478],[-121.93388,36.54466],[-121.93388,36.54433],[-121.9336,36.5441],[-121.93388,36.54421],[-121.93431,36.54387],[-121.93417,36.54365],[-121.93431,36.54354],[-121.93417,36.54342],[-121.93402,36.54354],[-121.93388,36.54331],[-121.93402,36.5432],[-121.93374,36.54297],[-121.93346,36.54297],[-121.93374,36.54275],[-121.93346,36.54252],[-121.93332,36.54173],[-121.93304,36.54162],[-121.93332,36.54128],[-121.93431,36.54139],[-121.93445,36.54117],[-121.9336,36.54094],[-121.93346,36.54083],[-121.9336,36.5406],[-121.93346,36.54049],[-121.93332,36.5406],[-121.93318,36.54038],[-121.93304,36.54049],[-121.9329,36.54038],[-121.9329,36.54026],[-121.93318,36.54038],[-121.93346,36.54015],[-121.9329,36.5397],[-121.9329,36.53936],[-121.93248,36.53891],[-121.9322,36.53913],[-121.93178,36.53902],[-121.93136,36.53947],[-121.93051,36.53936],[-121.92981,36.53868],[-121.92883,36.53733],[-121.92869,36.53609],[-121.92855,36.53597],[-121.92855,36.53518],[-121.92841,36.53507],[-121.92841,36.53439],[-121.92855,36.53428],[-121.92827,36.53417],[-121.92841,36.53394],[-121.92813,36.53327],[-121.92799,36.53315],[-121.92785,36.53327],[-121.92799,36.53315],[-121.92756,36.53304],[-121.92742,36.5327],[-121.927,36.53248],[-121.927,36.53146],[-121.9263,36.5309],[-121.92574,36.52999],[-121.92574,36.5292],[-121.92602,36.52909],[-121.9263,36.52808],[-121.92588,36.52785],[-121.92574,36.52751],[-121.92588,36.52729],[-121.92532,36.52672],[-121.92532,36.52582],[-121.92546,36.52571],[-121.92546,36.52537],[-121.927,36.52356],[-121.92799,36.52288],[-121.92869,36.52266],[-121.92953,36.52277],[-121.92967,36.52288],[-121.92967,36.52334],[-121.92995,36.52345],[-121.92981,36.52356],[-121.92995,36.52367],[-121.93009,36.52356],[-121.93051,36.5239],[-121.93079,36.52356],[-121.93108,36.52367],[-121.9315,36.52345],[-121.93178,36.52367],[-121.9329,36.52334],[-121.93318,36.52401],[-121.93346,36.52367],[-121.93402,36.52356],[-121.93445,36.52401],[-121.93473,36.52401],[-121.93487,36.52367],[-121.93445,36.52334],[-121.93388,36.52322],[-121.9336,36.52288],[-121.93417,36.52232],[-121.93487,36.52232],[-121.93487,36.52266],[-121.93473,36.52277],[-121.93487,36.52288],[-121.93515,36.523],[-121.93529,36.52288],[-121.93543,36.52322],[-121.93571,36.523],[-121.93627,36.52356],[-121.93655,36.52345],[-121.93697,36.52379],[-121.93711,36.52345],[-121.9374,36.52334],[-121.93754,36.52345],[-121.93782,36.52322],[-121.93768,36.52311],[-121.9374,36.52334],[-121.9374,36.52311],[-121.93754,36.52322],[-121.93768,36.52311],[-121.93754,36.523],[-121.9374,36.52311],[-121.93754,36.52288],[-121.93768,36.52277],[-121.93782,36.52288],[-121.9381,36.52266],[-121.9374,36.52209],[-121.93768,36.52198],[-121.93754,36.52187],[-121.93697,36.52164],[-121.93669,36.52176],[-121.93641,36.5213],[-121.93683,36.52097],[-121.93726,36.52142],[-121.93782,36.5213],[-121.93782,36.52085],[-121.93754,36.5204],[-121.9374,36.52029],[-121.93726,36.5204],[-121.93683,36.51995],[-121.9374,36.51984],[-121.93726,36.5195],[-121.9374,36.51927],[-121.93838,36.51893],[-121.93922,36.51893],[-121.94006,36.51916],[-121.94091,36.51972],[-121.94006,36.52074],[-121.93992,36.52119],[-121.94006,36.5213],[-121.9402,36.52119],[-121.94063,36.52153],[-121.94049,36.52187],[-121.94077,36.52209],[-121.94091,36.52198],[-121.94105,36.52221],[-121.94133,36.52209],[-121.94119,36.52176],[-121.94245,36.52164],[-121.94231,36.5213],[-121.94231,36.52097],[-121.94245,36.52085],[-121.94343,36.52074],[-121.94414,36.52097],[-121.94456,36.52085],[-121.94456,36.5213],[-121.94442,36.52142],[-121.94456,36.52153],[-121.94428,36.52164],[-121.94442,36.52209],[-121.9454,36.52243],[-121.94582,36.52288],[-121.94638,36.523],[-121.94807,36.52401],[-121.94863,36.52367],[-121.94891,36.52379],[-121.94905,36.52367],[-121.94905,36.52322],[-121.94835,36.52255],[-121.94835,36.52232],[-121.94863,36.52266],[-121.94919,36.52277],[-121.94961,36.52266],[-121.94947,36.52255],[-121.94961,36.52243],[-121.94961,36.52142],[-121.94947,36.52119],[-121.94961,36.52119],[-121.94975,36.52153],[-121.95004,36.52176],[-121.95018,36.52164],[-121.95032,36.52198],[-121.95088,36.52232],[-121.95102,36.52266],[-121.95313,36.52413],[-121.95341,36.5239],[-121.95327,36.52322],[-121.95369,36.52367],[-121.95397,36.52356],[-121.95411,36.5239],[-121.95467,36.52435],[-121.95495,36.52413],[-121.95467,36.52379],[-121.95495,36.52367],[-121.95369,36.52277],[-121.95453,36.52266],[-121.95495,36.52288],[-121.95523,36.52232],[-121.95453,36.52187],[-121.95439,36.52198],[-121.95439,36.52176],[-121.95397,36.52153],[-121.95411,36.52119],[-121.95313,36.52063],[-121.95256,36.5204],[-121.95172,36.52051],[-121.95186,36.5204],[-121.95186,36.52006],[-121.95158,36.51972],[-121.9513,36.51972],[-121.95186,36.51893],[-121.95256,36.51905],[-121.95341,36.51972],[-121.95439,36.5195],[-121.95453,36.51939],[-121.95425,36.51916],[-121.95397,36.51939],[-121.95411,36.51916],[-121.95439,36.51916],[-121.95467,36.51893],[-121.95425,36.51792],[-121.95369,36.51747],[-121.95327,36.51747],[-121.95298,36.51769],[-121.95298,36.51814],[-121.95242,36.51814],[-121.95242,36.51792],[-121.9527,36.51814],[-121.95284,36.51803],[-121.9527,36.51781],[-121.95242,36.51792],[-121.95228,36.51758],[-121.95256,36.5169],[-121.95186,36.51645],[-121.95158,36.51668],[-121.9513,36.51645],[-121.95144,36.51623],[-121.9513,36.51611],[-121.95074,36.51657],[-121.95046,36.51702],[-121.95004,36.51713],[-121.9499,36.5169],[-121.95004,36.51634],[-121.94961,36.516],[-121.94961,36.51566],[-121.94933,36.51544],[-121.94905,36.51544],[-121.94891,36.51566],[-121.94877,36.51521],[-121.94821,36.51487],[-121.94807,36.51397],[-121.94779,36.51374],[-121.94765,36.51386],[-121.94737,36.51341],[-121.94695,36.51352],[-121.94666,36.51318],[-121.9461,36.51307],[-121.94568,36.51318],[-121.94568,36.51295],[-121.9454,36.51273],[-121.94498,36.51273],[-121.94428,36.51318],[-121.94442,36.51307],[-121.94428,36.51295],[-121.944,36.51307],[-121.94386,36.51273],[-121.944,36.5125],[-121.94456,36.51284],[-121.9447,36.5125],[-121.94414,36.51205],[-121.94372,36.51183],[-121.94329,36.51194],[-121.94315,36.51171],[-121.94217,36.51183],[-121.94245,36.5116],[-121.94245,36.51137],[-121.94217,36.51092],[-121.94231,36.51104],[-121.94245,36.51092],[-121.94231,36.51081],[-121.94217,36.51092],[-121.94217,36.5107],[-121.94189,36.51036],[-121.94203,36.51013],[-121.94259,36.51002],[-121.94273,36.50968],[-121.94231,36.50946],[-121.94217,36.50912],[-121.94273,36.509],[-121.94231,36.50844],[-121.94217,36.50867],[-121.94203,36.50833],[-121.94119,36.50844],[-121.94091,36.50799],[-121.94203,36.5081],[-121.94231,36.50788],[-121.94231,36.50765],[-121.94287,36.50821],[-121.94315,36.50821],[-121.94343,36.50788],[-121.94245,36.5072],[-121.94245,36.50697]],[[-121.95228,36.5608],[-121.95228,36.5608]],[[-121.95664,36.55073],[-121.95383,36.55016],[-121.95355,36.54986],[-121.95397,36.54936],[-121.95523,36.54897],[-121.95456,36.54828],[-121.95457,36.54782],[-121.95664,36.54611]],[[-121.92967,36.54737],[-121.92967,36.54737]],[[-121.92981,36.54681],[-121.92981,36.54681]],[[-121.92995,36.54658],[-121.92995,36.54658]],[[-121.93009,36.54636],[-121.93009,36.54636]],[[-121.93023,36.54613],[-121.93023,36.54613]],[[-121.93037,36.54591],[-121.93037,36.54591]],[[-121.93051,36.54579],[-121.93051,36.54579]],[[-121.93065,36.54568],[-121.93065,36.54568]],[[-121.93079,36.54557],[-121.93079,36.54557]],[[-121.93094,36.54545],[-121.93094,36.54545]],[[-121.93108,36.54534],[-121.93108,36.54534]],[[-121.93178,36.54523],[-121.93178,36.54523]],[[-121.93122,36.54523],[-121.93122,36.54523]],[[-121.93136,36.54512],[-121.93136,36.54512]],[[-121.93192,36.545],[-121.93192,36.545]],[[-121.93206,36.54489],[-121.93206,36.54489]],[[-121.93262,36.54478],[-121.93262,36.54478]],[[-121.9322,36.54478],[-121.9322,36.54478]],[[-121.93332,36.54466],[-121.93332,36.54466]],[[-121.93234,36.54466],[-121.93234,36.54466]],[[-121.93304,36.54455],[-121.93304,36.54455]],[[-121.93262,36.54455],[-121.93262,36.54455]],[[-121.93248,36.54455],[-121.93248,36.54455]],[[-121.93402,36.5441],[-121.93402,36.5441]],[[-121.93374,36.5441],[-121.93374,36.5441]],[[-121.9336,36.5441],[-121.9336,36.5441]],[[-121.93417,36.54399],[-121.93417,36.54399]],[[-121.93417,36.54365],[-121.93417,36.54365]],[[-121.93445,36.54354],[-121.93473,36.54331],[-121.93431,36.54308],[-121.93417,36.54331],[-121.93445,36.54354]],[[-121.93459,36.54342],[-121.93459,36.54342]],[[-121.93431,36.54342],[-121.93431,36.54342]],[[-121.93388,36.54331],[-121.93388,36.54331]],[[-121.93346,36.54286],[-121.93346,36.54286]],[[-121.93304,36.54162],[-121.93304,36.54162]],[[-121.93318,36.5415],[-121.93318,36.5415]],[[-121.9336,36.54128],[-121.9336,36.54128]],[[-121.93332,36.54128],[-121.93332,36.54128]],[[-121.93346,36.54071],[-121.93346,36.54071]],[[-121.93445,36.54049],[-121.93459,36.54038],[-121.93445,36.54026],[-121.93431,36.54038],[-121.93445,36.54049]],[[-121.95664,36.54033],[-121.95579,36.53974],[-121.95571,36.53913],[-121.95551,36.53893],[-121.95453,36.53831],[-121.9527,36.53901],[-121.95144,36.53911],[-121.95074,36.53892],[-121.95039,36.53925],[-121.95035,36.53992],[-121.94975,36.54023],[-121.94877,36.54016],[-121.94835,36.53982],[-121.94819,36.53947],[-121.94765,36.53935],[-121.94747,36.53891],[-121.94695,36.53849],[-121.94624,36.5383],[-121.94568,36.53861],[-121.94512,36.53839],[-121.9447,36.53758],[-121.94293,36.53688],[-121.94302,36.53665],[-121.94415,36.53597],[-121.94329,36.53534],[-121.94287,36.53535],[-121.94262,36.53518],[-121.94256,36.53439],[-121.9418,36.53383],[-121.94055,36.53349],[-121.9388,36.53247],[-121.93796,36.5324],[-121.93754,36.5321],[-121.93655,36.53228],[-121.93571,36.53214],[-121.93485,36.53225],[-121.93472,36.53214],[-121.93501,36.53181],[-121.93564,36.53135],[-121.93515,36.53096],[-121.93407,36.53124],[-121.93407,36.5309],[-121.93479,36.52999],[-121.93373,36.52932],[-121.93304,36.52862],[-121.93218,36.5283],[-121.93157,36.52762],[-121.93192,36.52725],[-121.93402,36.52759],[-121.93754,36.52945],[-121.93936,36.52995],[-121.9402,36.52955],[-121.94119,36.53031],[-121.94203,36.5302],[-121.94245,36.53038],[-121.94264,36.53022],[-121.94261,36.52875],[-121.94275,36.52808],[-121.94301,36.52779],[-121.94343,36.52783],[-121.94512,36.52901],[-121.94583,36.52977],[-121.94602,36.53022],[-121.94709,36.53102],[-121.94835,36.53108],[-121.94933,36.53165],[-121.95018,36.53146],[-121.95026,36.5309],[-121.95014,36.53056],[-121.95032,36.53041],[-121.95186,36.52978],[-121.95228,36.5294],[-121.9527,36.52944],[-121.95327,36.52915],[-121.95369,36.5292],[-121.95376,36.52853],[-121.95397,36.52833],[-121.95467,36.52825],[-121.95509,36.52885],[-121.95593,36.5287],[-121.95664,36.52876]],[[-121.93332,36.54026],[-121.93332,36.54026]],[[-121.93304,36.54026],[-121.93304,36.54026]],[[-121.9329,36.54026],[-121.9329,36.54026]],[[-121.92841,36.53439],[-121.92841,36.53439]],[[-121.92827,36.53417],[-121.92827,36.53417]],[[-121.92785,36.53327],[-121.92785,36.53327]],[[-121.93711,36.53214],[-121.93711,36.53214]],[[-121.94919,36.53157],[-121.94919,36.53157]],[[-121.93543,36.53157],[-121.93543,36.53157]],[[-121.93557,36.53146],[-121.93557,36.53146]],[[-121.94596,36.53011],[-121.94596,36.53011]],[[-121.95369,36.5292],[-121.95369,36.5292]],[[-121.95341,36.5292],[-121.95341,36.5292]],[[-121.92574,36.5292],[-121.92574,36.5292]],[[-121.95537,36.52875],[-121.95537,36.52875]],[[-121.92602,36.52875],[-121.92602,36.52875]],[[-121.9447,36.52864],[-121.9447,36.52864]],[[-121.92616,36.5283],[-121.92616,36.5283]],[[-121.92574,36.52751],[-121.92574,36.52751]],[[-121.92532,36.52582],[-121.92532,36.52582]],[[-121.92546,36.52537],[-121.92546,36.52537]],[[-121.9256,36.52525],[-121.9256,36.52525]],[[-121.92574,36.52503],[-121.92574,36.52503]],[[-121.92588,36.52492],[-121.92588,36.52492]],[[-121.92602,36.52469],[-121.92602,36.52469]],[[-121.92616,36.52458],[-121.92616,36.52458]],[[-121.94709,36.52446],[-121.94723,36.52424],[-121.94695,36.52413],[-121.94681,36.52424],[-121.94709,36.52446]],[[-121.9263,36.52446],[-121.9263,36.52446]],[[-121.94695,36.52435],[-121.94695,36.52435]],[[-121.95481,36.52424],[-121.95481,36.52424]],[[-121.95453,36.52424],[-121.95453,36.52424]],[[-121.92644,36.52424],[-121.92644,36.52424]],[[-121.95439,36.52413],[-121.95439,36.52413]],[[-121.92658,36.52413],[-121.92658,36.52413]],[[-121.95425,36.52401],[-121.95425,36.52401]],[[-121.95327,36.52401],[-121.95327,36.52401]],[[-121.95298,36.52401],[-121.95298,36.52401]],[[-121.94695,36.52401],[-121.94709,36.5239],[-121.94695,36.52379],[-121.94681,36.5239],[-121.94695,36.52401]],[[-121.95284,36.5239],[-121.95284,36.5239]],[[-121.94821,36.5239],[-121.94821,36.5239]],[[-121.94793,36.5239],[-121.94793,36.5239]],[[-121.93431,36.5239],[-121.93431,36.5239]],[[-121.92672,36.5239],[-121.92672,36.5239]],[[-121.95467,36.52379],[-121.95467,36.52379]],[[-121.95411,36.52379],[-121.95411,36.52379]],[[-121.9527,36.52379],[-121.9527,36.52379]],[[-121.94849,36.52379],[-121.94849,36.52379]],[[-121.94765,36.52379],[-121.94765,36.52379]],[[-121.93417,36.52379],[-121.93417,36.52379]],[[-121.93332,36.52379],[-121.93332,36.52379]],[[-121.93037,36.52379],[-121.93037,36.52379]],[[-121.92686,36.52379],[-121.92686,36.52379]],[[-121.95327,36.52367],[-121.95327,36.52367]],[[-121.95256,36.52367],[-121.95256,36.52367]],[[-121.94877,36.52367],[-121.94877,36.52367]],[[-121.94863,36.52367],[-121.94863,36.52367]],[[-121.94737,36.52367],[-121.94737,36.52367]],[[-121.93669,36.52367],[-121.93669,36.52367]],[[-121.93346,36.52367],[-121.93346,36.52367]],[[-121.93065,36.52367],[-121.93065,36.52367]],[[-121.93023,36.52367],[-121.93023,36.52367]],[[-121.95397,36.52356],[-121.95397,36.52356]],[[-121.95383,36.52345],[-121.95383,36.52345]],[[-121.95242,36.52356],[-121.95242,36.52356]],[[-121.94723,36.52356],[-121.94723,36.52356]],[[-121.93402,36.52356],[-121.93402,36.52356]],[[-121.93388,36.52356],[-121.93388,36.52356]],[[-121.93192,36.52356],[-121.93192,36.52356]],[[-121.93164,36.52356],[-121.93164,36.52356]],[[-121.93122,36.52356],[-121.93122,36.52356]],[[-121.93079,36.52356],[-121.93079,36.52356]],[[-121.93009,36.52356],[-121.93009,36.52356]],[[-121.927,36.52356],[-121.927,36.52356]],[[-121.95355,36.52345],[-121.95355,36.52345]],[[-121.95228,36.52345],[-121.95228,36.52345]],[[-121.94709,36.52345],[-121.94709,36.52345]],[[-121.93711,36.52345],[-121.93711,36.52345]],[[-121.93655,36.52345],[-121.93655,36.52345]],[[-121.93613,36.52345],[-121.93613,36.52345]],[[-121.93304,36.52345],[-121.93304,36.52345]],[[-121.93234,36.52345],[-121.93234,36.52345]],[[-121.9322,36.52345],[-121.9322,36.52345]],[[-121.9315,36.52345],[-121.9315,36.52345]],[[-121.92995,36.52345],[-121.92995,36.52345]],[[-121.92714,36.52345],[-121.92714,36.52345]],[[-121.95341,36.52334],[-121.95341,36.52334]],[[-121.95214,36.52334],[-121.95214,36.52334]],[[-121.94695,36.52334],[-121.94695,36.52334]],[[-121.94091,36.52334],[-121.94119,36.52277],[-121.94105,36.52255],[-121.94063,36.52277],[-121.94063,36.52322],[-121.94091,36.52334]],[[-121.93768,36.52334],[-121.93768,36.52334]],[[-121.9329,36.52334],[-121.9329,36.52334]],[[-121.93262,36.52334],[-121.93262,36.52334]],[[-121.92728,36.52334],[-121.92728,36.52334]],[[-121.95327,36.52322],[-121.95327,36.52322]],[[-121.952,36.52322],[-121.952,36.52322]],[[-121.94666,36.52322],[-121.94666,36.52322]],[[-121.93599,36.52322],[-121.93599,36.52322]],[[-121.92742,36.52322],[-121.92742,36.52322]],[[-121.95509,36.52311],[-121.95523,36.523],[-121.95509,36.52288],[-121.95495,36.523],[-121.95509,36.52311]],[[-121.95369,36.523],[-121.95369,36.523]],[[-121.95172,36.52311],[-121.95172,36.52311]],[[-121.94652,36.52311],[-121.94652,36.52311]],[[-121.9374,36.52311],[-121.9374,36.52311]],[[-121.93585,36.52311],[-121.93585,36.52311]],[[-121.92756,36.52311],[-121.92756,36.52311]],[[-121.95158,36.523],[-121.95158,36.523]],[[-121.94638,36.523],[-121.94638,36.523]],[[-121.93571,36.523],[-121.93557,36.52288],[-121.93571,36.523]],[[-121.93557,36.52288],[-121.93557,36.52288]],[[-121.92785,36.523],[-121.92785,36.523]],[[-121.9513,36.52288],[-121.9513,36.52288]],[[-121.94596,36.52288],[-121.94596,36.52288]],[[-121.94105,36.52288],[-121.94105,36.52288]],[[-121.93754,36.52288],[-121.93754,36.52288]],[[-121.93529,36.52288],[-121.93529,36.52288]],[[-121.93501,36.52288],[-121.93501,36.52288]],[[-121.9336,36.52288],[-121.9336,36.52288]],[[-121.92967,36.52288],[-121.92967,36.52288]],[[-121.92799,36.52288],[-121.92799,36.52288]],[[-121.95481,36.52277],[-121.95481,36.52277]],[[-121.95369,36.52277],[-121.95369,36.52277]],[[-121.95355,36.52266],[-121.95341,36.52255],[-121.95355,36.52266]],[[-121.95116,36.52277],[-121.95116,36.52277]],[[-121.93796,36.52277],[-121.93796,36.52277]],[[-121.93768,36.52277],[-121.93768,36.52277]],[[-121.92953,36.52277],[-121.92953,36.52277]],[[-121.92827,36.52277],[-121.92827,36.52277]],[[-121.95453,36.52266],[-121.95453,36.52266]],[[-121.95425,36.52266],[-121.95425,36.52266]],[[-121.95341,36.52255],[-121.95341,36.52255]],[[-121.94905,36.52266],[-121.94905,36.52266]],[[-121.94568,36.52266],[-121.94568,36.52266]],[[-121.93529,36.52255],[-121.93529,36.52255]],[[-121.93374,36.52266],[-121.93374,36.52266]],[[-121.92911,36.52266],[-121.92911,36.52266]],[[-121.92869,36.52266],[-121.92869,36.52266]],[[-121.95509,36.52255],[-121.95509,36.52255]],[[-121.95102,36.52255],[-121.95102,36.52255]],[[-121.94947,36.52255],[-121.94947,36.52255]],[[-121.94554,36.52255],[-121.94554,36.52255]],[[-121.93388,36.52255],[-121.93388,36.52255]],[[-121.94849,36.52243],[-121.94849,36.52243]],[[-121.9454,36.52243],[-121.9454,36.52243]],[[-121.93402,36.52243],[-121.93402,36.52243]],[[-121.95088,36.52232],[-121.95088,36.52232]],[[-121.94835,36.52232],[-121.94835,36.52232]],[[-121.94498,36.52232],[-121.94498,36.52232]],[[-121.93487,36.52232],[-121.93487,36.52232]],[[-121.93417,36.52232],[-121.93417,36.52232]],[[-121.95074,36.52221],[-121.95074,36.52221]],[[-121.9447,36.52221],[-121.9447,36.52221]],[[-121.9506,36.52209],[-121.9506,36.52209]],[[-121.9374,36.52209],[-121.9374,36.52209]],[[-121.93726,36.52198],[-121.93726,36.52198]],[[-121.94442,36.52198],[-121.94442,36.52198]],[[-121.94091,36.52198],[-121.94091,36.52198]],[[-121.94063,36.52198],[-121.94063,36.52198]],[[-121.95032,36.52176],[-121.95032,36.52176]],[[-121.94119,36.52176],[-121.94119,36.52176]],[[-121.94105,36.52164],[-121.94105,36.52164]],[[-121.95018,36.52164],[-121.95018,36.52164]],[[-121.9499,36.52164],[-121.9499,36.52164]],[[-121.94175,36.52164],[-121.94175,36.52164]],[[-121.94161,36.52164],[-121.94161,36.52164]],[[-121.94456,36.52153],[-121.94456,36.52153]],[[-121.94063,36.52153],[-121.94063,36.52153]],[[-121.95397,36.52142],[-121.95397,36.52142]],[[-121.94049,36.52142],[-121.94049,36.52142]],[[-121.94975,36.5213],[-121.94975,36.5213]],[[-121.94034,36.5213],[-121.94034,36.5213]],[[-121.93711,36.5213],[-121.93711,36.5213]],[[-121.93641,36.5213],[-121.93641,36.5213]],[[-121.94961,36.52119],[-121.94961,36.52119]],[[-121.94947,36.52119],[-121.94947,36.52119]],[[-121.9402,36.52119],[-121.9402,36.52119]],[[-121.93697,36.52108],[-121.93697,36.52108]],[[-121.93655,36.52108],[-121.93655,36.52108]],[[-121.94231,36.52097],[-121.94231,36.52097]],[[-121.93683,36.52097],[-121.93683,36.52097]],[[-121.94456,36.52085],[-121.94456,36.52085]],[[-121.94428,36.52085],[-121.94428,36.52085]],[[-121.944,36.52085],[-121.944,36.52085]],[[-121.94245,36.52085],[-121.94245,36.52085]],[[-121.94343,36.52074],[-121.94343,36.52074]],[[-121.94329,36.52074],[-121.94329,36.52074]],[[-121.95172,36.52051],[-121.95172,36.52051]],[[-121.93683,36.51995],[-121.93683,36.51995]],[[-121.93711,36.51984],[-121.93711,36.51984]],[[-121.93697,36.51984],[-121.93697,36.51984]],[[-121.94091,36.51972],[-121.94091,36.51972]],[[-121.95397,36.51961],[-121.95397,36.51961]],[[-121.95355,36.51961],[-121.95355,36.51961]],[[-121.95327,36.51961],[-121.95327,36.51961]],[[-121.9513,36.51961],[-121.9513,36.51961]],[[-121.94077,36.51961],[-121.94077,36.51961]],[[-121.95411,36.5195],[-121.95411,36.5195]],[[-121.95298,36.5195],[-121.95298,36.5195]],[[-121.94063,36.5195],[-121.94063,36.5195]],[[-121.93726,36.5195],[-121.93726,36.5195]],[[-121.95284,36.51939],[-121.95284,36.51939]],[[-121.95144,36.51939],[-121.95144,36.51939]],[[-121.94034,36.51939],[-121.94034,36.51939]],[[-121.95397,36.51927],[-121.95397,36.51927]],[[-121.95158,36.51927],[-121.95158,36.51927]],[[-121.9402,36.51927],[-121.9402,36.51927]],[[-121.9374,36.51927],[-121.9374,36.51927]],[[-121.95411,36.51916],[-121.95411,36.51916]],[[-121.9527,36.51916],[-121.9527,36.51916]],[[-121.94006,36.51916],[-121.94006,36.51916]],[[-121.93768,36.51916],[-121.93768,36.51916]],[[-121.95453,36.51905],[-121.95453,36.51905]],[[-121.95256,36.51905],[-121.95256,36.51905]],[[-121.95172,36.51905],[-121.95172,36.51905]],[[-121.93964,36.51905],[-121.93964,36.51905]],[[-121.93782,36.51905],[-121.93782,36.51905]],[[-121.95228,36.51893],[-121.95228,36.51893]],[[-121.95186,36.51893],[-121.95186,36.51893]],[[-121.93922,36.51893],[-121.93922,36.51893]],[[-121.93838,36.51893],[-121.93838,36.51893]],[[-121.95537,36.5186],[-121.95551,36.51848],[-121.95537,36.51826],[-121.95523,36.51848],[-121.95537,36.5186]],[[-121.95607,36.51803],[-121.95622,36.51792],[-121.95622,36.51735],[-121.95579,36.51702],[-121.95565,36.51713],[-121.95565,36.51758],[-121.95607,36.51803]],[[-121.95256,36.51803],[-121.95256,36.51803]],[[-121.95593,36.51792],[-121.95593,36.51792]],[[-121.95664,36.51769],[-121.9565,36.51758],[-121.95664,36.51747]],[[-121.95579,36.51769],[-121.95579,36.51769]],[[-121.95228,36.51735],[-121.95228,36.51735]],[[-121.95242,36.51713],[-121.95242,36.51713]],[[-121.9499,36.51668],[-121.9499,36.51668]],[[-121.9513,36.51645],[-121.9513,36.51645]],[[-121.94428,36.51318],[-121.94428,36.51318]],[[-121.94428,36.51273],[-121.94428,36.51273]],[[-121.94386,36.51273],[-121.94386,36.51273]],[[-121.94414,36.51262],[-121.94414,36.51262]],[[-121.944,36.5125],[-121.944,36.5125]],[[-121.94386,36.51239],[-121.94386,36.51239]],[[-121.94217,36.51183],[-121.94217,36.51183]],[[-121.94231,36.51171],[-121.94231,36.51171]],[[-121.94189,36.51115],[-121.94189,36.51104],[-121.94189,36.51115]],[[-121.94189,36.51104],[-121.94189,36.51104]],[[-121.94189,36.51036],[-121.94189,36.51036]],[[-121.94203,36.51013],[-121.94203,36.51013]],[[-121.94259,36.50979],[-121.94259,36.50979]],[[-121.94217,36.50912],[-121.94217,36.50912]],[[-121.94287,36.509],[-121.94301,36.50889],[-121.94287,36.50878],[-121.94273,36.50889],[-121.94287,36.509]],[[-121.94273,36.50889],[-121.94287,36.50878],[-121.94273,36.50867],[-121.94259,36.50878],[-121.94273,36.50889]],[[-121.94329,36.5081],[-121.94329,36.5081]],[[-121.94273,36.5081],[-121.94273,36.5081]],[[-121.94259,36.50799],[-121.94259,36.50799]],[[-121.94217,36.50799],[-121.94217,36.50799]],[[-121.94175,36.50799],[-121.94175,36.50799]],[[-121.94161,36.50799],[-121.94161,36.50799]],[[-121.94105,36.50799],[-121.94105,36.50799]],[[-121.94091,36.50799],[-121.94091,36.50799]],[[-121.94259,36.50697],[-121.94343,36.50765],[-121.94456,36.50731],[-121.94456,36.50754],[-121.94484,36.50776],[-121.94512,36.50754],[-121.94512,36.5072],[-121.94484,36.50697]],[[-121.94245,36.50776],[-121.94245,36.50776]],[[-121.94498,36.50765],[-121.94498,36.50765]],[[-121.94231,36.50765],[-121.94231,36.50765]],[[-121.94386,36.50754],[-121.94386,36.50754]],[[-121.94414,36.50742],[-121.94414,36.50742]],[[-121.94442,36.50731],[-121.94442,36.50731]],[[-121.94049,36.50697],[-121.94034,36.50697]],[[-121.93964,36.50697],[-121.93964,36.50697]]]},"properties":{"depth_m":125}},{"type":"Feature","geometry":{"type":"MultiLineString","coordinates":[[[-121.95467,36.56103],[-121.95411,36.56091],[-121.95383,36.56058],[-121.95355,36.5608],[-121.95327,36.5608],[-121.95298,36.56035],[-121.95256,36.56035],[-121.95214,36.56069],[-121.95186,36.56058],[-121.95172,36.56091],[-121.95144,36.56103]],[[-121.94091,36.56103],[-121.94105,36.5608],[-121.94077,36.56058],[-121.94063,36.5608],[-121.9402,36.5608],[-121.93992,36.56103]],[[-121.93894,36.56103],[-121.93908,36.56091],[-121.9395,36.56103],[-121.93964,36.5608],[-121.93978,36.56103]],[[-121.93571,36.56103],[-121.93557,36.56091],[-121.93515,36.56103],[-121.93487,36.5608],[-121.93417,36.5608],[-121.93276,36.55933],[-121.9322,36.55742],[-121.93108,36.55505],[-121.93108,36.55437],[-121.93065,36.55324],[-121.93051,36.55211],[-121.93009,36.5511],[-121.92981,36.5485],[-121.92967,36.54839],[-121.92981,36.54681],[-121.93037,36.54591],[-121.93136,36.54512],[-121.93164,36.54534],[-121.93248,36.54455],[-121.93262,36.54455],[-121.93248,36.54466],[-121.93276,36.54489],[-121.93304,36.54478],[-121.93304,36.54455],[-121.93346,36.54478],[-121.93388,36.54466],[-121.93388,36.54433],[-121.9336,36.5441],[-121.93388,36.54421],[-121.93431,36.54387],[-121.93417,36.54365],[-121.93431,36.54354],[-121.93417,36.54342],[-121.93402,36.54354],[-121.93388,36.54331],[-121.93402,36.5432],[-121.93374,36.54297],[-121.93346,36.54297],[-121.93374,36.54275],[-121.93346,36.54252],[-121.93332,36.54173],[-121.93304,36.54162],[-121.93332,36.54128],[-121.93431,36.54139],[-121.93445,36.54117],[-121.9336,36.54094],[-121.93346,36.54083],[-121.9336,36.5406],[-121.93346,36.54049],[-121.93332,36.5406],[-121.93318,36.54038],[-121.93304,36.54049],[-121.9329,36.54038],[-121.9329,36.54026],[-121.93318,36.54038],[-121.93346,36.54015],[-121.9329,36.5397],[-121.9329,36.53936],[-121.93248,36.53891],[-121.9322,36.53913],[-121.93178,36.53902],[-121.93136,36.53947],[-121.93051,36.53936],[-121.92981,36.53868],[-121.92883,36.53733],[-121.92869,36.53609],[-121.92855,36.53597],[-121.92855,36.53518],[-121.92841,36.53507],[-121.92841,36.53439],[-121.92855,36.53428],[-121.92827,36.53417],[-121.92841,36.53394],[-121.92813,36.53327],[-121.92799,36.53315],[-121.92785,36.53327],[-121.92799,36.53315],[-121.92756,36.53304],[-121.92742,36.5327],[-121.927,36.53248],[-121.927,36.53146],[-121.9263,36.5309],[-121.92574,36.52999],[-121.92574,36.5292],[-121.92602,36.52909],[-121.9263,36.52808],[-121.92588,36.52785],[-121.92574,36.52751],[-121.92588,36.52729],[-121.92532,36.52672],[-121.92532,36.52582],[-121.92546,36.52571],[-121.92546,36.52537],[-121.927,36.52356],[-121.92799,36.52288],[-121.92869,36.52266],[-121.92953,36.52277],[-121.92967,36.52288],[-121.92967,36.52334],[-121.92995,36.52345],[-121.92981,36.52356],[-121.92995,36.52367],[-121.93009,36.52356],[-121.93051,36.5239],[-121.93079,36.52356],[-121.93108,36.52367],[-121.9315,36.52345],[-121.93178,36.52367],[-121.9329,36.52334],[-121.93318,36.52401],[-121.93346,36.52367],[-121.93402,36.52356],[-121.93445,36.52401],[-121.93473,36.52401],[-121.93487,36.52367],[-121.93445,36.52334],[-121.93388,36.52322],[-121.9336,36.52288],[-121.93417,36.52232],[-121.93487,36.52232],[-121.93487,36.52266],[-121.93473,36.52277],[-121.93487,36.52288],[-121.93515,36.523],[-121.93529,36.52288],[-121.93543,36.52322],[-121.93571,36.523],[-121.93627,36.52356],[-121.93655,36.52345],[-121.93697,36.52379],[-121.93711,36.52345],[-121.9374,36.52334],[-121.93754,36.52345],[-121.93782,36.52322],[-121.93768,36.52311],[-121.9374,36.52334],[-121.9374,36.52311],[-121.93754,36.52322],[-121.93768,36.52311],[-121.93754,36.523],[-121.9374,36.52311],[-121.93754,36.52288],[-121.93768,36.52277],[-121.93782,36.52288],[-121.9381,36.52266],[-121.9374,36.52209],[-121.93768,36.52198],[-121.93754,36.52187],[-121.93697,36.52164],[-121.93669,36.52176],[-121.93641,36.5213],[-121.93683,36.52097],[-121.93726,36.52142],[-121.93782,36.5213],[-121.93782,36.52085],[-121.93754,36.5204],[-121.9374,36.52029],[-121.93726,36.5204],[-121.93683,36.51995],[-121.9374,36.51984],[-121.93726,36.5195],[-121.9374,36.51927],[-121.93838,36.51893],[-121.93922,36.51893],[-121.94006,36.51916],[-121.94091,36.51972],[-121.94006,36.52074],[-121.93992,36.52119],[-121.94006,36.5213],[-121.9402,36.52119],[-121.94063,36.52153],[-121.94049,36.52187],[-121.94077,36.52209],[-121.94091,36.52198],[-121.94105,36.52221],[-121.94133,36.52209],[-121.94119,36.52176],[-121.94245,36.52164],[-121.94231,36.5213],[-121.94231,36.52097],[-121.94245,36.52085],[-121.94343,36.52074],[-121.94414,36.52097],[-121.94456,36.52085],[-121.94456,36.5213],[-121.94442,36.52142],[-121.94456,36.52153],[-121.94428,36.52164],[-121.94442,36.52209],[-121.9454,36.52243],[-121.94582,36.52288],[-121.94638,36.523],[-121.94807,36.52401],[-121.94863,36.52367],[-121.94891,36.52379],[-121.94905,36.52367],[-121.94905,36.52322],[-121.94835,36.52255],[-121.94835,36.52232],[-121.94863,36.52266],[-121.94919,36.52277],[-121.94961,36.52266],[-121.94947,36.52255],[-121.94961,36.52243],[-121.94961,36.52142],[-121.94947,36.52119],[-121.94961,36.52119],[-121.94975,36.52153],[-121.95004,36.52176],[-121.95018,36.52164],[-121.95032,36.52198],[-121.95088,36.52232],[-121.95102,36.52266],[-121.95313,36.52413],[-121.95341,36.5239],[-121.95327,36.52322],[-121.95369,36.52367],[-121.95397,36.52356],[-121.95411,36.5239],[-121.95467,36.52435],[-121.95495,36.52413],[-121.95467,36.52379],[-121.95495,36.52367],[-121.95369,36.52277],[-121.95453,36.52266],[-121.95495,36.52288],[-121.95523,36.52232],[-121.95453,36.52187],[-121.95439,36.52198],[-121.95439,36.52176],[-121.95397,36.52153],[-121.95411,36.52119],[-121.95313,36.52063],[-121.95256,36.5204],[-121.95172,36.52051],[-121.95186,36.5204],[-121.95186,36.52006],[-121.95158,36.51972],[-121.9513,36.51972],[-121.95186,36.51893],[-121.95256,36.51905],[-121.95341,36.51972],[-121.95439,36.5195],[-121.95453,36.51939],[-121.95425,36.51916],[-121.95397,36.51939],[-121.95411,36.51916],[-121.95439,36.51916],[-121.95467,36.51893],[-121.95425,36.51792],[-121.95369,36.51747],[-121.95327,36.51747],[-121.95298,36.51769],[-121.95298,36.51814],[-121.95242,36.51814],[-121.95242,36.51792],[-121.9527,36.51814],[-121.95284,36.51803],[-121.9527,36.51781],[-121.95242,36.51792],[-121.95228,36.51758],[-121.95256,36.5169],[-121.95186,36.51645],[-121.95158,36.51668],[-121.9513,36.51645],[-121.95144,36.51623],[-121.9513,36.51611],[-121.95074,36.51657],[-121.95046,36.51702],[-121.95004,36.51713],[-121.9499,36.5169],[-121.95004,36.51634],[-121.94961,36.516],[-121.94961,36.51566],[-121.94933,36.51544],[-121.94905,36.51544],[-121.94891,36.51566],[-121.94877,36.51521],[-121.94821,36.51487],[-121.94807,36.51397],[-121.94779,36.51374],[-121.94765,36.51386],[-121.94737,36.51341],[-121.94695,36.51352],[-121.94666,36.51318],[-121.9461,36.51307],[-121.94568,36.51318],[-121.94568,36.51295],[-121.9454,36.51273],[-121.94498,36.51273],[-121.94428,36.51318],[-121.94442,36.51307],[-121.94428,36.51295],[-121.944,36.51307],[-121.94386,36.51273],[-121.944,36.5125],[-121.94456,36.51284],[-121.9447,36.5125],[-121.94414,36.51205],[-121.94372,36.51183],[-121.94329,36.51194],[-121.94315,36.51171],[-121.94217,36.51183],[-121.94245,36.5116],[-121.94245,36.51137],[-121.94217,36.51092],[-121.94231,36.51104],[-121.94245,36.51092],[-121.94231,36.51081],[-121.94217,36.51092],[-121.94217,36.5107],[-121.94189,36.51036],[-121.94203,36.51013],[-121.94259,36.51002],[-121.94273,36.50968],[-121.94231,36.50946],[-121.94217,36.50912],[-121.94273,36.509],[-121.94231,36.50844],[-121.94217,36.50867],[-121.94203,36.50833],[-121.94119,36.50844],[-121.94091,36.50799],[-121.94203,36.5081],[-121.94231,36.50788],[-121.94231,36.50765],[-121.94287,36.50821],[-121.94315,36.50821],[-121.94343,36.50788],[-121.94245,36.5072],[-121.94245,36.50697]],[[-121.95228,36.5608],[-121.95228,36.5608]],[[-121.95664,36.55029],[-121.95553,36.55008],[-121.95511,36.54974],[-121.95583,36.54918],[-121.95597,36.54839],[-121.95575,36.54805],[-121.95576,36.54771],[-121.95664,36.54699]],[[-121.92967,36.54737],[-121.92967,36.54737]],[[-121.92981,36.54681],[-121.92981,36.54681]],[[-121.92995,36.54658],[-121.92995,36.54658]],[[-121.93009,36.54636],[-121.93009,36.54636]],[[-121.93023,36.54613],[-121.93023,36.54613]],[[-121.93037,36.54591],[-121.93037,36.54591]],[[-121.93051,36.54579],[-121.93051,36.54579]],[[-121.93065,36.54568],[-121.93065,36.54568]],[[-121.93079,36.54557],[-121.93079,36.54557]],[[-121.93094,36.54545],[-121.93094,36.54545]],[[-121.93108,36.54534],[-121.93108,36.54534]],[[-121.93178,36.54523],[-121.93178,36.54523]],[[-121.93122,36.54523],[-121.93122,36.54523]],[[-121.93136,36.54512],[-121.93136,36.54512]],[[-121.93192,36.545],[-121.93192,36.545]],[[-121.93206,36.54489],[-121.93206,36.54489]],[[-121.93262,36.54478],[-121.93262,36.54478]],[[-121.9322,36.54478],[-121.9322,36.54478]],[[-121.93332,36.54466],[-121.93332,36.54466]],[[-121.93234,36.54466],[-121.93234,36.54466]],[[-121.93304,36.54455],[-121.93304,36.54455]],[[-121.93262,36.54455],[-121.93262,36.54455]],[[-121.93248,36.54455],[-121.93248,36.54455]],[[-121.93402,36.5441],[-121.93402,36.5441]],[[-121.93374,36.5441],[-121.93374,36.5441]],[[-121.9336,36.5441],[-121.9336,36.5441]],[[-121.93417,36.54399],[-121.93417,36.54399]],[[-121.93417,36.54365],[-121.93417,36.54365]],[[-121.93445,36.54354],[-121.93473,36.54331],[-121.93431,36.54308],[-121.93417,36.54331],[-121.93445,36.54354]],[[-121.93459,36.54342],[-121.93459,36.54342]],[[-121.93431,36.54342],[-121.93431,36.54342]],[[-121.93388,36.54331],[-121.93388,36.54331]],[[-121.93346,36.54286],[-121.93346,36.54286]],[[-121.93304,36.54162],[-121.93304,36.54162]],[[-121.93318,36.5415],[-121.93318,36.5415]],[[-121.9336,36.54128],[-121.9336,36.54128]],[[-121.93332,36.54128],[-121.93332,36.54128]],[[-121.93346,36.54071],[-121.93346,36.54071]],[[-121.93445,36.54049],[-121.93459,36.54038],[-121.93445,36.54026],[-121.93431,36.54038],[-121.93445,36.54049]],[[-121.93332,36.54026],[-121.93332,36.54026]],[[-121.93304,36.54026],[-121.93304,36.54026]],[[-121.9329,36.54026],[-121.9329,36.54026]],[[-121.95664,36.52901],[-121.95523,36.52919],[-121.95453,36.52867],[-121.95425,36.52869],[-121.95409,36.52887],[-121.95397,36.52971],[-121.95313,36.52947],[-121.9513,36.53027],[-121.95058,36.53067],[-121.95054,36.53146],[-121.95038,36.53169],[-121.95004,36.53187],[-121.94933,36.53193],[-121.94835,36.53135],[-121.94691,36.53124],[-121.94579,36.53045],[-121.94554,36.5299],[-121.94494,36.52932],[-121.94358,36.52843],[-121.94329,36.52843],[-121.94311,36.52864],[-121.94299,36.53045],[-121.94273,36.53072],[-121.94091,36.53047],[-121.94034,36.52985],[-121.9395,36.5302],[-121.93738,36.52966],[-121.93669,36.52921],[-121.93585,36.52898],[-121.93543,36.52861],[-121.93388,36.52784],[-121.9329,36.52766],[-121.93255,36.52796],[-121.93417,36.52931],[-121.93519,36.52988],[-121.93524,36.53022],[-121.93498,36.53056],[-121.93613,36.53135],[-121.93609,36.53157],[-121.93569,36.53191],[-121.93582,36.53203],[-121.93641,36.53217],[-121.93754,36.53179],[-121.93796,36.53211],[-121.9388,36.53223],[-121.9395,36.53274],[-121.94034,36.53296],[-121.94077,36.53332],[-121.94147,36.53346],[-121.94259,36.53403],[-121.94285,36.53428],[-121.94285,36.53473],[-121.943,36.53496],[-121.94345,36.53507],[-121.944,36.53553],[-121.9447,36.53575],[-121.94459,36.53609],[-121.94398,36.53643],[-121.94363,36.53699],[-121.94498,36.53741],[-121.94514,36.53755],[-121.94514,36.53789],[-121.94554,36.53817],[-121.94624,36.53803],[-121.94709,36.5383],[-121.94849,36.53928],[-121.94877,36.53977],[-121.94975,36.53994],[-121.95005,36.53913],[-121.9506,36.53864],[-121.95144,36.5388],[-121.9527,36.53872],[-121.95341,36.53831],[-121.95411,36.53824],[-121.95467,36.53801],[-121.95622,36.53899],[-121.95614,36.53959],[-121.95664,36.53989]],[[-121.95144,36.5388],[-121.95144,36.5388]],[[-121.95467,36.53801],[-121.95467,36.53801]],[[-121.95453,36.53801],[-121.95453,36.53801]],[[-121.92841,36.53439],[-121.92841,36.53439]],[[-121.92827,36.53417],[-121.92827,36.53417]],[[-121.92785,36.53327],[-121.92785,36.53327]],[[-121.94835,36.53135],[-121.94835,36.53135]],[[-121.92574,36.5292],[-121.92574,36.5292]],[[-121.93585,36.52898],[-121.93585,36.52898]],[[-121.93571,36.52887],[-121.93571,36.52887]],[[-121.92602,36.52875],[-121.92602,36.52875]],[[-121.92616,36.5283],[-121.92616,36.5283]],[[-121.93332,36.52774],[-121.93332,36.52774]],[[-121.92574,36.52751],[-121.92574,36.52751]],[[-121.92532,36.52582],[-121.92532,36.52582]],[[-121.92546,36.52537],[-121.92546,36.52537]],[[-121.9256,36.52525],[-121.9256,36.52525]],[[-121.92574,36.52503],[-121.92574,36.52503]],[[-121.92588,36.52492],[-121.92588,36.52492]],[[-121.92602,36.52469],[-121.92602,36.52469]],[[-121.92616,36.52458],[-121.92616,36.52458]],[[-121.94709,36.52446],[-121.94723,36.52424],[-121.94695,36.52413],[-121.94681,36.52424],[-121.94709,36.52446]],[[-121.9263,36.52446],[-121.9263,36.52446]],[[-121.94695,36.52435],[-121.94695,36.52435]],[[-121.95481,36.52424],[-121.95481,36.52424]],[[-121.95453,36.52424],[-121.95453,36.52424]],[[-121.92644,36.52424],[-121.92644,36.52424]],[[-121.95439,36.52413],[-121.95439,36.52413]],[[-121.92658,36.52413],[-121.92658,36.52413]],[[-121.95425,36.52401],[-121.95425,36.52401]],[[-121.95327,36.52401],[-121.95327,36.52401]],[[-121.95298,36.52401],[-121.95298,36.52401]],[[-121.94695,36.52401],[-121.94709,36.5239],[-121.94695,36.52379],[-121.94681,36.5239],[-121.94695,36.52401]],[[-121.95284,36.5239],[-121.95284,36.5239]],[[-121.94821,36.5239],[-121.94821,36.5239]],[[-121.94793,36.5239],[-121.94793,36.5239]],[[-121.93431,36.5239],[-121.93431,36.5239]],[[-121.92672,36.5239],[-121.92672,36.5239]],[[-121.95467,36.52379],[-121.95467,36.52379]],[[-121.95411,36.52379],[-121.95411,36.52379]],[[-121.9527,36.52379],[-121.9527,36.52379]],[[-121.94849,36.52379],[-121.94849,36.52379]],[[-121.94765,36.52379],[-121.94765,36.52379]],[[-121.93417,36.52379],[-121.93417,36.52379]],[[-121.93332,36.52379],[-121.93332,36.52379]],[[-121.93037,36.52379],[-121.93037,36.52379]],[[-121.92686,36.52379],[-121.92686,36.52379]],[[-121.95327,36.52367],[-121.95327,36.52367]],[[-121.95256,36.52367],[-121.95256,36.52367]],[[-121.94877,36.52367],[-121.94877,36.52367]],[[-121.94863,36.52367],[-121.94863,36.52367]],[[-121.94737,36.52367],[-121.94737,36.52367]],[[-121.93669,36.52367],[-121.93669,36.52367]],[[-121.93346,36.52367],[-121.93346,36.52367]],[[-121.93065,36.52367],[-121.93065,36.52367]],[[-121.93023,36.52367],[-121.93023,36.52367]],[[-121.95397,36.52356],[-121.95397,36.52356]],[[-121.95383,36.52345],[-121.95383,36.52345]],[[-121.95242,36.52356],[-121.95242,36.52356]],[[-121.94723,36.52356],[-121.94723,36.52356]],[[-121.93402,36.52356],[-121.93402,36.52356]],[[-121.93388,36.52356],[-121.93388,36.52356]],[[-121.93192,36.52356],[-121.93192,36.52356]],[[-121.93164,36.52356],[-121.93164,36.52356]],[[-121.93122,36.52356],[-121.93122,36.52356]],[[-121.93079,36.52356],[-121.93079,36.52356]],[[-121.93009,36.52356],[-121.93009,36.52356]],[[-121.927,36.52356],[-121.927,36.52356]],[[-121.95355,36.52345],[-121.95355,36.52345]],[[-121.95228,36.52345],[-121.95228,36.52345]],[[-121.94709,36.52345],[-121.94709,36.52345]],[[-121.93711,36.52345],[-121.93711,36.52345]],[[-121.93655,36.52345],[-121.93655,36.52345]],[[-121.93613,36.52345],[-121.93613,36.52345]],[[-121.93304,36.52345],[-121.93304,36.52345]],[[-121.93234,36.52345],[-121.93234,36.52345]],[[-121.9322,36.52345],[-121.9322,36.52345]],[[-121.9315,36.52345],[-121.9315,36.52345]],[[-121.92995,36.52345],[-121.92995,36.52345]],[[-121.92714,36.52345],[-121.92714,36.52345]],[[-121.95341,36.52334],[-121.95341,36.52334]],[[-121.95214,36.52334],[-121.95214,36.52334]],[[-121.94695,36.52334],[-121.94695,36.52334]],[[-121.94091,36.52334],[-121.94119,36.52277],[-121.94105,36.52255],[-121.94063,36.52277],[-121.94063,36.52322],[-121.94091,36.52334]],[[-121.93768,36.52334],[-121.93768,36.52334]],[[-121.9329,36.52334],[-121.9329,36.52334]],[[-121.93262,36.52334],[-121.93262,36.52334]],[[-121.92728,36.52334],[-121.92728,36.52334]],[[-121.95327,36.52322],[-121.95327,36.52322]],[[-121.952,36.52322],[-121.952,36.52322]],[[-121.94666,36.52322],[-121.94666,36.52322]],[[-121.93599,36.52322],[-121.93599,36.52322]],[[-121.92742,36.52322],[-121.92742,36.52322]],[[-121.95509,36.52311],[-121.95523,36.523],[-121.95509,36.52288],[-121.95495,36.523],[-121.95509,36.52311]],[[-121.95369,36.523],[-121.95369,36.523]],[[-121.95172,36.52311],[-121.95172,36.52311]],[[-121.94652,36.52311],[-121.94652,36.52311]],[[-121.9374,36.52311],[-121.9374,36.52311]],[[-121.93585,36.52311],[-121.93585,36.52311]],[[-121.92756,36.52311],[-121.92756,36.52311]],[[-121.95158,36.523],[-121.95158,36.523]],[[-121.94638,36.523],[-121.94638,36.523]],[[-121.93571,36.523],[-121.93557,36.52288],[-121.93571,36.523]],[[-121.93557,36.52288],[-121.93557,36.52288]],[[-121.92785,36.523],[-121.92785,36.523]],[[-121.9513,36.52288],[-121.9513,36.52288]],[[-121.94596,36.52288],[-121.94596,36.52288]],[[-121.94105,36.52288],[-121.94105,36.52288]],[[-121.93754,36.52288],[-121.93754,36.52288]],[[-121.93529,36.52288],[-121.93529,36.52288]],[[-121.93501,36.52288],[-121.93501,36.52288]],[[-121.9336,36.52288],[-121.9336,36.52288]],[[-121.92967,36.52288],[-121.92967,36.52288]],[[-121.92799,36.52288],[-121.92799,36.52288]],[[-121.95481,36.52277],[-121.95481,36.52277]],[[-121.95369,36.52277],[-121.95369,36.52277]],[[-121.95355,36.52266],[-121.95341,36.52255],[-121.95355,36.52266]],[[-121.95116,36.52277],[-121.95116,36.52277]],[[-121.93796,36.52277],[-121.93796,36.52277]],[[-121.93768,36.52277],[-121.93768,36.52277]],[[-121.92953,36.52277],[-121.92953,36.52277]],[[-121.92827,36.52277],[-121.92827,36.52277]],[[-121.95453,36.52266],[-121.95453,36.52266]],[[-121.95425,36.52266],[-121.95425,36.52266]],[[-121.95341,36.52255],[-121.95341,36.52255]],[[-121.94905,36.52266],[-121.94905,36.52266]],[[-121.94568,36.52266],[-121.94568,36.52266]],[[-121.93529,36.52255],[-121.93529,36.52255]],[[-121.93374,36.52266],[-121.93374,36.52266]],[[-121.92911,36.52266],[-121.92911,36.52266]],[[-121.92869,36.52266],[-121.92869,36.52266]],[[-121.95509,36.52255],[-121.95509,36.52255]],[[-121.95102,36.52255],[-121.95102,36.52255]],[[-121.94947,36.52255],[-121.94947,36.52255]],[[-121.94554,36.52255],[-121.94554,36.52255]],[[-121.93388,36.52255],[-121.93388,36.52255]],[[-121.94849,36.52243],[-121.94849,36.52243]],[[-121.9454,36.52243],[-121.9454,36.52243]],[[-121.93402,36.52243],[-121.93402,36.52243]],[[-121.95088,36.52232],[-121.95088,36.52232]],[[-121.94835,36.52232],[-121.94835,36.52232]],[[-121.94498,36.52232],[-121.94498,36.52232]],[[-121.93487,36.52232],[-121.93487,36.52232]],[[-121.93417,36.52232],[-121.93417,36.52232]],[[-121.95074,36.52221],[-121.95074,36.52221]],[[-121.9447,36.52221],[-121.9447,36.52221]],[[-121.9506,36.52209],[-121.9506,36.52209]],[[-121.9374,36.52209],[-121.9374,36.52209]],[[-121.93726,36.52198],[-121.93726,36.52198]],[[-121.94442,36.52198],[-121.94442,36.52198]],[[-121.94091,36.52198],[-121.94091,36.52198]],[[-121.94063,36.52198],[-121.94063,36.52198]],[[-121.95032,36.52176],[-121.95032,36.52176]],[[-121.94119,36.52176],[-121.94119,36.52176]],[[-121.94105,36.52164],[-121.94105,36.52164]],[[-121.95018,36.52164],[-121.95018,36.52164]],[[-121.9499,36.52164],[-121.9499,36.52164]],[[-121.94175,36.52164],[-121.94175,36.52164]],[[-121.94161,36.52164],[-121.94161,36.52164]],[[-121.94456,36.52153],[-121.94456,36.52153]],[[-121.94063,36.52153],[-121.94063,36.52153]],[[-121.95397,36.52142],[-121.95397,36.52142]],[[-121.94049,36.52142],[-121.94049,36.52142]],[[-121.94975,36.5213],[-121.94975,36.5213]],[[-121.94034,36.5213],[-121.94034,36.5213]],[[-121.93711,36.5213],[-121.93711,36.5213]],[[-121.93641,36.5213],[-121.93641,36.5213]],[[-121.94961,36.52119],[-121.94961,36.52119]],[[-121.94947,36.52119],[-121.94947,36.52119]],[[-121.9402,36.52119],[-121.9402,36.52119]],[[-121.93697,36.52108],[-121.93697,36.52108]],[[-121.93655,36.52108],[-121.93655,36.52108]],[[-121.94231,36.52097],[-121.94231,36.52097]],[[-121.93683,36.52097],[-121.93683,36.52097]],[[-121.94456,36.52085],[-121.94456,36.52085]],[[-121.94428,36.52085],[-121.94428,36.52085]],[[-121.944,36.52085],[-121.944,36.52085]],[[-121.94245,36.52085],[-121.94245,36.52085]],[[-121.94343,36.52074],[-121.94343,36.52074]],[[-121.94329,36.52074],[-121.94329,36.52074]],[[-121.95172,36.52051],[-121.95172,36.52051]],[[-121.93683,36.51995],[-121.93683,36.51995]],[[-121.93711,36.51984],[-121.93711,36.51984]],[[-121.93697,36.51984],[-121.93697,36.51984]],[[-121.94091,36.51972],[-121.94091,36.51972]],[[-121.95397,36.51961],[-121.95397,36.51961]],[[-121.95355,36.51961],[-121.95355,36.51961]],[[-121.95327,36.51961],[-121.95327,36.51961]],[[-121.9513,36.51961],[-121.9513,36.51961]],[[-121.94077,36.51961],[-121.94077,36.51961]],[[-121.95411,36.5195],[-121.95411,36.5195]],[[-121.95298,36.5195],[-121.95298,36.5195]],[[-121.94063,36.5195],[-121.94063,36.5195]],[[-121.93726,36.5195],[-121.93726,36.5195]],[[-121.95284,36.51939],[-121.95284,36.51939]],[[-121.95144,36.51939],[-121.95144,36.51939]],[[-121.94034,36.51939],[-121.94034,36.51939]],[[-121.95397,36.51927],[-121.95397,36.51927]],[[-121.95158,36.51927],[-121.95158,36.51927]],[[-121.9402,36.51927],[-121.9402,36.51927]],[[-121.9374,36.51927],[-121.9374,36.51927]],[[-121.95411,36.51916],[-121.95411,36.51916]],[[-121.9527,36.51916],[-121.9527,36.51916]],[[-121.94006,36.51916],[-121.94006,36.51916]],[[-121.93768,36.51916],[-121.93768,36.51916]],[[-121.95453,36.51905],[-121.95453,36.51905]],[[-121.95256,36.51905],[-121.95256,36.51905]],[[-121.95172,36.51905],[-121.95172,36.51905]],[[-121.93964,36.51905],[-121.93964,36.51905]],[[-121.93782,36.51905],[-121.93782,36.51905]],[[-121.95228,36.51893],[-121.95228,36.51893]],[[-121.95186,36.51893],[-121.95186,36.51893]],[[-121.93922,36.51893],[-121.93922,36.51893]],[[-121.93838,36.51893],[-121.93838,36.51893]],[[-121.95537,36.5186],[-121.95551,36.51848],[-121.95537,36.51826],[-121.95523,36.51848],[-121.95537,36.5186]],[[-121.95607,36.51803],[-121.95622,36.51792],[-121.95622,36.51735],[-121.95579,36.51702],[-121.95565,36.51713],[-121.95565,36.51758],[-121.95607,36.51803]],[[-121.95256,36.51803],[-121.95256,36.51803]],[[-121.95593,36.51792],[-121.95593,36.51792]],[[-121.95664,36.51769],[-121.9565,36.51758],[-121.95664,36.51747]],[[-121.95579,36.51769],[-121.95579,36.51769]],[[-121.95228,36.51735],[-121.95228,36.51735]],[[-121.95242,36.51713],[-121.95242,36.51713]],[[-121.9499,36.51668],[-121.9499,36.51668]],[[-121.9513,36.51645],[-121.9513,36.51645]],[[-121.94428,36.51318],[-121.94428,36.51318]],[[-121.94428,36.51273],[-121.94428,36.51273]],[[-121.94386,36.51273],[-121.94386,36.51273]],[[-121.94414,36.51262],[-121.94414,36.51262]],[[-121.944,36.5125],[-121.944,36.5125]],[[-121.94386,36.51239],[-121.94386,36.51239]],[[-121.94217,36.51183],[-121.94217,36.51183]],[[-121.94231,36.51171],[-121.94231,36.51171]],[[-121.94189,36.51115],[-121.94189,36.51104],[-121.94189,36.51115]],[[-121.94189,36.51104],[-121.94189,36.51104]],[[-121.94189,36.51036],[-121.94189,36.51036]],[[-121.94203,36.51013],[-121.94203,36.51013]],[[-121.94259,36.50979],[-121.94259,36.50979]],[[-121.94217,36.50912],[-121.94217,36.50912]],[[-121.94287,36.509],[-121.94301,36.50889],[-121.94287,36.50878],[-121.94273,36.50889],[-121.94287,36.509]],[[-121.94273,36.50889],[-121.94287,36.50878],[-121.94273,36.50867],[-121.94259,36.50878],[-121.94273,36.50889]],[[-121.94329,36.5081],[-121.94329,36.5081]],[[-121.94273,36.5081],[-121.94273,36.5081]],[[-121.94259,36.50799],[-121.94259,36.50799]],[[-121.94217,36.50799],[-121.94217,36.50799]],[[-121.94175,36.50799],[-121.94175,36.50799]],[[-121.94161,36.50799],[-121.94161,36.50799]],[[-121.94105,36.50799],[-121.94105,36.50799]],[[-121.94091,36.50799],[-121.94091,36.50799]],[[-121.94259,36.50697],[-121.94343,36.50765],[-121.94456,36.50731],[-121.94456,36.50754],[-121.94484,36.50776],[-121.94512,36.50754],[-121.94512,36.5072],[-121.94484,36.50697]],[[-121.94245,36.50776],[-121.94245,36.50776]],[[-121.94498,36.50765],[-121.94498,36.50765]],[[-121.94231,36.50765],[-121.94231,36.50765]],[[-121.94386,36.50754],[-121.94386,36.50754]],[[-121.94414,36.50742],[-121.94414,36.50742]],[[-121.94442,36.50731],[-121.94442,36.50731]],[[-121.94049,36.50697],[-121.94034,36.50697]],[[-121.93964,36.50697],[-121.93964,36.50697]]]},"properties":{"depth_m":150}},{"type":"Feature","geometry":{"type":"MultiLineString","coordinates":[[[-121.95467,36.56103],[-121.95411,36.56091],[-121.95383,36.56058],[-121.95355,36.5608],[-121.95327,36.5608],[-121.95298,36.56035],[-121.95256,36.56035],[-121.95214,36.56069],[-121.95186,36.56058],[-121.95172,36.56091],[-121.95144,36.56103]],[[-121.94091,36.56103],[-121.94105,36.5608],[-121.94077,36.56058],[-121.94063,36.5608],[-121.9402,36.5608],[-121.93992,36.56103]],[[-121.93894,36.56103],[-121.93908,36.56091],[-121.9395,36.56103],[-121.93964,36.5608],[-121.93978,36.56103]],[[-121.93571,36.56103],[-121.93557,36.56091],[-121.93515,36.56103],[-121.93487,36.5608],[-121.93417,36.5608],[-121.93276,36.55933],[-121.9322,36.55742],[-121.93108,36.55505],[-121.93108,36.55437],[-121.93065,36.55324],[-121.93051,36.55211],[-121.93009,36.5511],[-121.92981,36.5485],[-121.92967,36.54839],[-121.92981,36.54681],[-121.93037,36.54591],[-121.93136,36.54512],[-121.93164,36.54534],[-121.93248,36.54455],[-121.93262,36.54455],[-121.93248,36.54466],[-121.93276,36.54489],[-121.93304,36.54478],[-121.93304,36.54455],[-121.93346,36.54478],[-121.93388,36.54466],[-121.93388,36.54433],[-121.9336,36.5441],[-121.93388,36.54421],[-121.93431,36.54387],[-121.93417,36.54365],[-121.93431,36.54354],[-121.93417,36.54342],[-121.93402,36.54354],[-121.93388,36.54331],[-121.93402,36.5432],[-121.93374,36.54297],[-121.93346,36.54297],[-121.93374,36.54275],[-121.93346,36.54252],[-121.93332,36.54173],[-121.93304,36.54162],[-121.93332,36.54128],[-121.93431,36.54139],[-121.93445,36.54117],[-121.9336,36.54094],[-121.93346,36.54083],[-121.9336,36.5406],[-121.93346,36.54049],[-121.93332,36.5406],[-121.93318,36.54038],[-121.93304,36.54049],[-121.9329,36.54038],[-121.9329,36.54026],[-121.93318,36.54038],[-121.93346,36.54015],[-121.9329,36.5397],[-121.9329,36.53936],[-121.93248,36.53891],[-121.9322,36.53913],[-121.93178,36.53902],[-121.93136,36.53947],[-121.93051,36.53936],[-121.92981,36.53868],[-121.92883,36.53733],[-121.92869,36.53609],[-121.92855,36.53597],[-121.92855,36.53518],[-121.92841,36.53507],[-121.92841,36.53439],[-121.92855,36.53428],[-121.92827,36.53417],[-121.92841,36.53394],[-121.92813,36.53327],[-121.92799,36.53315],[-121.92785,36.53327],[-121.92799,36.53315],[-121.92756,36.53304],[-121.92742,36.5327],[-121.927,36.53248],[-121.927,36.53146],[-121.9263,36.5309],[-121.92574,36.52999],[-121.92574,36.5292],[-121.92602,36.52909],[-121.9263,36.52808],[-121.92588,36.52785],[-121.92574,36.52751],[-121.92588,36.52729],[-121.92532,36.52672],[-121.92532,36.52582],[-121.92546,36.52571],[-121.92546,36.52537],[-121.927,36.52356],[-121.92799,36.52288],[-121.92869,36.52266],[-121.92953,36.52277],[-121.92967,36.52288],[-121.92967,36.52334],[-121.92995,36.52345],[-121.92981,36.52356],[-121.92995,36.52367],[-121.93009,36.52356],[-121.93051,36.5239],[-121.93079,36.52356],[-121.93108,36.52367],[-121.9315,36.52345],[-121.93178,36.52367],[-121.9329,36.52334],[-121.93318,36.52401],[-121.93346,36.52367],[-121.93402,36.52356],[-121.93445,36.52401],[-121.93473,36.52401],[-121.93487,36.52367],[-121.93445,36.52334],[-121.93388,36.52322],[-121.9336,36.52288],[-121.93417,36.52232],[-121.93487,36.52232],[-121.93487,36.52266],[-121.93473,36.52277],[-121.93487,36.52288],[-121.93515,36.523],[-121.93529,36.52288],[-121.93543,36.52322],[-121.93571,36.523],[-121.93627,36.52356],[-121.93655,36.52345],[-121.93697,36.52379],[-121.93711,36.52345],[-121.9374,36.52334],[-121.93754,36.52345],[-121.93782,36.52322],[-121.93768,36.52311],[-121.9374,36.52334],[-121.9374,36.52311],[-121.93754,36.52322],[-121.93768,36.52311],[-121.93754,36.523],[-121.9374,36.52311],[-121.93754,36.52288],[-121.93768,36.52277],[-121.93782,36.52288],[-121.9381,36.52266],[-121.9374,36.52209],[-121.93768,36.52198],[-121.93754,36.52187],[-121.93697,36.52164],[-121.93669,36.52176],[-121.93641,36.5213],[-121.93683,36.52097],[-121.93726,36.52142],[-121.93782,36.5213],[-121.93782,36.52085],[-121.93754,36.5204],[-121.9374,36.52029],[-121.93726,36.5204],[-121.93683,36.51995],[-121.9374,36.51984],[-121.93726,36.5195],[-121.9374,36.51927],[-121.93838,36.51893],[-121.93922,36.51893],[-121.94006,36.51916],[-121.94091,36.51972],[-121.94006,36.52074],[-121.93992,36.52119],[-121.94006,36.5213],[-121.9402,36.52119],[-121.94063,36.52153],[-121.94049,36.52187],[-121.94077,36.52209],[-121.94091,36.52198],[-121.94105,36.52221],[-121.94133,36.52209],[-121.94119,36.52176],[-121.94245,36.52164],[-121.94231,36.5213],[-121.94231,36.52097],[-121.94245,36.52085],[-121.94343,36.52074],[-121.94414,36.52097],[-121.94456,36.52085],[-121.94456,36.5213],[-121.94442,36.52142],[-121.94456,36.52153],[-121.94428,36.52164],[-121.94442,36.52209],[-121.9454,36.52243],[-121.94582,36.52288],[-121.94638,36.523],[-121.94807,36.52401],[-121.94863,36.52367],[-121.94891,36.52379],[-121.94905,36.52367],[-121.94905,36.52322],[-121.94835,36.52255],[-121.94835,36.52232],[-121.94863,36.52266],[-121.94919,36.52277],[-121.94961,36.52266],[-121.94947,36.52255],[-121.94961,36.52243],[-121.94961,36.52142],[-121.94947,36.52119],[-121.94961,36.52119],[-121.94975,36.52153],[-121.95004,36.52176],[-121.95018,36.52164],[-121.95032,36.52198],[-121.95088,36.52232],[-121.95102,36.52266],[-121.95313,36.52413],[-121.95341,36.5239],[-121.95327,36.52322],[-121.95369,36.52367],[-121.95397,36.52356],[-121.95411,36.5239],[-121.95467,36.52435],[-121.95495,36.52413],[-121.95467,36.52379],[-121.95495,36.52367],[-121.95369,36.52277],[-121.95453,36.52266],[-121.95495,36.52288],[-121.95523,36.52232],[-121.95453,36.52187],[-121.95439,36.52198],[-121.95439,36.52176],[-121.95397,36.52153],[-121.95411,36.52119],[-121.95313,36.52063],[-121.95256,36.5204],[-121.95172,36.52051],[-121.95186,36.5204],[-121.95186,36.52006],[-121.95158,36.51972],[-121.9513,36.51972],[-121.95186,36.51893],[-121.95256,36.51905],[-121.95341,36.51972],[-121.95439,36.5195],[-121.95453,36.51939],[-121.95425,36.51916],[-121.95397,36.51939],[-121.95411,36.51916],[-121.95439,36.51916],[-121.95467,36.51893],[-121.95425,36.51792],[-121.95369,36.51747],[-121.95327,36.51747],[-121.95298,36.51769],[-121.95298,36.51814],[-121.95242,36.51814],[-121.95242,36.51792],[-121.9527,36.51814],[-121.95284,36.51803],[-121.9527,36.51781],[-121.95242,36.51792],[-121.95228,36.51758],[-121.95256,36.5169],[-121.95186,36.51645],[-121.95158,36.51668],[-121.9513,36.51645],[-121.95144,36.51623],[-121.9513,36.51611],[-121.95074,36.51657],[-121.95046,36.51702],[-121.95004,36.51713],[-121.9499,36.5169],[-121.95004,36.51634],[-121.94961,36.516],[-121.94961,36.51566],[-121.94933,36.51544],[-121.94905,36.51544],[-121.94891,36.51566],[-121.94877,36.51521],[-121.94821,36.51487],[-121.94807,36.51397],[-121.94779,36.51374],[-121.94765,36.51386],[-121.94737,36.51341],[-121.94695,36.51352],[-121.94666,36.51318],[-121.9461,36.51307],[-121.94568,36.51318],[-121.94568,36.51295],[-121.9454,36.51273],[-121.94498,36.51273],[-121.94428,36.51318],[-121.94442,36.51307],[-121.94428,36.51295],[-121.944,36.51307],[-121.94386,36.51273],[-121.944,36.5125],[-121.94456,36.51284],[-121.9447,36.5125],[-121.94414,36.51205],[-121.94372,36.51183],[-121.94329,36.51194],[-121.94315,36.51171],[-121.94217,36.51183],[-121.94245,36.5116],[-121.94245,36.51137],[-121.94217,36.51092],[-121.94231,36.51104],[-121.94245,36.51092],[-121.94231,36.51081],[-121.94217,36.51092],[-121.94217,36.5107],[-121.94189,36.51036],[-121.94203,36.51013],[-121.94259,36.51002],[-121.94273,36.50968],[-121.94231,36.50946],[-121.94217,36.50912],[-121.94273,36.509],[-121.94231,36.50844],[-121.94217,36.50867],[-121.94203,36.50833],[-121.94119,36.50844],[-121.94091,36.50799],[-121.94203,36.5081],[-121.94231,36.50788],[-121.94231,36.50765],[-121.94287,36.50821],[-121.94315,36.50821],[-121.94343,36.50788],[-121.94245,36.5072],[-121.94245,36.50697]],[[-121.95228,36.5608],[-121.95228,36.5608]],[[-121.92967,36.54737],[-121.92967,36.54737]],[[-121.92981,36.54681],[-121.92981,36.54681]],[[-121.92995,36.54658],[-121.92995,36.54658]],[[-121.93009,36.54636],[-121.93009,36.54636]],[[-121.93023,36.54613],[-121.93023,36.54613]],[[-121.93037,36.54591],[-121.93037,36.54591]],[[-121.93051,36.54579],[-121.93051,36.54579]],[[-121.93065,36.54568],[-121.93065,36.54568]],[[-121.93079,36.54557],[-121.93079,36.54557]],[[-121.93094,36.54545],[-121.93094,36.54545]],[[-121.93108,36.54534],[-121.93108,36.54534]],[[-121.93178,36.54523],[-121.93178,36.54523]],[[-121.93122,36.54523],[-121.93122,36.54523]],[[-121.93136,36.54512],[-121.93136,36.54512]],[[-121.93192,36.545],[-121.93192,36.545]],[[-121.93206,36.54489],[-121.93206,36.54489]],[[-121.93262,36.54478],[-121.93262,36.54478]],[[-121.9322,36.54478],[-121.9322,36.54478]],[[-121.93332,36.54466],[-121.93332,36.54466]],[[-121.93234,36.54466],[-121.93234,36.54466]],[[-121.93304,36.54455],[-121.93304,36.54455]],[[-121.93262,36.54455],[-121.93262,36.54455]],[[-121.93248,36.54455],[-121.93248,36.54455]],[[-121.93402,36.5441],[-121.93402,36.5441]],[[-121.93374,36.5441],[-121.93374,36.5441]],[[-121.9336,36.5441],[-121.9336,36.5441]],[[-121.93417,36.54399],[-121.93417,36.54399]],[[-121.93417,36.54365],[-121.93417,36.54365]],[[-121.93445,36.54354],[-121.93473,36.54331],[-121.93431,36.54308],[-121.93417,36.54331],[-121.93445,36.54354]],[[-121.93459,36.54342],[-121.93459,36.54342]],[[-121.93431,36.54342],[-121.93431,36.54342]],[[-121.93388,36.54331],[-121.93388,36.54331]],[[-121.93346,36.54286],[-121.93346,36.54286]],[[-121.93304,36.54162],[-121.93304,36.54162]],[[-121.93318,36.5415],[-121.93318,36.5415]],[[-121.9336,36.54128],[-121.9336,36.54128]],[[-121.93332,36.54128],[-121.93332,36.54128]],[[-121.93346,36.54071],[-121.93346,36.54071]],[[-121.93445,36.54049],[-121.93459,36.54038],[-121.93445,36.54026],[-121.93431,36.54038],[-121.93445,36.54049]],[[-121.93332,36.54026],[-121.93332,36.54026]],[[-121.93304,36.54026],[-121.93304,36.54026]],[[-121.9329,36.54026],[-121.9329,36.54026]],[[-121.95664,36.52929],[-121.95593,36.52944],[-121.95467,36.52913],[-121.95445,36.52932],[-121.95436,36.52977],[-121.95411,36.52996],[-121.95355,36.5298],[-121.95284,36.52992],[-121.95214,36.53054],[-121.95158,36.53059],[-121.95104,36.5309],[-121.95087,36.53169],[-121.95062,36.53191],[-121.94961,36.53218],[-121.94896,36.53203],[-121.94821,36.53159],[-121.94723,36.53162],[-121.94666,36.53142],[-121.9461,36.5309],[-121.94554,36.53069],[-121.94512,36.52999],[-121.94372,36.52903],[-121.94339,36.5292],[-121.94325,36.53078],[-121.94301,36.53103],[-121.94077,36.53068],[-121.9402,36.5302],[-121.93978,36.53044],[-121.93936,36.53046],[-121.93768,36.53002],[-121.93487,36.52863],[-121.93459,36.52858],[-121.93428,36.52898],[-121.9355,36.52988],[-121.93585,36.53082],[-121.93644,36.53101],[-121.93641,36.53183],[-121.93711,36.53154],[-121.93754,36.53158],[-121.9381,36.53197],[-121.9388,36.53204],[-121.93964,36.53256],[-121.94049,36.53281],[-121.94091,36.53315],[-121.94297,36.53394],[-121.94329,36.53476],[-121.94414,36.53522],[-121.94484,36.53537],[-121.94515,36.53564],[-121.94512,36.53609],[-121.94423,36.53676],[-121.94526,36.5372],[-121.94554,36.53779],[-121.94624,36.53779],[-121.9472,36.53812],[-121.94793,36.53869],[-121.94835,36.5388],[-121.94905,36.53952],[-121.94933,36.53961],[-121.94956,36.53947],[-121.95002,36.53868],[-121.95046,36.53833],[-121.95242,36.53847],[-121.95305,36.53801],[-121.95397,36.53798],[-121.95439,36.53776],[-121.95565,36.53817],[-121.95648,36.53891],[-121.95664,36.53953]],[[-121.95593,36.53846],[-121.95593,36.53846]],[[-121.94456,36.53643],[-121.94456,36.53643]],[[-121.92841,36.53439],[-121.92841,36.53439]],[[-121.92827,36.53417],[-121.92827,36.53417]],[[-121.92785,36.53327],[-121.92785,36.53327]],[[-121.94709,36.53157],[-121.94709,36.53157]],[[-121.93992,36.53033],[-121.93992,36.53033]],[[-121.9527,36.52999],[-121.9527,36.52999]],[[-121.94512,36.52999],[-121.94512,36.52999]],[[-121.94498,36.52988],[-121.94498,36.52988]],[[-121.94484,36.52977],[-121.94484,36.52977]],[[-121.92574,36.5292],[-121.92574,36.5292]],[[-121.93515,36.52875],[-121.93515,36.52875]],[[-121.92602,36.52875],[-121.92602,36.52875]],[[-121.92616,36.5283],[-121.92616,36.5283]],[[-121.92574,36.52751],[-121.92574,36.52751]],[[-121.92532,36.52582],[-121.92532,36.52582]],[[-121.92546,36.52537],[-121.92546,36.52537]],[[-121.9256,36.52525],[-121.9256,36.52525]],[[-121.92574,36.52503],[-121.92574,36.52503]],[[-121.92588,36.52492],[-121.92588,36.52492]],[[-121.92602,36.52469],[-121.92602,36.52469]],[[-121.92616,36.52458],[-121.92616,36.52458]],[[-121.94709,36.52446],[-121.94723,36.52424],[-121.94695,36.52413],[-121.94681,36.52424],[-121.94709,36.52446]],[[-121.9263,36.52446],[-121.9263,36.52446]],[[-121.94695,36.52435],[-121.94695,36.52435]],[[-121.95481,36.52424],[-121.95481,36.52424]],[[-121.95453,36.52424],[-121.95453,36.52424]],[[-121.92644,36.52424],[-121.92644,36.52424]],[[-121.95439,36.52413],[-121.95439,36.52413]],[[-121.92658,36.52413],[-121.92658,36.52413]],[[-121.95425,36.52401],[-121.95425,36.52401]],[[-121.95327,36.52401],[-121.95327,36.52401]],[[-121.95298,36.52401],[-121.95298,36.52401]],[[-121.94695,36.52401],[-121.94709,36.5239],[-121.94695,36.52379],[-121.94681,36.5239],[-121.94695,36.52401]],[[-121.95284,36.5239],[-121.95284,36.5239]],[[-121.94821,36.5239],[-121.94821,36.5239]],[[-121.94793,36.5239],[-121.94793,36.5239]],[[-121.93431,36.5239],[-121.93431,36.5239]],[[-121.92672,36.5239],[-121.92672,36.5239]],[[-121.95467,36.52379],[-121.95467,36.52379]],[[-121.95411,36.52379],[-121.95411,36.52379]],[[-121.9527,36.52379],[-121.9527,36.52379]],[[-121.94849,36.52379],[-121.94849,36.52379]],[[-121.94765,36.52379],[-121.94765,36.52379]],[[-121.93417,36.52379],[-121.93417,36.52379]],[[-121.93332,36.52379],[-121.93332,36.52379]],[[-121.93037,36.52379],[-121.93037,36.52379]],[[-121.92686,36.52379],[-121.92686,36.52379]],[[-121.95327,36.52367],[-121.95327,36.52367]],[[-121.95256,36.52367],[-121.95256,36.52367]],[[-121.94877,36.52367],[-121.94877,36.52367]],[[-121.94863,36.52367],[-121.94863,36.52367]],[[-121.94737,36.52367],[-121.94737,36.52367]],[[-121.93669,36.52367],[-121.93669,36.52367]],[[-121.93346,36.52367],[-121.93346,36.52367]],[[-121.93065,36.52367],[-121.93065,36.52367]],[[-121.93023,36.52367],[-121.93023,36.52367]],[[-121.95397,36.52356],[-121.95397,36.52356]],[[-121.95383,36.52345],[-121.95383,36.52345]],[[-121.95242,36.52356],[-121.95242,36.52356]],[[-121.94723,36.52356],[-121.94723,36.52356]],[[-121.93402,36.52356],[-121.93402,36.52356]],[[-121.93388,36.52356],[-121.93388,36.52356]],[[-121.93192,36.52356],[-121.93192,36.52356]],[[-121.93164,36.52356],[-121.93164,36.52356]],[[-121.93122,36.52356],[-121.93122,36.52356]],[[-121.93079,36.52356],[-121.93079,36.52356]],[[-121.93009,36.52356],[-121.93009,36.52356]],[[-121.927,36.52356],[-121.927,36.52356]],[[-121.95355,36.52345],[-121.95355,36.52345]],[[-121.95228,36.52345],[-121.95228,36.52345]],[[-121.94709,36.52345],[-121.94709,36.52345]],[[-121.93711,36.52345],[-121.93711,36.52345]],[[-121.93655,36.52345],[-121.93655,36.52345]],[[-121.93613,36.52345],[-121.93613,36.52345]],[[-121.93304,36.52345],[-121.93304,36.52345]],[[-121.93234,36.52345],[-121.93234,36.52345]],[[-121.9322,36.52345],[-121.9322,36.52345]],[[-121.9315,36.52345],[-121.9315,36.52345]],[[-121.92995,36.52345],[-121.92995,36.52345]],[[-121.92714,36.52345],[-121.92714,36.52345]],[[-121.95341,36.52334],[-121.95341,36.52334]],[[-121.95214,36.52334],[-121.95214,36.52334]],[[-121.94695,36.52334],[-121.94695,36.52334]],[[-121.94091,36.52334],[-121.94119,36.52277],[-121.94105,36.52255],[-121.94063,36.52277],[-121.94063,36.52322],[-121.94091,36.52334]],[[-121.93768,36.52334],[-121.93768,36.52334]],[[-121.9329,36.52334],[-121.9329,36.52334]],[[-121.93262,36.52334],[-121.93262,36.52334]],[[-121.92728,36.52334],[-121.92728,36.52334]],[[-121.95327,36.52322],[-121.95327,36.52322]],[[-121.952,36.52322],[-121.952,36.52322]],[[-121.94666,36.52322],[-121.94666,36.52322]],[[-121.93599,36.52322],[-121.93599,36.52322]],[[-121.92742,36.52322],[-121.92742,36.52322]],[[-121.95509,36.52311],[-121.95523,36.523],[-121.95509,36.52288],[-121.95495,36.523],[-121.95509,36.52311]],[[-121.95369,36.523],[-121.95369,36.523]],[[-121.95172,36.52311],[-121.95172,36.52311]],[[-121.94652,36.52311],[-121.94652,36.52311]],[[-121.9374,36.52311],[-121.9374,36.52311]],[[-121.93585,36.52311],[-121.93585,36.52311]],[[-121.92756,36.52311],[-121.92756,36.52311]],[[-121.95158,36.523],[-121.95158,36.523]],[[-121.94638,36.523],[-121.94638,36.523]],[[-121.93571,36.523],[-121.93557,36.52288],[-121.93571,36.523]],[[-121.93557,36.52288],[-121.93557,36.52288]],[[-121.92785,36.523],[-121.92785,36.523]],[[-121.9513,36.52288],[-121.9513,36.52288]],[[-121.94596,36.52288],[-121.94596,36.52288]],[[-121.94105,36.52288],[-121.94105,36.52288]],[[-121.93754,36.52288],[-121.93754,36.52288]],[[-121.93529,36.52288],[-121.93529,36.52288]],[[-121.93501,36.52288],[-121.93501,36.52288]],[[-121.9336,36.52288],[-121.9336,36.52288]],[[-121.92967,36.52288],[-121.92967,36.52288]],[[-121.92799,36.52288],[-121.92799,36.52288]],[[-121.95481,36.52277],[-121.95481,36.52277]],[[-121.95369,36.52277],[-121.95369,36.52277]],[[-121.95355,36.52266],[-121.95341,36.52255],[-121.95355,36.52266]],[[-121.95116,36.52277],[-121.95116,36.52277]],[[-121.93796,36.52277],[-121.93796,36.52277]],[[-121.93768,36.52277],[-121.93768,36.52277]],[[-121.92953,36.52277],[-121.92953,36.52277]],[[-121.92827,36.52277],[-121.92827,36.52277]],[[-121.95453,36.52266],[-121.95453,36.52266]],[[-121.95425,36.52266],[-121.95425,36.52266]],[[-121.95341,36.52255],[-121.95341,36.52255]],[[-121.94905,36.52266],[-121.94905,36.52266]],[[-121.94568,36.52266],[-121.94568,36.52266]],[[-121.93529,36.52255],[-121.93529,36.52255]],[[-121.93374,36.52266],[-121.93374,36.52266]],[[-121.92911,36.52266],[-121.92911,36.52266]],[[-121.92869,36.52266],[-121.92869,36.52266]],[[-121.95509,36.52255],[-121.95509,36.52255]],[[-121.95102,36.52255],[-121.95102,36.52255]],[[-121.94947,36.52255],[-121.94947,36.52255]],[[-121.94554,36.52255],[-121.94554,36.52255]],[[-121.93388,36.52255],[-121.93388,36.52255]],[[-121.94849,36.52243],[-121.94849,36.52243]],[[-121.9454,36.52243],[-121.9454,36.52243]],[[-121.93402,36.52243],[-121.93402,36.52243]],[[-121.95088,36.52232],[-121.95088,36.52232]],[[-121.94835,36.52232],[-121.94835,36.52232]],[[-121.94498,36.52232],[-121.94498,36.52232]],[[-121.93487,36.52232],[-121.93487,36.52232]],[[-121.93417,36.52232],[-121.93417,36.52232]],[[-121.95074,36.52221],[-121.95074,36.52221]],[[-121.9447,36.52221],[-121.9447,36.52221]],[[-121.9506,36.52209],[-121.9506,36.52209]],[[-121.9374,36.52209],[-121.9374,36.52209]],[[-121.93726,36.52198],[-121.93726,36.52198]],[[-121.94442,36.52198],[-121.94442,36.52198]],[[-121.94091,36.52198],[-121.94091,36.52198]],[[-121.94063,36.52198],[-121.94063,36.52198]],[[-121.95032,36.52176],[-121.95032,36.52176]],[[-121.94119,36.52176],[-121.94119,36.52176]],[[-121.94105,36.52164],[-121.94105,36.52164]],[[-121.95018,36.52164],[-121.95018,36.52164]],[[-121.9499,36.52164],[-121.9499,36.52164]],[[-121.94175,36.52164],[-121.94175,36.52164]],[[-121.94161,36.52164],[-121.94161,36.52164]],[[-121.94456,36.52153],[-121.94456,36.52153]],[[-121.94063,36.52153],[-121.94063,36.52153]],[[-121.95397,36.52142],[-121.95397,36.52142]],[[-121.94049,36.52142],[-121.94049,36.52142]],[[-121.94975,36.5213],[-121.94975,36.5213]],[[-121.94034,36.5213],[-121.94034,36.5213]],[[-121.93711,36.5213],[-121.93711,36.5213]],[[-121.93641,36.5213],[-121.93641,36.5213]],[[-121.94961,36.52119],[-121.94961,36.52119]],[[-121.94947,36.52119],[-121.94947,36.52119]],[[-121.9402,36.52119],[-121.9402,36.52119]],[[-121.93697,36.52108],[-121.93697,36.52108]],[[-121.93655,36.52108],[-121.93655,36.52108]],[[-121.94231,36.52097],[-121.94231,36.52097]],[[-121.93683,36.52097],[-121.93683,36.52097]],[[-121.94456,36.52085],[-121.94456,36.52085]],[[-121.94428,36.52085],[-121.94428,36.52085]],[[-121.944,36.52085],[-121.944,36.52085]],[[-121.94245,36.52085],[-121.94245,36.52085]],[[-121.94343,36.52074],[-121.94343,36.52074]],[[-121.94329,36.52074],[-121.94329,36.52074]],[[-121.95172,36.52051],[-121.95172,36.52051]],[[-121.93683,36.51995],[-121.93683,36.51995]],[[-121.93711,36.51984],[-121.93711,36.51984]],[[-121.93697,36.51984],[-121.93697,36.51984]],[[-121.94091,36.51972],[-121.94091,36.51972]],[[-121.95397,36.51961],[-121.95397,36.51961]],[[-121.95355,36.51961],[-121.95355,36.51961]],[[-121.95327,36.51961],[-121.95327,36.51961]],[[-121.9513,36.51961],[-121.9513,36.51961]],[[-121.94077,36.51961],[-121.94077,36.51961]],[[-121.95411,36.5195],[-121.95411,36.5195]],[[-121.95298,36.5195],[-121.95298,36.5195]],[[-121.94063,36.5195],[-121.94063,36.5195]],[[-121.93726,36.5195],[-121.93726,36.5195]],[[-121.95284,36.51939],[-121.95284,36.51939]],[[-121.95144,36.51939],[-121.95144,36.51939]],[[-121.94034,36.51939],[-121.94034,36.51939]],[[-121.95397,36.51927],[-121.95397,36.51927]],[[-121.95158,36.51927],[-121.95158,36.51927]],[[-121.9402,36.51927],[-121.9402,36.51927]],[[-121.9374,36.51927],[-121.9374,36.51927]],[[-121.95411,36.51916],[-121.95411,36.51916]],[[-121.9527,36.51916],[-121.9527,36.51916]],[[-121.94006,36.51916],[-121.94006,36.51916]],[[-121.93768,36.51916],[-121.93768,36.51916]],[[-121.95453,36.51905],[-121.95453,36.51905]],[[-121.95256,36.51905],[-121.95256,36.51905]],[[-121.95172,36.51905],[-121.95172,36.51905]],[[-121.93964,36.51905],[-121.93964,36.51905]],[[-121.93782,36.51905],[-121.93782,36.51905]],[[-121.95228,36.51893],[-121.95228,36.51893]],[[-121.95186,36.51893],[-121.95186,36.51893]],[[-121.93922,36.51893],[-121.93922,36.51893]],[[-121.93838,36.51893],[-121.93838,36.51893]],[[-121.95537,36.5186],[-121.95551,36.51848],[-121.95537,36.51826],[-121.95523,36.51848],[-121.95537,36.5186]],[[-121.95607,36.51803],[-121.95622,36.51792],[-121.95622,36.51735],[-121.95579,36.51702],[-121.95565,36.51713],[-121.95565,36.51758],[-121.95607,36.51803]],[[-121.95256,36.51803],[-121.95256,36.51803]],[[-121.95593,36.51792],[-121.95593,36.51792]],[[-121.95664,36.51769],[-121.9565,36.51758],[-121.95664,36.51747]],[[-121.95579,36.51769],[-121.95579,36.51769]],[[-121.95228,36.51735],[-121.95228,36.51735]],[[-121.95242,36.51713],[-121.95242,36.51713]],[[-121.9499,36.51668],[-121.9499,36.51668]],[[-121.9513,36.51645],[-121.9513,36.51645]],[[-121.94428,36.51318],[-121.94428,36.51318]],[[-121.94428,36.51273],[-121.94428,36.51273]],[[-121.94386,36.51273],[-121.94386,36.51273]],[[-121.94414,36.51262],[-121.94414,36.51262]],[[-121.944,36.5125],[-121.944,36.5125]],[[-121.94386,36.51239],[-121.94386,36.51239]],[[-121.94217,36.51183],[-121.94217,36.51183]],[[-121.94231,36.51171],[-121.94231,36.51171]],[[-121.94189,36.51115],[-121.94189,36.51104],[-121.94189,36.51115]],[[-121.94189,36.51104],[-121.94189,36.51104]],[[-121.94189,36.51036],[-121.94189,36.51036]],[[-121.94203,36.51013],[-121.94203,36.51013]],[[-121.94259,36.50979],[-121.94259,36.50979]],[[-121.94217,36.50912],[-121.94217,36.50912]],[[-121.94287,36.509],[-121.94301,36.50889],[-121.94287,36.50878],[-121.94273,36.50889],[-121.94287,36.509]],[[-121.94273,36.50889],[-121.94287,36.50878],[-121.94273,36.50867],[-121.94259,36.50878],[-121.94273,36.50889]],[[-121.94329,36.5081],[-121.94329,36.5081]],[[-121.94273,36.5081],[-121.94273,36.5081]],[[-121.94259,36.50799],[-121.94259,36.50799]],[[-121.94217,36.50799],[-121.94217,36.50799]],[[-121.94175,36.50799],[-121.94175,36.50799]],[[-121.94161,36.50799],[-121.94161,36.50799]],[[-121.94105,36.50799],[-121.94105,36.50799]],[[-121.94091,36.50799],[-121.94091,36.50799]],[[-121.94259,36.50697],[-121.94343,36.50765],[-121.94456,36.50731],[-121.94456,36.50754],[-121.94484,36.50776],[-121.94512,36.50754],[-121.94512,36.5072],[-121.94484,36.50697]],[[-121.94245,36.50776],[-121.94245,36.50776]],[[-121.94498,36.50765],[-121.94498,36.50765]],[[-121.94231,36.50765],[-121.94231,36.50765]],[[-121.94386,36.50754],[-121.94386,36.50754]],[[-121.94414,36.50742],[-121.94414,36.50742]],[[-121.94442,36.50731],[-121.94442,36.50731]],[[-121.94049,36.50697],[-121.94034,36.50697]],[[-121.93964,36.50697],[-121.93964,36.50697]]]},"properties":{"depth_m":175}},{"type":"Feature","geometry":{"type":"MultiLineString","coordinates":[[[-121.95467,36.56103],[-121.95411,36.56091],[-121.95383,36.56058],[-121.95355,36.5608],[-121.95327,36.5608],[-121.95298,36.56035],[-121.95256,36.56035],[-121.95214,36.56069],[-121.95186,36.56058],[-121.95172,36.56091],[-121.95144,36.56103]],[[-121.94091,36.56103],[-121.94105,36.5608],[-121.94077,36.56058],[-121.94063,36.5608],[-121.9402,36.5608],[-121.93992,36.56103]],[[-121.93894,36.56103],[-121.93908,36.56091],[-121.9395,36.56103],[-121.93964,36.5608],[-121.93978,36.56103]],[[-121.93571,36.56103],[-121.93557,36.56091],[-121.93515,36.56103],[-121.93487,36.5608],[-121.93417,36.5608],[-121.93276,36.55933],[-121.9322,36.55742],[-121.93108,36.55505],[-121.93108,36.55437],[-121.93065,36.55324],[-121.93051,36.55211],[-121.93009,36.5511],[-121.92981,36.5485],[-121.92967,36.54839],[-121.92981,36.54681],[-121.93037,36.54591],[-121.93136,36.54512],[-121.93164,36.54534],[-121.93248,36.54455],[-121.93262,36.54455],[-121.93248,36.54466],[-121.93276,36.54489],[-121.93304,36.54478],[-121.93304,36.54455],[-121.93346,36.54478],[-121.93388,36.54466],[-121.93388,36.54433],[-121.9336,36.5441],[-121.93388,36.54421],[-121.93431,36.54387],[-121.93417,36.54365],[-121.93431,36.54354],[-121.93417,36.54342],[-121.93402,36.54354],[-121.93388,36.54331],[-121.93402,36.5432],[-121.93374,36.54297],[-121.93346,36.54297],[-121.93374,36.54275],[-121.93346,36.54252],[-121.93332,36.54173],[-121.93304,36.54162],[-121.93332,36.54128],[-121.93431,36.54139],[-121.93445,36.54117],[-121.9336,36.54094],[-121.93346,36.54083],[-121.9336,36.5406],[-121.93346,36.54049],[-121.93332,36.5406],[-121.93318,36.54038],[-121.93304,36.54049],[-121.9329,36.54038],[-121.9329,36.54026],[-121.93318,36.54038],[-121.93346,36.54015],[-121.9329,36.5397],[-121.9329,36.53936],[-121.93248,36.53891],[-121.9322,36.53913],[-121.93178,36.53902],[-121.93136,36.53947],[-121.93051,36.53936],[-121.92981,36.53868],[-121.92883,36.53733],[-121.92869,36.53609],[-121.92855,36.53597],[-121.92855,36.53518],[-121.92841,36.53507],[-121.92841,36.53439],[-121.92855,36.53428],[-121.92827,36.53417],[-121.92841,36.53394],[-121.92813,36.53327],[-121.92799,36.53315],[-121.92785,36.53327],[-121.92799,36.53315],[-121.92756,36.53304],[-121.92742,36.5327],[-121.927,36.53248],[-121.927,36.53146],[-121.9263,36.5309],[-121.92574,36.52999],[-121.92574,36.5292],[-121.92602,36.52909],[-121.9263,36.52808],[-121.92588,36.52785],[-121.92574,36.52751],[-121.92588,36.52729],[-121.92532,36.52672],[-121.92532,36.52582],[-121.92546,36.52571],[-121.92546,36.52537],[-121.927,36.52356],[-121.92799,36.52288],[-121.92869,36.52266],[-121.92953,36.52277],[-121.92967,36.52288],[-121.92967,36.52334],[-121.92995,36.52345],[-121.92981,36.52356],[-121.92995,36.52367],[-121.93009,36.52356],[-121.93051,36.5239],[-121.93079,36.52356],[-121.93108,36.52367],[-121.9315,36.52345],[-121.93178,36.52367],[-121.9329,36.52334],[-121.93318,36.52401],[-121.93346,36.52367],[-121.93402,36.52356],[-121.93445,36.52401],[-121.93473,36.52401],[-121.93487,36.52367],[-121.93445,36.52334],[-121.93388,36.52322],[-121.9336,36.52288],[-121.93417,36.52232],[-121.93487,36.52232],[-121.93487,36.52266],[-121.93473,36.52277],[-121.93487,36.52288],[-121.93515,36.523],[-121.93529,36.52288],[-121.93543,36.52322],[-121.93571,36.523],[-121.93627,36.52356],[-121.93655,36.52345],[-121.93697,36.52379],[-121.93711,36.52345],[-121.9374,36.52334],[-121.93754,36.52345],[-121.93782,36.52322],[-121.93768,36.52311],[-121.9374,36.52334],[-121.9374,36.52311],[-121.93754,36.52322],[-121.93768,36.52311],[-121.93754,36.523],[-121.9374,36.52311],[-121.93754,36.52288],[-121.93768,36.52277],[-121.93782,36.52288],[-121.9381,36.52266],[-121.9374,36.52209],[-121.93768,36.52198],[-121.93754,36.52187],[-121.93697,36.52164],[-121.93669,36.52176],[-121.93641,36.5213],[-121.93683,36.52097],[-121.93726,36.52142],[-121.93782,36.5213],[-121.93782,36.52085],[-121.93754,36.5204],[-121.9374,36.52029],[-121.93726,36.5204],[-121.93683,36.51995],[-121.9374,36.51984],[-121.93726,36.5195],[-121.9374,36.51927],[-121.93838,36.51893],[-121.93922,36.51893],[-121.94006,36.51916],[-121.94091,36.51972],[-121.94006,36.52074],[-121.93992,36.52119],[-121.94006,36.5213],[-121.9402,36.52119],[-121.94063,36.52153],[-121.94049,36.52187],[-121.94077,36.52209],[-121.94091,36.52198],[-121.94105,36.52221],[-121.94133,36.52209],[-121.94119,36.52176],[-121.94245,36.52164],[-121.94231,36.5213],[-121.94231,36.52097],[-121.94245,36.52085],[-121.94343,36.52074],[-121.94414,36.52097],[-121.94456,36.52085],[-121.94456,36.5213],[-121.94442,36.52142],[-121.94456,36.52153],[-121.94428,36.52164],[-121.94442,36.52209],[-121.9454,36.52243],[-121.94582,36.52288],[-121.94638,36.523],[-121.94807,36.52401],[-121.94863,36.52367],[-121.94891,36.52379],[-121.94905,36.52367],[-121.94905,36.52322],[-121.94835,36.52255],[-121.94835,36.52232],[-121.94863,36.52266],[-121.94919,36.52277],[-121.94961,36.52266],[-121.94947,36.52255],[-121.94961,36.52243],[-121.94961,36.52142],[-121.94947,36.52119],[-121.94961,36.52119],[-121.94975,36.52153],[-121.95004,36.52176],[-121.95018,36.52164],[-121.95032,36.52198],[-121.95088,36.52232],[-121.95102,36.52266],[-121.95313,36.52413],[-121.95341,36.5239],[-121.95327,36.52322],[-121.95369,36.52367],[-121.95397,36.52356],[-121.95411,36.5239],[-121.95467,36.52435],[-121.95495,36.52413],[-121.95467,36.52379],[-121.95495,36.52367],[-121.95369,36.52277],[-121.95453,36.52266],[-121.95495,36.52288],[-121.95523,36.52232],[-121.95453,36.52187],[-121.95439,36.52198],[-121.95439,36.52176],[-121.95397,36.52153],[-121.95411,36.52119],[-121.95313,36.52063],[-121.95256,36.5204],[-121.95172,36.52051],[-121.95186,36.5204],[-121.95186,36.52006],[-121.95158,36.51972],[-121.9513,36.51972],[-121.95186,36.51893],[-121.95256,36.51905],[-121.95341,36.51972],[-121.95439,36.5195],[-121.95453,36.51939],[-121.95425,36.51916],[-121.95397,36.51939],[-121.95411,36.51916],[-121.95439,36.51916],[-121.95467,36.51893],[-121.95425,36.51792],[-121.95369,36.51747],[-121.95327,36.51747],[-121.95298,36.51769],[-121.95298,36.51814],[-121.95242,36.51814],[-121.95242,36.51792],[-121.9527,36.51814],[-121.95284,36.51803],[-121.9527,36.51781],[-121.95242,36.51792],[-121.95228,36.51758],[-121.95256,36.5169],[-121.95186,36.51645],[-121.95158,36.51668],[-121.9513,36.51645],[-121.95144,36.51623],[-121.9513,36.51611],[-121.95074,36.51657],[-121.95046,36.51702],[-121.95004,36.51713],[-121.9499,36.5169],[-121.95004,36.51634],[-121.94961,36.516],[-121.94961,36.51566],[-121.94933,36.51544],[-121.94905,36.51544],[-121.94891,36.51566],[-121.94877,36.51521],[-121.94821,36.51487],[-121.94807,36.51397],[-121.94779,36.51374],[-121.94765,36.51386],[-121.94737,36.51341],[-121.94695,36.51352],[-121.94666,36.51318],[-121.9461,36.51307],[-121.94568,36.51318],[-121.94568,36.51295],[-121.9454,36.51273],[-121.94498,36.51273],[-121.94428,36.51318],[-121.94442,36.51307],[-121.94428,36.51295],[-121.944,36.51307],[-121.94386,36.51273],[-121.944,36.5125],[-121.94456,36.51284],[-121.9447,36.5125],[-121.94414,36.51205],[-121.94372,36.51183],[-121.94329,36.51194],[-121.94315,36.51171],[-121.94217,36.51183],[-121.94245,36.5116],[-121.94245,36.51137],[-121.94217,36.51092],[-121.94231,36.51104],[-121.94245,36.51092],[-121.94231,36.51081],[-121.94217,36.51092],[-121.94217,36.5107],[-121.94189,36.51036],[-121.94203,36.51013],[-121.94259,36.51002],[-121.94273,36.50968],[-121.94231,36.50946],[-121.94217,36.50912],[-121.94273,36.509],[-121.94231,36.50844],[-121.94217,36.50867],[-121.94203,36.50833],[-121.94119,36.50844],[-121.94091,36.50799],[-121.94203,36.5081],[-121.94231,36.50788],[-121.94231,36.50765],[-121.94287,36.50821],[-121.94315,36.50821],[-121.94343,36.50788],[-121.94245,36.5072],[-121.94245,36.50697]],[[-121.95228,36.5608],[-121.95228,36.5608]],[[-121.92967,36.54737],[-121.92967,36.54737]],[[-121.92981,36.54681],[-121.92981,36.54681]],[[-121.92995,36.54658],[-121.92995,36.54658]],[[-121.93009,36.54636],[-121.93009,36.54636]],[[-121.93023,36.54613],[-121.93023,36.54613]],[[-121.93037,36.54591],[-121.93037,36.54591]],[[-121.93051,36.54579],[-121.93051,36.54579]],[[-121.93065,36.54568],[-121.93065,36.54568]],[[-121.93079,36.54557],[-121.93079,36.54557]],[[-121.93094,36.54545],[-121.93094,36.54545]],[[-121.93108,36.54534],[-121.93108,36.54534]],[[-121.93178,36.54523],[-121.93178,36.54523]],[[-121.93122,36.54523],[-121.93122,36.54523]],[[-121.93136,36.54512],[-121.93136,36.54512]],[[-121.93192,36.545],[-121.93192,36.545]],[[-121.93206,36.54489],[-121.93206,36.54489]],[[-121.93262,36.54478],[-121.93262,36.54478]],[[-121.9322,36.54478],[-121.9322,36.54478]],[[-121.93332,36.54466],[-121.93332,36.54466]],[[-121.93234,36.54466],[-121.93234,36.54466]],[[-121.93304,36.54455],[-121.93304,36.54455]],[[-121.93262,36.54455],[-121.93262,36.54455]],[[-121.93248,36.54455],[-121.93248,36.54455]],[[-121.93402,36.5441],[-121.93402,36.5441]],[[-121.93374,36.5441],[-121.93374,36.5441]],[[-121.9336,36.5441],[-121.9336,36.5441]],[[-121.93417,36.54399],[-121.93417,36.54399]],[[-121.93417,36.54365],[-121.93417,36.54365]],[[-121.93445,36.54354],[-121.93473,36.54331],[-121.93431,36.54308],[-121.93417,36.54331],[-121.93445,36.54354]],[[-121.93459,36.54342],[-121.93459,36.54342]],[[-121.93431,36.54342],[-121.93431,36.54342]],[[-121.93388,36.54331],[-121.93388,36.54331]],[[-121.93346,36.54286],[-121.93346,36.54286]],[[-121.93304,36.54162],[-121.93304,36.54162]],[[-121.93318,36.5415],[-121.93318,36.5415]],[[-121.9336,36.54128],[-121.9336,36.54128]],[[-121.93332,36.54128],[-121.93332,36.54128]],[[-121.93346,36.54071],[-121.93346,36.54071]],[[-121.93445,36.54049],[-121.93459,36.54038],[-121.93445,36.54026],[-121.93431,36.54038],[-121.93445,36.54049]],[[-121.93332,36.54026],[-121.93332,36.54026]],[[-121.93304,36.54026],[-121.93304,36.54026]],[[-121.9329,36.54026],[-121.9329,36.54026]],[[-121.95664,36.52955],[-121.95518,36.52954],[-121.9549,36.53033],[-121.95467,36.53055],[-121.95327,36.53032],[-121.95256,36.53119],[-121.95186,36.53131],[-121.95102,36.53208],[-121.9499,36.53247],[-121.94854,36.53214],[-121.94821,36.5319],[-121.94709,36.53183],[-121.94652,36.53162],[-121.94596,36.53117],[-121.94554,36.53107],[-121.944,36.52968],[-121.94371,36.52977],[-121.94355,36.53112],[-121.94329,36.53135],[-121.94217,36.53123],[-121.94175,36.53102],[-121.94119,36.5311],[-121.94006,36.53054],[-121.93978,36.53071],[-121.93922,36.5307],[-121.93754,36.5303],[-121.93655,36.52967],[-121.93585,36.5295],[-121.93569,36.52966],[-121.93605,36.52999],[-121.93614,36.53045],[-121.93677,36.5309],[-121.93683,36.53131],[-121.9374,36.53133],[-121.9381,36.53178],[-121.9388,36.5319],[-121.94049,36.53259],[-121.94105,36.53303],[-121.94329,36.53381],[-121.94345,36.53394],[-121.94345,36.53451],[-121.94359,36.53462],[-121.94527,36.53518],[-121.9459,36.53609],[-121.94502,36.53665],[-121.94585,36.53744],[-121.9473,36.53789],[-121.94779,36.53831],[-121.94821,36.53834],[-121.94919,36.53913],[-121.94947,36.539],[-121.94972,36.53846],[-121.95032,36.538],[-121.95144,36.53824],[-121.95228,36.53818],[-121.95284,36.53775],[-121.95369,36.5377],[-121.95411,36.53744],[-121.95509,36.53761],[-121.95606,36.53801],[-121.95664,36.53862]],[[-121.95242,36.53812],[-121.95242,36.53812]],[[-121.95256,36.53801],[-121.95256,36.53801]],[[-121.92841,36.53439],[-121.92841,36.53439]],[[-121.92827,36.53417],[-121.92827,36.53417]],[[-121.92785,36.53327],[-121.92785,36.53327]],[[-121.95032,36.53236],[-121.95032,36.53236]],[[-121.94189,36.53112],[-121.94189,36.53112]],[[-121.94456,36.53011],[-121.94456,36.53011]],[[-121.92574,36.5292],[-121.92574,36.5292]],[[-121.92602,36.52875],[-121.92602,36.52875]],[[-121.92616,36.5283],[-121.92616,36.5283]],[[-121.92574,36.52751],[-121.92574,36.52751]],[[-121.92532,36.52582],[-121.92532,36.52582]],[[-121.92546,36.52537],[-121.92546,36.52537]],[[-121.9256,36.52525],[-121.9256,36.52525]],[[-121.92574,36.52503],[-121.92574,36.52503]],[[-121.92588,36.52492],[-121.92588,36.52492]],[[-121.92602,36.52469],[-121.92602,36.52469]],[[-121.92616,36.52458],[-121.92616,36.52458]],[[-121.94709,36.52446],[-121.94723,36.52424],[-121.94695,36.52413],[-121.94681,36.52424],[-121.94709,36.52446]],[[-121.9263,36.52446],[-121.9263,36.52446]],[[-121.94695,36.52435],[-121.94695,36.52435]],[[-121.95481,36.52424],[-121.95481,36.52424]],[[-121.95453,36.52424],[-121.95453,36.52424]],[[-121.92644,36.52424],[-121.92644,36.52424]],[[-121.95439,36.52413],[-121.95439,36.52413]],[[-121.92658,36.52413],[-121.92658,36.52413]],[[-121.95425,36.52401],[-121.95425,36.52401]],[[-121.95327,36.52401],[-121.95327,36.52401]],[[-121.95298,36.52401],[-121.95298,36.52401]],[[-121.94695,36.52401],[-121.94709,36.5239],[-121.94695,36.52379],[-121.94681,36.5239],[-121.94695,36.52401]],[[-121.95284,36.5239],[-121.95284,36.5239]],[[-121.94821,36.5239],[-121.94821,36.5239]],[[-121.94793,36.5239],[-121.94793,36.5239]],[[-121.93431,36.5239],[-121.93431,36.5239]],[[-121.92672,36.5239],[-121.92672,36.5239]],[[-121.95467,36.52379],[-121.95467,36.52379]],[[-121.95411,36.52379],[-121.95411,36.52379]],[[-121.9527,36.52379],[-121.9527,36.52379]],[[-121.94849,36.52379],[-121.94849,36.52379]],[[-121.94765,36.52379],[-121.94765,36.52379]],[[-121.93417,36.52379],[-121.93417,36.52379]],[[-121.93332,36.52379],[-121.93332,36.52379]],[[-121.93037,36.52379],[-121.93037,36.52379]],[[-121.92686,36.52379],[-121.92686,36.52379]],[[-121.95327,36.52367],[-121.95327,36.52367]],[[-121.95256,36.52367],[-121.95256,36.52367]],[[-121.94877,36.52367],[-121.94877,36.52367]],[[-121.94863,36.52367],[-121.94863,36.52367]],[[-121.94737,36.52367],[-121.94737,36.52367]],[[-121.93669,36.52367],[-121.93669,36.52367]],[[-121.93346,36.52367],[-121.93346,36.52367]],[[-121.93065,36.52367],[-121.93065,36.52367]],[[-121.93023,36.52367],[-121.93023,36.52367]],[[-121.95397,36.52356],[-121.95397,36.52356]],[[-121.95383,36.52345],[-121.95383,36.52345]],[[-121.95242,36.52356],[-121.95242,36.52356]],[[-121.94723,36.52356],[-121.94723,36.52356]],[[-121.93402,36.52356],[-121.93402,36.52356]],[[-121.93388,36.52356],[-121.93388,36.52356]],[[-121.93192,36.52356],[-121.93192,36.52356]],[[-121.93164,36.52356],[-121.93164,36.52356]],[[-121.93122,36.52356],[-121.93122,36.52356]],[[-121.93079,36.52356],[-121.93079,36.52356]],[[-121.93009,36.52356],[-121.93009,36.52356]],[[-121.927,36.52356],[-121.927,36.52356]],[[-121.95355,36.52345],[-121.95355,36.52345]],[[-121.95228,36.52345],[-121.95228,36.52345]],[[-121.94709,36.52345],[-121.94709,36.52345]],[[-121.93711,36.52345],[-121.93711,36.52345]],[[-121.93655,36.52345],[-121.93655,36.52345]],[[-121.93613,36.52345],[-121.93613,36.52345]],[[-121.93304,36.52345],[-121.93304,36.52345]],[[-121.93234,36.52345],[-121.93234,36.52345]],[[-121.9322,36.52345],[-121.9322,36.52345]],[[-121.9315,36.52345],[-121.9315,36.52345]],[[-121.92995,36.52345],[-121.92995,36.52345]],[[-121.92714,36.52345],[-121.92714,36.52345]],[[-121.95341,36.52334],[-121.95341,36.52334]],[[-121.95214,36.52334],[-121.95214,36.52334]],[[-121.94695,36.52334],[-121.94695,36.52334]],[[-121.94091,36.52334],[-121.94119,36.52277],[-121.94105,36.52255],[-121.94063,36.52277],[-121.94063,36.52322],[-121.94091,36.52334]],[[-121.93768,36.52334],[-121.93768,36.52334]],[[-121.9329,36.52334],[-121.9329,36.52334]],[[-121.93262,36.52334],[-121.93262,36.52334]],[[-121.92728,36.52334],[-121.92728,36.52334]],[[-121.95327,36.52322],[-121.95327,36.52322]],[[-121.952,36.52322],[-121.952,36.52322]],[[-121.94666,36.52322],[-121.94666,36.52322]],[[-121.93599,36.52322],[-121.93599,36.52322]],[[-121.92742,36.52322],[-121.92742,36.52322]],[[-121.95509,36.52311],[-121.95523,36.523],[-121.95509,36.52288],[-121.95495,36.523],[-121.95509,36.52311]],[[-121.95369,36.523],[-121.95369,36.523]],[[-121.95172,36.52311],[-121.95172,36.52311]],[[-121.94652,36.52311],[-121.94652,36.52311]],[[-121.9374,36.52311],[-121.9374,36.52311]],[[-121.93585,36.52311],[-121.93585,36.52311]],[[-121.92756,36.52311],[-121.92756,36.52311]],[[-121.95158,36.523],[-121.95158,36.523]],[[-121.94638,36.523],[-121.94638,36.523]],[[-121.93571,36.523],[-121.93557,36.52288],[-121.93571,36.523]],[[-121.93557,36.52288],[-121.93557,36.52288]],[[-121.92785,36.523],[-121.92785,36.523]],[[-121.9513,36.52288],[-121.9513,36.52288]],[[-121.94596,36.52288],[-121.94596,36.52288]],[[-121.94105,36.52288],[-121.94105,36.52288]],[[-121.93754,36.52288],[-121.93754,36.52288]],[[-121.93529,36.52288],[-121.93529,36.52288]],[[-121.93501,36.52288],[-121.93501,36.52288]],[[-121.9336,36.52288],[-121.9336,36.52288]],[[-121.92967,36.52288],[-121.92967,36.52288]],[[-121.92799,36.52288],[-121.92799,36.52288]],[[-121.95481,36.52277],[-121.95481,36.52277]],[[-121.95369,36.52277],[-121.95369,36.52277]],[[-121.95355,36.52266],[-121.95341,36.52255],[-121.95355,36.52266]],[[-121.95116,36.52277],[-121.95116,36.52277]],[[-121.93796,36.52277],[-121.93796,36.52277]],[[-121.93768,36.52277],[-121.93768,36.52277]],[[-121.92953,36.52277],[-121.92953,36.52277]],[[-121.92827,36.52277],[-121.92827,36.52277]],[[-121.95453,36.52266],[-121.95453,36.52266]],[[-121.95425,36.52266],[-121.95425,36.52266]],[[-121.95341,36.52255],[-121.95341,36.52255]],[[-121.94905,36.52266],[-121.94905,36.52266]],[[-121.94568,36.52266],[-121.94568,36.52266]],[[-121.93529,36.52255],[-121.93529,36.52255]],[[-121.93374,36.52266],[-121.93374,36.52266]],[[-121.92911,36.52266],[-121.92911,36.52266]],[[-121.92869,36.52266],[-121.92869,36.52266]],[[-121.95509,36.52255],[-121.95509,36.52255]],[[-121.95102,36.52255],[-121.95102,36.52255]],[[-121.94947,36.52255],[-121.94947,36.52255]],[[-121.94554,36.52255],[-121.94554,36.52255]],[[-121.93388,36.52255],[-121.93388,36.52255]],[[-121.94849,36.52243],[-121.94849,36.52243]],[[-121.9454,36.52243],[-121.9454,36.52243]],[[-121.93402,36.52243],[-121.93402,36.52243]],[[-121.95088,36.52232],[-121.95088,36.52232]],[[-121.94835,36.52232],[-121.94835,36.52232]],[[-121.94498,36.52232],[-121.94498,36.52232]],[[-121.93487,36.52232],[-121.93487,36.52232]],[[-121.93417,36.52232],[-121.93417,36.52232]],[[-121.95074,36.52221],[-121.95074,36.52221]],[[-121.9447,36.52221],[-121.9447,36.52221]],[[-121.9506,36.52209],[-121.9506,36.52209]],[[-121.9374,36.52209],[-121.9374,36.52209]],[[-121.93726,36.52198],[-121.93726,36.52198]],[[-121.94442,36.52198],[-121.94442,36.52198]],[[-121.94091,36.52198],[-121.94091,36.52198]],[[-121.94063,36.52198],[-121.94063,36.52198]],[[-121.95032,36.52176],[-121.95032,36.52176]],[[-121.94119,36.52176],[-121.94119,36.52176]],[[-121.94105,36.52164],[-121.94105,36.52164]],[[-121.95018,36.52164],[-121.95018,36.52164]],[[-121.9499,36.52164],[-121.9499,36.52164]],[[-121.94175,36.52164],[-121.94175,36.52164]],[[-121.94161,36.52164],[-121.94161,36.52164]],[[-121.94456,36.52153],[-121.94456,36.52153]],[[-121.94063,36.52153],[-121.94063,36.52153]],[[-121.95397,36.52142],[-121.95397,36.52142]],[[-121.94049,36.52142],[-121.94049,36.52142]],[[-121.94975,36.5213],[-121.94975,36.5213]],[[-121.94034,36.5213],[-121.94034,36.5213]],[[-121.93711,36.5213],[-121.93711,36.5213]],[[-121.93641,36.5213],[-121.93641,36.5213]],[[-121.94961,36.52119],[-121.94961,36.52119]],[[-121.94947,36.52119],[-121.94947,36.52119]],[[-121.9402,36.52119],[-121.9402,36.52119]],[[-121.93697,36.52108],[-121.93697,36.52108]],[[-121.93655,36.52108],[-121.93655,36.52108]],[[-121.94231,36.52097],[-121.94231,36.52097]],[[-121.93683,36.52097],[-121.93683,36.52097]],[[-121.94456,36.52085],[-121.94456,36.52085]],[[-121.94428,36.52085],[-121.94428,36.52085]],[[-121.944,36.52085],[-121.944,36.52085]],[[-121.94245,36.52085],[-121.94245,36.52085]],[[-121.94343,36.52074],[-121.94343,36.52074]],[[-121.94329,36.52074],[-121.94329,36.52074]],[[-121.95172,36.52051],[-121.95172,36.52051]],[[-121.93683,36.51995],[-121.93683,36.51995]],[[-121.93711,36.51984],[-121.93711,36.51984]],[[-121.93697,36.51984],[-121.93697,36.51984]],[[-121.94091,36.51972],[-121.94091,36.51972]],[[-121.95397,36.51961],[-121.95397,36.51961]],[[-121.95355,36.51961],[-121.95355,36.51961]],[[-121.95327,36.51961],[-121.95327,36.51961]],[[-121.9513,36.51961],[-121.9513,36.51961]],[[-121.94077,36.51961],[-121.94077,36.51961]],[[-121.95411,36.5195],[-121.95411,36.5195]],[[-121.95298,36.5195],[-121.95298,36.5195]],[[-121.94063,36.5195],[-121.94063,36.5195]],[[-121.93726,36.5195],[-121.93726,36.5195]],[[-121.95284,36.51939],[-121.95284,36.51939]],[[-121.95144,36.51939],[-121.95144,36.51939]],[[-121.94034,36.51939],[-121.94034,36.51939]],[[-121.95397,36.51927],[-121.95397,36.51927]],[[-121.95158,36.51927],[-121.95158,36.51927]],[[-121.9402,36.51927],[-121.9402,36.51927]],[[-121.9374,36.51927],[-121.9374,36.51927]],[[-121.95411,36.51916],[-121.95411,36.51916]],[[-121.9527,36.51916],[-121.9527,36.51916]],[[-121.94006,36.51916],[-121.94006,36.51916]],[[-121.93768,36.51916],[-121.93768,36.51916]],[[-121.95453,36.51905],[-121.95453,36.51905]],[[-121.95256,36.51905],[-121.95256,36.51905]],[[-121.95172,36.51905],[-121.95172,36.51905]],[[-121.93964,36.51905],[-121.93964,36.51905]],[[-121.93782,36.51905],[-121.93782,36.51905]],[[-121.95228,36.51893],[-121.95228,36.51893]],[[-121.95186,36.51893],[-121.95186,36.51893]],[[-121.93922,36.51893],[-121.93922,36.51893]],[[-121.93838,36.51893],[-121.93838,36.51893]],[[-121.95537,36.5186],[-121.95551,36.51848],[-121.95537,36.51826],[-121.95523,36.51848],[-121.95537,36.5186]],[[-121.95607,36.51803],[-121.95622,36.51792],[-121.95622,36.51735],[-121.95579,36.51702],[-121.95565,36.51713],[-121.95565,36.51758],[-121.95607,36.51803]],[[-121.95256,36.51803],[-121.95256,36.51803]],[[-121.95593,36.51792],[-121.95593,36.51792]],[[-121.95664,36.51769],[-121.9565,36.51758],[-121.95664,36.51747]],[[-121.95579,36.51769],[-121.95579,36.51769]],[[-121.95228,36.51735],[-121.95228,36.51735]],[[-121.95242,36.51713],[-121.95242,36.51713]],[[-121.9499,36.51668],[-121.9499,36.51668]],[[-121.9513,36.51645],[-121.9513,36.51645]],[[-121.94428,36.51318],[-121.94428,36.51318]],[[-121.94428,36.51273],[-121.94428,36.51273]],[[-121.94386,36.51273],[-121.94386,36.51273]],[[-121.94414,36.51262],[-121.94414,36.51262]],[[-121.944,36.5125],[-121.944,36.5125]],[[-121.94386,36.51239],[-121.94386,36.51239]],[[-121.94217,36.51183],[-121.94217,36.51183]],[[-121.94231,36.51171],[-121.94231,36.51171]],[[-121.94189,36.51115],[-121.94189,36.51104],[-121.94189,36.51115]],[[-121.94189,36.51104],[-121.94189,36.51104]],[[-121.94189,36.51036],[-121.94189,36.51036]],[[-121.94203,36.51013],[-121.94203,36.51013]],[[-121.94259,36.50979],[-121.94259,36.50979]],[[-121.94217,36.50912],[-121.94217,36.50912]],[[-121.94287,36.509],[-121.94301,36.50889],[-121.94287,36.50878],[-121.94273,36.50889],[-121.94287,36.509]],[[-121.94273,36.50889],[-121.94287,36.50878],[-121.94273,36.50867],[-121.94259,36.50878],[-121.94273,36.50889]],[[-121.94329,36.5081],[-121.94329,36.5081]],[[-121.94273,36.5081],[-121.94273,36.5081]],[[-121.94259,36.50799],[-121.94259,36.50799]],[[-121.94217,36.50799],[-121.94217,36.50799]],[[-121.94175,36.50799],[-121.94175,36.50799]],[[-121.94161,36.50799],[-121.94161,36.50799]],[[-121.94105,36.50799],[-121.94105,36.50799]],[[-121.94091,36.50799],[-121.94091,36.50799]],[[-121.94259,36.50697],[-121.94343,36.50765],[-121.94456,36.50731],[-121.94456,36.50754],[-121.94484,36.50776],[-121.94512,36.50754],[-121.94512,36.5072],[-121.94484,36.50697]],[[-121.94245,36.50776],[-121.94245,36.50776]],[[-121.94498,36.50765],[-121.94498,36.50765]],[[-121.94231,36.50765],[-121.94231,36.50765]],[[-121.94386,36.50754],[-121.94386,36.50754]],[[-121.94414,36.50742],[-121.94414,36.50742]],[[-121.94442,36.50731],[-121.94442,36.50731]],[[-121.94049,36.50697],[-121.94034,36.50697]],[[-121.93964,36.50697],[-121.93964,36.50697]]]},"properties":{"depth_m":200}},{"type":"Feature","geometry":{"type":"MultiLineString","coordinates":[[[-121.95467,36.56103],[-121.95411,36.56091],[-121.95383,36.56058],[-121.95355,36.5608],[-121.95327,36.5608],[-121.95298,36.56035],[-121.95256,36.56035],[-121.95214,36.56069],[-121.95186,36.56058],[-121.95172,36.56091],[-121.95144,36.56103]],[[-121.94091,36.56103],[-121.94105,36.5608],[-121.94077,36.56058],[-121.94063,36.5608],[-121.9402,36.5608],[-121.93992,36.56103]],[[-121.93894,36.56103],[-121.93908,36.56091],[-121.9395,36.56103],[-121.93964,36.5608],[-121.93978,36.56103]],[[-121.93571,36.56103],[-121.93557,36.56091],[-121.93515,36.56103],[-121.93487,36.5608],[-121.93417,36.5608],[-121.93276,36.55933],[-121.9322,36.55742],[-121.93108,36.55505],[-121.93108,36.55437],[-121.93065,36.55324],[-121.93051,36.55211],[-121.93009,36.5511],[-121.92981,36.5485],[-121.92967,36.54839],[-121.92981,36.54681],[-121.93037,36.54591],[-121.93136,36.54512],[-121.93164,36.54534],[-121.93248,36.54455],[-121.93262,36.54455],[-121.93248,36.54466],[-121.93276,36.54489],[-121.93304,36.54478],[-121.93304,36.54455],[-121.93346,36.54478],[-121.93388,36.54466],[-121.93388,36.54433],[-121.9336,36.5441],[-121.93388,36.54421],[-121.93431,36.54387],[-121.93417,36.54365],[-121.93431,36.54354],[-121.93417,36.54342],[-121.93402,36.54354],[-121.93388,36.54331],[-121.93402,36.5432],[-121.93374,36.54297],[-121.93346,36.54297],[-121.93374,36.54275],[-121.93346,36.54252],[-121.93332,36.54173],[-121.93304,36.54162],[-121.93332,36.54128],[-121.93431,36.54139],[-121.93445,36.54117],[-121.9336,36.54094],[-121.93346,36.54083],[-121.9336,36.5406],[-121.93346,36.54049],[-121.93332,36.5406],[-121.93318,36.54038],[-121.93304,36.54049],[-121.9329,36.54038],[-121.9329,36.54026],[-121.93318,36.54038],[-121.93346,36.54015],[-121.9329,36.5397],[-121.9329,36.53936],[-121.93248,36.53891],[-121.9322,36.53913],[-121.93178,36.53902],[-121.93136,36.53947],[-121.93051,36.53936],[-121.92981,36.53868],[-121.92883,36.53733],[-121.92869,36.53609],[-121.92855,36.53597],[-121.92855,36.53518],[-121.92841,36.53507],[-121.92841,36.53439],[-121.92855,36.53428],[-121.92827,36.53417],[-121.92841,36.53394],[-121.92813,36.53327],[-121.92799,36.53315],[-121.92785,36.53327],[-121.92799,36.53315],[-121.92756,36.53304],[-121.92742,36.5327],[-121.927,36.53248],[-121.927,36.53146],[-121.9263,36.5309],[-121.92574,36.52999],[-121.92574,36.5292],[-121.92602,36.52909],[-121.9263,36.52808],[-121.92588,36.52785],[-121.92574,36.52751],[-121.92588,36.52729],[-121.92532,36.52672],[-121.92532,36.52582],[-121.92546,36.52571],[-121.92546,36.52537],[-121.927,36.52356],[-121.92799,36.52288],[-121.92869,36.52266],[-121.92953,36.52277],[-121.92967,36.52288],[-121.92967,36.52334],[-121.92995,36.52345],[-121.92981,36.52356],[-121.92995,36.52367],[-121.93009,36.52356],[-121.93051,36.5239],[-121.93079,36.52356],[-121.93108,36.52367],[-121.9315,36.52345],[-121.93178,36.52367],[-121.9329,36.52334],[-121.93318,36.52401],[-121.93346,36.52367],[-121.93402,36.52356],[-121.93445,36.52401],[-121.93473,36.52401],[-121.93487,36.52367],[-121.93445,36.52334],[-121.93388,36.52322],[-121.9336,36.52288],[-121.93417,36.52232],[-121.93487,36.52232],[-121.93487,36.52266],[-121.93473,36.52277],[-121.93487,36.52288],[-121.93515,36.523],[-121.93529,36.52288],[-121.93543,36.52322],[-121.93571,36.523],[-121.93627,36.52356],[-121.93655,36.52345],[-121.93697,36.52379],[-121.93711,36.52345],[-121.9374,36.52334],[-121.93754,36.52345],[-121.93782,36.52322],[-121.93768,36.52311],[-121.9374,36.52334],[-121.9374,36.52311],[-121.93754,36.52322],[-121.93768,36.52311],[-121.93754,36.523],[-121.9374,36.52311],[-121.93754,36.52288],[-121.93768,36.52277],[-121.93782,36.52288],[-121.9381,36.52266],[-121.9374,36.52209],[-121.93768,36.52198],[-121.93754,36.52187],[-121.93697,36.52164],[-121.93669,36.52176],[-121.93641,36.5213],[-121.93683,36.52097],[-121.93726,36.52142],[-121.93782,36.5213],[-121.93782,36.52085],[-121.93754,36.5204],[-121.9374,36.52029],[-121.93726,36.5204],[-121.93683,36.51995],[-121.9374,36.51984],[-121.93726,36.5195],[-121.9374,36.51927],[-121.93838,36.51893],[-121.93922,36.51893],[-121.94006,36.51916],[-121.94091,36.51972],[-121.94006,36.52074],[-121.93992,36.52119],[-121.94006,36.5213],[-121.9402,36.52119],[-121.94063,36.52153],[-121.94049,36.52187],[-121.94077,36.52209],[-121.94091,36.52198],[-121.94105,36.52221],[-121.94133,36.52209],[-121.94119,36.52176],[-121.94245,36.52164],[-121.94231,36.5213],[-121.94231,36.52097],[-121.94245,36.52085],[-121.94343,36.52074],[-121.94414,36.52097],[-121.94456,36.52085],[-121.94456,36.5213],[-121.94442,36.52142],[-121.94456,36.52153],[-121.94428,36.52164],[-121.94442,36.52209],[-121.9454,36.52243],[-121.94582,36.52288],[-121.94638,36.523],[-121.94807,36.52401],[-121.94863,36.52367],[-121.94891,36.52379],[-121.94905,36.52367],[-121.94905,36.52322],[-121.94835,36.52255],[-121.94835,36.52232],[-121.94863,36.52266],[-121.94919,36.52277],[-121.94961,36.52266],[-121.94947,36.52255],[-121.94961,36.52243],[-121.94961,36.52142],[-121.94947,36.52119],[-121.94961,36.52119],[-121.94975,36.52153],[-121.95004,36.52176],[-121.95018,36.52164],[-121.95032,36.52198],[-121.95088,36.52232],[-121.95102,36.52266],[-121.95313,36.52413],[-121.95341,36.5239],[-121.95327,36.52322],[-121.95369,36.52367],[-121.95397,36.52356],[-121.95411,36.5239],[-121.95467,36.52435],[-121.95495,36.52413],[-121.95467,36.52379],[-121.95495,36.52367],[-121.95369,36.52277],[-121.95453,36.52266],[-121.95495,36.52288],[-121.95523,36.52232],[-121.95453,36.52187],[-121.95439,36.52198],[-121.95439,36.52176],[-121.95397,36.52153],[-121.95411,36.52119],[-121.95313,36.52063],[-121.95256,36.5204],[-121.95172,36.52051],[-121.95186,36.5204],[-121.95186,36.52006],[-121.95158,36.51972],[-121.9513,36.51972],[-121.95186,36.51893],[-121.95256,36.51905],[-121.95341,36.51972],[-121.95439,36.5195],[-121.95453,36.51939],[-121.95425,36.51916],[-121.95397,36.51939],[-121.95411,36.51916],[-121.95439,36.51916],[-121.95467,36.51893],[-121.95425,36.51792],[-121.95369,36.51747],[-121.95327,36.51747],[-121.95298,36.51769],[-121.95298,36.51814],[-121.95242,36.51814],[-121.95242,36.51792],[-121.9527,36.51814],[-121.95284,36.51803],[-121.9527,36.51781],[-121.95242,36.51792],[-121.95228,36.51758],[-121.95256,36.5169],[-121.95186,36.51645],[-121.95158,36.51668],[-121.9513,36.51645],[-121.95144,36.51623],[-121.9513,36.51611],[-121.95074,36.51657],[-121.95046,36.51702],[-121.95004,36.51713],[-121.9499,36.5169],[-121.95004,36.51634],[-121.94961,36.516],[-121.94961,36.51566],[-121.94933,36.51544],[-121.94905,36.51544],[-121.94891,36.51566],[-121.94877,36.51521],[-121.94821,36.51487],[-121.94807,36.51397],[-121.94779,36.51374],[-121.94765,36.51386],[-121.94737,36.51341],[-121.94695,36.51352],[-121.94666,36.51318],[-121.9461,36.51307],[-121.94568,36.51318],[-121.94568,36.51295],[-121.9454,36.51273],[-121.94498,36.51273],[-121.94428,36.51318],[-121.94442,36.51307],[-121.94428,36.51295],[-121.944,36.51307],[-121.94386,36.51273],[-121.944,36.5125],[-121.94456,36.51284],[-121.9447,36.5125],[-121.94414,36.51205],[-121.94372,36.51183],[-121.94329,36.51194],[-121.94315,36.51171],[-121.94217,36.51183],[-121.94245,36.5116],[-121.94245,36.51137],[-121.94217,36.51092],[-121.94231,36.51104],[-121.94245,36.51092],[-121.94231,36.51081],[-121.94217,36.51092],[-121.94217,36.5107],[-121.94189,36.51036],[-121.94203,36.51013],[-121.94259,36.51002],[-121.94273,36.50968],[-121.94231,36.50946],[-121.94217,36.50912],[-121.94273,36.509],[-121.94231,36.50844],[-121.94217,36.50867],[-121.94203,36.50833],[-121.94119,36.50844],[-121.94091,36.50799],[-121.94203,36.5081],[-121.94231,36.50788],[-121.94231,36.50765],[-121.94287,36.50821],[-121.94315,36.50821],[-121.94343,36.50788],[-121.94245,36.5072],[-121.94245,36.50697]],[[-121.95228,36.5608],[-121.95228,36.5608]],[[-121.92967,36.54737],[-121.92967,36.54737]],[[-121.92981,36.54681],[-121.92981,36.54681]],[[-121.92995,36.54658],[-121.92995,36.54658]],[[-121.93009,36.54636],[-121.93009,36.54636]],[[-121.93023,36.54613],[-121.93023,36.54613]],[[-121.93037,36.54591],[-121.93037,36.54591]],[[-121.93051,36.54579],[-121.93051,36.54579]],[[-121.93065,36.54568],[-121.93065,36.54568]],[[-121.93079,36.54557],[-121.93079,36.54557]],[[-121.93094,36.54545],[-121.93094,36.54545]],[[-121.93108,36.54534],[-121.93108,36.54534]],[[-121.93178,36.54523],[-121.93178,36.54523]],[[-121.93122,36.54523],[-121.93122,36.54523]],[[-121.93136,36.54512],[-121.93136,36.54512]],[[-121.93192,36.545],[-121.93192,36.545]],[[-121.93206,36.54489],[-121.93206,36.54489]],[[-121.93262,36.54478],[-121.93262,36.54478]],[[-121.9322,36.54478],[-121.9322,36.54478]],[[-121.93332,36.54466],[-121.93332,36.54466]],[[-121.93234,36.54466],[-121.93234,36.54466]],[[-121.93304,36.54455],[-121.93304,36.54455]],[[-121.93262,36.54455],[-121.93262,36.54455]],[[-121.93248,36.54455],[-121.93248,36.54455]],[[-121.93402,36.5441],[-121.93402,36.5441]],[[-121.93374,36.5441],[-121.93374,36.5441]],[[-121.9336,36.5441],[-121.9336,36.5441]],[[-121.93417,36.54399],[-121.93417,36.54399]],[[-121.93417,36.54365],[-121.93417,36.54365]],[[-121.93445,36.54354],[-121.93473,36.54331],[-121.93431,36.54308],[-121.93417,36.54331],[-121.93445,36.54354]],[[-121.93459,36.54342],[-121.93459,36.54342]],[[-121.93431,36.54342],[-121.93431,36.54342]],[[-121.93388,36.54331],[-121.93388,36.54331]],[[-121.93346,36.54286],[-121.93346,36.54286]],[[-121.93304,36.54162],[-121.93304,36.54162]],[[-121.93318,36.5415],[-121.93318,36.5415]],[[-121.9336,36.54128],[-121.9336,36.54128]],[[-121.93332,36.54128],[-121.93332,36.54128]],[[-121.93346,36.54071],[-121.93346,36.54071]],[[-121.93445,36.54049],[-121.93459,36.54038],[-121.93445,36.54026],[-121.93431,36.54038],[-121.93445,36.54049]],[[-121.93332,36.54026],[-121.93332,36.54026]],[[-121.93304,36.54026],[-121.93304,36.54026]],[[-121.9329,36.54026],[-121.9329,36.54026]],[[-121.95664,36.52975],[-121.95588,36.52977],[-121.95542,36.53056],[-121.95481,36.5309],[-121.95355,36.53076],[-121.95242,36.53188],[-121.95018,36.53283],[-121.94624,36.53174],[-121.9454,36.53131],[-121.94428,36.53037],[-121.94394,36.53045],[-121.94383,36.53146],[-121.94358,36.53167],[-121.94217,36.53151],[-121.94175,36.53132],[-121.94119,36.53137],[-121.9402,36.53093],[-121.93936,36.53102],[-121.93838,36.53076],[-121.9374,36.5309],[-121.93736,36.53101],[-121.93824,36.53159],[-121.94049,36.53241],[-121.94119,36.53286],[-121.94287,36.53353],[-121.94362,36.53361],[-121.94383,36.53383],[-121.94386,36.53428],[-121.94554,36.53504],[-121.94657,36.53609],[-121.94657,36.53631],[-121.94593,36.53654],[-121.94583,36.53676],[-121.94652,36.53727],[-121.94835,36.53798],[-121.94905,36.53865],[-121.95018,36.53767],[-121.9513,36.53795],[-121.95214,36.5379],[-121.95263,36.53755],[-121.95341,36.53748],[-121.95397,36.53724],[-121.95523,36.53738],[-121.95664,36.53798]],[[-121.9565,36.53789],[-121.9565,36.53789]],[[-121.95579,36.53767],[-121.95579,36.53767]],[[-121.95313,36.53744],[-121.95313,36.53744]],[[-121.95298,36.53744],[-121.95298,36.53744]],[[-121.92841,36.53439],[-121.92841,36.53439]],[[-121.92827,36.53417],[-121.92827,36.53417]],[[-121.92785,36.53327],[-121.92785,36.53327]],[[-121.94456,36.53067],[-121.94456,36.53067]],[[-121.95622,36.52977],[-121.95622,36.52977]],[[-121.92574,36.5292],[-121.92574,36.5292]],[[-121.92602,36.52875],[-121.92602,36.52875]],[[-121.92616,36.5283],[-121.92616,36.5283]],[[-121.92574,36.52751],[-121.92574,36.52751]],[[-121.92532,36.52582],[-121.92532,36.52582]],[[-121.92546,36.52537],[-121.92546,36.52537]],[[-121.9256,36.52525],[-121.9256,36.52525]],[[-121.92574,36.52503],[-121.92574,36.52503]],[[-121.92588,36.52492],[-121.92588,36.52492]],[[-121.92602,36.52469],[-121.92602,36.52469]],[[-121.92616,36.52458],[-121.92616,36.52458]],[[-121.94709,36.52446],[-121.94723,36.52424],[-121.94695,36.52413],[-121.94681,36.52424],[-121.94709,36.52446]],[[-121.9263,36.52446],[-121.9263,36.52446]],[[-121.94695,36.52435],[-121.94695,36.52435]],[[-121.95481,36.52424],[-121.95481,36.52424]],[[-121.95453,36.52424],[-121.95453,36.52424]],[[-121.92644,36.52424],[-121.92644,36.52424]],[[-121.95439,36.52413],[-121.95439,36.52413]],[[-121.92658,36.52413],[-121.92658,36.52413]],[[-121.95425,36.52401],[-121.95425,36.52401]],[[-121.95327,36.52401],[-121.95327,36.52401]],[[-121.95298,36.52401],[-121.95298,36.52401]],[[-121.94695,36.52401],[-121.94709,36.5239],[-121.94695,36.52379],[-121.94681,36.5239],[-121.94695,36.52401]],[[-121.95284,36.5239],[-121.95284,36.5239]],[[-121.94821,36.5239],[-121.94821,36.5239]],[[-121.94793,36.5239],[-121.94793,36.5239]],[[-121.93431,36.5239],[-121.93431,36.5239]],[[-121.92672,36.5239],[-121.92672,36.5239]],[[-121.95467,36.52379],[-121.95467,36.52379]],[[-121.95411,36.52379],[-121.95411,36.52379]],[[-121.9527,36.52379],[-121.9527,36.52379]],[[-121.94849,36.52379],[-121.94849,36.52379]],[[-121.94765,36.52379],[-121.94765,36.52379]],[[-121.93417,36.52379],[-121.93417,36.52379]],[[-121.93332,36.52379],[-121.93332,36.52379]],[[-121.93037,36.52379],[-121.93037,36.52379]],[[-121.92686,36.52379],[-121.92686,36.52379]],[[-121.95327,36.52367],[-121.95327,36.52367]],[[-121.95256,36.52367],[-121.95256,36.52367]],[[-121.94877,36.52367],[-121.94877,36.52367]],[[-121.94863,36.52367],[-121.94863,36.52367]],[[-121.94737,36.52367],[-121.94737,36.52367]],[[-121.93669,36.52367],[-121.93669,36.52367]],[[-121.93346,36.52367],[-121.93346,36.52367]],[[-121.93065,36.52367],[-121.93065,36.52367]],[[-121.93023,36.52367],[-121.93023,36.52367]],[[-121.95397,36.52356],[-121.95397,36.52356]],[[-121.95383,36.52345],[-121.95383,36.52345]],[[-121.95242,36.52356],[-121.95242,36.52356]],[[-121.94723,36.52356],[-121.94723,36.52356]],[[-121.93402,36.52356],[-121.93402,36.52356]],[[-121.93388,36.52356],[-121.93388,36.52356]],[[-121.93192,36.52356],[-121.93192,36.52356]],[[-121.93164,36.52356],[-121.93164,36.52356]],[[-121.93122,36.52356],[-121.93122,36.52356]],[[-121.93079,36.52356],[-121.93079,36.52356]],[[-121.93009,36.52356],[-121.93009,36.52356]],[[-121.927,36.52356],[-121.927,36.52356]],[[-121.95355,36.52345],[-121.95355,36.52345]],[[-121.95228,36.52345],[-121.95228,36.52345]],[[-121.94709,36.52345],[-121.94709,36.52345]],[[-121.93711,36.52345],[-121.93711,36.52345]],[[-121.93655,36.52345],[-121.93655,36.52345]],[[-121.93613,36.52345],[-121.93613,36.52345]],[[-121.93304,36.52345],[-121.93304,36.52345]],[[-121.93234,36.52345],[-121.93234,36.52345]],[[-121.9322,36.52345],[-121.9322,36.52345]],[[-121.9315,36.52345],[-121.9315,36.52345]],[[-121.92995,36.52345],[-121.92995,36.52345]],[[-121.92714,36.52345],[-121.92714,36.52345]],[[-121.95341,36.52334],[-121.95341,36.52334]],[[-121.95214,36.52334],[-121.95214,36.52334]],[[-121.94695,36.52334],[-121.94695,36.52334]],[[-121.94091,36.52334],[-121.94119,36.52277],[-121.94105,36.52255],[-121.94063,36.52277],[-121.94063,36.52322],[-121.94091,36.52334]],[[-121.93768,36.52334],[-121.93768,36.52334]],[[-121.9329,36.52334],[-121.9329,36.52334]],[[-121.93262,36.52334],[-121.93262,36.52334]],[[-121.92728,36.52334],[-121.92728,36.52334]],[[-121.95327,36.52322],[-121.95327,36.52322]],[[-121.952,36.52322],[-121.952,36.52322]],[[-121.94666,36.52322],[-121.94666,36.52322]],[[-121.93599,36.52322],[-121.93599,36.52322]],[[-121.92742,36.52322],[-121.92742,36.52322]],[[-121.95509,36.52311],[-121.95523,36.523],[-121.95509,36.52288],[-121.95495,36.523],[-121.95509,36.52311]],[[-121.95369,36.523],[-121.95369,36.523]],[[-121.95172,36.52311],[-121.95172,36.52311]],[[-121.94652,36.52311],[-121.94652,36.52311]],[[-121.9374,36.52311],[-121.9374,36.52311]],[[-121.93585,36.52311],[-121.93585,36.52311]],[[-121.92756,36.52311],[-121.92756,36.52311]],[[-121.95158,36.523],[-121.95158,36.523]],[[-121.94638,36.523],[-121.94638,36.523]],[[-121.93571,36.523],[-121.93557,36.52288],[-121.93571,36.523]],[[-121.93557,36.52288],[-121.93557,36.52288]],[[-121.92785,36.523],[-121.92785,36.523]],[[-121.9513,36.52288],[-121.9513,36.52288]],[[-121.94596,36.52288],[-121.94596,36.52288]],[[-121.94105,36.52288],[-121.94105,36.52288]],[[-121.93754,36.52288],[-121.93754,36.52288]],[[-121.93529,36.52288],[-121.93529,36.52288]],[[-121.93501,36.52288],[-121.93501,36.52288]],[[-121.9336,36.52288],[-121.9336,36.52288]],[[-121.92967,36.52288],[-121.92967,36.52288]],[[-121.92799,36.52288],[-121.92799,36.52288]],[[-121.95481,36.52277],[-121.95481,36.52277]],[[-121.95369,36.52277],[-121.95369,36.52277]],[[-121.95355,36.52266],[-121.95341,36.52255],[-121.95355,36.52266]],[[-121.95116,36.52277],[-121.95116,36.52277]],[[-121.93796,36.52277],[-121.93796,36.52277]],[[-121.93768,36.52277],[-121.93768,36.52277]],[[-121.92953,36.52277],[-121.92953,36.52277]],[[-121.92827,36.52277],[-121.92827,36.52277]],[[-121.95453,36.52266],[-121.95453,36.52266]],[[-121.95425,36.52266],[-121.95425,36.52266]],[[-121.95341,36.52255],[-121.95341,36.52255]],[[-121.94905,36.52266],[-121.94905,36.52266]],[[-121.94568,36.52266],[-121.94568,36.52266]],[[-121.93529,36.52255],[-121.93529,36.52255]],[[-121.93374,36.52266],[-121.93374,36.52266]],[[-121.92911,36.52266],[-121.92911,36.52266]],[[-121.92869,36.52266],[-121.92869,36.52266]],[[-121.95509,36.52255],[-121.95509,36.52255]],[[-121.95102,36.52255],[-121.95102,36.52255]],[[-121.94947,36.52255],[-121.94947,36.52255]],[[-121.94554,36.52255],[-121.94554,36.52255]],[[-121.93388,36.52255],[-121.93388,36.52255]],[[-121.94849,36.52243],[-121.94849,36.52243]],[[-121.9454,36.52243],[-121.9454,36.52243]],[[-121.93402,36.52243],[-121.93402,36.52243]],[[-121.95088,36.52232],[-121.95088,36.52232]],[[-121.94835,36.52232],[-121.94835,36.52232]],[[-121.94498,36.52232],[-121.94498,36.52232]],[[-121.93487,36.52232],[-121.93487,36.52232]],[[-121.93417,36.52232],[-121.93417,36.52232]],[[-121.95074,36.52221],[-121.95074,36.52221]],[[-121.9447,36.52221],[-121.9447,36.52221]],[[-121.9506,36.52209],[-121.9506,36.52209]],[[-121.9374,36.52209],[-121.9374,36.52209]],[[-121.93726,36.52198],[-121.93726,36.52198]],[[-121.94442,36.52198],[-121.94442,36.52198]],[[-121.94091,36.52198],[-121.94091,36.52198]],[[-121.94063,36.52198],[-121.94063,36.52198]],[[-121.95032,36.52176],[-121.95032,36.52176]],[[-121.94119,36.52176],[-121.94119,36.52176]],[[-121.94105,36.52164],[-121.94105,36.52164]],[[-121.95018,36.52164],[-121.95018,36.52164]],[[-121.9499,36.52164],[-121.9499,36.52164]],[[-121.94175,36.52164],[-121.94175,36.52164]],[[-121.94161,36.52164],[-121.94161,36.52164]],[[-121.94456,36.52153],[-121.94456,36.52153]],[[-121.94063,36.52153],[-121.94063,36.52153]],[[-121.95397,36.52142],[-121.95397,36.52142]],[[-121.94049,36.52142],[-121.94049,36.52142]],[[-121.94975,36.5213],[-121.94975,36.5213]],[[-121.94034,36.5213],[-121.94034,36.5213]],[[-121.93711,36.5213],[-121.93711,36.5213]],[[-121.93641,36.5213],[-121.93641,36.5213]],[[-121.94961,36.52119],[-121.94961,36.52119]],[[-121.94947,36.52119],[-121.94947,36.52119]],[[-121.9402,36.52119],[-121.9402,36.52119]],[[-121.93697,36.52108],[-121.93697,36.52108]],[[-121.93655,36.52108],[-121.93655,36.52108]],[[-121.94231,36.52097],[-121.94231,36.52097]],[[-121.93683,36.52097],[-121.93683,36.52097]],[[-121.94456,36.52085],[-121.94456,36.52085]],[[-121.94428,36.52085],[-121.94428,36.52085]],[[-121.944,36.52085],[-121.944,36.52085]],[[-121.94245,36.52085],[-121.94245,36.52085]],[[-121.94343,36.52074],[-121.94343,36.52074]],[[-121.94329,36.52074],[-121.94329,36.52074]],[[-121.95172,36.52051],[-121.95172,36.52051]],[[-121.93683,36.51995],[-121.93683,36.51995]],[[-121.93711,36.51984],[-121.93711,36.51984]],[[-121.93697,36.51984],[-121.93697,36.51984]],[[-121.94091,36.51972],[-121.94091,36.51972]],[[-121.95397,36.51961],[-121.95397,36.51961]],[[-121.95355,36.51961],[-121.95355,36.51961]],[[-121.95327,36.51961],[-121.95327,36.51961]],[[-121.9513,36.51961],[-121.9513,36.51961]],[[-121.94077,36.51961],[-121.94077,36.51961]],[[-121.95411,36.5195],[-121.95411,36.5195]],[[-121.95298,36.5195],[-121.95298,36.5195]],[[-121.94063,36.5195],[-121.94063,36.5195]],[[-121.93726,36.5195],[-121.93726,36.5195]],[[-121.95284,36.51939],[-121.95284,36.51939]],[[-121.95144,36.51939],[-121.95144,36.51939]],[[-121.94034,36.51939],[-121.94034,36.51939]],[[-121.95397,36.51927],[-121.95397,36.51927]],[[-121.95158,36.51927],[-121.95158,36.51927]],[[-121.9402,36.51927],[-121.9402,36.51927]],[[-121.9374,36.51927],[-121.9374,36.51927]],[[-121.95411,36.51916],[-121.95411,36.51916]],[[-121.9527,36.51916],[-121.9527,36.51916]],[[-121.94006,36.51916],[-121.94006,36.51916]],[[-121.93768,36.51916],[-121.93768,36.51916]],[[-121.95453,36.51905],[-121.95453,36.51905]],[[-121.95256,36.51905],[-121.95256,36.51905]],[[-121.95172,36.51905],[-121.95172,36.51905]],[[-121.93964,36.51905],[-121.93964,36.51905]],[[-121.93782,36.51905],[-121.93782,36.51905]],[[-121.95228,36.51893],[-121.95228,36.51893]],[[-121.95186,36.51893],[-121.95186,36.51893]],[[-121.93922,36.51893],[-121.93922,36.51893]],[[-121.93838,36.51893],[-121.93838,36.51893]],[[-121.95537,36.5186],[-121.95551,36.51848],[-121.95537,36.51826],[-121.95523,36.51848],[-121.95537,36.5186]],[[-121.95607,36.51803],[-121.95622,36.51792],[-121.95622,36.51735],[-121.95579,36.51702],[-121.95565,36.51713],[-121.95565,36.51758],[-121.95607,36.51803]],[[-121.95256,36.51803],[-121.95256,36.51803]],[[-121.95593,36.51792],[-121.95593,36.51792]],[[-121.95664,36.51769],[-121.9565,36.51758],[-121.95664,36.51747]],[[-121.95579,36.51769],[-121.95579,36.51769]],[[-121.95228,36.51735],[-121.95228,36.51735]],[[-121.95242,36.51713],[-121.95242,36.51713]],[[-121.9499,36.51668],[-121.9499,36.51668]],[[-121.9513,36.51645],[-121.9513,36.51645]],[[-121.94428,36.51318],[-121.94428,36.51318]],[[-121.94428,36.51273],[-121.94428,36.51273]],[[-121.94386,36.51273],[-121.94386,36.51273]],[[-121.94414,36.51262],[-121.94414,36.51262]],[[-121.944,36.5125],[-121.944,36.5125]],[[-121.94386,36.51239],[-121.94386,36.51239]],[[-121.94217,36.51183],[-121.94217,36.51183]],[[-121.94231,36.51171],[-121.94231,36.51171]],[[-121.94189,36.51115],[-121.94189,36.51104],[-121.94189,36.51115]],[[-121.94189,36.51104],[-121.94189,36.51104]],[[-121.94189,36.51036],[-121.94189,36.51036]],[[-121.94203,36.51013],[-121.94203,36.51013]],[[-121.94259,36.50979],[-121.94259,36.50979]],[[-121.94217,36.50912],[-121.94217,36.50912]],[[-121.94287,36.509],[-121.94301,36.50889],[-121.94287,36.50878],[-121.94273,36.50889],[-121.94287,36.509]],[[-121.94273,36.50889],[-121.94287,36.50878],[-121.94273,36.50867],[-121.94259,36.50878],[-121.94273,36.50889]],[[-121.94329,36.5081],[-121.94329,36.5081]],[[-121.94273,36.5081],[-121.94273,36.5081]],[[-121.94259,36.50799],[-121.94259,36.50799]],[[-121.94217,36.50799],[-121.94217,36.50799]],[[-121.94175,36.50799],[-121.94175,36.50799]],[[-121.94161,36.50799],[-121.94161,36.50799]],[[-121.94105,36.50799],[-121.94105,36.50799]],[[-121.94091,36.50799],[-121.94091,36.50799]],[[-121.94259,36.50697],[-121.94343,36.50765],[-121.94456,36.50731],[-121.94456,36.50754],[-121.94484,36.50776],[-121.94512,36.50754],[-121.94512,36.5072],[-121.94484,36.50697]],[[-121.94245,36.50776],[-121.94245,36.50776]],[[-121.94498,36.50765],[-121.94498,36.50765]],[[-121.94231,36.50765],[-121.94231,36.50765]],[[-121.94386,36.50754],[-121.94386,36.50754]],[[-121.94414,36.50742],[-121.94414,36.50742]],[[-121.94442,36.50731],[-121.94442,36.50731]],[[-121.94049,36.50697],[-121.94034,36.50697]],[[-121.93964,36.50697],[-121.93964,36.50697]]]},"properties":{"depth_m":225}},{"type":"Feature","geometry":{"type":"MultiLineString","coordinates":[[[-121.95467,36.56103],[-121.95411,36.56091],[-121.95383,36.56058],[-121.95355,36.5608],[-121.95327,36.5608],[-121.95298,36.56035],[-121.95256,36.56035],[-121.95214,36.56069],[-121.95186,36.56058],[-121.95172,36.56091],[-121.95144,36.56103]],[[-121.94091,36.56103],[-121.94105,36.5608],[-121.94077,36.56058],[-121.94063,36.5608],[-121.9402,36.5608],[-121.93992,36.56103]],[[-121.93894,36.56103],[-121.93908,36.56091],[-121.9395,36.56103],[-121.93964,36.5608],[-121.93978,36.56103]],[[-121.93571,36.56103],[-121.93557,36.56091],[-121.93515,36.56103],[-121.93487,36.5608],[-121.93417,36.5608],[-121.93276,36.55933],[-121.9322,36.55742],[-121.93108,36.55505],[-121.93108,36.55437],[-121.93065,36.55324],[-121.93051,36.55211],[-121.93009,36.5511],[-121.92981,36.5485],[-121.92967,36.54839],[-121.92981,36.54681],[-121.93037,36.54591],[-121.93136,36.54512],[-121.93164,36.54534],[-121.93248,36.54455],[-121.93262,36.54455],[-121.93248,36.54466],[-121.93276,36.54489],[-121.93304,36.54478],[-121.93304,36.54455],[-121.93346,36.54478],[-121.93388,36.54466],[-121.93388,36.54433],[-121.9336,36.5441],[-121.93388,36.54421],[-121.93431,36.54387],[-121.93417,36.54365],[-121.93431,36.54354],[-121.93417,36.54342],[-121.93402,36.54354],[-121.93388,36.54331],[-121.93402,36.5432],[-121.93374,36.54297],[-121.93346,36.54297],[-121.93374,36.54275],[-121.93346,36.54252],[-121.93332,36.54173],[-121.93304,36.54162],[-121.93332,36.54128],[-121.93431,36.54139],[-121.93445,36.54117],[-121.9336,36.54094],[-121.93346,36.54083],[-121.9336,36.5406],[-121.93346,36.54049],[-121.93332,36.5406],[-121.93318,36.54038],[-121.93304,36.54049],[-121.9329,36.54038],[-121.9329,36.54026],[-121.93318,36.54038],[-121.93346,36.54015],[-121.9329,36.5397],[-121.9329,36.53936],[-121.93248,36.53891],[-121.9322,36.53913],[-121.93178,36.53902],[-121.93136,36.53947],[-121.93051,36.53936],[-121.92981,36.53868],[-121.92883,36.53733],[-121.92869,36.53609],[-121.92855,36.53597],[-121.92855,36.53518],[-121.92841,36.53507],[-121.92841,36.53439],[-121.92855,36.53428],[-121.92827,36.53417],[-121.92841,36.53394],[-121.92813,36.53327],[-121.92799,36.53315],[-121.92785,36.53327],[-121.92799,36.53315],[-121.92756,36.53304],[-121.92742,36.5327],[-121.927,36.53248],[-121.927,36.53146],[-121.9263,36.5309],[-121.92574,36.52999],[-121.92574,36.5292],[-121.92602,36.52909],[-121.9263,36.52808],[-121.92588,36.52785],[-121.92574,36.52751],[-121.92588,36.52729],[-121.92532,36.52672],[-121.92532,36.52582],[-121.92546,36.52571],[-121.92546,36.52537],[-121.927,36.52356],[-121.92799,36.52288],[-121.92869,36.52266],[-121.92953,36.52277],[-121.92967,36.52288],[-121.92967,36.52334],[-121.92995,36.52345],[-121.92981,36.52356],[-121.92995,36.52367],[-121.93009,36.52356],[-121.93051,36.5239],[-121.93079,36.52356],[-121.93108,36.52367],[-121.9315,36.52345],[-121.93178,36.52367],[-121.9329,36.52334],[-121.93318,36.52401],[-121.93346,36.52367],[-121.93402,36.52356],[-121.93445,36.52401],[-121.93473,36.52401],[-121.93487,36.52367],[-121.93445,36.52334],[-121.93388,36.52322],[-121.9336,36.52288],[-121.93417,36.52232],[-121.93487,36.52232],[-121.93487,36.52266],[-121.93473,36.52277],[-121.93487,36.52288],[-121.93515,36.523],[-121.93529,36.52288],[-121.93543,36.52322],[-121.93571,36.523],[-121.93627,36.52356],[-121.93655,36.52345],[-121.93697,36.52379],[-121.93711,36.52345],[-121.9374,36.52334],[-121.93754,36.52345],[-121.93782,36.52322],[-121.93768,36.52311],[-121.9374,36.52334],[-121.9374,36.52311],[-121.93754,36.52322],[-121.93768,36.52311],[-121.93754,36.523],[-121.9374,36.52311],[-121.93754,36.52288],[-121.93768,36.52277],[-121.93782,36.52288],[-121.9381,36.52266],[-121.9374,36.52209],[-121.93768,36.52198],[-121.93754,36.52187],[-121.93697,36.52164],[-121.93669,36.52176],[-121.93641,36.5213],[-121.93683,36.52097],[-121.93726,36.52142],[-121.93782,36.5213],[-121.93782,36.52085],[-121.93754,36.5204],[-121.9374,36.52029],[-121.93726,36.5204],[-121.93683,36.51995],[-121.9374,36.51984],[-121.93726,36.5195],[-121.9374,36.51927],[-121.93838,36.51893],[-121.93922,36.51893],[-121.94006,36.51916],[-121.94091,36.51972],[-121.94006,36.52074],[-121.93992,36.52119],[-121.94006,36.5213],[-121.9402,36.52119],[-121.94063,36.52153],[-121.94049,36.52187],[-121.94077,36.52209],[-121.94091,36.52198],[-121.94105,36.52221],[-121.94133,36.52209],[-121.94119,36.52176],[-121.94245,36.52164],[-121.94231,36.5213],[-121.94231,36.52097],[-121.94245,36.52085],[-121.94343,36.52074],[-121.94414,36.52097],[-121.94456,36.52085],[-121.94456,36.5213],[-121.94442,36.52142],[-121.94456,36.52153],[-121.94428,36.52164],[-121.94442,36.52209],[-121.9454,36.52243],[-121.94582,36.52288],[-121.94638,36.523],[-121.94807,36.52401],[-121.94863,36.52367],[-121.94891,36.52379],[-121.94905,36.52367],[-121.94905,36.52322],[-121.94835,36.52255],[-121.94835,36.52232],[-121.94863,36.52266],[-121.94919,36.52277],[-121.94961,36.52266],[-121.94947,36.52255],[-121.94961,36.52243],[-121.94961,36.52142],[-121.94947,36.52119],[-121.94961,36.52119],[-121.94975,36.52153],[-121.95004,36.52176],[-121.95018,36.52164],[-121.95032,36.52198],[-121.95088,36.52232],[-121.95102,36.52266],[-121.95313,36.52413],[-121.95341,36.5239],[-121.95327,36.52322],[-121.95369,36.52367],[-121.95397,36.52356],[-121.95411,36.5239],[-121.95467,36.52435],[-121.95495,36.52413],[-121.95467,36.52379],[-121.95495,36.52367],[-121.95369,36.52277],[-121.95453,36.52266],[-121.95495,36.52288],[-121.95523,36.52232],[-121.95453,36.52187],[-121.95439,36.52198],[-121.95439,36.52176],[-121.95397,36.52153],[-121.95411,36.52119],[-121.95313,36.52063],[-121.95256,36.5204],[-121.95172,36.52051],[-121.95186,36.5204],[-121.95186,36.52006],[-121.95158,36.51972],[-121.9513,36.51972],[-121.95186,36.51893],[-121.95256,36.51905],[-121.95341,36.51972],[-121.95439,36.5195],[-121.95453,36.51939],[-121.95425,36.51916],[-121.95397,36.51939],[-121.95411,36.51916],[-121.95439,36.51916],[-121.95467,36.51893],[-121.95425,36.51792],[-121.95369,36.51747],[-121.95327,36.51747],[-121.95298,36.51769],[-121.95298,36.51814],[-121.95242,36.51814],[-121.95242,36.51792],[-121.9527,36.51814],[-121.95284,36.51803],[-121.9527,36.51781],[-121.95242,36.51792],[-121.95228,36.51758],[-121.95256,36.5169],[-121.95186,36.51645],[-121.95158,36.51668],[-121.9513,36.51645],[-121.95144,36.51623],[-121.9513,36.51611],[-121.95074,36.51657],[-121.95046,36.51702],[-121.95004,36.51713],[-121.9499,36.5169],[-121.95004,36.51634],[-121.94961,36.516],[-121.94961,36.51566],[-121.94933,36.51544],[-121.94905,36.51544],[-121.94891,36.51566],[-121.94877,36.51521],[-121.94821,36.51487],[-121.94807,36.51397],[-121.94779,36.51374],[-121.94765,36.51386],[-121.94737,36.51341],[-121.94695,36.51352],[-121.94666,36.51318],[-121.9461,36.51307],[-121.94568,36.51318],[-121.94568,36.51295],[-121.9454,36.51273],[-121.94498,36.51273],[-121.94428,36.51318],[-121.94442,36.51307],[-121.94428,36.51295],[-121.944,36.51307],[-121.94386,36.51273],[-121.944,36.5125],[-121.94456,36.51284],[-121.9447,36.5125],[-121.94414,36.51205],[-121.94372,36.51183],[-121.94329,36.51194],[-121.94315,36.51171],[-121.94217,36.51183],[-121.94245,36.5116],[-121.94245,36.51137],[-121.94217,36.51092],[-121.94231,36.51104],[-121.94245,36.51092],[-121.94231,36.51081],[-121.94217,36.51092],[-121.94217,36.5107],[-121.94189,36.51036],[-121.94203,36.51013],[-121.94259,36.51002],[-121.94273,36.50968],[-121.94231,36.50946],[-121.94217,36.50912],[-121.94273,36.509],[-121.94231,36.50844],[-121.94217,36.50867],[-121.94203,36.50833],[-121.94119,36.50844],[-121.94091,36.50799],[-121.94203,36.5081],[-121.94231,36.50788],[-121.94231,36.50765],[-121.94287,36.50821],[-121.94315,36.50821],[-121.94343,36.50788],[-121.94245,36.5072],[-121.94245,36.50697]],[[-121.95228,36.5608],[-121.95228,36.5608]],[[-121.92967,36.54737],[-121.92967,36.54737]],[[-121.92981,36.54681],[-121.92981,36.54681]],[[-121.92995,36.54658],[-121.92995,36.54658]],[[-121.93009,36.54636],[-121.93009,36.54636]],[[-121.93023,36.54613],[-121.93023,36.54613]],[[-121.93037,36.54591],[-121.93037,36.54591]],[[-121.93051,36.54579],[-121.93051,36.54579]],[[-121.93065,36.54568],[-121.93065,36.54568]],[[-121.93079,36.54557],[-121.93079,36.54557]],[[-121.93094,36.54545],[-121.93094,36.54545]],[[-121.93108,36.54534],[-121.93108,36.54534]],[[-121.93178,36.54523],[-121.93178,36.54523]],[[-121.93122,36.54523],[-121.93122,36.54523]],[[-121.93136,36.54512],[-121.93136,36.54512]],[[-121.93192,36.545],[-121.93192,36.545]],[[-121.93206,36.54489],[-121.93206,36.54489]],[[-121.93262,36.54478],[-121.93262,36.54478]],[[-121.9322,36.54478],[-121.9322,36.54478]],[[-121.93332,36.54466],[-121.93332,36.54466]],[[-121.93234,36.54466],[-121.93234,36.54466]],[[-121.93304,36.54455],[-121.93304,36.54455]],[[-121.93262,36.54455],[-121.93262,36.54455]],[[-121.93248,36.54455],[-121.93248,36.54455]],[[-121.93402,36.5441],[-121.93402,36.5441]],[[-121.93374,36.5441],[-121.93374,36.5441]],[[-121.9336,36.5441],[-121.9336,36.5441]],[[-121.93417,36.54399],[-121.93417,36.54399]],[[-121.93417,36.54365],[-121.93417,36.54365]],[[-121.93445,36.54354],[-121.93473,36.54331],[-121.93431,36.54308],[-121.93417,36.54331],[-121.93445,36.54354]],[[-121.93459,36.54342],[-121.93459,36.54342]],[[-121.93431,36.54342],[-121.93431,36.54342]],[[-121.93388,36.54331],[-121.93388,36.54331]],[[-121.93346,36.54286],[-121.93346,36.54286]],[[-121.93304,36.54162],[-121.93304,36.54162]],[[-121.93318,36.5415],[-121.93318,36.5415]],[[-121.9336,36.54128],[-121.9336,36.54128]],[[-121.93332,36.54128],[-121.93332,36.54128]],[[-121.93346,36.54071],[-121.93346,36.54071]],[[-121.93445,36.54049],[-121.93459,36.54038],[-121.93445,36.54026],[-121.93431,36.54038],[-121.93445,36.54049]],[[-121.93332,36.54026],[-121.93332,36.54026]],[[-121.93304,36.54026],[-121.93304,36.54026]],[[-121.9329,36.54026],[-121.9329,36.54026]],[[-121.95664,36.53019],[-121.95616,36.53022],[-121.95593,36.53071],[-121.95551,36.5309],[-121.95509,36.53136],[-121.95453,36.5314],[-121.95397,36.53108],[-121.95369,36.53112],[-121.95284,36.5322],[-121.952,36.53274],[-121.95088,36.53279],[-121.95018,36.53316],[-121.94849,36.53255],[-121.94526,36.53172],[-121.94428,36.53101],[-121.94412,36.53112],[-121.94414,36.5318],[-121.944,36.53192],[-121.94259,36.53192],[-121.94034,36.53131],[-121.9395,36.53126],[-121.9392,36.53146],[-121.93934,36.53169],[-121.94119,36.53263],[-121.94273,36.53324],[-121.94372,36.53332],[-121.94416,36.53372],[-121.94439,36.53417],[-121.94568,36.53478],[-121.94742,36.53609],[-121.94735,36.53631],[-121.94679,36.53676],[-121.94686,36.53688],[-121.94835,36.5375],[-121.94891,36.53808],[-121.9499,36.5374],[-121.95144,36.53764],[-121.95411,36.53711],[-121.95537,36.53724],[-121.95565,36.53745],[-121.95664,36.53767]],[[-121.94709,36.53654],[-121.94709,36.53654]],[[-121.94723,36.53643],[-121.94723,36.53643]],[[-121.92841,36.53439],[-121.92841,36.53439]],[[-121.92827,36.53417],[-121.92827,36.53417]],[[-121.92785,36.53327],[-121.92785,36.53327]],[[-121.94189,36.53169],[-121.94189,36.53169]],[[-121.95439,36.53135],[-121.95439,36.53135]],[[-121.94442,36.53112],[-121.94442,36.53112]],[[-121.95537,36.53101],[-121.95537,36.53101]],[[-121.94428,36.53101],[-121.94428,36.53101]],[[-121.95551,36.5309],[-121.95551,36.5309]],[[-121.92574,36.5292],[-121.92574,36.5292]],[[-121.92602,36.52875],[-121.92602,36.52875]],[[-121.92616,36.5283],[-121.92616,36.5283]],[[-121.92574,36.52751],[-121.92574,36.52751]],[[-121.92532,36.52582],[-121.92532,36.52582]],[[-121.92546,36.52537],[-121.92546,36.52537]],[[-121.9256,36.52525],[-121.9256,36.52525]],[[-121.92574,36.52503],[-121.92574,36.52503]],[[-121.92588,36.52492],[-121.92588,36.52492]],[[-121.92602,36.52469],[-121.92602,36.52469]],[[-121.92616,36.52458],[-121.92616,36.52458]],[[-121.94709,36.52446],[-121.94723,36.52424],[-121.94695,36.52413],[-121.94681,36.52424],[-121.94709,36.52446]],[[-121.9263,36.52446],[-121.9263,36.52446]],[[-121.94695,36.52435],[-121.94695,36.52435]],[[-121.95481,36.52424],[-121.95481,36.52424]],[[-121.95453,36.52424],[-121.95453,36.52424]],[[-121.92644,36.52424],[-121.92644,36.52424]],[[-121.95439,36.52413],[-121.95439,36.52413]],[[-121.92658,36.52413],[-121.92658,36.52413]],[[-121.95425,36.52401],[-121.95425,36.52401]],[[-121.95327,36.52401],[-121.95327,36.52401]],[[-121.95298,36.52401],[-121.95298,36.52401]],[[-121.94695,36.52401],[-121.94709,36.5239],[-121.94695,36.52379],[-121.94681,36.5239],[-121.94695,36.52401]],[[-121.95284,36.5239],[-121.95284,36.5239]],[[-121.94821,36.5239],[-121.94821,36.5239]],[[-121.94793,36.5239],[-121.94793,36.5239]],[[-121.93431,36.5239],[-121.93431,36.5239]],[[-121.92672,36.5239],[-121.92672,36.5239]],[[-121.95467,36.52379],[-121.95467,36.52379]],[[-121.95411,36.52379],[-121.95411,36.52379]],[[-121.9527,36.52379],[-121.9527,36.52379]],[[-121.94849,36.52379],[-121.94849,36.52379]],[[-121.94765,36.52379],[-121.94765,36.52379]],[[-121.93417,36.52379],[-121.93417,36.52379]],[[-121.93332,36.52379],[-121.93332,36.52379]],[[-121.93037,36.52379],[-121.93037,36.52379]],[[-121.92686,36.52379],[-121.92686,36.52379]],[[-121.95327,36.52367],[-121.95327,36.52367]],[[-121.95256,36.52367],[-121.95256,36.52367]],[[-121.94877,36.52367],[-121.94877,36.52367]],[[-121.94863,36.52367],[-121.94863,36.52367]],[[-121.94737,36.52367],[-121.94737,36.52367]],[[-121.93669,36.52367],[-121.93669,36.52367]],[[-121.93346,36.52367],[-121.93346,36.52367]],[[-121.93065,36.52367],[-121.93065,36.52367]],[[-121.93023,36.52367],[-121.93023,36.52367]],[[-121.95397,36.52356],[-121.95397,36.52356]],[[-121.95383,36.52345],[-121.95383,36.52345]],[[-121.95242,36.52356],[-121.95242,36.52356]],[[-121.94723,36.52356],[-121.94723,36.52356]],[[-121.93402,36.52356],[-121.93402,36.52356]],[[-121.93388,36.52356],[-121.93388,36.52356]],[[-121.93192,36.52356],[-121.93192,36.52356]],[[-121.93164,36.52356],[-121.93164,36.52356]],[[-121.93122,36.52356],[-121.93122,36.52356]],[[-121.93079,36.52356],[-121.93079,36.52356]],[[-121.93009,36.52356],[-121.93009,36.52356]],[[-121.927,36.52356],[-121.927,36.52356]],[[-121.95355,36.52345],[-121.95355,36.52345]],[[-121.95228,36.52345],[-121.95228,36.52345]],[[-121.94709,36.52345],[-121.94709,36.52345]],[[-121.93711,36.52345],[-121.93711,36.52345]],[[-121.93655,36.52345],[-121.93655,36.52345]],[[-121.93613,36.52345],[-121.93613,36.52345]],[[-121.93304,36.52345],[-121.93304,36.52345]],[[-121.93234,36.52345],[-121.93234,36.52345]],[[-121.9322,36.52345],[-121.9322,36.52345]],[[-121.9315,36.52345],[-121.9315,36.52345]],[[-121.92995,36.52345],[-121.92995,36.52345]],[[-121.92714,36.52345],[-121.92714,36.52345]],[[-121.95341,36.52334],[-121.95341,36.52334]],[[-121.95214,36.52334],[-121.95214,36.52334]],[[-121.94695,36.52334],[-121.94695,36.52334]],[[-121.94091,36.52334],[-121.94119,36.52277],[-121.94105,36.52255],[-121.94063,36.52277],[-121.94063,36.52322],[-121.94091,36.52334]],[[-121.93768,36.52334],[-121.93768,36.52334]],[[-121.9329,36.52334],[-121.9329,36.52334]],[[-121.93262,36.52334],[-121.93262,36.52334]],[[-121.92728,36.52334],[-121.92728,36.52334]],[[-121.95327,36.52322],[-121.95327,36.52322]],[[-121.952,36.52322],[-121.952,36.52322]],[[-121.94666,36.52322],[-121.94666,36.52322]],[[-121.93599,36.52322],[-121.93599,36.52322]],[[-121.92742,36.52322],[-121.92742,36.52322]],[[-121.95509,36.52311],[-121.95523,36.523],[-121.95509,36.52288],[-121.95495,36.523],[-121.95509,36.52311]],[[-121.95369,36.523],[-121.95369,36.523]],[[-121.95172,36.52311],[-121.95172,36.52311]],[[-121.94652,36.52311],[-121.94652,36.52311]],[[-121.9374,36.52311],[-121.9374,36.52311]],[[-121.93585,36.52311],[-121.93585,36.52311]],[[-121.92756,36.52311],[-121.92756,36.52311]],[[-121.95158,36.523],[-121.95158,36.523]],[[-121.94638,36.523],[-121.94638,36.523]],[[-121.93571,36.523],[-121.93557,36.52288],[-121.93571,36.523]],[[-121.93557,36.52288],[-121.93557,36.52288]],[[-121.92785,36.523],[-121.92785,36.523]],[[-121.9513,36.52288],[-121.9513,36.52288]],[[-121.94596,36.52288],[-121.94596,36.52288]],[[-121.94105,36.52288],[-121.94105,36.52288]],[[-121.93754,36.52288],[-121.93754,36.52288]],[[-121.93529,36.52288],[-121.93529,36.52288]],[[-121.93501,36.52288],[-121.93501,36.52288]],[[-121.9336,36.52288],[-121.9336,36.52288]],[[-121.92967,36.52288],[-121.92967,36.52288]],[[-121.92799,36.52288],[-121.92799,36.52288]],[[-121.95481,36.52277],[-121.95481,36.52277]],[[-121.95369,36.52277],[-121.95369,36.52277]],[[-121.95355,36.52266],[-121.95341,36.52255],[-121.95355,36.52266]],[[-121.95116,36.52277],[-121.95116,36.52277]],[[-121.93796,36.52277],[-121.93796,36.52277]],[[-121.93768,36.52277],[-121.93768,36.52277]],[[-121.92953,36.52277],[-121.92953,36.52277]],[[-121.92827,36.52277],[-121.92827,36.52277]],[[-121.95453,36.52266],[-121.95453,36.52266]],[[-121.95425,36.52266],[-121.95425,36.52266]],[[-121.95341,36.52255],[-121.95341,36.52255]],[[-121.94905,36.52266],[-121.94905,36.52266]],[[-121.94568,36.52266],[-121.94568,36.52266]],[[-121.93529,36.52255],[-121.93529,36.52255]],[[-121.93374,36.52266],[-121.93374,36.52266]],[[-121.92911,36.52266],[-121.92911,36.52266]],[[-121.92869,36.52266],[-121.92869,36.52266]],[[-121.95509,36.52255],[-121.95509,36.52255]],[[-121.95102,36.52255],[-121.95102,36.52255]],[[-121.94947,36.52255],[-121.94947,36.52255]],[[-121.94554,36.52255],[-121.94554,36.52255]],[[-121.93388,36.52255],[-121.93388,36.52255]],[[-121.94849,36.52243],[-121.94849,36.52243]],[[-121.9454,36.52243],[-121.9454,36.52243]],[[-121.93402,36.52243],[-121.93402,36.52243]],[[-121.95088,36.52232],[-121.95088,36.52232]],[[-121.94835,36.52232],[-121.94835,36.52232]],[[-121.94498,36.52232],[-121.94498,36.52232]],[[-121.93487,36.52232],[-121.93487,36.52232]],[[-121.93417,36.52232],[-121.93417,36.52232]],[[-121.95074,36.52221],[-121.95074,36.52221]],[[-121.9447,36.52221],[-121.9447,36.52221]],[[-121.9506,36.52209],[-121.9506,36.52209]],[[-121.9374,36.52209],[-121.9374,36.52209]],[[-121.93726,36.52198],[-121.93726,36.52198]],[[-121.94442,36.52198],[-121.94442,36.52198]],[[-121.94091,36.52198],[-121.94091,36.52198]],[[-121.94063,36.52198],[-121.94063,36.52198]],[[-121.95032,36.52176],[-121.95032,36.52176]],[[-121.94119,36.52176],[-121.94119,36.52176]],[[-121.94105,36.52164],[-121.94105,36.52164]],[[-121.95018,36.52164],[-121.95018,36.52164]],[[-121.9499,36.52164],[-121.9499,36.52164]],[[-121.94175,36.52164],[-121.94175,36.52164]],[[-121.94161,36.52164],[-121.94161,36.52164]],[[-121.94456,36.52153],[-121.94456,36.52153]],[[-121.94063,36.52153],[-121.94063,36.52153]],[[-121.95397,36.52142],[-121.95397,36.52142]],[[-121.94049,36.52142],[-121.94049,36.52142]],[[-121.94975,36.5213],[-121.94975,36.5213]],[[-121.94034,36.5213],[-121.94034,36.5213]],[[-121.93711,36.5213],[-121.93711,36.5213]],[[-121.93641,36.5213],[-121.93641,36.5213]],[[-121.94961,36.52119],[-121.94961,36.52119]],[[-121.94947,36.52119],[-121.94947,36.52119]],[[-121.9402,36.52119],[-121.9402,36.52119]],[[-121.93697,36.52108],[-121.93697,36.52108]],[[-121.93655,36.52108],[-121.93655,36.52108]],[[-121.94231,36.52097],[-121.94231,36.52097]],[[-121.93683,36.52097],[-121.93683,36.52097]],[[-121.94456,36.52085],[-121.94456,36.52085]],[[-121.94428,36.52085],[-121.94428,36.52085]],[[-121.944,36.52085],[-121.944,36.52085]],[[-121.94245,36.52085],[-121.94245,36.52085]],[[-121.94343,36.52074],[-121.94343,36.52074]],[[-121.94329,36.52074],[-121.94329,36.52074]],[[-121.95172,36.52051],[-121.95172,36.52051]],[[-121.93683,36.51995],[-121.93683,36.51995]],[[-121.93711,36.51984],[-121.93711,36.51984]],[[-121.93697,36.51984],[-121.93697,36.51984]],[[-121.94091,36.51972],[-121.94091,36.51972]],[[-121.95397,36.51961],[-121.95397,36.51961]],[[-121.95355,36.51961],[-121.95355,36.51961]],[[-121.95327,36.51961],[-121.95327,36.51961]],[[-121.9513,36.51961],[-121.9513,36.51961]],[[-121.94077,36.51961],[-121.94077,36.51961]],[[-121.95411,36.5195],[-121.95411,36.5195]],[[-121.95298,36.5195],[-121.95298,36.5195]],[[-121.94063,36.5195],[-121.94063,36.5195]],[[-121.93726,36.5195],[-121.93726,36.5195]],[[-121.95284,36.51939],[-121.95284,36.51939]],[[-121.95144,36.51939],[-121.95144,36.51939]],[[-121.94034,36.51939],[-121.94034,36.51939]],[[-121.95397,36.51927],[-121.95397,36.51927]],[[-121.95158,36.51927],[-121.95158,36.51927]],[[-121.9402,36.51927],[-121.9402,36.51927]],[[-121.9374,36.51927],[-121.9374,36.51927]],[[-121.95411,36.51916],[-121.95411,36.51916]],[[-121.9527,36.51916],[-121.9527,36.51916]],[[-121.94006,36.51916],[-121.94006,36.51916]],[[-121.93768,36.51916],[-121.93768,36.51916]],[[-121.95453,36.51905],[-121.95453,36.51905]],[[-121.95256,36.51905],[-121.95256,36.51905]],[[-121.95172,36.51905],[-121.95172,36.51905]],[[-121.93964,36.51905],[-121.93964,36.51905]],[[-121.93782,36.51905],[-121.93782,36.51905]],[[-121.95228,36.51893],[-121.95228,36.51893]],[[-121.95186,36.51893],[-121.95186,36.51893]],[[-121.93922,36.51893],[-121.93922,36.51893]],[[-121.93838,36.51893],[-121.93838,36.51893]],[[-121.95537,36.5186],[-121.95551,36.51848],[-121.95537,36.51826],[-121.95523,36.51848],[-121.95537,36.5186]],[[-121.95607,36.51803],[-121.95622,36.51792],[-121.95622,36.51735],[-121.95579,36.51702],[-121.95565,36.51713],[-121.95565,36.51758],[-121.95607,36.51803]],[[-121.95256,36.51803],[-121.95256,36.51803]],[[-121.95593,36.51792],[-121.95593,36.51792]],[[-121.95664,36.51769],[-121.9565,36.51758],[-121.95664,36.51747]],[[-121.95579,36.51769],[-121.95579,36.51769]],[[-121.95228,36.51735],[-121.95228,36.51735]],[[-121.95242,36.51713],[-121.95242,36.51713]],[[-121.9499,36.51668],[-121.9499,36.51668]],[[-121.9513,36.51645],[-121.9513,36.51645]],[[-121.94428,36.51318],[-121.94428,36.51318]],[[-121.94428,36.51273],[-121.94428,36.51273]],[[-121.94386,36.51273],[-121.94386,36.51273]],[[-121.94414,36.51262],[-121.94414,36.51262]],[[-121.944,36.5125],[-121.944,36.5125]],[[-121.94386,36.51239],[-121.94386,36.51239]],[[-121.94217,36.51183],[-121.94217,36.51183]],[[-121.94231,36.51171],[-121.94231,36.51171]],[[-121.94189,36.51115],[-121.94189,36.51104],[-121.94189,36.51115]],[[-121.94189,36.51104],[-121.94189,36.51104]],[[-121.94189,36.51036],[-121.94189,36.51036]],[[-121.94203,36.51013],[-121.94203,36.51013]],[[-121.94259,36.50979],[-121.94259,36.50979]],[[-121.94217,36.50912],[-121.94217,36.50912]],[[-121.94287,36.509],[-121.94301,36.50889],[-121.94287,36.50878],[-121.94273,36.50889],[-121.94287,36.509]],[[-121.94273,36.50889],[-121.94287,36.50878],[-121.94273,36.50867],[-121.94259,36.50878],[-121.94273,36.50889]],[[-121.94329,36.5081],[-121.94329,36.5081]],[[-121.94273,36.5081],[-121.94273,36.5081]],[[-121.94259,36.50799],[-121.94259,36.50799]],[[-121.94217,36.50799],[-121.94217,36.50799]],[[-121.94175,36.50799],[-121.94175,36.50799]],[[-121.94161,36.50799],[-121.94161,36.50799]],[[-121.94105,36.50799],[-121.94105,36.50799]],[[-121.94091,36.50799],[-121.94091,36.50799]],[[-121.94259,36.50697],[-121.94343,36.50765],[-121.94456,36.50731],[-121.94456,36.50754],[-121.94484,36.50776],[-121.94512,36.50754],[-121.94512,36.5072],[-121.94484,36.50697]],[[-121.94245,36.50776],[-121.94245,36.50776]],[[-121.94498,36.50765],[-121.94498,36.50765]],[[-121.94231,36.50765],[-121.94231,36.50765]],[[-121.94386,36.50754],[-121.94386,36.50754]],[[-121.94414,36.50742],[-121.94414,36.50742]],[[-121.94442,36.50731],[-121.94442,36.50731]],[[-121.94049,36.50697],[-121.94034,36.50697]],[[-121.93964,36.50697],[-121.93964,36.50697]]]},"properties":{"depth_m":250}},{"type":"Feature","geometry":{"type":"MultiLineString","coordinates":[[[-121.95467,36.56103],[-121.95411,36.56091],[-121.95383,36.56058],[-121.95355,36.5608],[-121.95327,36.5608],[-121.95298,36.56035],[-121.95256,36.56035],[-121.95214,36.56069],[-121.95186,36.56058],[-121.95172,36.56091],[-121.95144,36.56103]],[[-121.94091,36.56103],[-121.94105,36.5608],[-121.94077,36.56058],[-121.94063,36.5608],[-121.9402,36.5608],[-121.93992,36.56103]],[[-121.93894,36.56103],[-121.93908,36.56091],[-121.9395,36.56103],[-121.93964,36.5608],[-121.93978,36.56103]],[[-121.93571,36.56103],[-121.93557,36.56091],[-121.93515,36.56103],[-121.93487,36.5608],[-121.93417,36.5608],[-121.93276,36.55933],[-121.9322,36.55742],[-121.93108,36.55505],[-121.93108,36.55437],[-121.93065,36.55324],[-121.93051,36.55211],[-121.93009,36.5511],[-121.92981,36.5485],[-121.92967,36.54839],[-121.92981,36.54681],[-121.93037,36.54591],[-121.93136,36.54512],[-121.93164,36.54534],[-121.93248,36.54455],[-121.93262,36.54455],[-121.93248,36.54466],[-121.93276,36.54489],[-121.93304,36.54478],[-121.93304,36.54455],[-121.93346,36.54478],[-121.93388,36.54466],[-121.93388,36.54433],[-121.9336,36.5441],[-121.93388,36.54421],[-121.93431,36.54387],[-121.93417,36.54365],[-121.93431,36.54354],[-121.93417,36.54342],[-121.93402,36.54354],[-121.93388,36.54331],[-121.93402,36.5432],[-121.93374,36.54297],[-121.93346,36.54297],[-121.93374,36.54275],[-121.93346,36.54252],[-121.93332,36.54173],[-121.93304,36.54162],[-121.93332,36.54128],[-121.93431,36.54139],[-121.93445,36.54117],[-121.9336,36.54094],[-121.93346,36.54083],[-121.9336,36.5406],[-121.93346,36.54049],[-121.93332,36.5406],[-121.93318,36.54038],[-121.93304,36.54049],[-121.9329,36.54038],[-121.9329,36.54026],[-121.93318,36.54038],[-121.93346,36.54015],[-121.9329,36.5397],[-121.9329,36.53936],[-121.93248,36.53891],[-121.9322,36.53913],[-121.93178,36.53902],[-121.93136,36.53947],[-121.93051,36.53936],[-121.92981,36.53868],[-121.92883,36.53733],[-121.92869,36.53609],[-121.92855,36.53597],[-121.92855,36.53518],[-121.92841,36.53507],[-121.92841,36.53439],[-121.92855,36.53428],[-121.92827,36.53417],[-121.92841,36.53394],[-121.92813,36.53327],[-121.92799,36.53315],[-121.92785,36.53327],[-121.92799,36.53315],[-121.92756,36.53304],[-121.92742,36.5327],[-121.927,36.53248],[-121.927,36.53146],[-121.9263,36.5309],[-121.92574,36.52999],[-121.92574,36.5292],[-121.92602,36.52909],[-121.9263,36.52808],[-121.92588,36.52785],[-121.92574,36.52751],[-121.92588,36.52729],[-121.92532,36.52672],[-121.92532,36.52582],[-121.92546,36.52571],[-121.92546,36.52537],[-121.927,36.52356],[-121.92799,36.52288],[-121.92869,36.52266],[-121.92953,36.52277],[-121.92967,36.52288],[-121.92967,36.52334],[-121.92995,36.52345],[-121.92981,36.52356],[-121.92995,36.52367],[-121.93009,36.52356],[-121.93051,36.5239],[-121.93079,36.52356],[-121.93108,36.52367],[-121.9315,36.52345],[-121.93178,36.52367],[-121.9329,36.52334],[-121.93318,36.52401],[-121.93346,36.52367],[-121.93402,36.52356],[-121.93445,36.52401],[-121.93473,36.52401],[-121.93487,36.52367],[-121.93445,36.52334],[-121.93388,36.52322],[-121.9336,36.52288],[-121.93417,36.52232],[-121.93487,36.52232],[-121.93487,36.52266],[-121.93473,36.52277],[-121.93487,36.52288],[-121.93515,36.523],[-121.93529,36.52288],[-121.93543,36.52322],[-121.93571,36.523],[-121.93627,36.52356],[-121.93655,36.52345],[-121.93697,36.52379],[-121.93711,36.52345],[-121.9374,36.52334],[-121.93754,36.52345],[-121.93782,36.52322],[-121.93768,36.52311],[-121.9374,36.52334],[-121.9374,36.52311],[-121.93754,36.52322],[-121.93768,36.52311],[-121.93754,36.523],[-121.9374,36.52311],[-121.93754,36.52288],[-121.93768,36.52277],[-121.93782,36.52288],[-121.9381,36.52266],[-121.9374,36.52209],[-121.93768,36.52198],[-121.93754,36.52187],[-121.93697,36.52164],[-121.93669,36.52176],[-121.93641,36.5213],[-121.93683,36.52097],[-121.93726,36.52142],[-121.93782,36.5213],[-121.93782,36.52085],[-121.93754,36.5204],[-121.9374,36.52029],[-121.93726,36.5204],[-121.93683,36.51995],[-121.9374,36.51984],[-121.93726,36.5195],[-121.9374,36.51927],[-121.93838,36.51893],[-121.93922,36.51893],[-121.94006,36.51916],[-121.94091,36.51972],[-121.94006,36.52074],[-121.93992,36.52119],[-121.94006,36.5213],[-121.9402,36.52119],[-121.94063,36.52153],[-121.94049,36.52187],[-121.94077,36.52209],[-121.94091,36.52198],[-121.94105,36.52221],[-121.94133,36.52209],[-121.94119,36.52176],[-121.94245,36.52164],[-121.94231,36.5213],[-121.94231,36.52097],[-121.94245,36.52085],[-121.94343,36.52074],[-121.94414,36.52097],[-121.94456,36.52085],[-121.94456,36.5213],[-121.94442,36.52142],[-121.94456,36.52153],[-121.94428,36.52164],[-121.94442,36.52209],[-121.9454,36.52243],[-121.94582,36.52288],[-121.94638,36.523],[-121.94807,36.52401],[-121.94863,36.52367],[-121.94891,36.52379],[-121.94905,36.52367],[-121.94905,36.52322],[-121.94835,36.52255],[-121.94835,36.52232],[-121.94863,36.52266],[-121.94919,36.52277],[-121.94961,36.52266],[-121.94947,36.52255],[-121.94961,36.52243],[-121.94961,36.52142],[-121.94947,36.52119],[-121.94961,36.52119],[-121.94975,36.52153],[-121.95004,36.52176],[-121.95018,36.52164],[-121.95032,36.52198],[-121.95088,36.52232],[-121.95102,36.52266],[-121.95313,36.52413],[-121.95341,36.5239],[-121.95327,36.52322],[-121.95369,36.52367],[-121.95397,36.52356],[-121.95411,36.5239],[-121.95467,36.52435],[-121.95495,36.52413],[-121.95467,36.52379],[-121.95495,36.52367],[-121.95369,36.52277],[-121.95453,36.52266],[-121.95495,36.52288],[-121.95523,36.52232],[-121.95453,36.52187],[-121.95439,36.52198],[-121.95439,36.52176],[-121.95397,36.52153],[-121.95411,36.52119],[-121.95313,36.52063],[-121.95256,36.5204],[-121.95172,36.52051],[-121.95186,36.5204],[-121.95186,36.52006],[-121.95158,36.51972],[-121.9513,36.51972],[-121.95186,36.51893],[-121.95256,36.51905],[-121.95341,36.51972],[-121.95439,36.5195],[-121.95453,36.51939],[-121.95425,36.51916],[-121.95397,36.51939],[-121.95411,36.51916],[-121.95439,36.51916],[-121.95467,36.51893],[-121.95425,36.51792],[-121.95369,36.51747],[-121.95327,36.51747],[-121.95298,36.51769],[-121.95298,36.51814],[-121.95242,36.51814],[-121.95242,36.51792],[-121.9527,36.51814],[-121.95284,36.51803],[-121.9527,36.51781],[-121.95242,36.51792],[-121.95228,36.51758],[-121.95256,36.5169],[-121.95186,36.51645],[-121.95158,36.51668],[-121.9513,36.51645],[-121.95144,36.51623],[-121.9513,36.51611],[-121.95074,36.51657],[-121.95046,36.51702],[-121.95004,36.51713],[-121.9499,36.5169],[-121.95004,36.51634],[-121.94961,36.516],[-121.94961,36.51566],[-121.94933,36.51544],[-121.94905,36.51544],[-121.94891,36.51566],[-121.94877,36.51521],[-121.94821,36.51487],[-121.94807,36.51397],[-121.94779,36.51374],[-121.94765,36.51386],[-121.94737,36.51341],[-121.94695,36.51352],[-121.94666,36.51318],[-121.9461,36.51307],[-121.94568,36.51318],[-121.94568,36.51295],[-121.9454,36.51273],[-121.94498,36.51273],[-121.94428,36.51318],[-121.94442,36.51307],[-121.94428,36.51295],[-121.944,36.51307],[-121.94386,36.51273],[-121.944,36.5125],[-121.94456,36.51284],[-121.9447,36.5125],[-121.94414,36.51205],[-121.94372,36.51183],[-121.94329,36.51194],[-121.94315,36.51171],[-121.94217,36.51183],[-121.94245,36.5116],[-121.94245,36.51137],[-121.94217,36.51092],[-121.94231,36.51104],[-121.94245,36.51092],[-121.94231,36.51081],[-121.94217,36.51092],[-121.94217,36.5107],[-121.94189,36.51036],[-121.94203,36.51013],[-121.94259,36.51002],[-121.94273,36.50968],[-121.94231,36.50946],[-121.94217,36.50912],[-121.94273,36.509],[-121.94231,36.50844],[-121.94217,36.50867],[-121.94203,36.50833],[-121.94119,36.50844],[-121.94091,36.50799],[-121.94203,36.5081],[-121.94231,36.50788],[-121.94231,36.50765],[-121.94287,36.50821],[-121.94315,36.50821],[-121.94343,36.50788],[-121.94245,36.5072],[-121.94245,36.50697]],[[-121.95228,36.5608],[-121.95228,36.5608]],[[-121.92967,36.54737],[-121.92967,36.54737]],[[-121.92981,36.54681],[-121.92981,36.54681]],[[-121.92995,36.54658],[-121.92995,36.54658]],[[-121.93009,36.54636],[-121.93009,36.54636]],[[-121.93023,36.54613],[-121.93023,36.54613]],[[-121.93037,36.54591],[-121.93037,36.54591]],[[-121.93051,36.54579],[-121.93051,36.54579]],[[-121.93065,36.54568],[-121.93065,36.54568]],[[-121.93079,36.54557],[-121.93079,36.54557]],[[-121.93094,36.54545],[-121.93094,36.54545]],[[-121.93108,36.54534],[-121.93108,36.54534]],[[-121.93178,36.54523],[-121.93178,36.54523]],[[-121.93122,36.54523],[-121.93122,36.54523]],[[-121.93136,36.54512],[-121.93136,36.54512]],[[-121.93192,36.545],[-121.93192,36.545]],[[-121.93206,36.54489],[-121.93206,36.54489]],[[-121.93262,36.54478],[-121.93262,36.54478]],[[-121.9322,36.54478],[-121.9322,36.54478]],[[-121.93332,36.54466],[-121.93332,36.54466]],[[-121.93234,36.54466],[-121.93234,36.54466]],[[-121.93304,36.54455],[-121.93304,36.54455]],[[-121.93262,36.54455],[-121.93262,36.54455]],[[-121.93248,36.54455],[-121.93248,36.54455]],[[-121.93402,36.5441],[-121.93402,36.5441]],[[-121.93374,36.5441],[-121.93374,36.5441]],[[-121.9336,36.5441],[-121.9336,36.5441]],[[-121.93417,36.54399],[-121.93417,36.54399]],[[-121.93417,36.54365],[-121.93417,36.54365]],[[-121.93445,36.54354],[-121.93473,36.54331],[-121.93431,36.54308],[-121.93417,36.54331],[-121.93445,36.54354]],[[-121.93459,36.54342],[-121.93459,36.54342]],[[-121.93431,36.54342],[-121.93431,36.54342]],[[-121.93388,36.54331],[-121.93388,36.54331]],[[-121.93346,36.54286],[-121.93346,36.54286]],[[-121.93304,36.54162],[-121.93304,36.54162]],[[-121.93318,36.5415],[-121.93318,36.5415]],[[-121.9336,36.54128],[-121.9336,36.54128]],[[-121.93332,36.54128],[-121.93332,36.54128]],[[-121.93346,36.54071],[-121.93346,36.54071]],[[-121.93445,36.54049],[-121.93459,36.54038],[-121.93445,36.54026],[-121.93431,36.54038],[-121.93445,36.54049]],[[-121.93332,36.54026],[-121.93332,36.54026]],[[-121.93304,36.54026],[-121.93304,36.54026]],[[-121.9329,36.54026],[-121.9329,36.54026]],[[-121.95664,36.53751],[-121.95537,36.53708],[-121.95397,36.5369],[-121.95256,36.53709],[-121.95186,36.53735],[-121.94961,36.53701],[-121.94877,36.53737],[-121.94779,36.53679],[-121.94772,36.53665],[-121.94823,36.53597],[-121.94765,36.53547],[-121.94638,36.53489],[-121.94596,36.53446],[-121.94484,36.53401],[-121.94386,36.53306],[-121.94273,36.53295],[-121.94198,36.53259],[-121.94203,36.53235],[-121.94231,36.53219],[-121.94386,36.53213],[-121.94428,36.53231],[-121.9447,36.53175],[-121.94512,36.53205],[-121.94807,36.53273],[-121.95032,36.53344],[-121.95088,36.53309],[-121.95228,36.53312],[-121.95397,36.53166],[-121.95509,36.53183],[-121.95664,36.53091]],[[-121.94807,36.53631],[-121.94807,36.53631]],[[-121.92841,36.53439],[-121.92841,36.53439]],[[-121.92827,36.53417],[-121.92827,36.53417]],[[-121.92785,36.53327],[-121.92785,36.53327]],[[-121.9461,36.53225],[-121.9461,36.53225]],[[-121.92574,36.5292],[-121.92574,36.5292]],[[-121.92602,36.52875],[-121.92602,36.52875]],[[-121.92616,36.5283],[-121.92616,36.5283]],[[-121.92574,36.52751],[-121.92574,36.52751]],[[-121.92532,36.52582],[-121.92532,36.52582]],[[-121.92546,36.52537],[-121.92546,36.52537]],[[-121.9256,36.52525],[-121.9256,36.52525]],[[-121.92574,36.52503],[-121.92574,36.52503]],[[-121.92588,36.52492],[-121.92588,36.52492]],[[-121.92602,36.52469],[-121.92602,36.52469]],[[-121.92616,36.52458],[-121.92616,36.52458]],[[-121.94709,36.52446],[-121.94723,36.52424],[-121.94695,36.52413],[-121.94681,36.52424],[-121.94709,36.52446]],[[-121.9263,36.52446],[-121.9263,36.52446]],[[-121.94695,36.52435],[-121.94695,36.52435]],[[-121.95481,36.52424],[-121.95481,36.52424]],[[-121.95453,36.52424],[-121.95453,36.52424]],[[-121.92644,36.52424],[-121.92644,36.52424]],[[-121.95439,36.52413],[-121.95439,36.52413]],[[-121.92658,36.52413],[-121.92658,36.52413]],[[-121.95425,36.52401],[-121.95425,36.52401]],[[-121.95327,36.52401],[-121.95327,36.52401]],[[-121.95298,36.52401],[-121.95298,36.52401]],[[-121.94695,36.52401],[-121.94709,36.5239],[-121.94695,36.52379],[-121.94681,36.5239],[-121.94695,36.52401]],[[-121.95284,36.5239],[-121.95284,36.5239]],[[-121.94821,36.5239],[-121.94821,36.5239]],[[-121.94793,36.5239],[-121.94793,36.5239]],[[-121.93431,36.5239],[-121.93431,36.5239]],[[-121.92672,36.5239],[-121.92672,36.5239]],[[-121.95467,36.52379],[-121.95467,36.52379]],[[-121.95411,36.52379],[-121.95411,36.52379]],[[-121.9527,36.52379],[-121.9527,36.52379]],[[-121.94849,36.52379],[-121.94849,36.52379]],[[-121.94765,36.52379],[-121.94765,36.52379]],[[-121.93417,36.52379],[-121.93417,36.52379]],[[-121.93332,36.52379],[-121.93332,36.52379]],[[-121.93037,36.52379],[-121.93037,36.52379]],[[-121.92686,36.52379],[-121.92686,36.52379]],[[-121.95327,36.52367],[-121.95327,36.52367]],[[-121.95256,36.52367],[-121.95256,36.52367]],[[-121.94877,36.52367],[-121.94877,36.52367]],[[-121.94863,36.52367],[-121.94863,36.52367]],[[-121.94737,36.52367],[-121.94737,36.52367]],[[-121.93669,36.52367],[-121.93669,36.52367]],[[-121.93346,36.52367],[-121.93346,36.52367]],[[-121.93065,36.52367],[-121.93065,36.52367]],[[-121.93023,36.52367],[-121.93023,36.52367]],[[-121.95397,36.52356],[-121.95397,36.52356]],[[-121.95383,36.52345],[-121.95383,36.52345]],[[-121.95242,36.52356],[-121.95242,36.52356]],[[-121.94723,36.52356],[-121.94723,36.52356]],[[-121.93402,36.52356],[-121.93402,36.52356]],[[-121.93388,36.52356],[-121.93388,36.52356]],[[-121.93192,36.52356],[-121.93192,36.52356]],[[-121.93164,36.52356],[-121.93164,36.52356]],[[-121.93122,36.52356],[-121.93122,36.52356]],[[-121.93079,36.52356],[-121.93079,36.52356]],[[-121.93009,36.52356],[-121.93009,36.52356]],[[-121.927,36.52356],[-121.927,36.52356]],[[-121.95355,36.52345],[-121.95355,36.52345]],[[-121.95228,36.52345],[-121.95228,36.52345]],[[-121.94709,36.52345],[-121.94709,36.52345]],[[-121.93711,36.52345],[-121.93711,36.52345]],[[-121.93655,36.52345],[-121.93655,36.52345]],[[-121.93613,36.52345],[-121.93613,36.52345]],[[-121.93304,36.52345],[-121.93304,36.52345]],[[-121.93234,36.52345],[-121.93234,36.52345]],[[-121.9322,36.52345],[-121.9322,36.52345]],[[-121.9315,36.52345],[-121.9315,36.52345]],[[-121.92995,36.52345],[-121.92995,36.52345]],[[-121.92714,36.52345],[-121.92714,36.52345]],[[-121.95341,36.52334],[-121.95341,36.52334]],[[-121.95214,36.52334],[-121.95214,36.52334]],[[-121.94695,36.52334],[-121.94695,36.52334]],[[-121.94091,36.52334],[-121.94119,36.52277],[-121.94105,36.52255],[-121.94063,36.52277],[-121.94063,36.52322],[-121.94091,36.52334]],[[-121.93768,36.52334],[-121.93768,36.52334]],[[-121.9329,36.52334],[-121.9329,36.52334]],[[-121.93262,36.52334],[-121.93262,36.52334]],[[-121.92728,36.52334],[-121.92728,36.52334]],[[-121.95327,36.52322],[-121.95327,36.52322]],[[-121.952,36.52322],[-121.952,36.52322]],[[-121.94666,36.52322],[-121.94666,36.52322]],[[-121.93599,36.52322],[-121.93599,36.52322]],[[-121.92742,36.52322],[-121.92742,36.52322]],[[-121.95509,36.52311],[-121.95523,36.523],[-121.95509,36.52288],[-121.95495,36.523],[-121.95509,36.52311]],[[-121.95369,36.523],[-121.95369,36.523]],[[-121.95172,36.52311],[-121.95172,36.52311]],[[-121.94652,36.52311],[-121.94652,36.52311]],[[-121.9374,36.52311],[-121.9374,36.52311]],[[-121.93585,36.52311],[-121.93585,36.52311]],[[-121.92756,36.52311],[-121.92756,36.52311]],[[-121.95158,36.523],[-121.95158,36.523]],[[-121.94638,36.523],[-121.94638,36.523]],[[-121.93571,36.523],[-121.93557,36.52288],[-121.93571,36.523]],[[-121.93557,36.52288],[-121.93557,36.52288]],[[-121.92785,36.523],[-121.92785,36.523]],[[-121.9513,36.52288],[-121.9513,36.52288]],[[-121.94596,36.52288],[-121.94596,36.52288]],[[-121.94105,36.52288],[-121.94105,36.52288]],[[-121.93754,36.52288],[-121.93754,36.52288]],[[-121.93529,36.52288],[-121.93529,36.52288]],[[-121.93501,36.52288],[-121.93501,36.52288]],[[-121.9336,36.52288],[-121.9336,36.52288]],[[-121.92967,36.52288],[-121.92967,36.52288]],[[-121.92799,36.52288],[-121.92799,36.52288]],[[-121.95481,36.52277],[-121.95481,36.52277]],[[-121.95369,36.52277],[-121.95369,36.52277]],[[-121.95355,36.52266],[-121.95341,36.52255],[-121.95355,36.52266]],[[-121.95116,36.52277],[-121.95116,36.52277]],[[-121.93796,36.52277],[-121.93796,36.52277]],[[-121.93768,36.52277],[-121.93768,36.52277]],[[-121.92953,36.52277],[-121.92953,36.52277]],[[-121.92827,36.52277],[-121.92827,36.52277]],[[-121.95453,36.52266],[-121.95453,36.52266]],[[-121.95425,36.52266],[-121.95425,36.52266]],[[-121.95341,36.52255],[-121.95341,36.52255]],[[-121.94905,36.52266],[-121.94905,36.52266]],[[-121.94568,36.52266],[-121.94568,36.52266]],[[-121.93529,36.52255],[-121.93529,36.52255]],[[-121.93374,36.52266],[-121.93374,36.52266]],[[-121.92911,36.52266],[-121.92911,36.52266]],[[-121.92869,36.52266],[-121.92869,36.52266]],[[-121.95509,36.52255],[-121.95509,36.52255]],[[-121.95102,36.52255],[-121.95102,36.52255]],[[-121.94947,36.52255],[-121.94947,36.52255]],[[-121.94554,36.52255],[-121.94554,36.52255]],[[-121.93388,36.52255],[-121.93388,36.52255]],[[-121.94849,36.52243],[-121.94849,36.52243]],[[-121.9454,36.52243],[-121.9454,36.52243]],[[-121.93402,36.52243],[-121.93402,36.52243]],[[-121.95088,36.52232],[-121.95088,36.52232]],[[-121.94835,36.52232],[-121.94835,36.52232]],[[-121.94498,36.52232],[-121.94498,36.52232]],[[-121.93487,36.52232],[-121.93487,36.52232]],[[-121.93417,36.52232],[-121.93417,36.52232]],[[-121.95074,36.52221],[-121.95074,36.52221]],[[-121.9447,36.52221],[-121.9447,36.52221]],[[-121.9506,36.52209],[-121.9506,36.52209]],[[-121.9374,36.52209],[-121.9374,36.52209]],[[-121.93726,36.52198],[-121.93726,36.52198]],[[-121.94442,36.52198],[-121.94442,36.52198]],[[-121.94091,36.52198],[-121.94091,36.52198]],[[-121.94063,36.52198],[-121.94063,36.52198]],[[-121.95032,36.52176],[-121.95032,36.52176]],[[-121.94119,36.52176],[-121.94119,36.52176]],[[-121.94105,36.52164],[-121.94105,36.52164]],[[-121.95018,36.52164],[-121.95018,36.52164]],[[-121.9499,36.52164],[-121.9499,36.52164]],[[-121.94175,36.52164],[-121.94175,36.52164]],[[-121.94161,36.52164],[-121.94161,36.52164]],[[-121.94456,36.52153],[-121.94456,36.52153]],[[-121.94063,36.52153],[-121.94063,36.52153]],[[-121.95397,36.52142],[-121.95397,36.52142]],[[-121.94049,36.52142],[-121.94049,36.52142]],[[-121.94975,36.5213],[-121.94975,36.5213]],[[-121.94034,36.5213],[-121.94034,36.5213]],[[-121.93711,36.5213],[-121.93711,36.5213]],[[-121.93641,36.5213],[-121.93641,36.5213]],[[-121.94961,36.52119],[-121.94961,36.52119]],[[-121.94947,36.52119],[-121.94947,36.52119]],[[-121.9402,36.52119],[-121.9402,36.52119]],[[-121.93697,36.52108],[-121.93697,36.52108]],[[-121.93655,36.52108],[-121.93655,36.52108]],[[-121.94231,36.52097],[-121.94231,36.52097]],[[-121.93683,36.52097],[-121.93683,36.52097]],[[-121.94456,36.52085],[-121.94456,36.52085]],[[-121.94428,36.52085],[-121.94428,36.52085]],[[-121.944,36.52085],[-121.944,36.52085]],[[-121.94245,36.52085],[-121.94245,36.52085]],[[-121.94343,36.52074],[-121.94343,36.52074]],[[-121.94329,36.52074],[-121.94329,36.52074]],[[-121.95172,36.52051],[-121.95172,36.52051]],[[-121.93683,36.51995],[-121.93683,36.51995]],[[-121.93711,36.51984],[-121.93711,36.51984]],[[-121.93697,36.51984],[-121.93697,36.51984]],[[-121.94091,36.51972],[-121.94091,36.51972]],[[-121.95397,36.51961],[-121.95397,36.51961]],[[-121.95355,36.51961],[-121.95355,36.51961]],[[-121.95327,36.51961],[-121.95327,36.51961]],[[-121.9513,36.51961],[-121.9513,36.51961]],[[-121.94077,36.51961],[-121.94077,36.51961]],[[-121.95411,36.5195],[-121.95411,36.5195]],[[-121.95298,36.5195],[-121.95298,36.5195]],[[-121.94063,36.5195],[-121.94063,36.5195]],[[-121.93726,36.5195],[-121.93726,36.5195]],[[-121.95284,36.51939],[-121.95284,36.51939]],[[-121.95144,36.51939],[-121.95144,36.51939]],[[-121.94034,36.51939],[-121.94034,36.51939]],[[-121.95397,36.51927],[-121.95397,36.51927]],[[-121.95158,36.51927],[-121.95158,36.51927]],[[-121.9402,36.51927],[-121.9402,36.51927]],[[-121.9374,36.51927],[-121.9374,36.51927]],[[-121.95411,36.51916],[-121.95411,36.51916]],[[-121.9527,36.51916],[-121.9527,36.51916]],[[-121.94006,36.51916],[-121.94006,36.51916]],[[-121.93768,36.51916],[-121.93768,36.51916]],[[-121.95453,36.51905],[-121.95453,36.51905]],[[-121.95256,36.51905],[-121.95256,36.51905]],[[-121.95172,36.51905],[-121.95172,36.51905]],[[-121.93964,36.51905],[-121.93964,36.51905]],[[-121.93782,36.51905],[-121.93782,36.51905]],[[-121.95228,36.51893],[-121.95228,36.51893]],[[-121.95186,36.51893],[-121.95186,36.51893]],[[-121.93922,36.51893],[-121.93922,36.51893]],[[-121.93838,36.51893],[-121.93838,36.51893]],[[-121.95537,36.5186],[-121.95551,36.51848],[-121.95537,36.51826],[-121.95523,36.51848],[-121.95537,36.5186]],[[-121.95607,36.51803],[-121.95622,36.51792],[-121.95622,36.51735],[-121.95579,36.51702],[-121.95565,36.51713],[-121.95565,36.51758],[-121.95607,36.51803]],[[-121.95256,36.51803],[-121.95256,36.51803]],[[-121.95593,36.51792],[-121.95593,36.51792]],[[-121.95664,36.51769],[-121.9565,36.51758],[-121.95664,36.51747]],[[-121.95579,36.51769],[-121.95579,36.51769]],[[-121.95228,36.51735],[-121.95228,36.51735]],[[-121.95242,36.51713],[-121.95242,36.51713]],[[-121.9499,36.51668],[-121.9499,36.51668]],[[-121.9513,36.51645],[-121.9513,36.51645]],[[-121.94428,36.51318],[-121.94428,36.51318]],[[-121.94428,36.51273],[-121.94428,36.51273]],[[-121.94386,36.51273],[-121.94386,36.51273]],[[-121.94414,36.51262],[-121.94414,36.51262]],[[-121.944,36.5125],[-121.944,36.5125]],[[-121.94386,36.51239],[-121.94386,36.51239]],[[-121.94217,36.51183],[-121.94217,36.51183]],[[-121.94231,36.51171],[-121.94231,36.51171]],[[-121.94189,36.51115],[-121.94189,36.51104],[-121.94189,36.51115]],[[-121.94189,36.51104],[-121.94189,36.51104]],[[-121.94189,36.51036],[-121.94189,36.51036]],[[-121.94203,36.51013],[-121.94203,36.51013]],[[-121.94259,36.50979],[-121.94259,36.50979]],[[-121.94217,36.50912],[-121.94217,36.50912]],[[-121.94287,36.509],[-121.94301,36.50889],[-121.94287,36.50878],[-121.94273,36.50889],[-121.94287,36.509]],[[-121.94273,36.50889],[-121.94287,36.50878],[-121.94273,36.50867],[-121.94259,36.50878],[-121.94273,36.50889]],[[-121.94329,36.5081],[-121.94329,36.5081]],[[-121.94273,36.5081],[-121.94273,36.5081]],[[-121.94259,36.50799],[-121.94259,36.50799]],[[-121.94217,36.50799],[-121.94217,36.50799]],[[-121.94175,36.50799],[-121.94175,36.50799]],[[-121.94161,36.50799],[-121.94161,36.50799]],[[-121.94105,36.50799],[-121.94105,36.50799]],[[-121.94091,36.50799],[-121.94091,36.50799]],[[-121.94259,36.50697],[-121.94343,36.50765],[-121.94456,36.50731],[-121.94456,36.50754],[-121.94484,36.50776],[-121.94512,36.50754],[-121.94512,36.5072],[-121.94484,36.50697]],[[-121.94245,36.50776],[-121.94245,36.50776]],[[-121.94498,36.50765],[-121.94498,36.50765]],[[-121.94231,36.50765],[-121.94231,36.50765]],[[-121.94386,36.50754],[-121.94386,36.50754]],[[-121.94414,36.50742],[-121.94414,36.50742]],[[-121.94442,36.50731],[-121.94442,36.50731]],[[-121.94049,36.50697],[-121.94034,36.50697]],[[-121.93964,36.50697],[-121.93964,36.50697]]]},"properties":{"depth_m":275}},{"type":"Feature","geometry":{"type":"MultiLineString","coordinates":[[[-121.95467,36.56103],[-121.95411,36.56091],[-121.95383,36.56058],[-121.95355,36.5608],[-121.95327,36.5608],[-121.95298,36.56035],[-121.95256,36.56035],[-121.95214,36.56069],[-121.95186,36.56058],[-121.95172,36.56091],[-121.95144,36.56103]],[[-121.94091,36.56103],[-121.94105,36.5608],[-121.94077,36.56058],[-121.94063,36.5608],[-121.9402,36.5608],[-121.93992,36.56103]],[[-121.93894,36.56103],[-121.93908,36.56091],[-121.9395,36.56103],[-121.93964,36.5608],[-121.93978,36.56103]],[[-121.93571,36.56103],[-121.93557,36.56091],[-121.93515,36.56103],[-121.93487,36.5608],[-121.93417,36.5608],[-121.93276,36.55933],[-121.9322,36.55742],[-121.93108,36.55505],[-121.93108,36.55437],[-121.93065,36.55324],[-121.93037,36.55155],[-121.93009,36.5511],[-121.92981,36.5485],[-121.92967,36.54839],[-121.92981,36.54681],[-121.93037,36.54591],[-121.93136,36.54512],[-121.93164,36.54534],[-121.93248,36.54455],[-121.93262,36.54455],[-121.93248,36.54466],[-121.93276,36.54489],[-121.93304,36.54478],[-121.93304,36.54455],[-121.93346,36.54478],[-121.93388,36.54466],[-121.93388,36.54433],[-121.9336,36.5441],[-121.93388,36.54421],[-121.93431,36.54387],[-121.93417,36.54365],[-121.93431,36.54354],[-121.93417,36.54342],[-121.93402,36.54354],[-121.93388,36.54331],[-121.93402,36.5432],[-121.93374,36.54297],[-121.93346,36.54297],[-121.93374,36.54275],[-121.93346,36.54252],[-121.93332,36.54173],[-121.93304,36.54162],[-121.93332,36.54128],[-121.93431,36.54139],[-121.93445,36.54117],[-121.9336,36.54094],[-121.93346,36.54083],[-121.9336,36.5406],[-121.93346,36.54049],[-121.93332,36.5406],[-121.93318,36.54038],[-121.93304,36.54049],[-121.9329,36.54038],[-121.9329,36.54026],[-121.93318,36.54038],[-121.93346,36.54015],[-121.9329,36.5397],[-121.9329,36.53936],[-121.93248,36.53891],[-121.9322,36.53913],[-121.93178,36.53902],[-121.93136,36.53947],[-121.93051,36.53936],[-121.92981,36.53868],[-121.92883,36.53733],[-121.92869,36.53609],[-121.92855,36.53597],[-121.92855,36.53518],[-121.92841,36.53507],[-121.92841,36.53439],[-121.92855,36.53428],[-121.92827,36.53417],[-121.92841,36.53394],[-121.92813,36.53327],[-121.92799,36.53315],[-121.92785,36.53327],[-121.92799,36.53315],[-121.92756,36.53304],[-121.92742,36.5327],[-121.927,36.53248],[-121.927,36.53146],[-121.9263,36.5309],[-121.92574,36.52999],[-121.92574,36.5292],[-121.92602,36.52909],[-121.9263,36.52808],[-121.92588,36.52785],[-121.92574,36.52751],[-121.92588,36.52729],[-121.92532,36.52672],[-121.92532,36.52582],[-121.92546,36.52571],[-121.92546,36.52537],[-121.927,36.52356],[-121.92799,36.52288],[-121.92869,36.52266],[-121.92953,36.52277],[-121.92967,36.52288],[-121.92967,36.52334],[-121.92995,36.52345],[-121.92981,36.52356],[-121.92995,36.52367],[-121.93009,36.52356],[-121.93051,36.5239],[-121.93079,36.52356],[-121.93108,36.52367],[-121.9315,36.52345],[-121.93178,36.52367],[-121.9329,36.52334],[-121.93318,36.52401],[-121.93346,36.52367],[-121.93402,36.52356],[-121.93445,36.52401],[-121.93473,36.52401],[-121.93487,36.52367],[-121.93445,36.52334],[-121.93388,36.52322],[-121.9336,36.52288],[-121.93417,36.52232],[-121.93487,36.52232],[-121.93487,36.52266],[-121.93473,36.52277],[-121.93487,36.52288],[-121.93515,36.523],[-121.93529,36.52288],[-121.93543,36.52322],[-121.93571,36.523],[-121.93627,36.52356],[-121.93655,36.52345],[-121.93697,36.52379],[-121.93711,36.52345],[-121.9374,36.52334],[-121.93754,36.52345],[-121.93782,36.52322],[-121.93768,36.52311],[-121.9374,36.52334],[-121.9374,36.52311],[-121.93754,36.52322],[-121.93768,36.52311],[-121.93754,36.523],[-121.9374,36.52311],[-121.93754,36.52288],[-121.93768,36.52277],[-121.93782,36.52288],[-121.9381,36.52266],[-121.9374,36.52209],[-121.93768,36.52198],[-121.93754,36.52187],[-121.93697,36.52164],[-121.93669,36.52176],[-121.93641,36.5213],[-121.93683,36.52097],[-121.93726,36.52142],[-121.93782,36.5213],[-121.93782,36.52085],[-121.93754,36.5204],[-121.9374,36.52029],[-121.93726,36.5204],[-121.93683,36.51995],[-121.9374,36.51984],[-121.93726,36.5195],[-121.9374,36.51927],[-121.93838,36.51893],[-121.93922,36.51893],[-121.94006,36.51916],[-121.94091,36.51972],[-121.94006,36.52074],[-121.93992,36.52119],[-121.94006,36.5213],[-121.9402,36.52119],[-121.94063,36.52153],[-121.94049,36.52187],[-121.94077,36.52209],[-121.94091,36.52198],[-121.94105,36.52221],[-121.94133,36.52209],[-121.94119,36.52176],[-121.94245,36.52164],[-121.94231,36.5213],[-121.94231,36.52097],[-121.94245,36.52085],[-121.94343,36.52074],[-121.94414,36.52097],[-121.94456,36.52085],[-121.94456,36.5213],[-121.94442,36.52142],[-121.94456,36.52153],[-121.94428,36.52164],[-121.94442,36.52209],[-121.9454,36.52243],[-121.94582,36.52288],[-121.94638,36.523],[-121.94807,36.52401],[-121.94863,36.52367],[-121.94891,36.52379],[-121.94905,36.52367],[-121.94905,36.52322],[-121.94835,36.52255],[-121.94835,36.52232],[-121.94863,36.52266],[-121.94919,36.52277],[-121.94961,36.52266],[-121.94947,36.52255],[-121.94961,36.52243],[-121.94961,36.52142],[-121.94947,36.52119],[-121.94961,36.52119],[-121.94975,36.52153],[-121.95004,36.52176],[-121.95018,36.52164],[-121.95032,36.52198],[-121.95088,36.52232],[-121.95102,36.52266],[-121.95313,36.52413],[-121.95341,36.5239],[-121.95327,36.52322],[-121.95369,36.52367],[-121.95397,36.52356],[-121.95411,36.5239],[-121.95467,36.52435],[-121.95495,36.52413],[-121.95467,36.52379],[-121.95495,36.52367],[-121.95369,36.52277],[-121.95453,36.52266],[-121.95495,36.52288],[-121.95523,36.52232],[-121.95453,36.52187],[-121.95439,36.52198],[-121.95439,36.52176],[-121.95397,36.52153],[-121.95411,36.52119],[-121.95313,36.52063],[-121.95256,36.5204],[-121.95172,36.52051],[-121.95186,36.5204],[-121.95186,36.52006],[-121.95158,36.51972],[-121.9513,36.51972],[-121.95186,36.51893],[-121.95256,36.51905],[-121.95341,36.51972],[-121.95439,36.5195],[-121.95453,36.51939],[-121.95425,36.51916],[-121.95397,36.51939],[-121.95411,36.51916],[-121.95439,36.51916],[-121.95467,36.51893],[-121.95425,36.51792],[-121.95369,36.51747],[-121.95327,36.51747],[-121.95298,36.51769],[-121.95298,36.51814],[-121.95242,36.51814],[-121.95242,36.51792],[-121.9527,36.51814],[-121.95284,36.51803],[-121.9527,36.51781],[-121.95242,36.51792],[-121.95228,36.51758],[-121.95256,36.5169],[-121.95186,36.51645],[-121.95158,36.51668],[-121.9513,36.51645],[-121.95144,36.51623],[-121.9513,36.51611],[-121.95074,36.51657],[-121.95046,36.51702],[-121.95004,36.51713],[-121.9499,36.5169],[-121.95004,36.51634],[-121.94961,36.516],[-121.94961,36.51566],[-121.94933,36.51544],[-121.94905,36.51544],[-121.94891,36.51566],[-121.94877,36.51521],[-121.94821,36.51487],[-121.94807,36.51397],[-121.94779,36.51374],[-121.94765,36.51386],[-121.94737,36.51341],[-121.94695,36.51352],[-121.94666,36.51318],[-121.9461,36.51307],[-121.94568,36.51318],[-121.94568,36.51295],[-121.9454,36.51273],[-121.94498,36.51273],[-121.94428,36.51318],[-121.94442,36.51307],[-121.94428,36.51295],[-121.944,36.51307],[-121.94386,36.51273],[-121.944,36.5125],[-121.94456,36.51284],[-121.9447,36.5125],[-121.94414,36.51205],[-121.94372,36.51183],[-121.94329,36.51194],[-121.94315,36.51171],[-121.94217,36.51183],[-121.94245,36.5116],[-121.94245,36.51137],[-121.94217,36.51092],[-121.94231,36.51104],[-121.94245,36.51092],[-121.94231,36.51081],[-121.94217,36.51092],[-121.94217,36.5107],[-121.94189,36.51036],[-121.94203,36.51013],[-121.94259,36.51002],[-121.94273,36.50968],[-121.94231,36.50946],[-121.94217,36.50912],[-121.94273,36.509],[-121.94231,36.50844],[-121.94217,36.50867],[-121.94203,36.50833],[-121.94119,36.50844],[-121.94091,36.50799],[-121.94203,36.5081],[-121.94231,36.50788],[-121.94231,36.50765],[-121.94287,36.50821],[-121.94315,36.50821],[-121.94343,36.50788],[-121.94245,36.5072],[-121.94245,36.50697]],[[-121.95228,36.5608],[-121.95228,36.5608]],[[-121.92967,36.54737],[-121.92967,36.54737]],[[-121.92981,36.54681],[-121.92981,36.54681]],[[-121.92995,36.54658],[-121.92995,36.54658]],[[-121.93009,36.54636],[-121.93009,36.54636]],[[-121.93023,36.54613],[-121.93023,36.54613]],[[-121.93037,36.54591],[-121.93037,36.54591]],[[-121.93051,36.54579],[-121.93051,36.54579]],[[-121.93065,36.54568],[-121.93065,36.54568]],[[-121.93079,36.54557],[-121.93079,36.54557]],[[-121.93094,36.54545],[-121.93094,36.54545]],[[-121.93108,36.54534],[-121.93108,36.54534]],[[-121.93178,36.54523],[-121.93178,36.54523]],[[-121.93122,36.54523],[-121.93122,36.54523]],[[-121.93136,36.54512],[-121.93136,36.54512]],[[-121.93192,36.545],[-121.93192,36.545]],[[-121.93206,36.54489],[-121.93206,36.54489]],[[-121.93262,36.54478],[-121.93262,36.54478]],[[-121.9322,36.54478],[-121.9322,36.54478]],[[-121.93332,36.54466],[-121.93332,36.54466]],[[-121.93234,36.54466],[-121.93234,36.54466]],[[-121.93304,36.54455],[-121.93304,36.54455]],[[-121.93262,36.54455],[-121.93262,36.54455]],[[-121.93248,36.54455],[-121.93248,36.54455]],[[-121.93402,36.5441],[-121.93402,36.5441]],[[-121.93374,36.5441],[-121.93374,36.5441]],[[-121.9336,36.5441],[-121.9336,36.5441]],[[-121.93417,36.54399],[-121.93417,36.54399]],[[-121.93417,36.54365],[-121.93417,36.54365]],[[-121.93445,36.54354],[-121.93473,36.54331],[-121.93431,36.54308],[-121.93417,36.54331],[-121.93445,36.54354]],[[-121.93459,36.54342],[-121.93459,36.54342]],[[-121.93431,36.54342],[-121.93431,36.54342]],[[-121.93388,36.54331],[-121.93388,36.54331]],[[-121.93346,36.54286],[-121.93346,36.54286]],[[-121.93304,36.54162],[-121.93304,36.54162]],[[-121.93318,36.5415],[-121.93318,36.5415]],[[-121.9336,36.54128],[-121.9336,36.54128]],[[-121.93332,36.54128],[-121.93332,36.54128]],[[-121.93346,36.54071],[-121.93346,36.54071]],[[-121.93445,36.54049],[-121.93459,36.54038],[-121.93445,36.54026],[-121.93431,36.54038],[-121.93445,36.54049]],[[-121.93332,36.54026],[-121.93332,36.54026]],[[-121.93304,36.54026],[-121.93304,36.54026]],[[-121.9329,36.54026],[-121.9329,36.54026]],[[-121.95664,36.53717],[-121.95565,36.53673],[-121.95453,36.53663],[-121.95369,36.53663],[-121.95172,36.53703],[-121.95116,36.53703],[-121.94975,36.53667],[-121.94877,36.53675],[-121.94857,36.53654],[-121.94875,36.53597],[-121.94863,36.53564],[-121.94512,36.53361],[-121.94425,36.53282],[-121.94568,36.53249],[-121.94793,36.53299],[-121.9499,36.53366],[-121.9506,36.53369],[-121.95242,36.53346],[-121.95355,36.53277],[-121.95411,36.53213],[-121.95495,36.53234],[-121.95622,36.53161],[-121.95664,36.53163]],[[-121.92841,36.53439],[-121.92841,36.53439]],[[-121.92827,36.53417],[-121.92827,36.53417]],[[-121.94947,36.53349],[-121.94947,36.53349]],[[-121.92785,36.53327],[-121.92785,36.53327]],[[-121.94624,36.53259],[-121.94624,36.53259]],[[-121.92574,36.5292],[-121.92574,36.5292]],[[-121.92602,36.52875],[-121.92602,36.52875]],[[-121.92616,36.5283],[-121.92616,36.5283]],[[-121.92574,36.52751],[-121.92574,36.52751]],[[-121.92532,36.52582],[-121.92532,36.52582]],[[-121.92546,36.52537],[-121.92546,36.52537]],[[-121.9256,36.52525],[-121.9256,36.52525]],[[-121.92574,36.52503],[-121.92574,36.52503]],[[-121.92588,36.52492],[-121.92588,36.52492]],[[-121.92602,36.52469],[-121.92602,36.52469]],[[-121.92616,36.52458],[-121.92616,36.52458]],[[-121.94709,36.52446],[-121.94723,36.52424],[-121.94695,36.52413],[-121.94681,36.52424],[-121.94709,36.52446]],[[-121.9263,36.52446],[-121.9263,36.52446]],[[-121.94695,36.52435],[-121.94695,36.52435]],[[-121.95481,36.52424],[-121.95481,36.52424]],[[-121.95453,36.52424],[-121.95453,36.52424]],[[-121.92644,36.52424],[-121.92644,36.52424]],[[-121.95439,36.52413],[-121.95439,36.52413]],[[-121.92658,36.52413],[-121.92658,36.52413]],[[-121.95425,36.52401],[-121.95425,36.52401]],[[-121.95327,36.52401],[-121.95327,36.52401]],[[-121.95298,36.52401],[-121.95298,36.52401]],[[-121.94695,36.52401],[-121.94709,36.5239],[-121.94695,36.52379],[-121.94681,36.5239],[-121.94695,36.52401]],[[-121.95284,36.5239],[-121.95284,36.5239]],[[-121.94821,36.5239],[-121.94821,36.5239]],[[-121.94793,36.5239],[-121.94793,36.5239]],[[-121.93431,36.5239],[-121.93431,36.5239]],[[-121.92672,36.5239],[-121.92672,36.5239]],[[-121.95467,36.52379],[-121.95467,36.52379]],[[-121.95411,36.52379],[-121.95411,36.52379]],[[-121.9527,36.52379],[-121.9527,36.52379]],[[-121.94849,36.52379],[-121.94849,36.52379]],[[-121.94765,36.52379],[-121.94765,36.52379]],[[-121.93417,36.52379],[-121.93417,36.52379]],[[-121.93332,36.52379],[-121.93332,36.52379]],[[-121.93037,36.52379],[-121.93037,36.52379]],[[-121.92686,36.52379],[-121.92686,36.52379]],[[-121.95327,36.52367],[-121.95327,36.52367]],[[-121.95256,36.52367],[-121.95256,36.52367]],[[-121.94877,36.52367],[-121.94877,36.52367]],[[-121.94863,36.52367],[-121.94863,36.52367]],[[-121.94737,36.52367],[-121.94737,36.52367]],[[-121.93669,36.52367],[-121.93669,36.52367]],[[-121.93346,36.52367],[-121.93346,36.52367]],[[-121.93065,36.52367],[-121.93065,36.52367]],[[-121.93023,36.52367],[-121.93023,36.52367]],[[-121.95397,36.52356],[-121.95397,36.52356]],[[-121.95383,36.52345],[-121.95383,36.52345]],[[-121.95242,36.52356],[-121.95242,36.52356]],[[-121.94723,36.52356],[-121.94723,36.52356]],[[-121.93402,36.52356],[-121.93402,36.52356]],[[-121.93388,36.52356],[-121.93388,36.52356]],[[-121.93192,36.52356],[-121.93192,36.52356]],[[-121.93164,36.52356],[-121.93164,36.52356]],[[-121.93122,36.52356],[-121.93122,36.52356]],[[-121.93079,36.52356],[-121.93079,36.52356]],[[-121.93009,36.52356],[-121.93009,36.52356]],[[-121.927,36.52356],[-121.927,36.52356]],[[-121.95355,36.52345],[-121.95355,36.52345]],[[-121.95228,36.52345],[-121.95228,36.52345]],[[-121.94709,36.52345],[-121.94709,36.52345]],[[-121.93711,36.52345],[-121.93711,36.52345]],[[-121.93655,36.52345],[-121.93655,36.52345]],[[-121.93613,36.52345],[-121.93613,36.52345]],[[-121.93304,36.52345],[-121.93304,36.52345]],[[-121.93234,36.52345],[-121.93234,36.52345]],[[-121.9322,36.52345],[-121.9322,36.52345]],[[-121.9315,36.52345],[-121.9315,36.52345]],[[-121.92995,36.52345],[-121.92995,36.52345]],[[-121.92714,36.52345],[-121.92714,36.52345]],[[-121.95341,36.52334],[-121.95341,36.52334]],[[-121.95214,36.52334],[-121.95214,36.52334]],[[-121.94695,36.52334],[-121.94695,36.52334]],[[-121.94091,36.52334],[-121.94119,36.52277],[-121.94105,36.52255],[-121.94063,36.52277],[-121.94063,36.52322],[-121.94091,36.52334]],[[-121.93768,36.52334],[-121.93768,36.52334]],[[-121.9329,36.52334],[-121.9329,36.52334]],[[-121.93262,36.52334],[-121.93262,36.52334]],[[-121.92728,36.52334],[-121.92728,36.52334]],[[-121.95327,36.52322],[-121.95327,36.52322]],[[-121.952,36.52322],[-121.952,36.52322]],[[-121.94666,36.52322],[-121.94666,36.52322]],[[-121.93599,36.52322],[-121.93599,36.52322]],[[-121.92742,36.52322],[-121.92742,36.52322]],[[-121.95509,36.52311],[-121.95523,36.523],[-121.95509,36.52288],[-121.95495,36.523],[-121.95509,36.52311]],[[-121.95369,36.523],[-121.95369,36.523]],[[-121.95172,36.52311],[-121.95172,36.52311]],[[-121.94652,36.52311],[-121.94652,36.52311]],[[-121.9374,36.52311],[-121.9374,36.52311]],[[-121.93585,36.52311],[-121.93585,36.52311]],[[-121.92756,36.52311],[-121.92756,36.52311]],[[-121.95158,36.523],[-121.95158,36.523]],[[-121.94638,36.523],[-121.94638,36.523]],[[-121.93571,36.523],[-121.93557,36.52288],[-121.93571,36.523]],[[-121.93557,36.52288],[-121.93557,36.52288]],[[-121.92785,36.523],[-121.92785,36.523]],[[-121.9513,36.52288],[-121.9513,36.52288]],[[-121.94596,36.52288],[-121.94596,36.52288]],[[-121.94105,36.52288],[-121.94105,36.52288]],[[-121.93754,36.52288],[-121.93754,36.52288]],[[-121.93529,36.52288],[-121.93529,36.52288]],[[-121.93501,36.52288],[-121.93501,36.52288]],[[-121.9336,36.52288],[-121.9336,36.52288]],[[-121.92967,36.52288],[-121.92967,36.52288]],[[-121.92799,36.52288],[-121.92799,36.52288]],[[-121.95481,36.52277],[-121.95481,36.52277]],[[-121.95369,36.52277],[-121.95369,36.52277]],[[-121.95355,36.52266],[-121.95341,36.52255],[-121.95355,36.52266]],[[-121.95116,36.52277],[-121.95116,36.52277]],[[-121.93796,36.52277],[-121.93796,36.52277]],[[-121.93768,36.52277],[-121.93768,36.52277]],[[-121.92953,36.52277],[-121.92953,36.52277]],[[-121.92827,36.52277],[-121.92827,36.52277]],[[-121.95453,36.52266],[-121.95453,36.52266]],[[-121.95425,36.52266],[-121.95425,36.52266]],[[-121.95341,36.52255],[-121.95341,36.52255]],[[-121.94905,36.52266],[-121.94905,36.52266]],[[-121.94568,36.52266],[-121.94568,36.52266]],[[-121.93529,36.52255],[-121.93529,36.52255]],[[-121.93374,36.52266],[-121.93374,36.52266]],[[-121.92911,36.52266],[-121.92911,36.52266]],[[-121.92869,36.52266],[-121.92869,36.52266]],[[-121.95509,36.52255],[-121.95509,36.52255]],[[-121.95102,36.52255],[-121.95102,36.52255]],[[-121.94947,36.52255],[-121.94947,36.52255]],[[-121.94554,36.52255],[-121.94554,36.52255]],[[-121.93388,36.52255],[-121.93388,36.52255]],[[-121.94849,36.52243],[-121.94849,36.52243]],[[-121.9454,36.52243],[-121.9454,36.52243]],[[-121.93402,36.52243],[-121.93402,36.52243]],[[-121.95088,36.52232],[-121.95088,36.52232]],[[-121.94835,36.52232],[-121.94835,36.52232]],[[-121.94498,36.52232],[-121.94498,36.52232]],[[-121.93487,36.52232],[-121.93487,36.52232]],[[-121.93417,36.52232],[-121.93417,36.52232]],[[-121.95074,36.52221],[-121.95074,36.52221]],[[-121.9447,36.52221],[-121.9447,36.52221]],[[-121.9506,36.52209],[-121.9506,36.52209]],[[-121.9374,36.52209],[-121.9374,36.52209]],[[-121.93726,36.52198],[-121.93726,36.52198]],[[-121.94442,36.52198],[-121.94442,36.52198]],[[-121.94091,36.52198],[-121.94091,36.52198]],[[-121.94063,36.52198],[-121.94063,36.52198]],[[-121.95032,36.52176],[-121.95032,36.52176]],[[-121.94119,36.52176],[-121.94119,36.52176]],[[-121.94105,36.52164],[-121.94105,36.52164]],[[-121.95018,36.52164],[-121.95018,36.52164]],[[-121.9499,36.52164],[-121.9499,36.52164]],[[-121.94175,36.52164],[-121.94175,36.52164]],[[-121.94161,36.52164],[-121.94161,36.52164]],[[-121.94456,36.52153],[-121.94456,36.52153]],[[-121.94063,36.52153],[-121.94063,36.52153]],[[-121.95397,36.52142],[-121.95397,36.52142]],[[-121.94049,36.52142],[-121.94049,36.52142]],[[-121.94975,36.5213],[-121.94975,36.5213]],[[-121.94034,36.5213],[-121.94034,36.5213]],[[-121.93711,36.5213],[-121.93711,36.5213]],[[-121.93641,36.5213],[-121.93641,36.5213]],[[-121.94961,36.52119],[-121.94961,36.52119]],[[-121.94947,36.52119],[-121.94947,36.52119]],[[-121.9402,36.52119],[-121.9402,36.52119]],[[-121.93697,36.52108],[-121.93697,36.52108]],[[-121.93655,36.52108],[-121.93655,36.52108]],[[-121.94231,36.52097],[-121.94231,36.52097]],[[-121.93683,36.52097],[-121.93683,36.52097]],[[-121.94456,36.52085],[-121.94456,36.52085]],[[-121.94428,36.52085],[-121.94428,36.52085]],[[-121.944,36.52085],[-121.944,36.52085]],[[-121.94245,36.52085],[-121.94245,36.52085]],[[-121.94343,36.52074],[-121.94343,36.52074]],[[-121.94329,36.52074],[-121.94329,36.52074]],[[-121.95172,36.52051],[-121.95172,36.52051]],[[-121.93683,36.51995],[-121.93683,36.51995]],[[-121.93711,36.51984],[-121.93711,36.51984]],[[-121.93697,36.51984],[-121.93697,36.51984]],[[-121.94091,36.51972],[-121.94091,36.51972]],[[-121.95397,36.51961],[-121.95397,36.51961]],[[-121.95355,36.51961],[-121.95355,36.51961]],[[-121.95327,36.51961],[-121.95327,36.51961]],[[-121.9513,36.51961],[-121.9513,36.51961]],[[-121.94077,36.51961],[-121.94077,36.51961]],[[-121.95411,36.5195],[-121.95411,36.5195]],[[-121.95298,36.5195],[-121.95298,36.5195]],[[-121.94063,36.5195],[-121.94063,36.5195]],[[-121.93726,36.5195],[-121.93726,36.5195]],[[-121.95284,36.51939],[-121.95284,36.51939]],[[-121.95144,36.51939],[-121.95144,36.51939]],[[-121.94034,36.51939],[-121.94034,36.51939]],[[-121.95397,36.51927],[-121.95397,36.51927]],[[-121.95158,36.51927],[-121.95158,36.51927]],[[-121.9402,36.51927],[-121.9402,36.51927]],[[-121.9374,36.51927],[-121.9374,36.51927]],[[-121.95411,36.51916],[-121.95411,36.51916]],[[-121.9527,36.51916],[-121.9527,36.51916]],[[-121.94006,36.51916],[-121.94006,36.51916]],[[-121.93768,36.51916],[-121.93768,36.51916]],[[-121.95453,36.51905],[-121.95453,36.51905]],[[-121.95256,36.51905],[-121.95256,36.51905]],[[-121.95172,36.51905],[-121.95172,36.51905]],[[-121.93964,36.51905],[-121.93964,36.51905]],[[-121.93782,36.51905],[-121.93782,36.51905]],[[-121.95228,36.51893],[-121.95228,36.51893]],[[-121.95186,36.51893],[-121.95186,36.51893]],[[-121.93922,36.51893],[-121.93922,36.51893]],[[-121.93838,36.51893],[-121.93838,36.51893]],[[-121.95537,36.5186],[-121.95551,36.51848],[-121.95537,36.51826],[-121.95523,36.51848],[-121.95537,36.5186]],[[-121.95607,36.51803],[-121.95622,36.51792],[-121.95622,36.51735],[-121.95579,36.51702],[-121.95565,36.51713],[-121.95565,36.51758],[-121.95607,36.51803]],[[-121.95256,36.51803],[-121.95256,36.51803]],[[-121.95593,36.51792],[-121.95593,36.51792]],[[-121.95664,36.51769],[-121.9565,36.51758],[-121.95664,36.51747]],[[-121.95579,36.51769],[-121.95579,36.51769]],[[-121.95228,36.51735],[-121.95228,36.51735]],[[-121.95242,36.51713],[-121.95242,36.51713]],[[-121.9499,36.51668],[-121.9499,36.51668]],[[-121.9513,36.51645],[-121.9513,36.51645]],[[-121.94428,36.51318],[-121.94428,36.51318]],[[-121.94428,36.51273],[-121.94428,36.51273]],[[-121.94386,36.51273],[-121.94386,36.51273]],[[-121.94414,36.51262],[-121.94414,36.51262]],[[-121.944,36.5125],[-121.944,36.5125]],[[-121.94386,36.51239],[-121.94386,36.51239]],[[-121.94217,36.51183],[-121.94217,36.51183]],[[-121.94231,36.51171],[-121.94231,36.51171]],[[-121.94189,36.51115],[-121.94189,36.51104],[-121.94189,36.51115]],[[-121.94189,36.51104],[-121.94189,36.51104]],[[-121.94189,36.51036],[-121.94189,36.51036]],[[-121.94203,36.51013],[-121.94203,36.51013]],[[-121.94259,36.50979],[-121.94259,36.50979]],[[-121.94217,36.50912],[-121.94217,36.50912]],[[-121.94287,36.509],[-121.94301,36.50889],[-121.94287,36.50878],[-121.94273,36.50889],[-121.94287,36.509]],[[-121.94273,36.50889],[-121.94287,36.50878],[-121.94273,36.50867],[-121.94259,36.50878],[-121.94273,36.50889]],[[-121.94329,36.5081],[-121.94329,36.5081]],[[-121.94273,36.5081],[-121.94273,36.5081]],[[-121.94259,36.50799],[-121.94259,36.50799]],[[-121.94217,36.50799],[-121.94217,36.50799]],[[-121.94175,36.50799],[-121.94175,36.50799]],[[-121.94161,36.50799],[-121.94161,36.50799]],[[-121.94105,36.50799],[-121.94105,36.50799]],[[-121.94091,36.50799],[-121.94091,36.50799]],[[-121.94259,36.50697],[-121.94343,36.50765],[-121.94456,36.50731],[-121.94456,36.50754],[-121.94484,36.50776],[-121.94512,36.50754],[-121.94512,36.5072],[-121.94484,36.50697]],[[-121.94245,36.50776],[-121.94245,36.50776]],[[-121.94498,36.50765],[-121.94498,36.50765]],[[-121.94231,36.50765],[-121.94231,36.50765]],[[-121.94386,36.50754],[-121.94386,36.50754]],[[-121.94414,36.50742],[-121.94414,36.50742]],[[-121.94442,36.50731],[-121.94442,36.50731]],[[-121.94049,36.50697],[-121.94034,36.50697]],[[-121.93964,36.50697],[-121.93964,36.50697]]]},"properties":{"depth_m":300}},{"type":"Feature","geometry":{"type":"MultiLineString","coordinates":[[[-121.95467,36.56103],[-121.95411,36.56091],[-121.95383,36.56058],[-121.95355,36.5608],[-121.95327,36.5608],[-121.95298,36.56035],[-121.95256,36.56035],[-121.95214,36.56069],[-121.95186,36.56058],[-121.95172,36.56091],[-121.95144,36.56103]],[[-121.94091,36.56103],[-121.94105,36.5608],[-121.94077,36.56058],[-121.94063,36.5608],[-121.9402,36.5608],[-121.93992,36.56103]],[[-121.93894,36.56103],[-121.93908,36.56091],[-121.9395,36.56103],[-121.93964,36.5608],[-121.93978,36.56103]],[[-121.93571,36.56103],[-121.93557,36.56091],[-121.93515,36.56103],[-121.93487,36.5608],[-121.93417,36.5608],[-121.93276,36.55933],[-121.9322,36.55742],[-121.93108,36.55505],[-121.93108,36.55437],[-121.93065,36.55324],[-121.93037,36.55155],[-121.93009,36.5511],[-121.92981,36.5485],[-121.92967,36.54839],[-121.92981,36.54681],[-121.93037,36.54591],[-121.93136,36.54512],[-121.93164,36.54534],[-121.93248,36.54455],[-121.93262,36.54455],[-121.93248,36.54466],[-121.93276,36.54489],[-121.93304,36.54478],[-121.93304,36.54455],[-121.93346,36.54478],[-121.93388,36.54466],[-121.93388,36.54433],[-121.9336,36.5441],[-121.93388,36.54421],[-121.93431,36.54387],[-121.93417,36.54365],[-121.93431,36.54354],[-121.93417,36.54342],[-121.93402,36.54354],[-121.93388,36.54331],[-121.93402,36.5432],[-121.93374,36.54297],[-121.93346,36.54297],[-121.93374,36.54275],[-121.93346,36.54252],[-121.93332,36.54173],[-121.93304,36.54162],[-121.93332,36.54128],[-121.93431,36.54139],[-121.93445,36.54117],[-121.9336,36.54094],[-121.93346,36.54083],[-121.9336,36.5406],[-121.93346,36.54049],[-121.93332,36.5406],[-121.93318,36.54038],[-121.93304,36.54049],[-121.9329,36.54038],[-121.9329,36.54026],[-121.93318,36.54038],[-121.93346,36.54015],[-121.9329,36.5397],[-121.9329,36.53936],[-121.93248,36.53891],[-121.9322,36.53913],[-121.93178,36.53902],[-121.93136,36.53947],[-121.93051,36.53936],[-121.92981,36.53868],[-121.92883,36.53733],[-121.92869,36.53609],[-121.92855,36.53597],[-121.92855,36.53518],[-121.92841,36.53507],[-121.92841,36.53439],[-121.92855,36.53428],[-121.92827,36.53417],[-121.92841,36.53394],[-121.92813,36.53327],[-121.92799,36.53315],[-121.92785,36.53327],[-121.92799,36.53315],[-121.92756,36.53304],[-121.92742,36.5327],[-121.927,36.53248],[-121.927,36.53146],[-121.9263,36.5309],[-121.92574,36.52999],[-121.92574,36.5292],[-121.92602,36.52909],[-121.9263,36.52808],[-121.92588,36.52785],[-121.92574,36.52751],[-121.92588,36.52729],[-121.92532,36.52672],[-121.92532,36.52582],[-121.92546,36.52571],[-121.92546,36.52537],[-121.927,36.52356],[-121.92799,36.52288],[-121.92869,36.52266],[-121.92953,36.52277],[-121.92967,36.52288],[-121.92967,36.52334],[-121.92995,36.52345],[-121.92981,36.52356],[-121.92995,36.52367],[-121.93009,36.52356],[-121.93051,36.5239],[-121.93079,36.52356],[-121.93108,36.52367],[-121.9315,36.52345],[-121.93178,36.52367],[-121.9329,36.52334],[-121.93318,36.52401],[-121.93346,36.52367],[-121.93402,36.52356],[-121.93445,36.52401],[-121.93473,36.52401],[-121.93487,36.52367],[-121.93445,36.52334],[-121.93388,36.52322],[-121.9336,36.52288],[-121.93417,36.52232],[-121.93487,36.52232],[-121.93487,36.52266],[-121.93473,36.52277],[-121.93487,36.52288],[-121.93515,36.523],[-121.93529,36.52288],[-121.93543,36.52322],[-121.93571,36.523],[-121.93627,36.52356],[-121.93655,36.52345],[-121.93697,36.52379],[-121.93711,36.52345],[-121.9374,36.52334],[-121.93754,36.52345],[-121.93782,36.52322],[-121.93768,36.52311],[-121.9374,36.52334],[-121.9374,36.52311],[-121.93754,36.52322],[-121.93768,36.52311],[-121.93754,36.523],[-121.9374,36.52311],[-121.93754,36.52288],[-121.93768,36.52277],[-121.93782,36.52288],[-121.9381,36.52266],[-121.9374,36.52209],[-121.93768,36.52198],[-121.93754,36.52187],[-121.93697,36.52164],[-121.93669,36.52176],[-121.93641,36.5213],[-121.93683,36.52097],[-121.93726,36.52142],[-121.93782,36.5213],[-121.93782,36.52085],[-121.93754,36.5204],[-121.9374,36.52029],[-121.93726,36.5204],[-121.93683,36.51995],[-121.9374,36.51984],[-121.93726,36.5195],[-121.9374,36.51927],[-121.93838,36.51893],[-121.93922,36.51893],[-121.94006,36.51916],[-121.94091,36.51972],[-121.94006,36.52074],[-121.93992,36.52119],[-121.94006,36.5213],[-121.9402,36.52119],[-121.94063,36.52153],[-121.94049,36.52187],[-121.94077,36.52209],[-121.94091,36.52198],[-121.94105,36.52221],[-121.94133,36.52209],[-121.94119,36.52176],[-121.94245,36.52164],[-121.94231,36.5213],[-121.94231,36.52097],[-121.94245,36.52085],[-121.94343,36.52074],[-121.94414,36.52097],[-121.94456,36.52085],[-121.94456,36.5213],[-121.94442,36.52142],[-121.94456,36.52153],[-121.94428,36.52164],[-121.94442,36.52209],[-121.9454,36.52243],[-121.94582,36.52288],[-121.94638,36.523],[-121.94807,36.52401],[-121.94863,36.52367],[-121.94891,36.52379],[-121.94905,36.52367],[-121.94905,36.52322],[-121.94835,36.52255],[-121.94835,36.52232],[-121.94863,36.52266],[-121.94919,36.52277],[-121.94961,36.52266],[-121.94947,36.52255],[-121.94961,36.52243],[-121.94961,36.52142],[-121.94947,36.52119],[-121.94961,36.52119],[-121.94975,36.52153],[-121.95004,36.52176],[-121.95018,36.52164],[-121.95032,36.52198],[-121.95088,36.52232],[-121.95102,36.52266],[-121.95313,36.52413],[-121.95341,36.5239],[-121.95327,36.52322],[-121.95369,36.52367],[-121.95397,36.52356],[-121.95411,36.5239],[-121.95467,36.52435],[-121.95495,36.52413],[-121.95467,36.52379],[-121.95495,36.52367],[-121.95369,36.52277],[-121.95453,36.52266],[-121.95495,36.52288],[-121.95523,36.52232],[-121.95453,36.52187],[-121.95439,36.52198],[-121.95439,36.52176],[-121.95397,36.52153],[-121.95411,36.52119],[-121.95313,36.52063],[-121.95256,36.5204],[-121.95172,36.52051],[-121.95186,36.5204],[-121.95186,36.52006],[-121.95158,36.51972],[-121.9513,36.51972],[-121.95186,36.51893],[-121.95256,36.51905],[-121.95341,36.51972],[-121.95439,36.5195],[-121.95453,36.51939],[-121.95425,36.51916],[-121.95397,36.51939],[-121.95411,36.51916],[-121.95439,36.51916],[-121.95467,36.51893],[-121.95425,36.51792],[-121.95369,36.51747],[-121.95327,36.51747],[-121.95298,36.51769],[-121.95298,36.51814],[-121.95242,36.51814],[-121.95242,36.51792],[-121.9527,36.51814],[-121.95284,36.51803],[-121.9527,36.51781],[-121.95242,36.51792],[-121.95228,36.51758],[-121.95256,36.5169],[-121.95186,36.51645],[-121.95158,36.51668],[-121.9513,36.51645],[-121.95144,36.51623],[-121.9513,36.51611],[-121.95074,36.51657],[-121.95046,36.51702],[-121.95004,36.51713],[-121.9499,36.5169],[-121.95004,36.51634],[-121.94961,36.516],[-121.94961,36.51566],[-121.94933,36.51544],[-121.94905,36.51544],[-121.94891,36.51566],[-121.94877,36.51521],[-121.94821,36.51487],[-121.94807,36.51397],[-121.94779,36.51374],[-121.94765,36.51386],[-121.94737,36.51341],[-121.94695,36.51352],[-121.94666,36.51318],[-121.9461,36.51307],[-121.94568,36.51318],[-121.94568,36.51295],[-121.9454,36.51273],[-121.94498,36.51273],[-121.94428,36.51318],[-121.94442,36.51307],[-121.94428,36.51295],[-121.944,36.51307],[-121.94386,36.51273],[-121.944,36.5125],[-121.94456,36.51284],[-121.9447,36.5125],[-121.94414,36.51205],[-121.94372,36.51183],[-121.94329,36.51194],[-121.94315,36.51171],[-121.94217,36.51183],[-121.94245,36.5116],[-121.94245,36.51137],[-121.94217,36.51092],[-121.94231,36.51104],[-121.94245,36.51092],[-121.94231,36.51081],[-121.94217,36.51092],[-121.94217,36.5107],[-121.94189,36.51036],[-121.94203,36.51013],[-121.94259,36.51002],[-121.94273,36.50968],[-121.94231,36.50946],[-121.94217,36.50912],[-121.94273,36.509],[-121.94231,36.50844],[-121.94217,36.50867],[-121.94203,36.50833],[-121.94119,36.50844],[-121.94091,36.50799],[-121.94203,36.5081],[-121.94231,36.50788],[-121.94231,36.50765],[-121.94287,36.50821],[-121.94315,36.50821],[-121.94343,36.50788],[-121.94245,36.5072],[-121.94245,36.50697]],[[-121.95228,36.5608],[-121.95228,36.5608]],[[-121.92967,36.54737],[-121.92967,36.54737]],[[-121.92981,36.54681],[-121.92981,36.54681]],[[-121.92995,36.54658],[-121.92995,36.54658]],[[-121.93009,36.54636],[-121.93009,36.54636]],[[-121.93023,36.54613],[-121.93023,36.54613]],[[-121.93037,36.54591],[-121.93037,36.54591]],[[-121.93051,36.54579],[-121.93051,36.54579]],[[-121.93065,36.54568],[-121.93065,36.54568]],[[-121.93079,36.54557],[-121.93079,36.54557]],[[-121.93094,36.54545],[-121.93094,36.54545]],[[-121.93108,36.54534],[-121.93108,36.54534]],[[-121.93178,36.54523],[-121.93178,36.54523]],[[-121.93122,36.54523],[-121.93122,36.54523]],[[-121.93136,36.54512],[-121.93136,36.54512]],[[-121.93192,36.545],[-121.93192,36.545]],[[-121.93206,36.54489],[-121.93206,36.54489]],[[-121.93262,36.54478],[-121.93262,36.54478]],[[-121.9322,36.54478],[-121.9322,36.54478]],[[-121.93332,36.54466],[-121.93332,36.54466]],[[-121.93234,36.54466],[-121.93234,36.54466]],[[-121.93304,36.54455],[-121.93304,36.54455]],[[-121.93262,36.54455],[-121.93262,36.54455]],[[-121.93248,36.54455],[-121.93248,36.54455]],[[-121.93402,36.5441],[-121.93402,36.5441]],[[-121.93374,36.5441],[-121.93374,36.5441]],[[-121.9336,36.5441],[-121.9336,36.5441]],[[-121.93417,36.54399],[-121.93417,36.54399]],[[-121.93417,36.54365],[-121.93417,36.54365]],[[-121.93445,36.54354],[-121.93473,36.54331],[-121.93431,36.54308],[-121.93417,36.54331],[-121.93445,36.54354]],[[-121.93459,36.54342],[-121.93459,36.54342]],[[-121.93431,36.54342],[-121.93431,36.54342]],[[-121.93388,36.54331],[-121.93388,36.54331]],[[-121.93346,36.54286],[-121.93346,36.54286]],[[-121.93304,36.54162],[-121.93304,36.54162]],[[-121.93318,36.5415],[-121.93318,36.5415]],[[-121.9336,36.54128],[-121.9336,36.54128]],[[-121.93332,36.54128],[-121.93332,36.54128]],[[-121.93346,36.54071],[-121.93346,36.54071]],[[-121.93445,36.54049],[-121.93459,36.54038],[-121.93445,36.54026],[-121.93431,36.54038],[-121.93445,36.54049]],[[-121.93332,36.54026],[-121.93332,36.54026]],[[-121.93304,36.54026],[-121.93304,36.54026]],[[-121.9329,36.54026],[-121.9329,36.54026]],[[-121.95664,36.53672],[-121.95551,36.53642],[-121.95397,36.53636],[-121.95313,36.53637],[-121.95172,36.53671],[-121.95032,36.5365],[-121.94947,36.5362],[-121.94919,36.53552],[-121.94745,36.53417],[-121.94807,36.53344],[-121.94919,36.53389],[-121.95046,36.53402],[-121.95228,36.53393],[-121.95355,36.53317],[-121.95411,36.53308],[-121.95419,36.5327],[-121.95439,36.53257],[-121.95509,36.53265],[-121.95562,36.53225],[-121.95664,36.53196]],[[-121.92841,36.53439],[-121.92841,36.53439]],[[-121.92827,36.53417],[-121.92827,36.53417]],[[-121.94863,36.53372],[-121.94863,36.53372]],[[-121.92785,36.53327],[-121.92785,36.53327]],[[-121.92574,36.5292],[-121.92574,36.5292]],[[-121.92602,36.52875],[-121.92602,36.52875]],[[-121.92616,36.5283],[-121.92616,36.5283]],[[-121.92574,36.52751],[-121.92574,36.52751]],[[-121.92532,36.52582],[-121.92532,36.52582]],[[-121.92546,36.52537],[-121.92546,36.52537]],[[-121.9256,36.52525],[-121.9256,36.52525]],[[-121.92574,36.52503],[-121.92574,36.52503]],[[-121.92588,36.52492],[-121.92588,36.52492]],[[-121.92602,36.52469],[-121.92602,36.52469]],[[-121.92616,36.52458],[-121.92616,36.52458]],[[-121.94709,36.52446],[-121.94723,36.52424],[-121.94695,36.52413],[-121.94681,36.52424],[-121.94709,36.52446]],[[-121.9263,36.52446],[-121.9263,36.52446]],[[-121.94695,36.52435],[-121.94695,36.52435]],[[-121.95481,36.52424],[-121.95481,36.52424]],[[-121.95453,36.52424],[-121.95453,36.52424]],[[-121.92644,36.52424],[-121.92644,36.52424]],[[-121.95439,36.52413],[-121.95439,36.52413]],[[-121.92658,36.52413],[-121.92658,36.52413]],[[-121.95425,36.52401],[-121.95425,36.52401]],[[-121.95327,36.52401],[-121.95327,36.52401]],[[-121.95298,36.52401],[-121.95298,36.52401]],[[-121.94695,36.52401],[-121.94709,36.5239],[-121.94695,36.52379],[-121.94681,36.5239],[-121.94695,36.52401]],[[-121.95284,36.5239],[-121.95284,36.5239]],[[-121.94821,36.5239],[-121.94821,36.5239]],[[-121.94793,36.5239],[-121.94793,36.5239]],[[-121.93431,36.5239],[-121.93431,36.5239]],[[-121.92672,36.5239],[-121.92672,36.5239]],[[-121.95467,36.52379],[-121.95467,36.52379]],[[-121.95411,36.52379],[-121.95411,36.52379]],[[-121.9527,36.52379],[-121.9527,36.52379]],[[-121.94849,36.52379],[-121.94849,36.52379]],[[-121.94765,36.52379],[-121.94765,36.52379]],[[-121.93417,36.52379],[-121.93417,36.52379]],[[-121.93332,36.52379],[-121.93332,36.52379]],[[-121.93037,36.52379],[-121.93037,36.52379]],[[-121.92686,36.52379],[-121.92686,36.52379]],[[-121.95327,36.52367],[-121.95327,36.52367]],[[-121.95256,36.52367],[-121.95256,36.52367]],[[-121.94877,36.52367],[-121.94877,36.52367]],[[-121.94863,36.52367],[-121.94863,36.52367]],[[-121.94737,36.52367],[-121.94737,36.52367]],[[-121.93669,36.52367],[-121.93669,36.52367]],[[-121.93346,36.52367],[-121.93346,36.52367]],[[-121.93065,36.52367],[-121.93065,36.52367]],[[-121.93023,36.52367],[-121.93023,36.52367]],[[-121.95397,36.52356],[-121.95397,36.52356]],[[-121.95383,36.52345],[-121.95383,36.52345]],[[-121.95242,36.52356],[-121.95242,36.52356]],[[-121.94723,36.52356],[-121.94723,36.52356]],[[-121.93402,36.52356],[-121.93402,36.52356]],[[-121.93388,36.52356],[-121.93388,36.52356]],[[-121.93192,36.52356],[-121.93192,36.52356]],[[-121.93164,36.52356],[-121.93164,36.52356]],[[-121.93122,36.52356],[-121.93122,36.52356]],[[-121.93079,36.52356],[-121.93079,36.52356]],[[-121.93009,36.52356],[-121.93009,36.52356]],[[-121.927,36.52356],[-121.927,36.52356]],[[-121.95355,36.52345],[-121.95355,36.52345]],[[-121.95228,36.52345],[-121.95228,36.52345]],[[-121.94709,36.52345],[-121.94709,36.52345]],[[-121.93711,36.52345],[-121.93711,36.52345]],[[-121.93655,36.52345],[-121.93655,36.52345]],[[-121.93613,36.52345],[-121.93613,36.52345]],[[-121.93304,36.52345],[-121.93304,36.52345]],[[-121.93234,36.52345],[-121.93234,36.52345]],[[-121.9322,36.52345],[-121.9322,36.52345]],[[-121.9315,36.52345],[-121.9315,36.52345]],[[-121.92995,36.52345],[-121.92995,36.52345]],[[-121.92714,36.52345],[-121.92714,36.52345]],[[-121.95341,36.52334],[-121.95341,36.52334]],[[-121.95214,36.52334],[-121.95214,36.52334]],[[-121.94695,36.52334],[-121.94695,36.52334]],[[-121.94091,36.52334],[-121.94119,36.52277],[-121.94105,36.52255],[-121.94063,36.52277],[-121.94063,36.52322],[-121.94091,36.52334]],[[-121.93768,36.52334],[-121.93768,36.52334]],[[-121.9329,36.52334],[-121.9329,36.52334]],[[-121.93262,36.52334],[-121.93262,36.52334]],[[-121.92728,36.52334],[-121.92728,36.52334]],[[-121.95327,36.52322],[-121.95327,36.52322]],[[-121.952,36.52322],[-121.952,36.52322]],[[-121.94666,36.52322],[-121.94666,36.52322]],[[-121.93599,36.52322],[-121.93599,36.52322]],[[-121.92742,36.52322],[-121.92742,36.52322]],[[-121.95509,36.52311],[-121.95523,36.523],[-121.95509,36.52288],[-121.95495,36.523],[-121.95509,36.52311]],[[-121.95369,36.523],[-121.95369,36.523]],[[-121.95172,36.52311],[-121.95172,36.52311]],[[-121.94652,36.52311],[-121.94652,36.52311]],[[-121.9374,36.52311],[-121.9374,36.52311]],[[-121.93585,36.52311],[-121.93585,36.52311]],[[-121.92756,36.52311],[-121.92756,36.52311]],[[-121.95158,36.523],[-121.95158,36.523]],[[-121.94638,36.523],[-121.94638,36.523]],[[-121.93571,36.523],[-121.93557,36.52288],[-121.93571,36.523]],[[-121.93557,36.52288],[-121.93557,36.52288]],[[-121.92785,36.523],[-121.92785,36.523]],[[-121.9513,36.52288],[-121.9513,36.52288]],[[-121.94596,36.52288],[-121.94596,36.52288]],[[-121.94105,36.52288],[-121.94105,36.52288]],[[-121.93754,36.52288],[-121.93754,36.52288]],[[-121.93529,36.52288],[-121.93529,36.52288]],[[-121.93501,36.52288],[-121.93501,36.52288]],[[-121.9336,36.52288],[-121.9336,36.52288]],[[-121.92967,36.52288],[-121.92967,36.52288]],[[-121.92799,36.52288],[-121.92799,36.52288]],[[-121.95481,36.52277],[-121.95481,36.52277]],[[-121.95369,36.52277],[-121.95369,36.52277]],[[-121.95355,36.52266],[-121.95341,36.52255],[-121.95355,36.52266]],[[-121.95116,36.52277],[-121.95116,36.52277]],[[-121.93796,36.52277],[-121.93796,36.52277]],[[-121.93768,36.52277],[-121.93768,36.52277]],[[-121.92953,36.52277],[-121.92953,36.52277]],[[-121.92827,36.52277],[-121.92827,36.52277]],[[-121.95453,36.52266],[-121.95453,36.52266]],[[-121.95425,36.52266],[-121.95425,36.52266]],[[-121.95341,36.52255],[-121.95341,36.52255]],[[-121.94905,36.52266],[-121.94905,36.52266]],[[-121.94568,36.52266],[-121.94568,36.52266]],[[-121.93529,36.52255],[-121.93529,36.52255]],[[-121.93374,36.52266],[-121.93374,36.52266]],[[-121.92911,36.52266],[-121.92911,36.52266]],[[-121.92869,36.52266],[-121.92869,36.52266]],[[-121.95509,36.52255],[-121.95509,36.52255]],[[-121.95102,36.52255],[-121.95102,36.52255]],[[-121.94947,36.52255],[-121.94947,36.52255]],[[-121.94554,36.52255],[-121.94554,36.52255]],[[-121.93388,36.52255],[-121.93388,36.52255]],[[-121.94849,36.52243],[-121.94849,36.52243]],[[-121.9454,36.52243],[-121.9454,36.52243]],[[-121.93402,36.52243],[-121.93402,36.52243]],[[-121.95088,36.52232],[-121.95088,36.52232]],[[-121.94835,36.52232],[-121.94835,36.52232]],[[-121.94498,36.52232],[-121.94498,36.52232]],[[-121.93487,36.52232],[-121.93487,36.52232]],[[-121.93417,36.52232],[-121.93417,36.52232]],[[-121.95074,36.52221],[-121.95074,36.52221]],[[-121.9447,36.52221],[-121.9447,36.52221]],[[-121.9506,36.52209],[-121.9506,36.52209]],[[-121.9374,36.52209],[-121.9374,36.52209]],[[-121.93726,36.52198],[-121.93726,36.52198]],[[-121.94442,36.52198],[-121.94442,36.52198]],[[-121.94091,36.52198],[-121.94091,36.52198]],[[-121.94063,36.52198],[-121.94063,36.52198]],[[-121.95032,36.52176],[-121.95032,36.52176]],[[-121.94119,36.52176],[-121.94119,36.52176]],[[-121.94105,36.52164],[-121.94105,36.52164]],[[-121.95018,36.52164],[-121.95018,36.52164]],[[-121.9499,36.52164],[-121.9499,36.52164]],[[-121.94175,36.52164],[-121.94175,36.52164]],[[-121.94161,36.52164],[-121.94161,36.52164]],[[-121.94456,36.52153],[-121.94456,36.52153]],[[-121.94063,36.52153],[-121.94063,36.52153]],[[-121.95397,36.52142],[-121.95397,36.52142]],[[-121.94049,36.52142],[-121.94049,36.52142]],[[-121.94975,36.5213],[-121.94975,36.5213]],[[-121.94034,36.5213],[-121.94034,36.5213]],[[-121.93711,36.5213],[-121.93711,36.5213]],[[-121.93641,36.5213],[-121.93641,36.5213]],[[-121.94961,36.52119],[-121.94961,36.52119]],[[-121.94947,36.52119],[-121.94947,36.52119]],[[-121.9402,36.52119],[-121.9402,36.52119]],[[-121.93697,36.52108],[-121.93697,36.52108]],[[-121.93655,36.52108],[-121.93655,36.52108]],[[-121.94231,36.52097],[-121.94231,36.52097]],[[-121.93683,36.52097],[-121.93683,36.52097]],[[-121.94456,36.52085],[-121.94456,36.52085]],[[-121.94428,36.52085],[-121.94428,36.52085]],[[-121.944,36.52085],[-121.944,36.52085]],[[-121.94245,36.52085],[-121.94245,36.52085]],[[-121.94343,36.52074],[-121.94343,36.52074]],[[-121.94329,36.52074],[-121.94329,36.52074]],[[-121.95172,36.52051],[-121.95172,36.52051]],[[-121.93683,36.51995],[-121.93683,36.51995]],[[-121.93711,36.51984],[-121.93711,36.51984]],[[-121.93697,36.51984],[-121.93697,36.51984]],[[-121.94091,36.51972],[-121.94091,36.51972]],[[-121.95397,36.51961],[-121.95397,36.51961]],[[-121.95355,36.51961],[-121.95355,36.51961]],[[-121.95327,36.51961],[-121.95327,36.51961]],[[-121.9513,36.51961],[-121.9513,36.51961]],[[-121.94077,36.51961],[-121.94077,36.51961]],[[-121.95411,36.5195],[-121.95411,36.5195]],[[-121.95298,36.5195],[-121.95298,36.5195]],[[-121.94063,36.5195],[-121.94063,36.5195]],[[-121.93726,36.5195],[-121.93726,36.5195]],[[-121.95284,36.51939],[-121.95284,36.51939]],[[-121.95144,36.51939],[-121.95144,36.51939]],[[-121.94034,36.51939],[-121.94034,36.51939]],[[-121.95397,36.51927],[-121.95397,36.51927]],[[-121.95158,36.51927],[-121.95158,36.51927]],[[-121.9402,36.51927],[-121.9402,36.51927]],[[-121.9374,36.51927],[-121.9374,36.51927]],[[-121.95411,36.51916],[-121.95411,36.51916]],[[-121.9527,36.51916],[-121.9527,36.51916]],[[-121.94006,36.51916],[-121.94006,36.51916]],[[-121.93768,36.51916],[-121.93768,36.51916]],[[-121.95453,36.51905],[-121.95453,36.51905]],[[-121.95256,36.51905],[-121.95256,36.51905]],[[-121.95172,36.51905],[-121.95172,36.51905]],[[-121.93964,36.51905],[-121.93964,36.51905]],[[-121.93782,36.51905],[-121.93782,36.51905]],[[-121.95228,36.51893],[-121.95228,36.51893]],[[-121.95186,36.51893],[-121.95186,36.51893]],[[-121.93922,36.51893],[-121.93922,36.51893]],[[-121.93838,36.51893],[-121.93838,36.51893]],[[-121.95537,36.5186],[-121.95551,36.51848],[-121.95537,36.51826],[-121.95523,36.51848],[-121.95537,36.5186]],[[-121.95607,36.51803],[-121.95622,36.51792],[-121.95622,36.51735],[-121.95579,36.51702],[-121.95565,36.51713],[-121.95565,36.51758],[-121.95607,36.51803]],[[-121.95256,36.51803],[-121.95256,36.51803]],[[-121.95593,36.51792],[-121.95593,36.51792]],[[-121.95664,36.51769],[-121.9565,36.51758],[-121.95664,36.51747]],[[-121.95579,36.51769],[-121.95579,36.51769]],[[-121.95228,36.51735],[-121.95228,36.51735]],[[-121.95242,36.51713],[-121.95242,36.51713]],[[-121.9499,36.51668],[-121.9499,36.51668]],[[-121.9513,36.51645],[-121.9513,36.51645]],[[-121.94428,36.51318],[-121.94428,36.51318]],[[-121.94428,36.51273],[-121.94428,36.51273]],[[-121.94386,36.51273],[-121.94386,36.51273]],[[-121.94414,36.51262],[-121.94414,36.51262]],[[-121.944,36.5125],[-121.944,36.5125]],[[-121.94386,36.51239],[-121.94386,36.51239]],[[-121.94217,36.51183],[-121.94217,36.51183]],[[-121.94231,36.51171],[-121.94231,36.51171]],[[-121.94189,36.51115],[-121.94189,36.51104],[-121.94189,36.51115]],[[-121.94189,36.51104],[-121.94189,36.51104]],[[-121.94189,36.51036],[-121.94189,36.51036]],[[-121.94203,36.51013],[-121.94203,36.51013]],[[-121.94259,36.50979],[-121.94259,36.50979]],[[-121.94217,36.50912],[-121.94217,36.50912]],[[-121.94287,36.509],[-121.94301,36.50889],[-121.94287,36.50878],[-121.94273,36.50889],[-121.94287,36.509]],[[-121.94273,36.50889],[-121.94287,36.50878],[-121.94273,36.50867],[-121.94259,36.50878],[-121.94273,36.50889]],[[-121.94329,36.5081],[-121.94329,36.5081]],[[-121.94273,36.5081],[-121.94273,36.5081]],[[-121.94259,36.50799],[-121.94259,36.50799]],[[-121.94217,36.50799],[-121.94217,36.50799]],[[-121.94175,36.50799],[-121.94175,36.50799]],[[-121.94161,36.50799],[-121.94161,36.50799]],[[-121.94105,36.50799],[-121.94105,36.50799]],[[-121.94091,36.50799],[-121.94091,36.50799]],[[-121.94259,36.50697],[-121.94343,36.50765],[-121.94456,36.50731],[-121.94456,36.50754],[-121.94484,36.50776],[-121.94512,36.50754],[-121.94512,36.5072],[-121.94484,36.50697]],[[-121.94245,36.50776],[-121.94245,36.50776]],[[-121.94498,36.50765],[-121.94498,36.50765]],[[-121.94231,36.50765],[-121.94231,36.50765]],[[-121.94386,36.50754],[-121.94386,36.50754]],[[-121.94414,36.50742],[-121.94414,36.50742]],[[-121.94442,36.50731],[-121.94442,36.50731]],[[-121.94049,36.50697],[-121.94034,36.50697]],[[-121.93964,36.50697],[-121.93964,36.50697]]]},"properties":{"depth_m":325}},{"type":"Feature","geometry":{"type":"MultiLineString","coordinates":[[[-121.95467,36.56103],[-121.95411,36.56091],[-121.95383,36.56058],[-121.95355,36.5608],[-121.95327,36.5608],[-121.95298,36.56035],[-121.95256,36.56035],[-121.95214,36.56069],[-121.95186,36.56058],[-121.95172,36.56091],[-121.95144,36.56103]],[[-121.94091,36.56103],[-121.94105,36.5608],[-121.94077,36.56058],[-121.94063,36.5608],[-121.9402,36.5608],[-121.93992,36.56103]],[[-121.93894,36.56103],[-121.93908,36.56091],[-121.9395,36.56103],[-121.93964,36.5608],[-121.93978,36.56103]],[[-121.93571,36.56103],[-121.93557,36.56091],[-121.93515,36.56103],[-121.93487,36.5608],[-121.93417,36.5608],[-121.93276,36.55933],[-121.9322,36.55742],[-121.93108,36.55505],[-121.93108,36.55437],[-121.93065,36.55324],[-121.93037,36.55155],[-121.93009,36.5511],[-121.92981,36.5485],[-121.92967,36.54839],[-121.92981,36.54681],[-121.93037,36.54591],[-121.93136,36.54512],[-121.93164,36.54534],[-121.93248,36.54455],[-121.93262,36.54455],[-121.93248,36.54466],[-121.93276,36.54489],[-121.93304,36.54478],[-121.93304,36.54455],[-121.93346,36.54478],[-121.93388,36.54466],[-121.93388,36.54433],[-121.9336,36.5441],[-121.93388,36.54421],[-121.93431,36.54387],[-121.93417,36.54365],[-121.93431,36.54354],[-121.93417,36.54342],[-121.93402,36.54354],[-121.93388,36.54331],[-121.93402,36.5432],[-121.93374,36.54297],[-121.93346,36.54297],[-121.93374,36.54275],[-121.93346,36.54252],[-121.93332,36.54173],[-121.93304,36.54162],[-121.93332,36.54128],[-121.93431,36.54139],[-121.93445,36.54117],[-121.9336,36.54094],[-121.93346,36.54083],[-121.9336,36.5406],[-121.93346,36.54049],[-121.93332,36.5406],[-121.93318,36.54038],[-121.93304,36.54049],[-121.9329,36.54038],[-121.9329,36.54026],[-121.93318,36.54038],[-121.93346,36.54015],[-121.9329,36.5397],[-121.9329,36.53936],[-121.93248,36.53891],[-121.9322,36.53913],[-121.93178,36.53902],[-121.93136,36.53947],[-121.93051,36.53936],[-121.92981,36.53868],[-121.92883,36.53733],[-121.92869,36.53609],[-121.92855,36.53597],[-121.92855,36.53518],[-121.92841,36.53507],[-121.92841,36.53439],[-121.92855,36.53428],[-121.92827,36.53417],[-121.92841,36.53394],[-121.92813,36.53327],[-121.92799,36.53315],[-121.92785,36.53327],[-121.92799,36.53315],[-121.92756,36.53304],[-121.92742,36.5327],[-121.927,36.53248],[-121.927,36.53146],[-121.9263,36.5309],[-121.92574,36.52999],[-121.92574,36.5292],[-121.92602,36.52909],[-121.9263,36.52808],[-121.92588,36.52785],[-121.92574,36.52751],[-121.92588,36.52729],[-121.92532,36.52672],[-121.92532,36.52582],[-121.92546,36.52571],[-121.92546,36.52537],[-121.927,36.52356],[-121.92799,36.52288],[-121.92869,36.52266],[-121.92953,36.52277],[-121.92967,36.52288],[-121.92967,36.52334],[-121.92995,36.52345],[-121.92981,36.52356],[-121.92995,36.52367],[-121.93009,36.52356],[-121.93051,36.5239],[-121.93079,36.52356],[-121.93108,36.52367],[-121.9315,36.52345],[-121.93178,36.52367],[-121.9329,36.52334],[-121.93318,36.52401],[-121.93346,36.52367],[-121.93402,36.52356],[-121.93445,36.52401],[-121.93473,36.52401],[-121.93487,36.52367],[-121.93445,36.52334],[-121.93388,36.52322],[-121.9336,36.52288],[-121.93417,36.52232],[-121.93487,36.52232],[-121.93487,36.52266],[-121.93473,36.52277],[-121.93487,36.52288],[-121.93515,36.523],[-121.93529,36.52288],[-121.93543,36.52322],[-121.93571,36.523],[-121.93627,36.52356],[-121.93655,36.52345],[-121.93697,36.52379],[-121.93711,36.52345],[-121.9374,36.52334],[-121.93754,36.52345],[-121.93782,36.52322],[-121.93768,36.52311],[-121.9374,36.52334],[-121.9374,36.52311],[-121.93754,36.52322],[-121.93768,36.52311],[-121.93754,36.523],[-121.9374,36.52311],[-121.93754,36.52288],[-121.93768,36.52277],[-121.93782,36.52288],[-121.9381,36.52266],[-121.9374,36.52209],[-121.93768,36.52198],[-121.93754,36.52187],[-121.93697,36.52164],[-121.93669,36.52176],[-121.93641,36.5213],[-121.93683,36.52097],[-121.93726,36.52142],[-121.93782,36.5213],[-121.93782,36.52085],[-121.93754,36.5204],[-121.9374,36.52029],[-121.93726,36.5204],[-121.93683,36.51995],[-121.9374,36.51984],[-121.93726,36.5195],[-121.9374,36.51927],[-121.93838,36.51893],[-121.93922,36.51893],[-121.94006,36.51916],[-121.94091,36.51972],[-121.94006,36.52074],[-121.93992,36.52119],[-121.94006,36.5213],[-121.9402,36.52119],[-121.94063,36.52153],[-121.94049,36.52187],[-121.94077,36.52209],[-121.94091,36.52198],[-121.94105,36.52221],[-121.94133,36.52209],[-121.94119,36.52176],[-121.94245,36.52164],[-121.94231,36.5213],[-121.94231,36.52097],[-121.94245,36.52085],[-121.94343,36.52074],[-121.94414,36.52097],[-121.94456,36.52085],[-121.94456,36.5213],[-121.94442,36.52142],[-121.94456,36.52153],[-121.94428,36.52164],[-121.94442,36.52209],[-121.9454,36.52243],[-121.94582,36.52288],[-121.94638,36.523],[-121.94807,36.52401],[-121.94863,36.52367],[-121.94891,36.52379],[-121.94905,36.52367],[-121.94905,36.52322],[-121.94835,36.52255],[-121.94835,36.52232],[-121.94863,36.52266],[-121.94919,36.52277],[-121.94961,36.52266],[-121.94947,36.52255],[-121.94961,36.52243],[-121.94961,36.52142],[-121.94947,36.52119],[-121.94961,36.52119],[-121.94975,36.52153],[-121.95004,36.52176],[-121.95018,36.52164],[-121.95032,36.52198],[-121.95088,36.52232],[-121.95102,36.52266],[-121.95313,36.52413],[-121.95341,36.5239],[-121.95327,36.52322],[-121.95369,36.52367],[-121.95397,36.52356],[-121.95411,36.5239],[-121.95467,36.52435],[-121.95495,36.52413],[-121.95467,36.52379],[-121.95495,36.52367],[-121.95369,36.52277],[-121.95453,36.52266],[-121.95495,36.52288],[-121.95523,36.52232],[-121.95453,36.52187],[-121.95439,36.52198],[-121.95439,36.52176],[-121.95397,36.52153],[-121.95411,36.52119],[-121.95313,36.52063],[-121.95256,36.5204],[-121.95172,36.52051],[-121.95186,36.5204],[-121.95186,36.52006],[-121.95158,36.51972],[-121.9513,36.51972],[-121.95186,36.51893],[-121.95256,36.51905],[-121.95341,36.51972],[-121.95439,36.5195],[-121.95453,36.51939],[-121.95425,36.51916],[-121.95397,36.51939],[-121.95411,36.51916],[-121.95439,36.51916],[-121.95467,36.51893],[-121.95425,36.51792],[-121.95369,36.51747],[-121.95327,36.51747],[-121.95298,36.51769],[-121.95298,36.51814],[-121.95242,36.51814],[-121.95242,36.51792],[-121.9527,36.51814],[-121.95284,36.51803],[-121.9527,36.51781],[-121.95242,36.51792],[-121.95228,36.51758],[-121.95256,36.5169],[-121.95186,36.51645],[-121.95158,36.51668],[-121.9513,36.51645],[-121.95144,36.51623],[-121.9513,36.51611],[-121.95074,36.51657],[-121.95046,36.51702],[-121.95004,36.51713],[-121.9499,36.5169],[-121.95004,36.51634],[-121.94961,36.516],[-121.94961,36.51566],[-121.94933,36.51544],[-121.94905,36.51544],[-121.94891,36.51566],[-121.94877,36.51521],[-121.94821,36.51487],[-121.94807,36.51397],[-121.94779,36.51374],[-121.94765,36.51386],[-121.94737,36.51341],[-121.94695,36.51352],[-121.94666,36.51318],[-121.9461,36.51307],[-121.94568,36.51318],[-121.94568,36.51295],[-121.9454,36.51273],[-121.94498,36.51273],[-121.94428,36.51318],[-121.94442,36.51307],[-121.94428,36.51295],[-121.944,36.51307],[-121.94386,36.51273],[-121.944,36.5125],[-121.94456,36.51284],[-121.9447,36.5125],[-121.94414,36.51205],[-121.94372,36.51183],[-121.94329,36.51194],[-121.94315,36.51171],[-121.94217,36.51183],[-121.94245,36.5116],[-121.94245,36.51137],[-121.94217,36.51092],[-121.94231,36.51104],[-121.94245,36.51092],[-121.94231,36.51081],[-121.94217,36.51092],[-121.94217,36.5107],[-121.94189,36.51036],[-121.94203,36.51013],[-121.94259,36.51002],[-121.94273,36.50968],[-121.94231,36.50946],[-121.94217,36.50912],[-121.94273,36.509],[-121.94231,36.50844],[-121.94217,36.50867],[-121.94203,36.50833],[-121.94119,36.50844],[-121.94091,36.50799],[-121.94203,36.5081],[-121.94231,36.50788],[-121.94231,36.50765],[-121.94287,36.50821],[-121.94315,36.50821],[-121.94343,36.50788],[-121.94245,36.5072],[-121.94245,36.50697]],[[-121.95228,36.5608],[-121.95228,36.5608]],[[-121.92967,36.54737],[-121.92967,36.54737]],[[-121.92981,36.54681],[-121.92981,36.54681]],[[-121.92995,36.54658],[-121.92995,36.54658]],[[-121.93009,36.54636],[-121.93009,36.54636]],[[-121.93023,36.54613],[-121.93023,36.54613]],[[-121.93037,36.54591],[-121.93037,36.54591]],[[-121.93051,36.54579],[-121.93051,36.54579]],[[-121.93065,36.54568],[-121.93065,36.54568]],[[-121.93079,36.54557],[-121.93079,36.54557]],[[-121.93094,36.54545],[-121.93094,36.54545]],[[-121.93108,36.54534],[-121.93108,36.54534]],[[-121.93178,36.54523],[-121.93178,36.54523]],[[-121.93122,36.54523],[-121.93122,36.54523]],[[-121.93136,36.54512],[-121.93136,36.54512]],[[-121.93192,36.545],[-121.93192,36.545]],[[-121.93206,36.54489],[-121.93206,36.54489]],[[-121.93262,36.54478],[-121.93262,36.54478]],[[-121.9322,36.54478],[-121.9322,36.54478]],[[-121.93332,36.54466],[-121.93332,36.54466]],[[-121.93234,36.54466],[-121.93234,36.54466]],[[-121.93304,36.54455],[-121.93304,36.54455]],[[-121.93262,36.54455],[-121.93262,36.54455]],[[-121.93248,36.54455],[-121.93248,36.54455]],[[-121.93402,36.5441],[-121.93402,36.5441]],[[-121.93374,36.5441],[-121.93374,36.5441]],[[-121.9336,36.5441],[-121.9336,36.5441]],[[-121.93417,36.54399],[-121.93417,36.54399]],[[-121.93417,36.54365],[-121.93417,36.54365]],[[-121.93445,36.54354],[-121.93473,36.54331],[-121.93431,36.54308],[-121.93417,36.54331],[-121.93445,36.54354]],[[-121.93459,36.54342],[-121.93459,36.54342]],[[-121.93431,36.54342],[-121.93431,36.54342]],[[-121.93388,36.54331],[-121.93388,36.54331]],[[-121.93346,36.54286],[-121.93346,36.54286]],[[-121.93304,36.54162],[-121.93304,36.54162]],[[-121.93318,36.5415],[-121.93318,36.5415]],[[-121.9336,36.54128],[-121.9336,36.54128]],[[-121.93332,36.54128],[-121.93332,36.54128]],[[-121.93346,36.54071],[-121.93346,36.54071]],[[-121.93445,36.54049],[-121.93459,36.54038],[-121.93445,36.54026],[-121.93431,36.54038],[-121.93445,36.54049]],[[-121.93332,36.54026],[-121.93332,36.54026]],[[-121.93304,36.54026],[-121.93304,36.54026]],[[-121.9329,36.54026],[-121.9329,36.54026]],[[-121.95664,36.53227],[-121.95523,36.53293],[-121.95467,36.53302],[-121.95214,36.53456],[-121.95102,36.53462],[-121.95026,36.53507],[-121.95016,36.53541],[-121.95035,36.53586],[-121.9513,36.53633],[-121.95341,36.53599],[-121.95664,36.53624]],[[-121.95214,36.5362],[-121.95214,36.5362]],[[-121.92841,36.53439],[-121.92841,36.53439]],[[-121.92827,36.53417],[-121.92827,36.53417]],[[-121.92785,36.53327],[-121.92785,36.53327]],[[-121.92574,36.5292],[-121.92574,36.5292]],[[-121.92602,36.52875],[-121.92602,36.52875]],[[-121.92616,36.5283],[-121.92616,36.5283]],[[-121.92574,36.52751],[-121.92574,36.52751]],[[-121.92532,36.52582],[-121.92532,36.52582]],[[-121.92546,36.52537],[-121.92546,36.52537]],[[-121.9256,36.52525],[-121.9256,36.52525]],[[-121.92574,36.52503],[-121.92574,36.52503]],[[-121.92588,36.52492],[-121.92588,36.52492]],[[-121.92602,36.52469],[-121.92602,36.52469]],[[-121.92616,36.52458],[-121.92616,36.52458]],[[-121.94709,36.52446],[-121.94723,36.52424],[-121.94695,36.52413],[-121.94681,36.52424],[-121.94709,36.52446]],[[-121.9263,36.52446],[-121.9263,36.52446]],[[-121.94695,36.52435],[-121.94695,36.52435]],[[-121.95481,36.52424],[-121.95481,36.52424]],[[-121.95453,36.52424],[-121.95453,36.52424]],[[-121.92644,36.52424],[-121.92644,36.52424]],[[-121.95439,36.52413],[-121.95439,36.52413]],[[-121.92658,36.52413],[-121.92658,36.52413]],[[-121.95425,36.52401],[-121.95425,36.52401]],[[-121.95327,36.52401],[-121.95327,36.52401]],[[-121.95298,36.52401],[-121.95298,36.52401]],[[-121.94695,36.52401],[-121.94709,36.5239],[-121.94695,36.52379],[-121.94681,36.5239],[-121.94695,36.52401]],[[-121.95284,36.5239],[-121.95284,36.5239]],[[-121.94821,36.5239],[-121.94821,36.5239]],[[-121.94793,36.5239],[-121.94793,36.5239]],[[-121.93431,36.5239],[-121.93431,36.5239]],[[-121.92672,36.5239],[-121.92672,36.5239]],[[-121.95467,36.52379],[-121.95467,36.52379]],[[-121.95411,36.52379],[-121.95411,36.52379]],[[-121.9527,36.52379],[-121.9527,36.52379]],[[-121.94849,36.52379],[-121.94849,36.52379]],[[-121.94765,36.52379],[-121.94765,36.52379]],[[-121.93417,36.52379],[-121.93417,36.52379]],[[-121.93332,36.52379],[-121.93332,36.52379]],[[-121.93037,36.52379],[-121.93037,36.52379]],[[-121.92686,36.52379],[-121.92686,36.52379]],[[-121.95327,36.52367],[-121.95327,36.52367]],[[-121.95256,36.52367],[-121.95256,36.52367]],[[-121.94877,36.52367],[-121.94877,36.52367]],[[-121.94863,36.52367],[-121.94863,36.52367]],[[-121.94737,36.52367],[-121.94737,36.52367]],[[-121.93669,36.52367],[-121.93669,36.52367]],[[-121.93346,36.52367],[-121.93346,36.52367]],[[-121.93065,36.52367],[-121.93065,36.52367]],[[-121.93023,36.52367],[-121.93023,36.52367]],[[-121.95397,36.52356],[-121.95397,36.52356]],[[-121.95383,36.52345],[-121.95383,36.52345]],[[-121.95242,36.52356],[-121.95242,36.52356]],[[-121.94723,36.52356],[-121.94723,36.52356]],[[-121.93402,36.52356],[-121.93402,36.52356]],[[-121.93388,36.52356],[-121.93388,36.52356]],[[-121.93192,36.52356],[-121.93192,36.52356]],[[-121.93164,36.52356],[-121.93164,36.52356]],[[-121.93122,36.52356],[-121.93122,36.52356]],[[-121.93079,36.52356],[-121.93079,36.52356]],[[-121.93009,36.52356],[-121.93009,36.52356]],[[-121.927,36.52356],[-121.927,36.52356]],[[-121.95355,36.52345],[-121.95355,36.52345]],[[-121.95228,36.52345],[-121.95228,36.52345]],[[-121.94709,36.52345],[-121.94709,36.52345]],[[-121.93711,36.52345],[-121.93711,36.52345]],[[-121.93655,36.52345],[-121.93655,36.52345]],[[-121.93613,36.52345],[-121.93613,36.52345]],[[-121.93304,36.52345],[-121.93304,36.52345]],[[-121.93234,36.52345],[-121.93234,36.52345]],[[-121.9322,36.52345],[-121.9322,36.52345]],[[-121.9315,36.52345],[-121.9315,36.52345]],[[-121.92995,36.52345],[-121.92995,36.52345]],[[-121.92714,36.52345],[-121.92714,36.52345]],[[-121.95341,36.52334],[-121.95341,36.52334]],[[-121.95214,36.52334],[-121.95214,36.52334]],[[-121.94695,36.52334],[-121.94695,36.52334]],[[-121.94091,36.52334],[-121.94119,36.52277],[-121.94105,36.52255],[-121.94063,36.52277],[-121.94063,36.52322],[-121.94091,36.52334]],[[-121.93768,36.52334],[-121.93768,36.52334]],[[-121.9329,36.52334],[-121.9329,36.52334]],[[-121.93262,36.52334],[-121.93262,36.52334]],[[-121.92728,36.52334],[-121.92728,36.52334]],[[-121.95327,36.52322],[-121.95327,36.52322]],[[-121.952,36.52322],[-121.952,36.52322]],[[-121.94666,36.52322],[-121.94666,36.52322]],[[-121.93599,36.52322],[-121.93599,36.52322]],[[-121.92742,36.52322],[-121.92742,36.52322]],[[-121.95509,36.52311],[-121.95523,36.523],[-121.95509,36.52288],[-121.95495,36.523],[-121.95509,36.52311]],[[-121.95369,36.523],[-121.95369,36.523]],[[-121.95172,36.52311],[-121.95172,36.52311]],[[-121.94652,36.52311],[-121.94652,36.52311]],[[-121.9374,36.52311],[-121.9374,36.52311]],[[-121.93585,36.52311],[-121.93585,36.52311]],[[-121.92756,36.52311],[-121.92756,36.52311]],[[-121.95158,36.523],[-121.95158,36.523]],[[-121.94638,36.523],[-121.94638,36.523]],[[-121.93571,36.523],[-121.93557,36.52288],[-121.93571,36.523]],[[-121.93557,36.52288],[-121.93557,36.52288]],[[-121.92785,36.523],[-121.92785,36.523]],[[-121.9513,36.52288],[-121.9513,36.52288]],[[-121.94596,36.52288],[-121.94596,36.52288]],[[-121.94105,36.52288],[-121.94105,36.52288]],[[-121.93754,36.52288],[-121.93754,36.52288]],[[-121.93529,36.52288],[-121.93529,36.52288]],[[-121.93501,36.52288],[-121.93501,36.52288]],[[-121.9336,36.52288],[-121.9336,36.52288]],[[-121.92967,36.52288],[-121.92967,36.52288]],[[-121.92799,36.52288],[-121.92799,36.52288]],[[-121.95481,36.52277],[-121.95481,36.52277]],[[-121.95369,36.52277],[-121.95369,36.52277]],[[-121.95355,36.52266],[-121.95341,36.52255],[-121.95355,36.52266]],[[-121.95116,36.52277],[-121.95116,36.52277]],[[-121.93796,36.52277],[-121.93796,36.52277]],[[-121.93768,36.52277],[-121.93768,36.52277]],[[-121.92953,36.52277],[-121.92953,36.52277]],[[-121.92827,36.52277],[-121.92827,36.52277]],[[-121.95453,36.52266],[-121.95453,36.52266]],[[-121.95425,36.52266],[-121.95425,36.52266]],[[-121.95341,36.52255],[-121.95341,36.52255]],[[-121.94905,36.52266],[-121.94905,36.52266]],[[-121.94568,36.52266],[-121.94568,36.52266]],[[-121.93529,36.52255],[-121.93529,36.52255]],[[-121.93374,36.52266],[-121.93374,36.52266]],[[-121.92911,36.52266],[-121.92911,36.52266]],[[-121.92869,36.52266],[-121.92869,36.52266]],[[-121.95509,36.52255],[-121.95509,36.52255]],[[-121.95102,36.52255],[-121.95102,36.52255]],[[-121.94947,36.52255],[-121.94947,36.52255]],[[-121.94554,36.52255],[-121.94554,36.52255]],[[-121.93388,36.52255],[-121.93388,36.52255]],[[-121.94849,36.52243],[-121.94849,36.52243]],[[-121.9454,36.52243],[-121.9454,36.52243]],[[-121.93402,36.52243],[-121.93402,36.52243]],[[-121.95088,36.52232],[-121.95088,36.52232]],[[-121.94835,36.52232],[-121.94835,36.52232]],[[-121.94498,36.52232],[-121.94498,36.52232]],[[-121.93487,36.52232],[-121.93487,36.52232]],[[-121.93417,36.52232],[-121.93417,36.52232]],[[-121.95074,36.52221],[-121.95074,36.52221]],[[-121.9447,36.52221],[-121.9447,36.52221]],[[-121.9506,36.52209],[-121.9506,36.52209]],[[-121.9374,36.52209],[-121.9374,36.52209]],[[-121.93726,36.52198],[-121.93726,36.52198]],[[-121.94442,36.52198],[-121.94442,36.52198]],[[-121.94091,36.52198],[-121.94091,36.52198]],[[-121.94063,36.52198],[-121.94063,36.52198]],[[-121.95032,36.52176],[-121.95032,36.52176]],[[-121.94119,36.52176],[-121.94119,36.52176]],[[-121.94105,36.52164],[-121.94105,36.52164]],[[-121.95018,36.52164],[-121.95018,36.52164]],[[-121.9499,36.52164],[-121.9499,36.52164]],[[-121.94175,36.52164],[-121.94175,36.52164]],[[-121.94161,36.52164],[-121.94161,36.52164]],[[-121.94456,36.52153],[-121.94456,36.52153]],[[-121.94063,36.52153],[-121.94063,36.52153]],[[-121.95397,36.52142],[-121.95397,36.52142]],[[-121.94049,36.52142],[-121.94049,36.52142]],[[-121.94975,36.5213],[-121.94975,36.5213]],[[-121.94034,36.5213],[-121.94034,36.5213]],[[-121.93711,36.5213],[-121.93711,36.5213]],[[-121.93641,36.5213],[-121.93641,36.5213]],[[-121.94961,36.52119],[-121.94961,36.52119]],[[-121.94947,36.52119],[-121.94947,36.52119]],[[-121.9402,36.52119],[-121.9402,36.52119]],[[-121.93697,36.52108],[-121.93697,36.52108]],[[-121.93655,36.52108],[-121.93655,36.52108]],[[-121.94231,36.52097],[-121.94231,36.52097]],[[-121.93683,36.52097],[-121.93683,36.52097]],[[-121.94456,36.52085],[-121.94456,36.52085]],[[-121.94428,36.52085],[-121.94428,36.52085]],[[-121.944,36.52085],[-121.944,36.52085]],[[-121.94245,36.52085],[-121.94245,36.52085]],[[-121.94343,36.52074],[-121.94343,36.52074]],[[-121.94329,36.52074],[-121.94329,36.52074]],[[-121.95172,36.52051],[-121.95172,36.52051]],[[-121.93683,36.51995],[-121.93683,36.51995]],[[-121.93711,36.51984],[-121.93711,36.51984]],[[-121.93697,36.51984],[-121.93697,36.51984]],[[-121.94091,36.51972],[-121.94091,36.51972]],[[-121.95397,36.51961],[-121.95397,36.51961]],[[-121.95355,36.51961],[-121.95355,36.51961]],[[-121.95327,36.51961],[-121.95327,36.51961]],[[-121.9513,36.51961],[-121.9513,36.51961]],[[-121.94077,36.51961],[-121.94077,36.51961]],[[-121.95411,36.5195],[-121.95411,36.5195]],[[-121.95298,36.5195],[-121.95298,36.5195]],[[-121.94063,36.5195],[-121.94063,36.5195]],[[-121.93726,36.5195],[-121.93726,36.5195]],[[-121.95284,36.51939],[-121.95284,36.51939]],[[-121.95144,36.51939],[-121.95144,36.51939]],[[-121.94034,36.51939],[-121.94034,36.51939]],[[-121.95397,36.51927],[-121.95397,36.51927]],[[-121.95158,36.51927],[-121.95158,36.51927]],[[-121.9402,36.51927],[-121.9402,36.51927]],[[-121.9374,36.51927],[-121.9374,36.51927]],[[-121.95411,36.51916],[-121.95411,36.51916]],[[-121.9527,36.51916],[-121.9527,36.51916]],[[-121.94006,36.51916],[-121.94006,36.51916]],[[-121.93768,36.51916],[-121.93768,36.51916]],[[-121.95453,36.51905],[-121.95453,36.51905]],[[-121.95256,36.51905],[-121.95256,36.51905]],[[-121.95172,36.51905],[-121.95172,36.51905]],[[-121.93964,36.51905],[-121.93964,36.51905]],[[-121.93782,36.51905],[-121.93782,36.51905]],[[-121.95228,36.51893],[-121.95228,36.51893]],[[-121.95186,36.51893],[-121.95186,36.51893]],[[-121.93922,36.51893],[-121.93922,36.51893]],[[-121.93838,36.51893],[-121.93838,36.51893]],[[-121.95537,36.5186],[-121.95551,36.51848],[-121.95537,36.51826],[-121.95523,36.51848],[-121.95537,36.5186]],[[-121.95607,36.51803],[-121.95622,36.51792],[-121.95622,36.51735],[-121.95579,36.51702],[-121.95565,36.51713],[-121.95565,36.51758],[-121.95607,36.51803]],[[-121.95256,36.51803],[-121.95256,36.51803]],[[-121.95593,36.51792],[-121.95593,36.51792]],[[-121.95664,36.51769],[-121.9565,36.51758],[-121.95664,36.51747]],[[-121.95579,36.51769],[-121.95579,36.51769]],[[-121.95228,36.51735],[-121.95228,36.51735]],[[-121.95242,36.51713],[-121.95242,36.51713]],[[-121.9499,36.51668],[-121.9499,36.51668]],[[-121.9513,36.51645],[-121.9513,36.51645]],[[-121.94428,36.51318],[-121.94428,36.51318]],[[-121.94428,36.51273],[-121.94428,36.51273]],[[-121.94386,36.51273],[-121.94386,36.51273]],[[-121.94414,36.51262],[-121.94414,36.51262]],[[-121.944,36.5125],[-121.944,36.5125]],[[-121.94386,36.51239],[-121.94386,36.51239]],[[-121.94217,36.51183],[-121.94217,36.51183]],[[-121.94231,36.51171],[-121.94231,36.51171]],[[-121.94189,36.51115],[-121.94189,36.51104],[-121.94189,36.51115]],[[-121.94189,36.51104],[-121.94189,36.51104]],[[-121.94189,36.51036],[-121.94189,36.51036]],[[-121.94203,36.51013],[-121.94203,36.51013]],[[-121.94259,36.50979],[-121.94259,36.50979]],[[-121.94217,36.50912],[-121.94217,36.50912]],[[-121.94287,36.509],[-121.94301,36.50889],[-121.94287,36.50878],[-121.94273,36.50889],[-121.94287,36.509]],[[-121.94273,36.50889],[-121.94287,36.50878],[-121.94273,36.50867],[-121.94259,36.50878],[-121.94273,36.50889]],[[-121.94329,36.5081],[-121.94329,36.5081]],[[-121.94273,36.5081],[-121.94273,36.5081]],[[-121.94259,36.50799],[-121.94259,36.50799]],[[-121.94217,36.50799],[-121.94217,36.50799]],[[-121.94175,36.50799],[-121.94175,36.50799]],[[-121.94161,36.50799],[-121.94161,36.50799]],[[-121.94105,36.50799],[-121.94105,36.50799]],[[-121.94091,36.50799],[-121.94091,36.50799]],[[-121.94259,36.50697],[-121.94343,36.50765],[-121.94456,36.50731],[-121.94456,36.50754],[-121.94484,36.50776],[-121.94512,36.50754],[-121.94512,36.5072],[-121.94484,36.50697]],[[-121.94245,36.50776],[-121.94245,36.50776]],[[-121.94498,36.50765],[-121.94498,36.50765]],[[-121.94231,36.50765],[-121.94231,36.50765]],[[-121.94386,36.50754],[-121.94386,36.50754]],[[-121.94414,36.50742],[-121.94414,36.50742]],[[-121.94442,36.50731],[-121.94442,36.50731]],[[-121.94049,36.50697],[-121.94034,36.50697]],[[-121.93964,36.50697],[-121.93964,36.50697]]]},"properties":{"depth_m":350}},{"type":"Feature","geometry":{"type":"MultiLineString","coordinates":[[[-121.95467,36.56103],[-121.95411,36.56091],[-121.95383,36.56058],[-121.95355,36.5608],[-121.95327,36.5608],[-121.95298,36.56035],[-121.95256,36.56035],[-121.95214,36.56069],[-121.95186,36.56058],[-121.95172,36.56091],[-121.95144,36.56103]],[[-121.94091,36.56103],[-121.94105,36.5608],[-121.94077,36.56058],[-121.94063,36.5608],[-121.9402,36.5608],[-121.93992,36.56103]],[[-121.93894,36.56103],[-121.93908,36.56091],[-121.9395,36.56103],[-121.93964,36.5608],[-121.93978,36.56103]],[[-121.93571,36.56103],[-121.93557,36.56091],[-121.93515,36.56103],[-121.93487,36.5608],[-121.93417,36.5608],[-121.93276,36.55933],[-121.9322,36.55742],[-121.93108,36.55505],[-121.93108,36.55437],[-121.93065,36.55324],[-121.93065,36.55268],[-121.93037,36.552],[-121.93037,36.55155],[-121.93009,36.5511],[-121.92981,36.5485],[-121.92967,36.54839],[-121.92981,36.54681],[-121.93037,36.54591],[-121.93136,36.54512],[-121.93164,36.54534],[-121.93248,36.54455],[-121.93262,36.54455],[-121.93248,36.54466],[-121.93276,36.54489],[-121.93304,36.54478],[-121.93304,36.54455],[-121.93346,36.54478],[-121.93388,36.54466],[-121.93388,36.54433],[-121.9336,36.5441],[-121.93388,36.54421],[-121.93431,36.54387],[-121.93417,36.54365],[-121.93431,36.54354],[-121.93417,36.54342],[-121.93402,36.54354],[-121.93388,36.54331],[-121.93402,36.5432],[-121.93374,36.54297],[-121.93346,36.54297],[-121.93374,36.54275],[-121.93346,36.54252],[-121.93332,36.54173],[-121.93304,36.54162],[-121.93332,36.54128],[-121.93431,36.54139],[-121.93445,36.54117],[-121.9336,36.54094],[-121.93346,36.54083],[-121.9336,36.5406],[-121.93346,36.54049],[-121.93332,36.5406],[-121.93318,36.54038],[-121.93304,36.54049],[-121.9329,36.54038],[-121.9329,36.54026],[-121.93318,36.54038],[-121.93346,36.54015],[-121.9329,36.5397],[-121.9329,36.53936],[-121.93248,36.53891],[-121.9322,36.53913],[-121.93178,36.53902],[-121.93136,36.53947],[-121.93051,36.53936],[-121.92981,36.53868],[-121.92883,36.53733],[-121.92869,36.53609],[-121.92855,36.53597],[-121.92855,36.53518],[-121.92841,36.53507],[-121.92841,36.53439],[-121.92855,36.53428],[-121.92827,36.53417],[-121.92841,36.53394],[-121.92813,36.53327],[-121.92799,36.53315],[-121.92785,36.53327],[-121.92799,36.53315],[-121.92756,36.53304],[-121.92742,36.5327],[-121.927,36.53248],[-121.927,36.53146],[-121.9263,36.5309],[-121.92574,36.52999],[-121.92574,36.5292],[-121.92602,36.52909],[-121.9263,36.52808],[-121.92588,36.52785],[-121.92574,36.52751],[-121.92588,36.52729],[-121.92532,36.52672],[-121.92532,36.52582],[-121.92546,36.52571],[-121.92546,36.52537],[-121.927,36.52356],[-121.92799,36.52288],[-121.92869,36.52266],[-121.92953,36.52277],[-121.92967,36.52288],[-121.92967,36.52334],[-121.92995,36.52345],[-121.92981,36.52356],[-121.92995,36.52367],[-121.93009,36.52356],[-121.93051,36.5239],[-121.93079,36.52356],[-121.93108,36.52367],[-121.9315,36.52345],[-121.93178,36.52367],[-121.9329,36.52334],[-121.93318,36.52401],[-121.93346,36.52367],[-121.93402,36.52356],[-121.93445,36.52401],[-121.93473,36.52401],[-121.93487,36.52367],[-121.93445,36.52334],[-121.93388,36.52322],[-121.9336,36.52288],[-121.93417,36.52232],[-121.93487,36.52232],[-121.93487,36.52266],[-121.93473,36.52277],[-121.93487,36.52288],[-121.93515,36.523],[-121.93529,36.52288],[-121.93543,36.52322],[-121.93571,36.523],[-121.93627,36.52356],[-121.93655,36.52345],[-121.93697,36.52379],[-121.93711,36.52345],[-121.9374,36.52334],[-121.93754,36.52345],[-121.93782,36.52322],[-121.93768,36.52311],[-121.9374,36.52334],[-121.9374,36.52311],[-121.93754,36.52322],[-121.93768,36.52311],[-121.93754,36.523],[-121.9374,36.52311],[-121.93754,36.52288],[-121.93768,36.52277],[-121.93782,36.52288],[-121.9381,36.52266],[-121.9374,36.52209],[-121.93768,36.52198],[-121.93754,36.52187],[-121.93697,36.52164],[-121.93669,36.52176],[-121.93641,36.5213],[-121.93683,36.52097],[-121.93726,36.52142],[-121.93782,36.5213],[-121.93782,36.52085],[-121.93754,36.5204],[-121.9374,36.52029],[-121.93726,36.5204],[-121.93683,36.51995],[-121.9374,36.51984],[-121.93726,36.5195],[-121.9374,36.51927],[-121.93838,36.51893],[-121.93922,36.51893],[-121.94006,36.51916],[-121.94091,36.51972],[-121.94006,36.52074],[-121.93992,36.52119],[-121.94006,36.5213],[-121.9402,36.52119],[-121.94063,36.52153],[-121.94049,36.52187],[-121.94077,36.52209],[-121.94091,36.52198],[-121.94105,36.52221],[-121.94133,36.52209],[-121.94119,36.52176],[-121.94245,36.52164],[-121.94231,36.5213],[-121.94231,36.52097],[-121.94245,36.52085],[-121.94343,36.52074],[-121.94414,36.52097],[-121.94456,36.52085],[-121.94456,36.5213],[-121.94442,36.52142],[-121.94456,36.52153],[-121.94428,36.52164],[-121.94442,36.52209],[-121.9454,36.52243],[-121.94582,36.52288],[-121.94638,36.523],[-121.94807,36.52401],[-121.94863,36.52367],[-121.94891,36.52379],[-121.94905,36.52367],[-121.94905,36.52322],[-121.94835,36.52255],[-121.94835,36.52232],[-121.94863,36.52266],[-121.94919,36.52277],[-121.94961,36.52266],[-121.94947,36.52255],[-121.94961,36.52243],[-121.94961,36.52142],[-121.94947,36.52119],[-121.94961,36.52119],[-121.94975,36.52153],[-121.95004,36.52176],[-121.95018,36.52164],[-121.95032,36.52198],[-121.95088,36.52232],[-121.95102,36.52266],[-121.95313,36.52413],[-121.95341,36.5239],[-121.95327,36.52322],[-121.95369,36.52367],[-121.95397,36.52356],[-121.95411,36.5239],[-121.95467,36.52435],[-121.95495,36.52413],[-121.95467,36.52379],[-121.95495,36.52367],[-121.95369,36.52277],[-121.95453,36.52266],[-121.95495,36.52288],[-121.95523,36.52232],[-121.95453,36.52187],[-121.95439,36.52198],[-121.95439,36.52176],[-121.95397,36.52153],[-121.95411,36.52119],[-121.95313,36.52063],[-121.95256,36.5204],[-121.95172,36.52051],[-121.95186,36.5204],[-121.95186,36.52006],[-121.95158,36.51972],[-121.9513,36.51972],[-121.95186,36.51893],[-121.95256,36.51905],[-121.95341,36.51972],[-121.95439,36.5195],[-121.95453,36.51939],[-121.95425,36.51916],[-121.95397,36.51939],[-121.95411,36.51916],[-121.95439,36.51916],[-121.95467,36.51893],[-121.95425,36.51792],[-121.95369,36.51747],[-121.95327,36.51747],[-121.95298,36.51769],[-121.95298,36.51814],[-121.95242,36.51814],[-121.95242,36.51792],[-121.9527,36.51814],[-121.95284,36.51803],[-121.9527,36.51781],[-121.95242,36.51792],[-121.95228,36.51758],[-121.95256,36.5169],[-121.95186,36.51645],[-121.95158,36.51668],[-121.9513,36.51645],[-121.95144,36.51623],[-121.9513,36.51611],[-121.95074,36.51657],[-121.95046,36.51702],[-121.95004,36.51713],[-121.9499,36.5169],[-121.95004,36.51634],[-121.94961,36.516],[-121.94961,36.51566],[-121.94933,36.51544],[-121.94905,36.51544],[-121.94891,36.51566],[-121.94877,36.51521],[-121.94821,36.51487],[-121.94807,36.51397],[-121.94779,36.51374],[-121.94765,36.51386],[-121.94737,36.51341],[-121.94695,36.51352],[-121.94666,36.51318],[-121.9461,36.51307],[-121.94568,36.51318],[-121.94568,36.51295],[-121.9454,36.51273],[-121.94498,36.51273],[-121.94428,36.51318],[-121.94442,36.51307],[-121.94428,36.51295],[-121.944,36.51307],[-121.94386,36.51273],[-121.944,36.5125],[-121.94456,36.51284],[-121.9447,36.5125],[-121.94414,36.51205],[-121.94372,36.51183],[-121.94329,36.51194],[-121.94315,36.51171],[-121.94217,36.51183],[-121.94245,36.5116],[-121.94245,36.51137],[-121.94217,36.51092],[-121.94231,36.51104],[-121.94245,36.51092],[-121.94231,36.51081],[-121.94217,36.51092],[-121.94217,36.5107],[-121.94189,36.51036],[-121.94203,36.51013],[-121.94259,36.51002],[-121.94273,36.50968],[-121.94231,36.50946],[-121.94217,36.50912],[-121.94273,36.509],[-121.94231,36.50844],[-121.94217,36.50867],[-121.94203,36.50833],[-121.94119,36.50844],[-121.94091,36.50799],[-121.94203,36.5081],[-121.94231,36.50788],[-121.94231,36.50765],[-121.94287,36.50821],[-121.94315,36.50821],[-121.94343,36.50788],[-121.94245,36.5072],[-121.94245,36.50697]],[[-121.95228,36.5608],[-121.95228,36.5608]],[[-121.92967,36.54737],[-121.92967,36.54737]],[[-121.92981,36.54681],[-121.92981,36.54681]],[[-121.92995,36.54658],[-121.92995,36.54658]],[[-121.93009,36.54636],[-121.93009,36.54636]],[[-121.93023,36.54613],[-121.93023,36.54613]],[[-121.93037,36.54591],[-121.93037,36.54591]],[[-121.93051,36.54579],[-121.93051,36.54579]],[[-121.93065,36.54568],[-121.93065,36.54568]],[[-121.93079,36.54557],[-121.93079,36.54557]],[[-121.93094,36.54545],[-121.93094,36.54545]],[[-121.93108,36.54534],[-121.93108,36.54534]],[[-121.93178,36.54523],[-121.93178,36.54523]],[[-121.93122,36.54523],[-121.93122,36.54523]],[[-121.93136,36.54512],[-121.93136,36.54512]],[[-121.93192,36.545],[-121.93192,36.545]],[[-121.93206,36.54489],[-121.93206,36.54489]],[[-121.93262,36.54478],[-121.93262,36.54478]],[[-121.9322,36.54478],[-121.9322,36.54478]],[[-121.93332,36.54466],[-121.93332,36.54466]],[[-121.93234,36.54466],[-121.93234,36.54466]],[[-121.93304,36.54455],[-121.93304,36.54455]],[[-121.93262,36.54455],[-121.93262,36.54455]],[[-121.93248,36.54455],[-121.93248,36.54455]],[[-121.93402,36.5441],[-121.93402,36.5441]],[[-121.93374,36.5441],[-121.93374,36.5441]],[[-121.9336,36.5441],[-121.9336,36.5441]],[[-121.93417,36.54399],[-121.93417,36.54399]],[[-121.93417,36.54365],[-121.93417,36.54365]],[[-121.93445,36.54354],[-121.93473,36.54331],[-121.93431,36.54308],[-121.93417,36.54331],[-121.93445,36.54354]],[[-121.93459,36.54342],[-121.93459,36.54342]],[[-121.93431,36.54342],[-121.93431,36.54342]],[[-121.93388,36.54331],[-121.93388,36.54331]],[[-121.93346,36.54286],[-121.93346,36.54286]],[[-121.93304,36.54162],[-121.93304,36.54162]],[[-121.93318,36.5415],[-121.93318,36.5415]],[[-121.9336,36.54128],[-121.9336,36.54128]],[[-121.93332,36.54128],[-121.93332,36.54128]],[[-121.93346,36.54071],[-121.93346,36.54071]],[[-121.93445,36.54049],[-121.93459,36.54038],[-121.93445,36.54026],[-121.93431,36.54038],[-121.93445,36.54049]],[[-121.93332,36.54026],[-121.93332,36.54026]],[[-121.93304,36.54026],[-121.93304,36.54026]],[[-121.9329,36.54026],[-121.9329,36.54026]],[[-121.95664,36.53584],[-121.95439,36.53565],[-121.95355,36.53535],[-121.9533,36.53507],[-121.95339,36.53473],[-121.95401,36.53394],[-121.95664,36.53265]],[[-121.92841,36.53439],[-121.92841,36.53439]],[[-121.92827,36.53417],[-121.92827,36.53417]],[[-121.92785,36.53327],[-121.92785,36.53327]],[[-121.92574,36.5292],[-121.92574,36.5292]],[[-121.92602,36.52875],[-121.92602,36.52875]],[[-121.92616,36.5283],[-121.92616,36.5283]],[[-121.92574,36.52751],[-121.92574,36.52751]],[[-121.92532,36.52582],[-121.92532,36.52582]],[[-121.92546,36.52537],[-121.92546,36.52537]],[[-121.9256,36.52525],[-121.9256,36.52525]],[[-121.92574,36.52503],[-121.92574,36.52503]],[[-121.92588,36.52492],[-121.92588,36.52492]],[[-121.92602,36.52469],[-121.92602,36.52469]],[[-121.92616,36.52458],[-121.92616,36.52458]],[[-121.94709,36.52446],[-121.94723,36.52424],[-121.94695,36.52413],[-121.94681,36.52424],[-121.94709,36.52446]],[[-121.9263,36.52446],[-121.9263,36.52446]],[[-121.94695,36.52435],[-121.94695,36.52435]],[[-121.95481,36.52424],[-121.95481,36.52424]],[[-121.95453,36.52424],[-121.95453,36.52424]],[[-121.92644,36.52424],[-121.92644,36.52424]],[[-121.95439,36.52413],[-121.95439,36.52413]],[[-121.92658,36.52413],[-121.92658,36.52413]],[[-121.95425,36.52401],[-121.95425,36.52401]],[[-121.95327,36.52401],[-121.95327,36.52401]],[[-121.95298,36.52401],[-121.95298,36.52401]],[[-121.94695,36.52401],[-121.94709,36.5239],[-121.94695,36.52379],[-121.94681,36.5239],[-121.94695,36.52401]],[[-121.95284,36.5239],[-121.95284,36.5239]],[[-121.94821,36.5239],[-121.94821,36.5239]],[[-121.94793,36.5239],[-121.94793,36.5239]],[[-121.93431,36.5239],[-121.93431,36.5239]],[[-121.92672,36.5239],[-121.92672,36.5239]],[[-121.95467,36.52379],[-121.95467,36.52379]],[[-121.95411,36.52379],[-121.95411,36.52379]],[[-121.9527,36.52379],[-121.9527,36.52379]],[[-121.94849,36.52379],[-121.94849,36.52379]],[[-121.94765,36.52379],[-121.94765,36.52379]],[[-121.93417,36.52379],[-121.93417,36.52379]],[[-121.93332,36.52379],[-121.93332,36.52379]],[[-121.93037,36.52379],[-121.93037,36.52379]],[[-121.92686,36.52379],[-121.92686,36.52379]],[[-121.95327,36.52367],[-121.95327,36.52367]],[[-121.95256,36.52367],[-121.95256,36.52367]],[[-121.94877,36.52367],[-121.94877,36.52367]],[[-121.94863,36.52367],[-121.94863,36.52367]],[[-121.94737,36.52367],[-121.94737,36.52367]],[[-121.93669,36.52367],[-121.93669,36.52367]],[[-121.93346,36.52367],[-121.93346,36.52367]],[[-121.93065,36.52367],[-121.93065,36.52367]],[[-121.93023,36.52367],[-121.93023,36.52367]],[[-121.95397,36.52356],[-121.95397,36.52356]],[[-121.95383,36.52345],[-121.95383,36.52345]],[[-121.95242,36.52356],[-121.95242,36.52356]],[[-121.94723,36.52356],[-121.94723,36.52356]],[[-121.93402,36.52356],[-121.93402,36.52356]],[[-121.93388,36.52356],[-121.93388,36.52356]],[[-121.93192,36.52356],[-121.93192,36.52356]],[[-121.93164,36.52356],[-121.93164,36.52356]],[[-121.93122,36.52356],[-121.93122,36.52356]],[[-121.93079,36.52356],[-121.93079,36.52356]],[[-121.93009,36.52356],[-121.93009,36.52356]],[[-121.927,36.52356],[-121.927,36.52356]],[[-121.95355,36.52345],[-121.95355,36.52345]],[[-121.95228,36.52345],[-121.95228,36.52345]],[[-121.94709,36.52345],[-121.94709,36.52345]],[[-121.93711,36.52345],[-121.93711,36.52345]],[[-121.93655,36.52345],[-121.93655,36.52345]],[[-121.93613,36.52345],[-121.93613,36.52345]],[[-121.93304,36.52345],[-121.93304,36.52345]],[[-121.93234,36.52345],[-121.93234,36.52345]],[[-121.9322,36.52345],[-121.9322,36.52345]],[[-121.9315,36.52345],[-121.9315,36.52345]],[[-121.92995,36.52345],[-121.92995,36.52345]],[[-121.92714,36.52345],[-121.92714,36.52345]],[[-121.95341,36.52334],[-121.95341,36.52334]],[[-121.95214,36.52334],[-121.95214,36.52334]],[[-121.94695,36.52334],[-121.94695,36.52334]],[[-121.94091,36.52334],[-121.94119,36.52277],[-121.94105,36.52255],[-121.94063,36.52277],[-121.94063,36.52322],[-121.94091,36.52334]],[[-121.93768,36.52334],[-121.93768,36.52334]],[[-121.9329,36.52334],[-121.9329,36.52334]],[[-121.93262,36.52334],[-121.93262,36.52334]],[[-121.92728,36.52334],[-121.92728,36.52334]],[[-121.95327,36.52322],[-121.95327,36.52322]],[[-121.952,36.52322],[-121.952,36.52322]],[[-121.94666,36.52322],[-121.94666,36.52322]],[[-121.93599,36.52322],[-121.93599,36.52322]],[[-121.92742,36.52322],[-121.92742,36.52322]],[[-121.95509,36.52311],[-121.95523,36.523],[-121.95509,36.52288],[-121.95495,36.523],[-121.95509,36.52311]],[[-121.95369,36.523],[-121.95369,36.523]],[[-121.95172,36.52311],[-121.95172,36.52311]],[[-121.94652,36.52311],[-121.94652,36.52311]],[[-121.9374,36.52311],[-121.9374,36.52311]],[[-121.93585,36.52311],[-121.93585,36.52311]],[[-121.92756,36.52311],[-121.92756,36.52311]],[[-121.95158,36.523],[-121.95158,36.523]],[[-121.94638,36.523],[-121.94638,36.523]],[[-121.93571,36.523],[-121.93557,36.52288],[-121.93571,36.523]],[[-121.93557,36.52288],[-121.93557,36.52288]],[[-121.92785,36.523],[-121.92785,36.523]],[[-121.9513,36.52288],[-121.9513,36.52288]],[[-121.94596,36.52288],[-121.94596,36.52288]],[[-121.94105,36.52288],[-121.94105,36.52288]],[[-121.93754,36.52288],[-121.93754,36.52288]],[[-121.93529,36.52288],[-121.93529,36.52288]],[[-121.93501,36.52288],[-121.93501,36.52288]],[[-121.9336,36.52288],[-121.9336,36.52288]],[[-121.92967,36.52288],[-121.92967,36.52288]],[[-121.92799,36.52288],[-121.92799,36.52288]],[[-121.95481,36.52277],[-121.95481,36.52277]],[[-121.95369,36.52277],[-121.95369,36.52277]],[[-121.95355,36.52266],[-121.95341,36.52255],[-121.95355,36.52266]],[[-121.95116,36.52277],[-121.95116,36.52277]],[[-121.93796,36.52277],[-121.93796,36.52277]],[[-121.93768,36.52277],[-121.93768,36.52277]],[[-121.92953,36.52277],[-121.92953,36.52277]],[[-121.92827,36.52277],[-121.92827,36.52277]],[[-121.95453,36.52266],[-121.95453,36.52266]],[[-121.95425,36.52266],[-121.95425,36.52266]],[[-121.95341,36.52255],[-121.95341,36.52255]],[[-121.94905,36.52266],[-121.94905,36.52266]],[[-121.94568,36.52266],[-121.94568,36.52266]],[[-121.93529,36.52255],[-121.93529,36.52255]],[[-121.93374,36.52266],[-121.93374,36.52266]],[[-121.92911,36.52266],[-121.92911,36.52266]],[[-121.92869,36.52266],[-121.92869,36.52266]],[[-121.95509,36.52255],[-121.95509,36.52255]],[[-121.95102,36.52255],[-121.95102,36.52255]],[[-121.94947,36.52255],[-121.94947,36.52255]],[[-121.94554,36.52255],[-121.94554,36.52255]],[[-121.93388,36.52255],[-121.93388,36.52255]],[[-121.94849,36.52243],[-121.94849,36.52243]],[[-121.9454,36.52243],[-121.9454,36.52243]],[[-121.93402,36.52243],[-121.93402,36.52243]],[[-121.95088,36.52232],[-121.95088,36.52232]],[[-121.94835,36.52232],[-121.94835,36.52232]],[[-121.94498,36.52232],[-121.94498,36.52232]],[[-121.93487,36.52232],[-121.93487,36.52232]],[[-121.93417,36.52232],[-121.93417,36.52232]],[[-121.95074,36.52221],[-121.95074,36.52221]],[[-121.9447,36.52221],[-121.9447,36.52221]],[[-121.9506,36.52209],[-121.9506,36.52209]],[[-121.9374,36.52209],[-121.9374,36.52209]],[[-121.93726,36.52198],[-121.93726,36.52198]],[[-121.94442,36.52198],[-121.94442,36.52198]],[[-121.94091,36.52198],[-121.94091,36.52198]],[[-121.94063,36.52198],[-121.94063,36.52198]],[[-121.95032,36.52176],[-121.95032,36.52176]],[[-121.94119,36.52176],[-121.94119,36.52176]],[[-121.94105,36.52164],[-121.94105,36.52164]],[[-121.95018,36.52164],[-121.95018,36.52164]],[[-121.9499,36.52164],[-121.9499,36.52164]],[[-121.94175,36.52164],[-121.94175,36.52164]],[[-121.94161,36.52164],[-121.94161,36.52164]],[[-121.94456,36.52153],[-121.94456,36.52153]],[[-121.94063,36.52153],[-121.94063,36.52153]],[[-121.95397,36.52142],[-121.95397,36.52142]],[[-121.94049,36.52142],[-121.94049,36.52142]],[[-121.94975,36.5213],[-121.94975,36.5213]],[[-121.94034,36.5213],[-121.94034,36.5213]],[[-121.93711,36.5213],[-121.93711,36.5213]],[[-121.93641,36.5213],[-121.93641,36.5213]],[[-121.94961,36.52119],[-121.94961,36.52119]],[[-121.94947,36.52119],[-121.94947,36.52119]],[[-121.9402,36.52119],[-121.9402,36.52119]],[[-121.93697,36.52108],[-121.93697,36.52108]],[[-121.93655,36.52108],[-121.93655,36.52108]],[[-121.94231,36.52097],[-121.94231,36.52097]],[[-121.93683,36.52097],[-121.93683,36.52097]],[[-121.94456,36.52085],[-121.94456,36.52085]],[[-121.94428,36.52085],[-121.94428,36.52085]],[[-121.944,36.52085],[-121.944,36.52085]],[[-121.94245,36.52085],[-121.94245,36.52085]],[[-121.94343,36.52074],[-121.94343,36.52074]],[[-121.94329,36.52074],[-121.94329,36.52074]],[[-121.95172,36.52051],[-121.95172,36.52051]],[[-121.93683,36.51995],[-121.93683,36.51995]],[[-121.93711,36.51984],[-121.93711,36.51984]],[[-121.93697,36.51984],[-121.93697,36.51984]],[[-121.94091,36.51972],[-121.94091,36.51972]],[[-121.95397,36.51961],[-121.95397,36.51961]],[[-121.95355,36.51961],[-121.95355,36.51961]],[[-121.95327,36.51961],[-121.95327,36.51961]],[[-121.9513,36.51961],[-121.9513,36.51961]],[[-121.94077,36.51961],[-121.94077,36.51961]],[[-121.95411,36.5195],[-121.95411,36.5195]],[[-121.95298,36.5195],[-121.95298,36.5195]],[[-121.94063,36.5195],[-121.94063,36.5195]],[[-121.93726,36.5195],[-121.93726,36.5195]],[[-121.95284,36.51939],[-121.95284,36.51939]],[[-121.95144,36.51939],[-121.95144,36.51939]],[[-121.94034,36.51939],[-121.94034,36.51939]],[[-121.95397,36.51927],[-121.95397,36.51927]],[[-121.95158,36.51927],[-121.95158,36.51927]],[[-121.9402,36.51927],[-121.9402,36.51927]],[[-121.9374,36.51927],[-121.9374,36.51927]],[[-121.95411,36.51916],[-121.95411,36.51916]],[[-121.9527,36.51916],[-121.9527,36.51916]],[[-121.94006,36.51916],[-121.94006,36.51916]],[[-121.93768,36.51916],[-121.93768,36.51916]],[[-121.95453,36.51905],[-121.95453,36.51905]],[[-121.95256,36.51905],[-121.95256,36.51905]],[[-121.95172,36.51905],[-121.95172,36.51905]],[[-121.93964,36.51905],[-121.93964,36.51905]],[[-121.93782,36.51905],[-121.93782,36.51905]],[[-121.95228,36.51893],[-121.95228,36.51893]],[[-121.95186,36.51893],[-121.95186,36.51893]],[[-121.93922,36.51893],[-121.93922,36.51893]],[[-121.93838,36.51893],[-121.93838,36.51893]],[[-121.95537,36.5186],[-121.95551,36.51848],[-121.95537,36.51826],[-121.95523,36.51848],[-121.95537,36.5186]],[[-121.95607,36.51803],[-121.95622,36.51792],[-121.95622,36.51735],[-121.95579,36.51702],[-121.95565,36.51713],[-121.95565,36.51758],[-121.95607,36.51803]],[[-121.95256,36.51803],[-121.95256,36.51803]],[[-121.95593,36.51792],[-121.95593,36.51792]],[[-121.95664,36.51769],[-121.9565,36.51758],[-121.95664,36.51747]],[[-121.95579,36.51769],[-121.95579,36.51769]],[[-121.95228,36.51735],[-121.95228,36.51735]],[[-121.95242,36.51713],[-121.95242,36.51713]],[[-121.9499,36.51668],[-121.9499,36.51668]],[[-121.9513,36.51645],[-121.9513,36.51645]],[[-121.94428,36.51318],[-121.94428,36.51318]],[[-121.94428,36.51273],[-121.94428,36.51273]],[[-121.94386,36.51273],[-121.94386,36.51273]],[[-121.94414,36.51262],[-121.94414,36.51262]],[[-121.944,36.5125],[-121.944,36.5125]],[[-121.94386,36.51239],[-121.94386,36.51239]],[[-121.94217,36.51183],[-121.94217,36.51183]],[[-121.94231,36.51171],[-121.94231,36.51171]],[[-121.94189,36.51115],[-121.94189,36.51104],[-121.94189,36.51115]],[[-121.94189,36.51104],[-121.94189,36.51104]],[[-121.94189,36.51036],[-121.94189,36.51036]],[[-121.94203,36.51013],[-121.94203,36.51013]],[[-121.94259,36.50979],[-121.94259,36.50979]],[[-121.94217,36.50912],[-121.94217,36.50912]],[[-121.94287,36.509],[-121.94301,36.50889],[-121.94287,36.50878],[-121.94273,36.50889],[-121.94287,36.509]],[[-121.94273,36.50889],[-121.94287,36.50878],[-121.94273,36.50867],[-121.94259,36.50878],[-121.94273,36.50889]],[[-121.94329,36.5081],[-121.94329,36.5081]],[[-121.94273,36.5081],[-121.94273,36.5081]],[[-121.94259,36.50799],[-121.94259,36.50799]],[[-121.94217,36.50799],[-121.94217,36.50799]],[[-121.94175,36.50799],[-121.94175,36.50799]],[[-121.94161,36.50799],[-121.94161,36.50799]],[[-121.94105,36.50799],[-121.94105,36.50799]],[[-121.94091,36.50799],[-121.94091,36.50799]],[[-121.94259,36.50697],[-121.94343,36.50765],[-121.94456,36.50731],[-121.94456,36.50754],[-121.94484,36.50776],[-121.94512,36.50754],[-121.94512,36.5072],[-121.94484,36.50697]],[[-121.94245,36.50776],[-121.94245,36.50776]],[[-121.94498,36.50765],[-121.94498,36.50765]],[[-121.94231,36.50765],[-121.94231,36.50765]],[[-121.94386,36.50754],[-121.94386,36.50754]],[[-121.94414,36.50742],[-121.94414,36.50742]],[[-121.94442,36.50731],[-121.94442,36.50731]],[[-121.94049,36.50697],[-121.94034,36.50697]],[[-121.93964,36.50697],[-121.93964,36.50697]]]},"properties":{"depth_m":375}},{"type":"Feature","geometry":{"type":"MultiLineString","coordinates":[[[-121.95467,36.56103],[-121.95411,36.56091],[-121.95383,36.56058],[-121.95355,36.5608],[-121.95327,36.5608],[-121.95298,36.56035],[-121.95256,36.56035],[-121.95214,36.56069],[-121.95186,36.56058],[-121.95172,36.56091],[-121.95144,36.56103]],[[-121.94091,36.56103],[-121.94105,36.5608],[-121.94077,36.56058],[-121.94063,36.5608],[-121.9402,36.5608],[-121.93992,36.56103]],[[-121.93894,36.56103],[-121.93908,36.56091],[-121.9395,36.56103],[-121.93964,36.5608],[-121.93978,36.56103]],[[-121.93571,36.56103],[-121.93557,36.56091],[-121.93515,36.56103],[-121.93487,36.5608],[-121.93417,36.5608],[-121.93276,36.55933],[-121.9322,36.55742],[-121.93108,36.55505],[-121.93108,36.55437],[-121.93065,36.55324],[-121.93051,36.55211],[-121.93009,36.5511],[-121.92981,36.5485],[-121.92967,36.54839],[-121.92981,36.54681],[-121.93037,36.54591],[-121.93136,36.54512],[-121.93164,36.54534],[-121.93248,36.54455],[-121.93262,36.54455],[-121.93248,36.54466],[-121.93276,36.54489],[-121.93304,36.54478],[-121.93304,36.54455],[-121.93346,36.54478],[-121.93388,36.54466],[-121.93388,36.54433],[-121.9336,36.5441],[-121.93388,36.54421],[-121.93431,36.54387],[-121.93417,36.54365],[-121.93431,36.54354],[-121.93417,36.54342],[-121.93402,36.54354],[-121.93388,36.54331],[-121.93402,36.5432],[-121.93374,36.54297],[-121.93346,36.54297],[-121.93374,36.54275],[-121.93346,36.54252],[-121.93332,36.54173],[-121.93304,36.54162],[-121.93332,36.54128],[-121.93431,36.54139],[-121.93445,36.54117],[-121.9336,36.54094],[-121.93346,36.54083],[-121.9336,36.5406],[-121.93346,36.54049],[-121.93332,36.5406],[-121.93318,36.54038],[-121.93304,36.54049],[-121.9329,36.54038],[-121.9329,36.54026],[-121.93318,36.54038],[-121.93346,36.54015],[-121.9329,36.5397],[-121.9329,36.53936],[-121.93248,36.53891],[-121.9322,36.53913],[-121.93178,36.53902],[-121.93136,36.53947],[-121.93051,36.53936],[-121.92981,36.53868],[-121.92883,36.53733],[-121.92869,36.53609],[-121.92855,36.53597],[-121.92855,36.53518],[-121.92841,36.53507],[-121.92841,36.53439],[-121.92855,36.53428],[-121.92827,36.53417],[-121.92841,36.53394],[-121.92813,36.53327],[-121.92799,36.53315],[-121.92785,36.53327],[-121.92799,36.53315],[-121.92756,36.53304],[-121.92742,36.5327],[-121.927,36.53248],[-121.927,36.53146],[-121.9263,36.5309],[-121.92574,36.52999],[-121.92574,36.5292],[-121.92602,36.52909],[-121.9263,36.52808],[-121.92588,36.52785],[-121.92574,36.52751],[-121.92588,36.52729],[-121.92532,36.52672],[-121.92532,36.52582],[-121.92546,36.52571],[-121.92546,36.52537],[-121.927,36.52356],[-121.92799,36.52288],[-121.92869,36.52266],[-121.92953,36.52277],[-121.92967,36.52288],[-121.92967,36.52334],[-121.92995,36.52345],[-121.92981,36.52356],[-121.92995,36.52367],[-121.93009,36.52356],[-121.93051,36.5239],[-121.93079,36.52356],[-121.93108,36.52367],[-121.9315,36.52345],[-121.93178,36.52367],[-121.9329,36.52334],[-121.93318,36.52401],[-121.93346,36.52367],[-121.93402,36.52356],[-121.93445,36.52401],[-121.93473,36.52401],[-121.93487,36.52367],[-121.93445,36.52334],[-121.93388,36.52322],[-121.9336,36.52288],[-121.93417,36.52232],[-121.93487,36.52232],[-121.93487,36.52266],[-121.93473,36.52277],[-121.93487,36.52288],[-121.93515,36.523],[-121.93529,36.52288],[-121.93543,36.52322],[-121.93571,36.523],[-121.93627,36.52356],[-121.93655,36.52345],[-121.93697,36.52379],[-121.93711,36.52345],[-121.9374,36.52334],[-121.93754,36.52345],[-121.93782,36.52322],[-121.93768,36.52311],[-121.9374,36.52334],[-121.9374,36.52311],[-121.93754,36.52322],[-121.93768,36.52311],[-121.93754,36.523],[-121.9374,36.52311],[-121.93754,36.52288],[-121.93768,36.52277],[-121.93782,36.52288],[-121.9381,36.52266],[-121.9374,36.52209],[-121.93768,36.52198],[-121.93754,36.52187],[-121.93697,36.52164],[-121.93669,36.52176],[-121.93641,36.5213],[-121.93683,36.52097],[-121.93726,36.52142],[-121.93782,36.5213],[-121.93782,36.52085],[-121.93754,36.5204],[-121.9374,36.52029],[-121.93726,36.5204],[-121.93683,36.51995],[-121.9374,36.51984],[-121.93726,36.5195],[-121.9374,36.51927],[-121.93838,36.51893],[-121.93922,36.51893],[-121.94006,36.51916],[-121.94091,36.51972],[-121.94006,36.52074],[-121.93992,36.52119],[-121.94006,36.5213],[-121.9402,36.52119],[-121.94063,36.52153],[-121.94049,36.52187],[-121.94077,36.52209],[-121.94091,36.52198],[-121.94105,36.52221],[-121.94133,36.52209],[-121.94119,36.52176],[-121.94245,36.52164],[-121.94231,36.5213],[-121.94231,36.52097],[-121.94245,36.52085],[-121.94343,36.52074],[-121.94414,36.52097],[-121.94456,36.52085],[-121.94456,36.5213],[-121.94442,36.52142],[-121.94456,36.52153],[-121.94428,36.52164],[-121.94442,36.52209],[-121.9454,36.52243],[-121.94582,36.52288],[-121.94638,36.523],[-121.94807,36.52401],[-121.94863,36.52367],[-121.94891,36.52379],[-121.94905,36.52367],[-121.94905,36.52322],[-121.94835,36.52255],[-121.94835,36.52232],[-121.94863,36.52266],[-121.94919,36.52277],[-121.94961,36.52266],[-121.94947,36.52255],[-121.94961,36.52243],[-121.94961,36.52142],[-121.94947,36.52119],[-121.94961,36.52119],[-121.94975,36.52153],[-121.95004,36.52176],[-121.95018,36.52164],[-121.95032,36.52198],[-121.95088,36.52232],[-121.95102,36.52266],[-121.95313,36.52413],[-121.95341,36.5239],[-121.95327,36.52322],[-121.95369,36.52367],[-121.95397,36.52356],[-121.95411,36.5239],[-121.95467,36.52435],[-121.95495,36.52413],[-121.95467,36.52379],[-121.95495,36.52367],[-121.95369,36.52277],[-121.95453,36.52266],[-121.95495,36.52288],[-121.95523,36.52232],[-121.95453,36.52187],[-121.95439,36.52198],[-121.95439,36.52176],[-121.95397,36.52153],[-121.95411,36.52119],[-121.95313,36.52063],[-121.95256,36.5204],[-121.95172,36.52051],[-121.95186,36.5204],[-121.95186,36.52006],[-121.95158,36.51972],[-121.9513,36.51972],[-121.95186,36.51893],[-121.95256,36.51905],[-121.95341,36.51972],[-121.95439,36.5195],[-121.95453,36.51939],[-121.95425,36.51916],[-121.95397,36.51939],[-121.95411,36.51916],[-121.95439,36.51916],[-121.95467,36.51893],[-121.95425,36.51792],[-121.95369,36.51747],[-121.95327,36.51747],[-121.95298,36.51769],[-121.95298,36.51814],[-121.95242,36.51814],[-121.95242,36.51792],[-121.9527,36.51814],[-121.95284,36.51803],[-121.9527,36.51781],[-121.95242,36.51792],[-121.95228,36.51758],[-121.95256,36.5169],[-121.95186,36.51645],[-121.95158,36.51668],[-121.9513,36.51645],[-121.95144,36.51623],[-121.9513,36.51611],[-121.95074,36.51657],[-121.95046,36.51702],[-121.95004,36.51713],[-121.9499,36.5169],[-121.95004,36.51634],[-121.94961,36.516],[-121.94961,36.51566],[-121.94933,36.51544],[-121.94905,36.51544],[-121.94891,36.51566],[-121.94877,36.51521],[-121.94821,36.51487],[-121.94807,36.51397],[-121.94779,36.51374],[-121.94765,36.51386],[-121.94737,36.51341],[-121.94695,36.51352],[-121.94666,36.51318],[-121.9461,36.51307],[-121.94568,36.51318],[-121.94568,36.51295],[-121.9454,36.51273],[-121.94498,36.51273],[-121.94428,36.51318],[-121.94442,36.51307],[-121.94428,36.51295],[-121.944,36.51307],[-121.94386,36.51273],[-121.944,36.5125],[-121.94456,36.51284],[-121.9447,36.5125],[-121.94414,36.51205],[-121.94372,36.51183],[-121.94329,36.51194],[-121.94315,36.51171],[-121.94217,36.51183],[-121.94245,36.5116],[-121.94245,36.51137],[-121.94217,36.51092],[-121.94231,36.51104],[-121.94245,36.51092],[-121.94231,36.51081],[-121.94217,36.51092],[-121.94217,36.5107],[-121.94189,36.51036],[-121.94203,36.51013],[-121.94259,36.51002],[-121.94273,36.50968],[-121.94231,36.50946],[-121.94217,36.50912],[-121.94273,36.509],[-121.94231,36.50844],[-121.94217,36.50867],[-121.94203,36.50833],[-121.94119,36.50844],[-121.94091,36.50799],[-121.94203,36.5081],[-121.94231,36.50788],[-121.94231,36.50765],[-121.94287,36.50821],[-121.94315,36.50821],[-121.94343,36.50788],[-121.94245,36.5072],[-121.94245,36.50697]],[[-121.95228,36.5608],[-121.95228,36.5608]],[[-121.92967,36.54737],[-121.92967,36.54737]],[[-121.92981,36.54681],[-121.92981,36.54681]],[[-121.92995,36.54658],[-121.92995,36.54658]],[[-121.93009,36.54636],[-121.93009,36.54636]],[[-121.93023,36.54613],[-121.93023,36.54613]],[[-121.93037,36.54591],[-121.93037,36.54591]],[[-121.93051,36.54579],[-121.93051,36.54579]],[[-121.93065,36.54568],[-121.93065,36.54568]],[[-121.93079,36.54557],[-121.93079,36.54557]],[[-121.93094,36.54545],[-121.93094,36.54545]],[[-121.93108,36.54534],[-121.93108,36.54534]],[[-121.93178,36.54523],[-121.93178,36.54523]],[[-121.93122,36.54523],[-121.93122,36.54523]],[[-121.93136,36.54512],[-121.93136,36.54512]],[[-121.93192,36.545],[-121.93192,36.545]],[[-121.93206,36.54489],[-121.93206,36.54489]],[[-121.93262,36.54478],[-121.93262,36.54478]],[[-121.9322,36.54478],[-121.9322,36.54478]],[[-121.93332,36.54466],[-121.93332,36.54466]],[[-121.93234,36.54466],[-121.93234,36.54466]],[[-121.93304,36.54455],[-121.93304,36.54455]],[[-121.93262,36.54455],[-121.93262,36.54455]],[[-121.93248,36.54455],[-121.93248,36.54455]],[[-121.93402,36.5441],[-121.93402,36.5441]],[[-121.93374,36.5441],[-121.93374,36.5441]],[[-121.9336,36.5441],[-121.9336,36.5441]],[[-121.93417,36.54399],[-121.93417,36.54399]],[[-121.93417,36.54365],[-121.93417,36.54365]],[[-121.93445,36.54354],[-121.93473,36.54331],[-121.93431,36.54308],[-121.93417,36.54331],[-121.93445,36.54354]],[[-121.93459,36.54342],[-121.93459,36.54342]],[[-121.93431,36.54342],[-121.93431,36.54342]],[[-121.93388,36.54331],[-121.93388,36.54331]],[[-121.93346,36.54286],[-121.93346,36.54286]],[[-121.93304,36.54162],[-121.93304,36.54162]],[[-121.93318,36.5415],[-121.93318,36.5415]],[[-121.9336,36.54128],[-121.9336,36.54128]],[[-121.93332,36.54128],[-121.93332,36.54128]],[[-121.93346,36.54071],[-121.93346,36.54071]],[[-121.93445,36.54049],[-121.93459,36.54038],[-121.93445,36.54026],[-121.93431,36.54038],[-121.93445,36.54049]],[[-121.93332,36.54026],[-121.93332,36.54026]],[[-121.93304,36.54026],[-121.93304,36.54026]],[[-121.9329,36.54026],[-121.9329,36.54026]],[[-121.95664,36.535],[-121.95664,36.5348]],[[-121.95664,36.53456],[-121.9561,36.53417],[-121.95603,36.53394],[-121.95613,36.53349],[-121.95664,36.53314]],[[-121.92841,36.53439],[-121.92841,36.53439]],[[-121.92827,36.53417],[-121.92827,36.53417]],[[-121.92785,36.53327],[-121.92785,36.53327]],[[-121.92574,36.5292],[-121.92574,36.5292]],[[-121.92602,36.52875],[-121.92602,36.52875]],[[-121.92616,36.5283],[-121.92616,36.5283]],[[-121.92574,36.52751],[-121.92574,36.52751]],[[-121.92532,36.52582],[-121.92532,36.52582]],[[-121.92546,36.52537],[-121.92546,36.52537]],[[-121.9256,36.52525],[-121.9256,36.52525]],[[-121.92574,36.52503],[-121.92574,36.52503]],[[-121.92588,36.52492],[-121.92588,36.52492]],[[-121.92602,36.52469],[-121.92602,36.52469]],[[-121.92616,36.52458],[-121.92616,36.52458]],[[-121.94709,36.52446],[-121.94723,36.52424],[-121.94695,36.52413],[-121.94681,36.52424],[-121.94709,36.52446]],[[-121.9263,36.52446],[-121.9263,36.52446]],[[-121.94695,36.52435],[-121.94695,36.52435]],[[-121.95481,36.52424],[-121.95481,36.52424]],[[-121.95453,36.52424],[-121.95453,36.52424]],[[-121.92644,36.52424],[-121.92644,36.52424]],[[-121.95439,36.52413],[-121.95439,36.52413]],[[-121.92658,36.52413],[-121.92658,36.52413]],[[-121.95425,36.52401],[-121.95425,36.52401]],[[-121.95327,36.52401],[-121.95327,36.52401]],[[-121.95298,36.52401],[-121.95298,36.52401]],[[-121.94695,36.52401],[-121.94709,36.5239],[-121.94695,36.52379],[-121.94681,36.5239],[-121.94695,36.52401]],[[-121.95284,36.5239],[-121.95284,36.5239]],[[-121.94821,36.5239],[-121.94821,36.5239]],[[-121.94793,36.5239],[-121.94793,36.5239]],[[-121.93431,36.5239],[-121.93431,36.5239]],[[-121.92672,36.5239],[-121.92672,36.5239]],[[-121.95467,36.52379],[-121.95467,36.52379]],[[-121.95411,36.52379],[-121.95411,36.52379]],[[-121.9527,36.52379],[-121.9527,36.52379]],[[-121.94849,36.52379],[-121.94849,36.52379]],[[-121.94765,36.52379],[-121.94765,36.52379]],[[-121.93417,36.52379],[-121.93417,36.52379]],[[-121.93332,36.52379],[-121.93332,36.52379]],[[-121.93037,36.52379],[-121.93037,36.52379]],[[-121.92686,36.52379],[-121.92686,36.52379]],[[-121.95327,36.52367],[-121.95327,36.52367]],[[-121.95256,36.52367],[-121.95256,36.52367]],[[-121.94877,36.52367],[-121.94877,36.52367]],[[-121.94863,36.52367],[-121.94863,36.52367]],[[-121.94737,36.52367],[-121.94737,36.52367]],[[-121.93669,36.52367],[-121.93669,36.52367]],[[-121.93346,36.52367],[-121.93346,36.52367]],[[-121.93065,36.52367],[-121.93065,36.52367]],[[-121.93023,36.52367],[-121.93023,36.52367]],[[-121.95397,36.52356],[-121.95397,36.52356]],[[-121.95383,36.52345],[-121.95383,36.52345]],[[-121.95242,36.52356],[-121.95242,36.52356]],[[-121.94723,36.52356],[-121.94723,36.52356]],[[-121.93402,36.52356],[-121.93402,36.52356]],[[-121.93388,36.52356],[-121.93388,36.52356]],[[-121.93192,36.52356],[-121.93192,36.52356]],[[-121.93164,36.52356],[-121.93164,36.52356]],[[-121.93122,36.52356],[-121.93122,36.52356]],[[-121.93079,36.52356],[-121.93079,36.52356]],[[-121.93009,36.52356],[-121.93009,36.52356]],[[-121.927,36.52356],[-121.927,36.52356]],[[-121.95355,36.52345],[-121.95355,36.52345]],[[-121.95228,36.52345],[-121.95228,36.52345]],[[-121.94709,36.52345],[-121.94709,36.52345]],[[-121.93711,36.52345],[-121.93711,36.52345]],[[-121.93655,36.52345],[-121.93655,36.52345]],[[-121.93613,36.52345],[-121.93613,36.52345]],[[-121.93304,36.52345],[-121.93304,36.52345]],[[-121.93234,36.52345],[-121.93234,36.52345]],[[-121.9322,36.52345],[-121.9322,36.52345]],[[-121.9315,36.52345],[-121.9315,36.52345]],[[-121.92995,36.52345],[-121.92995,36.52345]],[[-121.92714,36.52345],[-121.92714,36.52345]],[[-121.95341,36.52334],[-121.95341,36.52334]],[[-121.95214,36.52334],[-121.95214,36.52334]],[[-121.94695,36.52334],[-121.94695,36.52334]],[[-121.94091,36.52334],[-121.94119,36.52277],[-121.94105,36.52255],[-121.94063,36.52277],[-121.94063,36.52322],[-121.94091,36.52334]],[[-121.93768,36.52334],[-121.93768,36.52334]],[[-121.9329,36.52334],[-121.9329,36.52334]],[[-121.93262,36.52334],[-121.93262,36.52334]],[[-121.92728,36.52334],[-121.92728,36.52334]],[[-121.95327,36.52322],[-121.95327,36.52322]],[[-121.952,36.52322],[-121.952,36.52322]],[[-121.94666,36.52322],[-121.94666,36.52322]],[[-121.93599,36.52322],[-121.93599,36.52322]],[[-121.92742,36.52322],[-121.92742,36.52322]],[[-121.95509,36.52311],[-121.95523,36.523],[-121.95509,36.52288],[-121.95495,36.523],[-121.95509,36.52311]],[[-121.95369,36.523],[-121.95369,36.523]],[[-121.95172,36.52311],[-121.95172,36.52311]],[[-121.94652,36.52311],[-121.94652,36.52311]],[[-121.9374,36.52311],[-121.9374,36.52311]],[[-121.93585,36.52311],[-121.93585,36.52311]],[[-121.92756,36.52311],[-121.92756,36.52311]],[[-121.95158,36.523],[-121.95158,36.523]],[[-121.94638,36.523],[-121.94638,36.523]],[[-121.93571,36.523],[-121.93557,36.52288],[-121.93571,36.523]],[[-121.93557,36.52288],[-121.93557,36.52288]],[[-121.92785,36.523],[-121.92785,36.523]],[[-121.9513,36.52288],[-121.9513,36.52288]],[[-121.94596,36.52288],[-121.94596,36.52288]],[[-121.94105,36.52288],[-121.94105,36.52288]],[[-121.93754,36.52288],[-121.93754,36.52288]],[[-121.93529,36.52288],[-121.93529,36.52288]],[[-121.93501,36.52288],[-121.93501,36.52288]],[[-121.9336,36.52288],[-121.9336,36.52288]],[[-121.92967,36.52288],[-121.92967,36.52288]],[[-121.92799,36.52288],[-121.92799,36.52288]],[[-121.95481,36.52277],[-121.95481,36.52277]],[[-121.95369,36.52277],[-121.95369,36.52277]],[[-121.95355,36.52266],[-121.95341,36.52255],[-121.95355,36.52266]],[[-121.95116,36.52277],[-121.95116,36.52277]],[[-121.93796,36.52277],[-121.93796,36.52277]],[[-121.93768,36.52277],[-121.93768,36.52277]],[[-121.92953,36.52277],[-121.92953,36.52277]],[[-121.92827,36.52277],[-121.92827,36.52277]],[[-121.95453,36.52266],[-121.95453,36.52266]],[[-121.95425,36.52266],[-121.95425,36.52266]],[[-121.95341,36.52255],[-121.95341,36.52255]],[[-121.94905,36.52266],[-121.94905,36.52266]],[[-121.94568,36.52266],[-121.94568,36.52266]],[[-121.93529,36.52255],[-121.93529,36.52255]],[[-121.93374,36.52266],[-121.93374,36.52266]],[[-121.92911,36.52266],[-121.92911,36.52266]],[[-121.92869,36.52266],[-121.92869,36.52266]],[[-121.95509,36.52255],[-121.95509,36.52255]],[[-121.95102,36.52255],[-121.95102,36.52255]],[[-121.94947,36.52255],[-121.94947,36.52255]],[[-121.94554,36.52255],[-121.94554,36.52255]],[[-121.93388,36.52255],[-121.93388,36.52255]],[[-121.94849,36.52243],[-121.94849,36.52243]],[[-121.9454,36.52243],[-121.9454,36.52243]],[[-121.93402,36.52243],[-121.93402,36.52243]],[[-121.95088,36.52232],[-121.95088,36.52232]],[[-121.94835,36.52232],[-121.94835,36.52232]],[[-121.94498,36.52232],[-121.94498,36.52232]],[[-121.93487,36.52232],[-121.93487,36.52232]],[[-121.93417,36.52232],[-121.93417,36.52232]],[[-121.95074,36.52221],[-121.95074,36.52221]],[[-121.9447,36.52221],[-121.9447,36.52221]],[[-121.9506,36.52209],[-121.9506,36.52209]],[[-121.9374,36.52209],[-121.9374,36.52209]],[[-121.93726,36.52198],[-121.93726,36.52198]],[[-121.94442,36.52198],[-121.94442,36.52198]],[[-121.94091,36.52198],[-121.94091,36.52198]],[[-121.94063,36.52198],[-121.94063,36.52198]],[[-121.95032,36.52176],[-121.95032,36.52176]],[[-121.94119,36.52176],[-121.94119,36.52176]],[[-121.94105,36.52164],[-121.94105,36.52164]],[[-121.95018,36.52164],[-121.95018,36.52164]],[[-121.9499,36.52164],[-121.9499,36.52164]],[[-121.94175,36.52164],[-121.94175,36.52164]],[[-121.94161,36.52164],[-121.94161,36.52164]],[[-121.94456,36.52153],[-121.94456,36.52153]],[[-121.94063,36.52153],[-121.94063,36.52153]],[[-121.95397,36.52142],[-121.95397,36.52142]],[[-121.94049,36.52142],[-121.94049,36.52142]],[[-121.94975,36.5213],[-121.94975,36.5213]],[[-121.94034,36.5213],[-121.94034,36.5213]],[[-121.93711,36.5213],[-121.93711,36.5213]],[[-121.93641,36.5213],[-121.93641,36.5213]],[[-121.94961,36.52119],[-121.94961,36.52119]],[[-121.94947,36.52119],[-121.94947,36.52119]],[[-121.9402,36.52119],[-121.9402,36.52119]],[[-121.93697,36.52108],[-121.93697,36.52108]],[[-121.93655,36.52108],[-121.93655,36.52108]],[[-121.94231,36.52097],[-121.94231,36.52097]],[[-121.93683,36.52097],[-121.93683,36.52097]],[[-121.94456,36.52085],[-121.94456,36.52085]],[[-121.94428,36.52085],[-121.94428,36.52085]],[[-121.944,36.52085],[-121.944,36.52085]],[[-121.94245,36.52085],[-121.94245,36.52085]],[[-121.94343,36.52074],[-121.94343,36.52074]],[[-121.94329,36.52074],[-121.94329,36.52074]],[[-121.95172,36.52051],[-121.95172,36.52051]],[[-121.93683,36.51995],[-121.93683,36.51995]],[[-121.93711,36.51984],[-121.93711,36.51984]],[[-121.93697,36.51984],[-121.93697,36.51984]],[[-121.94091,36.51972],[-121.94091,36.51972]],[[-121.95397,36.51961],[-121.95397,36.51961]],[[-121.95355,36.51961],[-121.95355,36.51961]],[[-121.95327,36.51961],[-121.95327,36.51961]],[[-121.9513,36.51961],[-121.9513,36.51961]],[[-121.94077,36.51961],[-121.94077,36.51961]],[[-121.95411,36.5195],[-121.95411,36.5195]],[[-121.95298,36.5195],[-121.95298,36.5195]],[[-121.94063,36.5195],[-121.94063,36.5195]],[[-121.93726,36.5195],[-121.93726,36.5195]],[[-121.95284,36.51939],[-121.95284,36.51939]],[[-121.95144,36.51939],[-121.95144,36.51939]],[[-121.94034,36.51939],[-121.94034,36.51939]],[[-121.95397,36.51927],[-121.95397,36.51927]],[[-121.95158,36.51927],[-121.95158,36.51927]],[[-121.9402,36.51927],[-121.9402,36.51927]],[[-121.9374,36.51927],[-121.9374,36.51927]],[[-121.95411,36.51916],[-121.95411,36.51916]],[[-121.9527,36.51916],[-121.9527,36.51916]],[[-121.94006,36.51916],[-121.94006,36.51916]],[[-121.93768,36.51916],[-121.93768,36.51916]],[[-121.95453,36.51905],[-121.95453,36.51905]],[[-121.95256,36.51905],[-121.95256,36.51905]],[[-121.95172,36.51905],[-121.95172,36.51905]],[[-121.93964,36.51905],[-121.93964,36.51905]],[[-121.93782,36.51905],[-121.93782,36.51905]],[[-121.95228,36.51893],[-121.95228,36.51893]],[[-121.95186,36.51893],[-121.95186,36.51893]],[[-121.93922,36.51893],[-121.93922,36.51893]],[[-121.93838,36.51893],[-121.93838,36.51893]],[[-121.95537,36.5186],[-121.95551,36.51848],[-121.95537,36.51826],[-121.95523,36.51848],[-121.95537,36.5186]],[[-121.95607,36.51803],[-121.95622,36.51792],[-121.95622,36.51735],[-121.95579,36.51702],[-121.95565,36.51713],[-121.95565,36.51758],[-121.95607,36.51803]],[[-121.95256,36.51803],[-121.95256,36.51803]],[[-121.95593,36.51792],[-121.95593,36.51792]],[[-121.95664,36.51769],[-121.9565,36.51758],[-121.95664,36.51747]],[[-121.95579,36.51769],[-121.95579,36.51769]],[[-121.95228,36.51735],[-121.95228,36.51735]],[[-121.95242,36.51713],[-121.95242,36.51713]],[[-121.9499,36.51668],[-121.9499,36.51668]],[[-121.9513,36.51645],[-121.9513,36.51645]],[[-121.94428,36.51318],[-121.94428,36.51318]],[[-121.94428,36.51273],[-121.94428,36.51273]],[[-121.94386,36.51273],[-121.94386,36.51273]],[[-121.94414,36.51262],[-121.94414,36.51262]],[[-121.944,36.5125],[-121.944,36.5125]],[[-121.94386,36.51239],[-121.94386,36.51239]],[[-121.94217,36.51183],[-121.94217,36.51183]],[[-121.94231,36.51171],[-121.94231,36.51171]],[[-121.94189,36.51115],[-121.94189,36.51104],[-121.94189,36.51115]],[[-121.94189,36.51104],[-121.94189,36.51104]],[[-121.94189,36.51036],[-121.94189,36.51036]],[[-121.94203,36.51013],[-121.94203,36.51013]],[[-121.94259,36.50979],[-121.94259,36.50979]],[[-121.94217,36.50912],[-121.94217,36.50912]],[[-121.94287,36.509],[-121.94301,36.50889],[-121.94287,36.50878],[-121.94273,36.50889],[-121.94287,36.509]],[[-121.94273,36.50889],[-121.94287,36.50878],[-121.94273,36.50867],[-121.94259,36.50878],[-121.94273,36.50889]],[[-121.94329,36.5081],[-121.94329,36.5081]],[[-121.94273,36.5081],[-121.94273,36.5081]],[[-121.94259,36.50799],[-121.94259,36.50799]],[[-121.94217,36.50799],[-121.94217,36.50799]],[[-121.94175,36.50799],[-121.94175,36.50799]],[[-121.94161,36.50799],[-121.94161,36.50799]],[[-121.94105,36.50799],[-121.94105,36.50799]],[[-121.94091,36.50799],[-121.94091,36.50799]],[[-121.94259,36.50697],[-121.94343,36.50765],[-121.94456,36.50731],[-121.94456,36.50754],[-121.94484,36.50776],[-121.94512,36.50754],[-121.94512,36.5072],[-121.94484,36.50697]],[[-121.94245,36.50776],[-121.94245,36.50776]],[[-121.94498,36.50765],[-121.94498,36.50765]],[[-121.94231,36.50765],[-121.94231,36.50765]],[[-121.94386,36.50754],[-121.94386,36.50754]],[[-121.94414,36.50742],[-121.94414,36.50742]],[[-121.94442,36.50731],[-121.94442,36.50731]],[[-121.94049,36.50697],[-121.94034,36.50697]],[[-121.93964,36.50697],[-121.93964,36.50697]]]},"properties":{"depth_m":400}},{"type":"Feature","geometry":{"type":"MultiLineString","coordinates":[[[-121.95467,36.56103],[-121.95411,36.56091],[-121.95383,36.56058],[-121.95355,36.5608],[-121.95327,36.5608],[-121.95298,36.56035],[-121.95256,36.56035],[-121.95214,36.56069],[-121.95186,36.56058],[-121.95172,36.56091],[-121.95144,36.56103]],[[-121.94091,36.56103],[-121.94105,36.5608],[-121.94077,36.56058],[-121.94063,36.5608],[-121.9402,36.5608],[-121.93992,36.56103]],[[-121.93894,36.56103],[-121.93908,36.56091],[-121.9395,36.56103],[-121.93964,36.5608],[-121.93978,36.56103]],[[-121.93571,36.56103],[-121.93557,36.56091],[-121.93515,36.56103],[-121.93487,36.5608],[-121.93417,36.5608],[-121.93276,36.55933],[-121.9322,36.55742],[-121.93108,36.55505],[-121.93108,36.55437],[-121.93065,36.55324],[-121.93065,36.55268],[-121.93037,36.552],[-121.93037,36.55155],[-121.93009,36.5511],[-121.92981,36.5485],[-121.92967,36.54839],[-121.92981,36.54681],[-121.93037,36.54591],[-121.93136,36.54512],[-121.93164,36.54534],[-121.93248,36.54455],[-121.93262,36.54455],[-121.93248,36.54466],[-121.93276,36.54489],[-121.93304,36.54478],[-121.93304,36.54455],[-121.93346,36.54478],[-121.93388,36.54466],[-121.93388,36.54433],[-121.9336,36.5441],[-121.93388,36.54421],[-121.93431,36.54387],[-121.93417,36.54365],[-121.93431,36.54354],[-121.93417,36.54342],[-121.93402,36.54354],[-121.93388,36.54331],[-121.93402,36.5432],[-121.93374,36.54297],[-121.93346,36.54297],[-121.93374,36.54275],[-121.93346,36.54252],[-121.93332,36.54173],[-121.93304,36.54162],[-121.93332,36.54128],[-121.93431,36.54139],[-121.93445,36.54117],[-121.9336,36.54094],[-121.93346,36.54083],[-121.9336,36.5406],[-121.93346,36.54049],[-121.93332,36.5406],[-121.93318,36.54038],[-121.93304,36.54049],[-121.9329,36.54038],[-121.9329,36.54026],[-121.93318,36.54038],[-121.93346,36.54015],[-121.9329,36.5397],[-121.9329,36.53936],[-121.93248,36.53891],[-121.9322,36.53913],[-121.93178,36.53902],[-121.93136,36.53947],[-121.93051,36.53936],[-121.92981,36.53868],[-121.92883,36.53733],[-121.92869,36.53609],[-121.92855,36.53597],[-121.92855,36.53518],[-121.92841,36.53507],[-121.92841,36.53439],[-121.92855,36.53428],[-121.92827,36.53417],[-121.92841,36.53394],[-121.92813,36.53327],[-121.92799,36.53315],[-121.92785,36.53327],[-121.92799,36.53315],[-121.92756,36.53304],[-121.92742,36.5327],[-121.927,36.53248],[-121.927,36.53146],[-121.9263,36.5309],[-121.92574,36.52999],[-121.92574,36.5292],[-121.92602,36.52909],[-121.9263,36.52808],[-121.92588,36.52785],[-121.92574,36.52751],[-121.92588,36.52729],[-121.92532,36.52672],[-121.92532,36.52582],[-121.92546,36.52571],[-121.92546,36.52537],[-121.927,36.52356],[-121.92799,36.52288],[-121.92869,36.52266],[-121.92953,36.52277],[-121.92967,36.52288],[-121.92967,36.52334],[-121.92995,36.52345],[-121.92981,36.52356],[-121.92995,36.52367],[-121.93009,36.52356],[-121.93051,36.5239],[-121.93079,36.52356],[-121.93108,36.52367],[-121.9315,36.52345],[-121.93178,36.52367],[-121.9329,36.52334],[-121.93318,36.52401],[-121.93346,36.52367],[-121.93402,36.52356],[-121.93445,36.52401],[-121.93473,36.52401],[-121.93487,36.52367],[-121.93445,36.52334],[-121.93388,36.52322],[-121.9336,36.52288],[-121.93417,36.52232],[-121.93487,36.52232],[-121.93487,36.52266],[-121.93473,36.52277],[-121.93487,36.52288],[-121.93515,36.523],[-121.93529,36.52288],[-121.93543,36.52322],[-121.93571,36.523],[-121.93627,36.52356],[-121.93655,36.52345],[-121.93697,36.52379],[-121.93711,36.52345],[-121.9374,36.52334],[-121.93754,36.52345],[-121.93782,36.52322],[-121.93768,36.52311],[-121.9374,36.52334],[-121.9374,36.52311],[-121.93754,36.52322],[-121.93768,36.52311],[-121.93754,36.523],[-121.9374,36.52311],[-121.93754,36.52288],[-121.93768,36.52277],[-121.93782,36.52288],[-121.9381,36.52266],[-121.9374,36.52209],[-121.93768,36.52198],[-121.93754,36.52187],[-121.93697,36.52164],[-121.93669,36.52176],[-121.93641,36.5213],[-121.93683,36.52097],[-121.93726,36.52142],[-121.93782,36.5213],[-121.93782,36.52085],[-121.93754,36.5204],[-121.9374,36.52029],[-121.93726,36.5204],[-121.93683,36.51995],[-121.9374,36.51984],[-121.93726,36.5195],[-121.9374,36.51927],[-121.93838,36.51893],[-121.93922,36.51893],[-121.94006,36.51916],[-121.94091,36.51972],[-121.94006,36.52074],[-121.93992,36.52119],[-121.94006,36.5213],[-121.9402,36.52119],[-121.94063,36.52153],[-121.94049,36.52187],[-121.94077,36.52209],[-121.94091,36.52198],[-121.94105,36.52221],[-121.94133,36.52209],[-121.94119,36.52176],[-121.94245,36.52164],[-121.94231,36.5213],[-121.94231,36.52097],[-121.94245,36.52085],[-121.94343,36.52074],[-121.94414,36.52097],[-121.94456,36.52085],[-121.94456,36.5213],[-121.94442,36.52142],[-121.94456,36.52153],[-121.94428,36.52164],[-121.94442,36.52209],[-121.9454,36.52243],[-121.94582,36.52288],[-121.94638,36.523],[-121.94807,36.52401],[-121.94863,36.52367],[-121.94891,36.52379],[-121.94905,36.52367],[-121.94905,36.52322],[-121.94835,36.52255],[-121.94835,36.52232],[-121.94863,36.52266],[-121.94919,36.52277],[-121.94961,36.52266],[-121.94947,36.52255],[-121.94961,36.52243],[-121.94961,36.52142],[-121.94947,36.52119],[-121.94961,36.52119],[-121.94975,36.52153],[-121.95004,36.52176],[-121.95018,36.52164],[-121.95032,36.52198],[-121.95088,36.52232],[-121.95102,36.52266],[-121.95313,36.52413],[-121.95341,36.5239],[-121.95327,36.52322],[-121.95369,36.52367],[-121.95397,36.52356],[-121.95411,36.5239],[-121.95467,36.52435],[-121.95495,36.52413],[-121.95467,36.52379],[-121.95495,36.52367],[-121.95369,36.52277],[-121.95453,36.52266],[-121.95495,36.52288],[-121.95523,36.52232],[-121.95453,36.52187],[-121.95439,36.52198],[-121.95439,36.52176],[-121.95397,36.52153],[-121.95411,36.52119],[-121.95313,36.52063],[-121.95256,36.5204],[-121.95172,36.52051],[-121.95186,36.5204],[-121.95186,36.52006],[-121.95158,36.51972],[-121.9513,36.51972],[-121.95186,36.51893],[-121.95256,36.51905],[-121.95341,36.51972],[-121.95439,36.5195],[-121.95453,36.51939],[-121.95425,36.51916],[-121.95397,36.51939],[-121.95411,36.51916],[-121.95439,36.51916],[-121.95467,36.51893],[-121.95425,36.51792],[-121.95369,36.51747],[-121.95327,36.51747],[-121.95298,36.51769],[-121.95298,36.51814],[-121.95242,36.51814],[-121.95242,36.51792],[-121.9527,36.51814],[-121.95284,36.51803],[-121.9527,36.51781],[-121.95242,36.51792],[-121.95228,36.51758],[-121.95256,36.5169],[-121.95186,36.51645],[-121.95158,36.51668],[-121.9513,36.51645],[-121.95144,36.51623],[-121.9513,36.51611],[-121.95074,36.51657],[-121.95046,36.51702],[-121.95004,36.51713],[-121.9499,36.5169],[-121.95004,36.51634],[-121.94961,36.516],[-121.94961,36.51566],[-121.94933,36.51544],[-121.94905,36.51544],[-121.94891,36.51566],[-121.94877,36.51521],[-121.94821,36.51487],[-121.94807,36.51397],[-121.94779,36.51374],[-121.94765,36.51386],[-121.94737,36.51341],[-121.94695,36.51352],[-121.94666,36.51318],[-121.9461,36.51307],[-121.94568,36.51318],[-121.94568,36.51295],[-121.9454,36.51273],[-121.94498,36.51273],[-121.94428,36.51318],[-121.94442,36.51307],[-121.94428,36.51295],[-121.944,36.51307],[-121.94386,36.51273],[-121.944,36.5125],[-121.94456,36.51284],[-121.9447,36.5125],[-121.94414,36.51205],[-121.94372,36.51183],[-121.94329,36.51194],[-121.94315,36.51171],[-121.94217,36.51183],[-121.94245,36.5116],[-121.94245,36.51137],[-121.94217,36.51092],[-121.94231,36.51104],[-121.94245,36.51092],[-121.94231,36.51081],[-121.94217,36.51092],[-121.94217,36.5107],[-121.94189,36.51036],[-121.94203,36.51013],[-121.94259,36.51002],[-121.94273,36.50968],[-121.94231,36.50946],[-121.94217,36.50912],[-121.94273,36.509],[-121.94231,36.50844],[-121.94217,36.50867],[-121.94203,36.50833],[-121.94119,36.50844],[-121.94091,36.50799],[-121.94203,36.5081],[-121.94231,36.50788],[-121.94231,36.50765],[-121.94287,36.50821],[-121.94315,36.50821],[-121.94343,36.50788],[-121.94245,36.5072],[-121.94245,36.50697]],[[-121.95228,36.5608],[-121.95228,36.5608]],[[-121.92967,36.54737],[-121.92967,36.54737]],[[-121.92981,36.54681],[-121.92981,36.54681]],[[-121.92995,36.54658],[-121.92995,36.54658]],[[-121.93009,36.54636],[-121.93009,36.54636]],[[-121.93023,36.54613],[-121.93023,36.54613]],[[-121.93037,36.54591],[-121.93037,36.54591]],[[-121.93051,36.54579],[-121.93051,36.54579]],[[-121.93065,36.54568],[-121.93065,36.54568]],[[-121.93079,36.54557],[-121.93079,36.54557]],[[-121.93094,36.54545],[-121.93094,36.54545]],[[-121.93108,36.54534],[-121.93108,36.54534]],[[-121.93178,36.54523],[-121.93178,36.54523]],[[-121.93122,36.54523],[-121.93122,36.54523]],[[-121.93136,36.54512],[-121.93136,36.54512]],[[-121.93192,36.545],[-121.93192,36.545]],[[-121.93206,36.54489],[-121.93206,36.54489]],[[-121.93262,36.54478],[-121.93262,36.54478]],[[-121.9322,36.54478],[-121.9322,36.54478]],[[-121.93332,36.54466],[-121.93332,36.54466]],[[-121.93234,36.54466],[-121.93234,36.54466]],[[-121.93304,36.54455],[-121.93304,36.54455]],[[-121.93262,36.54455],[-121.93262,36.54455]],[[-121.93248,36.54455],[-121.93248,36.54455]],[[-121.93402,36.5441],[-121.93402,36.5441]],[[-121.93374,36.5441],[-121.93374,36.5441]],[[-121.9336,36.5441],[-121.9336,36.5441]],[[-121.93417,36.54399],[-121.93417,36.54399]],[[-121.93417,36.54365],[-121.93417,36.54365]],[[-121.93445,36.54354],[-121.93473,36.54331],[-121.93431,36.54308],[-121.93417,36.54331],[-121.93445,36.54354]],[[-121.93459,36.54342],[-121.93459,36.54342]],[[-121.93431,36.54342],[-121.93431,36.54342]],[[-121.93388,36.54331],[-121.93388,36.54331]],[[-121.93346,36.54286],[-121.93346,36.54286]],[[-121.93304,36.54162],[-121.93304,36.54162]],[[-121.93318,36.5415],[-121.93318,36.5415]],[[-121.9336,36.54128],[-121.9336,36.54128]],[[-121.93332,36.54128],[-121.93332,36.54128]],[[-121.93346,36.54071],[-121.93346,36.54071]],[[-121.93445,36.54049],[-121.93459,36.54038],[-121.93445,36.54026],[-121.93431,36.54038],[-121.93445,36.54049]],[[-121.93332,36.54026],[-121.93332,36.54026]],[[-121.93304,36.54026],[-121.93304,36.54026]],[[-121.9329,36.54026],[-121.9329,36.54026]],[[-121.92841,36.53439],[-121.92841,36.53439]],[[-121.92827,36.53417],[-121.92827,36.53417]],[[-121.92785,36.53327],[-121.92785,36.53327]],[[-121.92574,36.5292],[-121.92574,36.5292]],[[-121.92602,36.52875],[-121.92602,36.52875]],[[-121.92616,36.5283],[-121.92616,36.5283]],[[-121.92574,36.52751],[-121.92574,36.52751]],[[-121.92532,36.52582],[-121.92532,36.52582]],[[-121.92546,36.52537],[-121.92546,36.52537]],[[-121.9256,36.52525],[-121.9256,36.52525]],[[-121.92574,36.52503],[-121.92574,36.52503]],[[-121.92588,36.52492],[-121.92588,36.52492]],[[-121.92602,36.52469],[-121.92602,36.52469]],[[-121.92616,36.52458],[-121.92616,36.52458]],[[-121.94709,36.52446],[-121.94723,36.52424],[-121.94695,36.52413],[-121.94681,36.52424],[-121.94709,36.52446]],[[-121.9263,36.52446],[-121.9263,36.52446]],[[-121.94695,36.52435],[-121.94695,36.52435]],[[-121.95481,36.52424],[-121.95481,36.52424]],[[-121.95453,36.52424],[-121.95453,36.52424]],[[-121.92644,36.52424],[-121.92644,36.52424]],[[-121.95439,36.52413],[-121.95439,36.52413]],[[-121.92658,36.52413],[-121.92658,36.52413]],[[-121.95425,36.52401],[-121.95425,36.52401]],[[-121.95327,36.52401],[-121.95327,36.52401]],[[-121.95298,36.52401],[-121.95298,36.52401]],[[-121.94695,36.52401],[-121.94709,36.5239],[-121.94695,36.52379],[-121.94681,36.5239],[-121.94695,36.52401]],[[-121.95284,36.5239],[-121.95284,36.5239]],[[-121.94821,36.5239],[-121.94821,36.5239]],[[-121.94793,36.5239],[-121.94793,36.5239]],[[-121.93431,36.5239],[-121.93431,36.5239]],[[-121.92672,36.5239],[-121.92672,36.5239]],[[-121.95467,36.52379],[-121.95467,36.52379]],[[-121.95411,36.52379],[-121.95411,36.52379]],[[-121.9527,36.52379],[-121.9527,36.52379]],[[-121.94849,36.52379],[-121.94849,36.52379]],[[-121.94765,36.52379],[-121.94765,36.52379]],[[-121.93417,36.52379],[-121.93417,36.52379]],[[-121.93332,36.52379],[-121.93332,36.52379]],[[-121.93037,36.52379],[-121.93037,36.52379]],[[-121.92686,36.52379],[-121.92686,36.52379]],[[-121.95327,36.52367],[-121.95327,36.52367]],[[-121.95256,36.52367],[-121.95256,36.52367]],[[-121.94877,36.52367],[-121.94877,36.52367]],[[-121.94863,36.52367],[-121.94863,36.52367]],[[-121.94737,36.52367],[-121.94737,36.52367]],[[-121.93669,36.52367],[-121.93669,36.52367]],[[-121.93346,36.52367],[-121.93346,36.52367]],[[-121.93065,36.52367],[-121.93065,36.52367]],[[-121.93023,36.52367],[-121.93023,36.52367]],[[-121.95397,36.52356],[-121.95397,36.52356]],[[-121.95383,36.52345],[-121.95383,36.52345]],[[-121.95242,36.52356],[-121.95242,36.52356]],[[-121.94723,36.52356],[-121.94723,36.52356]],[[-121.93402,36.52356],[-121.93402,36.52356]],[[-121.93388,36.52356],[-121.93388,36.52356]],[[-121.93192,36.52356],[-121.93192,36.52356]],[[-121.93164,36.52356],[-121.93164,36.52356]],[[-121.93122,36.52356],[-121.93122,36.52356]],[[-121.93079,36.52356],[-121.93079,36.52356]],[[-121.93009,36.52356],[-121.93009,36.52356]],[[-121.927,36.52356],[-121.927,36.52356]],[[-121.95355,36.52345],[-121.95355,36.52345]],[[-121.95228,36.52345],[-121.95228,36.52345]],[[-121.94709,36.52345],[-121.94709,36.52345]],[[-121.93711,36.52345],[-121.93711,36.52345]],[[-121.93655,36.52345],[-121.93655,36.52345]],[[-121.93613,36.52345],[-121.93613,36.52345]],[[-121.93304,36.52345],[-121.93304,36.52345]],[[-121.93234,36.52345],[-121.93234,36.52345]],[[-121.9322,36.52345],[-121.9322,36.52345]],[[-121.9315,36.52345],[-121.9315,36.52345]],[[-121.92995,36.52345],[-121.92995,36.52345]],[[-121.92714,36.52345],[-121.92714,36.52345]],[[-121.95341,36.52334],[-121.95341,36.52334]],[[-121.95214,36.52334],[-121.95214,36.52334]],[[-121.94695,36.52334],[-121.94695,36.52334]],[[-121.94091,36.52334],[-121.94119,36.52277],[-121.94105,36.52255],[-121.94063,36.52277],[-121.94063,36.52322],[-121.94091,36.52334]],[[-121.93768,36.52334],[-121.93768,36.52334]],[[-121.9329,36.52334],[-121.9329,36.52334]],[[-121.93262,36.52334],[-121.93262,36.52334]],[[-121.92728,36.52334],[-121.92728,36.52334]],[[-121.95327,36.52322],[-121.95327,36.52322]],[[-121.952,36.52322],[-121.952,36.52322]],[[-121.94666,36.52322],[-121.94666,36.52322]],[[-121.93599,36.52322],[-121.93599,36.52322]],[[-121.92742,36.52322],[-121.92742,36.52322]],[[-121.95509,36.52311],[-121.95523,36.523],[-121.95509,36.52288],[-121.95495,36.523],[-121.95509,36.52311]],[[-121.95369,36.523],[-121.95369,36.523]],[[-121.95172,36.52311],[-121.95172,36.52311]],[[-121.94652,36.52311],[-121.94652,36.52311]],[[-121.9374,36.52311],[-121.9374,36.52311]],[[-121.93585,36.52311],[-121.93585,36.52311]],[[-121.92756,36.52311],[-121.92756,36.52311]],[[-121.95158,36.523],[-121.95158,36.523]],[[-121.94638,36.523],[-121.94638,36.523]],[[-121.93571,36.523],[-121.93557,36.52288],[-121.93571,36.523]],[[-121.93557,36.52288],[-121.93557,36.52288]],[[-121.92785,36.523],[-121.92785,36.523]],[[-121.9513,36.52288],[-121.9513,36.52288]],[[-121.94596,36.52288],[-121.94596,36.52288]],[[-121.94105,36.52288],[-121.94105,36.52288]],[[-121.93754,36.52288],[-121.93754,36.52288]],[[-121.93529,36.52288],[-121.93529,36.52288]],[[-121.93501,36.52288],[-121.93501,36.52288]],[[-121.9336,36.52288],[-121.9336,36.52288]],[[-121.92967,36.52288],[-121.92967,36.52288]],[[-121.92799,36.52288],[-121.92799,36.52288]],[[-121.95481,36.52277],[-121.95481,36.52277]],[[-121.95369,36.52277],[-121.95369,36.52277]],[[-121.95355,36.52266],[-121.95341,36.52255],[-121.95355,36.52266]],[[-121.95116,36.52277],[-121.95116,36.52277]],[[-121.93796,36.52277],[-121.93796,36.52277]],[[-121.93768,36.52277],[-121.93768,36.52277]],[[-121.92953,36.52277],[-121.92953,36.52277]],[[-121.92827,36.52277],[-121.92827,36.52277]],[[-121.95453,36.52266],[-121.95453,36.52266]],[[-121.95425,36.52266],[-121.95425,36.52266]],[[-121.95341,36.52255],[-121.95341,36.52255]],[[-121.94905,36.52266],[-121.94905,36.52266]],[[-121.94568,36.52266],[-121.94568,36.52266]],[[-121.93529,36.52255],[-121.93529,36.52255]],[[-121.93374,36.52266],[-121.93374,36.52266]],[[-121.92911,36.52266],[-121.92911,36.52266]],[[-121.92869,36.52266],[-121.92869,36.52266]],[[-121.95509,36.52255],[-121.95509,36.52255]],[[-121.95102,36.52255],[-121.95102,36.52255]],[[-121.94947,36.52255],[-121.94947,36.52255]],[[-121.94554,36.52255],[-121.94554,36.52255]],[[-121.93388,36.52255],[-121.93388,36.52255]],[[-121.94849,36.52243],[-121.94849,36.52243]],[[-121.9454,36.52243],[-121.9454,36.52243]],[[-121.93402,36.52243],[-121.93402,36.52243]],[[-121.95088,36.52232],[-121.95088,36.52232]],[[-121.94835,36.52232],[-121.94835,36.52232]],[[-121.94498,36.52232],[-121.94498,36.52232]],[[-121.93487,36.52232],[-121.93487,36.52232]],[[-121.93417,36.52232],[-121.93417,36.52232]],[[-121.95074,36.52221],[-121.95074,36.52221]],[[-121.9447,36.52221],[-121.9447,36.52221]],[[-121.9506,36.52209],[-121.9506,36.52209]],[[-121.9374,36.52209],[-121.9374,36.52209]],[[-121.93726,36.52198],[-121.93726,36.52198]],[[-121.94442,36.52198],[-121.94442,36.52198]],[[-121.94091,36.52198],[-121.94091,36.52198]],[[-121.94063,36.52198],[-121.94063,36.52198]],[[-121.95032,36.52176],[-121.95032,36.52176]],[[-121.94119,36.52176],[-121.94119,36.52176]],[[-121.94105,36.52164],[-121.94105,36.52164]],[[-121.95018,36.52164],[-121.95018,36.52164]],[[-121.9499,36.52164],[-121.9499,36.52164]],[[-121.94175,36.52164],[-121.94175,36.52164]],[[-121.94161,36.52164],[-121.94161,36.52164]],[[-121.94456,36.52153],[-121.94456,36.52153]],[[-121.94063,36.52153],[-121.94063,36.52153]],[[-121.95397,36.52142],[-121.95397,36.52142]],[[-121.94049,36.52142],[-121.94049,36.52142]],[[-121.94975,36.5213],[-121.94975,36.5213]],[[-121.94034,36.5213],[-121.94034,36.5213]],[[-121.93711,36.5213],[-121.93711,36.5213]],[[-121.93641,36.5213],[-121.93641,36.5213]],[[-121.94961,36.52119],[-121.94961,36.52119]],[[-121.94947,36.52119],[-121.94947,36.52119]],[[-121.9402,36.52119],[-121.9402,36.52119]],[[-121.93697,36.52108],[-121.93697,36.52108]],[[-121.93655,36.52108],[-121.93655,36.52108]],[[-121.94231,36.52097],[-121.94231,36.52097]],[[-121.93683,36.52097],[-121.93683,36.52097]],[[-121.94456,36.52085],[-121.94456,36.52085]],[[-121.94428,36.52085],[-121.94428,36.52085]],[[-121.944,36.52085],[-121.944,36.52085]],[[-121.94245,36.52085],[-121.94245,36.52085]],[[-121.94343,36.52074],[-121.94343,36.52074]],[[-121.94329,36.52074],[-121.94329,36.52074]],[[-121.95172,36.52051],[-121.95172,36.52051]],[[-121.93683,36.51995],[-121.93683,36.51995]],[[-121.93711,36.51984],[-121.93711,36.51984]],[[-121.93697,36.51984],[-121.93697,36.51984]],[[-121.94091,36.51972],[-121.94091,36.51972]],[[-121.95397,36.51961],[-121.95397,36.51961]],[[-121.95355,36.51961],[-121.95355,36.51961]],[[-121.95327,36.51961],[-121.95327,36.51961]],[[-121.9513,36.51961],[-121.9513,36.51961]],[[-121.94077,36.51961],[-121.94077,36.51961]],[[-121.95411,36.5195],[-121.95411,36.5195]],[[-121.95298,36.5195],[-121.95298,36.5195]],[[-121.94063,36.5195],[-121.94063,36.5195]],[[-121.93726,36.5195],[-121.93726,36.5195]],[[-121.95284,36.51939],[-121.95284,36.51939]],[[-121.95144,36.51939],[-121.95144,36.51939]],[[-121.94034,36.51939],[-121.94034,36.51939]],[[-121.95397,36.51927],[-121.95397,36.51927]],[[-121.95158,36.51927],[-121.95158,36.51927]],[[-121.9402,36.51927],[-121.9402,36.51927]],[[-121.9374,36.51927],[-121.9374,36.51927]],[[-121.95411,36.51916],[-121.95411,36.51916]],[[-121.9527,36.51916],[-121.9527,36.51916]],[[-121.94006,36.51916],[-121.94006,36.51916]],[[-121.93768,36.51916],[-121.93768,36.51916]],[[-121.95453,36.51905],[-121.95453,36.51905]],[[-121.95256,36.51905],[-121.95256,36.51905]],[[-121.95172,36.51905],[-121.95172,36.51905]],[[-121.93964,36.51905],[-121.93964,36.51905]],[[-121.93782,36.51905],[-121.93782,36.51905]],[[-121.95228,36.51893],[-121.95228,36.51893]],[[-121.95186,36.51893],[-121.95186,36.51893]],[[-121.93922,36.51893],[-121.93922,36.51893]],[[-121.93838,36.51893],[-121.93838,36.51893]],[[-121.95537,36.5186],[-121.95551,36.51848],[-121.95537,36.51826],[-121.95523,36.51848],[-121.95537,36.5186]],[[-121.95607,36.51803],[-121.95622,36.51792],[-121.95622,36.51735],[-121.95579,36.51702],[-121.95565,36.51713],[-121.95565,36.51758],[-121.95607,36.51803]],[[-121.95256,36.51803],[-121.95256,36.51803]],[[-121.95593,36.51792],[-121.95593,36.51792]],[[-121.95664,36.51769],[-121.9565,36.51758],[-121.95664,36.51747]],[[-121.95579,36.51769],[-121.95579,36.51769]],[[-121.95228,36.51735],[-121.95228,36.51735]],[[-121.95242,36.51713],[-121.95242,36.51713]],[[-121.9499,36.51668],[-121.9499,36.51668]],[[-121.9513,36.51645],[-121.9513,36.51645]],[[-121.94428,36.51318],[-121.94428,36.51318]],[[-121.94428,36.51273],[-121.94428,36.51273]],[[-121.94386,36.51273],[-121.94386,36.51273]],[[-121.94414,36.51262],[-121.94414,36.51262]],[[-121.944,36.5125],[-121.944,36.5125]],[[-121.94386,36.51239],[-121.94386,36.51239]],[[-121.94217,36.51183],[-121.94217,36.51183]],[[-121.94231,36.51171],[-121.94231,36.51171]],[[-121.94189,36.51115],[-121.94189,36.51104],[-121.94189,36.51115]],[[-121.94189,36.51104],[-121.94189,36.51104]],[[-121.94189,36.51036],[-121.94189,36.51036]],[[-121.94203,36.51013],[-121.94203,36.51013]],[[-121.94259,36.50979],[-121.94259,36.50979]],[[-121.94217,36.50912],[-121.94217,36.50912]],[[-121.94287,36.509],[-121.94301,36.50889],[-121.94287,36.50878],[-121.94273,36.50889],[-121.94287,36.509]],[[-121.94273,36.50889],[-121.94287,36.50878],[-121.94273,36.50867],[-121.94259,36.50878],[-121.94273,36.50889]],[[-121.94329,36.5081],[-121.94329,36.5081]],[[-121.94273,36.5081],[-121.94273,36.5081]],[[-121.94259,36.50799],[-121.94259,36.50799]],[[-121.94217,36.50799],[-121.94217,36.50799]],[[-121.94175,36.50799],[-121.94175,36.50799]],[[-121.94161,36.50799],[-121.94161,36.50799]],[[-121.94105,36.50799],[-121.94105,36.50799]],[[-121.94091,36.50799],[-121.94091,36.50799]],[[-121.94259,36.50697],[-121.94343,36.50765],[-121.94456,36.50731],[-121.94456,36.50754],[-121.94484,36.50776],[-121.94512,36.50754],[-121.94512,36.5072],[-121.94484,36.50697]],[[-121.94245,36.50776],[-121.94245,36.50776]],[[-121.94498,36.50765],[-121.94498,36.50765]],[[-121.94231,36.50765],[-121.94231,36.50765]],[[-121.94386,36.50754],[-121.94386,36.50754]],[[-121.94414,36.50742],[-121.94414,36.50742]],[[-121.94442,36.50731],[-121.94442,36.50731]],[[-121.94049,36.50697],[-121.94034,36.50697]],[[-121.93964,36.50697],[-121.93964,36.50697]]]},"properties":{"depth_m":425}}]}