{"type":"FeatureCollection","features":[{"type":"Feature","geometry":{"type":"MultiLineString","coordinates":[[[-116.03071,30.59505],[-116.03055,30.59392],[-116.0307,30.59279],[-116.0305,30.59198],[-116.03028,30.59198],[-116.03028,30.59505]],[[-116.03181,30.57953],[-116.03182,30.57925],[-116.03159,30.57925],[-116.03159,30.57953],[-116.03181,30.57953]],[[-116.03159,30.57925],[-116.03159,30.57925]],[[-116.03203,30.57583],[-116.03237,30.57492],[-116.03181,30.5753],[-116.03181,30.57583],[-116.03203,30.57583]],[[-116.03181,30.5753],[-116.03181,30.5753]],[[-116.03203,30.57511],[-116.03203,30.57511]],[[-116.03225,30.57492],[-116.03225,30.57492]],[[-116.03247,30.57437],[-116.03225,30.57379],[-116.03203,30.57379],[-116.03225,30.57436],[-116.03247,30.57437]],[[-116.03225,30.57436],[-116.03225,30.57436]],[[-116.03203,30.57398],[-116.03203,30.57398]],[[-116.03203,30.57379],[-116.03203,30.57379]],[[-116.03509,30.5569],[-116.03574,30.55621],[-116.03727,30.55529],[-116.03793,30.55451],[-116.03822,30.55367],[-116.03774,30.54934],[-116.03831,30.54539],[-116.03788,30.54219],[-116.03771,30.54204],[-116.03749,30.54219],[-116.03705,30.54314],[-116.03705,30.54445],[-116.03771,30.54539],[-116.03683,30.5469],[-116.0364,30.54727],[-116.0364,30.54878],[-116.03618,30.54897],[-116.03618,30.55009],[-116.03552,30.55065],[-116.03552,30.55442],[-116.0353,30.55461],[-116.0353,30.5563],[-116.03473,30.55686],[-116.03487,30.55699],[-116.03509,30.5569]],[[-116.03487,30.55668],[-116.03487,30.55668]],[[-116.03509,30.55649],[-116.03509,30.55649]],[[-116.0353,30.55461],[-116.0353,30.55461]],[[-116.03705,30.55423],[-116.03749,30.55386],[-116.03705,30.5531],[-116.0364,30.5531],[-116.03596,30.55348],[-116.03596,30.55367],[-116.0364,30.55404],[-116.03705,30.55423]],[[-116.03727,30.55404],[-116.03727,30.55404]],[[-116.03661,30.55404],[-116.03661,30.55404]],[[-116.03618,30.55386],[-116.03618,30.55386]],[[-116.03596,30.55028],[-116.03596,30.55028]],[[-116.03618,30.54897],[-116.03618,30.54897]],[[-116.0364,30.54727],[-116.0364,30.54727]],[[-116.03661,30.54708],[-116.03661,30.54708]],[[-116.03683,30.54671],[-116.03683,30.54671]],[[-116.03705,30.54633],[-116.03705,30.54633]],[[-116.03727,30.54596],[-116.03727,30.54596]],[[-116.03749,30.54558],[-116.03749,30.54558]],[[-116.03749,30.5452],[-116.03749,30.5452]],[[-116.03727,30.54483],[-116.03727,30.54483]],[[-116.03705,30.54445],[-116.03705,30.54445]],[[-116.03705,30.54295],[-116.03705,30.54295]],[[-116.03727,30.54257],[-116.03727,30.54257]],[[-116.03749,30.54219],[-116.03749,30.54219]],[[-116.03814,30.53958],[-116.03858,30.53892],[-116.03858,30.53859],[-116.03836,30.53862],[-116.03836,30.539],[-116.03795,30.53937],[-116.03814,30.53958]],[[-116.03814,30.53919],[-116.03814,30.53919]],[[-116.03836,30.53862],[-116.03836,30.53862]],[[-116.04186,30.51497],[-116.04251,30.51417],[-116.04229,30.51399],[-116.04229,30.51417],[-116.04164,30.51473],[-116.04164,30.51492],[-116.04186,30.51497]],[[-116.04164,30.51492],[-116.04164,30.51492]],[[-116.04207,30.51436],[-116.04207,30.51436]],[[-116.0447,30.50495],[-116.04426,30.50552],[-116.04382,30.5057],[-116.04382,30.50684],[-116.0436,30.50702],[-116.0436,30.50815],[-116.04273,30.5089],[-116.04273,30.5106],[-116.04295,30.51079],[-116.04295,30.51173],[-116.04273,30.5121],[-116.04273,30.51248],[-116.04295,30.51248],[-116.04382,30.51165],[-116.04448,30.51064],[-116.04522,30.50796],[-116.04629,30.50495]],[[-116.04273,30.5121],[-116.04273,30.5121]],[[-115.99075,30.50909],[-115.99053,30.50872],[-115.99141,30.50796],[-115.99163,30.50834],[-115.99075,30.50909]],[[-116.04273,30.5089],[-116.04273,30.5089]],[[-116.04295,30.50872],[-116.04295,30.50872]],[[-115.99053,30.50872],[-115.99053,30.50872]],[[-116.04317,30.50853],[-116.04317,30.50853]],[[-115.99075,30.50853],[-115.99075,30.50853]],[[-116.04339,30.50834],[-116.04339,30.50834]],[[-115.99097,30.50834],[-115.99097,30.50834]],[[-115.99163,30.50815],[-115.99163,30.50815]],[[-115.99119,30.50815],[-115.99119,30.50815]],[[-115.99206,30.50495],[-115.99206,30.50552],[-115.9925,30.50608],[-115.9925,30.50646],[-115.99206,30.50684],[-115.99184,30.50721],[-115.99184,30.50759],[-115.99141,30.50796],[-115.99141,30.50759],[-115.99163,30.5074],[-115.99119,30.50702],[-115.99075,30.50608],[-115.98988,30.50533],[-115.98988,30.50495]],[[-115.99141,30.50759],[-115.99141,30.50759]],[[-116.0436,30.50702],[-116.0436,30.50702]],[[-116.04448,30.50514],[-116.04448,30.50514]]]},"properties":{"depth_m":1}},{"type":"Feature","geometry":{"type":"MultiLineString","coordinates":[[[-116.03215,30.59505],[-116.03193,30.59316],[-116.03107,30.59128],[-116.03094,30.5875],[-116.03072,30.58752],[-116.03072,30.59053],[-116.0305,30.59072],[-116.0305,30.59147],[-116.03028,30.59166],[-116.03028,30.59505]],[[-116.03028,30.59166],[-116.03028,30.59166]],[[-116.0305,30.59072],[-116.0305,30.59072]],[[-116.03072,30.58752],[-116.03072,30.58752]],[[-116.03159,30.58257],[-116.0319,30.58207],[-116.03203,30.58014],[-116.03286,30.57492],[-116.03284,30.56947],[-116.03268,30.56933],[-116.03247,30.56947],[-116.03247,30.57135],[-116.03225,30.57154],[-116.03225,30.57266],[-116.03203,30.57285],[-116.03203,30.57398],[-116.03247,30.57473],[-116.03181,30.5753],[-116.03181,30.57906],[-116.03159,30.57925],[-116.03159,30.58207],[-116.03137,30.58226],[-116.03137,30.58254],[-116.03159,30.58257]],[[-116.03137,30.58226],[-116.03137,30.58226]],[[-116.03159,30.57925],[-116.03159,30.57925]],[[-116.03181,30.5753],[-116.03181,30.5753]],[[-116.03203,30.57511],[-116.03203,30.57511]],[[-116.03225,30.57492],[-116.03225,30.57492]],[[-116.03225,30.57436],[-116.03225,30.57436]],[[-116.03203,30.57398],[-116.03203,30.57398]],[[-116.03203,30.57285],[-116.03203,30.57285]],[[-116.03225,30.57154],[-116.03225,30.57154]],[[-116.03247,30.56947],[-116.03247,30.56947]],[[-116.0329,30.56851],[-116.0332,30.56796],[-116.03322,30.56627],[-116.03348,30.56552],[-116.0335,30.56476],[-116.03334,30.56462],[-116.03312,30.56476],[-116.03312,30.56589],[-116.0329,30.56608],[-116.0329,30.56759],[-116.03268,30.56777],[-116.03268,30.56851],[-116.0329,30.56851]],[[-116.03268,30.56777],[-116.03268,30.56777]],[[-116.0329,30.56608],[-116.0329,30.56608]],[[-116.03312,30.56476],[-116.03312,30.56476]],[[-116.03356,30.56341],[-116.03358,30.56288],[-116.03334,30.56288],[-116.03334,30.56341],[-116.03356,30.56341]],[[-116.03334,30.56288],[-116.03334,30.56288]],[[-116.03399,30.56126],[-116.03434,30.56044],[-116.03465,30.55856],[-116.03793,30.55604],[-116.03875,30.5548],[-116.03905,30.55386],[-116.03912,30.55273],[-116.03893,30.54934],[-116.03921,30.54539],[-116.03896,30.54125],[-116.03946,30.53712],[-116.03943,30.53467],[-116.03957,30.53411],[-116.03945,30.53401],[-116.03902,30.5343],[-116.0388,30.53467],[-116.0388,30.53524],[-116.03858,30.53542],[-116.03858,30.53843],[-116.03836,30.53862],[-116.03836,30.539],[-116.03793,30.53937],[-116.03793,30.54088],[-116.03771,30.54107],[-116.03771,30.54201],[-116.03705,30.54295],[-116.03705,30.54445],[-116.03771,30.54539],[-116.03683,30.5469],[-116.0364,30.54726],[-116.0364,30.54878],[-116.03618,30.54897],[-116.03618,30.55009],[-116.03552,30.55064],[-116.03552,30.55442],[-116.0353,30.55461],[-116.0353,30.5563],[-116.03443,30.55724],[-116.03443,30.55818],[-116.03421,30.55837],[-116.03421,30.55893],[-116.03399,30.55912],[-116.03399,30.56044],[-116.03378,30.56063],[-116.03378,30.56126],[-116.03399,30.56126]],[[-116.03378,30.56063],[-116.03378,30.56063]],[[-116.03399,30.55912],[-116.03399,30.55912]],[[-116.03465,30.55856],[-116.03465,30.55856]],[[-116.03487,30.55837],[-116.03487,30.55837]],[[-116.03421,30.55837],[-116.03421,30.55837]],[[-116.03443,30.55724],[-116.03443,30.55724]],[[-116.03465,30.55686],[-116.03465,30.55686]],[[-116.03487,30.55668],[-116.03487,30.55668]],[[-116.03509,30.55649],[-116.03509,30.55649]],[[-116.0353,30.55461],[-116.0353,30.55461]],[[-116.03705,30.55423],[-116.03749,30.55386],[-116.03705,30.5531],[-116.0364,30.5531],[-116.03596,30.55348],[-116.03596,30.55367],[-116.0364,30.55404],[-116.03705,30.55423]],[[-116.03727,30.55404],[-116.03727,30.55404]],[[-116.03661,30.55404],[-116.03661,30.55404]],[[-116.03618,30.55386],[-116.03618,30.55386]],[[-116.03596,30.55028],[-116.03596,30.55028]],[[-116.03618,30.54897],[-116.03618,30.54897]],[[-116.03683,30.54671],[-116.03683,30.54671]],[[-116.03705,30.54633],[-116.03705,30.54633]],[[-116.03727,30.54596],[-116.03727,30.54596]],[[-116.03749,30.54558],[-116.03749,30.54558]],[[-116.03749,30.5452],[-116.03749,30.5452]],[[-116.03727,30.54483],[-116.03727,30.54483]],[[-116.03705,30.54445],[-116.03705,30.54445]],[[-116.03705,30.54295],[-116.03705,30.54295]],[[-116.03727,30.54257],[-116.03727,30.54257]],[[-116.03749,30.54219],[-116.03749,30.54219]],[[-116.03771,30.54107],[-116.03771,30.54107]],[[-116.03793,30.53937],[-116.03793,30.53937]],[[-116.03814,30.53919],[-116.03814,30.53919]],[[-116.03836,30.53862],[-116.03836,30.53862]],[[-116.03858,30.53542],[-116.03858,30.53542]],[[-116.0388,30.53467],[-116.0388,30.53467]],[[-116.03902,30.5343],[-116.03902,30.5343]],[[-116.03924,30.53411],[-116.03924,30.53411]],[[-116.03967,30.53272],[-116.04015,30.53185],[-116.04011,30.53137],[-116.03989,30.53147],[-116.03945,30.53223],[-116.03945,30.53272],[-116.03967,30.53272]],[[-116.03945,30.53223],[-116.03945,30.53223]],[[-116.03967,30.53185],[-116.03967,30.53185]],[[-116.03989,30.53147],[-116.03989,30.53147]],[[-116.04011,30.53104],[-116.04026,30.53091],[-116.04019,30.52715],[-116.03989,30.52627],[-116.03967,30.52604],[-116.03945,30.52604],[-116.03945,30.5264],[-116.03989,30.52696],[-116.03989,30.53091],[-116.04011,30.53104]],[[-116.03989,30.53091],[-116.03989,30.53091]],[[-116.03967,30.52677],[-116.03967,30.52677]],[[-116.03945,30.5264],[-116.03945,30.5264]],[[-116.03989,30.52487],[-116.0408,30.52376],[-116.0406,30.52226],[-116.04076,30.52141],[-116.04011,30.52207],[-116.04011,30.52245],[-116.04055,30.52301],[-116.04055,30.52376],[-116.03989,30.52433],[-116.03967,30.52484],[-116.03989,30.52487]],[[-116.03967,30.5247],[-116.03967,30.5247]],[[-116.03989,30.52433],[-116.03989,30.52433]],[[-116.04011,30.52414],[-116.04011,30.52414]],[[-116.04033,30.52395],[-116.04033,30.52395]],[[-116.04033,30.52282],[-116.04033,30.52282]],[[-116.04011,30.52245],[-116.04011,30.52245]],[[-116.04011,30.52207],[-116.04011,30.52207]],[[-116.04033,30.52188],[-116.04033,30.52188]],[[-116.04055,30.52151],[-116.04055,30.52151]],[[-116.0412,30.51842],[-116.04168,30.51793],[-116.04186,30.51637],[-116.04164,30.51643],[-116.04164,30.51699],[-116.04142,30.51718],[-116.04142,30.51793],[-116.0412,30.51842]],[[-116.04142,30.51718],[-116.04142,30.51718]],[[-116.04164,30.51643],[-116.04164,30.51643]],[[-116.0447,30.50495],[-116.04426,30.50552],[-116.04382,30.50569],[-116.04382,30.50684],[-116.0436,30.50702],[-116.0436,30.50815],[-116.04273,30.5089],[-116.04273,30.5106],[-116.04295,30.51079],[-116.04295,30.51191],[-116.04273,30.5121],[-116.04273,30.51323],[-116.04251,30.51342],[-116.04251,30.51379],[-116.04164,30.51472],[-116.04186,30.5153],[-116.04207,30.5153],[-116.04263,30.51474],[-116.04295,30.51415],[-116.04536,30.5121],[-116.04592,30.51041],[-116.04716,30.50495]],[[-116.04207,30.51436],[-116.04207,30.51436]],[[-116.04229,30.51398],[-116.04229,30.51398]],[[-116.04251,30.51342],[-116.04251,30.51342]],[[-116.04273,30.5121],[-116.04273,30.5121]],[[-115.99075,30.50909],[-115.99053,30.50892],[-115.99053,30.50872],[-115.99141,30.50796],[-115.99163,30.50834],[-115.99075,30.50909]],[[-116.04273,30.5089],[-116.04273,30.5089]],[[-116.04295,30.50872],[-116.04295,30.50872]],[[-115.99053,30.50872],[-115.99053,30.50872]],[[-116.04317,30.50853],[-116.04317,30.50853]],[[-115.99075,30.50853],[-115.99075,30.50853]],[[-116.04339,30.50834],[-116.04339,30.50834]],[[-115.99097,30.50834],[-115.99097,30.50834]],[[-115.99163,30.50815],[-115.99163,30.50815]],[[-115.99119,30.50815],[-115.99119,30.50815]],[[-115.99206,30.50495],[-115.99206,30.50552],[-115.9925,30.50608],[-115.9925,30.50646],[-115.99206,30.50684],[-115.99184,30.50721],[-115.99184,30.50759],[-115.99141,30.50796],[-115.99141,30.50759],[-115.99163,30.5074],[-115.99119,30.50702],[-115.99075,30.50608],[-115.98988,30.50533],[-115.98988,30.50495]],[[-115.99141,30.50759],[-115.99141,30.50759]],[[-116.0436,30.50702],[-116.0436,30.50702]],[[-116.04448,30.50514],[-116.04448,30.50514]]]},"properties":{"depth_m":2}},{"type":"Feature","geometry":{"type":"MultiLineString","coordinates":[[[-116.03342,30.59505],[-116.03341,30.59373],[-116.03302,30.59185],[-116.03231,30.59034],[-116.03137,30.58911],[-116.03115,30.58539],[-116.03094,30.58545],[-116.03094,30.58733],[-116.03072,30.58752],[-116.03072,30.59053],[-116.0305,30.59072],[-116.0305,30.59147],[-116.03028,30.59166],[-116.03028,30.59505]],[[-116.03028,30.59166],[-116.03028,30.59166]],[[-116.0305,30.59072],[-116.0305,30.59072]],[[-116.03072,30.58752],[-116.03072,30.58752]],[[-116.03094,30.58545],[-116.03094,30.58545]],[[-116.03137,30.58358],[-116.03212,30.58263],[-116.03299,30.58056],[-116.03346,30.57887],[-116.03375,30.57699],[-116.03386,30.57379],[-116.03359,30.56871],[-116.03376,30.56288],[-116.03356,30.5627],[-116.03334,30.56288],[-116.03334,30.56458],[-116.03312,30.56476],[-116.03312,30.56589],[-116.0329,30.56608],[-116.0329,30.56759],[-116.03268,30.56777],[-116.03268,30.56928],[-116.03247,30.56947],[-116.03247,30.57135],[-116.03225,30.57154],[-116.03225,30.57266],[-116.03203,30.57285],[-116.03203,30.57398],[-116.03247,30.57473],[-116.03181,30.5753],[-116.03181,30.57906],[-116.03159,30.57925],[-116.03159,30.58207],[-116.03137,30.58226],[-116.03137,30.58282],[-116.03115,30.58301],[-116.03115,30.58358],[-116.03137,30.58358]],[[-116.03115,30.58301],[-116.03115,30.58301]],[[-116.03137,30.58226],[-116.03137,30.58226]],[[-116.03159,30.57925],[-116.03159,30.57925]],[[-116.03181,30.5753],[-116.03181,30.5753]],[[-116.03203,30.57511],[-116.03203,30.57511]],[[-116.03225,30.57492],[-116.03225,30.57492]],[[-116.03225,30.57436],[-116.03225,30.57436]],[[-116.03203,30.57398],[-116.03203,30.57398]],[[-116.03203,30.57285],[-116.03203,30.57285]],[[-116.03225,30.57154],[-116.03225,30.57154]],[[-116.03247,30.56947],[-116.03247,30.56947]],[[-116.03268,30.56777],[-116.03268,30.56777]],[[-116.0329,30.56608],[-116.0329,30.56608]],[[-116.03312,30.56476],[-116.03312,30.56476]],[[-116.03334,30.56288],[-116.03334,30.56288]],[[-116.03378,30.56244],[-116.0343,30.56157],[-116.03465,30.5603],[-116.03497,30.55987],[-116.03793,30.55732],[-116.0388,30.55636],[-116.03938,30.55536],[-116.03983,30.55386],[-116.04001,30.54558],[-116.03993,30.54144],[-116.04034,30.53712],[-116.04062,30.52978],[-116.04041,30.52658],[-116.0402,30.52583],[-116.03984,30.52546],[-116.04023,30.52508],[-116.04098,30.52383],[-116.04089,30.52207],[-116.0411,30.52094],[-116.04098,30.52083],[-116.04076,30.52094],[-116.04076,30.52132],[-116.04055,30.52169],[-116.04011,30.52207],[-116.04011,30.52245],[-116.04055,30.52301],[-116.04055,30.52376],[-116.03967,30.5247],[-116.03977,30.52527],[-116.03945,30.52568],[-116.03945,30.5264],[-116.03989,30.52696],[-116.03989,30.53091],[-116.04011,30.53129],[-116.03945,30.53223],[-116.03945,30.53392],[-116.03902,30.5343],[-116.0388,30.53467],[-116.0388,30.53524],[-116.03858,30.53542],[-116.03858,30.53843],[-116.03836,30.53862],[-116.03836,30.539],[-116.03793,30.53937],[-116.03793,30.54088],[-116.03771,30.54107],[-116.03771,30.54201],[-116.03705,30.54295],[-116.03705,30.54445],[-116.03771,30.54539],[-116.03683,30.5469],[-116.0364,30.54725],[-116.0364,30.54878],[-116.03618,30.54897],[-116.03618,30.55009],[-116.03552,30.55063],[-116.03552,30.55442],[-116.0353,30.55461],[-116.0353,30.5563],[-116.03443,30.55724],[-116.03443,30.55818],[-116.03421,30.55837],[-116.03421,30.55893],[-116.03399,30.55912],[-116.03399,30.56044],[-116.03378,30.56063],[-116.03378,30.56157],[-116.03356,30.56175],[-116.03356,30.56244],[-116.03378,30.56244]],[[-116.03356,30.56175],[-116.03356,30.56175]],[[-116.03378,30.56063],[-116.03378,30.56063]],[[-116.03399,30.55912],[-116.03399,30.55912]],[[-116.03421,30.55837],[-116.03421,30.55837]],[[-116.03443,30.55724],[-116.03443,30.55724]],[[-116.03465,30.55686],[-116.03465,30.55686]],[[-116.03487,30.55668],[-116.03487,30.55668]],[[-116.03509,30.55649],[-116.03509,30.55649]],[[-116.0353,30.55461],[-116.0353,30.55461]],[[-116.03705,30.55423],[-116.03749,30.55386],[-116.03705,30.5531],[-116.0364,30.5531],[-116.03596,30.55348],[-116.03596,30.55367],[-116.0364,30.55404],[-116.03705,30.55423]],[[-116.03727,30.55404],[-116.03727,30.55404]],[[-116.03661,30.55404],[-116.03661,30.55404]],[[-116.03618,30.55386],[-116.03618,30.55386]],[[-116.03596,30.55028],[-116.03596,30.55028]],[[-116.03618,30.54897],[-116.03618,30.54897]],[[-116.03683,30.54671],[-116.03683,30.54671]],[[-116.03705,30.54633],[-116.03705,30.54633]],[[-116.03727,30.54596],[-116.03727,30.54596]],[[-116.03749,30.54558],[-116.03749,30.54558]],[[-116.03749,30.5452],[-116.03749,30.5452]],[[-116.03727,30.54483],[-116.03727,30.54483]],[[-116.03705,30.54445],[-116.03705,30.54445]],[[-116.03705,30.54295],[-116.03705,30.54295]],[[-116.03727,30.54257],[-116.03727,30.54257]],[[-116.03749,30.54219],[-116.03749,30.54219]],[[-116.03771,30.54107],[-116.03771,30.54107]],[[-116.03793,30.53937],[-116.03793,30.53937]],[[-116.03814,30.53919],[-116.03814,30.53919]],[[-116.03836,30.53862],[-116.03836,30.53862]],[[-116.03858,30.53542],[-116.03858,30.53542]],[[-116.0388,30.53467],[-116.0388,30.53467]],[[-116.03902,30.5343],[-116.03902,30.5343]],[[-116.03924,30.53411],[-116.03924,30.53411]],[[-116.03945,30.53223],[-116.03945,30.53223]],[[-116.03967,30.53185],[-116.03967,30.53185]],[[-116.03989,30.53147],[-116.03989,30.53147]],[[-116.03989,30.53091],[-116.03989,30.53091]],[[-116.03967,30.52677],[-116.03967,30.52677]],[[-116.03945,30.5264],[-116.03945,30.5264]],[[-116.03967,30.5247],[-116.03967,30.5247]],[[-116.03989,30.52433],[-116.03989,30.52433]],[[-116.04011,30.52414],[-116.04011,30.52414]],[[-116.04033,30.52395],[-116.04033,30.52395]],[[-116.04033,30.52282],[-116.04033,30.52282]],[[-116.04011,30.52245],[-116.04011,30.52245]],[[-116.04011,30.52207],[-116.04011,30.52207]],[[-116.04033,30.52188],[-116.04033,30.52188]],[[-116.04055,30.52151],[-116.04055,30.52151]],[[-116.04076,30.52094],[-116.04076,30.52094]],[[-116.0447,30.50495],[-116.04426,30.50552],[-116.04382,30.50568],[-116.04382,30.50684],[-116.0436,30.50702],[-116.0436,30.50815],[-116.04273,30.5089],[-116.04273,30.5106],[-116.04295,30.51079],[-116.04295,30.51116],[-116.04295,30.51191],[-116.04273,30.5121],[-116.04273,30.51323],[-116.04251,30.51342],[-116.04251,30.51379],[-116.04229,30.51417],[-116.04164,30.51471],[-116.04164,30.51492],[-116.04186,30.51511],[-116.04186,30.51624],[-116.04164,30.51643],[-116.04164,30.51699],[-116.04142,30.51718],[-116.04142,30.51793],[-116.04098,30.5185],[-116.04098,30.51886],[-116.0412,30.51886],[-116.04182,30.51812],[-116.04229,30.51613],[-116.04535,30.51348],[-116.04637,30.5121],[-116.04688,30.51041],[-116.04788,30.50495]],[[-116.04098,30.5185],[-116.04098,30.5185]],[[-116.0412,30.51812],[-116.0412,30.51812]],[[-116.04142,30.51718],[-116.04142,30.51718]],[[-116.04164,30.51643],[-116.04164,30.51643]],[[-116.04207,30.51436],[-116.04207,30.51436]],[[-116.04229,30.51398],[-116.04229,30.51398]],[[-116.04251,30.51342],[-116.04251,30.51342]],[[-116.04273,30.5121],[-116.04273,30.5121]],[[-115.99075,30.50909],[-115.99053,30.50893],[-115.99053,30.50872],[-115.99141,30.50796],[-115.99163,30.50834],[-115.99075,30.50909]],[[-116.04273,30.5089],[-116.04273,30.5089]],[[-116.04295,30.50872],[-116.04295,30.50872]],[[-115.99053,30.50872],[-115.99053,30.50872]],[[-116.04317,30.50853],[-116.04317,30.50853]],[[-115.99075,30.50853],[-115.99075,30.50853]],[[-116.04339,30.50834],[-116.04339,30.50834]],[[-115.99097,30.50834],[-115.99097,30.50834]],[[-115.99163,30.50815],[-115.99163,30.50815]],[[-115.99119,30.50815],[-115.99119,30.50815]],[[-115.99206,30.50495],[-115.99206,30.50552],[-115.9925,30.50608],[-115.9925,30.50646],[-115.99206,30.50684],[-115.99184,30.50721],[-115.99184,30.50759],[-115.99141,30.50796],[-115.99141,30.50759],[-115.99163,30.5074],[-115.99119,30.50702],[-115.99075,30.50608],[-115.98988,30.50533],[-115.98988,30.50495]],[[-115.99141,30.50759],[-115.99141,30.50759]],[[-116.0436,30.50702],[-116.0436,30.50702]],[[-116.04448,30.50514],[-116.04448,30.50514]]]},"properties":{"depth_m":3}},{"type":"Feature","geometry":{"type":"MultiLineString","coordinates":[[[-116.03462,30.59505],[-116.03463,30.59298],[-116.03443,30.59159],[-116.03321,30.5879],[-116.03292,30.58621],[-116.03314,30.5847],[-116.03434,30.58056],[-116.03497,30.57624],[-116.03502,30.57379],[-116.03453,30.56533],[-116.03465,30.56307],[-116.03487,30.56213],[-116.0354,30.561],[-116.03618,30.56004],[-116.03835,30.55818],[-116.03921,30.55724],[-116.0399,30.55611],[-116.04044,30.55461],[-116.04068,30.55273],[-116.04078,30.54201],[-116.04154,30.5311],[-116.0415,30.52865],[-116.04107,30.5247],[-116.04142,30.51961],[-116.04263,30.51718],[-116.04617,30.51379],[-116.0471,30.51233],[-116.04789,30.50947],[-116.04853,30.50495]],[[-116.0447,30.50495],[-116.04426,30.50552],[-116.04382,30.50567],[-116.04382,30.50684],[-116.0436,30.50702],[-116.0436,30.50815],[-116.04273,30.5089],[-116.04273,30.5106],[-116.04295,30.51079],[-116.04295,30.51116],[-116.04295,30.51191],[-116.04273,30.5121],[-116.04273,30.51323],[-116.04251,30.51342],[-116.04251,30.51379],[-116.04229,30.51417],[-116.04164,30.5147],[-116.04164,30.51492],[-116.04186,30.51511],[-116.04186,30.51624],[-116.04164,30.51643],[-116.04164,30.51699],[-116.04142,30.51718],[-116.04142,30.51793],[-116.04098,30.5185],[-116.04098,30.52075],[-116.04076,30.52094],[-116.04076,30.52132],[-116.04055,30.52169],[-116.04011,30.52207],[-116.04011,30.52245],[-116.04055,30.52301],[-116.04055,30.52376],[-116.03967,30.5247],[-116.03967,30.52546],[-116.03945,30.52564],[-116.03945,30.52621],[-116.03989,30.52696],[-116.03989,30.53091],[-116.04011,30.53129],[-116.03945,30.53223],[-116.03945,30.53392],[-116.03902,30.5343],[-116.0388,30.53467],[-116.0388,30.53524],[-116.03858,30.53542],[-116.03858,30.53843],[-116.03836,30.53862],[-116.03836,30.539],[-116.03793,30.53937],[-116.03793,30.54088],[-116.03771,30.54107],[-116.03771,30.54201],[-116.03705,30.54295],[-116.03705,30.54445],[-116.03771,30.54539],[-116.03683,30.5469],[-116.0364,30.54724],[-116.0364,30.54878],[-116.03618,30.54897],[-116.03618,30.55009],[-116.03552,30.55062],[-116.03552,30.55442],[-116.0353,30.55461],[-116.0353,30.5563],[-116.03443,30.55724],[-116.03443,30.55818],[-116.03421,30.55837],[-116.03421,30.55893],[-116.03399,30.55912],[-116.03399,30.56044],[-116.03378,30.56063],[-116.03356,30.5627],[-116.03334,30.56288],[-116.03334,30.56458],[-116.03312,30.56476],[-116.03312,30.56589],[-116.0329,30.56608],[-116.0329,30.56759],[-116.03268,30.56777],[-116.03268,30.56928],[-116.03247,30.56947],[-116.03247,30.57135],[-116.03225,30.57154],[-116.03225,30.57266],[-116.03203,30.57285],[-116.03203,30.57398],[-116.03247,30.57473],[-116.03181,30.5753],[-116.03181,30.57906],[-116.03159,30.57925],[-116.03159,30.58207],[-116.03137,30.58226],[-116.03137,30.58282],[-116.03115,30.58301],[-116.03115,30.58526],[-116.03094,30.58545],[-116.03094,30.58733],[-116.03072,30.58752],[-116.03072,30.59053],[-116.0305,30.59072],[-116.0305,30.59147],[-116.03028,30.59166],[-116.03028,30.59505]],[[-116.03028,30.59166],[-116.03028,30.59166]],[[-116.0305,30.59072],[-116.0305,30.59072]],[[-116.03072,30.58752],[-116.03072,30.58752]],[[-116.03094,30.58545],[-116.03094,30.58545]],[[-116.03115,30.58301],[-116.03115,30.58301]],[[-116.03137,30.58226],[-116.03137,30.58226]],[[-116.03159,30.57925],[-116.03159,30.57925]],[[-116.03181,30.5753],[-116.03181,30.5753]],[[-116.03203,30.57511],[-116.03203,30.57511]],[[-116.03225,30.57492],[-116.03225,30.57492]],[[-116.03203,30.57285],[-116.03203,30.57285]],[[-116.03225,30.57154],[-116.03225,30.57154]],[[-116.03247,30.56947],[-116.03247,30.56947]],[[-116.03268,30.56777],[-116.03268,30.56777]],[[-116.0329,30.56608],[-116.0329,30.56608]],[[-116.03312,30.56476],[-116.03312,30.56476]],[[-116.03334,30.56288],[-116.03334,30.56288]],[[-116.03487,30.56213],[-116.03487,30.56213]],[[-116.03356,30.56175],[-116.03356,30.56175]],[[-116.03378,30.56063],[-116.03378,30.56063]],[[-116.03399,30.55912],[-116.03399,30.55912]],[[-116.03421,30.55837],[-116.03421,30.55837]],[[-116.03443,30.55724],[-116.03443,30.55724]],[[-116.03465,30.55686],[-116.03465,30.55686]],[[-116.03487,30.55668],[-116.03487,30.55668]],[[-116.03509,30.55649],[-116.03509,30.55649]],[[-116.0353,30.55461],[-116.0353,30.55461]],[[-116.03705,30.55423],[-116.03749,30.55386],[-116.03705,30.5531],[-116.0364,30.5531],[-116.03596,30.55348],[-116.03596,30.55367],[-116.0364,30.55404],[-116.03705,30.55423]],[[-116.03727,30.55404],[-116.03727,30.55404]],[[-116.03661,30.55404],[-116.03661,30.55404]],[[-116.03618,30.55386],[-116.03618,30.55386]],[[-116.03596,30.55028],[-116.03596,30.55028]],[[-116.03618,30.54897],[-116.03618,30.54897]],[[-116.03683,30.54671],[-116.03683,30.54671]],[[-116.03705,30.54633],[-116.03705,30.54633]],[[-116.03727,30.54596],[-116.03727,30.54596]],[[-116.03749,30.54558],[-116.03749,30.54558]],[[-116.03705,30.54295],[-116.03705,30.54295]],[[-116.03727,30.54257],[-116.03727,30.54257]],[[-116.03749,30.54219],[-116.03749,30.54219]],[[-116.03771,30.54107],[-116.03771,30.54107]],[[-116.03793,30.53937],[-116.03793,30.53937]],[[-116.03814,30.53919],[-116.03814,30.53919]],[[-116.03836,30.53862],[-116.03836,30.53862]],[[-116.03858,30.53542],[-116.03858,30.53542]],[[-116.0388,30.53467],[-116.0388,30.53467]],[[-116.03902,30.5343],[-116.03902,30.5343]],[[-116.03924,30.53411],[-116.03924,30.53411]],[[-116.03945,30.53223],[-116.03945,30.53223]],[[-116.03967,30.53185],[-116.03967,30.53185]],[[-116.03989,30.53147],[-116.03989,30.53147]],[[-116.03945,30.52564],[-116.03945,30.52564]],[[-116.03967,30.5247],[-116.03967,30.5247]],[[-116.03989,30.52433],[-116.03989,30.52433]],[[-116.04011,30.52414],[-116.04011,30.52414]],[[-116.04033,30.52395],[-116.04033,30.52395]],[[-116.04011,30.52207],[-116.04011,30.52207]],[[-116.04033,30.52188],[-116.04033,30.52188]],[[-116.04055,30.52151],[-116.04055,30.52151]],[[-116.04076,30.52094],[-116.04076,30.52094]],[[-116.04098,30.5185],[-116.04098,30.5185]],[[-116.0412,30.51812],[-116.0412,30.51812]],[[-116.04142,30.51718],[-116.04142,30.51718]],[[-116.04164,30.51643],[-116.04164,30.51643]],[[-116.04207,30.51436],[-116.04207,30.51436]],[[-116.04229,30.51398],[-116.04229,30.51398]],[[-116.04251,30.51342],[-116.04251,30.51342]],[[-116.04273,30.5121],[-116.04273,30.5121]],[[-115.99075,30.50909],[-115.99053,30.50894],[-115.99053,30.50872],[-115.99141,30.50796],[-115.99163,30.50834],[-115.99075,30.50909]],[[-116.04273,30.5089],[-116.04273,30.5089]],[[-116.04295,30.50872],[-116.04295,30.50872]],[[-115.99053,30.50872],[-115.99053,30.50872]],[[-116.04317,30.50853],[-116.04317,30.50853]],[[-115.99075,30.50853],[-115.99075,30.50853]],[[-116.04339,30.50834],[-116.04339,30.50834]],[[-115.99097,30.50834],[-115.99097,30.50834]],[[-115.99163,30.50815],[-115.99163,30.50815]],[[-115.99119,30.50815],[-115.99119,30.50815]],[[-115.99206,30.50495],[-115.99206,30.50552],[-115.99254,30.50627],[-115.99184,30.50721],[-115.99184,30.50759],[-115.99141,30.50796],[-115.99141,30.50759],[-115.99163,30.5074],[-115.99119,30.50702],[-115.99075,30.50608],[-115.98988,30.50533],[-115.98988,30.50495]],[[-115.99141,30.50759],[-115.99141,30.50759]],[[-116.0436,30.50702],[-116.0436,30.50702]],[[-116.04448,30.50514],[-116.04448,30.50514]]]},"properties":{"depth_m":4}},{"type":"Feature","geometry":{"type":"MultiLineString","coordinates":[[[-116.03583,30.59505],[-116.0359,30.59185],[-116.03511,30.58621],[-116.03623,30.57473],[-116.03567,30.56533],[-116.03575,30.56288],[-116.03593,30.56213],[-116.03646,30.56119],[-116.03896,30.55893],[-116.03992,30.55781],[-116.04064,30.55649],[-116.04112,30.55498],[-116.04144,30.55216],[-116.0416,30.54201],[-116.04248,30.53129],[-116.04242,30.52865],[-116.04187,30.52357],[-116.04202,30.52057],[-116.04249,30.51906],[-116.04313,30.51793],[-116.04644,30.51464],[-116.04765,30.51285],[-116.04821,30.51135],[-116.04859,30.50966],[-116.04915,30.50495]],[[-116.0447,30.50495],[-116.04426,30.50552],[-116.04382,30.50566],[-116.04382,30.50684],[-116.0436,30.50702],[-116.0436,30.50815],[-116.04273,30.5089],[-116.04273,30.5106],[-116.04295,30.51079],[-116.04295,30.51116],[-116.04295,30.51191],[-116.04273,30.5121],[-116.04273,30.51323],[-116.04251,30.51342],[-116.04251,30.51379],[-116.04229,30.51417],[-116.04164,30.51469],[-116.04164,30.51492],[-116.04186,30.51511],[-116.04186,30.51624],[-116.04164,30.51643],[-116.04164,30.51699],[-116.04142,30.51718],[-116.04142,30.51793],[-116.04098,30.5185],[-116.04098,30.52075],[-116.04076,30.52094],[-116.04076,30.52132],[-116.04055,30.52169],[-116.04011,30.52207],[-116.04011,30.52245],[-116.04055,30.52301],[-116.04055,30.52376],[-116.03967,30.5247],[-116.03967,30.52546],[-116.03945,30.52564],[-116.03945,30.52621],[-116.03989,30.52696],[-116.03989,30.53091],[-116.04011,30.53129],[-116.03945,30.53223],[-116.03945,30.53392],[-116.03902,30.5343],[-116.0388,30.53467],[-116.0388,30.53524],[-116.03858,30.53542],[-116.03858,30.53843],[-116.03836,30.53862],[-116.03836,30.539],[-116.03793,30.53937],[-116.03793,30.54088],[-116.03771,30.54107],[-116.03771,30.54201],[-116.03705,30.54295],[-116.03705,30.54445],[-116.03771,30.54539],[-116.03683,30.5469],[-116.0364,30.54723],[-116.0364,30.54878],[-116.03618,30.54897],[-116.03618,30.55009],[-116.03552,30.55061],[-116.03552,30.55442],[-116.0353,30.55461],[-116.0353,30.5563],[-116.03443,30.55724],[-116.03443,30.55818],[-116.03421,30.55837],[-116.03421,30.55893],[-116.03399,30.55912],[-116.03399,30.56044],[-116.03378,30.56063],[-116.03356,30.5627],[-116.03334,30.56288],[-116.03334,30.56458],[-116.03312,30.56476],[-116.03312,30.56589],[-116.0329,30.56608],[-116.0329,30.56759],[-116.03268,30.56777],[-116.03268,30.56928],[-116.03247,30.56947],[-116.03247,30.57135],[-116.03225,30.57154],[-116.03225,30.57266],[-116.03203,30.57285],[-116.03203,30.57398],[-116.03247,30.57473],[-116.03181,30.5753],[-116.03181,30.57906],[-116.03159,30.57925],[-116.03159,30.58207],[-116.03137,30.58226],[-116.03137,30.58282],[-116.03115,30.58301],[-116.03115,30.58526],[-116.03094,30.58545],[-116.03094,30.58733],[-116.03072,30.58752],[-116.03072,30.59053],[-116.0305,30.59072],[-116.0305,30.59147],[-116.03028,30.59166],[-116.03028,30.59505]],[[-116.03028,30.59166],[-116.03028,30.59166]],[[-116.0305,30.59072],[-116.0305,30.59072]],[[-116.03072,30.58752],[-116.03072,30.58752]],[[-116.03094,30.58545],[-116.03094,30.58545]],[[-116.03115,30.58301],[-116.03115,30.58301]],[[-116.03137,30.58226],[-116.03137,30.58226]],[[-116.03159,30.57925],[-116.03159,30.57925]],[[-116.03181,30.5753],[-116.03181,30.5753]],[[-116.03203,30.57511],[-116.03203,30.57511]],[[-116.03225,30.57492],[-116.03225,30.57492]],[[-116.03203,30.57285],[-116.03203,30.57285]],[[-116.03225,30.57154],[-116.03225,30.57154]],[[-116.03247,30.56947],[-116.03247,30.56947]],[[-116.03268,30.56777],[-116.03268,30.56777]],[[-116.0329,30.56608],[-116.0329,30.56608]],[[-116.03312,30.56476],[-116.03312,30.56476]],[[-116.03334,30.56288],[-116.03334,30.56288]],[[-116.03356,30.56175],[-116.03356,30.56175]],[[-116.03378,30.56063],[-116.03378,30.56063]],[[-116.03399,30.55912],[-116.03399,30.55912]],[[-116.03421,30.55837],[-116.03421,30.55837]],[[-116.03443,30.55724],[-116.03443,30.55724]],[[-116.03465,30.55686],[-116.03465,30.55686]],[[-116.03487,30.55668],[-116.03487,30.55668]],[[-116.03509,30.55649],[-116.03509,30.55649]],[[-116.0353,30.55461],[-116.0353,30.55461]],[[-116.03705,30.55423],[-116.03749,30.55386],[-116.03705,30.5531],[-116.0364,30.5531],[-116.03596,30.55348],[-116.03596,30.55367],[-116.0364,30.55404],[-116.03705,30.55423]],[[-116.03727,30.55404],[-116.03727,30.55404]],[[-116.03661,30.55404],[-116.03661,30.55404]],[[-116.03618,30.55386],[-116.03618,30.55386]],[[-116.03596,30.55028],[-116.03596,30.55028]],[[-116.03618,30.54897],[-116.03618,30.54897]],[[-116.03683,30.54671],[-116.03683,30.54671]],[[-116.03705,30.54633],[-116.03705,30.54633]],[[-116.03727,30.54596],[-116.03727,30.54596]],[[-116.03749,30.54558],[-116.03749,30.54558]],[[-116.03705,30.54295],[-116.03705,30.54295]],[[-116.03727,30.54257],[-116.03727,30.54257]],[[-116.03749,30.54219],[-116.03749,30.54219]],[[-116.04164,30.54144],[-116.04164,30.54144]],[[-116.03771,30.54107],[-116.03771,30.54107]],[[-116.03793,30.53937],[-116.03793,30.53937]],[[-116.03814,30.53919],[-116.03814,30.53919]],[[-116.03836,30.53862],[-116.03836,30.53862]],[[-116.04207,30.53599],[-116.04207,30.53599]],[[-116.03858,30.53542],[-116.03858,30.53542]],[[-116.0388,30.53467],[-116.0388,30.53467]],[[-116.03902,30.5343],[-116.03902,30.5343]],[[-116.03924,30.53411],[-116.03924,30.53411]],[[-116.03945,30.53223],[-116.03945,30.53223]],[[-116.03967,30.53185],[-116.03967,30.53185]],[[-116.03989,30.53147],[-116.03989,30.53147]],[[-116.03945,30.52564],[-116.03945,30.52564]],[[-116.03967,30.5247],[-116.03967,30.5247]],[[-116.03989,30.52433],[-116.03989,30.52433]],[[-116.04011,30.52414],[-116.04011,30.52414]],[[-116.04033,30.52395],[-116.04033,30.52395]],[[-116.04011,30.52207],[-116.04011,30.52207]],[[-116.04033,30.52188],[-116.04033,30.52188]],[[-116.04055,30.52151],[-116.04055,30.52151]],[[-116.04076,30.52094],[-116.04076,30.52094]],[[-116.04098,30.5185],[-116.04098,30.5185]],[[-116.0412,30.51812],[-116.0412,30.51812]],[[-116.04142,30.51718],[-116.04142,30.51718]],[[-116.04164,30.51643],[-116.04164,30.51643]],[[-116.04207,30.51436],[-116.04207,30.51436]],[[-116.04229,30.51398],[-116.04229,30.51398]],[[-116.04251,30.51342],[-116.04251,30.51342]],[[-116.04273,30.5121],[-116.04273,30.5121]],[[-115.99075,30.50909],[-115.99053,30.50895],[-115.99053,30.50872],[-115.99141,30.50796],[-115.99163,30.50834],[-115.99075,30.50909]],[[-116.04273,30.5089],[-116.04273,30.5089]],[[-116.04295,30.50872],[-116.04295,30.50872]],[[-115.99053,30.50872],[-115.99053,30.50872]],[[-116.04317,30.50853],[-116.04317,30.50853]],[[-115.99075,30.50853],[-115.99075,30.50853]],[[-116.04339,30.50834],[-116.04339,30.50834]],[[-115.99097,30.50834],[-115.99097,30.50834]],[[-115.99163,30.50815],[-115.99163,30.50815]],[[-115.99119,30.50815],[-115.99119,30.50815]],[[-115.99206,30.50495],[-115.99206,30.50552],[-115.99255,30.50627],[-115.99184,30.50721],[-115.99184,30.50759],[-115.99141,30.50796],[-115.99141,30.50759],[-115.99163,30.5074],[-115.99119,30.50702],[-115.99075,30.50608],[-115.98988,30.50533],[-115.98988,30.50495]],[[-115.99141,30.50759],[-115.99141,30.50759]],[[-116.0436,30.50702],[-116.0436,30.50702]],[[-116.04448,30.50514],[-116.04448,30.50514]]]},"properties":{"depth_m":5}},{"type":"Feature","geometry":{"type":"MultiLineString","coordinates":[[[-116.03714,30.59505],[-116.0374,30.59185],[-116.03704,30.58621],[-116.03708,30.57943],[-116.03755,30.57454],[-116.0371,30.57041],[-116.0369,30.56307],[-116.03725,30.56194],[-116.03967,30.55973],[-116.04071,30.55837],[-116.04148,30.55668],[-116.04197,30.55461],[-116.04222,30.55122],[-116.04228,30.5437],[-116.04343,30.53129],[-116.04332,30.52809],[-116.0427,30.52301],[-116.04273,30.52113],[-116.0431,30.51963],[-116.0436,30.51866],[-116.04448,30.51758],[-116.0471,30.51504],[-116.04843,30.51285],[-116.04894,30.51135],[-116.04932,30.50947],[-116.04975,30.50495]],[[-116.0447,30.50495],[-116.04426,30.50552],[-116.04382,30.50565],[-116.04382,30.50684],[-116.0436,30.50702],[-116.0436,30.50815],[-116.04273,30.5089],[-116.04273,30.5106],[-116.04295,30.51079],[-116.04295,30.51116],[-116.04295,30.51191],[-116.04273,30.5121],[-116.04273,30.51323],[-116.04251,30.51342],[-116.04251,30.51379],[-116.04229,30.51417],[-116.04164,30.51468],[-116.04164,30.51492],[-116.04186,30.51511],[-116.04186,30.51624],[-116.04164,30.51643],[-116.04164,30.51699],[-116.04142,30.51718],[-116.04142,30.51793],[-116.04098,30.5185],[-116.04098,30.52075],[-116.04076,30.52094],[-116.04076,30.52132],[-116.04055,30.52169],[-116.04011,30.52207],[-116.04011,30.52245],[-116.04055,30.52301],[-116.04055,30.52376],[-116.03967,30.5247],[-116.03967,30.52546],[-116.03945,30.52564],[-116.03945,30.52621],[-116.03989,30.52696],[-116.03989,30.53091],[-116.04011,30.53129],[-116.03945,30.53223],[-116.03945,30.53392],[-116.03902,30.5343],[-116.0388,30.53467],[-116.0388,30.53524],[-116.03858,30.53542],[-116.03858,30.53843],[-116.03836,30.53862],[-116.03836,30.539],[-116.03793,30.53937],[-116.03793,30.54088],[-116.03771,30.54107],[-116.03771,30.54201],[-116.03705,30.54295],[-116.03705,30.54445],[-116.03771,30.54539],[-116.03683,30.5469],[-116.0364,30.54722],[-116.0364,30.54878],[-116.03618,30.54897],[-116.03618,30.55009],[-116.03552,30.5506],[-116.03552,30.55442],[-116.0353,30.55461],[-116.0353,30.5563],[-116.03443,30.55724],[-116.03443,30.55818],[-116.03421,30.55837],[-116.03421,30.55893],[-116.03399,30.55912],[-116.03399,30.56044],[-116.03378,30.56063],[-116.03356,30.5627],[-116.03334,30.56288],[-116.03334,30.56458],[-116.03312,30.56476],[-116.03312,30.56589],[-116.0329,30.56608],[-116.0329,30.56759],[-116.03268,30.56777],[-116.03268,30.56928],[-116.03247,30.56947],[-116.03247,30.57135],[-116.03225,30.57154],[-116.03225,30.57266],[-116.03203,30.57285],[-116.03203,30.57398],[-116.03247,30.57473],[-116.03181,30.5753],[-116.03181,30.57906],[-116.03159,30.57925],[-116.03159,30.58207],[-116.03137,30.58226],[-116.03137,30.58282],[-116.03115,30.58301],[-116.03115,30.58526],[-116.03094,30.58545],[-116.03094,30.58733],[-116.03072,30.58752],[-116.03072,30.59053],[-116.0305,30.59072],[-116.0305,30.59147],[-116.03028,30.59166],[-116.03028,30.59505]],[[-116.03028,30.59166],[-116.03028,30.59166]],[[-116.0305,30.59072],[-116.0305,30.59072]],[[-116.03072,30.58752],[-116.03072,30.58752]],[[-116.03094,30.58545],[-116.03094,30.58545]],[[-116.03115,30.58301],[-116.03115,30.58301]],[[-116.03137,30.58226],[-116.03137,30.58226]],[[-116.03159,30.57925],[-116.03159,30.57925]],[[-116.03181,30.5753],[-116.03181,30.5753]],[[-116.03203,30.57511],[-116.03203,30.57511]],[[-116.03225,30.57492],[-116.03225,30.57492]],[[-116.03203,30.57285],[-116.03203,30.57285]],[[-116.03225,30.57154],[-116.03225,30.57154]],[[-116.03247,30.56947],[-116.03247,30.56947]],[[-116.03268,30.56777],[-116.03268,30.56777]],[[-116.0329,30.56608],[-116.0329,30.56608]],[[-116.03312,30.56476],[-116.03312,30.56476]],[[-116.03334,30.56288],[-116.03334,30.56288]],[[-116.03356,30.56175],[-116.03356,30.56175]],[[-116.03378,30.56063],[-116.03378,30.56063]],[[-116.03399,30.55912],[-116.03399,30.55912]],[[-116.03421,30.55837],[-116.03421,30.55837]],[[-116.03443,30.55724],[-116.03443,30.55724]],[[-116.04142,30.55686],[-116.04142,30.55686]],[[-116.03465,30.55686],[-116.03465,30.55686]],[[-116.03487,30.55668],[-116.03487,30.55668]],[[-116.03509,30.55649],[-116.03509,30.55649]],[[-116.0353,30.55461],[-116.0353,30.55461]],[[-116.03705,30.55423],[-116.03749,30.55386],[-116.03705,30.5531],[-116.0364,30.5531],[-116.03596,30.55348],[-116.03596,30.55367],[-116.0364,30.55404],[-116.03705,30.55423]],[[-116.03727,30.55404],[-116.03727,30.55404]],[[-116.03661,30.55404],[-116.03661,30.55404]],[[-116.03618,30.55386],[-116.03618,30.55386]],[[-116.03596,30.55028],[-116.03596,30.55028]],[[-116.03618,30.54897],[-116.03618,30.54897]],[[-116.03683,30.54671],[-116.03683,30.54671]],[[-116.03705,30.54633],[-116.03705,30.54633]],[[-116.03727,30.54596],[-116.03727,30.54596]],[[-116.03749,30.54558],[-116.03749,30.54558]],[[-116.03705,30.54295],[-116.03705,30.54295]],[[-116.03727,30.54257],[-116.03727,30.54257]],[[-116.03749,30.54219],[-116.03749,30.54219]],[[-116.03771,30.54107],[-116.03771,30.54107]],[[-116.03793,30.53937],[-116.03793,30.53937]],[[-116.03814,30.53919],[-116.03814,30.53919]],[[-116.03836,30.53862],[-116.03836,30.53862]],[[-116.03858,30.53542],[-116.03858,30.53542]],[[-116.0388,30.53467],[-116.0388,30.53467]],[[-116.03902,30.5343],[-116.03902,30.5343]],[[-116.03924,30.53411],[-116.03924,30.53411]],[[-116.03945,30.53223],[-116.03945,30.53223]],[[-116.03967,30.53185],[-116.03967,30.53185]],[[-116.03989,30.53147],[-116.03989,30.53147]],[[-116.03945,30.52564],[-116.03945,30.52564]],[[-116.03967,30.5247],[-116.03967,30.5247]],[[-116.03989,30.52433],[-116.03989,30.52433]],[[-116.04011,30.52414],[-116.04011,30.52414]],[[-116.04033,30.52395],[-116.04033,30.52395]],[[-116.04011,30.52207],[-116.04011,30.52207]],[[-116.04033,30.52188],[-116.04033,30.52188]],[[-116.04055,30.52151],[-116.04055,30.52151]],[[-116.04076,30.52094],[-116.04076,30.52094]],[[-116.04098,30.5185],[-116.04098,30.5185]],[[-116.0412,30.51812],[-116.0412,30.51812]],[[-116.04142,30.51718],[-116.04142,30.51718]],[[-116.04164,30.51643],[-116.04164,30.51643]],[[-116.04207,30.51436],[-116.04207,30.51436]],[[-116.04229,30.51398],[-116.04229,30.51398]],[[-116.04251,30.51342],[-116.04251,30.51342]],[[-116.04273,30.5121],[-116.04273,30.5121]],[[-115.99075,30.50909],[-115.99053,30.50896],[-115.99053,30.50872],[-115.99141,30.50796],[-115.99163,30.50834],[-115.99075,30.50909]],[[-116.04273,30.5089],[-116.04273,30.5089]],[[-116.04295,30.50872],[-116.04295,30.50872]],[[-115.99053,30.50872],[-115.99053,30.50872]],[[-116.04317,30.50853],[-116.04317,30.50853]],[[-115.99075,30.50853],[-115.99075,30.50853]],[[-116.04339,30.50834],[-116.04339,30.50834]],[[-115.99097,30.50834],[-115.99097,30.50834]],[[-115.99163,30.50815],[-115.99163,30.50815]],[[-115.99119,30.50815],[-115.99119,30.50815]],[[-115.99206,30.50495],[-115.99206,30.50552],[-115.99256,30.50627],[-115.99184,30.50721],[-115.99184,30.50759],[-115.99141,30.50796],[-115.99141,30.50759],[-115.99163,30.5074],[-115.99119,30.50702],[-115.99075,30.50608],[-115.98988,30.50533],[-115.98988,30.50495]],[[-115.99141,30.50759],[-115.99141,30.50759]],[[-116.0436,30.50702],[-116.0436,30.50702]],[[-116.04448,30.50514],[-116.04448,30.50514]]]},"properties":{"depth_m":6}},{"type":"Feature","geometry":{"type":"MultiLineString","coordinates":[[[-116.03879,30.59505],[-116.03909,30.59128],[-116.0388,30.57962],[-116.03912,30.57454],[-116.03871,30.57041],[-116.03855,30.56382],[-116.0388,30.56287],[-116.04086,30.56025],[-116.04164,30.55893],[-116.04232,30.55705],[-116.04275,30.55461],[-116.04302,30.55047],[-116.043,30.54445],[-116.04362,30.53712],[-116.04441,30.5311],[-116.04429,30.5279],[-116.04357,30.52301],[-116.04354,30.52113],[-116.04388,30.51981],[-116.04441,30.51887],[-116.04759,30.51568],[-116.04897,30.51342],[-116.0495,30.51191],[-116.04997,30.50966],[-116.05033,30.50495]],[[-116.0447,30.50495],[-116.04426,30.50552],[-116.04382,30.50564],[-116.04382,30.50684],[-116.0436,30.50702],[-116.0436,30.50815],[-116.04273,30.5089],[-116.04273,30.5106],[-116.04295,30.51079],[-116.04295,30.51116],[-116.04295,30.51191],[-116.04273,30.5121],[-116.04273,30.51323],[-116.04251,30.51342],[-116.04251,30.51379],[-116.04229,30.51417],[-116.04164,30.51467],[-116.04164,30.51492],[-116.04186,30.51511],[-116.04186,30.51624],[-116.04164,30.51643],[-116.04164,30.51699],[-116.04142,30.51718],[-116.04142,30.51793],[-116.04098,30.5185],[-116.04098,30.52075],[-116.04076,30.52094],[-116.04076,30.52132],[-116.04055,30.52169],[-116.04011,30.52207],[-116.04011,30.52245],[-116.04055,30.52301],[-116.04055,30.52376],[-116.03967,30.5247],[-116.03967,30.52546],[-116.03945,30.52564],[-116.03945,30.52621],[-116.03989,30.52696],[-116.03989,30.53091],[-116.04011,30.53129],[-116.03945,30.53223],[-116.03945,30.53392],[-116.03902,30.5343],[-116.0388,30.53467],[-116.0388,30.53524],[-116.03858,30.53542],[-116.03858,30.53843],[-116.03836,30.53862],[-116.03836,30.539],[-116.03793,30.53937],[-116.03793,30.54088],[-116.03771,30.54107],[-116.03771,30.54201],[-116.03705,30.54295],[-116.03705,30.54445],[-116.03771,30.54539],[-116.03683,30.5469],[-116.0364,30.54721],[-116.0364,30.54878],[-116.03618,30.54897],[-116.03618,30.55009],[-116.03552,30.55059],[-116.03552,30.55442],[-116.0353,30.55461],[-116.0353,30.5563],[-116.03443,30.55724],[-116.03443,30.55818],[-116.03421,30.55837],[-116.03421,30.55893],[-116.03399,30.55912],[-116.03399,30.56044],[-116.03378,30.56063],[-116.03356,30.5627],[-116.03334,30.56288],[-116.03334,30.56458],[-116.03312,30.56476],[-116.03312,30.56589],[-116.0329,30.56608],[-116.0329,30.56759],[-116.03268,30.56777],[-116.03268,30.56928],[-116.03247,30.56947],[-116.03247,30.57135],[-116.03225,30.57154],[-116.03225,30.57266],[-116.03203,30.57285],[-116.03203,30.57398],[-116.03247,30.57473],[-116.03181,30.5753],[-116.03181,30.57906],[-116.03159,30.57925],[-116.03159,30.58207],[-116.03137,30.58226],[-116.03137,30.58282],[-116.03115,30.58301],[-116.03115,30.58526],[-116.03094,30.58545],[-116.03094,30.58733],[-116.03072,30.58752],[-116.03072,30.59053],[-116.0305,30.59072],[-116.0305,30.59147],[-116.03028,30.59166],[-116.03028,30.59505]],[[-116.03028,30.59166],[-116.03028,30.59166]],[[-116.0305,30.59072],[-116.0305,30.59072]],[[-116.03072,30.58752],[-116.03072,30.58752]],[[-116.03094,30.58545],[-116.03094,30.58545]],[[-116.03115,30.58301],[-116.03115,30.58301]],[[-116.03137,30.58226],[-116.03137,30.58226]],[[-116.03159,30.57925],[-116.03159,30.57925]],[[-116.03181,30.5753],[-116.03181,30.5753]],[[-116.03203,30.57511],[-116.03203,30.57511]],[[-116.03225,30.57492],[-116.03225,30.57492]],[[-116.03203,30.57285],[-116.03203,30.57285]],[[-116.03225,30.57154],[-116.03225,30.57154]],[[-116.03247,30.56947],[-116.03247,30.56947]],[[-116.03268,30.56777],[-116.03268,30.56777]],[[-116.0329,30.56608],[-116.0329,30.56608]],[[-116.03312,30.56476],[-116.03312,30.56476]],[[-116.03334,30.56288],[-116.03334,30.56288]],[[-116.03356,30.56175],[-116.03356,30.56175]],[[-116.03378,30.56063],[-116.03378,30.56063]],[[-116.03399,30.55912],[-116.03399,30.55912]],[[-116.03421,30.55837],[-116.03421,30.55837]],[[-116.03443,30.55724],[-116.03443,30.55724]],[[-116.03465,30.55686],[-116.03465,30.55686]],[[-116.03487,30.55668],[-116.03487,30.55668]],[[-116.03509,30.55649],[-116.03509,30.55649]],[[-116.0353,30.55461],[-116.0353,30.55461]],[[-116.03705,30.55423],[-116.03749,30.55386],[-116.03705,30.5531],[-116.0364,30.5531],[-116.03596,30.55348],[-116.03596,30.55367],[-116.0364,30.55404],[-116.03705,30.55423]],[[-116.03727,30.55404],[-116.03727,30.55404]],[[-116.03661,30.55404],[-116.03661,30.55404]],[[-116.03618,30.55386],[-116.03618,30.55386]],[[-116.03596,30.55028],[-116.03596,30.55028]],[[-116.03618,30.54897],[-116.03618,30.54897]],[[-116.03683,30.54671],[-116.03683,30.54671]],[[-116.03705,30.54633],[-116.03705,30.54633]],[[-116.03727,30.54596],[-116.03727,30.54596]],[[-116.03749,30.54558],[-116.03749,30.54558]],[[-116.03705,30.54295],[-116.03705,30.54295]],[[-116.03727,30.54257],[-116.03727,30.54257]],[[-116.03749,30.54219],[-116.03749,30.54219]],[[-116.03771,30.54107],[-116.03771,30.54107]],[[-116.03793,30.53937],[-116.03793,30.53937]],[[-116.03814,30.53919],[-116.03814,30.53919]],[[-116.03836,30.53862],[-116.03836,30.53862]],[[-116.03858,30.53542],[-116.03858,30.53542]],[[-116.0388,30.53467],[-116.0388,30.53467]],[[-116.04404,30.53448],[-116.04404,30.53448]],[[-116.03902,30.5343],[-116.03902,30.5343]],[[-116.03924,30.53411],[-116.03924,30.53411]],[[-116.03945,30.53223],[-116.03945,30.53223]],[[-116.03967,30.53185],[-116.03967,30.53185]],[[-116.03989,30.53147],[-116.03989,30.53147]],[[-116.03945,30.52564],[-116.03945,30.52564]],[[-116.03967,30.5247],[-116.03967,30.5247]],[[-116.03989,30.52433],[-116.03989,30.52433]],[[-116.04011,30.52414],[-116.04011,30.52414]],[[-116.04033,30.52395],[-116.04033,30.52395]],[[-116.04011,30.52207],[-116.04011,30.52207]],[[-116.04033,30.52188],[-116.04033,30.52188]],[[-116.04055,30.52151],[-116.04055,30.52151]],[[-116.04076,30.52094],[-116.04076,30.52094]],[[-116.04098,30.5185],[-116.04098,30.5185]],[[-116.0412,30.51812],[-116.0412,30.51812]],[[-116.04142,30.51718],[-116.04142,30.51718]],[[-116.04164,30.51643],[-116.04164,30.51643]],[[-116.04207,30.51436],[-116.04207,30.51436]],[[-116.04229,30.51398],[-116.04229,30.51398]],[[-116.04251,30.51342],[-116.04251,30.51342]],[[-116.04273,30.5121],[-116.04273,30.5121]],[[-115.99075,30.50909],[-115.99053,30.50897],[-115.99053,30.50872],[-115.99141,30.50796],[-115.99163,30.50834],[-115.99075,30.50909]],[[-116.04273,30.5089],[-116.04273,30.5089]],[[-116.04295,30.50872],[-116.04295,30.50872]],[[-115.99053,30.50872],[-115.99053,30.50872]],[[-116.04317,30.50853],[-116.04317,30.50853]],[[-115.99075,30.50853],[-115.99075,30.50853]],[[-116.04339,30.50834],[-116.04339,30.50834]],[[-115.99097,30.50834],[-115.99097,30.50834]],[[-115.99163,30.50815],[-115.99163,30.50815]],[[-115.99119,30.50815],[-115.99119,30.50815]],[[-115.99206,30.50495],[-115.99206,30.50552],[-115.99257,30.50627],[-115.99184,30.50721],[-115.99184,30.50759],[-115.99141,30.50796],[-115.99141,30.50759],[-115.99163,30.5074],[-115.99119,30.50702],[-115.99075,30.50608],[-115.98988,30.50533],[-115.98988,30.50495]],[[-115.99141,30.50759],[-115.99141,30.50759]],[[-116.0436,30.50702],[-116.0436,30.50702]],[[-116.04448,30.50514],[-116.04448,30.50514]]]},"properties":{"depth_m":7}},{"type":"Feature","geometry":{"type":"MultiLineString","coordinates":[[[-116.04076,30.59505],[-116.04099,30.59128],[-116.04088,30.58037],[-116.04099,30.57473],[-116.04064,30.56552],[-116.04097,30.56364],[-116.04289,30.55893],[-116.04352,30.55536],[-116.04384,30.55047],[-116.04377,30.54464],[-116.04448,30.53712],[-116.04528,30.53298],[-116.04547,30.53053],[-116.04527,30.52715],[-116.04448,30.5229],[-116.04438,30.52113],[-116.0445,30.52038],[-116.04501,30.51944],[-116.04804,30.51643],[-116.04885,30.51529],[-116.0496,30.51379],[-116.05016,30.5121],[-116.05063,30.50966],[-116.05091,30.50495]],[[-116.0447,30.50495],[-116.04426,30.50552],[-116.04382,30.50563],[-116.04382,30.50684],[-116.0436,30.50702],[-116.0436,30.50815],[-116.04273,30.5089],[-116.04273,30.5106],[-116.04295,30.51079],[-116.04295,30.51116],[-116.04295,30.51191],[-116.04273,30.5121],[-116.04273,30.51323],[-116.04251,30.51342],[-116.04251,30.51379],[-116.04229,30.51417],[-116.04164,30.51467],[-116.04164,30.51492],[-116.04186,30.51511],[-116.04186,30.51624],[-116.04164,30.51643],[-116.04164,30.51699],[-116.04142,30.51718],[-116.04142,30.51793],[-116.04098,30.5185],[-116.04098,30.52075],[-116.04076,30.52094],[-116.04076,30.52132],[-116.04055,30.52169],[-116.04011,30.52207],[-116.04011,30.52245],[-116.04055,30.52301],[-116.04055,30.52376],[-116.03967,30.5247],[-116.03967,30.52546],[-116.03945,30.52564],[-116.03945,30.52621],[-116.03989,30.52696],[-116.03989,30.53091],[-116.04011,30.53129],[-116.03945,30.53223],[-116.03945,30.53392],[-116.03902,30.5343],[-116.0388,30.53467],[-116.0388,30.53524],[-116.03858,30.53542],[-116.03858,30.53843],[-116.03836,30.53862],[-116.03836,30.539],[-116.03793,30.53937],[-116.03793,30.54088],[-116.03771,30.54107],[-116.03771,30.54201],[-116.03705,30.54295],[-116.03705,30.54445],[-116.03771,30.54539],[-116.03683,30.5469],[-116.0364,30.5472],[-116.0364,30.54878],[-116.03618,30.54897],[-116.03618,30.55009],[-116.03552,30.55058],[-116.03552,30.55442],[-116.0353,30.55461],[-116.0353,30.5563],[-116.03443,30.55724],[-116.03443,30.55818],[-116.03421,30.55837],[-116.03421,30.55893],[-116.03399,30.55912],[-116.03399,30.56044],[-116.03378,30.56063],[-116.03356,30.5627],[-116.03334,30.56288],[-116.03334,30.56458],[-116.03312,30.56476],[-116.03312,30.56589],[-116.0329,30.56608],[-116.0329,30.56759],[-116.03268,30.56777],[-116.03268,30.56928],[-116.03247,30.56947],[-116.03247,30.57135],[-116.03225,30.57154],[-116.03225,30.57266],[-116.03203,30.57285],[-116.03203,30.57398],[-116.03247,30.57473],[-116.03181,30.5753],[-116.03181,30.57906],[-116.03159,30.57925],[-116.03159,30.58207],[-116.03137,30.58226],[-116.03137,30.58282],[-116.03115,30.58301],[-116.03115,30.58526],[-116.03094,30.58545],[-116.03094,30.58733],[-116.03072,30.58752],[-116.03072,30.59053],[-116.0305,30.59072],[-116.0305,30.59147],[-116.03028,30.59166],[-116.03028,30.59505]],[[-116.03028,30.59166],[-116.03028,30.59166]],[[-116.0305,30.59072],[-116.0305,30.59072]],[[-116.03072,30.58752],[-116.03072,30.58752]],[[-116.03094,30.58545],[-116.03094,30.58545]],[[-116.03115,30.58301],[-116.03115,30.58301]],[[-116.03137,30.58226],[-116.03137,30.58226]],[[-116.03159,30.57925],[-116.03159,30.57925]],[[-116.03181,30.5753],[-116.03181,30.5753]],[[-116.03203,30.57511],[-116.03203,30.57511]],[[-116.03225,30.57492],[-116.03225,30.57492]],[[-116.03203,30.57285],[-116.03203,30.57285]],[[-116.03225,30.57154],[-116.03225,30.57154]],[[-116.03247,30.56947],[-116.03247,30.56947]],[[-116.03268,30.56777],[-116.03268,30.56777]],[[-116.0329,30.56608],[-116.0329,30.56608]],[[-116.03312,30.56476],[-116.03312,30.56476]],[[-116.03334,30.56288],[-116.03334,30.56288]],[[-116.03356,30.56175],[-116.03356,30.56175]],[[-116.03378,30.56063],[-116.03378,30.56063]],[[-116.03399,30.55912],[-116.03399,30.55912]],[[-116.03421,30.55837],[-116.03421,30.55837]],[[-116.03443,30.55724],[-116.03443,30.55724]],[[-116.03465,30.55686],[-116.03465,30.55686]],[[-116.03487,30.55668],[-116.03487,30.55668]],[[-116.03509,30.55649],[-116.03509,30.55649]],[[-116.0353,30.55461],[-116.0353,30.55461]],[[-116.03705,30.55423],[-116.03749,30.55386],[-116.03705,30.5531],[-116.0364,30.5531],[-116.03596,30.55348],[-116.03596,30.55367],[-116.0364,30.55404],[-116.03705,30.55423]],[[-116.03727,30.55404],[-116.03727,30.55404]],[[-116.03661,30.55404],[-116.03661,30.55404]],[[-116.03618,30.55386],[-116.03618,30.55386]],[[-116.03596,30.55028],[-116.03596,30.55028]],[[-116.03618,30.54897],[-116.03618,30.54897]],[[-116.03683,30.54671],[-116.03683,30.54671]],[[-116.03705,30.54633],[-116.03705,30.54633]],[[-116.03727,30.54596],[-116.03727,30.54596]],[[-116.03749,30.54558],[-116.03749,30.54558]],[[-116.03705,30.54295],[-116.03705,30.54295]],[[-116.03727,30.54257],[-116.03727,30.54257]],[[-116.03749,30.54219],[-116.03749,30.54219]],[[-116.03771,30.54107],[-116.03771,30.54107]],[[-116.03793,30.53937],[-116.03793,30.53937]],[[-116.03814,30.53919],[-116.03814,30.53919]],[[-116.03836,30.53862],[-116.03836,30.53862]],[[-116.03858,30.53542],[-116.03858,30.53542]],[[-116.0388,30.53467],[-116.0388,30.53467]],[[-116.03902,30.5343],[-116.03902,30.5343]],[[-116.03924,30.53411],[-116.03924,30.53411]],[[-116.03945,30.53223],[-116.03945,30.53223]],[[-116.03967,30.53185],[-116.03967,30.53185]],[[-116.03989,30.53147],[-116.03989,30.53147]],[[-116.03945,30.52564],[-116.03945,30.52564]],[[-116.03967,30.5247],[-116.03967,30.5247]],[[-116.03989,30.52433],[-116.03989,30.52433]],[[-116.04011,30.52414],[-116.04011,30.52414]],[[-116.04033,30.52395],[-116.04033,30.52395]],[[-116.04011,30.52207],[-116.04011,30.52207]],[[-116.04033,30.52188],[-116.04033,30.52188]],[[-116.04055,30.52151],[-116.04055,30.52151]],[[-116.04076,30.52094],[-116.04076,30.52094]],[[-116.04098,30.5185],[-116.04098,30.5185]],[[-116.0412,30.51812],[-116.0412,30.51812]],[[-116.04142,30.51718],[-116.04142,30.51718]],[[-116.04164,30.51643],[-116.04164,30.51643]],[[-116.04906,30.51492],[-116.04906,30.51492]],[[-116.04207,30.51436],[-116.04207,30.51436]],[[-116.04229,30.51398],[-116.04229,30.51398]],[[-116.04251,30.51342],[-116.04251,30.51342]],[[-116.05016,30.5121],[-116.05016,30.5121]],[[-116.04273,30.5121],[-116.04273,30.5121]],[[-115.99075,30.50909],[-115.99053,30.50898],[-115.99053,30.50872],[-115.99141,30.50796],[-115.99163,30.50834],[-115.99075,30.50909]],[[-116.04273,30.5089],[-116.04273,30.5089]],[[-116.04295,30.50872],[-116.04295,30.50872]],[[-115.99053,30.50872],[-115.99053,30.50872]],[[-116.04317,30.50853],[-116.04317,30.50853]],[[-115.99075,30.50853],[-115.99075,30.50853]],[[-116.04339,30.50834],[-116.04339,30.50834]],[[-115.99097,30.50834],[-115.99097,30.50834]],[[-115.99163,30.50815],[-115.99163,30.50815]],[[-115.99119,30.50815],[-115.99119,30.50815]],[[-115.99206,30.50495],[-115.99206,30.50552],[-115.99258,30.50627],[-115.99184,30.50721],[-115.99184,30.50759],[-115.99141,30.50796],[-115.99141,30.50759],[-115.99163,30.5074],[-115.99119,30.50702],[-115.99075,30.50608],[-115.98988,30.50533],[-115.98988,30.50495]],[[-115.99141,30.50759],[-115.99141,30.50759]],[[-116.0436,30.50702],[-116.0436,30.50702]],[[-116.04448,30.50514],[-116.04448,30.50514]]]},"properties":{"depth_m":8}},{"type":"Feature","geometry":{"type":"MultiLineString","coordinates":[[[-116.04298,30.59505],[-116.04314,30.57699],[-116.04295,30.56552],[-116.04429,30.55799],[-116.04472,30.55047],[-116.04452,30.54539],[-116.04509,30.54125],[-116.04542,30.53712],[-116.04636,30.53298],[-116.0466,30.53053],[-116.04642,30.52715],[-116.04543,30.52226],[-116.04535,30.52113],[-116.04548,30.52038],[-116.04608,30.51963],[-116.04775,30.51809],[-116.04888,30.5168],[-116.05026,30.51417],[-116.05087,30.5121],[-116.05129,30.50966],[-116.05148,30.50495]],[[-116.0447,30.50495],[-116.04426,30.50552],[-116.04382,30.50562],[-116.04382,30.50684],[-116.0436,30.50702],[-116.0436,30.50815],[-116.04273,30.5089],[-116.04273,30.5106],[-116.04295,30.51079],[-116.04295,30.51116],[-116.04295,30.51191],[-116.04273,30.5121],[-116.04273,30.51323],[-116.04251,30.51342],[-116.04251,30.51379],[-116.04229,30.51417],[-116.04164,30.51466],[-116.04164,30.51492],[-116.04186,30.51511],[-116.04186,30.51624],[-116.04164,30.51643],[-116.04164,30.51699],[-116.04142,30.51718],[-116.04142,30.51793],[-116.04098,30.5185],[-116.04098,30.52075],[-116.04076,30.52094],[-116.04076,30.52132],[-116.04055,30.52169],[-116.04011,30.52207],[-116.04011,30.52245],[-116.04055,30.52301],[-116.04055,30.52376],[-116.03967,30.5247],[-116.03967,30.52546],[-116.03945,30.52564],[-116.03945,30.52621],[-116.03989,30.52696],[-116.03989,30.53091],[-116.04011,30.53129],[-116.03945,30.53223],[-116.03945,30.53392],[-116.03902,30.5343],[-116.0388,30.53467],[-116.0388,30.53524],[-116.03858,30.53542],[-116.03858,30.53843],[-116.03836,30.53862],[-116.03836,30.539],[-116.03793,30.53937],[-116.03793,30.54088],[-116.03771,30.54107],[-116.03771,30.54201],[-116.03705,30.54295],[-116.03705,30.54445],[-116.03771,30.54539],[-116.03683,30.5469],[-116.0364,30.54719],[-116.0364,30.54878],[-116.03618,30.54897],[-116.03618,30.55009],[-116.03552,30.55058],[-116.03552,30.55442],[-116.0353,30.55461],[-116.0353,30.5563],[-116.03443,30.55724],[-116.03443,30.55818],[-116.03421,30.55837],[-116.03421,30.55893],[-116.03399,30.55912],[-116.03399,30.56044],[-116.03378,30.56063],[-116.03356,30.5627],[-116.03334,30.56288],[-116.03334,30.56458],[-116.03312,30.56476],[-116.03312,30.56589],[-116.0329,30.56608],[-116.0329,30.56759],[-116.03268,30.56777],[-116.03268,30.56928],[-116.03247,30.56947],[-116.03247,30.57135],[-116.03225,30.57154],[-116.03225,30.57266],[-116.03203,30.57285],[-116.03203,30.57398],[-116.03247,30.57473],[-116.03181,30.5753],[-116.03181,30.57906],[-116.03159,30.57925],[-116.03159,30.58207],[-116.03137,30.58226],[-116.03137,30.58282],[-116.03115,30.58301],[-116.03115,30.58526],[-116.03094,30.58545],[-116.03094,30.58733],[-116.03072,30.58752],[-116.03072,30.59053],[-116.0305,30.59072],[-116.0305,30.59147],[-116.03028,30.59166],[-116.03028,30.59505]],[[-116.03028,30.59166],[-116.03028,30.59166]],[[-116.0305,30.59072],[-116.0305,30.59072]],[[-116.03072,30.58752],[-116.03072,30.58752]],[[-116.03094,30.58545],[-116.03094,30.58545]],[[-116.03115,30.58301],[-116.03115,30.58301]],[[-116.03137,30.58226],[-116.03137,30.58226]],[[-116.03159,30.57925],[-116.03159,30.57925]],[[-116.03181,30.5753],[-116.03181,30.5753]],[[-116.03203,30.57511],[-116.03203,30.57511]],[[-116.03225,30.57492],[-116.03225,30.57492]],[[-116.03203,30.57285],[-116.03203,30.57285]],[[-116.03225,30.57154],[-116.03225,30.57154]],[[-116.03247,30.56947],[-116.03247,30.56947]],[[-116.03268,30.56777],[-116.03268,30.56777]],[[-116.0329,30.56608],[-116.0329,30.56608]],[[-116.03312,30.56476],[-116.03312,30.56476]],[[-116.03334,30.56288],[-116.03334,30.56288]],[[-116.03356,30.56175],[-116.03356,30.56175]],[[-116.03378,30.56063],[-116.03378,30.56063]],[[-116.03399,30.55912],[-116.03399,30.55912]],[[-116.03421,30.55837],[-116.03421,30.55837]],[[-116.03443,30.55724],[-116.03443,30.55724]],[[-116.03465,30.55686],[-116.03465,30.55686]],[[-116.03487,30.55668],[-116.03487,30.55668]],[[-116.03509,30.55649],[-116.03509,30.55649]],[[-116.0353,30.55461],[-116.0353,30.55461]],[[-116.03705,30.55423],[-116.03749,30.55386],[-116.03705,30.5531],[-116.0364,30.5531],[-116.03596,30.55348],[-116.03596,30.55367],[-116.0364,30.55404],[-116.03705,30.55423]],[[-116.03727,30.55404],[-116.03727,30.55404]],[[-116.03661,30.55404],[-116.03661,30.55404]],[[-116.03618,30.55386],[-116.03618,30.55386]],[[-116.03596,30.55028],[-116.03596,30.55028]],[[-116.03618,30.54897],[-116.03618,30.54897]],[[-116.03683,30.54671],[-116.03683,30.54671]],[[-116.03705,30.54633],[-116.03705,30.54633]],[[-116.03727,30.54596],[-116.03727,30.54596]],[[-116.03749,30.54558],[-116.03749,30.54558]],[[-116.03705,30.54295],[-116.03705,30.54295]],[[-116.03727,30.54257],[-116.03727,30.54257]],[[-116.03749,30.54219],[-116.03749,30.54219]],[[-116.03771,30.54107],[-116.03771,30.54107]],[[-116.03793,30.53937],[-116.03793,30.53937]],[[-116.03814,30.53919],[-116.03814,30.53919]],[[-116.03836,30.53862],[-116.03836,30.53862]],[[-116.03858,30.53542],[-116.03858,30.53542]],[[-116.0388,30.53467],[-116.0388,30.53467]],[[-116.03902,30.5343],[-116.03902,30.5343]],[[-116.03924,30.53411],[-116.03924,30.53411]],[[-116.03945,30.53223],[-116.03945,30.53223]],[[-116.03967,30.53185],[-116.03967,30.53185]],[[-116.03989,30.53147],[-116.03989,30.53147]],[[-116.03945,30.52564],[-116.03945,30.52564]],[[-116.03967,30.5247],[-116.03967,30.5247]],[[-116.03989,30.52433],[-116.03989,30.52433]],[[-116.04011,30.52414],[-116.04011,30.52414]],[[-116.04033,30.52395],[-116.04033,30.52395]],[[-116.04011,30.52207],[-116.04011,30.52207]],[[-116.04033,30.52188],[-116.04033,30.52188]],[[-116.04055,30.52151],[-116.04055,30.52151]],[[-116.04076,30.52094],[-116.04076,30.52094]],[[-116.04579,30.52],[-116.04579,30.52]],[[-116.04098,30.5185],[-116.04098,30.5185]],[[-116.0412,30.51812],[-116.0412,30.51812]],[[-116.04142,30.51718],[-116.04142,30.51718]],[[-116.04164,30.51643],[-116.04164,30.51643]],[[-116.04207,30.51436],[-116.04207,30.51436]],[[-116.04229,30.51398],[-116.04229,30.51398]],[[-116.04251,30.51342],[-116.04251,30.51342]],[[-116.04273,30.5121],[-116.04273,30.5121]],[[-115.99075,30.50909],[-115.99053,30.50899],[-115.99053,30.50872],[-115.99141,30.50796],[-115.99163,30.50834],[-115.99075,30.50909]],[[-116.04273,30.5089],[-116.04273,30.5089]],[[-116.04295,30.50872],[-116.04295,30.50872]],[[-115.99053,30.50872],[-115.99053,30.50872]],[[-116.04317,30.50853],[-116.04317,30.50853]],[[-115.99075,30.50853],[-115.99075,30.50853]],[[-116.04339,30.50834],[-116.04339,30.50834]],[[-115.99097,30.50834],[-115.99097,30.50834]],[[-115.99163,30.50815],[-115.99163,30.50815]],[[-115.99119,30.50815],[-115.99119,30.50815]],[[-115.99206,30.50495],[-115.99206,30.50552],[-115.99259,30.50627],[-115.99184,30.50721],[-115.99184,30.50759],[-115.99141,30.50796],[-115.99141,30.50759],[-115.99163,30.5074],[-115.99119,30.50702],[-115.99075,30.50608],[-115.98988,30.50533],[-115.98988,30.50495]],[[-115.99141,30.50759],[-115.99141,30.50759]],[[-116.0436,30.50702],[-116.0436,30.50702]],[[-116.04448,30.50514],[-116.04448,30.50514]]]},"properties":{"depth_m":9}},{"type":"Feature","geometry":{"type":"MultiLineString","coordinates":[[[-116.04542,30.59505],[-116.04552,30.5911],[-116.04534,30.57624],[-116.04541,30.57059],[-116.04512,30.56608],[-116.04551,30.5595],[-116.04544,30.55367],[-116.04572,30.55047],[-116.04544,30.54539],[-116.04612,30.54125],[-116.04647,30.53768],[-116.04755,30.53298],[-116.04785,30.53035],[-116.04771,30.52715],[-116.04691,30.52282],[-116.04684,30.52132],[-116.04723,30.52038],[-116.04888,30.5185],[-116.04972,30.51729],[-116.05101,30.51436],[-116.05158,30.5121],[-116.05195,30.50966],[-116.05206,30.50495]],[[-116.0447,30.50495],[-116.04426,30.50552],[-116.04382,30.50562],[-116.04382,30.50684],[-116.0436,30.50702],[-116.0436,30.50815],[-116.04273,30.5089],[-116.04273,30.5106],[-116.04295,30.51079],[-116.04295,30.51116],[-116.04295,30.51191],[-116.04273,30.5121],[-116.04273,30.51323],[-116.04251,30.51342],[-116.04251,30.51379],[-116.04229,30.51417],[-116.04164,30.51465],[-116.04164,30.51492],[-116.04186,30.51511],[-116.04186,30.51624],[-116.04164,30.51643],[-116.04164,30.51699],[-116.04142,30.51718],[-116.04142,30.51793],[-116.04098,30.5185],[-116.04098,30.52075],[-116.04076,30.52094],[-116.04076,30.52132],[-116.04055,30.52169],[-116.04011,30.52207],[-116.04011,30.52245],[-116.04055,30.52301],[-116.04055,30.52376],[-116.03967,30.5247],[-116.03967,30.52546],[-116.03945,30.52564],[-116.03945,30.52621],[-116.03989,30.52696],[-116.03989,30.53091],[-116.04011,30.53129],[-116.03945,30.53223],[-116.03945,30.53392],[-116.03902,30.5343],[-116.0388,30.53467],[-116.0388,30.53524],[-116.03858,30.53542],[-116.03858,30.53843],[-116.03836,30.53862],[-116.03836,30.539],[-116.03793,30.53937],[-116.03793,30.54088],[-116.03771,30.54107],[-116.03771,30.54201],[-116.03705,30.54295],[-116.03705,30.54445],[-116.03771,30.54539],[-116.03683,30.5469],[-116.0364,30.54718],[-116.0364,30.54878],[-116.03618,30.54897],[-116.03618,30.55009],[-116.03552,30.55057],[-116.03552,30.55442],[-116.0353,30.55461],[-116.0353,30.5563],[-116.03443,30.55724],[-116.03443,30.55818],[-116.03421,30.55837],[-116.03421,30.55893],[-116.03399,30.55912],[-116.03399,30.56044],[-116.03378,30.56063],[-116.03356,30.5627],[-116.03334,30.56288],[-116.03334,30.56458],[-116.03312,30.56476],[-116.03312,30.56589],[-116.0329,30.56608],[-116.0329,30.56759],[-116.03268,30.56777],[-116.03268,30.56928],[-116.03247,30.56947],[-116.03247,30.57135],[-116.03225,30.57154],[-116.03225,30.57266],[-116.03203,30.57285],[-116.03203,30.57398],[-116.03247,30.57473],[-116.03181,30.5753],[-116.03181,30.57906],[-116.03159,30.57925],[-116.03159,30.58207],[-116.03137,30.58226],[-116.03137,30.58282],[-116.03115,30.58301],[-116.03115,30.58526],[-116.03094,30.58545],[-116.03094,30.58733],[-116.03072,30.58752],[-116.03072,30.59053],[-116.0305,30.59072],[-116.0305,30.59147],[-116.03028,30.59166],[-116.03028,30.59505]],[[-116.03028,30.59166],[-116.03028,30.59166]],[[-116.0305,30.59072],[-116.0305,30.59072]],[[-116.03072,30.58752],[-116.03072,30.58752]],[[-116.03094,30.58545],[-116.03094,30.58545]],[[-116.03115,30.58301],[-116.03115,30.58301]],[[-116.03137,30.58226],[-116.03137,30.58226]],[[-116.03159,30.57925],[-116.03159,30.57925]],[[-116.03181,30.5753],[-116.03181,30.5753]],[[-116.03203,30.57511],[-116.03203,30.57511]],[[-116.03225,30.57492],[-116.03225,30.57492]],[[-116.03203,30.57285],[-116.03203,30.57285]],[[-116.03225,30.57154],[-116.03225,30.57154]],[[-116.03247,30.56947],[-116.03247,30.56947]],[[-116.03268,30.56777],[-116.03268,30.56777]],[[-116.0329,30.56608],[-116.0329,30.56608]],[[-116.03312,30.56476],[-116.03312,30.56476]],[[-116.03334,30.56288],[-116.03334,30.56288]],[[-116.03356,30.56175],[-116.03356,30.56175]],[[-116.03378,30.56063],[-116.03378,30.56063]],[[-116.03399,30.55912],[-116.03399,30.55912]],[[-116.03421,30.55837],[-116.03421,30.55837]],[[-116.03443,30.55724],[-116.03443,30.55724]],[[-116.03465,30.55686],[-116.03465,30.55686]],[[-116.03487,30.55668],[-116.03487,30.55668]],[[-116.03509,30.55649],[-116.03509,30.55649]],[[-116.0353,30.55461],[-116.0353,30.55461]],[[-116.03705,30.55423],[-116.03749,30.55386],[-116.03705,30.5531],[-116.0364,30.5531],[-116.03596,30.55348],[-116.03596,30.55367],[-116.0364,30.55404],[-116.03705,30.55423]],[[-116.03727,30.55404],[-116.03727,30.55404]],[[-116.03661,30.55404],[-116.03661,30.55404]],[[-116.03618,30.55386],[-116.03618,30.55386]],[[-116.03596,30.55028],[-116.03596,30.55028]],[[-116.03618,30.54897],[-116.03618,30.54897]],[[-116.03683,30.54671],[-116.03683,30.54671]],[[-116.03705,30.54633],[-116.03705,30.54633]],[[-116.03727,30.54596],[-116.03727,30.54596]],[[-116.03749,30.54558],[-116.03749,30.54558]],[[-116.03705,30.54295],[-116.03705,30.54295]],[[-116.03727,30.54257],[-116.03727,30.54257]],[[-116.03749,30.54219],[-116.03749,30.54219]],[[-116.03771,30.54107],[-116.03771,30.54107]],[[-116.03793,30.53937],[-116.03793,30.53937]],[[-116.03814,30.53919],[-116.03814,30.53919]],[[-116.03836,30.53862],[-116.03836,30.53862]],[[-116.04644,30.53787],[-116.04644,30.53787]],[[-116.03858,30.53542],[-116.03858,30.53542]],[[-116.0388,30.53467],[-116.0388,30.53467]],[[-116.03902,30.5343],[-116.03902,30.5343]],[[-116.03924,30.53411],[-116.03924,30.53411]],[[-116.03945,30.53223],[-116.03945,30.53223]],[[-116.03967,30.53185],[-116.03967,30.53185]],[[-116.03989,30.53147],[-116.03989,30.53147]],[[-116.03945,30.52564],[-116.03945,30.52564]],[[-116.03967,30.5247],[-116.03967,30.5247]],[[-116.03989,30.52433],[-116.03989,30.52433]],[[-116.04011,30.52414],[-116.04011,30.52414]],[[-116.04033,30.52395],[-116.04033,30.52395]],[[-116.04011,30.52207],[-116.04011,30.52207]],[[-116.04033,30.52188],[-116.04033,30.52188]],[[-116.04055,30.52151],[-116.04055,30.52151]],[[-116.04076,30.52094],[-116.04076,30.52094]],[[-116.04098,30.5185],[-116.04098,30.5185]],[[-116.0412,30.51812],[-116.0412,30.51812]],[[-116.04142,30.51718],[-116.04142,30.51718]],[[-116.04164,30.51643],[-116.04164,30.51643]],[[-116.04207,30.51436],[-116.04207,30.51436]],[[-116.04229,30.51398],[-116.04229,30.51398]],[[-116.04251,30.51342],[-116.04251,30.51342]],[[-116.04273,30.5121],[-116.04273,30.5121]],[[-116.0519,30.51003],[-116.0519,30.51003]],[[-115.99075,30.50909],[-115.99053,30.509],[-115.99053,30.50872],[-115.99141,30.50796],[-115.99163,30.50834],[-115.99075,30.50909]],[[-116.04273,30.5089],[-116.04273,30.5089]],[[-116.04295,30.50872],[-116.04295,30.50872]],[[-115.99053,30.50872],[-115.99053,30.50872]],[[-116.04317,30.50853],[-116.04317,30.50853]],[[-115.99075,30.50853],[-115.99075,30.50853]],[[-116.04339,30.50834],[-116.04339,30.50834]],[[-115.99097,30.50834],[-115.99097,30.50834]],[[-115.99163,30.50815],[-115.99163,30.50815]],[[-115.99119,30.50815],[-115.99119,30.50815]],[[-115.99206,30.50495],[-115.99206,30.50552],[-115.99261,30.50627],[-115.99184,30.50721],[-115.99184,30.50759],[-115.99141,30.50796],[-115.99141,30.50759],[-115.99163,30.5074],[-115.99119,30.50702],[-115.99075,30.50608],[-115.98988,30.50533],[-115.98988,30.50495]],[[-115.99141,30.50759],[-115.99141,30.50759]],[[-116.0436,30.50702],[-116.0436,30.50702]],[[-116.04448,30.50514],[-116.04448,30.50514]]]},"properties":{"depth_m":10}},{"type":"Feature","geometry":{"type":"MultiLineString","coordinates":[[[-116.04542,30.59505],[-116.04552,30.5911],[-116.04534,30.57624],[-116.04541,30.57059],[-116.04512,30.56608],[-116.04551,30.5595],[-116.04544,30.55367],[-116.04572,30.55047],[-116.04544,30.54539],[-116.04612,30.54125],[-116.04647,30.53768],[-116.04755,30.53298],[-116.04785,30.53035],[-116.04771,30.52715],[-116.04691,30.52282],[-116.04684,30.52132],[-116.04723,30.52038],[-116.04888,30.5185],[-116.04972,30.51729],[-116.05101,30.51436],[-116.05158,30.5121],[-116.05195,30.50966],[-116.05206,30.50495]],[[-116.0447,30.50495],[-116.04426,30.50552],[-116.04382,30.50562],[-116.04382,30.50684],[-116.0436,30.50702],[-116.0436,30.50815],[-116.04273,30.5089],[-116.04273,30.5106],[-116.04295,30.51079],[-116.04295,30.51116],[-116.04295,30.51191],[-116.04273,30.5121],[-116.04273,30.51323],[-116.04251,30.51342],[-116.04251,30.51379],[-116.04229,30.51417],[-116.04164,30.51465],[-116.04164,30.51492],[-116.04186,30.51511],[-116.04186,30.51624],[-116.04164,30.51643],[-116.04164,30.51699],[-116.04142,30.51718],[-116.04142,30.51793],[-116.04098,30.5185],[-116.04098,30.52075],[-116.04076,30.52094],[-116.04076,30.52132],[-116.04055,30.52169],[-116.04011,30.52207],[-116.04011,30.52245],[-116.04055,30.52301],[-116.04055,30.52376],[-116.03967,30.5247],[-116.03967,30.52546],[-116.03945,30.52564],[-116.03945,30.52621],[-116.03989,30.52696],[-116.03989,30.53091],[-116.04011,30.53129],[-116.03945,30.53223],[-116.03945,30.53392],[-116.03902,30.5343],[-116.0388,30.53467],[-116.0388,30.53524],[-116.03858,30.53542],[-116.03858,30.53843],[-116.03836,30.53862],[-116.03836,30.539],[-116.03793,30.53937],[-116.03793,30.54088],[-116.03771,30.54107],[-116.03771,30.54201],[-116.03705,30.54295],[-116.03705,30.54445],[-116.03771,30.54539],[-116.03683,30.5469],[-116.0364,30.54718],[-116.0364,30.54878],[-116.03618,30.54897],[-116.03618,30.55009],[-116.03552,30.55057],[-116.03552,30.55442],[-116.0353,30.55461],[-116.0353,30.5563],[-116.03443,30.55724],[-116.03443,30.55818],[-116.03421,30.55837],[-116.03421,30.55893],[-116.03399,30.55912],[-116.03399,30.56044],[-116.03378,30.56063],[-116.03356,30.5627],[-116.03334,30.56288],[-116.03334,30.56458],[-116.03312,30.56476],[-116.03312,30.56589],[-116.0329,30.56608],[-116.0329,30.56759],[-116.03268,30.56777],[-116.03268,30.56928],[-116.03247,30.56947],[-116.03247,30.57135],[-116.03225,30.57154],[-116.03225,30.57266],[-116.03203,30.57285],[-116.03203,30.57398],[-116.03247,30.57473],[-116.03181,30.5753],[-116.03181,30.57906],[-116.03159,30.57925],[-116.03159,30.58207],[-116.03137,30.58226],[-116.03137,30.58282],[-116.03115,30.58301],[-116.03115,30.58526],[-116.03094,30.58545],[-116.03094,30.58733],[-116.03072,30.58752],[-116.03072,30.59053],[-116.0305,30.59072],[-116.0305,30.59147],[-116.03028,30.59166],[-116.03028,30.59505]],[[-116.03028,30.59166],[-116.03028,30.59166]],[[-116.0305,30.59072],[-116.0305,30.59072]],[[-116.03072,30.58752],[-116.03072,30.58752]],[[-116.03094,30.58545],[-116.03094,30.58545]],[[-116.03115,30.58301],[-116.03115,30.58301]],[[-116.03137,30.58226],[-116.03137,30.58226]],[[-116.03159,30.57925],[-116.03159,30.57925]],[[-116.03181,30.5753],[-116.03181,30.5753]],[[-116.03203,30.57511],[-116.03203,30.57511]],[[-116.03225,30.57492],[-116.03225,30.57492]],[[-116.03203,30.57285],[-116.03203,30.57285]],[[-116.03225,30.57154],[-116.03225,30.57154]],[[-116.03247,30.56947],[-116.03247,30.56947]],[[-116.03268,30.56777],[-116.03268,30.56777]],[[-116.0329,30.56608],[-116.0329,30.56608]],[[-116.03312,30.56476],[-116.03312,30.56476]],[[-116.03334,30.56288],[-116.03334,30.56288]],[[-116.03356,30.56175],[-116.03356,30.56175]],[[-116.03378,30.56063],[-116.03378,30.56063]],[[-116.03399,30.55912],[-116.03399,30.55912]],[[-116.03421,30.55837],[-116.03421,30.55837]],[[-116.03443,30.55724],[-116.03443,30.55724]],[[-116.03465,30.55686],[-116.03465,30.55686]],[[-116.03487,30.55668],[-116.03487,30.55668]],[[-116.03509,30.55649],[-116.03509,30.55649]],[[-116.0353,30.55461],[-116.0353,30.55461]],[[-116.03705,30.55423],[-116.03749,30.55386],[-116.03705,30.5531],[-116.0364,30.5531],[-116.03596,30.55348],[-116.03596,30.55367],[-116.0364,30.55404],[-116.03705,30.55423]],[[-116.03727,30.55404],[-116.03727,30.55404]],[[-116.03661,30.55404],[-116.03661,30.55404]],[[-116.03618,30.55386],[-116.03618,30.55386]],[[-116.03596,30.55028],[-116.03596,30.55028]],[[-116.03618,30.54897],[-116.03618,30.54897]],[[-116.03683,30.54671],[-116.03683,30.54671]],[[-116.03705,30.54633],[-116.03705,30.54633]],[[-116.03727,30.54596],[-116.03727,30.54596]],[[-116.03749,30.54558],[-116.03749,30.54558]],[[-116.03705,30.54295],[-116.03705,30.54295]],[[-116.03727,30.54257],[-116.03727,30.54257]],[[-116.03749,30.54219],[-116.03749,30.54219]],[[-116.03771,30.54107],[-116.03771,30.54107]],[[-116.03793,30.53937],[-116.03793,30.53937]],[[-116.03814,30.53919],[-116.03814,30.53919]],[[-116.03836,30.53862],[-116.03836,30.53862]],[[-116.04644,30.53787],[-116.04644,30.53787]],[[-116.03858,30.53542],[-116.03858,30.53542]],[[-116.0388,30.53467],[-116.0388,30.53467]],[[-116.03902,30.5343],[-116.03902,30.5343]],[[-116.03924,30.53411],[-116.03924,30.53411]],[[-116.03945,30.53223],[-116.03945,30.53223]],[[-116.03967,30.53185],[-116.03967,30.53185]],[[-116.03989,30.53147],[-116.03989,30.53147]],[[-116.03945,30.52564],[-116.03945,30.52564]],[[-116.03967,30.5247],[-116.03967,30.5247]],[[-116.03989,30.52433],[-116.03989,30.52433]],[[-116.04011,30.52414],[-116.04011,30.52414]],[[-116.04033,30.52395],[-116.04033,30.52395]],[[-116.04011,30.52207],[-116.04011,30.52207]],[[-116.04033,30.52188],[-116.04033,30.52188]],[[-116.04055,30.52151],[-116.04055,30.52151]],[[-116.04076,30.52094],[-116.04076,30.52094]],[[-116.04098,30.5185],[-116.04098,30.5185]],[[-116.0412,30.51812],[-116.0412,30.51812]],[[-116.04142,30.51718],[-116.04142,30.51718]],[[-116.04164,30.51643],[-116.04164,30.51643]],[[-116.04207,30.51436],[-116.04207,30.51436]],[[-116.04229,30.51398],[-116.04229,30.51398]],[[-116.04251,30.51342],[-116.04251,30.51342]],[[-116.04273,30.5121],[-116.04273,30.5121]],[[-116.0519,30.51003],[-116.0519,30.51003]],[[-115.99075,30.50909],[-115.99053,30.509],[-115.99053,30.50872],[-115.99141,30.50796],[-115.99163,30.50834],[-115.99075,30.50909]],[[-116.04273,30.5089],[-116.04273,30.5089]],[[-116.04295,30.50872],[-116.04295,30.50872]],[[-115.99053,30.50872],[-115.99053,30.50872]],[[-116.04317,30.50853],[-116.04317,30.50853]],[[-115.99075,30.50853],[-115.99075,30.50853]],[[-116.04339,30.50834],[-116.04339,30.50834]],[[-115.99097,30.50834],[-115.99097,30.50834]],[[-115.99163,30.50815],[-115.99163,30.50815]],[[-115.99119,30.50815],[-115.99119,30.50815]],[[-115.99206,30.50495],[-115.99206,30.50552],[-115.99261,30.50627],[-115.99184,30.50721],[-115.99184,30.50759],[-115.99141,30.50796],[-115.99141,30.50759],[-115.99163,30.5074],[-115.99119,30.50702],[-115.99075,30.50608],[-115.98988,30.50533],[-115.98988,30.50495]],[[-115.99141,30.50759],[-115.99141,30.50759]],[[-116.0436,30.50702],[-116.0436,30.50702]],[[-116.04448,30.50514],[-116.04448,30.50514]]]},"properties":{"depth_m":10}},{"type":"Feature","geometry":{"type":"MultiLineString","coordinates":[[[-116.05801,30.59505],[-116.05792,30.58715],[-116.05772,30.58451],[-116.05636,30.57793],[-116.05593,30.57135],[-116.05569,30.56965],[-116.05377,30.56213],[-116.05356,30.55969],[-116.05373,30.55367],[-116.0535,30.54953],[-116.05374,30.54539],[-116.0535,30.54031],[-116.05375,30.53712],[-116.05487,30.52959],[-116.05449,30.52376],[-116.0554,30.51116],[-116.05539,30.50796],[-116.05516,30.50495]],[[-116.0447,30.50495],[-116.04426,30.50552],[-116.04382,30.50557],[-116.04382,30.50684],[-116.0436,30.50702],[-116.0436,30.50815],[-116.04273,30.5089],[-116.04273,30.5106],[-116.04295,30.51079],[-116.04295,30.51116],[-116.04295,30.51191],[-116.04273,30.5121],[-116.04273,30.51323],[-116.04251,30.51342],[-116.04251,30.51379],[-116.04229,30.51417],[-116.04164,30.5146],[-116.04164,30.51492],[-116.04186,30.51511],[-116.04186,30.51624],[-116.04164,30.51643],[-116.04164,30.51699],[-116.04142,30.51718],[-116.04142,30.51793],[-116.04098,30.5185],[-116.04098,30.52075],[-116.04076,30.52094],[-116.04076,30.52132],[-116.04055,30.52169],[-116.04011,30.52207],[-116.04011,30.52245],[-116.04055,30.52301],[-116.04055,30.52376],[-116.03967,30.5247],[-116.03967,30.52546],[-116.03945,30.52564],[-116.03945,30.52621],[-116.03989,30.52696],[-116.03989,30.53091],[-116.04011,30.53129],[-116.03945,30.53223],[-116.03945,30.53392],[-116.03902,30.5343],[-116.0388,30.53467],[-116.0388,30.53524],[-116.03858,30.53542],[-116.03858,30.53843],[-116.03836,30.53862],[-116.03836,30.539],[-116.03793,30.53937],[-116.03793,30.54088],[-116.03771,30.54107],[-116.03771,30.54201],[-116.03705,30.54295],[-116.03705,30.54445],[-116.03771,30.54539],[-116.03683,30.5469],[-116.0364,30.54713],[-116.0364,30.54878],[-116.03618,30.54897],[-116.03618,30.55009],[-116.03552,30.55052],[-116.03552,30.55442],[-116.0353,30.55461],[-116.0353,30.5563],[-116.03443,30.55724],[-116.03443,30.55818],[-116.03421,30.55837],[-116.03421,30.55893],[-116.03399,30.55912],[-116.03399,30.56044],[-116.03378,30.56063],[-116.03356,30.5627],[-116.03334,30.56288],[-116.03334,30.56458],[-116.03312,30.56476],[-116.03312,30.56589],[-116.0329,30.56608],[-116.0329,30.56759],[-116.03268,30.56777],[-116.03268,30.56928],[-116.03247,30.56947],[-116.03247,30.57135],[-116.03225,30.57154],[-116.03225,30.57266],[-116.03203,30.57285],[-116.03203,30.57398],[-116.03247,30.57473],[-116.03181,30.5753],[-116.03181,30.57906],[-116.03159,30.57925],[-116.03159,30.58207],[-116.03137,30.58226],[-116.03137,30.58282],[-116.03115,30.58301],[-116.03115,30.58526],[-116.03094,30.58545],[-116.03094,30.58733],[-116.03072,30.58752],[-116.03072,30.59053],[-116.0305,30.59072],[-116.0305,30.59147],[-116.03028,30.59166],[-116.03028,30.59505]],[[-116.03028,30.59166],[-116.03028,30.59166]],[[-116.0305,30.59072],[-116.0305,30.59072]],[[-116.03072,30.58752],[-116.03072,30.58752]],[[-116.03094,30.58545],[-116.03094,30.58545]],[[-116.03115,30.58301],[-116.03115,30.58301]],[[-116.03137,30.58226],[-116.03137,30.58226]],[[-116.03159,30.57925],[-116.03159,30.57925]],[[-116.03181,30.5753],[-116.03181,30.5753]],[[-116.03203,30.57511],[-116.03203,30.57511]],[[-116.03225,30.57492],[-116.03225,30.57492]],[[-116.03203,30.57285],[-116.03203,30.57285]],[[-116.03225,30.57154],[-116.03225,30.57154]],[[-116.03247,30.56947],[-116.03247,30.56947]],[[-116.03268,30.56777],[-116.03268,30.56777]],[[-116.0329,30.56608],[-116.0329,30.56608]],[[-116.03312,30.56476],[-116.03312,30.56476]],[[-116.03334,30.56288],[-116.03334,30.56288]],[[-116.03356,30.56175],[-116.03356,30.56175]],[[-116.03378,30.56063],[-116.03378,30.56063]],[[-116.03399,30.55912],[-116.03399,30.55912]],[[-116.03421,30.55837],[-116.03421,30.55837]],[[-116.03443,30.55724],[-116.03443,30.55724]],[[-116.03465,30.55686],[-116.03465,30.55686]],[[-116.03487,30.55668],[-116.03487,30.55668]],[[-116.03509,30.55649],[-116.03509,30.55649]],[[-116.0353,30.55461],[-116.0353,30.55461]],[[-116.03705,30.55423],[-116.03749,30.55386],[-116.03705,30.5531],[-116.0364,30.5531],[-116.03596,30.55348],[-116.03596,30.55367],[-116.0364,30.55404],[-116.03705,30.55423]],[[-116.03727,30.55404],[-116.03727,30.55404]],[[-116.03661,30.55404],[-116.03661,30.55404]],[[-116.03618,30.55386],[-116.03618,30.55386]],[[-116.03596,30.55028],[-116.03596,30.55028]],[[-116.03618,30.54897],[-116.03618,30.54897]],[[-116.03683,30.54671],[-116.03683,30.54671]],[[-116.03705,30.54633],[-116.03705,30.54633]],[[-116.03727,30.54596],[-116.03727,30.54596]],[[-116.03749,30.54558],[-116.03749,30.54558]],[[-116.03705,30.54295],[-116.03705,30.54295]],[[-116.03727,30.54257],[-116.03727,30.54257]],[[-116.03749,30.54219],[-116.03749,30.54219]],[[-116.03771,30.54107],[-116.03771,30.54107]],[[-116.03793,30.53937],[-116.03793,30.53937]],[[-116.03814,30.53919],[-116.03814,30.53919]],[[-116.03836,30.53862],[-116.03836,30.53862]],[[-116.03858,30.53542],[-116.03858,30.53542]],[[-116.0388,30.53467],[-116.0388,30.53467]],[[-116.03902,30.5343],[-116.03902,30.5343]],[[-116.03924,30.53411],[-116.03924,30.53411]],[[-116.03945,30.53223],[-116.03945,30.53223]],[[-116.03967,30.53185],[-116.03967,30.53185]],[[-116.03989,30.53147],[-116.03989,30.53147]],[[-116.03945,30.52564],[-116.03945,30.52564]],[[-116.03967,30.5247],[-116.03967,30.5247]],[[-116.03989,30.52433],[-116.03989,30.52433]],[[-116.04011,30.52414],[-116.04011,30.52414]],[[-116.04033,30.52395],[-116.04033,30.52395]],[[-116.04011,30.52207],[-116.04011,30.52207]],[[-116.04033,30.52188],[-116.04033,30.52188]],[[-116.04055,30.52151],[-116.04055,30.52151]],[[-116.04076,30.52094],[-116.04076,30.52094]],[[-116.04098,30.5185],[-116.04098,30.5185]],[[-116.0412,30.51812],[-116.0412,30.51812]],[[-116.04142,30.51718],[-116.04142,30.51718]],[[-116.04164,30.51643],[-116.04164,30.51643]],[[-116.04207,30.51436],[-116.04207,30.51436]],[[-116.04229,30.51398],[-116.04229,30.51398]],[[-116.04251,30.51342],[-116.04251,30.51342]],[[-116.04273,30.5121],[-116.04273,30.5121]],[[-115.99075,30.50909],[-115.99053,30.50904],[-115.99053,30.50872],[-115.99141,30.50796],[-115.99163,30.50834],[-115.99075,30.50909]],[[-116.04273,30.5089],[-116.04273,30.5089]],[[-116.04295,30.50872],[-116.04295,30.50872]],[[-115.99053,30.50872],[-115.99053,30.50872]],[[-116.04317,30.50853],[-116.04317,30.50853]],[[-115.99075,30.50853],[-115.99075,30.50853]],[[-116.04339,30.50834],[-116.04339,30.50834]],[[-115.99097,30.50834],[-115.99097,30.50834]],[[-115.99163,30.50815],[-115.99163,30.50815]],[[-115.99119,30.50815],[-115.99119,30.50815]],[[-115.99206,30.50495],[-115.99206,30.50552],[-115.99266,30.50627],[-115.99206,30.50684],[-115.99184,30.50721],[-115.99184,30.50759],[-115.99141,30.50796],[-115.99141,30.50759],[-115.99163,30.5074],[-115.99119,30.50702],[-115.99075,30.50608],[-115.98988,30.50533],[-115.98988,30.50495]],[[-115.99141,30.50759],[-115.99141,30.50759]],[[-116.0436,30.50702],[-116.0436,30.50702]],[[-116.04448,30.50514],[-116.04448,30.50514]]]},"properties":{"depth_m":15}},{"type":"Feature","geometry":{"type":"MultiLineString","coordinates":[[[-116.07038,30.59505],[-116.07022,30.59298],[-116.07044,30.58771],[-116.07008,30.58545],[-116.06845,30.57962],[-116.06454,30.56382],[-116.06358,30.56119],[-116.06143,30.55705],[-116.06067,30.55442],[-116.06073,30.55197],[-116.06178,30.54708],[-116.06229,30.54389],[-116.06241,30.5405],[-116.06181,30.53467],[-116.06053,30.52884],[-116.05966,30.52207],[-116.05962,30.51963],[-116.06035,30.5153],[-116.06053,30.51285],[-116.06036,30.51116],[-116.05901,30.50495]],[[-116.0447,30.50495],[-116.04426,30.50552],[-116.04382,30.50552],[-116.04382,30.50684],[-116.0436,30.50702],[-116.0436,30.50815],[-116.04273,30.5089],[-116.04273,30.5106],[-116.04295,30.51079],[-116.04295,30.51154],[-116.04295,30.51191],[-116.04273,30.5121],[-116.04273,30.51323],[-116.04251,30.51342],[-116.04251,30.51379],[-116.04229,30.51417],[-116.04186,30.51455],[-116.04164,30.51455],[-116.04164,30.51492],[-116.04186,30.51511],[-116.04186,30.51624],[-116.04164,30.51643],[-116.04164,30.51699],[-116.04142,30.51718],[-116.04142,30.51793],[-116.04098,30.5185],[-116.04098,30.52075],[-116.04076,30.52094],[-116.04076,30.52132],[-116.04055,30.52169],[-116.04011,30.52207],[-116.04011,30.52245],[-116.04055,30.52301],[-116.04055,30.52376],[-116.03967,30.5247],[-116.03967,30.52546],[-116.03945,30.52564],[-116.03945,30.52621],[-116.03989,30.52696],[-116.03989,30.53091],[-116.04011,30.53129],[-116.03945,30.53223],[-116.03945,30.53392],[-116.03902,30.5343],[-116.0388,30.53467],[-116.0388,30.53524],[-116.03858,30.53542],[-116.03858,30.53843],[-116.03836,30.53862],[-116.03836,30.539],[-116.03793,30.53937],[-116.03793,30.54088],[-116.03771,30.54107],[-116.03771,30.54201],[-116.03705,30.54295],[-116.03705,30.54445],[-116.03771,30.54539],[-116.03683,30.5469],[-116.0364,30.54709],[-116.0364,30.54878],[-116.03618,30.54897],[-116.03618,30.55009],[-116.03574,30.55047],[-116.03552,30.55047],[-116.03552,30.55442],[-116.0353,30.55461],[-116.0353,30.5563],[-116.03443,30.55724],[-116.03443,30.55818],[-116.03421,30.55837],[-116.03421,30.55893],[-116.03399,30.55912],[-116.03399,30.56044],[-116.03378,30.56063],[-116.03356,30.5627],[-116.03334,30.56288],[-116.03334,30.56458],[-116.03312,30.56476],[-116.03312,30.56589],[-116.0329,30.56608],[-116.0329,30.56759],[-116.03268,30.56777],[-116.03268,30.56928],[-116.03247,30.56947],[-116.03247,30.57135],[-116.03225,30.57154],[-116.03225,30.57266],[-116.03203,30.57285],[-116.03203,30.57398],[-116.03247,30.57473],[-116.03181,30.5753],[-116.03181,30.57906],[-116.03159,30.57925],[-116.03159,30.58207],[-116.03137,30.58226],[-116.03137,30.58282],[-116.03115,30.58301],[-116.03115,30.58526],[-116.03094,30.58545],[-116.03094,30.58733],[-116.03072,30.58752],[-116.03072,30.59053],[-116.0305,30.59072],[-116.0305,30.59147],[-116.03028,30.59166],[-116.03028,30.59505]],[[-116.03028,30.59166],[-116.03028,30.59166]],[[-116.0305,30.59072],[-116.0305,30.59072]],[[-116.03072,30.58752],[-116.03072,30.58752]],[[-116.03094,30.58545],[-116.03094,30.58545]],[[-116.03115,30.58301],[-116.03115,30.58301]],[[-116.03137,30.58226],[-116.03137,30.58226]],[[-116.03159,30.57925],[-116.03159,30.57925]],[[-116.03181,30.5753],[-116.03181,30.5753]],[[-116.03203,30.57511],[-116.03203,30.57511]],[[-116.03225,30.57492],[-116.03225,30.57492]],[[-116.03203,30.57285],[-116.03203,30.57285]],[[-116.03225,30.57154],[-116.03225,30.57154]],[[-116.03247,30.56947],[-116.03247,30.56947]],[[-116.03268,30.56777],[-116.03268,30.56777]],[[-116.0329,30.56608],[-116.0329,30.56608]],[[-116.03312,30.56476],[-116.03312,30.56476]],[[-116.03334,30.56288],[-116.03334,30.56288]],[[-116.03356,30.56175],[-116.03356,30.56175]],[[-116.03378,30.56063],[-116.03378,30.56063]],[[-116.03399,30.55912],[-116.03399,30.55912]],[[-116.03421,30.55837],[-116.03421,30.55837]],[[-116.03443,30.55724],[-116.03443,30.55724]],[[-116.03465,30.55686],[-116.03465,30.55686]],[[-116.03487,30.55668],[-116.03487,30.55668]],[[-116.03509,30.55649],[-116.03509,30.55649]],[[-116.0353,30.55461],[-116.0353,30.55461]],[[-116.03705,30.55423],[-116.03749,30.55386],[-116.03705,30.5531],[-116.0364,30.5531],[-116.03596,30.55348],[-116.03596,30.55367],[-116.0364,30.55404],[-116.03705,30.55423]],[[-116.03727,30.55404],[-116.03727,30.55404]],[[-116.03661,30.55404],[-116.03661,30.55404]],[[-116.03618,30.55386],[-116.03618,30.55386]],[[-116.03596,30.55028],[-116.03596,30.55028]],[[-116.03618,30.54897],[-116.03618,30.54897]],[[-116.03683,30.54671],[-116.03683,30.54671]],[[-116.03705,30.54633],[-116.03705,30.54633]],[[-116.03727,30.54596],[-116.03727,30.54596]],[[-116.03749,30.54558],[-116.03749,30.54558]],[[-116.03705,30.54295],[-116.03705,30.54295]],[[-116.03727,30.54257],[-116.03727,30.54257]],[[-116.03749,30.54219],[-116.03749,30.54219]],[[-116.03771,30.54107],[-116.03771,30.54107]],[[-116.03793,30.53937],[-116.03793,30.53937]],[[-116.03814,30.53919],[-116.03814,30.53919]],[[-116.03836,30.53862],[-116.03836,30.53862]],[[-116.03858,30.53542],[-116.03858,30.53542]],[[-116.0388,30.53467],[-116.0388,30.53467]],[[-116.03902,30.5343],[-116.03902,30.5343]],[[-116.03924,30.53411],[-116.03924,30.53411]],[[-116.03945,30.53223],[-116.03945,30.53223]],[[-116.03967,30.53185],[-116.03967,30.53185]],[[-116.03989,30.53147],[-116.03989,30.53147]],[[-116.03945,30.52564],[-116.03945,30.52564]],[[-116.03967,30.5247],[-116.03967,30.5247]],[[-116.03989,30.52433],[-116.03989,30.52433]],[[-116.04011,30.52414],[-116.04011,30.52414]],[[-116.04033,30.52395],[-116.04033,30.52395]],[[-116.04011,30.52207],[-116.04011,30.52207]],[[-116.04033,30.52188],[-116.04033,30.52188]],[[-116.04055,30.52151],[-116.04055,30.52151]],[[-116.04076,30.52094],[-116.04076,30.52094]],[[-116.04098,30.5185],[-116.04098,30.5185]],[[-116.0412,30.51812],[-116.0412,30.51812]],[[-116.04142,30.51718],[-116.04142,30.51718]],[[-116.04164,30.51643],[-116.04164,30.51643]],[[-116.04207,30.51436],[-116.04207,30.51436]],[[-116.04229,30.51398],[-116.04229,30.51398]],[[-116.04251,30.51342],[-116.04251,30.51342]],[[-116.04273,30.5121],[-116.04273,30.5121]],[[-115.99075,30.50909],[-115.99053,30.50909],[-115.99053,30.50872],[-115.99141,30.50796],[-115.99163,30.50834],[-115.99075,30.50909]],[[-116.04273,30.5089],[-116.04273,30.5089]],[[-116.04295,30.50872],[-116.04295,30.50872]],[[-115.99053,30.50872],[-115.99053,30.50872]],[[-116.04317,30.50853],[-116.04317,30.50853]],[[-115.99075,30.50853],[-115.99075,30.50853]],[[-116.04339,30.50834],[-116.04339,30.50834]],[[-115.99097,30.50834],[-115.99097,30.50834]],[[-115.99163,30.50815],[-115.99163,30.50815]],[[-115.99119,30.50815],[-115.99119,30.50815]],[[-115.99206,30.50495],[-115.99206,30.50552],[-115.99271,30.50627],[-115.99206,30.50684],[-115.99184,30.50721],[-115.99184,30.50759],[-115.99141,30.50796],[-115.99141,30.50759],[-115.99163,30.5074],[-115.99119,30.50702],[-115.99075,30.50608],[-115.98988,30.50533],[-115.98988,30.50495]],[[-115.99141,30.50759],[-115.99141,30.50759]],[[-116.0436,30.50702],[-116.0436,30.50702]],[[-116.04448,30.50514],[-116.04448,30.50514]]]},"properties":{"depth_m":20}},{"type":"Feature","geometry":{"type":"MultiLineString","coordinates":[[[-116.08696,30.59505],[-116.0805,30.57605],[-116.07875,30.57041],[-116.07617,30.56364],[-116.07482,30.55875],[-116.07429,30.55536],[-116.07452,30.55292],[-116.0751,30.55122],[-116.07635,30.54878],[-116.07789,30.54645],[-116.07877,30.54543],[-116.0795,30.54483],[-116.08376,30.54219],[-116.08489,30.54125],[-116.08619,30.53968],[-116.08696,30.53787],[-116.08703,30.53712],[-116.08679,30.53636],[-116.085,30.53335],[-116.08403,30.53129],[-116.08348,30.52959],[-116.08304,30.52715],[-116.08298,30.52376],[-116.08355,30.51774],[-116.08354,30.51455],[-116.08321,30.51304],[-116.08274,30.51191],[-116.08204,30.51088],[-116.08115,30.51003],[-116.07964,30.50911],[-116.07466,30.50702],[-116.07324,30.50627],[-116.0713,30.50495]],[[-116.0447,30.50495],[-116.04426,30.50552],[-116.04382,30.50552],[-116.04382,30.50684],[-116.0436,30.50702],[-116.0436,30.50815],[-116.04273,30.5089],[-116.04273,30.5106],[-116.04295,30.51079],[-116.04295,30.51116],[-116.04295,30.51191],[-116.04273,30.5121],[-116.04273,30.51323],[-116.04251,30.51342],[-116.04251,30.51379],[-116.04229,30.51417],[-116.04186,30.51455],[-116.04164,30.51455],[-116.04164,30.51492],[-116.04186,30.51511],[-116.04186,30.51624],[-116.04164,30.51643],[-116.04164,30.51699],[-116.04142,30.51718],[-116.04142,30.51793],[-116.04098,30.5185],[-116.04098,30.52075],[-116.04076,30.52094],[-116.04076,30.52132],[-116.04055,30.52169],[-116.04011,30.52207],[-116.04011,30.52245],[-116.04055,30.52301],[-116.04055,30.52376],[-116.03967,30.5247],[-116.03967,30.52546],[-116.03945,30.52564],[-116.03945,30.52621],[-116.03989,30.52696],[-116.03989,30.53091],[-116.04011,30.53129],[-116.03945,30.53223],[-116.03945,30.53392],[-116.03902,30.5343],[-116.0388,30.53467],[-116.0388,30.53524],[-116.03858,30.53542],[-116.03858,30.53843],[-116.03836,30.53862],[-116.03836,30.539],[-116.03793,30.53937],[-116.03793,30.54088],[-116.03771,30.54107],[-116.03771,30.54201],[-116.03705,30.54295],[-116.03705,30.54445],[-116.03771,30.54539],[-116.03683,30.5469],[-116.0364,30.54708],[-116.0364,30.54878],[-116.03618,30.54897],[-116.03618,30.55009],[-116.03574,30.55047],[-116.03552,30.55047],[-116.03552,30.55442],[-116.0353,30.55461],[-116.0353,30.5563],[-116.03443,30.55724],[-116.03443,30.55818],[-116.03421,30.55837],[-116.03421,30.55893],[-116.03399,30.55912],[-116.03399,30.56044],[-116.03378,30.56063],[-116.03356,30.5627],[-116.03334,30.56288],[-116.03334,30.56458],[-116.03312,30.56476],[-116.03312,30.56589],[-116.0329,30.56608],[-116.0329,30.56759],[-116.03268,30.56777],[-116.03268,30.56928],[-116.03247,30.56947],[-116.03247,30.57135],[-116.03225,30.57154],[-116.03225,30.57266],[-116.03203,30.57285],[-116.03203,30.57398],[-116.03247,30.57473],[-116.03181,30.5753],[-116.03181,30.57906],[-116.03159,30.57925],[-116.03159,30.58207],[-116.03137,30.58226],[-116.03137,30.58282],[-116.03115,30.58301],[-116.03115,30.58526],[-116.03094,30.58545],[-116.03094,30.58733],[-116.03072,30.58752],[-116.03072,30.59053],[-116.0305,30.59072],[-116.0305,30.59147],[-116.03028,30.59166],[-116.03028,30.59505]],[[-116.03028,30.59166],[-116.03028,30.59166]],[[-116.0305,30.59072],[-116.0305,30.59072]],[[-116.03072,30.58752],[-116.03072,30.58752]],[[-116.03094,30.58545],[-116.03094,30.58545]],[[-116.03115,30.58301],[-116.03115,30.58301]],[[-116.03137,30.58226],[-116.03137,30.58226]],[[-116.03159,30.57925],[-116.03159,30.57925]],[[-116.03181,30.5753],[-116.03181,30.5753]],[[-116.03203,30.57511],[-116.03203,30.57511]],[[-116.03225,30.57492],[-116.03225,30.57492]],[[-116.03203,30.57285],[-116.03203,30.57285]],[[-116.03225,30.57154],[-116.03225,30.57154]],[[-116.03247,30.56947],[-116.03247,30.56947]],[[-116.03268,30.56777],[-116.03268,30.56777]],[[-116.0329,30.56608],[-116.0329,30.56608]],[[-116.03312,30.56476],[-116.03312,30.56476]],[[-116.03334,30.56288],[-116.03334,30.56288]],[[-116.03356,30.56175],[-116.03356,30.56175]],[[-116.03378,30.56063],[-116.03378,30.56063]],[[-116.03399,30.55912],[-116.03399,30.55912]],[[-116.03421,30.55837],[-116.03421,30.55837]],[[-116.03443,30.55724],[-116.03443,30.55724]],[[-116.03465,30.55686],[-116.03465,30.55686]],[[-116.03487,30.55668],[-116.03487,30.55668]],[[-116.03509,30.55649],[-116.03509,30.55649]],[[-116.0353,30.55461],[-116.0353,30.55461]],[[-116.03705,30.55423],[-116.03749,30.55386],[-116.03705,30.5531],[-116.0364,30.5531],[-116.03596,30.55348],[-116.03596,30.55367],[-116.0364,30.55404],[-116.03705,30.55423]],[[-116.03727,30.55404],[-116.03727,30.55404]],[[-116.03661,30.55404],[-116.03661,30.55404]],[[-116.03618,30.55386],[-116.03618,30.55386]],[[-116.03552,30.55047],[-116.03552,30.55047]],[[-116.03596,30.55028],[-116.03596,30.55028]],[[-116.07614,30.54915],[-116.07614,30.54915]],[[-116.03618,30.54897],[-116.03618,30.54897]],[[-116.07658,30.5484],[-116.07658,30.5484]],[[-116.07745,30.54708],[-116.07745,30.54708]],[[-116.0364,30.54708],[-116.0364,30.54708]],[[-116.03683,30.54671],[-116.03683,30.54671]],[[-116.03705,30.54633],[-116.03705,30.54633]],[[-116.03727,30.54596],[-116.03727,30.54596]],[[-116.03749,30.54558],[-116.03749,30.54558]],[[-116.08029,30.54426],[-116.08029,30.54426]],[[-116.03705,30.54295],[-116.03705,30.54295]],[[-116.03727,30.54257],[-116.03727,30.54257]],[[-116.03749,30.54219],[-116.03749,30.54219]],[[-116.03771,30.54107],[-116.03771,30.54107]],[[-116.03793,30.53937],[-116.03793,30.53937]],[[-116.03814,30.53919],[-116.03814,30.53919]],[[-116.03836,30.53862],[-116.03836,30.53862]],[[-116.03858,30.53542],[-116.03858,30.53542]],[[-116.0388,30.53467],[-116.0388,30.53467]],[[-116.03902,30.5343],[-116.03902,30.5343]],[[-116.03924,30.53411],[-116.03924,30.53411]],[[-116.03945,30.53223],[-116.03945,30.53223]],[[-116.03967,30.53185],[-116.03967,30.53185]],[[-116.03989,30.53147],[-116.03989,30.53147]],[[-116.03945,30.52564],[-116.03945,30.52564]],[[-116.03967,30.5247],[-116.03967,30.5247]],[[-116.03989,30.52433],[-116.03989,30.52433]],[[-116.04011,30.52414],[-116.04011,30.52414]],[[-116.04033,30.52395],[-116.04033,30.52395]],[[-116.04011,30.52207],[-116.04011,30.52207]],[[-116.04033,30.52188],[-116.04033,30.52188]],[[-116.04055,30.52151],[-116.04055,30.52151]],[[-116.04076,30.52094],[-116.04076,30.52094]],[[-116.04098,30.5185],[-116.04098,30.5185]],[[-116.0412,30.51812],[-116.0412,30.51812]],[[-116.04142,30.51718],[-116.04142,30.51718]],[[-116.04164,30.51643],[-116.04164,30.51643]],[[-116.04164,30.51455],[-116.04164,30.51455]],[[-116.04207,30.51436],[-116.04207,30.51436]],[[-116.04229,30.51398],[-116.04229,30.51398]],[[-116.04251,30.51342],[-116.04251,30.51342]],[[-116.04273,30.5121],[-116.04273,30.5121]],[[-115.99075,30.50909],[-115.99053,30.50909],[-115.99053,30.50872],[-115.99141,30.50796],[-115.99163,30.50834],[-115.99075,30.50909]],[[-116.04273,30.5089],[-116.04273,30.5089]],[[-116.04295,30.50872],[-116.04295,30.50872]],[[-115.99053,30.50872],[-115.99053,30.50872]],[[-116.04317,30.50853],[-116.04317,30.50853]],[[-115.99075,30.50853],[-115.99075,30.50853]],[[-116.04339,30.50834],[-116.04339,30.50834]],[[-115.99097,30.50834],[-115.99097,30.50834]],[[-115.99163,30.50815],[-115.99163,30.50815]],[[-115.99119,30.50815],[-115.99119,30.50815]],[[-115.99206,30.50495],[-115.99206,30.50552],[-115.99272,30.50627],[-115.99206,30.50684],[-115.99184,30.50721],[-115.99184,30.50759],[-115.99141,30.50796],[-115.99141,30.50759],[-115.99163,30.5074],[-115.99119,30.50702],[-115.99075,30.50608],[-115.98988,30.50533],[-115.98988,30.50495]],[[-115.99141,30.50759],[-115.99141,30.50759]],[[-116.0436,30.50702],[-116.0436,30.50702]],[[-116.04382,30.50552],[-116.04382,30.50552]],[[-116.04448,30.50514],[-116.04448,30.50514]]]},"properties":{"depth_m":25}},{"type":"Feature","geometry":{"type":"MultiLineString","coordinates":[[[-116.0447,30.50495],[-116.04426,30.50552],[-116.04382,30.50552],[-116.04382,30.50684],[-116.0436,30.50702],[-116.0436,30.50815],[-116.04273,30.5089],[-116.04273,30.5106],[-116.04295,30.51079],[-116.04295,30.51116],[-116.04295,30.51191],[-116.04273,30.5121],[-116.04273,30.51323],[-116.04251,30.51342],[-116.04251,30.51379],[-116.04229,30.51417],[-116.04186,30.51455],[-116.04164,30.51455],[-116.04164,30.51492],[-116.04186,30.51511],[-116.04186,30.51624],[-116.04164,30.51643],[-116.04164,30.51699],[-116.04142,30.51718],[-116.04142,30.51793],[-116.04098,30.5185],[-116.04098,30.52075],[-116.04076,30.52094],[-116.04076,30.52132],[-116.04055,30.52169],[-116.04011,30.52207],[-116.04011,30.52245],[-116.04055,30.52301],[-116.04055,30.52376],[-116.03967,30.5247],[-116.03967,30.52546],[-116.03945,30.52564],[-116.03945,30.52621],[-116.03989,30.52696],[-116.03989,30.53091],[-116.04011,30.53129],[-116.03945,30.53223],[-116.03945,30.53392],[-116.03902,30.5343],[-116.0388,30.53467],[-116.0388,30.53524],[-116.03858,30.53542],[-116.03858,30.53843],[-116.03836,30.53862],[-116.03836,30.539],[-116.03793,30.53937],[-116.03793,30.54088],[-116.03771,30.54107],[-116.03771,30.54201],[-116.03705,30.54295],[-116.03705,30.54445],[-116.03771,30.54539],[-116.03683,30.5469],[-116.0364,30.54708],[-116.0364,30.54878],[-116.03618,30.54897],[-116.03618,30.55009],[-116.03574,30.55047],[-116.03552,30.55047],[-116.03552,30.55442],[-116.0353,30.55461],[-116.0353,30.5563],[-116.03443,30.55724],[-116.03443,30.55818],[-116.03421,30.55837],[-116.03421,30.55893],[-116.03399,30.55912],[-116.03399,30.56044],[-116.03378,30.56063],[-116.03356,30.5627],[-116.03334,30.56288],[-116.03334,30.56458],[-116.03312,30.56476],[-116.03312,30.56589],[-116.0329,30.56608],[-116.0329,30.56759],[-116.03268,30.56777],[-116.03268,30.56928],[-116.03247,30.56947],[-116.03247,30.57135],[-116.03225,30.57154],[-116.03225,30.57266],[-116.03203,30.57285],[-116.03203,30.57398],[-116.03247,30.57473],[-116.03181,30.5753],[-116.03181,30.57906],[-116.03159,30.57925],[-116.03159,30.58207],[-116.03137,30.58226],[-116.03137,30.58282],[-116.03115,30.58301],[-116.03115,30.58526],[-116.03094,30.58545],[-116.03094,30.58733],[-116.03072,30.58752],[-116.03072,30.59053],[-116.0305,30.59072],[-116.0305,30.59147],[-116.03028,30.59166],[-116.03028,30.59505]],[[-116.03028,30.59166],[-116.03028,30.59166]],[[-116.0305,30.59072],[-116.0305,30.59072]],[[-116.03072,30.58752],[-116.03072,30.58752]],[[-116.03094,30.58545],[-116.03094,30.58545]],[[-116.03115,30.58301],[-116.03115,30.58301]],[[-116.03137,30.58226],[-116.03137,30.58226]],[[-116.03159,30.57925],[-116.03159,30.57925]],[[-116.03181,30.5753],[-116.03181,30.5753]],[[-116.03203,30.57511],[-116.03203,30.57511]],[[-116.03225,30.57492],[-116.03225,30.57492]],[[-116.03203,30.57285],[-116.03203,30.57285]],[[-116.03225,30.57154],[-116.03225,30.57154]],[[-116.03247,30.56947],[-116.03247,30.56947]],[[-116.03268,30.56777],[-116.03268,30.56777]],[[-116.0329,30.56608],[-116.0329,30.56608]],[[-116.03312,30.56476],[-116.03312,30.56476]],[[-116.03334,30.56288],[-116.03334,30.56288]],[[-116.03356,30.56175],[-116.03356,30.56175]],[[-116.03378,30.56063],[-116.03378,30.56063]],[[-116.03399,30.55912],[-116.03399,30.55912]],[[-116.03421,30.55837],[-116.03421,30.55837]],[[-116.03443,30.55724],[-116.03443,30.55724]],[[-116.03465,30.55686],[-116.03465,30.55686]],[[-116.03487,30.55668],[-116.03487,30.55668]],[[-116.03509,30.55649],[-116.03509,30.55649]],[[-116.0353,30.55461],[-116.0353,30.55461]],[[-116.03705,30.55423],[-116.03749,30.55386],[-116.03705,30.5531],[-116.0364,30.5531],[-116.03596,30.55348],[-116.03596,30.55367],[-116.0364,30.55404],[-116.03705,30.55423]],[[-116.03727,30.55404],[-116.03727,30.55404]],[[-116.03661,30.55404],[-116.03661,30.55404]],[[-116.03618,30.55386],[-116.03618,30.55386]],[[-116.03552,30.55047],[-116.03552,30.55047]],[[-116.03596,30.55028],[-116.03596,30.55028]],[[-116.03618,30.54897],[-116.03618,30.54897]],[[-116.0364,30.54708],[-116.0364,30.54708]],[[-116.03683,30.54671],[-116.03683,30.54671]],[[-116.03705,30.54633],[-116.03705,30.54633]],[[-116.03727,30.54596],[-116.03727,30.54596]],[[-116.03749,30.54558],[-116.03749,30.54558]],[[-116.03705,30.54295],[-116.03705,30.54295]],[[-116.03727,30.54257],[-116.03727,30.54257]],[[-116.03749,30.54219],[-116.03749,30.54219]],[[-116.03771,30.54107],[-116.03771,30.54107]],[[-116.03793,30.53937],[-116.03793,30.53937]],[[-116.03814,30.53919],[-116.03814,30.53919]],[[-116.03836,30.53862],[-116.03836,30.53862]],[[-116.03858,30.53542],[-116.03858,30.53542]],[[-116.0388,30.53467],[-116.0388,30.53467]],[[-116.03902,30.5343],[-116.03902,30.5343]],[[-116.03924,30.53411],[-116.03924,30.53411]],[[-116.03945,30.53223],[-116.03945,30.53223]],[[-116.03967,30.53185],[-116.03967,30.53185]],[[-116.03989,30.53147],[-116.03989,30.53147]],[[-116.03945,30.52564],[-116.03945,30.52564]],[[-116.03967,30.5247],[-116.03967,30.5247]],[[-116.03989,30.52433],[-116.03989,30.52433]],[[-116.04011,30.52414],[-116.04011,30.52414]],[[-116.04033,30.52395],[-116.04033,30.52395]],[[-116.04011,30.52207],[-116.04011,30.52207]],[[-116.04033,30.52188],[-116.04033,30.52188]],[[-116.04055,30.52151],[-116.04055,30.52151]],[[-116.04076,30.52094],[-116.04076,30.52094]],[[-116.04098,30.5185],[-116.04098,30.5185]],[[-116.0412,30.51812],[-116.0412,30.51812]],[[-116.04142,30.51718],[-116.04142,30.51718]],[[-116.04164,30.51643],[-116.04164,30.51643]],[[-116.04164,30.51455],[-116.04164,30.51455]],[[-116.04207,30.51436],[-116.04207,30.51436]],[[-116.04229,30.51398],[-116.04229,30.51398]],[[-116.04251,30.51342],[-116.04251,30.51342]],[[-116.04273,30.5121],[-116.04273,30.5121]],[[-115.99075,30.50909],[-115.99053,30.50909],[-115.99053,30.50872],[-115.99141,30.50796],[-115.99163,30.50834],[-115.99075,30.50909]],[[-116.04273,30.5089],[-116.04273,30.5089]],[[-116.04295,30.50872],[-116.04295,30.50872]],[[-115.99053,30.50872],[-115.99053,30.50872]],[[-116.04317,30.50853],[-116.04317,30.50853]],[[-115.99075,30.50853],[-115.99075,30.50853]],[[-116.04339,30.50834],[-116.04339,30.50834]],[[-115.99097,30.50834],[-115.99097,30.50834]],[[-115.99163,30.50815],[-115.99163,30.50815]],[[-115.99119,30.50815],[-115.99119,30.50815]],[[-115.99206,30.50495],[-115.99206,30.50552],[-115.99272,30.50627],[-115.99206,30.50684],[-115.99184,30.50721],[-115.99184,30.50759],[-115.99141,30.50796],[-115.99141,30.50759],[-115.99163,30.5074],[-115.99119,30.50702],[-115.99075,30.50608],[-115.98988,30.50533],[-115.98988,30.50495]],[[-115.99141,30.50759],[-115.99141,30.50759]],[[-116.0436,30.50702],[-116.0436,30.50702]],[[-116.04382,30.50552],[-116.04382,30.50552]],[[-116.04448,30.50514],[-116.04448,30.50514]]]},"properties":{"depth_m":30}}]}